10.005 0.821354 0.976834 0.984609 0.843503 0.574855 0.219285 -0.169442 -0.53255 -0.815132 -0.974459 -0.986443 -0.84927 -0.583678 -0.229833 0.158764 0.523356 0.808816 0.971971 0.988162 0.854936 0.592433 0.24035 -0.148062 -0.514105 0.914793 0.691561 0.363759 -0.0190435 -0.398967 -0.718565 -0.929511 -0.999907 -0.919112 -0.699339 -0.373822 0.00822855 0.389016 0.710993 0.92546 0.999996 0.92332 0.707036 0.383845 0.00260676 -0.379026 -0.70335 -0.921309 -0.999968 1.10781 0.926162 1.18003 0.576712 1.07381 0.140057 0.805233 -0.317773 0.414897 -0.727554 -0.038175 -1.02732 -0.485474 -1.17176 -0.859368 -1.13901 -1.10332 -0.934039 -1.18044 -0.587832 -1.07907 -0.152743 -0.814538 0.305454 -0.426839 0.717442 0.0253977 1.02096 0.473794 1.1701 0.85055 1.14232 1.0987 0.9418 1.18071 0.598884 1.0842 0.165415 0.823747 -0.293076 0.438732 -0.707252 -0.0126222 -1.01449 -0.462052 -1.16831 -0.841637 -1.14549
10.055 0.736057 0.93861 0.999235 0.908769 0.680892 0.35006 -0.0337041 -0.412373 -0.728689 -0.934819 -0.9996 -0.913235 -0.68878 -0.360178 0.0228843 0.402487 0.721235 0.930919 0.999847 0.917592 0.696586 0.370251 -0.0120558 -0.392558 0.961263 0.783452 0.487176 0.117238 -0.270428 -0.617203 -0.870655 -0.992455 -0.96419 -0.790132 -0.496602 -0.127972 0.259989 0.608649 0.865274 0.99107 0.967003 0.796721 0.505973 0.138711 -0.249526 -0.600036 -0.859802 -0.989568 1.04183 1.01727 1.17511 0.711619 1.1307 0.298369 0.915317 -0.159995 0.561536 -0.594166 0.122846 -0.938496 -0.334418 -1.14092 -0.741118 -1.17083 -1.03576 -1.0237 -1.17378 -0.721777 -1.13432 -0.31072 -0.923342 0.147331 -0.572747 0.583084 -0.135551 0.930682 0.32214 1.13755 0.731122 1.17242 1.02956 1.03001 1.17231 0.731852 1.13781 0.32304 0.931257 -0.134628 0.583891 -0.571939 0.148236 -0.92277 -0.309818 -1.13406 -0.721046 -1.17388
10.105 0.637057 0.882911 0.995258 0.957116 0.774252 0.474317 0.102661 -0.284519 -0.628678 -0.877774 -0.994146 -0.960197 -0.781057 -0.483818 -0.113422 0.274124 0.620225 0.872536 0.992918 0.963165 0.787771 0.493259 0.124175 -0.263703 0.989836 0.860756 0.601523 0.251337 -0.136854 -0.504351 -0.795589 -0.966525 -0.991318 -0.866215 -0.610136 -0.26179 0.126121 0.494973 0.788978 0.963692 0.992682 0.871574 0.618681 0.272232 -0.11538 -0.485551 -0.782287 -0.960745 0.956459 1.08943 1.14831 0.833277 1.16653 0.451125 1.00836 0.000761997 0.69772 -0.449716 0.281581 -0.832195 -0.177136 -1.08884 -0.60907 -1.18085 -0.948908 -1.0943 -1.14526 -0.842285 -1.16845 -0.462913 -1.01496 -0.0135339 -0.707991 0.437869 -0.293977 0.823076 0.164488 1.08383 0.598082 1.1807 0.941246 1.09904 1.14208 0.851195 1.17023 0.474651 1.02143 0.0263272 0.718179 -0.425978 0.306335 -0.813874 -0.151815 -1.07869 -0.58703 -1.18041
10.155 0.526197 0.810774 0.972751 0.987643 0.853198 0.589743 0.237115 -0.151368 -0.516963 -0.804387 -0.970184 -0.989283 -0.858793 -0.59845 -0.247616 0.140658 0.507669 0.797908 0.967503 0.990805 0.864288 0.607083 0.258095 -0.129937 0.999981 0.922036 0.704671 0.380756 -0.000731626 -0.382109 -0.705711 -0.922601 -0.999989 -0.926172 -0.712311 -0.390735 -0.0100944 0.372082 0.697993 0.918372 0.99988 0.9302 0.71987 0.400686 0.0209132 -0.362026 -0.690208 -0.914034 0.853279 1.14131 1.10014 0.939421 1.18064 0.595483 1.08263 0.161505 0.820915 -0.296894 0.435072 -0.710401 -0.0165559 -1.01649 -0.465683 -1.16888 -0.844395 -1.14453 -1.09543 -0.947111 -1.18082 -0.606487 -1.08767 -0.174147 -0.830055 0.284503 -0.446929 0.700146 0.00377447 1.00992 0.453908 1.16699 0.835412 1.1476 1.09059 0.95469 1.18086 0.617425 1.09259 0.186792 0.839097 -0.272086 0.45873 -0.689826 0.00901445 -1.00324 -0.442086 -1.16497
10.205 0.40554 0.723543 0.932134 0.999783 0.916259 0.694189 0.367154 -0.0153989 -0.395624 -0.716024 -0.92816 -0.99995 -0.920541 -0.70194 -0.377201 0.00457326 0.385661 0.708425 0.924075 1 0.924715 0.709605 0.387209 0.00624688 0.991509 0.966149 0.794699 0.503087 0.135404 -0.252754 -0.602694 -0.8615 -0.990043 -0.968884 -0.801224 -0.512404 -0.146122 0.242263 0.594013 0.855954 0.988462 0.971507 0.807657 0.521679 0.156818 -0.231761 -0.585278 -0.850307 0.734213 1.17194 1.03148 1.02808 1.17278 0.728754 1.13674 0.319241 0.928826 -0.138544 0.580464 -0.57538 0.144332 -0.925217 -0.313626 -1.13515 -0.724161 -1.17344 -1.02519 -1.0343 -1.17121 -0.738771 -1.14014 -0.331519 -0.936664 0.12584 -0.591561 0.564182 -0.15701 0.917212 0.301282 1.13156 0.714024 1.17481 1.01879 1.04041 1.16951 0.748704 1.1434 0.343779 0.944393 -0.113128 0.602584 -0.552935 0.169676 -0.909115 -0.288911 -1.12784
10.255 0.277332 0.62284 0.874163 0.99331 0.962261 0.785712 0.490358 0.120857 -0.266918 -0.614331 -0.868855 -0.992001 -0.96515 -0.792361 -0.499763 -0.131597 0.256473 0.605752 0.863443 0.990576 0.967926 0.798916 0.509114 0.142315 0.964577 0.992274 0.869932 0.616051 0.269019 -0.118692 -0.488457 -0.78436 -0.961664 -0.993559 -0.87522 -0.624534 -0.27943 0.107935 0.478974 0.777601 0.958642 0.994727 0.880408 0.63296 0.289802 -0.0971814 -0.469452 -0.770749 0.601477 1.18076 0.943621 1.09759 1.14308 0.848457 1.16969 0.471033 1.01944 0.0223859 0.715049 -0.429648 0.302534 -0.816717 -0.155729 -1.08029 -0.590445 -1.18052 -0.935877 -1.10224 -1.1398 -0.857299 -1.17138 -0.482718 -1.02584 -0.0351663 -0.725179 0.417713 -0.314871 0.807428 0.143048 1.07506 0.579343 1.18014 0.928026 1.10676 1.13639 0.866044 1.17293 0.494366 1.03211 0.0479355 0.73522 -0.405749 0.327178 -0.798062 -0.130356 -1.06971
10.305 0.143961 0.510542 0.799917 0.968343 0.990348 0.862606 0.604433 0.254863 -0.133244 -0.5012 -0.793374 -0.965583 -0.99179 -0.868031 -0.61302 -0.265317 0.122511 0.491802 0.786736 0.96271 0.993116 0.873352 0.621541 0.275733 0.919687 0.999926 0.928969 0.717546 0.397625 0.0175795 -0.365126 -0.692617 -0.915382 -0.999736 -0.932922 -0.725037 -0.407535 -0.0284037 0.355017 0.68477 0.910974 0.999428 0.936767 0.732457 0.417392 0.0392077 -0.344886 -0.676841 0.457543 1.16759 0.838193 1.14667 1.09209 0.952365 1.18087 0.614056 1.09108 0.182899 0.836321 -0.275916 0.455102 -0.693011 0.00506643 -1.00531 -0.445735 -1.16561 -0.829135 -1.14966 -1.08717 -0.959867 -1.18081 -0.62493 -1.09591 -0.195518 -0.845296 0.263468 -0.46687 0.682611 -0.0178501 0.998551 0.433875 1.16349 0.819984 1.15251 1.08211 0.96726 1.18062 0.635749 1.1006 0.208107 0.854168 -0.251009 0.478589 -0.67215 0.0306245 -0.991669
10.355 0.00791058 0.388739 0.710778 0.925348 0.999997 0.92344 0.707254 0.384124 0.00291153 -0.378737 -0.703122 -0.921188 -0.999965 -0.92754 -0.714864 -0.394097 -0.0137333 0.368696 0.695382 0.916921 0.999817 0.931529 0.722396 0.404018 0.857674 0.988961 0.97071 0.805681 0.518828 0.153524 -0.234997 -0.587979 -0.852057 -0.9873 -0.973254 -0.812041 -0.528053 -0.164213 0.224451 0.57919 0.846345 0.985522 0.975685 0.818317 0.53721 0.174867 -0.213899 -0.570332 0.305091 1.13268 0.717159 1.1744 1.02078 1.03854 1.17005 0.745647 1.14241 0.340006 0.942023 -0.117047 0.599198 -0.556404 0.165768 -0.911624 -0.292728 -1.129 -0.706957 -1.17567 -1.01429 -1.04456 -1.16826 -0.755507 -1.14558 -0.352229 -0.949675 0.104318 -0.610177 0.545085 -0.178416 0.903446 0.28033 1.12519 0.696676 1.1768 1.00769 1.05047 1.16633 0.765296 1.14861 0.364404 0.957214 -0.0915964 0.62109 -0.533725 0.191035 -0.895162
10.405 -0.128288 0.259698 0.608406 0.865124 0.991028 0.967083 0.796908 0.506233 0.139013 -0.249224 -0.59978 -0.859643 -0.989524 -0.96978 -0.8034 -0.51554 -0.149721 0.238725 0.591081 0.854061 0.987903 0.972363 0.809801 0.524781 0.779694 0.959585 0.994379 0.878817 0.630372 0.286609 -0.100492 -0.472395 -0.772869 -0.956482 -0.995467 -0.883926 -0.638739 -0.296965 0.089706 0.462828 0.76596 0.953268 0.996439 0.888941 0.647027 0.30727 -0.0789298 -0.453205 0.146959 1.07669 0.582774 1.18027 0.930459 1.10538 1.13746 0.863355 1.17246 0.490784 1.03019 0.0440011 0.732138 -0.409437 0.323383 -0.80096 -0.13427 -1.07137 -0.571617 -1.17979 -0.922535 -1.10981 -1.13396 -0.872018 -1.17392 -0.502382 -1.03637 -0.0567748 -0.742124 0.397411 -0.335659 0.791522 0.121566 1.06594 0.560397 1.17918 0.914499 1.11412 1.13032 0.880595 1.17523 0.513916 1.04244 0.0695219 0.752028 -0.385363 0.34789 -0.781989
10.455 -0.262097 0.125822 0.494707 0.788795 0.963609 0.99272 0.871725 0.618918 0.272526 -0.115071 -0.485271 -0.782093 -0.960659 -0.993965 -0.876978 -0.627385 -0.282922 0.10431 0.475775 0.7753 0.957597 0.995094 0.88213 0.635774 0.687197 0.912343 0.999536 0.935591 0.73018 0.414359 0.0358827 -0.348015 -0.679292 -0.907858 -0.999147 -0.939355 -0.737534 -0.424189 -0.046709 0.337848 0.671314 0.903265 0.998641 0.943016 0.744798 0.433953 0.057509 -0.32764 -0.0139094 1.00065 0.437539 1.16416 0.822817 1.15164 1.08369 0.96499 1.18069 0.632424 1.09917 0.20423 0.851447 -0.254847 0.474977 -0.675385 0.026687 -0.993801 -0.425634 -1.16195 -0.813601 -1.1544 -1.07854 -0.972295 -1.1804 -0.643183 -1.10378 -0.21681 -0.860254 0.242339 -0.486654 0.664861 -0.0394615 0.986844 0.413685 1.1596 0.804286 1.15703 1.07327 0.979499 1.17998 0.65386 1.10825 0.229346 0.868964 -0.229826 0.498267 -0.654258
10.505 -0.391027 -0.0103957 0.371798 0.69778 0.91825 0.999875 0.930313 0.72008 0.400965 0.0212249 -0.361728 -0.689982 -0.91391 -0.999645 -0.934228 -0.72755 -0.410855 -0.0320472 0.351612 0.682105 0.909462 0.999299 0.938036 0.73493 0.581906 0.848115 0.986083 0.974947 0.816393 0.534395 0.17159 -0.217156 -0.573068 -0.842331 -0.984225 -0.977296 -0.822597 -0.543515 -0.182254 0.206579 0.56417 0.836447 0.982251 0.979534 0.828702 0.552557 0.192877 -0.195975 -0.174519 0.905978 0.284158 1.12638 0.699856 1.17646 1.00974 1.04866 1.16694 0.76229 1.14769 0.360656 0.954905 -0.0955133 0.617729 -0.537235 0.187148 -0.897725 -0.271727 -1.12248 -0.68952 -1.1775 -1.00305 -1.05447 -1.16491 -0.772008 -1.15063 -0.372809 -0.962368 0.0827544 -0.628588 0.525822 -0.199754 0.889374 0.25927 1.11844 0.679099 1.17839 0.996243 1.06017 1.16275 0.781632 1.15344 0.3849 0.969723 -0.0700104 0.639368 -0.514346
10.555 -0.512677 -0.14642 0.241967 0.593773 0.855795 0.988415 0.97158 0.807835 0.521939 0.157125 -0.23145 -0.585025 -0.850145 -0.986714 -0.974085 -0.814169 -0.531139 -0.167808 0.220903 0.576211 0.844396 0.984898 0.976478 0.820403 0.465782 0.768097 0.954271 0.996152 0.887407 0.644481 0.304102 -0.0822544 -0.456175 -0.761121 -0.950979 -0.997041 -0.892346 -0.652722 -0.314407 0.0714632 0.446522 0.754055 0.947574 0.997816 0.897178 0.660873 0.324654 -0.0606617 -0.331879 0.794441 0.125486 1.06763 0.563865 1.17938 0.916991 1.1128 1.13146 0.877963 1.17484 0.510368 1.04058 0.0655991 0.74898 -0.389083 0.344124 -0.784936 -0.112762 -1.0621 -0.552601 -1.17867 -0.90888 -1.11701 -1.12773 -0.886461 -1.17606 -0.521868 -1.04657 -0.0783707 -0.758819 0.376994 -0.356328 0.775347 0.100029 1.05645 0.541269 1.17782 0.900665 1.1211 1.12388 0.894851 1.17715 0.533288 1.05243 0.0911085 0.768565 -0.364858
10.605 -0.624783 -0.279719 0.107631 0.478712 0.777407 0.958552 0.994759 0.880551 0.633196 0.290101 -0.0968631 -0.469177 -0.770553 -0.955412 -0.995807 -0.88563 -0.641535 -0.300444 0.0860804 0.459589 0.763609 0.952162 0.99674 0.890603 0.340986 0.673779 0.904693 0.99881 0.9419 0.742568 0.430953 0.0541788 -0.330789 -0.665742 -0.900027 -0.998224 -0.945481 -0.749776 -0.440705 -0.0649827 0.320561 0.657625 0.895255 0.99752 0.94895 0.756886 0.450387 0.075781 -0.48306 0.668113 -0.0355219 0.988999 0.417376 1.16034 0.807171 1.15623 1.07491 0.977292 1.18012 0.650578 1.10689 0.22549 0.866286 -0.233688 0.494693 -0.657533 0.0483034 -0.981957 -0.405395 -1.1579 -0.79779 -1.15876 -1.06956 -0.98441 -1.1796 -0.66121 -1.11128 -0.238037 -0.874923 0.221147 -0.506268 0.646884 -0.0610739 0.974799 0.393361 1.15532 0.788318 1.16115 1.06408 0.991409 1.17894 0.671748 1.11554 0.250531 0.883453 -0.208577
10.655 -0.725256 -0.40781 -0.0287094 0.354739 0.684545 0.910844 0.999418 0.936872 0.732664 0.417675 0.0395272 -0.344594 -0.676614 -0.906323 -0.99899 -0.940603 -0.739987 -0.427487 -0.0503444 0.33441 0.668605 0.901698 0.998445 0.944221 0.209841 0.566917 0.838272 0.982873 0.978857 0.826831 0.54978 0.189603 -0.199244 -0.557967 -0.83232 -0.980822 -0.981014 -0.832872 -0.558799 -0.200219 0.188632 0.548951 0.826268 0.978653 0.983055 0.838806 0.567735 0.210813 -0.625248 0.529346 -0.195868 0.891957 0.263116 1.1197 0.682324 1.17813 0.998356 1.05842 1.16343 0.778676 1.15259 0.381183 0.967464 -0.0739417 0.636053 -0.517888 0.208469 -0.883529 -0.25064 -1.11557 -0.671847 -1.17893 -0.991471 -1.06403 -1.16117 -0.788242 -1.1553 -0.393271 -0.974738 0.061182 -0.646782 0.506378 -0.22104 0.874995 0.238131 1.11131 0.661295 1.17959 0.98447 1.06951 1.15878 0.797701 1.15788 0.40529 0.981893 -0.0484127
10.705 -0.812226 -0.528308 -0.164515 0.224161 0.578939 0.846178 0.98547 0.975751 0.818492 0.537473 0.175182 -0.213595 -0.570079 -0.84036 -0.983573 -0.978064 -0.824661 -0.546571 -0.185832 0.203006 0.561153 0.834446 0.981561 0.98026 0.0747897 0.4495 0.756244 0.948637 0.997589 0.8957 0.658372 0.321498 -0.0639899 -0.439805 -0.749116 -0.94516 -0.998282 -0.900462 -0.666489 -0.331727 0.0531911 0.430057 0.741898 0.941565 0.998858 0.905111 0.674513 0.34192 -0.755795 0.380724 -0.352568 0.778309 0.103958 1.05821 0.544773 1.1781 0.903212 1.11985 1.12508 0.892276 1.17683 0.529779 1.05063 0.0871811 0.76557 -0.368601 0.364754 -0.768651 -0.0912199 -1.05247 -0.533396 -1.17716 -0.894925 -1.12384 -1.12113 -0.900599 -1.17781 -0.541184 -1.05641 -0.0999216 -0.775255 0.356444 -0.376891 0.758902 0.0784664 1.04661 0.521959 1.17607 0.886533 1.1277 1.11705 0.908803 1.17866 0.552502 1.06205 0.112653
10.755 -0.884075 -0.638971 -0.297257 0.0894097 0.462554 0.765758 0.953174 0.996464 0.889081 0.647265 0.307575 -0.078619 -0.45293 -0.758752 -0.949845 -0.997316 -0.893983 -0.655479 -0.31786 0.0678219 0.443254 0.75166 0.946403 0.998049 -0.0616541 0.323715 0.660136 0.896739 0.997749 0.947893 0.754707 0.447407 0.0724556 -0.313455 -0.651966 -0.8919 -0.996965 -0.951287 -0.761771 -0.45706 -0.0832401 0.303156 0.643716 0.886948 0.996064 0.954564 0.768733 0.466661 -0.872271 0.225014 -0.502704 0.650171 -0.0571355 0.977019 0.397081 1.15613 0.791251 1.16043 1.06578 0.989265 1.17916 0.668512 1.11424 0.246681 0.880835 -0.212452 0.514247 -0.639463 0.0698988 -0.969781 -0.385015 -1.15346 -0.781717 -1.16273 -1.06021 -0.996188 -1.1784 -0.679021 -1.1184 -0.259165 -0.889294 0.199874 -0.525725 0.628679 -0.0826587 0.962427 0.372907 1.15066 0.772091 1.16489 1.05453 1.00298 1.17751 0.689429 1.12244 0.271621
10.805 -0.939465 -0.737737 -0.424466 -0.0470062 0.337558 0.671081 0.903133 0.998625 0.943118 0.745006 0.434241 0.0578203 -0.327349 -0.663017 -0.898433 -0.998 -0.94666 -0.752183 -0.44397 -0.0686247 0.317102 0.654879 0.893625 0.997257 -0.19695 0.191903 0.551739 0.828147 0.979333 0.982438 0.83699 0.564986 0.207552 -0.181268 -0.542677 -0.822036 -0.977086 -0.984401 -0.842871 -0.573883 -0.218122 0.170612 0.533549 0.815818 0.974726 0.986245 0.848641 0.582714 -0.972508 0.065115 -0.643481 0.509929 -0.217165 0.877638 0.241995 1.11264 0.66456 1.17941 0.98664 1.06784 1.15953 0.794799 1.1571 0.401588 0.9797 -0.0523468 0.654167 -0.49837 0.229716 -0.869034 -0.229465 -1.1083 -0.653956 -1.17997 -0.979559 -1.07323 -1.15705 -0.804216 -1.15958 -0.413583 -0.986777 0.0395827 -0.664772 0.486752 -0.242245 0.860324 0.216911 1.10382 0.643274 1.1804 0.972366 1.07849 1.15442 0.81352 1.16193 0.425532
10.855 -0.977363 -0.822769 -0.543771 -0.182547 0.206277 0.563911 0.836278 0.982194 0.979596 0.828876 0.552823 0.193183 -0.195673 -0.554939 -0.830294 -0.980103 -0.981713 -0.834884 -0.561814 -0.203794 0.185047 0.545905 0.824209 0.977898 -0.328579 0.0565175 0.433069 0.744136 0.942684 0.998693 0.903691 0.672047 0.338785 -0.0457075 -0.423286 -0.736867 -0.939017 -0.999188 -0.908278 -0.680022 -0.348942 0.0348905 0.413449 0.729499 0.935241 0.999565 0.912749 0.687919 -1.05464 -0.0959965 -0.772278 0.360192 -0.373152 0.761918 0.0824039 1.04844 0.525496 1.17642 0.88913 1.12653 1.11832 0.906289 1.17842 0.549018 1.06033 0.108732 0.781908 -0.347999 0.385257 -0.752107 -0.0696429 -1.0425 -0.514019 -1.17524 -0.880667 -1.13029 -1.11415 -0.914438 -1.17917 -0.560301 -1.06589 -0.121445 -0.791442 0.335762 -0.397321 0.742203 0.056877 1.03643 0.502481 1.17393 0.872103 1.13392 1.10985 0.922465 1.17979 0.571521
10.905 -0.997066 -0.892482 -0.652953 -0.314689 0.0711553 0.446241 0.753853 0.947477 0.997836 0.897315 0.661113 0.324949 -0.0603545 -0.436529 -0.746697 -0.943959 -0.998489 -0.902041 -0.669198 -0.335169 0.0495467 0.426768 0.739449 0.940333 -0.454091 -0.0799199 0.306337 0.646271 0.888485 0.996354 0.953567 0.766595 0.46371 0.0907045 -0.296013 -0.63798 -0.883465 -0.995372 -0.956774 -0.7735 -0.473266 -0.10148 0.285651 0.629598 0.878344 0.994275 0.959864 0.780316 -1.11713 -0.255321 -0.886696 0.20375 -0.522192 0.632013 -0.0787213 0.96471 0.376648 1.15154 0.775067 1.16424 1.05629 1.00091 1.1778 0.686227 1.12121 0.267787 0.895091 -0.191148 0.533625 -0.621177 0.0914756 -0.957288 -0.364512 -1.14864 -0.765379 -1.16631 -1.05051 -1.00764 -1.17681 -0.696588 -1.12515 -0.280213 -0.903377 0.178522 -0.545 0.610264 -0.104216 0.94974 0.352333 1.1456 0.755604 1.16824 1.04461 1.01424 1.17568 0.706869
10.955 -0.998205 -0.945579 -0.749979 -0.440972 -0.0652909 0.320264 0.657393 0.89512 0.997498 0.949048 0.757094 0.450666 0.0760879 -0.309991 -0.649198 -0.890241 -0.996675 -0.952404 -0.764124 -0.460303 -0.0868761 0.299686 0.640922 0.885261 -0.571148 -0.214869 0.173901 0.536374 0.817744 0.975466 0.98569 0.846872 0.580001 0.225428 -0.163229 -0.527215 -0.811464 -0.973025 -0.987458 -0.852578 -0.588779 -0.235962 0.152535 0.517976 0.805094 0.970474 0.989108 0.858185 -1.15883 -0.409892 -0.984606 0.0435142 -0.661509 0.490341 -0.238381 0.863023 0.220788 1.10521 0.646574 1.18028 0.974593 1.07689 1.15525 0.81066 1.16122 0.421857 0.991609 -0.0307386 0.672058 -0.478683 0.250891 -0.854256 -0.208219 -1.10064 -0.635841 -1.18062 -0.967319 -1.08207 -1.15253 -0.819906 -1.16347 -0.433763 -0.998493 0.0179575 -0.682532 0.466964 -0.263368 0.845372 0.195626 1.09595 0.625037 1.18081 0.959927 1.08712 1.14968 0.829057
11.005 -0.98076 -0.981072 -0.833041 -0.559046 -0.200521 0.188324 0.548693 0.826098 0.97859 0.983112 0.83898 0.567992 0.211114 -0.177683 -0.539612 -0.819949 -0.976305 -0.985036 -0.844823 -0.576869 -0.221681 0.167024 0.530463 0.813707 -0.677573 -0.345818 0.0382273 0.416491 0.731778 0.936416 0.999461 0.911381 0.685495 0.355954 -0.027407 -0.406634 -0.724357 -0.932562 -0.999758 -0.915782 -0.69333 -0.36605 0.0165794 0.39671 0.716855 0.928605 0.999938 0.920077 -1.17895 -0.556831 -1.06419 -0.117532 -0.788511 0.339541 -0.393602 0.74527 0.0608179 1.03831 0.506043 1.17435 0.874751 1.13282 1.11119 0.920001 1.17961 0.568072 1.06967 0.130243 0.797979 -0.327277 0.405635 -0.73532 -0.0480496 -1.03216 -0.494465 -1.17294 -0.866113 -1.13637 -1.1068 -0.927959 -1.18013 -0.579237 -1.07502 -0.142941 -0.807358 0.31497 -0.417618 0.725264 0.0352757 1.02589 0.482833 1.17139 0.85737 1.13977 1.10228 0.93581
11.055 -0.945056 -0.9983 -0.900595 -0.666711 -0.332019 0.0528778 0.429779 0.741696 0.941462 0.998873 0.905247 0.674743 0.342209 -0.0420658 -0.41998 -0.734391 -0.937759 -0.999328 -0.909794 -0.682694 -0.35236 0.031253 0.410127 0.727004 -0.771382 -0.470329 -0.0981579 0.288854 0.632188 0.879933 0.994625 0.958923 0.778226 0.479853 0.108926 -0.278482 -0.623763 -0.874737 -0.993445 -0.961937 -0.784973 -0.489323 -0.119685 0.268059 0.61527 0.869448 0.99215 0.964839 -1.17713 -0.693404 -1.12395 -0.276389 -0.900832 0.182418 -0.541496 0.613641 -0.100285 0.952077 0.356091 1.14655 0.758623 1.16766 1.04645 1.01221 1.17604 0.703711 1.12781 0.2888 0.909044 -0.169777 0.552828 -0.602694 0.113015 -0.944459 -0.343883 -1.14343 -0.748783 -1.1695 -1.04046 -1.01874 -1.17482 -0.713928 -1.13153 -0.301178 -0.917152 0.157111 -0.564092 0.591655 -0.125731 0.936734 0.33164 1.14017 0.73885 1.1712 1.03436 1.02514
11.105 -0.891756 -0.996941 -0.951381 -0.761964 -0.457335 -0.0835528 0.302863 0.643485 0.886807 0.996036 0.954659 0.768932 0.466933 0.0943341 -0.292529 -0.63516 -0.881754 -0.995015 -0.957827 -0.775808 -0.476478 -0.1051 0.282156 0.626766 -0.85083 -0.586083 -0.232716 0.155839 0.520829 0.807067 0.971271 0.988612 0.856468 0.594819 0.243231 -0.145146 -0.511557 -0.800627 -0.968636 -0.990182 -0.862002 -0.603487 -0.253721 0.134417 0.50223 0.794103 0.965892 0.991638 -1.15338 -0.817067 -1.16279 -0.430101 -0.996382 0.0218999 -0.679308 0.470588 -0.259521 0.848119 0.199509 1.09741 0.628371 1.18076 0.962221 1.08558 1.15058 0.826249 1.16495 0.44198 1.00318 -0.00911677 0.689728 -0.458847 0.271975 -0.839174 -0.186899 -1.09262 -0.617512 -1.18086 -0.954754 -1.09055 -1.14763 -0.835326 -1.16698 -0.453809 -1.00987 -0.00367215 -0.700064 0.44703 -0.284397 0.830136 0.174272 1.08772 0.606575 1.18082 0.947179 1.09539
11.155 -0.821855 -0.977022 -0.984455 -0.84303 -0.574136 -0.218428 0.170308 0.533294 0.815641 0.974656 0.986298 0.848805 0.582965 0.228978 -0.159632 -0.524105 -0.809332 -0.972178 -0.988026 -0.85448 -0.591725 -0.239497 0.148932 0.514859 -0.914437 -0.690926 -0.362941 0.0199223 0.399773 0.719176 0.929835 0.999895 0.918765 0.69871 0.373007 -0.00910807 -0.389826 -0.711611 -0.925793 -0.999993 -0.922982 -0.706414 -0.383034 -0.0017278 0.379839 0.703974 0.921651 0.999975 -1.10817 -0.925518 -1.17999 -0.575806 -1.07338 -0.139026 -0.804473 0.318773 -0.413925 0.728371 0.0392124 1.02784 0.48642 1.17188 0.86008 1.13874 1.10369 0.933404 1.18041 0.586931 1.07865 0.151713 0.813787 -0.306457 0.425871 -0.718266 -0.0264354 -1.02148 -0.474745 -1.17024 -0.85127 -1.14205 -1.09908 -0.941173 -1.1807 -0.59799 -1.08379 -0.164387 -0.823003 0.294082 -0.437768 0.708083 0.0136601 1.01502 0.463007 1.16846 0.842365 1.14524
11.205 -0.736652 -0.938913 -0.9992 -0.908402 -0.680248 -0.349236 0.0345825 0.413174 0.72929 0.935131 0.999574 0.912876 0.688142 0.359358 -0.023763 -0.403291 -0.721843 -0.93124 -0.999832 -0.917242 -0.695955 -0.369434 0.0129347 0.393366 -0.96102 -0.782905 -0.486409 -0.116365 0.271274 0.617895 0.871087 0.992562 0.963957 0.789593 0.495839 0.1271 -0.260838 -0.609346 -0.865714 -0.991186 -0.966778 -0.79619 -0.505215 -0.13784 0.250377 0.600739 0.86025 0.989694 -1.04232 -1.01674 -1.17521 -0.71079 -1.1304 -0.297364 -0.91466 0.161023 -0.560622 0.595063 -0.121814 0.939126 0.335413 1.14119 0.741926 1.17069 1.03625 1.02318 1.17389 0.720955 1.13403 0.309719 0.922695 -0.148362 0.571839 -0.583986 0.13452 -0.93132 -0.323139 -1.13783 -0.731937 -1.1723 -1.03006 -1.0295 -1.17243 -0.731038 -1.13753 -0.322042 -0.930619 0.135659 -0.582988 0.572847 -0.147206 0.923418 0.310819 1.13435 0.721867 1.17377
11.255 -0.637735 -0.883324 -0.995343 -0.956861 -0.773696 -0.473543 -0.101787 0.285362 0.629361 0.878195 0.994241 0.959951 0.780508 0.483048 0.112549 -0.274969 -0.620915 -0.872965 -0.993022 -0.962928 -0.787229 -0.492494 -0.123303 0.26455 -0.989711 -0.860309 -0.600821 -0.250486 0.137724 0.50511 0.796121 0.96675 0.991202 0.865776 0.609439 0.260941 -0.126993 -0.495736 -0.789517 -0.963926 -0.992575 -0.871143 -0.61799 -0.271387 0.116254 0.486319 0.782834 0.960988 -0.957068 -1.08903 -1.14855 -0.832541 -1.16637 -0.450166 -1.00782 0.000275942 -0.696883 0.450676 -0.280572 0.832932 0.178162 1.08924 0.609959 1.18085 0.949526 1.09391 1.14552 0.841557 1.1683 0.461958 1.01442 0.0124954 0.70716 -0.438833 0.292972 -0.82382 -0.165516 -1.08424 -0.598977 -1.18072 -0.941873 -1.09866 -1.14234 -0.850476 -1.17009 -0.4737 -1.02091 -0.0252895 -0.717355 0.426945 -0.305332 0.814626 0.152844 1.07911 0.587931 1.18044
11.305 -0.526944 -0.811289 -0.972954 -0.987505 -0.852739 -0.589033 -0.236261 0.152237 0.517715 0.804909 0.970397 0.989154 0.858343 0.597745 0.246765 -0.141528 -0.508426 -0.798438 -0.967725 -0.990686 -0.863846 -0.606384 -0.257245 0.130809 -0.999975 -0.921695 -0.704047 -0.379943 0.00161059 0.382922 0.706334 0.92294 0.999993 0.92584 0.711694 0.389925 0.00921548 -0.372897 -0.698622 -0.918719 -0.999893 -0.929877 -0.71926 -0.39988 -0.0200345 0.362845 0.690843 0.914391 -0.853996 -1.14104 -1.10051 -0.938792 -1.18062 -0.594586 -1.08221 -0.160477 -0.820168 0.297898 -0.434107 0.71123 0.0175937 1.01702 0.466637 1.16903 0.84512 1.14427 1.09581 0.946491 1.18081 0.605597 1.08727 0.17312 0.829316 -0.28551 0.445969 -0.700982 -0.0048124 -1.01046 -0.454866 -1.16715 -0.836145 -1.14736 -1.09099 -0.954079 -1.18087 -0.61654 -1.09219 -0.185767 -0.838367 0.273096 -0.457773 0.690668 -0.00797654 1.00379 0.443048 1.16514
11.355 -0.406343 -0.724149 -0.932452 -0.999765 -0.915906 -0.693556 -0.366337 0.0162777 0.396431 0.716637 0.928487 0.999941 0.920197 0.701313 0.376387 -0.00545221 -0.386472 -0.709045 -0.924411 -1 -0.92438 -0.708985 -0.386398 -0.00536793 -0.991623 -0.965921 -0.794165 -0.502327 -0.134533 0.253604 0.603396 0.861946 0.990166 0.968666 0.800698 0.511649 0.145253 -0.243116 -0.594719 -0.856408 -0.988595 -0.971299 -0.807139 -0.520929 -0.155949 0.232616 0.585991 0.850769 -0.735025 -1.17182 -1.03199 -1.02756 -1.1729 -0.727937 -1.13646 -0.318241 -0.928185 0.139574 -0.57956 0.576287 -0.143302 0.925862 0.314626 1.13544 0.72498 1.17333 1.02571 1.0338 1.17135 0.737961 1.13987 0.330522 0.936032 -0.126872 0.590662 -0.565093 0.155981 -0.917865 -0.302286 -1.13186 -0.714851 -1.1747 -1.01931 -1.03992 -1.16966 -0.747901 -1.14314 -0.342786 -0.94377 0.114161 -0.601692 0.553852 -0.168649 0.909777 0.289917 1.12815
11.405 -0.278177 -0.623528 -0.874589 -0.993411 -0.962021 -0.785168 -0.489592 -0.119985 0.267765 0.615024 0.86929 0.992112 0.964919 0.791825 0.499001 0.130725 -0.257323 -0.606451 -0.863886 -0.990696 -0.967705 -0.798387 -0.508357 -0.141445 -0.964808 -0.992165 -0.869498 -0.615358 -0.268172 0.119565 0.489224 0.784905 0.961905 0.993459 0.874795 0.623847 0.278586 -0.108808 -0.479745 -0.778153 -0.958892 -0.994637 -0.87999 -0.632279 -0.288961 0.0980561 0.470228 0.771309 -0.60237 -1.18077 -0.944245 -1.09721 -1.14334 -0.847735 -1.16955 -0.470081 -1.01892 -0.0213481 -0.714223 0.430614 -0.30153 0.817466 0.156758 1.08071 0.591343 1.18054 0.93651 1.10187 1.14007 0.856585 1.17125 0.481769 1.02532 0.0341288 0.72436 -0.418684 0.31387 -0.808184 -0.144078 -1.07549 -0.580247 -1.18017 -0.928668 -1.1064 -1.13667 -0.865338 -1.17281 -0.493424 -1.0316 -0.0468984 -0.734408 0.406724 -0.326181 0.798826 0.131388 1.07015
11.455 -0.144831 -0.511298 -0.800444 -0.968562 -0.990226 -0.862161 -0.603732 -0.254013 0.134115 0.50196 0.793909 0.965811 0.991677 0.867594 0.612325 0.264469 -0.123383 -0.492567 -0.787278 -0.962948 -0.993013 -0.872924 -0.620852 -0.274888 -0.920031 -0.999936 -0.928643 -0.716933 -0.396818 -0.0167006 0.365944 0.693251 0.915735 0.999756 0.932605 0.724431 0.406732 0.0275251 -0.355838 -0.68541 -0.911336 -0.999458 -0.936459 -0.731858 -0.416593 -0.0383294 0.345711 0.677488 -0.4585 -1.16774 -0.838924 -1.14642 -1.09249 -0.951751 -1.18086 -0.613169 -1.09069 -0.181873 -0.835588 0.276925 -0.454144 0.693852 -0.00402849 1.00586 0.446696 1.16578 0.829874 1.14942 1.08757 0.959262 1.18082 0.624048 1.09552 0.194494 0.844571 -0.26448 0.465916 -0.683457 0.0168122 -0.999104 -0.434841 -1.16367 -0.820731 -1.15228 -1.08253 -0.966664 -1.18064 -0.634874 -1.10023 -0.207085 -0.853451 0.252024 -0.47764 0.673003 -0.0295869 0.992232
11.505 -0.00878952 -0.389549 -0.711396 -0.925681 -0.999994 -0.923103 -0.706632 -0.383312 -0.00203256 0.379551 0.703747 0.92153 0.999972 0.927211 0.71425 0.393289 0.0128544 -0.369513 -0.696013 -0.917272 -0.999833 -0.931209 -0.721788 -0.403214 -0.858126 -0.989091 -0.970499 -0.80516 -0.518076 -0.152655 0.235851 0.58869 0.852517 0.987439 0.973052 0.811527 0.527306 0.163346 -0.225307 -0.579907 -0.846813 -0.985671 -0.975492 -0.817811 -0.536469 -0.174001 0.214758 0.571054 -0.306094 -1.13298 -0.717984 -1.17429 -1.0213 -1.03805 -1.17019 -0.744842 -1.14215 -0.339012 -0.941397 0.11808 -0.598303 0.557319 -0.16474 0.912283 0.293733 1.12931 0.707788 1.17557 1.01482 1.04408 1.16841 0.754708 1.14532 0.351238 0.949058 -0.105352 0.609288 -0.546005 0.177389 -0.904114 -0.281338 -1.12551 -0.697513 -1.17671 -1.00823 -1.04999 -1.16649 -0.764505 -1.14837 -0.363416 -0.956605 0.0926312 -0.620207 0.53465 -0.190011 0.895839
11.555 0.127416 -0.260547 -0.609103 -0.865565 -0.991145 -0.966859 -0.796376 -0.505475 -0.138142 0.250075 0.600483 0.860091 0.98965 0.969565 0.802876 0.514787 0.148852 -0.239579 -0.59179 -0.854518 -0.988039 -0.972158 -0.809285 -0.524033 -0.780244 -0.959832 -0.994286 -0.878397 -0.629689 -0.285767 0.101367 0.473169 0.773426 0.956738 0.995383 0.883515 0.638063 0.296126 -0.0905808 -0.463607 -0.766524 -0.953533 -0.996364 -0.888539 -0.646356 -0.306434 0.079806 0.453988 -0.147989 -1.07711 -0.583677 -1.1803 -0.931098 -1.10502 -1.13774 -0.862647 -1.17234 -0.489839 -1.02968 -0.0429638 -0.731323 0.41041 -0.322384 0.801722 0.135301 1.07181 0.572525 1.17984 0.923182 1.10946 1.13425 0.871318 1.17381 0.501443 1.03588 0.0557381 0.741316 -0.398388 0.334664 -0.792292 -0.122598 -1.06639 -0.56131 -1.17923 -0.915155 -1.11377 -1.13062 -0.879903 -1.17513 -0.512981 -1.04195 -0.0684857 -0.751227 0.386344 -0.346898 0.782767
11.605 0.261249 -0.126695 -0.495471 -0.789335 -0.963844 -0.992614 -0.871294 -0.618227 -0.27168 0.115944 0.48604 0.78264 0.960903 0.993869 0.876555 0.6267 0.282079 -0.105184 -0.476548 -0.775855 -0.95785 -0.995007 -0.881716 -0.635095 -0.687835 -0.912702 -0.999562 -0.935281 -0.729579 -0.413559 -0.0350043 0.348839 0.679937 0.908226 0.999183 0.939053 0.73694 0.423393 0.0458316 -0.338675 -0.671965 -0.903642 -0.998687 -0.942723 -0.744211 -0.433161 -0.0566315 0.32847 0.0128715 -1.0012 -0.438503 -1.16433 -0.823561 -1.15141 -1.0841 -0.964391 -1.18071 -0.631547 -1.09879 -0.203207 -0.850728 0.255861 -0.474027 0.676236 -0.0256493 0.994361 0.426602 1.16213 0.814353 1.15418 1.07896 0.971705 1.18043 0.642312 1.10341 0.21579 0.859542 -0.243354 0.485708 -0.665719 0.0384241 -0.987413 -0.414657 -1.1598 -0.805046 -1.15682 -1.07371 -0.978919 -1.18002 -0.652996 -1.1079 -0.228328 -0.868261 0.230844 -0.497326 0.655122
11.655 0.390218 0.00951616 -0.372614 -0.698409 -0.918597 -0.999888 -0.92999 -0.719469 -0.400159 -0.0203462 0.362547 0.690618 0.914266 0.999668 0.933914 0.726946 0.410054 0.0311687 -0.352435 -0.682748 -0.909827 -0.999331 -0.937731 -0.734334 -0.582621 -0.84858 -0.986228 -0.974751 -0.815885 -0.533652 -0.170724 0.218014 0.573788 0.842804 0.98438 0.977109 0.822097 0.542777 0.181391 -0.207439 -0.564895 -0.836928 -0.982416 -0.979357 -0.82821 -0.551824 -0.192015 0.196837 0.173492 -0.906643 -0.285166 -1.12669 -0.700691 -1.17637 -1.01028 -1.04818 -1.1671 -0.761497 -1.14745 -0.359668 -0.954294 0.0965478 -0.616844 0.538159 -0.186123 0.898399 0.272737 1.1228 0.690362 1.17742 1.0036 1.054 1.16508 0.771223 1.1504 0.371824 0.961766 -0.0837891 0.627709 -0.526752 0.198731 -0.890057 -0.260283 -1.11877 -0.679948 -1.17833 -0.9968 -1.05971 -1.16293 -0.780853 -1.15321 -0.383919 -0.96913 0.0710465 -0.638495 0.51528
11.705 0.511923 0.14555 -0.242819 -0.594481 -0.856249 -0.988548 -0.971372 -0.807317 -0.521189 -0.156257 0.232305 0.585738 0.850608 0.986856 0.973886 0.813658 0.530394 0.166941 -0.22176 -0.576929 -0.844866 -0.98505 -0.976288 -0.819901 -0.466559 -0.76866 -0.954533 -0.996074 -0.887002 -0.643809 -0.303265 0.0831303 0.456957 0.761691 0.95125 0.996973 0.891949 0.652056 0.313573 -0.0723399 -0.447308 -0.754632 -0.947854 -0.997757 -0.896789 -0.660213 -0.323823 0.0615391 0.330883 -0.795208 -0.126519 -1.06807 -0.564776 -1.17943 -0.917644 -1.11246 -1.13176 -0.877269 -1.17474 -0.509432 -1.04009 -0.0645628 -0.748177 0.390063 -0.343131 0.785711 0.113795 1.06256 0.553518 1.17873 0.909542 1.11667 1.12804 0.885775 1.17597 0.520936 1.04608 0.0773358 0.758024 -0.377977 0.355339 -0.776129 -0.101064 -1.05692 -0.542191 -1.1779 -0.901336 -1.12077 -1.12419 -0.894173 -1.17706 -0.532362 -1.05196 -0.0900736 -0.767776 0.365845
11.755 0.624096 0.278874 -0.108504 -0.479484 -0.777959 -0.958803 -0.994669 -0.880134 -0.632515 -0.289259 0.0977379 0.469953 0.771113 0.955672 0.995727 0.885221 0.64086 0.299606 -0.086956 -0.460369 -0.764176 -0.95243 -0.996668 -0.890203 -0.341812 -0.674429 -0.905067 -0.998852 -0.941605 -0.741979 -0.43016 -0.0533011 0.331618 0.666397 0.90041 0.998276 0.945195 0.749195 0.439917 0.0641056 -0.321394 -0.658286 -0.895646 -0.997581 -0.948672 -0.756311 -0.449602 -0.0749046 0.482113 -0.668968 0.0344837 -0.989565 -0.418346 -1.16053 -0.807929 -1.15602 -1.07534 -0.976709 -1.18016 -0.649712 -1.10653 -0.224471 -0.86558 0.234705 -0.493751 0.658394 -0.0472663 0.982533 0.406369 1.1581 0.798555 1.15856 1.07 0.983836 1.17965 0.66035 1.11093 0.237021 0.874226 -0.222166 0.50533 -0.647752 0.0600373 -0.975384 -0.39434 -1.15554 -0.789091 -1.16097 -1.06453 -0.990845 -1.179 -0.670894 -1.1152 -0.249517 -0.882764 0.209598
11.805 0.72465 0.407007 0.0278308 -0.355561 -0.685185 -0.911207 -0.999447 -0.936565 -0.732066 -0.416876 -0.0386489 0.345419 0.677261 0.906694 0.999029 0.940304 0.739395 0.426692 0.0494666 -0.335239 -0.669258 -0.902077 -0.998493 -0.943931 -0.2107 -0.567641 -0.838751 -0.983034 -0.978677 -0.826336 -0.549046 -0.18874 0.200105 0.558697 0.832807 0.980993 0.980843 0.832385 0.558071 0.199358 -0.189495 -0.549685 -0.826763 -0.978833 -0.982893 -0.838328 -0.567011 -0.209954 0.624367 -0.530274 0.194844 -0.892637 -0.264128 -1.12003 -0.683171 -1.17806 -0.99891 -1.05796 -1.16361 -0.777895 -1.15236 -0.380201 -0.966869 0.0749776 -0.635178 0.51882 -0.207447 0.884217 0.251655 1.11591 0.672701 1.17887 0.992035 1.06358 1.16136 0.787469 1.15509 0.392293 0.974152 -0.0622185 0.645914 -0.507315 0.220021 -0.875692 -0.239147 -1.11166 -0.662154 -1.17955 -0.985043 -1.06907 -1.15898 -0.796935 -1.15768 -0.404315 -0.981316 0.0494497
11.855 0.811713 0.527561 0.163648 -0.225018 -0.579655 -0.846646 -0.985619 -0.975559 -0.817986 -0.536732 -0.174316 0.214453 0.570801 0.840836 0.983732 0.97788 0.824164 0.545835 0.184968 -0.203867 -0.56188 -0.83493 -0.981728 -0.980086 -0.0756662 -0.450285 -0.756819 -0.948914 -0.997528 -0.895309 -0.65771 -0.320665 0.0648667 0.440594 0.749698 0.945446 0.99823 0.900079 0.665834 0.330898 -0.0540688 -0.43085 -0.742487 -0.941861 -0.998815 -0.904737 -0.673864 -0.341094 0.754998 -0.381707 0.351577 -0.77909 -0.104992 -1.05867 -0.545694 -1.17817 -0.90388 -1.11952 -1.12539 -0.891596 -1.17674 -0.528852 -1.05016 -0.086146 -0.76478 0.369586 -0.363766 0.769439 0.0922547 1.05294 0.534322 1.17724 0.895602 1.12352 1.12146 0.899927 1.17774 0.540262 1.05594 0.0988874 0.774472 -0.357433 0.375907 -0.759696 -0.079502 -1.04709 -0.52289 -1.17617 -0.887219 -1.12739 -1.11739 -0.908139 -1.1786 -0.551585 -1.0616 -0.11162
11.905 0.883664 0.638294 0.296418 -0.0902854 -0.463333 -0.766323 -0.95344 -0.99639 -0.888678 -0.646594 -0.306738 0.0794952 0.453714 0.759324 0.95012 0.997251 0.893589 0.654815 0.317026 -0.0686989 -0.444042 -0.752239 -0.946686 -0.997994 0.0607767 -0.324546 -0.660796 -0.897128 -0.997808 -0.947612 -0.75413 -0.446621 -0.0715792 0.314289 0.652632 0.892298 0.997033 0.951015 0.761202 0.456278 0.0823642 -0.303993 -0.644388 -0.887353 -0.996142 -0.954302 -0.76817 -0.465884 0.871572 -0.226033 0.501764 -0.651038 0.0560987 -0.977601 -0.398058 -1.15634 -0.792022 -1.16024 -1.06623 -0.988698 -1.17921 -0.667657 -1.11389 -0.245666 -0.880143 0.213472 -0.513313 0.640336 -0.0688627 0.970373 0.385996 1.15369 0.782495 1.16255 1.06067 0.995631 1.17847 0.678172 1.11807 0.258152 0.888611 -0.200897 0.524796 -0.629557 0.0816233 -0.963028 -0.373891 -1.15089 -0.772876 -1.16472 -1.05499 -1.00244 -1.17758 -0.688586 -1.12212 -0.270611
11.955 0.939163 0.737143 0.42367 0.0461279 -0.338385 -0.671733 -0.90351 -0.998671 -0.942825 -0.744419 -0.433449 -0.0569427 0.32818 0.663675 0.898818 0.998055 0.946377 0.751604 0.443182 0.0677478 -0.317936 -0.655543 -0.894019 -0.997322 0.196088 -0.192765 -0.552472 -0.828639 -0.979511 -0.982274 -0.836509 -0.564261 -0.206693 0.182133 0.543415 0.822537 0.977273 0.984246 0.842398 0.573163 0.217264 -0.171477 -0.534292 -0.816326 -0.974922 -0.9861 -0.848175 -0.582 0.971919 -0.0661513 0.64261 -0.510865 0.216145 -0.878332 -0.243011 -1.11299 -0.665418 -1.17935 -0.98721 -1.06739 -1.15973 -0.794031 -1.15689 -0.400612 -0.97912 0.0533834 -0.653303 0.499311 -0.228698 0.869736 0.230483 1.10866 0.65482 1.17993 0.980139 1.0728 1.15725 0.803456 1.15939 0.412611 0.986207 -0.04062 0.663914 -0.487697 0.241229 -0.861035 -0.217931 -1.10418 -0.644145 -1.18037 -0.972955 -1.07807 -1.15464 -0.812767 -1.16174 -0.424564
12.005 0.977177 0.822268 0.543033 0.181682 -0.207137 -0.564636 -0.836759 -0.982359 -0.979419 -0.828384 -0.552091 -0.192321 0.196535 0.55567 0.830783 0.980277 0.981546 0.8344 0.561087 0.202933 -0.185911 -0.546641 -0.824707 -0.978081 0.327749 -0.057395 -0.433861 -0.744723 -0.942977 -0.998648 -0.903314 -0.671396 -0.337958 0.0465855 0.424082 0.737462 0.939318 0.999152 0.90791 0.679377 0.348118 -0.0357683 -0.414249 -0.7301 -0.935552 -0.999539 -0.912389 -0.687281 1.05417 0.094962 0.771492 -0.361181 0.372167 -0.762711 -0.0834396 -1.04891 -0.526425 -1.17651 -0.889813 -1.12621 -1.11866 -0.905623 -1.17835 -0.548099 -1.05987 -0.107699 -0.781129 0.34899 -0.384276 0.752907 0.070679 1.04298 0.514953 1.17535 0.881358 1.12999 1.1145 0.913782 1.17911 0.559388 1.06544 0.120413 0.790671 -0.336757 0.396344 -0.74301 -0.0579137 -1.03692 -0.50342 -1.17404 -0.872803 -1.13363 -1.1102 -0.921816 -1.17974 -0.570612
12.055 0.996998 0.892085 0.652287 0.313854 -0.072032 -0.447028 -0.75443 -0.947758 -0.997778 -0.896927 -0.660453 -0.324118 0.0612319 0.437319 0.747281 0.944249 0.99844 0.901661 0.668545 0.33434 -0.0504246 -0.427563 -0.740041 -0.940631 0.453308 0.0790437 -0.307173 -0.646941 -0.888888 -0.996429 -0.953302 -0.766031 -0.462931 -0.0898292 0.296852 0.638657 0.883876 0.995456 0.956519 0.772943 0.472492 0.100606 -0.286493 -0.630281 -0.878764 -0.994369 -0.959617 -0.779766 1.1168 0.254307 0.88601 -0.204772 0.52126 -0.63289 0.0776852 -0.965308 -0.377632 -1.15177 -0.77585 -1.16407 -1.05675 -1.00035 -1.17787 -0.685382 -1.12088 -0.266777 -0.894413 0.192172 -0.532699 0.62206 -0.0904407 0.957896 0.365499 1.14888 0.766169 1.16615 1.05099 1.00709 1.17689 0.69575 1.12484 0.279204 0.902708 -0.179547 0.544079 -0.611153 0.103182 -0.950356 -0.353324 -1.14586 -0.756401 -1.16809 -1.0451 -1.0137 -1.17578 -0.706038
12.105 0.998257 0.945293 0.749397 0.440183 0.0644137 -0.321096 -0.658055 -0.895512 -0.99756 -0.948771 -0.75652 -0.449881 -0.0752115 0.310827 0.649866 0.890641 0.996746 0.952136 0.763557 0.459523 0.0860004 -0.300525 -0.641596 -0.885669 0.570427 0.214011 -0.174766 -0.537115 -0.818249 -0.975659 -0.985541 -0.846404 -0.579285 -0.224571 0.164097 0.527962 0.811978 0.973227 0.987319 0.852118 0.588068 0.235108 -0.153404 -0.518728 -0.805615 -0.970686 -0.988978 -0.857733 1.15863 0.408918 0.984033 -0.0445514 0.660649 -0.491285 0.237364 -0.863732 -0.221808 -1.10558 -0.647442 -1.18025 -0.975179 -1.07646 -1.15546 -0.809905 -1.16103 -0.420887 -0.991045 0.0317762 -0.671204 0.479632 -0.249877 0.854973 0.209241 1.10102 0.636715 1.18059 0.967914 1.08166 1.15276 0.819159 1.1633 0.432797 0.997938 -0.0189946 0.681685 -0.467917 0.262357 -0.846096 -0.196649 -1.09634 -0.625917 -1.1808 -0.960531 -1.08672 -1.14992 -0.828318
12.155 0.980931 0.980902 0.832555 0.558317 0.19966 -0.189187 -0.549428 -0.826593 -0.97877 -0.982951 -0.838502 -0.567268 -0.210255 0.178547 0.540352 0.820452 0.976495 0.984884 0.844353 0.57615 0.220824 -0.167891 -0.531207 -0.814218 0.676926 0.344993 -0.0391056 -0.41729 -0.732377 -0.936724 -0.999432 -0.911019 -0.684855 -0.355133 0.0282856 0.407437 0.724963 0.932879 0.999739 0.915429 0.692697 0.365232 -0.0174583 -0.397517 -0.717467 -0.928931 -0.999927 -0.919732 1.17889 0.555916 1.06374 0.116499 0.787738 -0.340535 0.392623 -0.746075 -0.0618544 -1.0388 -0.50698 -1.17446 -0.875448 -1.13253 -1.11154 -0.91935 -1.17956 -0.567162 -1.06923 -0.129211 -0.797214 0.328274 -0.40466 0.736132 0.0490866 1.03266 0.495407 1.17306 0.866819 1.13608 1.10716 0.927317 1.18009 0.578332 1.07459 0.141911 0.8066 -0.31597 0.416647 -0.726083 -0.0363131 -1.02641 -0.48378 -1.17153 -0.858083 -1.1395 -1.10265 -0.935177
12.205 0.945343 0.998248 0.900212 0.666056 0.331189 -0.0537555 -0.430572 -0.742285 -0.941758 -0.99883 -0.904873 -0.674094 -0.341383 0.042944 0.420778 0.734987 0.938064 0.999295 0.909429 0.682051 0.351537 -0.0321315 -0.410929 -0.727607 0.770822 0.469553 0.0972831 -0.289695 -0.632869 -0.88035 -0.994716 -0.958673 -0.777674 -0.479082 -0.108052 0.279327 0.62445 0.875163 0.993545 0.961696 0.784429 0.488557 0.118812 -0.268906 -0.615962 -0.869882 -0.99226 -0.964607 1.17721 0.692563 1.12363 0.27538 0.900161 -0.183444 0.540573 -0.614528 0.0992507 -0.952691 -0.35708 -1.1468 -0.759418 -1.16751 -1.04693 -1.01168 -1.17613 -0.702878 -1.1275 -0.287793 -0.908381 0.170804 -0.55191 0.603586 -0.111981 0.945081 0.344876 1.14369 0.749586 1.16936 1.04095 1.01821 1.17492 0.713101 1.13123 0.300175 0.916497 -0.15814 0.56318 -0.592553 0.124699 -0.937365 -0.332636 -1.14044 -0.73966 -1.17107 -1.03486 -1.02463
12.255 0.892154 0.99701 0.95111 0.761394 0.456553 0.0826769 -0.3037 -0.644157 -0.887213 -0.996114 -0.954397 -0.76837 -0.466156 -0.093459 0.29337 0.635839 0.882168 0.995102 0.957574 0.775254 0.475705 0.104226 -0.282999 -0.627451 0.850368 0.585371 0.231861 -0.156707 -0.521579 -0.807586 -0.97148 -0.988479 -0.856014 -0.594112 -0.242378 0.146017 0.512312 0.801153 0.968854 0.990059 0.861556 0.602786 0.252871 -0.135288 -0.50299 -0.794637 -0.966119 -0.991524 1.15361 0.816317 1.16261 0.429135 0.995825 -0.0229377 0.678458 -0.471539 0.258508 -0.848841 -0.200532 -1.09779 -0.629249 -1.18075 -0.962822 -1.08517 -1.15081 -0.825507 -1.16478 -0.441017 -1.00264 0.0101547 -0.688885 0.459803 -0.270964 0.839904 0.187924 1.09302 0.618397 1.18086 0.955364 1.09015 1.14788 0.834592 1.16682 0.452851 1.00933 0.00263422 0.699228 -0.44799 0.283389 -0.830874 -0.175299 -1.08812 -0.607466 -1.18083 -0.947798 -1.095
12.305 0.822355 0.977209 0.9843 0.842557 0.573416 0.21757 -0.171174 -0.534037 -0.81615 -0.974853 -0.986153 -0.84834 -0.58225 -0.228122 0.1605 0.524853 0.809848 0.972383 0.987891 0.854023 0.591016 0.238643 -0.149801 -0.515612 0.914081 0.69029 0.362121 -0.0208011 -0.400578 -0.719786 -0.930158 -0.999882 -0.918418 -0.698081 -0.372191 0.0099876 0.390635 0.712228 0.926125 0.99999 0.922643 0.705792 0.382222 0.00084884 -0.380652 -0.704598 -0.921991 -0.99998 1.10853 0.924873 1.17995 0.574899 1.07295 0.137996 0.803712 -0.319772 0.412952 -0.729188 -0.0402497 -1.02835 -0.487366 -1.17201 -0.860791 -1.13846 -1.10406 -0.932768 -1.18038 -0.58603 -1.07822 -0.150684 -0.813034 0.30746 -0.424903 0.71909 0.0274731 1.022 0.475695 1.17038 0.851989 1.14179 1.09946 0.940546 1.18068 0.597095 1.08337 0.163359 0.822258 -0.295087 0.436804 -0.708913 -0.014698 -1.01555 -0.463962 -1.16861 -0.843092 -1.14498
12.355 0.737246 0.939215 0.999164 0.908034 0.679604 0.348412 -0.035461 -0.413974 -0.729891 -0.935442 -0.999548 -0.912517 -0.687504 -0.358538 0.0246417 0.404095 0.722451 0.93156 0.999815 0.916892 0.695324 0.368617 -0.0138136 -0.394174 0.960777 0.782358 0.48564 0.115492 -0.27212 -0.618586 -0.871518 -0.992669 -0.963723 -0.789054 -0.495075 -0.126227 0.261686 0.610042 0.866153 0.991302 0.966553 0.795658 0.504456 0.13697 -0.251228 -0.601441 -0.860698 -0.98982 1.04281 1.01621 1.17531 0.709961 1.1301 0.29636 0.914003 -0.162052 0.559709 -0.595959 0.120782 -0.939755 -0.336408 -1.14145 -0.742733 -1.17055 -1.03675 -1.02266 -1.174 -0.720133 -1.13374 -0.308717 -0.922047 0.149392 -0.570931 0.584888 -0.133489 0.931958 0.324137 1.13811 0.732751 1.17217 1.03057 1.02899 1.17256 0.730223 1.13725 0.321043 0.929979 -0.13669 0.582086 -0.573754 0.146176 -0.924064 -0.31182 -1.13464 -0.722689 -1.17365
12.405 0.638411 0.883736 0.995427 0.956605 0.773139 0.472768 0.100912 -0.286204 -0.630044 -0.878615 -0.994335 -0.959704 -0.779958 -0.482279 -0.111675 0.275814 0.621603 0.873394 0.993125 0.96269 0.786687 0.491729 0.122431 -0.265398 0.989585 0.85986 0.600118 0.249635 -0.138595 -0.505869 -0.796653 -0.966975 -0.991085 -0.865336 -0.608742 -0.260092 0.127865 0.496499 0.790056 0.964159 0.992468 0.870711 0.617299 0.27054 -0.117126 -0.487087 -0.783381 -0.961231 0.957675 1.08863 1.14879 0.831805 1.16621 0.449206 1.00728 -0.00131388 0.696044 -0.451635 0.279564 -0.833667 -0.179188 -1.08964 -0.610848 -1.18086 -0.950143 -1.09352 -1.14577 -0.840828 -1.16814 -0.461003 -1.01389 -0.0114568 -0.706329 0.439797 -0.291966 0.824563 0.166544 1.08465 0.599871 1.18073 0.942499 1.09827 1.14261 0.849756 1.16995 0.47275 1.02039 0.0242518 0.716531 -0.427913 0.304329 -0.815377 -0.153873 -1.07954 -0.588831 -1.18047
12.455 0.527691 0.811803 0.973157 0.987366 0.852279 0.588322 0.235407 -0.153106 -0.518467 -0.80543 -0.970609 -0.989024 -0.857891 -0.59704 -0.245913 0.142398 0.509183 0.798966 0.967946 0.990566 0.863403 0.605685 0.256396 -0.13168 0.999969 0.921354 0.703422 0.37913 -0.00248955 -0.383733 -0.706955 -0.923278 -0.999996 -0.925507 -0.711076 -0.389115 -0.00833655 0.373713 0.69925 0.919066 0.999906 0.929553 0.718649 0.399074 0.0191557 -0.363664 -0.691479 -0.914746 0.854713 1.14078 1.10089 0.938162 1.1806 0.593689 1.0818 0.159448 0.819421 -0.298902 0.433142 -0.712058 -0.0186315 -1.01755 -0.46759 -1.16917 -0.845845 -1.14401 -1.0962 -0.94587 -1.1808 -0.604705 -1.08686 -0.172092 -0.828577 0.286517 -0.445007 0.701817 0.00585033 1.01099 0.455823 1.16731 0.836878 1.14711 1.09138 0.953468 1.18087 0.615655 1.0918 0.184742 0.837635 -0.274105 0.456816 -0.69151 0.00693863 -1.00434 -0.44401 -1.16531
12.505 0.407146 0.724756 0.932769 0.999745 0.915553 0.692923 0.365519 -0.0171566 -0.397238 -0.71725 -0.928813 -0.999931 -0.919853 -0.700687 -0.375572 0.00633116 0.387283 0.709664 0.924746 1 0.924045 0.708365 0.385587 0.00448898 0.991736 0.965694 0.793631 0.501566 0.133662 -0.254454 -0.604096 -0.862391 -0.990289 -0.968448 -0.800171 -0.510893 -0.144383 0.243968 0.595425 0.856862 0.988727 0.971089 0.806619 0.520178 0.155081 -0.233471 -0.586703 -0.851231 0.735837 1.17169 1.03249 1.02705 1.17302 0.727119 1.13618 0.317242 0.927543 -0.140605 0.578655 -0.577192 0.142272 -0.926505 -0.315626 -1.13572 -0.725799 -1.17321 -1.02622 -1.0333 -1.17148 -0.73715 -1.1396 -0.329524 -0.935399 0.127904 -0.589763 0.566005 -0.154952 0.918517 0.303289 1.13215 0.715676 1.17459 1.01984 1.03943 1.1698 0.747098 1.14288 0.341793 0.943145 -0.115194 0.600798 -0.554768 0.167621 -0.910438 -0.290923 -1.12845
12.555 0.279021 0.624215 0.875015 0.993511 0.961781 0.784623 0.488825 0.119112 -0.268612 -0.615717 -0.869724 -0.992221 -0.964688 -0.791288 -0.498239 -0.129854 0.258172 0.60715 0.864329 0.990815 0.967483 0.797857 0.5076 0.140575 0.965039 0.992055 0.869064 0.614665 0.267325 -0.120437 -0.48999 -0.785449 -0.962145 -0.993358 -0.874368 -0.623159 -0.277741 0.109682 0.480515 0.778705 0.959141 0.994546 0.879573 0.631598 0.288119 -0.0989308 -0.471004 -0.771868 0.603263 1.18078 0.944869 1.09682 1.1436 0.847012 1.16941 0.469129 1.0184 0.0203103 0.713396 -0.43158 0.300527 -0.818215 -0.157787 -1.08113 -0.592241 -1.18056 -0.937141 -1.10149 -1.14034 -0.85587 -1.17111 -0.480821 -1.02481 -0.0330913 -0.72354 0.419654 -0.31287 0.80894 0.145108 1.07592 0.581151 1.18021 0.929308 1.10604 1.13695 0.864631 1.17269 0.49248 1.0311 0.0458613 0.733595 -0.407698 0.325183 -0.79959 -0.132419 -1.07059
12.605 0.145701 0.512054 0.80097 0.96878 0.990103 0.861715 0.603031 0.253163 -0.134986 -0.50272 -0.794443 -0.966039 -0.991564 -0.867157 -0.61163 -0.263621 0.124255 0.493332 0.78782 0.963185 0.992909 0.872495 0.620162 0.274043 0.920376 0.999946 0.928317 0.71632 0.396011 0.0158218 -0.366762 -0.693884 -0.916088 -0.999775 -0.932287 -0.723824 -0.405929 -0.0266465 0.356659 0.68605 0.911697 0.999486 0.93615 0.731259 0.415794 0.0374511 -0.346536 -0.678134 0.459456 1.1679 0.839655 1.14617 1.09288 0.951136 1.18086 0.612282 1.09029 0.180847 0.834854 -0.277934 0.453186 -0.694691 0.00299056 -1.0064 -0.447657 -1.16594 -0.830612 -1.14918 -1.08798 -0.958657 -1.18083 -0.623166 -1.09513 -0.19347 -0.843845 0.265491 -0.464962 0.684302 -0.0157744 0.999657 0.435805 1.16385 0.821476 1.15205 1.08294 0.966068 1.18066 0.633999 1.09985 0.206063 0.852734 -0.253037 0.476691 -0.673856 0.0285493 -0.992794
12.655 0.00966844 0.390359 0.712013 0.926013 0.999991 0.922764 0.70601 0.3825 0.0011536 -0.380364 -0.704371 -0.921871 -0.999978 -0.926882 -0.713634 -0.392481 -0.0119755 0.370329 0.696644 0.917621 0.999849 0.930889 0.721179 0.402409 0.858577 0.98922 0.970286 0.804639 0.517324 0.151786 -0.236705 -0.5894 -0.852976 -0.987577 -0.972849 -0.811013 -0.526559 -0.162479 0.226163 0.580623 0.84728 0.985818 0.975299 0.817305 0.535727 0.173136 -0.215616 -0.571775 0.307096 1.13327 0.718809 1.17418 1.02182 1.03755 1.17033 0.744036 1.14188 0.338018 0.94077 -0.119112 0.597408 -0.558234 0.163712 -0.912942 -0.294738 -1.12961 -0.708619 -1.17547 -1.01535 -1.04359 -1.16856 -0.753909 -1.14507 -0.350247 -0.94844 0.106385 -0.608399 0.546925 -0.176363 0.904782 0.282346 1.12582 0.698351 1.17662 1.00877 1.04952 1.16665 0.763714 1.14813 0.362428 0.955996 -0.0936659 0.619324 -0.535576 0.188987 -0.896515
12.705 -0.126544 0.261397 0.6098 0.866005 0.991262 0.966634 0.795844 0.504717 0.137272 -0.250926 -0.601186 -0.860539 -0.989776 -0.96935 -0.802352 -0.514033 -0.147983 0.240432 0.592498 0.854974 0.988174 0.971951 0.808769 0.523284 0.780793 0.960078 0.994192 0.877977 0.629006 0.284925 -0.102241 -0.473943 -0.773983 -0.956994 -0.995299 -0.883102 -0.637386 -0.295286 0.0914555 0.464385 0.767089 0.953797 0.996289 0.888135 0.645685 0.305597 -0.0806821 -0.454771 0.149018 1.07754 0.58458 1.18033 0.931736 1.10465 1.13801 0.861938 1.17222 0.488895 1.02917 0.0419266 0.730508 -0.411383 0.321386 -0.802484 -0.136333 -1.07225 -0.573432 -1.17988 -0.923829 -1.1091 -1.13453 -0.870616 -1.17369 -0.500503 -1.03538 -0.0547013 -0.740508 0.399364 -0.333668 0.793061 0.123631 1.06683 0.562223 1.17929 0.915811 1.11343 1.13092 0.87921 1.17503 0.512046 1.04146 0.0674495 0.750426 -0.387324 0.345905 -0.783544
12.755 -0.2604 0.127567 0.496234 0.789874 0.964078 0.992507 0.870862 0.617536 0.270834 -0.116817 -0.486808 -0.783187 -0.961146 -0.993771 -0.876131 -0.626015 -0.281236 0.106058 0.477321 0.77641 0.958102 0.994919 0.881301 0.634416 0.688473 0.913061 0.999588 0.934969 0.728978 0.412759 0.0341258 -0.349663 -0.680581 -0.908593 -0.999218 -0.938751 -0.736346 -0.422596 -0.0449541 0.339502 0.672616 0.904018 0.998731 0.94243 0.743623 0.432369 0.0557539 -0.3293 -0.0118336 1.00175 0.439468 1.16451 0.824305 1.15118 1.08451 0.963792 1.18073 0.63067 1.09841 0.202185 0.850008 -0.256874 0.473076 -0.677086 0.0246116 -0.99492 -0.42757 -1.16232 -0.815104 -1.15396 -1.07939 -0.971114 -1.18046 -0.641441 -1.10304 -0.214769 -0.85883 0.244369 -0.484762 0.666576 -0.0373867 0.987982 0.415628 1.15999 0.805805 1.15661 1.07414 0.978338 1.18006 0.652131 1.10754 0.227309 0.867557 -0.231862 0.496384 -0.655985
12.805 -0.389409 -0.00863663 0.373429 0.699038 0.918944 0.999901 0.929667 0.718859 0.399354 0.0194674 -0.363366 -0.691253 -0.914622 -0.999691 -0.9336 -0.726342 -0.409252 -0.0302902 0.353257 0.68339 0.910192 0.999363 0.937425 0.733737 0.583335 0.849045 0.986373 0.974555 0.815377 0.532908 0.169858 -0.218872 -0.574507 -0.843277 -0.984534 -0.976922 -0.821597 -0.542038 -0.180527 0.208298 0.56562 0.837408 0.982579 0.979179 0.827717 0.551091 0.191152 -0.197699 -0.172465 0.907308 0.286173 1.127 0.701527 1.17628 1.01081 1.0477 1.16725 0.760703 1.1472 0.358679 0.953682 -0.0975822 0.615959 -0.539083 0.185098 -0.899072 -0.273747 -1.12312 -0.691204 -1.17734 -1.00414 -1.05353 -1.16525 -0.770436 -1.15016 -0.370839 -0.961164 0.0848236 -0.62683 0.52768 -0.197708 0.890738 0.261295 1.1191 0.680796 1.17826 0.997356 1.05925 1.16311 0.780074 1.15299 0.382937 0.968537 -0.0720825 0.637621 -0.516214
12.855 -0.511167 -0.14468 0.243672 0.595187 0.856703 0.98868 0.971162 0.806798 0.520439 0.155389 -0.23316 -0.58645 -0.851069 -0.986998 -0.973686 -0.813147 -0.529649 -0.166075 0.222617 0.577647 0.845336 0.985201 0.976097 0.819397 0.467337 0.769222 0.954795 0.995996 0.886596 0.643136 0.302427 -0.0840062 -0.457738 -0.76226 -0.951521 -0.996904 -0.891551 -0.651389 -0.312739 0.0732166 0.448094 0.755208 0.948134 0.997698 0.8964 0.659553 0.322991 -0.0624163 -0.329886 0.795975 0.127551 1.06851 0.565688 1.17948 0.918298 1.11211 1.13205 0.876574 1.17463 0.508495 1.0396 0.0635264 0.747374 -0.391043 0.342137 -0.786485 -0.114828 -1.06301 -0.554435 -1.1788 -0.910204 -1.11634 -1.12835 -0.885088 -1.17587 -0.520005 -1.0456 -0.0763007 -0.757228 0.37896 -0.354349 0.776911 0.102098 1.05738 0.543113 1.17797 0.902006 1.12044 1.12451 0.893495 1.17698 0.531435 1.05148 0.0890387 0.766987 -0.366832
12.905 -0.623409 -0.27803 0.109378 0.480256 0.778511 0.959052 0.994578 0.879716 0.631834 0.288418 -0.0986126 -0.470729 -0.771672 -0.95593 -0.995645 -0.884812 -0.640185 -0.298767 0.0878316 0.46115 0.764742 0.952697 0.996596 0.889802 0.342638 0.675077 0.905441 0.998894 0.941308 0.74139 0.429366 0.0524234 -0.332447 -0.667052 -0.900792 -0.998327 -0.944907 -0.748612 -0.439128 -0.0632284 0.322226 0.658947 0.896037 0.997642 0.948394 0.755735 0.448817 0.0740281 -0.481165 0.669823 -0.0334455 0.990131 0.419317 1.16072 0.808686 1.15581 1.07577 0.976125 1.18019 0.648845 1.10616 0.223452 0.864874 -0.235722 0.492807 -0.659255 0.0462292 -0.983108 -0.407344 -1.15831 -0.799319 -1.15836 -1.07044 -0.983262 -1.17969 -0.659489 -1.11057 -0.236005 -0.873528 0.223185 -0.504392 0.64862 -0.0590007 0.975968 0.395318 1.15575 0.789862 1.16078 1.06498 0.99028 1.17906 0.670039 1.11486 0.248502 0.882074 -0.21062
12.955 -0.724044 -0.406203 -0.0269521 0.356382 0.685825 0.911568 0.999476 0.936256 0.731467 0.416077 0.0377706 -0.346243 -0.677908 -0.907065 -0.999067 -0.940005 -0.738803 -0.425897 -0.0485887 0.336067 0.669911 0.902456 0.998541 0.943641 0.211559 0.568364 0.839229 0.983195 0.978496 0.825841 0.548311 0.187877 -0.200966 -0.559425 -0.833293 -0.981163 -0.980671 -0.831898 -0.557342 -0.198496 0.190358 0.550419 0.827257 0.979012 0.982731 0.837848 0.566287 0.209094 -0.623486 0.531201 -0.19382 0.893316 0.265139 1.12036 0.684018 1.17799 0.999463 1.0575 1.16378 0.777114 1.15213 0.379218 0.966273 -0.0760134 0.634303 -0.519752 0.206426 -0.884905 -0.252669 -1.11625 -0.673553 -1.17881 -0.992597 -1.06313 -1.16155 -0.786695 -1.15487 -0.391314 -0.973565 0.063255 -0.645045 0.508252 -0.219001 0.876387 0.240164 1.11201 0.663013 1.1795 0.985615 1.06863 1.15918 0.796169 1.15747 0.403339 0.980739 -0.0504868
13.005 -0.8112 -0.526814 -0.162781 0.225874 0.580371 0.847113 0.985767 0.975365 0.817481 0.53599 0.173451 -0.215312 -0.571523 -0.841312 -0.983889 -0.977696 -0.823666 -0.545098 -0.184104 0.204727 0.562607 0.835414 0.981895 0.979911 0.0765426 0.45107 0.757393 0.949191 0.997466 0.894917 0.657048 0.319833 -0.0657435 -0.441383 -0.75028 -0.945733 -0.998178 -0.899696 -0.665179 -0.330069 0.0549464 0.431642 0.743076 0.942156 0.998772 0.904362 0.673214 0.340268 -0.754199 0.382689 -0.350585 0.779869 0.106026 1.05913 0.546615 1.17824 0.904547 1.11919 1.12571 0.890915 1.17665 0.527923 1.04968 0.0851108 0.763988 -0.370572 0.362779 -0.770226 -0.0932895 -1.05341 -0.535247 -1.17732 -0.896278 -1.1232 -1.12178 -0.899255 -1.17766 -0.539339 -1.05548 -0.097853 -0.773688 0.358422 -0.374923 0.76049 0.0805376 1.04757 0.523821 1.17626 0.887903 1.12708 1.11772 0.907476 1.17854 0.550667 1.06114 0.110586
13.055 -0.883252 -0.637617 -0.295578 0.091161 0.464112 0.766887 0.953704 0.996315 0.888275 0.645924 0.305901 -0.0803714 -0.454497 -0.759896 -0.950393 -0.997185 -0.893194 -0.65415 -0.316192 0.0695757 0.444829 0.752818 0.946969 0.997938 -0.0598994 0.325378 0.661456 0.897516 0.997866 0.947331 0.753552 0.445834 0.0707028 -0.315124 -0.653298 -0.892695 -0.9971 -0.950743 -0.760632 -0.455496 -0.0814882 0.30483 0.64506 0.887758 0.996218 0.954039 0.767607 0.465106 -0.870871 0.227052 -0.500824 0.651903 -0.0550619 0.978183 0.399036 1.15655 0.792791 1.16004 1.06667 0.98813 1.17927 0.6668 1.11355 0.24465 0.879451 -0.214492 0.512378 -0.641208 0.0678265 -0.970964 -0.386976 -1.15391 -0.783272 -1.16237 -1.06113 -0.995072 -1.17853 -0.677322 -1.11774 -0.257139 -0.887927 0.201919 -0.523866 0.630434 -0.0805878 0.963629 0.374876 1.15112 0.773661 1.16455 1.05546 1.00189 1.17766 0.687742 1.12179 0.2696
13.105 -0.938861 -0.736548 -0.422873 -0.0452495 0.339212 0.672384 0.903886 0.998716 0.942532 0.743832 0.432657 0.0560652 -0.32901 -0.664332 -0.899203 -0.998109 -0.946092 -0.751024 -0.442394 -0.0668709 0.318769 0.656206 0.894412 0.997386 -0.195226 0.193628 0.553204 0.829131 0.979687 0.982109 0.836027 0.563535 0.205833 -0.182997 -0.544153 -0.823036 -0.977459 -0.98409 -0.841924 -0.572443 -0.216406 0.172342 0.535035 0.816833 0.975117 0.985953 0.847709 0.581285 -0.971329 0.0671876 -0.641738 0.5118 -0.215125 0.879026 0.244027 1.11333 0.666275 1.1793 0.987779 1.06695 1.15992 0.793263 1.15668 0.399635 0.978539 -0.0544199 0.652438 -0.500251 0.22768 -0.870438 -0.231501 -1.10901 -0.655683 -1.17989 -0.980717 -1.07236 -1.15746 -0.802695 -1.15919 -0.411638 -0.985635 0.0416573 -0.663055 0.488641 -0.240213 0.861745 0.218951 1.10455 0.645014 1.18034 0.973543 1.07765 1.15486 0.812014 1.16156 0.423595
13.155 -0.97699 -0.821768 -0.542295 -0.180818 0.207996 0.565361 0.83724 0.982523 0.979241 0.827892 0.551358 0.191458 -0.197397 -0.5564 -0.831272 -0.98045 -0.981377 -0.833915 -0.560359 -0.202072 0.186774 0.547377 0.825203 0.978264 -0.326918 0.0582725 0.434653 0.745309 0.943269 0.998601 0.902937 0.670744 0.337131 -0.0474635 -0.424878 -0.738055 -0.93962 -0.999115 -0.907541 -0.678732 -0.347294 0.0366461 0.415049 0.7307 0.935862 0.999512 0.912029 0.686642 -1.0537 -0.0939274 -0.770705 0.362169 -0.371182 0.763503 0.0844753 1.04939 0.527354 1.1766 0.890495 1.1259 1.11899 0.904956 1.17828 0.54718 1.05941 0.106666 0.780351 -0.349982 0.383294 -0.753706 -0.0717151 -1.04347 -0.515887 -1.17545 -0.882048 -1.12969 -1.11484 -0.913124 -1.17906 -0.558473 -1.06499 -0.11938 -0.7899 0.337751 -0.395366 0.743817 0.0589504 1.03742 0.504359 1.17415 0.873502 1.13334 1.11056 0.921167 1.1797 0.569703
13.205 -0.99693 -0.891687 -0.651621 -0.313019 0.0729086 0.447814 0.755006 0.948038 0.997719 0.896538 0.659793 0.323286 -0.0621092 -0.438109 -0.747865 -0.944538 -0.998391 -0.901281 -0.667891 -0.333512 0.0513024 0.428357 0.740631 0.940929 -0.452524 -0.0781674 0.308009 0.647611 0.88929 0.996503 0.953036 0.765465 0.462152 0.0889537 -0.297692 -0.639333 -0.884287 -0.995539 -0.956262 -0.772385 -0.471717 -0.0997324 0.287335 0.630963 0.879183 0.994461 0.959369 0.779215 -1.11646 -0.253294 -0.885323 0.205794 -0.520329 0.633766 -0.0766492 0.965905 0.378615 1.15199 0.776632 1.16389 1.05722 0.999802 1.17794 0.684537 1.12056 0.265766 0.893735 -0.193196 0.531772 -0.622942 0.0894058 -0.958503 -0.366486 -1.14912 -0.766958 -1.16598 -1.05146 -1.00655 -1.17698 -0.694911 -1.12452 -0.278196 -0.902038 0.180572 -0.543158 0.612041 -0.102148 0.950972 0.354314 1.14611 0.757198 1.16794 1.04558 1.01317 1.17587 0.705205
13.255 -0.998309 -0.945005 -0.748815 -0.439393 -0.0635366 0.321929 0.658716 0.895902 0.997621 0.948493 0.755945 0.449096 0.074335 -0.311662 -0.650534 -0.891041 -0.996817 -0.951867 -0.762989 -0.458742 -0.0851247 0.301363 0.64227 0.886077 -0.569705 -0.213152 0.175632 0.537857 0.818754 0.975851 0.985392 0.845935 0.578569 0.223715 -0.164964 -0.528709 -0.812491 -0.973429 -0.98718 -0.851658 -0.587357 -0.234254 0.154272 0.519479 0.806135 0.970897 0.988848 0.857281 -1.15843 -0.407944 -0.983458 0.0455886 -0.659788 0.492229 -0.236347 0.864439 0.222827 1.10594 0.64831 1.18022 0.975764 1.07603 1.15568 0.80915 1.16084 0.419918 0.990481 -0.0328137 0.67035 -0.48058 0.248862 -0.855689 -0.210262 -1.10139 -0.637589 -1.18057 -0.968508 -1.08124 -1.15298 -0.818411 -1.16312 -0.431831 -0.997383 0.0200317 -0.680837 0.46887 -0.261344 0.84682 0.197672 1.09672 0.626797 1.18079 0.961134 1.08631 1.15015 0.827578
13.305 -0.981102 -0.98073 -0.832068 -0.557587 -0.198799 0.19005 0.550162 0.827087 0.97895 0.982789 0.838023 0.566544 0.209395 -0.179412 -0.541091 -0.820954 -0.976684 -0.984731 -0.843882 -0.575432 -0.219967 0.168757 0.531952 0.814728 -0.676279 -0.344168 0.0399839 0.418088 0.732975 0.937032 0.999402 0.910656 0.684214 0.354311 -0.0291642 -0.40824 -0.725568 -0.933195 -0.999718 -0.915075 -0.692063 -0.364415 0.0183371 0.398324 0.718079 0.929256 0.999916 0.919387 -1.17883 -0.555 -1.06328 -0.115466 -0.786964 0.341528 -0.391644 0.746879 0.0628909 1.0393 0.507918 1.17457 0.876144 1.13223 1.11189 0.918698 1.17951 0.566252 1.06879 0.12818 0.796448 -0.329271 0.403685 -0.736944 -0.0501237 -1.03317 -0.496349 -1.17318 -0.867523 -1.1358 -1.10752 -0.926674 -1.18006 -0.577427 -1.07416 -0.140882 -0.805841 0.31697 -0.415675 0.726902 0.0373506 1.02692 0.484726 1.17166 0.858796 1.13923 1.10302 0.934543
13.355 -0.945629 -0.998196 -0.899829 -0.665399 -0.33036 0.0546331 0.431365 0.742874 0.942054 0.998788 0.904498 0.673444 0.340557 -0.0438221 -0.421575 -0.735583 -0.938368 -0.999262 -0.909063 -0.681408 -0.350714 0.03301 0.41173 0.72821 -0.770262 -0.468777 -0.0964083 0.290536 0.63355 0.880767 0.994806 0.958423 0.777121 0.47831 0.107178 -0.280172 -0.625136 -0.875588 -0.993644 -0.961455 -0.783883 -0.48779 -0.11794 0.269752 0.616655 0.870315 0.992369 0.964375 -1.17729 -0.691723 -1.12331 -0.274371 -0.899489 0.184469 -0.53965 0.615414 -0.0982164 0.953304 0.358069 1.14705 0.760213 1.16735 1.04741 1.01114 1.17623 0.702044 1.12719 0.286787 0.907717 -0.171831 0.550993 -0.604479 0.110948 -0.945703 -0.345868 -1.14394 -0.750387 -1.16921 -1.04144 -1.01768 -1.17503 -0.712273 -1.13094 -0.299172 -0.915843 0.159168 -0.562267 0.59345 -0.123667 0.937996 0.333631 1.14071 0.740469 1.17093 1.03536 1.02411
13.405 -0.89255 -0.997077 -0.950838 -0.760824 -0.455771 -0.0818009 0.304538 0.64483 0.887618 0.996191 0.954134 0.767807 0.465378 0.0925838 -0.29421 -0.636517 -0.882582 -0.995189 -0.95732 -0.774698 -0.474931 -0.103352 0.283842 0.628135 -0.849905 -0.584658 -0.231006 0.157575 0.522329 0.808104 0.971688 0.988346 0.85556 0.593405 0.241525 -0.146887 -0.513066 -0.801679 -0.969071 -0.989935 -0.86111 -0.602085 -0.25202 0.136159 0.503749 0.79517 0.966346 0.991409 -1.15383 -0.815567 -1.16243 -0.428167 -0.995266 0.0239754 -0.677608 0.472491 -0.257495 0.849562 0.201554 1.09818 0.630128 1.18074 0.963423 1.08476 1.15104 0.824765 1.16461 0.440054 1.00209 -0.0111926 0.688042 -0.46076 0.269954 -0.840633 -0.188948 -1.09341 -0.619281 -1.18086 -0.955974 -1.08975 -1.14812 -0.833858 -1.16666 -0.451893 -1.00879 -0.00159628 -0.698391 0.44895 -0.282382 0.831611 0.176325 1.08853 0.608355 1.18084 0.948417 1.09461
13.455 -0.822855 -0.977396 -0.984144 -0.842083 -0.572696 -0.216712 0.17204 0.53478 0.816657 0.975048 0.986006 0.847875 0.581535 0.227266 -0.161367 -0.525601 -0.810364 -0.972588 -0.987754 -0.853565 -0.590307 -0.23779 0.15067 0.516365 -0.913724 -0.689654 -0.361302 0.0216798 0.401383 0.720396 0.93048 0.999868 0.91807 0.697452 0.371375 -0.0108671 -0.391444 -0.712845 -0.926455 -0.999985 -0.922304 -0.70517 -0.381409 3.01227e-05 0.381465 0.705222 0.922331 0.999986 -1.10888 -0.924227 -1.1799 -0.573993 -1.07251 -0.136965 -0.802951 0.320771 -0.41198 0.730004 0.041287 1.02886 0.488311 1.17214 0.861501 1.13818 1.10442 0.932131 1.18035 0.585129 1.0778 0.149654 0.812281 -0.308463 0.423934 -0.719913 -0.0285107 -1.02252 -0.476645 -1.17052 -0.852707 -1.14152 -1.09984 -0.939918 -1.18066 -0.5962 -1.08296 -0.162331 -0.821513 0.296092 -0.435839 0.709743 0.0157358 1.01608 0.464916 1.16876 0.843818 1.14473
13.505 -0.73784 -0.939517 -0.999128 -0.907665 -0.678959 -0.347588 0.0363394 0.414774 0.730492 0.935752 0.999521 0.912157 0.686866 0.357717 -0.0255204 -0.404899 -0.723059 -0.931879 -0.999798 -0.916541 -0.694692 -0.3678 0.0146924 0.394982 -0.960532 -0.78181 -0.484872 -0.114619 0.272965 0.619276 0.871949 0.992775 0.963488 0.788513 0.494312 0.125355 -0.262534 -0.610739 -0.866592 -0.991418 -0.966328 -0.795126 -0.503697 -0.136099 0.252079 0.602143 0.861145 0.989944 -1.04329 -1.01568 -1.17541 -0.709131 -1.1298 -0.295355 -0.913345 0.16308 -0.558794 0.596855 -0.119749 0.940383 0.337403 1.14172 0.74354 1.17042 1.03725 1.02214 1.17411 0.71931 1.13345 0.307715 0.921398 -0.150423 0.570022 -0.585789 0.132458 -0.932595 -0.325135 -1.13838 -0.733565 -1.17205 -1.03108 -1.02848 -1.17268 -0.729407 -1.13697 -0.320044 -0.929339 0.137721 -0.581182 0.574661 -0.145146 0.92471 0.312821 1.13492 0.723509 1.17354
13.555 -0.639088 -0.884147 -0.995511 -0.956348 -0.772581 -0.471994 -0.100038 0.287046 0.630727 0.879034 0.994428 0.959457 0.779408 0.481508 0.110802 -0.276659 -0.622292 -0.873821 -0.993228 -0.962452 -0.786144 -0.490963 -0.121558 0.266245 -0.989458 -0.859411 -0.599414 -0.248783 0.139465 0.506627 0.797184 0.967198 0.990968 0.864895 0.608045 0.259243 -0.128737 -0.497262 -0.790594 -0.964392 -0.99236 -0.870279 -0.616607 -0.269694 0.117999 0.487854 0.783927 0.961473 -0.958282 -1.08822 -1.14903 -0.831068 -1.16604 -0.448246 -1.00674 0.00235181 -0.695206 0.452594 -0.278556 0.834402 0.180214 1.09004 0.611736 1.18086 0.950758 1.09312 1.14602 0.840099 1.16799 0.460047 1.01336 0.0104182 0.705497 -0.44076 0.29096 -0.825306 -0.167571 -1.08506 -0.600765 -1.18075 -0.943124 -1.09789 -1.14287 -0.849035 -1.16981 -0.471798 -1.01986 -0.0232141 -0.715705 0.42888 -0.303326 0.816128 0.154902 1.07996 0.58973 1.1805
13.605 -0.528437 -0.812316 -0.973359 -0.987227 -0.851819 -0.587611 -0.234552 0.153974 0.519219 0.805951 0.97082 0.988894 0.85744 0.596335 0.245061 -0.143268 -0.509939 -0.799495 -0.968166 -0.990445 -0.862959 -0.604986 -0.255546 0.132551 -0.999961 -0.921012 -0.702797 -0.378316 0.00336851 0.384545 0.707577 0.923615 0.999998 0.925174 0.710458 0.388304 0.00745761 -0.374528 -0.699877 -0.919412 -0.999917 -0.929229 -0.718037 -0.398268 -0.0182769 0.364483 0.692113 0.915101 -0.855429 -1.14051 -1.10127 -0.937531 -1.18058 -0.592792 -1.08138 -0.15842 -0.818674 0.299906 -0.432176 0.712886 0.0196693 1.01807 0.468543 1.16932 0.846569 1.14376 1.09659 0.945248 1.18079 0.603814 1.08646 0.171065 0.827837 -0.287524 0.444046 -0.702651 -0.00688825 -1.01153 -0.456781 -1.16747 -0.83761 -1.14687 -1.09178 -0.952856 -1.18087 -0.614769 -1.0914 -0.183717 -0.836903 0.275115 -0.455859 0.692351 -0.0059007 1.00488 0.444972 1.16548
13.655 -0.407948 -0.725361 -0.933085 -0.999725 -0.915199 -0.692289 -0.3647 0.0180354 0.398044 0.717862 0.929138 0.99992 0.919508 0.700059 0.374757 -0.0072101 -0.388093 -0.710283 -0.92508 -0.999998 -0.923708 -0.707745 -0.384776 -0.00361002 -0.991848 -0.965465 -0.793096 -0.500806 -0.132791 0.255304 0.604797 0.862836 0.990411 0.968228 0.799643 0.510137 0.143513 -0.244821 -0.596131 -0.857315 -0.988858 -0.970879 -0.8061 -0.519428 -0.154213 0.234325 0.587414 0.851692 -0.736649 -1.17156 -1.03299 -1.02654 -1.17314 -0.726301 -1.1359 -0.316242 -0.9269 0.141635 -0.57775 0.578098 -0.141241 0.927149 0.316626 1.13601 0.726618 1.17309 1.02674 1.0328 1.17161 0.736339 1.13932 0.328527 0.934765 -0.128935 0.588864 -0.566915 0.153923 -0.919169 -0.304292 -1.13245 -0.716502 -1.17449 -1.02036 -1.03894 -1.16994 -0.746294 -1.14262 -0.340799 -0.94252 0.116227 -0.599905 0.555684 -0.166594 0.911099 0.291929 1.12876
13.705 -0.279865 -0.624902 -0.87544 -0.993611 -0.96154 -0.784078 -0.488058 -0.118239 0.269459 0.616409 0.870157 0.99233 0.964456 0.79075 0.497477 0.128982 -0.259021 -0.607848 -0.864771 -0.990934 -0.96726 -0.797327 -0.506843 -0.139704 -0.965269 -0.991944 -0.868629 -0.613972 -0.266478 0.12131 0.490756 0.785993 0.962384 0.993257 0.873942 0.622471 0.276897 -0.110556 -0.481285 -0.779256 -0.959389 -0.994454 -0.879154 -0.630916 -0.287278 0.0998055 0.471779 0.772426 -0.604155 -1.1808 -0.945491 -1.09644 -1.14385 -0.846289 -1.16926 -0.468176 -1.01787 -0.0192725 -0.712568 0.432546 -0.299523 0.818963 0.158815 1.08154 0.593139 1.18059 0.937773 1.10112 1.14061 0.855155 1.17098 0.479872 1.02429 0.0320538 0.722719 -0.420624 0.311869 -0.809695 -0.146138 -1.07635 -0.582054 -1.18024 -0.929948 -1.10567 -1.13723 -0.863924 -1.17256 -0.491537 -1.03059 -0.0448241 -0.732781 0.408672 -0.324185 0.800354 0.133451 1.07103
13.755 -0.14657 -0.512809 -0.801496 -0.968998 -0.989979 -0.861269 -0.60233 -0.252312 0.135857 0.50348 0.794976 0.966265 0.991449 0.866719 0.610935 0.262773 -0.125127 -0.494096 -0.788361 -0.963421 -0.992804 -0.872065 -0.619473 -0.273198 -0.920719 -0.999955 -0.92799 -0.715706 -0.395204 -0.0149429 0.367579 0.694517 0.91644 0.999793 0.931969 0.723217 0.405125 0.0257678 -0.357479 -0.686689 -0.912058 -0.999514 -0.935841 -0.730659 -0.414994 -0.0365727 0.34736 0.67878 -0.460412 -1.16805 -0.840385 -1.14592 -1.09327 -0.95052 -1.18086 -0.611394 -1.08989 -0.179822 -0.83412 0.278942 -0.452227 0.69553 -0.00195263 1.00694 0.448617 1.1661 0.83135 1.14894 1.08838 0.95805 1.18084 0.622284 1.09474 0.192446 0.843119 -0.266503 0.464008 -0.685147 0.0147365 -1.00021 -0.43677 -1.16402 -0.822222 -1.15183 -1.08335 -0.96547 -1.18068 -0.633123 -1.09947 -0.205041 -0.852015 0.254051 -0.475741 0.674708 -0.0275116 0.993356
13.805 -0.0105474 -0.391169 -0.71263 -0.926344 -0.999987 -0.922425 -0.705387 -0.381688 -0.00027464 0.381177 0.704995 0.922211 0.999984 0.926551 0.713018 0.391672 0.0110966 -0.371146 -0.697274 -0.91797 -0.999864 -0.930567 -0.72057 -0.401605 -0.859027 -0.989349 -0.970073 -0.804117 -0.516572 -0.150917 0.237559 0.59011 0.853434 0.987715 0.972645 0.810498 0.525811 0.161612 -0.227018 -0.581338 -0.847747 -0.985965 -0.975104 -0.816798 -0.534984 -0.17227 0.216474 0.572496 -0.308098 -1.13356 -0.719632 -1.17407 -1.02234 -1.03706 -1.17047 -0.74323 -1.14162 -0.337023 -0.940142 0.120145 -0.596513 0.559148 -0.162684 0.9136 0.295743 1.12991 0.709449 1.17537 1.01588 1.04311 1.16871 0.753109 1.14482 0.349256 0.947821 -0.107419 0.607509 -0.547844 0.175337 -0.905448 -0.283354 -1.12613 -0.699187 -1.17654 -1.00931 -1.04904 -1.16681 -0.762922 -1.14788 -0.36144 -0.955387 0.0947005 -0.61844 0.5365 -0.187962 0.89719
13.855 0.125672 -0.262245 -0.610497 -0.866444 -0.991377 -0.966408 -0.795312 -0.503958 -0.136401 0.251777 0.601888 0.860987 0.989901 0.969133 0.801827 0.513279 0.147114 -0.241285 -0.593206 -0.85543 -0.988308 -0.971744 -0.808251 -0.522535 -0.781342 -0.960323 -0.994097 -0.877556 -0.628323 -0.284082 0.103116 0.474717 0.774539 0.957248 0.995213 0.882689 0.636708 0.294446 -0.0923302 -0.465164 -0.767652 -0.95406 -0.996213 -0.887731 -0.645014 -0.30476 0.0815582 0.455554 -0.150048 -1.07796 -0.585482 -1.18036 -0.932373 -1.10428 -1.13829 -0.861228 -1.17209 -0.48795 -1.02866 -0.0408893 -0.729692 0.412356 -0.320387 0.803245 0.137363 1.07268 0.574339 1.17992 0.924475 1.10875 1.13482 0.869914 1.17358 0.499563 1.03488 0.0536644 0.739699 -0.40034 0.332673 -0.79383 -0.124663 -1.06728 -0.563136 -1.17934 -0.916466 -1.11308 -1.13122 -0.878517 -1.17493 -0.511111 -1.04097 -0.0664133 -0.749624 0.388305 -0.344913 0.78432
13.905 0.259552 -0.12844 -0.496997 -0.790413 -0.964311 -0.992399 -0.87043 -0.616845 -0.269988 0.11769 0.487575 0.783733 0.961388 0.993673 0.875707 0.625329 0.280392 -0.106932 -0.478093 -0.776963 -0.958353 -0.99483 -0.880885 -0.633736 -0.68911 -0.913419 -0.999612 -0.934657 -0.728376 -0.411958 -0.0332474 0.350486 0.681224 0.90896 0.999252 0.938447 0.735751 0.421799 0.0440766 -0.340329 -0.673266 -0.904393 -0.998775 -0.942136 -0.743035 -0.431576 -0.0548763 0.33013 0.0107958 -1.0023 -0.440431 -1.16468 -0.825048 -1.15095 -1.08492 -0.963192 -1.18074 -0.629792 -1.09803 -0.201162 -0.849287 0.257887 -0.472125 0.677937 -0.0235739 0.995479 0.428537 1.1625 0.815855 1.15374 1.07981 0.970523 1.18049 0.640569 1.10267 0.213749 0.858118 -0.245383 0.483815 -0.667432 0.0363493 -0.98855 -0.4166 -1.16019 -0.806563 -1.1564 -1.07457 -0.977756 -1.18009 -0.651265 -1.10718 -0.226291 -0.866853 0.232879 -0.495442 0.656848
13.955 0.388599 0.0077571 -0.374244 -0.699667 -0.919291 -0.999913 -0.929342 -0.718247 -0.398548 -0.0185886 0.364185 0.691888 0.914977 0.999712 0.933284 0.725738 0.40845 0.0294116 -0.354079 -0.684031 -0.910556 -0.999394 -0.937119 -0.733139 -0.584049 -0.849509 -0.986518 -0.974357 -0.814868 -0.532164 -0.168991 0.219729 0.575226 0.843749 0.984688 0.976733 0.821095 0.541299 0.179663 -0.209158 -0.566345 -0.837888 -0.982742 -0.979 -0.827223 -0.550357 -0.190289 0.19856 0.171439 -0.907972 -0.287181 -1.12731 -0.702361 -1.17619 -1.01135 -1.04722 -1.16741 -0.759909 -1.14695 -0.35769 -0.953069 0.0986165 -0.615073 0.540006 -0.184072 0.899744 0.274757 1.12344 0.692045 1.17726 1.00469 1.05306 1.16542 0.76965 1.14993 0.369854 0.96056 -0.0858582 0.62595 -0.528609 0.196685 -0.891419 -0.262307 -1.11943 -0.681644 -1.17819 -0.997912 -1.05879 -1.16329 -0.779295 -1.15277 -0.381955 -0.967943 0.0731185 -0.636747 0.517147
14.005 0.510412 0.14381 -0.244524 -0.595894 -0.857156 -0.988811 -0.970953 -0.806278 -0.519688 -0.154521 0.234015 0.587162 0.85153 0.987139 0.973486 0.812635 0.528903 0.165208 -0.223474 -0.578364 -0.845806 -0.985351 -0.975906 -0.818893 -0.468114 -0.769783 -0.955056 -0.995917 -0.886189 -0.642462 -0.301589 0.084882 0.458519 0.762829 0.951791 0.996835 0.891153 0.650722 0.311904 -0.0740931 -0.44888 -0.755783 -0.948413 -0.997638 -0.89601 -0.658892 -0.322159 0.0632936 0.328889 -0.796742 -0.128584 -1.06895 -0.566599 -1.17953 -0.91895 -1.11176 -1.13235 -0.875878 -1.17452 -0.507558 -1.03911 -0.0624899 -0.74657 0.392022 -0.341144 0.787259 0.115861 1.06346 0.555351 1.17886 0.910865 1.116 1.12865 0.884401 1.17578 0.519073 1.04512 0.0752656 0.756431 -0.379943 0.353358 -0.777692 -0.103132 -1.05784 -0.544034 -1.17804 -0.902675 -1.12012 -1.12483 -0.892816 -1.17689 -0.530508 -1.05101 -0.0880037 -0.766198 0.367818
14.055 0.622722 0.277185 -0.110252 -0.481027 -0.779062 -0.9593 -0.994486 -0.879298 -0.631153 -0.287576 0.0994873 0.471504 0.772231 0.956188 0.995563 0.884402 0.63951 0.297928 -0.0887072 -0.461929 -0.765309 -0.952964 -0.996523 -0.889401 -0.343463 -0.675725 -0.905813 -0.998935 -0.941011 -0.7408 -0.428572 -0.0515456 0.333275 0.667707 0.901174 0.998378 0.944619 0.748029 0.438339 0.0623512 -0.323058 -0.659608 -0.896426 -0.997702 -0.948115 -0.75516 -0.448031 -0.0731515 0.480217 -0.670678 0.0324073 -0.990697 -0.420287 -1.16092 -0.809442 -1.15559 -1.0762 -0.97554 -1.18023 -0.647977 -1.1058 -0.222433 -0.864167 0.236739 -0.491864 0.660116 -0.045192 0.983683 0.408318 1.15851 0.800083 1.15815 1.07087 0.982687 1.17974 0.658628 1.11022 0.234988 0.872829 -0.224204 0.503453 -0.649487 0.0579641 -0.976552 -0.396296 -1.15596 -0.790634 -1.16058 -1.06543 -0.989714 -1.17911 -0.669184 -1.11451 -0.247487 -0.881384 0.211641
14.105 0.723438 0.405399 0.0260735 -0.357204 -0.686465 -0.911929 -0.999504 -0.935947 -0.730867 -0.415278 -0.0368923 0.347068 0.678554 0.907434 0.999105 0.939704 0.73821 0.425102 0.0477107 -0.336894 -0.670563 -0.902835 -0.998588 -0.94335 -0.212418 -0.569087 -0.839707 -0.983355 -0.978314 -0.825345 -0.547576 -0.187014 0.201826 0.560154 0.833779 0.981333 0.980499 0.83141 0.556612 0.197635 -0.191221 -0.551152 -0.82775 -0.979191 -0.982568 -0.837368 -0.565562 -0.208235 0.622605 -0.532128 0.192795 -0.893995 -0.266151 -1.12068 -0.684864 -1.17792 -1.00002 -1.05704 -1.16396 -0.776332 -1.15191 -0.378235 -0.965676 0.0770492 -0.633427 0.520683 -0.205404 0.885591 0.253682 1.11659 0.674406 1.17875 0.993159 1.06268 1.16174 0.785921 1.15465 0.390336 0.972977 -0.0642914 0.644175 -0.509189 0.217981 -0.877082 -0.24118 -1.11236 -0.663872 -1.17945 -0.986187 -1.06819 -1.15938 -0.795402 -1.15726 -0.402364 -0.98016 0.0515237
14.155 0.810685 0.526066 0.161913 -0.226731 -0.581087 -0.84758 -0.985914 -0.975171 -0.816974 -0.535248 -0.172585 0.21617 0.572244 0.841787 0.984046 0.977511 0.823167 0.544361 0.18324 -0.205587 -0.563334 -0.835897 -0.982061 -0.979736 -0.0774189 -0.451854 -0.757967 -0.949468 -0.997403 -0.894524 -0.656385 -0.319 0.0666202 0.442172 0.75086 0.946018 0.998124 0.899312 0.664523 0.329239 -0.0558241 -0.432434 -0.743664 -0.94245 -0.998728 -0.903986 -0.672564 -0.339441 0.7534 -0.38367 0.349593 -0.780648 -0.107059 -1.05959 -0.547535 -1.17831 -0.905214 -1.11886 -1.12602 -0.890234 -1.17657 -0.526995 -1.04921 -0.0840755 -0.763197 0.371557 -0.361791 0.771012 0.0943241 1.05388 0.536172 1.1774 0.896953 1.12288 1.1221 0.898581 1.17759 0.538416 1.05501 0.0968186 0.772904 -0.359411 0.373939 -0.761283 -0.0815731 -1.04805 -0.524751 -1.17635 -0.888587 -1.12677 -1.11806 -0.906811 -1.17847 -0.549749 -1.06069 -0.109553
14.205 0.88284 0.636939 0.294739 -0.0920366 -0.46489 -0.767451 -0.953968 -0.996239 -0.887871 -0.645252 -0.305065 0.0812475 0.45528 0.760467 0.950666 0.997119 0.892798 0.653485 0.315358 -0.0704525 -0.445616 -0.753396 -0.947251 -0.997881 0.059022 -0.326209 -0.662115 -0.897903 -0.997923 -0.947049 -0.752974 -0.445047 -0.0698263 0.315958 0.653963 0.893091 0.997167 0.95047 0.760061 0.454713 0.0806121 -0.305666 -0.645732 -0.888163 -0.996294 -0.953775 -0.767044 -0.464328 0.87017 -0.22807 0.499883 -0.652768 0.0540251 -0.978764 -0.400013 -1.15676 -0.79356 -1.15985 -1.06712 -0.987561 -1.17932 -0.665943 -1.1132 -0.243635 -0.878758 0.215513 -0.511443 0.642079 -0.0667902 0.971554 0.387957 1.15413 0.784048 1.16218 1.06158 0.994513 1.1786 0.676472 1.1174 0.256126 0.887243 -0.202942 0.522935 -0.631311 0.0795523 -0.964228 -0.37586 -1.15135 -0.774445 -1.16438 -1.05592 -1.00134 -1.17774 -0.686898 -1.12147 -0.26859
14.255 0.938558 0.735953 0.422077 0.0443712 -0.340039 -0.673034 -0.904262 -0.99876 -0.942238 -0.743244 -0.431864 -0.0551876 0.32984 0.664989 0.899588 0.998163 0.945807 0.750443 0.441605 0.0659938 -0.319602 -0.656869 -0.894805 -0.997449 0.194364 -0.19449 -0.553936 -0.829622 -0.979863 -0.981943 -0.835544 -0.562808 -0.204973 0.183861 0.54489 0.823536 0.977644 0.983933 0.84145 0.571722 0.215547 -0.173207 -0.535777 -0.81734 -0.975312 -0.985806 -0.847243 -0.58057 0.970738 -0.0682238 0.640866 -0.512735 0.214104 -0.879718 -0.245043 -1.11368 -0.667132 -1.17925 -0.988348 -1.0665 -1.16012 -0.792493 -1.15647 -0.398658 -0.977958 0.0554563 -0.651572 0.501191 -0.226661 0.871139 0.232518 1.10937 0.656546 1.17985 0.981295 1.07193 1.15767 0.801934 1.15899 0.410665 0.985063 -0.0426946 0.662196 -0.489585 0.239197 -0.862454 -0.219971 -1.10492 -0.645883 -1.18031 -0.97413 -1.07722 -1.15508 -0.81126 -1.16137 -0.422626
14.305 0.976802 0.821266 0.541556 0.179953 -0.208856 -0.566086 -0.837721 -0.982686 -0.979062 -0.827398 -0.550624 -0.190595 0.198259 0.55713 0.831761 0.980623 0.981208 0.83343 0.559631 0.201212 -0.187638 -0.548113 -0.8257 -0.978446 0.326087 -0.0591499 -0.435444 -0.745895 -0.943561 -0.998555 -0.902559 -0.670092 -0.336303 0.0483414 0.425673 0.738649 0.93992 0.999078 0.907172 0.678086 0.34647 -0.0375238 -0.415848 -0.7313 -0.936171 -0.999484 -0.911668 -0.686003 1.05323 0.0928927 0.769918 -0.363156 0.370196 -0.764295 -0.0855109 -1.04986 -0.528283 -1.17669 -0.891176 -1.12559 -1.11932 -0.904289 -1.17821 -0.54626 -1.05895 -0.105633 -0.779571 0.350973 -0.382312 0.754505 0.0727511 1.04396 0.51682 1.17554 0.882738 1.12939 1.11518 0.912466 1.179 0.557558 1.06454 0.118348 0.789128 -0.338744 0.394387 -0.744623 -0.059987 -1.03791 -0.505298 -1.17426 -0.8742 -1.13305 -1.11091 -0.920518 -1.17965 -0.568794
14.355 0.99686 0.891289 0.650954 0.312184 -0.0737852 -0.448599 -0.755583 -0.948317 -0.997659 -0.896148 -0.659132 -0.322454 0.0629864 0.438899 0.748448 0.944826 0.99834 0.9009 0.667237 0.332683 -0.0521802 -0.429152 -0.741222 -0.941227 0.45174 0.0772911 -0.308846 -0.648281 -0.889692 -0.996576 -0.952769 -0.764899 -0.461372 -0.0880782 0.298531 0.640009 0.884697 0.995622 0.956005 0.771826 0.470942 0.0988584 -0.288177 -0.631645 -0.879601 -0.994553 -0.959121 -0.778664 1.11612 0.25228 0.884635 -0.206816 0.519397 -0.634641 0.075613 -0.966502 -0.379598 -1.15222 -0.777414 -1.16372 -1.05768 -0.999249 -1.17802 -0.683691 -1.12023 -0.264755 -0.893057 0.19422 -0.530845 0.623823 -0.0883708 0.959109 0.367473 1.14936 0.767747 1.16582 1.05193 1.00601 1.17706 0.694071 1.12421 0.277187 0.901368 -0.181597 0.542236 -0.612928 0.101114 -0.951587 -0.355304 -1.14636 -0.757994 -1.16778 -1.04606 -1.01264 -1.17597 -0.704372
14.405 0.998359 0.944717 0.748232 0.438603 0.0626594 -0.322761 -0.659377 -0.896293 -0.997681 -0.948214 -0.755369 -0.44831 -0.0734584 0.312497 0.651201 0.891439 0.996886 0.951597 0.76242 0.457961 0.0842489 -0.302201 -0.642944 -0.886484 0.568982 0.212293 -0.176497 -0.538597 -0.819259 -0.976043 -0.985242 -0.845466 -0.577852 -0.222858 0.16583 0.529455 0.813003 0.97363 0.987039 0.851197 0.586646 0.2334 -0.155141 -0.52023 -0.806655 -0.971107 -0.988716 -0.856828 1.15823 0.40697 0.982883 -0.0466257 0.658927 -0.493172 0.235329 -0.865146 -0.223846 -1.1063 -0.649177 -1.18018 -0.976348 -1.07561 -1.15589 -0.808393 -1.16065 -0.418948 -0.989915 0.0338513 -0.669495 0.481528 -0.247847 0.856404 0.211283 1.10177 0.638462 1.18055 0.969101 1.08082 1.15321 0.817662 1.16294 0.430865 0.996827 -0.0210688 0.679989 -0.469822 0.260332 -0.847543 -0.198696 -1.09711 -0.627676 -1.18078 -0.961737 -1.0859 -1.15039 -0.826837
14.455 0.981271 0.980558 0.83158 0.556857 0.197937 -0.190913 -0.550896 -0.827581 -0.979129 -0.982626 -0.837543 -0.565819 -0.208536 0.180277 0.54183 0.821455 0.976873 0.984578 0.84341 0.574713 0.219109 -0.169624 -0.532696 -0.815237 0.675631 0.343343 -0.0408621 -0.418887 -0.733573 -0.937338 -0.999371 -0.910293 -0.683573 -0.353489 0.0300428 0.409043 0.726172 0.933511 0.999697 0.91472 0.691428 0.363596 -0.0192159 -0.39913 -0.718691 -0.92958 -0.999905 -0.91904 1.17877 0.554083 1.06283 0.114433 0.78619 -0.342522 0.390664 -0.747683 -0.0639273 -1.03979 -0.508855 -1.17467 -0.87684 -1.13194 -1.11224 -0.918045 -1.17946 -0.565341 -1.06834 -0.127148 -0.795681 0.330267 -0.40271 0.737755 0.0511606 1.03367 0.497291 1.1733 0.868227 1.13552 1.10788 0.92603 1.18002 0.576522 1.07373 0.139852 0.805082 -0.317969 0.414704 -0.727719 -0.038388 -1.02743 -0.485673 -1.17178 -0.859508 -1.13895 -1.10339 -0.933908
14.505 0.945914 0.998143 0.899445 0.664743 0.32953 -0.0555108 -0.432158 -0.743462 -0.942348 -0.998744 -0.904123 -0.672794 -0.33973 0.0447002 0.422372 0.736178 0.938671 0.999228 0.908697 0.680764 0.349891 -0.0338884 -0.412531 -0.728812 0.769701 0.468 0.0955334 -0.291377 -0.634229 -0.881183 -0.994895 -0.958172 -0.776568 -0.477538 -0.106304 0.281016 0.625822 0.876012 0.993743 0.961213 0.783337 0.487024 0.117067 -0.270598 -0.617346 -0.870747 -0.992477 -0.964142 1.17737 0.690881 1.12299 0.273361 0.898816 -0.185494 0.538726 -0.616299 0.097182 -0.953916 -0.359058 -1.14729 -0.761006 -1.16719 -1.04789 -1.01061 -1.17632 -0.701209 -1.12688 -0.28578 -0.907053 0.172858 -0.550074 0.605371 -0.109915 0.946324 0.346861 1.1442 0.751188 1.16907 1.04193 1.01716 1.17513 0.711445 1.13064 0.298169 0.915187 -0.160197 0.561354 -0.594347 0.122634 -0.938626 -0.334627 -1.14098 -0.741277 -1.1708 -1.03586 -1.02359
14.555 0.892946 0.997144 0.950565 0.760253 0.454988 0.0809249 -0.305375 -0.645501 -0.888023 -0.996268 -0.953871 -0.767244 -0.4646 -0.0917086 0.29505 0.637195 0.882995 0.995275 0.957066 0.774142 0.474158 0.102478 -0.284685 -0.628819 0.849441 0.583945 0.23015 -0.158443 -0.523078 -0.808621 -0.971896 -0.988211 -0.855105 -0.592697 -0.240672 0.147757 0.513821 0.802204 0.969287 0.98981 0.860662 0.601383 0.25117 -0.137029 -0.504508 -0.795703 -0.966571 -0.991294 1.15405 0.814816 1.16225 0.4272 0.994708 -0.0250131 0.676758 -0.473442 0.256482 -0.850283 -0.202577 -1.09856 -0.631005 -1.18072 -0.964022 -1.08435 -1.15127 -0.824022 -1.16444 -0.439091 -1.00154 0.0122305 -0.687198 0.461716 -0.268944 0.841362 0.189973 1.0938 0.620164 1.18085 0.956583 1.08935 1.14836 0.833123 1.1665 0.450934 1.00825 0.000558345 0.697554 -0.44991 0.281374 -0.832348 -0.177351 -1.08893 -0.609245 -1.18085 -0.949035 -1.09422
14.605 0.823354 0.977581 0.983988 0.841609 0.571975 0.215854 -0.172906 -0.535523 -0.817164 -0.975243 -0.98586 -0.847408 -0.58082 -0.22641 0.162235 0.526348 0.810878 0.972792 0.987616 0.853107 0.589597 0.236936 -0.151539 -0.517118 0.913367 0.689017 0.360482 -0.0225586 -0.402188 -0.721005 -0.930802 -0.999853 -0.917721 -0.696822 -0.370559 0.0117466 0.392253 0.713461 0.926786 0.99998 0.921964 0.704547 0.380596 -0.000909086 -0.382277 -0.705845 -0.922671 -0.99999 1.10924 0.923581 1.17986 0.573085 1.07208 0.135934 0.80219 -0.32177 0.411007 -0.73082 -0.0423243 -1.02937 -0.489256 -1.17226 -0.86221 -1.13791 -1.10479 -0.931494 -1.18032 -0.584227 -1.07738 -0.148625 -0.811527 0.309465 -0.422965 0.720735 0.0295484 1.02304 0.477594 1.17065 0.853425 1.14126 1.10021 0.939289 1.18064 0.595304 1.08255 0.161303 0.820767 -0.297097 0.434874 -0.710572 -0.0167737 -1.0166 -0.46587 -1.16891 -0.844544 -1.14447
14.655 0.738433 0.939818 0.999091 0.907296 0.678313 0.346764 -0.0372177 -0.415574 -0.731092 -0.936062 -0.999494 -0.911796 -0.686226 -0.356896 0.0263991 0.405703 0.723665 0.932198 0.99978 0.916189 0.694059 0.366983 -0.0155713 -0.395789 0.960288 0.781262 0.484103 0.113746 -0.273811 -0.619966 -0.872379 -0.99288 -0.963252 -0.787973 -0.493547 -0.124482 0.263382 0.611434 0.86703 0.991532 0.966101 0.794593 0.502937 0.135228 -0.252929 -0.602845 -0.861592 -0.990068 1.04378 1.01515 1.17551 0.708301 1.12949 0.29435 0.912687 -0.164108 0.55788 -0.597751 0.118716 -0.94101 -0.338398 -1.14198 -0.744346 -1.17028 -1.03774 -1.02162 -1.17422 -0.718487 -1.13316 -0.306713 -0.920748 0.151453 -0.569113 0.58669 -0.131426 0.933231 0.326132 1.13866 0.734378 1.17192 1.03158 1.02797 1.1728 0.728591 1.13669 0.319045 0.928699 -0.138752 0.580279 -0.575567 0.144116 -0.925355 -0.313822 -1.13521 -0.724329 -1.17342
14.705 0.639763 0.884557 0.995593 0.956091 0.772022 0.471218 0.0991632 -0.287888 -0.631408 -0.879453 -0.99452 -0.959209 -0.778857 -0.480738 -0.109928 0.277504 0.62298 0.874248 0.99333 0.962213 0.7856 0.490197 0.120686 -0.267092 0.98933 0.858961 0.598711 0.247932 -0.140335 -0.507384 -0.797714 -0.967421 -0.990849 -0.864453 -0.607347 -0.258393 0.129608 0.498025 0.791132 0.964624 0.992251 0.869846 0.615915 0.268848 -0.118872 -0.488622 -0.784472 -0.961714 0.958888 1.08782 1.14927 0.83033 1.16588 0.447286 1.00619 -0.00338975 0.694366 -0.453552 0.277547 -0.835136 -0.18124 -1.09044 -0.612623 -1.18086 -0.951374 -1.09273 -1.14627 -0.83937 -1.16784 -0.459091 -1.01283 -0.00937955 -0.704664 0.441722 -0.289954 0.826048 0.168599 1.08547 0.601658 1.18076 0.943748 1.09751 1.14313 0.848314 1.16966 0.470847 1.01934 0.0221764 0.714879 -0.429847 0.302323 -0.816878 -0.155931 -1.08038 -0.590629 -1.18052
14.755 0.529183 0.812829 0.97356 0.987086 0.851359 0.5869 0.233698 -0.154843 -0.51997 -0.806471 -0.97103 -0.988763 -0.856987 -0.595629 -0.244209 0.144138 0.510695 0.800022 0.968386 0.990324 0.862515 0.604286 0.254696 -0.133423 0.999953 0.920669 0.702172 0.377503 -0.00424746 -0.385356 -0.708198 -0.923952 -0.999999 -0.92484 -0.709839 -0.387494 -0.00657867 0.375343 0.700505 0.919757 0.999928 0.928904 0.717425 0.397462 0.017398 -0.365301 -0.692747 -0.915455 0.856144 1.14024 1.10164 0.9369 1.18056 0.591894 1.08096 0.157391 0.817925 -0.30091 0.43121 -0.713713 -0.0207071 -1.0186 -0.469495 -1.16946 -0.847292 -1.1435 -1.09697 -0.944625 -1.18078 -0.602921 -1.08605 -0.170037 -0.827097 0.288531 -0.443084 0.703485 0.00792617 1.01206 0.457738 1.16762 0.838341 1.14662 1.09217 0.952242 1.18087 0.613882 1.091 0.182692 0.836171 -0.276124 0.454901 -0.693192 0.00486278 -1.00543 -0.445933 -1.16564
14.805 0.408751 0.725967 0.933401 0.999704 0.914844 0.691654 0.363882 -0.0189142 -0.39885 -0.718474 -0.929462 -0.999909 -0.919162 -0.699431 -0.373942 0.00808904 0.388903 0.710902 0.925413 0.999996 0.923371 0.707123 0.383965 0.00273107 0.99196 0.965236 0.79256 0.500045 0.13192 -0.256154 -0.605496 -0.86328 -0.990532 -0.968008 -0.799115 -0.50938 -0.142643 0.245673 0.596836 0.857767 0.988989 0.970668 0.805579 0.518676 0.153344 -0.23518 -0.588125 -0.852152 0.73746 1.17143 1.0335 1.02603 1.17326 0.725483 1.13561 0.315242 0.926256 -0.142666 0.576845 -0.579002 0.140211 -0.927791 -0.317626 -1.13629 -0.727436 -1.17297 -1.02725 -1.03229 -1.17174 -0.735527 -1.13905 -0.327529 -0.93413 0.129967 -0.587964 0.567826 -0.152894 0.91982 0.305295 1.13274 0.717327 1.17438 1.02088 1.03844 1.17008 0.745489 1.14236 0.339805 0.941895 -0.11726 0.59901 -0.5566 0.165566 -0.911759 -0.292934 -1.12906
14.855 0.280708 0.625589 0.875865 0.99371 0.961298 0.783532 0.487291 0.117366 -0.270305 -0.617101 -0.87059 -0.992439 -0.964224 -0.790212 -0.496714 -0.128111 0.25987 0.608546 0.865212 0.991052 0.967037 0.796796 0.506085 0.138834 0.965498 0.991832 0.868193 0.613277 0.265631 -0.122182 -0.491522 -0.786536 -0.962622 -0.993154 -0.873514 -0.621783 -0.276052 0.111429 0.482055 0.779806 0.959637 0.994361 0.878735 0.630234 0.286436 -0.10068 -0.472554 -0.772984 0.605046 1.18081 0.946113 1.09605 1.14411 0.845565 1.16912 0.467223 1.01734 0.0182347 0.711741 -0.433512 0.298519 -0.81971 -0.159844 -1.08196 -0.594036 -1.18061 -0.938403 -1.10074 -1.14088 -0.854439 -1.17085 -0.478923 -1.02377 -0.0310162 -0.721898 0.421594 -0.310868 0.81045 0.147168 1.07678 0.582957 1.18027 0.930588 1.10531 1.13751 0.863216 1.17244 0.490593 1.03008 0.0437869 0.731967 -0.409646 0.323187 -0.801117 -0.134482 -1.07146
14.905 0.14744 0.513564 0.802021 0.969215 0.989854 0.860822 0.601628 0.251462 -0.136727 -0.504239 -0.795509 -0.966491 -0.991334 -0.86628 -0.610239 -0.261925 0.125999 0.49486 0.788902 0.963656 0.992698 0.871635 0.618783 0.272352 0.921062 0.999963 0.927662 0.715092 0.394396 0.0140641 -0.368397 -0.695149 -0.916791 -0.99981 -0.93165 -0.722609 -0.404322 -0.0248891 0.358299 0.687328 0.912418 0.999541 0.93553 0.730058 0.414194 0.0356943 -0.348184 -0.679425 0.461368 1.1682 0.841114 1.14567 1.09367 0.949904 1.18085 0.610506 1.08949 0.178796 0.833385 -0.279951 0.451268 -0.696369 0.000914687 -1.00749 -0.449577 -1.16627 -0.832086 -1.1487 -1.08878 -0.957443 -1.18084 -0.621401 -1.09435 -0.191422 -0.842392 0.267514 -0.463054 0.685992 -0.0136987 1.00076 0.437734 1.1642 0.822966 1.1516 1.08377 0.964872 1.1807 0.632247 1.09909 0.204019 0.851296 -0.255065 0.474791 -0.675559 0.026474 -0.993917
14.955 0.0114263 0.391978 0.713246 0.926675 0.999982 0.922086 0.704764 0.380875 -0.000604323 -0.381989 -0.705618 -0.92255 -0.999988 -0.92622 -0.712402 -0.390863 -0.0102177 0.371962 0.697904 0.918319 0.999878 0.930245 0.71996 0.4008 0.859477 0.989476 0.96986 0.803594 0.515819 0.150048 -0.238413 -0.59082 -0.853892 -0.987852 -0.972441 -0.809983 -0.525064 -0.160744 0.227873 0.582053 0.848213 0.986112 0.974909 0.816291 0.534241 0.171404 -0.217332 -0.573216 0.3091 1.13385 0.720456 1.17396 1.02286 1.03656 1.17061 0.742423 1.14135 0.336028 0.939514 -0.121177 0.595617 -0.560062 0.161656 -0.914257 -0.296748 -1.13021 -0.710278 -1.17527 -1.01641 -1.04262 -1.16886 -0.752309 -1.14456 -0.348264 -0.947202 0.108453 -0.606619 0.548762 -0.17431 0.906114 0.284362 1.12644 0.700023 1.17645 1.00984 1.04856 1.16697 0.76213 1.14764 0.360452 0.954776 -0.0957351 0.617555 -0.537425 0.186937 -0.897864
15.005 -0.1248 0.263094 0.611192 0.866883 0.991492 0.966182 0.794779 0.503198 0.13553 -0.252627 -0.60259 -0.861433 -0.990025 -0.968916 -0.801301 -0.512524 -0.146244 0.242138 0.593913 0.855885 0.988442 0.971536 0.807733 0.521785 0.78189 0.960568 0.994001 0.877134 0.627639 0.283239 -0.10399 -0.475491 -0.775095 -0.957502 -0.995127 -0.882276 -0.63603 -0.293606 0.0932048 0.465941 0.768215 0.954323 0.996136 0.887326 0.644342 0.303923 -0.0824342 -0.456336 0.151077 1.07839 0.586384 1.18039 0.93301 1.10391 1.13857 0.860517 1.17196 0.487004 1.02815 0.0398519 0.728876 -0.413329 0.319388 -0.804006 -0.138394 -1.07311 -0.575246 -1.17996 -0.925121 -1.10839 -1.13511 -0.869211 -1.17346 -0.498622 -1.03438 -0.0526275 -0.73889 0.401316 -0.331677 0.794598 0.125695 1.06772 0.564048 1.17939 0.91712 1.11274 1.13152 0.877823 1.17482 0.510175 1.04048 0.0653769 0.748822 -0.389285 0.34392 -0.785096
15.055 -0.258703 0.129312 0.497759 0.790952 0.964543 0.99229 0.869997 0.616153 0.269141 -0.118563 -0.488343 -0.784279 -0.96163 -0.993574 -0.875283 -0.624643 -0.279548 0.107806 0.478865 0.777516 0.958604 0.99474 0.880469 0.633056 0.689747 0.913776 0.999637 0.934344 0.727773 0.411157 0.0323689 -0.351309 -0.681867 -0.909326 -0.999286 -0.938143 -0.735155 -0.421002 -0.0431991 0.341155 0.673916 0.904767 0.998818 0.941841 0.742447 0.430783 0.0539986 -0.33096 -0.00975786 1.00285 0.441395 1.16485 0.82579 1.15072 1.08533 0.962591 1.18076 0.628914 1.09765 0.200139 0.848565 -0.2589 0.471173 -0.678786 0.0225362 -0.996037 -0.429504 -1.16268 -0.816605 -1.15352 -1.08023 -0.969931 -1.18051 -0.639697 -1.1023 -0.212728 -0.857404 0.246398 -0.482868 0.668288 -0.0353118 0.989118 0.417571 1.16038 0.807321 1.15619 1.075 0.977174 1.18013 0.650399 1.10681 0.225272 0.866148 -0.233897 0.4945 -0.65771
15.105 -0.387789 -0.00687756 0.375059 0.700295 0.919636 0.999924 0.929017 0.717636 0.397742 0.0177098 -0.365004 -0.692523 -0.915331 -0.999733 -0.932968 -0.725133 -0.407647 -0.028533 0.354901 0.684672 0.910919 0.999424 0.936812 0.732541 0.584762 0.849972 0.986661 0.974159 0.814358 0.53142 0.168125 -0.220587 -0.575945 -0.84422 -0.984841 -0.976544 -0.820593 -0.54056 -0.178799 0.210017 0.567069 0.838367 0.982904 0.978821 0.826729 0.549623 0.189426 -0.199422 -0.170412 0.908635 0.288188 1.12762 0.703195 1.1761 1.01188 1.04674 1.16757 0.759114 1.14671 0.356701 0.952456 -0.0996508 0.614187 -0.540929 0.183047 -0.900416 -0.275766 -1.12376 -0.692886 -1.17718 -1.00523 -1.05259 -1.16559 -0.768862 -1.14969 -0.368868 -0.959956 0.0868926 -0.625069 0.529537 -0.195661 0.8921 0.263319 1.11976 0.682491 1.17812 0.998466 1.05833 1.16347 0.778515 1.15254 0.380973 0.967348 -0.0741544 0.635873 -0.51808
15.155 -0.509656 -0.142939 0.245377 0.5966 0.857608 0.988942 0.970742 0.805758 0.518937 0.153652 -0.234869 -0.587873 -0.851991 -0.987279 -0.973284 -0.812122 -0.528157 -0.164341 0.22433 0.579081 0.846274 0.985501 0.975714 0.818388 0.46889 0.770344 0.955316 0.995837 0.885781 0.641789 0.300751 -0.0857578 -0.4593 -0.763397 -0.95206 -0.996765 -0.890754 -0.650054 -0.311069 0.0749696 0.449665 0.756358 0.948691 0.997577 0.895619 0.65823 0.321327 -0.0641707 -0.327892 0.797507 0.129616 1.06939 0.567509 1.17958 0.919602 1.11141 1.13264 0.875181 1.17442 0.506621 1.03861 0.0614534 0.745765 -0.393001 0.34015 -0.788032 -0.116894 -1.06391 -0.556267 -1.17892 -0.911525 -1.11566 -1.12896 -0.883713 -1.17568 -0.51814 -1.04464 -0.0742305 -0.755634 0.380926 -0.352368 0.778473 0.104166 1.0583 0.544955 1.17811 0.903344 1.11979 1.12514 0.892136 1.17681 0.529581 1.05054 0.0869686 0.765408 -0.368804
15.205 -0.622034 -0.276339 0.111125 0.481797 0.779613 0.959548 0.994393 0.878879 0.630471 0.286734 -0.100362 -0.472279 -0.772789 -0.956445 -0.99548 -0.883992 -0.638834 -0.297089 0.0895826 0.462709 0.765874 0.95323 0.99645 0.888998 0.344289 0.676373 0.906185 0.998975 0.940713 0.740209 0.427778 0.0506678 -0.334103 -0.668361 -0.901554 -0.998427 -0.944331 -0.747445 -0.437549 -0.0614739 0.323889 0.660268 0.896816 0.997761 0.947835 0.754583 0.447245 0.0722748 -0.479269 0.671532 -0.031369 0.991261 0.421257 1.1611 0.810197 1.15538 1.07663 0.974955 1.18026 0.647109 1.10544 0.221413 0.863459 -0.237756 0.49092 -0.660976 0.0441548 -0.984257 -0.409291 -1.15871 -0.800846 -1.15795 -1.07131 -0.982111 -1.17978 -0.657766 -1.10987 -0.233972 -0.872129 0.225223 -0.502514 0.650353 -0.0569273 0.977134 0.397274 1.15617 0.791404 1.16039 1.06587 0.989148 1.17917 0.668329 1.11417 0.246472 0.880693 -0.212662
15.255 -0.722831 -0.404595 -0.0251948 0.358025 0.687104 0.91229 0.999532 0.935637 0.730267 0.414478 0.0360139 -0.347892 -0.679199 -0.907803 -0.999142 -0.939403 -0.737617 -0.424306 -0.0468327 0.337722 0.671215 0.903212 0.998635 0.943058 0.213277 0.56981 0.840184 0.983515 0.978132 0.824848 0.54684 0.18615 -0.202687 -0.560882 -0.834264 -0.981502 -0.980326 -0.830921 -0.555882 -0.196773 0.192084 0.551884 0.828243 0.979369 0.982404 0.836887 0.564837 0.207375 -0.621722 0.533054 -0.19177 0.894672 0.267162 1.12101 0.685709 1.17784 1.00057 1.05658 1.16413 0.77555 1.15168 0.377251 0.965078 -0.0780849 0.632551 -0.521614 0.204381 -0.886278 -0.254696 -1.11693 -0.675257 -1.17869 -0.99372 -1.06222 -1.16192 -0.785146 -1.15443 -0.389357 -0.972388 0.0653278 -0.643305 0.510125 -0.21696 0.877776 0.242196 1.11271 0.66473 1.17939 0.986757 1.06774 1.15958 0.794635 1.15706 0.401388 0.979581 -0.0525607
15.305 -0.81017 -0.525318 -0.161046 0.227587 0.581802 0.848046 0.986061 0.974976 0.816467 0.534505 0.171719 -0.217028 -0.572964 -0.842261 -0.984202 -0.977325 -0.822668 -0.543623 -0.182376 0.206447 0.56406 0.836379 0.982227 0.979559 0.0782952 0.452638 0.75854 0.949743 0.997339 0.894131 0.655722 0.318167 -0.0674969 -0.44296 -0.751441 -0.946303 -0.99807 -0.898927 -0.663866 -0.328409 0.0567016 0.433226 0.744251 0.942744 0.998684 0.90361 0.671913 0.338614 -0.752601 0.384652 -0.348601 0.781427 0.108093 1.06005 0.548455 1.17838 0.905881 1.11853 1.12633 0.889551 1.17648 0.526066 1.04873 0.0830402 0.762404 -0.372542 0.360803 -0.771798 -0.0953587 -1.05435 -0.537097 -1.17748 -0.897628 -1.12256 -1.12243 -0.897908 -1.17751 -0.537493 -1.05454 -0.0957842 -0.772119 0.3604 -0.372954 0.762076 0.0826085 1.04853 0.52568 1.17644 0.889271 1.12646 1.11839 0.906146 1.1784 0.54883 1.06023 0.108519
15.355 -0.882427 -0.636261 -0.293899 0.0929121 0.465668 0.768014 0.954232 0.996163 0.887466 0.644581 0.304227 -0.0821235 -0.456062 -0.761037 -0.950939 -0.997052 -0.892402 -0.65282 -0.314524 0.0713293 0.446403 0.753974 0.947532 0.997824 -0.0581445 0.327039 0.662773 0.89829 0.997979 0.946767 0.752395 0.44426 0.0689498 -0.316791 -0.654628 -0.893486 -0.997232 -0.950197 -0.75949 -0.45393 -0.079736 0.306503 0.646402 0.888566 0.99637 0.95351 0.766479 0.463549 -0.869468 0.229089 -0.498942 0.653633 -0.0529882 0.979344 0.400989 1.15697 0.794328 1.15965 1.06756 0.986992 1.17937 0.665086 1.11285 0.242619 0.878064 -0.216533 0.510507 -0.64295 0.0657539 -0.972144 -0.388937 -1.15435 -0.784824 -1.162 -1.06204 -0.993953 -1.17866 -0.675622 -1.11707 -0.255113 -0.886557 0.203964 -0.522005 0.632187 -0.0785167 0.964827 0.376844 1.15158 0.775228 1.16421 1.05639 1.00079 1.17781 0.686054 1.12114 0.267579
15.405 -0.938254 -0.735358 -0.42128 -0.0434927 0.340865 0.673684 0.904637 0.998804 0.941943 0.742656 0.431072 0.0543099 -0.330669 -0.665645 -0.899971 -0.998216 -0.945522 -0.749862 -0.440817 -0.0651168 0.320435 0.657532 0.895197 0.997511 -0.193502 0.195352 0.554668 0.830112 0.980038 0.981776 0.835061 0.562082 0.204113 -0.184725 -0.545627 -0.824034 -0.977829 -0.983776 -0.840975 -0.571 -0.214689 0.174072 0.536519 0.817846 0.975506 0.985658 0.846776 0.579854 -0.970147 0.06926 -0.639993 0.51367 -0.213083 0.880411 0.246058 1.11402 0.667988 1.17919 0.988915 1.06606 1.16031 0.791724 1.15626 0.397681 0.977376 -0.0564928 0.650706 -0.502131 0.225642 -0.871839 -0.233536 -1.10972 -0.657408 -1.1798 -0.981872 -1.07149 -1.15787 -0.801173 -1.15879 -0.409692 -0.98449 0.0437318 -0.661336 0.490529 -0.23818 0.863162 0.220991 1.10528 0.646752 1.18028 0.974716 1.0768 1.15529 0.810505 1.16118 0.421657
15.455 -0.976613 -0.820764 -0.540817 -0.179088 0.209716 0.566811 0.8382 0.982849 0.978883 0.826904 0.54989 0.189732 -0.19912 -0.55786 -0.832248 -0.980795 -0.981038 -0.832944 -0.558902 -0.20035 0.188501 0.548848 0.826195 0.978627 -0.325256 0.0600273 0.436235 0.74648 0.943852 0.998507 0.90218 0.669439 0.335476 -0.0492194 -0.426468 -0.739241 -0.94022 -0.99904 -0.906802 -0.67744 -0.345645 0.0384016 0.416647 0.731899 0.93648 0.999455 0.911307 0.685363 -1.05276 -0.091858 -0.76913 0.364144 -0.369211 0.765085 0.0865464 1.05034 0.529211 1.17677 0.891857 1.12527 1.11965 0.903621 1.17814 0.545339 1.05849 0.104599 0.778791 -0.351964 0.38133 -0.755303 -0.073787 -1.04444 -0.517753 -1.17564 -0.883427 -1.12908 -1.11552 -0.911807 -1.17894 -0.556643 -1.06409 -0.117315 -0.788356 0.339738 -0.393409 0.745428 0.0610236 1.03841 0.506235 1.17437 0.874897 1.13276 1.11126 0.919867 1.1796 0.567884
15.505 -0.99679 -0.890889 -0.650286 -0.311349 0.0746617 0.449385 0.756158 0.948596 0.997598 0.895758 0.658471 0.321622 -0.0638636 -0.439689 -0.749031 -0.945114 -0.998289 -0.900518 -0.666582 -0.331854 0.053058 0.429945 0.741811 0.941523 -0.450956 -0.0764148 0.309681 0.64895 0.890093 0.996648 0.952502 0.764333 0.460593 0.0872026 -0.29937 -0.640685 -0.885106 -0.995704 -0.955747 -0.771267 -0.470166 -0.0979843 0.289019 0.632326 0.880019 0.994645 0.958872 0.778112 -1.11578 -0.251266 -0.883947 0.207838 -0.518465 0.635516 -0.0745768 0.967098 0.380581 1.15245 0.778195 1.16354 1.05814 0.998696 1.17809 0.682844 1.1199 0.263743 0.892377 -0.195244 0.529918 -0.624704 0.0873357 -0.959714 -0.368459 -1.14959 -0.768535 -1.16565 -1.0524 -1.00547 -1.17714 -0.693231 -1.12389 -0.276178 -0.900697 0.182622 -0.541314 0.613815 -0.10008 0.952201 0.356294 1.1466 0.75879 1.16763 1.04654 1.0121 1.17606 0.703539
15.555 -0.998409 -0.944429 -0.747649 -0.437813 -0.0617821 0.323593 0.660038 0.896682 0.997741 0.947934 0.754793 0.447524 0.0725818 -0.313332 -0.651868 -0.891837 -0.996955 -0.951326 -0.761851 -0.457179 -0.083373 0.303038 0.643617 0.88689 -0.568259 -0.211434 0.177362 0.539338 0.819762 0.976234 0.985091 0.844997 0.577135 0.222001 -0.166697 -0.530201 -0.813514 -0.97383 -0.986898 -0.850735 -0.585934 -0.232546 0.156009 0.52098 0.807174 0.971316 0.988584 0.856375 -1.15803 -0.405996 -0.982307 0.0476628 -0.658066 0.494115 -0.234312 0.865852 0.224866 1.10667 0.650044 1.18015 0.976932 1.07518 1.1561 0.807637 1.16046 0.417978 0.989349 -0.0348888 0.66864 -0.482475 0.246832 -0.857119 -0.212305 -1.10214 -0.639335 -1.18052 -0.969694 -1.08041 -1.15343 -0.816913 -1.16276 -0.429898 -0.99627 0.0221058 -0.67914 0.470774 -0.25932 0.848265 0.199719 1.09749 0.628555 1.18076 0.962339 1.0855 1.15062 0.826096
15.605 -0.98144 -0.980385 -0.831091 -0.556126 -0.197076 0.191776 0.551629 0.828074 0.979308 0.982463 0.837062 0.565094 0.207676 -0.181141 -0.542569 -0.821956 -0.97706 -0.984424 -0.842937 -0.573993 -0.218252 0.17049 0.53344 0.815746 -0.674983 -0.342517 0.0417403 0.419685 0.73417 0.937644 0.99934 0.909929 0.682932 0.352666 -0.0309213 -0.409846 -0.726776 -0.933826 -0.999675 -0.914364 -0.690793 -0.362778 0.0200947 0.399935 0.719302 0.929904 0.999892 0.918694 -1.17871 -0.553167 -1.06238 -0.1134 -0.785415 0.343515 -0.389684 0.748486 0.0649637 1.04028 0.509791 1.17478 0.877535 1.13164 1.11259 0.917392 1.17941 0.56443 1.0679 0.126116 0.794914 -0.331264 0.401734 -0.738566 -0.0521976 -1.03417 -0.498232 -1.17341 -0.86893 -1.13523 -1.10824 -0.925386 -1.17998 -0.575616 -1.07329 -0.138822 -0.804323 0.318969 -0.413732 0.728536 0.0394253 1.02794 0.486619 1.17191 0.860219 1.13868 1.10376 0.933272
15.655 -0.946199 -0.998089 -0.899061 -0.664086 -0.3287 0.0563884 0.432951 0.744049 0.942642 0.9987 0.903747 0.672144 0.338904 -0.0455783 -0.423168 -0.736773 -0.938974 -0.999193 -0.908329 -0.68012 -0.349067 0.0347669 0.413331 0.729414 -0.76914 -0.467223 -0.0946584 0.292218 0.634909 0.881598 0.994983 0.95792 0.776014 0.476766 0.10543 -0.28186 -0.626507 -0.876436 -0.99384 -0.96097 -0.78279 -0.486256 -0.116194 0.271445 0.618038 0.871179 0.992584 0.963909 -1.17745 -0.690039 -1.12267 -0.272351 -0.898142 0.186519 -0.537802 0.617184 -0.0961475 0.954527 0.360047 1.14754 0.7618 1.16704 1.04836 1.01007 1.17641 0.700374 1.12657 0.284772 0.906388 -0.173885 0.549156 -0.606263 0.108881 -0.946945 -0.347853 -1.14446 -0.751989 -1.16892 -1.04242 -1.01663 -1.17523 -0.710616 -1.13034 -0.297165 -0.914531 0.161225 -0.560441 0.595244 -0.121602 0.939256 0.335622 1.14124 0.742084 1.17066 1.03636 1.02307
15.705 -0.893342 -0.99721 -0.950292 -0.759681 -0.454205 -0.0800487 0.306212 0.646172 0.888426 0.996343 0.953606 0.76668 0.463822 0.0908333 -0.29589 -0.637872 -0.883407 -0.99536 -0.95681 -0.773585 -0.473384 -0.101603 0.285527 0.629502 -0.848977 -0.583231 -0.229295 0.159311 0.523827 0.809138 0.972102 0.988076 0.854649 0.591989 0.239819 -0.148626 -0.514574 -0.802729 -0.969503 -0.989685 -0.860214 -0.600681 -0.250319 0.1379 0.505267 0.796235 0.966796 0.991178 -1.15427 -0.814065 -1.16206 -0.426232 -0.994148 0.0260508 -0.675907 0.474392 -0.255469 0.851003 0.203599 1.09894 0.631882 1.1807 0.964622 1.08394 1.1515 0.823278 1.16427 0.438127 1.00099 -0.0132683 0.686354 -0.462672 0.267933 -0.84209 -0.190997 -1.09419 -0.621047 -1.18085 -0.957191 -1.08895 -1.1486 -0.832387 -1.16634 -0.449975 -1.00771 0.000479593 -0.696716 0.45087 -0.280365 0.833083 0.178377 1.08933 0.610134 1.18085 0.949652 1.09383
15.755 -0.823853 -0.977766 -0.983831 -0.841134 -0.571254 -0.214996 0.173771 0.536265 0.81767 0.975437 0.985712 0.846941 0.580104 0.225554 -0.163102 -0.527096 -0.811392 -0.972995 -0.987478 -0.852648 -0.588887 -0.236082 0.152407 0.51787 -0.913009 -0.68838 -0.359662 0.0234373 0.402993 0.721614 0.931123 0.999838 0.917372 0.696191 0.369743 -0.0126261 -0.393061 -0.714076 -0.927115 -0.999974 -0.921623 -0.703923 -0.379784 0.00178805 0.383089 0.706467 0.923009 0.999993 -1.1096 -0.922934 -1.17982 -0.572178 -1.07164 -0.134903 -0.801428 0.322768 -0.410034 0.731635 0.0433616 1.02987 0.4902 1.17239 0.862919 1.13763 1.10516 0.930856 1.18029 0.583325 1.07695 0.147595 0.810773 -0.310467 0.421996 -0.721557 -0.030586 -1.02356 -0.478543 -1.17079 -0.854142 -1.14099 -1.10059 -0.93866 -1.18062 -0.594408 -1.08213 -0.160275 -0.82002 0.298101 -0.433909 0.711401 0.0178115 1.01713 0.466824 1.16906 0.845269 1.14422
15.805 -0.739025 -0.940118 -0.999053 -0.906926 -0.677667 -0.34594 0.0380961 0.416373 0.731691 0.93637 0.999466 0.911435 0.685587 0.356075 -0.0272777 -0.406506 -0.724272 -0.932516 -0.999761 -0.915836 -0.693426 -0.366165 0.0164502 0.396596 -0.960042 -0.780713 -0.483334 -0.112872 0.274656 0.620655 0.872808 0.992984 0.963016 0.787431 0.492783 0.123609 -0.26423 -0.61213 -0.867467 -0.991646 -0.965874 -0.794059 -0.502178 -0.134357 0.253779 0.603546 0.862038 0.990192 -1.04427 -1.01462 -1.17561 -0.70747 -1.12919 -0.293344 -0.912028 0.165135 -0.556965 0.598645 -0.117684 0.941637 0.339392 1.14225 0.745151 1.17014 1.03824 1.0211 1.17433 0.717663 1.13286 0.30571 0.920098 -0.152483 0.568203 -0.587591 0.130395 -0.933867 -0.32713 -1.13893 -0.73519 -1.17179 -1.03209 -1.02746 -1.17292 -0.727775 -1.13641 -0.318045 -0.928057 0.139782 -0.579374 0.576474 -0.143086 0.926 0.314822 1.1355 0.725149 1.1733
15.855 -0.640439 -0.884967 -0.995675 -0.955833 -0.771464 -0.470443 -0.0982885 0.28873 0.63209 0.879871 0.994612 0.95896 0.778305 0.479967 0.109054 -0.278348 -0.623667 -0.874675 -0.993431 -0.961973 -0.785056 -0.489431 -0.119813 0.267939 -0.989202 -0.858511 -0.598006 -0.24708 0.141206 0.508141 0.798244 0.967643 0.99073 0.864011 0.606648 0.257543 -0.13048 -0.498787 -0.791669 -0.964856 -0.992142 -0.869412 -0.615222 -0.268001 0.119745 0.489388 0.785017 0.961955 -0.959494 -1.08742 -1.14951 -0.829592 -1.16571 -0.446325 -1.00565 0.00442768 -0.693527 0.454511 -0.276538 0.835869 0.182265 1.09084 0.613511 1.18087 0.951988 1.09234 1.14652 0.838639 1.16769 0.458134 1.01229 0.00834093 0.703831 -0.442685 0.288948 -0.826789 -0.169626 -1.08587 -0.602551 -1.18077 -0.944371 -1.09713 -1.14339 -0.847592 -1.16952 -0.469895 -1.01882 -0.0211386 -0.714053 0.430814 -0.30132 0.817627 0.15696 1.08079 0.591528 1.18055
15.905 -0.529929 -0.813341 -0.97376 -0.986945 -0.850897 -0.586188 -0.232843 0.155711 0.52072 0.80699 0.97124 0.988631 0.856534 0.594923 0.243356 -0.145008 -0.511451 -0.800549 -0.968605 -0.990201 -0.86207 -0.603585 -0.253846 0.134294 -0.999944 -0.920325 -0.701546 -0.376689 0.00512642 0.386167 0.708818 0.924287 1 0.924505 0.709219 0.386683 0.00569972 -0.376157 -0.701131 -0.920102 -0.999938 -0.928578 -0.716813 -0.396655 -0.0165192 0.366119 0.693381 0.915808 -0.856858 -1.13997 -1.10201 -0.936268 -1.18053 -0.590996 -1.08055 -0.156362 -0.817176 0.301914 -0.430244 0.71454 0.0217449 1.01912 0.470448 1.16961 0.848015 1.14324 1.09735 0.944002 1.18077 0.602029 1.08564 0.169009 0.826355 -0.289537 0.442121 -0.704319 -0.00896408 -1.0126 -0.458694 -1.16778 -0.839072 -1.14637 -1.09257 -0.951629 -1.18086 -0.612995 -1.09061 -0.181666 -0.835438 0.277133 -0.453943 0.694032 -0.00382484 1.00597 0.446894 1.16581
15.955 -0.409553 -0.726571 -0.933716 -0.999682 -0.914489 -0.691019 -0.363063 0.019793 0.399656 0.719085 0.929786 0.999897 0.918815 0.698803 0.373127 -0.00896797 -0.389713 -0.71152 -0.925746 -0.999994 -0.923033 -0.706502 -0.383153 -0.00185211 -0.992071 -0.965005 -0.792024 -0.499283 -0.131048 0.257003 0.606196 0.863723 0.990652 0.967787 0.798587 0.508623 0.141773 -0.246525 -0.59754 -0.858218 -0.989118 -0.970457 -0.805058 -0.517925 -0.152476 0.236034 0.588836 0.852612 -0.73827 -1.1713 -1.034 -1.02551 -1.17337 -0.724663 -1.13533 -0.314241 -0.925612 0.143696 -0.575939 0.579907 -0.13918 0.928433 0.318626 1.13657 0.728253 1.17285 1.02776 1.03179 1.17187 0.734715 1.13878 0.326531 0.933495 -0.130999 0.587064 -0.568735 0.151865 -0.92047 -0.306297 -1.13304 -0.718151 -1.17427 -1.0214 -1.03795 -1.17022 -0.744684 -1.14209 -0.338811 -0.941268 0.118293 -0.598116 0.557515 -0.164538 0.912418 0.29394 1.12937
16.005 -0.281552 -0.626275 -0.876288 -0.993808 -0.961055 -0.782986 -0.486523 -0.116493 0.271151 0.617792 0.871022 0.992546 0.96399 0.789673 0.495951 0.127239 -0.260719 -0.609243 -0.865652 -0.991169 -0.966812 -0.796265 -0.505326 -0.137963 -0.965727 -0.991719 -0.867756 -0.612583 -0.264783 0.123055 0.492287 0.787079 0.96286 0.993051 0.873086 0.621094 0.275207 -0.112303 -0.482824 -0.780356 -0.959883 -0.994267 -0.878315 -0.629551 -0.285593 0.101554 0.473328 0.773542 -0.605937 -1.18082 -0.946734 -1.09567 -1.14437 -0.84484 -1.16897 -0.46627 -1.01682 -0.0171969 -0.710912 0.434477 -0.297514 0.820457 0.160872 1.08237 0.594933 1.18063 0.939033 1.10037 1.14115 0.853722 1.17071 0.477973 1.02325 0.0299786 0.721076 -0.422564 0.309866 -0.811204 -0.148198 -1.0772 -0.583859 -1.18031 -0.931226 -1.10494 -1.13779 -0.862508 -1.17232 -0.489649 -1.02957 -0.0427497 -0.731152 0.410619 -0.322189 0.801879 0.135513 1.0719
16.055 -0.148309 -0.514319 -0.802546 -0.969431 -0.989729 -0.860374 -0.600926 -0.250611 0.137598 0.504998 0.796042 0.966717 0.991218 0.865841 0.609542 0.261077 -0.126871 -0.495624 -0.789441 -0.96389 -0.992592 -0.871203 -0.618092 -0.271506 -0.921403 -0.99997 -0.927333 -0.714478 -0.393588 -0.0131852 0.369214 0.695781 0.917142 0.999827 0.93133 0.722001 0.403518 0.0240104 -0.359119 -0.687966 -0.912777 -0.999567 -0.93522 -0.729458 -0.413394 -0.0348159 0.349008 0.68007 -0.462323 -1.16835 -0.841843 -1.14542 -1.09406 -0.949287 -1.18085 -0.609617 -1.08909 -0.17777 -0.832649 0.280959 -0.450309 0.697207 0.00012325 1.00803 0.450537 1.16643 0.832822 1.14846 1.08918 0.956835 1.18085 0.620517 1.09396 0.190398 0.841664 -0.268524 0.462099 -0.686836 0.0126608 -1.00131 -0.438698 -1.16437 -0.82371 -1.15137 -1.08418 -0.964274 -1.18071 -0.63137 -1.09871 -0.202996 -0.850577 0.256078 -0.47384 0.67641 -0.0254363 0.994477
16.105 -0.0123052 -0.392787 -0.713862 -0.927005 -0.999976 -0.921745 -0.70414 -0.380063 0.00148329 0.382801 0.706241 0.922889 0.999992 0.925889 0.711784 0.390054 0.00933877 -0.372777 -0.698533 -0.918666 -0.999891 -0.929922 -0.71935 -0.399994 -0.859926 -0.989603 -0.969645 -0.80307 -0.515066 -0.149179 0.239266 0.591529 0.854349 0.987988 0.972235 0.809466 0.524315 0.159876 -0.228729 -0.582767 -0.848678 -0.986257 -0.974713 -0.815783 -0.533498 -0.170538 0.21819 0.573937 -0.310102 -1.13414 -0.721278 -1.17385 -1.02338 -1.03606 -1.17074 -0.741615 -1.14108 -0.335033 -0.938885 0.12221 -0.59472 0.560976 -0.160628 0.914913 0.297753 1.13051 0.711107 1.17517 1.01694 1.04213 1.169 0.751508 1.14431 0.347272 0.946582 -0.109486 0.605728 -0.549681 0.173284 -0.90678 -0.285369 -1.12676 -0.700859 -1.17636 -1.01038 -1.04809 -1.16713 -0.761336 -1.1474 -0.359464 -0.954165 0.0967696 -0.61667 0.538349 -0.185912 0.898538
16.155 0.123928 -0.263943 -0.611888 -0.867321 -0.991606 -0.965955 -0.794245 -0.502438 -0.134659 0.253478 0.603291 0.86188 0.990149 0.968699 0.800775 0.511769 0.145375 -0.242991 -0.59462 -0.856339 -0.988575 -0.971328 -0.807215 -0.521035 -0.782438 -0.960812 -0.993905 -0.876712 -0.626954 -0.282396 0.104864 0.476264 0.77565 0.957755 0.99504 0.881861 0.635351 0.292766 -0.0940793 -0.466719 -0.768778 -0.954585 -0.996059 -0.88692 -0.64367 -0.303085 0.0833101 0.457118 -0.152107 -1.07881 -0.587285 -1.18042 -0.933646 -1.10355 -1.13884 -0.859806 -1.17184 -0.486059 -1.02764 -0.0388146 -0.728059 0.414301 -0.318388 0.804766 0.139425 1.07355 0.576152 1.18 0.925765 1.10803 1.13539 0.868508 1.17334 0.497681 1.03388 0.0515906 0.73808 -0.402291 0.33068 -0.795366 -0.126727 -1.06816 -0.564959 -1.17944 -0.917773 -1.11239 -1.13181 -0.877129 -1.17472 -0.509239 -1.03999 -0.0643406 -0.748019 0.390264 -0.342927 0.785871
16.205 0.257854 -0.130184 -0.498522 -0.791489 -0.964775 -0.992181 -0.869563 -0.61546 -0.268295 0.119435 0.489109 0.784824 0.96187 0.993474 0.874857 0.623957 0.278704 -0.10868 -0.479636 -0.778069 -0.958854 -0.99465 -0.880052 -0.632376 -0.690383 -0.914133 -0.99966 -0.934031 -0.72717 -0.410356 -0.0314904 0.352132 0.68251 0.909691 0.999319 0.937838 0.734559 0.420205 0.0423216 -0.341981 -0.674565 -0.905141 -0.998861 -0.941545 -0.741858 -0.42999 -0.0531209 0.331789 0.00871995 -1.00339 -0.442358 -1.16502 -0.826531 -1.15048 -1.08574 -0.961989 -1.18077 -0.628035 -1.09726 -0.199116 -0.847843 0.259912 -0.470221 0.679635 -0.0214984 0.996594 0.430471 1.16286 0.817354 1.1533 1.08065 0.969338 1.18054 0.638824 1.10192 0.211707 0.85669 -0.247412 0.481921 -0.669144 0.0342744 -0.989684 -0.418541 -1.16057 -0.808078 -1.15598 -1.07543 -0.976591 -1.18017 -0.649533 -1.10645 -0.224253 -0.865442 0.234914 -0.493557 0.658572
16.255 0.386979 0.00599802 -0.375874 -0.700922 -0.919981 -0.999935 -0.928692 -0.717023 -0.396935 -0.0168309 0.365822 0.693156 0.915685 0.999753 0.932652 0.724527 0.406845 0.0276544 -0.355723 -0.685313 -0.911281 -0.999453 -0.936504 -0.731943 -0.585475 -0.850435 -0.986804 -0.97396 -0.813847 -0.530675 -0.167258 0.221444 0.576663 0.844691 0.984993 0.976355 0.82009 0.53982 0.177934 -0.210877 -0.567793 -0.838845 -0.983066 -0.97864 -0.826234 -0.548889 -0.188563 0.200283 0.169384 -0.909298 -0.289195 -1.12793 -0.704029 -1.176 -1.01242 -1.04626 -1.16772 -0.758319 -1.14646 -0.355711 -0.951842 0.100685 -0.6133 0.541851 -0.182022 0.901087 0.276775 1.12408 0.693726 1.17709 1.00578 1.05212 1.16575 0.768074 1.14945 0.367882 0.959351 -0.087927 0.624189 -0.530464 0.194638 -0.89278 -0.264331 -1.12009 -0.683338 -1.17805 -0.99902 -1.05787 -1.16364 -0.777734 -1.15231 -0.37999 -0.966752 0.0751903 -0.634998 0.519012
16.305 0.508899 0.142069 -0.246229 -0.597305 -0.85806 -0.989072 -0.97053 -0.805237 -0.518185 -0.152784 0.235723 0.588584 0.852451 0.987418 0.973082 0.811609 0.527411 0.163474 -0.225187 -0.579797 -0.846742 -0.98565 -0.975521 -0.817883 -0.469666 -0.770904 -0.955576 -0.995757 -0.885373 -0.641114 -0.299913 0.0866335 0.46008 0.763964 0.952329 0.996693 0.890354 0.649386 0.310235 -0.0758461 -0.45045 -0.756932 -0.948969 -0.997516 -0.895228 -0.657569 -0.320495 0.0650479 0.326895 -0.798272 -0.130649 -1.06983 -0.568419 -1.17963 -0.920253 -1.11106 -1.13293 -0.874484 -1.17431 -0.505683 -1.03812 -0.0604168 -0.74496 0.39398 -0.339156 0.788804 0.117927 1.06436 0.557182 1.17898 0.912184 1.11532 1.12926 0.883024 1.17558 0.517207 1.04415 0.0731953 0.754836 -0.381908 0.351377 -0.779253 -0.1052 -1.05876 -0.545876 -1.17818 -0.904012 -1.11946 -1.12546 -0.891456 -1.17672 -0.528653 -1.05006 -0.0859334 -0.764617 0.36979
16.355 0.621345 0.275494 -0.111999 -0.482568 -0.780163 -0.959795 -0.9943 -0.878459 -0.629788 -0.285892 0.101236 0.473053 0.773346 0.956701 0.995396 0.883581 0.638157 0.296249 -0.090458 -0.463488 -0.766439 -0.953495 -0.996376 -0.888596 -0.345114 -0.67702 -0.906557 -0.999015 -0.940415 -0.739618 -0.426983 -0.04979 0.334931 0.669015 0.901934 0.998476 0.944041 0.746861 0.436759 0.0605966 -0.324721 -0.660927 -0.897204 -0.99782 -0.947554 -0.754006 -0.446459 -0.0713982 0.47832 -0.672385 0.0303307 -0.991825 -0.422226 -1.16129 -0.810953 -1.15517 -1.07705 -0.974369 -1.1803 -0.646241 -1.10507 -0.220394 -0.862751 0.238773 -0.489976 0.661835 -0.0431176 0.98483 0.410265 1.15891 0.801609 1.15775 1.07175 0.981534 1.17983 0.656904 1.10951 0.232955 0.871429 -0.226242 0.501575 -0.651219 0.0558906 -0.977716 -0.398251 -1.15638 -0.792174 -1.1602 -1.06632 -0.98858 -1.17922 -0.667473 -1.11382 -0.245457 -0.880001 0.213683
16.405 0.722223 0.40379 0.0243161 -0.358846 -0.687742 -0.912649 -0.999558 -0.935326 -0.729666 -0.413678 -0.0351355 0.348716 0.679844 0.908172 0.999178 0.939102 0.737023 0.42351 0.0459547 -0.338549 -0.671866 -0.903589 -0.99868 -0.942765 -0.214136 -0.570532 -0.84066 -0.983673 -0.977948 -0.824351 -0.546104 -0.185286 0.203547 0.561609 0.834748 0.98167 0.980152 0.830432 0.555152 0.195911 -0.192946 -0.552617 -0.828735 -0.979546 -0.98224 -0.836406 -0.564112 -0.206515 0.62084 -0.53398 0.190745 -0.895349 -0.268173 -1.12134 -0.686554 -1.17777 -1.00112 -1.05611 -1.16431 -0.774767 -1.15145 -0.376268 -0.964479 0.0791205 -0.631674 0.522545 -0.203359 0.886963 0.255709 1.11726 0.676109 1.17862 0.994281 1.06177 1.16211 0.78437 1.15422 0.388377 0.971799 -0.0663641 0.642434 -0.511061 0.21594 -0.87847 -0.243211 -1.11306 -0.665588 -1.17934 -0.987327 -1.0673 -1.15977 -0.793866 -1.15685 -0.400411 -0.979001 0.0535975
16.455 0.809655 0.524569 0.160178 -0.228443 -0.582517 -0.848512 -0.986207 -0.97478 -0.815959 -0.533762 -0.170853 0.217886 0.573684 0.842734 0.984357 0.977139 0.822168 0.542885 0.181512 -0.207307 -0.564785 -0.83686 -0.982391 -0.979382 -0.0791715 -0.453422 -0.759112 -0.950018 -0.997275 -0.893737 -0.655058 -0.317333 0.0683735 0.443748 0.75202 0.946587 0.998015 0.898541 0.663209 0.327578 -0.0575791 -0.434018 -0.744838 -0.943036 -0.998638 -0.903233 -0.671262 -0.337787 0.751801 -0.385633 0.347609 -0.782205 -0.109127 -1.0605 -0.549374 -1.17844 -0.906546 -1.1182 -1.12664 -0.888868 -1.17639 -0.525136 -1.04825 -0.0820048 -0.761611 0.373526 -0.359814 0.772584 0.0963932 1.05482 0.538021 1.17756 0.898302 1.12224 1.12275 0.897233 1.17743 0.536569 1.05408 0.0947496 0.771333 -0.361388 0.371969 -0.762868 -0.0836438 -1.04901 -0.52661 -1.17653 -0.889953 -1.12615 -1.11873 -0.90548 -1.17834 -0.54791 -1.05977 -0.107486
16.505 0.882013 0.635582 0.293058 -0.0937875 -0.466446 -0.768577 -0.954494 -0.996086 -0.887061 -0.643908 -0.30339 0.0829995 0.456844 0.761607 0.95121 0.996984 0.892005 0.652154 0.31369 -0.072206 -0.447189 -0.754551 -0.947813 -0.997765 0.057267 -0.32787 -0.663431 -0.898676 -0.998034 -0.946483 -0.751816 -0.443472 -0.0680732 0.317625 0.655292 0.893881 0.997297 0.949922 0.758919 0.453147 0.0788598 -0.307339 -0.647073 -0.888969 -0.996444 -0.953245 -0.765915 -0.46277 0.868765 -0.230107 0.498 -0.654497 0.0519513 -0.979924 -0.401966 -1.15718 -0.795096 -1.15946 -1.06801 -0.986421 -1.17943 -0.664228 -1.11251 -0.241603 -0.87737 0.217553 -0.509571 0.64382 -0.0647176 0.972733 0.389917 1.15457 0.785599 1.16181 1.06249 0.993392 1.17872 0.674771 1.11673 0.254099 0.885871 -0.204987 0.521073 -0.633063 0.077481 -0.965425 -0.377827 -1.15181 -0.776011 -1.16403 -1.05685 -1.00024 -1.17789 -0.685209 -1.12082 -0.266568
16.555 0.93795 0.734761 0.420482 0.0426143 -0.341691 -0.674333 -0.905011 -0.998846 -0.941647 -0.742067 -0.430278 -0.0534323 0.331499 0.666301 0.900354 0.998268 0.945235 0.74928 0.440027 0.0642396 -0.321267 -0.658194 -0.895588 -0.997573 0.192639 -0.196214 -0.555399 -0.830602 -0.980213 -0.981609 -0.834577 -0.561355 -0.203253 0.185589 0.546364 0.824532 0.978012 0.983618 0.840499 0.570278 0.213831 -0.174937 -0.537261 -0.818351 -0.975699 -0.985509 -0.846308 -0.579137 0.969555 -0.0702961 0.63912 -0.514605 0.212062 -0.881102 -0.247074 -1.11437 -0.668843 -1.17914 -0.989482 -1.06561 -1.1605 -0.790953 -1.15605 -0.396704 -0.976793 0.0575291 -0.64984 0.50307 -0.224624 0.872539 0.234553 1.11008 0.65827 1.17976 0.982448 1.07106 1.15807 0.80041 1.15859 0.408718 0.983917 -0.044769 0.660476 -0.491472 0.237163 -0.86387 -0.22201 -1.10565 -0.64762 -1.18024 -0.975302 -1.07637 -1.1555 -0.80975 -1.16099 -0.420687
16.605 0.976424 0.820261 0.540078 0.178223 -0.210575 -0.567535 -0.838679 -0.983011 -0.978703 -0.82641 -0.549156 -0.188869 0.199981 0.558589 0.832735 0.980966 0.980867 0.832457 0.558173 0.199489 -0.189364 -0.549582 -0.82669 -0.978807 0.324425 -0.0609047 -0.437026 -0.747064 -0.944142 -0.998459 -0.9018 -0.668786 -0.334648 0.0500972 0.427263 0.739833 0.940519 0.999001 0.906431 0.676793 0.34482 -0.0392793 -0.417446 -0.732498 -0.936788 -0.999426 -0.910945 -0.684722 1.05229 0.0908231 0.768341 -0.365131 0.368225 -0.765876 -0.0875819 -1.05081 -0.530138 -1.17686 -0.892537 -1.12496 -1.11998 -0.902953 -1.17807 -0.544418 -1.05803 -0.103566 -0.778011 0.352954 -0.380347 0.7561 0.0748229 1.04493 0.518686 1.17574 0.884116 1.12878 1.11586 0.911148 1.17888 0.555728 1.06364 0.116282 0.787583 -0.340731 0.39243 -0.746233 -0.0620601 -1.0389 -0.507173 -1.17448 -0.875594 -1.13246 -1.11161 -0.919216 -1.17955 -0.566974
16.655 0.99672 0.89049 0.649618 0.310513 -0.0755382 -0.45017 -0.756733 -0.948874 -0.997537 -0.895367 -0.657809 -0.32079 0.0647407 0.440478 0.749613 0.945401 0.998238 0.900135 0.665926 0.331025 -0.0539357 -0.430739 -0.742401 -0.941819 0.450171 0.0755383 -0.310517 -0.649618 -0.890493 -0.996719 -0.952234 -0.763766 -0.459813 -0.086327 0.300208 0.64136 0.885515 0.995785 0.955488 0.770707 0.46939 0.0971101 -0.28986 -0.633007 -0.880436 -0.994735 -0.958622 -0.77756 1.11544 0.250251 0.883258 -0.20886 0.517532 -0.636391 0.0735406 -0.967693 -0.381563 -1.15267 -0.778975 -1.16336 -1.0586 -0.998142 -1.17816 -0.681997 -1.11957 -0.262732 -0.891697 0.196267 -0.52899 0.625585 -0.0863006 0.960319 0.369445 1.14983 0.769323 1.16549 1.05287 1.00492 1.17722 0.692391 1.12357 0.275168 0.900026 -0.183647 0.540391 -0.614701 0.0990454 -0.952815 -0.357283 -1.14685 -0.759585 -1.16747 -1.04702 -1.01157 -1.17615 -0.702705
16.705 0.998459 0.944139 0.747065 0.437022 0.0609048 -0.324424 -0.660698 -0.897071 -0.997799 -0.947654 -0.754216 -0.446738 -0.0717051 0.314167 0.652534 0.892234 0.997023 0.951055 0.761282 0.456398 0.082497 -0.303876 -0.644289 -0.887296 0.567535 0.210575 -0.178227 -0.540078 -0.820265 -0.976424 -0.984939 -0.844526 -0.576417 -0.221144 0.167564 0.530946 0.814025 0.974029 0.986756 0.850273 0.585221 0.231692 -0.156877 -0.52173 -0.807693 -0.971525 -0.988452 -0.85592 1.15782 0.405021 0.98173 -0.0486999 0.657204 -0.495058 0.233294 -0.866557 -0.225884 -1.10703 -0.65091 -1.18011 -0.977514 -1.07475 -1.15631 -0.806879 -1.16027 -0.417007 -0.988782 0.0359262 -0.667784 0.483422 -0.245817 0.857833 0.213325 1.10251 0.640208 1.1805 0.970286 1.07999 1.15365 0.816163 1.16258 0.428932 0.995713 -0.0231429 0.678291 -0.471726 0.258307 -0.848987 -0.200742 -1.09787 -0.629434 -1.18075 -0.96294 -1.08509 -1.15086 -0.825354
16.755 0.981609 0.980211 0.830602 0.555395 0.196214 -0.192638 -0.552362 -0.828567 -0.979485 -0.982298 -0.836581 -0.564369 -0.206816 0.182006 0.543307 0.822457 0.977247 0.984269 0.842464 0.573273 0.217394 -0.171356 -0.534183 -0.816254 0.674334 0.341691 -0.0426185 -0.420482 -0.734766 -0.937949 -0.999307 -0.909564 -0.68229 -0.351844 0.0317998 0.410648 0.72738 0.93414 0.999652 0.914008 0.690157 0.361959 -0.0209735 -0.400741 -0.719912 -0.930227 -0.999879 -0.918346 1.17865 0.552249 1.06192 0.112367 0.78464 -0.344508 0.388704 -0.749288 -0.0660001 -1.04077 -0.510727 -1.17488 -0.878229 -1.13134 -1.11294 -0.916738 -1.17936 -0.563518 -1.06746 -0.125084 -0.794146 0.33226 -0.400758 0.739376 0.0532345 1.03467 0.499173 1.17353 0.869633 1.13494 1.1086 0.924741 1.17994 0.574709 1.07286 0.137792 0.803562 -0.319968 0.412759 -0.729353 -0.0404627 -1.02845 -0.487564 -1.17204 -0.86093 -1.1384 -1.10413 -0.932636
16.805 0.946483 0.998034 0.898676 0.663428 0.32787 -0.0572659 -0.433743 -0.744636 -0.942935 -0.998654 -0.903371 -0.671493 -0.338076 0.0464563 0.423965 0.737367 0.939276 0.999157 0.907961 0.679476 0.348243 -0.0356453 -0.414131 -0.730015 0.768578 0.466446 0.0937833 -0.293058 -0.635588 -0.882012 -0.995071 -0.957667 -0.77546 -0.475993 -0.104556 0.282704 0.627192 0.876859 0.993937 0.960727 0.782243 0.485488 0.115321 -0.27229 -0.618728 -0.87161 -0.992691 -0.963674 1.17753 0.689196 1.12235 0.271341 0.897468 -0.187544 0.536877 -0.618069 0.095113 -0.955138 -0.361035 -1.14778 -0.762593 -1.16688 -1.04884 -1.00953 -1.1765 -0.699538 -1.12626 -0.283765 -0.905722 0.174911 -0.548237 0.607154 -0.107848 0.947565 0.348844 1.14471 0.752789 1.16877 1.04291 1.0161 1.17533 0.709787 1.13004 0.296161 0.913874 -0.162253 0.559527 -0.59614 0.12057 -0.939885 -0.336617 -1.14151 -0.742892 -1.17053 -1.03685 -1.02255
16.855 0.893736 0.997275 0.950018 0.759109 0.453422 0.0791726 -0.307048 -0.646843 -0.888829 -0.996418 -0.953341 -0.766115 -0.463043 -0.0899579 0.296729 0.638549 0.883818 0.995444 0.956555 0.773028 0.472609 0.100729 -0.286369 -0.630184 0.848512 0.582517 0.228439 -0.160178 -0.524576 -0.809654 -0.972308 -0.987941 -0.854192 -0.59128 -0.238965 0.149496 0.515328 0.803252 0.969718 0.989559 0.859766 0.599979 0.249468 -0.13877 -0.506025 -0.796767 -0.967021 -0.991061 1.15449 0.813312 1.16188 0.425264 0.993587 -0.0270885 0.675055 -0.475343 0.254455 -0.851722 -0.204622 -1.09932 -0.632759 -1.18069 -0.96522 -1.08353 -1.15173 -0.822534 -1.16409 -0.437163 -1.00044 0.0143062 -0.685509 0.463627 -0.266922 0.842817 0.192021 1.09458 0.62193 1.18084 0.957798 1.08854 1.14884 0.83165 1.16617 0.449016 1.00717 -0.00151753 0.695878 -0.451829 0.279357 -0.833819 -0.179403 -1.08973 -0.611022 -1.18086 -0.950269 -1.09344
16.905 0.82435 0.97795 0.983673 0.840658 0.570532 0.214137 -0.174637 -0.537006 -0.818176 -0.97563 -0.985563 -0.846474 -0.579388 -0.224697 0.163969 0.527842 0.811906 0.973198 0.987339 0.852188 0.588176 0.235228 -0.153276 -0.518622 0.91265 0.687742 0.358842 -0.024316 -0.403797 -0.722222 -0.931443 -0.999821 -0.917022 -0.69556 -0.368926 0.0135056 0.393869 0.714691 0.927444 0.999967 0.921282 0.703299 0.37897 -0.00266701 -0.383901 -0.707089 -0.923347 -0.999996 1.10995 0.922286 1.17977 0.571269 1.07121 0.133871 0.800665 -0.323767 0.40906 -0.732449 -0.0443988 -1.03038 -0.491144 -1.17251 -0.863627 -1.13735 -1.10552 -0.930217 -1.18025 -0.582422 -1.07652 -0.146565 -0.810018 0.311469 -0.421027 0.722379 0.0316235 1.02408 0.479492 1.17092 0.854858 1.14072 1.10097 0.93803 1.1806 0.593512 1.08172 0.159246 0.819273 -0.299105 0.432944 -0.712229 -0.0188493 -1.01766 -0.467777 -1.1692 -0.845994 -1.14396
16.955 0.739617 0.940418 0.999015 0.906555 0.67702 0.345115 -0.0389744 -0.417172 -0.73229 -0.936679 -0.999436 -0.911073 -0.684947 -0.355254 0.0281563 0.407309 0.724878 0.932833 0.999741 0.915483 0.692793 0.365347 -0.017329 -0.397403 0.959796 0.780163 0.482564 0.111999 -0.275501 -0.621344 -0.873237 -0.993088 -0.962779 -0.786889 -0.492018 -0.122736 0.265078 0.612825 0.867904 0.991759 0.965646 0.793525 0.501417 0.133486 -0.254629 -0.604246 -0.862483 -0.990314 1.04475 1.01409 1.17571 0.706639 1.12889 0.292339 0.911368 -0.166163 0.556049 -0.59954 0.116651 -0.942263 -0.340386 -1.14251 -0.745956 -1.17 -1.03873 -1.02058 -1.17444 -0.716838 -1.13257 -0.304708 -0.919447 0.153513 -0.567293 0.588491 -0.129363 0.934502 0.328127 1.13921 0.736002 1.17166 1.03259 1.02695 1.17304 0.726958 1.13612 0.317046 0.927415 -0.140813 0.57847 -0.577379 0.142056 -0.926643 -0.315823 -1.13578 -0.725968 -1.17319
17.005 0.641113 0.885377 0.995757 0.955574 0.770904 0.469667 0.0974138 -0.289571 -0.632771 -0.880288 -0.994702 -0.95871 -0.777753 -0.479196 -0.108181 0.279192 0.624354 0.8751 0.993531 0.961733 0.784511 0.488664 0.118941 -0.268786 0.989072 0.85806 0.597302 0.246229 -0.142076 -0.508898 -0.798773 -0.967865 -0.990611 -0.863568 -0.605949 -0.256693 0.131351 0.499548 0.792205 0.965086 0.992031 0.868978 0.614529 0.267154 -0.120617 -0.490155 -0.785561 -0.962194 0.960098 1.08701 1.14975 0.828853 1.16555 0.445364 1.0051 -0.00546561 0.692686 -0.455468 0.275529 -0.836602 -0.183291 -1.09124 -0.614397 -1.18087 -0.952602 -1.09194 -1.14676 -0.837908 -1.16753 -0.457177 -1.01176 -0.00730231 -0.702997 0.443647 -0.287941 0.82753 0.170653 1.08628 0.603444 1.18079 0.944994 1.09674 1.14365 0.846869 1.16938 0.468942 1.01829 0.0201008 0.713226 -0.43178 0.300316 -0.818375 -0.157989 -1.08121 -0.592426 -1.18057
17.055 0.530674 0.813852 0.97396 0.986803 0.850435 0.585476 0.231988 -0.156579 -0.52147 -0.807509 -0.971449 -0.988499 -0.85608 -0.594216 -0.242503 0.145877 0.512206 0.801076 0.968823 0.990078 0.861624 0.602884 0.252996 -0.135165 0.999935 0.919981 0.700919 0.375874 -0.00600537 -0.386978 -0.709438 -0.924623 -1 -0.92417 -0.7086 -0.385871 -0.00482077 0.376972 0.701757 0.920446 0.999948 0.928252 0.7162 0.395848 0.0156404 -0.366937 -0.694014 -0.916161 0.857572 1.1397 1.10239 0.935635 1.18051 0.590097 1.08013 0.155334 0.816427 -0.302917 0.429277 -0.715366 -0.0227826 -1.01965 -0.471399 -1.16975 -0.848737 -1.14298 -1.09774 -0.943378 -1.18075 -0.601136 -1.08523 -0.167981 -0.825614 0.290543 -0.441159 0.705152 0.010002 1.01313 0.45965 1.16793 0.839802 1.14612 1.09296 0.951014 1.18086 0.612108 1.09021 0.18064 0.834704 -0.278142 0.452985 -0.694871 0.00278691 -1.00651 -0.447854 -1.16597
17.105 0.410354 0.727175 0.934031 0.99966 0.914133 0.690384 0.362244 -0.0206718 -0.400462 -0.719696 -0.93011 -0.999884 -0.918468 -0.698174 -0.372311 0.00984689 0.390522 0.712137 0.926078 0.99999 0.922695 0.705879 0.382341 0.000973143 0.992181 0.964775 0.791487 0.498522 0.130177 -0.257853 -0.606894 -0.864166 -0.990771 -0.967566 -0.798057 -0.507865 -0.140903 0.247377 0.598244 0.858669 0.989247 0.970245 0.804536 0.517173 0.151607 -0.236888 -0.589546 -0.853071 0.73908 1.17116 1.0345 1.025 1.17349 0.723844 1.13504 0.313241 0.924967 -0.144726 0.575033 -0.580811 0.13815 -0.929074 -0.319625 -1.13685 -0.72907 -1.17273 -1.02827 -1.03128 -1.17199 -0.733902 -1.1385 -0.325533 -0.932859 0.13203 -0.586163 0.569645 -0.150835 0.921119 0.3073 1.13333 0.718974 1.17416 1.02193 1.03745 1.17036 0.743878 1.14183 0.337817 0.940641 -0.119326 0.59722 -0.55843 0.16351 -0.913077 -0.294945 -1.12967
17.155 0.282395 0.62696 0.876712 0.993905 0.960812 0.782439 0.485755 0.11562 -0.271997 -0.618483 -0.871454 -0.992653 -0.963756 -0.789133 -0.495188 -0.126367 0.261567 0.60994 0.866092 0.991285 0.966588 0.795733 0.504568 0.137093 0.965955 0.991606 0.867319 0.611888 0.263936 -0.123927 -0.493052 -0.787621 -0.963097 -0.992948 -0.872657 -0.620404 -0.274362 0.113176 0.483593 0.780906 0.960129 0.994173 0.877894 0.628868 0.284751 -0.102429 -0.474102 -0.774098 0.606828 1.18083 0.947355 1.09528 1.14462 0.844114 1.16882 0.465316 1.01629 0.0161591 0.710083 -0.435442 0.29651 -0.821203 -0.1619 -1.08279 -0.59583 -1.18065 -0.939662 -1.09999 -1.14141 -0.853005 -1.17058 -0.477023 -1.02274 -0.028941 -0.720254 0.423533 -0.308864 0.811958 0.149227 1.07763 0.584761 1.18034 0.931864 1.10458 1.13807 0.861798 1.17219 0.488704 1.02907 0.0417124 0.730337 -0.411592 0.32119 -0.802641 -0.136544 -1.07234
17.205 0.149178 0.515073 0.80307 0.969646 0.989603 0.859926 0.600223 0.24976 -0.138469 -0.505756 -0.796573 -0.966941 -0.991102 -0.8654 -0.608845 -0.260228 0.127743 0.496387 0.789981 0.964124 0.992485 0.870772 0.617401 0.27066 0.921745 0.999976 0.927004 0.713862 0.39278 0.0123063 -0.37003 -0.696412 -0.917492 -0.999843 -0.93101 -0.721392 -0.402713 -0.0231317 0.359939 0.688604 0.913136 0.999593 0.934908 0.728856 0.412593 0.0339375 -0.349832 -0.680714 0.463278 1.1685 0.842571 1.14517 1.09445 0.948669 1.18084 0.608728 1.08869 0.176744 0.831913 -0.281967 0.449349 -0.698044 -0.00116119 -1.00857 -0.451496 -1.16659 -0.833558 -1.14822 -1.08958 -0.956226 -1.18086 -0.619633 -1.09357 -0.189373 -0.840936 0.269535 -0.461143 0.68768 -0.0116229 1.00186 0.439661 1.16454 0.824454 1.15114 1.08459 0.963674 1.18073 0.630492 1.09833 0.201974 0.849856 -0.257091 0.472889 -0.677261 0.0243986 -0.995036
17.255 0.0131841 0.393596 0.714478 0.927335 0.99997 0.921404 0.703516 0.379249 -0.00236225 -0.383613 -0.706863 -0.923227 -0.999995 -0.925556 -0.711167 -0.389244 -0.00845985 0.373593 0.699162 0.919013 0.999904 0.929599 0.718739 0.399188 0.860374 0.989729 0.96943 0.802546 0.514312 0.14831 -0.240119 -0.592237 -0.854805 -0.988124 -0.972029 -0.80895 -0.523567 -0.159009 0.229584 0.583482 0.849142 0.986402 0.974516 0.815274 0.532754 0.169672 -0.219048 -0.574656 0.311103 1.13443 0.7221 1.17373 1.0239 1.03556 1.17088 0.740807 1.14082 0.334038 0.938255 -0.123242 0.593823 -0.561889 0.1596 -0.915569 -0.298757 -1.13081 -0.711935 -1.17507 -1.01747 -1.04165 -1.16915 -0.750707 -1.14405 -0.34628 -0.945961 0.11052 -0.604837 0.550598 -0.172257 0.907444 0.286376 1.12707 0.701694 1.17626 1.01092 1.04761 1.16729 0.760543 1.14715 0.358475 0.953553 -0.097804 0.615785 -0.539272 0.184887 -0.899211
17.305 -0.123056 0.264791 0.612583 0.867758 0.991719 0.965727 0.793711 0.501678 0.133788 -0.254328 -0.603992 -0.862325 -0.990271 -0.96848 -0.800248 -0.511014 -0.144505 0.243843 0.595326 0.856793 0.988707 0.971119 0.806696 0.520285 0.782985 0.961055 0.993807 0.876288 0.626269 0.281553 -0.105738 -0.477036 -0.776204 -0.958008 -0.994952 -0.881446 -0.634672 -0.291925 0.0949537 0.467496 0.76934 0.954847 0.99598 0.886514 0.642997 0.302247 -0.084186 -0.4579 0.153136 1.07923 0.588186 1.18045 0.934281 1.10318 1.13912 0.859094 1.17171 0.485112 1.02713 0.0377772 0.727242 -0.415273 0.317389 -0.805525 -0.140456 -1.07398 -0.577058 -1.18004 -0.926409 -1.10767 -1.13568 -0.867804 -1.17323 -0.49674 -1.03337 -0.0505536 -0.737269 0.403266 -0.329684 0.796133 0.127759 1.06861 0.565871 1.17949 0.918426 1.11204 1.13211 0.876433 1.17461 0.508302 1.0395 0.0633041 0.747216 -0.391244 0.341933 -0.786645
17.355 -0.257004 0.131056 0.499283 0.792026 0.965005 0.992071 0.869129 0.614767 0.267448 -0.120308 -0.489876 -0.785368 -0.962111 -0.993373 -0.874431 -0.62327 -0.27786 0.109553 0.480407 0.778621 0.959103 0.994559 0.879634 0.631694 0.691019 0.914489 0.999682 0.933716 0.726566 0.409554 0.0306118 -0.352954 -0.683152 -0.910056 -0.999351 -0.937533 -0.733962 -0.419407 -0.041444 0.342807 0.675213 0.905514 0.998902 0.941248 0.741268 0.429196 0.0522432 -0.332618 -0.00768204 1.00394 0.443321 1.16519 0.827272 1.15025 1.08615 0.961387 1.18078 0.627156 1.09688 0.198093 0.84712 -0.260925 0.469269 -0.680484 0.0204606 -0.99715 -0.431437 -1.16304 -0.818103 -1.15308 -1.08106 -0.968745 -1.18056 -0.637951 -1.10155 -0.210686 -0.855976 0.248426 -0.480973 0.669999 -0.0332368 0.99025 0.419512 1.16076 0.808834 1.15577 1.07586 0.976007 1.1802 0.648666 1.10609 0.223234 0.864735 -0.235931 0.492614 -0.659433
17.405 -0.386168 -0.00511847 0.376688 0.701549 0.920325 0.999944 0.928366 0.71641 0.396128 0.0159521 -0.36664 -0.69379 -0.916038 -0.999772 -0.932334 -0.723921 -0.406042 -0.0267757 0.356544 0.685952 0.911642 0.999482 0.936195 0.731344 0.586187 0.850897 0.986946 0.97376 0.813336 0.52993 0.166392 -0.222301 -0.57738 -0.845161 -0.985144 -0.976164 -0.819587 -0.53908 -0.17707 0.211736 0.568516 0.839323 0.983227 0.978459 0.825739 0.548154 0.1877 -0.201144 -0.168357 0.909959 0.290202 1.12823 0.704862 1.17591 1.01295 1.04578 1.16788 0.757523 1.14621 0.354721 0.951228 -0.101719 0.612413 -0.542773 0.180996 -0.901757 -0.277784 -1.12439 -0.694566 -1.17701 -1.00632 -1.05165 -1.16592 -0.767285 -1.14922 -0.366895 -0.958746 0.0889613 -0.623307 0.531391 -0.193614 0.893459 0.265343 1.12042 0.684184 1.17797 0.999573 1.05741 1.16382 0.776953 1.15209 0.379007 0.966156 -0.0762261 0.634123 -0.519945
17.455 -0.508142 -0.141198 0.24708 0.59801 0.858511 0.989201 0.970318 0.804716 0.517433 0.151915 -0.236577 -0.589294 -0.85291 -0.987557 -0.972879 -0.811095 -0.526664 -0.162606 0.226043 0.580513 0.847209 0.985798 0.975327 0.817377 0.470442 0.771463 0.955834 0.995675 0.884964 0.64044 0.299074 -0.0875091 -0.46086 -0.764531 -0.952596 -0.996622 -0.889953 -0.648717 -0.309399 0.0767225 0.451235 0.757506 0.949246 0.997453 0.894836 0.656906 0.319662 -0.0659249 -0.325898 0.799037 0.131681 1.07027 0.569329 1.17968 0.920903 1.1107 1.13323 0.873786 1.1742 0.504745 1.03763 0.0593802 0.744155 -0.394958 0.338162 -0.789576 -0.118959 -1.06481 -0.558097 -1.17903 -0.912843 -1.11498 -1.12956 -0.882335 -1.17549 -0.516274 -1.04367 -0.07216 -0.754037 0.38289 -0.350386 0.780033 0.106233 1.05922 0.546796 1.17825 0.90468 1.11913 1.12577 0.890775 1.17664 0.527724 1.04959 0.0848982 0.763826 -0.370776
17.505 -0.620656 -0.274648 0.112872 0.483337 0.780713 0.960042 0.994206 0.878039 0.629105 0.28505 -0.102111 -0.473828 -0.773903 -0.956956 -0.995311 -0.883169 -0.637481 -0.29541 0.0913334 0.464266 0.767003 0.95376 0.9963 0.888192 0.345939 0.677667 0.906927 0.999053 0.940116 0.739026 0.426188 0.0489121 -0.335759 -0.669668 -0.902313 -0.998524 -0.943751 -0.746276 -0.435969 -0.0597192 0.325552 0.661586 0.897592 0.997877 0.947273 0.753428 0.445672 0.0705214 -0.477371 0.673238 -0.0292924 0.992388 0.423196 1.16148 0.811707 1.15495 1.07748 0.973782 1.18033 0.645372 1.1047 0.219374 0.862042 -0.239789 0.489032 -0.662695 0.0420803 -0.985402 -0.411238 -1.15911 -0.80237 -1.15754 -1.07218 -0.980957 -1.17987 -0.656041 -1.10916 -0.231938 -0.870729 0.227261 -0.500635 0.652085 -0.0548538 0.978298 0.399228 1.15659 0.792944 1.16001 1.06676 0.988012 1.17928 0.666616 1.11348 0.244442 0.879308 -0.214704
17.555 -0.721615 -0.402986 -0.0234374 0.359666 0.68838 0.913008 0.999584 0.935015 0.729065 0.412877 0.034257 -0.349539 -0.680488 -0.908539 -0.999213 -0.938799 -0.736429 -0.422713 -0.0450767 0.339376 0.672517 0.903965 0.998725 0.942471 0.214994 0.571254 0.841136 0.983831 0.977765 0.823853 0.545368 0.184423 -0.204407 -0.562336 -0.835231 -0.981837 -0.979977 -0.829942 -0.554421 -0.195049 0.193808 0.553348 0.829227 0.979723 0.982074 0.835924 0.563386 0.205655 -0.619957 0.534906 -0.18972 0.896026 0.269184 1.12166 0.687399 1.17769 1.00167 1.05565 1.16448 0.773983 1.15122 0.375284 0.96388 -0.0801561 0.630797 -0.523475 0.202336 -0.887648 -0.256723 -1.1176 -0.676959 -1.17856 -0.99484 -1.06132 -1.16229 -0.783594 -1.154 -0.387398 -0.971209 0.0674004 -0.641563 0.511997 -0.21492 0.879162 0.244227 1.1134 0.666445 1.17929 0.987896 1.06686 1.15997 0.793098 1.15664 0.399435 0.97842 -0.0546344
17.605 -0.809139 -0.52382 -0.159311 0.229299 0.583231 0.848977 0.986352 0.974584 0.815451 0.533018 0.169987 -0.218744 -0.574404 -0.843207 -0.984512 -0.976952 -0.821667 -0.542147 -0.180647 0.208167 0.56551 0.837341 0.982555 0.979204 0.0800476 0.454205 0.759684 0.950292 0.99721 0.893342 0.654394 0.3165 -0.0692501 -0.444535 -0.752599 -0.94687 -0.997959 -0.898155 -0.662551 -0.326748 0.0584566 0.434809 0.745424 0.943328 0.998592 0.902856 0.67061 0.336959 -0.751 0.386614 -0.346616 0.782982 0.11016 1.06096 0.550293 1.17851 0.907211 1.11786 1.12696 0.888185 1.1763 0.524206 1.04777 0.0809693 0.760818 -0.37451 0.358826 -0.773368 -0.0974277 -1.05528 -0.538945 -1.17763 -0.898976 -1.12192 -1.12307 -0.896558 -1.17735 -0.535645 -1.05361 -0.093715 -0.770547 0.362376 -0.370984 0.763659 0.0846791 1.04948 0.527538 1.17662 0.890635 1.12584 1.11906 0.904813 1.17827 0.546991 1.05932 0.106452
17.655 -0.881598 -0.634902 -0.292218 0.0946629 0.467223 0.769139 0.954756 0.996007 0.886655 0.643236 0.302552 -0.0838754 -0.457626 -0.762177 -0.951481 -0.996916 -0.891607 -0.651487 -0.312855 0.0730826 0.447975 0.755127 0.948093 0.997706 -0.0563895 0.3287 0.664089 0.899061 0.998089 0.946199 0.751236 0.442684 0.0671965 -0.318458 -0.655956 -0.894275 -0.997362 -0.949647 -0.758346 -0.452363 -0.0779835 0.308174 0.647743 0.889371 0.996518 0.952979 0.765349 0.461991 -0.868062 0.231125 -0.497058 0.655361 -0.0509144 0.980503 0.402942 1.15738 0.795863 1.15926 1.06845 0.98585 1.17948 0.66337 1.11216 0.240587 0.876674 -0.218572 0.508634 -0.64469 0.0636812 -0.973321 -0.390896 -1.15478 -0.786374 -1.16163 -1.06294 -0.99283 -1.17879 -0.67392 -1.11639 -0.253086 -0.885185 0.206009 -0.520142 0.633938 -0.0764453 0.966022 0.37881 1.15204 0.776793 1.16386 1.05731 0.999684 1.17796 0.684363 1.12049 0.265557
17.705 -0.937644 -0.734164 -0.419685 -0.0417358 0.342517 0.674982 0.905385 0.998888 0.941351 0.741477 0.429485 0.0525545 -0.332328 -0.666956 -0.900736 -0.998319 -0.944948 -0.748698 -0.439238 -0.0633625 0.3221 0.658855 0.895979 0.997634 -0.191777 0.197076 0.55613 0.831091 0.980386 0.981441 0.834093 0.560627 0.202392 -0.186452 -0.5471 -0.82503 -0.978195 -0.983459 -0.840023 -0.569556 -0.212972 0.175802 0.538002 0.818856 0.975891 0.98536 0.845839 0.578421 -0.968962 0.0713322 -0.638247 0.515539 -0.211041 0.881793 0.248089 1.11471 0.669699 1.17908 0.990048 1.06516 1.1607 0.790182 1.15584 0.395726 0.976209 -0.0585655 0.648973 -0.504009 0.223604 -0.873238 -0.23557 -1.11043 -0.659132 -1.17971 -0.983024 -1.07062 -1.15828 -0.799648 -1.15839 -0.407744 -0.983343 0.0458062 -0.659616 0.492415 -0.236146 0.864578 0.22303 1.10601 0.648488 1.18021 0.975887 1.07594 1.15572 0.808994 1.1608 0.419717
17.755 -0.976234 -0.819758 -0.539338 -0.177357 0.211434 0.568258 0.839158 0.983172 0.978522 0.825914 0.548421 0.188006 -0.200842 -0.559318 -0.833221 -0.981136 -0.980696 -0.83197 -0.557443 -0.198628 0.190227 0.550316 0.827184 0.978987 -0.323594 0.061782 0.437817 0.747648 0.944431 0.998409 0.90142 0.668132 0.33382 -0.0509751 -0.428058 -0.740425 -0.940817 -0.998961 -0.90606 -0.676146 -0.343995 0.0401569 0.418245 0.733096 0.937095 0.999395 0.910582 0.684082 -1.05182 -0.0897882 -0.767552 0.366118 -0.367238 0.766666 0.0886173 1.05129 0.531066 1.17695 0.893216 1.12464 1.12031 0.902284 1.178 0.543497 1.05757 0.102532 0.77723 -0.353945 0.379365 -0.756897 -0.0758587 -1.04541 -0.519618 -1.17584 -0.884803 -1.12847 -1.1162 -0.910488 -1.17882 -0.554812 -1.06319 -0.115249 -0.786809 0.341724 -0.391451 0.747037 0.0630966 1.0394 0.50811 1.17459 0.87629 1.13217 1.11196 0.918564 1.1795 0.566063
17.805 -0.996648 -0.890089 -0.64895 -0.309677 0.0764147 0.450955 0.757307 0.949151 0.997475 0.894975 0.657147 0.319957 -0.0656178 -0.441267 -0.750194 -0.945687 -0.998185 -0.899752 -0.66527 -0.330195 0.0548133 0.431532 0.742989 0.942114 -0.449386 -0.0746619 0.311352 0.650286 0.890893 0.99679 0.951965 0.763198 0.459032 0.0854513 -0.301046 -0.642035 -0.885923 -0.995865 -0.955228 -0.770147 -0.468614 -0.0962359 0.290701 0.633687 0.880853 0.994825 0.958371 0.777007 -1.1151 -0.249237 -0.882568 0.209881 -0.516599 0.637265 -0.0725043 0.968288 0.382545 1.1529 0.779755 1.16318 1.05906 0.997587 1.17823 0.68115 1.11924 0.26172 0.891016 -0.197291 0.528062 -0.626465 0.0852654 -0.960923 -0.370431 -1.15007 -0.77011 -1.16532 -1.05334 -1.00438 -1.17731 -0.69155 -1.12325 -0.274159 -0.899354 0.184671 -0.539468 0.615587 -0.0980111 0.953427 0.358272 1.1471 0.760379 1.16732 1.0475 1.01103 1.17625 0.701871
17.855 -0.998507 -0.943849 -0.74648 -0.436231 -0.0600274 0.325255 0.661357 0.897459 0.997857 0.947373 0.753639 0.445952 0.0708284 -0.315001 -0.6532 -0.892631 -0.997091 -0.950783 -0.760711 -0.455615 -0.0816211 0.304713 0.644961 0.887701 -0.566812 -0.209716 0.179092 0.540817 0.820768 0.976613 0.984787 0.844055 0.575699 0.220287 -0.16843 -0.531692 -0.814535 -0.974228 -0.986613 -0.84981 -0.584508 -0.230837 0.157745 0.52248 0.808211 0.971733 0.988318 0.855466 -1.15762 -0.404046 -0.981152 0.0497369 -0.656341 0.496 -0.232276 0.867262 0.226903 1.10739 0.651776 1.18007 0.978096 1.07432 1.15652 0.806121 1.16007 0.416036 0.988214 -0.0369637 0.666928 -0.484369 0.244802 -0.858547 -0.214346 -1.10288 -0.641079 -1.18047 -0.970877 -1.07957 -1.15387 -0.815413 -1.16239 -0.427964 -0.995154 0.0241799 -0.677441 0.472677 -0.257294 0.849708 0.201764 1.09825 0.630312 1.18073 0.96354 1.08468 1.15109 0.824611
17.905 -0.981776 -0.980037 -0.830112 -0.554664 -0.195352 0.193501 0.553095 0.829058 0.979662 0.982133 0.836099 0.563643 0.205956 -0.18287 -0.544045 -0.822956 -0.977433 -0.984113 -0.84199 -0.572553 -0.216536 0.172222 0.534926 0.816761 -0.673685 -0.340865 0.0434966 0.42128 0.735362 0.938254 0.999274 0.909198 0.681647 0.351021 -0.0326784 -0.411449 -0.727983 -0.934453 -0.999628 -0.913651 -0.68952 -0.361141 0.0218522 0.401546 0.720522 0.930549 0.999865 0.917998 -1.17858 -0.551332 -1.06147 -0.111333 -0.783864 0.345501 -0.387723 0.75009 0.0670364 1.04126 0.511663 1.17499 0.878922 1.13105 1.11328 0.916084 1.17931 0.562606 1.06701 0.124052 0.793378 -0.333256 0.399781 -0.740186 -0.0542714 -1.03517 -0.500113 -1.17364 -0.870335 -1.13466 -1.10896 -0.924095 -1.1799 -0.573802 -1.07243 -0.136762 -0.802802 0.320967 -0.411787 0.730169 0.0415 1.02896 0.488509 1.17217 0.86164 1.13813 1.1045 0.931999
17.955 -0.946766 -0.997978 -0.89829 -0.66277 -0.327039 0.0581434 0.434535 0.745223 0.943227 0.998608 0.902993 0.670841 0.337249 -0.0473343 -0.42476 -0.73796 -0.939577 -0.999121 -0.907593 -0.678831 -0.347419 0.0365237 0.414931 0.730615 -0.768015 -0.465668 -0.0929082 0.293898 0.636266 0.882426 0.995157 0.957414 0.774904 0.47522 0.103682 -0.283547 -0.627877 -0.877281 -0.994033 -0.960482 -0.781695 -0.48472 -0.114447 0.273136 0.619419 0.872041 0.992796 0.963439 -1.17761 -0.688353 -1.12203 -0.270331 -0.896793 0.188569 -0.535952 0.618953 -0.0940784 0.955748 0.362023 1.14803 0.763385 1.16672 1.04932 1.00899 1.17659 0.698702 1.12595 0.282757 0.905056 -0.175938 0.547317 -0.608044 0.106814 -0.948184 -0.349836 -1.14497 -0.753588 -1.16862 -1.04339 -1.01557 -1.17543 -0.708957 -1.12973 -0.295157 -0.913216 0.163281 -0.558613 0.597036 -0.119537 0.940513 0.337612 1.14178 0.743698 1.17039 1.03735 1.02204
18.005 -0.89413 -0.99734 -0.949743 -0.758537 -0.452638 -0.0782963 0.307885 0.647513 0.889232 0.996492 0.953076 0.76555 0.462263 0.0890825 -0.297568 -0.639225 -0.884229 -0.995527 -0.956298 -0.77247 -0.471834 -0.0998543 0.287211 0.630867 -0.848047 -0.581802 -0.227583 0.161046 0.525324 0.81017 0.972513 0.987804 0.853735 0.590571 0.238112 -0.150366 -0.516081 -0.803776 -0.969932 -0.989432 -0.859317 -0.599276 -0.248616 0.139641 0.506783 0.797297 0.967244 0.990943 -1.1547 -0.812559 -1.16169 -0.424296 -0.993026 0.0281261 -0.674203 0.476293 -0.253442 0.852441 0.205644 1.09969 0.633635 1.18067 0.965817 1.08311 1.15196 0.82179 1.16392 0.436199 0.999885 -0.0153441 0.684663 -0.464582 0.265911 -0.843544 -0.193046 -1.09497 -0.622812 -1.18083 -0.958405 -1.08814 -1.14908 -0.830913 -1.16601 -0.448057 -1.00663 0.00255547 -0.695039 0.452787 -0.278348 0.834553 0.180429 1.09013 0.61191 1.18086 0.950885 1.09304
18.055 -0.824848 -0.978133 -0.983515 -0.840181 -0.56981 -0.213278 0.175502 0.537748 0.818681 0.975823 0.985414 0.846005 0.578672 0.223841 -0.164836 -0.528589 -0.812419 -0.973399 -0.987199 -0.851728 -0.587465 -0.234373 0.154145 0.519373 -0.91229 -0.687104 -0.358021 0.0251947 0.404601 0.72283 0.931762 0.999804 0.916671 0.694928 0.368109 -0.0143851 -0.394677 -0.715306 -0.927772 -0.99996 -0.92094 -0.702674 -0.378157 0.00354597 0.384712 0.70771 0.923684 0.999998 -1.1103 -0.921638 -1.17973 -0.570361 -1.07077 -0.13284 -0.799901 0.324765 -0.408086 0.733263 0.045436 1.03089 0.492088 1.17264 0.864335 1.13707 1.10589 0.929577 1.18022 0.581519 1.0761 0.145535 0.809263 -0.312471 0.420057 -0.723199 -0.0326611 -1.02459 -0.48044 -1.17106 -0.855574 -1.14045 -1.10134 -0.937399 -1.18057 -0.592615 -1.0813 -0.158218 -0.818525 0.300109 -0.431978 0.713057 0.0198871 1.01819 0.46873 1.16935 0.846717 1.1437
18.105 -0.740208 -0.940716 -0.998975 -0.906183 -0.676373 -0.34429 0.0398527 0.417971 0.732888 0.936986 0.999407 0.91071 0.684306 0.354432 -0.0290349 -0.408111 -0.725483 -0.933149 -0.999721 -0.915129 -0.692159 -0.364529 0.0182078 0.39821 -0.959549 -0.779613 -0.481794 -0.111125 0.276346 0.622033 0.873665 0.99319 0.962541 0.786346 0.491252 0.121864 -0.265925 -0.613519 -0.86834 -0.991871 -0.965417 -0.79299 -0.500657 -0.132615 0.255479 0.604947 0.862927 0.990436 -1.04523 -1.01356 -1.1758 -0.705807 -1.12858 -0.291333 -0.910707 0.167191 -0.555134 0.600434 -0.115618 0.942888 0.34138 1.14277 0.746761 1.16986 1.03923 1.02006 1.17455 0.716013 1.13228 0.303705 0.918795 -0.154542 0.566382 -0.589391 0.128331 -0.935136 -0.329124 -1.13948 -0.736814 -1.17153 -1.0331 -1.02643 -1.17316 -0.72614 -1.13584 -0.316046 -0.926772 0.141843 -0.577565 0.578284 -0.141025 0.927286 0.316823 1.13606 0.726786 1.17307
18.155 -0.641788 -0.885785 -0.995837 -0.955315 -0.770344 -0.468891 -0.096539 0.290412 0.633451 0.880705 0.994792 0.95846 0.7772 0.478424 0.107307 -0.280036 -0.62504 -0.875525 -0.99363 -0.961492 -0.783966 -0.487897 -0.118068 0.269632 -0.988942 -0.857608 -0.596596 -0.245377 0.142946 0.509655 0.799301 0.968085 0.99049 0.863125 0.60525 0.255843 -0.132223 -0.50031 -0.792741 -0.965316 -0.99192 -0.868543 -0.613835 -0.266307 0.12149 0.490921 0.786105 0.962433 -0.960702 -1.08661 -1.14999 -0.828113 -1.16538 -0.444402 -1.00456 0.00650354 -0.691845 0.456426 -0.274519 0.837334 0.184316 1.09163 0.615283 1.18087 0.953215 1.09155 1.14701 0.837176 1.16737 0.45622 1.01122 0.00626368 0.702163 -0.444609 0.286935 -0.82827 -0.17168 -1.08669 -0.604336 -1.1808 -0.945616 -1.09636 -1.14391 -0.846146 -1.16923 -0.467989 -1.01776 -0.019063 -0.712399 0.432746 -0.299312 0.819123 0.159017 1.08163 0.593323 1.18059
18.205 -0.531419 -0.814363 -0.974159 -0.98666 -0.849972 -0.584763 -0.231133 0.157447 0.52222 0.808027 0.971657 0.988366 0.855625 0.593509 0.241651 -0.146747 -0.512961 -0.801602 -0.969041 -0.989954 -0.861177 -0.602183 -0.252145 0.136035 -0.999924 -0.919636 -0.700292 -0.375059 0.00688431 0.387788 0.710057 0.924957 0.999999 0.923834 0.707979 0.38506 0.00394182 -0.377786 -0.702383 -0.920789 -0.999956 -0.927925 -0.715586 -0.395041 -0.0147615 0.367755 0.694647 0.916513 -0.858285 -1.13943 -1.10276 -0.935001 -1.18048 -0.589197 -1.07971 -0.154305 -0.815677 0.30392 -0.42831 0.716191 0.0238204 1.02017 0.472351 1.16989 0.849458 1.14272 1.09812 0.942754 1.18074 0.600242 1.08482 0.166953 0.824871 -0.291549 0.440196 -0.705984 -0.0110399 -1.01366 -0.460606 -1.16808 -0.840531 -1.14587 -1.09335 -0.950399 -1.18086 -0.61122 -1.08981 -0.179615 -0.833969 0.279151 -0.452026 0.69571 -0.00174897 1.00706 0.448815 1.16614
18.255 -0.411156 -0.727779 -0.934344 -0.999636 -0.913777 -0.689748 -0.361424 0.0215505 0.401267 0.720306 0.930432 0.99987 0.91812 0.697544 0.371496 -0.0107258 -0.391331 -0.712754 -0.926409 -0.999986 -0.922356 -0.705256 -0.381529 -9.41805e-05 -0.99229 -0.964543 -0.790949 -0.49776 -0.129305 0.258702 0.607593 0.864608 0.99089 0.967343 0.797527 0.507107 0.140033 -0.248228 -0.598948 -0.859119 -0.989376 -0.970031 -0.804014 -0.51642 -0.150738 0.237742 0.590256 0.853529 -0.739889 -1.17103 -1.035 -1.02448 -1.1736 -0.723023 -1.13475 -0.31224 -0.924322 0.145756 -0.574126 0.581714 -0.137119 0.929714 0.320624 1.13713 0.729886 1.17261 1.02878 1.03078 1.17212 0.733088 1.13823 0.324534 0.932222 -0.133061 0.585262 -0.570554 0.149806 -0.921768 -0.308302 -1.13362 -0.719798 -1.17405 -1.02244 -1.03696 -1.1705 -0.743071 -1.14156 -0.336822 -0.940013 0.120358 -0.596325 0.559344 -0.162482 0.913735 0.29595 1.12997
18.305 -0.283238 -0.627645 -0.877134 -0.994002 -0.960568 -0.781891 -0.484987 -0.114747 0.272843 0.619174 0.871884 0.992759 0.963521 0.788593 0.494424 0.125495 -0.262415 -0.610636 -0.866531 -0.9914 -0.966362 -0.7952 -0.503809 -0.136222 -0.966182 -0.991492 -0.866881 -0.611193 -0.263088 0.124799 0.493817 0.788162 0.963333 0.992843 0.872227 0.619714 0.273517 -0.114049 -0.484362 -0.781455 -0.960375 -0.994078 -0.877473 -0.628185 -0.283908 0.103303 0.474876 0.774654 -0.607718 -1.18083 -0.947974 -1.09489 -1.14488 -0.843388 -1.16867 -0.464362 -1.01576 -0.0151212 -0.709253 0.436407 -0.295505 0.821949 0.162928 1.0832 0.596725 1.18067 0.94029 1.09961 1.14168 0.852287 1.17044 0.476073 1.02222 0.0279033 0.719431 -0.424501 0.307863 -0.81271 -0.150257 -1.07805 -0.585663 -1.18037 -0.932501 -1.10421 -1.13835 -0.861088 -1.17206 -0.487759 -1.02856 -0.0406751 -0.729521 0.412565 -0.320191 0.803402 0.137575 1.07277
18.355 -0.150047 -0.515826 -0.803594 -0.969861 -0.989476 -0.859477 -0.599519 -0.248909 0.139339 0.506514 0.797104 0.967165 0.990984 0.86496 0.608148 0.259379 -0.128615 -0.49715 -0.790519 -0.964357 -0.992377 -0.870339 -0.616709 -0.269814 -0.922085 -0.999982 -0.926674 -0.713247 -0.391972 -0.0114274 0.370847 0.697042 0.917841 0.999858 0.930689 0.720783 0.401908 0.022253 -0.360758 -0.689241 -0.913494 -0.999617 -0.934596 -0.728254 -0.411793 -0.033059 0.350655 0.681357 -0.464233 -1.16865 -0.843298 -1.14491 -1.09484 -0.948051 -1.18084 -0.607839 -1.08828 -0.175717 -0.831176 0.282975 -0.448389 0.698881 0.00219913 1.00911 0.452455 1.16675 0.834293 1.14798 1.08998 0.955617 1.18086 0.618749 1.09318 0.188349 0.840207 -0.270546 0.460187 -0.688522 0.010585 -1.00241 -0.440625 -1.16471 -0.825197 -1.15091 -1.085 -0.963074 -1.18074 -0.629615 -1.09795 -0.200951 -0.849135 0.258104 -0.471938 0.678111 -0.0233609 0.995595
18.405 -0.0140629 -0.394404 -0.715092 -0.927663 -0.999963 -0.921062 -0.702891 -0.378436 0.00324121 0.384425 0.707484 0.923565 0.999998 0.925223 0.710549 0.388435 0.00758091 -0.374408 -0.69979 -0.919359 -0.999916 -0.929274 -0.718127 -0.398382 -0.860821 -0.989854 -0.969214 -0.802022 -0.513558 -0.147441 0.240973 0.592945 0.855261 0.988258 0.971823 0.808432 0.522818 0.158141 -0.230438 -0.584195 -0.849606 -0.986546 -0.974318 -0.814765 -0.53201 -0.168806 0.219905 0.575375 -0.312104 -1.13472 -0.722922 -1.17362 -1.02441 -1.03506 -1.17101 -0.739999 -1.14055 -0.333042 -0.937624 0.124274 -0.592926 0.562802 -0.158571 0.916224 0.299761 1.13111 0.712763 1.17496 1.01799 1.04116 1.1693 0.749905 1.14379 0.345287 0.945339 -0.111553 0.603945 -0.551516 0.17123 -0.908108 -0.287383 -1.12737 -0.702529 -1.17617 -1.01145 -1.04713 -1.16744 -0.759748 -1.1469 -0.357486 -0.952941 0.0988383 -0.614899 0.540196 -0.183862 0.899884
18.455 0.122183 -0.265639 -0.613277 -0.868195 -0.991832 -0.965499 -0.793176 -0.500918 -0.132917 0.255178 0.604692 0.86277 0.990393 0.968261 0.799721 0.510258 0.143635 -0.244695 -0.596032 -0.857246 -0.988838 -0.970908 -0.806176 -0.519534 -0.783531 -0.961298 -0.993709 -0.875865 -0.625584 -0.280709 0.106612 0.477809 0.776758 0.95826 0.994863 0.881031 0.633993 0.291085 -0.0958281 -0.468273 -0.769901 -0.955107 -0.995901 -0.886107 -0.642323 -0.30141 0.0850618 0.458681 -0.154165 -1.07965 -0.589086 -1.18048 -0.934915 -1.10281 -1.13939 -0.858382 -1.17158 -0.484166 -1.02662 -0.0367397 -0.726424 0.416244 -0.316389 0.806284 0.141486 1.07441 0.577963 1.18008 0.927053 1.10731 1.13596 0.867099 1.17311 0.495798 1.03287 0.0495166 0.736458 -0.404241 0.328687 -0.796899 -0.128791 -1.06905 -0.566781 -1.17954 -0.919078 -1.11169 -1.1324 -0.875737 -1.1745 -0.507365 -1.039 -0.0622677 -0.746412 0.392223 -0.34094 0.787419
18.505 0.256155 -0.131928 -0.500045 -0.792563 -0.965236 -0.99196 -0.868694 -0.614074 -0.266601 0.12118 0.490642 0.785912 0.96235 0.993272 0.874004 0.622582 0.277015 -0.110427 -0.481178 -0.779172 -0.959351 -0.994467 -0.879216 -0.631013 -0.691654 -0.914844 -0.999704 -0.933401 -0.725962 -0.408752 -0.0297333 0.353777 0.683793 0.91042 0.999382 0.937226 0.733365 0.418609 0.0405663 -0.343633 -0.675861 -0.905887 -0.998943 -0.940951 -0.740678 -0.428402 -0.0513654 0.333447 0.00664412 -1.00449 -0.444283 -1.16536 -0.828013 -1.15002 -1.08655 -0.960784 -1.18079 -0.626276 -1.09649 -0.19707 -0.846397 0.261937 -0.468316 0.681332 -0.0194228 0.997705 0.432403 1.16322 0.818851 1.15285 1.08148 0.96815 1.18058 0.637077 1.10117 0.209664 0.85526 -0.24944 0.480025 -0.670853 0.0321993 -0.990815 -0.420482 -1.16095 -0.80959 -1.15555 -1.07628 -0.975422 -1.18024 -0.647798 -1.10572 -0.222214 -0.864028 0.236948 -0.49167 0.660294
18.555 0.385357 0.00423892 -0.377502 -0.702175 -0.920669 -0.999953 -0.928038 -0.715797 -0.395321 -0.0150732 0.367457 0.694422 0.91639 0.99979 0.932016 0.723315 0.405238 0.0258971 -0.357365 -0.686592 -0.912003 -0.99951 -0.935886 -0.730744 -0.586899 -0.851359 -0.987087 -0.97356 -0.812825 -0.529184 -0.165525 0.223158 0.578098 0.845631 0.985295 0.975973 0.819083 0.53834 0.176205 -0.212595 -0.569239 -0.839801 -0.983387 -0.978277 -0.825242 -0.547418 -0.186836 0.202005 0.16733 -0.910621 -0.291209 -1.12854 -0.705694 -1.17581 -1.01349 -1.0453 -1.16803 -0.756726 -1.14596 -0.353731 -0.950612 0.102753 -0.611525 0.543695 -0.17997 0.902427 0.278793 1.12471 0.695405 1.17693 1.00686 1.05118 1.16608 0.766496 1.14898 0.365908 0.958139 -0.0899956 0.622425 -0.532318 0.19259 -0.894137 -0.266354 -1.12075 -0.68503 -1.1779 -1.00013 -1.05695 -1.164 -0.776171 -1.15186 -0.378024 -0.965558 0.0772618 -0.633247 0.520876
18.605 0.507385 0.140327 -0.247932 -0.598714 -0.858961 -0.98933 -0.970105 -0.804193 -0.516681 -0.151046 0.237431 0.590004 0.853369 0.987695 0.972675 0.810581 0.525916 0.161739 -0.226899 -0.581229 -0.847676 -0.985945 -0.975133 -0.81687 -0.471218 -0.772022 -0.956092 -0.995593 -0.884554 -0.639764 -0.298235 0.0883847 0.46164 0.765097 0.952863 0.996549 0.889552 0.648048 0.308564 -0.0775988 -0.452019 -0.758079 -0.949522 -0.99739 -0.894443 -0.656243 -0.318829 0.066802 0.3249 -0.799801 -0.132713 -1.07071 -0.570238 -1.17972 -0.921552 -1.11035 -1.13352 -0.873088 -1.17409 -0.503807 -1.03713 -0.0583436 -0.743348 0.395936 -0.337167 0.790347 0.119992 1.06526 0.559012 1.17909 0.913501 1.11463 1.12987 0.881644 1.17539 0.51534 1.04318 0.0711247 0.753238 -0.383872 0.349395 -0.780812 -0.107267 -1.05968 -0.547716 -1.17832 -0.905347 -1.11879 -1.12609 -0.890093 -1.17655 -0.526796 -1.04911 -0.0838629 -0.763034 0.371761
18.655 0.619967 0.273803 -0.113745 -0.484107 -0.781262 -0.960287 -0.994111 -0.877618 -0.628422 -0.284207 0.102985 0.474602 0.77446 0.957211 0.995226 0.882756 0.636803 0.29457 -0.0922086 -0.465045 -0.767567 -0.954024 -0.996224 -0.887788 -0.346763 -0.678313 -0.907297 -0.999091 -0.939816 -0.738433 -0.425393 -0.0480341 0.336587 0.67032 0.902692 0.998572 0.94346 0.745691 0.435178 0.0588418 -0.326383 -0.662244 -0.897979 -0.997934 -0.946991 -0.75285 -0.444885 -0.0696446 0.476421 -0.674091 0.0282541 -0.99295 -0.424164 -1.16167 -0.812461 -1.15473 -1.0779 -0.973195 -1.18036 -0.644502 -1.10434 -0.218354 -0.861332 0.240805 -0.488087 0.663553 -0.041043 0.985974 0.412211 1.1593 0.803132 1.15734 1.07262 0.980379 1.17991 0.655178 1.1088 0.230921 0.870027 -0.228279 0.499695 -0.65295 0.053817 -0.978878 -0.400205 -1.1568 -0.793713 -1.15981 -1.06721 -0.987443 -1.17933 -0.665759 -1.11313 -0.243426 -0.878615 0.215724
18.705 0.721006 0.40218 0.0225587 -0.360487 -0.689017 -0.913366 -0.999609 -0.934703 -0.728463 -0.412077 -0.0333786 0.350363 0.681132 0.908906 0.999247 0.938496 0.735834 0.421917 0.0441986 -0.340203 -0.673167 -0.904341 -0.998769 -0.942177 -0.215853 -0.571975 -0.841611 -0.983988 -0.97758 -0.823355 -0.544631 -0.183559 0.205268 0.563063 0.835714 0.982004 0.979802 0.829451 0.55369 0.194187 -0.194671 -0.55408 -0.829718 -0.979899 -0.981908 -0.835441 -0.562659 -0.204795 0.619073 -0.535831 0.188695 -0.896702 -0.270194 -1.12199 -0.688243 -1.17762 -1.00222 -1.05518 -1.16465 -0.773199 -1.15099 -0.374299 -0.96328 0.0811916 -0.629919 0.524405 -0.201314 0.888332 0.257736 1.11793 0.67781 1.17849 0.995399 1.06086 1.16247 0.782817 1.15378 0.386418 0.970618 -0.0684366 0.640691 -0.512932 0.213899 -0.879855 -0.245242 -1.11375 -0.667302 -1.17924 -0.988464 -1.06641 -1.16016 -0.792328 -1.15643 -0.398458 -0.977839 0.0556712
18.755 0.808622 0.523071 0.158443 -0.230155 -0.583944 -0.849441 -0.986496 -0.974386 -0.814941 -0.532274 -0.169121 0.219601 0.575123 0.843679 0.984665 0.976764 0.821166 0.541408 0.179783 -0.209027 -0.566235 -0.837821 -0.982718 -0.979025 -0.0809237 -0.454988 -0.760255 -0.950565 -0.997144 -0.892947 -0.653729 -0.315666 0.0701266 0.445323 0.753178 0.947153 0.997903 0.897769 0.661893 0.325917 -0.0593341 -0.4356 -0.74601 -0.94362 -0.998545 -0.902478 -0.669958 -0.336132 0.750199 -0.387595 0.345623 -0.783759 -0.111193 -1.06141 -0.551211 -1.17857 -0.907875 -1.11753 -1.12726 -0.8875 -1.1762 -0.523276 -1.04729 -0.0799338 -0.760024 0.375494 -0.357837 0.774152 0.098462 1.05575 0.539868 1.17771 0.899648 1.12159 1.12339 0.895882 1.17727 0.53472 1.05314 0.0926803 0.76976 -0.363364 0.369999 -0.76445 -0.0857144 -1.04996 -0.528467 -1.17671 -0.891316 -1.12552 -1.11939 -0.904146 -1.1782 -0.546071 -1.05886 -0.105418
18.805 0.881183 0.634223 0.291377 -0.0955381 -0.468 -0.7697 -0.955017 -0.995929 -0.886248 -0.642562 -0.301714 0.0847512 0.458407 0.762745 0.951751 0.996846 0.891209 0.65082 0.31202 -0.0739592 -0.448761 -0.755703 -0.948372 -0.997646 0.0555119 -0.32953 -0.664746 -0.899445 -0.998143 -0.945915 -0.750656 -0.441896 -0.0663198 0.319291 0.656619 0.894668 0.997425 0.949372 0.757774 0.451579 0.0771072 -0.30901 -0.648412 -0.889773 -0.996591 -0.952712 -0.764783 -0.461211 0.867358 -0.232142 0.496116 -0.656224 0.0498774 -0.981081 -0.403918 -1.15759 -0.79663 -1.15906 -1.06889 -0.985279 -1.17953 -0.662511 -1.11181 -0.239571 -0.875979 0.219592 -0.507697 0.645559 -0.0626447 0.973908 0.391876 1.155 0.787148 1.16144 1.06339 0.992268 1.17885 0.673068 1.11605 0.252072 0.884497 -0.207031 0.51921 -0.634813 0.0754095 -0.966619 -0.379793 -1.15227 -0.777574 -1.16368 -1.05778 -0.999131 -1.17803 -0.683517 -1.12016 -0.264545
18.855 0.937339 0.733567 0.418887 0.0408573 -0.343343 -0.67563 -0.905758 -0.998929 -0.941054 -0.740887 -0.428691 -0.0516768 0.333157 0.667611 0.901118 0.99837 0.94466 0.748115 0.438448 0.0624853 -0.322931 -0.659516 -0.896369 -0.997694 0.190914 -0.197937 -0.55686 -0.83158 -0.980559 -0.981272 -0.833608 -0.559899 -0.201532 0.187316 0.547835 0.825526 0.978377 0.9833 0.839546 0.568834 0.212113 -0.176667 -0.538743 -0.81936 -0.976082 -0.98521 -0.84537 -0.577703 0.968368 -0.0723682 0.637373 -0.516472 0.21002 -0.882483 -0.249104 -1.11505 -0.670553 -1.17902 -0.990614 -1.06471 -1.16089 -0.789411 -1.15563 -0.394748 -0.975625 0.0596018 -0.648106 0.504948 -0.222585 0.873936 0.236587 1.11079 0.659993 1.17967 0.983598 1.07018 1.15848 0.798884 1.15819 0.40677 0.982768 -0.0468434 0.658754 -0.493358 0.235129 -0.865284 -0.224049 -1.10638 -0.649355 -1.18017 -0.976471 -1.07551 -1.15593 -0.808238 -1.16061 -0.418747
18.905 0.976043 0.819254 0.538598 0.176492 -0.212293 -0.568981 -0.839635 -0.983332 -0.97834 -0.825419 -0.547686 -0.187143 0.201703 0.560047 0.833707 0.981306 0.980523 0.831482 0.556713 0.197766 -0.19109 -0.55105 -0.827678 -0.979166 0.322762 -0.0626593 -0.438607 -0.748232 -0.94472 -0.99836 -0.901039 -0.667478 -0.332991 0.0518529 0.428852 0.741016 0.941115 0.998921 0.905688 0.675498 0.34317 -0.0410346 -0.419043 -0.733693 -0.937401 -0.999365 -0.910218 -0.68344 1.05135 0.0887533 0.766763 -0.367105 0.366252 -0.767455 -0.0896526 -1.05176 -0.531992 -1.17703 -0.893895 -1.12433 -1.12063 -0.901614 -1.17793 -0.542575 -1.05711 -0.101498 -0.776448 0.354935 -0.378382 0.757694 0.0768945 1.04589 0.52055 1.17593 0.88549 1.12817 1.11654 0.909827 1.17876 0.553895 1.06274 0.114216 0.786035 -0.342717 0.390472 -0.74784 -0.064133 -1.03989 -0.509047 -1.17469 -0.876986 -1.13187 -1.11231 -0.917911 -1.17945 -0.565152
18.955 0.996576 0.889688 0.648281 0.308841 -0.077291 -0.451739 -0.757881 -0.949427 -0.997412 -0.894582 -0.656484 -0.319124 0.0664949 0.442056 0.750775 0.945972 0.998132 0.899368 0.664614 0.329366 -0.055691 -0.432325 -0.743577 -0.942408 0.4486 0.0737853 -0.312188 -0.650954 -0.891291 -0.99686 -0.951696 -0.76263 -0.458251 -0.0845755 0.301884 0.642709 0.88633 0.995944 0.954968 0.769586 0.467837 0.0953616 -0.291542 -0.634367 -0.881268 -0.994914 -0.95812 -0.776453 1.11476 0.248222 0.881878 -0.210903 0.515665 -0.638139 0.0714679 -0.968881 -0.383527 -1.15312 -0.780534 -1.16301 -1.05952 -0.997031 -1.1783 -0.680302 -1.11891 -0.260708 -0.890335 0.198314 -0.527133 0.627345 -0.0842301 0.961527 0.371416 1.1503 0.770897 1.16515 1.05381 1.00383 1.17739 0.690708 1.12293 0.273149 0.898681 -0.185695 0.538544 -0.616473 0.0969767 -0.954039 -0.359261 -1.14735 -0.761173 -1.16716 -1.04798 -1.0105 -1.17634 -0.701036
19.005 0.998555 0.943558 0.745895 0.43544 0.05915 -0.326086 -0.662016 -0.897846 -0.997914 -0.947091 -0.753061 -0.445165 -0.0699516 0.315835 0.653865 0.893027 0.997157 0.950511 0.760141 0.454833 0.080745 -0.30555 -0.645633 -0.888106 0.566087 0.208856 -0.179956 -0.541556 -0.82127 -0.976802 -0.984634 -0.843584 -0.57498 -0.219429 0.169297 0.532436 0.815045 0.974426 0.986469 0.849346 0.583795 0.229982 -0.158613 -0.523229 -0.808728 -0.97194 -0.988184 -0.85501 1.15741 0.40307 0.980574 -0.0507739 0.655478 -0.496942 0.231258 -0.867966 -0.227922 -1.10775 -0.652641 -1.18003 -0.978677 -1.07389 -1.15673 -0.805362 -1.15988 -0.415065 -0.987645 0.0380011 -0.666071 0.485316 -0.243787 0.859259 0.215367 1.10326 0.641951 1.18044 0.971468 1.07915 1.15409 0.814662 1.16221 0.426997 0.994595 -0.0252169 0.676591 -0.473628 0.256281 -0.850428 -0.202787 -1.09863 -0.631189 -1.18072 -0.96414 -1.08427 -1.15132 -0.823868
19.055 0.981943 0.979861 0.829622 0.553932 0.19449 -0.194363 -0.553827 -0.82955 -0.979838 -0.981967 -0.835617 -0.562917 -0.205096 0.183734 0.544782 0.823455 0.977618 0.983957 0.841515 0.571832 0.215678 -0.173087 -0.535668 -0.817268 0.673035 0.340039 -0.0443748 -0.422076 -0.735958 -0.938557 -0.99924 -0.908832 -0.681004 -0.350198 0.0335568 0.412251 0.728585 0.934766 0.999604 0.913293 0.688884 0.360321 -0.022731 -0.402351 -0.721131 -0.930871 -0.99985 -0.917649 1.17852 0.550414 1.06101 0.1103 0.783087 -0.346493 0.386742 -0.750891 -0.0680726 -1.04175 -0.512598 -1.17509 -0.879615 -1.13075 -1.11363 -0.915429 -1.17925 -0.561694 -1.06657 -0.123019 -0.792608 0.334251 -0.398804 0.740995 0.0553082 1.03567 0.501053 1.17376 0.871036 1.13437 1.10931 0.923448 1.17985 0.572895 1.07199 0.135731 0.80204 -0.321966 0.410814 -0.730984 -0.0425373 -1.02947 -0.489454 -1.17229 -0.86235 -1.13785 -1.10487 -0.931361
19.105 0.947049 0.997922 0.897903 0.662111 0.326209 -0.0590209 -0.435326 -0.745809 -0.943519 -0.998562 -0.902615 -0.670189 -0.336422 0.0482123 0.425556 0.738553 0.939878 0.999084 0.907223 0.678185 0.346595 -0.0374021 -0.415731 -0.731215 0.767452 0.46489 0.092033 -0.294739 -0.636944 -0.882839 -0.995243 -0.957159 -0.774349 -0.474446 -0.102808 0.284391 0.62856 0.877702 0.994129 0.960237 0.781147 0.483952 0.113574 -0.273981 -0.620108 -0.872471 -0.992901 -0.963203 1.17768 0.68751 1.1217 0.26932 0.896117 -0.189593 0.535027 -0.619837 0.0930437 -0.956357 -0.363011 -1.14827 -0.764176 -1.16656 -1.04979 -1.00845 -1.17667 -0.697865 -1.12563 -0.28175 -0.904389 0.176964 -0.546397 0.608934 -0.10578 0.948802 0.350827 1.14522 0.754387 1.16847 1.04388 1.01504 1.17553 0.708127 1.12943 0.294152 0.912558 -0.164309 0.557698 -0.597931 0.118504 -0.94114 -0.338607 -1.14204 -0.744504 -1.17025 -1.03784 -1.02151
19.155 0.894524 0.997404 0.949468 0.757963 0.451854 0.07742 -0.308721 -0.648182 -0.889634 -0.996565 -0.952809 -0.764984 -0.461484 -0.088207 0.298407 0.639901 0.884639 0.99561 0.956041 0.771912 0.471059 0.0989797 -0.288053 -0.631548 0.847581 0.581087 0.226727 -0.161913 -0.526071 -0.810685 -0.972717 -0.987667 -0.853277 -0.589862 -0.237258 0.151235 0.516834 0.804298 0.970145 0.989304 0.858867 0.598572 0.247765 -0.140511 -0.507541 -0.797828 -0.967467 -0.990825 1.15492 0.811806 1.1615 0.423327 0.992464 -0.0291638 0.67335 -0.477242 0.252428 -0.853159 -0.206666 -1.10007 -0.63451 -1.18065 -0.966414 -1.0827 -1.15219 -0.821044 -1.16374 -0.435234 -0.999332 0.0163819 -0.683817 0.465537 -0.264899 0.84427 0.194069 1.09536 0.623694 1.18082 0.959011 1.08774 1.14932 0.830175 1.16584 0.447097 1.00609 -0.0035934 0.6942 -0.453746 0.27734 -0.835287 -0.181455 -1.09053 -0.612798 -1.18086 -0.9515 -1.09265
19.205 0.825344 0.978316 0.983355 0.839704 0.569087 0.21242 -0.176368 -0.538488 -0.819186 -0.976014 -0.985264 -0.845536 -0.577954 -0.222984 0.165703 0.529335 0.812931 0.9736 0.987059 0.851267 0.586754 0.233519 -0.155013 -0.520124 0.91193 0.686465 0.357201 -0.0260734 -0.405405 -0.723437 -0.932081 -0.999786 -0.91632 -0.694295 -0.367291 0.0152645 0.395485 0.71592 0.9281 0.999952 0.920597 0.702049 0.377343 -0.00442492 -0.385524 -0.708331 -0.924021 -1 1.11066 0.920988 1.17968 0.569452 1.07033 0.131809 0.799137 -0.325763 0.407112 -0.734076 -0.0464731 -1.03139 -0.493031 -1.17276 -0.865042 -1.13679 -1.10625 -0.928937 -1.18019 -0.580616 -1.07567 -0.144505 -0.808506 0.313473 -0.419086 0.72402 0.0336986 1.02511 0.481388 1.17119 0.856289 1.14018 1.10172 0.936767 1.18055 0.591718 1.08088 0.157189 0.817777 -0.301113 0.431012 -0.713884 -0.0209249 -1.01871 -0.469682 -1.16949 -0.84744 -1.14344
19.255 0.740799 0.941014 0.998935 0.905811 0.675726 0.343464 -0.0407309 -0.418769 -0.733486 -0.937293 -0.999376 -0.910347 -0.683665 -0.35361 0.0299135 0.408914 0.726087 0.933465 0.9997 0.914774 0.691524 0.36371 -0.0190866 -0.399016 0.959301 0.779063 0.481023 0.110252 -0.277191 -0.622721 -0.874092 -0.993292 -0.962302 -0.785803 -0.490487 -0.12099 0.266773 0.614213 0.868775 0.991983 0.965187 0.792455 0.499896 0.131744 -0.256329 -0.605646 -0.863371 -0.990557 1.04572 1.01302 1.1759 0.704975 1.12827 0.290327 0.910046 -0.168218 0.554217 -0.601327 0.114585 -0.943513 -0.342373 -1.14303 -0.747564 -1.16972 -1.03972 -1.01954 -1.17466 -0.715187 -1.13198 -0.302702 -0.918143 0.155572 -0.565471 0.59029 -0.1273 0.935769 0.330121 1.13975 0.737624 1.1714 1.0336 1.02592 1.17328 0.725322 1.13556 0.315045 0.926129 -0.142874 0.576659 -0.579189 0.139995 -0.927929 -0.317822 -1.13635 -0.727604 -1.17295
19.305 0.642462 0.886193 0.995917 0.955054 0.769783 0.468115 0.0956641 -0.291253 -0.634131 -0.881121 -0.994881 -0.958209 -0.776647 -0.477652 -0.106433 0.28088 0.625726 0.87595 0.993729 0.96125 0.78342 0.48713 0.117195 -0.270479 0.988812 0.857156 0.595891 0.244524 -0.143816 -0.510411 -0.799829 -0.968305 -0.990369 -0.86268 -0.60455 -0.254993 0.133094 0.50107 0.793276 0.965545 0.991808 0.868107 0.613141 0.26546 -0.122362 -0.491686 -0.786648 -0.962672 0.961305 1.0862 1.15022 0.827373 1.16521 0.44344 1.00401 -0.00754146 0.691004 -0.457383 0.27351 -0.838066 -0.185341 -1.09203 -0.616169 -1.18087 -0.953827 -1.09115 -1.14726 -0.836444 -1.16722 -0.455263 -1.01069 -0.00522505 -0.701328 0.44557 -0.285928 0.82901 0.172707 1.08709 0.605227 1.18081 0.946237 1.09597 1.14416 0.845422 1.16909 0.467036 1.01724 0.0180252 0.71157 -0.433711 0.298308 -0.819871 -0.160046 -1.08204 -0.594221 -1.18061
19.355 0.532163 0.814873 0.974357 0.986517 0.849509 0.58405 0.230278 -0.158315 -0.52297 -0.808545 -0.971865 -0.988231 -0.85517 -0.592801 -0.240798 0.147616 0.513715 0.802127 0.969257 0.98983 0.86073 0.601481 0.251295 -0.136906 0.999913 0.919291 0.699664 0.374245 -0.00776325 -0.388598 -0.710676 -0.925291 -0.999997 -0.923497 -0.707358 -0.384248 -0.00306286 0.378599 0.703008 0.921132 0.999964 0.927597 0.714972 0.394233 0.0138826 -0.368572 -0.695279 -0.916864 0.858998 1.13915 1.10313 0.934367 1.18045 0.588298 1.07929 0.153275 0.814926 -0.304923 0.427342 -0.717016 -0.0248581 -1.02069 -0.473302 -1.17003 -0.850179 -1.14245 -1.0985 -0.942128 -1.18072 -0.599348 -1.08441 -0.165925 -0.824128 0.292555 -0.439233 0.706816 0.0120778 1.0142 0.461562 1.16823 0.84126 1.14562 1.09374 0.949783 1.18085 0.610332 1.08941 0.178589 0.833234 -0.280159 0.451067 -0.696548 0.000711034 -1.0076 -0.449774 -1.1663
19.405 0.411957 0.728382 0.934657 0.999612 0.913419 0.689111 0.360605 -0.0224293 -0.402072 -0.720915 -0.930754 -0.999855 -0.917771 -0.696914 -0.370679 0.0116047 0.39214 0.71337 0.92674 0.999981 0.922016 0.704633 0.380716 -0.000784782 0.992399 0.964311 0.790411 0.496997 0.128434 -0.259551 -0.608291 -0.865049 -0.991008 -0.96712 -0.796997 -0.506349 -0.139162 0.249079 0.599651 0.859569 0.989503 0.969818 0.803491 0.515667 0.149869 -0.238596 -0.590965 -0.853987 0.740698 1.1709 1.0355 1.02397 1.17372 0.722202 1.13447 0.311239 0.923675 -0.146786 0.573219 -0.582617 0.136088 -0.930354 -0.321623 -1.13741 -0.730702 -1.17249 -1.02929 -1.03027 -1.17225 -0.732274 -1.13795 -0.323535 -0.931585 0.134093 -0.58436 0.571462 -0.148776 0.922416 0.309303 1.13391 0.72062 1.17394 1.02296 1.03646 1.17063 0.742264 1.1413 0.335827 0.939385 -0.121391 0.595429 -0.560258 0.161454 -0.914392 -0.296954 -1.13027
19.455 0.284081 0.62833 0.877556 0.994097 0.960323 0.781343 0.484218 0.113874 -0.273688 -0.619864 -0.872315 -0.992864 -0.963286 -0.788052 -0.49366 -0.124623 0.263264 0.611332 0.866969 0.991515 0.966135 0.794667 0.503049 0.135351 0.966408 0.991377 0.866443 0.610497 0.26224 -0.125671 -0.494581 -0.788703 -0.963568 -0.992738 -0.871797 -0.619023 -0.272671 0.114922 0.48513 0.782003 0.960619 0.993982 0.877051 0.627501 0.283065 -0.104177 -0.475649 -0.77521 0.608608 1.18084 0.948593 1.0945 1.14513 0.842661 1.16852 0.463407 1.01523 0.0140834 0.708423 -0.437371 0.2945 -0.822694 -0.163956 -1.08362 -0.597621 -1.18069 -0.940918 -1.09923 -1.14194 -0.851568 -1.1703 -0.475122 -1.0217 -0.0268657 -0.718608 0.42547 -0.30686 0.813463 0.151286 1.07847 0.586564 1.1804 0.933138 1.10384 1.13862 0.860378 1.17194 0.486813 1.02805 0.0396378 0.728705 -0.413537 0.319192 -0.804162 -0.138606 -1.0732
19.505 0.150916 0.51658 0.804116 0.970075 0.989349 0.859028 0.598816 0.248057 -0.140209 -0.507272 -0.797635 -0.967388 -0.990866 -0.864518 -0.607449 -0.25853 0.129486 0.497913 0.791057 0.964589 0.992268 0.869906 0.616017 0.268967 0.922425 0.999987 0.926343 0.71263 0.391163 0.0105485 -0.371663 -0.697672 -0.918189 -0.999873 -0.930367 -0.720173 -0.401103 -0.0213742 0.361577 0.689877 0.913851 0.999641 0.934283 0.727651 0.410991 0.0321805 -0.351478 -0.682001 0.465187 1.1688 0.844025 1.14466 1.09523 0.947432 1.18083 0.606949 1.08788 0.174691 0.830439 -0.283982 0.447429 -0.699717 -0.00323706 -1.00965 -0.453414 -1.16691 -0.835027 -1.14773 -1.09038 -0.955007 -1.18086 -0.617864 -1.09279 -0.187324 -0.839477 0.271556 -0.459231 0.689365 -0.00954713 1.00296 0.441587 1.16488 0.825939 1.15067 1.08541 0.962473 1.18076 0.628736 1.09757 0.199928 0.848414 -0.259117 0.470987 -0.67896 0.0223231 -0.996152
19.555 0.0149418 0.395212 0.715706 0.927991 0.999955 0.920719 0.702265 0.377622 -0.00412016 -0.385236 -0.708105 -0.923901 -0.999999 -0.924889 -0.70993 -0.387625 -0.00670197 0.375223 0.700418 0.919705 0.999927 0.928949 0.717516 0.397576 0.861268 0.989979 0.968997 0.801496 0.512804 0.146572 -0.241826 -0.593653 -0.855716 -0.988392 -0.971615 -0.807914 -0.522068 -0.157273 0.231293 0.584908 0.85007 0.986689 0.97412 0.814255 0.531266 0.167939 -0.220763 -0.576094 0.313105 1.135 0.723743 1.1735 1.02493 1.03456 1.17115 0.73919 1.14028 0.332046 0.936993 -0.125307 0.592028 -0.563714 0.157542 -0.916879 -0.300765 -1.13141 -0.71359 -1.17486 -1.01852 -1.04067 -1.16944 -0.749102 -1.14353 -0.344295 -0.944717 0.112586 -0.603053 0.552433 -0.170203 0.908771 0.288389 1.12768 0.703363 1.17608 1.01199 1.04665 1.1676 0.758954 1.14666 0.356496 0.952327 -0.0998726 0.614013 -0.541118 0.182837 -0.900555
19.605 -0.121311 0.266487 0.613971 0.868631 0.991944 0.965269 0.79264 0.500157 0.132046 -0.256028 -0.605392 -0.863214 -0.990514 -0.968041 -0.799193 -0.509502 -0.142765 0.245548 0.596738 0.857698 0.988969 0.970698 0.805656 0.518783 0.784077 0.96154 0.99361 0.87544 0.624898 0.279866 -0.107486 -0.478581 -0.777311 -0.95851 -0.994774 -0.880614 -0.633313 -0.290244 0.0967023 0.469049 0.770461 0.955367 0.995821 0.885699 0.641649 0.300571 -0.0859376 -0.459462 0.155194 1.08007 0.589986 1.1805 0.935549 1.10243 1.13966 0.857669 1.17145 0.483219 1.0261 0.0357023 0.725605 -0.417215 0.315389 -0.807042 -0.142517 -1.07484 -0.578868 -1.18012 -0.927695 -1.10695 -1.13625 -0.866394 -1.17299 -0.494855 -1.03237 -0.0484796 -0.735646 0.405215 -0.32769 0.797664 0.129822 1.06949 0.567692 1.17959 0.919729 1.11134 1.1327 0.875041 1.17439 0.506427 1.03851 0.0612311 0.745607 -0.393202 0.339946 -0.788192
19.655 -0.255305 0.1328 0.500806 0.793099 0.965465 0.991848 0.868258 0.61338 0.265753 -0.122053 -0.491408 -0.786455 -0.962588 -0.993169 -0.873577 -0.621894 -0.276171 0.111301 0.481948 0.779722 0.959599 0.994374 0.878797 0.630331 0.692288 0.915199 0.999725 0.933086 0.725357 0.407949 0.0288547 -0.354598 -0.684434 -0.910783 -0.999413 -0.936919 -0.732767 -0.417811 -0.0396887 0.344458 0.676509 0.906258 0.998983 0.940653 0.740087 0.427607 0.0504876 -0.334275 -0.00560619 1.00503 0.445246 1.16552 0.828752 1.14978 1.08696 0.96018 1.18081 0.625396 1.09611 0.196046 0.845673 -0.262949 0.467363 -0.682179 0.018385 -0.99826 -0.433369 -1.1634 -0.819599 -1.15263 -1.0819 -0.967555 -1.18061 -0.636203 -1.1008 -0.208643 -0.854544 0.250454 -0.479076 0.671707 -0.0311617 0.991379 0.421452 1.16114 0.810346 1.15534 1.07671 0.974837 1.18027 0.64693 1.10536 0.221195 0.86332 -0.237965 0.490726 -0.661154
19.705 -0.384546 -0.00335936 0.378316 0.702801 0.921012 0.999961 0.927711 0.715183 0.394513 0.0141943 -0.368275 -0.695055 -0.916741 -0.999808 -0.931697 -0.722707 -0.404434 -0.0250184 0.358186 0.68723 0.912364 0.999537 0.935576 0.730143 0.58761 0.851819 0.987227 0.973359 0.812312 0.528438 0.164658 -0.224015 -0.578814 -0.846099 -0.985445 -0.975781 -0.818579 -0.537599 -0.175341 0.213454 0.569961 0.840277 0.983546 0.978095 0.824746 0.546682 0.185973 -0.202866 -0.166302 0.911281 0.292215 1.12884 0.706526 1.17572 1.01402 1.04482 1.16818 0.755929 1.14571 0.352741 0.949996 -0.103787 0.610637 -0.544616 0.178944 -0.903096 -0.279801 -1.12503 -0.696243 -1.17684 -1.00741 -1.0507 -1.16624 -0.765706 -1.14874 -0.364921 -0.957532 0.0910297 -0.621543 0.533244 -0.191566 0.894815 0.267365 1.12107 0.685875 1.17783 1.00068 1.05648 1.16417 0.775388 1.15163 0.37704 0.96496 -0.0782975 0.632371 -0.521808
19.755 -0.506628 -0.139456 0.248783 0.599418 0.859411 0.989458 0.969892 0.803671 0.515928 0.150177 -0.238285 -0.590714 -0.853826 -0.987832 -0.972471 -0.810066 -0.525168 -0.160872 0.227755 0.581944 0.848142 0.986091 0.974937 0.816363 0.471993 0.772581 0.956349 0.995511 0.884144 0.639088 0.297396 -0.0892601 -0.462419 -0.765663 -0.95313 -0.996476 -0.88915 -0.647378 -0.307728 0.0784751 0.452803 0.758652 0.949797 0.997326 0.89405 0.65558 0.317996 -0.0676789 -0.323902 0.800564 0.133745 1.07115 0.571146 1.17977 0.922201 1.11 1.13381 0.872389 1.17398 0.502868 1.03663 0.0573069 0.742542 -0.396914 0.336172 -0.791118 -0.121024 -1.06571 -0.559926 -1.17915 -0.914159 -1.11429 -1.13017 -0.880954 -1.17529 -0.514406 -1.04269 -0.0700893 -0.752438 0.384853 -0.348403 0.78159 0.108301 1.06013 0.548635 1.17839 0.906013 1.11846 1.1264 0.88941 1.17646 0.525866 1.04864 0.0828276 0.762242 -0.372746
19.805 -0.619277 -0.272956 0.114619 0.484876 0.78181 0.960532 0.994015 0.877196 0.627738 0.283364 -0.103859 -0.475375 -0.775015 -0.957465 -0.99514 -0.882343 -0.636125 -0.29373 0.0930838 0.465823 0.76813 0.954287 0.996148 0.887383 0.347587 0.678959 0.907667 0.999128 0.939515 0.73784 0.424597 0.0471562 -0.337414 -0.670972 -0.90307 -0.998618 -0.943168 -0.745105 -0.434387 -0.0579644 0.327214 0.662902 0.898365 0.99799 0.946708 0.752271 0.444098 0.0687677 -0.475471 0.674943 -0.0272157 0.993511 0.425133 1.16185 0.813214 1.15452 1.07832 0.972607 1.18039 0.643632 1.10397 0.217334 0.860622 -0.241821 0.487141 -0.664411 0.0400057 -0.986544 -0.413183 -1.1595 -0.803892 -1.15713 -1.07305 -0.9798 -1.17996 -0.654314 -1.10844 -0.229903 -0.869325 0.229298 -0.498754 0.653815 -0.0527801 0.979458 0.401181 1.15701 0.794481 1.15962 1.06765 0.986874 1.17938 0.664902 1.11279 0.242411 0.877921 -0.216745
19.855 -0.720397 -0.401375 -0.0216799 0.361307 0.689654 0.913724 0.999633 0.93439 0.72786 0.411276 0.0325001 -0.351186 -0.681775 -0.909272 -0.999281 -0.938192 -0.735239 -0.42112 -0.0433205 0.341029 0.673817 0.904716 0.998812 0.941882 0.216711 0.572696 0.842085 0.984144 0.977394 0.822856 0.543893 0.182695 -0.206127 -0.563789 -0.836197 -0.982169 -0.979626 -0.82896 -0.552958 -0.193325 0.195533 0.554811 0.830208 0.980074 0.981742 0.834957 0.561932 0.203934 -0.618189 0.536755 -0.18767 0.897377 0.271204 1.12231 0.689086 1.17754 1.00277 1.05472 1.16482 0.772414 1.15075 0.373315 0.962679 -0.0822271 0.629041 -0.525335 0.200291 -0.889016 -0.258748 -1.11827 -0.678659 -1.17843 -0.995957 -1.0604 -1.16266 -0.78204 -1.15355 -0.385437 -0.970027 0.0694728 -0.639819 0.513866 -0.212878 0.880546 0.246258 1.11409 0.668158 1.17918 0.989032 1.06596 1.16035 0.791559 1.15622 0.397481 0.977256 -0.056708
19.905 -0.808105 -0.522321 -0.157575 0.23101 0.584658 0.849904 0.98664 0.974188 0.814432 0.53153 0.168254 -0.220459 -0.575842 -0.844151 -0.984818 -0.976575 -0.820664 -0.540669 -0.178918 0.209886 0.566959 0.838301 0.982881 0.978846 0.0817998 0.45577 0.760826 0.950838 0.997077 0.892551 0.653063 0.314832 -0.0710031 -0.446109 -0.753756 -0.947434 -0.997846 -0.897381 -0.661234 -0.325086 0.0602115 0.43639 0.746595 0.94391 0.998497 0.902099 0.669305 0.335304 -0.749397 0.388575 -0.34463 0.784535 0.112227 1.06187 0.552129 1.17864 0.908538 1.11719 1.12757 0.886815 1.17611 0.522345 1.04681 0.0788982 0.759229 -0.376478 0.356847 -0.774936 -0.0994963 -1.05621 -0.540791 -1.17779 -0.90032 -1.12127 -1.12371 -0.895206 -1.17719 -0.533795 -1.05267 -0.0916455 -0.768973 0.364351 -0.369013 0.76524 0.0867495 1.05043 0.529395 1.17679 0.891997 1.12521 1.11972 0.903478 1.17813 0.54515 1.0584 0.104384
19.955 -0.880767 -0.633542 -0.290536 0.0964133 0.468777 0.770261 0.955277 0.995849 0.88584 0.641889 0.300876 -0.085627 -0.459188 -0.763313 -0.952021 -0.996776 -0.89081 -0.650152 -0.311185 0.0748357 0.449546 0.756279 0.94865 0.997586 -0.0546343 0.33036 0.665402 0.899829 0.998196 0.945629 0.750075 0.441107 0.0654431 -0.320124 -0.657282 -0.89506 -0.997488 -0.949095 -0.7572 -0.450794 -0.0762308 0.309845 0.649081 0.890174 0.996663 0.952445 0.764217 0.460431 -0.866653 0.23316 -0.495173 0.657087 -0.0488403 0.981658 0.404893 1.15779 0.797396 1.15886 1.06933 0.984706 1.17957 0.661651 1.11146 0.238554 0.875282 -0.220611 0.50676 -0.646428 0.0616082 -0.974495 -0.392855 -1.15522 -0.787921 -1.16125 -1.06384 -0.991705 -1.17891 -0.672215 -1.11571 -0.251058 -0.883809 0.208053 -0.518277 0.635688 -0.0743736 0.967215 0.380776 1.15249 0.778355 1.1635 1.05824 0.998577 1.1781 0.682671 1.11983 0.263533
