50.005 -5.76134 -9.99158 -6.38304 -8.49161 -9.18641 -3.84323 -7.50483 -8.06667 -7.18801 -5.37121 -8.12724 -8.53899 -4.06035 -7.44808 -6.79554 -8.14361 -5.30377 -7.89139 -8.72055 -4.13749 -8.89108 -7.16372 -7.8023 -5.51572 -7.89418 -8.63166 -4.15077 -8.25204 -7.01007 -7.89468 -5.49187 -7.92625 -8.67369 -4.2336 -8.39352 -6.98452 -7.64906 -5.65852 -7.94884 -8.68475 -3.09855 -8.2948 -6.49363 -9.53072 -3.68871 -7.60506 -8.74672 -2.2538 -8.1899
50.055 -5.80233 -9.95941 -6.31338 -8.50395 -9.17407 -3.84937 -7.52883 -8.0536 -7.18847 -5.37511 -8.10823 -8.53587 -4.06194 -7.47424 -6.79535 -8.14478 -5.30439 -7.89177 -8.7207 -4.13732 -8.88739 -7.1643 -7.8019 -5.51561 -7.89425 -8.63154 -4.15085 -8.25166 -7.0099 -7.89472 -5.49194 -7.92624 -8.67373 -4.23359 -8.39382 -6.98453 -7.64909 -5.65851 -7.94884 -8.68475 -3.09855 -8.29474 -6.49364 -9.5307 -3.68872 -7.60506 -8.74671 -2.2538 -8.18989
50.105 -5.84183 -9.92664 -6.24737 -8.51661 -9.1623 -3.85559 -7.5535 -8.0401 -7.18916 -5.37914 -8.09062 -8.53312 -4.06349 -7.50045 -6.79525 -8.1459 -5.30503 -7.89217 -8.72083 -4.13715 -8.8834 -7.16486 -7.8015 -5.51551 -7.89433 -8.63143 -4.15093 -8.25131 -7.00973 -7.89476 -5.49201 -7.92623 -8.67377 -4.23358 -8.39413 -6.98454 -7.64912 -5.6585 -7.94885 -8.68475 -3.09856 -8.29467 -6.49366 -9.53068 -3.68874 -7.60507 -8.74671 -2.25381 -8.18989
50.155 -5.87971 -9.8934 -6.18525 -8.52952 -9.15115 -3.86184 -7.57877 -8.02621 -7.19009 -5.38328 -8.07445 -8.53074 -4.06499 -7.52662 -6.79524 -8.14699 -5.30569 -7.89258 -8.72094 -4.13699 -8.87912 -7.1654 -7.80109 -5.51543 -7.89441 -8.63133 -4.15101 -8.251 -7.00955 -7.89481 -5.49208 -7.92622 -8.67381 -4.23356 -8.39443 -6.98455 -7.64914 -5.65849 -7.94886 -8.68475 -3.09856 -8.29461 -6.49367 -9.53066 -3.68875 -7.60507 -8.7467 -2.25381 -8.18989
50.205 -5.91588 -9.85981 -6.12728 -8.54264 -9.14066 -3.8681 -7.60452 -8.01198 -7.19125 -5.38753 -8.0597 -8.52874 -4.06643 -7.55264 -6.79532 -8.14803 -5.30636 -7.89302 -8.72104 -4.13685 -8.87454 -7.16593 -7.80068 -5.51535 -7.8945 -8.63122 -4.15109 -8.25072 -7.00937 -7.89486 -5.49215 -7.92622 -8.67385 -4.23355 -8.39472 -6.98457 -7.64916 -5.65847 -7.94887 -8.68475 -3.09857 -8.29454 -6.49369 -9.53064 -3.68877 -7.60508 -8.7467 -2.25382 -8.18989
50.255 -5.95025 -9.826 -6.07361 -8.55589 -9.13084 -3.87435 -7.63066 -7.99747 -7.19264 -5.39187 -8.04636 -8.52711 -4.06782 -7.57841 -6.7955 -8.14901 -5.30703 -7.89346 -8.72111 -4.13671 -8.86968 -7.16644 -7.80026 -5.51527 -7.89459 -8.63113 -4.15117 -8.25048 -7.00919 -7.89492 -5.49222 -7.92621 -8.67389 -4.23354 -8.39502 -6.98459 -7.64918 -5.65846 -7.94888 -8.68475 -3.09857 -8.29446 -6.4937 -9.53062 -3.68879 -7.60508 -8.7467 -2.25382 -8.18989
50.305 -5.98279 -9.79209 -6.02438 -8.56922 -9.12172 -3.88056 -7.6571 -7.98272 -7.19427 -5.39629 -8.03438 -8.52584 -4.06914 -7.60383 -6.79577 -8.14995 -5.30771 -7.89392 -8.72116 -4.13658 -8.86455 -7.16692 -7.79984 -5.51521 -7.89468 -8.63104 -4.15125 -8.25028 -7.009 -7.89498 -5.49228 -7.92621 -8.67393 -4.23352 -8.3953 -6.98461 -7.6492 -5.65845 -7.94888 -8.68475 -3.09858 -8.29439 -6.49371 -9.5306 -3.68881 -7.60508 -8.74669 -2.25382 -8.18989
50.355 -6.01347 -9.7582 -5.97968 -8.58255 -9.1133 -3.88671 -7.68374 -7.9678 -7.19613 -5.40077 -8.02372 -8.52492 -4.07039 -7.62881 -6.79614 -8.15084 -5.30839 -7.8944 -8.72118 -4.13646 -8.85917 -7.16739 -7.79943 -5.51515 -7.89478 -8.63095 -4.15133 -8.25011 -7.00882 -7.89505 -5.49235 -7.92621 -8.67398 -4.23351 -8.39558 -6.98463 -7.64922 -5.65843 -7.94889 -8.68474 -3.09859 -8.29431 -6.49372 -9.53058 -3.68883 -7.60509 -8.74669 -2.25383 -8.1899
50.405 -6.04229 -9.72443 -5.93954 -8.59585 -9.10556 -3.89279 -7.71048 -7.95274 -7.19822 -5.4053 -8.01432 -8.52435 -4.07156 -7.65327 -6.7966 -8.15167 -5.30907 -7.89488 -8.72119 -4.13635 -8.85355 -7.16783 -7.79901 -5.51511 -7.89487 -8.63087 -4.1514 -8.24999 -7.00863 -7.89512 -5.49241 -7.92621 -8.67402 -4.23349 -8.39586 -6.98466 -7.64924 -5.65842 -7.9489 -8.68474 -3.09859 -8.29424 -6.49373 -9.53056 -3.68885 -7.60509 -8.74669 -2.25383 -8.1899
50.455 -6.06926 -9.69088 -5.90396 -8.60905 -9.09849 -3.89877 -7.73724 -7.9376 -7.20053 -5.40986 -8.0061 -8.52409 -4.07264 -7.67714 -6.79716 -8.15244 -5.30974 -7.89537 -8.72117 -4.13626 -8.84771 -7.16826 -7.79859 -5.51507 -7.89497 -8.63079 -4.15147 -8.2499 -7.00844 -7.8952 -5.49247 -7.9262 -8.67407 -4.23347 -8.39613 -6.98469 -7.64925 -5.6584 -7.9489 -8.68473 -3.0986 -8.29416 -6.49374 -9.53055 -3.68887 -7.6051 -8.74669 -2.25383 -8.18991
50.505 -6.0944 -9.65764 -5.87292 -8.6221 -9.09208 -3.90463 -7.76394 -7.92242 -7.20307 -5.41444 -7.99902 -8.52413 -4.07365 -7.70036 -6.79782 -8.15315 -5.3104 -7.89587 -8.72112 -4.13617 -8.84166 -7.16866 -7.79817 -5.51504 -7.89507 -8.63072 -4.15154 -8.24985 -7.00826 -7.89528 -5.49252 -7.9262 -8.67411 -4.23345 -8.39639 -6.98472 -7.64926 -5.65839 -7.94891 -8.68473 -3.09861 -8.29407 -6.49375 -9.53053 -3.68889 -7.6051 -8.74669 -2.25383 -8.18991
50.555 -6.11775 -9.6248 -5.84635 -8.63497 -9.0863 -3.91037 -7.79051 -7.90725 -7.20583 -5.41903 -7.99299 -8.52445 -4.07457 -7.72285 -6.79857 -8.1538 -5.31104 -7.89637 -8.72105 -4.1361 -8.83543 -7.16903 -7.79776 -5.51502 -7.89517 -8.63065 -4.15161 -8.24985 -7.00807 -7.89537 -5.49258 -7.92621 -8.67416 -4.23343 -8.39664 -6.98475 -7.64927 -5.65837 -7.94891 -8.68472 -3.09862 -8.29399 -6.49376 -9.53051 -3.68891 -7.60511 -8.74668 -2.25384 -8.18992
50.605 -6.13934 -9.59244 -5.82416 -8.64761 -9.08112 -3.91597 -7.81686 -7.89214 -7.2088 -5.42361 -7.98796 -8.52503 -4.07541 -7.74458 -6.79942 -8.15439 -5.31167 -7.89688 -8.72096 -4.13603 -8.82902 -7.16938 -7.79735 -5.51501 -7.89527 -8.63059 -4.15168 -8.24988 -7.00788 -7.89546 -5.49263 -7.92621 -8.6742 -4.23341 -8.39689 -6.98479 -7.64928 -5.65835 -7.94892 -8.68471 -3.09863 -8.29391 -6.49376 -9.53049 -3.68893 -7.60511 -8.74668 -2.25384 -8.18993
50.655 -6.15923 -9.56062 -5.80623 -8.66 -9.07651 -3.92142 -7.84294 -7.87711 -7.21199 -5.42816 -7.98386 -8.52585 -4.07616 -7.76551 -6.80037 -8.15491 -5.31228 -7.89739 -8.72084 -4.13598 -8.82245 -7.1697 -7.79694 -5.51501 -7.89537 -8.63054 -4.15174 -8.24996 -7.0077 -7.89556 -5.49268 -7.92621 -8.67425 -4.23339 -8.39712 -6.98483 -7.64929 -5.65834 -7.94892 -8.68471 -3.09864 -8.29382 -6.49377 -9.53047 -3.68895 -7.60511 -8.74668 -2.25384 -8.18994
50.705 -6.17746 -9.5294 -5.79245 -8.6721 -9.07245 -3.92672 -7.8687 -7.8622 -7.21537 -5.43268 -7.98064 -8.52689 -4.07683 -7.78559 -6.8014 -8.15537 -5.31287 -7.8979 -8.7207 -4.13594 -8.81576 -7.16999 -7.79654 -5.51501 -7.89547 -8.63049 -4.15181 -8.25008 -7.00751 -7.89565 -5.49273 -7.92621 -8.67429 -4.23337 -8.39735 -6.98487 -7.6493 -5.65832 -7.94893 -8.6847 -3.09865 -8.29374 -6.49377 -9.53046 -3.68897 -7.60512 -8.74668 -2.25385 -8.18995
50.755 -6.19406 -9.49884 -5.78268 -8.6839 -9.06891 -3.93185 -7.89406 -7.84746 -7.21895 -5.43714 -7.97823 -8.52814 -4.07741 -7.8048 -6.80253 -8.15575 -5.31343 -7.89841 -8.72053 -4.13591 -8.80894 -7.17026 -7.79614 -5.51503 -7.89556 -8.63045 -4.15187 -8.25024 -7.00733 -7.89576 -5.49277 -7.92622 -8.67434 -4.23335 -8.39757 -6.98491 -7.6493 -5.6583 -7.94893 -8.68469 -3.09866 -8.29365 -6.49378 -9.53044 -3.68899 -7.60512 -8.74668 -2.25385 -8.18996
50.805 -6.2091 -9.46899 -5.77677 -8.69537 -9.06587 -3.9368 -7.919 -7.8329 -7.22271 -5.44155 -7.9766 -8.52957 -4.07791 -7.82311 -6.80374 -8.15607 -5.31397 -7.89891 -8.72034 -4.13589 -8.80204 -7.17049 -7.79575 -5.51505 -7.89566 -8.63041 -4.15192 -8.25044 -7.00715 -7.89586 -5.49282 -7.92622 -8.67438 -4.23333 -8.39777 -6.98495 -7.6493 -5.65828 -7.94893 -8.68468 -3.09868 -8.29357 -6.49378 -9.53042 -3.68902 -7.60512 -8.74668 -2.25385 -8.18998
50.855 -6.22262 -9.43989 -5.77457 -8.7065 -9.06329 -3.94158 -7.94345 -7.81856 -7.22666 -5.44588 -7.9757 -8.53118 -4.07833 -7.84052 -6.80505 -8.15632 -5.31449 -7.89941 -8.72013 -4.13589 -8.79505 -7.1707 -7.79537 -5.51509 -7.89575 -8.63038 -4.15198 -8.25069 -7.00697 -7.89597 -5.49286 -7.92623 -8.67443 -4.23331 -8.39797 -6.98499 -7.6493 -5.65826 -7.94894 -8.68467 -3.09869 -8.29348 -6.49378 -9.53041 -3.68904 -7.60513 -8.74668 -2.25385 -8.18999
50.905 -6.23465 -9.41157 -5.77594 -8.71729 -9.06116 -3.94618 -7.96739 -7.80447 -7.23078 -5.45013 -7.97549 -8.53294 -4.07866 -7.857 -6.80643 -8.1565 -5.31498 -7.89991 -8.71989 -4.1359 -8.788 -7.17088 -7.79499 -5.51513 -7.89584 -8.63035 -4.15203 -8.25098 -7.00679 -7.89608 -5.49289 -7.92624 -8.67447 -4.23328 -8.39815 -6.98504 -7.6493 -5.65824 -7.94894 -8.68466 -3.0987 -8.29339 -6.49378 -9.53039 -3.68906 -7.60513 -8.74668 -2.25386 -8.19001
50.955 -6.24523 -9.38408 -5.78071 -8.72772 -9.05946 -3.9506 -7.99077 -7.79065 -7.23506 -5.45428 -7.97593 -8.53484 -4.07892 -7.87255 -6.8079 -8.1566 -5.31543 -7.90039 -8.71963 -4.13592 -8.78091 -7.17102 -7.79463 -5.51518 -7.89593 -8.63033 -4.15208 -8.2513 -7.00662 -7.8962 -5.49293 -7.92624 -8.67451 -4.23326 -8.39833 -6.98509 -7.64929 -5.65822 -7.94894 -8.68465 -3.09871 -8.29331 -6.49378 -9.53038 -3.68908 -7.60513 -8.74668 -2.25386 -8.19002
51.005 -6.25441 -9.35745 -5.78874 -8.73779 -9.05816 -3.95483 -8.01358 -7.77711 -7.23949 -5.45833 -7.977 -8.53688 -4.07911 -7.88716 -6.80945 -8.15663 -5.31587 -7.90087 -8.71934 -4.13595 -8.7738 -7.17114 -7.79427 -5.51524 -7.89601 -8.63032 -4.15212 -8.25167 -7.00645 -7.89631 -5.49296 -7.92625 -8.67456 -4.23324 -8.39849 -6.98514 -7.64929 -5.6582 -7.94894 -8.68464 -3.09873 -8.29322 -6.49378 -9.53037 -3.6891 -7.60514 -8.74668 -2.25386 -8.19004
51.055 -6.26221 -9.33169 -5.79989 -8.7475 -9.05725 -3.95887 -8.03576 -7.76389 -7.24407 -5.46227 -7.97868 -8.53903 -4.07922 -7.90083 -6.81107 -8.15659 -5.31627 -7.90134 -8.71903 -4.136 -8.76667 -7.17122 -7.79392 -5.51531 -7.8961 -8.63031 -4.15216 -8.25208 -7.00628 -7.89643 -5.49298 -7.92626 -8.6746 -4.23321 -8.39864 -6.98519 -7.64928 -5.65818 -7.94895 -8.68463 -3.09874 -8.29313 -6.49378 -9.53035 -3.68913 -7.60514 -8.74668 -2.25386 -8.19005
51.105 -6.26866 -9.30684 -5.81401 -8.75685 -9.05672 -3.96272 -8.05731 -7.75099 -7.24878 -5.4661 -7.98093 -8.54129 -4.07926 -7.91356 -6.81277 -8.15648 -5.31664 -7.9018 -8.7187 -4.13606 -8.75956 -7.17127 -7.79359 -5.51539 -7.89618 -8.63031 -4.1522 -8.25254 -7.00612 -7.89655 -5.49301 -7.92627 -8.67464 -4.23319 -8.39877 -6.98524 -7.64927 -5.65817 -7.94895 -8.68462 -3.09876 -8.29305 -6.49377 -9.53034 -3.68915 -7.60514 -8.74668 -2.25386 -8.19007
51.155 -6.27379 -9.28291 -5.83098 -8.76585 -9.05656 -3.96638 -8.0782 -7.73844 -7.25361 -5.46979 -7.98376 -8.54366 -4.07923 -7.92535 -6.81453 -8.15629 -5.31699 -7.90224 -8.71835 -4.13613 -8.75247 -7.17129 -7.79326 -5.51547 -7.89626 -8.63032 -4.15224 -8.25303 -7.00596 -7.89668 -5.49303 -7.92628 -8.67468 -4.23317 -8.3989 -6.98529 -7.64926 -5.65815 -7.94895 -8.6846 -3.09877 -8.29296 -6.49377 -9.53033 -3.68917 -7.60514 -8.74668 -2.25386 -8.19009
51.205 -6.27761 -9.25993 -5.85067 -8.77449 -9.05675 -3.96984 -8.0984 -7.72626 -7.25856 -5.47336 -7.98714 -8.54612 -4.07914 -7.9362 -6.81636 -8.15603 -5.31731 -7.90268 -8.71798 -4.13621 -8.74543 -7.17128 -7.79295 -5.51557 -7.89633 -8.63033 -4.15227 -8.25356 -7.00581 -7.8968 -5.49305 -7.9263 -8.67472 -4.23314 -8.39901 -6.98534 -7.64925 -5.65813 -7.94895 -8.68459 -3.09879 -8.29288 -6.49376 -9.53032 -3.68919 -7.60514 -8.74669 -2.25387 -8.19011
51.255 -6.28016 -9.23792 -5.87298 -8.78279 -9.05728 -3.97311 -8.1179 -7.71444 -7.26362 -5.47678 -7.99106 -8.54866 -4.07898 -7.94613 -6.81825 -8.15569 -5.3176 -7.90309 -8.71759 -4.13631 -8.73844 -7.17123 -7.79266 -5.51567 -7.89641 -8.63035 -4.1523 -8.25413 -7.00566 -7.89692 -5.49306 -7.92631 -8.67476 -4.23312 -8.3991 -6.9854 -7.64923 -5.65811 -7.94895 -8.68458 -3.0988 -8.2928 -6.49376 -9.53031 -3.68921 -7.60515 -8.74669 -2.25387 -8.19013
51.305 -6.28143 -9.21689 -5.89779 -8.79075 -9.05816 -3.97619 -8.13668 -7.70302 -7.26876 -5.48007 -7.99553 -8.55129 -4.07877 -7.95514 -6.8202 -8.15529 -5.31786 -7.9035 -8.71718 -4.13641 -8.73151 -7.17115 -7.79237 -5.51578 -7.89648 -8.63037 -4.15232 -8.25473 -7.00552 -7.89705 -5.49307 -7.92632 -8.6748 -4.2331 -8.39918 -6.98545 -7.64921 -5.65809 -7.94895 -8.68457 -3.09882 -8.29272 -6.49375 -9.5303 -3.68924 -7.60515 -8.74669 -2.25387 -8.19015
51.355 -6.28144 -9.19685 -5.92501 -8.79838 -9.05938 -3.97906 -8.15471 -7.692 -7.27399 -5.4832 -8.00054 -8.55399 -4.0785 -7.96323 -6.8222 -8.15481 -5.3181 -7.90389 -8.71675 -4.13653 -8.72468 -7.17104 -7.79211 -5.5159 -7.89654 -8.63041 -4.15235 -8.25537 -7.00538 -7.89718 -5.49308 -7.92634 -8.67484 -4.23307 -8.39925 -6.98551 -7.6492 -5.65807 -7.94895 -8.68455 -3.09883 -8.29264 -6.49374 -9.53029 -3.68926 -7.60515 -8.74669 -2.25387 -8.19017
51.405 -6.28019 -9.17784 -5.95456 -8.80568 -9.06093 -3.98174 -8.172 -7.6814 -7.27929 -5.48618 -8.00609 -8.55677 -4.07817 -7.97041 -6.82424 -8.15426 -5.31831 -7.90426 -8.7163 -4.13666 -8.71793 -7.1709 -7.79185 -5.51603 -7.89661 -8.63045 -4.15236 -8.25605 -7.00525 -7.8973 -5.49308 -7.92635 -8.67487 -4.23305 -8.39931 -6.98556 -7.64918 -5.65805 -7.94894 -8.68454 -3.09885 -8.29256 -6.49373 -9.53028 -3.68928 -7.60515 -8.7467 -2.25387 -8.19019
51.455 -6.27769 -9.15985 -5.98637 -8.81267 -9.06281 -3.98422 -8.18851 -7.67122 -7.28464 -5.48901 -8.01219 -8.55961 -4.07779 -7.97669 -6.82633 -8.15364 -5.3185 -7.90462 -8.71584 -4.13681 -8.7113 -7.17072 -7.79162 -5.51616 -7.89667 -8.63049 -4.15238 -8.25675 -7.00512 -7.89743 -5.49308 -7.92637 -8.67491 -4.23302 -8.39934 -6.98562 -7.64915 -5.65803 -7.94894 -8.68453 -3.09886 -8.29248 -6.49372 -9.53027 -3.6893 -7.60515 -8.7467 -2.25387 -8.19022
51.505 -6.27393 -9.14291 -6.02037 -8.81935 -9.06503 -3.9865 -8.20424 -7.66148 -7.29005 -5.49167 -8.01884 -8.56253 -4.07735 -7.98207 -6.82846 -8.15295 -5.31867 -7.90496 -8.71537 -4.13696 -8.70479 -7.17051 -7.7914 -5.5163 -7.89673 -8.63054 -4.15239 -8.2575 -7.00501 -7.89756 -5.49308 -7.92639 -8.67494 -4.233 -8.39937 -6.98568 -7.64913 -5.65801 -7.94894 -8.68451 -3.09888 -8.29241 -6.49371 -9.53027 -3.68932 -7.60515 -8.7467 -2.25387 -8.19024
51.555 -6.26891 -9.12704 -6.05651 -8.82573 -9.06759 -3.98857 -8.21916 -7.65219 -7.29549 -5.49417 -8.02606 -8.5655 -4.07687 -7.98657 -6.83063 -8.15219 -5.31882 -7.90529 -8.71488 -4.13712 -8.69841 -7.17027 -7.79119 -5.51645 -7.89679 -8.6306 -4.1524 -8.25827 -7.0049 -7.89769 -5.49308 -7.9264 -8.67497 -4.23298 -8.39938 -6.98573 -7.64911 -5.65799 -7.94894 -8.6845 -3.0989 -8.29234 -6.4937 -9.53026 -3.68934 -7.60515 -8.74671 -2.25387 -8.19026
51.605 -6.26262 -9.11224 -6.09475 -8.83181 -9.07049 -3.99045 -8.23327 -7.64336 -7.30096 -5.49651 -8.03386 -8.56854 -4.07634 -7.99018 -6.83282 -8.15136 -5.31894 -7.9056 -8.71438 -4.1373 -8.69217 -7.17 -7.79101 -5.51661 -7.89685 -8.63066 -4.1524 -8.25907 -7.00479 -7.89781 -5.49307 -7.92642 -8.675 -4.23295 -8.39937 -6.98579 -7.64908 -5.65797 -7.94893 -8.68448 -3.09891 -8.29227 -6.49369 -9.53026 -3.68935 -7.60515 -8.74671 -2.25387 -8.19028
51.655 -6.25504 -9.09855 -6.13507 -8.83761 -9.07374 -3.99211 -8.24656 -7.63499 -7.30644 -5.49868 -8.04227 -8.57165 -4.07577 -7.99291 -6.83504 -8.15047 -5.31905 -7.90588 -8.71387 -4.13748 -8.68609 -7.1697 -7.79084 -5.51677 -7.8969 -8.63074 -4.1524 -8.25989 -7.0047 -7.89794 -5.49305 -7.92644 -8.67503 -4.23293 -8.39935 -6.98585 -7.64905 -5.65796 -7.94893 -8.68447 -3.09893 -8.2922 -6.49367 -9.53026 -3.68937 -7.60515 -8.74671 -2.25387 -8.19031
51.705 -6.24615 -9.08597 -6.17744 -8.84314 -9.07736 -3.99357 -8.25899 -7.62711 -7.31193 -5.50067 -8.05129 -8.57482 -4.07515 -7.99477 -6.83728 -8.14952 -5.31913 -7.90615 -8.71335 -4.13768 -8.68017 -7.16937 -7.79069 -5.51694 -7.89695 -8.63081 -4.15239 -8.26075 -7.00461 -7.89806 -5.49304 -7.92646 -8.67506 -4.23291 -8.39932 -6.9859 -7.64902 -5.65794 -7.94893 -8.68445 -3.09894 -8.29214 -6.49366 -9.53025 -3.68939 -7.60515 -8.74672 -2.25387 -8.19033
51.755 -6.23593 -9.07454 -6.22186 -8.84839 -9.08134 -3.99481 -8.27057 -7.61971 -7.3174 -5.50249 -8.06096 -8.57806 -4.07449 -7.99575 -6.83954 -8.14851 -5.3192 -7.90641 -8.71282 -4.13788 -8.67442 -7.169 -7.79056 -5.51711 -7.897 -8.6309 -4.15239 -8.26162 -7.00453 -7.89818 -5.49302 -7.92648 -8.67509 -4.23289 -8.39927 -6.98596 -7.64899 -5.65792 -7.94892 -8.68444 -3.09896 -8.29208 -6.49364 -9.53025 -3.6894 -7.60515 -8.74672 -2.25387 -8.19035
51.805 -6.22436 -9.06426 -6.26834 -8.85338 -9.0857 -3.99584 -8.28126 -7.61282 -7.32286 -5.50414 -8.07129 -8.58136 -4.07379 -7.99586 -6.84181 -8.14744 -5.31925 -7.90664 -8.71228 -4.1381 -8.66885 -7.16861 -7.79045 -5.51729 -7.89705 -8.63099 -4.15237 -8.26252 -7.00446 -7.8983 -5.493 -7.9265 -8.67511 -4.23287 -8.3992 -6.98601 -7.64896 -5.65791 -7.94892 -8.68442 -3.09897 -8.29202 -6.49363 -9.53025 -3.68942 -7.60515 -8.74673 -2.25387 -8.19038
51.855 -6.21139 -9.05517 -6.31688 -8.85811 -9.09045 -3.99666 -8.29106 -7.60644 -7.32828 -5.50561 -8.08233 -8.58474 -4.07305 -7.99509 -6.84408 -8.14631 -5.31929 -7.90685 -8.71174 -4.13832 -8.66348 -7.16819 -7.79035 -5.51747 -7.89709 -8.63108 -4.15236 -8.26344 -7.00439 -7.89842 -5.49297 -7.92652 -8.67513 -4.23285 -8.39912 -6.98607 -7.64893 -5.65789 -7.94891 -8.68441 -3.09899 -8.29196 -6.49361 -9.53025 -3.68944 -7.60515 -8.74673 -2.25387 -8.1904
51.905 -6.197 -9.04729 -6.36752 -8.86259 -9.09562 -3.99725 -8.29995 -7.60058 -7.33366 -5.5069 -8.09411 -8.58819 -4.07227 -7.99345 -6.84635 -8.14512 -5.31931 -7.90704 -8.71119 -4.13855 -8.6583 -7.16775 -7.79028 -5.51766 -7.89713 -8.63118 -4.15234 -8.26438 -7.00434 -7.89854 -5.49294 -7.92654 -8.67515 -4.23283 -8.39903 -6.98612 -7.6489 -5.65788 -7.94891 -8.6844 -3.099 -8.29191 -6.49359 -9.53025 -3.68945 -7.60515 -8.74674 -2.25387 -8.19043
51.955 -6.18115 -9.04065 -6.4203 -8.86682 -9.10121 -3.99761 -8.3079 -7.59526 -7.33898 -5.50801 -8.10665 -8.59172 -4.07145 -7.99093 -6.84862 -8.14389 -5.31931 -7.90722 -8.71064 -4.13879 -8.65333 -7.16728 -7.79023 -5.51785 -7.89717 -8.63129 -4.15231 -8.26533 -7.00429 -7.89865 -5.49291 -7.92656 -8.67517 -4.23281 -8.39892 -6.98618 -7.64886 -5.65786 -7.9489 -8.68438 -3.09902 -8.29186 -6.49358 -9.53025 -3.68946 -7.60515 -8.74674 -2.25387 -8.19045
52.005 -6.16379 -9.03529 -6.47525 -8.87081 -9.10725 -3.99775 -8.31489 -7.59049 -7.34423 -5.50893 -8.12 -8.59533 -4.07059 -7.98752 -6.85088 -8.1426 -5.3193 -7.90737 -8.71009 -4.13903 -8.64858 -7.16678 -7.79019 -5.51805 -7.89721 -8.6314 -4.15229 -8.2663 -7.00425 -7.89876 -5.49288 -7.92658 -8.67519 -4.23279 -8.39879 -6.98623 -7.64883 -5.65785 -7.9489 -8.68437 -3.09903 -8.29181 -6.49356 -9.53026 -3.68948 -7.60515 -8.74675 -2.25387 -8.19047
52.055 -6.14487 -9.03122 -6.53245 -8.87455 -9.11375 -3.99765 -8.32089 -7.58628 -7.34941 -5.50967 -8.1342 -8.59903 -4.0697 -7.98322 -6.85313 -8.14127 -5.31928 -7.9075 -8.70953 -4.13928 -8.64404 -7.16626 -7.79018 -5.51825 -7.89725 -8.63152 -4.15226 -8.26728 -7.00422 -7.89887 -5.49284 -7.9266 -8.6752 -4.23277 -8.39866 -6.98628 -7.64879 -5.65783 -7.94889 -8.68435 -3.09904 -8.29177 -6.49354 -9.53026 -3.68949 -7.60514 -8.74675 -2.25386 -8.1905
52.105 -6.12435 -9.0285 -6.59194 -8.87805 -9.12074 -3.99731 -8.32589 -7.58265 -7.35449 -5.51023 -8.1493 -8.60282 -4.06876 -7.97801 -6.85536 -8.13989 -5.31924 -7.90761 -8.70897 -4.13954 -8.63974 -7.16571 -7.79019 -5.51845 -7.89728 -8.63164 -4.15222 -8.26826 -7.0042 -7.89897 -5.4928 -7.92663 -8.67521 -4.23275 -8.3985 -6.98633 -7.64875 -5.65782 -7.94888 -8.68434 -3.09906 -8.29173 -6.49352 -9.53027 -3.6895 -7.60514 -8.74676 -2.25386 -8.19052
52.155 -6.10216 -9.02716 -6.65381 -8.88131 -9.12824 -3.99672 -8.32985 -7.57961 -7.35946 -5.51059 -8.16532 -8.60671 -4.06779 -7.97188 -6.85756 -8.13848 -5.31919 -7.9077 -8.70842 -4.1398 -8.63568 -7.16514 -7.79021 -5.51866 -7.89731 -8.63176 -4.15218 -8.26926 -7.00419 -7.89907 -5.49275 -7.92665 -8.67522 -4.23274 -8.39834 -6.98638 -7.64871 -5.65781 -7.94888 -8.68433 -3.09907 -8.2917 -6.4935 -9.53027 -3.68951 -7.60514 -8.74676 -2.25386 -8.19055
52.205 -6.07825 -9.02723 -6.71814 -8.88433 -9.13628 -3.99588 -8.33274 -7.57718 -7.36432 -5.51077 -8.18233 -8.61071 -4.06678 -7.96482 -6.85973 -8.13702 -5.31912 -7.90777 -8.70787 -4.14007 -8.63186 -7.16455 -7.79026 -5.51887 -7.89734 -8.6319 -4.15214 -8.27026 -7.00418 -7.89917 -5.49271 -7.92667 -8.67523 -4.23272 -8.39816 -6.98643 -7.64868 -5.6578 -7.94887 -8.68431 -3.09908 -8.29167 -6.49348 -9.53028 -3.68952 -7.60514 -8.74677 -2.25386 -8.19057
52.255 -6.05257 -9.02878 -6.78501 -8.8871 -9.14487 -3.99478 -8.33454 -7.57538 -7.36905 -5.51075 -8.20036 -8.61481 -4.06573 -7.95681 -6.86187 -8.13553 -5.31904 -7.90782 -8.70732 -4.14034 -8.6283 -7.16395 -7.79033 -5.51908 -7.89737 -8.63203 -4.1521 -8.27127 -7.00419 -7.89926 -5.49266 -7.92669 -8.67523 -4.23271 -8.39797 -6.98647 -7.64864 -5.65779 -7.94886 -8.6843 -3.0991 -8.29164 -6.49346 -9.53028 -3.68952 -7.60513 -8.74677 -2.25386 -8.19059
52.305 -6.02507 -9.03183 -6.8545 -8.88962 -9.15405 -3.99341 -8.3352 -7.57422 -7.37364 -5.51054 -8.21945 -8.61904 -4.06464 -7.94784 -6.86397 -8.134 -5.31894 -7.90785 -8.70677 -4.14061 -8.625 -7.16332 -7.79042 -5.51929 -7.8974 -8.63217 -4.15205 -8.27227 -7.00421 -7.89935 -5.49261 -7.92671 -8.67524 -4.23269 -8.39777 -6.98652 -7.6486 -5.65778 -7.94885 -8.68429 -3.09911 -8.29161 -6.49344 -9.53029 -3.68953 -7.60513 -8.74678 -2.25385 -8.19061
52.355 -5.99569 -9.03645 -6.9267 -8.89188 -9.16384 -3.99176 -8.3347 -7.57373 -7.37808 -5.51014 -8.23963 -8.62338 -4.06351 -7.93787 -6.86602 -8.13245 -5.31883 -7.90785 -8.70624 -4.14089 -8.62197 -7.16267 -7.79053 -5.5195 -7.89742 -8.63231 -4.15199 -8.27328 -7.00423 -7.89944 -5.49255 -7.92674 -8.67524 -4.23268 -8.39755 -6.98656 -7.64856 -5.65777 -7.94885 -8.68427 -3.09912 -8.29159 -6.49342 -9.5303 -3.68954 -7.60513 -8.74678 -2.25385 -8.19064
52.405 -5.96439 -9.04268 -7.00169 -8.89388 -9.17425 -3.98983 -8.33298 -7.57393 -7.38234 -5.50953 -8.26093 -8.62785 -4.06234 -7.9269 -6.86802 -8.13088 -5.3187 -7.90783 -8.7057 -4.14117 -8.61921 -7.16201 -7.79065 -5.51972 -7.89744 -8.63246 -4.15194 -8.27428 -7.00426 -7.89952 -5.4925 -7.92676 -8.67524 -4.23267 -8.39732 -6.9866 -7.64852 -5.65776 -7.94884 -8.68426 -3.09913 -8.29158 -6.4934 -9.53031 -3.68954 -7.60513 -8.74679 -2.25385 -8.19066
52.455 -5.93115 -9.05057 -7.07953 -8.89559 -9.18531 -3.98761 -8.33003 -7.57483 -7.38643 -5.50873 -8.28337 -8.63244 -4.06112 -7.91491 -6.86997 -8.12928 -5.31856 -7.90778 -8.70518 -4.14145 -8.61674 -7.16134 -7.7908 -5.51993 -7.89745 -8.63261 -4.15188 -8.27527 -7.00431 -7.89959 -5.49244 -7.92678 -8.67523 -4.23266 -8.39708 -6.98664 -7.64848 -5.65775 -7.94883 -8.68425 -3.09914 -8.29157 -6.49338 -9.53032 -3.68955 -7.60512 -8.7468 -2.25385 -8.19068
52.505 -5.89594 -9.06018 -7.16028 -8.897 -9.19702 -3.98509 -8.32578 -7.57645 -7.39032 -5.50772 -8.30695 -8.63716 -4.05986 -7.90186 -6.87185 -8.12766 -5.31839 -7.90772 -8.70467 -4.14174 -8.61456 -7.16065 -7.79097 -5.52014 -7.89747 -8.63276 -4.15182 -8.27626 -7.00436 -7.89966 -5.49238 -7.9268 -8.67523 -4.23265 -8.39683 -6.98668 -7.64844 -5.65775 -7.94882 -8.68424 -3.09915 -8.29156 -6.49336 -9.53033 -3.68955 -7.60512 -8.7468 -2.25385 -8.1907
52.555 -5.85877 -9.07155 -7.24394 -8.89809 -9.2094 -3.98226 -8.32021 -7.57883 -7.39401 -5.5065 -8.33164 -8.642 -4.05855 -7.88774 -6.87367 -8.12603 -5.3182 -7.90763 -8.70417 -4.14202 -8.61268 -7.15995 -7.79116 -5.52035 -7.89748 -8.63291 -4.15176 -8.27723 -7.00442 -7.89973 -5.49231 -7.92682 -8.67522 -4.23264 -8.39658 -6.98671 -7.6484 -5.65774 -7.94881 -8.68423 -3.09916 -8.29156 -6.49333 -9.53034 -3.68955 -7.60512 -8.74681 -2.25384 -8.19072
52.605 -5.81967 -9.08473 -7.33052 -8.89884 -9.22244 -3.97912 -8.31328 -7.58198 -7.39748 -5.50507 -8.35742 -8.64695 -4.05719 -7.87254 -6.87542 -8.12439 -5.318 -7.90751 -8.70368 -4.14231 -8.61112 -7.15924 -7.79136 -5.52056 -7.89749 -8.63307 -4.15169 -8.27819 -7.00449 -7.89979 -5.49225 -7.92685 -8.67521 -4.23263 -8.39631 -6.98675 -7.64836 -5.65774 -7.9488 -8.68422 -3.09917 -8.29156 -6.49331 -9.53036 -3.68955 -7.60511 -8.74681 -2.25384 -8.19074
52.655 -5.7787 -9.09975 -7.41997 -8.89922 -9.23612 -3.97565 -8.30494 -7.58592 -7.40072 -5.50343 -8.38419 -8.65201 -4.05579 -7.85625 -6.87709 -8.12274 -5.31777 -7.90737 -8.70321 -4.14259 -8.60987 -7.15853 -7.79158 -5.52077 -7.89749 -8.63323 -4.15162 -8.27914 -7.00456 -7.89984 -5.49218 -7.92687 -8.6752 -4.23263 -8.39603 -6.98678 -7.64832 -5.65773 -7.9488 -8.68421 -3.09918 -8.29156 -6.49329 -9.53037 -3.68955 -7.60511 -8.74682 -2.25384 -8.19076
52.705 -5.73596 -9.11666 -7.51217 -8.89919 -9.25041 -3.97186 -8.29517 -7.59067 -7.40372 -5.50158 -8.41188 -8.65715 -4.05434 -7.83884 -6.87867 -8.12108 -5.31751 -7.9072 -8.70275 -4.14287 -8.60895 -7.1578 -7.79182 -5.52097 -7.89749 -8.63338 -4.15155 -8.28007 -7.00465 -7.89989 -5.49211 -7.92689 -8.67519 -4.23262 -8.39574 -6.98681 -7.64828 -5.65773 -7.94879 -8.6842 -3.09918 -8.29157 -6.49327 -9.53038 -3.68955 -7.6051 -8.74683 -2.25383 -8.19077
52.755 -5.69159 -9.13547 -7.60696 -8.89871 -9.26527 -3.96774 -8.28394 -7.59625 -7.40646 -5.49951 -8.44033 -8.66235 -4.05284 -7.82034 -6.88017 -8.11943 -5.31723 -7.90701 -8.7023 -4.14315 -8.60837 -7.15707 -7.79208 -5.52118 -7.89748 -8.63354 -4.15147 -8.28098 -7.00474 -7.89994 -5.49204 -7.92691 -8.67517 -4.23261 -8.39544 -6.98683 -7.64824 -5.65773 -7.94878 -8.68419 -3.09919 -8.29158 -6.49325 -9.5304 -3.68955 -7.6051 -8.74683 -2.25383 -8.19079
52.805 -5.64577 -9.15618 -7.7041 -8.89775 -9.28063 -3.9633 -8.27123 -7.60267 -7.40893 -5.49722 -8.46938 -8.66758 -4.0513 -7.80074 -6.88158 -8.11778 -5.31692 -7.9068 -8.70188 -4.14343 -8.60813 -7.15634 -7.79236 -5.52137 -7.89747 -8.6337 -4.1514 -8.28187 -7.00484 -7.89998 -5.49197 -7.92693 -8.67515 -4.23261 -8.39514 -6.98686 -7.6482 -5.65773 -7.94877 -8.68418 -3.0992 -8.2916 -6.49323 -9.53041 -3.68954 -7.6051 -8.74684 -2.25383 -8.19081
52.855 -5.59872 -9.17879 -7.80329 -8.89624 -9.2964 -3.95853 -8.25703 -7.60993 -7.41112 -5.49471 -8.49881 -8.6728 -4.04972 -7.78007 -6.88289 -8.11614 -5.31659 -7.90655 -8.70147 -4.1437 -8.60825 -7.15561 -7.79265 -5.52157 -7.89746 -8.63386 -4.15132 -8.28273 -7.00495 -7.90001 -5.4919 -7.92695 -8.67513 -4.23261 -8.39483 -6.98688 -7.64816 -5.65773 -7.94876 -8.68417 -3.0992 -8.29162 -6.4932 -9.53043 -3.68954 -7.60509 -8.74684 -2.25382 -8.19082
52.905 -5.55072 -9.20326 -7.90413 -8.89414 -9.31248 -3.95344 -8.24134 -7.61805 -7.41302 -5.49198 -8.5284 -8.67796 -4.0481 -7.75837 -6.88409 -8.11452 -5.31622 -7.90628 -8.70108 -4.14397 -8.60872 -7.15487 -7.79296 -5.52176 -7.89743 -8.63402 -4.15124 -8.28356 -7.00507 -7.90003 -5.49183 -7.92697 -8.67511 -4.23261 -8.39452 -6.9869 -7.64812 -5.65773 -7.94875 -8.68417 -3.0992 -8.29165 -6.49318 -9.53045 -3.68953 -7.60509 -8.74685 -2.25382 -8.19084
52.955 -5.50208 -9.22954 -8.00616 -8.89139 -9.32875 -3.94804 -8.22418 -7.62702 -7.41462 -5.48904 -8.55788 -8.68303 -4.04644 -7.73567 -6.88519 -8.1129 -5.31582 -7.90599 -8.70071 -4.14424 -8.60957 -7.15414 -7.79328 -5.52195 -7.89741 -8.63418 -4.15116 -8.28437 -7.0052 -7.90005 -5.49176 -7.92698 -8.67509 -4.23261 -8.3942 -6.98691 -7.64808 -5.65773 -7.94874 -8.68416 -3.09921 -8.29168 -6.49316 -9.53046 -3.68953 -7.60508 -8.74685 -2.25382 -8.19085
53.005 -5.45312 -9.25756 -8.10883 -8.88794 -9.34507 -3.94236 -8.20558 -7.63682 -7.41591 -5.48587 -8.58698 -8.68795 -4.04476 -7.71206 -6.88618 -8.11131 -5.31539 -7.90566 -8.70037 -4.1445 -8.61079 -7.15341 -7.79362 -5.52213 -7.89738 -8.63433 -4.15107 -8.28514 -7.00533 -7.90007 -5.49168 -7.927 -8.67506 -4.23261 -8.39387 -6.98693 -7.64804 -5.65773 -7.94873 -8.68415 -3.09921 -8.29171 -6.49314 -9.53048 -3.68952 -7.60508 -8.74686 -2.25381 -8.19086
53.055 -5.4042 -9.28721 -8.21154 -8.88373 -9.36131 -3.93641 -8.18559 -7.64744 -7.41688 -5.48249 -8.61541 -8.69266 -4.04306 -7.6876 -6.88705 -8.10975 -5.31494 -7.90532 -8.70004 -4.14475 -8.61239 -7.15269 -7.79397 -5.5223 -7.89734 -8.63449 -4.15099 -8.28588 -7.00547 -7.90008 -5.49161 -7.92702 -8.67503 -4.23261 -8.39354 -6.98694 -7.64801 -5.65773 -7.94872 -8.68415 -3.09921 -8.29175 -6.49312 -9.5305 -3.68951 -7.60507 -8.74686 -2.25381 -8.19087
53.105 -5.35569 -9.31837 -8.31365 -8.8787 -9.37729 -3.93021 -8.16427 -7.65884 -7.41753 -5.47891 -8.64291 -8.69712 -4.04135 -7.6624 -6.8878 -8.10821 -5.31445 -7.90494 -8.69975 -4.145 -8.61437 -7.15197 -7.79433 -5.52247 -7.8973 -8.63464 -4.15091 -8.28658 -7.00561 -7.90008 -5.49153 -7.92703 -8.675 -4.23262 -8.39321 -6.98695 -7.64797 -5.65774 -7.94871 -8.68414 -3.09922 -8.29179 -6.4931 -9.53052 -3.6895 -7.60507 -8.74687 -2.25381 -8.19088
53.155 -5.30792 -9.35091 -8.41449 -8.87283 -9.39289 -3.9238 -8.1417 -7.671 -7.41785 -5.47512 -8.66925 -8.70127 -4.03964 -7.63657 -6.88842 -8.10671 -5.31393 -7.90454 -8.69947 -4.14524 -8.61673 -7.15127 -7.79471 -5.52264 -7.89725 -8.63479 -4.15082 -8.28725 -7.00577 -7.90007 -5.49145 -7.92705 -8.67497 -4.23262 -8.39288 -6.98695 -7.64794 -5.65774 -7.9487 -8.68414 -3.09922 -8.29183 -6.49308 -9.53053 -3.68949 -7.60506 -8.74687 -2.2538 -8.19089
53.205 -5.26122 -9.38465 -8.51336 -8.86607 -9.40796 -3.91721 -8.11798 -7.68386 -7.41783 -5.47114 -8.6942 -8.70507 -4.03794 -7.61021 -6.88892 -8.10525 -5.31338 -7.90412 -8.69923 -4.14548 -8.61948 -7.15057 -7.79509 -5.52279 -7.8972 -8.63493 -4.15073 -8.28787 -7.00592 -7.90006 -5.49138 -7.92706 -8.67494 -4.23263 -8.39254 -6.98695 -7.64791 -5.65775 -7.94869 -8.68414 -3.09922 -8.29188 -6.49307 -9.53055 -3.68948 -7.60506 -8.74688 -2.2538 -8.1909
53.255 -5.21588 -9.41943 -8.60959 -8.85841 -9.42238 -3.91048 -8.09323 -7.69738 -7.41749 -5.46698 -8.71761 -8.70849 -4.03627 -7.58347 -6.88929 -8.10382 -5.31281 -7.90368 -8.69901 -4.1457 -8.62261 -7.14989 -7.79549 -5.52294 -7.89714 -8.63507 -4.15065 -8.28845 -7.00609 -7.90005 -5.4913 -7.92708 -8.6749 -4.23263 -8.39221 -6.98696 -7.64787 -5.65776 -7.94868 -8.68413 -3.09922 -8.29193 -6.49305 -9.53057 -3.68947 -7.60506 -8.74688 -2.2538 -8.19091
53.305 -5.17215 -9.45506 -8.70255 -8.84983 -9.43604 -3.90364 -8.06755 -7.71149 -7.41681 -5.46266 -8.73936 -8.71151 -4.03463 -7.55647 -6.88953 -8.10244 -5.31222 -7.90322 -8.69882 -4.14592 -8.62612 -7.14922 -7.7959 -5.52308 -7.89707 -8.63521 -4.15056 -8.28898 -7.00626 -7.90002 -5.49123 -7.92709 -8.67487 -4.23264 -8.39187 -6.98695 -7.64784 -5.65776 -7.94868 -8.68413 -3.09922 -8.29199 -6.49303 -9.53059 -3.68945 -7.60505 -8.74689 -2.25379 -8.19091
53.355 -5.13021 -9.49135 -8.79163 -8.84034 -9.44885 -3.89672 -8.04109 -7.72612 -7.4158 -5.45818 -8.75937 -8.71411 -4.03303 -7.52936 -6.88964 -8.10111 -5.3116 -7.90273 -8.69866 -4.14612 -8.63 -7.14857 -7.79631 -5.52322 -7.897 -8.63535 -4.15047 -8.28947 -7.00643 -7.89999 -5.49115 -7.9271 -8.67483 -4.23265 -8.39153 -6.98695 -7.64781 -5.65777 -7.94867 -8.68413 -3.09921 -8.29205 -6.49301 -9.53061 -3.68944 -7.60505 -8.74689 -2.25379 -8.19092
53.405 -5.09023 -9.52812 -8.87631 -8.82997 -9.46076 -3.88978 -8.01397 -7.7412 -7.41447 -5.45358 -8.77762 -8.71629 -4.03149 -7.50226 -6.88961 -8.09983 -5.31098 -7.90223 -8.69852 -4.14632 -8.63424 -7.14793 -7.79674 -5.52334 -7.89693 -8.63548 -4.15038 -8.28991 -7.00661 -7.89996 -5.49108 -7.92711 -8.67479 -4.23266 -8.3912 -6.98694 -7.64779 -5.65778 -7.94866 -8.68413 -3.09921 -8.29211 -6.493 -9.53063 -3.68943 -7.60504 -8.7469 -2.25379 -8.19092
53.455 -5.0523 -9.56518 -8.95611 -8.81876 -9.47174 -3.88285 -7.98633 -7.75667 -7.41283 -5.44885 -8.79412 -8.71806 -4.03001 -7.47531 -6.88946 -8.09861 -5.31034 -7.90172 -8.69842 -4.1465 -8.63882 -7.14732 -7.79717 -5.52346 -7.89685 -8.6356 -4.1503 -8.2903 -7.00679 -7.89992 -5.49101 -7.92712 -8.67475 -4.23267 -8.39087 -6.98693 -7.64776 -5.65779 -7.94865 -8.68413 -3.09921 -8.29217 -6.49298 -9.53065 -3.68941 -7.60504 -8.7469 -2.25378 -8.19093
53.505 -5.01648 -9.60236 -9.03065 -8.80675 -9.48176 -3.87595 -7.9583 -7.77245 -7.41087 -5.44404 -8.80891 -8.71942 -4.02861 -7.44862 -6.88917 -8.09745 -5.30969 -7.9012 -8.69835 -4.14668 -8.64374 -7.14672 -7.7976 -5.52357 -7.89677 -8.63572 -4.15021 -8.29064 -7.00698 -7.89987 -5.49093 -7.92713 -8.67471 -4.23268 -8.39054 -6.98692 -7.64774 -5.6578 -7.94864 -8.68413 -3.0992 -8.29224 -6.49297 -9.53067 -3.68939 -7.60503 -8.7469 -2.25378 -8.19093
53.555 -4.98279 -9.63948 -9.09961 -8.79402 -9.49083 -3.86913 -7.93002 -7.78847 -7.40862 -5.43914 -8.82206 -8.72041 -4.02728 -7.42232 -6.88875 -8.09635 -5.30904 -7.90066 -8.69831 -4.14684 -8.64897 -7.14615 -7.79804 -5.52366 -7.89669 -8.63584 -4.15013 -8.29092 -7.00717 -7.89982 -5.49086 -7.92714 -8.67467 -4.2327 -8.39022 -6.9869 -7.64771 -5.65782 -7.94863 -8.68413 -3.0992 -8.29231 -6.49295 -9.53069 -3.68938 -7.60503 -8.74691 -2.25378 -8.19093
53.605 -4.95121 -9.6764 -9.16275 -8.78063 -9.49897 -3.86241 -7.9016 -7.80465 -7.40608 -5.4342 -8.83367 -8.72104 -4.02604 -7.39649 -6.8882 -8.09532 -5.30839 -7.90012 -8.6983 -4.14699 -8.6545 -7.14561 -7.79849 -5.52375 -7.8966 -8.63594 -4.15004 -8.29115 -7.00736 -7.89976 -5.49079 -7.92715 -8.67462 -4.23271 -8.3899 -6.98688 -7.64769 -5.65783 -7.94863 -8.68413 -3.09919 -8.29239 -6.49294 -9.53071 -3.68936 -7.60502 -8.74691 -2.25377 -8.19093
53.655 -4.92172 -9.71297 -9.21992 -8.76666 -9.50622 -3.85582 -7.87317 -7.82093 -7.40326 -5.42922 -8.84382 -8.72134 -4.02488 -7.37124 -6.88753 -8.09436 -5.30774 -7.89957 -8.69832 -4.14712 -8.66032 -7.14509 -7.79893 -5.52383 -7.89651 -8.63605 -4.14996 -8.29133 -7.00755 -7.8997 -5.49072 -7.92715 -8.67458 -4.23273 -8.38959 -6.98686 -7.64767 -5.65784 -7.94862 -8.68414 -3.09919 -8.29246 -6.49293 -9.53073 -3.68934 -7.60502 -8.74691 -2.25377 -8.19093
53.705 -4.89426 -9.74907 -9.271 -8.7522 -9.51261 -3.84938 -7.84483 -7.83724 -7.40019 -5.42422 -8.85263 -8.72135 -4.02382 -7.34664 -6.88674 -8.09346 -5.30711 -7.89903 -8.69837 -4.14725 -8.66638 -7.14459 -7.79938 -5.5239 -7.89642 -8.63614 -4.14988 -8.29145 -7.00775 -7.89963 -5.49066 -7.92716 -8.67453 -4.23274 -8.38928 -6.98684 -7.64765 -5.65786 -7.94861 -8.68414 -3.09918 -8.29254 -6.49292 -9.53075 -3.68932 -7.60501 -8.74692 -2.25377 -8.19092
53.755 -4.86876 -9.78458 -9.31598 -8.73733 -9.51818 -3.84311 -7.81668 -7.85352 -7.39687 -5.41924 -8.86019 -8.7211 -4.02285 -7.32276 -6.88583 -8.09264 -5.30649 -7.89848 -8.69846 -4.14736 -8.67269 -7.14413 -7.79983 -5.52396 -7.89633 -8.63623 -4.1498 -8.29152 -7.00795 -7.89955 -5.49059 -7.92716 -8.67449 -4.23276 -8.38898 -6.98681 -7.64763 -5.65787 -7.9486 -8.68414 -3.09917 -8.29262 -6.49291 -9.53077 -3.6893 -7.60501 -8.74692 -2.25376 -8.19092
53.805 -4.84515 -9.81941 -9.35486 -8.72215 -9.52301 -3.83702 -7.78882 -7.86971 -7.39333 -5.41428 -8.8666 -8.72061 -4.02197 -7.29966 -6.88481 -8.0919 -5.30588 -7.89794 -8.69857 -4.14745 -8.6792 -7.1437 -7.80027 -5.524 -7.89624 -8.63632 -4.14972 -8.29153 -7.00815 -7.89948 -5.49053 -7.92716 -8.67444 -4.23278 -8.38869 -6.98678 -7.64762 -5.65789 -7.9486 -8.68415 -3.09916 -8.2927 -6.4929 -9.53079 -3.68928 -7.60501 -8.74692 -2.25376 -8.19091
53.855 -4.82336 -9.85346 -9.38771 -8.70673 -9.52713 -3.83113 -7.76132 -7.88577 -7.38957 -5.40937 -8.87197 -8.71991 -4.02117 -7.27737 -6.88368 -8.09123 -5.30529 -7.8974 -8.69871 -4.14754 -8.6859 -7.14329 -7.80072 -5.52404 -7.89615 -8.63639 -4.14965 -8.29149 -7.00834 -7.89939 -5.49047 -7.92716 -8.67439 -4.23279 -8.38841 -6.98675 -7.64761 -5.6579 -7.94859 -8.68415 -3.09916 -8.29279 -6.49289 -9.5308 -3.68926 -7.605 -8.74692 -2.25376 -8.19091
53.905 -4.80329 -9.88667 -9.41464 -8.69116 -9.5306 -3.82545 -7.73425 -7.90165 -7.38561 -5.40452 -8.87638 -8.71902 -4.02047 -7.25595 -6.88245 -8.09064 -5.30472 -7.89687 -8.69889 -4.1476 -8.69277 -7.14292 -7.80116 -5.52407 -7.89606 -8.63646 -4.14957 -8.2914 -7.00854 -7.8993 -5.49041 -7.92716 -8.67435 -4.23281 -8.38813 -6.98672 -7.64759 -5.65792 -7.94859 -8.68416 -3.09915 -8.29287 -6.49288 -9.53082 -3.68924 -7.605 -8.74693 -2.25375 -8.1909
53.955 -4.78489 -9.91898 -9.4358 -8.67552 -9.53347 -3.81999 -7.70768 -7.9173 -7.38148 -5.39974 -8.8799 -8.71798 -4.01986 -7.2354 -6.88113 -8.09014 -5.30418 -7.89635 -8.69909 -4.14766 -8.69978 -7.14259 -7.80159 -5.52408 -7.89597 -8.63653 -4.1495 -8.29124 -7.00874 -7.89921 -5.49036 -7.92716 -8.6743 -4.23283 -8.38787 -6.98668 -7.64758 -5.65794 -7.94858 -8.68417 -3.09914 -8.29296 -6.49287 -9.53084 -3.68922 -7.60499 -8.74693 -2.25375 -8.19089
54.005 -4.76807 -9.95033 -9.45135 -8.65988 -9.53578 -3.81474 -7.68166 -7.93268 -7.37718 -5.39507 -8.88261 -8.71681 -4.01932 -7.21576 -6.87971 -8.08971 -5.30366 -7.89584 -8.69931 -4.1477 -8.7069 -7.14228 -7.80203 -5.52409 -7.89588 -8.63658 -4.14943 -8.29104 -7.00894 -7.89911 -5.4903 -7.92716 -8.67425 -4.23285 -8.38762 -6.98664 -7.64758 -5.65795 -7.94857 -8.68418 -3.09913 -8.29305 -6.49287 -9.53086 -3.6892 -7.60499 -8.74693 -2.25375 -8.19088
54.055 -4.75276 -9.98068 -9.46148 -8.64432 -9.5376 -3.80972 -7.65624 -7.94777 -7.37274 -5.39049 -8.88456 -8.71551 -4.01887 -7.19703 -6.87821 -8.08936 -5.30316 -7.89534 -8.69957 -4.14772 -8.71411 -7.14201 -7.80245 -5.52408 -7.89579 -8.63663 -4.14937 -8.29078 -7.00914 -7.89901 -5.49025 -7.92716 -8.6742 -4.23288 -8.38738 -6.9866 -7.64757 -5.65797 -7.94857 -8.68418 -3.09911 -8.29314 -6.49286 -9.53088 -3.68918 -7.60499 -8.74693 -2.25374 -8.19087
54.105 -4.73892 -10.01 -9.46641 -8.62889 -9.53895 -3.80493 -7.63146 -7.96253 -7.36816 -5.38604 -8.88582 -8.71411 -4.01849 -7.17922 -6.87663 -8.0891 -5.30269 -7.89486 -8.69984 -4.14773 -8.7214 -7.14178 -7.80287 -5.52406 -7.8957 -8.63667 -4.1493 -8.29047 -7.00933 -7.8989 -5.4902 -7.92715 -8.67416 -4.2329 -8.38715 -6.98656 -7.64757 -5.65799 -7.94857 -8.68419 -3.0991 -8.29323 -6.49286 -9.53089 -3.68916 -7.60498 -8.74693 -2.25374 -8.19086
54.155 -4.72647 -10.0383 -9.46635 -8.61364 -9.53988 -3.80037 -7.60735 -7.97694 -7.36347 -5.38171 -8.88643 -8.71262 -4.01819 -7.16234 -6.87497 -8.08891 -5.30225 -7.89439 -8.70015 -4.14773 -8.72873 -7.14158 -7.80328 -5.52403 -7.89562 -8.63671 -4.14924 -8.29012 -7.00952 -7.89879 -5.49016 -7.92715 -8.67411 -4.23292 -8.38694 -6.98652 -7.64757 -5.65801 -7.94856 -8.6842 -3.09909 -8.29332 -6.49285 -9.53091 -3.68913 -7.60498 -8.74693 -2.25374 -8.19085
54.205 -4.71536 -10.0655 -9.46154 -8.59864 -9.54042 -3.79603 -7.58393 -7.99097 -7.35868 -5.37752 -8.88642 -8.71105 -4.01795 -7.14638 -6.87325 -8.08881 -5.30183 -7.89394 -8.70047 -4.14771 -8.73608 -7.14141 -7.80368 -5.52399 -7.89553 -8.63673 -4.14919 -8.28971 -7.00971 -7.89868 -5.49012 -7.92714 -8.67406 -4.23294 -8.38674 -6.98647 -7.64757 -5.65803 -7.94856 -8.68421 -3.09908 -8.29341 -6.49285 -9.53092 -3.68911 -7.60498 -8.74693 -2.25374 -8.19083
54.255 -4.70556 -10.0916 -9.4522 -8.58393 -9.5406 -3.79192 -7.56124 -8.00462 -7.3538 -5.37347 -8.88583 -8.70941 -4.01778 -7.13134 -6.87147 -8.08879 -5.30144 -7.8935 -8.70082 -4.14768 -8.74345 -7.14128 -7.80407 -5.52394 -7.89545 -8.63675 -4.14913 -8.28926 -7.00989 -7.89857 -5.49008 -7.92713 -8.67401 -4.23297 -8.38655 -6.98642 -7.64757 -5.65805 -7.94856 -8.68422 -3.09906 -8.2935 -6.49285 -9.53094 -3.68909 -7.60497 -8.74693 -2.25373 -8.19082
54.305 -4.69701 -10.1166 -9.43858 -8.56954 -9.54046 -3.78803 -7.53929 -8.01785 -7.34885 -5.36958 -8.88468 -8.70771 -4.01767 -7.11721 -6.86963 -8.08884 -5.30107 -7.89308 -8.70118 -4.14763 -8.75079 -7.14119 -7.80445 -5.52388 -7.89537 -8.63676 -4.14908 -8.28876 -7.01008 -7.89845 -5.49004 -7.92712 -8.67397 -4.23299 -8.38637 -6.98637 -7.64757 -5.65807 -7.94855 -8.68423 -3.09905 -8.29359 -6.49285 -9.53095 -3.68907 -7.60497 -8.74693 -2.25373 -8.1908
54.355 -4.6897 -10.1405 -9.4209 -8.55552 -9.54 -3.78436 -7.51809 -8.03067 -7.34384 -5.36584 -8.88299 -8.70596 -4.01762 -7.10399 -6.86775 -8.08898 -5.30073 -7.89268 -8.70156 -4.14757 -8.75811 -7.14113 -7.80481 -5.52381 -7.89529 -8.63677 -4.14904 -8.28822 -7.01025 -7.89833 -5.49001 -7.92711 -8.67392 -4.23301 -8.38622 -6.98632 -7.64758 -5.65809 -7.94855 -8.68424 -3.09904 -8.29368 -6.49285 -9.53097 -3.68904 -7.60497 -8.74693 -2.25373 -8.19079
54.405 -4.68358 -10.1633 -9.39939 -8.54189 -9.53926 -3.78091 -7.49766 -8.04305 -7.33878 -5.36226 -8.88078 -8.70415 -4.01763 -7.09166 -6.86582 -8.0892 -5.30041 -7.89229 -8.70196 -4.14749 -8.76537 -7.14111 -7.80517 -5.52373 -7.89522 -8.63676 -4.14899 -8.28763 -7.01043 -7.8982 -5.48998 -7.9271 -8.67388 -4.23304 -8.38607 -6.98627 -7.64758 -5.65811 -7.94855 -8.68425 -3.09902 -8.29377 -6.49286 -9.53098 -3.68902 -7.60496 -8.74693 -2.25373 -8.19077
54.455 -4.67865 -10.1851 -9.37428 -8.52868 -9.53826 -3.77768 -7.478 -8.05498 -7.33369 -5.35885 -8.87804 -8.70229 -4.01769 -7.08021 -6.86385 -8.08949 -5.30012 -7.89192 -8.70238 -4.1474 -8.77257 -7.14112 -7.80551 -5.52363 -7.89514 -8.63675 -4.14895 -8.28701 -7.01059 -7.89808 -5.48995 -7.92709 -8.67383 -4.23306 -8.38594 -6.98622 -7.64759 -5.65813 -7.94855 -8.68427 -3.09901 -8.29386 -6.49286 -9.53099 -3.689 -7.60496 -8.74693 -2.25373 -8.19075
54.505 -4.67486 -10.2057 -9.34578 -8.51591 -9.537 -3.77466 -7.45913 -8.06647 -7.32858 -5.3556 -8.8748 -8.70038 -4.01779 -7.06963 -6.86185 -8.08985 -5.29984 -7.89157 -8.70281 -4.1473 -8.77968 -7.14117 -7.80583 -5.52353 -7.89507 -8.63673 -4.14892 -8.28636 -7.01076 -7.89795 -5.48993 -7.92707 -8.67379 -4.23309 -8.38583 -6.98616 -7.64761 -5.65815 -7.94855 -8.68428 -3.09899 -8.29395 -6.49286 -9.53101 -3.68898 -7.60496 -8.74693 -2.25373 -8.19073
54.555 -4.67223 -10.2252 -9.3141 -8.5036 -9.53549 -3.77186 -7.44104 -8.07751 -7.32346 -5.35253 -8.87105 -8.69842 -4.01794 -7.05991 -6.85983 -8.09029 -5.29959 -7.89124 -8.70325 -4.14719 -8.7867 -7.14126 -7.80614 -5.52342 -7.895 -8.63671 -4.14888 -8.28566 -7.01091 -7.89782 -5.48991 -7.92706 -8.67375 -4.23311 -8.38573 -6.98611 -7.64762 -5.65817 -7.94855 -8.68429 -3.09898 -8.29404 -6.49287 -9.53102 -3.68895 -7.60496 -8.74693 -2.25372 -8.19071
54.605 -4.67072 -10.2437 -9.27943 -8.49177 -9.53376 -3.76925 -7.42374 -8.08808 -7.31834 -5.34962 -8.86679 -8.69641 -4.01814 -7.05104 -6.85778 -8.09081 -5.29935 -7.89092 -8.7037 -4.14706 -8.79361 -7.14137 -7.80643 -5.5233 -7.89493 -8.63667 -4.14886 -8.28494 -7.01106 -7.89769 -5.4899 -7.92704 -8.67371 -4.23314 -8.38565 -6.98605 -7.64763 -5.65819 -7.94855 -8.68431 -3.09896 -8.29412 -6.49288 -9.53103 -3.68893 -7.60496 -8.74692 -2.25372 -8.19069
54.655 -4.67034 -10.2611 -9.24196 -8.48042 -9.5318 -3.76685 -7.40723 -8.0982 -7.31323 -5.34688 -8.86202 -8.69436 -4.01838 -7.04301 -6.85572 -8.09139 -5.29913 -7.89063 -8.70416 -4.14692 -8.80039 -7.14152 -7.80671 -5.52316 -7.89486 -8.63663 -4.14883 -8.28419 -7.0112 -7.89756 -5.48989 -7.92703 -8.67367 -4.23316 -8.38558 -6.986 -7.64765 -5.65821 -7.94855 -8.68432 -3.09895 -8.29421 -6.49288 -9.53104 -3.68891 -7.60495 -8.74692 -2.25372 -8.19067
54.705 -4.67109 -10.2774 -9.20187 -8.46957 -9.52962 -3.76465 -7.39152 -8.10784 -7.30813 -5.34431 -8.85672 -8.69225 -4.01866 -7.03581 -6.85364 -8.09204 -5.29893 -7.89034 -8.70464 -4.14677 -8.80703 -7.14171 -7.80697 -5.52303 -7.8948 -8.63659 -4.14881 -8.28341 -7.01134 -7.89743 -5.48988 -7.92701 -8.67363 -4.23319 -8.38554 -6.98594 -7.64767 -5.65823 -7.94855 -8.68433 -3.09893 -8.29429 -6.49289 -9.53105 -3.68889 -7.60495 -8.74692 -2.25372 -8.19065
54.755 -4.67297 -10.2927 -9.15931 -8.45922 -9.52722 -3.76265 -7.37659 -8.11702 -7.30307 -5.34192 -8.85089 -8.69009 -4.01897 -7.02943 -6.85156 -8.09275 -5.29875 -7.89008 -8.70512 -4.14661 -8.81353 -7.14192 -7.80721 -5.52288 -7.89473 -8.63653 -4.1488 -8.2826 -7.01147 -7.8973 -5.48987 -7.92699 -8.67359 -4.23321 -8.3855 -6.98588 -7.64769 -5.65825 -7.94855 -8.68435 -3.09892 -8.29437 -6.4929 -9.53105 -3.68887 -7.60495 -8.74692 -2.25372 -8.19063
54.805 -4.67599 -10.3069 -9.11444 -8.44939 -9.52461 -3.76085 -7.36247 -8.12573 -7.29804 -5.33969 -8.84452 -8.68787 -4.01933 -7.02387 -6.84947 -8.09353 -5.29858 -7.88983 -8.7056 -4.14644 -8.81988 -7.14217 -7.80744 -5.52272 -7.89467 -8.63647 -4.14878 -8.28177 -7.01159 -7.89717 -5.48987 -7.92697 -8.67356 -4.23323 -8.38548 -6.98582 -7.64771 -5.65826 -7.94855 -8.68436 -3.0989 -8.29445 -6.49291 -9.53106 -3.68885 -7.60495 -8.74691 -2.25372 -8.1906
54.855 -4.68015 -10.32 -9.0674 -8.44008 -9.52178 -3.75923 -7.34913 -8.13397 -7.29306 -5.33762 -8.83759 -8.68559 -4.01971 -7.01911 -6.84738 -8.09436 -5.29842 -7.8896 -8.70609 -4.14626 -8.82606 -7.14245 -7.80764 -5.52256 -7.89461 -8.6364 -4.14878 -8.28092 -7.01171 -7.89704 -5.48988 -7.92695 -8.67353 -4.23326 -8.38548 -6.98577 -7.64774 -5.65828 -7.94855 -8.68438 -3.09889 -8.29452 -6.49292 -9.53107 -3.68883 -7.60495 -8.74691 -2.25372 -8.19058
54.905 -4.68546 -10.3322 -9.0183 -8.43128 -9.51873 -3.75781 -7.33659 -8.14174 -7.28813 -5.33573 -8.83009 -8.68325 -4.02014 -7.01516 -6.8453 -8.09526 -5.29828 -7.88938 -8.70659 -4.14607 -8.83207 -7.14275 -7.80783 -5.52239 -7.89455 -8.63633 -4.14877 -8.28006 -7.01181 -7.89691 -5.48988 -7.92693 -8.6735 -4.23328 -8.3855 -6.98571 -7.64776 -5.6583 -7.94856 -8.68439 -3.09887 -8.2946 -6.49293 -9.53107 -3.68881 -7.60495 -8.74691 -2.25372 -8.19056
54.955 -4.69195 -10.3432 -8.96727 -8.42301 -9.51545 -3.75658 -7.32485 -8.14904 -7.28325 -5.33399 -8.822 -8.68083 -4.02059 -7.01201 -6.84323 -8.09621 -5.29814 -7.88918 -8.70708 -4.14587 -8.83789 -7.14309 -7.80799 -5.52221 -7.89449 -8.63625 -4.14877 -8.27917 -7.01191 -7.89678 -5.48989 -7.92691 -8.67347 -4.23331 -8.38553 -6.98565 -7.64779 -5.65832 -7.94856 -8.68441 -3.09885 -8.29467 -6.49295 -9.53108 -3.68879 -7.60495 -8.7469 -2.25372 -8.19053
55.005 -4.69963 -10.3533 -8.9144 -8.41527 -9.51194 -3.75553 -7.31391 -8.15586 -7.27844 -5.33242 -8.8133 -8.67834 -4.02108 -7.00965 -6.84117 -8.09721 -5.29802 -7.88899 -8.70758 -4.14566 -8.84353 -7.14345 -7.80814 -5.52203 -7.89443 -8.63616 -4.14878 -8.27828 -7.012 -7.89665 -5.48991 -7.92689 -8.67344 -4.23333 -8.38558 -6.98559 -7.64782 -5.65834 -7.94856 -8.68442 -3.09884 -8.29474 -6.49296 -9.53108 -3.68877 -7.60495 -8.7469 -2.25372 -8.19051
55.055 -4.70852 -10.3623 -8.85978 -8.40806 -9.5082 -3.75467 -7.30377 -8.16221 -7.27371 -5.33101 -8.80397 -8.67578 -4.0216 -7.00809 -6.83912 -8.09827 -5.29791 -7.88882 -8.70808 -4.14545 -8.84898 -7.14384 -7.80827 -5.52184 -7.89438 -8.63607 -4.14879 -8.27737 -7.01208 -7.89653 -5.48993 -7.92687 -8.67341 -4.23335 -8.38564 -6.98553 -7.64785 -5.65836 -7.94857 -8.68444 -3.09882 -8.2948 -6.49298 -9.53108 -3.68876 -7.60495 -8.74689 -2.25372 -8.19048
55.105 -4.71864 -10.3703 -8.8035 -8.40137 -9.5042 -3.75399 -7.29443 -8.16808 -7.26905 -5.32976 -8.79399 -8.67312 -4.02216 -7.00733 -6.83709 -8.09937 -5.29781 -7.88866 -8.70858 -4.14522 -8.85423 -7.14425 -7.80838 -5.52165 -7.89432 -8.63597 -4.1488 -8.27645 -7.01216 -7.8964 -5.48995 -7.92685 -8.67339 -4.23337 -8.38571 -6.98548 -7.64788 -5.65837 -7.94857 -8.68445 -3.09881 -8.29486 -6.49299 -9.53108 -3.68874 -7.60495 -8.74689 -2.25372 -8.19046
55.155 -4.73004 -10.3773 -8.74561 -8.39521 -9.49995 -3.7535 -7.2859 -8.17348 -7.26447 -5.32867 -8.78334 -8.67038 -4.02275 -7.00738 -6.83509 -8.10052 -5.29772 -7.88852 -8.70908 -4.14499 -8.85927 -7.14469 -7.80846 -5.52145 -7.89427 -8.63587 -4.14882 -8.27553 -7.01222 -7.89628 -5.48997 -7.92682 -8.67336 -4.23339 -8.38581 -6.98542 -7.64791 -5.65839 -7.94858 -8.68446 -3.09879 -8.29492 -6.49301 -9.53109 -3.68872 -7.60495 -8.74688 -2.25372 -8.19044
55.205 -4.74272 -10.3832 -8.68617 -8.38959 -9.49543 -3.7532 -7.27818 -8.1784 -7.25998 -5.32773 -8.77198 -8.66755 -4.02337 -7.00822 -6.83311 -8.10171 -5.29763 -7.88839 -8.70958 -4.14476 -8.8641 -7.14515 -7.80853 -5.52125 -7.89422 -8.63576 -4.14884 -8.2746 -7.01227 -7.89616 -5.49 -7.9268 -8.67334 -4.23341 -8.38591 -6.98536 -7.64794 -5.65841 -7.94858 -8.68448 -3.09878 -8.29498 -6.49302 -9.53109 -3.68871 -7.60495 -8.74688 -2.25372 -8.19041
55.255 -4.75673 -10.3881 -8.62523 -8.3845 -9.49062 -3.75308 -7.27129 -8.18284 -7.25558 -5.32694 -8.75991 -8.66461 -4.02402 -7.00988 -6.83115 -8.10293 -5.29756 -7.88827 -8.71007 -4.14452 -8.86872 -7.14564 -7.80858 -5.52105 -7.89417 -8.63565 -4.14886 -8.27367 -7.01232 -7.89605 -5.49003 -7.92678 -8.67333 -4.23343 -8.38603 -6.98531 -7.64798 -5.65842 -7.94859 -8.68449 -3.09876 -8.29503 -6.49304 -9.53108 -3.68869 -7.60495 -8.74687 -2.25372 -8.19039
55.305 -4.7721 -10.3919 -8.56282 -8.37995 -9.48552 -3.75315 -7.26523 -8.18679 -7.25128 -5.32631 -8.74709 -8.66156 -4.02471 -7.01236 -6.82923 -8.1042 -5.2975 -7.88817 -8.71056 -4.14427 -8.87311 -7.14614 -7.8086 -5.52084 -7.89412 -8.63553 -4.14889 -8.27274 -7.01236 -7.89593 -5.49007 -7.92676 -8.67331 -4.23345 -8.38617 -6.98525 -7.64801 -5.65844 -7.9486 -8.68451 -3.09875 -8.29508 -6.49306 -9.53108 -3.68868 -7.60496 -8.74687 -2.25372 -8.19036
55.355 -4.78886 -10.3947 -8.49897 -8.37594 -9.4801 -3.75341 -7.26001 -8.19025 -7.24709 -5.32583 -8.73349 -8.6584 -4.02544 -7.01566 -6.82733 -8.1055 -5.29745 -7.88808 -8.71104 -4.14402 -8.87729 -7.14666 -7.80861 -5.52063 -7.89407 -8.63541 -4.14892 -8.2718 -7.01239 -7.89582 -5.4901 -7.92673 -8.6733 -4.23347 -8.38631 -6.9852 -7.64805 -5.65845 -7.9486 -8.68452 -3.09873 -8.29512 -6.49308 -9.53108 -3.68867 -7.60496 -8.74686 -2.25372 -8.19034
55.405 -4.80705 -10.3964 -8.4337 -8.37247 -9.47436 -3.75386 -7.25565 -8.19321 -7.243 -5.32549 -8.71911 -8.65513 -4.02619 -7.0198 -6.82547 -8.10683 -5.29741 -7.888 -8.71152 -4.14377 -8.88124 -7.1472 -7.80859 -5.52042 -7.89403 -8.63528 -4.14896 -8.27088 -7.0124 -7.89572 -5.49014 -7.92671 -8.67328 -4.23349 -8.38648 -6.98515 -7.64809 -5.65847 -7.94861 -8.68454 -3.09872 -8.29516 -6.4931 -9.53108 -3.68866 -7.60496 -8.74686 -2.25373 -8.19031
55.455 -4.82671 -10.397 -8.36702 -8.36954 -9.46826 -3.7545 -7.25215 -8.19568 -7.23902 -5.32531 -8.7039 -8.65173 -4.02699 -7.02479 -6.82365 -8.10818 -5.29738 -7.88794 -8.712 -4.14351 -8.88496 -7.14776 -7.80856 -5.52021 -7.89399 -8.63515 -4.149 -8.26995 -7.01241 -7.89561 -5.49019 -7.92669 -8.67327 -4.23351 -8.38665 -6.9851 -7.64812 -5.65848 -7.94862 -8.68455 -3.0987 -8.2952 -6.49312 -9.53107 -3.68865 -7.60496 -8.74685 -2.25373 -8.19029
55.505 -4.84788 -10.3965 -8.29894 -8.36716 -9.4618 -3.75534 -7.24953 -8.19764 -7.23515 -5.32527 -8.68784 -8.6482 -4.02782 -7.03064 -6.82187 -8.10957 -5.29736 -7.88789 -8.71247 -4.14325 -8.88844 -7.14834 -7.80851 -5.51999 -7.89395 -8.63502 -4.14904 -8.26903 -7.01242 -7.89551 -5.49023 -7.92666 -8.67327 -4.23352 -8.38683 -6.98505 -7.64816 -5.65849 -7.94862 -8.68457 -3.09869 -8.29523 -6.49314 -9.53106 -3.68864 -7.60496 -8.74685 -2.25373 -8.19026
55.555 -4.87058 -10.3948 -8.22947 -8.36534 -9.45495 -3.75637 -7.24782 -8.19908 -7.23141 -5.32538 -8.67093 -8.64454 -4.0287 -7.03736 -6.82013 -8.11097 -5.29736 -7.88785 -8.71293 -4.14299 -8.89169 -7.14893 -7.80843 -5.51978 -7.89391 -8.63488 -4.14909 -8.26812 -7.01241 -7.89542 -5.49028 -7.92664 -8.67326 -4.23354 -8.38703 -6.985 -7.6482 -5.6585 -7.94863 -8.68458 -3.09868 -8.29526 -6.49316 -9.53106 -3.68863 -7.60497 -8.74684 -2.25373 -8.19024
55.605 -4.89487 -10.392 -8.15859 -8.36408 -9.44769 -3.75761 -7.24702 -8.20001 -7.22778 -5.32564 -8.65313 -8.64074 -4.02961 -7.04498 -6.81843 -8.1124 -5.29737 -7.88782 -8.71338 -4.14273 -8.8947 -7.14953 -7.80834 -5.51956 -7.89388 -8.63474 -4.14914 -8.26722 -7.01239 -7.89533 -5.49034 -7.92662 -8.67326 -4.23355 -8.38724 -6.98496 -7.64824 -5.65851 -7.94864 -8.68459 -3.09867 -8.29528 -6.49318 -9.53105 -3.68862 -7.60497 -8.74684 -2.25373 -8.19022
55.655 -4.92076 -10.388 -8.0863 -8.36339 -9.44001 -3.75906 -7.24716 -8.2004 -7.22428 -5.32605 -8.63444 -8.6368 -4.03057 -7.0535 -6.81677 -8.11384 -5.2974 -7.88781 -8.71383 -4.14246 -8.89746 -7.15014 -7.80823 -5.51935 -7.89384 -8.6346 -4.14919 -8.26633 -7.01236 -7.89524 -5.49039 -7.9266 -8.67326 -4.23357 -8.38746 -6.98491 -7.64828 -5.65852 -7.94865 -8.6846 -3.09865 -8.2953 -6.4932 -9.53104 -3.68861 -7.60497 -8.74683 -2.25374 -8.1902
55.705 -4.94829 -10.3828 -8.01262 -8.36327 -9.43188 -3.76072 -7.24827 -8.20025 -7.22092 -5.3266 -8.61485 -8.63271 -4.03157 -7.06294 -6.81516 -8.1153 -5.29744 -7.88782 -8.71426 -4.1422 -8.89997 -7.15077 -7.8081 -5.51914 -7.89381 -8.63446 -4.14924 -8.26545 -7.01233 -7.89516 -5.49045 -7.92657 -8.67326 -4.23358 -8.38769 -6.98487 -7.64832 -5.65853 -7.94865 -8.68462 -3.09864 -8.29532 -6.49322 -9.53103 -3.68861 -7.60497 -8.74682 -2.25374 -8.19017
55.755 -4.97747 -10.3764 -7.93753 -8.36374 -9.42329 -3.7626 -7.25036 -8.19954 -7.21769 -5.32731 -8.59436 -8.62849 -4.03261 -7.07332 -6.8136 -8.11677 -5.2975 -7.88783 -8.71469 -4.14193 -8.90224 -7.1514 -7.80795 -5.51893 -7.89379 -8.63432 -4.1493 -8.26458 -7.01229 -7.89508 -5.49051 -7.92655 -8.67326 -4.23359 -8.38793 -6.98483 -7.64836 -5.65854 -7.94866 -8.68463 -3.09863 -8.29533 -6.49324 -9.53102 -3.6886 -7.60498 -8.74682 -2.25374 -8.19015
55.805 -5.00832 -10.3686 -7.86106 -8.36479 -9.41422 -3.7647 -7.25347 -8.19827 -7.2146 -5.32816 -8.57297 -8.62411 -4.0337 -7.08466 -6.81209 -8.11824 -5.29758 -7.88787 -8.71511 -4.14167 -8.90424 -7.15204 -7.80778 -5.51872 -7.89377 -8.63417 -4.14936 -8.26373 -7.01224 -7.89501 -5.49057 -7.92653 -8.67327 -4.2336 -8.38817 -6.98479 -7.6484 -5.65855 -7.94867 -8.68464 -3.09862 -8.29534 -6.49326 -9.53101 -3.6886 -7.60498 -8.74681 -2.25374 -8.19013
55.855 -5.04085 -10.3596 -7.78322 -8.36645 -9.40466 -3.76702 -7.25761 -8.19642 -7.21165 -5.32916 -8.55071 -8.6196 -4.03484 -7.09696 -6.81063 -8.11973 -5.29768 -7.88791 -8.71552 -4.14141 -8.90599 -7.15269 -7.8076 -5.51851 -7.89375 -8.63402 -4.14943 -8.26289 -7.01218 -7.89494 -5.49063 -7.92651 -8.67328 -4.23361 -8.38843 -6.98476 -7.64844 -5.65855 -7.94868 -8.68465 -3.09861 -8.29534 -6.49328 -9.531 -3.6886 -7.60498 -8.74681 -2.25374 -8.19011
55.905 -5.07504 -10.3492 -7.70404 -8.36872 -9.39459 -3.76958 -7.26283 -8.19398 -7.20884 -5.33032 -8.5276 -8.61495 -4.03602 -7.11024 -6.80923 -8.12122 -5.2978 -7.88797 -8.71592 -4.14115 -8.90747 -7.15335 -7.8074 -5.51831 -7.89373 -8.63388 -4.1495 -8.26207 -7.01211 -7.89488 -5.4907 -7.92649 -8.67329 -4.23362 -8.38869 -6.98472 -7.64848 -5.65856 -7.94869 -8.68466 -3.0986 -8.29534 -6.49331 -9.53099 -3.68859 -7.60499 -8.7468 -2.25375 -8.19009
55.955 -5.11086 -10.3375 -7.62357 -8.37161 -9.38401 -3.77238 -7.26914 -8.19093 -7.20619 -5.33163 -8.50369 -8.61018 -4.03725 -7.12451 -6.80788 -8.12271 -5.29795 -7.88805 -8.7163 -4.14089 -8.90868 -7.15401 -7.80718 -5.51811 -7.89372 -8.63373 -4.14956 -8.26127 -7.01203 -7.89483 -5.49076 -7.92647 -8.6733 -4.23363 -8.38896 -6.98469 -7.64852 -5.65856 -7.9487 -8.68467 -3.09859 -8.29534 -6.49333 -9.53098 -3.68859 -7.60499 -8.7468 -2.25375 -8.19007
56.005 -5.14827 -10.3244 -7.5419 -8.37513 -9.37293 -3.77542 -7.27657 -8.18726 -7.2037 -5.3331 -8.47903 -8.60528 -4.03854 -7.13978 -6.80658 -8.1242 -5.29812 -7.88814 -8.71668 -4.14063 -8.90962 -7.15468 -7.80695 -5.51791 -7.89371 -8.63358 -4.14964 -8.26049 -7.01195 -7.89478 -5.49083 -7.92645 -8.67331 -4.23363 -8.38924 -6.98466 -7.64857 -5.65857 -7.94871 -8.68468 -3.09859 -8.29533 -6.49335 -9.53096 -3.68859 -7.60499 -8.74679 -2.25375 -8.19005
56.055 -5.1872 -10.3098 -7.45911 -8.37928 -9.36135 -3.77871 -7.28514 -8.18296 -7.20137 -5.33473 -8.45372 -8.60028 -4.03987 -7.15604 -6.80535 -8.12568 -5.29832 -7.88825 -8.71705 -4.14037 -8.91027 -7.15534 -7.8067 -5.51772 -7.89371 -8.63343 -4.14971 -8.25972 -7.01185 -7.89473 -5.4909 -7.92643 -8.67333 -4.23364 -8.38952 -6.98464 -7.64861 -5.65857 -7.94872 -8.68469 -3.09858 -8.29532 -6.49337 -9.53095 -3.68859 -7.605 -8.74678 -2.25376 -8.19004
56.105 -5.22757 -10.2938 -7.37534 -8.38408 -9.34928 -3.78225 -7.29489 -8.17802 -7.1992 -5.33652 -8.42784 -8.5952 -4.04125 -7.17331 -6.80418 -8.12716 -5.29854 -7.88837 -8.7174 -4.14012 -8.91065 -7.15601 -7.80643 -5.51753 -7.89371 -8.63329 -4.14978 -8.25898 -7.01176 -7.89469 -5.49097 -7.92641 -8.67334 -4.23364 -8.38981 -6.98461 -7.64864 -5.65857 -7.94873 -8.6847 -3.09857 -8.2953 -6.49339 -9.53093 -3.6886 -7.605 -8.74678 -2.25376 -8.19002
56.155 -5.26926 -10.2763 -7.29075 -8.38953 -9.33676 -3.78604 -7.30582 -8.17242 -7.1972 -5.33847 -8.40152 -8.59006 -4.04267 -7.19156 -6.80307 -8.12863 -5.2988 -7.88852 -8.71774 -4.13988 -8.91073 -7.15668 -7.80615 -5.51735 -7.89372 -8.63314 -4.14986 -8.25826 -7.01165 -7.89466 -5.49105 -7.92639 -8.67336 -4.23364 -8.39011 -6.98459 -7.64868 -5.65857 -7.94874 -8.68471 -3.09857 -8.29528 -6.49341 -9.53092 -3.6886 -7.60501 -8.74677 -2.25376 -8.19
56.205 -5.31212 -10.2574 -7.20555 -8.39564 -9.32382 -3.79009 -7.31796 -8.16615 -7.19538 -5.34059 -8.37488 -8.58489 -4.04414 -7.21078 -6.80202 -8.13009 -5.29909 -7.88868 -8.71807 -4.13963 -8.91052 -7.15734 -7.80586 -5.51717 -7.89373 -8.63299 -4.14994 -8.25756 -7.01154 -7.89463 -5.49112 -7.92638 -8.67339 -4.23364 -8.39041 -6.98457 -7.64872 -5.65857 -7.94874 -8.68472 -3.09856 -8.29525 -6.49344 -9.5309 -3.68861 -7.60501 -8.74677 -2.25377 -8.18999
56.255 -5.35598 -10.237 -7.11996 -8.4024 -9.31052 -3.79438 -7.33131 -8.15922 -7.19374 -5.34287 -8.34809 -8.57971 -4.04565 -7.23095 -6.80104 -8.13154 -5.29941 -7.88886 -8.71838 -4.13939 -8.91001 -7.15801 -7.80556 -5.51699 -7.89375 -8.63285 -4.15002 -8.25689 -7.01142 -7.89461 -5.49119 -7.92636 -8.67341 -4.23365 -8.39071 -6.98455 -7.64876 -5.65857 -7.94875 -8.68472 -3.09856 -8.29522 -6.49346 -9.53089 -3.68861 -7.60502 -8.74676 -2.25377 -8.18998
56.305 -5.40065 -10.2151 -7.03428 -8.40982 -9.29691 -3.79892 -7.34587 -8.15161 -7.19229 -5.34533 -8.3213 -8.57456 -4.0472 -7.25204 -6.80013 -8.13297 -5.29976 -7.88905 -8.71868 -4.13916 -8.9092 -7.15867 -7.80524 -5.51683 -7.89377 -8.63271 -4.1501 -8.25624 -7.01129 -7.89459 -5.49127 -7.92634 -8.67343 -4.23364 -8.39101 -6.98454 -7.6488 -5.65857 -7.94876 -8.68473 -3.09855 -8.29519 -6.49348 -9.53087 -3.68862 -7.60502 -8.74675 -2.25377 -8.18996
56.355 -5.4459 -10.1918 -6.94881 -8.41788 -9.28306 -3.8037 -7.36164 -8.14333 -7.19102 -5.34795 -8.29471 -8.56948 -4.04878 -7.27399 -6.79929 -8.13438 -5.30015 -7.88927 -8.71897 -4.13893 -8.90808 -7.15932 -7.80491 -5.51666 -7.8938 -8.63257 -4.15018 -8.25562 -7.01116 -7.89458 -5.49134 -7.92633 -8.67346 -4.23364 -8.39132 -6.98453 -7.64883 -5.65857 -7.94877 -8.68473 -3.09855 -8.29516 -6.4935 -9.53085 -3.68863 -7.60502 -8.74675 -2.25378 -8.18995
56.405 -5.4915 -10.1671 -6.8639 -8.42658 -9.26907 -3.80871 -7.3786 -8.13438 -7.18996 -5.35074 -8.26849 -8.56451 -4.05039 -7.29675 -6.79852 -8.13577 -5.30056 -7.88951 -8.71924 -4.13871 -8.90664 -7.15997 -7.80457 -5.51651 -7.89384 -8.63243 -4.15026 -8.25503 -7.01102 -7.89458 -5.49142 -7.92631 -8.67349 -4.23364 -8.39163 -6.98452 -7.64887 -5.65856 -7.94878 -8.68474 -3.09855 -8.29512 -6.49352 -9.53083 -3.68863 -7.60503 -8.74674 -2.25378 -8.18994
56.455 -5.5372 -10.1411 -6.77994 -8.4359 -9.25503 -3.81395 -7.39673 -8.12478 -7.1891 -5.3537 -8.24283 -8.55969 -4.05203 -7.32027 -6.79783 -8.13713 -5.30102 -7.88977 -8.7195 -4.13849 -8.90489 -7.16062 -7.80422 -5.51636 -7.89388 -8.63229 -4.15034 -8.25446 -7.01088 -7.89458 -5.49149 -7.9263 -8.67352 -4.23364 -8.39194 -6.98451 -7.6489 -5.65856 -7.94879 -8.68474 -3.09855 -8.29507 -6.49354 -9.53082 -3.68864 -7.60503 -8.74674 -2.25378 -8.18993
56.505 -5.58274 -10.1138 -6.69731 -8.44581 -9.24102 -3.81938 -7.41597 -8.11453 -7.18844 -5.35683 -8.21792 -8.55507 -4.05367 -7.34446 -6.79721 -8.13847 -5.3015 -7.89004 -8.71974 -4.13828 -8.90282 -7.16125 -7.80386 -5.51622 -7.89393 -8.63216 -4.15043 -8.25392 -7.01073 -7.89459 -5.49157 -7.92629 -8.67355 -4.23363 -8.39225 -6.98451 -7.64894 -5.65855 -7.9488 -8.68475 -3.09855 -8.29503 -6.49356 -9.5308 -3.68865 -7.60504 -8.74673 -2.25379 -8.18992
56.555 -5.62785 -10.0854 -6.61644 -8.45629 -9.22715 -3.825 -7.4363 -8.10366 -7.188 -5.36012 -8.19391 -8.55068 -4.05532 -7.36924 -6.79667 -8.13978 -5.30201 -7.89034 -8.71996 -4.13807 -8.90043 -7.16188 -7.80349 -5.51608 -7.89398 -8.63203 -4.15051 -8.25341 -7.01057 -7.8946 -5.49164 -7.92628 -8.67358 -4.23362 -8.39256 -6.9845 -7.64897 -5.65854 -7.94881 -8.68475 -3.09855 -8.29498 -6.49357 -9.53078 -3.68867 -7.60504 -8.74673 -2.25379 -8.18991
56.605 -5.6723 -10.0558 -6.53772 -8.46729 -9.21352 -3.83079 -7.45764 -8.0922 -7.18777 -5.36357 -8.17096 -8.54655 -4.05697 -7.39451 -6.79622 -8.14106 -5.30256 -7.89066 -8.72017 -4.13788 -8.89772 -7.16249 -7.80311 -5.51596 -7.89404 -8.63191 -4.15059 -8.25293 -7.01041 -7.89462 -5.49172 -7.92627 -8.67362 -4.23362 -8.39288 -6.98451 -7.649 -5.65854 -7.94882 -8.68475 -3.09855 -8.29492 -6.49359 -9.53076 -3.68868 -7.60505 -8.74672 -2.25379 -8.18991
56.655 -5.71583 -10.0253 -6.46157 -8.47878 -9.20022 -3.83672 -7.47992 -8.08017 -7.18776 -5.36718 -8.14919 -8.54273 -4.05861 -7.42018 -6.79585 -8.14231 -5.30313 -7.891 -8.72036 -4.13769 -8.89469 -7.16309 -7.80272 -5.51584 -7.8941 -8.63178 -4.15068 -8.25248 -7.01025 -7.89465 -5.49179 -7.92626 -8.67365 -4.23361 -8.39319 -6.98451 -7.64903 -5.65853 -7.94883 -8.68475 -3.09855 -8.29487 -6.49361 -9.53074 -3.68869 -7.60505 -8.74672 -2.2538 -8.1899
56.705 -5.75824 -9.99395 -6.38836 -8.49071 -9.18735 -3.84277 -7.50308 -8.06762 -7.18798 -5.37093 -8.12871 -8.53923 -4.06023 -7.44614 -6.79556 -8.14352 -5.30373 -7.89136 -8.72053 -4.1375 -8.89134 -7.16368 -7.80233 -5.51572 -7.89417 -8.63166 -4.15076 -8.25207 -7.01008 -7.89468 -5.49186 -7.92625 -8.67369 -4.2336 -8.39349 -6.98452 -7.64906 -5.65852 -7.94884 -8.68475 -3.09855 -8.29481 -6.49363 -9.53072 -3.68871 -7.60506 -8.74672 -2.2538 -8.1899
56.755 -5.79933 -9.96183 -6.31845 -8.50302 -9.17497 -3.84891 -7.52702 -8.05459 -7.18843 -5.37482 -8.1096 -8.53609 -4.06182 -7.47229 -6.79536 -8.14469 -5.30435 -7.89174 -8.72069 -4.13733 -8.88768 -7.16426 -7.80193 -5.51562 -7.89425 -8.63155 -4.15084 -8.25168 -7.00991 -7.89471 -5.49193 -7.92624 -8.67373 -4.23359 -8.3938 -6.98452 -7.64909 -5.65851 -7.94884 -8.68475 -3.09855 -8.29474 -6.49364 -9.5307 -3.68872 -7.60506 -8.74671 -2.2538 -8.18989
56.805 -5.83894 -9.9291 -6.25215 -8.51565 -9.16316 -3.85512 -7.55165 -8.04111 -7.1891 -5.37884 -8.09189 -8.53331 -4.06337 -7.4985 -6.79526 -8.14582 -5.30499 -7.89214 -8.72082 -4.13716 -8.88371 -7.16482 -7.80153 -5.51552 -7.89432 -8.63144 -4.15093 -8.25133 -7.00974 -7.89476 -5.49201 -7.92623 -8.67377 -4.23358 -8.39411 -6.98454 -7.64911 -5.6585 -7.94885 -8.68475 -3.09856 -8.29468 -6.49366 -9.53068 -3.68874 -7.60507 -8.74671 -2.25381 -8.18989
56.855 -5.87695 -9.89589 -6.18974 -8.52856 -9.15196 -3.86137 -7.57687 -8.02725 -7.19001 -5.38297 -8.0756 -8.5309 -4.06488 -7.52468 -6.79524 -8.14691 -5.30564 -7.89255 -8.72094 -4.13701 -8.87944 -7.16536 -7.80112 -5.51543 -7.89441 -8.63133 -4.15101 -8.25102 -7.00956 -7.8948 -5.49208 -7.92622 -8.67381 -4.23356 -8.39441 -6.98455 -7.64914 -5.65849 -7.94886 -8.68475 -3.09856 -8.29461 -6.49367 -9.53066 -3.68875 -7.60507 -8.7467 -2.25381 -8.18989
56.905 -5.91324 -9.86232 -6.13144 -8.54166 -9.14141 -3.86763 -7.60259 -8.01305 -7.19115 -5.38721 -8.06075 -8.52887 -4.06633 -7.55071 -6.79531 -8.14795 -5.30631 -7.89298 -8.72103 -4.13686 -8.87489 -7.16589 -7.80071 -5.51535 -7.89449 -8.63123 -4.15109 -8.25074 -7.00938 -7.89486 -5.49214 -7.92622 -8.67385 -4.23355 -8.3947 -6.98457 -7.64916 -5.65847 -7.94887 -8.68475 -3.09857 -8.29454 -6.49368 -9.53064 -3.68877 -7.60508 -8.7467 -2.25381 -8.18989
56.955 -5.94775 -9.82852 -6.07745 -8.5549 -9.13155 -3.87388 -7.62871 -7.99856 -7.19253 -5.39155 -8.04731 -8.52721 -4.06772 -7.5765 -6.79548 -8.14894 -5.30698 -7.89343 -8.7211 -4.13672 -8.87005 -7.1664 -7.80029 -5.51528 -7.89458 -8.63113 -4.15117 -8.2505 -7.0092 -7.89491 -5.49221 -7.92621 -8.67389 -4.23354 -8.39499 -6.98459 -7.64918 -5.65846 -7.94887 -8.68475 -3.09857 -8.29447 -6.4937 -9.53062 -3.68879 -7.60508 -8.7467 -2.25382 -8.18989
57.005 -5.98043 -9.79462 -6.02789 -8.56822 -9.12238 -3.8801 -7.65513 -7.98383 -7.19414 -5.39596 -8.03523 -8.52592 -4.06904 -7.60195 -6.79575 -8.14988 -5.30766 -7.89389 -8.72115 -4.13659 -8.86494 -7.16689 -7.79987 -5.51521 -7.89468 -8.63104 -4.15124 -8.25029 -7.00902 -7.89498 -5.49228 -7.92621 -8.67393 -4.23352 -8.39528 -6.98461 -7.6492 -5.65845 -7.94888 -8.68475 -3.09858 -8.2944 -6.49371 -9.5306 -3.68881 -7.60508 -8.74669 -2.25382 -8.18989
57.055 -6.01125 -9.76072 -5.98285 -8.58156 -9.1139 -3.88626 -7.68175 -7.96891 -7.19598 -5.40043 -8.02447 -8.52498 -4.0703 -7.62697 -6.79611 -8.15077 -5.30834 -7.89436 -8.72118 -4.13647 -8.85958 -7.16736 -7.79946 -5.51516 -7.89477 -8.63096 -4.15132 -8.25012 -7.00883 -7.89504 -5.49234 -7.92621 -8.67397 -4.23351 -8.39556 -6.98463 -7.64922 -5.65843 -7.94889 -8.68474 -3.09858 -8.29432 -6.49372 -9.53059 -3.68882 -7.60509 -8.74669 -2.25383 -8.1899
57.105 -6.04021 -9.72693 -5.94237 -8.59486 -9.10611 -3.89234 -7.70849 -7.95386 -7.19805 -5.40496 -8.01497 -8.52438 -4.07147 -7.65147 -6.79657 -8.15161 -5.30902 -7.89484 -8.72119 -4.13636 -8.85398 -7.1678 -7.79904 -5.51511 -7.89487 -8.63087 -4.15139 -8.25 -7.00865 -7.89512 -5.4924 -7.92621 -8.67402 -4.23349 -8.39584 -6.98466 -7.64924 -5.65842 -7.9489 -8.68474 -3.09859 -8.29424 -6.49373 -9.53057 -3.68884 -7.60509 -8.74669 -2.25383 -8.1899
57.155 -6.06731 -9.69336 -5.90646 -8.60807 -9.099 -3.89833 -7.73525 -7.93873 -7.20035 -5.40952 -8.00668 -8.52409 -4.07257 -7.67539 -6.79712 -8.15238 -5.30969 -7.89533 -8.72117 -4.13626 -8.84815 -7.16823 -7.79862 -5.51507 -7.89497 -8.6308 -4.15147 -8.24991 -7.00846 -7.89519 -5.49246 -7.9262 -8.67406 -4.23347 -8.39611 -6.98469 -7.64925 -5.6584 -7.9489 -8.68473 -3.0986 -8.29416 -6.49374 -9.53055 -3.68886 -7.6051 -8.74669 -2.25383 -8.18991
57.205 -6.09259 -9.6601 -5.87508 -8.62114 -9.09254 -3.9042 -7.76196 -7.92355 -7.20288 -5.4141 -7.99951 -8.52411 -4.07358 -7.69865 -6.79777 -8.1531 -5.31035 -7.89583 -8.72113 -4.13618 -8.84212 -7.16863 -7.7982 -5.51504 -7.89506 -8.63072 -4.15154 -8.24986 -7.00827 -7.89528 -5.49252 -7.9262 -8.67411 -4.23345 -8.39637 -6.98472 -7.64926 -5.65839 -7.94891 -8.68473 -3.09861 -8.29408 -6.49375 -9.53053 -3.68888 -7.6051 -8.74669 -2.25383 -8.18991
57.255 -6.11607 -9.62723 -5.84818 -8.63402 -9.08671 -3.90995 -7.78853 -7.90838 -7.20562 -5.41869 -7.9934 -8.52441 -4.07451 -7.7212 -6.79852 -8.15375 -5.31099 -7.89634 -8.72106 -4.1361 -8.8359 -7.169 -7.79779 -5.51502 -7.89516 -8.63066 -4.15161 -8.24985 -7.00808 -7.89536 -5.49258 -7.92621 -8.67415 -4.23343 -8.39662 -6.98475 -7.64927 -5.65837 -7.94891 -8.68472 -3.09862 -8.294 -6.49376 -9.53051 -3.6889 -7.60511 -8.74668 -2.25384 -8.18992
57.305 -6.1378 -9.59483 -5.82566 -8.64668 -9.08148 -3.91556 -7.81491 -7.89326 -7.20858 -5.42327 -7.9883 -8.52497 -4.07535 -7.74299 -6.79936 -8.15435 -5.31162 -7.89684 -8.72097 -4.13604 -8.8295 -7.16935 -7.79738 -5.51501 -7.89526 -8.6306 -4.15167 -8.24988 -7.0079 -7.89545 -5.49263 -7.92621 -8.6742 -4.23342 -8.39687 -6.98479 -7.64928 -5.65835 -7.94892 -8.68471 -3.09863 -8.29391 -6.49376 -9.53049 -3.68893 -7.60511 -8.74668 -2.25384 -8.18993
57.355 -6.15781 -9.56297 -5.80742 -8.65909 -9.07683 -3.92102 -7.84101 -7.87822 -7.21174 -5.42782 -7.98413 -8.52578 -4.07611 -7.76398 -6.80029 -8.15487 -5.31224 -7.89735 -8.72085 -4.13598 -8.82295 -7.16967 -7.79697 -5.51501 -7.89536 -8.63054 -4.15174 -8.24995 -7.00771 -7.89555 -5.49268 -7.92621 -8.67424 -4.2334 -8.39711 -6.98482 -7.64929 -5.65834 -7.94892 -8.68471 -3.09864 -8.29383 -6.49377 -9.53048 -3.68895 -7.60511 -8.74668 -2.25384 -8.18994
57.405 -6.17616 -9.5317 -5.79334 -8.67121 -9.07274 -3.92633 -7.86679 -7.86331 -7.21511 -5.43234 -7.98085 -8.52681 -4.07678 -7.78412 -6.80132 -8.15533 -5.31283 -7.89786 -8.72071 -4.13594 -8.81626 -7.16997 -7.79657 -5.51501 -7.89546 -8.63049 -4.1518 -8.25007 -7.00752 -7.89565 -5.49273 -7.92621 -8.67429 -4.23337 -8.39733 -6.98486 -7.6493 -5.65832 -7.94893 -8.6847 -3.09865 -8.29374 -6.49377 -9.53046 -3.68897 -7.60512 -8.74668 -2.25385 -8.18995
57.455 -6.19288 -9.50109 -5.78327 -8.68303 -9.06916 -3.93147 -7.89219 -7.84855 -7.21867 -5.43681 -7.97838 -8.52804 -4.07737 -7.8034 -6.80244 -8.15573 -5.31339 -7.89837 -8.72055 -4.13591 -8.80946 -7.17024 -7.79617 -5.51503 -7.89555 -8.63045 -4.15186 -8.25023 -7.00734 -7.89575 -5.49277 -7.92622 -8.67433 -4.23335 -8.39755 -6.9849 -7.6493 -5.6583 -7.94893 -8.68469 -3.09866 -8.29366 -6.49378 -9.53044 -3.68899 -7.60512 -8.74668 -2.25385 -8.18996
57.505 -6.20804 -9.47118 -5.77708 -8.69453 -9.06608 -3.93644 -7.91716 -7.83398 -7.22243 -5.44122 -7.9767 -8.52946 -4.07787 -7.82178 -6.80365 -8.15605 -5.31393 -7.89888 -8.72036 -4.1359 -8.80255 -7.17048 -7.79578 -5.51505 -7.89565 -8.63041 -4.15192 -8.25043 -7.00716 -7.89585 -5.49281 -7.92622 -8.67438 -4.23333 -8.39776 -6.98495 -7.6493 -5.65828 -7.94893 -8.68468 -3.09867 -8.29357 -6.49378 -9.53043 -3.68901 -7.60512 -8.74668 -2.25385 -8.18998
57.555 -6.22166 -9.44202 -5.77461 -8.70569 -9.06347 -3.94123 -7.94165 -7.81962 -7.22636 -5.44556 -7.97574 -8.53105 -4.0783 -7.83926 -6.80495 -8.1563 -5.31445 -7.89938 -8.72014 -4.13589 -8.79557 -7.17069 -7.79539 -5.51509 -7.89574 -8.63038 -4.15197 -8.25067 -7.00698 -7.89596 -5.49285 -7.92623 -8.67442 -4.23331 -8.39795 -6.98499 -7.6493 -5.65826 -7.94894 -8.68467 -3.09869 -8.29349 -6.49378 -9.53041 -3.68904 -7.60513 -8.74668 -2.25385 -8.18999
57.605 -6.2338 -9.41365 -5.77572 -8.7165 -9.06131 -3.94585 -7.96563 -7.80551 -7.23046 -5.44981 -7.97548 -8.5328 -4.07864 -7.85581 -6.80633 -8.15649 -5.31494 -7.89987 -8.71991 -4.1359 -8.78853 -7.17087 -7.79502 -5.51513 -7.89583 -8.63035 -4.15202 -8.25095 -7.0068 -7.89607 -5.49289 -7.92624 -8.67447 -4.23329 -8.39814 -6.98504 -7.6493 -5.65824 -7.94894 -8.68466 -3.0987 -8.2934 -6.49378 -9.53039 -3.68906 -7.60513 -8.74668 -2.25386 -8.19
57.655 -6.24449 -9.3861 -5.78024 -8.72695 -9.05957 -3.95028 -7.98905 -7.79167 -7.23473 -5.45398 -7.97588 -8.5347 -4.07891 -7.87142 -6.80779 -8.1566 -5.3154 -7.90036 -8.71965 -4.13592 -8.78144 -7.17101 -7.79465 -5.51518 -7.89592 -8.63033 -4.15207 -8.25128 -7.00663 -7.89619 -5.49292 -7.92624 -8.67451 -4.23326 -8.39831 -6.98508 -7.64929 -5.65823 -7.94894 -8.68465 -3.09871 -8.29331 -6.49378 -9.53038 -3.68908 -7.60513 -8.74668 -2.25386 -8.19002
57.705 -6.25377 -9.3594 -5.78803 -8.73705 -9.05824 -3.95452 -8.0119 -7.77811 -7.23915 -5.45803 -7.9769 -8.53672 -4.0791 -7.8861 -6.80933 -8.15663 -5.31583 -7.90084 -8.71936 -4.13595 -8.77433 -7.17113 -7.79429 -5.51524 -7.89601 -8.63032 -4.15212 -8.25165 -7.00646 -7.8963 -5.49295 -7.92625 -8.67455 -4.23324 -8.39848 -6.98513 -7.64929 -5.65821 -7.94894 -8.68464 -3.09873 -8.29323 -6.49378 -9.53037 -3.6891 -7.60514 -8.74668 -2.25386 -8.19004
57.755 -6.26167 -9.33358 -5.79895 -8.74679 -9.05731 -3.95857 -8.03413 -7.76486 -7.24372 -5.46198 -7.97853 -8.53887 -4.07921 -7.89984 -6.81095 -8.1566 -5.31624 -7.9013 -8.71905 -4.13599 -8.7672 -7.17122 -7.79395 -5.51531 -7.89609 -8.63031 -4.15216 -8.25205 -7.00629 -7.89642 -5.49298 -7.92626 -8.6746 -4.23322 -8.39863 -6.98518 -7.64928 -5.65819 -7.94895 -8.68463 -3.09874 -8.29314 -6.49378 -9.53035 -3.68913 -7.60514 -8.74668 -2.25386 -8.19005
57.805 -6.26822 -9.30866 -5.81286 -8.75617 -9.05675 -3.96244 -8.05573 -7.75194 -7.24842 -5.46582 -7.98075 -8.54112 -4.07926 -7.91264 -6.81264 -8.15649 -5.31661 -7.90176 -8.71873 -4.13605 -8.76009 -7.17127 -7.79361 -5.51538 -7.89617 -8.63031 -4.1522 -8.2525 -7.00613 -7.89654 -5.49301 -7.92627 -8.67464 -4.23319 -8.39876 -6.98523 -7.64927 -5.65817 -7.94895 -8.68462 -3.09876 -8.29305 -6.49377 -9.53034 -3.68915 -7.60514 -8.74668 -2.25386 -8.19007
57.855 -6.27345 -9.28466 -5.82962 -8.76519 -9.05656 -3.96611 -8.07667 -7.73936 -7.25325 -5.46952 -7.98353 -8.54348 -4.07924 -7.9245 -6.8144 -8.15631 -5.31696 -7.90221 -8.71838 -4.13612 -8.753 -7.17129 -7.79329 -5.51547 -7.89625 -8.63032 -4.15224 -8.25299 -7.00597 -7.89667 -5.49303 -7.92628 -8.67468 -4.23317 -8.39889 -6.98529 -7.64926 -5.65815 -7.94895 -8.68461 -3.09877 -8.29297 -6.49377 -9.53033 -3.68917 -7.60514 -8.74668 -2.25386 -8.19009
57.905 -6.27737 -9.26161 -5.84912 -8.77386 -9.05672 -3.96959 -8.09692 -7.72715 -7.25819 -5.4731 -7.98687 -8.54593 -4.07915 -7.93543 -6.81622 -8.15605 -5.31728 -7.90264 -8.71801 -4.1362 -8.74595 -7.17128 -7.79298 -5.51556 -7.89633 -8.63033 -4.15227 -8.25352 -7.00582 -7.89679 -5.49304 -7.9263 -8.67472 -4.23315 -8.399 -6.98534 -7.64925 -5.65813 -7.94895 -8.68459 -3.09879 -8.29289 -6.49376 -9.53032 -3.68919 -7.60514 -8.74669 -2.25387 -8.19011
57.955 -6.28001 -9.23952 -5.87123 -8.78218 -9.05723 -3.97287 -8.11647 -7.71531 -7.26324 -5.47653 -7.99075 -8.54847 -4.079 -7.94543 -6.81811 -8.15572 -5.31758 -7.90306 -8.71762 -4.1363 -8.73895 -7.17124 -7.79268 -5.51566 -7.8964 -8.63035 -4.1523 -8.25408 -7.00567 -7.89692 -5.49306 -7.92631 -8.67476 -4.23312 -8.3991 -6.98539 -7.64923 -5.65811 -7.94895 -8.68458 -3.0988 -8.2928 -6.49376 -9.53031 -3.68921 -7.60515 -8.74669 -2.25387 -8.19013
58.005 -6.28138 -9.21842 -5.89586 -8.79017 -9.05809 -3.97596 -8.1353 -7.70386 -7.26838 -5.47983 -7.99518 -8.55109 -4.07879 -7.9545 -6.82005 -8.15532 -5.31784 -7.90347 -8.71721 -4.13641 -8.73203 -7.17116 -7.7924 -5.51577 -7.89647 -8.63037 -4.15232 -8.25468 -7.00553 -7.89704 -5.49307 -7.92632 -8.6748 -4.2331 -8.39918 -6.98545 -7.64922 -5.65809 -7.94895 -8.68457 -3.09882 -8.29272 -6.49375 -9.5303 -3.68923 -7.60515 -8.74669 -2.25387 -8.19015
58.055 -6.28148 -9.19831 -5.92291 -8.79782 -9.05928 -3.97885 -8.1534 -7.69281 -7.2736 -5.48297 -8.00015 -8.55379 -4.07852 -7.96266 -6.82205 -8.15485 -5.31808 -7.90386 -8.71678 -4.13652 -8.72518 -7.17105 -7.79213 -5.51589 -7.89654 -8.6304 -4.15234 -8.25532 -7.00539 -7.89717 -5.49308 -7.92634 -8.67484 -4.23307 -8.39925 -6.9855 -7.6492 -5.65807 -7.94895 -8.68455 -3.09883 -8.29264 -6.49374 -9.53029 -3.68925 -7.60515 -8.74669 -2.25387 -8.19017
58.105 -6.28033 -9.17922 -5.95229 -8.80515 -9.0608 -3.98155 -8.17074 -7.68217 -7.27889 -5.48597 -8.00566 -8.55656 -4.07819 -7.96991 -6.82409 -8.1543 -5.3183 -7.90424 -8.71634 -4.13665 -8.71843 -7.17091 -7.79187 -5.51602 -7.8966 -8.63044 -4.15236 -8.25599 -7.00526 -7.89729 -5.49308 -7.92635 -8.67487 -4.23305 -8.3993 -6.98556 -7.64918 -5.65805 -7.94894 -8.68454 -3.09885 -8.29257 -6.49373 -9.53028 -3.68928 -7.60515 -8.7467 -2.25387 -8.19019
58.155 -6.27792 -9.16115 -5.98393 -8.81216 -9.06266 -3.98404 -8.18731 -7.67197 -7.28424 -5.4888 -8.01171 -8.5594 -4.07782 -7.97625 -6.82618 -8.15368 -5.31849 -7.9046 -8.71588 -4.1368 -8.71179 -7.17073 -7.79163 -5.51615 -7.89667 -8.63049 -4.15238 -8.2567 -7.00513 -7.89742 -5.49308 -7.92637 -8.67491 -4.23303 -8.39934 -6.98561 -7.64916 -5.65803 -7.94894 -8.68453 -3.09886 -8.29249 -6.49372 -9.53028 -3.6893 -7.60515 -8.7467 -2.25387 -8.19021
58.205 -6.27426 -9.14413 -6.01776 -8.81886 -9.06485 -3.98634 -8.20309 -7.66219 -7.28965 -5.49148 -8.01832 -8.56231 -4.07739 -7.9817 -6.8283 -8.153 -5.31866 -7.90494 -8.71541 -4.13695 -8.70527 -7.17053 -7.79141 -5.51629 -7.89673 -8.63054 -4.15239 -8.25744 -7.00501 -7.89755 -5.49308 -7.92638 -8.67494 -4.233 -8.39937 -6.98567 -7.64913 -5.65801 -7.94894 -8.68451 -3.09888 -8.29242 -6.49371 -9.53027 -3.68931 -7.60515 -8.7467 -2.25387 -8.19024
58.255 -6.26933 -9.12818 -6.05375 -8.82526 -9.06739 -3.98843 -8.21808 -7.65287 -7.29509 -5.49399 -8.0255 -8.56528 -4.07691 -7.98626 -6.83047 -8.15225 -5.31881 -7.90527 -8.71492 -4.13711 -8.69888 -7.17029 -7.79121 -5.51644 -7.89679 -8.6306 -4.1524 -8.25821 -7.0049 -7.89768 -5.49308 -7.9264 -8.67497 -4.23298 -8.39938 -6.98573 -7.64911 -5.65799 -7.94894 -8.6845 -3.09889 -8.29234 -6.4937 -9.53026 -3.68933 -7.60515 -8.74671 -2.25387 -8.19026
58.305 -6.26313 -9.11331 -6.09184 -8.83137 -9.07026 -3.99031 -8.23225 -7.644 -7.30055 -5.49634 -8.03326 -8.56832 -4.07638 -7.98994 -6.83266 -8.15143 -5.31893 -7.90557 -8.71442 -4.13729 -8.69263 -7.17002 -7.79102 -5.5166 -7.89684 -8.63066 -4.1524 -8.25901 -7.0048 -7.8978 -5.49307 -7.92642 -8.675 -4.23296 -8.39937 -6.98578 -7.64908 -5.65798 -7.94894 -8.68448 -3.09891 -8.29227 -6.49369 -9.53026 -3.68935 -7.60515 -8.74671 -2.25387 -8.19028
58.355 -6.25564 -9.09953 -6.132 -8.83719 -9.07349 -3.99199 -8.2456 -7.6356 -7.30603 -5.49852 -8.04162 -8.57142 -4.07581 -7.99274 -6.83488 -8.15054 -5.31904 -7.90586 -8.71391 -4.13747 -8.68653 -7.16972 -7.79085 -5.51676 -7.89689 -8.63073 -4.1524 -8.25983 -7.0047 -7.89793 -5.49305 -7.92644 -8.67503 -4.23293 -8.39935 -6.98584 -7.64906 -5.65796 -7.94893 -8.68447 -3.09893 -8.29221 -6.49367 -9.53026 -3.68937 -7.60515 -8.74671 -2.25387 -8.19031
58.405 -6.24685 -9.08687 -6.17422 -8.84273 -9.07707 -3.99347 -8.2581 -7.62768 -7.31152 -5.50053 -8.0506 -8.57458 -4.0752 -7.99466 -6.83712 -8.1496 -5.31913 -7.90613 -8.71339 -4.13766 -8.6806 -7.16939 -7.7907 -5.51692 -7.89695 -8.63081 -4.15239 -8.26068 -7.00461 -7.89805 -5.49304 -7.92646 -8.67506 -4.23291 -8.39932 -6.9859 -7.64903 -5.65794 -7.94893 -8.68445 -3.09894 -8.29214 -6.49366 -9.53025 -3.68939 -7.60515 -8.74672 -2.25387 -8.19033
58.455 -6.23674 -9.07535 -6.21849 -8.84801 -9.08103 -3.99473 -8.26974 -7.62025 -7.317 -5.50236 -8.06021 -8.57781 -4.07454 -7.99571 -6.83937 -8.14859 -5.3192 -7.90639 -8.71286 -4.13787 -8.67484 -7.16903 -7.79057 -5.5171 -7.89699 -8.63089 -4.15239 -8.26156 -7.00453 -7.89817 -5.49302 -7.92648 -8.67508 -4.23289 -8.39927 -6.98595 -7.649 -5.65792 -7.94892 -8.68444 -3.09896 -8.29208 -6.49364 -9.53025 -3.6894 -7.60515 -8.74672 -2.25387 -8.19035
58.505 -6.22526 -9.06498 -6.26481 -8.85302 -9.08536 -3.99577 -8.2805 -7.61331 -7.32245 -5.50402 -8.0705 -8.58111 -4.07384 -7.99588 -6.84164 -8.14752 -5.31925 -7.90662 -8.71233 -4.13808 -8.66926 -7.16864 -7.79045 -5.51728 -7.89704 -8.63098 -4.15237 -8.26245 -7.00446 -7.89829 -5.493 -7.9265 -8.67511 -4.23287 -8.39921 -6.98601 -7.64897 -5.65791 -7.94892 -8.68443 -3.09897 -8.29202 -6.49363 -9.53025 -3.68942 -7.60515 -8.74673 -2.25387 -8.19038
58.555 -6.2124 -9.05581 -6.3132 -8.85777 -9.09009 -3.9966 -8.29037 -7.60689 -7.32788 -5.50551 -8.08149 -8.58449 -4.07311 -7.99518 -6.84391 -8.14639 -5.31929 -7.90684 -8.71178 -4.1383 -8.66387 -7.16823 -7.79036 -5.51746 -7.89709 -8.63107 -4.15236 -8.26337 -7.0044 -7.89841 -5.49297 -7.92652 -8.67513 -4.23285 -8.39913 -6.98606 -7.64893 -5.65789 -7.94891 -8.68441 -3.09899 -8.29197 -6.49361 -9.53025 -3.68943 -7.60515 -8.74673 -2.25387 -8.1904
58.605 -6.19812 -9.04784 -6.36368 -8.86227 -9.09522 -3.99721 -8.29932 -7.601 -7.33326 -5.50681 -8.09321 -8.58793 -4.07233 -7.9936 -6.84618 -8.14521 -5.31931 -7.90703 -8.71123 -4.13853 -8.65868 -7.16778 -7.79028 -5.51765 -7.89713 -8.63117 -4.15234 -8.26431 -7.00434 -7.89853 -5.49294 -7.92654 -8.67515 -4.23283 -8.39903 -6.98612 -7.6489 -5.65788 -7.94891 -8.6844 -3.099 -8.29191 -6.4936 -9.53025 -3.68945 -7.60515 -8.74673 -2.25387 -8.19042
58.655 -6.18238 -9.04111 -6.4163 -8.86652 -9.10078 -3.99759 -8.30734 -7.59564 -7.33859 -5.50793 -8.10569 -8.59145 -4.07151 -7.99115 -6.84845 -8.14398 -5.31931 -7.90721 -8.71068 -4.13877 -8.65369 -7.16731 -7.79023 -5.51784 -7.89717 -8.63128 -4.15232 -8.26526 -7.00429 -7.89864 -5.49291 -7.92656 -8.67517 -4.23281 -8.39893 -6.98617 -7.64886 -5.65786 -7.9489 -8.68438 -3.09902 -8.29186 -6.49358 -9.53025 -3.68946 -7.60515 -8.74674 -2.25387 -8.19045
58.705 -6.16514 -9.03564 -6.47109 -8.87052 -9.10678 -3.99775 -8.3144 -7.59082 -7.34385 -5.50887 -8.11898 -8.59506 -4.07066 -7.9878 -6.85072 -8.1427 -5.3193 -7.90736 -8.71013 -4.13901 -8.64892 -7.16682 -7.79019 -5.51804 -7.89721 -8.63139 -4.15229 -8.26622 -7.00425 -7.89875 -5.49288 -7.92658 -8.67518 -4.23279 -8.3988 -6.98623 -7.64883 -5.65785 -7.9489 -8.68437 -3.09903 -8.29182 -6.49356 -9.53026 -3.68947 -7.60515 -8.74675 -2.25387 -8.19047
58.755 -6.14633 -9.03148 -6.52811 -8.87428 -9.11325 -3.99766 -8.32048 -7.58657 -7.34903 -5.50962 -8.13312 -8.59875 -4.06977 -7.98357 -6.85296 -8.14137 -5.31928 -7.90749 -8.70957 -4.13926 -8.64437 -7.1663 -7.79018 -5.51824 -7.89724 -8.63151 -4.15226 -8.2672 -7.00422 -7.89886 -5.49284 -7.9266 -8.6752 -4.23277 -8.39867 -6.98628 -7.64879 -5.65783 -7.94889 -8.68435 -3.09904 -8.29177 -6.49354 -9.53026 -3.68949 -7.60514 -8.74675 -2.25386 -8.1905
58.805 -6.12593 -9.02866 -6.58743 -8.8778 -9.1202 -3.99734 -8.32555 -7.5829 -7.35411 -5.51019 -8.14814 -8.60254 -4.06884 -7.97843 -6.85519 -8.14 -5.31924 -7.90761 -8.70901 -4.13952 -8.64005 -7.16575 -7.79019 -5.51844 -7.89728 -8.63163 -4.15222 -8.26819 -7.0042 -7.89897 -5.4928 -7.92662 -8.67521 -4.23276 -8.39852 -6.98633 -7.64876 -5.65782 -7.94888 -8.68434 -3.09906 -8.29174 -6.49352 -9.53026 -3.6895 -7.60514 -8.74676 -2.25386 -8.19052
58.855 -6.10387 -9.02721 -6.64913 -8.88108 -9.12766 -3.99677 -8.32959 -7.57982 -7.3591 -5.51057 -8.1641 -8.60642 -4.06787 -7.97237 -6.8574 -8.13858 -5.31919 -7.9077 -8.70846 -4.13978 -8.63597 -7.16519 -7.79021 -5.51865 -7.89731 -8.63175 -4.15219 -8.26919 -7.00419 -7.89907 -5.49276 -7.92665 -8.67522 -4.23274 -8.39835 -6.98638 -7.64872 -5.65781 -7.94888 -8.68433 -3.09907 -8.2917 -6.4935 -9.53027 -3.68951 -7.60514 -8.74676 -2.25386 -8.19054
58.905 -6.08009 -9.02718 -6.71327 -8.88412 -9.13566 -3.99595 -8.33257 -7.57734 -7.36397 -5.51076 -8.18103 -8.61041 -4.06686 -7.96538 -6.85957 -8.13713 -5.31913 -7.90777 -8.70791 -4.14005 -8.63214 -7.1646 -7.79026 -5.51885 -7.89734 -8.63189 -4.15214 -8.27019 -7.00418 -7.89916 -5.49271 -7.92667 -8.67523 -4.23272 -8.39818 -6.98642 -7.64868 -5.6578 -7.94887 -8.68431 -3.09908 -8.29167 -6.49348 -9.53028 -3.68952 -7.60514 -8.74677 -2.25386 -8.19057
58.955 -6.05455 -9.02861 -6.77994 -8.88691 -9.14421 -3.99487 -8.33444 -7.57549 -7.36871 -5.51076 -8.19898 -8.61451 -4.06581 -7.95744 -6.86171 -8.13564 -5.31905 -7.90782 -8.70736 -4.14032 -8.62856 -7.16399 -7.79032 -5.51906 -7.89737 -8.63202 -4.1521 -8.27119 -7.00419 -7.89926 -5.49266 -7.92669 -8.67523 -4.23271 -8.39798 -6.98647 -7.64864 -5.65779 -7.94886 -8.6843 -3.0991 -8.29164 -6.49346 -9.53028 -3.68952 -7.60514 -8.74677 -2.25386 -8.19059
59.005 -6.02718 -9.03155 -6.84924 -8.88944 -9.15335 -3.99352 -8.33519 -7.57429 -7.37331 -5.51057 -8.21799 -8.61872 -4.06472 -7.94854 -6.86381 -8.13412 -5.31895 -7.90784 -8.70681 -4.14059 -8.62523 -7.16337 -7.79041 -5.51927 -7.89739 -8.63216 -4.15205 -8.2722 -7.0042 -7.89935 -5.49261 -7.92671 -8.67524 -4.23269 -8.39778 -6.98652 -7.6486 -5.65778 -7.94886 -8.68429 -3.09911 -8.29162 -6.49344 -9.53029 -3.68953 -7.60513 -8.74678 -2.25386 -8.19061
59.055 -5.99794 -9.03605 -6.92124 -8.89173 -9.16309 -3.99189 -8.33478 -7.57375 -7.37775 -5.51018 -8.23809 -8.62305 -4.0636 -7.93865 -6.86587 -8.13257 -5.31884 -7.90785 -8.70627 -4.14087 -8.62218 -7.16272 -7.79052 -5.51949 -7.89742 -8.6323 -4.152 -8.2732 -7.00423 -7.89943 -5.49256 -7.92673 -8.67524 -4.23268 -8.39757 -6.98656 -7.64856 -5.65777 -7.94885 -8.68428 -3.09912 -8.2916 -6.49342 -9.5303 -3.68954 -7.60513 -8.74678 -2.25385 -8.19063
59.105 -5.96679 -9.04216 -6.99601 -8.89374 -9.17345 -3.98999 -8.33315 -7.57389 -7.38203 -5.50958 -8.25931 -8.62751 -4.06243 -7.92775 -6.86787 -8.13099 -5.31871 -7.90783 -8.70574 -4.14115 -8.6194 -7.16206 -7.79064 -5.5197 -7.89744 -8.63245 -4.15194 -8.2742 -7.00426 -7.89951 -5.4925 -7.92676 -8.67524 -4.23267 -8.39734 -6.9866 -7.64852 -5.65776 -7.94884 -8.68426 -3.09913 -8.29158 -6.4934 -9.53031 -3.68954 -7.60513 -8.74679 -2.25385 -8.19066
59.155 -5.93369 -9.04992 -7.07364 -8.89547 -9.18446 -3.98779 -8.33029 -7.57473 -7.38613 -5.50879 -8.28166 -8.63209 -4.06121 -7.91583 -6.86982 -8.1294 -5.31857 -7.90779 -8.70522 -4.14143 -8.61691 -7.16139 -7.79079 -5.51991 -7.89745 -8.6326 -4.15189 -8.2752 -7.0043 -7.89959 -5.49244 -7.92678 -8.67524 -4.23266 -8.3971 -6.98664 -7.64848 -5.65775 -7.94883 -8.68425 -3.09914 -8.29157 -6.49338 -9.53032 -3.68954 -7.60512 -8.7468 -2.25385 -8.19068
59.205 -5.89862 -9.0594 -7.15417 -8.89691 -9.19613 -3.98529 -8.32614 -7.57631 -7.39004 -5.5078 -8.30516 -8.6368 -4.05995 -7.90287 -6.87171 -8.12778 -5.3184 -7.90772 -8.70471 -4.14172 -8.61471 -7.1607 -7.79096 -5.52012 -7.89747 -8.63275 -4.15182 -8.27618 -7.00435 -7.89966 -5.49238 -7.9268 -8.67523 -4.23265 -8.39685 -6.98668 -7.64844 -5.65775 -7.94882 -8.68424 -3.09915 -8.29156 -6.49336 -9.53033 -3.68955 -7.60512 -8.7468 -2.25385 -8.1907
59.255 -5.8616 -9.07064 -7.23762 -8.89802 -9.20846 -3.98248 -8.32067 -7.57863 -7.39374 -5.5066 -8.32977 -8.64163 -4.05865 -7.88883 -6.87354 -8.12615 -5.31822 -7.90763 -8.70421 -4.142 -8.61281 -7.16001 -7.79114 -5.52034 -7.89748 -8.6329 -4.15176 -8.27716 -7.00441 -7.89972 -5.49232 -7.92682 -8.67522 -4.23264 -8.39659 -6.98671 -7.6484 -5.65774 -7.94881 -8.68423 -3.09916 -8.29156 -6.49334 -9.53034 -3.68955 -7.60512 -8.74681 -2.25384 -8.19072
59.305 -5.82264 -9.08368 -7.32398 -8.8988 -9.22145 -3.97936 -8.31384 -7.58172 -7.39723 -5.50519 -8.35546 -8.64658 -4.05729 -7.87371 -6.87529 -8.12451 -5.31801 -7.90752 -8.70372 -4.14228 -8.61122 -7.1593 -7.79134 -5.52055 -7.89748 -8.63306 -4.15169 -8.27812 -7.00448 -7.89979 -5.49225 -7.92684 -8.67521 -4.23263 -8.39633 -6.98674 -7.64836 -5.65774 -7.9488 -8.68422 -3.09917 -8.29156 -6.49331 -9.53036 -3.68955 -7.60511 -8.74681 -2.25384 -8.19074
59.355 -5.78181 -9.09857 -7.41322 -8.89921 -9.23508 -3.97592 -8.30561 -7.5856 -7.40049 -5.50356 -8.38217 -8.65163 -4.0559 -7.8575 -6.87696 -8.12286 -5.31778 -7.90738 -8.70324 -4.14257 -8.60995 -7.15858 -7.79157 -5.52075 -7.89749 -8.63321 -4.15162 -8.27907 -7.00456 -7.89984 -5.49219 -7.92687 -8.6752 -4.23263 -8.39605 -6.98678 -7.64832 -5.65773 -7.9488 -8.68421 -3.09917 -8.29156 -6.49329 -9.53037 -3.68955 -7.60511 -8.74682 -2.25384 -8.19075
59.405 -5.7392 -9.11534 -7.50522 -8.89921 -9.24933 -3.97216 -8.29595 -7.59029 -7.4035 -5.50173 -8.40979 -8.65676 -4.05445 -7.84018 -6.87856 -8.12121 -5.31753 -7.90722 -8.70278 -4.14285 -8.60901 -7.15786 -7.79181 -5.52096 -7.89749 -8.63337 -4.15155 -8.28 -7.00464 -7.89989 -5.49212 -7.92689 -8.67519 -4.23262 -8.39576 -6.9868 -7.64828 -5.65773 -7.94879 -8.6842 -3.09918 -8.29157 -6.49327 -9.53038 -3.68955 -7.6051 -8.74682 -2.25383 -8.19077
59.455 -5.69494 -9.134 -7.59982 -8.89877 -9.26415 -3.96806 -8.28483 -7.5958 -7.40626 -5.49967 -8.43819 -8.66196 -4.05296 -7.82175 -6.88006 -8.11955 -5.31725 -7.90703 -8.70234 -4.14313 -8.6084 -7.15713 -7.79206 -5.52116 -7.89748 -8.63353 -4.15148 -8.28091 -7.00473 -7.89993 -5.49205 -7.92691 -8.67517 -4.23262 -8.39547 -6.98683 -7.64824 -5.65773 -7.94878 -8.68419 -3.09919 -8.29158 -6.49325 -9.5304 -3.68955 -7.6051 -8.74683 -2.25383 -8.19079
59.505 -5.64922 -9.15458 -7.6968 -8.89784 -9.27947 -3.96364 -8.27223 -7.60216 -7.40875 -5.4974 -8.4672 -8.66719 -4.05142 -7.80224 -6.88148 -8.1179 -5.31695 -7.90681 -8.70191 -4.14341 -8.60814 -7.1564 -7.79234 -5.52136 -7.89747 -8.63369 -4.1514 -8.2818 -7.00484 -7.89997 -5.49198 -7.92693 -8.67515 -4.23261 -8.39517 -6.98686 -7.6482 -5.65773 -7.94877 -8.68418 -3.09919 -8.2916 -6.49323 -9.53041 -3.68954 -7.6051 -8.74684 -2.25383 -8.1908
59.555 -5.60226 -9.17704 -7.79585 -8.89637 -9.29521 -3.95889 -8.25814 -7.60936 -7.41097 -5.49491 -8.49662 -8.67241 -4.04984 -7.78165 -6.88279 -8.11626 -5.31661 -7.90657 -8.7015 -4.14368 -8.60822 -7.15566 -7.79263 -5.52156 -7.89746 -8.63385 -4.15132 -8.28267 -7.00495 -7.90001 -5.49191 -7.92695 -8.67513 -4.23261 -8.39486 -6.98688 -7.64816 -5.65773 -7.94876 -8.68417 -3.0992 -8.29162 -6.49321 -9.53043 -3.68954 -7.60509 -8.74684 -2.25382 -8.19082
59.605 -5.55432 -9.20138 -7.89658 -8.89432 -9.31128 -3.95383 -8.24256 -7.61742 -7.41289 -5.49219 -8.5262 -8.67758 -4.04822 -7.76002 -6.88401 -8.11464 -5.31625 -7.9063 -8.70111 -4.14395 -8.60867 -7.15493 -7.79293 -5.52175 -7.89744 -8.63401 -4.15124 -8.2835 -7.00506 -7.90003 -5.49183 -7.92696 -8.67511 -4.23261 -8.39454 -6.9869 -7.64812 -5.65773 -7.94875 -8.68417 -3.0992 -8.29164 -6.49319 -9.53045 -3.68953 -7.60509 -8.74685 -2.25382 -8.19083
59.655 -5.50571 -9.22753 -7.99854 -8.89162 -9.32754 -3.94845 -8.22551 -7.62632 -7.41451 -5.48926 -8.5557 -8.68266 -4.04657 -7.73739 -6.88511 -8.11302 -5.31585 -7.90601 -8.70074 -4.14422 -8.60949 -7.1542 -7.79326 -5.52193 -7.89741 -8.63416 -4.15116 -8.28431 -7.00519 -7.90005 -5.49176 -7.92698 -8.67509 -4.23261 -8.39422 -6.98691 -7.64808 -5.65773 -7.94874 -8.68416 -3.09921 -8.29167 -6.49316 -9.53046 -3.68953 -7.60508 -8.74685 -2.25382 -8.19085
59.705 -5.45676 -9.25542 -8.10118 -8.88822 -9.34386 -3.94279 -8.20701 -7.63606 -7.41582 -5.48611 -8.58483 -8.68759 -4.04489 -7.71385 -6.88611 -8.11143 -5.31543 -7.90569 -8.70039 -4.14448 -8.61068 -7.15347 -7.79359 -5.52211 -7.89738 -8.63432 -4.15108 -8.28508 -7.00532 -7.90007 -5.49169 -7.927 -8.67506 -4.23261 -8.3939 -6.98693 -7.64805 -5.65773 -7.94873 -8.68415 -3.09921 -8.29171 -6.49314 -9.53048 -3.68952 -7.60508 -8.74686 -2.25381 -8.19086
59.755 -5.40783 -9.28495 -8.20391 -8.88407 -9.3601 -3.93686 -8.18712 -7.64662 -7.41682 -5.48275 -8.61332 -8.69232 -4.04319 -7.68945 -6.88699 -8.10987 -5.31497 -7.90534 -8.70007 -4.14473 -8.61225 -7.15274 -7.79394 -5.52229 -7.89734 -8.63447 -4.151 -8.28583 -7.00546 -7.90008 -5.49161 -7.92702 -8.67504 -4.23261 -8.39357 -6.98694 -7.64801 -5.65773 -7.94872 -8.68415 -3.09921 -8.29174 -6.49312 -9.5305 -3.68951 -7.60507 -8.74686 -2.25381 -8.19087
59.805 -5.35928 -9.31601 -8.30609 -8.87911 -9.37612 -3.93068 -8.1659 -7.65797 -7.41749 -5.47918 -8.6409 -8.6968 -4.04148 -7.6643 -6.88775 -8.10833 -5.31448 -7.90497 -8.69977 -4.14498 -8.61421 -7.15203 -7.7943 -5.52246 -7.8973 -8.63463 -4.15091 -8.28653 -7.0056 -7.90008 -5.49154 -7.92703 -8.67501 -4.23261 -8.39324 -6.98695 -7.64798 -5.65774 -7.94871 -8.68414 -3.09922 -8.29178 -6.4931 -9.53052 -3.6895 -7.60507 -8.74687 -2.25381 -8.19088
59.855 -5.31144 -9.34844 -8.40704 -8.8733 -9.39175 -3.92429 -8.14342 -7.67007 -7.41783 -5.47541 -8.66733 -8.70097 -4.03977 -7.63851 -6.88838 -8.10682 -5.31397 -7.90458 -8.69949 -4.14522 -8.61654 -7.15132 -7.79468 -5.52262 -7.89725 -8.63478 -4.15083 -8.2872 -7.00575 -7.90007 -5.49146 -7.92705 -8.67497 -4.23262 -8.3929 -6.98695 -7.64794 -5.65774 -7.9487 -8.68414 -3.09922 -8.29183 -6.49309 -9.53053 -3.68949 -7.60507 -8.74687 -2.2538 -8.19089
59.905 -5.26465 -9.3821 -8.50608 -8.86661 -9.40686 -3.91771 -8.11978 -7.68288 -7.41785 -5.47144 -8.6924 -8.7048 -4.03807 -7.61219 -6.88889 -8.10535 -5.31342 -7.90416 -8.69924 -4.14546 -8.61926 -7.15062 -7.79507 -5.52278 -7.8972 -8.63492 -4.15074 -8.28782 -7.00591 -7.90006 -5.49138 -7.92706 -8.67494 -4.23263 -8.39257 -6.98695 -7.64791 -5.65775 -7.94869 -8.68414 -3.09922 -8.29188 -6.49307 -9.53055 -3.68948 -7.60506 -8.74688 -2.2538 -8.1909
59.955 -5.2192 -9.41681 -8.60254 -8.85901 -9.42133 -3.91098 -8.0951 -7.69635 -7.41752 -5.4673 -8.71593 -8.70825 -4.03639 -7.58547 -6.88927 -8.10393 -5.31285 -7.90371 -8.69902 -4.14568 -8.62237 -7.14994 -7.79546 -5.52293 -7.89714 -8.63506 -4.15065 -8.28841 -7.00608 -7.90005 -5.49131 -7.92708 -8.67491 -4.23263 -8.39223 -6.98696 -7.64788 -5.65776 -7.94868 -8.68413 -3.09922 -8.29193 -6.49305 -9.53057 -3.68947 -7.60506 -8.74688 -2.2538 -8.19091
60.005 -5.17534 -9.45238 -8.69576 -8.8505 -9.43505 -3.90415 -8.06949 -7.71042 -7.41687 -5.46299 -8.7378 -8.7113 -4.03475 -7.55849 -6.88952 -8.10254 -5.31226 -7.90325 -8.69883 -4.1459 -8.62585 -7.14927 -7.79587 -5.52307 -7.89708 -8.6352 -4.15056 -8.28894 -7.00624 -7.90003 -5.49123 -7.92709 -8.67487 -4.23264 -8.3919 -6.98695 -7.64785 -5.65776 -7.94868 -8.68413 -3.09922 -8.29198 -6.49303 -9.53059 -3.68945 -7.60505 -8.74689 -2.25379 -8.19091
60.055 -5.13327 -9.48863 -8.78515 -8.84108 -9.44793 -3.89724 -8.04308 -7.72501 -7.41589 -5.45852 -8.75794 -8.71393 -4.03315 -7.53138 -6.88964 -8.10121 -5.31165 -7.90277 -8.69867 -4.14611 -8.6297 -7.14861 -7.79628 -5.52321 -7.89701 -8.63534 -4.15048 -8.28943 -7.00642 -7.9 -5.49116 -7.9271 -8.67483 -4.23265 -8.39156 -6.98695 -7.64782 -5.65777 -7.94867 -8.68413 -3.09921 -8.29204 -6.49301 -9.53061 -3.68944 -7.60505 -8.74689 -2.25379 -8.19092
60.105 -5.09314 -9.52537 -8.87017 -8.83077 -9.45991 -3.8903 -8.01601 -7.74007 -7.41458 -5.45392 -8.77632 -8.71615 -4.0316 -7.50427 -6.88962 -8.09993 -5.31102 -7.90227 -8.69853 -4.1463 -8.63391 -7.14798 -7.79671 -5.52333 -7.89694 -8.63547 -4.15039 -8.28988 -7.0066 -7.89996 -5.49108 -7.92711 -8.67479 -4.23266 -8.39123 -6.98694 -7.64779 -5.65778 -7.94866 -8.68413 -3.09921 -8.2921 -6.493 -9.53063 -3.68943 -7.60504 -8.7469 -2.25379 -8.19092
60.155 -5.05505 -9.56242 -8.95035 -8.81962 -9.47096 -3.88336 -7.9884 -7.75551 -7.41296 -5.44921 -8.79295 -8.71794 -4.03012 -7.47731 -6.88947 -8.0987 -5.31038 -7.90176 -8.69843 -4.14649 -8.63847 -7.14736 -7.79714 -5.52345 -7.89686 -8.63559 -4.1503 -8.29027 -7.00678 -7.89992 -5.49101 -7.92712 -8.67475 -4.23267 -8.39089 -6.98693 -7.64776 -5.65779 -7.94865 -8.68413 -3.09921 -8.29217 -6.49298 -9.53065 -3.68941 -7.60504 -8.7469 -2.25378 -8.19093
60.205 -5.01907 -9.59959 -9.02529 -8.80767 -9.48105 -3.87646 -7.9604 -7.77127 -7.41103 -5.4444 -8.80787 -8.71934 -4.02871 -7.4506 -6.88919 -8.09754 -5.30974 -7.90123 -8.69835 -4.14666 -8.64336 -7.14677 -7.79757 -5.52356 -7.89678 -8.63571 -4.15022 -8.29061 -7.00696 -7.89988 -5.49094 -7.92713 -8.67471 -4.23268 -8.39057 -6.98692 -7.64774 -5.6578 -7.94864 -8.68413 -3.0992 -8.29224 -6.49297 -9.53067 -3.68939 -7.60503 -8.7469 -2.25378 -8.19093
60.255 -4.98522 -9.63672 -9.09467 -8.79499 -9.49019 -3.86963 -7.93213 -7.78727 -7.40879 -5.43951 -8.82114 -8.72035 -4.02738 -7.42426 -6.88878 -8.09643 -5.30909 -7.9007 -8.69831 -4.14683 -8.64857 -7.14619 -7.79801 -5.52366 -7.89669 -8.63583 -4.15013 -8.2909 -7.00715 -7.89982 -5.49087 -7.92714 -8.67467 -4.23269 -8.39024 -6.9869 -7.64771 -5.65782 -7.94863 -8.68413 -3.0992 -8.29231 -6.49295 -9.53069 -3.68938 -7.60503 -8.74691 -2.25378 -8.19093
60.305 -4.95349 -9.67366 -9.15826 -8.78165 -9.4984 -3.86291 -7.90372 -7.80344 -7.40627 -5.43457 -8.83286 -8.721 -4.02613 -7.3984 -6.88825 -8.09539 -5.30844 -7.90016 -8.6983 -4.14698 -8.65408 -7.14565 -7.79845 -5.52375 -7.89661 -8.63594 -4.15005 -8.29114 -7.00734 -7.89977 -5.4908 -7.92715 -8.67463 -4.23271 -8.38992 -6.98688 -7.64769 -5.65783 -7.94863 -8.68413 -3.09919 -8.29238 -6.49294 -9.53071 -3.68936 -7.60502 -8.74691 -2.25377 -8.19093
60.355 -4.92385 -9.71026 -9.21587 -8.76772 -9.50571 -3.8563 -7.87528 -7.81971 -7.40348 -5.42959 -8.84311 -8.72133 -4.02497 -7.3731 -6.88759 -8.09443 -5.30779 -7.89961 -8.69832 -4.14711 -8.65987 -7.14512 -7.7989 -5.52382 -7.89652 -8.63604 -4.14997 -8.29132 -7.00754 -7.8997 -5.49073 -7.92715 -8.67458 -4.23272 -8.38961 -6.98686 -7.64767 -5.65784 -7.94862 -8.68414 -3.09919 -8.29246 -6.49293 -9.53073 -3.68934 -7.60502 -8.74691 -2.25377 -8.19093
60.405 -4.89623 -9.7464 -9.26741 -8.75329 -9.51216 -3.84985 -7.84693 -7.83602 -7.40043 -5.42459 -8.85202 -8.72136 -4.0239 -7.34845 -6.8868 -8.09353 -5.30716 -7.89907 -8.69837 -4.14724 -8.66592 -7.14463 -7.79935 -5.52389 -7.89643 -8.63614 -4.14989 -8.29145 -7.00773 -7.89963 -5.49066 -7.92716 -8.67454 -4.23274 -8.3893 -6.98684 -7.64765 -5.65786 -7.94861 -8.68414 -3.09918 -8.29254 -6.49292 -9.53075 -3.68932 -7.60501 -8.74692 -2.25377 -8.19092
60.455 -4.87059 -9.78196 -9.31284 -8.73845 -9.5178 -3.84357 -7.81877 -7.85231 -7.39713 -5.41961 -8.85967 -8.72113 -4.02292 -7.32451 -6.8859 -8.0927 -5.30653 -7.89852 -8.69845 -4.14735 -8.67221 -7.14416 -7.79979 -5.52395 -7.89634 -8.63623 -4.14981 -8.29152 -7.00793 -7.89956 -5.4906 -7.92716 -8.67449 -4.23276 -8.389 -6.98681 -7.64764 -5.65787 -7.9486 -8.68414 -3.09917 -8.29262 -6.49291 -9.53076 -3.6893 -7.60501 -8.74692 -2.25376 -8.19092
60.505 -4.84685 -9.81684 -9.35217 -8.72329 -9.52267 -3.83747 -7.79088 -7.86851 -7.3936 -5.41465 -8.86616 -8.72065 -4.02203 -7.30135 -6.88489 -8.09195 -5.30592 -7.89798 -8.69856 -4.14745 -8.67871 -7.14373 -7.80024 -5.524 -7.89625 -8.63631 -4.14973 -8.29154 -7.00813 -7.89948 -5.49053 -7.92716 -8.67444 -4.23277 -8.38871 -6.98678 -7.64762 -5.65789 -7.9486 -8.68415 -3.09916 -8.2927 -6.4929 -9.53078 -3.68928 -7.60501 -8.74692 -2.25376 -8.19091
60.555 -4.82492 -9.85095 -9.38547 -8.70788 -9.52684 -3.83156 -7.76335 -7.88458 -7.38986 -5.40973 -8.87161 -8.71996 -4.02123 -7.279 -6.88377 -8.09128 -5.30533 -7.89744 -8.6987 -4.14753 -8.6854 -7.14332 -7.80068 -5.52404 -7.89615 -8.63639 -4.14965 -8.2915 -7.00833 -7.8994 -5.49047 -7.92716 -8.6744 -4.23279 -8.38843 -6.98675 -7.64761 -5.6579 -7.94859 -8.68415 -3.09916 -8.29278 -6.49289 -9.5308 -3.68926 -7.605 -8.74692 -2.25376 -8.19091
60.605 -4.80473 -9.88423 -9.41284 -8.69232 -9.53036 -3.82587 -7.73625 -7.90047 -7.38592 -5.40488 -8.87608 -8.7191 -4.02052 -7.25751 -6.88255 -8.09069 -5.30477 -7.89691 -8.69887 -4.1476 -8.69225 -7.14295 -7.80112 -5.52407 -7.89606 -8.63646 -4.14958 -8.2914 -7.00853 -7.89931 -5.49042 -7.92716 -8.67435 -4.23281 -8.38815 -6.98672 -7.64759 -5.65792 -7.94859 -8.68416 -3.09915 -8.29287 -6.49288 -9.53082 -3.68924 -7.605 -8.74693 -2.25375 -8.1909
60.655 -4.7862 -9.91661 -9.43442 -8.67669 -9.53327 -3.82039 -7.70964 -7.91614 -7.38179 -5.4001 -8.87966 -8.71807 -4.0199 -7.2369 -6.88123 -8.09017 -5.30422 -7.89639 -8.69907 -4.14766 -8.69925 -7.14261 -7.80156 -5.52408 -7.89597 -8.63652 -4.14951 -8.29126 -7.00873 -7.89922 -5.49036 -7.92716 -8.6743 -4.23283 -8.38789 -6.98668 -7.64759 -5.65793 -7.94858 -8.68417 -3.09914 -8.29295 -6.49287 -9.53084 -3.68922 -7.60499 -8.74693 -2.25375 -8.19089
60.705 -4.76927 -9.94803 -9.45038 -8.66105 -9.53563 -3.81512 -7.68358 -7.93155 -7.37751 -5.39541 -8.88243 -8.7169 -4.01936 -7.21719 -6.87982 -8.08974 -5.3037 -7.89588 -8.6993 -4.1477 -8.70636 -7.1423 -7.80199 -5.52409 -7.89588 -8.63658 -4.14944 -8.29106 -7.00892 -7.89912 -5.49031 -7.92716 -8.67425 -4.23285 -8.38764 -6.98664 -7.64758 -5.65795 -7.94858 -8.68417 -3.09913 -8.29304 -6.49287 -9.53086 -3.6892 -7.60499 -8.74693 -2.25375 -8.19088
60.755 -4.75385 -9.97846 -9.46091 -8.64547 -9.53748 -3.81009 -7.65811 -7.94666 -7.37307 -5.39083 -8.88444 -8.71561 -4.0189 -7.19839 -6.87832 -8.08938 -5.3032 -7.89538 -8.69955 -4.14772 -8.71357 -7.14203 -7.80242 -5.52408 -7.89579 -8.63663 -4.14937 -8.2908 -7.00912 -7.89902 -5.49025 -7.92716 -8.67421 -4.23287 -8.3874 -6.9866 -7.64757 -5.65797 -7.94857 -8.68418 -3.09911 -8.29313 -6.49286 -9.53087 -3.68918 -7.60499 -8.74693 -2.25374 -8.19087
60.805 -4.7399 -10.0079 -9.46622 -8.63003 -9.53887 -3.80528 -7.63328 -7.96144 -7.36851 -5.38636 -8.88575 -8.71422 -4.01852 -7.18052 -6.87675 -8.08911 -5.30273 -7.89489 -8.69982 -4.14773 -8.72085 -7.14179 -7.80284 -5.52406 -7.89571 -8.63667 -4.14931 -8.2905 -7.00932 -7.89891 -5.49021 -7.92715 -8.67416 -4.2329 -8.38717 -6.98656 -7.64757 -5.65799 -7.94857 -8.68419 -3.0991 -8.29322 -6.49286 -9.53089 -3.68916 -7.60498 -8.74693 -2.25374 -8.19086
60.855 -4.72734 -10.0362 -9.46652 -8.61477 -9.53983 -3.8007 -7.60912 -7.97588 -7.36382 -5.38203 -8.88641 -8.71273 -4.01821 -7.16357 -6.8751 -8.08892 -5.30228 -7.89442 -8.70012 -4.14773 -8.72818 -7.14159 -7.80325 -5.52404 -7.89562 -8.6367 -4.14925 -8.29014 -7.00951 -7.8988 -5.49016 -7.92715 -8.67411 -4.23292 -8.38695 -6.98652 -7.64757 -5.65801 -7.94856 -8.6842 -3.09909 -8.29331 -6.49286 -9.53091 -3.68913 -7.60498 -8.74693 -2.25374 -8.19085
60.905 -4.71614 -10.0635 -9.46205 -8.59975 -9.54039 -3.79634 -7.58565 -7.98994 -7.35904 -5.37782 -8.88644 -8.71117 -4.01797 -7.14754 -6.87338 -8.08881 -5.30186 -7.89397 -8.70045 -4.14771 -8.73554 -7.14142 -7.80365 -5.524 -7.89554 -8.63673 -4.14919 -8.28974 -7.0097 -7.89869 -5.49012 -7.92714 -8.67406 -4.23294 -8.38675 -6.98647 -7.64757 -5.65803 -7.94856 -8.68421 -3.09908 -8.2934 -6.49285 -9.53092 -3.68911 -7.60498 -8.74693 -2.25374 -8.19083
60.955 -4.70624 -10.0897 -9.45305 -8.58501 -9.5406 -3.79221 -7.56291 -8.00362 -7.35416 -5.37377 -8.8859 -8.70954 -4.01779 -7.13243 -6.8716 -8.08879 -5.30147 -7.89353 -8.70079 -4.14768 -8.7429 -7.14129 -7.80404 -5.52395 -7.89546 -8.63675 -4.14914 -8.28929 -7.00988 -7.89857 -5.49008 -7.92713 -8.67402 -4.23296 -8.38656 -6.98643 -7.64757 -5.65805 -7.94856 -8.68422 -3.09907 -8.29349 -6.49285 -9.53094 -3.68909 -7.60497 -8.74693 -2.25374 -8.19082
61.005 -4.69761 -10.1148 -9.43973 -8.5706 -9.54048 -3.78831 -7.5409 -8.01688 -7.34922 -5.36986 -8.88479 -8.70784 -4.01768 -7.11823 -6.86977 -8.08884 -5.3011 -7.89311 -8.70115 -4.14763 -8.75025 -7.1412 -7.80442 -5.52389 -7.89538 -8.63676 -4.14909 -8.2888 -7.01006 -7.89846 -5.49004 -7.92712 -8.67397 -4.23299 -8.38639 -6.98638 -7.64757 -5.65806 -7.94855 -8.68423 -3.09905 -8.29359 -6.49285 -9.53095 -3.68907 -7.60497 -8.74693 -2.25373 -8.1908
61.055 -4.6902 -10.1388 -9.42235 -8.55655 -9.54005 -3.78463 -7.51964 -8.02973 -7.34421 -5.36611 -8.88314 -8.70609 -4.01763 -7.10494 -6.86789 -8.08897 -5.30076 -7.89271 -8.70153 -4.14757 -8.75757 -7.14114 -7.80479 -5.52381 -7.8953 -8.63677 -4.14904 -8.28826 -7.01024 -7.89833 -5.49001 -7.92711 -8.67393 -4.23301 -8.38623 -6.98633 -7.64758 -5.65808 -7.94855 -8.68424 -3.09904 -8.29368 -6.49285 -9.53097 -3.68904 -7.60497 -8.74693 -2.25373 -8.19079
61.105 -4.684 -10.1617 -9.40111 -8.54289 -9.53933 -3.78116 -7.49915 -8.04214 -7.33916 -5.36252 -8.88096 -8.70428 -4.01763 -7.09254 -6.86596 -8.08918 -5.30044 -7.89232 -8.70193 -4.1475 -8.76484 -7.14111 -7.80514 -5.52373 -7.89522 -8.63676 -4.149 -8.28768 -7.01041 -7.89821 -5.48998 -7.9271 -8.67388 -4.23304 -8.38608 -6.98628 -7.64758 -5.6581 -7.94855 -8.68425 -3.09902 -8.29377 -6.49286 -9.53098 -3.68902 -7.60496 -8.74693 -2.25373 -8.19077
61.155 -4.67897 -10.1835 -9.37626 -8.52965 -9.53834 -3.77792 -7.47944 -8.05411 -7.33407 -5.3591 -8.87827 -8.70243 -4.01768 -7.08103 -6.864 -8.08946 -5.30014 -7.89195 -8.70235 -4.14741 -8.77204 -7.14112 -7.80548 -5.52364 -7.89515 -8.63675 -4.14896 -8.28706 -7.01058 -7.89809 -5.48996 -7.92709 -8.67384 -4.23306 -8.38595 -6.98622 -7.64759 -5.65812 -7.94855 -8.68427 -3.09901 -8.29386 -6.49286 -9.53099 -3.689 -7.60496 -8.74693 -2.25373 -8.19075
61.205 -4.67511 -10.2042 -9.34801 -8.51685 -9.5371 -3.77488 -7.46051 -8.06564 -7.32896 -5.35584 -8.87506 -8.70052 -4.01778 -7.07038 -6.862 -8.08982 -5.29986 -7.8916 -8.70277 -4.14731 -8.77916 -7.14117 -7.80581 -5.52354 -7.89507 -8.63673 -4.14892 -8.28641 -7.01074 -7.89796 -5.48993 -7.92707 -8.67379 -4.23309 -8.38584 -6.98617 -7.6476 -5.65814 -7.94855 -8.68428 -3.099 -8.29394 -6.49286 -9.531 -3.68898 -7.60496 -8.74693 -2.25373 -8.19073
61.255 -4.67238 -10.2238 -9.31656 -8.5045 -9.53561 -3.77206 -7.44236 -8.0767 -7.32384 -5.35275 -8.87135 -8.69857 -4.01793 -7.0606 -6.85998 -8.09026 -5.29961 -7.89126 -8.70321 -4.1472 -8.78618 -7.14125 -7.80612 -5.52343 -7.895 -8.63671 -4.14889 -8.28572 -7.0109 -7.89783 -5.48991 -7.92706 -8.67375 -4.23311 -8.38574 -6.98611 -7.64762 -5.65816 -7.94855 -8.68429 -3.09898 -8.29403 -6.49287 -9.53102 -3.68896 -7.60496 -8.74693 -2.25372 -8.19071
61.305 -4.67079 -10.2424 -9.28211 -8.49263 -9.5339 -3.76944 -7.425 -8.08731 -7.31872 -5.34983 -8.86713 -8.69657 -4.01812 -7.05167 -6.85793 -8.09077 -5.29937 -7.89095 -8.70367 -4.14707 -8.7931 -7.14136 -7.80641 -5.5233 -7.89493 -8.63668 -4.14886 -8.285 -7.01105 -7.8977 -5.4899 -7.92704 -8.67371 -4.23313 -8.38566 -6.98606 -7.64763 -5.65818 -7.94855 -8.6843 -3.09897 -8.29412 -6.49288 -9.53103 -3.68893 -7.60496 -8.74692 -2.25372 -8.19069
61.355 -4.67033 -10.2598 -9.24484 -8.48125 -9.53195 -3.76703 -7.40843 -8.09746 -7.31361 -5.34708 -8.86239 -8.69451 -4.01836 -7.04358 -6.85587 -8.09134 -5.29915 -7.89065 -8.70413 -4.14693 -8.79989 -7.14151 -7.80669 -5.52317 -7.89487 -8.63664 -4.14883 -8.28424 -7.01119 -7.89757 -5.48989 -7.92703 -8.67367 -4.23316 -8.38559 -6.986 -7.64765 -5.6582 -7.94855 -8.68432 -3.09895 -8.2942 -6.49288 -9.53104 -3.68891 -7.60496 -8.74692 -2.25372 -8.19067
61.405 -4.671 -10.2762 -9.20494 -8.47036 -9.52979 -3.76481 -7.39266 -8.10714 -7.30851 -5.3445 -8.85713 -8.69241 -4.01863 -7.03632 -6.8538 -8.09199 -5.29895 -7.89037 -8.7046 -4.14678 -8.80654 -7.14169 -7.80695 -5.52304 -7.8948 -8.63659 -4.14881 -8.28346 -7.01133 -7.89744 -5.48988 -7.92701 -8.67363 -4.23318 -8.38554 -6.98594 -7.64767 -5.65822 -7.94855 -8.68433 -3.09893 -8.29428 -6.49289 -9.53105 -3.68889 -7.60495 -8.74692 -2.25372 -8.19065
61.455 -4.67279 -10.2916 -9.16256 -8.45998 -9.52741 -3.7628 -7.37768 -8.11636 -7.30344 -5.34209 -8.85134 -8.69025 -4.01895 -7.02988 -6.85171 -8.09269 -5.29876 -7.8901 -8.70508 -4.14662 -8.81306 -7.14191 -7.8072 -5.52289 -7.89474 -8.63654 -4.1488 -8.28266 -7.01146 -7.89731 -5.48987 -7.92699 -8.6736 -4.23321 -8.3855 -6.98589 -7.64769 -5.65824 -7.94855 -8.68435 -3.09892 -8.29436 -6.4929 -9.53105 -3.68887 -7.60495 -8.74692 -2.25372 -8.19063
61.505 -4.67572 -10.3058 -9.11786 -8.45011 -9.52481 -3.76097 -7.36349 -8.1251 -7.29841 -5.33985 -8.84501 -8.68804 -4.0193 -7.02425 -6.84963 -8.09347 -5.29859 -7.88985 -8.70556 -4.14645 -8.81941 -7.14215 -7.80742 -5.52273 -7.89467 -8.63647 -4.14878 -8.28183 -7.01158 -7.89718 -5.48987 -7.92697 -8.67356 -4.23323 -8.38549 -6.98583 -7.64771 -5.65826 -7.94855 -8.68436 -3.0989 -8.29444 -6.49291 -9.53106 -3.68885 -7.60495 -8.74691 -2.25372 -8.1906
61.555 -4.6798 -10.3191 -9.07097 -8.44075 -9.522 -3.75935 -7.3501 -8.13338 -7.29343 -5.33777 -8.83813 -8.68576 -4.01968 -7.01944 -6.84754 -8.0943 -5.29843 -7.88961 -8.70605 -4.14627 -8.82561 -7.14242 -7.80763 -5.52257 -7.89461 -8.63641 -4.14878 -8.28099 -7.0117 -7.89705 -5.48988 -7.92695 -8.67353 -4.23326 -8.38548 -6.98577 -7.64773 -5.65828 -7.94855 -8.68438 -3.09889 -8.29452 -6.49292 -9.53107 -3.68883 -7.60495 -8.74691 -2.25372 -8.19058
61.605 -4.68503 -10.3313 -9.02202 -8.43192 -9.51896 -3.75791 -7.3375 -8.14118 -7.28849 -5.33586 -8.83067 -8.68342 -4.0201 -7.01543 -6.84546 -8.09519 -5.29829 -7.8894 -8.70655 -4.14608 -8.83163 -7.14273 -7.80781 -5.5224 -7.89455 -8.63633 -4.14877 -8.28012 -7.01181 -7.89692 -5.48988 -7.92693 -8.6735 -4.23328 -8.3855 -6.98571 -7.64776 -5.6583 -7.94856 -8.68439 -3.09887 -8.29459 -6.49293 -9.53107 -3.68881 -7.60495 -8.74691 -2.25372 -8.19056
61.655 -4.69142 -10.3425 -8.97113 -8.42361 -9.5157 -3.75666 -7.3257 -8.14851 -7.28361 -5.33412 -8.82262 -8.68101 -4.02056 -7.01221 -6.84338 -8.09614 -5.29815 -7.88919 -8.70705 -4.14588 -8.83747 -7.14306 -7.80798 -5.52223 -7.89449 -8.63625 -4.14877 -8.27924 -7.0119 -7.89679 -5.48989 -7.92691 -8.67347 -4.2333 -8.38553 -6.98565 -7.64779 -5.65832 -7.94856 -8.6844 -3.09886 -8.29466 -6.49295 -9.53108 -3.68879 -7.60495 -8.7469 -2.25372 -8.19053
61.705 -4.69901 -10.3526 -8.91839 -8.41583 -9.51221 -3.7556 -7.31469 -8.15537 -7.2788 -5.33253 -8.81397 -8.67853 -4.02104 -7.0098 -6.84132 -8.09714 -5.29803 -7.889 -8.70755 -4.14568 -8.84312 -7.14342 -7.80813 -5.52205 -7.89444 -8.63617 -4.14878 -8.27834 -7.01199 -7.89666 -5.48991 -7.92689 -8.67344 -4.23333 -8.38557 -6.98559 -7.64781 -5.65834 -7.94856 -8.68442 -3.09884 -8.29473 -6.49296 -9.53108 -3.68878 -7.60495 -8.7469 -2.25372 -8.19051
61.755 -4.70781 -10.3617 -8.8639 -8.40857 -9.50848 -3.75473 -7.30449 -8.16175 -7.27406 -5.33111 -8.80469 -8.67597 -4.02156 -7.00818 -6.83927 -8.09819 -5.29792 -7.88883 -8.70804 -4.14546 -8.84858 -7.14381 -7.80826 -5.52186 -7.89438 -8.63607 -4.14879 -8.27744 -7.01208 -7.89654 -5.48992 -7.92687 -8.67341 -4.23335 -8.38563 -6.98554 -7.64784 -5.65836 -7.94857 -8.68443 -3.09882 -8.2948 -6.49297 -9.53108 -3.68876 -7.60495 -8.74689 -2.25372 -8.19049
61.805 -4.71785 -10.3698 -8.80774 -8.40185 -9.50451 -3.75404 -7.29509 -8.16766 -7.26939 -5.32985 -8.79476 -8.67332 -4.02212 -7.00736 -6.83724 -8.09929 -5.29781 -7.88867 -8.70854 -4.14524 -8.85384 -7.14422 -7.80837 -5.52167 -7.89433 -8.63598 -4.1488 -8.27652 -7.01215 -7.89641 -5.48995 -7.92685 -8.67339 -4.23337 -8.38571 -6.98548 -7.64787 -5.65837 -7.94857 -8.68445 -3.09881 -8.29486 -6.49299 -9.53108 -3.68874 -7.60495 -8.74689 -2.25372 -8.19046
61.855 -4.72914 -10.3768 -8.74997 -8.39565 -9.50028 -3.75353 -7.2865 -8.1731 -7.26481 -5.32874 -8.78415 -8.67059 -4.0227 -7.00735 -6.83524 -8.10043 -5.29772 -7.88853 -8.70904 -4.14501 -8.8589 -7.14466 -7.80846 -5.52147 -7.89427 -8.63587 -4.14881 -8.2756 -7.01221 -7.89629 -5.48997 -7.92683 -8.67337 -4.23339 -8.3858 -6.98542 -7.64791 -5.65839 -7.94858 -8.68446 -3.09879 -8.29492 -6.49301 -9.53109 -3.68873 -7.60495 -8.74688 -2.25372 -8.19044
61.905 -4.74173 -10.3828 -8.69064 -8.38999 -9.49577 -3.75321 -7.27873 -8.17805 -7.26031 -5.32779 -8.77285 -8.66776 -4.02332 -7.00813 -6.83325 -8.10162 -5.29764 -7.8884 -8.70954 -4.14478 -8.86375 -7.14512 -7.80853 -5.52127 -7.89422 -8.63577 -4.14883 -8.27467 -7.01227 -7.89617 -5.49 -7.9268 -8.67335 -4.23341 -8.3859 -6.98537 -7.64794 -5.65841 -7.94858 -8.68448 -3.09878 -8.29497 -6.49302 -9.53109 -3.68871 -7.60495 -8.74688 -2.25372 -8.19041
61.955 -4.75564 -10.3878 -8.62981 -8.38486 -9.49099 -3.75308 -7.27178 -8.18252 -7.25591 -5.327 -8.76083 -8.66483 -4.02397 -7.00973 -6.83129 -8.10284 -5.29757 -7.88828 -8.71003 -4.14454 -8.86838 -7.1456 -7.80857 -5.52106 -7.89417 -8.63565 -4.14886 -8.27374 -7.01232 -7.89606 -5.49003 -7.92678 -8.67333 -4.23343 -8.38602 -6.98531 -7.64797 -5.65842 -7.94859 -8.68449 -3.09876 -8.29502 -6.49304 -9.53108 -3.6887 -7.60495 -8.74688 -2.25372 -8.19039
62.005 -4.77091 -10.3917 -8.56751 -8.38027 -9.48591 -3.75314 -7.26565 -8.18651 -7.2516 -5.32635 -8.74807 -8.66179 -4.02466 -7.01214 -6.82937 -8.1041 -5.29751 -7.88817 -8.71052 -4.14429 -8.87279 -7.1461 -7.8086 -5.52086 -7.89412 -8.63554 -4.14889 -8.27281 -7.01236 -7.89594 -5.49006 -7.92676 -8.67331 -4.23345 -8.38616 -6.98526 -7.64801 -5.65844 -7.94859 -8.68451 -3.09875 -8.29507 -6.49306 -9.53108 -3.68868 -7.60496 -8.74687 -2.25372 -8.19036
62.055 -4.78756 -10.3945 -8.50377 -8.37622 -9.48052 -3.75338 -7.26037 -8.19001 -7.2474 -5.32586 -8.73453 -8.65864 -4.02538 -7.01539 -6.82747 -8.1054 -5.29745 -7.88808 -8.71101 -4.14404 -8.87699 -7.14662 -7.80861 -5.52065 -7.89408 -8.63542 -4.14892 -8.27187 -7.01238 -7.89583 -5.4901 -7.92673 -8.6733 -4.23347 -8.3863 -6.98521 -7.64805 -5.65845 -7.9486 -8.68452 -3.09873 -8.29512 -6.49308 -9.53108 -3.68867 -7.60496 -8.74686 -2.25372 -8.19034
62.105 -4.80565 -10.3963 -8.4386 -8.37271 -9.47479 -3.75382 -7.25594 -8.19301 -7.2433 -5.32551 -8.7202 -8.65538 -4.02614 -7.01946 -6.82561 -8.10673 -5.29741 -7.88801 -8.71149 -4.14379 -8.88095 -7.14716 -7.8086 -5.52044 -7.89403 -8.63529 -4.14895 -8.27094 -7.0124 -7.89572 -5.49014 -7.92671 -8.67329 -4.23349 -8.38646 -6.98515 -7.64808 -5.65847 -7.94861 -8.68454 -3.09872 -8.29516 -6.4931 -9.53108 -3.68866 -7.60496 -8.74686 -2.25373 -8.19031
62.155 -4.8252 -10.397 -8.37203 -8.36974 -9.46873 -3.75444 -7.25238 -8.19551 -7.23931 -5.32532 -8.70506 -8.65199 -4.02693 -7.02439 -6.82379 -8.10808 -5.29738 -7.88794 -8.71196 -4.14353 -8.88469 -7.14772 -7.80856 -5.52022 -7.89399 -8.63516 -4.14899 -8.27002 -7.01241 -7.89562 -5.49018 -7.92669 -8.67328 -4.23351 -8.38664 -6.9851 -7.64812 -5.65848 -7.94861 -8.68455 -3.09871 -8.29519 -6.49311 -9.53107 -3.68865 -7.60496 -8.74685 -2.25373 -8.19029
62.205 -4.84625 -10.3965 -8.30406 -8.36732 -9.46229 -3.75527 -7.2497 -8.19751 -7.23544 -5.32527 -8.68907 -8.64847 -4.02776 -7.03017 -6.822 -8.10946 -5.29737 -7.88789 -8.71243 -4.14327 -8.88819 -7.14829 -7.80851 -5.52001 -7.89395 -8.63503 -4.14904 -8.2691 -7.01242 -7.89552 -5.49023 -7.92667 -8.67327 -4.23352 -8.38682 -6.98505 -7.64816 -5.65849 -7.94862 -8.68456 -3.09869 -8.29523 -6.49313 -9.53107 -3.68864 -7.60496 -8.74685 -2.25373 -8.19027
62.255 -4.86884 -10.395 -8.23468 -8.36546 -9.45547 -3.75629 -7.24791 -8.199 -7.23168 -5.32537 -8.67222 -8.64482 -4.02863 -7.03683 -6.82025 -8.11087 -5.29736 -7.88785 -8.71289 -4.14301 -8.89146 -7.14888 -7.80844 -5.51979 -7.89391 -8.63489 -4.14908 -8.26819 -7.01241 -7.89543 -5.49028 -7.92664 -8.67326 -4.23354 -8.38702 -6.98501 -7.6482 -5.6585 -7.94863 -8.68458 -3.09868 -8.29526 -6.49315 -9.53106 -3.68863 -7.60497 -8.74684 -2.25373 -8.19024
62.305 -4.89301 -10.3922 -8.16391 -8.36416 -9.44825 -3.75751 -7.24704 -8.19996 -7.22805 -5.32562 -8.65449 -8.64103 -4.02954 -7.04438 -6.81855 -8.11229 -5.29737 -7.88783 -8.71335 -4.14275 -8.89448 -7.14948 -7.80835 -5.51958 -7.89388 -8.63476 -4.14913 -8.26728 -7.01239 -7.89533 -5.49033 -7.92662 -8.67326 -4.23355 -8.38722 -6.98496 -7.64824 -5.65851 -7.94864 -8.68459 -3.09867 -8.29528 -6.49318 -9.53105 -3.68862 -7.60497 -8.74684 -2.25373 -8.19022
62.355 -4.91878 -10.3883 -8.09173 -8.36342 -9.4406 -3.75894 -7.24712 -8.20039 -7.22454 -5.32601 -8.63586 -8.6371 -4.03049 -7.05284 -6.81689 -8.11373 -5.29739 -7.88781 -8.71379 -4.14248 -8.89726 -7.1501 -7.80824 -5.51937 -7.89385 -8.63461 -4.14918 -8.26639 -7.01237 -7.89525 -5.49039 -7.9266 -8.67326 -4.23357 -8.38744 -6.98492 -7.64828 -5.65852 -7.94865 -8.6846 -3.09866 -8.2953 -6.4932 -9.53104 -3.68861 -7.60497 -8.74683 -2.25373 -8.1902
62.405 -4.94618 -10.3832 -8.01815 -8.36326 -9.4325 -3.76059 -7.24815 -8.20028 -7.22116 -5.32656 -8.61634 -8.63302 -4.03149 -7.06221 -6.81528 -8.11519 -5.29744 -7.88782 -8.71423 -4.14222 -8.8998 -7.15072 -7.80811 -5.51915 -7.89382 -8.63447 -4.14924 -8.26551 -7.01233 -7.89517 -5.49044 -7.92657 -8.67326 -4.23358 -8.38767 -6.98487 -7.64832 -5.65853 -7.94865 -8.68462 -3.09864 -8.29532 -6.49322 -9.53103 -3.68861 -7.60497 -8.74683 -2.25374 -8.19018
62.455 -4.97524 -10.3769 -7.94317 -8.36368 -9.42395 -3.76245 -7.25017 -8.19961 -7.21792 -5.32725 -8.59591 -8.62881 -4.03253 -7.07252 -6.81372 -8.11666 -5.29749 -7.88783 -8.71466 -4.14195 -8.90208 -7.15135 -7.80796 -5.51894 -7.89379 -8.63433 -4.1493 -8.26464 -7.01229 -7.89509 -5.4905 -7.92655 -8.67326 -4.23359 -8.38791 -6.98483 -7.64836 -5.65854 -7.94866 -8.68463 -3.09863 -8.29533 -6.49324 -9.53102 -3.6886 -7.60498 -8.74682 -2.25374 -8.19015
62.505 -5.00597 -10.3693 -7.8668 -8.3647 -9.41491 -3.76453 -7.2532 -8.19838 -7.21482 -5.32809 -8.57459 -8.62445 -4.03362 -7.08378 -6.8122 -8.11813 -5.29757 -7.88786 -8.71508 -4.14169 -8.9041 -7.152 -7.8078 -5.51873 -7.89377 -8.63418 -4.14936 -8.26379 -7.01224 -7.89502 -5.49056 -7.92653 -8.67327 -4.2336 -8.38815 -6.9848 -7.6484 -5.65855 -7.94867 -8.68464 -3.09862 -8.29534 -6.49326 -9.53101 -3.6886 -7.60498 -8.74681 -2.25374 -8.19013
62.555 -5.03837 -10.3603 -7.78906 -8.36631 -9.40539 -3.76684 -7.25727 -8.19658 -7.21186 -5.32908 -8.55239 -8.61994 -4.03475 -7.09601 -6.81074 -8.11962 -5.29767 -7.88791 -8.71549 -4.14143 -8.90587 -7.15265 -7.80761 -5.51853 -7.89375 -8.63404 -4.14942 -8.26295 -7.01218 -7.89495 -5.49063 -7.92651 -8.67327 -4.23361 -8.38841 -6.98476 -7.64844 -5.65855 -7.94868 -8.68465 -3.09861 -8.29534 -6.49328 -9.531 -3.6886 -7.60498 -8.74681 -2.25374 -8.19011
62.605 -5.07244 -10.3501 -7.70997 -8.36853 -9.39536 -3.76939 -7.2624 -8.19418 -7.20905 -5.33023 -8.52934 -8.6153 -4.03593 -7.10922 -6.80933 -8.12111 -5.29779 -7.88797 -8.71589 -4.14117 -8.90737 -7.1533 -7.80741 -5.51832 -7.89373 -8.63389 -4.14949 -8.26213 -7.01211 -7.89489 -5.49069 -7.92649 -8.67328 -4.23362 -8.38867 -6.98473 -7.64848 -5.65856 -7.94869 -8.68466 -3.0986 -8.29534 -6.4933 -9.53099 -3.68859 -7.60499 -8.7468 -2.25375 -8.19009
62.655 -5.10814 -10.3384 -7.6296 -8.37137 -9.38482 -3.77217 -7.26863 -8.19118 -7.20639 -5.33153 -8.50549 -8.61054 -4.03716 -7.12341 -6.80798 -8.1226 -5.29794 -7.88804 -8.71628 -4.14091 -8.9086 -7.15396 -7.8072 -5.51812 -7.89372 -8.63374 -4.14956 -8.26133 -7.01204 -7.89483 -5.49076 -7.92647 -8.6733 -4.23363 -8.38894 -6.98469 -7.64852 -5.65856 -7.9487 -8.68467 -3.09859 -8.29534 -6.49333 -9.53098 -3.68859 -7.60499 -8.7468 -2.25375 -8.19007
62.705 -5.14543 -10.3254 -7.54802 -8.37484 -9.37377 -3.77519 -7.27597 -8.18755 -7.20388 -5.33299 -8.48089 -8.60565 -4.03844 -7.1386 -6.80668 -8.12409 -5.29811 -7.88813 -8.71665 -4.14065 -8.90956 -7.15463 -7.80696 -5.51792 -7.89371 -8.63359 -4.14963 -8.26054 -7.01195 -7.89478 -5.49083 -7.92645 -8.67331 -4.23363 -8.38922 -6.98466 -7.64856 -5.65857 -7.94871 -8.68468 -3.09859 -8.29533 -6.49335 -9.53096 -3.68859 -7.60499 -8.74679 -2.25375 -8.19006
62.755 -5.18426 -10.3109 -7.46531 -8.37895 -9.36222 -3.77846 -7.28446 -8.1833 -7.20153 -5.3346 -8.45563 -8.60066 -4.03977 -7.1548 -6.80544 -8.12557 -5.2983 -7.88824 -8.71702 -4.14039 -8.91023 -7.15529 -7.80672 -5.51773 -7.89371 -8.63344 -4.1497 -8.25978 -7.01186 -7.89474 -5.4909 -7.92643 -8.67333 -4.23364 -8.3895 -6.98464 -7.6486 -5.65857 -7.94872 -8.68469 -3.09858 -8.29532 -6.49337 -9.53095 -3.68859 -7.605 -8.74678 -2.25376 -8.19004
62.805 -5.22452 -10.295 -7.38161 -8.3837 -9.35019 -3.78198 -7.29412 -8.17841 -7.19935 -5.33638 -8.42979 -8.59558 -4.04114 -7.17199 -6.80426 -8.12705 -5.29853 -7.88836 -8.71737 -4.14014 -8.91063 -7.15596 -7.80645 -5.51754 -7.89371 -8.6333 -4.14978 -8.25904 -7.01176 -7.8947 -5.49097 -7.92641 -8.67334 -4.23364 -8.38979 -6.98461 -7.64864 -5.65857 -7.94873 -8.6847 -3.09857 -8.2953 -6.49339 -9.53094 -3.6886 -7.605 -8.74678 -2.25376 -8.19002
62.855 -5.26611 -10.2777 -7.29707 -8.3891 -9.33771 -3.78575 -7.30497 -8.17286 -7.19734 -5.33832 -8.40349 -8.59045 -4.04256 -7.19017 -6.80315 -8.12852 -5.29878 -7.8885 -8.71771 -4.13989 -8.91074 -7.15663 -7.80618 -5.51736 -7.89372 -8.63315 -4.14985 -8.25831 -7.01166 -7.89466 -5.49104 -7.92639 -8.67336 -4.23364 -8.39009 -6.98459 -7.64868 -5.65857 -7.94873 -8.68471 -3.09857 -8.29528 -6.49341 -9.53092 -3.6886 -7.60501 -8.74677 -2.25376 -8.19001
62.905 -5.30889 -10.2588 -7.2119 -8.39516 -9.3248 -3.78978 -7.31702 -8.16664 -7.19551 -5.34043 -8.37687 -8.58527 -4.04403 -7.20932 -6.8021 -8.12998 -5.29907 -7.88866 -8.71804 -4.13965 -8.91055 -7.15729 -7.80588 -5.51718 -7.89373 -8.633 -4.14993 -8.25762 -7.01154 -7.89463 -5.49111 -7.92638 -8.67338 -4.23364 -8.39038 -6.98457 -7.64872 -5.65857 -7.94874 -8.68471 -3.09856 -8.29526 -6.49343 -9.5309 -3.6886 -7.60501 -8.74677 -2.25377 -8.18999
62.955 -5.35268 -10.2385 -7.12634 -8.40188 -9.31152 -3.79405 -7.33027 -8.15976 -7.19386 -5.3427 -8.35008 -8.58009 -4.04554 -7.22942 -6.80111 -8.13143 -5.29938 -7.88884 -8.71836 -4.13941 -8.91006 -7.15796 -7.80558 -5.51701 -7.89375 -8.63286 -4.15001 -8.25694 -7.01143 -7.89461 -5.49119 -7.92636 -8.67341 -4.23365 -8.39069 -6.98455 -7.64876 -5.65857 -7.94875 -8.68472 -3.09856 -8.29523 -6.49346 -9.53089 -3.68861 -7.60502 -8.74676 -2.25377 -8.18998
63.005 -5.3973 -10.2168 -7.04065 -8.40925 -9.29793 -3.79857 -7.34475 -8.1522 -7.19239 -5.34514 -8.32329 -8.57494 -4.04708 -7.25044 -6.80019 -8.13286 -5.29973 -7.88904 -8.71866 -4.13918 -8.90927 -7.15862 -7.80526 -5.51684 -7.89377 -8.63272 -4.15009 -8.25629 -7.0113 -7.89459 -5.49126 -7.92634 -8.67343 -4.23364 -8.39099 -6.98454 -7.6488 -5.65857 -7.94876 -8.68473 -3.09855 -8.29519 -6.49348 -9.53087 -3.68862 -7.60502 -8.74676 -2.25377 -8.18996
63.055 -5.44252 -10.1936 -6.95515 -8.41726 -9.2841 -3.80334 -7.36043 -8.14397 -7.19111 -5.34775 -8.29668 -8.56985 -4.04867 -7.27233 -6.79935 -8.13427 -5.30012 -7.88925 -8.71895 -4.13895 -8.90817 -7.15928 -7.80493 -5.51668 -7.8938 -8.63258 -4.15017 -8.25567 -7.01117 -7.89458 -5.49134 -7.92633 -8.67346 -4.23364 -8.3913 -6.98453 -7.64883 -5.65857 -7.94877 -8.68473 -3.09855 -8.29516 -6.4935 -9.53085 -3.68862 -7.60502 -8.74675 -2.25378 -8.18995
63.105 -5.4881 -10.169 -6.87019 -8.42591 -9.27012 -3.80833 -7.3773 -8.13507 -7.19003 -5.35053 -8.27042 -8.56488 -4.05027 -7.29503 -6.79857 -8.13566 -5.30053 -7.88949 -8.71922 -4.13872 -8.90676 -7.15993 -7.80459 -5.51652 -7.89384 -8.63244 -4.15026 -8.25507 -7.01103 -7.89458 -5.49141 -7.92632 -8.67349 -4.23364 -8.39161 -6.98452 -7.64887 -5.65856 -7.94878 -8.68474 -3.09855 -8.29512 -6.49352 -9.53084 -3.68863 -7.60503 -8.74674 -2.25378 -8.18994
63.155 -5.53381 -10.1431 -6.78614 -8.43518 -9.25607 -3.81355 -7.39534 -8.12552 -7.18915 -5.35348 -8.24472 -8.56005 -4.0519 -7.3185 -6.79788 -8.13703 -5.30098 -7.88975 -8.71948 -4.1385 -8.90503 -7.16057 -7.80424 -5.51637 -7.89388 -8.6323 -4.15034 -8.2545 -7.01089 -7.89458 -5.49149 -7.9263 -8.67352 -4.23364 -8.39192 -6.98451 -7.6489 -5.65856 -7.94879 -8.68474 -3.09855 -8.29508 -6.49354 -9.53082 -3.68864 -7.60503 -8.74674 -2.25378 -8.18993
63.205 -5.57936 -10.1159 -6.70341 -8.44505 -9.24206 -3.81897 -7.4145 -8.11531 -7.18848 -5.35659 -8.21974 -8.55541 -4.05355 -7.34264 -6.79725 -8.13837 -5.30146 -7.89002 -8.71972 -4.13829 -8.90298 -7.1612 -7.80388 -5.51623 -7.89392 -8.63217 -4.15042 -8.25396 -7.01074 -7.89459 -5.49156 -7.92629 -8.67355 -4.23363 -8.39223 -6.98451 -7.64894 -5.65855 -7.9488 -8.68475 -3.09855 -8.29503 -6.49355 -9.5308 -3.68865 -7.60504 -8.74673 -2.25379 -8.18992
63.255 -5.62452 -10.0875 -6.62239 -8.45549 -9.22817 -3.82458 -7.43475 -8.10449 -7.18802 -5.35987 -8.19566 -8.55099 -4.0552 -7.36738 -6.79671 -8.13969 -5.30198 -7.89032 -8.71995 -4.13809 -8.90062 -7.16183 -7.80351 -5.51609 -7.89398 -8.63204 -4.1505 -8.25345 -7.01058 -7.8946 -5.49164 -7.92628 -8.67358 -4.23362 -8.39254 -6.9845 -7.64897 -5.65854 -7.94881 -8.68475 -3.09855 -8.29498 -6.49357 -9.53078 -3.68866 -7.60504 -8.74673 -2.25379 -8.18991
63.305 -5.66902 -10.0581 -6.5435 -8.46645 -9.21452 -3.83036 -7.45601 -8.09307 -7.18778 -5.36331 -8.17263 -8.54685 -4.05685 -7.39262 -6.79625 -8.14097 -5.30252 -7.89064 -8.72016 -4.13789 -8.89793 -7.16244 -7.80314 -5.51597 -7.89403 -8.63192 -4.15059 -8.25297 -7.01043 -7.89462 -5.49171 -7.92627 -8.67361 -4.23362 -8.39285 -6.98451 -7.649 -5.65854 -7.94882 -8.68475 -3.09855 -8.29493 -6.49359 -9.53076 -3.68868 -7.60505 -8.74673 -2.25379 -8.18991
63.355 -5.71263 -10.0276 -6.46714 -8.47791 -9.2012 -3.83628 -7.47823 -8.08109 -7.18775 -5.36691 -8.15077 -8.543 -4.05849 -7.41826 -6.79587 -8.14222 -5.30309 -7.89098 -8.72035 -4.1377 -8.89492 -7.16305 -7.80275 -5.51584 -7.8941 -8.63179 -4.15067 -8.25252 -7.01026 -7.89464 -5.49178 -7.92626 -8.67365 -4.23361 -8.39316 -6.98451 -7.64903 -5.65853 -7.94883 -8.68475 -3.09855 -8.29487 -6.49361 -9.53074 -3.68869 -7.60505 -8.74672 -2.2538 -8.1899
63.405 -5.75512 -9.99631 -6.3937 -8.48981 -9.18829 -3.84232 -7.50133 -8.06857 -7.18796 -5.37065 -8.13019 -8.53948 -4.06011 -7.4442 -6.79558 -8.14343 -5.30368 -7.89133 -8.72052 -4.13752 -8.8916 -7.16364 -7.80236 -5.51573 -7.89417 -8.63167 -4.15075 -8.2521 -7.0101 -7.89467 -5.49186 -7.92625 -8.67369 -4.2336 -8.39347 -6.98452 -7.64906 -5.65852 -7.94884 -8.68475 -3.09855 -8.29481 -6.49362 -9.53072 -3.6887 -7.60506 -8.74672 -2.2538 -8.1899
63.455 -5.79632 -9.96424 -6.32353 -8.50209 -9.17587 -3.84845 -7.52521 -8.05557 -7.18839 -5.37453 -8.11097 -8.53631 -4.0617 -7.47034 -6.79538 -8.14461 -5.3043 -7.89171 -8.72068 -4.13734 -8.88796 -7.16422 -7.80196 -5.51563 -7.89424 -8.63156 -4.15084 -8.25171 -7.00993 -7.89471 -5.49193 -7.92624 -8.67372 -4.23359 -8.39378 -6.98452 -7.64909 -5.65851 -7.94884 -8.68475 -3.09855 -8.29475 -6.49364 -9.5307 -3.68872 -7.60506 -8.74671 -2.2538 -8.18989
63.505 -5.83605 -9.93155 -6.25695 -8.5147 -9.16401 -3.85466 -7.54979 -8.04213 -7.18905 -5.37853 -8.09315 -8.5335 -4.06326 -7.49655 -6.79526 -8.14574 -5.30494 -7.89211 -8.72081 -4.13718 -8.88402 -7.16478 -7.80156 -5.51553 -7.89432 -8.63145 -4.15092 -8.25136 -7.00975 -7.89475 -5.492 -7.92623 -8.67376 -4.23358 -8.39408 -6.98454 -7.64911 -5.6585 -7.94885 -8.68475 -3.09856 -8.29468 -6.49366 -9.53068 -3.68873 -7.60507 -8.74671 -2.25381 -8.18989
63.555 -5.87418 -9.89837 -6.19424 -8.52759 -9.15277 -3.8609 -7.57497 -8.0283 -7.18994 -5.38266 -8.07677 -8.53107 -4.06477 -7.52273 -6.79524 -8.14683 -5.30559 -7.89252 -8.72093 -4.13702 -8.87977 -7.16532 -7.80115 -5.51544 -7.8944 -8.63134 -4.151 -8.25104 -7.00957 -7.8948 -5.49207 -7.92623 -8.6738 -4.23357 -8.39438 -6.98455 -7.64914 -5.65849 -7.94886 -8.68475 -3.09856 -8.29462 -6.49367 -9.53066 -3.68875 -7.60507 -8.7467 -2.25381 -8.18989
63.605 -5.91061 -9.86483 -6.13563 -8.54068 -9.14217 -3.86717 -7.60066 -8.01412 -7.19106 -5.38689 -8.06181 -8.52901 -4.06622 -7.54878 -6.7953 -8.14787 -5.30626 -7.89295 -8.72102 -4.13687 -8.87524 -7.16585 -7.80074 -5.51536 -7.89449 -8.63124 -4.15108 -8.25076 -7.0094 -7.89485 -5.49214 -7.92622 -8.67384 -4.23355 -8.39468 -6.98457 -7.64916 -5.65848 -7.94887 -8.68475 -3.09856 -8.29455 -6.49368 -9.53064 -3.68877 -7.60508 -8.7467 -2.25381 -8.18989
63.655 -5.94525 -9.83104 -6.08132 -8.55391 -9.13226 -3.87342 -7.62675 -7.99964 -7.19242 -5.39122 -8.04826 -8.52733 -4.06762 -7.57459 -6.79547 -8.14887 -5.30693 -7.8934 -8.7211 -4.13673 -8.87042 -7.16636 -7.80032 -5.51528 -7.89458 -8.63114 -4.15116 -8.25051 -7.00921 -7.89491 -5.49221 -7.92621 -8.67389 -4.23354 -8.39497 -6.98459 -7.64918 -5.65846 -7.94887 -8.68475 -3.09857 -8.29448 -6.4937 -9.53063 -3.68879 -7.60508 -8.7467 -2.25382 -8.18989
63.705 -5.97806 -9.79714 -6.03142 -8.56723 -9.12303 -3.87964 -7.65315 -7.98493 -7.19401 -5.39563 -8.03608 -8.52601 -4.06895 -7.60007 -6.79572 -8.14982 -5.30761 -7.89385 -8.72115 -4.1366 -8.86533 -7.16685 -7.79991 -5.51522 -7.89467 -8.63105 -4.15124 -8.25031 -7.00903 -7.89497 -5.49227 -7.92621 -8.67393 -4.23352 -8.39526 -6.98461 -7.6492 -5.65845 -7.94888 -8.68475 -3.09858 -8.2944 -6.49371 -9.53061 -3.6888 -7.60508 -8.74669 -2.25382 -8.18989
63.755 -6.00902 -9.76324 -5.98604 -8.58057 -9.11451 -3.8858 -7.67976 -7.97003 -7.19584 -5.4001 -8.02523 -8.52504 -4.07021 -7.62512 -6.79608 -8.15071 -5.30829 -7.89433 -8.72118 -4.13648 -8.85999 -7.16732 -7.79949 -5.51516 -7.89476 -8.63096 -4.15131 -8.25014 -7.00885 -7.89504 -5.49234 -7.92621 -8.67397 -4.23351 -8.39554 -6.98463 -7.64922 -5.65843 -7.94889 -8.68474 -3.09858 -8.29433 -6.49372 -9.53059 -3.68882 -7.60509 -8.74669 -2.25382 -8.1899
63.805 -6.03812 -9.72944 -5.94522 -8.59388 -9.10667 -3.89189 -7.7065 -7.95499 -7.19789 -5.40462 -8.01564 -8.52441 -4.07139 -7.64967 -6.79653 -8.15155 -5.30897 -7.89481 -8.72119 -4.13637 -8.85441 -7.16777 -7.79907 -5.51511 -7.89486 -8.63088 -4.15139 -8.25 -7.00866 -7.89511 -5.4924 -7.92621 -8.67402 -4.23349 -8.39582 -6.98466 -7.64923 -5.65842 -7.94889 -8.68474 -3.09859 -8.29425 -6.49373 -9.53057 -3.68884 -7.60509 -8.74669 -2.25383 -8.1899
63.855 -6.06536 -9.69585 -5.90897 -8.60709 -9.0995 -3.89788 -7.73326 -7.93986 -7.20017 -5.40918 -8.00725 -8.5241 -4.07249 -7.67363 -6.79707 -8.15233 -5.30964 -7.8953 -8.72117 -4.13627 -8.8486 -7.1682 -7.79865 -5.51508 -7.89496 -8.6308 -4.15146 -8.24991 -7.00847 -7.89519 -5.49246 -7.9262 -8.67406 -4.23347 -8.39609 -6.98468 -7.64925 -5.6584 -7.9489 -8.68473 -3.0986 -8.29417 -6.49374 -9.53055 -3.68886 -7.6051 -8.74669 -2.25383 -8.18991
63.905 -6.09077 -9.66256 -5.87726 -8.62017 -9.09299 -3.90377 -7.75998 -7.92468 -7.20268 -5.41376 -8 -8.5241 -4.07351 -7.69695 -6.79772 -8.15305 -5.3103 -7.8958 -8.72113 -4.13618 -8.84258 -7.1686 -7.79823 -5.51505 -7.89506 -8.63073 -4.15153 -8.24986 -7.00828 -7.89527 -5.49252 -7.9262 -8.6741 -4.23346 -8.39635 -6.98472 -7.64926 -5.65839 -7.94891 -8.68473 -3.09861 -8.29409 -6.49375 -9.53053 -3.68888 -7.6051 -8.74669 -2.25383 -8.18991
63.955 -6.11439 -9.62966 -5.85003 -8.63307 -9.08712 -3.90953 -7.78656 -7.90951 -7.20541 -5.41835 -7.99382 -8.52438 -4.07444 -7.71955 -6.79846 -8.15371 -5.31095 -7.8963 -8.72107 -4.13611 -8.83637 -7.16897 -7.79782 -5.51502 -7.89516 -8.63066 -4.1516 -8.24985 -7.0081 -7.89536 -5.49257 -7.92621 -8.67415 -4.23344 -8.3966 -6.98475 -7.64927 -5.65837 -7.94891 -8.68472 -3.09862 -8.294 -6.49376 -9.53051 -3.6889 -7.60511 -8.74668 -2.25384 -8.18992
64.005 -6.13624 -9.59722 -5.82719 -8.64575 -9.08185 -3.91515 -7.81295 -7.89438 -7.20835 -5.42293 -7.98865 -8.52492 -4.07529 -7.7414 -6.79929 -8.1543 -5.31158 -7.89681 -8.72098 -4.13604 -8.82998 -7.16933 -7.79741 -5.51501 -7.89525 -8.6306 -4.15167 -8.24988 -7.00791 -7.89545 -5.49262 -7.92621 -8.67419 -4.23342 -8.39685 -6.98478 -7.64928 -5.65836 -7.94892 -8.68472 -3.09863 -8.29392 -6.49376 -9.53049 -3.68892 -7.60511 -8.74668 -2.25384 -8.18993
64.055 -6.15638 -9.56532 -5.80863 -8.65818 -9.07716 -3.92062 -7.83908 -7.87934 -7.2115 -5.42749 -7.98441 -8.52571 -4.07606 -7.76245 -6.80022 -8.15484 -5.31219 -7.89731 -8.72086 -4.13599 -8.82344 -7.16965 -7.797 -5.51501 -7.89535 -8.63055 -4.15173 -8.24995 -7.00772 -7.89554 -5.49267 -7.92621 -8.67424 -4.2334 -8.39709 -6.98482 -7.64929 -5.65834 -7.94892 -8.68471 -3.09864 -8.29384 -6.49377 -9.53048 -3.68895 -7.60511 -8.74668 -2.25384 -8.18994
64.105 -6.17485 -9.534 -5.79425 -8.67032 -9.07302 -3.92594 -7.86489 -7.86441 -7.21485 -5.43201 -7.98106 -8.52672 -4.07673 -7.78265 -6.80124 -8.1553 -5.31278 -7.89782 -8.72072 -4.13594 -8.81676 -7.16995 -7.7966 -5.51501 -7.89545 -8.6305 -4.1518 -8.25006 -7.00754 -7.89564 -5.49272 -7.92621 -8.67428 -4.23338 -8.39732 -6.98486 -7.6493 -5.65832 -7.94893 -8.6847 -3.09865 -8.29375 -6.49377 -9.53046 -3.68897 -7.60512 -8.74668 -2.25385 -8.18995
64.155 -6.19169 -9.50334 -5.78389 -8.68216 -9.06941 -3.93109 -7.89031 -7.84964 -7.2184 -5.43648 -7.97854 -8.52794 -4.07733 -7.802 -6.80236 -8.1557 -5.31335 -7.89833 -8.72056 -4.13591 -8.80997 -7.17022 -7.7962 -5.51503 -7.89555 -8.63045 -4.15186 -8.25021 -7.00735 -7.89574 -5.49277 -7.92622 -8.67433 -4.23335 -8.39753 -6.9849 -7.6493 -5.6583 -7.94893 -8.68469 -3.09866 -8.29367 -6.49378 -9.53044 -3.68899 -7.60512 -8.74668 -2.25385 -8.18996
64.205 -6.20696 -9.47338 -5.77741 -8.69368 -9.06629 -3.93608 -7.91531 -7.83506 -7.22214 -5.4409 -7.9768 -8.52935 -4.07784 -7.82045 -6.80356 -8.15603 -5.3139 -7.89884 -8.72037 -4.1359 -8.80307 -7.17046 -7.79581 -5.51505 -7.89564 -8.63041 -4.15191 -8.25041 -7.00717 -7.89585 -5.49281 -7.92622 -8.67437 -4.23333 -8.39774 -6.98494 -7.6493 -5.65828 -7.94893 -8.68468 -3.09867 -8.29358 -6.49378 -9.53043 -3.68901 -7.60512 -8.74668 -2.25385 -8.18997
64.255 -6.2207 -9.44417 -5.77467 -8.70487 -9.06365 -3.94088 -7.93984 -7.82068 -7.22606 -5.44524 -7.97579 -8.53093 -4.07827 -7.83799 -6.80485 -8.15629 -5.31441 -7.89934 -8.72016 -4.13589 -8.79609 -7.17067 -7.79542 -5.51508 -7.89574 -8.63038 -4.15197 -8.25065 -7.00699 -7.89595 -5.49285 -7.92623 -8.67442 -4.23331 -8.39794 -6.98499 -7.6493 -5.65826 -7.94894 -8.68467 -3.09869 -8.29349 -6.49378 -9.53041 -3.68903 -7.60513 -8.74668 -2.25385 -8.18999
64.305 -6.23295 -9.41574 -5.77552 -8.7157 -9.06145 -3.94551 -7.96386 -7.80655 -7.23015 -5.4495 -7.97548 -8.53267 -4.07862 -7.85461 -6.80622 -8.15648 -5.3149 -7.89983 -8.71993 -4.1359 -8.78905 -7.17085 -7.79505 -5.51512 -7.89583 -8.63035 -4.15202 -8.25093 -7.00682 -7.89607 -5.49289 -7.92624 -8.67446 -4.23329 -8.39813 -6.98503 -7.6493 -5.65825 -7.94894 -8.68466 -3.0987 -8.29341 -6.49378 -9.5304 -3.68906 -7.60513 -8.74668 -2.25386 -8.19
64.355 -6.24375 -9.38812 -5.77979 -8.72619 -9.05969 -3.94995 -7.98733 -7.79269 -7.23441 -5.45367 -7.97582 -8.53455 -4.07889 -7.87029 -6.80768 -8.15659 -5.31537 -7.90032 -8.71967 -4.13592 -8.78197 -7.171 -7.79468 -5.51517 -7.89592 -8.63033 -4.15207 -8.25125 -7.00664 -7.89618 -5.49292 -7.92624 -8.67451 -4.23327 -8.3983 -6.98508 -7.6493 -5.65823 -7.94894 -8.68465 -3.09871 -8.29332 -6.49378 -9.53038 -3.68908 -7.60513 -8.74668 -2.25386 -8.19002
64.405 -6.25313 -9.36136 -5.78734 -8.73631 -9.05833 -3.95421 -8.01022 -7.77911 -7.23882 -5.45774 -7.9768 -8.53657 -4.07908 -7.88504 -6.80922 -8.15663 -5.3158 -7.9008 -8.71938 -4.13595 -8.77486 -7.17112 -7.79432 -5.51523 -7.896 -8.63032 -4.15211 -8.25162 -7.00647 -7.8963 -5.49295 -7.92625 -8.67455 -4.23324 -8.39847 -6.98513 -7.64929 -5.65821 -7.94894 -8.68464 -3.09873 -8.29323 -6.49378 -9.53037 -3.6891 -7.60514 -8.74668 -2.25386 -8.19003
64.455 -6.26113 -9.33547 -5.79804 -8.74607 -9.05736 -3.95828 -8.0325 -7.76583 -7.24338 -5.46169 -7.97839 -8.5387 -4.07921 -7.89885 -6.81083 -8.1566 -5.31621 -7.90127 -8.71908 -4.13599 -8.76773 -7.17121 -7.79397 -5.5153 -7.89609 -8.63031 -4.15216 -8.25202 -7.0063 -7.89641 -5.49298 -7.92626 -8.67459 -4.23322 -8.39862 -6.98518 -7.64928 -5.65819 -7.94895 -8.68463 -3.09874 -8.29315 -6.49378 -9.53035 -3.68912 -7.60514 -8.74668 -2.25386 -8.19005
64.505 -6.26778 -9.31048 -5.81173 -8.75548 -9.05678 -3.96216 -8.05415 -7.75289 -7.24807 -5.46553 -7.98056 -8.54095 -4.07926 -7.91172 -6.81251 -8.1565 -5.31659 -7.90173 -8.71875 -4.13605 -8.76062 -7.17127 -7.79364 -5.51538 -7.89617 -8.63031 -4.1522 -8.25247 -7.00614 -7.89653 -5.493 -7.92627 -8.67464 -4.23319 -8.39875 -6.98523 -7.64927 -5.65817 -7.94895 -8.68462 -3.09876 -8.29306 -6.49377 -9.53034 -3.68915 -7.60514 -8.74668 -2.25386 -8.19007
64.555 -6.27311 -9.28641 -5.82828 -8.76453 -9.05656 -3.96584 -8.07513 -7.74029 -7.25289 -5.46925 -7.9833 -8.5433 -4.07924 -7.92365 -6.81427 -8.15632 -5.31694 -7.90218 -8.7184 -4.13612 -8.75353 -7.17129 -7.79331 -5.51546 -7.89625 -8.63032 -4.15223 -8.25295 -7.00598 -7.89666 -5.49303 -7.92628 -8.67468 -4.23317 -8.39888 -6.98528 -7.64926 -5.65815 -7.94895 -8.68461 -3.09877 -8.29298 -6.49377 -9.53033 -3.68917 -7.60514 -8.74668 -2.25386 -8.19009
64.605 -6.27713 -9.26329 -5.84758 -8.77323 -9.0567 -3.96934 -8.09544 -7.72805 -7.25782 -5.47283 -7.9866 -8.54575 -4.07916 -7.93465 -6.81609 -8.15607 -5.31726 -7.90261 -8.71803 -4.1362 -8.74647 -7.17128 -7.793 -5.51555 -7.89632 -8.63033 -4.15227 -8.25348 -7.00583 -7.89678 -5.49304 -7.92629 -8.67472 -4.23315 -8.39899 -6.98533 -7.64925 -5.65813 -7.94895 -8.68459 -3.09878 -8.29289 -6.49376 -9.53032 -3.68919 -7.60514 -8.74669 -2.25387 -8.19011
64.655 -6.27986 -9.24113 -5.8695 -8.78158 -9.05718 -3.97264 -8.11504 -7.71618 -7.26286 -5.47628 -7.99044 -8.54828 -4.07901 -7.94471 -6.81797 -8.15575 -5.31755 -7.90303 -8.71765 -4.13629 -8.73947 -7.17124 -7.7927 -5.51566 -7.8964 -8.63035 -4.1523 -8.25404 -7.00568 -7.89691 -5.49306 -7.92631 -8.67476 -4.23312 -8.39909 -6.98539 -7.64923 -5.65811 -7.94895 -8.68458 -3.0988 -8.29281 -6.49376 -9.53031 -3.68921 -7.60515 -8.74669 -2.25387 -8.19013
64.705 -6.28132 -9.21995 -5.89394 -8.78959 -9.05801 -3.97574 -8.13393 -7.7047 -7.26799 -5.47959 -7.99483 -8.55089 -4.0788 -7.95386 -6.8199 -8.15535 -5.31782 -7.90344 -8.71724 -4.1364 -8.73254 -7.17117 -7.79242 -5.51577 -7.89647 -8.63037 -4.15232 -8.25464 -7.00554 -7.89703 -5.49307 -7.92632 -8.6748 -4.2331 -8.39917 -6.98544 -7.64922 -5.65809 -7.94895 -8.68457 -3.09882 -8.29273 -6.49375 -9.5303 -3.68923 -7.60515 -8.74669 -2.25387 -8.19015
64.755 -6.28152 -9.19977 -5.92081 -8.79726 -9.05918 -3.97865 -8.15208 -7.69362 -7.27321 -5.48274 -7.99976 -8.55359 -4.07854 -7.96208 -6.82189 -8.15488 -5.31806 -7.90383 -8.71681 -4.13651 -8.72569 -7.17106 -7.79215 -5.51588 -7.89653 -8.6304 -4.15234 -8.25527 -7.0054 -7.89716 -5.49308 -7.92634 -8.67483 -4.23308 -8.39924 -6.9855 -7.6492 -5.65807 -7.94895 -8.68455 -3.09883 -8.29265 -6.49374 -9.53029 -3.68925 -7.60515 -8.74669 -2.25387 -8.19017
64.805 -6.28046 -9.1806 -5.95002 -8.80461 -9.06067 -3.98135 -8.16947 -7.68295 -7.27849 -5.48575 -8.00523 -8.55635 -4.07822 -7.9694 -6.82393 -8.15434 -5.31828 -7.90421 -8.71637 -4.13664 -8.71893 -7.17092 -7.79189 -5.51601 -7.8966 -8.63044 -4.15236 -8.25594 -7.00527 -7.89729 -5.49308 -7.92635 -8.67487 -4.23305 -8.3993 -6.98555 -7.64918 -5.65805 -7.94894 -8.68454 -3.09885 -8.29257 -6.49373 -9.53028 -3.68927 -7.60515 -8.7467 -2.25387 -8.19019
64.855 -6.27814 -9.16246 -5.9815 -8.81165 -9.06251 -3.98386 -8.1861 -7.67271 -7.28384 -5.4886 -8.01124 -8.55919 -4.07785 -7.97581 -6.82602 -8.15373 -5.31848 -7.90457 -8.71591 -4.13678 -8.71228 -7.17075 -7.79165 -5.51614 -7.89666 -8.63048 -4.15238 -8.25665 -7.00514 -7.89741 -5.49308 -7.92637 -8.6749 -4.23303 -8.39934 -6.98561 -7.64916 -5.65803 -7.94894 -8.68453 -3.09886 -8.2925 -6.49372 -9.53028 -3.68929 -7.60515 -8.7467 -2.25387 -8.19021
64.905 -6.27457 -9.14536 -6.01517 -8.81837 -9.06468 -3.98617 -8.20194 -7.6629 -7.28924 -5.49129 -8.01781 -8.56209 -4.07742 -7.98133 -6.82814 -8.15305 -5.31865 -7.90491 -8.71544 -4.13694 -8.70575 -7.17054 -7.79143 -5.51628 -7.89672 -8.63053 -4.15239 -8.25738 -7.00502 -7.89754 -5.49308 -7.92638 -8.67494 -4.233 -8.39937 -6.98567 -7.64914 -5.65801 -7.94894 -8.68451 -3.09888 -8.29242 -6.49371 -9.53027 -3.68931 -7.60515 -8.7467 -2.25387 -8.19023
64.955 -6.26974 -9.12933 -6.051 -8.82479 -9.06719 -3.98828 -8.21699 -7.65354 -7.29468 -5.49381 -8.02495 -8.56506 -4.07695 -7.98596 -6.8303 -8.15231 -5.3188 -7.90524 -8.71496 -4.1371 -8.69935 -7.17031 -7.79122 -5.51643 -7.89678 -8.63059 -4.1524 -8.25815 -7.00491 -7.89767 -5.49308 -7.9264 -8.67497 -4.23298 -8.39938 -6.98572 -7.64911 -5.658 -7.94894 -8.6845 -3.09889 -8.29235 -6.4937 -9.53026 -3.68933 -7.60515 -8.7467 -2.25387 -8.19026
65.005 -6.26364 -9.11437 -6.08893 -8.83092 -9.07004 -3.99018 -8.23123 -7.64464 -7.30015 -5.49617 -8.03266 -8.56809 -4.07642 -7.9897 -6.83249 -8.15149 -5.31892 -7.90555 -8.71446 -4.13727 -8.69309 -7.17004 -7.79103 -5.51658 -7.89684 -8.63065 -4.1524 -8.25895 -7.00481 -7.89779 -5.49307 -7.92642 -8.675 -4.23296 -8.39937 -6.98578 -7.64908 -5.65798 -7.94894 -8.68448 -3.09891 -8.29228 -6.49369 -9.53026 -3.68935 -7.60515 -8.74671 -2.25387 -8.19028
65.055 -6.25625 -9.10052 -6.12894 -8.83677 -9.07324 -3.99188 -8.24463 -7.63621 -7.30563 -5.49837 -8.04098 -8.57118 -4.07586 -7.99256 -6.83471 -8.15061 -5.31903 -7.90584 -8.71395 -4.13746 -8.68698 -7.16974 -7.79086 -5.51674 -7.89689 -8.63072 -4.1524 -8.25977 -7.00471 -7.89792 -5.49306 -7.92644 -8.67503 -4.23294 -8.39936 -6.98584 -7.64906 -5.65796 -7.94893 -8.68447 -3.09892 -8.29221 -6.49367 -9.53026 -3.68937 -7.60515 -8.74671 -2.25387 -8.1903
65.105 -6.24755 -9.08777 -6.17101 -8.84233 -9.0768 -3.99336 -8.2572 -7.62825 -7.31111 -5.50039 -8.04991 -8.57434 -4.07525 -7.99455 -6.83695 -8.14967 -5.31912 -7.90612 -8.71343 -4.13765 -8.68104 -7.16942 -7.79071 -5.51691 -7.89694 -8.6308 -4.15239 -8.26062 -7.00462 -7.89804 -5.49304 -7.92646 -8.67506 -4.23291 -8.39932 -6.98589 -7.64903 -5.65794 -7.94893 -8.68446 -3.09894 -8.29215 -6.49366 -9.53025 -3.68939 -7.60515 -8.74672 -2.25387 -8.19033
65.155 -6.23754 -9.07616 -6.21512 -8.84763 -9.08072 -3.99464 -8.2689 -7.62078 -7.31659 -5.50223 -8.05948 -8.57757 -4.07459 -7.99566 -6.8392 -8.14866 -5.31919 -7.90637 -8.7129 -4.13785 -8.67526 -7.16906 -7.79058 -5.51708 -7.89699 -8.63088 -4.15239 -8.26149 -7.00454 -7.89816 -5.49302 -7.92647 -8.67508 -4.23289 -8.39927 -6.98595 -7.649 -5.65793 -7.94892 -8.68444 -3.09896 -8.29209 -6.49365 -9.53025 -3.6894 -7.60515 -8.74672 -2.25387 -8.19035
65.205 -6.22616 -9.06572 -6.26129 -8.85265 -9.08502 -3.9957 -8.27973 -7.61381 -7.32205 -5.50391 -8.06971 -8.58087 -4.0739 -7.9959 -6.84147 -8.1476 -5.31925 -7.9066 -8.71237 -4.13806 -8.66967 -7.16867 -7.79046 -5.51726 -7.89704 -8.63097 -4.15238 -8.26239 -7.00447 -7.89828 -5.493 -7.92649 -8.67511 -4.23287 -8.39921 -6.98601 -7.64897 -5.65791 -7.94892 -8.68443 -3.09897 -8.29203 -6.49363 -9.53025 -3.68942 -7.60515 -8.74673 -2.25387 -8.19037
65.255 -6.21341 -9.05645 -6.30953 -8.85742 -9.08972 -3.99655 -8.28966 -7.60735 -7.32748 -5.5054 -8.08065 -8.58423 -4.07316 -7.99526 -6.84374 -8.14648 -5.31928 -7.90682 -8.71182 -4.13829 -8.66426 -7.16826 -7.79037 -5.51744 -7.89708 -8.63107 -4.15236 -8.2633 -7.0044 -7.8984 -5.49297 -7.92652 -8.67513 -4.23285 -8.39913 -6.98606 -7.64894 -5.65789 -7.94891 -8.68441 -3.09899 -8.29197 -6.49361 -9.53025 -3.68943 -7.60515 -8.74673 -2.25387 -8.1904
65.305 -6.19924 -9.04839 -6.35986 -8.86194 -9.09482 -3.99717 -8.29869 -7.60142 -7.33286 -5.50672 -8.09231 -8.58767 -4.07239 -7.99375 -6.84602 -8.1453 -5.31931 -7.90702 -8.71127 -4.13851 -8.65906 -7.16782 -7.79029 -5.51763 -7.89713 -8.63117 -4.15234 -8.26424 -7.00434 -7.89852 -5.49295 -7.92654 -8.67515 -4.23283 -8.39904 -6.98612 -7.6489 -5.65788 -7.94891 -8.6844 -3.099 -8.29192 -6.4936 -9.53025 -3.68945 -7.60515 -8.74673 -2.25387 -8.19042
65.355 -6.18361 -9.04156 -6.41231 -8.86621 -9.10035 -3.99757 -8.30677 -7.59602 -7.33819 -5.50785 -8.10473 -8.59119 -4.07157 -7.99136 -6.84829 -8.14407 -5.31931 -7.90719 -8.71072 -4.13875 -8.65406 -7.16735 -7.79023 -5.51782 -7.89717 -8.63127 -4.15232 -8.26519 -7.00429 -7.89863 -5.49292 -7.92656 -8.67517 -4.23281 -8.39893 -6.98617 -7.64887 -5.65786 -7.9489 -8.68438 -3.09901 -8.29187 -6.49358 -9.53025 -3.68946 -7.60515 -8.74674 -2.25387 -8.19045
65.405 -6.16647 -9.036 -6.46694 -8.87023 -9.10632 -3.99774 -8.31391 -7.59116 -7.34346 -5.50881 -8.11796 -8.59479 -4.07072 -7.98808 -6.85055 -8.1428 -5.31931 -7.90735 -8.71017 -4.13899 -8.64927 -7.16685 -7.7902 -5.51802 -7.89721 -8.63138 -4.15229 -8.26615 -7.00426 -7.89874 -5.49288 -7.92658 -8.67518 -4.23279 -8.39881 -6.98622 -7.64883 -5.65785 -7.9489 -8.68437 -3.09903 -8.29182 -6.49356 -9.53026 -3.68947 -7.60515 -8.74674 -2.25387 -8.19047
65.455 -6.14779 -9.03174 -6.52379 -8.87401 -9.11275 -3.99768 -8.32006 -7.58687 -7.34864 -5.50957 -8.13204 -8.59847 -4.06983 -7.98391 -6.8528 -8.14147 -5.31928 -7.90748 -8.70961 -4.13924 -8.6447 -7.16634 -7.79018 -5.51822 -7.89724 -8.6315 -4.15226 -8.26713 -7.00422 -7.89885 -5.49284 -7.9266 -8.6752 -4.23277 -8.39868 -6.98627 -7.6488 -5.65784 -7.94889 -8.68436 -3.09904 -8.29178 -6.49354 -9.53026 -3.68949 -7.60514 -8.74675 -2.25386 -8.19049
65.505 -6.1275 -9.02882 -6.58294 -8.87755 -9.11967 -3.99737 -8.32521 -7.58315 -7.35374 -5.51016 -8.14699 -8.60225 -4.06891 -7.97884 -6.85503 -8.1401 -5.31925 -7.9076 -8.70906 -4.1395 -8.64037 -7.16579 -7.79018 -5.51842 -7.89728 -8.63162 -4.15223 -8.26812 -7.0042 -7.89896 -5.4928 -7.92662 -8.67521 -4.23276 -8.39853 -6.98632 -7.64876 -5.65782 -7.94888 -8.68434 -3.09906 -8.29174 -6.49352 -9.53026 -3.6895 -7.60514 -8.74676 -2.25386 -8.19052
65.555 -6.10557 -9.02727 -6.64445 -8.88084 -9.12709 -3.99682 -8.32933 -7.58002 -7.35873 -5.51055 -8.16288 -8.60613 -4.06794 -7.97285 -6.85723 -8.13869 -5.3192 -7.90769 -8.7085 -4.13976 -8.63627 -7.16523 -7.79021 -5.51863 -7.89731 -8.63175 -4.15219 -8.26911 -7.00419 -7.89906 -5.49276 -7.92664 -8.67522 -4.23274 -8.39837 -6.98637 -7.64872 -5.65781 -7.94888 -8.68433 -3.09907 -8.2917 -6.4935 -9.53027 -3.68951 -7.60514 -8.74676 -2.25386 -8.19054
65.605 -6.08192 -9.02713 -6.70841 -8.8839 -9.13505 -3.99602 -8.33238 -7.5775 -7.36361 -5.51076 -8.17974 -8.61011 -4.06694 -7.96593 -6.85941 -8.13724 -5.31913 -7.90776 -8.70795 -4.14003 -8.63242 -7.16464 -7.79025 -5.51884 -7.89734 -8.63188 -4.15215 -8.27011 -7.00418 -7.89916 -5.49271 -7.92667 -8.67523 -4.23272 -8.39819 -6.98642 -7.64868 -5.6578 -7.94887 -8.68431 -3.09908 -8.29167 -6.49348 -9.53028 -3.68951 -7.60514 -8.74677 -2.25386 -8.19056
65.655 -6.05651 -9.02845 -6.77489 -8.88671 -9.14356 -3.99496 -8.33434 -7.57561 -7.36836 -5.51077 -8.19761 -8.6142 -4.06589 -7.95806 -6.86155 -8.13575 -5.31905 -7.90782 -8.7074 -4.1403 -8.62881 -7.16404 -7.79032 -5.51905 -7.89737 -8.63201 -4.1521 -8.27112 -7.00419 -7.89925 -5.49267 -7.92669 -8.67523 -4.23271 -8.398 -6.98647 -7.64864 -5.65779 -7.94886 -8.6843 -3.09909 -8.29164 -6.49346 -9.53028 -3.68952 -7.60514 -8.74677 -2.25386 -8.19059
65.705 -6.02928 -9.03128 -6.84399 -8.88926 -9.15265 -3.99363 -8.33518 -7.57435 -7.37297 -5.51059 -8.21654 -8.6184 -4.06481 -7.94923 -6.86366 -8.13423 -5.31896 -7.90784 -8.70685 -4.14057 -8.62547 -7.16341 -7.7904 -5.51926 -7.89739 -8.63215 -4.15205 -8.27212 -7.0042 -7.89934 -5.49261 -7.92671 -8.67524 -4.2327 -8.3978 -6.98651 -7.6486 -5.65778 -7.94886 -8.68429 -3.09911 -8.29162 -6.49344 -9.53029 -3.68953 -7.60513 -8.74678 -2.25386 -8.19061
65.755 -6.00018 -9.03566 -6.91578 -8.89156 -9.16234 -3.99202 -8.33485 -7.57376 -7.37743 -5.51021 -8.23655 -8.62273 -4.06368 -7.93942 -6.86572 -8.13269 -5.31885 -7.90785 -8.70631 -4.14085 -8.6224 -7.16277 -7.79051 -5.51947 -7.89742 -8.63229 -4.152 -8.27313 -7.00423 -7.89943 -5.49256 -7.92673 -8.67524 -4.23268 -8.39758 -6.98656 -7.64856 -5.65777 -7.94885 -8.68428 -3.09912 -8.2916 -6.49342 -9.5303 -3.68954 -7.60513 -8.74678 -2.25385 -8.19063
65.805 -5.96917 -9.04165 -6.99035 -8.8936 -9.17266 -3.99014 -8.33332 -7.57385 -7.38172 -5.50964 -8.25769 -8.62717 -4.06251 -7.9286 -6.86773 -8.13111 -5.31872 -7.90783 -8.70578 -4.14113 -8.6196 -7.16211 -7.79063 -5.51968 -7.89744 -8.63244 -4.15195 -8.27413 -7.00426 -7.89951 -5.4925 -7.92676 -8.67524 -4.23267 -8.39736 -6.9866 -7.64852 -5.65776 -7.94884 -8.68426 -3.09913 -8.29158 -6.4934 -9.53031 -3.68954 -7.60513 -8.74679 -2.25385 -8.19065
65.855 -5.93622 -9.04929 -7.06777 -8.89535 -9.18362 -3.98796 -8.33055 -7.57465 -7.38583 -5.50886 -8.27996 -8.63175 -4.0613 -7.91676 -6.86968 -8.12952 -5.31858 -7.90779 -8.70526 -4.14141 -8.61709 -7.16144 -7.79078 -5.5199 -7.89745 -8.63258 -4.15189 -8.27512 -7.0043 -7.89958 -5.49245 -7.92678 -8.67524 -4.23266 -8.39712 -6.98664 -7.64848 -5.65775 -7.94883 -8.68425 -3.09914 -8.29157 -6.49338 -9.53032 -3.68954 -7.60512 -8.7468 -2.25385 -8.19067
65.905 -5.9013 -9.05864 -7.14808 -8.89681 -9.19524 -3.98548 -8.3265 -7.57617 -7.38976 -5.50788 -8.30337 -8.63645 -4.06005 -7.90387 -6.87157 -8.1279 -5.31842 -7.90773 -8.70475 -4.1417 -8.61487 -7.16075 -7.79094 -5.52011 -7.89747 -8.63274 -4.15183 -8.27611 -7.00435 -7.89965 -5.49239 -7.9268 -8.67523 -4.23265 -8.39687 -6.98667 -7.64844 -5.65775 -7.94882 -8.68424 -3.09915 -8.29156 -6.49336 -9.53033 -3.68955 -7.60512 -8.7468 -2.25385 -8.1907
65.955 -5.86442 -9.06974 -7.23131 -8.89795 -9.20752 -3.9827 -8.32113 -7.57843 -7.39348 -5.50669 -8.3279 -8.64127 -4.05875 -7.88991 -6.8734 -8.12627 -5.31823 -7.90764 -8.70424 -4.14198 -8.61294 -7.16006 -7.79113 -5.52032 -7.89748 -8.63289 -4.15177 -8.27709 -7.00441 -7.89972 -5.49232 -7.92682 -8.67522 -4.23264 -8.39661 -6.98671 -7.6484 -5.65774 -7.94881 -8.68423 -3.09916 -8.29156 -6.49334 -9.53034 -3.68955 -7.60512 -8.74681 -2.25384 -8.19071
66.005 -5.82561 -9.08265 -7.31746 -8.89875 -9.22046 -3.97961 -8.3144 -7.58146 -7.39698 -5.5053 -8.35351 -8.64621 -4.0574 -7.87487 -6.87516 -8.12463 -5.31803 -7.90753 -8.70375 -4.14226 -8.61133 -7.15935 -7.79133 -5.52053 -7.89748 -8.63304 -4.1517 -8.27805 -7.00447 -7.89978 -5.49226 -7.92684 -8.67521 -4.23263 -8.39635 -6.98674 -7.64836 -5.65774 -7.94881 -8.68422 -3.09917 -8.29156 -6.49332 -9.53036 -3.68955 -7.60511 -8.74681 -2.25384 -8.19073
66.055 -5.78491 -9.0974 -7.40648 -8.89919 -9.23405 -3.97619 -8.30627 -7.58528 -7.40025 -5.50369 -8.38015 -8.65125 -4.056 -7.85874 -6.87684 -8.12298 -5.3178 -7.90739 -8.70328 -4.14255 -8.61004 -7.15863 -7.79155 -5.52074 -7.89749 -8.6332 -4.15163 -8.279 -7.00455 -7.89984 -5.49219 -7.92686 -8.6752 -4.23263 -8.39607 -6.98677 -7.64832 -5.65773 -7.9488 -8.68421 -3.09917 -8.29156 -6.49329 -9.53037 -3.68955 -7.60511 -8.74682 -2.25384 -8.19075
66.105 -5.74243 -9.11403 -7.49828 -8.89922 -9.24825 -3.97245 -8.29672 -7.58991 -7.40329 -5.50187 -8.40771 -8.65638 -4.05456 -7.8415 -6.87844 -8.12133 -5.31755 -7.90723 -8.70281 -4.14283 -8.60907 -7.15791 -7.79179 -5.52094 -7.89749 -8.63336 -4.15156 -8.27993 -7.00463 -7.89989 -5.49212 -7.92688 -8.67519 -4.23262 -8.39578 -6.9868 -7.64828 -5.65773 -7.94879 -8.6842 -3.09918 -8.29157 -6.49327 -9.53038 -3.68955 -7.60511 -8.74682 -2.25383 -8.19077
66.155 -5.69829 -9.13255 -7.5927 -8.89881 -9.26303 -3.96838 -8.28571 -7.59537 -7.40607 -5.49983 -8.43605 -8.66157 -4.05307 -7.82316 -6.87995 -8.11968 -5.31727 -7.90704 -8.70237 -4.14311 -8.60843 -7.15718 -7.79204 -5.52115 -7.89748 -8.63352 -4.15148 -8.28085 -7.00473 -7.89993 -5.49206 -7.9269 -8.67517 -4.23262 -8.39549 -6.98683 -7.64824 -5.65773 -7.94878 -8.68419 -3.09919 -8.29158 -6.49325 -9.5304 -3.68955 -7.6051 -8.74683 -2.25383 -8.19079
66.205 -5.65267 -9.15298 -7.68951 -8.89792 -9.27831 -3.96398 -8.27322 -7.60166 -7.40858 -5.49758 -8.46502 -8.6668 -4.05153 -7.80373 -6.88138 -8.11803 -5.31697 -7.90683 -8.70194 -4.14339 -8.60814 -7.15645 -7.79232 -5.52135 -7.89747 -8.63368 -4.15141 -8.28174 -7.00483 -7.89997 -5.49198 -7.92692 -8.67516 -4.23261 -8.39519 -6.98685 -7.6482 -5.65773 -7.94877 -8.68418 -3.09919 -8.2916 -6.49323 -9.53041 -3.68954 -7.6051 -8.74684 -2.25383 -8.1908
66.255 -5.60579 -9.17531 -7.78842 -8.8965 -9.29403 -3.95926 -8.25924 -7.6088 -7.41081 -5.4951 -8.49442 -8.67202 -4.04996 -7.78321 -6.8827 -8.11639 -5.31664 -7.90659 -8.70153 -4.14366 -8.60821 -7.15572 -7.79261 -5.52154 -7.89746 -8.63384 -4.15133 -8.2826 -7.00494 -7.9 -5.49191 -7.92694 -8.67514 -4.23261 -8.39488 -6.98688 -7.64816 -5.65773 -7.94876 -8.68417 -3.0992 -8.29162 -6.49321 -9.53043 -3.68954 -7.60509 -8.74684 -2.25382 -8.19082
66.305 -5.55791 -9.1995 -7.88904 -8.89449 -9.31007 -3.95421 -8.24377 -7.61679 -7.41276 -5.4924 -8.524 -8.6772 -4.04834 -7.76166 -6.88392 -8.11476 -5.31628 -7.90632 -8.70114 -4.14393 -8.60863 -7.15498 -7.79291 -5.52173 -7.89744 -8.63399 -4.15125 -8.28344 -7.00505 -7.90003 -5.49184 -7.92696 -8.67511 -4.23261 -8.39457 -6.98689 -7.64812 -5.65773 -7.94875 -8.68417 -3.0992 -8.29164 -6.49319 -9.53044 -3.68953 -7.60509 -8.74685 -2.25382 -8.19083
66.355 -5.50934 -9.22552 -7.99092 -8.89184 -9.32632 -3.94886 -8.22683 -7.62563 -7.4144 -5.48949 -8.55351 -8.68229 -4.04669 -7.73911 -6.88504 -8.11314 -5.31588 -7.90603 -8.70077 -4.1442 -8.60942 -7.15425 -7.79323 -5.52192 -7.89741 -8.63415 -4.15117 -8.28425 -7.00518 -7.90005 -5.49177 -7.92698 -8.67509 -4.23261 -8.39425 -6.98691 -7.64809 -5.65773 -7.94874 -8.68416 -3.09921 -8.29167 -6.49317 -9.53046 -3.68953 -7.60508 -8.74685 -2.25382 -8.19085
66.405 -5.46041 -9.25328 -8.09353 -8.8885 -9.34265 -3.94322 -8.20844 -7.63531 -7.41574 -5.48636 -8.58268 -8.68723 -4.04501 -7.71563 -6.88604 -8.11155 -5.31546 -7.90571 -8.70042 -4.14446 -8.61058 -7.15352 -7.79357 -5.5221 -7.89738 -8.63431 -4.15109 -8.28503 -7.00531 -7.90007 -5.49169 -7.927 -8.67506 -4.23261 -8.39392 -6.98693 -7.64805 -5.65773 -7.94873 -8.68415 -3.09921 -8.2917 -6.49315 -9.53048 -3.68952 -7.60508 -8.74686 -2.25381 -8.19086
66.455 -5.41147 -9.2827 -8.19628 -8.8844 -9.3589 -3.93731 -8.18865 -7.64581 -7.41676 -5.48301 -8.61123 -8.69198 -4.04332 -7.69129 -6.88693 -8.10998 -5.31501 -7.90537 -8.70009 -4.14472 -8.61212 -7.1528 -7.79392 -5.52228 -7.89735 -8.63446 -4.151 -8.28577 -7.00545 -7.90007 -5.49162 -7.92702 -8.67504 -4.23261 -8.39359 -6.98694 -7.64801 -5.65773 -7.94872 -8.68415 -3.09921 -8.29174 -6.49313 -9.5305 -3.68951 -7.60507 -8.74686 -2.25381 -8.19087
66.505 -5.36287 -9.31365 -8.29852 -8.8795 -9.37494 -3.93115 -8.16752 -7.6571 -7.41745 -5.47945 -8.63889 -8.69647 -4.04161 -7.6662 -6.88769 -8.10844 -5.31452 -7.905 -8.69979 -4.14496 -8.61405 -7.15208 -7.79428 -5.52245 -7.89731 -8.63461 -4.15092 -8.28648 -7.00559 -7.90008 -5.49154 -7.92703 -8.67501 -4.23261 -8.39326 -6.98695 -7.64798 -5.65774 -7.94871 -8.68414 -3.09922 -8.29178 -6.49311 -9.53051 -3.6895 -7.60507 -8.74687 -2.25381 -8.19088
66.555 -5.31497 -9.34599 -8.39959 -8.87376 -9.3906 -3.92477 -8.14513 -7.66915 -7.41782 -5.47569 -8.66541 -8.70067 -4.0399 -7.64045 -6.88834 -8.10693 -5.31401 -7.90461 -8.69951 -4.14521 -8.61636 -7.15137 -7.79465 -5.52261 -7.89726 -8.63476 -4.15083 -8.28715 -7.00574 -7.90007 -5.49147 -7.92705 -8.67498 -4.23262 -8.39293 -6.98695 -7.64794 -5.65774 -7.9487 -8.68414 -3.09922 -8.29183 -6.49309 -9.53053 -3.68949 -7.60507 -8.74687 -2.2538 -8.19089
66.605 -5.26809 -9.37956 -8.4988 -8.86713 -9.40576 -3.9182 -8.12158 -7.68191 -7.41786 -5.47174 -8.69058 -8.70453 -4.0382 -7.61416 -6.88886 -8.10546 -5.31346 -7.90419 -8.69926 -4.14544 -8.61905 -7.15067 -7.79504 -5.52277 -7.89721 -8.63491 -4.15075 -8.28778 -7.0059 -7.90006 -5.49139 -7.92706 -8.67494 -4.23262 -8.39259 -6.98695 -7.64791 -5.65775 -7.94869 -8.68414 -3.09922 -8.29187 -6.49307 -9.53055 -3.68948 -7.60506 -8.74688 -2.2538 -8.1909
66.655 -5.22253 -9.41419 -8.59547 -8.8596 -9.42028 -3.91149 -8.09697 -7.69533 -7.41756 -5.46761 -8.71423 -8.70801 -4.03652 -7.58747 -6.88925 -8.10403 -5.3129 -7.90375 -8.69904 -4.14567 -8.62212 -7.14999 -7.79543 -5.52292 -7.89715 -8.63505 -4.15066 -8.28836 -7.00606 -7.90005 -5.49131 -7.92708 -8.67491 -4.23263 -8.39226 -6.98696 -7.64788 -5.65776 -7.94869 -8.68413 -3.09922 -8.29192 -6.49305 -9.53057 -3.68947 -7.60506 -8.74688 -2.2538 -8.19091
66.705 -5.17855 -9.44971 -8.68895 -8.85116 -9.43405 -3.90466 -8.07143 -7.70935 -7.41693 -5.46331 -8.73623 -8.71109 -4.03487 -7.5605 -6.8895 -8.10264 -5.31231 -7.90329 -8.69884 -4.14588 -8.62558 -7.14932 -7.79584 -5.52306 -7.89708 -8.63519 -4.15057 -8.2889 -7.00623 -7.90003 -5.49124 -7.92709 -8.67487 -4.23264 -8.39192 -6.98695 -7.64785 -5.65776 -7.94868 -8.68413 -3.09922 -8.29198 -6.49303 -9.53059 -3.68946 -7.60505 -8.74689 -2.25379 -8.19091
66.755 -5.13633 -9.48591 -8.77864 -8.84181 -9.447 -3.89776 -8.04507 -7.72391 -7.41597 -5.45886 -8.75651 -8.71375 -4.03327 -7.5334 -6.88963 -8.10131 -5.3117 -7.90281 -8.69868 -4.14609 -8.6294 -7.14866 -7.79625 -5.5232 -7.89701 -8.63533 -4.15048 -8.2894 -7.0064 -7.9 -5.49116 -7.9271 -8.67484 -4.23265 -8.39158 -6.98695 -7.64782 -5.65777 -7.94867 -8.68413 -3.09921 -8.29204 -6.49302 -9.53061 -3.68944 -7.60505 -8.74689 -2.25379 -8.19092
66.805 -5.09605 -9.52262 -8.86401 -8.83157 -9.45905 -3.89082 -8.01804 -7.73893 -7.41469 -5.45427 -8.77502 -8.716 -4.03172 -7.50629 -6.88963 -8.10002 -5.31107 -7.90231 -8.69854 -4.14629 -8.63358 -7.14802 -7.79667 -5.52332 -7.89694 -8.63546 -4.1504 -8.28985 -7.00658 -7.89997 -5.49109 -7.92711 -8.6748 -4.23266 -8.39125 -6.98694 -7.64779 -5.65778 -7.94866 -8.68413 -3.09921 -8.2921 -6.493 -9.53063 -3.68943 -7.60504 -8.7469 -2.25379 -8.19092
66.855 -5.05781 -9.55965 -8.94456 -8.82048 -9.47017 -3.88388 -7.99047 -7.75435 -7.41309 -5.44956 -8.79177 -8.71782 -4.03023 -7.47931 -6.88949 -8.09879 -5.31043 -7.9018 -8.69843 -4.14647 -8.63812 -7.14741 -7.7971 -5.52344 -7.89686 -8.63558 -4.15031 -8.29024 -7.00676 -7.89993 -5.49102 -7.92712 -8.67476 -4.23267 -8.39092 -6.98693 -7.64776 -5.65779 -7.94865 -8.68413 -3.09921 -8.29216 -6.49298 -9.53065 -3.68941 -7.60504 -8.7469 -2.25378 -8.19093
66.905 -5.02167 -9.59682 -9.0199 -8.80859 -9.48033 -3.87697 -7.96249 -7.77009 -7.41118 -5.44476 -8.80681 -8.71925 -4.02881 -7.45257 -6.88922 -8.09762 -5.30978 -7.90127 -8.69836 -4.14665 -8.64299 -7.14681 -7.79754 -5.52355 -7.89678 -8.6357 -4.15022 -8.29059 -7.00695 -7.89988 -5.49094 -7.92713 -8.67472 -4.23268 -8.39059 -6.98692 -7.64774 -5.6578 -7.94864 -8.68413 -3.0992 -8.29223 -6.49297 -9.53067 -3.6894 -7.60503 -8.7469 -2.25378 -8.19093
66.955 -4.98767 -9.63397 -9.08971 -8.79596 -9.48954 -3.87014 -7.93424 -7.78607 -7.40897 -5.43987 -8.82021 -8.72029 -4.02747 -7.4262 -6.88882 -8.09651 -5.30913 -7.90074 -8.69831 -4.14681 -8.64817 -7.14624 -7.79798 -5.52365 -7.8967 -8.63582 -4.15014 -8.29088 -7.00714 -7.89983 -5.49087 -7.92714 -8.67467 -4.23269 -8.39027 -6.9869 -7.64772 -5.65781 -7.94863 -8.68413 -3.0992 -8.2923 -6.49296 -9.53069 -3.68938 -7.60503 -8.74691 -2.25378 -8.19093
67.005 -4.95578 -9.67092 -9.15373 -8.78266 -9.49782 -3.8634 -7.90583 -7.80223 -7.40647 -5.43493 -8.83204 -8.72097 -4.02622 -7.4003 -6.88829 -8.09547 -5.30848 -7.9002 -8.6983 -4.14697 -8.65366 -7.14569 -7.79842 -5.52374 -7.89661 -8.63593 -4.15006 -8.29112 -7.00733 -7.89977 -5.4908 -7.92715 -8.67463 -4.23271 -8.38995 -6.98688 -7.64769 -5.65783 -7.94863 -8.68413 -3.09919 -8.29238 -6.49294 -9.53071 -3.68936 -7.60502 -8.74691 -2.25377 -8.19093
67.055 -4.92598 -9.70756 -9.21179 -8.76877 -9.50519 -3.85679 -7.8774 -7.8185 -7.4037 -5.42996 -8.8424 -8.72132 -4.02505 -7.37496 -6.88764 -8.09449 -5.30784 -7.89965 -8.69832 -4.1471 -8.65943 -7.14516 -7.79887 -5.52382 -7.89653 -8.63603 -4.14997 -8.29131 -7.00752 -7.89971 -5.49073 -7.92715 -8.67459 -4.23272 -8.38963 -6.98686 -7.64767 -5.65784 -7.94862 -8.68414 -3.09919 -8.29245 -6.49293 -9.53073 -3.68934 -7.60502 -8.74691 -2.25377 -8.19093
67.105 -4.89822 -9.74373 -9.26379 -8.75438 -9.51171 -3.85033 -7.84904 -7.83481 -7.40066 -5.42497 -8.8514 -8.72137 -4.02397 -7.35026 -6.88687 -8.09359 -5.3072 -7.89911 -8.69836 -4.14723 -8.66547 -7.14467 -7.79931 -5.52389 -7.89644 -8.63613 -4.14989 -8.29144 -7.00772 -7.89964 -5.49067 -7.92716 -8.67454 -4.23274 -8.38932 -6.98684 -7.64765 -5.65785 -7.94861 -8.68414 -3.09918 -8.29253 -6.49292 -9.53074 -3.68932 -7.60501 -8.74692 -2.25377 -8.19092
67.155 -4.87243 -9.77934 -9.30967 -8.73957 -9.5174 -3.84403 -7.82086 -7.8511 -7.39738 -5.41998 -8.85914 -8.72115 -4.02299 -7.32627 -6.88597 -8.09276 -5.30658 -7.89856 -8.69844 -4.14734 -8.67173 -7.1442 -7.79976 -5.52395 -7.89634 -8.63622 -4.14981 -8.29152 -7.00792 -7.89957 -5.4906 -7.92716 -8.67449 -4.23276 -8.38902 -6.98681 -7.64764 -5.65787 -7.94861 -8.68414 -3.09917 -8.29261 -6.49291 -9.53076 -3.68931 -7.60501 -8.74692 -2.25376 -8.19092
67.205 -4.84855 -9.81427 -9.34945 -8.72442 -9.52234 -3.83791 -7.79295 -7.86731 -7.39387 -5.41502 -8.86572 -8.72069 -4.02209 -7.30305 -6.88497 -8.09201 -5.30597 -7.89802 -8.69855 -4.14744 -8.67822 -7.14376 -7.80021 -5.524 -7.89625 -8.6363 -4.14973 -8.29154 -7.00812 -7.89949 -5.49054 -7.92716 -8.67445 -4.23277 -8.38873 -6.98678 -7.64762 -5.65788 -7.9486 -8.68415 -3.09917 -8.29269 -6.4929 -9.53078 -3.68929 -7.60501 -8.74692 -2.25376 -8.19091
67.255 -4.82649 -9.84844 -9.3832 -8.70904 -9.52656 -3.83199 -7.76539 -7.88339 -7.39014 -5.41009 -8.87124 -8.72002 -4.02129 -7.28064 -6.88386 -8.09133 -5.30538 -7.89748 -8.69869 -4.14753 -8.6849 -7.14335 -7.80065 -5.52404 -7.89616 -8.63638 -4.14966 -8.2915 -7.00832 -7.8994 -5.49048 -7.92716 -8.6744 -4.23279 -8.38845 -6.98675 -7.64761 -5.6579 -7.94859 -8.68415 -3.09916 -8.29278 -6.49289 -9.5308 -3.68927 -7.605 -8.74692 -2.25376 -8.19091
67.305 -4.80617 -9.88179 -9.41101 -8.69349 -9.53012 -3.82628 -7.73825 -7.8993 -7.38622 -5.40523 -8.87578 -8.71917 -4.02057 -7.25908 -6.88264 -8.09073 -5.30481 -7.89695 -8.69886 -4.1476 -8.69174 -7.14298 -7.80109 -5.52406 -7.89607 -8.63645 -4.14958 -8.29141 -7.00851 -7.89932 -5.49042 -7.92716 -8.67435 -4.23281 -8.38817 -6.98672 -7.6476 -5.65792 -7.94859 -8.68416 -3.09915 -8.29286 -6.49288 -9.53082 -3.68924 -7.605 -8.74693 -2.25375 -8.1909
67.355 -4.78752 -9.91423 -9.43301 -8.67785 -9.53307 -3.82079 -7.7116 -7.91498 -7.38211 -5.40045 -8.87943 -8.71815 -4.01994 -7.2384 -6.88133 -8.09021 -5.30426 -7.89643 -8.69906 -4.14765 -8.69873 -7.14263 -7.80153 -5.52408 -7.89598 -8.63652 -4.14951 -8.29127 -7.00871 -7.89922 -5.49036 -7.92716 -8.67431 -4.23283 -8.38791 -6.98668 -7.64759 -5.65793 -7.94858 -8.68417 -3.09914 -8.29295 -6.49287 -9.53084 -3.68922 -7.60499 -8.74693 -2.25375 -8.19089
67.405 -4.77047 -9.94572 -9.44938 -8.66221 -9.53547 -3.81551 -7.6855 -7.93041 -7.37783 -5.39576 -8.88225 -8.71699 -4.0194 -7.21862 -6.87993 -8.08977 -5.30373 -7.89591 -8.69928 -4.14769 -8.70583 -7.14232 -7.80196 -5.52409 -7.89589 -8.63657 -4.14944 -8.29107 -7.00891 -7.89913 -5.49031 -7.92716 -8.67426 -4.23285 -8.38766 -6.98665 -7.64758 -5.65795 -7.94858 -8.68417 -3.09913 -8.29304 -6.49287 -9.53086 -3.6892 -7.60499 -8.74693 -2.25375 -8.19088
67.455 -4.75495 -9.97623 -9.46031 -8.64663 -9.53736 -3.81046 -7.65999 -7.94554 -7.37341 -5.39117 -8.88432 -8.71571 -4.01893 -7.19976 -6.87844 -8.08941 -5.30323 -7.89542 -8.69953 -4.14772 -8.71303 -7.14205 -7.80239 -5.52408 -7.8958 -8.63662 -4.14938 -8.29082 -7.00911 -7.89902 -5.49026 -7.92716 -8.67421 -4.23287 -8.38741 -6.98661 -7.64757 -5.65797 -7.94857 -8.68418 -3.09912 -8.29313 -6.49286 -9.53087 -3.68918 -7.60499 -8.74693 -2.25375 -8.19087
67.505 -4.74089 -10.0057 -9.466 -8.63117 -9.53878 -3.80563 -7.63511 -7.96035 -7.36885 -5.38669 -8.88568 -8.71432 -4.01854 -7.18181 -6.87687 -8.08913 -5.30276 -7.89493 -8.6998 -4.14773 -8.72031 -7.14181 -7.80281 -5.52407 -7.89571 -8.63667 -4.14931 -8.29052 -7.0093 -7.89892 -5.49021 -7.92715 -8.67416 -4.23289 -8.38719 -6.98657 -7.64757 -5.65799 -7.94857 -8.68419 -3.0991 -8.29322 -6.49286 -9.53089 -3.68916 -7.60498 -8.74693 -2.25374 -8.19086
67.555 -4.72823 -10.0341 -9.46667 -8.6159 -9.53977 -3.80103 -7.61089 -7.97482 -7.36417 -5.38234 -8.88638 -8.71285 -4.01823 -7.1648 -6.87522 -8.08893 -5.30231 -7.89446 -8.7001 -4.14773 -8.72763 -7.1416 -7.80322 -5.52404 -7.89563 -8.6367 -4.14925 -8.29017 -7.00949 -7.89881 -5.49016 -7.92715 -8.67411 -4.23292 -8.38697 -6.98652 -7.64757 -5.65801 -7.94856 -8.6842 -3.09909 -8.29331 -6.49286 -9.53091 -3.68914 -7.60498 -8.74693 -2.25374 -8.19085
67.605 -4.71693 -10.0615 -9.46255 -8.60086 -9.54036 -3.79666 -7.58737 -7.98891 -7.3594 -5.37813 -8.88646 -8.71129 -4.01798 -7.1487 -6.87351 -8.08882 -5.30189 -7.894 -8.70042 -4.14771 -8.73499 -7.14143 -7.80362 -5.524 -7.89554 -8.63673 -4.1492 -8.28977 -7.00968 -7.8987 -5.49012 -7.92714 -8.67407 -4.23294 -8.38677 -6.98648 -7.64757 -5.65802 -7.94856 -8.68421 -3.09908 -8.2934 -6.49285 -9.53092 -3.68911 -7.60498 -8.74693 -2.25374 -8.19083
67.655 -4.70693 -10.0878 -9.45387 -8.5861 -9.5406 -3.79251 -7.56457 -8.00261 -7.35453 -5.37406 -8.88596 -8.70966 -4.0178 -7.13352 -6.87174 -8.08878 -5.3015 -7.89356 -8.70076 -4.14768 -8.74235 -7.1413 -7.80401 -5.52395 -7.89546 -8.63675 -4.14914 -8.28933 -7.00987 -7.89858 -5.49008 -7.92713 -8.67402 -4.23296 -8.38658 -6.98643 -7.64757 -5.65804 -7.94856 -8.68422 -3.09907 -8.29349 -6.49285 -9.53094 -3.68909 -7.60497 -8.74693 -2.25374 -8.19082
67.705 -4.69821 -10.1129 -9.44087 -8.57166 -9.5405 -3.78859 -7.54251 -8.01591 -7.34959 -5.37015 -8.88489 -8.70797 -4.01769 -7.11926 -6.86991 -8.08883 -5.30113 -7.89314 -8.70112 -4.14764 -8.7497 -7.1412 -7.80439 -5.52389 -7.89538 -8.63676 -4.14909 -8.28883 -7.01005 -7.89846 -5.49005 -7.92712 -8.67397 -4.23299 -8.3864 -6.98638 -7.64757 -5.65806 -7.94855 -8.68423 -3.09905 -8.29358 -6.49285 -9.53095 -3.68907 -7.60497 -8.74693 -2.25373 -8.1908
67.755 -4.69071 -10.137 -9.42377 -8.55758 -9.54009 -3.78489 -7.5212 -8.02879 -7.34458 -5.36639 -8.88328 -8.70622 -4.01763 -7.1059 -6.86803 -8.08896 -5.30078 -7.89274 -8.7015 -4.14758 -8.75702 -7.14114 -7.80476 -5.52382 -7.8953 -8.63677 -4.14904 -8.2883 -7.01023 -7.89834 -5.49001 -7.92711 -8.67393 -4.23301 -8.38624 -6.98633 -7.64758 -5.65808 -7.94855 -8.68424 -3.09904 -8.29367 -6.49285 -9.53097 -3.68905 -7.60497 -8.74693 -2.25373 -8.19079
67.805 -4.68442 -10.16 -9.40282 -8.54389 -9.53939 -3.78141 -7.50065 -8.04123 -7.33953 -5.36278 -8.88114 -8.70442 -4.01762 -7.09344 -6.86611 -8.08916 -5.30046 -7.89235 -8.7019 -4.1475 -8.7643 -7.14111 -7.80512 -5.52374 -7.89523 -8.63676 -4.149 -8.28772 -7.0104 -7.89822 -5.48998 -7.9271 -8.67388 -4.23303 -8.38609 -6.98628 -7.64758 -5.6581 -7.94855 -8.68425 -3.09903 -8.29376 -6.49286 -9.53098 -3.68902 -7.60496 -8.74693 -2.25373 -8.19077
67.855 -4.67931 -10.1819 -9.37823 -8.53062 -9.53842 -3.77815 -7.48088 -8.05324 -7.33445 -5.35935 -8.87848 -8.70257 -4.01767 -7.08185 -6.86415 -8.08944 -5.30016 -7.89198 -8.70231 -4.14742 -8.7715 -7.14112 -7.80546 -5.52365 -7.89515 -8.63675 -4.14896 -8.28711 -7.01057 -7.8981 -5.48996 -7.92709 -8.67384 -4.23306 -8.38596 -6.98623 -7.64759 -5.65812 -7.94855 -8.68427 -3.09901 -8.29385 -6.49286 -9.53099 -3.689 -7.60496 -8.74693 -2.25373 -8.19075
67.905 -4.67535 -10.2027 -9.35022 -8.51778 -9.5372 -3.7751 -7.46189 -8.06479 -7.32934 -5.35608 -8.87532 -8.70066 -4.01777 -7.07115 -6.86215 -8.08979 -5.29988 -7.89162 -8.70274 -4.14732 -8.77863 -7.14116 -7.80578 -5.52355 -7.89508 -8.63674 -4.14892 -8.28646 -7.01073 -7.89797 -5.48993 -7.92707 -8.6738 -4.23308 -8.38585 -6.98617 -7.6476 -5.65814 -7.94855 -8.68428 -3.099 -8.29394 -6.49286 -9.531 -3.68898 -7.60496 -8.74693 -2.25373 -8.19073
67.955 -4.67255 -10.2224 -9.319 -8.5054 -9.53573 -3.77226 -7.44368 -8.0759 -7.32422 -5.35297 -8.87164 -8.69871 -4.01792 -7.0613 -6.86013 -8.09022 -5.29962 -7.89129 -8.70318 -4.14721 -8.78566 -7.14124 -7.8061 -5.52343 -7.89501 -8.63671 -4.14889 -8.28577 -7.01089 -7.89784 -5.48992 -7.92706 -8.67376 -4.23311 -8.38575 -6.98612 -7.64762 -5.65816 -7.94855 -8.68429 -3.09898 -8.29402 -6.49287 -9.53102 -3.68896 -7.60496 -8.74693 -2.25372 -8.19071
68.005 -4.67087 -10.241 -9.28477 -8.4935 -9.53403 -3.76963 -7.42626 -8.08654 -7.3191 -5.35004 -8.86746 -8.69672 -4.01811 -7.0523 -6.85809 -8.09073 -5.29939 -7.89097 -8.70363 -4.14708 -8.79259 -7.14135 -7.80639 -5.52331 -7.89494 -8.63668 -4.14886 -8.28505 -7.01104 -7.89771 -5.4899 -7.92704 -8.67371 -4.23313 -8.38566 -6.98606 -7.64763 -5.65818 -7.94855 -8.6843 -3.09897 -8.29411 -6.49287 -9.53103 -3.68894 -7.60496 -8.74692 -2.25372 -8.19069
68.055 -4.67033 -10.2586 -9.24771 -8.48208 -9.53211 -3.7672 -7.40964 -8.09672 -7.31399 -5.34728 -8.86276 -8.69467 -4.01834 -7.04415 -6.85603 -8.0913 -5.29917 -7.89067 -8.70409 -4.14694 -8.79939 -7.1415 -7.80667 -5.52318 -7.89487 -8.63664 -4.14884 -8.2843 -7.01118 -7.89758 -5.48989 -7.92703 -8.67368 -4.23316 -8.38559 -6.986 -7.64765 -5.6582 -7.94855 -8.68432 -3.09895 -8.29419 -6.49288 -9.53104 -3.68891 -7.60496 -8.74692 -2.25372 -8.19067
68.105 -4.67091 -10.275 -9.20799 -8.47115 -9.52996 -3.76497 -7.3938 -8.10644 -7.30889 -5.34469 -8.85754 -8.69257 -4.01861 -7.03683 -6.85395 -8.09193 -5.29896 -7.89039 -8.70457 -4.1468 -8.80605 -7.14168 -7.80693 -5.52305 -7.89481 -8.63659 -4.14882 -8.28352 -7.01132 -7.89745 -5.48988 -7.92701 -8.67364 -4.23318 -8.38554 -6.98595 -7.64767 -5.65822 -7.94855 -8.68433 -3.09894 -8.29428 -6.49289 -9.53104 -3.68889 -7.60495 -8.74692 -2.25372 -8.19065
68.155 -4.67262 -10.2905 -9.1658 -8.46073 -9.52759 -3.76294 -7.37876 -8.11569 -7.30382 -5.34226 -8.85179 -8.69042 -4.01892 -7.03033 -6.85187 -8.09264 -5.29878 -7.89012 -8.70504 -4.14664 -8.81258 -7.14189 -7.80718 -5.5229 -7.89474 -8.63654 -4.1488 -8.28272 -7.01145 -7.89732 -5.48987 -7.92699 -8.6736 -4.23321 -8.38551 -6.98589 -7.64769 -5.65824 -7.94855 -8.68435 -3.09892 -8.29436 -6.4929 -9.53105 -3.68887 -7.60495 -8.74692 -2.25372 -8.19063
68.205 -4.67547 -10.3048 -9.12126 -8.45082 -9.52501 -3.7611 -7.36452 -8.12447 -7.29879 -5.34001 -8.8455 -8.68821 -4.01927 -7.02464 -6.84978 -8.09341 -5.2986 -7.88987 -8.70553 -4.14647 -8.81895 -7.14213 -7.8074 -5.52275 -7.89468 -8.63648 -4.14879 -8.2819 -7.01157 -7.89719 -5.48987 -7.92697 -8.67357 -4.23323 -8.38549 -6.98583 -7.64771 -5.65826 -7.94855 -8.68436 -3.0989 -8.29444 -6.49291 -9.53106 -3.68885 -7.60495 -8.74691 -2.25372 -8.19061
68.255 -4.67945 -10.3181 -9.07453 -8.44143 -9.52221 -3.75946 -7.35107 -8.13278 -7.2938 -5.33792 -8.83866 -8.68594 -4.01965 -7.01977 -6.84769 -8.09424 -5.29844 -7.88963 -8.70602 -4.14629 -8.82515 -7.1424 -7.80761 -5.52258 -7.89462 -8.63641 -4.14878 -8.28105 -7.01169 -7.89706 -5.48988 -7.92695 -8.67353 -4.23325 -8.38548 -6.98577 -7.64773 -5.65828 -7.94855 -8.68437 -3.09889 -8.29451 -6.49292 -9.53107 -3.68883 -7.60495 -8.74691 -2.25372 -8.19058
68.305 -4.6846 -10.3304 -9.02573 -8.43256 -9.5192 -3.75801 -7.33841 -8.14062 -7.28886 -5.336 -8.83124 -8.6836 -4.02007 -7.0157 -6.84561 -8.09512 -5.2983 -7.88941 -8.70651 -4.1461 -8.83119 -7.14271 -7.8078 -5.52242 -7.89456 -8.63634 -4.14877 -8.28019 -7.0118 -7.89693 -5.48988 -7.92693 -8.6735 -4.23328 -8.3855 -6.98572 -7.64776 -5.6583 -7.94856 -8.68439 -3.09887 -8.29459 -6.49293 -9.53107 -3.68881 -7.60495 -8.74691 -2.25372 -8.19056
68.355 -4.69091 -10.3417 -8.97498 -8.42421 -9.51595 -3.75675 -7.32655 -8.14798 -7.28397 -5.33424 -8.82324 -8.6812 -4.02052 -7.01242 -6.84354 -8.09607 -5.29816 -7.88921 -8.70701 -4.1459 -8.83704 -7.14304 -7.80797 -5.52224 -7.8945 -8.63626 -4.14877 -8.2793 -7.0119 -7.8968 -5.48989 -7.92691 -8.67347 -4.2333 -8.38552 -6.98566 -7.64778 -5.65832 -7.94856 -8.6844 -3.09886 -8.29466 -6.49295 -9.53108 -3.68879 -7.60495 -8.7469 -2.25372 -8.19054
68.405 -4.69841 -10.3519 -8.92238 -8.41639 -9.51248 -3.75567 -7.31549 -8.15488 -7.27915 -5.33265 -8.81463 -8.67872 -4.02101 -7.00995 -6.84147 -8.09706 -5.29804 -7.88902 -8.70751 -4.14569 -8.84271 -7.14339 -7.80812 -5.52206 -7.89444 -8.63617 -4.14878 -8.27841 -7.01199 -7.89667 -5.48991 -7.92689 -8.67344 -4.23332 -8.38557 -6.9856 -7.64781 -5.65834 -7.94856 -8.68442 -3.09884 -8.29473 -6.49296 -9.53108 -3.68878 -7.60495 -8.7469 -2.25372 -8.19051
68.455 -4.70712 -10.3611 -8.86802 -8.4091 -9.50877 -3.75478 -7.30522 -8.1613 -7.27441 -5.33121 -8.8054 -8.67616 -4.02152 -7.00828 -6.83942 -8.09811 -5.29792 -7.88884 -8.70801 -4.14548 -8.84818 -7.14378 -7.80825 -5.52187 -7.89439 -8.63608 -4.14878 -8.2775 -7.01207 -7.89655 -5.48992 -7.92687 -8.67341 -4.23335 -8.38563 -6.98554 -7.64784 -5.65835 -7.94857 -8.68443 -3.09882 -8.29479 -6.49297 -9.53108 -3.68876 -7.60495 -8.74689 -2.25372 -8.19049
68.505 -4.71706 -10.3692 -8.81197 -8.40233 -9.50481 -3.75408 -7.29577 -8.16724 -7.26974 -5.32994 -8.79552 -8.67352 -4.02207 -7.0074 -6.83739 -8.0992 -5.29782 -7.88868 -8.70851 -4.14526 -8.85346 -7.14419 -7.80836 -5.52168 -7.89433 -8.63598 -4.1488 -8.27659 -7.01214 -7.89642 -5.48994 -7.92685 -8.67339 -4.23337 -8.3857 -6.98548 -7.64787 -5.65837 -7.94857 -8.68445 -3.09881 -8.29485 -6.49299 -9.53108 -3.68874 -7.60495 -8.74689 -2.25372 -8.19046
68.555 -4.72826 -10.3763 -8.75432 -8.3961 -9.5006 -3.75356 -7.28712 -8.17271 -7.26515 -5.32882 -8.78496 -8.6708 -4.02266 -7.00732 -6.83538 -8.10034 -5.29773 -7.88854 -8.70901 -4.14503 -8.85853 -7.14462 -7.80845 -5.52148 -7.89428 -8.63588 -4.14881 -8.27567 -7.01221 -7.8963 -5.48997 -7.92683 -8.67337 -4.23339 -8.38579 -6.98543 -7.6479 -5.65839 -7.94858 -8.68446 -3.09879 -8.29491 -6.493 -9.53109 -3.68873 -7.60495 -8.74689 -2.25372 -8.19044
68.605 -4.74075 -10.3824 -8.69511 -8.3904 -9.49612 -3.75323 -7.27928 -8.1777 -7.26064 -5.32786 -8.77372 -8.66797 -4.02327 -7.00805 -6.8334 -8.10153 -5.29765 -7.88841 -8.7095 -4.14479 -8.86339 -7.14508 -7.80852 -5.52128 -7.89423 -8.63577 -4.14883 -8.27474 -7.01227 -7.89618 -5.49 -7.9268 -8.67335 -4.23341 -8.38589 -6.98537 -7.64794 -5.65841 -7.94858 -8.68448 -3.09878 -8.29497 -6.49302 -9.53109 -3.68871 -7.60495 -8.74688 -2.25372 -8.19041
68.655 -4.75456 -10.3874 -8.63439 -8.38523 -9.49136 -3.75309 -7.27227 -8.18221 -7.25623 -5.32705 -8.76175 -8.66505 -4.02392 -7.00958 -6.83144 -8.10275 -5.29757 -7.88829 -8.71 -4.14455 -8.86804 -7.14556 -7.80857 -5.52108 -7.89418 -8.63566 -4.14886 -8.27381 -7.01231 -7.89606 -5.49003 -7.92678 -8.67333 -4.23343 -8.38601 -6.98532 -7.64797 -5.65842 -7.94859 -8.68449 -3.09876 -8.29502 -6.49304 -9.53108 -3.6887 -7.60495 -8.74688 -2.25372 -8.19039
68.705 -4.76972 -10.3914 -8.57219 -8.3806 -9.4863 -3.75313 -7.26608 -8.18623 -7.25192 -5.32639 -8.74904 -8.66202 -4.02461 -7.01194 -6.82951 -8.10401 -5.29751 -7.88818 -8.71049 -4.14431 -8.87247 -7.14606 -7.8086 -5.52087 -7.89413 -8.63555 -4.14888 -8.27288 -7.01235 -7.89595 -5.49006 -7.92676 -8.67331 -4.23345 -8.38615 -6.98526 -7.64801 -5.65844 -7.94859 -8.68451 -3.09875 -8.29507 -6.49306 -9.53108 -3.68868 -7.60496 -8.74687 -2.25372 -8.19037
68.755 -4.78628 -10.3943 -8.50856 -8.3765 -9.48093 -3.75336 -7.26074 -8.18976 -7.24771 -5.32589 -8.73557 -8.65888 -4.02533 -7.01512 -6.82761 -8.1053 -5.29746 -7.88809 -8.71097 -4.14406 -8.87668 -7.14658 -7.80861 -5.52066 -7.89408 -8.63542 -4.14892 -8.27194 -7.01238 -7.89584 -5.4901 -7.92674 -8.6733 -4.23347 -8.38629 -6.98521 -7.64804 -5.65845 -7.9486 -8.68452 -3.09873 -8.29511 -6.49307 -9.53108 -3.68867 -7.60496 -8.74687 -2.25372 -8.19034
68.805 -4.80425 -10.3962 -8.4435 -8.37295 -9.47523 -3.75378 -7.25624 -8.1928 -7.2436 -5.32553 -8.7213 -8.65562 -4.02608 -7.01913 -6.82575 -8.10663 -5.29742 -7.88801 -8.71145 -4.14381 -8.88067 -7.14712 -7.8086 -5.52045 -7.89404 -8.6353 -4.14895 -8.27101 -7.0124 -7.89573 -5.49014 -7.92671 -8.67329 -4.23349 -8.38645 -6.98516 -7.64808 -5.65846 -7.94861 -8.68454 -3.09872 -8.29516 -6.49309 -9.53108 -3.68866 -7.60496 -8.74686 -2.25373 -8.19032
68.855 -4.82369 -10.397 -8.37703 -8.36994 -9.46919 -3.75439 -7.25261 -8.19534 -7.2396 -5.32533 -8.70621 -8.65224 -4.02687 -7.02399 -6.82392 -8.10798 -5.29738 -7.88794 -8.71193 -4.14355 -8.88442 -7.14768 -7.80857 -5.52024 -7.89399 -8.63517 -4.14899 -8.27009 -7.01241 -7.89563 -5.49018 -7.92669 -8.67328 -4.23351 -8.38662 -6.98511 -7.64812 -5.65848 -7.94861 -8.68455 -3.09871 -8.29519 -6.49311 -9.53107 -3.68865 -7.60496 -8.74685 -2.25373 -8.19029
68.905 -4.84463 -10.3966 -8.30916 -8.36748 -9.46278 -3.7552 -7.24986 -8.19738 -7.23572 -5.32527 -8.69029 -8.64873 -4.0277 -7.02971 -6.82213 -8.10936 -5.29737 -7.88789 -8.7124 -4.14329 -8.88794 -7.14825 -7.80852 -5.52002 -7.89395 -8.63504 -4.14903 -8.26917 -7.01242 -7.89553 -5.49023 -7.92667 -8.67327 -4.23352 -8.38681 -6.98506 -7.64816 -5.65849 -7.94862 -8.68456 -3.09869 -8.29523 -6.49313 -9.53107 -3.68864 -7.60496 -8.74685 -2.25373 -8.19027
68.955 -4.86711 -10.3951 -8.23989 -8.36558 -9.45599 -3.7562 -7.24801 -8.1989 -7.23195 -5.32536 -8.6735 -8.64509 -4.02857 -7.03631 -6.82038 -8.11076 -5.29736 -7.88785 -8.71286 -4.14303 -8.89122 -7.14884 -7.80844 -5.51981 -7.89392 -8.6349 -4.14908 -8.26826 -7.01241 -7.89543 -5.49028 -7.92664 -8.67326 -4.23354 -8.387 -6.98501 -7.64819 -5.6585 -7.94863 -8.68458 -3.09868 -8.29525 -6.49315 -9.53106 -3.68863 -7.60497 -8.74684 -2.25373 -8.19024
69.005 -4.89115 -10.3925 -8.16922 -8.36423 -9.4488 -3.75741 -7.24708 -8.1999 -7.22831 -5.3256 -8.65584 -8.64131 -4.02947 -7.04379 -6.81868 -8.11218 -5.29737 -7.88783 -8.71331 -4.14277 -8.89427 -7.14944 -7.80835 -5.5196 -7.89388 -8.63477 -4.14913 -8.26735 -7.01239 -7.89534 -5.49033 -7.92662 -8.67326 -4.23355 -8.38721 -6.98496 -7.64823 -5.65851 -7.94864 -8.68459 -3.09867 -8.29528 -6.49317 -9.53105 -3.68862 -7.60497 -8.74684 -2.25373 -8.19022
69.055 -4.9168 -10.3887 -8.09715 -8.36346 -9.44118 -3.75883 -7.24708 -8.20037 -7.2248 -5.32598 -8.63728 -8.63739 -4.03042 -7.05218 -6.81701 -8.11362 -5.29739 -7.88781 -8.71376 -4.1425 -8.89706 -7.15005 -7.80825 -5.51938 -7.89385 -8.63463 -4.14918 -8.26646 -7.01237 -7.89525 -5.49038 -7.9266 -8.67326 -4.23357 -8.38743 -6.98492 -7.64827 -5.65852 -7.94864 -8.6846 -3.09866 -8.2953 -6.4932 -9.53104 -3.68861 -7.60497 -8.74683 -2.25373 -8.1902
69.105 -4.94408 -10.3837 -8.02367 -8.36325 -9.43312 -3.76046 -7.24804 -8.2003 -7.22141 -5.32651 -8.61782 -8.63333 -4.03142 -7.06148 -6.8154 -8.11508 -5.29743 -7.88782 -8.7142 -4.14224 -8.89962 -7.15067 -7.80812 -5.51917 -7.89382 -8.63448 -4.14924 -8.26558 -7.01234 -7.89517 -5.49044 -7.92658 -8.67326 -4.23358 -8.38765 -6.98488 -7.64831 -5.65853 -7.94865 -8.68461 -3.09864 -8.29532 -6.49322 -9.53104 -3.68861 -7.60497 -8.74683 -2.25374 -8.19018
69.155 -4.97302 -10.3774 -7.9488 -8.36363 -9.4246 -3.7623 -7.24999 -8.19968 -7.21816 -5.32719 -8.59746 -8.62913 -4.03245 -7.07172 -6.81383 -8.11655 -5.29749 -7.88783 -8.71463 -4.14197 -8.90192 -7.15131 -7.80797 -5.51896 -7.89379 -8.63434 -4.14929 -8.26471 -7.01229 -7.89509 -5.4905 -7.92655 -8.67326 -4.23359 -8.38789 -6.98484 -7.64836 -5.65854 -7.94866 -8.68463 -3.09863 -8.29533 -6.49324 -9.53103 -3.6886 -7.60498 -8.74682 -2.25374 -8.19016
69.205 -5.00363 -10.3699 -7.87253 -8.3646 -9.4156 -3.76437 -7.25294 -8.19849 -7.21505 -5.32802 -8.57621 -8.62477 -4.03353 -7.08291 -6.81231 -8.11802 -5.29757 -7.88786 -8.71505 -4.14171 -8.90396 -7.15195 -7.80781 -5.51875 -7.89377 -8.63419 -4.14936 -8.26385 -7.01224 -7.89502 -5.49056 -7.92653 -8.67327 -4.2336 -8.38814 -6.9848 -7.6484 -5.65855 -7.94867 -8.68464 -3.09862 -8.29534 -6.49326 -9.53101 -3.6886 -7.60498 -8.74681 -2.25374 -8.19013
69.255 -5.0359 -10.361 -7.79489 -8.36617 -9.40611 -3.76666 -7.25693 -8.19673 -7.21208 -5.329 -8.55407 -8.62028 -4.03466 -7.09507 -6.81085 -8.11951 -5.29766 -7.8879 -8.71546 -4.14145 -8.90574 -7.1526 -7.80763 -5.51854 -7.89375 -8.63405 -4.14942 -8.26301 -7.01218 -7.89495 -5.49062 -7.92651 -8.67327 -4.23361 -8.38839 -6.98476 -7.64844 -5.65855 -7.94868 -8.68465 -3.09861 -8.29534 -6.49328 -9.531 -3.6886 -7.60498 -8.74681 -2.25374 -8.19011
69.305 -5.06984 -10.3509 -7.7159 -8.36834 -9.39612 -3.76919 -7.26198 -8.19438 -7.20925 -5.33014 -8.53109 -8.61565 -4.03584 -7.1082 -6.80943 -8.121 -5.29778 -7.88796 -8.71586 -4.14118 -8.90726 -7.15325 -7.80743 -5.51834 -7.89373 -8.6339 -4.14949 -8.26219 -7.01212 -7.89489 -5.49069 -7.92649 -8.67328 -4.23362 -8.38865 -6.98473 -7.64848 -5.65856 -7.94869 -8.68466 -3.0986 -8.29534 -6.4933 -9.53099 -3.68859 -7.60499 -8.7468 -2.25375 -8.19009
69.355 -5.10543 -10.3393 -7.63563 -8.37114 -9.38562 -3.77195 -7.26813 -8.19142 -7.20658 -5.33143 -8.50729 -8.61089 -4.03707 -7.12232 -6.80807 -8.12249 -5.29792 -7.88804 -8.71625 -4.14092 -8.90852 -7.15391 -7.80721 -5.51814 -7.89372 -8.63375 -4.14955 -8.26139 -7.01204 -7.89484 -5.49075 -7.92647 -8.6733 -4.23362 -8.38892 -6.9847 -7.64852 -5.65856 -7.9487 -8.68467 -3.0986 -8.29534 -6.49332 -9.53098 -3.68859 -7.60499 -8.7468 -2.25375 -8.19007
69.405 -5.1426 -10.3264 -7.55413 -8.37456 -9.37461 -3.77496 -7.27539 -8.18785 -7.20406 -5.33287 -8.48275 -8.60602 -4.03834 -7.13744 -6.80677 -8.12398 -5.29809 -7.88813 -8.71663 -4.14067 -8.90949 -7.15458 -7.80698 -5.51794 -7.89371 -8.6336 -4.14962 -8.2606 -7.01196 -7.89478 -5.49082 -7.92645 -8.67331 -4.23363 -8.3892 -6.98467 -7.64856 -5.65857 -7.94871 -8.68468 -3.09859 -8.29533 -6.49335 -9.53097 -3.68859 -7.60499 -8.74679 -2.25375 -8.19006
69.455 -5.18132 -10.3121 -7.4715 -8.37862 -9.3631 -3.77821 -7.28379 -8.18364 -7.2017 -5.33448 -8.45753 -8.60103 -4.03967 -7.15356 -6.80553 -8.12546 -5.29829 -7.88823 -8.71699 -4.14041 -8.91019 -7.15524 -7.80673 -5.51775 -7.89371 -8.63345 -4.1497 -8.25983 -7.01187 -7.89474 -5.49089 -7.92643 -8.67332 -4.23364 -8.38948 -6.98464 -7.6486 -5.65857 -7.94872 -8.68469 -3.09858 -8.29532 -6.49337 -9.53095 -3.68859 -7.605 -8.74678 -2.25376 -8.19004
69.505 -5.22148 -10.2963 -7.38786 -8.38333 -9.35111 -3.78171 -7.29336 -8.17879 -7.19951 -5.33624 -8.43173 -8.59596 -4.04104 -7.17067 -6.80435 -8.12694 -5.29851 -7.88835 -8.71735 -4.14016 -8.91061 -7.15591 -7.80647 -5.51756 -7.89371 -8.63331 -4.14977 -8.25909 -7.01177 -7.8947 -5.49096 -7.92641 -8.67334 -4.23364 -8.38977 -6.98461 -7.64864 -5.65857 -7.94872 -8.6847 -3.09857 -8.2953 -6.49339 -9.53094 -3.6886 -7.605 -8.74678 -2.25376 -8.19002
69.555 -5.26298 -10.279 -7.30339 -8.38868 -9.33865 -3.78546 -7.30412 -8.17329 -7.19749 -5.33817 -8.40546 -8.59083 -4.04246 -7.18878 -6.80323 -8.12841 -5.29876 -7.88849 -8.71769 -4.13991 -8.91074 -7.15658 -7.8062 -5.51737 -7.89372 -8.63316 -4.14985 -8.25837 -7.01167 -7.89466 -5.49103 -7.9264 -8.67336 -4.23364 -8.39006 -6.98459 -7.64868 -5.65857 -7.94873 -8.68471 -3.09857 -8.29528 -6.49341 -9.53092 -3.6886 -7.60501 -8.74677 -2.25376 -8.19001
69.605 -5.30567 -10.2603 -7.21826 -8.39469 -9.32577 -3.78947 -7.31608 -8.16713 -7.19564 -5.34026 -8.37886 -8.58566 -4.04392 -7.20786 -6.80217 -8.12988 -5.29904 -7.88865 -8.71802 -4.13967 -8.91057 -7.15725 -7.80591 -5.51719 -7.89373 -8.63301 -4.14993 -8.25767 -7.01155 -7.89464 -5.49111 -7.92638 -8.67338 -4.23364 -8.39036 -6.98457 -7.64872 -5.65857 -7.94874 -8.68471 -3.09856 -8.29526 -6.49343 -9.53091 -3.6886 -7.60501 -8.74677 -2.25377 -8.18999
69.655 -5.34939 -10.2401 -7.13271 -8.40136 -9.31252 -3.79372 -7.32925 -8.16029 -7.19397 -5.34252 -8.35208 -8.58048 -4.04542 -7.22789 -6.80118 -8.13132 -5.29936 -7.88883 -8.71833 -4.13943 -8.91011 -7.15791 -7.8056 -5.51702 -7.89375 -8.63287 -4.15001 -8.25699 -7.01143 -7.89461 -5.49118 -7.92636 -8.67341 -4.23365 -8.39066 -6.98455 -7.64876 -5.65857 -7.94875 -8.68472 -3.09856 -8.29523 -6.49345 -9.53089 -3.68861 -7.60501 -8.74676 -2.25377 -8.18998
69.705 -5.39396 -10.2184 -7.04702 -8.40868 -9.29895 -3.79823 -7.34363 -8.15279 -7.19249 -5.34495 -8.32528 -8.57532 -4.04697 -7.24884 -6.80026 -8.13276 -5.29971 -7.88902 -8.71864 -4.13919 -8.90934 -7.15857 -7.80529 -5.51685 -7.89377 -8.63273 -4.15009 -8.25634 -7.01131 -7.8946 -5.49126 -7.92635 -8.67343 -4.23364 -8.39097 -6.98454 -7.64879 -5.65857 -7.94876 -8.68473 -3.09855 -8.2952 -6.49347 -9.53087 -3.68862 -7.60502 -8.74676 -2.25377 -8.18996
69.755 -5.43914 -10.1954 -6.9615 -8.41664 -9.28514 -3.80298 -7.35922 -8.14461 -7.1912 -5.34755 -8.29865 -8.57023 -4.04855 -7.27067 -6.79941 -8.13417 -5.30009 -7.88924 -8.71893 -4.13896 -8.90826 -7.15923 -7.80496 -5.51669 -7.8938 -8.63259 -4.15017 -8.25571 -7.01118 -7.89458 -5.49133 -7.92633 -8.67346 -4.23364 -8.39127 -6.98453 -7.64883 -5.65857 -7.94877 -8.68473 -3.09855 -8.29516 -6.49349 -9.53085 -3.68862 -7.60502 -8.74675 -2.25378 -8.18995
69.805 -5.48471 -10.1709 -6.87648 -8.42525 -9.27116 -3.80795 -7.37601 -8.13576 -7.1901 -5.35032 -8.27236 -8.56524 -4.05015 -7.29332 -6.79863 -8.13556 -5.3005 -7.88947 -8.7192 -4.13874 -8.90687 -7.15988 -7.80462 -5.51653 -7.89383 -8.63245 -4.15025 -8.25511 -7.01104 -7.89458 -5.49141 -7.92632 -8.67348 -4.23364 -8.39158 -6.98452 -7.64886 -5.65856 -7.94878 -8.68474 -3.09855 -8.29512 -6.49351 -9.53084 -3.68863 -7.60503 -8.74675 -2.25378 -8.18994
69.855 -5.53041 -10.1451 -6.79236 -8.43447 -9.25712 -3.81315 -7.39396 -8.12625 -7.18921 -5.35325 -8.24661 -8.5604 -4.05178 -7.31673 -6.79793 -8.13693 -5.30095 -7.88973 -8.71946 -4.13852 -8.90517 -7.16052 -7.80427 -5.51638 -7.89387 -8.63231 -4.15033 -8.25454 -7.0109 -7.89458 -5.49148 -7.9263 -8.67351 -4.23364 -8.39189 -6.98451 -7.6489 -5.65856 -7.94879 -8.68474 -3.09855 -8.29508 -6.49353 -9.53082 -3.68864 -7.60503 -8.74674 -2.25378 -8.18993
69.905 -5.57598 -10.118 -6.70951 -8.4443 -9.2431 -3.81856 -7.41304 -8.1161 -7.18852 -5.35636 -8.22157 -8.55574 -4.05343 -7.34082 -6.7973 -8.13828 -5.30143 -7.89 -8.7197 -4.13831 -8.90315 -7.16116 -7.80391 -5.51624 -7.89392 -8.63218 -4.15042 -8.254 -7.01075 -7.89459 -5.49156 -7.92629 -8.67355 -4.23363 -8.39221 -6.98451 -7.64893 -5.65855 -7.9488 -8.68475 -3.09855 -8.29503 -6.49355 -9.5308 -3.68865 -7.60504 -8.74673 -2.25379 -8.18992
69.955 -5.62118 -10.0897 -6.62835 -8.45469 -9.2292 -3.82416 -7.43321 -8.10532 -7.18805 -5.35962 -8.19742 -8.55131 -4.05508 -7.36552 -6.79675 -8.13959 -5.30194 -7.8903 -8.71993 -4.1381 -8.9008 -7.16178 -7.80354 -5.5161 -7.89397 -8.63205 -4.1505 -8.25349 -7.0106 -7.8946 -5.49163 -7.92628 -8.67358 -4.23363 -8.39252 -6.9845 -7.64897 -5.65855 -7.94881 -8.68475 -3.09855 -8.29498 -6.49357 -9.53078 -3.68866 -7.60504 -8.74673 -2.25379 -8.18991
70.005 -5.66573 -10.0603 -6.54928 -8.46562 -9.21553 -3.82992 -7.4544 -8.09394 -7.18779 -5.36305 -8.1743 -8.54715 -4.05673 -7.39072 -6.79628 -8.14088 -5.30248 -7.89061 -8.72014 -4.1379 -8.89814 -7.1624 -7.80316 -5.51597 -7.89403 -8.63192 -4.15058 -8.253 -7.01044 -7.89462 -5.4917 -7.92627 -8.67361 -4.23362 -8.39283 -6.98451 -7.649 -5.65854 -7.94882 -8.68475 -3.09855 -8.29493 -6.49359 -9.53076 -3.68868 -7.60505 -8.74673 -2.25379 -8.18991
70.055 -5.70942 -10.0299 -6.47272 -8.47704 -9.20218 -3.83583 -7.47655 -8.082 -7.18775 -5.36663 -8.15235 -8.54328 -4.05837 -7.41634 -6.7959 -8.14213 -5.30304 -7.89095 -8.72033 -4.13771 -8.89516 -7.163 -7.80278 -5.51585 -7.89409 -8.6318 -4.15067 -8.25255 -7.01027 -7.89464 -5.49178 -7.92626 -8.67365 -4.23361 -8.39314 -6.98451 -7.64903 -5.65853 -7.94883 -8.68475 -3.09855 -8.29487 -6.49361 -9.53074 -3.68869 -7.60505 -8.74672 -2.2538 -8.1899
70.105 -5.752 -9.99867 -6.39905 -8.48891 -9.18923 -3.84187 -7.49958 -8.06952 -7.18793 -5.37036 -8.13168 -8.53973 -4.05999 -7.44227 -6.7956 -8.14334 -5.30364 -7.89131 -8.72051 -4.13753 -8.89186 -7.16359 -7.80239 -5.51574 -7.89416 -8.63168 -4.15075 -8.25213 -7.01011 -7.89467 -5.49185 -7.92625 -8.67368 -4.2336 -8.39345 -6.98451 -7.64906 -5.65852 -7.94883 -8.68475 -3.09855 -8.29482 -6.49362 -9.53072 -3.6887 -7.60506 -8.74672 -2.2538 -8.1899
70.155 -5.7933 -9.96665 -6.32863 -8.50116 -9.17678 -3.84799 -7.52341 -8.05656 -7.18835 -5.37423 -8.11235 -8.53653 -4.06159 -7.46839 -6.79539 -8.14452 -5.30425 -7.89168 -8.72067 -4.13735 -8.88824 -7.16417 -7.80199 -5.51563 -7.89423 -8.63157 -4.15083 -8.25174 -7.00994 -7.89471 -5.49192 -7.92624 -8.67372 -4.23359 -8.39376 -6.98452 -7.64908 -5.65851 -7.94884 -8.68475 -3.09855 -8.29475 -6.49364 -9.5307 -3.68872 -7.60506 -8.74671 -2.2538 -8.18989
70.205 -5.83315 -9.934 -6.26177 -8.51376 -9.16488 -3.85419 -7.54794 -8.04315 -7.18899 -5.37823 -8.09443 -8.5337 -4.06314 -7.4946 -6.79527 -8.14566 -5.30489 -7.89208 -8.7208 -4.13719 -8.88432 -7.16474 -7.80159 -5.51553 -7.89431 -8.63146 -4.15091 -8.25138 -7.00976 -7.89475 -5.492 -7.92623 -8.67376 -4.23358 -8.39406 -6.98453 -7.64911 -5.6585 -7.94885 -8.68475 -3.09856 -8.29469 -6.49365 -9.53069 -3.68873 -7.60507 -8.74671 -2.25381 -8.18989
70.255 -5.8714 -9.90086 -6.19877 -8.52662 -9.15358 -3.86044 -7.57308 -8.02934 -7.18986 -5.38235 -8.07794 -8.53124 -4.06466 -7.52079 -6.79523 -8.14675 -5.30554 -7.89249 -8.72092 -4.13703 -8.8801 -7.16528 -7.80118 -5.51544 -7.89439 -8.63135 -4.15099 -8.25106 -7.00959 -7.8948 -5.49207 -7.92623 -8.6738 -4.23357 -8.39436 -6.98455 -7.64913 -5.65849 -7.94886 -8.68475 -3.09856 -8.29462 -6.49367 -9.53067 -3.68875 -7.60507 -8.7467 -2.25381 -8.18989
70.305 -5.90796 -9.86733 -6.13985 -8.5397 -9.14294 -3.8667 -7.59873 -8.01518 -7.19097 -5.38658 -8.06287 -8.52915 -4.06612 -7.54685 -6.7953 -8.1478 -5.30621 -7.89292 -8.72102 -4.13688 -8.87558 -7.16581 -7.80077 -5.51536 -7.89448 -8.63125 -4.15108 -8.25078 -7.00941 -7.89485 -5.49213 -7.92622 -8.67384 -4.23355 -8.39466 -6.98456 -7.64916 -5.65848 -7.94887 -8.68475 -3.09856 -8.29455 -6.49368 -9.53065 -3.68877 -7.60507 -8.7467 -2.25381 -8.18989
70.355 -5.94273 -9.83356 -6.08521 -8.55293 -9.13297 -3.87295 -7.6248 -8.00073 -7.19231 -5.3909 -8.04922 -8.52744 -4.06752 -7.57268 -6.79545 -8.1488 -5.30688 -7.89336 -8.72109 -4.13674 -8.87079 -7.16632 -7.80035 -5.51529 -7.89457 -8.63115 -4.15115 -8.25053 -7.00923 -7.8949 -5.4922 -7.92622 -8.67388 -4.23354 -8.39495 -6.98458 -7.64918 -5.65846 -7.94887 -8.68475 -3.09857 -8.29448 -6.4937 -9.53063 -3.68878 -7.60508 -8.7467 -2.25382 -8.18989
70.405 -5.97569 -9.79967 -6.03498 -8.56624 -9.1237 -3.87918 -7.65118 -7.98603 -7.19389 -5.3953 -8.03694 -8.52609 -4.06885 -7.59819 -6.7957 -8.14975 -5.30756 -7.89382 -8.72115 -4.13661 -8.86572 -7.16682 -7.79994 -5.51522 -7.89466 -8.63106 -4.15123 -8.25032 -7.00904 -7.89497 -5.49227 -7.92621 -8.67393 -4.23352 -8.39524 -6.9846 -7.6492 -5.65845 -7.94888 -8.68475 -3.09858 -8.29441 -6.49371 -9.53061 -3.6888 -7.60508 -8.7467 -2.25382 -8.18989
70.455 -6.00678 -9.76576 -5.98926 -8.57958 -9.11512 -3.88535 -7.67778 -7.97114 -7.19569 -5.39977 -8.02599 -8.5251 -4.07011 -7.62328 -6.79605 -8.15064 -5.30824 -7.89429 -8.72118 -4.13649 -8.8604 -7.16729 -7.79952 -5.51517 -7.89476 -8.63097 -4.15131 -8.25015 -7.00886 -7.89503 -5.49233 -7.92621 -8.67397 -4.23351 -8.39552 -6.98463 -7.64922 -5.65844 -7.94889 -8.68474 -3.09858 -8.29433 -6.49372 -9.53059 -3.68882 -7.60509 -8.74669 -2.25382 -8.1899
70.505 -6.03602 -9.73195 -5.9481 -8.59289 -9.10723 -3.89144 -7.7045 -7.95611 -7.19773 -5.40429 -8.01631 -8.52445 -4.0713 -7.64786 -6.79649 -8.15149 -5.30892 -7.89477 -8.72119 -4.13638 -8.85483 -7.16774 -7.7991 -5.51512 -7.89485 -8.63089 -4.15138 -8.25001 -7.00867 -7.89511 -5.49239 -7.92621 -8.67401 -4.23349 -8.3958 -6.98465 -7.64923 -5.65842 -7.94889 -8.68474 -3.09859 -8.29425 -6.49373 -9.53057 -3.68884 -7.60509 -8.74669 -2.25383 -8.1899
70.555 -6.0634 -9.69834 -5.91151 -8.60611 -9.10001 -3.89744 -7.73127 -7.94098 -7.2 -5.40884 -8.00784 -8.52412 -4.07241 -7.67187 -6.79703 -8.15227 -5.30959 -7.89526 -8.72117 -4.13628 -8.84904 -7.16816 -7.79868 -5.51508 -7.89495 -8.63081 -4.15146 -8.24992 -7.00849 -7.89518 -5.49245 -7.9262 -8.67406 -4.23347 -8.39607 -6.98468 -7.64925 -5.65841 -7.9489 -8.68473 -3.0986 -8.29417 -6.49374 -9.53055 -3.68886 -7.6051 -8.74669 -2.25383 -8.18991
70.605 -6.08894 -9.66503 -5.87946 -8.6192 -9.09346 -3.90333 -7.75799 -7.92581 -7.20249 -5.41342 -8.00051 -8.52409 -4.07343 -7.69523 -6.79767 -8.153 -5.31025 -7.89576 -8.72113 -4.13619 -8.84303 -7.16857 -7.79827 -5.51505 -7.89505 -8.63073 -4.15153 -8.24986 -7.0083 -7.89526 -5.49251 -7.9262 -8.6741 -4.23346 -8.39633 -6.98471 -7.64926 -5.65839 -7.94891 -8.68473 -3.09861 -8.29409 -6.49375 -9.53053 -3.68888 -7.6051 -8.74669 -2.25383 -8.18991
70.655 -6.11269 -9.63209 -5.8519 -8.63212 -9.08753 -3.9091 -7.78459 -7.91064 -7.2052 -5.41801 -7.99425 -8.52435 -4.07438 -7.7179 -6.7984 -8.15366 -5.3109 -7.89626 -8.72107 -4.13611 -8.83683 -7.16895 -7.79785 -5.51503 -7.89515 -8.63067 -4.1516 -8.24985 -7.00811 -7.89535 -5.49257 -7.92621 -8.67415 -4.23344 -8.39659 -6.98475 -7.64927 -5.65837 -7.94891 -8.68472 -3.09862 -8.29401 -6.49375 -9.53051 -3.6889 -7.60511 -8.74668 -2.25384 -8.18992
70.705 -6.13467 -9.59962 -5.82874 -8.64481 -9.08222 -3.91474 -7.811 -7.8955 -7.20812 -5.42259 -7.989 -8.52488 -4.07523 -7.7398 -6.79923 -8.15426 -5.31153 -7.89677 -8.72098 -4.13605 -8.83046 -7.1693 -7.79744 -5.51501 -7.89525 -8.63061 -4.15166 -8.24987 -7.00792 -7.89544 -5.49262 -7.92621 -8.67419 -4.23342 -8.39683 -6.98478 -7.64928 -5.65836 -7.94892 -8.68472 -3.09863 -8.29393 -6.49376 -9.5305 -3.68892 -7.60511 -8.74668 -2.25384 -8.18993
70.755 -6.15494 -9.56767 -5.80987 -8.65726 -9.07749 -3.92022 -7.83715 -7.88045 -7.21126 -5.42715 -7.9847 -8.52564 -4.076 -7.76091 -6.80015 -8.1548 -5.31215 -7.89728 -8.72087 -4.13599 -8.82393 -7.16963 -7.79703 -5.51501 -7.89535 -8.63055 -4.15173 -8.24994 -7.00774 -7.89553 -5.49267 -7.92621 -8.67424 -4.2334 -8.39707 -6.98482 -7.64929 -5.65834 -7.94892 -8.68471 -3.09864 -8.29384 -6.49377 -9.53048 -3.68894 -7.60511 -8.74668 -2.25384 -8.18994
70.805 -6.17353 -9.53631 -5.79518 -8.66943 -9.07331 -3.92555 -7.86298 -7.86552 -7.2146 -5.43167 -7.98128 -8.52664 -4.07669 -7.78118 -6.80116 -8.15527 -5.31274 -7.89779 -8.72073 -4.13595 -8.81726 -7.16993 -7.79663 -5.51501 -7.89544 -8.6305 -4.15179 -8.25005 -7.00755 -7.89563 -5.49272 -7.92621 -8.67428 -4.23338 -8.3973 -6.98486 -7.6493 -5.65832 -7.94893 -8.6847 -3.09865 -8.29376 -6.49377 -9.53046 -3.68897 -7.60512 -8.74668 -2.25385 -8.18995
70.855 -6.19049 -9.5056 -5.78452 -8.68129 -9.06966 -3.93072 -7.88844 -7.85073 -7.21813 -5.43615 -7.9787 -8.52784 -4.07729 -7.80059 -6.80227 -8.15567 -5.31331 -7.89829 -8.72057 -4.13592 -8.81047 -7.1702 -7.79623 -5.51503 -7.89554 -8.63045 -4.15185 -8.2502 -7.00737 -7.89573 -5.49277 -7.92622 -8.67433 -4.23336 -8.39752 -6.9849 -7.6493 -5.6583 -7.94893 -8.68469 -3.09866 -8.29367 -6.49378 -9.53044 -3.68899 -7.60512 -8.74668 -2.25385 -8.18996
70.905 -6.20588 -9.47559 -5.77777 -8.69284 -9.06651 -3.93571 -7.91347 -7.83613 -7.22186 -5.44057 -7.9769 -8.52924 -4.0778 -7.8191 -6.80347 -8.15601 -5.31386 -7.8988 -8.72039 -4.1359 -8.80359 -7.17044 -7.79584 -5.51505 -7.89564 -8.63042 -4.15191 -8.25039 -7.00719 -7.89584 -5.49281 -7.92622 -8.67437 -4.23333 -8.39773 -6.98494 -7.6493 -5.65828 -7.94893 -8.68468 -3.09867 -8.29359 -6.49378 -9.53043 -3.68901 -7.60512 -8.74668 -2.25385 -8.18997
70.955 -6.21973 -9.44631 -5.77475 -8.70405 -9.06383 -3.94053 -7.93804 -7.82174 -7.22576 -5.44492 -7.97584 -8.5308 -4.07824 -7.83671 -6.80475 -8.15627 -5.31438 -7.8993 -8.72018 -4.13589 -8.79661 -7.17066 -7.79545 -5.51508 -7.89573 -8.63038 -4.15196 -8.25063 -7.00701 -7.89595 -5.49285 -7.92623 -8.67442 -4.23331 -8.39793 -6.98498 -7.6493 -5.65827 -7.94894 -8.68467 -3.09869 -8.2935 -6.49378 -9.53041 -3.68903 -7.60513 -8.74668 -2.25385 -8.18999
71.005 -6.23209 -9.41782 -5.77533 -8.71491 -9.0616 -3.94517 -7.96209 -7.80759 -7.22984 -5.44919 -7.97548 -8.53253 -4.07859 -7.8534 -6.80612 -8.15646 -5.31487 -7.8998 -8.71994 -4.1359 -8.78958 -7.17084 -7.79507 -5.51512 -7.89582 -8.63036 -4.15202 -8.25091 -7.00683 -7.89606 -5.49288 -7.92623 -8.67446 -4.23329 -8.39811 -6.98503 -7.6493 -5.65825 -7.94894 -8.68466 -3.0987 -8.29341 -6.49378 -9.5304 -3.68905 -7.60513 -8.74668 -2.25386 -8.19
71.055 -6.24299 -9.39015 -5.77936 -8.72542 -9.0598 -3.94963 -7.9856 -7.79371 -7.23409 -5.45336 -7.97578 -8.53441 -4.07887 -7.86916 -6.80757 -8.15659 -5.31533 -7.90029 -8.71969 -4.13591 -8.7825 -7.17099 -7.79471 -5.51517 -7.89591 -8.63033 -4.15207 -8.25123 -7.00665 -7.89617 -5.49292 -7.92624 -8.6745 -4.23327 -8.39829 -6.98508 -7.6493 -5.65823 -7.94894 -8.68465 -3.09871 -8.29333 -6.49378 -9.53038 -3.68908 -7.60513 -8.74668 -2.25386 -8.19002
71.105 -6.25248 -9.36332 -5.78667 -8.73557 -9.05842 -3.9539 -8.00854 -7.78011 -7.23849 -5.45744 -7.97671 -8.53641 -4.07907 -7.88398 -6.8091 -8.15663 -5.31577 -7.90077 -8.71941 -4.13594 -8.77539 -7.17112 -7.79435 -5.51523 -7.896 -8.63032 -4.15211 -8.25159 -7.00648 -7.89629 -5.49295 -7.92625 -8.67455 -4.23324 -8.39845 -6.98512 -7.64929 -5.65821 -7.94894 -8.68464 -3.09873 -8.29324 -6.49378 -9.53037 -3.6891 -7.60514 -8.74668 -2.25386 -8.19003
71.155 -6.26058 -9.33736 -5.79714 -8.74536 -9.05742 -3.95798 -8.03087 -7.76681 -7.24303 -5.4614 -7.97825 -8.53854 -4.0792 -7.89786 -6.81071 -8.15661 -5.31618 -7.90124 -8.7191 -4.13599 -8.76826 -7.17121 -7.794 -5.5153 -7.89608 -8.63031 -4.15215 -8.25199 -7.00632 -7.89641 -5.49298 -7.92626 -8.67459 -4.23322 -8.39861 -6.98517 -7.64928 -5.65819 -7.94895 -8.68463 -3.09874 -8.29315 -6.49378 -9.53036 -3.68912 -7.60514 -8.74668 -2.25386 -8.19005
71.205 -6.26733 -9.31231 -5.81061 -8.75479 -9.05681 -3.96188 -8.05256 -7.75384 -7.24772 -5.46525 -7.98038 -8.54078 -4.07926 -7.9108 -6.81238 -8.15651 -5.31656 -7.9017 -8.71878 -4.13604 -8.76115 -7.17126 -7.79366 -5.51537 -7.89616 -8.63031 -4.15219 -8.25243 -7.00615 -7.89653 -5.493 -7.92627 -8.67463 -4.2332 -8.39874 -6.98523 -7.64927 -5.65817 -7.94895 -8.68462 -3.09875 -8.29307 -6.49377 -9.53034 -3.68914 -7.60514 -8.74668 -2.25386 -8.19007
71.255 -6.27276 -9.28817 -5.82695 -8.76387 -9.05656 -3.96558 -8.0736 -7.74121 -7.25252 -5.46898 -7.98308 -8.54312 -4.07924 -7.9228 -6.81413 -8.15634 -5.31691 -7.90214 -8.71843 -4.13611 -8.75405 -7.17129 -7.79334 -5.51546 -7.89624 -8.63032 -4.15223 -8.25291 -7.00599 -7.89665 -5.49302 -7.92628 -8.67467 -4.23317 -8.39887 -6.98528 -7.64926 -5.65815 -7.94895 -8.68461 -3.09877 -8.29298 -6.49377 -9.53033 -3.68917 -7.60514 -8.74668 -2.25386 -8.19009
71.305 -6.27687 -9.26498 -5.84605 -8.77259 -9.05668 -3.96908 -8.09395 -7.72894 -7.25745 -5.47257 -7.98634 -8.54556 -4.07917 -7.93386 -6.81595 -8.15609 -5.31724 -7.90258 -8.71806 -4.13619 -8.747 -7.17128 -7.79302 -5.51555 -7.89632 -8.63033 -4.15226 -8.25344 -7.00584 -7.89677 -5.49304 -7.92629 -8.67471 -4.23315 -8.39898 -6.98533 -7.64925 -5.65813 -7.94895 -8.68459 -3.09878 -8.2929 -6.49376 -9.53032 -3.68919 -7.60514 -8.74669 -2.25387 -8.19011
71.355 -6.2797 -9.24275 -5.86778 -8.78097 -9.05714 -3.9724 -8.11361 -7.71705 -7.26248 -5.47603 -7.99014 -8.54809 -4.07902 -7.944 -6.81782 -8.15578 -5.31753 -7.903 -8.71767 -4.13628 -8.73999 -7.17124 -7.79272 -5.51565 -7.89639 -8.63034 -4.15229 -8.254 -7.00569 -7.8969 -5.49306 -7.92631 -8.67475 -4.23312 -8.39908 -6.98538 -7.64923 -5.65811 -7.94895 -8.68458 -3.0988 -8.29282 -6.49376 -9.53031 -3.68921 -7.60515 -8.74669 -2.25387 -8.19013
71.405 -6.28125 -9.22149 -5.89204 -8.789 -9.05794 -3.97552 -8.13255 -7.70554 -7.26761 -5.47935 -7.99449 -8.5507 -4.07882 -7.95321 -6.81976 -8.15538 -5.3178 -7.90341 -8.71727 -4.13639 -8.73305 -7.17117 -7.79244 -5.51576 -7.89646 -8.63037 -4.15232 -8.25459 -7.00555 -7.89702 -5.49307 -7.92632 -8.67479 -4.2331 -8.39917 -6.98544 -7.64922 -5.65809 -7.94895 -8.68457 -3.09881 -8.29274 -6.49375 -9.5303 -3.68923 -7.60515 -8.74669 -2.25387 -8.19015
71.455 -6.28154 -9.20124 -5.91873 -8.7967 -9.05908 -3.97844 -8.15075 -7.69443 -7.27281 -5.48251 -7.99937 -8.55338 -4.07856 -7.9615 -6.82175 -8.15492 -5.31805 -7.9038 -8.71685 -4.13651 -8.72619 -7.17107 -7.79216 -5.51587 -7.89653 -8.6304 -4.15234 -8.25522 -7.00541 -7.89715 -5.49308 -7.92633 -8.67483 -4.23308 -8.39924 -6.98549 -7.6492 -5.65807 -7.94895 -8.68456 -3.09883 -8.29266 -6.49374 -9.53029 -3.68925 -7.60515 -8.74669 -2.25387 -8.19017
71.505 -6.28058 -9.18199 -5.94777 -8.80408 -9.06055 -3.98116 -8.1682 -7.68373 -7.2781 -5.48553 -8.0048 -8.55614 -4.07825 -7.96889 -6.82378 -8.15439 -5.31827 -7.90418 -8.71641 -4.13663 -8.71943 -7.17093 -7.79191 -5.516 -7.8966 -8.63044 -4.15236 -8.25589 -7.00528 -7.89728 -5.49308 -7.92635 -8.67487 -4.23305 -8.39929 -6.98555 -7.64918 -5.65805 -7.94895 -8.68454 -3.09884 -8.29258 -6.49373 -9.53028 -3.68927 -7.60515 -8.74669 -2.25387 -8.19019
71.555 -6.27836 -9.16377 -5.97908 -8.81114 -9.06236 -3.98368 -8.18489 -7.67346 -7.28344 -5.48839 -8.01078 -8.55897 -4.07788 -7.97537 -6.82586 -8.15378 -5.31846 -7.90454 -8.71595 -4.13677 -8.71277 -7.17076 -7.79167 -5.51613 -7.89666 -8.63048 -4.15238 -8.25659 -7.00515 -7.8974 -5.49308 -7.92637 -8.6749 -4.23303 -8.39934 -6.98561 -7.64916 -5.65803 -7.94894 -8.68453 -3.09886 -8.2925 -6.49372 -9.53028 -3.68929 -7.60515 -8.7467 -2.25387 -8.19021
71.605 -6.27488 -9.1466 -6.01259 -8.81788 -9.06451 -3.98601 -8.20079 -7.66362 -7.28884 -5.49109 -8.01731 -8.56187 -4.07745 -7.98095 -6.82798 -8.15311 -5.31863 -7.90489 -8.71548 -4.13692 -8.70623 -7.17056 -7.79144 -5.51627 -7.89672 -8.63053 -4.15239 -8.25733 -7.00503 -7.89753 -5.49308 -7.92638 -8.67494 -4.23301 -8.39936 -6.98566 -7.64914 -5.65802 -7.94894 -8.68451 -3.09888 -8.29243 -6.49371 -9.53027 -3.68931 -7.60515 -8.7467 -2.25387 -8.19023
71.655 -6.27014 -9.13049 -6.04826 -8.82433 -9.06699 -3.98813 -8.2159 -7.65423 -7.29427 -5.49363 -8.0244 -8.56483 -4.07698 -7.98564 -6.83014 -8.15236 -5.31878 -7.90522 -8.71499 -4.13709 -8.69982 -7.17033 -7.79124 -5.51642 -7.89678 -8.63059 -4.15239 -8.25809 -7.00492 -7.89766 -5.49308 -7.9264 -8.67497 -4.23298 -8.39938 -6.98572 -7.64911 -5.658 -7.94894 -8.6845 -3.09889 -8.29235 -6.4937 -9.53026 -3.68933 -7.60515 -8.7467 -2.25387 -8.19026
71.705 -6.26413 -9.11545 -6.08604 -8.83048 -9.06981 -3.99005 -8.2302 -7.64529 -7.29974 -5.496 -8.03207 -8.56786 -4.07646 -7.98945 -6.83233 -8.15155 -5.31891 -7.90553 -8.7145 -4.13726 -8.69355 -7.17006 -7.79105 -5.51657 -7.89683 -8.63065 -4.1524 -8.25889 -7.00481 -7.89778 -5.49307 -7.92642 -8.675 -4.23296 -8.39937 -6.98578 -7.64909 -5.65798 -7.94894 -8.68449 -3.09891 -8.29228 -6.49369 -9.53026 -3.68935 -7.60515 -8.74671 -2.25387 -8.19028
71.755 -6.25684 -9.10151 -6.12589 -8.83634 -9.07299 -3.99176 -8.24366 -7.63682 -7.30522 -5.49821 -8.04034 -8.57095 -4.0759 -7.99238 -6.83455 -8.15068 -5.31902 -7.90582 -8.71399 -4.13744 -8.68743 -7.16977 -7.79087 -5.51673 -7.89689 -8.63072 -4.1524 -8.25971 -7.00472 -7.89791 -5.49306 -7.92644 -8.67503 -4.23294 -8.39936 -6.98583 -7.64906 -5.65796 -7.94893 -8.68447 -3.09892 -8.29222 -6.49368 -9.53026 -3.68937 -7.60515 -8.74671 -2.25387 -8.1903
71.805 -6.24825 -9.08868 -6.16781 -8.84193 -9.07652 -3.99326 -8.25629 -7.62883 -7.3107 -5.50024 -8.04922 -8.57411 -4.07529 -7.99443 -6.83678 -8.14974 -5.31911 -7.9061 -8.71347 -4.13764 -8.68147 -7.16944 -7.79072 -5.5169 -7.89694 -8.63079 -4.1524 -8.26055 -7.00463 -7.89803 -5.49304 -7.92645 -8.67505 -4.23292 -8.39933 -6.98589 -7.64903 -5.65794 -7.94893 -8.68446 -3.09894 -8.29215 -6.49366 -9.53025 -3.68938 -7.60515 -8.74672 -2.25387 -8.19033
71.855 -6.23833 -9.07699 -6.21177 -8.84724 -9.08042 -3.99455 -8.26806 -7.62132 -7.31618 -5.5021 -8.05874 -8.57733 -4.07464 -7.9956 -6.83904 -8.14874 -5.31919 -7.90635 -8.71294 -4.13784 -8.67569 -7.16909 -7.79059 -5.51707 -7.89699 -8.63088 -4.15239 -8.26143 -7.00454 -7.89815 -5.49302 -7.92647 -8.67508 -4.23289 -8.39928 -6.98595 -7.649 -5.65793 -7.94892 -8.68444 -3.09895 -8.29209 -6.49365 -9.53025 -3.6894 -7.60515 -8.74672 -2.25387 -8.19035
71.905 -6.22706 -9.06645 -6.25779 -8.85229 -9.08469 -3.99563 -8.27895 -7.61431 -7.32164 -5.50379 -8.06893 -8.58062 -4.07395 -7.99591 -6.8413 -8.14768 -5.31924 -7.90659 -8.71241 -4.13805 -8.67008 -7.1687 -7.79047 -5.51725 -7.89703 -8.63096 -4.15238 -8.26232 -7.00447 -7.89828 -5.493 -7.92649 -8.6751 -4.23287 -8.39922 -6.986 -7.64897 -5.65791 -7.94892 -8.68443 -3.09897 -8.29203 -6.49363 -9.53025 -3.68942 -7.60515 -8.74672 -2.25387 -8.19037
71.955 -6.21441 -9.0571 -6.30587 -8.85708 -9.08936 -3.99649 -8.28896 -7.60782 -7.32707 -5.5053 -8.07981 -8.58398 -4.07322 -7.99534 -6.84357 -8.14656 -5.31928 -7.90681 -8.71186 -4.13827 -8.66466 -7.16829 -7.79037 -5.51743 -7.89708 -8.63106 -4.15236 -8.26323 -7.0044 -7.89839 -5.49298 -7.92651 -8.67513 -4.23285 -8.39914 -6.98606 -7.64894 -5.65789 -7.94891 -8.68441 -3.09898 -8.29197 -6.49362 -9.53025 -3.68943 -7.60515 -8.74673 -2.25387 -8.1904
72.005 -6.20034 -9.04895 -6.35604 -8.86161 -9.09443 -3.99713 -8.29805 -7.60184 -7.33246 -5.50663 -8.09141 -8.58741 -4.07245 -7.99389 -6.84585 -8.14539 -5.3193 -7.907 -8.71132 -4.1385 -8.65944 -7.16785 -7.79029 -5.51762 -7.89712 -8.63116 -4.15234 -8.26417 -7.00435 -7.89851 -5.49295 -7.92653 -8.67515 -4.23283 -8.39905 -6.98611 -7.6489 -5.65788 -7.94891 -8.6844 -3.099 -8.29192 -6.4936 -9.53025 -3.68945 -7.60515 -8.74673 -2.25387 -8.19042
72.055 -6.18482 -9.04203 -6.40833 -8.8659 -9.09992 -3.99755 -8.3062 -7.5964 -7.3378 -5.50778 -8.10378 -8.59092 -4.07164 -7.99157 -6.84812 -8.14417 -5.31931 -7.90718 -8.71076 -4.13873 -8.65442 -7.16738 -7.79024 -5.51781 -7.89716 -8.63126 -4.15232 -8.26512 -7.0043 -7.89863 -5.49292 -7.92656 -8.67517 -4.23281 -8.39894 -6.98616 -7.64887 -5.65786 -7.9489 -8.68438 -3.09901 -8.29187 -6.49358 -9.53025 -3.68946 -7.60515 -8.74674 -2.25387 -8.19045
72.105 -6.1678 -9.03637 -6.4628 -8.86994 -9.10586 -3.99774 -8.31341 -7.5915 -7.34307 -5.50874 -8.11695 -8.59452 -4.07079 -7.98836 -6.85038 -8.14289 -5.31931 -7.90734 -8.71021 -4.13897 -8.64962 -7.16689 -7.7902 -5.51801 -7.8972 -8.63137 -4.15229 -8.26608 -7.00426 -7.89874 -5.49288 -7.92658 -8.67518 -4.23279 -8.39882 -6.98622 -7.64883 -5.65785 -7.9489 -8.68437 -3.09903 -8.29182 -6.49356 -9.53026 -3.68947 -7.60515 -8.74674 -2.25387 -8.19047
72.155 -6.14923 -9.03202 -6.51948 -8.87374 -9.11226 -3.99769 -8.31964 -7.58717 -7.34826 -5.50952 -8.13096 -8.5982 -4.0699 -7.98426 -6.85263 -8.14157 -5.31929 -7.90748 -8.70965 -4.13922 -8.64504 -7.16637 -7.79018 -5.51821 -7.89724 -8.63149 -4.15226 -8.26706 -7.00423 -7.89884 -5.49285 -7.9266 -8.6752 -4.23278 -8.39869 -6.98627 -7.6488 -5.65784 -7.94889 -8.68436 -3.09904 -8.29178 -6.49354 -9.53026 -3.68948 -7.60514 -8.74675 -2.25386 -8.19049
72.205 -6.12907 -9.02899 -6.57846 -8.87729 -9.11914 -3.9974 -8.32486 -7.58341 -7.35336 -5.51012 -8.14585 -8.60197 -4.06898 -7.97925 -6.85486 -8.1402 -5.31925 -7.90759 -8.7091 -4.13948 -8.64068 -7.16583 -7.79018 -5.51841 -7.89727 -8.63161 -4.15223 -8.26804 -7.0042 -7.89895 -5.49281 -7.92662 -8.67521 -4.23276 -8.39854 -6.98632 -7.64876 -5.65782 -7.94889 -8.68434 -3.09906 -8.29174 -6.49353 -9.53026 -3.6895 -7.60514 -8.74675 -2.25386 -8.19052
72.255 -6.10726 -9.02734 -6.63979 -8.88061 -9.12652 -3.99687 -8.32906 -7.58024 -7.35836 -5.51053 -8.16166 -8.60584 -4.06801 -7.97333 -6.85707 -8.1388 -5.3192 -7.90769 -8.70854 -4.13974 -8.63657 -7.16527 -7.79021 -5.51861 -7.89731 -8.63174 -4.15219 -8.26904 -7.00419 -7.89905 -5.49276 -7.92664 -8.67522 -4.23274 -8.39838 -6.98637 -7.64872 -5.65781 -7.94888 -8.68433 -3.09907 -8.2917 -6.49351 -9.53027 -3.68951 -7.60514 -8.74676 -2.25386 -8.19054
72.305 -6.08374 -9.02709 -6.70357 -8.88368 -9.13444 -3.99609 -8.33219 -7.57767 -7.36325 -5.51075 -8.17845 -8.60981 -4.06701 -7.96648 -6.85925 -8.13735 -5.31914 -7.90776 -8.70799 -4.14001 -8.63269 -7.16469 -7.79025 -5.51882 -7.89734 -8.63187 -4.15215 -8.27004 -7.00418 -7.89915 -5.49272 -7.92666 -8.67523 -4.23273 -8.3982 -6.98642 -7.64868 -5.6578 -7.94887 -8.68432 -3.09908 -8.29167 -6.49349 -9.53028 -3.68951 -7.60514 -8.74677 -2.25386 -8.19056
72.355 -6.05846 -9.0283 -6.76986 -8.88651 -9.1429 -3.99504 -8.33424 -7.57573 -7.36801 -5.51077 -8.19624 -8.61389 -4.06597 -7.95868 -6.86139 -8.13586 -5.31906 -7.90781 -8.70744 -4.14028 -8.62907 -7.16408 -7.79031 -5.51903 -7.89736 -8.632 -4.15211 -8.27104 -7.00419 -7.89924 -5.49267 -7.92669 -8.67523 -4.23271 -8.39801 -6.98646 -7.64865 -5.65779 -7.94886 -8.6843 -3.09909 -8.29164 -6.49347 -9.53028 -3.68952 -7.60514 -8.74677 -2.25386 -8.19059
72.405 -6.03137 -9.03102 -6.83876 -8.88908 -9.15195 -3.99374 -8.33515 -7.57443 -7.37263 -5.51061 -8.21509 -8.61808 -4.06489 -7.94992 -6.8635 -8.13435 -5.31897 -7.90784 -8.70689 -4.14055 -8.62571 -7.16346 -7.7904 -5.51924 -7.89739 -8.63214 -4.15206 -8.27205 -7.0042 -7.89933 -5.49262 -7.92671 -8.67524 -4.2327 -8.39781 -6.98651 -7.64861 -5.65778 -7.94886 -8.68429 -3.09911 -8.29162 -6.49345 -9.53029 -3.68953 -7.60513 -8.74678 -2.25386 -8.19061
72.455 -6.00241 -9.03528 -6.91035 -8.8914 -9.1616 -3.99215 -8.33491 -7.57378 -7.3771 -5.51025 -8.23503 -8.6224 -4.06377 -7.94018 -6.86556 -8.1328 -5.31886 -7.90785 -8.70635 -4.14083 -8.62262 -7.16282 -7.7905 -5.51946 -7.89741 -8.63228 -4.15201 -8.27305 -7.00422 -7.89942 -5.49256 -7.92673 -8.67524 -4.23268 -8.3976 -6.98655 -7.64857 -5.65777 -7.94885 -8.68428 -3.09912 -8.2916 -6.49342 -9.5303 -3.68954 -7.60513 -8.74678 -2.25385 -8.19063
72.505 -5.97155 -9.04114 -6.98471 -8.89346 -9.17187 -3.99029 -8.33347 -7.57382 -7.3814 -5.50969 -8.25608 -8.62684 -4.0626 -7.92944 -6.86758 -8.13123 -5.31873 -7.90783 -8.70582 -4.14111 -8.6198 -7.16216 -7.79062 -5.51967 -7.89743 -8.63243 -4.15195 -8.27405 -7.00426 -7.8995 -5.49251 -7.92675 -8.67524 -4.23267 -8.39738 -6.98659 -7.64853 -5.65776 -7.94884 -8.68426 -3.09913 -8.29158 -6.4934 -9.53031 -3.68954 -7.60513 -8.74679 -2.25385 -8.19065
72.555 -5.93874 -9.04866 -7.06191 -8.89523 -9.18278 -3.98813 -8.3308 -7.57456 -7.38553 -5.50892 -8.27826 -8.6314 -4.06139 -7.91767 -6.86954 -8.12964 -5.31859 -7.9078 -8.7053 -4.14139 -8.61726 -7.16149 -7.79077 -5.51988 -7.89745 -8.63257 -4.15189 -8.27505 -7.0043 -7.89958 -5.49245 -7.92678 -8.67524 -4.23266 -8.39714 -6.98663 -7.64849 -5.65775 -7.94883 -8.68425 -3.09914 -8.29157 -6.49338 -9.53032 -3.68954 -7.60512 -8.74679 -2.25385 -8.19067
72.605 -5.90397 -9.05788 -7.142 -8.89671 -9.19435 -3.98568 -8.32684 -7.57603 -7.38947 -5.50796 -8.30159 -8.63609 -4.06014 -7.90486 -6.87144 -8.12802 -5.31843 -7.90773 -8.70478 -4.14167 -8.61502 -7.16081 -7.79093 -5.52009 -7.89747 -8.63272 -4.15183 -8.27604 -7.00434 -7.89965 -5.49239 -7.9268 -8.67523 -4.23265 -8.39689 -6.98667 -7.64845 -5.65775 -7.94882 -8.68424 -3.09915 -8.29156 -6.49336 -9.53033 -3.68955 -7.60512 -8.7468 -2.25385 -8.19069
72.655 -5.86723 -9.06885 -7.22501 -8.89788 -9.20658 -3.98292 -8.32157 -7.57823 -7.39321 -5.50679 -8.32604 -8.64091 -4.05884 -7.89099 -6.87327 -8.12639 -5.31825 -7.90765 -8.70428 -4.14196 -8.61308 -7.16011 -7.79111 -5.5203 -7.89748 -8.63288 -4.15177 -8.27702 -7.0044 -7.89972 -5.49233 -7.92682 -8.67522 -4.23264 -8.39663 -6.98671 -7.64841 -5.65774 -7.94881 -8.68423 -3.09916 -8.29156 -6.49334 -9.53034 -3.68955 -7.60512 -8.74681 -2.25384 -8.19071
72.705 -5.82856 -9.08163 -7.31095 -8.89871 -9.21947 -3.97985 -8.31495 -7.58121 -7.39673 -5.50541 -8.35157 -8.64584 -4.0575 -7.87603 -6.87503 -8.12475 -5.31804 -7.90754 -8.70379 -4.14224 -8.61144 -7.1594 -7.79131 -5.52051 -7.89748 -8.63303 -4.1517 -8.27798 -7.00447 -7.89978 -5.49226 -7.92684 -8.67522 -4.23263 -8.39637 -6.98674 -7.64836 -5.65774 -7.94881 -8.68422 -3.09917 -8.29156 -6.49332 -9.53035 -3.68955 -7.60511 -8.74681 -2.25384 -8.19073
72.755 -5.788 -9.09624 -7.39976 -8.89917 -9.23301 -3.97645 -8.30693 -7.58497 -7.40002 -5.50382 -8.37813 -8.65087 -4.05611 -7.85998 -6.87672 -8.1231 -5.31782 -7.9074 -8.70331 -4.14253 -8.61012 -7.15869 -7.79153 -5.52072 -7.89749 -8.63319 -4.15163 -8.27893 -7.00454 -7.89983 -5.4922 -7.92686 -8.6752 -4.23263 -8.39609 -6.98677 -7.64832 -5.65773 -7.9488 -8.68421 -3.09917 -8.29156 -6.4933 -9.53037 -3.68955 -7.60511 -8.74682 -2.25384 -8.19075
72.805 -5.74565 -9.11272 -7.49136 -8.89923 -9.24717 -3.97274 -8.29748 -7.58954 -7.40307 -5.50201 -8.40563 -8.65599 -4.05467 -7.84282 -6.87833 -8.12145 -5.31757 -7.90724 -8.70285 -4.14281 -8.60913 -7.15796 -7.79177 -5.52093 -7.89749 -8.63335 -4.15156 -8.27987 -7.00463 -7.89988 -5.49213 -7.92688 -8.67519 -4.23262 -8.3958 -6.9868 -7.64828 -5.65773 -7.94879 -8.6842 -3.09918 -8.29157 -6.49327 -9.53038 -3.68955 -7.60511 -8.74682 -2.25383 -8.19077
72.855 -5.70163 -9.13111 -7.58559 -8.89886 -9.26191 -3.96869 -8.28658 -7.59493 -7.40587 -5.49999 -8.43392 -8.66118 -4.05318 -7.82456 -6.87985 -8.1198 -5.3173 -7.90706 -8.7024 -4.14309 -8.60847 -7.15724 -7.79202 -5.52113 -7.89748 -8.63351 -4.15149 -8.28078 -7.00472 -7.89993 -5.49206 -7.9269 -8.67517 -4.23262 -8.39551 -6.98683 -7.64824 -5.65773 -7.94878 -8.68419 -3.09919 -8.29158 -6.49325 -9.5304 -3.68955 -7.6051 -8.74683 -2.25383 -8.19079
72.905 -5.65611 -9.15139 -7.68223 -8.89801 -9.27716 -3.96432 -8.2742 -7.60116 -7.4084 -5.49775 -8.46285 -8.66641 -4.05165 -7.80521 -6.88127 -8.11815 -5.31699 -7.90685 -8.70197 -4.14337 -8.60815 -7.15651 -7.7923 -5.52133 -7.89747 -8.63367 -4.15141 -8.28167 -7.00482 -7.89997 -5.49199 -7.92692 -8.67516 -4.23261 -8.39521 -6.98685 -7.6482 -5.65773 -7.94877 -8.68418 -3.09919 -8.2916 -6.49323 -9.53041 -3.68954 -7.6051 -8.74684 -2.25383 -8.1908
72.955 -5.60931 -9.17358 -7.78099 -8.89663 -9.29285 -3.95962 -8.26033 -7.60824 -7.41065 -5.49529 -8.49222 -8.67163 -4.05008 -7.78478 -6.8826 -8.11651 -5.31666 -7.90661 -8.70156 -4.14364 -8.60819 -7.15577 -7.79258 -5.52153 -7.89746 -8.63382 -4.15134 -8.28254 -7.00493 -7.9 -5.49192 -7.92694 -8.67514 -4.23261 -8.3949 -6.98687 -7.64817 -5.65773 -7.94876 -8.68418 -3.0992 -8.29162 -6.49321 -9.53043 -3.68954 -7.60509 -8.74684 -2.25383 -8.19082
73.005 -5.5615 -9.19764 -7.8815 -8.89466 -9.30887 -3.9546 -8.24497 -7.61616 -7.41262 -5.49261 -8.5218 -8.67682 -4.04846 -7.7633 -6.88383 -8.11488 -5.3163 -7.90635 -8.70116 -4.14391 -8.60858 -7.15504 -7.79289 -5.52172 -7.89744 -8.63398 -4.15126 -8.28338 -7.00504 -7.90003 -5.49185 -7.92696 -8.67512 -4.23261 -8.39459 -6.98689 -7.64813 -5.65773 -7.94875 -8.68417 -3.0992 -8.29164 -6.49319 -9.53044 -3.68953 -7.60509 -8.74685 -2.25382 -8.19083
73.055 -5.51297 -9.22352 -7.98331 -8.89206 -9.32511 -3.94927 -8.22814 -7.62494 -7.41429 -5.48971 -8.55133 -8.68191 -4.04681 -7.74082 -6.88496 -8.11326 -5.31591 -7.90605 -8.70079 -4.14418 -8.60935 -7.1543 -7.79321 -5.52191 -7.89742 -8.63414 -4.15118 -8.28419 -7.00517 -7.90005 -5.49177 -7.92698 -8.67509 -4.23261 -8.39427 -6.98691 -7.64809 -5.65773 -7.94874 -8.68416 -3.09921 -8.29167 -6.49317 -9.53046 -3.68953 -7.60508 -8.74685 -2.25382 -8.19085
73.105 -5.46406 -9.25116 -8.08588 -8.88877 -9.34143 -3.94365 -8.20985 -7.63456 -7.41565 -5.4866 -8.58053 -8.68687 -4.04514 -7.71741 -6.88597 -8.11167 -5.31549 -7.90574 -8.70044 -4.14444 -8.61048 -7.15358 -7.79354 -5.52209 -7.89739 -8.6343 -4.15109 -8.28497 -7.0053 -7.90006 -5.4917 -7.927 -8.67507 -4.23261 -8.39395 -6.98692 -7.64805 -5.65773 -7.94873 -8.68415 -3.09921 -8.2917 -6.49315 -9.53048 -3.68952 -7.60508 -8.74686 -2.25382 -8.19086
73.155 -5.4151 -9.28046 -8.18864 -8.88473 -9.3577 -3.93776 -8.19017 -7.645 -7.41669 -5.48326 -8.60913 -8.69163 -4.04344 -7.69313 -6.88686 -8.1101 -5.31504 -7.9054 -8.70011 -4.1447 -8.612 -7.15285 -7.79389 -5.52227 -7.89735 -8.63445 -4.15101 -8.28572 -7.00544 -7.90007 -5.49162 -7.92701 -8.67504 -4.23261 -8.39362 -6.98694 -7.64802 -5.65773 -7.94872 -8.68415 -3.09921 -8.29174 -6.49313 -9.53049 -3.68951 -7.60508 -8.74686 -2.25381 -8.19087
73.205 -5.36647 -9.31129 -8.29095 -8.8799 -9.37375 -3.93161 -8.16914 -7.65623 -7.41741 -5.47972 -8.63687 -8.69615 -4.04173 -7.66809 -6.88764 -8.10855 -5.31456 -7.90503 -8.69981 -4.14495 -8.61389 -7.15213 -7.79425 -5.52244 -7.89731 -8.6346 -4.15092 -8.28643 -7.00558 -7.90008 -5.49155 -7.92703 -8.67501 -4.23261 -8.39329 -6.98694 -7.64798 -5.65774 -7.94871 -8.68414 -3.09922 -8.29178 -6.49311 -9.53051 -3.6895 -7.60507 -8.74687 -2.25381 -8.19088
73.255 -5.3185 -9.34354 -8.39213 -8.87422 -9.38945 -3.92525 -8.14684 -7.66822 -7.4178 -5.47598 -8.66348 -8.70037 -4.04002 -7.64238 -6.88829 -8.10704 -5.31405 -7.90464 -8.69953 -4.14519 -8.61617 -7.15142 -7.79462 -5.5226 -7.89726 -8.63475 -4.15084 -8.2871 -7.00573 -7.90007 -5.49147 -7.92705 -8.67498 -4.23262 -8.39295 -6.98695 -7.64795 -5.65774 -7.9487 -8.68414 -3.09922 -8.29182 -6.49309 -9.53053 -3.68949 -7.60507 -8.74687 -2.2538 -8.19089
73.305 -5.27154 -9.37702 -8.4915 -8.86766 -9.40465 -3.9187 -8.12337 -7.68094 -7.41787 -5.47204 -8.68876 -8.70425 -4.03832 -7.61613 -6.88882 -8.10557 -5.31351 -7.90422 -8.69928 -4.14542 -8.61884 -7.15073 -7.79501 -5.52276 -7.89721 -8.6349 -4.15075 -8.28773 -7.00589 -7.90007 -5.4914 -7.92706 -8.67495 -4.23262 -8.39262 -6.98695 -7.64791 -5.65775 -7.9487 -8.68414 -3.09922 -8.29187 -6.49307 -9.53055 -3.68948 -7.60506 -8.74688 -2.2538 -8.1909
73.355 -5.22587 -9.41158 -8.58838 -8.8602 -9.41922 -3.91199 -8.09884 -7.69431 -7.41759 -5.46793 -8.71253 -8.70776 -4.03664 -7.58947 -6.88922 -8.10413 -5.31294 -7.90378 -8.69905 -4.14565 -8.62188 -7.15004 -7.7954 -5.52291 -7.89715 -8.63504 -4.15066 -8.28832 -7.00605 -7.90005 -5.49132 -7.92708 -8.67491 -4.23263 -8.39228 -6.98696 -7.64788 -5.65776 -7.94869 -8.68413 -3.09922 -8.29192 -6.49305 -9.53057 -3.68947 -7.60506 -8.74688 -2.2538 -8.19091
73.405 -5.18176 -9.44704 -8.68212 -8.85182 -9.43306 -3.90517 -8.07336 -7.70829 -7.41699 -5.46364 -8.73465 -8.71087 -4.03499 -7.56252 -6.88949 -8.10275 -5.31235 -7.90332 -8.69886 -4.14587 -8.62531 -7.14937 -7.79581 -5.52305 -7.89709 -8.63518 -4.15058 -8.28887 -7.00622 -7.90003 -5.49124 -7.92709 -8.67488 -4.23264 -8.39195 -6.98695 -7.64785 -5.65776 -7.94868 -8.68413 -3.09922 -8.29198 -6.49303 -9.53059 -3.68946 -7.60505 -8.74689 -2.25379 -8.19091
73.455 -5.13941 -9.4832 -8.77211 -8.84254 -9.44607 -3.89827 -8.04706 -7.72281 -7.41606 -5.4592 -8.75506 -8.71357 -4.03338 -7.53542 -6.88963 -8.1014 -5.31174 -7.90284 -8.69869 -4.14608 -8.6291 -7.14871 -7.79622 -5.52319 -7.89702 -8.63532 -4.15049 -8.28936 -7.00639 -7.9 -5.49117 -7.9271 -8.67484 -4.23265 -8.39161 -6.98695 -7.64782 -5.65777 -7.94867 -8.68413 -3.09921 -8.29203 -6.49302 -9.53061 -3.68944 -7.60505 -8.74689 -2.25379 -8.19092
73.505 -5.09898 -9.51988 -8.85782 -8.83236 -9.45819 -3.89133 -8.02007 -7.7378 -7.4148 -5.45462 -8.7737 -8.71584 -4.03183 -7.5083 -6.88963 -8.10011 -5.31112 -7.90235 -8.69855 -4.14627 -8.63326 -7.14807 -7.79664 -5.52331 -7.89695 -8.63545 -4.1504 -8.28981 -7.00657 -7.89997 -5.4911 -7.92711 -8.6748 -4.23266 -8.39128 -6.98694 -7.64779 -5.65778 -7.94866 -8.68413 -3.09921 -8.29209 -6.493 -9.53063 -3.68943 -7.60504 -8.7469 -2.25379 -8.19092
73.555 -5.06059 -9.55689 -8.93874 -8.82133 -9.46937 -3.88439 -7.99254 -7.75319 -7.41322 -5.44992 -8.79059 -8.7177 -4.03034 -7.48131 -6.8895 -8.09888 -5.31048 -7.90184 -8.69844 -4.14646 -8.63777 -7.14745 -7.79707 -5.52343 -7.89687 -8.63557 -4.15032 -8.29022 -7.00675 -7.89993 -5.49102 -7.92712 -8.67476 -4.23267 -8.39094 -6.98693 -7.64777 -5.65779 -7.94865 -8.68413 -3.09921 -8.29216 -6.49299 -9.53065 -3.68941 -7.60504 -8.7469 -2.25378 -8.19093
73.605 -5.02429 -9.59406 -9.01448 -8.8095 -9.47961 -3.87749 -7.96459 -7.76891 -7.41133 -5.44512 -8.80575 -8.71915 -4.02891 -7.45455 -6.88924 -8.09771 -5.30983 -7.90131 -8.69836 -4.14664 -8.64261 -7.14685 -7.79751 -5.52354 -7.89679 -8.63569 -4.15023 -8.29056 -7.00694 -7.89988 -5.49095 -7.92713 -8.67472 -4.23268 -8.39061 -6.98692 -7.64774 -5.6578 -7.94864 -8.68413 -3.0992 -8.29223 -6.49297 -9.53067 -3.6894 -7.60503 -8.7469 -2.25378 -8.19093
73.655 -4.99012 -9.63121 -9.08471 -8.79692 -9.48889 -3.87065 -7.93635 -7.78488 -7.40914 -5.44024 -8.81927 -8.72022 -4.02757 -7.42815 -6.88885 -8.09659 -5.30918 -7.90078 -8.69832 -4.1468 -8.64778 -7.14628 -7.79794 -5.52364 -7.89671 -8.63581 -4.15015 -8.29086 -7.00712 -7.89983 -5.49088 -7.92714 -8.67468 -4.23269 -8.39029 -6.9869 -7.64772 -5.65781 -7.94863 -8.68413 -3.0992 -8.2923 -6.49296 -9.53068 -3.68938 -7.60503 -8.74691 -2.25378 -8.19093
73.705 -4.95808 -9.66818 -9.14917 -8.78367 -9.49724 -3.8639 -7.90795 -7.80103 -7.40667 -5.4353 -8.83121 -8.72093 -4.02631 -7.40221 -6.88833 -8.09554 -5.30853 -7.90024 -8.6983 -4.14695 -8.65324 -7.14573 -7.79839 -5.52373 -7.89662 -8.63592 -4.15006 -8.29111 -7.00732 -7.89978 -5.49081 -7.92715 -8.67463 -4.23271 -8.38997 -6.98688 -7.64769 -5.65783 -7.94863 -8.68413 -3.09919 -8.29237 -6.49294 -9.5307 -3.68936 -7.60502 -8.74691 -2.25377 -8.19093
73.755 -4.92813 -9.70484 -9.20768 -8.76982 -9.50468 -3.85728 -7.87951 -7.81729 -7.40391 -5.43033 -8.84168 -8.7213 -4.02513 -7.37682 -6.88769 -8.09457 -5.30789 -7.8997 -8.69831 -4.14709 -8.659 -7.1452 -7.79883 -5.52381 -7.89653 -8.63602 -4.14998 -8.2913 -7.00751 -7.89971 -5.49074 -7.92715 -8.67459 -4.23272 -8.38965 -6.98686 -7.64767 -5.65784 -7.94862 -8.68414 -3.09919 -8.29245 -6.49293 -9.53072 -3.68934 -7.60502 -8.74691 -2.25377 -8.19093
73.805 -4.90022 -9.74106 -9.26013 -8.75547 -9.51125 -3.8508 -7.85114 -7.8336 -7.4009 -5.42534 -8.85077 -8.72138 -4.02405 -7.35207 -6.88693 -8.09366 -5.30725 -7.89915 -8.69836 -4.14722 -8.66501 -7.1447 -7.79928 -5.52388 -7.89644 -8.63612 -4.1499 -8.29143 -7.00771 -7.89965 -5.49067 -7.92716 -8.67454 -4.23274 -8.38935 -6.98684 -7.64765 -5.65785 -7.94861 -8.68414 -3.09918 -8.29252 -6.49292 -9.53074 -3.68933 -7.60501 -8.74692 -2.25377 -8.19092
73.855 -4.87429 -9.77671 -9.30647 -8.74068 -9.51701 -3.84449 -7.82295 -7.84989 -7.39763 -5.42035 -8.8586 -8.72118 -4.02306 -7.32803 -6.88605 -8.09282 -5.30662 -7.8986 -8.69844 -4.14733 -8.67126 -7.14423 -7.79973 -5.52395 -7.89635 -8.63621 -4.14982 -8.29151 -7.0079 -7.89957 -5.49061 -7.92716 -8.6745 -4.23275 -8.38905 -6.98681 -7.64764 -5.65787 -7.94861 -8.68414 -3.09917 -8.2926 -6.49291 -9.53076 -3.68931 -7.60501 -8.74692 -2.25376 -8.19092
73.905 -4.85026 -9.8117 -9.3467 -8.72556 -9.52199 -3.83836 -7.79501 -7.86611 -7.39414 -5.41538 -8.86527 -8.72073 -4.02215 -7.30475 -6.88505 -8.09206 -5.30601 -7.89806 -8.69854 -4.14743 -8.67773 -7.14379 -7.80017 -5.52399 -7.89626 -8.6363 -4.14974 -8.29154 -7.0081 -7.89949 -5.49054 -7.92716 -8.67445 -4.23277 -8.38875 -6.98679 -7.64762 -5.65788 -7.9486 -8.68415 -3.09917 -8.29269 -6.4929 -9.53078 -3.68929 -7.60501 -8.74692 -2.25376 -8.19091
73.955 -4.82807 -9.84593 -9.38089 -8.71019 -9.52627 -3.83243 -7.76742 -7.8822 -7.39043 -5.41046 -8.87086 -8.72008 -4.02134 -7.28228 -6.88395 -8.09138 -5.30542 -7.89752 -8.69868 -4.14752 -8.68439 -7.14338 -7.80062 -5.52403 -7.89617 -8.63638 -4.14966 -8.29151 -7.0083 -7.89941 -5.49048 -7.92716 -8.6744 -4.23279 -8.38847 -6.98676 -7.64761 -5.6579 -7.94859 -8.68415 -3.09916 -8.29277 -6.49289 -9.5308 -3.68927 -7.605 -8.74692 -2.25376 -8.19091
74.005 -4.80762 -9.87933 -9.40914 -8.69465 -9.52988 -3.8267 -7.74025 -7.89812 -7.38651 -5.40559 -8.87547 -8.71924 -4.02062 -7.26065 -6.88274 -8.09077 -5.30485 -7.89699 -8.69885 -4.14759 -8.69122 -7.143 -7.80106 -5.52406 -7.89608 -8.63645 -4.14959 -8.29142 -7.0085 -7.89932 -5.49042 -7.92716 -8.67436 -4.23281 -8.38819 -6.98672 -7.6476 -5.65792 -7.94859 -8.68416 -3.09915 -8.29285 -6.49288 -9.53082 -3.68925 -7.605 -8.74693 -2.25375 -8.1909
74.055 -4.78886 -9.91185 -9.43157 -8.67902 -9.53287 -3.82119 -7.71357 -7.91382 -7.38242 -5.4008 -8.87918 -8.71823 -4.01999 -7.23991 -6.88143 -8.09024 -5.3043 -7.89646 -8.69904 -4.14765 -8.6982 -7.14266 -7.8015 -5.52408 -7.89599 -8.63651 -4.14952 -8.29128 -7.0087 -7.89923 -5.49037 -7.92716 -8.67431 -4.23283 -8.38793 -6.98669 -7.64759 -5.65793 -7.94858 -8.68417 -3.09914 -8.29294 -6.49287 -9.53084 -3.68923 -7.60499 -8.74693 -2.25375 -8.19089
74.105 -4.77169 -9.94341 -9.44835 -8.66337 -9.53531 -3.81589 -7.68742 -7.92927 -7.37816 -5.3961 -8.88207 -8.71708 -4.01943 -7.22006 -6.88003 -8.0898 -5.30377 -7.89595 -8.69926 -4.14769 -8.7053 -7.14235 -7.80193 -5.52409 -7.8959 -8.63657 -4.14945 -8.29109 -7.0089 -7.89913 -5.49031 -7.92716 -8.67426 -4.23285 -8.38768 -6.98665 -7.64758 -5.65795 -7.94858 -8.68417 -3.09913 -8.29303 -6.49287 -9.53085 -3.6892 -7.60499 -8.74693 -2.25375 -8.19088
74.155 -4.75605 -9.97399 -9.45968 -8.64778 -9.53724 -3.81082 -7.66186 -7.94443 -7.37374 -5.3915 -8.88419 -8.71581 -4.01896 -7.20113 -6.87855 -8.08943 -5.30327 -7.89545 -8.69951 -4.14772 -8.71249 -7.14207 -7.80236 -5.52408 -7.89581 -8.63662 -4.14938 -8.29084 -7.00909 -7.89903 -5.49026 -7.92716 -8.67421 -4.23287 -8.38743 -6.98661 -7.64757 -5.65797 -7.94857 -8.68418 -3.09912 -8.29312 -6.49286 -9.53087 -3.68918 -7.60499 -8.74693 -2.25375 -8.19087
74.205 -4.74188 -10.0036 -9.46575 -8.63232 -9.53869 -3.80598 -7.63694 -7.95926 -7.36919 -5.38702 -8.8856 -8.71443 -4.01857 -7.18312 -6.87699 -8.08915 -5.3028 -7.89497 -8.69978 -4.14773 -8.71977 -7.14183 -7.80278 -5.52407 -7.89572 -8.63666 -4.14932 -8.29055 -7.00929 -7.89893 -5.49021 -7.92715 -8.67417 -4.23289 -8.3872 -6.98657 -7.64757 -5.65799 -7.94857 -8.68419 -3.09911 -8.29321 -6.49286 -9.53089 -3.68916 -7.60498 -8.74693 -2.25374 -8.19086
74.255 -4.72913 -10.0321 -9.46679 -8.61703 -9.53971 -3.80136 -7.61267 -7.97375 -7.36453 -5.38266 -8.88635 -8.71296 -4.01825 -7.16603 -6.87535 -8.08895 -5.30235 -7.89449 -8.70008 -4.14773 -8.72709 -7.14162 -7.80319 -5.52404 -7.89563 -8.6367 -4.14926 -8.2902 -7.00948 -7.89882 -5.49017 -7.92715 -8.67412 -4.23291 -8.38698 -6.98653 -7.64757 -5.658 -7.94856 -8.6842 -3.09909 -8.2933 -6.49286 -9.5309 -3.68914 -7.60498 -8.74693 -2.25374 -8.19085
74.305 -4.71772 -10.0595 -9.46301 -8.60197 -9.54033 -3.79698 -7.5891 -7.98787 -7.35975 -5.37844 -8.88648 -8.71141 -4.018 -7.14987 -6.87364 -8.08882 -5.30192 -7.89404 -8.7004 -4.14772 -8.73444 -7.14145 -7.80359 -5.524 -7.89555 -8.63673 -4.1492 -8.2898 -7.00967 -7.89871 -5.49012 -7.92714 -8.67407 -4.23294 -8.38678 -6.98648 -7.64756 -5.65802 -7.94856 -8.68421 -3.09908 -8.29339 -6.49285 -9.53092 -3.68912 -7.60498 -8.74693 -2.25374 -8.19084
74.355 -4.70763 -10.0858 -9.45467 -8.58719 -9.54059 -3.79281 -7.56624 -8.00161 -7.35489 -5.37436 -8.88601 -8.70979 -4.01781 -7.13462 -6.87187 -8.08878 -5.30152 -7.8936 -8.70074 -4.14768 -8.7418 -7.14131 -7.80398 -5.52395 -7.89547 -8.63675 -4.14914 -8.28936 -7.00985 -7.89859 -5.49009 -7.92713 -8.67402 -4.23296 -8.38659 -6.98643 -7.64757 -5.65804 -7.94856 -8.68422 -3.09907 -8.29348 -6.49285 -9.53094 -3.68909 -7.60497 -8.74693 -2.25374 -8.19082
74.405 -4.69881 -10.1111 -9.44198 -8.57273 -9.54052 -3.78888 -7.54412 -8.01493 -7.34996 -5.37043 -8.88499 -8.7081 -4.01769 -7.12029 -6.87005 -8.08882 -5.30115 -7.89317 -8.7011 -4.14764 -8.74916 -7.14121 -7.80436 -5.5239 -7.89539 -8.63676 -4.14909 -8.28887 -7.01004 -7.89847 -5.49005 -7.92712 -8.67398 -4.23298 -8.38641 -6.98638 -7.64757 -5.65806 -7.94855 -8.68423 -3.09905 -8.29357 -6.49285 -9.53095 -3.68907 -7.60497 -8.74693 -2.25373 -8.19081
74.455 -4.69123 -10.1353 -9.42518 -8.55862 -9.54013 -3.78516 -7.52276 -8.02784 -7.34496 -5.36666 -8.88342 -8.70635 -4.01763 -7.10686 -6.86817 -8.08894 -5.30081 -7.89277 -8.70148 -4.14758 -8.75648 -7.14114 -7.80473 -5.52383 -7.89531 -8.63677 -4.14905 -8.28834 -7.01021 -7.89835 -5.49002 -7.92711 -8.67393 -4.23301 -8.38625 -6.98633 -7.64758 -5.65808 -7.94855 -8.68424 -3.09904 -8.29366 -6.49285 -9.53096 -3.68905 -7.60497 -8.74693 -2.25373 -8.19079
74.505 -4.68485 -10.1583 -9.40451 -8.5449 -9.53945 -3.78166 -7.50215 -8.04032 -7.33991 -5.36305 -8.88132 -8.70455 -4.01762 -7.09433 -6.86625 -8.08914 -5.30048 -7.89238 -8.70187 -4.14751 -8.76376 -7.14111 -7.80509 -5.52374 -7.89523 -8.63676 -4.149 -8.28777 -7.01039 -7.89823 -5.48999 -7.9271 -8.67389 -4.23303 -8.3861 -6.98628 -7.64758 -5.6581 -7.94855 -8.68425 -3.09903 -8.29375 -6.49286 -9.53098 -3.68903 -7.60496 -8.74693 -2.25373 -8.19077
74.555 -4.67965 -10.1803 -9.38018 -8.53159 -9.5385 -3.77839 -7.48232 -8.05236 -7.33483 -5.3596 -8.8787 -8.70271 -4.01767 -7.08269 -6.86429 -8.08942 -5.30018 -7.892 -8.70228 -4.14742 -8.77097 -7.14112 -7.80543 -5.52365 -7.89516 -8.63675 -4.14896 -8.28716 -7.01056 -7.8981 -5.48996 -7.92709 -8.67384 -4.23306 -8.38597 -6.98623 -7.64759 -5.65812 -7.94855 -8.68426 -3.09901 -8.29384 -6.49286 -9.53099 -3.689 -7.60496 -8.74693 -2.25373 -8.19075
74.605 -4.67561 -10.2012 -9.35242 -8.51872 -9.5373 -3.77532 -7.46327 -8.06395 -7.32972 -5.35631 -8.87557 -8.70081 -4.01776 -7.07191 -6.8623 -8.08977 -5.2999 -7.89165 -8.70271 -4.14733 -8.7781 -7.14116 -7.80576 -5.52355 -7.89509 -8.63674 -4.14892 -8.28651 -7.01072 -7.89798 -5.48994 -7.92708 -8.6738 -4.23308 -8.38585 -6.98618 -7.6476 -5.65814 -7.94855 -8.68428 -3.099 -8.29393 -6.49286 -9.531 -3.68898 -7.60496 -8.74693 -2.25373 -8.19074
74.655 -4.67272 -10.221 -9.32143 -8.50631 -9.53585 -3.77246 -7.44501 -8.07509 -7.3246 -5.3532 -8.87193 -8.69886 -4.01791 -7.062 -6.86028 -8.09019 -5.29964 -7.89131 -8.70315 -4.14721 -8.78514 -7.14123 -7.80607 -5.52344 -7.89501 -8.63671 -4.14889 -8.28582 -7.01088 -7.89785 -5.48992 -7.92706 -8.67376 -4.23311 -8.38575 -6.98612 -7.64762 -5.65816 -7.94855 -8.68429 -3.09898 -8.29402 -6.49287 -9.53101 -3.68896 -7.60496 -8.74693 -2.25372 -8.19072
74.705 -4.67096 -10.2397 -9.28742 -8.49437 -9.53417 -3.76982 -7.42753 -8.08576 -7.31948 -5.35025 -8.86779 -8.69687 -4.01809 -7.05294 -6.85824 -8.09069 -5.2994 -7.89099 -8.7036 -4.14709 -8.79207 -7.14134 -7.80637 -5.52332 -7.89494 -8.63668 -4.14886 -8.2851 -7.01103 -7.89772 -5.4899 -7.92705 -8.67372 -4.23313 -8.38567 -6.98607 -7.64763 -5.65818 -7.94855 -8.6843 -3.09897 -8.2941 -6.49287 -9.53103 -3.68894 -7.60496 -8.74692 -2.25372 -8.1907
74.755 -4.67033 -10.2573 -9.25056 -8.48291 -9.53226 -3.76737 -7.41085 -8.09598 -7.31436 -5.34748 -8.86313 -8.69482 -4.01832 -7.04473 -6.85618 -8.09125 -5.29918 -7.89069 -8.70406 -4.14695 -8.79889 -7.14149 -7.80665 -5.52319 -7.89488 -8.63664 -4.14884 -8.28436 -7.01117 -7.89759 -5.48989 -7.92703 -8.67368 -4.23316 -8.3856 -6.98601 -7.64765 -5.6582 -7.94855 -8.68432 -3.09895 -8.29419 -6.49288 -9.53103 -3.68892 -7.60496 -8.74692 -2.25372 -8.19067
74.805 -4.67083 -10.2738 -9.21104 -8.47195 -9.53013 -3.76513 -7.39496 -8.10573 -7.30927 -5.34487 -8.85795 -8.69273 -4.01859 -7.03734 -6.85411 -8.09189 -5.29898 -7.89041 -8.70453 -4.14681 -8.80556 -7.14166 -7.80691 -5.52306 -7.89481 -8.6366 -4.14882 -8.28358 -7.01131 -7.89746 -5.48988 -7.92701 -8.67364 -4.23318 -8.38554 -6.98595 -7.64767 -5.65822 -7.94855 -8.68433 -3.09894 -8.29427 -6.49289 -9.53104 -3.6889 -7.60495 -8.74692 -2.25372 -8.19065
74.855 -4.67246 -10.2893 -9.16902 -8.46149 -9.52778 -3.76308 -7.37986 -8.11501 -7.3042 -5.34244 -8.85224 -8.69058 -4.0189 -7.03078 -6.85202 -8.09258 -5.29879 -7.89014 -8.70501 -4.14665 -8.8121 -7.14187 -7.80716 -5.52291 -7.89475 -8.63654 -4.1488 -8.28278 -7.01144 -7.89733 -5.48988 -7.92699 -8.6736 -4.2332 -8.38551 -6.98589 -7.64769 -5.65824 -7.94855 -8.68434 -3.09892 -8.29435 -6.4929 -9.53105 -3.68887 -7.60495 -8.74692 -2.25372 -8.19063
74.905 -4.67522 -10.3038 -9.12465 -8.45154 -9.52521 -3.76123 -7.36555 -8.12383 -7.29916 -5.34017 -8.84599 -8.68837 -4.01924 -7.02504 -6.84994 -8.09335 -5.29861 -7.88988 -8.70549 -4.14648 -8.81848 -7.14211 -7.80739 -5.52276 -7.89468 -8.63648 -4.14879 -8.28196 -7.01157 -7.8972 -5.48987 -7.92698 -8.67357 -4.23323 -8.38549 -6.98584 -7.64771 -5.65826 -7.94855 -8.68436 -3.0989 -8.29443 -6.49291 -9.53106 -3.68885 -7.60495 -8.74691 -2.25372 -8.19061
74.955 -4.67912 -10.3172 -9.07808 -8.44211 -9.52243 -3.75958 -7.35204 -8.13217 -7.29417 -5.33807 -8.83919 -8.68611 -4.01962 -7.0201 -6.84785 -8.09417 -5.29845 -7.88965 -8.70598 -4.1463 -8.8247 -7.14238 -7.8076 -5.5226 -7.89462 -8.63642 -4.14878 -8.28111 -7.01168 -7.89707 -5.48988 -7.92696 -8.67353 -4.23325 -8.38548 -6.98578 -7.64773 -5.65828 -7.94855 -8.68437 -3.09889 -8.29451 -6.49292 -9.53107 -3.68883 -7.60495 -8.74691 -2.25372 -8.19059
75.005 -4.68417 -10.3295 -9.02943 -8.4332 -9.51943 -3.75811 -7.33932 -8.14005 -7.28922 -5.33614 -8.83182 -8.68378 -4.02004 -7.01597 -6.84577 -8.09505 -5.29831 -7.88943 -8.70648 -4.14611 -8.83074 -7.14268 -7.80779 -5.52243 -7.89456 -8.63634 -4.14877 -8.28025 -7.01179 -7.89694 -5.48988 -7.92694 -8.6735 -4.23328 -8.38549 -6.98572 -7.64776 -5.6583 -7.94856 -8.68439 -3.09887 -8.29458 -6.49293 -9.53107 -3.68881 -7.60495 -8.74691 -2.25372 -8.19056
75.055 -4.6904 -10.3409 -8.97882 -8.42481 -9.5162 -3.75683 -7.3274 -8.14745 -7.28433 -5.33437 -8.82386 -8.68138 -4.02049 -7.01264 -6.84369 -8.09599 -5.29817 -7.88922 -8.70697 -4.14591 -8.83661 -7.14301 -7.80796 -5.52225 -7.8945 -8.63627 -4.14877 -8.27937 -7.01189 -7.89681 -5.48989 -7.92692 -8.67347 -4.2333 -8.38552 -6.98566 -7.64778 -5.65832 -7.94856 -8.6844 -3.09886 -8.29465 -6.49294 -9.53108 -3.6888 -7.60495 -8.7469 -2.25372 -8.19054
75.105 -4.69781 -10.3511 -8.92635 -8.41695 -9.51275 -3.75575 -7.31628 -8.15438 -7.27951 -5.33276 -8.8153 -8.67891 -4.02097 -7.01011 -6.84163 -8.09699 -5.29805 -7.88903 -8.70747 -4.14571 -8.84229 -7.14337 -7.80811 -5.52207 -7.89445 -8.63618 -4.14878 -8.27848 -7.01198 -7.89668 -5.4899 -7.92689 -8.67344 -4.23332 -8.38556 -6.9856 -7.64781 -5.65834 -7.94856 -8.68442 -3.09884 -8.29472 -6.49296 -9.53108 -3.68878 -7.60495 -8.7469 -2.25372 -8.19051
75.155 -4.70643 -10.3604 -8.87212 -8.40962 -9.50905 -3.75484 -7.30596 -8.16083 -7.27476 -5.33131 -8.80611 -8.67636 -4.02148 -7.00837 -6.83958 -8.09803 -5.29793 -7.88886 -8.70797 -4.14549 -8.84778 -7.14375 -7.80824 -5.52189 -7.89439 -8.63609 -4.14878 -8.27757 -7.01207 -7.89656 -5.48992 -7.92687 -8.67342 -4.23335 -8.38562 -6.98555 -7.64784 -5.65835 -7.94857 -8.68443 -3.09883 -8.29479 -6.49297 -9.53108 -3.68876 -7.60495 -8.74689 -2.25372 -8.19049
75.205 -4.71628 -10.3686 -8.8162 -8.40282 -9.50512 -3.75413 -7.29644 -8.16681 -7.27008 -5.33003 -8.79628 -8.67372 -4.02203 -7.00743 -6.83754 -8.09912 -5.29783 -7.88869 -8.70847 -4.14527 -8.85307 -7.14416 -7.80835 -5.52169 -7.89433 -8.63599 -4.1488 -8.27666 -7.01214 -7.89643 -5.48994 -7.92685 -8.67339 -4.23337 -8.3857 -6.98549 -7.64787 -5.65837 -7.94857 -8.68445 -3.09881 -8.29485 -6.49299 -9.53108 -3.68874 -7.60495 -8.74689 -2.25372 -8.19047
75.255 -4.72738 -10.3758 -8.75866 -8.39654 -9.50092 -3.7536 -7.28773 -8.17232 -7.26548 -5.3289 -8.78577 -8.671 -4.02261 -7.0073 -6.83553 -8.10026 -5.29774 -7.88855 -8.70897 -4.14505 -8.85816 -7.14459 -7.80845 -5.5215 -7.89428 -8.63589 -4.14881 -8.27574 -7.01221 -7.89631 -5.48997 -7.92683 -8.67337 -4.23339 -8.38578 -6.98543 -7.6479 -5.65839 -7.94858 -8.68446 -3.09879 -8.29491 -6.493 -9.53109 -3.68873 -7.60495 -8.74689 -2.25372 -8.19044
75.305 -4.73978 -10.382 -8.69957 -8.3908 -9.49646 -3.75325 -7.27984 -8.17734 -7.26097 -5.32792 -8.77458 -8.66819 -4.02323 -7.00796 -6.83355 -8.10144 -5.29765 -7.88841 -8.70947 -4.14481 -8.86304 -7.14505 -7.80852 -5.5213 -7.89423 -8.63578 -4.14883 -8.27481 -7.01226 -7.89619 -5.48999 -7.92681 -8.67335 -4.23341 -8.38589 -6.98538 -7.64793 -5.6584 -7.94858 -8.68448 -3.09878 -8.29496 -6.49302 -9.53109 -3.68871 -7.60495 -8.74688 -2.25372 -8.19042
75.355 -4.75349 -10.3871 -8.63896 -8.38559 -9.49172 -3.75309 -7.27276 -8.18189 -7.25656 -5.32711 -8.76267 -8.66527 -4.02387 -7.00944 -6.83158 -8.10266 -5.29758 -7.88829 -8.70996 -4.14457 -8.8677 -7.14553 -7.80857 -5.52109 -7.89418 -8.63567 -4.14885 -8.27388 -7.01231 -7.89607 -5.49002 -7.92678 -8.67333 -4.23343 -8.386 -6.98532 -7.64797 -5.65842 -7.94859 -8.68449 -3.09876 -8.29502 -6.49304 -9.53108 -3.6887 -7.60495 -8.74688 -2.25372 -8.19039
75.405 -4.76855 -10.3912 -8.57687 -8.38092 -9.48669 -3.75312 -7.26651 -8.18595 -7.25224 -5.32644 -8.75002 -8.66225 -4.02455 -7.01173 -6.82965 -8.10391 -5.29751 -7.88819 -8.71045 -4.14433 -8.87215 -7.14602 -7.8086 -5.52089 -7.89413 -8.63555 -4.14888 -8.27294 -7.01235 -7.89596 -5.49006 -7.92676 -8.67331 -4.23345 -8.38614 -6.98527 -7.648 -5.65843 -7.94859 -8.68451 -3.09875 -8.29507 -6.49305 -9.53108 -3.68868 -7.60496 -8.74687 -2.25372 -8.19037
75.455 -4.785 -10.3942 -8.51334 -8.37679 -9.48134 -3.75333 -7.2611 -8.18952 -7.24802 -5.32592 -8.7366 -8.65912 -4.02527 -7.01485 -6.82775 -8.1052 -5.29746 -7.8881 -8.71094 -4.14408 -8.87638 -7.14654 -7.80861 -5.52068 -7.89408 -8.63543 -4.14891 -8.27201 -7.01238 -7.89585 -5.49009 -7.92674 -8.6733 -4.23347 -8.38628 -6.98521 -7.64804 -5.65845 -7.9486 -8.68452 -3.09874 -8.29511 -6.49307 -9.53108 -3.68867 -7.60496 -8.74687 -2.25372 -8.19034
75.505 -4.80287 -10.3961 -8.44839 -8.37319 -9.47567 -3.75374 -7.25655 -8.19259 -7.2439 -5.32556 -8.72239 -8.65587 -4.02602 -7.0188 -6.82589 -8.10653 -5.29742 -7.88802 -8.71142 -4.14383 -8.88038 -7.14708 -7.8086 -5.52047 -7.89404 -8.63531 -4.14895 -8.27108 -7.0124 -7.89574 -5.49013 -7.92671 -8.67329 -4.23349 -8.38644 -6.98516 -7.64808 -5.65846 -7.94861 -8.68453 -3.09872 -8.29515 -6.49309 -9.53108 -3.68866 -7.60496 -8.74686 -2.25373 -8.19032
75.555 -4.8222 -10.3969 -8.38203 -8.37015 -9.46965 -3.75434 -7.25285 -8.19517 -7.2399 -5.32534 -8.70736 -8.6525 -4.02681 -7.0236 -6.82405 -8.10788 -5.29739 -7.88795 -8.71189 -4.14357 -8.88415 -7.14764 -7.80857 -5.52025 -7.894 -8.63518 -4.14899 -8.27016 -7.01241 -7.89564 -5.49018 -7.92669 -8.67328 -4.2335 -8.38661 -6.98511 -7.64811 -5.65848 -7.94861 -8.68455 -3.09871 -8.29519 -6.49311 -9.53107 -3.68865 -7.60496 -8.74685 -2.25373 -8.19029
75.605 -4.84302 -10.3967 -8.31426 -8.36765 -9.46327 -3.75513 -7.25004 -8.19725 -7.236 -5.32527 -8.6915 -8.649 -4.02764 -7.02926 -6.82226 -8.10926 -5.29737 -7.8879 -8.71236 -4.14331 -8.88769 -7.14821 -7.80852 -5.52004 -7.89396 -8.63505 -4.14903 -8.26924 -7.01242 -7.89554 -5.49022 -7.92667 -8.67327 -4.23352 -8.38679 -6.98506 -7.64815 -5.65849 -7.94862 -8.68456 -3.09869 -8.29522 -6.49313 -9.53107 -3.68864 -7.60496 -8.74685 -2.25373 -8.19027
75.655 -4.86538 -10.3953 -8.24509 -8.3657 -9.45651 -3.75612 -7.24812 -8.19881 -7.23223 -5.32535 -8.67478 -8.64537 -4.0285 -7.03579 -6.82051 -8.11066 -5.29736 -7.88786 -8.71283 -4.14305 -8.89099 -7.14879 -7.80845 -5.51983 -7.89392 -8.63491 -4.14908 -8.26832 -7.01241 -7.89544 -5.49027 -7.92665 -8.67326 -4.23354 -8.38699 -6.98501 -7.64819 -5.6585 -7.94863 -8.68458 -3.09868 -8.29525 -6.49315 -9.53106 -3.68863 -7.60496 -8.74684 -2.25373 -8.19025
75.705 -4.88931 -10.3927 -8.17453 -8.36432 -9.44935 -3.75732 -7.24711 -8.19985 -7.22858 -5.32557 -8.65718 -8.6416 -4.0294 -7.0432 -6.8188 -8.11208 -5.29737 -7.88783 -8.71328 -4.14279 -8.89405 -7.14939 -7.80836 -5.51961 -7.89388 -8.63478 -4.14912 -8.26742 -7.0124 -7.89535 -5.49032 -7.92662 -8.67326 -4.23355 -8.38719 -6.98497 -7.64823 -5.65851 -7.94864 -8.68459 -3.09867 -8.29528 -6.49317 -9.53105 -3.68862 -7.60497 -8.74684 -2.25373 -8.19022
75.755 -4.91484 -10.389 -8.10256 -8.3635 -9.44176 -3.75872 -7.24705 -8.20036 -7.22505 -5.32595 -8.63869 -8.63769 -4.03035 -7.05152 -6.81714 -8.11352 -5.29739 -7.88782 -8.71373 -4.14252 -8.89686 -7.15 -7.80825 -5.5194 -7.89385 -8.63464 -4.14918 -8.26652 -7.01237 -7.89526 -5.49038 -7.9266 -8.67326 -4.23356 -8.38741 -6.98492 -7.64827 -5.65852 -7.94864 -8.6846 -3.09866 -8.2953 -6.49319 -9.53104 -3.68861 -7.60497 -8.74683 -2.25373 -8.1902
75.805 -4.942 -10.3841 -8.02919 -8.36325 -9.43374 -3.76033 -7.24794 -8.20033 -7.22166 -5.32647 -8.6193 -8.63364 -4.03134 -7.06076 -6.81552 -8.11497 -5.29743 -7.88782 -8.71417 -4.14226 -8.89943 -7.15063 -7.80813 -5.51919 -7.89382 -8.63449 -4.14923 -8.26564 -7.01234 -7.89518 -5.49043 -7.92658 -8.67326 -4.23358 -8.38764 -6.98488 -7.64831 -5.65853 -7.94865 -8.68461 -3.09865 -8.29532 -6.49321 -9.53104 -3.68861 -7.60497 -8.74683 -2.25374 -8.19018
75.855 -4.97081 -10.3779 -7.95441 -8.36358 -9.42525 -3.76216 -7.24981 -8.19975 -7.2184 -5.32714 -8.59901 -8.62944 -4.03237 -7.07093 -6.81395 -8.11644 -5.29748 -7.88783 -8.7146 -4.14199 -8.90175 -7.15126 -7.80798 -5.51897 -7.89379 -8.63435 -4.14929 -8.26477 -7.0123 -7.8951 -5.49049 -7.92656 -8.67326 -4.23359 -8.38787 -6.98484 -7.64835 -5.65854 -7.94866 -8.68463 -3.09863 -8.29533 -6.49324 -9.53103 -3.6886 -7.60498 -8.74682 -2.25374 -8.19016
75.905 -5.00129 -10.3705 -7.87825 -8.36451 -9.41629 -3.76421 -7.25268 -8.1986 -7.21527 -5.32796 -8.57782 -8.6251 -4.03345 -7.08204 -6.81242 -8.11791 -5.29756 -7.88786 -8.71502 -4.14173 -8.90382 -7.1519 -7.80782 -5.51876 -7.89377 -8.6342 -4.14935 -8.26392 -7.01225 -7.89503 -5.49055 -7.92653 -8.67327 -4.2336 -8.38812 -6.9848 -7.64839 -5.65855 -7.94867 -8.68464 -3.09862 -8.29534 -6.49326 -9.53102 -3.6886 -7.60498 -8.74681 -2.25374 -8.19014
75.955 -5.03344 -10.3617 -7.80071 -8.36603 -9.40683 -3.76648 -7.2566 -8.19688 -7.21229 -5.32893 -8.55575 -8.62062 -4.03458 -7.09413 -6.81095 -8.1194 -5.29765 -7.8879 -8.71543 -4.14147 -8.90562 -7.15255 -7.80764 -5.51856 -7.89375 -8.63406 -4.14941 -8.26307 -7.01219 -7.89496 -5.49062 -7.92651 -8.67327 -4.23361 -8.38837 -6.98477 -7.64843 -5.65855 -7.94868 -8.68465 -3.09861 -8.29534 -6.49328 -9.531 -3.6886 -7.60498 -8.74681 -2.25374 -8.19012
76.005 -5.06726 -10.3517 -7.72183 -8.36816 -9.39688 -3.76899 -7.26157 -8.19457 -7.20946 -5.33005 -8.53283 -8.616 -4.03575 -7.10719 -6.80954 -8.12089 -5.29777 -7.88796 -8.71583 -4.1412 -8.90716 -7.1532 -7.80744 -5.51835 -7.89373 -8.63391 -4.14948 -8.26225 -7.01212 -7.8949 -5.49068 -7.92649 -8.67328 -4.23362 -8.38863 -6.98473 -7.64847 -5.65856 -7.94869 -8.68466 -3.0986 -8.29534 -6.4933 -9.53099 -3.68859 -7.60499 -8.7468 -2.25375 -8.1901
76.055 -5.10272 -10.3402 -7.64164 -8.37091 -9.38642 -3.77174 -7.26763 -8.19166 -7.20677 -5.33133 -8.50909 -8.61125 -4.03697 -7.12124 -6.80817 -8.12238 -5.29791 -7.88803 -8.71622 -4.14094 -8.90843 -7.15386 -7.80723 -5.51815 -7.89372 -8.63376 -4.14955 -8.26145 -7.01205 -7.89484 -5.49075 -7.92647 -8.67329 -4.23362 -8.3889 -6.9847 -7.64852 -5.65856 -7.9487 -8.68467 -3.0986 -8.29534 -6.49332 -9.53098 -3.68859 -7.60499 -8.7468 -2.25375 -8.19008
76.105 -5.13978 -10.3274 -7.56023 -8.37429 -9.37545 -3.77472 -7.27481 -8.18813 -7.20424 -5.33276 -8.4846 -8.60638 -4.03825 -7.13628 -6.80687 -8.12387 -5.29808 -7.88812 -8.7166 -4.14069 -8.90943 -7.15453 -7.807 -5.51795 -7.89371 -8.63361 -4.14962 -8.26066 -7.01197 -7.89479 -5.49082 -7.92645 -8.67331 -4.23363 -8.38918 -6.98467 -7.64856 -5.65857 -7.94871 -8.68468 -3.09859 -8.29533 -6.49335 -9.53097 -3.68859 -7.60499 -8.74679 -2.25375 -8.19006
76.155 -5.17839 -10.3132 -7.47768 -8.3783 -9.36397 -3.77796 -7.28313 -8.18398 -7.20187 -5.33435 -8.45942 -8.60141 -4.03957 -7.15232 -6.80562 -8.12535 -5.29827 -7.88822 -8.71696 -4.14043 -8.91015 -7.15519 -7.80675 -5.51776 -7.89371 -8.63347 -4.14969 -8.25989 -7.01188 -7.89474 -5.49089 -7.92643 -8.67332 -4.23364 -8.38946 -6.98464 -7.6486 -5.65857 -7.94871 -8.68469 -3.09858 -8.29532 -6.49337 -9.53095 -3.68859 -7.605 -8.74678 -2.25376 -8.19004
76.205 -5.21844 -10.2975 -7.39412 -8.38295 -9.35201 -3.78144 -7.29261 -8.17918 -7.19967 -5.33611 -8.43366 -8.59634 -4.04093 -7.16937 -6.80443 -8.12683 -5.29849 -7.88834 -8.71732 -4.14018 -8.91059 -7.15586 -7.80649 -5.51757 -7.89371 -8.63332 -4.14977 -8.25914 -7.01178 -7.8947 -5.49096 -7.92641 -8.67334 -4.23364 -8.38975 -6.98462 -7.64864 -5.65857 -7.94872 -8.6847 -3.09857 -8.2953 -6.49339 -9.53094 -3.6886 -7.605 -8.74678 -2.25376 -8.19002
76.255 -5.25985 -10.2804 -7.3097 -8.38826 -9.33959 -3.78517 -7.30328 -8.17372 -7.19763 -5.33802 -8.40743 -8.59121 -4.04235 -7.1874 -6.80331 -8.12831 -5.29874 -7.88848 -8.71766 -4.13993 -8.91074 -7.15653 -7.80622 -5.51739 -7.89372 -8.63317 -4.14984 -8.25842 -7.01167 -7.89467 -5.49103 -7.9264 -8.67336 -4.23364 -8.39004 -6.98459 -7.64868 -5.65857 -7.94873 -8.68471 -3.09857 -8.29528 -6.49341 -9.53092 -3.6886 -7.60501 -8.74677 -2.25376 -8.19001
76.305 -5.30246 -10.2617 -7.22461 -8.39422 -9.32674 -3.78916 -7.31515 -8.16761 -7.19577 -5.3401 -8.38085 -8.58604 -4.04381 -7.20641 -6.80225 -8.12977 -5.29902 -7.88864 -8.71799 -4.13969 -8.91059 -7.1572 -7.80593 -5.51721 -7.89373 -8.63303 -4.14992 -8.25772 -7.01156 -7.89464 -5.4911 -7.92638 -8.67338 -4.23364 -8.39034 -6.98457 -7.64871 -5.65857 -7.94874 -8.68471 -3.09856 -8.29526 -6.49343 -9.53091 -3.6886 -7.60501 -8.74677 -2.25377 -8.18999
76.355 -5.34611 -10.2417 -7.13908 -8.40084 -9.31352 -3.7934 -7.32823 -8.16083 -7.19409 -5.34235 -8.35407 -8.58086 -4.04531 -7.22637 -6.80125 -8.13122 -5.29933 -7.88881 -8.71831 -4.13945 -8.91015 -7.15786 -7.80563 -5.51703 -7.89375 -8.63288 -4.15 -8.25704 -7.01144 -7.89461 -5.49118 -7.92636 -8.6734 -4.23365 -8.39064 -6.98456 -7.64875 -5.65857 -7.94875 -8.68472 -3.09856 -8.29523 -6.49345 -9.53089 -3.68861 -7.60501 -8.74676 -2.25377 -8.18998
76.405 -5.39062 -10.2201 -7.0534 -8.40811 -9.29997 -3.79789 -7.34252 -8.15337 -7.19259 -5.34477 -8.32727 -8.5757 -4.04685 -7.24725 -6.80033 -8.13265 -5.29968 -7.88901 -8.71861 -4.13921 -8.90941 -7.15852 -7.80531 -5.51686 -7.89377 -8.63274 -4.15008 -8.25639 -7.01132 -7.8946 -5.49125 -7.92635 -8.67343 -4.23364 -8.39094 -6.98454 -7.64879 -5.65857 -7.94876 -8.68473 -3.09855 -8.2952 -6.49347 -9.53087 -3.68862 -7.60502 -8.74676 -2.25377 -8.18997
76.455 -5.43576 -10.1971 -6.96785 -8.41603 -9.28617 -3.80261 -7.35802 -8.14524 -7.19129 -5.34735 -8.30062 -8.5706 -4.04843 -7.26902 -6.79947 -8.13406 -5.30006 -7.88922 -8.7189 -4.13898 -8.90835 -7.15918 -7.80498 -5.5167 -7.8938 -8.6326 -4.15016 -8.25576 -7.01119 -7.89459 -5.49132 -7.92633 -8.67345 -4.23364 -8.39125 -6.98453 -7.64883 -5.65857 -7.94877 -8.68473 -3.09855 -8.29516 -6.49349 -9.53086 -3.68862 -7.60502 -8.74675 -2.25378 -8.18995
76.505 -5.48131 -10.1728 -6.88278 -8.42459 -9.2722 -3.80758 -7.37472 -8.13644 -7.19018 -5.35011 -8.2743 -8.56561 -4.05003 -7.29161 -6.79869 -8.13546 -5.30047 -7.88945 -8.71918 -4.13876 -8.90699 -7.15983 -7.80465 -5.51654 -7.89383 -8.63246 -4.15024 -8.25516 -7.01105 -7.89458 -5.4914 -7.92632 -8.67348 -4.23364 -8.39156 -6.98452 -7.64886 -5.65856 -7.94878 -8.68474 -3.09855 -8.29513 -6.49351 -9.53084 -3.68863 -7.60503 -8.74675 -2.25378 -8.18994
76.555 -5.52701 -10.147 -6.79858 -8.43377 -9.25816 -3.81276 -7.39258 -8.12698 -7.18927 -5.35303 -8.2485 -8.56075 -4.05166 -7.31496 -6.79798 -8.13683 -5.30091 -7.88971 -8.71944 -4.13854 -8.90531 -7.16047 -7.8043 -5.51639 -7.89387 -8.63232 -4.15033 -8.25458 -7.01091 -7.89458 -5.49147 -7.9263 -8.67351 -4.23364 -8.39187 -6.98451 -7.6489 -5.65856 -7.94879 -8.68474 -3.09855 -8.29508 -6.49353 -9.53082 -3.68864 -7.60503 -8.74674 -2.25378 -8.18993
76.605 -5.5726 -10.12 -6.71562 -8.44355 -9.24414 -3.81815 -7.41158 -8.11687 -7.18857 -5.35612 -8.2234 -8.55608 -4.0533 -7.33901 -6.79734 -8.13818 -5.30139 -7.88998 -8.71968 -4.13832 -8.90331 -7.16111 -7.80394 -5.51625 -7.89392 -8.63219 -4.15041 -8.25404 -7.01076 -7.89459 -5.49155 -7.92629 -8.67354 -4.23363 -8.39218 -6.98451 -7.64893 -5.65855 -7.9488 -8.68475 -3.09855 -8.29504 -6.49355 -9.5308 -3.68865 -7.60504 -8.74674 -2.25379 -8.18992
76.655 -5.61783 -10.0918 -6.63432 -8.4539 -9.23023 -3.82373 -7.43167 -8.10614 -7.18808 -5.35937 -8.19918 -8.55163 -4.05496 -7.36366 -6.79679 -8.13949 -5.3019 -7.89028 -8.71991 -4.13812 -8.90099 -7.16174 -7.80357 -5.51611 -7.89397 -8.63206 -4.15049 -8.25352 -7.01061 -7.8946 -5.49162 -7.92628 -8.67358 -4.23363 -8.3925 -6.9845 -7.64896 -5.65855 -7.94881 -8.68475 -3.09855 -8.29499 -6.49357 -9.53078 -3.68866 -7.60504 -8.74673 -2.25379 -8.18992
76.705 -5.66245 -10.0625 -6.55508 -8.46479 -9.21654 -3.82949 -7.45279 -8.09481 -7.1878 -5.36279 -8.17598 -8.54745 -4.05661 -7.38883 -6.79631 -8.14078 -5.30244 -7.89059 -8.72013 -4.13792 -8.89835 -7.16235 -7.80319 -5.51598 -7.89403 -8.63193 -4.15058 -8.25304 -7.01045 -7.89462 -5.4917 -7.92627 -8.67361 -4.23362 -8.39281 -6.9845 -7.649 -5.65854 -7.94882 -8.68475 -3.09855 -8.29493 -6.49359 -9.53076 -3.68867 -7.60505 -8.74673 -2.25379 -8.18991
76.755 -5.7062 -10.0322 -6.47833 -8.47618 -9.20316 -3.83539 -7.47487 -8.0829 -7.18774 -5.36636 -8.15394 -8.54355 -4.05825 -7.41442 -6.79592 -8.14204 -5.303 -7.89093 -8.72032 -4.13773 -8.89539 -7.16296 -7.80281 -5.51586 -7.89409 -8.63181 -4.15066 -8.25258 -7.01029 -7.89464 -5.49177 -7.92626 -8.67364 -4.23361 -8.39312 -6.98451 -7.64903 -5.65853 -7.94883 -8.68475 -3.09855 -8.29488 -6.49361 -9.53074 -3.68869 -7.60505 -8.74672 -2.2538 -8.1899
76.805 -5.74888 -10.001 -6.40443 -8.48801 -9.19018 -3.84141 -7.49784 -8.07047 -7.18791 -5.37008 -8.13317 -8.53998 -4.05987 -7.44033 -6.79562 -8.14325 -5.30359 -7.89128 -8.7205 -4.13754 -8.89211 -7.16355 -7.80242 -5.51575 -7.89416 -8.63169 -4.15074 -8.25216 -7.01012 -7.89467 -5.49185 -7.92625 -8.67368 -4.2336 -8.39343 -6.98451 -7.64905 -5.65852 -7.94883 -8.68475 -3.09855 -8.29482 -6.49362 -9.53073 -3.6887 -7.60506 -8.74672 -2.2538 -8.1899
76.855 -5.79028 -9.96906 -6.33375 -8.50024 -9.17769 -3.84754 -7.52161 -8.05754 -7.18831 -5.37394 -8.11374 -8.53676 -4.06147 -7.46644 -6.7954 -8.14443 -5.30421 -7.89165 -8.72065 -4.13737 -8.88852 -7.16413 -7.80202 -5.51564 -7.89423 -8.63158 -4.15083 -8.25177 -7.00995 -7.8947 -5.49192 -7.92624 -8.67372 -4.23359 -8.39373 -6.98452 -7.64908 -5.65851 -7.94884 -8.68475 -3.09855 -8.29476 -6.49364 -9.53071 -3.68872 -7.60506 -8.74671 -2.2538 -8.18989
76.905 -5.83024 -9.93645 -6.26662 -8.51281 -9.16574 -3.85373 -7.54609 -8.04416 -7.18893 -5.37793 -8.09571 -8.5339 -4.06303 -7.49265 -6.79527 -8.14557 -5.30484 -7.89205 -8.72079 -4.1372 -8.88462 -7.16469 -7.80162 -5.51554 -7.89431 -8.63146 -4.15091 -8.25141 -7.00978 -7.89475 -5.49199 -7.92623 -8.67376 -4.23358 -8.39404 -6.98453 -7.64911 -5.6585 -7.94885 -8.68475 -3.09856 -8.29469 -6.49365 -9.53069 -3.68873 -7.60507 -8.74671 -2.25381 -8.18989
76.955 -5.86861 -9.90334 -6.20332 -8.52566 -9.1544 -3.85997 -7.57119 -8.03038 -7.18979 -5.38204 -8.07911 -8.53141 -4.06455 -7.51884 -6.79523 -8.14667 -5.30549 -7.89246 -8.72091 -4.13704 -8.88042 -7.16524 -7.80121 -5.51545 -7.89439 -8.63136 -4.15099 -8.25109 -7.0096 -7.89479 -5.49206 -7.92623 -8.6738 -4.23357 -8.39434 -6.98455 -7.64913 -5.65849 -7.94886 -8.68475 -3.09856 -8.29463 -6.49367 -9.53067 -3.68875 -7.60507 -8.74671 -2.25381 -8.18989
77.005 -5.9053 -9.86984 -6.14409 -8.53872 -9.14371 -3.86623 -7.59681 -8.01625 -7.19088 -5.38626 -8.06394 -8.52929 -4.06601 -7.54492 -6.79529 -8.14772 -5.30616 -7.89289 -8.72101 -4.13689 -8.87593 -7.16577 -7.8008 -5.51537 -7.89447 -8.63125 -4.15107 -8.2508 -7.00942 -7.89484 -5.49213 -7.92622 -8.67384 -4.23355 -8.39464 -6.98456 -7.64916 -5.65848 -7.94887 -8.68475 -3.09856 -8.29456 -6.49368 -9.53065 -3.68877 -7.60507 -8.7467 -2.25381 -8.18989
77.055 -5.94021 -9.83608 -6.08912 -8.55194 -9.13369 -3.87249 -7.62285 -8.00181 -7.1922 -5.39057 -8.05019 -8.52755 -4.06742 -7.57077 -6.79544 -8.14872 -5.30683 -7.89333 -8.72109 -4.13675 -8.87115 -7.16629 -7.80038 -5.51529 -7.89456 -8.63116 -4.15115 -8.25055 -7.00924 -7.8949 -5.4922 -7.92622 -8.67388 -4.23354 -8.39493 -6.98458 -7.64918 -5.65846 -7.94887 -8.68475 -3.09857 -8.29449 -6.49369 -9.53063 -3.68878 -7.60508 -8.7467 -2.25382 -8.18989
77.105 -5.9733 -9.80219 -6.03856 -8.56525 -9.12436 -3.87872 -7.64921 -7.98713 -7.19376 -5.39497 -8.03781 -8.52618 -4.06875 -7.5963 -6.79568 -8.14968 -5.30751 -7.89379 -8.72114 -4.13662 -8.86611 -7.16678 -7.79997 -5.51523 -7.89466 -8.63106 -4.15123 -8.25033 -7.00906 -7.89496 -5.49226 -7.92621 -8.67392 -4.23353 -8.39522 -6.9846 -7.6492 -5.65845 -7.94888 -8.68475 -3.09858 -8.29441 -6.49371 -9.53061 -3.6888 -7.60508 -8.7467 -2.25382 -8.18989
77.155 -6.00453 -9.76828 -5.99251 -8.57859 -9.11573 -3.88489 -7.67579 -7.97225 -7.19555 -5.39943 -8.02676 -8.52516 -4.07002 -7.62143 -6.79602 -8.15058 -5.30819 -7.89425 -8.72118 -4.1365 -8.8608 -7.16725 -7.79955 -5.51517 -7.89475 -8.63097 -4.1513 -8.25016 -7.00887 -7.89503 -5.49233 -7.92621 -8.67397 -4.23351 -8.3955 -6.98463 -7.64922 -5.65844 -7.94889 -8.68474 -3.09858 -8.29434 -6.49372 -9.53059 -3.68882 -7.60509 -8.74669 -2.25382 -8.1899
77.205 -6.03391 -9.73446 -5.95101 -8.5919 -9.10779 -3.89099 -7.70251 -7.95723 -7.19757 -5.40395 -8.01699 -8.52448 -4.07122 -7.64605 -6.79645 -8.15142 -5.30887 -7.89473 -8.72119 -4.13639 -8.85525 -7.1677 -7.79913 -5.51512 -7.89485 -8.63089 -4.15138 -8.25002 -7.00869 -7.8951 -5.49239 -7.92621 -8.67401 -4.23349 -8.39578 -6.98465 -7.64923 -5.65842 -7.94889 -8.68474 -3.09859 -8.29426 -6.49373 -9.53057 -3.68884 -7.60509 -8.74669 -2.25383 -8.1899
77.255 -6.06142 -9.70083 -5.91408 -8.60513 -9.10053 -3.897 -7.72928 -7.94211 -7.19982 -5.4085 -8.00843 -8.52413 -4.07233 -7.67011 -6.79699 -8.15221 -5.30954 -7.89522 -8.72117 -4.13629 -8.84947 -7.16813 -7.79871 -5.51508 -7.89494 -8.63081 -4.15145 -8.24992 -7.0085 -7.89518 -5.49245 -7.9262 -8.67405 -4.23348 -8.39605 -6.98468 -7.64925 -5.65841 -7.9489 -8.68473 -3.0986 -8.29418 -6.49374 -9.53055 -3.68886 -7.6051 -8.74669 -2.25383 -8.18991
77.305 -6.08711 -9.6675 -5.88169 -8.61823 -9.09392 -3.9029 -7.75601 -7.92694 -7.20229 -5.41308 -8.00101 -8.52408 -4.07336 -7.69352 -6.79762 -8.15294 -5.3102 -7.89572 -8.72114 -4.1362 -8.84348 -7.16854 -7.7983 -5.51505 -7.89504 -8.63074 -4.15152 -8.24986 -7.00831 -7.89526 -5.49251 -7.9262 -8.6741 -4.23346 -8.39631 -6.98471 -7.64926 -5.65839 -7.94891 -8.68473 -3.09861 -8.2941 -6.49375 -9.53053 -3.68888 -7.6051 -8.74669 -2.25383 -8.18991
77.355 -6.11098 -9.63453 -5.8538 -8.63116 -9.08795 -3.90868 -7.78262 -7.91177 -7.20499 -5.41767 -7.99468 -8.52432 -4.07431 -7.71623 -6.79834 -8.15361 -5.31085 -7.89622 -8.72108 -4.13612 -8.8373 -7.16892 -7.79788 -5.51503 -7.89514 -8.63067 -4.15159 -8.24985 -7.00812 -7.89534 -5.49256 -7.9262 -8.67414 -4.23344 -8.39657 -6.98474 -7.64927 -5.65837 -7.94891 -8.68472 -3.09862 -8.29402 -6.49375 -9.53051 -3.6889 -7.6051 -8.74668 -2.25384 -8.18992
77.405 -6.1331 -9.60202 -5.83031 -8.64388 -9.0826 -3.91432 -7.80904 -7.89663 -7.2079 -5.42225 -7.98936 -8.52483 -4.07517 -7.7382 -6.79916 -8.15422 -5.31148 -7.89673 -8.72099 -4.13605 -8.83094 -7.16928 -7.79747 -5.51501 -7.89524 -8.63061 -4.15166 -8.24987 -7.00794 -7.89543 -5.49262 -7.92621 -8.67419 -4.23342 -8.39681 -6.98478 -7.64928 -5.65836 -7.94892 -8.68472 -3.09863 -8.29393 -6.49376 -9.5305 -3.68892 -7.60511 -8.74668 -2.25384 -8.18993
77.455 -6.15349 -9.57003 -5.81113 -8.65634 -9.07782 -3.91982 -7.83521 -7.88157 -7.21102 -5.42681 -7.98499 -8.52558 -4.07595 -7.75937 -6.80008 -8.15476 -5.3121 -7.89724 -8.72088 -4.13599 -8.82442 -7.16961 -7.79706 -5.51501 -7.89534 -8.63055 -4.15172 -8.24993 -7.00775 -7.89553 -5.49267 -7.92621 -8.67423 -4.2334 -8.39705 -6.98481 -7.64929 -5.65834 -7.94892 -8.68471 -3.09864 -8.29385 -6.49377 -9.53048 -3.68894 -7.60511 -8.74668 -2.25384 -8.18994
77.505 -6.1722 -9.53862 -5.79613 -8.66853 -9.0736 -3.92516 -7.86107 -7.86662 -7.21434 -5.43134 -7.98151 -8.52656 -4.07664 -7.7797 -6.80108 -8.15524 -5.3127 -7.89775 -8.72075 -4.13595 -8.81776 -7.16991 -7.79666 -5.51501 -7.89544 -8.6305 -4.15179 -8.25004 -7.00757 -7.89562 -5.49272 -7.92621 -8.67428 -4.23338 -8.39728 -6.98485 -7.64929 -5.65832 -7.94893 -8.6847 -3.09865 -8.29376 -6.49377 -9.53046 -3.68896 -7.60512 -8.74668 -2.25385 -8.18995
77.555 -6.18929 -9.50786 -5.78518 -8.68042 -9.06991 -3.93034 -7.88656 -7.85183 -7.21786 -5.43582 -7.97886 -8.52775 -4.07725 -7.79917 -6.80218 -8.15565 -5.31327 -7.89826 -8.72059 -4.13592 -8.81098 -7.17018 -7.79626 -5.51502 -7.89553 -8.63046 -4.15185 -8.25019 -7.00738 -7.89573 -5.49276 -7.92622 -8.67432 -4.23336 -8.3975 -6.98489 -7.6493 -5.6583 -7.94893 -8.68469 -3.09866 -8.29368 -6.49378 -9.53045 -3.68899 -7.60512 -8.74668 -2.25385 -8.18996
77.605 -6.20479 -9.4778 -5.77814 -8.69199 -9.06672 -3.93535 -7.91162 -7.83721 -7.22157 -5.44024 -7.97701 -8.52913 -4.07777 -7.81776 -6.80337 -8.15599 -5.31382 -7.89876 -8.7204 -4.1359 -8.8041 -7.17043 -7.79587 -5.51505 -7.89563 -8.63042 -4.15191 -8.25038 -7.0072 -7.89583 -5.4928 -7.92622 -8.67437 -4.23334 -8.39771 -6.98494 -7.6493 -5.65829 -7.94893 -8.68468 -3.09867 -8.29359 -6.49378 -9.53043 -3.68901 -7.60512 -8.74668 -2.25385 -8.18997
77.655 -6.21875 -9.44847 -5.77485 -8.70323 -9.06401 -3.94018 -7.93622 -7.82281 -7.22547 -5.4446 -7.97589 -8.53068 -4.07821 -7.83544 -6.80465 -8.15625 -5.31434 -7.89926 -8.72019 -4.13589 -8.79713 -7.17064 -7.79548 -5.51508 -7.89572 -8.63038 -4.15196 -8.25061 -7.00702 -7.89594 -5.49284 -7.92623 -8.67441 -4.23331 -8.39791 -6.98498 -7.6493 -5.65827 -7.94894 -8.68467 -3.09868 -8.29351 -6.49378 -9.53041 -3.68903 -7.60513 -8.74668 -2.25385 -8.18999
77.705 -6.23122 -9.41991 -5.77517 -8.71411 -9.06175 -3.94483 -7.96032 -7.80864 -7.22953 -5.44887 -7.97548 -8.5324 -4.07857 -7.85219 -6.80601 -8.15645 -5.31483 -7.89976 -8.71996 -4.13589 -8.7901 -7.17083 -7.7951 -5.51512 -7.89581 -8.63036 -4.15201 -8.25089 -7.00684 -7.89605 -5.49288 -7.92623 -8.67446 -4.23329 -8.3981 -6.98503 -7.6493 -5.65825 -7.94894 -8.68466 -3.0987 -8.29342 -6.49378 -9.5304 -3.68905 -7.60513 -8.74668 -2.25385 -8.19
77.755 -6.24223 -9.39218 -5.77894 -8.72465 -9.05992 -3.9493 -7.98387 -7.79473 -7.23377 -5.45305 -7.97573 -8.53426 -4.07885 -7.86802 -6.80746 -8.15658 -5.3153 -7.90025 -8.71971 -4.13591 -8.78302 -7.17098 -7.79473 -5.51517 -7.8959 -8.63034 -4.15206 -8.2512 -7.00667 -7.89616 -5.49292 -7.92624 -8.6745 -4.23327 -8.39828 -6.98507 -7.6493 -5.65823 -7.94894 -8.68465 -3.09871 -8.29333 -6.49378 -9.53038 -3.68908 -7.60513 -8.74668 -2.25386 -8.19002
77.805 -6.25182 -9.36528 -5.78602 -8.73483 -9.0585 -3.95359 -8.00685 -7.78111 -7.23815 -5.45714 -7.97662 -8.53626 -4.07906 -7.88291 -6.80898 -8.15663 -5.31574 -7.90073 -8.71943 -4.13594 -8.77591 -7.17111 -7.79437 -5.51522 -7.89599 -8.63032 -4.15211 -8.25156 -7.0065 -7.89628 -5.49295 -7.92625 -8.67454 -4.23325 -8.39844 -6.98512 -7.64929 -5.65821 -7.94894 -8.68464 -3.09872 -8.29325 -6.49378 -9.53037 -3.6891 -7.60513 -8.74668 -2.25386 -8.19003
77.855 -6.26003 -9.33926 -5.79625 -8.74464 -9.05748 -3.95769 -8.02923 -7.76779 -7.24269 -5.46111 -7.97812 -8.53838 -4.07919 -7.89686 -6.81058 -8.15661 -5.31615 -7.9012 -8.71912 -4.13598 -8.76879 -7.1712 -7.79402 -5.51529 -7.89607 -8.63031 -4.15215 -8.25196 -7.00633 -7.8964 -5.49298 -7.92626 -8.67459 -4.23322 -8.39859 -6.98517 -7.64928 -5.65819 -7.94895 -8.68463 -3.09874 -8.29316 -6.49378 -9.53036 -3.68912 -7.60514 -8.74668 -2.25386 -8.19005
77.905 -6.26688 -9.31414 -5.8095 -8.7541 -9.05684 -3.96159 -8.05097 -7.75479 -7.24736 -5.46497 -7.9802 -8.54061 -4.07925 -7.90986 -6.81226 -8.15652 -5.31653 -7.90166 -8.7188 -4.13604 -8.76168 -7.17126 -7.79369 -5.51536 -7.89616 -8.63031 -4.15219 -8.2524 -7.00616 -7.89652 -5.493 -7.92627 -8.67463 -4.2332 -8.39873 -6.98522 -7.64927 -5.65817 -7.94895 -8.68462 -3.09875 -8.29307 -6.49377 -9.53034 -3.68914 -7.60514 -8.74668 -2.25386 -8.19007
77.955 -6.2724 -9.28993 -5.82564 -8.7632 -9.05657 -3.96531 -8.07205 -7.74214 -7.25216 -5.46871 -7.98286 -8.54295 -4.07925 -7.92193 -6.814 -8.15635 -5.31689 -7.90211 -8.71846 -4.13611 -8.75458 -7.17129 -7.79336 -5.51545 -7.89623 -8.63031 -4.15223 -8.25288 -7.006 -7.89664 -5.49302 -7.92628 -8.67467 -4.23317 -8.39886 -6.98527 -7.64926 -5.65815 -7.94895 -8.68461 -3.09877 -8.29299 -6.49377 -9.53033 -3.68916 -7.60514 -8.74668 -2.25386 -8.19009
78.005 -6.27661 -9.26667 -5.84454 -8.77195 -9.05666 -3.96883 -8.09246 -7.72984 -7.25708 -5.47231 -7.98607 -8.54538 -4.07917 -7.93307 -6.81581 -8.15611 -5.31721 -7.90255 -8.71809 -4.13618 -8.74752 -7.17128 -7.79305 -5.51554 -7.89631 -8.63033 -4.15226 -8.2534 -7.00585 -7.89676 -5.49304 -7.92629 -8.67471 -4.23315 -8.39897 -6.98533 -7.64925 -5.65813 -7.94895 -8.6846 -3.09878 -8.29291 -6.49376 -9.53032 -3.68919 -7.60514 -8.74669 -2.25387 -8.1901
78.055 -6.27953 -9.24437 -5.86608 -8.78036 -9.05709 -3.97216 -8.11217 -7.71792 -7.2621 -5.47578 -7.98984 -8.5479 -4.07904 -7.94327 -6.81768 -8.1558 -5.31751 -7.90297 -8.7177 -4.13628 -8.74051 -7.17125 -7.79274 -5.51564 -7.89638 -8.63034 -4.15229 -8.25395 -7.0057 -7.89689 -5.49306 -7.92631 -8.67475 -4.23313 -8.39908 -6.98538 -7.64924 -5.65811 -7.94895 -8.68458 -3.0988 -8.29282 -6.49376 -9.53031 -3.68921 -7.60515 -8.74669 -2.25387 -8.19012
78.105 -6.28118 -9.22304 -5.89015 -8.78842 -9.05787 -3.97529 -8.13116 -7.70638 -7.26722 -5.4791 -7.99414 -8.5505 -4.07884 -7.95255 -6.81961 -8.15542 -5.31778 -7.90338 -8.7173 -4.13638 -8.73357 -7.17118 -7.79246 -5.51575 -7.89646 -8.63037 -4.15232 -8.25455 -7.00556 -7.89701 -5.49307 -7.92632 -8.67479 -4.2331 -8.39916 -6.98543 -7.64922 -5.65809 -7.94895 -8.68457 -3.09881 -8.29274 -6.49375 -9.5303 -3.68923 -7.60515 -8.74669 -2.25387 -8.19014
78.155 -6.28157 -9.20271 -5.91666 -8.79614 -9.05898 -3.97823 -8.14942 -7.69524 -7.27242 -5.48228 -7.99899 -8.55318 -4.07858 -7.96092 -6.8216 -8.15496 -5.31803 -7.90378 -8.71688 -4.1365 -8.7267 -7.17108 -7.79218 -5.51587 -7.89652 -8.6304 -4.15234 -8.25518 -7.00542 -7.89714 -5.49308 -7.92633 -8.67483 -4.23308 -8.39923 -6.98549 -7.6492 -5.65807 -7.94895 -8.68456 -3.09883 -8.29266 -6.49374 -9.53029 -3.68925 -7.60515 -8.74669 -2.25387 -8.19017
78.205 -6.28069 -9.18339 -5.94553 -8.80354 -9.06043 -3.98096 -8.16693 -7.68451 -7.2777 -5.48531 -8.00438 -8.55594 -4.07827 -7.96837 -6.82363 -8.15443 -5.31825 -7.90415 -8.71644 -4.13662 -8.71993 -7.17094 -7.79193 -5.51599 -7.89659 -8.63043 -4.15236 -8.25584 -7.00529 -7.89727 -5.49308 -7.92635 -8.67486 -4.23305 -8.39929 -6.98555 -7.64918 -5.65805 -7.94895 -8.68454 -3.09884 -8.29258 -6.49373 -9.53028 -3.68927 -7.60515 -8.74669 -2.25387 -8.19019
78.255 -6.27857 -9.16509 -5.97667 -8.81062 -9.06221 -3.9835 -8.18367 -7.67421 -7.28304 -5.48818 -8.01031 -8.55876 -4.0779 -7.97492 -6.82571 -8.15383 -5.31845 -7.90452 -8.71598 -4.13676 -8.71326 -7.17078 -7.79169 -5.51612 -7.89665 -8.63048 -4.15237 -8.25654 -7.00516 -7.89739 -5.49308 -7.92636 -8.6749 -4.23303 -8.39933 -6.9856 -7.64916 -5.65804 -7.94894 -8.68453 -3.09886 -8.29251 -6.49372 -9.53028 -3.68929 -7.60515 -8.7467 -2.25387 -8.19021
78.305 -6.27518 -9.14784 -6.01002 -8.81739 -9.06433 -3.98584 -8.19964 -7.66434 -7.28844 -5.4909 -8.0168 -8.56165 -4.07749 -7.98057 -6.82783 -8.15316 -5.31862 -7.90486 -8.71551 -4.13691 -8.70671 -7.17058 -7.79146 -5.51626 -7.89671 -8.63053 -4.15239 -8.25727 -7.00504 -7.89752 -5.49308 -7.92638 -8.67493 -4.23301 -8.39936 -6.98566 -7.64914 -5.65802 -7.94894 -8.68452 -3.09888 -8.29243 -6.49371 -9.53027 -3.68931 -7.60515 -8.7467 -2.25387 -8.19023
78.355 -6.27054 -9.13165 -6.04553 -8.82386 -9.06679 -3.98798 -8.2148 -7.65491 -7.29387 -5.49345 -8.02385 -8.56461 -4.07702 -7.98532 -6.82998 -8.15242 -5.31877 -7.90519 -8.71503 -4.13707 -8.70029 -7.17035 -7.79125 -5.51641 -7.89677 -8.63058 -4.15239 -8.25803 -7.00493 -7.89765 -5.49308 -7.9264 -8.67497 -4.23298 -8.39938 -6.98572 -7.64911 -5.658 -7.94894 -8.6845 -3.09889 -8.29236 -6.4937 -9.53026 -3.68933 -7.60515 -8.7467 -2.25387 -8.19025
78.405 -6.26462 -9.11653 -6.08315 -8.83003 -9.06959 -3.98991 -8.22916 -7.64594 -7.29933 -5.49583 -8.03148 -8.56763 -4.0765 -7.9892 -6.83217 -8.15162 -5.31891 -7.90551 -8.71453 -4.13725 -8.69401 -7.17008 -7.79106 -5.51656 -7.89683 -8.63064 -4.1524 -8.25883 -7.00482 -7.89777 -5.49307 -7.92642 -8.675 -4.23296 -8.39938 -6.98577 -7.64909 -5.65798 -7.94894 -8.68449 -3.09891 -8.29229 -6.49369 -9.53026 -3.68935 -7.60515 -8.74671 -2.25387 -8.19028
78.455 -6.25743 -9.10251 -6.12286 -8.83592 -9.07274 -3.99164 -8.24269 -7.63743 -7.30481 -5.49805 -8.0397 -8.57072 -4.07594 -7.99219 -6.83438 -8.15075 -5.31902 -7.9058 -8.71403 -4.13743 -8.68788 -7.16979 -7.79089 -5.51672 -7.89688 -8.63071 -4.1524 -8.25965 -7.00472 -7.8979 -5.49306 -7.92643 -8.67503 -4.23294 -8.39936 -6.98583 -7.64906 -5.65796 -7.94893 -8.68447 -3.09892 -8.29222 -6.49368 -9.53026 -3.68937 -7.60515 -8.74671 -2.25387 -8.1903
78.505 -6.24893 -9.0896 -6.16462 -8.84152 -9.07624 -3.99316 -8.25538 -7.6294 -7.3103 -5.5001 -8.04854 -8.57387 -4.07534 -7.99431 -6.83662 -8.14981 -5.31911 -7.90608 -8.71351 -4.13762 -8.68191 -7.16947 -7.79073 -5.51689 -7.89693 -8.63079 -4.1524 -8.26049 -7.00463 -7.89802 -5.49304 -7.92645 -8.67505 -4.23292 -8.39933 -6.98589 -7.64903 -5.65794 -7.94893 -8.68446 -3.09894 -8.29216 -6.49366 -9.53025 -3.68938 -7.60515 -8.74672 -2.25387 -8.19032
78.555 -6.23911 -9.07782 -6.20843 -8.84685 -9.08011 -3.99446 -8.26721 -7.62186 -7.31578 -5.50197 -8.05801 -8.57709 -4.07469 -7.99555 -6.83887 -8.14882 -5.31918 -7.90633 -8.71298 -4.13782 -8.67611 -7.16911 -7.79059 -5.51706 -7.89698 -8.63087 -4.15239 -8.26136 -7.00455 -7.89815 -5.49302 -7.92647 -8.67508 -4.2329 -8.39928 -6.98594 -7.649 -5.65793 -7.94892 -8.68444 -3.09895 -8.29209 -6.49365 -9.53025 -3.6894 -7.60515 -8.74672 -2.25387 -8.19035
78.605 -6.22794 -9.0672 -6.25429 -8.85192 -9.08436 -3.99556 -8.27817 -7.61482 -7.32124 -5.50367 -8.06815 -8.58037 -4.074 -7.99592 -6.84113 -8.14776 -5.31924 -7.90657 -8.71245 -4.13803 -8.67049 -7.16873 -7.79048 -5.51723 -7.89703 -8.63096 -4.15238 -8.26225 -7.00448 -7.89827 -5.493 -7.92649 -8.6751 -4.23287 -8.39922 -6.986 -7.64897 -5.65791 -7.94892 -8.68443 -3.09897 -8.29203 -6.49363 -9.53025 -3.68942 -7.60515 -8.74672 -2.25387 -8.19037
78.655 -6.2154 -9.05775 -6.30222 -8.85673 -9.089 -3.99644 -8.28824 -7.60828 -7.32667 -5.50519 -8.07897 -8.58373 -4.07327 -7.99541 -6.8434 -8.14665 -5.31928 -7.90679 -8.7119 -4.13825 -8.66506 -7.16832 -7.79038 -5.51742 -7.89708 -8.63105 -4.15236 -8.26317 -7.00441 -7.89839 -5.49298 -7.92651 -8.67513 -4.23285 -8.39915 -6.98605 -7.64894 -5.6579 -7.94892 -8.68441 -3.09898 -8.29198 -6.49362 -9.53025 -3.68943 -7.60515 -8.74673 -2.25387 -8.1904
78.705 -6.20144 -9.04951 -6.35223 -8.86128 -9.09404 -3.99709 -8.2974 -7.60227 -7.33206 -5.50653 -8.09052 -8.58715 -4.07251 -7.99403 -6.84568 -8.14548 -5.3193 -7.90699 -8.71136 -4.13848 -8.65982 -7.16788 -7.7903 -5.5176 -7.89712 -8.63115 -4.15234 -8.2641 -7.00435 -7.8985 -5.49295 -7.92653 -8.67515 -4.23283 -8.39906 -6.98611 -7.64891 -5.65788 -7.94891 -8.6844 -3.099 -8.29192 -6.4936 -9.53025 -3.68945 -7.60515 -8.74673 -2.25387 -8.19042
78.755 -6.18603 -9.0425 -6.40437 -8.86559 -9.0995 -3.99753 -8.30563 -7.59679 -7.3374 -5.5077 -8.10283 -8.59066 -4.0717 -7.99177 -6.84795 -8.14426 -5.31931 -7.90717 -8.71081 -4.13871 -8.65479 -7.16742 -7.79024 -5.5178 -7.89716 -8.63126 -4.15232 -8.26504 -7.0043 -7.89862 -5.49292 -7.92655 -8.67516 -4.23281 -8.39895 -6.98616 -7.64887 -5.65787 -7.9489 -8.68439 -3.09901 -8.29187 -6.49358 -9.53025 -3.68946 -7.60515 -8.74674 -2.25387 -8.19044
78.805 -6.16912 -9.03675 -6.45867 -8.86965 -9.1054 -3.99773 -8.31291 -7.59185 -7.34268 -5.50868 -8.11594 -8.59425 -4.07085 -7.98863 -6.85021 -8.14299 -5.31931 -7.90733 -8.71025 -4.13896 -8.64997 -7.16693 -7.7902 -5.51799 -7.8972 -8.63137 -4.1523 -8.26601 -7.00426 -7.89873 -5.49289 -7.92658 -8.67518 -4.23279 -8.39883 -6.98621 -7.64884 -5.65785 -7.9489 -8.68437 -3.09903 -8.29183 -6.49356 -9.53026 -3.68947 -7.60515 -8.74674 -2.25387 -8.19047
78.855 -6.15067 -9.0323 -6.51519 -8.87346 -9.11176 -3.9977 -8.31921 -7.58747 -7.34788 -5.50947 -8.12989 -8.59792 -4.06997 -7.98459 -6.85246 -8.14167 -5.31929 -7.90747 -8.7097 -4.13921 -8.64537 -7.16641 -7.79018 -5.51819 -7.89724 -8.63148 -4.15227 -8.26698 -7.00423 -7.89884 -5.49285 -7.9266 -8.6752 -4.23278 -8.3987 -6.98627 -7.6488 -5.65784 -7.94889 -8.68436 -3.09904 -8.29178 -6.49355 -9.53026 -3.68948 -7.60514 -8.74675 -2.25386 -8.19049
78.905 -6.13063 -9.02917 -6.57399 -8.87704 -9.11861 -3.99743 -8.32451 -7.58367 -7.35299 -5.51008 -8.14471 -8.60168 -4.06905 -7.97965 -6.8547 -8.14031 -5.31925 -7.90758 -8.70914 -4.13946 -8.641 -7.16588 -7.79018 -5.51839 -7.89727 -8.6316 -4.15223 -8.26797 -7.0042 -7.89894 -5.49281 -7.92662 -8.67521 -4.23276 -8.39855 -6.98632 -7.64876 -5.65782 -7.94889 -8.68434 -3.09905 -8.29174 -6.49353 -9.53026 -3.68949 -7.60514 -8.74675 -2.25386 -8.19051
78.955 -6.10894 -9.02741 -6.63515 -8.88037 -9.12595 -3.99692 -8.32878 -7.58045 -7.358 -5.5105 -8.16045 -8.60554 -4.06809 -7.9738 -6.85691 -8.1389 -5.31921 -7.90768 -8.70858 -4.13972 -8.63686 -7.16531 -7.7902 -5.5186 -7.8973 -8.63173 -4.15219 -8.26896 -7.00419 -7.89904 -5.49277 -7.92664 -8.67522 -4.23274 -8.39839 -6.98637 -7.64873 -5.65781 -7.94888 -8.68433 -3.09907 -8.29171 -6.49351 -9.53027 -3.6895 -7.60514 -8.74676 -2.25386 -8.19054
79.005 -6.08555 -9.02706 -6.69873 -8.88346 -9.13383 -3.99615 -8.332 -7.57784 -7.36289 -5.51074 -8.17716 -8.60951 -4.06709 -7.96702 -6.85909 -8.13746 -5.31914 -7.90776 -8.70803 -4.13999 -8.63297 -7.16473 -7.79025 -5.51881 -7.89733 -8.63186 -4.15215 -8.26996 -7.00418 -7.89914 -5.49272 -7.92666 -8.67523 -4.23273 -8.39822 -6.98641 -7.64869 -5.6578 -7.94887 -8.68432 -3.09908 -8.29167 -6.49349 -9.53028 -3.68951 -7.60514 -8.74677 -2.25386 -8.19056
79.055 -6.0604 -9.02816 -6.76484 -8.8863 -9.14225 -3.99513 -8.33412 -7.57585 -7.36766 -5.51078 -8.19488 -8.61358 -4.06605 -7.95929 -6.86124 -8.13598 -5.31907 -7.90781 -8.70748 -4.14026 -8.62933 -7.16413 -7.79031 -5.51902 -7.89736 -8.63199 -4.15211 -8.27097 -7.00419 -7.89924 -5.49267 -7.92669 -8.67523 -4.23271 -8.39803 -6.98646 -7.64865 -5.65779 -7.94886 -8.6843 -3.09909 -8.29165 -6.49347 -9.53028 -3.68952 -7.60514 -8.74677 -2.25386 -8.19058
79.105 -6.03345 -9.03076 -6.83354 -8.8889 -9.15126 -3.99384 -8.33513 -7.5745 -7.37229 -5.51063 -8.21365 -8.61777 -4.06497 -7.95061 -6.86335 -8.13446 -5.31897 -7.90784 -8.70693 -4.14053 -8.62595 -7.16351 -7.79039 -5.51923 -7.89739 -8.63213 -4.15206 -8.27197 -7.0042 -7.89933 -5.49262 -7.92671 -8.67524 -4.2327 -8.39783 -6.98651 -7.64861 -5.65778 -7.94886 -8.68429 -3.0991 -8.29162 -6.49345 -9.53029 -3.68953 -7.60513 -8.74678 -2.25386 -8.19061
79.155 -6.00463 -9.03491 -6.90493 -8.89124 -9.16086 -3.99228 -8.33497 -7.57381 -7.37677 -5.51028 -8.23351 -8.62207 -4.06385 -7.94094 -6.86541 -8.13292 -5.31887 -7.90785 -8.70639 -4.14081 -8.62284 -7.16287 -7.79049 -5.51944 -7.89741 -8.63227 -4.15201 -8.27298 -7.00422 -7.89941 -5.49257 -7.92673 -8.67524 -4.23268 -8.39762 -6.98655 -7.64857 -5.65777 -7.94885 -8.68428 -3.09912 -8.2916 -6.49343 -9.5303 -3.68953 -7.60513 -8.74678 -2.25385 -8.19063
79.205 -5.97391 -9.04065 -6.97908 -8.89331 -9.17108 -3.99044 -8.33362 -7.5738 -7.38109 -5.50973 -8.25447 -8.6265 -4.06269 -7.93027 -6.86743 -8.13135 -5.31874 -7.90784 -8.70586 -4.14109 -8.62 -7.16221 -7.79061 -5.51965 -7.89743 -8.63241 -4.15196 -8.27398 -7.00425 -7.89949 -5.49251 -7.92675 -8.67524 -4.23267 -8.39739 -6.98659 -7.64853 -5.65776 -7.94884 -8.68427 -3.09913 -8.29158 -6.4934 -9.53031 -3.68954 -7.60513 -8.74679 -2.25385 -8.19065
79.255 -5.94125 -9.04804 -7.05607 -8.89511 -9.18195 -3.9883 -8.33104 -7.57448 -7.38523 -5.50899 -8.27657 -8.63106 -4.06149 -7.91858 -6.86939 -8.12976 -5.3186 -7.9078 -8.70534 -4.14137 -8.61744 -7.16154 -7.79076 -5.51986 -7.89745 -8.63256 -4.1519 -8.27498 -7.00429 -7.89957 -5.49245 -7.92677 -8.67524 -4.23266 -8.39716 -6.98663 -7.64849 -5.65775 -7.94883 -8.68425 -3.09914 -8.29157 -6.49338 -9.53032 -3.68954 -7.60512 -8.74679 -2.25385 -8.19067
79.305 -5.90662 -9.05714 -7.13594 -8.89661 -9.19347 -3.98587 -8.32718 -7.57589 -7.38918 -5.50804 -8.29981 -8.63574 -4.06024 -7.90585 -6.8713 -8.12814 -5.31844 -7.90774 -8.70482 -4.14165 -8.61518 -7.16086 -7.79092 -5.52008 -7.89746 -8.63271 -4.15184 -8.27596 -7.00434 -7.89964 -5.49239 -7.9268 -8.67523 -4.23265 -8.39691 -6.98667 -7.64845 -5.65775 -7.94882 -8.68424 -3.09915 -8.29156 -6.49336 -9.53033 -3.68955 -7.60512 -8.7468 -2.25385 -8.19069
79.355 -5.87003 -9.06798 -7.21874 -8.8978 -9.20565 -3.98314 -8.32201 -7.57804 -7.39294 -5.50688 -8.32418 -8.64054 -4.05894 -7.89206 -6.87314 -8.12652 -5.31826 -7.90766 -8.70432 -4.14194 -8.61321 -7.16016 -7.7911 -5.52029 -7.89748 -8.63287 -4.15177 -8.27694 -7.0044 -7.89971 -5.49233 -7.92682 -8.67522 -4.23264 -8.39665 -6.9867 -7.64841 -5.65774 -7.94882 -8.68423 -3.09916 -8.29156 -6.49334 -9.53034 -3.68955 -7.60512 -8.74681 -2.25384 -8.19071
79.405 -5.8315 -9.08061 -7.30445 -8.89866 -9.21849 -3.98009 -8.31549 -7.58096 -7.39647 -5.50552 -8.34964 -8.64547 -4.0576 -7.87718 -6.8749 -8.12488 -5.31806 -7.90755 -8.70383 -4.14222 -8.61155 -7.15946 -7.7913 -5.5205 -7.89748 -8.63302 -4.15171 -8.27791 -7.00446 -7.89977 -5.49227 -7.92684 -8.67522 -4.23263 -8.39639 -6.98674 -7.64837 -5.65774 -7.94881 -8.68422 -3.09917 -8.29156 -6.49332 -9.53035 -3.68955 -7.60511 -8.74681 -2.25384 -8.19073
79.455 -5.79108 -9.09509 -7.39305 -8.89915 -9.23198 -3.97672 -8.30757 -7.58466 -7.39978 -5.50394 -8.37612 -8.65049 -4.05621 -7.86121 -6.8766 -8.12323 -5.31784 -7.90741 -8.70335 -4.1425 -8.61021 -7.15874 -7.79152 -5.52071 -7.89749 -8.63318 -4.15164 -8.27886 -7.00454 -7.89983 -5.4922 -7.92686 -8.6752 -4.23263 -8.39611 -6.98677 -7.64833 -5.65773 -7.9488 -8.68421 -3.09917 -8.29156 -6.4933 -9.53037 -3.68955 -7.60511 -8.74682 -2.25384 -8.19075
79.505 -5.74886 -9.11143 -7.48445 -8.89924 -9.2461 -3.97302 -8.29823 -7.58917 -7.40285 -5.50215 -8.40355 -8.65561 -4.05478 -7.84414 -6.87821 -8.12158 -5.31759 -7.90726 -8.70288 -4.14279 -8.60919 -7.15802 -7.79175 -5.52091 -7.89749 -8.63334 -4.15157 -8.2798 -7.00462 -7.89988 -5.49213 -7.92688 -8.67519 -4.23262 -8.39583 -6.9868 -7.64829 -5.65773 -7.94879 -8.6842 -3.09918 -8.29157 -6.49328 -9.53038 -3.68955 -7.60511 -8.74682 -2.25383 -8.19077
79.555 -5.70496 -9.12967 -7.57849 -8.8989 -9.26079 -3.969 -8.28744 -7.5945 -7.40567 -5.50015 -8.43179 -8.66079 -4.05329 -7.82596 -6.87974 -8.11992 -5.31732 -7.90707 -8.70243 -4.14307 -8.60851 -7.15729 -7.792 -5.52112 -7.89748 -8.63349 -4.1515 -8.28071 -7.00471 -7.89992 -5.49207 -7.9269 -8.67518 -4.23262 -8.39553 -6.98683 -7.64825 -5.65773 -7.94878 -8.68419 -3.09919 -8.29158 -6.49325 -9.5304 -3.68955 -7.6051 -8.74683 -2.25383 -8.19078
79.605 -5.65954 -9.14982 -7.67496 -8.89809 -9.27601 -3.96465 -8.27517 -7.60067 -7.40822 -5.49793 -8.46068 -8.66602 -4.05177 -7.80669 -6.88117 -8.11827 -5.31702 -7.90686 -8.702 -4.14335 -8.60816 -7.15656 -7.79227 -5.52132 -7.89747 -8.63365 -4.15142 -8.28161 -7.00481 -7.89996 -5.492 -7.92692 -8.67516 -4.23261 -8.39523 -6.98685 -7.64821 -5.65773 -7.94877 -8.68418 -3.09919 -8.29159 -6.49323 -9.53041 -3.68954 -7.6051 -8.74684 -2.25383 -8.1908
79.655 -5.61284 -9.17187 -7.77358 -8.89675 -9.29167 -3.95998 -8.26141 -7.60768 -7.4105 -5.49548 -8.49003 -8.67125 -4.05019 -7.78633 -6.88251 -8.11663 -5.31669 -7.90663 -8.70159 -4.14362 -8.60817 -7.15583 -7.79256 -5.52151 -7.89746 -8.63381 -4.15134 -8.28248 -7.00492 -7.9 -5.49192 -7.92694 -8.67514 -4.23261 -8.39493 -6.98687 -7.64817 -5.65773 -7.94876 -8.68418 -3.0992 -8.29161 -6.49321 -9.53043 -3.68954 -7.60509 -8.74684 -2.25383 -8.19082
79.705 -5.56509 -9.19579 -7.87398 -8.89483 -9.30767 -3.95498 -8.24617 -7.61555 -7.41248 -5.49282 -8.5196 -8.67643 -4.04858 -7.76493 -6.88375 -8.115 -5.31633 -7.90637 -8.70119 -4.14389 -8.60854 -7.15509 -7.79286 -5.5217 -7.89744 -8.63397 -4.15126 -8.28332 -7.00504 -7.90003 -5.49185 -7.92696 -8.67512 -4.23261 -8.39461 -6.98689 -7.64813 -5.65773 -7.94875 -8.68417 -3.0992 -8.29164 -6.49319 -9.53044 -3.68953 -7.60509 -8.74685 -2.25382 -8.19083
79.755 -5.5166 -9.22154 -7.9757 -8.89228 -9.3239 -3.94968 -8.22944 -7.62426 -7.41417 -5.48994 -8.54914 -8.68154 -4.04694 -7.74253 -6.88488 -8.11338 -5.31594 -7.90608 -8.70082 -4.14416 -8.60928 -7.15436 -7.79318 -5.52189 -7.89742 -8.63413 -4.15118 -8.28413 -7.00516 -7.90005 -5.49178 -7.92698 -8.67509 -4.23261 -8.39429 -6.98691 -7.64809 -5.65773 -7.94874 -8.68416 -3.09921 -8.29167 -6.49317 -9.53046 -3.68953 -7.60508 -8.74685 -2.25382 -8.19084
79.805 -5.4677 -9.24905 -8.07824 -8.88904 -9.34022 -3.94408 -8.21126 -7.63381 -7.41556 -5.48684 -8.57837 -8.68651 -4.04526 -7.71918 -6.8859 -8.11179 -5.31553 -7.90576 -8.70047 -4.14442 -8.61038 -7.15363 -7.79352 -5.52207 -7.89739 -8.63429 -4.1511 -8.28491 -7.00529 -7.90006 -5.4917 -7.927 -8.67507 -4.23261 -8.39397 -6.98692 -7.64806 -5.65773 -7.94873 -8.68416 -3.09921 -8.2917 -6.49315 -9.53048 -3.68952 -7.60508 -8.74686 -2.25382 -8.19086
79.855 -5.41874 -9.27822 -8.18101 -8.88506 -9.35649 -3.93821 -8.19168 -7.64419 -7.41662 -5.48352 -8.60703 -8.69129 -4.04357 -7.69497 -6.8868 -8.11021 -5.31508 -7.90542 -8.70014 -4.14468 -8.61187 -7.1529 -7.79386 -5.52225 -7.89735 -8.63444 -4.15102 -8.28566 -7.00543 -7.90007 -5.49163 -7.92701 -8.67504 -4.23261 -8.39364 -6.98693 -7.64802 -5.65773 -7.94872 -8.68415 -3.09921 -8.29174 -6.49313 -9.53049 -3.68951 -7.60508 -8.74686 -2.25381 -8.19087
79.905 -5.37007 -9.30895 -8.28337 -8.88029 -9.37257 -3.93208 -8.17074 -7.65537 -7.41737 -5.47999 -8.63484 -8.69582 -4.04186 -7.66998 -6.88759 -8.10867 -5.31459 -7.90506 -8.69983 -4.14493 -8.61374 -7.15219 -7.79422 -5.52242 -7.89731 -8.63459 -4.15093 -8.28638 -7.00557 -7.90008 -5.49155 -7.92703 -8.67501 -4.23261 -8.39331 -6.98694 -7.64798 -5.65774 -7.94871 -8.68414 -3.09922 -8.29178 -6.49311 -9.53051 -3.6895 -7.60507 -8.74687 -2.25381 -8.19088
79.955 -5.32204 -9.34109 -8.38465 -8.87467 -9.3883 -3.92573 -8.14854 -7.66731 -7.41779 -5.47627 -8.66154 -8.70007 -4.04015 -7.64432 -6.88825 -8.10715 -5.31409 -7.90467 -8.69955 -4.14517 -8.61599 -7.15148 -7.79459 -5.52259 -7.89727 -8.63474 -4.15084 -8.28705 -7.00572 -7.90007 -5.49148 -7.92705 -8.67498 -4.23262 -8.39298 -6.98695 -7.64795 -5.65774 -7.9487 -8.68414 -3.09922 -8.29182 -6.49309 -9.53053 -3.68949 -7.60507 -8.74687 -2.2538 -8.19089
80.005 -5.27499 -9.37449 -8.48418 -8.86818 -9.40354 -3.91919 -8.12515 -7.67997 -7.41787 -5.47234 -8.68693 -8.70398 -4.03845 -7.6181 -6.88879 -8.10568 -5.31355 -7.90425 -8.6993 -4.14541 -8.61862 -7.15078 -7.79498 -5.52275 -7.89721 -8.63489 -4.15076 -8.28769 -7.00588 -7.90007 -5.4914 -7.92706 -8.67495 -4.23262 -8.39264 -6.98695 -7.64792 -5.65775 -7.9487 -8.68414 -3.09922 -8.29187 -6.49307 -9.53055 -3.68948 -7.60506 -8.74688 -2.2538 -8.1909
80.055 -5.22922 -9.40898 -8.58127 -8.86078 -9.41816 -3.9125 -8.1007 -7.69329 -7.41763 -5.46824 -8.71081 -8.70752 -4.03677 -7.59146 -6.8892 -8.10424 -5.31298 -7.90381 -8.69907 -4.14563 -8.62164 -7.15009 -7.79537 -5.5229 -7.89716 -8.63503 -4.15067 -8.28828 -7.00604 -7.90005 -5.49133 -7.92707 -8.67491 -4.23263 -8.39231 -6.98696 -7.64788 -5.65775 -7.94869 -8.68413 -3.09922 -8.29192 -6.49305 -9.53057 -3.68947 -7.60506 -8.74688 -2.2538 -8.19091
80.105 -5.18498 -9.44438 -8.67526 -8.85247 -9.43206 -3.90568 -8.07528 -7.70723 -7.41705 -5.46396 -8.73307 -8.71066 -4.03511 -7.56453 -6.88947 -8.10285 -5.3124 -7.90336 -8.69887 -4.14585 -8.62504 -7.14942 -7.79578 -5.52304 -7.89709 -8.63517 -4.15058 -8.28883 -7.00621 -7.90003 -5.49125 -7.92709 -8.67488 -4.23264 -8.39197 -6.98695 -7.64785 -5.65776 -7.94868 -8.68413 -3.09922 -8.29197 -6.49304 -9.53059 -3.68946 -7.60505 -8.74689 -2.25379 -8.19091
80.155 -5.1425 -9.48049 -8.76556 -8.84326 -9.44513 -3.89879 -8.04904 -7.72171 -7.41614 -5.45953 -8.7536 -8.71338 -4.0335 -7.53743 -6.88962 -8.1015 -5.31179 -7.90288 -8.6987 -4.14606 -8.62881 -7.14876 -7.79619 -5.52318 -7.89703 -8.63531 -4.1505 -8.28933 -7.00638 -7.9 -5.49118 -7.9271 -8.67484 -4.23265 -8.39163 -6.98695 -7.64782 -5.65777 -7.94867 -8.68413 -3.09921 -8.29203 -6.49302 -9.53061 -3.68944 -7.60505 -8.74689 -2.25379 -8.19092
80.205 -5.10192 -9.51714 -8.8516 -8.83315 -9.45732 -3.89185 -8.0221 -7.73667 -7.4149 -5.45496 -8.77237 -8.71569 -4.03194 -7.51032 -6.88963 -8.10021 -5.31116 -7.90238 -8.69856 -4.14626 -8.63294 -7.14812 -7.79661 -5.52331 -7.89695 -8.63544 -4.15041 -8.28978 -7.00656 -7.89997 -5.4911 -7.92711 -8.6748 -4.23266 -8.3913 -6.98694 -7.6478 -5.65778 -7.94866 -8.68413 -3.09921 -8.29209 -6.493 -9.53062 -3.68943 -7.60504 -8.7469 -2.25379 -8.19092
80.255 -5.06337 -9.55413 -8.93289 -8.82218 -9.46857 -3.88491 -7.9946 -7.75203 -7.41335 -5.45027 -8.78939 -8.71758 -4.03044 -7.48331 -6.88952 -8.09897 -5.31053 -7.90187 -8.69845 -4.14645 -8.63742 -7.1475 -7.79704 -5.52342 -7.89688 -8.63556 -4.15032 -8.29019 -7.00674 -7.89993 -5.49103 -7.92712 -8.67476 -4.23267 -8.39097 -6.98693 -7.64777 -5.65779 -7.94865 -8.68413 -3.09921 -8.29215 -6.49299 -9.53064 -3.68941 -7.60504 -8.7469 -2.25378 -8.19093
80.305 -5.02692 -9.59129 -9.00903 -8.81041 -9.47888 -3.878 -7.96668 -7.76773 -7.41148 -5.44548 -8.80468 -8.71906 -4.02902 -7.45653 -6.88927 -8.09779 -5.30988 -7.90135 -8.69837 -4.14662 -8.64224 -7.1469 -7.79747 -5.52353 -7.8968 -8.63569 -4.15024 -8.29054 -7.00692 -7.89989 -5.49096 -7.92713 -8.67472 -4.23268 -8.39064 -6.98692 -7.64774 -5.6578 -7.94864 -8.68413 -3.0992 -8.29222 -6.49297 -9.53066 -3.6894 -7.60503 -8.7469 -2.25378 -8.19093
80.355 -4.99259 -9.62845 -9.07968 -8.79788 -9.48823 -3.87115 -7.93846 -7.78368 -7.40932 -5.44061 -8.81832 -8.72015 -4.02767 -7.4301 -6.88889 -8.09667 -5.30923 -7.90082 -8.69832 -4.14679 -8.64738 -7.14632 -7.79791 -5.52364 -7.89671 -8.6358 -4.15015 -8.29084 -7.00711 -7.89984 -5.49088 -7.92714 -8.67468 -4.23269 -8.39031 -6.9869 -7.64772 -5.65781 -7.94864 -8.68413 -3.0992 -8.29229 -6.49296 -9.53068 -3.68938 -7.60503 -8.74691 -2.25378 -8.19093
80.405 -4.96039 -9.66544 -9.14458 -8.78468 -9.49665 -3.8644 -7.91007 -7.79982 -7.40686 -5.43567 -8.83037 -8.72089 -4.0264 -7.40412 -6.88838 -8.09562 -5.30858 -7.90028 -8.6983 -4.14694 -8.65283 -7.14577 -7.79835 -5.52373 -7.89663 -8.63591 -4.15007 -8.29109 -7.0073 -7.89978 -5.49081 -7.92715 -8.67464 -4.23271 -8.38999 -6.98689 -7.6477 -5.65783 -7.94863 -8.68413 -3.09919 -8.29236 -6.49294 -9.5307 -3.68936 -7.60502 -8.74691 -2.25377 -8.19093
80.455 -4.93028 -9.70213 -9.20353 -8.77087 -9.50415 -3.85777 -7.88163 -7.81608 -7.40413 -5.4307 -8.84095 -8.72129 -4.02522 -7.37869 -6.88774 -8.09464 -5.30793 -7.89974 -8.69831 -4.14708 -8.65856 -7.14524 -7.7988 -5.52381 -7.89654 -8.63602 -4.14998 -8.29128 -7.00749 -7.89972 -5.49074 -7.92715 -8.67459 -4.23272 -8.38968 -6.98687 -7.64768 -5.65784 -7.94862 -8.68414 -3.09919 -8.29244 -6.49293 -9.53072 -3.68935 -7.60502 -8.74691 -2.25377 -8.19093
80.505 -4.90222 -9.73838 -9.25644 -8.75655 -9.51079 -3.85128 -7.85325 -7.83238 -7.40113 -5.42571 -8.85014 -8.72138 -4.02413 -7.35389 -6.88699 -8.09372 -5.3073 -7.89919 -8.69836 -4.14721 -8.66455 -7.14474 -7.79925 -5.52388 -7.89645 -8.63611 -4.1499 -8.29142 -7.00769 -7.89965 -5.49068 -7.92716 -8.67455 -4.23274 -8.38937 -6.98684 -7.64766 -5.65785 -7.94861 -8.68414 -3.09918 -8.29252 -6.49292 -9.53074 -3.68933 -7.60502 -8.74692 -2.25377 -8.19092
80.555 -4.87615 -9.77408 -9.30323 -8.7418 -9.51661 -3.84495 -7.82504 -7.84868 -7.39788 -5.42072 -8.85806 -8.7212 -4.02313 -7.32979 -6.88611 -8.09288 -5.30667 -7.89864 -8.69843 -4.14733 -8.67079 -7.14427 -7.79969 -5.52394 -7.89636 -8.63621 -4.14982 -8.29151 -7.00789 -7.89958 -5.49061 -7.92716 -8.6745 -4.23275 -8.38907 -6.98682 -7.64764 -5.65787 -7.94861 -8.68414 -3.09917 -8.2926 -6.49291 -9.53076 -3.68931 -7.60501 -8.74692 -2.25376 -8.19092
80.605 -4.85199 -9.80912 -9.34392 -8.7267 -9.52165 -3.83881 -7.79708 -7.86491 -7.3944 -5.41575 -8.86481 -8.72077 -4.02222 -7.30645 -6.88513 -8.09211 -5.30606 -7.8981 -8.69853 -4.14743 -8.67724 -7.14382 -7.80014 -5.52399 -7.89627 -8.63629 -4.14975 -8.29154 -7.00809 -7.8995 -5.49055 -7.92716 -8.67445 -4.23277 -8.38877 -6.98679 -7.64762 -5.65788 -7.9486 -8.68415 -3.09917 -8.29268 -6.4929 -9.53078 -3.68929 -7.60501 -8.74692 -2.25376 -8.19092
80.655 -4.82966 -9.84341 -9.37856 -8.71134 -9.52597 -3.83286 -7.76946 -7.88101 -7.39071 -5.41082 -8.87048 -8.72013 -4.0214 -7.28392 -6.88403 -8.09142 -5.30546 -7.89756 -8.69867 -4.14751 -8.68389 -7.14341 -7.80058 -5.52403 -7.89617 -8.63637 -4.14967 -8.29151 -7.00829 -7.89942 -5.49049 -7.92716 -8.67441 -4.23279 -8.38849 -6.98676 -7.64761 -5.6579 -7.94859 -8.68415 -3.09916 -8.29276 -6.49289 -9.5308 -3.68927 -7.605 -8.74692 -2.25376 -8.19091
80.705 -4.80909 -9.87688 -9.40724 -8.69581 -9.52963 -3.82712 -7.74226 -7.89694 -7.38681 -5.40595 -8.87516 -8.7193 -4.02067 -7.26223 -6.88283 -8.09081 -5.30489 -7.89703 -8.69883 -4.14759 -8.69071 -7.14303 -7.80103 -5.52406 -7.89608 -8.63644 -4.14959 -8.29143 -7.00848 -7.89933 -5.49043 -7.92716 -8.67436 -4.23281 -8.38821 -6.98673 -7.6476 -5.65791 -7.94859 -8.68416 -3.09915 -8.29285 -6.49288 -9.53082 -3.68925 -7.605 -8.74693 -2.25375 -8.1909
80.755 -4.7902 -9.90946 -9.4301 -8.68018 -9.53267 -3.82159 -7.71553 -7.91266 -7.38273 -5.40116 -8.87894 -8.71831 -4.02003 -7.24142 -6.88153 -8.09028 -5.30434 -7.8965 -8.69902 -4.14764 -8.69768 -7.14268 -7.80146 -5.52408 -7.89599 -8.63651 -4.14952 -8.29129 -7.00868 -7.89924 -5.49037 -7.92716 -8.67431 -4.23283 -8.38795 -6.98669 -7.64759 -5.65793 -7.94858 -8.68417 -3.09914 -8.29293 -6.49287 -9.53084 -3.68923 -7.60499 -8.74693 -2.25375 -8.19089
80.805 -4.77291 -9.9411 -9.4473 -8.66453 -9.53515 -3.81628 -7.68935 -7.92813 -7.37848 -5.39645 -8.88188 -8.71717 -4.01947 -7.22151 -6.88014 -8.08983 -5.30381 -7.89599 -8.69924 -4.14769 -8.70477 -7.14237 -7.8019 -5.52409 -7.8959 -8.63657 -4.14945 -8.29111 -7.00888 -7.89914 -5.49032 -7.92716 -8.67426 -4.23285 -8.38769 -6.98665 -7.64758 -5.65795 -7.94858 -8.68417 -3.09913 -8.29302 -6.49287 -9.53085 -3.68921 -7.60499 -8.74693 -2.25375 -8.19088
80.855 -4.75716 -9.97175 -9.45902 -8.64894 -9.53711 -3.81119 -7.66374 -7.94331 -7.37408 -5.39184 -8.88406 -8.71591 -4.019 -7.20251 -6.87866 -8.08946 -5.30331 -7.89549 -8.69949 -4.14772 -8.71196 -7.14209 -7.80233 -5.52408 -7.89581 -8.63662 -4.14939 -8.29086 -7.00908 -7.89904 -5.49027 -7.92716 -8.67422 -4.23287 -8.38745 -6.98661 -7.64757 -5.65797 -7.94857 -8.68418 -3.09912 -8.29311 -6.49286 -9.53087 -3.68918 -7.60499 -8.74693 -2.25375 -8.19087
80.905 -4.74289 -10.0014 -9.46547 -8.63346 -9.5386 -3.80633 -7.63877 -7.95817 -7.36954 -5.38735 -8.88552 -8.71454 -4.0186 -7.18443 -6.87711 -8.08917 -5.30283 -7.895 -8.69976 -4.14773 -8.71922 -7.14184 -7.80275 -5.52407 -7.89573 -8.63666 -4.14932 -8.29057 -7.00927 -7.89894 -5.49022 -7.92715 -8.67417 -4.23289 -8.38722 -6.98657 -7.64757 -5.65798 -7.94857 -8.68419 -3.09911 -8.2932 -6.49286 -9.53089 -3.68916 -7.60498 -8.74693 -2.25374 -8.19086
80.955 -4.73003 -10.03 -9.46688 -8.61816 -9.53965 -3.8017 -7.61445 -7.97269 -7.36488 -5.38298 -8.88632 -8.71307 -4.01827 -7.16727 -6.87547 -8.08896 -5.30238 -7.89453 -8.70005 -4.14773 -8.72654 -7.14163 -7.80316 -5.52404 -7.89564 -8.6367 -4.14926 -8.29023 -7.00946 -7.89883 -5.49017 -7.92715 -8.67412 -4.23291 -8.387 -6.98653 -7.64757 -5.658 -7.94856 -8.6842 -3.09909 -8.29329 -6.49286 -9.5309 -3.68914 -7.60498 -8.74693 -2.25374 -8.19085
81.005 -4.71853 -10.0575 -9.46345 -8.60308 -9.5403 -3.7973 -7.59083 -7.98684 -7.36011 -5.37875 -8.88649 -8.71153 -4.01801 -7.15104 -6.87377 -8.08883 -5.30195 -7.89407 -8.70037 -4.14772 -8.73389 -7.14146 -7.80356 -5.52401 -7.89556 -8.63672 -4.1492 -8.28983 -7.00965 -7.89872 -5.49013 -7.92714 -8.67407 -4.23294 -8.38679 -6.98648 -7.64756 -5.65802 -7.94856 -8.68421 -3.09908 -8.29338 -6.49285 -9.53092 -3.68912 -7.60498 -8.74693 -2.25374 -8.19084
81.055 -4.70834 -10.0839 -9.45544 -8.58828 -9.54059 -3.79312 -7.56792 -8.0006 -7.35526 -5.37466 -8.88607 -8.70991 -4.01783 -7.13572 -6.87201 -8.08878 -5.30155 -7.89363 -8.70071 -4.14769 -8.74126 -7.14132 -7.80395 -5.52396 -7.89547 -8.63675 -4.14915 -8.2894 -7.00984 -7.8986 -5.49009 -7.92713 -8.67403 -4.23296 -8.3866 -6.98644 -7.64757 -5.65804 -7.94856 -8.68422 -3.09907 -8.29347 -6.49285 -9.53093 -3.68909 -7.60497 -8.74693 -2.25374 -8.19082
81.105 -4.69943 -10.1093 -9.44307 -8.57379 -9.54053 -3.78916 -7.54574 -8.01396 -7.35033 -5.37072 -8.88508 -8.70823 -4.0177 -7.12132 -6.87019 -8.08882 -5.30118 -7.8932 -8.70107 -4.14764 -8.74861 -7.14121 -7.80434 -5.5239 -7.89539 -8.63676 -4.1491 -8.28891 -7.01002 -7.89848 -5.49005 -7.92712 -8.67398 -4.23298 -8.38642 -6.98639 -7.64757 -5.65806 -7.94855 -8.68423 -3.09906 -8.29356 -6.49285 -9.53095 -3.68907 -7.60497 -8.74693 -2.25373 -8.19081
81.155 -4.69175 -10.1335 -9.42657 -8.55966 -9.54017 -3.78543 -7.52432 -8.0269 -7.34533 -5.36693 -8.88355 -8.70648 -4.01763 -7.10783 -6.86831 -8.08893 -5.30083 -7.8928 -8.70145 -4.14759 -8.75594 -7.14115 -7.80471 -5.52383 -7.89532 -8.63677 -4.14905 -8.28838 -7.0102 -7.89836 -5.49002 -7.92711 -8.67394 -4.23301 -8.38626 -6.98634 -7.64757 -5.65808 -7.94855 -8.68424 -3.09904 -8.29366 -6.49285 -9.53096 -3.68905 -7.60497 -8.74693 -2.25373 -8.19079
81.205 -4.68528 -10.1567 -9.40617 -8.54591 -9.53951 -3.78192 -7.50366 -8.03941 -7.34029 -5.36331 -8.88149 -8.70469 -4.01762 -7.09523 -6.8664 -8.08912 -5.30051 -7.8924 -8.70184 -4.14752 -8.76322 -7.14111 -7.80506 -5.52375 -7.89524 -8.63676 -4.149 -8.28781 -7.01038 -7.89824 -5.48999 -7.9271 -8.67389 -4.23303 -8.38611 -6.98629 -7.64758 -5.6581 -7.94855 -8.68425 -3.09903 -8.29375 -6.49286 -9.53098 -3.68903 -7.60497 -8.74693 -2.25373 -8.19077
81.255 -4.67999 -10.1787 -9.38211 -8.53257 -9.53858 -3.77862 -7.48377 -8.05148 -7.33521 -5.35985 -8.87891 -8.70284 -4.01766 -7.08352 -6.86444 -8.08939 -5.3002 -7.89203 -8.70225 -4.14743 -8.77044 -7.14112 -7.80541 -5.52366 -7.89516 -8.63676 -4.14896 -8.2872 -7.01054 -7.89811 -5.48996 -7.92709 -8.67385 -4.23306 -8.38598 -6.98623 -7.64759 -5.65812 -7.94855 -8.68426 -3.09901 -8.29384 -6.49286 -9.53099 -3.68901 -7.60496 -8.74693 -2.25373 -8.19076
81.305 -4.67587 -10.1997 -9.3546 -8.51966 -9.5374 -3.77554 -7.46466 -8.0631 -7.3301 -5.35655 -8.87582 -8.70095 -4.01776 -7.07268 -6.86245 -8.08974 -5.29992 -7.89168 -8.70268 -4.14733 -8.77758 -7.14116 -7.80574 -5.52356 -7.89509 -8.63674 -4.14893 -8.28656 -7.01071 -7.89799 -5.48994 -7.92708 -8.6738 -4.23308 -8.38586 -6.98618 -7.6476 -5.65814 -7.94855 -8.68428 -3.099 -8.29392 -6.49286 -9.531 -3.68898 -7.60496 -8.74693 -2.25373 -8.19074
81.355 -4.67289 -10.2195 -9.32384 -8.50722 -9.53597 -3.77267 -7.44634 -8.07427 -7.32498 -5.35342 -8.87222 -8.69901 -4.01789 -7.06271 -6.86043 -8.09016 -5.29966 -7.89134 -8.70312 -4.14722 -8.78462 -7.14123 -7.80605 -5.52345 -7.89502 -8.63672 -4.14889 -8.28587 -7.01087 -7.89786 -5.48992 -7.92706 -8.67376 -4.2331 -8.38576 -6.98613 -7.64761 -5.65816 -7.94855 -8.68429 -3.09898 -8.29401 -6.49287 -9.53101 -3.68896 -7.60496 -8.74693 -2.25372 -8.19072
81.405 -4.67105 -10.2383 -9.29005 -8.49524 -9.5343 -3.77001 -7.42881 -8.08499 -7.31986 -5.35047 -8.86811 -8.69702 -4.01808 -7.05359 -6.85839 -8.09065 -5.29942 -7.89102 -8.70357 -4.1471 -8.79156 -7.14134 -7.80635 -5.52333 -7.89495 -8.63668 -4.14886 -8.28516 -7.01102 -7.89773 -5.4899 -7.92705 -8.67372 -4.23313 -8.38567 -6.98607 -7.64763 -5.65818 -7.94855 -8.6843 -3.09897 -8.2941 -6.49287 -9.53102 -3.68894 -7.60496 -8.74692 -2.25372 -8.1907
81.455 -4.67034 -10.256 -9.25339 -8.48374 -9.53241 -3.76755 -7.41206 -8.09524 -7.31475 -5.34768 -8.86349 -8.69498 -4.0183 -7.04531 -6.85633 -8.09121 -5.2992 -7.89071 -8.70403 -4.14696 -8.79838 -7.14148 -7.80663 -5.5232 -7.89488 -8.63665 -4.14884 -8.28441 -7.01116 -7.8976 -5.48989 -7.92703 -8.67368 -4.23315 -8.3856 -6.98601 -7.64765 -5.6582 -7.94855 -8.68432 -3.09895 -8.29418 -6.49288 -9.53103 -3.68892 -7.60496 -8.74692 -2.25372 -8.19068
81.505 -4.67075 -10.2726 -9.21407 -8.47275 -9.53029 -3.76529 -7.39611 -8.10502 -7.30965 -5.34506 -8.85835 -8.69288 -4.01857 -7.03787 -6.85426 -8.09184 -5.29899 -7.89043 -8.70449 -4.14682 -8.80507 -7.14165 -7.8069 -5.52307 -7.89482 -8.6366 -4.14882 -8.28364 -7.0113 -7.89747 -5.48988 -7.92701 -8.67364 -4.23318 -8.38555 -6.98596 -7.64766 -5.65822 -7.94855 -8.68433 -3.09894 -8.29427 -6.49289 -9.53104 -3.6889 -7.60495 -8.74692 -2.25372 -8.19065
81.555 -4.6723 -10.2882 -9.17223 -8.46225 -9.52796 -3.76323 -7.38095 -8.11434 -7.30457 -5.34261 -8.85268 -8.69074 -4.01887 -7.03124 -6.85218 -8.09253 -5.2988 -7.89016 -8.70497 -4.14666 -8.81162 -7.14186 -7.80714 -5.52292 -7.89475 -8.63655 -4.1488 -8.28284 -7.01143 -7.89734 -5.48988 -7.927 -8.67361 -4.2332 -8.38551 -6.9859 -7.64768 -5.65824 -7.94855 -8.68434 -3.09892 -8.29435 -6.4929 -9.53105 -3.68888 -7.60495 -8.74692 -2.25372 -8.19063
81.605 -4.67497 -10.3027 -9.12803 -8.45226 -9.52541 -3.76136 -7.36659 -8.12319 -7.29953 -5.34033 -8.84647 -8.68854 -4.01922 -7.02544 -6.85009 -8.09329 -5.29863 -7.8899 -8.70546 -4.14649 -8.81801 -7.14209 -7.80737 -5.52277 -7.89469 -8.63649 -4.14879 -8.28202 -7.01156 -7.89721 -5.48987 -7.92698 -8.67357 -4.23323 -8.38549 -6.98584 -7.64771 -5.65826 -7.94855 -8.68436 -3.09891 -8.29443 -6.49291 -9.53106 -3.68886 -7.60495 -8.74691 -2.25372 -8.19061
81.655 -4.67879 -10.3162 -9.08162 -8.4428 -9.52264 -3.75969 -7.35302 -8.13157 -7.29454 -5.33822 -8.83971 -8.68628 -4.01959 -7.02044 -6.848 -8.09411 -5.29847 -7.88967 -8.70595 -4.14631 -8.82424 -7.14236 -7.80758 -5.52261 -7.89463 -8.63642 -4.14878 -8.28118 -7.01167 -7.89708 -5.48988 -7.92696 -8.67354 -4.23325 -8.38548 -6.98578 -7.64773 -5.65828 -7.94855 -8.68437 -3.09889 -8.2945 -6.49292 -9.53107 -3.68884 -7.60495 -8.74691 -2.25372 -8.19059
81.705 -4.68376 -10.3287 -9.03312 -8.43385 -9.51966 -3.75821 -7.34024 -8.13948 -7.28959 -5.33627 -8.83238 -8.68395 -4.02001 -7.01625 -6.84592 -8.09499 -5.29832 -7.88944 -8.70644 -4.14613 -8.8303 -7.14266 -7.80777 -5.52244 -7.89457 -8.63635 -4.14877 -8.28032 -7.01178 -7.89695 -5.48988 -7.92694 -8.6735 -4.23328 -8.38549 -6.98572 -7.64775 -5.6583 -7.94856 -8.68439 -3.09887 -8.29458 -6.49293 -9.53107 -3.68882 -7.60495 -8.74691 -2.25372 -8.19056
81.755 -4.68989 -10.3401 -8.98265 -8.42542 -9.51645 -3.75692 -7.32826 -8.14692 -7.2847 -5.33449 -8.82447 -8.68156 -4.02045 -7.01286 -6.84384 -8.09592 -5.29818 -7.88924 -8.70694 -4.14593 -8.83618 -7.14298 -7.80795 -5.52227 -7.89451 -8.63627 -4.14877 -8.27944 -7.01188 -7.89682 -5.48989 -7.92692 -8.67347 -4.2333 -8.38552 -6.98567 -7.64778 -5.65832 -7.94856 -8.6844 -3.09886 -8.29465 -6.49294 -9.53108 -3.6888 -7.60495 -8.7469 -2.25372 -8.19054
81.805 -4.69722 -10.3504 -8.93032 -8.41752 -9.51301 -3.75582 -7.31708 -8.15388 -7.27987 -5.33287 -8.81595 -8.67909 -4.02093 -7.01027 -6.84178 -8.09691 -5.29806 -7.88905 -8.70743 -4.14572 -8.84188 -7.14334 -7.8081 -5.52209 -7.89445 -8.63619 -4.14878 -8.27854 -7.01198 -7.89669 -5.4899 -7.9269 -8.67345 -4.23332 -8.38556 -6.98561 -7.64781 -5.65833 -7.94856 -8.68442 -3.09884 -8.29472 -6.49296 -9.53108 -3.68878 -7.60495 -8.7469 -2.25372 -8.19052
81.855 -4.70574 -10.3597 -8.87621 -8.41015 -9.50934 -3.7549 -7.3067 -8.16037 -7.27511 -5.33142 -8.80681 -8.67655 -4.02145 -7.00847 -6.83973 -8.09795 -5.29794 -7.88887 -8.70793 -4.14551 -8.84738 -7.14372 -7.80823 -5.5219 -7.89439 -8.6361 -4.14878 -8.27764 -7.01206 -7.89656 -5.48992 -7.92687 -8.67342 -4.23334 -8.38562 -6.98555 -7.64784 -5.65835 -7.94857 -8.68443 -3.09883 -8.29478 -6.49297 -9.53108 -3.68876 -7.60495 -8.74689 -2.25372 -8.19049
81.905 -4.7155 -10.3681 -8.82042 -8.4033 -9.50542 -3.75417 -7.29712 -8.16639 -7.27043 -5.33012 -8.79703 -8.67392 -4.02199 -7.00748 -6.83769 -8.09904 -5.29784 -7.88871 -8.70843 -4.14529 -8.85269 -7.14413 -7.80835 -5.52171 -7.89434 -8.636 -4.14879 -8.27673 -7.01213 -7.89644 -5.48994 -7.92685 -8.67339 -4.23337 -8.38569 -6.98549 -7.64787 -5.65837 -7.94857 -8.68445 -3.09881 -8.29485 -6.49299 -9.53108 -3.68875 -7.60495 -8.74689 -2.25372 -8.19047
81.955 -4.72651 -10.3753 -8.763 -8.39699 -9.50124 -3.75363 -7.28835 -8.17193 -7.26582 -5.32898 -8.78658 -8.67121 -4.02257 -7.00728 -6.83568 -8.10017 -5.29774 -7.88856 -8.70893 -4.14506 -8.85779 -7.14456 -7.80844 -5.52151 -7.89429 -8.6359 -4.14881 -8.2758 -7.0122 -7.89632 -5.48996 -7.92683 -8.67337 -4.23339 -8.38578 -6.98544 -7.6479 -5.65839 -7.94858 -8.68446 -3.0988 -8.2949 -6.493 -9.53109 -3.68873 -7.60495 -8.74689 -2.25372 -8.19044
82.005 -4.73881 -10.3816 -8.70401 -8.39121 -9.4968 -3.75327 -7.28039 -8.17699 -7.26131 -5.32799 -8.77544 -8.6684 -4.02318 -7.00789 -6.83369 -8.10135 -5.29766 -7.88842 -8.70943 -4.14483 -8.86268 -7.14501 -7.80851 -5.52131 -7.89423 -8.63579 -4.14883 -8.27488 -7.01226 -7.8962 -5.48999 -7.92681 -8.67335 -4.23341 -8.38588 -6.98538 -7.64793 -5.6584 -7.94858 -8.68448 -3.09878 -8.29496 -6.49302 -9.53109 -3.68871 -7.60495 -8.74688 -2.25372 -8.19042
82.055 -4.75242 -10.3868 -8.64352 -8.38596 -9.49208 -3.7531 -7.27326 -8.18157 -7.25688 -5.32716 -8.76358 -8.66549 -4.02382 -7.0093 -6.83173 -8.10256 -5.29758 -7.8883 -8.70992 -4.14459 -8.86736 -7.14549 -7.80856 -5.52111 -7.89418 -8.63568 -4.14885 -8.27395 -7.01231 -7.89608 -5.49002 -7.92679 -8.67333 -4.23343 -8.38599 -6.98532 -7.64797 -5.65842 -7.94859 -8.68449 -3.09877 -8.29501 -6.49304 -9.53108 -3.6887 -7.60495 -8.74688 -2.25372 -8.19039
82.105 -4.76738 -10.3909 -8.58154 -8.38125 -9.48707 -3.75311 -7.26695 -8.18566 -7.25255 -5.32648 -8.75098 -8.66248 -4.0245 -7.01153 -6.82979 -8.10382 -5.29752 -7.8882 -8.71041 -4.14435 -8.87183 -7.14599 -7.8086 -5.5209 -7.89414 -8.63556 -4.14888 -8.27301 -7.01235 -7.89597 -5.49005 -7.92676 -8.67331 -4.23345 -8.38613 -6.98527 -7.648 -5.65843 -7.94859 -8.6845 -3.09875 -8.29506 -6.49305 -9.53108 -3.68869 -7.60496 -8.74687 -2.25372 -8.19037
82.155 -4.78372 -10.394 -8.51812 -8.37708 -9.48175 -3.75331 -7.26148 -8.18927 -7.24833 -5.32596 -8.73762 -8.65936 -4.02522 -7.01459 -6.82789 -8.10511 -5.29746 -7.8881 -8.7109 -4.1441 -8.87607 -7.1465 -7.80861 -5.52069 -7.89409 -8.63544 -4.14891 -8.27208 -7.01238 -7.89586 -5.49009 -7.92674 -8.6733 -4.23347 -8.38627 -6.98522 -7.64804 -5.65845 -7.9486 -8.68452 -3.09874 -8.29511 -6.49307 -9.53108 -3.68867 -7.60496 -8.74687 -2.25372 -8.19034
82.205 -4.80149 -10.396 -8.45327 -8.37344 -9.4761 -3.7537 -7.25686 -8.19238 -7.2442 -5.32558 -8.72347 -8.65612 -4.02596 -7.01848 -6.82602 -8.10643 -5.29742 -7.88802 -8.71138 -4.14384 -8.88009 -7.14704 -7.8086 -5.52048 -7.89404 -8.63532 -4.14895 -8.27115 -7.0124 -7.89575 -5.49013 -7.92672 -8.67329 -4.23349 -8.38643 -6.98517 -7.64807 -5.65846 -7.94861 -8.68453 -3.09872 -8.29515 -6.49309 -9.53108 -3.68866 -7.60496 -8.74686 -2.25373 -8.19032
82.255 -4.82071 -10.3969 -8.38701 -8.37035 -9.47011 -3.75429 -7.2531 -8.195 -7.24019 -5.32535 -8.70851 -8.65275 -4.02675 -7.02321 -6.82419 -8.10778 -5.29739 -7.88795 -8.71186 -4.14359 -8.88388 -7.14759 -7.80857 -5.52027 -7.894 -8.63519 -4.14898 -8.27023 -7.01241 -7.89564 -5.49017 -7.92669 -8.67328 -4.2335 -8.3866 -6.98511 -7.64811 -5.65848 -7.94861 -8.68455 -3.09871 -8.29519 -6.49311 -9.53107 -3.68865 -7.60496 -8.74686 -2.25373 -8.1903
82.305 -4.84142 -10.3967 -8.31935 -8.36781 -9.46376 -3.75507 -7.25022 -8.19711 -7.23629 -5.32527 -8.69271 -8.64926 -4.02757 -7.02881 -6.82239 -8.10915 -5.29737 -7.8879 -8.71233 -4.14333 -8.88743 -7.14816 -7.80852 -5.52006 -7.89396 -8.63506 -4.14903 -8.2693 -7.01242 -7.89554 -5.49022 -7.92667 -8.67327 -4.23352 -8.38678 -6.98507 -7.64815 -5.65849 -7.94862 -8.68456 -3.0987 -8.29522 -6.49313 -9.53107 -3.68864 -7.60496 -8.74685 -2.25373 -8.19027
82.355 -4.86366 -10.3954 -8.25029 -8.36583 -9.45703 -3.75604 -7.24823 -8.19871 -7.23251 -5.32534 -8.67605 -8.64564 -4.02843 -7.03527 -6.82064 -8.11055 -5.29736 -7.88786 -8.71279 -4.14307 -8.89075 -7.14875 -7.80846 -5.51984 -7.89392 -8.63492 -4.14907 -8.26839 -7.01241 -7.89545 -5.49027 -7.92665 -8.67326 -4.23353 -8.38697 -6.98502 -7.64819 -5.6585 -7.94863 -8.68457 -3.09868 -8.29525 -6.49315 -9.53106 -3.68863 -7.60496 -8.74684 -2.25373 -8.19025
82.405 -4.88747 -10.393 -8.17983 -8.3644 -9.44989 -3.75722 -7.24716 -8.19979 -7.22885 -5.32555 -8.65852 -8.64188 -4.02934 -7.04262 -6.81893 -8.11197 -5.29737 -7.88783 -8.71325 -4.14281 -8.89383 -7.14935 -7.80837 -5.51963 -7.89389 -8.63479 -4.14912 -8.26749 -7.0124 -7.89535 -5.49032 -7.92662 -8.67326 -4.23355 -8.38718 -6.98497 -7.64823 -5.65851 -7.94864 -8.68459 -3.09867 -8.29528 -6.49317 -9.53105 -3.68862 -7.60497 -8.74684 -2.25373 -8.19023
82.455 -4.91288 -10.3893 -8.10796 -8.36354 -9.44234 -3.75861 -7.24702 -8.20034 -7.22531 -5.32591 -8.6401 -8.63799 -4.03028 -7.05087 -6.81726 -8.11341 -5.29739 -7.88782 -8.7137 -4.14254 -8.89666 -7.14996 -7.80826 -5.51941 -7.89385 -8.63465 -4.14917 -8.26659 -7.01237 -7.89527 -5.49037 -7.9266 -8.67326 -4.23356 -8.38739 -6.98493 -7.64827 -5.65852 -7.94864 -8.6846 -3.09866 -8.2953 -6.49319 -9.53105 -3.68861 -7.60497 -8.74683 -2.25373 -8.1902
82.505 -4.93992 -10.3845 -8.03469 -8.36325 -9.43435 -3.7602 -7.24784 -8.20035 -7.22191 -5.32642 -8.62078 -8.63395 -4.03126 -7.06004 -6.81564 -8.11486 -5.29743 -7.88781 -8.71413 -4.14228 -8.89925 -7.15058 -7.80814 -5.5192 -7.89382 -8.6345 -4.14923 -8.26571 -7.01234 -7.89518 -5.49043 -7.92658 -8.67326 -4.23358 -8.38762 -6.98488 -7.64831 -5.65853 -7.94865 -8.68461 -3.09865 -8.29532 -6.49321 -9.53104 -3.68861 -7.60497 -8.74683 -2.25374 -8.19018
82.555 -4.96861 -10.3784 -7.96003 -8.36354 -9.4259 -3.76202 -7.24963 -8.19981 -7.21863 -5.32708 -8.60055 -8.62976 -4.0323 -7.07014 -6.81406 -8.11633 -5.29748 -7.88783 -8.71457 -4.14201 -8.90159 -7.15121 -7.808 -5.51899 -7.8938 -8.63436 -4.14929 -8.26484 -7.0123 -7.89511 -5.49049 -7.92656 -8.67326 -4.23359 -8.38785 -6.98484 -7.64835 -5.65854 -7.94866 -8.68463 -3.09863 -8.29533 -6.49323 -9.53103 -3.6886 -7.60498 -8.74682 -2.25374 -8.19016
82.605 -4.99897 -10.3711 -7.88396 -8.36442 -9.41697 -3.76405 -7.25243 -8.19871 -7.2155 -5.32789 -8.57943 -8.62543 -4.03337 -7.08118 -6.81253 -8.1178 -5.29755 -7.88785 -8.71499 -4.14175 -8.90367 -7.15185 -7.80783 -5.51878 -7.89377 -8.63421 -4.14935 -8.26398 -7.01225 -7.89503 -5.49055 -7.92654 -8.67327 -4.2336 -8.3881 -6.9848 -7.64839 -5.65854 -7.94867 -8.68464 -3.09862 -8.29534 -6.49326 -9.53102 -3.6886 -7.60498 -8.74681 -2.25374 -8.19014
82.655 -5.03099 -10.3624 -7.80653 -8.3659 -9.40756 -3.76631 -7.25627 -8.19703 -7.21251 -5.32885 -8.55742 -8.62096 -4.03449 -7.0932 -6.81106 -8.11929 -5.29765 -7.8879 -8.7154 -4.14149 -8.9055 -7.1525 -7.80765 -5.51857 -7.89375 -8.63407 -4.14941 -8.26314 -7.01219 -7.89496 -5.49061 -7.92651 -8.67327 -4.23361 -8.38835 -6.98477 -7.64843 -5.65855 -7.94868 -8.68465 -3.09861 -8.29534 -6.49328 -9.53101 -3.6886 -7.60498 -8.74681 -2.25374 -8.19012
82.705 -5.06469 -10.3525 -7.72774 -8.36798 -9.39764 -3.7688 -7.26116 -8.19477 -7.20966 -5.32996 -8.53456 -8.61635 -4.03566 -7.10618 -6.80964 -8.12077 -5.29776 -7.88795 -8.7158 -4.14122 -8.90705 -7.15316 -7.80746 -5.51837 -7.89373 -8.63392 -4.14948 -8.26231 -7.01213 -7.8949 -5.49068 -7.92649 -8.67328 -4.23362 -8.38861 -6.98473 -7.64847 -5.65856 -7.94869 -8.68466 -3.09861 -8.29534 -6.4933 -9.53099 -3.68859 -7.60499 -8.7468 -2.25375 -8.1901
82.755 -5.10003 -10.3411 -7.64765 -8.37068 -9.38721 -3.77152 -7.26714 -8.1919 -7.20697 -5.33123 -8.51088 -8.61161 -4.03688 -7.12016 -6.80827 -8.12226 -5.2979 -7.88802 -8.71619 -4.14096 -8.90835 -7.15381 -7.80725 -5.51817 -7.89372 -8.63377 -4.14954 -8.2615 -7.01205 -7.89484 -5.49074 -7.92647 -8.67329 -4.23362 -8.38888 -6.9847 -7.64851 -5.65856 -7.9487 -8.68467 -3.0986 -8.29534 -6.49332 -9.53098 -3.68859 -7.60499 -8.7468 -2.25375 -8.19008
82.805 -5.13697 -10.3284 -7.56633 -8.37401 -9.37628 -3.77449 -7.27424 -8.18842 -7.20442 -5.33265 -8.48644 -8.60675 -4.03815 -7.13513 -6.80696 -8.12375 -5.29807 -7.88811 -8.71657 -4.14071 -8.90937 -7.15448 -7.80702 -5.51797 -7.89371 -8.63362 -4.14961 -8.26072 -7.01197 -7.89479 -5.49081 -7.92645 -8.67331 -4.23363 -8.38916 -6.98467 -7.64855 -5.65857 -7.9487 -8.68468 -3.09859 -8.29533 -6.49334 -9.53097 -3.68859 -7.60499 -8.74679 -2.25375 -8.19006
82.855 -5.17546 -10.3143 -7.48386 -8.37798 -9.36484 -3.77771 -7.28247 -8.18431 -7.20204 -5.33423 -8.46132 -8.60178 -4.03947 -7.1511 -6.80571 -8.12524 -5.29826 -7.88821 -8.71694 -4.14045 -8.91011 -7.15514 -7.80677 -5.51777 -7.89371 -8.63348 -4.14969 -8.25995 -7.01188 -7.89474 -5.49088 -7.92643 -8.67332 -4.23364 -8.38944 -6.98464 -7.64859 -5.65857 -7.94871 -8.68469 -3.09858 -8.29532 -6.49337 -9.53095 -3.68859 -7.605 -8.74679 -2.25376 -8.19004
82.905 -5.21542 -10.2987 -7.40037 -8.38259 -9.35292 -3.78117 -7.29186 -8.17956 -7.19983 -5.33597 -8.4356 -8.59672 -4.04083 -7.16806 -6.80452 -8.12672 -5.29847 -7.88833 -8.71729 -4.1402 -8.91057 -7.15581 -7.80651 -5.51758 -7.89371 -8.63333 -4.14976 -8.2592 -7.01179 -7.8947 -5.49095 -7.92642 -8.67334 -4.23364 -8.38973 -6.98462 -7.64863 -5.65857 -7.94872 -8.6847 -3.09857 -8.2953 -6.49339 -9.53094 -3.6886 -7.605 -8.74678 -2.25376 -8.19002
82.955 -5.25672 -10.2817 -7.316 -8.38784 -9.34053 -3.78489 -7.30244 -8.17415 -7.19778 -5.33787 -8.40939 -8.5916 -4.04224 -7.18602 -6.80339 -8.1282 -5.29872 -7.88847 -8.71764 -4.13995 -8.91074 -7.15648 -7.80624 -5.5174 -7.89372 -8.63318 -4.14984 -8.25847 -7.01168 -7.89467 -5.49102 -7.9264 -8.67336 -4.23364 -8.39002 -6.9846 -7.64867 -5.65857 -7.94873 -8.68471 -3.09857 -8.29528 -6.49341 -9.53092 -3.6886 -7.60501 -8.74677 -2.25376 -8.19001
83.005 -5.29925 -10.2632 -7.23096 -8.39375 -9.32771 -3.78886 -7.31422 -8.16809 -7.1959 -5.33994 -8.38283 -8.58643 -4.0437 -7.20496 -6.80232 -8.12966 -5.299 -7.88863 -8.71797 -4.1397 -8.91062 -7.15715 -7.80595 -5.51722 -7.89373 -8.63304 -4.14991 -8.25777 -7.01157 -7.89464 -5.4911 -7.92638 -8.67338 -4.23364 -8.39032 -6.98457 -7.64871 -5.65857 -7.94874 -8.68471 -3.09856 -8.29526 -6.49343 -9.53091 -3.6886 -7.60501 -8.74677 -2.25377 -8.18999
83.055 -5.34283 -10.2432 -7.14546 -8.40032 -9.31451 -3.79308 -7.32721 -8.16135 -7.19421 -5.34218 -8.35607 -8.58125 -4.0452 -7.22485 -6.80132 -8.13111 -5.29931 -7.8888 -8.71829 -4.13946 -8.9102 -7.15781 -7.80565 -5.51704 -7.89375 -8.63289 -4.14999 -8.25709 -7.01145 -7.89462 -5.49117 -7.92636 -8.6734 -4.23365 -8.39062 -6.98456 -7.64875 -5.65857 -7.94875 -8.68472 -3.09856 -8.29523 -6.49345 -9.53089 -3.68861 -7.60501 -8.74676 -2.25377 -8.18998
83.105 -5.38728 -10.2218 -7.05977 -8.40754 -9.30099 -3.79754 -7.34141 -8.15395 -7.1927 -5.34458 -8.32926 -8.57608 -4.04674 -7.24567 -6.80039 -8.13254 -5.29965 -7.88899 -8.71859 -4.13923 -8.90947 -7.15847 -7.80533 -5.51688 -7.89377 -8.63275 -4.15007 -8.25643 -7.01133 -7.8946 -5.49124 -7.92635 -8.67343 -4.23364 -8.39092 -6.98454 -7.64879 -5.65857 -7.94876 -8.68473 -3.09855 -8.2952 -6.49347 -9.53087 -3.68862 -7.60502 -8.74676 -2.25377 -8.18997
83.155 -5.43238 -10.1989 -6.9742 -8.41542 -9.2872 -3.80225 -7.35682 -8.14587 -7.19138 -5.34715 -8.30259 -8.57098 -4.04831 -7.26737 -6.79953 -8.13396 -5.30003 -7.8892 -8.71888 -4.139 -8.90844 -7.15913 -7.80501 -5.51671 -7.8938 -8.63261 -4.15016 -8.25581 -7.0112 -7.89459 -5.49132 -7.92633 -8.67345 -4.23364 -8.39123 -6.98453 -7.64882 -5.65857 -7.94877 -8.68473 -3.09855 -8.29517 -6.49349 -9.53086 -3.68862 -7.60502 -8.74675 -2.25378 -8.18995
83.205 -5.47791 -10.1746 -6.88909 -8.42393 -9.27325 -3.8072 -7.37343 -8.13712 -7.19025 -5.34989 -8.27624 -8.56598 -4.04991 -7.2899 -6.79874 -8.13536 -5.30044 -7.88944 -8.71916 -4.13877 -8.9071 -7.15978 -7.80467 -5.51655 -7.89383 -8.63247 -4.15024 -8.2552 -7.01106 -7.89458 -5.49139 -7.92632 -8.67348 -4.23364 -8.39154 -6.98452 -7.64886 -5.65856 -7.94878 -8.68474 -3.09855 -8.29513 -6.49351 -9.53084 -3.68863 -7.60503 -8.74675 -2.25378 -8.18994
83.255 -5.52361 -10.149 -6.8048 -8.43306 -9.25921 -3.81237 -7.39121 -8.12771 -7.18933 -5.35281 -8.2504 -8.56111 -4.05154 -7.3132 -6.79803 -8.13673 -5.30088 -7.88969 -8.71942 -4.13855 -8.90544 -7.16043 -7.80432 -5.5164 -7.89387 -8.63233 -4.15032 -8.25463 -7.01092 -7.89458 -5.49147 -7.92631 -8.67351 -4.23364 -8.39185 -6.98451 -7.64889 -5.65856 -7.94879 -8.68474 -3.09855 -8.29509 -6.49353 -9.53082 -3.68864 -7.60503 -8.74674 -2.25378 -8.18993
83.305 -5.56922 -10.1221 -6.72174 -8.4428 -9.24518 -3.81774 -7.41013 -8.11765 -7.18861 -5.35588 -8.22524 -8.55642 -4.05318 -7.3372 -6.79739 -8.13808 -5.30135 -7.88996 -8.71967 -4.13834 -8.90347 -7.16106 -7.80396 -5.51626 -7.89391 -8.6322 -4.1504 -8.25408 -7.01077 -7.89459 -5.49154 -7.92629 -8.67354 -4.23363 -8.39216 -6.98451 -7.64893 -5.65855 -7.9488 -8.68475 -3.09855 -8.29504 -6.49355 -9.5308 -3.68865 -7.60504 -8.74674 -2.25379 -8.18992
83.355 -5.61449 -10.094 -6.6403 -8.45311 -9.23126 -3.82331 -7.43014 -8.10696 -7.1881 -5.35913 -8.20095 -8.55196 -4.05483 -7.36181 -6.79683 -8.1394 -5.30186 -7.89025 -8.7199 -4.13813 -8.90117 -7.16169 -7.8036 -5.51612 -7.89396 -8.63207 -4.15049 -8.25356 -7.01062 -7.8946 -5.49162 -7.92628 -8.67357 -4.23363 -8.39247 -6.9845 -7.64896 -5.65855 -7.94881 -8.68475 -3.09855 -8.29499 -6.49357 -9.53078 -3.68866 -7.60504 -8.74673 -2.25379 -8.18992
83.405 -5.65915 -10.0647 -6.5609 -8.46396 -9.21754 -3.82905 -7.45118 -8.09567 -7.18781 -5.36253 -8.17767 -8.54775 -4.05648 -7.38695 -6.79635 -8.14069 -5.30239 -7.89057 -8.72011 -4.13793 -8.89856 -7.16231 -7.80322 -5.51599 -7.89402 -8.63194 -4.15057 -8.25307 -7.01046 -7.89461 -5.49169 -7.92627 -8.67361 -4.23362 -8.39278 -6.9845 -7.64899 -5.65854 -7.94882 -8.68475 -3.09855 -8.29494 -6.49359 -9.53077 -3.68867 -7.60505 -8.74673 -2.25379 -8.18991
83.455 -5.70298 -10.0345 -6.48394 -8.47531 -9.20414 -3.83494 -7.4732 -8.08381 -7.18774 -5.36609 -8.15554 -8.54383 -4.05813 -7.41251 -6.79595 -8.14194 -5.30296 -7.8909 -8.72031 -4.13774 -8.89562 -7.16291 -7.80284 -5.51587 -7.89408 -8.63182 -4.15065 -8.25261 -7.0103 -7.89464 -5.49177 -7.92626 -8.67364 -4.23361 -8.39309 -6.98451 -7.64902 -5.65853 -7.94882 -8.68475 -3.09855 -8.29488 -6.4936 -9.53075 -3.68869 -7.60505 -8.74672 -2.2538 -8.1899
83.505 -5.74574 -10.0034 -6.40982 -8.48711 -9.19113 -3.84096 -7.4961 -8.07141 -7.18789 -5.3698 -8.13467 -8.54024 -4.05975 -7.43839 -6.79564 -8.14316 -5.30355 -7.89125 -8.72048 -4.13756 -8.89237 -7.16351 -7.80245 -5.51576 -7.89415 -8.6317 -4.15074 -8.25219 -7.01013 -7.89467 -5.49184 -7.92625 -8.67368 -4.2336 -8.3934 -6.98451 -7.64905 -5.65852 -7.94883 -8.68475 -3.09855 -8.29482 -6.49362 -9.53073 -3.6887 -7.60506 -8.74672 -2.2538 -8.1899
83.555 -5.78725 -9.97146 -6.33889 -8.49932 -9.1786 -3.84708 -7.51982 -8.05852 -7.18827 -5.37365 -8.11514 -8.53699 -4.06135 -7.46449 -6.79541 -8.14435 -5.30416 -7.89163 -8.72064 -4.13738 -8.8888 -7.16409 -7.80205 -5.51565 -7.89422 -8.63158 -4.15082 -8.25179 -7.00996 -7.8947 -5.49191 -7.92624 -8.67372 -4.23359 -8.39371 -6.98452 -7.64908 -5.65851 -7.94884 -8.68475 -3.09855 -8.29476 -6.49364 -9.53071 -3.68872 -7.60506 -8.74671 -2.2538 -8.18989
83.605 -5.82732 -9.9389 -6.27148 -8.51186 -9.16661 -3.85327 -7.54425 -8.04517 -7.18888 -5.37763 -8.09701 -8.5341 -4.06291 -7.4907 -6.79528 -8.14549 -5.30479 -7.89202 -8.72078 -4.13721 -8.88492 -7.16465 -7.80165 -5.51555 -7.8943 -8.63147 -4.1509 -8.25143 -7.00979 -7.89474 -5.49199 -7.92623 -8.67375 -4.23358 -8.39402 -6.98453 -7.64911 -5.6585 -7.94885 -8.68475 -3.09855 -8.2947 -6.49365 -9.53069 -3.68873 -7.60507 -8.74671 -2.25381 -8.18989
83.655 -5.86581 -9.90582 -6.20789 -8.52469 -9.15522 -3.85951 -7.56931 -8.03142 -7.18972 -5.38173 -8.0803 -8.53158 -4.06443 -7.5169 -6.79523 -8.14659 -5.30544 -7.89243 -8.7209 -4.13705 -8.88075 -7.1652 -7.80124 -5.51546 -7.89438 -8.63136 -4.15098 -8.25111 -7.00961 -7.89479 -5.49206 -7.92623 -8.67379 -4.23357 -8.39432 -6.98455 -7.64913 -5.65849 -7.94886 -8.68475 -3.09856 -8.29463 -6.49367 -9.53067 -3.68875 -7.60507 -8.74671 -2.25381 -8.18989
83.705 -5.90263 -9.87234 -6.14835 -8.53774 -9.14448 -3.86577 -7.59489 -8.01731 -7.19079 -5.38594 -8.06502 -8.52944 -4.0659 -7.54299 -6.79528 -8.14764 -5.30611 -7.89285 -8.721 -4.1369 -8.87627 -7.16573 -7.80083 -5.51537 -7.89447 -8.63126 -4.15106 -8.25082 -7.00944 -7.89484 -5.49212 -7.92622 -8.67384 -4.23356 -8.39461 -6.98456 -7.64915 -5.65848 -7.94887 -8.68475 -3.09856 -8.29456 -6.49368 -9.53065 -3.68876 -7.60507 -8.7467 -2.25381 -8.18989
83.755 -5.93767 -9.8386 -6.09306 -8.55095 -9.13441 -3.87203 -7.6209 -8.0029 -7.1921 -5.39025 -8.05116 -8.52767 -4.06731 -7.56886 -6.79542 -8.14865 -5.30678 -7.89329 -8.72108 -4.13676 -8.87152 -7.16625 -7.80042 -5.5153 -7.89456 -8.63116 -4.15114 -8.25057 -7.00925 -7.8949 -5.49219 -7.92622 -8.67388 -4.23354 -8.39491 -6.98458 -7.64918 -5.65847 -7.94887 -8.68475 -3.09857 -8.29449 -6.49369 -9.53063 -3.68878 -7.60508 -8.7467 -2.25382 -8.18989
83.805 -5.9709 -9.80471 -6.04217 -8.56426 -9.12503 -3.87825 -7.64724 -7.98823 -7.19364 -5.39464 -8.03868 -8.52627 -4.06866 -7.59442 -6.79566 -8.14961 -5.30746 -7.89375 -8.72114 -4.13663 -8.86649 -7.16674 -7.8 -5.51523 -7.89465 -8.63107 -4.15122 -8.25035 -7.00907 -7.89496 -5.49226 -7.92621 -8.67392 -4.23353 -8.3952 -6.9846 -7.6492 -5.65845 -7.94888 -8.68475 -3.09858 -8.29442 -6.49371 -9.53061 -3.6888 -7.60508 -8.7467 -2.25382 -8.18989
83.855 -6.00227 -9.7708 -5.99578 -8.57759 -9.11635 -3.88443 -7.67381 -7.97337 -7.19541 -5.3991 -8.02754 -8.52522 -4.06993 -7.61957 -6.79599 -8.15051 -5.30814 -7.89422 -8.72118 -4.13651 -8.8612 -7.16722 -7.79958 -5.51517 -7.89474 -8.63098 -4.1513 -8.25017 -7.00889 -7.89502 -5.49232 -7.92621 -8.67396 -4.23351 -8.39548 -6.98462 -7.64921 -5.65844 -7.94889 -8.68474 -3.09858 -8.29434 -6.49372 -9.53059 -3.68882 -7.60509 -8.74669 -2.25382 -8.1899
83.905 -6.03179 -9.73697 -5.95394 -8.59091 -9.10836 -3.89054 -7.70052 -7.95835 -7.19741 -5.40361 -8.01767 -8.52452 -4.07113 -7.64424 -6.79642 -8.15136 -5.30882 -7.8947 -8.72119 -4.13639 -8.85567 -7.16767 -7.79916 -5.51512 -7.89484 -8.6309 -4.15137 -8.25003 -7.0087 -7.8951 -5.49238 -7.92621 -8.67401 -4.23349 -8.39576 -6.98465 -7.64923 -5.65842 -7.94889 -8.68474 -3.09859 -8.29426 -6.49373 -9.53057 -3.68884 -7.60509 -8.74669 -2.25383 -8.1899
83.955 -6.05944 -9.70333 -5.91667 -8.60415 -9.10104 -3.89656 -7.72729 -7.94324 -7.19965 -5.40816 -8.00902 -8.52415 -4.07225 -7.66834 -6.79694 -8.15216 -5.30949 -7.89519 -8.72118 -4.13629 -8.84991 -7.1681 -7.79874 -5.51508 -7.89494 -8.63082 -4.15145 -8.24993 -7.00851 -7.89517 -5.49244 -7.9262 -8.67405 -4.23348 -8.39603 -6.98468 -7.64925 -5.65841 -7.9489 -8.68473 -3.0986 -8.29419 -6.49374 -9.53055 -3.68886 -7.6051 -8.74669 -2.25383 -8.18991
84.005 -6.08526 -9.66996 -5.88395 -8.61727 -9.09439 -3.90247 -7.75402 -7.92807 -7.2021 -5.41274 -8.00153 -8.52408 -4.07329 -7.6918 -6.79757 -8.15289 -5.31015 -7.89568 -8.72114 -4.1362 -8.84394 -7.16851 -7.79833 -5.51505 -7.89503 -8.63075 -4.15152 -8.24987 -7.00833 -7.89525 -5.4925 -7.9262 -8.67409 -4.23346 -8.39629 -6.98471 -7.64926 -5.65839 -7.94891 -8.68473 -3.09861 -8.2941 -6.49375 -9.53053 -3.68888 -7.6051 -8.74669 -2.25383 -8.18991
84.055 -6.10927 -9.63697 -5.85572 -8.63021 -9.08838 -3.90825 -7.78064 -7.91289 -7.20478 -5.41733 -7.99511 -8.5243 -4.07424 -7.71457 -6.79828 -8.15357 -5.3108 -7.89619 -8.72108 -4.13612 -8.83777 -7.16889 -7.79791 -5.51503 -7.89513 -8.63068 -4.15159 -8.24985 -7.00814 -7.89534 -5.49256 -7.9262 -8.67414 -4.23344 -8.39655 -6.98474 -7.64927 -5.65838 -7.94891 -8.68472 -3.09862 -8.29402 -6.49375 -9.53052 -3.6889 -7.6051 -8.74668 -2.25384 -8.18992
84.105 -6.13151 -9.60442 -5.83191 -8.64294 -9.08297 -3.91391 -7.80708 -7.89775 -7.20767 -5.42191 -7.98972 -8.52478 -4.07511 -7.73659 -6.7991 -8.15418 -5.31144 -7.89669 -8.721 -4.13605 -8.83142 -7.16925 -7.7975 -5.51501 -7.89523 -8.63061 -4.15165 -8.24987 -7.00795 -7.89543 -5.49261 -7.92621 -8.67418 -4.23342 -8.3968 -6.98478 -7.64928 -5.65836 -7.94892 -8.68472 -3.09863 -8.29394 -6.49376 -9.5305 -3.68892 -7.60511 -8.74668 -2.25384 -8.18993
84.155 -6.15203 -9.57239 -5.81241 -8.65542 -9.07816 -3.91941 -7.83328 -7.88269 -7.21078 -5.42647 -7.98528 -8.52552 -4.07589 -7.75782 -6.8 -8.15472 -5.31206 -7.8972 -8.72089 -4.136 -8.82491 -7.16958 -7.79709 -5.51501 -7.89533 -8.63056 -4.15172 -8.24993 -7.00776 -7.89552 -5.49266 -7.92621 -8.67423 -4.2334 -8.39704 -6.98481 -7.64929 -5.65834 -7.94892 -8.68471 -3.09864 -8.29386 -6.49377 -9.53048 -3.68894 -7.60511 -8.74668 -2.25384 -8.18994
84.205 -6.17087 -9.54094 -5.7971 -8.66764 -9.0739 -3.92477 -7.85916 -7.86773 -7.21409 -5.431 -7.98174 -8.52648 -4.07659 -7.77822 -6.80101 -8.1552 -5.31265 -7.89771 -8.72076 -4.13595 -8.81826 -7.16989 -7.79669 -5.51501 -7.89543 -8.63051 -4.15178 -8.25003 -7.00758 -7.89562 -5.49271 -7.92621 -8.67427 -4.23338 -8.39727 -6.98485 -7.64929 -5.65832 -7.94893 -8.6847 -3.09865 -8.29377 -6.49377 -9.53046 -3.68896 -7.60512 -8.74668 -2.25385 -8.18995
84.255 -6.18807 -9.51013 -5.78586 -8.67955 -9.07017 -3.92996 -7.88467 -7.85292 -7.21759 -5.43549 -7.97903 -8.52765 -4.0772 -7.79776 -6.8021 -8.15562 -5.31323 -7.89822 -8.7206 -4.13592 -8.81149 -7.17016 -7.79629 -5.51502 -7.89553 -8.63046 -4.15184 -8.25018 -7.0074 -7.89572 -5.49276 -7.92622 -8.67432 -4.23336 -8.39749 -6.98489 -7.6493 -5.65831 -7.94893 -8.68469 -3.09866 -8.29368 -6.49378 -9.53045 -3.68898 -7.60512 -8.74668 -2.25385 -8.18996
84.305 -6.20369 -9.48001 -5.77853 -8.69114 -9.06695 -3.93498 -7.90977 -7.83829 -7.22129 -5.43992 -7.97712 -8.52902 -4.07773 -7.81641 -6.80328 -8.15596 -5.31378 -7.89873 -8.72042 -4.1359 -8.80462 -7.17041 -7.79589 -5.51504 -7.89562 -8.63042 -4.1519 -8.25036 -7.00721 -7.89582 -5.4928 -7.92622 -8.67436 -4.23334 -8.3977 -6.98493 -7.6493 -5.65829 -7.94893 -8.68468 -3.09867 -8.2936 -6.49378 -9.53043 -3.68901 -7.60512 -8.74668 -2.25385 -8.18997
84.355 -6.21776 -9.45062 -5.77497 -8.7024 -9.0642 -3.93983 -7.93441 -7.82387 -7.22517 -5.44428 -7.97595 -8.53056 -4.07818 -7.83415 -6.80455 -8.15624 -5.3143 -7.89923 -8.72021 -4.13589 -8.79766 -7.17063 -7.79551 -5.51507 -7.89571 -8.63039 -4.15196 -8.25059 -7.00703 -7.89593 -5.49284 -7.92623 -8.67441 -4.23332 -8.3979 -6.98498 -7.6493 -5.65827 -7.94894 -8.68468 -3.09868 -8.29351 -6.49378 -9.53041 -3.68903 -7.60513 -8.74668 -2.25385 -8.18999
84.405 -6.23034 -9.42201 -5.77503 -8.71332 -9.0619 -3.94449 -7.95855 -7.80968 -7.22922 -5.44856 -7.97549 -8.53227 -4.07855 -7.85098 -6.80591 -8.15644 -5.3148 -7.89972 -8.71998 -4.13589 -8.79063 -7.17082 -7.79513 -5.51511 -7.89581 -8.63036 -4.15201 -8.25086 -7.00685 -7.89604 -5.49288 -7.92623 -8.67445 -4.23329 -8.39809 -6.98502 -7.6493 -5.65825 -7.94894 -8.68467 -3.0987 -8.29342 -6.49378 -9.5304 -3.68905 -7.60513 -8.74668 -2.25385 -8.19
84.455 -6.24146 -9.39421 -5.77855 -8.72388 -9.06004 -3.94898 -7.98214 -7.79576 -7.23345 -5.45275 -7.97569 -8.53412 -4.07883 -7.86687 -6.80735 -8.15657 -5.31527 -7.90021 -8.71973 -4.13591 -8.78355 -7.17097 -7.79476 -5.51516 -7.8959 -8.63034 -4.15206 -8.25118 -7.00668 -7.89615 -5.49291 -7.92624 -8.6745 -4.23327 -8.39826 -6.98507 -7.6493 -5.65823 -7.94894 -8.68465 -3.09871 -8.29334 -6.49378 -9.53038 -3.68907 -7.60513 -8.74668 -2.25386 -8.19001
84.505 -6.25116 -9.36725 -5.78538 -8.73408 -9.0586 -3.95328 -8.00516 -7.78211 -7.23782 -5.45684 -7.97653 -8.5361 -4.07905 -7.88183 -6.80887 -8.15663 -5.31571 -7.90069 -8.71945 -4.13594 -8.77644 -7.1711 -7.7944 -5.51522 -7.89598 -8.63032 -4.1521 -8.25153 -7.00651 -7.89627 -5.49295 -7.92625 -8.67454 -4.23325 -8.39843 -6.98512 -7.64929 -5.65821 -7.94894 -8.68464 -3.09872 -8.29325 -6.49378 -9.53037 -3.6891 -7.60513 -8.74668 -2.25386 -8.19003
84.555 -6.25946 -9.34117 -5.79538 -8.74393 -9.05755 -3.95739 -8.02758 -7.76877 -7.24235 -5.46082 -7.97798 -8.53822 -4.07918 -7.89585 -6.81046 -8.15662 -5.31612 -7.90117 -8.71915 -4.13598 -8.76932 -7.17119 -7.79405 -5.51528 -7.89607 -8.63031 -4.15215 -8.25193 -7.00634 -7.89639 -5.49297 -7.92626 -8.67458 -4.23322 -8.39858 -6.98517 -7.64928 -5.65819 -7.94895 -8.68463 -3.09874 -8.29317 -6.49378 -9.53036 -3.68912 -7.60514 -8.74668 -2.25386 -8.19005
84.605 -6.26641 -9.31598 -5.80842 -8.75341 -9.05688 -3.96131 -8.04937 -7.75575 -7.24701 -5.46469 -7.98003 -8.54044 -4.07925 -7.90893 -6.81213 -8.15653 -5.31651 -7.90163 -8.71883 -4.13603 -8.76221 -7.17126 -7.79371 -5.51536 -7.89615 -8.63031 -4.15219 -8.25236 -7.00618 -7.89651 -5.493 -7.92627 -8.67463 -4.2332 -8.39872 -6.98522 -7.64927 -5.65817 -7.94895 -8.68462 -3.09875 -8.29308 -6.49377 -9.53034 -3.68914 -7.60514 -8.74668 -2.25386 -8.19007
84.655 -6.27203 -9.2917 -5.82434 -8.76254 -9.05658 -3.96504 -8.07051 -7.74307 -7.2518 -5.46843 -7.98264 -8.54277 -4.07925 -7.92107 -6.81387 -8.15637 -5.31686 -7.90208 -8.71848 -4.1361 -8.75511 -7.17129 -7.79338 -5.51544 -7.89623 -8.63031 -4.15223 -8.25284 -7.00602 -7.89663 -5.49302 -7.92628 -8.67467 -4.23318 -8.39885 -6.98527 -7.64926 -5.65815 -7.94895 -8.68461 -3.09877 -8.293 -6.49377 -9.53033 -3.68916 -7.60514 -8.74668 -2.25386 -8.19008
84.705 -6.27634 -9.26837 -5.84304 -8.77132 -9.05664 -3.96858 -8.09097 -7.73075 -7.25671 -5.47205 -7.98582 -8.54519 -4.07918 -7.93227 -6.81567 -8.15614 -5.31719 -7.90252 -8.71812 -4.13618 -8.74804 -7.17129 -7.79307 -5.51553 -7.89631 -8.63032 -4.15226 -8.25336 -7.00586 -7.89675 -5.49304 -7.92629 -8.67471 -4.23315 -8.39897 -6.98532 -7.64925 -5.65813 -7.94895 -8.6846 -3.09878 -8.29291 -6.49377 -9.53032 -3.68918 -7.60514 -8.74669 -2.25387 -8.1901
84.755 -6.27936 -9.24599 -5.86438 -8.77974 -9.05705 -3.97192 -8.11073 -7.71879 -7.26172 -5.47552 -7.98954 -8.54771 -4.07905 -7.94255 -6.81754 -8.15583 -5.31749 -7.90294 -8.71773 -4.13627 -8.74103 -7.17125 -7.79277 -5.51563 -7.89638 -8.63034 -4.15229 -8.25391 -7.00571 -7.89688 -5.49306 -7.9263 -8.67475 -4.23313 -8.39907 -6.98538 -7.64924 -5.65811 -7.94895 -8.68458 -3.0988 -8.29283 -6.49376 -9.53031 -3.68921 -7.60515 -8.74669 -2.25387 -8.19012
84.805 -6.2811 -9.22459 -5.88827 -8.78783 -9.0578 -3.97506 -8.12978 -7.70723 -7.26684 -5.47886 -7.99381 -8.5503 -4.07886 -7.9519 -6.81947 -8.15545 -5.31776 -7.90335 -8.71733 -4.13637 -8.73408 -7.17118 -7.79248 -5.51574 -7.89645 -8.63036 -4.15232 -8.2545 -7.00557 -7.897 -5.49307 -7.92632 -8.67479 -4.2331 -8.39916 -6.98543 -7.64922 -5.65809 -7.94895 -8.68457 -3.09881 -8.29275 -6.49375 -9.5303 -3.68923 -7.60515 -8.74669 -2.25387 -8.19014
84.855 -6.28158 -9.20419 -5.91461 -8.79558 -9.05889 -3.97801 -8.14809 -7.69606 -7.27203 -5.48205 -7.99861 -8.55298 -4.0786 -7.96033 -6.82145 -8.15499 -5.31801 -7.90375 -8.71691 -4.13649 -8.72721 -7.17109 -7.7922 -5.51586 -7.89652 -8.63039 -4.15234 -8.25513 -7.00543 -7.89713 -5.49308 -7.92633 -8.67482 -4.23308 -8.39923 -6.98549 -7.6492 -5.65807 -7.94895 -8.68456 -3.09883 -8.29267 -6.49374 -9.53029 -3.68925 -7.60515 -8.74669 -2.25387 -8.19016
84.905 -6.2808 -9.18479 -5.9433 -8.803 -9.06031 -3.98077 -8.16566 -7.6853 -7.27731 -5.48509 -8.00396 -8.55573 -4.0783 -7.96784 -6.82348 -8.15447 -5.31824 -7.90413 -8.71647 -4.13661 -8.72043 -7.17095 -7.79195 -5.51598 -7.89659 -8.63043 -4.15236 -8.25579 -7.0053 -7.89726 -5.49308 -7.92635 -8.67486 -4.23306 -8.39929 -6.98554 -7.64918 -5.65806 -7.94895 -8.68454 -3.09884 -8.29259 -6.49374 -9.53028 -3.68927 -7.60515 -8.74669 -2.25387 -8.19018
84.955 -6.27877 -9.16642 -5.97428 -8.81011 -9.06207 -3.98332 -8.18246 -7.67496 -7.28264 -5.48797 -8.00985 -8.55855 -4.07793 -7.97446 -6.82555 -8.15388 -5.31843 -7.90449 -8.71602 -4.13675 -8.71376 -7.17079 -7.7917 -5.51611 -7.89665 -8.63047 -4.15237 -8.25649 -7.00517 -7.89738 -5.49308 -7.92636 -8.6749 -4.23303 -8.39933 -6.9856 -7.64916 -5.65804 -7.94894 -8.68453 -3.09886 -8.29251 -6.49373 -9.53028 -3.68929 -7.60515 -8.7467 -2.25387 -8.19021
85.005 -6.27548 -9.14909 -6.00747 -8.8169 -9.06416 -3.98567 -8.19848 -7.66505 -7.28803 -5.4907 -8.0163 -8.56143 -4.07752 -7.98018 -6.82767 -8.15321 -5.31861 -7.90484 -8.71555 -4.1369 -8.7072 -7.17059 -7.79148 -5.51625 -7.89671 -8.63052 -4.15239 -8.25722 -7.00505 -7.89751 -5.49308 -7.92638 -8.67493 -4.23301 -8.39936 -6.98565 -7.64914 -5.65802 -7.94894 -8.68452 -3.09887 -8.29244 -6.49371 -9.53027 -3.68931 -7.60515 -8.7467 -2.25387 -8.19023
85.055 -6.27093 -9.13282 -6.04282 -8.82339 -9.0666 -3.98783 -8.2137 -7.65559 -7.29346 -5.49326 -8.02331 -8.56439 -4.07706 -7.985 -6.82982 -8.15248 -5.31876 -7.90517 -8.71507 -4.13706 -8.70077 -7.17036 -7.79127 -5.5164 -7.89677 -8.63058 -4.15239 -8.25798 -7.00494 -7.89764 -5.49308 -7.9264 -8.67496 -4.23299 -8.39938 -6.98571 -7.64912 -5.658 -7.94894 -8.6845 -3.09889 -8.29236 -6.4937 -9.53027 -3.68933 -7.60515 -8.7467 -2.25387 -8.19025
85.105 -6.26511 -9.11762 -6.08028 -8.82958 -9.06937 -3.98977 -8.22812 -7.64659 -7.29892 -5.49566 -8.03089 -8.5674 -4.07654 -7.98894 -6.832 -8.15168 -5.3189 -7.90548 -8.71457 -4.13723 -8.69447 -7.1701 -7.79107 -5.51655 -7.89683 -8.63064 -4.1524 -8.25877 -7.00483 -7.89776 -5.49307 -7.92641 -8.67499 -4.23296 -8.39938 -6.98577 -7.64909 -5.65798 -7.94894 -8.68449 -3.09891 -8.29229 -6.49369 -9.53026 -3.68935 -7.60515 -8.74671 -2.25387 -8.19027
85.155 -6.25801 -9.10351 -6.11983 -8.83549 -9.07249 -3.99152 -8.24171 -7.63805 -7.3044 -5.49789 -8.03907 -8.57049 -4.07599 -7.992 -6.83421 -8.15081 -5.31901 -7.90578 -8.71406 -4.13741 -8.68833 -7.16981 -7.7909 -5.51671 -7.89688 -8.63071 -4.1524 -8.25958 -7.00473 -7.89789 -5.49306 -7.92643 -8.67502 -4.23294 -8.39936 -6.98582 -7.64906 -5.65796 -7.94893 -8.68447 -3.09892 -8.29223 -6.49368 -9.53026 -3.68936 -7.60515 -8.74671 -2.25387 -8.1903
85.205 -6.24961 -9.09052 -6.16144 -8.84111 -9.07597 -3.99305 -8.25447 -7.62998 -7.30989 -5.49995 -8.04786 -8.57363 -4.07539 -7.99418 -6.83645 -8.14988 -5.3191 -7.90606 -8.71355 -4.13761 -8.68235 -7.16949 -7.79074 -5.51687 -7.89693 -8.63078 -4.1524 -8.26043 -7.00464 -7.89801 -5.49304 -7.92645 -8.67505 -4.23292 -8.39933 -6.98588 -7.64904 -5.65795 -7.94893 -8.68446 -3.09894 -8.29216 -6.49366 -9.53025 -3.68938 -7.60515 -8.74672 -2.25387 -8.19032
85.255 -6.23989 -9.07866 -6.2051 -8.84647 -9.07981 -3.99437 -8.26636 -7.62241 -7.31537 -5.50184 -8.05728 -8.57685 -4.07474 -7.99548 -6.8387 -8.14889 -5.31918 -7.90631 -8.71302 -4.13781 -8.67654 -7.16914 -7.7906 -5.51704 -7.89698 -8.63086 -4.15239 -8.26129 -7.00456 -7.89814 -5.49303 -7.92647 -8.67508 -4.2329 -8.39929 -6.98594 -7.64901 -5.65793 -7.94892 -8.68444 -3.09895 -8.2921 -6.49365 -9.53025 -3.6894 -7.60515 -8.74672 -2.25387 -8.19035
85.305 -6.22882 -9.06795 -6.25081 -8.85155 -9.08403 -3.99548 -8.27739 -7.61532 -7.32083 -5.50355 -8.06737 -8.58013 -4.07406 -7.99592 -6.84096 -8.14784 -5.31924 -7.90655 -8.71249 -4.13802 -8.6709 -7.16876 -7.79048 -5.51722 -7.89703 -8.63095 -4.15238 -8.26219 -7.00448 -7.89826 -5.49301 -7.92649 -8.6751 -4.23288 -8.39923 -6.98599 -7.64897 -5.65791 -7.94892 -8.68443 -3.09897 -8.29204 -6.49363 -9.53025 -3.68941 -7.60515 -8.74672 -2.25387 -8.19037
85.355 -6.21638 -9.05841 -6.29858 -8.85638 -9.08864 -3.99638 -8.28752 -7.60875 -7.32627 -5.50508 -8.07814 -8.58347 -4.07333 -7.99548 -6.84323 -8.14673 -5.31928 -7.90677 -8.71194 -4.13824 -8.66545 -7.16835 -7.79038 -5.5174 -7.89707 -8.63104 -4.15236 -8.2631 -7.00441 -7.89838 -5.49298 -7.92651 -8.67512 -4.23285 -8.39915 -6.98605 -7.64894 -5.6579 -7.94892 -8.68442 -3.09898 -8.29198 -6.49362 -9.53025 -3.68943 -7.60515 -8.74673 -2.25387 -8.19039
85.405 -6.20253 -9.05008 -6.34844 -8.86095 -9.09365 -3.99705 -8.29675 -7.6027 -7.33167 -5.50644 -8.08964 -8.5869 -4.07256 -7.99416 -6.84551 -8.14557 -5.3193 -7.90697 -8.7114 -4.13846 -8.6602 -7.16792 -7.7903 -5.51759 -7.89712 -8.63114 -4.15235 -8.26403 -7.00436 -7.89849 -5.49295 -7.92653 -8.67514 -4.23283 -8.39906 -6.9861 -7.64891 -5.65788 -7.94891 -8.6844 -3.099 -8.29193 -6.4936 -9.53025 -3.68944 -7.60515 -8.74673 -2.25387 -8.19042
85.455 -6.18722 -9.04298 -6.40041 -8.86528 -9.09908 -3.9975 -8.30505 -7.59718 -7.33701 -5.50762 -8.10189 -8.5904 -4.07176 -7.99197 -6.84778 -8.14435 -5.31931 -7.90716 -8.71085 -4.1387 -8.65515 -7.16745 -7.79024 -5.51778 -7.89716 -8.63125 -4.15232 -8.26497 -7.0043 -7.89861 -5.49292 -7.92655 -8.67516 -4.23281 -8.39896 -6.98616 -7.64887 -5.65787 -7.9489 -8.68439 -3.09901 -8.29188 -6.49358 -9.53025 -3.68946 -7.60515 -8.74674 -2.25387 -8.19044
85.505 -6.17043 -9.03713 -6.45455 -8.86935 -9.10495 -3.99772 -8.3124 -7.5922 -7.34229 -5.50861 -8.11494 -8.59398 -4.07092 -7.98889 -6.85004 -8.14309 -5.31931 -7.90732 -8.71029 -4.13894 -8.65032 -7.16697 -7.7902 -5.51798 -7.8972 -8.63136 -4.1523 -8.26594 -7.00426 -7.89872 -5.49289 -7.92657 -8.67518 -4.2328 -8.39884 -6.98621 -7.64884 -5.65785 -7.9489 -8.68437 -3.09903 -8.29183 -6.49357 -9.53026 -3.68947 -7.60515 -8.74674 -2.25387 -8.19047
85.555 -6.1521 -9.03258 -6.5109 -8.87319 -9.11127 -3.99771 -8.31877 -7.58778 -7.34749 -5.50942 -8.12882 -8.59764 -4.07004 -7.98492 -6.8523 -8.14177 -5.31929 -7.90746 -8.70974 -4.13919 -8.6457 -7.16645 -7.79018 -5.51818 -7.89723 -8.63147 -4.15227 -8.26691 -7.00423 -7.89883 -5.49285 -7.9266 -8.67519 -4.23278 -8.39871 -6.98626 -7.6488 -5.65784 -7.94889 -8.68436 -3.09904 -8.29179 -6.49355 -9.53026 -3.68948 -7.60514 -8.74675 -2.25386 -8.19049
85.605 -6.13217 -9.02936 -6.56954 -8.87678 -9.11808 -3.99746 -8.32415 -7.58393 -7.35261 -5.51004 -8.14358 -8.6014 -4.06912 -7.98005 -6.85453 -8.14041 -5.31926 -7.90758 -8.70918 -4.13944 -8.64132 -7.16592 -7.79018 -5.51838 -7.89727 -8.63159 -4.15223 -8.26789 -7.00421 -7.89893 -5.49281 -7.92662 -8.67521 -4.23276 -8.39856 -6.98631 -7.64877 -5.65783 -7.94889 -8.68434 -3.09905 -8.29175 -6.49353 -9.53026 -3.68949 -7.60514 -8.74675 -2.25386 -8.19051
85.655 -6.11061 -9.02749 -6.63051 -8.88013 -9.12539 -3.99697 -8.3285 -7.58067 -7.35763 -5.51048 -8.15925 -8.60525 -4.06816 -7.97427 -6.85674 -8.13901 -5.31921 -7.90767 -8.70862 -4.1397 -8.63716 -7.16536 -7.7902 -5.51858 -7.8973 -8.63172 -4.1522 -8.26889 -7.00419 -7.89904 -5.49277 -7.92664 -8.67522 -4.23274 -8.3984 -6.98636 -7.64873 -5.65781 -7.94888 -8.68433 -3.09907 -8.29171 -6.49351 -9.53027 -3.6895 -7.60514 -8.74676 -2.25386 -8.19054
85.705 -6.08735 -9.02704 -6.69392 -8.88324 -9.13322 -3.99622 -8.33179 -7.57801 -7.36253 -5.51073 -8.17589 -8.60921 -4.06716 -7.96756 -6.85893 -8.13757 -5.31915 -7.90775 -8.70807 -4.13997 -8.63325 -7.16478 -7.79024 -5.51879 -7.89733 -8.63185 -4.15216 -8.26989 -7.00418 -7.89914 -5.49272 -7.92666 -8.67523 -4.23273 -8.39823 -6.98641 -7.64869 -5.6578 -7.94887 -8.68432 -3.09908 -8.29168 -6.49349 -9.53027 -3.68951 -7.60514 -8.74676 -2.25386 -8.19056
85.755 -6.06234 -9.02803 -6.75983 -8.8861 -9.14161 -3.99522 -8.334 -7.57598 -7.36731 -5.51078 -8.19353 -8.61327 -4.06613 -7.9599 -6.86108 -8.13609 -5.31907 -7.90781 -8.70752 -4.14024 -8.6296 -7.16417 -7.7903 -5.519 -7.89736 -8.63198 -4.15211 -8.27089 -7.00419 -7.89923 -5.49268 -7.92668 -8.67523 -4.23271 -8.39804 -6.98646 -7.64865 -5.65779 -7.94887 -8.6843 -3.09909 -8.29165 -6.49347 -9.53028 -3.68952 -7.60514 -8.74677 -2.25386 -8.19058
85.805 -6.03552 -9.03052 -6.82834 -8.88872 -9.15057 -3.99395 -8.33509 -7.57458 -7.37195 -5.51065 -8.21222 -8.61745 -4.06505 -7.95129 -6.86319 -8.13458 -5.31898 -7.90784 -8.70697 -4.14051 -8.6262 -7.16355 -7.79038 -5.51921 -7.89739 -8.63212 -4.15207 -8.2719 -7.0042 -7.89932 -5.49263 -7.92671 -8.67524 -4.2327 -8.39784 -6.9865 -7.64861 -5.65778 -7.94886 -8.68429 -3.0991 -8.29162 -6.49345 -9.53029 -3.68953 -7.60513 -8.74678 -2.25386 -8.19061
85.855 -6.00684 -9.03455 -6.89952 -8.89107 -9.16012 -3.99241 -8.33502 -7.57384 -7.37644 -5.51031 -8.23199 -8.62175 -4.06394 -7.9417 -6.86526 -8.13303 -5.31887 -7.90785 -8.70643 -4.14079 -8.62306 -7.16292 -7.79048 -5.51942 -7.89741 -8.63226 -4.15201 -8.2729 -7.00422 -7.89941 -5.49257 -7.92673 -8.67524 -4.23269 -8.39763 -6.98655 -7.64857 -5.65777 -7.94885 -8.68428 -3.09912 -8.2916 -6.49343 -9.5303 -3.68953 -7.60513 -8.74678 -2.25385 -8.19063
85.905 -5.97626 -9.04017 -6.97347 -8.89317 -9.1703 -3.99058 -8.33376 -7.57377 -7.38077 -5.50978 -8.25287 -8.62617 -4.06278 -7.9311 -6.86728 -8.13147 -5.31875 -7.90784 -8.7059 -4.14107 -8.6202 -7.16226 -7.7906 -5.51964 -7.89743 -8.6324 -4.15196 -8.2739 -7.00425 -7.89949 -5.49252 -7.92675 -8.67524 -4.23267 -8.39741 -6.98659 -7.64853 -5.65776 -7.94884 -8.68427 -3.09913 -8.29158 -6.49341 -9.53031 -3.68954 -7.60513 -8.74679 -2.25385 -8.19065
85.955 -5.94374 -9.04744 -7.05024 -8.89499 -9.18112 -3.98847 -8.33127 -7.57441 -7.38493 -5.50905 -8.27489 -8.63072 -4.06158 -7.91949 -6.86925 -8.12987 -5.31861 -7.9078 -8.70538 -4.14135 -8.61762 -7.16159 -7.79074 -5.51985 -7.89745 -8.63255 -4.1519 -8.2749 -7.00429 -7.89957 -5.49246 -7.92677 -8.67524 -4.23266 -8.39717 -6.98663 -7.64849 -5.65776 -7.94883 -8.68425 -3.09914 -8.29157 -6.49338 -9.53032 -3.68954 -7.60512 -8.74679 -2.25385 -8.19067
86.005 -5.90927 -9.0564 -7.1299 -8.89651 -9.19259 -3.98606 -8.32751 -7.57576 -7.3889 -5.50812 -8.29805 -8.63539 -4.06033 -7.90684 -6.87116 -8.12826 -5.31845 -7.90775 -8.70486 -4.14163 -8.61534 -7.16091 -7.7909 -5.52006 -7.89746 -8.6327 -4.15184 -8.27589 -7.00434 -7.89964 -5.4924 -7.92679 -8.67523 -4.23265 -8.39693 -6.98667 -7.64845 -5.65775 -7.94882 -8.68424 -3.09915 -8.29156 -6.49336 -9.53033 -3.68955 -7.60512 -8.7468 -2.25385 -8.19069
86.055 -5.87282 -9.06711 -7.21248 -8.89772 -9.20472 -3.98335 -8.32244 -7.57786 -7.39266 -5.50698 -8.32233 -8.64018 -4.05904 -7.89312 -6.873 -8.12664 -5.31828 -7.90766 -8.70436 -4.14192 -8.61335 -7.16021 -7.79108 -5.52027 -7.89748 -8.63285 -4.15178 -8.27687 -7.00439 -7.89971 -5.49234 -7.92682 -8.67523 -4.23264 -8.39667 -6.9867 -7.64841 -5.65774 -7.94882 -8.68423 -3.09916 -8.29156 -6.49334 -9.53034 -3.68955 -7.60512 -8.74681 -2.25384 -8.19071
86.105 -5.83444 -9.07961 -7.29798 -8.89861 -9.21751 -3.98032 -8.31602 -7.58072 -7.39622 -5.50563 -8.34771 -8.6451 -4.0577 -7.87833 -6.87477 -8.125 -5.31808 -7.90756 -8.70386 -4.1422 -8.61166 -7.15951 -7.79128 -5.52048 -7.89748 -8.63301 -4.15171 -8.27784 -7.00446 -7.89977 -5.49227 -7.92684 -8.67522 -4.23263 -8.39641 -6.98674 -7.64837 -5.65774 -7.94881 -8.68422 -3.09916 -8.29156 -6.49332 -9.53035 -3.68955 -7.60511 -8.74681 -2.25384 -8.19073
86.155 -5.79415 -9.09395 -7.38637 -8.89913 -9.23096 -3.97698 -8.30821 -7.58436 -7.39954 -5.50407 -8.37412 -8.65012 -4.05632 -7.86244 -6.87647 -8.12335 -5.31785 -7.90743 -8.70338 -4.14248 -8.6103 -7.15879 -7.7915 -5.52069 -7.89749 -8.63317 -4.15165 -8.27879 -7.00453 -7.89982 -5.49221 -7.92686 -8.67521 -4.23263 -8.39613 -6.98677 -7.64833 -5.65773 -7.9488 -8.68421 -3.09917 -8.29156 -6.4933 -9.53037 -3.68955 -7.60511 -8.74682 -2.25384 -8.19075
86.205 -5.75206 -9.11015 -7.47756 -8.89925 -9.24503 -3.97331 -8.29898 -7.58881 -7.40263 -5.50229 -8.40148 -8.65523 -4.05488 -7.84545 -6.87809 -8.1217 -5.31761 -7.90727 -8.70292 -4.14277 -8.60925 -7.15807 -7.79173 -5.5209 -7.89749 -8.63332 -4.15157 -8.27973 -7.00462 -7.89988 -5.49214 -7.92688 -8.67519 -4.23262 -8.39585 -6.9868 -7.64829 -5.65773 -7.94879 -8.6842 -3.09918 -8.29157 -6.49328 -9.53038 -3.68955 -7.60511 -8.74682 -2.25383 -8.19077
86.255 -5.70828 -9.12825 -7.57141 -8.89895 -9.25968 -3.96931 -8.28829 -7.59408 -7.40547 -5.50031 -8.42967 -8.66041 -4.05341 -7.82735 -6.87962 -8.12004 -5.31734 -7.90709 -8.70247 -4.14305 -8.60855 -7.15735 -7.79198 -5.5211 -7.89748 -8.63348 -4.1515 -8.28064 -7.00471 -7.89992 -5.49207 -7.9269 -8.67518 -4.23262 -8.39556 -6.98682 -7.64825 -5.65773 -7.94878 -8.68419 -3.09919 -8.29158 -6.49326 -9.53039 -3.68955 -7.6051 -8.74683 -2.25383 -8.19078
86.305 -5.66297 -9.14825 -7.66771 -8.89817 -9.27486 -3.96499 -8.27613 -7.60018 -7.40804 -5.4981 -8.45851 -8.66563 -4.05188 -7.80816 -6.88107 -8.11839 -5.31704 -7.90688 -8.70203 -4.14333 -8.60818 -7.15661 -7.79225 -5.5213 -7.89747 -8.63364 -4.15143 -8.28154 -7.0048 -7.89996 -5.492 -7.92692 -8.67516 -4.23261 -8.39526 -6.98685 -7.64821 -5.65773 -7.94877 -8.68418 -3.09919 -8.29159 -6.49323 -9.53041 -3.68954 -7.6051 -8.74683 -2.25383 -8.1908
86.355 -5.61635 -9.17016 -7.76618 -8.89687 -9.29049 -3.96034 -8.26249 -7.60713 -7.41034 -5.49567 -8.48783 -8.67086 -4.05031 -7.78788 -6.88241 -8.11675 -5.31671 -7.90665 -8.70162 -4.1436 -8.60816 -7.15588 -7.79254 -5.5215 -7.89746 -8.6338 -4.15135 -8.28241 -7.00491 -7.9 -5.49193 -7.92694 -8.67514 -4.23261 -8.39495 -6.98687 -7.64817 -5.65773 -7.94876 -8.68418 -3.0992 -8.29161 -6.49321 -9.53042 -3.68954 -7.60509 -8.74684 -2.25383 -8.19082
86.405 -5.56867 -9.19394 -7.86645 -8.89499 -9.30647 -3.95537 -8.24735 -7.61493 -7.41235 -5.49302 -8.51739 -8.67605 -4.0487 -7.76656 -6.88366 -8.11512 -5.31636 -7.90639 -8.70122 -4.14387 -8.6085 -7.15515 -7.79284 -5.52169 -7.89744 -8.63396 -4.15127 -8.28326 -7.00503 -7.90002 -5.49186 -7.92696 -8.67512 -4.23261 -8.39464 -6.98689 -7.64813 -5.65773 -7.94875 -8.68417 -3.0992 -8.29164 -6.49319 -9.53044 -3.68953 -7.60509 -8.74685 -2.25382 -8.19083
86.455 -5.52023 -9.21956 -7.9681 -8.89249 -9.32268 -3.95008 -8.23074 -7.62358 -7.41406 -5.49016 -8.54695 -8.68116 -4.04706 -7.74423 -6.8848 -8.1135 -5.31597 -7.9061 -8.70085 -4.14414 -8.60921 -7.15441 -7.79316 -5.52188 -7.89742 -8.63412 -4.15119 -8.28407 -7.00515 -7.90005 -5.49178 -7.92698 -8.6751 -4.23261 -8.39432 -6.98691 -7.6481 -5.65773 -7.94874 -8.68416 -3.09921 -8.29166 -6.49317 -9.53046 -3.68953 -7.60508 -8.74685 -2.25382 -8.19084
86.505 -5.47135 -9.24694 -8.07059 -8.88931 -9.339 -3.94451 -8.21267 -7.63307 -7.41547 -5.48707 -8.57622 -8.68614 -4.04539 -7.72095 -6.88582 -8.1119 -5.31556 -7.90579 -8.70049 -4.1444 -8.61029 -7.15368 -7.79349 -5.52206 -7.89739 -8.63427 -4.15111 -8.28486 -7.00528 -7.90006 -5.49171 -7.927 -8.67507 -4.23261 -8.39399 -6.98692 -7.64806 -5.65773 -7.94873 -8.68416 -3.09921 -8.2917 -6.49315 -9.53047 -3.68952 -7.60508 -8.74686 -2.25382 -8.19086
86.555 -5.42237 -9.276 -8.17337 -8.88538 -9.35529 -3.93865 -8.19318 -7.64339 -7.41656 -5.48377 -8.60493 -8.69094 -4.0437 -7.69679 -6.88674 -8.11033 -5.31511 -7.90545 -8.70016 -4.14466 -8.61175 -7.15296 -7.79384 -5.52224 -7.89736 -8.63443 -4.15102 -8.28561 -7.00542 -7.90007 -5.49163 -7.92701 -8.67504 -4.23261 -8.39367 -6.98693 -7.64802 -5.65773 -7.94872 -8.68415 -3.09921 -8.29173 -6.49313 -9.53049 -3.68951 -7.60508 -8.74686 -2.25381 -8.19087
86.605 -5.37367 -9.30661 -8.27578 -8.88067 -9.37138 -3.93254 -8.17235 -7.65451 -7.41732 -5.48026 -8.6328 -8.69549 -4.04199 -7.67186 -6.88753 -8.10878 -5.31463 -7.90508 -8.69985 -4.14491 -8.61358 -7.15224 -7.7942 -5.52241 -7.89732 -8.63458 -4.15094 -8.28633 -7.00556 -7.90008 -5.49156 -7.92703 -8.67501 -4.23261 -8.39334 -6.98694 -7.64799 -5.65774 -7.94871 -8.68415 -3.09922 -8.29177 -6.49311 -9.53051 -3.6895 -7.60507 -8.74687 -2.25381 -8.19088
86.655 -5.32558 -9.33865 -8.37717 -8.87512 -9.38714 -3.92621 -8.15023 -7.66639 -7.41777 -5.47655 -8.6596 -8.69976 -4.04028 -7.64624 -6.88821 -8.10727 -5.31412 -7.9047 -8.69957 -4.14515 -8.61581 -7.15153 -7.79457 -5.52258 -7.89727 -8.63473 -4.15085 -8.287 -7.00571 -7.90008 -5.49148 -7.92704 -8.67498 -4.23262 -8.393 -6.98695 -7.64795 -5.65774 -7.94871 -8.68414 -3.09922 -8.29182 -6.49309 -9.53053 -3.68949 -7.60507 -8.74687 -2.25381 -8.19089
86.705 -5.27845 -9.37197 -8.47685 -8.86869 -9.40243 -3.91968 -8.12693 -7.679 -7.41788 -5.47264 -8.68509 -8.7037 -4.03857 -7.62007 -6.88875 -8.10579 -5.31359 -7.90428 -8.69932 -4.14539 -8.61841 -7.15083 -7.79495 -5.52274 -7.89722 -8.63488 -4.15076 -8.28764 -7.00586 -7.90007 -5.49141 -7.92706 -8.67495 -4.23262 -8.39267 -6.98695 -7.64792 -5.65775 -7.9487 -8.68414 -3.09922 -8.29186 -6.49307 -9.53055 -3.68948 -7.60506 -8.74688 -2.2538 -8.1909
86.755 -5.23257 -9.40638 -8.57414 -8.86136 -9.4171 -3.913 -8.10255 -7.69228 -7.41765 -5.46855 -8.70909 -8.70727 -4.03689 -7.59346 -6.88917 -8.10435 -5.31303 -7.90385 -8.69909 -4.14562 -8.6214 -7.15014 -7.79534 -5.52289 -7.89716 -8.63502 -4.15068 -8.28824 -7.00603 -7.90005 -5.49133 -7.92707 -8.67492 -4.23263 -8.39233 -6.98696 -7.64789 -5.65775 -7.94869 -8.68413 -3.09922 -8.29191 -6.49305 -9.53057 -3.68947 -7.60506 -8.74688 -2.2538 -8.19091
86.805 -5.18822 -9.44172 -8.66839 -8.85312 -9.43105 -3.90619 -8.0772 -7.70617 -7.4171 -5.46429 -8.73147 -8.71044 -4.03523 -7.56654 -6.88946 -8.10295 -5.31244 -7.90339 -8.69888 -4.14584 -8.62477 -7.14947 -7.79575 -5.52303 -7.8971 -8.63516 -4.15059 -8.28879 -7.00619 -7.90003 -5.49126 -7.92709 -8.67488 -4.23264 -8.392 -6.98695 -7.64786 -5.65776 -7.94868 -8.68413 -3.09922 -8.29197 -6.49304 -9.53058 -3.68946 -7.60505 -8.74689 -2.25379 -8.19091
86.855 -5.14559 -9.47778 -8.75898 -8.84397 -9.44419 -3.8993 -8.05102 -7.72062 -7.41622 -5.45987 -8.75213 -8.7132 -4.03362 -7.53945 -6.88961 -8.1016 -5.31183 -7.90291 -8.69871 -4.14605 -8.62851 -7.14881 -7.79616 -5.52317 -7.89703 -8.6353 -4.1505 -8.28929 -7.00637 -7.90001 -5.49118 -7.9271 -8.67484 -4.23265 -8.39166 -6.98695 -7.64783 -5.65777 -7.94867 -8.68413 -3.09921 -8.29202 -6.49302 -9.5306 -3.68945 -7.60505 -8.74689 -2.25379 -8.19092
86.905 -5.10487 -9.5144 -8.84535 -8.83393 -9.45644 -3.89237 -8.02413 -7.73554 -7.41501 -5.45531 -8.77104 -8.71553 -4.03206 -7.51233 -6.88964 -8.1003 -5.31121 -7.90242 -8.69857 -4.14625 -8.63262 -7.14817 -7.79658 -5.5233 -7.89696 -8.63543 -4.15042 -8.28975 -7.00654 -7.89997 -5.49111 -7.92711 -8.67481 -4.23266 -8.39132 -6.98694 -7.6478 -5.65778 -7.94866 -8.68413 -3.09921 -8.29209 -6.493 -9.53062 -3.68943 -7.60504 -8.7469 -2.25379 -8.19092
86.955 -5.06617 -9.55137 -8.92702 -8.82303 -9.46777 -3.88542 -7.99667 -7.75088 -7.41347 -5.45062 -8.78818 -8.71745 -4.03055 -7.48531 -6.88953 -8.09906 -5.31057 -7.90191 -8.69846 -4.14643 -8.63707 -7.14754 -7.79701 -5.52342 -7.89688 -8.63556 -4.15033 -8.29016 -7.00672 -7.89993 -5.49103 -7.92712 -8.67477 -4.23267 -8.39099 -6.98693 -7.64777 -5.65779 -7.94865 -8.68413 -3.09921 -8.29215 -6.49299 -9.53064 -3.68942 -7.60504 -8.7469 -2.25378 -8.19093
87.005 -5.02956 -9.58852 -9.00355 -8.81131 -9.47814 -3.87851 -7.96877 -7.76655 -7.41163 -5.44584 -8.8036 -8.71896 -4.02912 -7.45851 -6.88929 -8.09788 -5.30993 -7.90139 -8.69837 -4.14661 -8.64187 -7.14694 -7.79744 -5.52353 -7.8968 -8.63568 -4.15024 -8.29052 -7.00691 -7.89989 -5.49096 -7.92713 -8.67472 -4.23268 -8.39066 -6.98692 -7.64774 -5.6578 -7.94864 -8.68413 -3.0992 -8.29222 -6.49297 -9.53066 -3.6894 -7.60503 -8.7469 -2.25378 -8.19093
87.055 -4.99507 -9.62569 -9.07462 -8.79884 -9.48757 -3.87166 -7.94056 -7.78249 -7.40949 -5.44097 -8.81736 -8.72009 -4.02776 -7.43205 -6.88892 -8.09675 -5.30928 -7.90086 -8.69832 -4.14678 -8.64699 -7.14636 -7.79788 -5.52363 -7.89672 -8.63579 -4.15016 -8.29082 -7.0071 -7.89984 -5.49089 -7.92714 -8.67468 -4.23269 -8.39034 -6.98691 -7.64772 -5.65781 -7.94864 -8.68413 -3.0992 -8.29229 -6.49296 -9.53068 -3.68938 -7.60503 -8.74691 -2.25378 -8.19093
87.105 -4.96271 -9.6627 -9.13995 -8.78568 -9.49605 -3.8649 -7.91218 -7.79862 -7.40705 -5.43604 -8.82953 -8.72084 -4.02649 -7.40604 -6.88842 -8.0957 -5.30863 -7.90032 -8.6983 -4.14693 -8.65241 -7.14581 -7.79832 -5.52372 -7.89663 -8.6359 -4.15007 -8.29107 -7.00729 -7.89978 -5.49082 -7.92714 -8.67464 -4.2327 -8.39002 -6.98689 -7.6477 -5.65782 -7.94863 -8.68413 -3.09919 -8.29236 -6.49294 -9.5307 -3.68937 -7.60502 -8.74691 -2.25377 -8.19093
87.155 -4.93245 -9.69941 -9.19936 -8.77192 -9.50362 -3.85826 -7.88374 -7.81486 -7.40434 -5.43107 -8.84021 -8.72127 -4.0253 -7.38056 -6.8878 -8.09471 -5.30798 -7.89978 -8.69831 -4.14707 -8.65812 -7.14528 -7.79877 -5.5238 -7.89655 -8.63601 -4.14999 -8.29127 -7.00748 -7.89972 -5.49075 -7.92715 -8.6746 -4.23272 -8.3897 -6.98687 -7.64768 -5.65784 -7.94862 -8.68414 -3.09919 -8.29243 -6.49293 -9.53072 -3.68935 -7.60502 -8.74691 -2.25377 -8.19093
87.205 -4.90424 -9.7357 -9.25271 -8.75763 -9.51033 -3.85176 -7.85536 -7.83117 -7.40136 -5.42608 -8.8495 -8.72138 -4.02421 -7.35571 -6.88705 -8.09379 -5.30734 -7.89923 -8.69835 -4.1472 -8.6641 -7.14477 -7.79921 -5.52387 -7.89646 -8.63611 -4.14991 -8.29141 -7.00768 -7.89966 -5.49068 -7.92716 -8.67455 -4.23274 -8.38939 -6.98684 -7.64766 -5.65785 -7.94861 -8.68414 -3.09918 -8.29251 -6.49292 -9.53074 -3.68933 -7.60502 -8.74692 -2.25377 -8.19092
87.255 -4.87802 -9.77144 -9.29996 -8.74291 -9.5162 -3.84542 -7.82713 -7.84747 -7.39813 -5.42109 -8.85751 -8.72122 -4.0232 -7.33156 -6.88618 -8.09294 -5.30672 -7.89868 -8.69842 -4.14732 -8.67032 -7.1443 -7.79966 -5.52394 -7.89636 -8.6362 -4.14983 -8.2915 -7.00787 -7.89958 -5.49062 -7.92716 -8.6745 -4.23275 -8.38909 -6.98682 -7.64764 -5.65787 -7.94861 -8.68414 -3.09917 -8.29259 -6.49291 -9.53076 -3.68931 -7.60501 -8.74692 -2.25376 -8.19092
87.305 -4.85372 -9.80654 -9.3411 -8.72783 -9.5213 -3.83926 -7.79915 -7.8637 -7.39467 -5.41612 -8.86434 -8.72081 -4.02228 -7.30816 -6.8852 -8.09217 -5.3061 -7.89814 -8.69853 -4.14742 -8.67675 -7.14385 -7.80011 -5.52399 -7.89627 -8.63629 -4.14975 -8.29154 -7.00807 -7.89951 -5.49055 -7.92716 -8.67446 -4.23277 -8.3888 -6.98679 -7.64762 -5.65788 -7.9486 -8.68415 -3.09917 -8.29267 -6.4929 -9.53078 -3.68929 -7.60501 -8.74692 -2.25376 -8.19092
87.355 -4.83126 -9.84089 -9.37619 -8.71249 -9.52567 -3.8333 -7.7715 -7.87982 -7.39099 -5.41119 -8.87009 -8.72019 -4.02146 -7.28557 -6.88412 -8.09147 -5.30551 -7.8976 -8.69866 -4.14751 -8.68339 -7.14344 -7.80055 -5.52403 -7.89618 -8.63637 -4.14967 -8.29151 -7.00827 -7.89942 -5.49049 -7.92716 -8.67441 -4.23279 -8.38851 -6.98676 -7.64761 -5.6579 -7.94859 -8.68415 -3.09916 -8.29276 -6.49289 -9.5308 -3.68927 -7.605 -8.74692 -2.25376 -8.19091
87.405 -4.81056 -9.87442 -9.40531 -8.69697 -9.52938 -3.82754 -7.74427 -7.89577 -7.38711 -5.40631 -8.87484 -8.71937 -4.02072 -7.26382 -6.88292 -8.09085 -5.30493 -7.89707 -8.69882 -4.14758 -8.6902 -7.14306 -7.80099 -5.52406 -7.89609 -8.63644 -4.1496 -8.29144 -7.00847 -7.89934 -5.49043 -7.92716 -8.67436 -4.23281 -8.38823 -6.98673 -7.6476 -5.65791 -7.94859 -8.68416 -3.09915 -8.29284 -6.49288 -9.53082 -3.68925 -7.605 -8.74693 -2.25375 -8.1909
87.455 -4.79155 -9.90707 -9.42859 -8.68134 -9.53246 -3.82199 -7.71751 -7.9115 -7.38304 -5.40151 -8.87869 -8.71839 -4.02007 -7.24294 -6.88163 -8.09032 -5.30438 -7.89654 -8.69901 -4.14764 -8.69715 -7.14271 -7.80143 -5.52408 -7.896 -8.6365 -4.14953 -8.29131 -7.00867 -7.89924 -5.49038 -7.92716 -8.67432 -4.23283 -8.38797 -6.98669 -7.64759 -5.65793 -7.94858 -8.68417 -3.09914 -8.29293 -6.49287 -9.53083 -3.68923 -7.60499 -8.74693 -2.25375 -8.19089
87.505 -4.77414 -9.93878 -9.44621 -8.6657 -9.53498 -3.81667 -7.69128 -7.92699 -7.3788 -5.39679 -8.88169 -8.71726 -4.01951 -7.22296 -6.88025 -8.08986 -5.30385 -7.89603 -8.69923 -4.14769 -8.70424 -7.14239 -7.80187 -5.52409 -7.89591 -8.63656 -4.14946 -8.29112 -7.00887 -7.89915 -5.49032 -7.92716 -8.67427 -4.23285 -8.38771 -6.98666 -7.64758 -5.65795 -7.94858 -8.68417 -3.09913 -8.29302 -6.49287 -9.53085 -3.68921 -7.60499 -8.74693 -2.25375 -8.19089
87.555 -4.75828 -9.96951 -9.45833 -8.6501 -9.53698 -3.81156 -7.66563 -7.94219 -7.37441 -5.39218 -8.88392 -8.71601 -4.01903 -7.20389 -6.87878 -8.08948 -5.30334 -7.89553 -8.69947 -4.14772 -8.71142 -7.14211 -7.80229 -5.52408 -7.89582 -8.63661 -4.14939 -8.29088 -7.00906 -7.89905 -5.49027 -7.92716 -8.67422 -4.23287 -8.38747 -6.98662 -7.64757 -5.65796 -7.94857 -8.68418 -3.09912 -8.29311 -6.49286 -9.53087 -3.68919 -7.60499 -8.74693 -2.25375 -8.19087
87.605 -4.7439 -9.99922 -9.46517 -8.63461 -9.5385 -3.80669 -7.6406 -7.95708 -7.36988 -5.38768 -8.88543 -8.71464 -4.01862 -7.18574 -6.87722 -8.08918 -5.30286 -7.89504 -8.69974 -4.14773 -8.71868 -7.14186 -7.80271 -5.52407 -7.89573 -8.63666 -4.14933 -8.29059 -7.00926 -7.89894 -5.49022 -7.92715 -8.67417 -4.23289 -8.38724 -6.98658 -7.64757 -5.65798 -7.94857 -8.68419 -3.09911 -8.29319 -6.49286 -9.53089 -3.68916 -7.60498 -8.74693 -2.25374 -8.19086
87.655 -4.73094 -10.0279 -9.46694 -8.61929 -9.53958 -3.80204 -7.61624 -7.97162 -7.36523 -5.3833 -8.88628 -8.71318 -4.01829 -7.16851 -6.8756 -8.08897 -5.30241 -7.89456 -8.70003 -4.14773 -8.726 -7.14165 -7.80313 -5.52405 -7.89565 -8.63669 -4.14927 -8.29025 -7.00945 -7.89883 -5.49017 -7.92715 -8.67413 -4.23291 -8.38702 -6.98653 -7.64757 -5.658 -7.94856 -8.6842 -3.09909 -8.29329 -6.49286 -9.5309 -3.68914 -7.60498 -8.74693 -2.25374 -8.19085
87.705 -4.71934 -10.0555 -9.46387 -8.60419 -9.54026 -3.79762 -7.59256 -7.9858 -7.36047 -5.37906 -8.8865 -8.71164 -4.01803 -7.15221 -6.8739 -8.08884 -5.30198 -7.8941 -8.70035 -4.14772 -8.73335 -7.14147 -7.80353 -5.52401 -7.89556 -8.63672 -4.14921 -8.28987 -7.00964 -7.89872 -5.49013 -7.92714 -8.67408 -4.23293 -8.38681 -6.98649 -7.64756 -5.65802 -7.94856 -8.68421 -3.09908 -8.29338 -6.49285 -9.53092 -3.68912 -7.60498 -8.74693 -2.25374 -8.19084
87.755 -4.70905 -10.082 -9.45619 -8.58937 -9.54058 -3.79342 -7.5696 -7.99959 -7.35562 -5.37496 -8.88612 -8.71003 -4.01784 -7.13683 -6.87214 -8.08879 -5.30158 -7.89366 -8.70068 -4.14769 -8.74071 -7.14133 -7.80393 -5.52396 -7.89548 -8.63674 -4.14915 -8.28943 -7.00983 -7.89861 -5.49009 -7.92713 -8.67403 -4.23296 -8.38662 -6.98644 -7.64757 -5.65804 -7.94856 -8.68422 -3.09907 -8.29347 -6.49285 -9.53093 -3.6891 -7.60497 -8.74693 -2.25374 -8.19082
87.805 -4.70005 -10.1074 -9.44413 -8.57486 -9.54055 -3.78945 -7.54737 -8.01298 -7.3507 -5.37101 -8.88517 -8.70835 -4.01771 -7.12236 -6.87032 -8.08881 -5.30121 -7.89323 -8.70104 -4.14765 -8.74806 -7.14122 -7.80431 -5.5239 -7.8954 -8.63676 -4.1491 -8.28895 -7.01001 -7.89849 -5.49005 -7.92712 -8.67398 -4.23298 -8.38644 -6.98639 -7.64757 -5.65806 -7.94855 -8.68423 -3.09906 -8.29356 -6.49285 -9.53095 -3.68907 -7.60497 -8.74693 -2.25373 -8.19081
87.855 -4.69228 -10.1317 -9.42793 -8.56069 -9.54021 -3.7857 -7.52589 -8.02595 -7.34571 -5.36721 -8.88368 -8.70662 -4.01764 -7.1088 -6.86845 -8.08892 -5.30086 -7.89283 -8.70142 -4.14759 -8.75539 -7.14115 -7.80468 -5.52384 -7.89532 -8.63677 -4.14905 -8.28842 -7.01019 -7.89837 -5.49002 -7.92711 -8.67394 -4.233 -8.38627 -6.98634 -7.64757 -5.65808 -7.94855 -8.68424 -3.09904 -8.29365 -6.49285 -9.53096 -3.68905 -7.60497 -8.74693 -2.25373 -8.19079
87.905 -4.68572 -10.155 -9.40782 -8.54692 -9.53957 -3.78217 -7.50517 -8.03849 -7.34067 -5.36357 -8.88166 -8.70483 -4.01762 -7.09614 -6.86654 -8.08911 -5.30053 -7.89243 -8.70181 -4.14752 -8.76268 -7.14112 -7.80504 -5.52376 -7.89524 -8.63676 -4.14901 -8.28786 -7.01036 -7.89825 -5.48999 -7.9271 -8.67389 -4.23303 -8.38612 -6.98629 -7.64758 -5.6581 -7.94855 -8.68425 -3.09903 -8.29374 -6.49286 -9.53098 -3.68903 -7.60497 -8.74693 -2.25373 -8.19077
87.955 -4.68035 -10.1771 -9.38403 -8.53355 -9.53866 -3.77886 -7.48523 -8.0506 -7.33559 -5.3601 -8.87912 -8.70298 -4.01766 -7.08436 -6.86459 -8.08937 -5.30022 -7.89206 -8.70222 -4.14744 -8.7699 -7.14112 -7.80538 -5.52367 -7.89517 -8.63676 -4.14897 -8.28725 -7.01053 -7.89812 -5.48996 -7.92709 -8.67385 -4.23305 -8.38599 -6.98624 -7.64759 -5.65812 -7.94855 -8.68426 -3.09901 -8.29383 -6.49286 -9.53099 -3.68901 -7.60496 -8.74693 -2.25373 -8.19076
88.005 -4.67614 -10.1981 -9.35676 -8.52061 -9.53749 -3.77576 -7.46606 -8.06225 -7.33048 -5.35679 -8.87607 -8.70109 -4.01775 -7.07346 -6.8626 -8.08971 -5.29994 -7.8917 -8.70264 -4.14734 -8.77705 -7.14115 -7.80571 -5.52357 -7.8951 -8.63674 -4.14893 -8.2866 -7.0107 -7.898 -5.48994 -7.92708 -8.67381 -4.23308 -8.38587 -6.98618 -7.6476 -5.65814 -7.94855 -8.68427 -3.099 -8.29392 -6.49286 -9.531 -3.68898 -7.60496 -8.74693 -2.25373 -8.19074
88.055 -4.67307 -10.2181 -9.32624 -8.50813 -9.53608 -3.77288 -7.44768 -8.07346 -7.32536 -5.35365 -8.87251 -8.69915 -4.01788 -7.06342 -6.86059 -8.09012 -5.29968 -7.89136 -8.70308 -4.14723 -8.7841 -7.14122 -7.80603 -5.52346 -7.89502 -8.63672 -4.1489 -8.28593 -7.01085 -7.89787 -5.48992 -7.92706 -8.67376 -4.2331 -8.38577 -6.98613 -7.64761 -5.65816 -7.94855 -8.68429 -3.09898 -8.29401 -6.49287 -9.53101 -3.68896 -7.60496 -8.74693 -2.25372 -8.19072
88.105 -4.67115 -10.2369 -9.29266 -8.49611 -9.53443 -3.7702 -7.43008 -8.0842 -7.32024 -5.35068 -8.86844 -8.69717 -4.01806 -7.05424 -6.85855 -8.09061 -5.29944 -7.89104 -8.70353 -4.14711 -8.79105 -7.14133 -7.80633 -5.52334 -7.89496 -8.63669 -4.14887 -8.28521 -7.01101 -7.89774 -5.4899 -7.92705 -8.67372 -4.23313 -8.38568 -6.98607 -7.64763 -5.65818 -7.94855 -8.6843 -3.09897 -8.29409 -6.49287 -9.53102 -3.68894 -7.60496 -8.74692 -2.25372 -8.1907
88.155 -4.67035 -10.2547 -9.25622 -8.48458 -9.53256 -3.76772 -7.41328 -8.09449 -7.31513 -5.34788 -8.86385 -8.69513 -4.01829 -7.0459 -6.85649 -8.09116 -5.29921 -7.89074 -8.70399 -4.14698 -8.79788 -7.14146 -7.80661 -5.52321 -7.89489 -8.63665 -4.14884 -8.28447 -7.01115 -7.89761 -5.48989 -7.92703 -8.67368 -4.23315 -8.38561 -6.98602 -7.64764 -5.6582 -7.94855 -8.68431 -3.09895 -8.29418 -6.49288 -9.53103 -3.68892 -7.60496 -8.74692 -2.25372 -8.19068
88.205 -4.67068 -10.2714 -9.21708 -8.47355 -9.53046 -3.76545 -7.39727 -8.10431 -7.31002 -5.34525 -8.85875 -8.69304 -4.01855 -7.03839 -6.85442 -8.09179 -5.29901 -7.89045 -8.70446 -4.14683 -8.80458 -7.14164 -7.80688 -5.52308 -7.89482 -8.6366 -4.14882 -8.2837 -7.01129 -7.89748 -5.48988 -7.92701 -8.67365 -4.23318 -8.38555 -6.98596 -7.64766 -5.65822 -7.94855 -8.68433 -3.09894 -8.29426 -6.49289 -9.53104 -3.6889 -7.60495 -8.74692 -2.25372 -8.19066
88.255 -4.67214 -10.2871 -9.17542 -8.46301 -9.52814 -3.76337 -7.38205 -8.11366 -7.30495 -5.34279 -8.85312 -8.6909 -4.01885 -7.03171 -6.85233 -8.09248 -5.29882 -7.89018 -8.70494 -4.14667 -8.81113 -7.14184 -7.80713 -5.52293 -7.89476 -8.63655 -4.1488 -8.2829 -7.01142 -7.89735 -5.48988 -7.927 -8.67361 -4.2332 -8.38551 -6.9859 -7.64768 -5.65824 -7.94855 -8.68434 -3.09892 -8.29434 -6.4929 -9.53105 -3.68888 -7.60495 -8.74692 -2.25372 -8.19063
88.305 -4.67473 -10.3017 -9.1314 -8.45299 -9.52561 -3.7615 -7.36763 -8.12255 -7.29991 -5.3405 -8.84695 -8.6887 -4.01919 -7.02584 -6.85025 -8.09323 -5.29864 -7.88992 -8.70542 -4.14651 -8.81754 -7.14207 -7.80736 -5.52278 -7.89469 -8.63649 -4.14879 -8.28208 -7.01155 -7.89722 -5.48987 -7.92698 -8.67357 -4.23323 -8.38549 -6.98584 -7.6477 -5.65826 -7.94855 -8.68436 -3.09891 -8.29442 -6.49291 -9.53106 -3.68886 -7.60495 -8.74691 -2.25372 -8.19061
88.355 -4.67847 -10.3153 -9.08514 -8.44348 -9.52286 -3.75981 -7.354 -8.13096 -7.29491 -5.33837 -8.84023 -8.68645 -4.01956 -7.02079 -6.84816 -8.09405 -5.29848 -7.88968 -8.70591 -4.14633 -8.82378 -7.14234 -7.80757 -5.52262 -7.89463 -8.63643 -4.14878 -8.28124 -7.01167 -7.89709 -5.48988 -7.92696 -8.67354 -4.23325 -8.38548 -6.98579 -7.64773 -5.65828 -7.94855 -8.68437 -3.09889 -8.2945 -6.49292 -9.53106 -3.68884 -7.60495 -8.74691 -2.25372 -8.19059
88.405 -4.68335 -10.3278 -9.0368 -8.43449 -9.51989 -3.75832 -7.34116 -8.13891 -7.28995 -5.33641 -8.83295 -8.68413 -4.01997 -7.01654 -6.84608 -8.09492 -5.29833 -7.88946 -8.7064 -4.14614 -8.82985 -7.14264 -7.80776 -5.52245 -7.89457 -8.63636 -4.14877 -8.28038 -7.01177 -7.89696 -5.48988 -7.92694 -8.67351 -4.23327 -8.38549 -6.98573 -7.64775 -5.6583 -7.94856 -8.68439 -3.09888 -8.29457 -6.49293 -9.53107 -3.68882 -7.60495 -8.74691 -2.25372 -8.19057
88.455 -4.6894 -10.3392 -8.98647 -8.42603 -9.5167 -3.75701 -7.32913 -8.14638 -7.28506 -5.33462 -8.82508 -8.68174 -4.02042 -7.01309 -6.844 -8.09585 -5.29819 -7.88925 -8.7069 -4.14594 -8.83575 -7.14296 -7.80793 -5.52228 -7.89451 -8.63628 -4.14877 -8.2795 -7.01188 -7.89683 -5.48989 -7.92692 -8.67348 -4.2333 -8.38552 -6.98567 -7.64778 -5.65831 -7.94856 -8.6844 -3.09886 -8.29464 -6.49294 -9.53108 -3.6888 -7.60495 -8.7469 -2.25372 -8.19054
88.505 -4.69663 -10.3497 -8.93428 -8.41809 -9.51328 -3.7559 -7.31789 -8.15338 -7.28022 -5.33299 -8.81661 -8.67928 -4.0209 -7.01043 -6.84193 -8.09684 -5.29806 -7.88906 -8.7074 -4.14574 -8.84146 -7.14331 -7.80809 -5.5221 -7.89445 -8.63619 -4.14878 -8.27861 -7.01197 -7.8967 -5.4899 -7.9269 -8.67345 -4.23332 -8.38556 -6.98561 -7.64781 -5.65833 -7.94856 -8.68441 -3.09884 -8.29471 -6.49296 -9.53108 -3.68878 -7.60495 -8.7469 -2.25372 -8.19052
88.555 -4.70507 -10.3591 -8.8803 -8.41068 -9.50962 -3.75497 -7.30744 -8.1599 -7.27546 -5.33152 -8.80752 -8.67674 -4.02141 -7.00858 -6.83988 -8.09787 -5.29795 -7.88888 -8.7079 -4.14553 -8.84698 -7.14369 -7.80822 -5.52191 -7.8944 -8.6361 -4.14878 -8.27771 -7.01205 -7.89657 -5.48992 -7.92688 -8.67342 -4.23334 -8.38561 -6.98555 -7.64783 -5.65835 -7.94857 -8.68443 -3.09883 -8.29478 -6.49297 -9.53108 -3.68876 -7.60495 -8.74689 -2.25372 -8.19049
88.605 -4.71473 -10.3675 -8.82463 -8.4038 -9.50572 -3.75422 -7.29781 -8.16595 -7.27077 -5.33021 -8.79778 -8.67412 -4.02195 -7.00752 -6.83785 -8.09896 -5.29784 -7.88872 -8.7084 -4.14531 -8.8523 -7.1441 -7.80834 -5.52172 -7.89434 -8.63601 -4.14879 -8.27679 -7.01213 -7.89645 -5.48994 -7.92685 -8.6734 -4.23336 -8.38568 -6.9855 -7.64786 -5.65837 -7.94857 -8.68444 -3.09881 -8.29484 -6.49299 -9.53108 -3.68875 -7.60495 -8.74689 -2.25372 -8.19047
88.655 -4.72565 -10.3748 -8.76732 -8.39744 -9.50156 -3.75366 -7.28898 -8.17153 -7.26616 -5.32906 -8.78738 -8.67141 -4.02252 -7.00727 -6.83583 -8.10009 -5.29775 -7.88857 -8.70889 -4.14508 -8.85742 -7.14452 -7.80843 -5.52153 -7.89429 -8.63591 -4.14881 -8.27587 -7.0122 -7.89633 -5.48996 -7.92683 -8.67337 -4.23339 -8.38577 -6.98544 -7.6479 -5.65839 -7.94858 -8.68446 -3.0988 -8.2949 -6.493 -9.53109 -3.68873 -7.60495 -8.74689 -2.25372 -8.19044
88.705 -4.73785 -10.3811 -8.70846 -8.39162 -9.49714 -3.75329 -7.28096 -8.17663 -7.26164 -5.32806 -8.77629 -8.66861 -4.02313 -7.00781 -6.83384 -8.10126 -5.29766 -7.88843 -8.70939 -4.14485 -8.86233 -7.14498 -7.80851 -5.52133 -7.89424 -8.6358 -4.14883 -8.27495 -7.01225 -7.89621 -5.48999 -7.92681 -8.67335 -4.23341 -8.38587 -6.98538 -7.64793 -5.6584 -7.94858 -8.68447 -3.09878 -8.29496 -6.49302 -9.53109 -3.68871 -7.60495 -8.74688 -2.25372 -8.19042
88.755 -4.75136 -10.3864 -8.64807 -8.38633 -9.49244 -3.7531 -7.27376 -8.18124 -7.25721 -5.32722 -8.76449 -8.66571 -4.02378 -7.00917 -6.83187 -8.10247 -5.29759 -7.88831 -8.70989 -4.14461 -8.86702 -7.14545 -7.80856 -5.52113 -7.89419 -8.63569 -4.14885 -8.27402 -7.0123 -7.89609 -5.49002 -7.92679 -8.67333 -4.23343 -8.38599 -6.98533 -7.64796 -5.65842 -7.94859 -8.68449 -3.09877 -8.29501 -6.49303 -9.53108 -3.6887 -7.60495 -8.74688 -2.25372 -8.1904
88.805 -4.76622 -10.3906 -8.5862 -8.38158 -9.48745 -3.7531 -7.26739 -8.18537 -7.25287 -5.32653 -8.75195 -8.66271 -4.02445 -7.01134 -6.82994 -8.10372 -5.29752 -7.8882 -8.71038 -4.14436 -8.8715 -7.14595 -7.80859 -5.52092 -7.89414 -8.63557 -4.14888 -8.27308 -7.01234 -7.89598 -5.49005 -7.92676 -8.67332 -4.23345 -8.38612 -6.98527 -7.648 -5.65843 -7.94859 -8.6845 -3.09875 -8.29506 -6.49305 -9.53108 -3.68869 -7.60496 -8.74687 -2.25372 -8.19037
88.855 -4.78246 -10.3938 -8.52289 -8.37737 -9.48216 -3.75329 -7.26186 -8.18902 -7.24864 -5.32599 -8.73864 -8.65959 -4.02516 -7.01433 -6.82803 -8.10501 -5.29747 -7.88811 -8.71086 -4.14412 -8.87576 -7.14647 -7.80861 -5.52071 -7.89409 -8.63545 -4.14891 -8.27215 -7.01238 -7.89586 -5.49009 -7.92674 -8.6733 -4.23347 -8.38626 -6.98522 -7.64803 -5.65845 -7.9486 -8.68452 -3.09874 -8.2951 -6.49307 -9.53108 -3.68867 -7.60496 -8.74687 -2.25372 -8.19035
88.905 -4.80012 -10.3959 -8.45815 -8.37369 -9.47653 -3.75367 -7.25717 -8.19217 -7.24451 -5.3256 -8.72455 -8.65636 -4.02591 -7.01816 -6.82616 -8.10633 -5.29742 -7.88803 -8.71135 -4.14386 -8.8798 -7.147 -7.8086 -5.5205 -7.89405 -8.63533 -4.14894 -8.27122 -7.0124 -7.89576 -5.49013 -7.92672 -8.67329 -4.23348 -8.38641 -6.98517 -7.64807 -5.65846 -7.94861 -8.68453 -3.09872 -8.29515 -6.49309 -9.53108 -3.68866 -7.60496 -8.74686 -2.25373 -8.19032
88.955 -4.81922 -10.3969 -8.39199 -8.37057 -9.47057 -3.75424 -7.25335 -8.19482 -7.24048 -5.32536 -8.70965 -8.65301 -4.02669 -7.02283 -6.82432 -8.10768 -5.29739 -7.88796 -8.71182 -4.14361 -8.8836 -7.14755 -7.80857 -5.52029 -7.894 -8.6352 -4.14898 -8.27029 -7.01241 -7.89565 -5.49017 -7.92669 -8.67328 -4.2335 -8.38658 -6.98512 -7.64811 -5.65847 -7.94861 -8.68455 -3.09871 -8.29518 -6.49311 -9.53107 -3.68865 -7.60496 -8.74686 -2.25373 -8.1903
89.005 -4.83983 -10.3968 -8.32443 -8.36798 -9.46424 -3.755 -7.2504 -8.19697 -7.23658 -5.32527 -8.69391 -8.64953 -4.02751 -7.02836 -6.82253 -8.10905 -5.29737 -7.8879 -8.71229 -4.14335 -8.88717 -7.14812 -7.80853 -5.52007 -7.89396 -8.63507 -4.14902 -8.26937 -7.01242 -7.89555 -5.49022 -7.92667 -8.67327 -4.23352 -8.38676 -6.98507 -7.64815 -5.65849 -7.94862 -8.68456 -3.0987 -8.29522 -6.49313 -9.53107 -3.68864 -7.60496 -8.74685 -2.25373 -8.19027
89.055 -4.86195 -10.3956 -8.25548 -8.36596 -9.45754 -3.75596 -7.24835 -8.19861 -7.23278 -5.32533 -8.67732 -8.64592 -4.02837 -7.03476 -6.82077 -8.11045 -5.29736 -7.88786 -8.71276 -4.14309 -8.89051 -7.1487 -7.80846 -5.51986 -7.89392 -8.63493 -4.14907 -8.26846 -7.01241 -7.89545 -5.49027 -7.92665 -8.67326 -4.23353 -8.38696 -6.98502 -7.64819 -5.6585 -7.94863 -8.68457 -3.09868 -8.29525 -6.49315 -9.53106 -3.68863 -7.60496 -8.74684 -2.25373 -8.19025
89.105 -4.88565 -10.3932 -8.18512 -8.36449 -9.45044 -3.75713 -7.24721 -8.19973 -7.22911 -5.32553 -8.65986 -8.64217 -4.02927 -7.04204 -6.81905 -8.11186 -5.29737 -7.88783 -8.71321 -4.14283 -8.89361 -7.1493 -7.80838 -5.51964 -7.89389 -8.6348 -4.14912 -8.26755 -7.0124 -7.89536 -5.49032 -7.92663 -8.67326 -4.23355 -8.38716 -6.98497 -7.64823 -5.65851 -7.94863 -8.68459 -3.09867 -8.29527 -6.49317 -9.53105 -3.68862 -7.60497 -8.74684 -2.25373 -8.19023
89.155 -4.91094 -10.3896 -8.11336 -8.36358 -9.44292 -3.7585 -7.247 -8.20032 -7.22557 -5.32588 -8.6415 -8.63828 -4.03021 -7.05022 -6.81738 -8.1133 -5.29739 -7.88782 -8.71366 -4.14256 -8.89646 -7.14991 -7.80827 -5.51943 -7.89386 -8.63466 -4.14917 -8.26666 -7.01238 -7.89527 -5.49037 -7.9266 -8.67326 -4.23356 -8.38738 -6.98493 -7.64827 -5.65852 -7.94864 -8.6846 -3.09866 -8.2953 -6.49319 -9.53105 -3.68861 -7.60497 -8.74683 -2.25373 -8.1902
89.205 -4.93785 -10.3849 -8.04019 -8.36325 -9.43496 -3.76008 -7.24774 -8.20037 -7.22216 -5.32638 -8.62224 -8.63425 -4.03119 -7.05932 -6.81575 -8.11475 -5.29742 -7.88781 -8.7141 -4.1423 -8.89907 -7.15053 -7.80815 -5.51922 -7.89382 -8.63451 -4.14922 -8.26577 -7.01234 -7.89519 -5.49043 -7.92658 -8.67326 -4.23358 -8.3876 -6.98489 -7.64831 -5.65853 -7.94865 -8.68461 -3.09865 -8.29531 -6.49321 -9.53104 -3.68861 -7.60497 -8.74683 -2.25374 -8.19018
89.255 -4.96642 -10.3789 -7.96563 -8.3635 -9.42654 -3.76187 -7.24946 -8.19987 -7.21887 -5.32703 -8.60209 -8.63008 -4.03222 -7.06935 -6.81418 -8.11622 -5.29748 -7.88783 -8.71453 -4.14203 -8.90142 -7.15116 -7.80801 -5.51901 -7.8938 -8.63437 -4.14928 -8.2649 -7.0123 -7.89511 -5.49048 -7.92656 -8.67326 -4.23359 -8.38784 -6.98485 -7.64835 -5.65854 -7.94866 -8.68462 -3.09864 -8.29533 -6.49323 -9.53103 -3.6886 -7.60498 -8.74682 -2.25374 -8.19016
89.305 -4.99665 -10.3717 -7.88967 -8.36433 -9.41765 -3.76389 -7.25219 -8.19881 -7.21573 -5.32782 -8.58103 -8.62576 -4.03329 -7.08033 -6.81265 -8.11769 -5.29755 -7.88785 -8.71496 -4.14177 -8.90353 -7.1518 -7.80785 -5.5188 -7.89377 -8.63423 -4.14934 -8.26404 -7.01226 -7.89504 -5.49055 -7.92654 -8.67327 -4.2336 -8.38808 -6.98481 -7.64839 -5.65854 -7.94867 -8.68464 -3.09863 -8.29534 -6.49325 -9.53102 -3.6886 -7.60498 -8.74682 -2.25374 -8.19014
89.355 -5.02855 -10.3631 -7.81233 -8.36577 -9.40827 -3.76613 -7.25595 -8.19718 -7.21273 -5.32877 -8.55909 -8.6213 -4.03441 -7.09227 -6.81117 -8.11918 -5.29764 -7.88789 -8.71537 -4.14151 -8.90537 -7.15245 -7.80767 -5.51859 -7.89375 -8.63408 -4.1494 -8.2632 -7.0122 -7.89497 -5.49061 -7.92652 -8.67327 -4.23361 -8.38833 -6.98477 -7.64843 -5.65855 -7.94868 -8.68465 -3.09862 -8.29534 -6.49328 -9.53101 -3.6886 -7.60498 -8.74681 -2.25374 -8.19012
89.405 -5.06212 -10.3533 -7.73365 -8.36781 -9.39839 -3.7686 -7.26076 -8.19495 -7.20987 -5.32987 -8.53629 -8.6167 -4.03557 -7.10518 -6.80974 -8.12066 -5.29775 -7.88795 -8.71577 -4.14124 -8.90695 -7.15311 -7.80747 -5.51838 -7.89374 -8.63393 -4.14947 -8.26237 -7.01213 -7.89491 -5.49067 -7.9265 -8.67328 -4.23362 -8.38859 -6.98474 -7.64847 -5.65856 -7.94869 -8.68466 -3.09861 -8.29534 -6.4933 -9.53099 -3.68859 -7.60499 -8.7468 -2.25375 -8.1901
89.455 -5.09734 -10.342 -7.65365 -8.37046 -9.38801 -3.77131 -7.26666 -8.19213 -7.20716 -5.33113 -8.51267 -8.61197 -4.03679 -7.11908 -6.80837 -8.12215 -5.29789 -7.88802 -8.71616 -4.14098 -8.90826 -7.15377 -7.80726 -5.51818 -7.89372 -8.63378 -4.14954 -8.26156 -7.01206 -7.89485 -5.49074 -7.92648 -8.67329 -4.23362 -8.38886 -6.9847 -7.64851 -5.65856 -7.94869 -8.68467 -3.0986 -8.29534 -6.49332 -9.53098 -3.68859 -7.60499 -8.7468 -2.25375 -8.19008
89.505 -5.13417 -10.3294 -7.57242 -8.37374 -9.37711 -3.77426 -7.27367 -8.1887 -7.20461 -5.33254 -8.48829 -8.60712 -4.03805 -7.13398 -6.80706 -8.12364 -5.29805 -7.8881 -8.71654 -4.14072 -8.9093 -7.15443 -7.80703 -5.51798 -7.89371 -8.63364 -4.14961 -8.26077 -7.01198 -7.8948 -5.49081 -7.92646 -8.67331 -4.23363 -8.38914 -6.98467 -7.64855 -5.65857 -7.9487 -8.68468 -3.09859 -8.29533 -6.49334 -9.53097 -3.68859 -7.60499 -8.74679 -2.25375 -8.19006
89.555 -5.17255 -10.3154 -7.49003 -8.37766 -9.36571 -3.77746 -7.28182 -8.18463 -7.20221 -5.33411 -8.46321 -8.60215 -4.03937 -7.14987 -6.8058 -8.12513 -5.29824 -7.88821 -8.71691 -4.14047 -8.91006 -7.15509 -7.80679 -5.51779 -7.89371 -8.63349 -4.14968 -8.26 -7.01189 -7.89475 -5.49088 -7.92644 -8.67332 -4.23364 -8.38942 -6.98465 -7.64859 -5.65857 -7.94871 -8.68469 -3.09858 -8.29532 -6.49336 -9.53095 -3.68859 -7.605 -8.74679 -2.25376 -8.19004
89.605 -5.2124 -10.2999 -7.40661 -8.38222 -9.35382 -3.78091 -7.29112 -8.17993 -7.19998 -5.33583 -8.43753 -8.5971 -4.04073 -7.16677 -6.80461 -8.12661 -5.29846 -7.88832 -8.71727 -4.14022 -8.91054 -7.15576 -7.80653 -5.5176 -7.89371 -8.63334 -4.14976 -8.25925 -7.01179 -7.89471 -5.49095 -7.92642 -8.67334 -4.23364 -8.38971 -6.98462 -7.64863 -5.65857 -7.94872 -8.6847 -3.09857 -8.29531 -6.49339 -9.53094 -3.6886 -7.605 -8.74678 -2.25376 -8.19003
89.655 -5.25361 -10.283 -7.3223 -8.38743 -9.34147 -3.7846 -7.30161 -8.17458 -7.19792 -5.33773 -8.41136 -8.59198 -4.04214 -7.18465 -6.80347 -8.12809 -5.2987 -7.88846 -8.71761 -4.13997 -8.91073 -7.15643 -7.80626 -5.51741 -7.89372 -8.63319 -4.14983 -8.25853 -7.01169 -7.89467 -5.49102 -7.9264 -8.67336 -4.23364 -8.39 -6.9846 -7.64867 -5.65857 -7.94873 -8.6847 -3.09857 -8.29529 -6.49341 -9.53092 -3.6886 -7.60501 -8.74677 -2.25376 -8.19001
89.705 -5.29605 -10.2646 -7.2373 -8.39329 -9.32868 -3.78855 -7.3133 -8.16856 -7.19604 -5.33978 -8.38482 -8.58681 -4.04359 -7.20352 -6.8024 -8.12955 -5.29898 -7.88861 -8.71795 -4.13972 -8.91063 -7.1571 -7.80597 -5.51723 -7.89373 -8.63305 -4.14991 -8.25782 -7.01158 -7.89464 -5.49109 -7.92638 -8.67338 -4.23364 -8.39029 -6.98458 -7.64871 -5.65857 -7.94874 -8.68471 -3.09856 -8.29526 -6.49343 -9.53091 -3.6886 -7.60501 -8.74677 -2.25376 -8.18999
89.755 -5.33956 -10.2447 -7.15183 -8.39981 -9.31551 -3.79275 -7.3262 -8.16188 -7.19433 -5.342 -8.35806 -8.58163 -4.04508 -7.22334 -6.8014 -8.131 -5.29929 -7.88879 -8.71826 -4.13948 -8.91024 -7.15776 -7.80567 -5.51706 -7.89374 -8.6329 -4.14999 -8.25714 -7.01146 -7.89462 -5.49116 -7.92637 -8.6734 -4.23365 -8.3906 -6.98456 -7.64875 -5.65857 -7.94875 -8.68472 -3.09856 -8.29524 -6.49345 -9.53089 -3.68861 -7.60501 -8.74676 -2.25377 -8.18998
89.805 -5.38395 -10.2234 -7.06615 -8.40698 -9.302 -3.7972 -7.34031 -8.15452 -7.1928 -5.3444 -8.33125 -8.57647 -4.04662 -7.24409 -6.80046 -8.13244 -5.29963 -7.88898 -8.71857 -4.13925 -8.90954 -7.15842 -7.80536 -5.51689 -7.89377 -8.63276 -4.15007 -8.25648 -7.01134 -7.8946 -5.49124 -7.92635 -8.67342 -4.23364 -8.3909 -6.98454 -7.64878 -5.65857 -7.94876 -8.68473 -3.09855 -8.2952 -6.49347 -9.53088 -3.68861 -7.60502 -8.74676 -2.25377 -8.18997
89.855 -5.42901 -10.2006 -6.98056 -8.41481 -9.28824 -3.8019 -7.35564 -8.14649 -7.19147 -5.34696 -8.30457 -8.57136 -4.04819 -7.26572 -6.79959 -8.13386 -5.3 -7.88919 -8.71886 -4.13901 -8.90853 -7.15908 -7.80503 -5.51672 -7.89379 -8.63262 -4.15015 -8.25585 -7.01121 -7.89459 -5.49131 -7.92633 -8.67345 -4.23364 -8.39121 -6.98453 -7.64882 -5.65857 -7.94877 -8.68473 -3.09855 -8.29517 -6.49349 -9.53086 -3.68862 -7.60502 -8.74675 -2.25377 -8.18996
89.905 -5.47451 -10.1765 -6.8954 -8.42327 -9.27429 -3.80682 -7.37216 -8.13779 -7.19033 -5.34968 -8.27819 -8.56634 -4.04979 -7.28819 -6.7988 -8.13525 -5.30041 -7.88942 -8.71914 -4.13879 -8.90721 -7.15973 -7.8047 -5.51657 -7.89383 -8.63248 -4.15023 -8.25525 -7.01107 -7.89458 -5.49139 -7.92632 -8.67348 -4.23364 -8.39151 -6.98452 -7.64886 -5.65856 -7.94878 -8.68474 -3.09855 -8.29513 -6.49351 -9.53084 -3.68863 -7.60503 -8.74675 -2.25378 -8.18994
89.955 -5.52021 -10.1509 -6.81104 -8.43236 -9.26025 -3.81198 -7.38985 -8.12843 -7.18939 -5.35258 -8.2523 -8.56147 -4.05142 -7.31144 -6.79808 -8.13663 -5.30084 -7.88967 -8.7194 -4.13857 -8.90558 -7.16038 -7.80435 -5.51642 -7.89386 -8.63234 -4.15031 -8.25467 -7.01093 -7.89458 -5.49146 -7.92631 -8.67351 -4.23364 -8.39183 -6.98451 -7.64889 -5.65856 -7.94879 -8.68474 -3.09855 -8.29509 -6.49353 -9.53082 -3.68864 -7.60503 -8.74674 -2.25378 -8.18993
90.005 -5.56584 -10.1241 -6.72787 -8.44206 -9.24622 -3.81734 -7.40868 -8.11842 -7.18866 -5.35565 -8.22709 -8.55676 -4.05306 -7.33539 -6.79743 -8.13798 -5.30132 -7.88994 -8.71965 -4.13836 -8.90362 -7.16102 -7.80399 -5.51627 -7.89391 -8.63221 -4.1504 -8.25412 -7.01078 -7.89459 -5.49154 -7.92629 -8.67354 -4.23363 -8.39214 -6.98451 -7.64893 -5.65855 -7.9488 -8.68475 -3.09855 -8.29504 -6.49355 -9.5308 -3.68865 -7.60504 -8.74674 -2.25379 -8.18992
90.055 -5.61114 -10.0961 -6.64629 -8.45232 -9.23229 -3.82289 -7.42861 -8.10778 -7.18814 -5.35888 -8.20272 -8.55228 -4.05471 -7.35996 -6.79686 -8.1393 -5.30182 -7.89023 -8.71988 -4.13815 -8.90135 -7.16164 -7.80363 -5.51613 -7.89396 -8.63208 -4.15048 -8.2536 -7.01063 -7.8946 -5.49161 -7.92628 -8.67357 -4.23363 -8.39245 -6.9845 -7.64896 -5.65855 -7.94881 -8.68475 -3.09855 -8.29499 -6.49357 -9.53079 -3.68866 -7.60504 -8.74673 -2.25379 -8.18992
90.105 -5.65586 -10.067 -6.56673 -8.46314 -9.21856 -3.82862 -7.44958 -8.09653 -7.18783 -5.36227 -8.17936 -8.54805 -4.05636 -7.38506 -6.79638 -8.14059 -5.30235 -7.89054 -8.72009 -4.13795 -8.89876 -7.16226 -7.80325 -5.516 -7.89402 -8.63195 -4.15056 -8.25311 -7.01047 -7.89461 -5.49169 -7.92627 -8.6736 -4.23362 -8.39276 -6.9845 -7.64899 -5.65854 -7.94882 -8.68475 -3.09855 -8.29494 -6.49359 -9.53077 -3.68867 -7.60505 -8.74673 -2.25379 -8.18991
90.155 -5.69975 -10.0368 -6.48958 -8.47445 -9.20512 -3.8345 -7.47153 -8.08471 -7.18774 -5.36582 -8.15714 -8.54411 -4.058 -7.41059 -6.79598 -8.14185 -5.30292 -7.89087 -8.72029 -4.13776 -8.89585 -7.16287 -7.80287 -5.51588 -7.89408 -8.63183 -4.15065 -8.25265 -7.01031 -7.89464 -5.49176 -7.92626 -8.67364 -4.23361 -8.39307 -6.98451 -7.64902 -5.65853 -7.94882 -8.68475 -3.09855 -8.29489 -6.4936 -9.53075 -3.68869 -7.60505 -8.74672 -2.2538 -8.1899
90.205 -5.7426 -10.0057 -6.41523 -8.48622 -9.19208 -3.84051 -7.49437 -8.07235 -7.18787 -5.36952 -8.13618 -8.54049 -4.05963 -7.43646 -6.79566 -8.14307 -5.3035 -7.89123 -8.72047 -4.13757 -8.89262 -7.16346 -7.80248 -5.51576 -7.89415 -8.63171 -4.15073 -8.25222 -7.01015 -7.89466 -5.49184 -7.92625 -8.67368 -4.2336 -8.39338 -6.98451 -7.64905 -5.65852 -7.94883 -8.68475 -3.09855 -8.29483 -6.49362 -9.53073 -3.6887 -7.60506 -8.74672 -2.2538 -8.1899
90.255 -5.78421 -9.97386 -6.34405 -8.4984 -9.17951 -3.84662 -7.51803 -8.05949 -7.18823 -5.37336 -8.11655 -8.53722 -4.06123 -7.46255 -6.79543 -8.14426 -5.30411 -7.8916 -8.72063 -4.13739 -8.88908 -7.16404 -7.80208 -5.51566 -7.89422 -8.63159 -4.15081 -8.25182 -7.00998 -7.8947 -5.49191 -7.92624 -8.67371 -4.23359 -8.39369 -6.98452 -7.64908 -5.65851 -7.94884 -8.68475 -3.09855 -8.29477 -6.49364 -9.53071 -3.68871 -7.60506 -8.74671 -2.2538 -8.18989
90.305 -5.82439 -9.94134 -6.27637 -8.51092 -9.16748 -3.85281 -7.54241 -8.04618 -7.18882 -5.37733 -8.09831 -8.5343 -4.0628 -7.48875 -6.79528 -8.14541 -5.30475 -7.89199 -8.72077 -4.13722 -8.88522 -7.16461 -7.80168 -5.51556 -7.89429 -8.63148 -4.1509 -8.25146 -7.0098 -7.89474 -5.49198 -7.92623 -8.67375 -4.23358 -8.39399 -6.98453 -7.6491 -5.6585 -7.94885 -8.68475 -3.09855 -8.2947 -6.49365 -9.53069 -3.68873 -7.60506 -8.74671 -2.25381 -8.18989
90.355 -5.86301 -9.90829 -6.21248 -8.52373 -9.15605 -3.85904 -7.56742 -8.03245 -7.18965 -5.38142 -8.08149 -8.53176 -4.06432 -7.51495 -6.79523 -8.14651 -5.30539 -7.8924 -8.7209 -4.13706 -8.88107 -7.16516 -7.80127 -5.51546 -7.89438 -8.63137 -4.15098 -8.25113 -7.00963 -7.89478 -5.49205 -7.92623 -8.67379 -4.23357 -8.39429 -6.98455 -7.64913 -5.65849 -7.94886 -8.68475 -3.09856 -8.29464 -6.49367 -9.53067 -3.68875 -7.60507 -8.74671 -2.25381 -8.18989
90.405 -5.89995 -9.87484 -6.15264 -8.53677 -9.14526 -3.8653 -7.59297 -8.01837 -7.1907 -5.38562 -8.06611 -8.52958 -4.0658 -7.54105 -6.79527 -8.14757 -5.30606 -7.89282 -8.721 -4.13691 -8.87662 -7.1657 -7.80086 -5.51538 -7.89446 -8.63127 -4.15106 -8.25084 -7.00945 -7.89484 -5.49212 -7.92622 -8.67383 -4.23356 -8.39459 -6.98456 -7.64915 -5.65848 -7.94886 -8.68475 -3.09856 -8.29457 -6.49368 -9.53065 -3.68876 -7.60507 -8.7467 -2.25381 -8.18989
90.455 -5.93513 -9.84112 -6.09702 -8.54996 -9.13514 -3.87156 -7.61895 -8.00398 -7.19199 -5.38992 -8.05215 -8.52779 -4.06721 -7.56694 -6.79541 -8.14858 -5.30673 -7.89326 -8.72108 -4.13677 -8.87188 -7.16621 -7.80045 -5.5153 -7.89455 -8.63117 -4.15114 -8.25058 -7.00927 -7.89489 -5.49219 -7.92622 -8.67387 -4.23354 -8.39489 -6.98458 -7.64917 -5.65847 -7.94887 -8.68475 -3.09857 -8.2945 -6.49369 -9.53063 -3.68878 -7.60508 -8.7467 -2.25382 -8.18989
90.505 -5.96849 -9.80724 -6.0458 -8.56326 -9.12571 -3.87779 -7.64527 -7.98933 -7.19351 -5.39431 -8.03956 -8.52636 -4.06856 -7.59253 -6.79564 -8.14954 -5.30741 -7.89372 -8.72114 -4.13664 -8.86687 -7.16671 -7.80003 -5.51524 -7.89464 -8.63108 -4.15121 -8.25036 -7.00909 -7.89495 -5.49225 -7.92621 -8.67392 -4.23353 -8.39518 -6.9846 -7.64919 -5.65845 -7.94888 -8.68475 -3.09857 -8.29442 -6.4937 -9.53061 -3.6888 -7.60508 -8.7467 -2.25382 -8.18989
90.555 -6 -9.77332 -5.99907 -8.5766 -9.11697 -3.88397 -7.67183 -7.97448 -7.19527 -5.39876 -8.02832 -8.52529 -4.06984 -7.61772 -6.79596 -8.15045 -5.30809 -7.89418 -8.72117 -4.13651 -8.86161 -7.16718 -7.79961 -5.51518 -7.89474 -8.63099 -4.15129 -8.25018 -7.0089 -7.89502 -5.49232 -7.92621 -8.67396 -4.23351 -8.39546 -6.98462 -7.64921 -5.65844 -7.94889 -8.68474 -3.09858 -8.29435 -6.49372 -9.53059 -3.68882 -7.60509 -8.74669 -2.25382 -8.1899
90.605 -6.02965 -9.73948 -5.95689 -8.58992 -9.10893 -3.89009 -7.69853 -7.95947 -7.19726 -5.40327 -8.01836 -8.52456 -4.07104 -7.64242 -6.79638 -8.1513 -5.30877 -7.89466 -8.72119 -4.1364 -8.85609 -7.16764 -7.79919 -5.51513 -7.89483 -8.6309 -4.15137 -8.25004 -7.00871 -7.89509 -5.49238 -7.92621 -8.674 -4.2335 -8.39574 -6.98465 -7.64923 -5.65842 -7.94889 -8.68474 -3.09859 -8.29427 -6.49373 -9.53057 -3.68884 -7.60509 -8.74669 -2.25383 -8.1899
90.655 -6.05745 -9.70582 -5.91928 -8.60317 -9.10156 -3.89611 -7.7253 -7.94436 -7.19947 -5.40782 -8.00963 -8.52416 -4.07217 -7.66656 -6.7969 -8.1521 -5.30944 -7.89515 -8.72118 -4.1363 -8.85035 -7.16807 -7.79878 -5.51509 -7.89493 -8.63082 -4.15144 -8.24993 -7.00853 -7.89517 -5.49244 -7.9262 -8.67405 -4.23348 -8.39601 -6.98468 -7.64925 -5.65841 -7.9489 -8.68474 -3.0986 -8.29419 -6.49374 -9.53055 -3.68886 -7.6051 -8.74669 -2.25383 -8.18991
90.705 -6.0834 -9.67243 -5.88622 -8.6163 -9.09486 -3.90203 -7.75203 -7.9292 -7.20191 -5.4124 -8.00205 -8.52407 -4.07321 -7.69008 -6.79752 -8.15284 -5.3101 -7.89565 -8.72114 -4.13621 -8.84439 -7.16848 -7.79836 -5.51505 -7.89503 -8.63075 -4.15151 -8.24987 -7.00834 -7.89525 -5.4925 -7.9262 -8.67409 -4.23346 -8.39627 -6.98471 -7.64926 -5.65839 -7.9489 -8.68473 -3.09861 -8.29411 -6.49375 -9.53054 -3.68888 -7.6051 -8.74669 -2.25383 -8.18991
90.755 -6.10754 -9.63941 -5.85767 -8.62925 -9.0888 -3.90783 -7.77867 -7.91402 -7.20457 -5.41698 -7.99555 -8.52427 -4.07417 -7.7129 -6.79823 -8.15352 -5.31075 -7.89615 -8.72109 -4.13613 -8.83823 -7.16887 -7.79794 -5.51503 -7.89513 -8.63068 -4.15158 -8.24985 -7.00815 -7.89533 -5.49255 -7.9262 -8.67414 -4.23344 -8.39653 -6.98474 -7.64927 -5.65838 -7.94891 -8.68472 -3.09862 -8.29403 -6.49375 -9.53052 -3.6889 -7.6051 -8.74668 -2.25384 -8.18992
90.805 -6.12992 -9.60682 -5.83353 -8.642 -9.08336 -3.91349 -7.80513 -7.89888 -7.20745 -5.42157 -7.99009 -8.52474 -4.07505 -7.73498 -6.79903 -8.15413 -5.31139 -7.89665 -8.72101 -4.13606 -8.8319 -7.16922 -7.79753 -5.51501 -7.89523 -8.63062 -4.15165 -8.24986 -7.00797 -7.89542 -5.49261 -7.92621 -8.67418 -4.23342 -8.39678 -6.98477 -7.64928 -5.65836 -7.94892 -8.68472 -3.09863 -8.29395 -6.49376 -9.5305 -3.68892 -7.60511 -8.74668 -2.25384 -8.18993
90.855 -6.15056 -9.57475 -5.81371 -8.65451 -9.0785 -3.91901 -7.83134 -7.8838 -7.21054 -5.42613 -7.98558 -8.52545 -4.07584 -7.75627 -6.79993 -8.15469 -5.31201 -7.89716 -8.7209 -4.136 -8.8254 -7.16956 -7.79712 -5.51501 -7.89532 -8.63056 -4.15172 -8.24992 -7.00778 -7.89551 -5.49266 -7.92621 -8.67423 -4.2334 -8.39702 -6.98481 -7.64929 -5.65834 -7.94892 -8.68471 -3.09864 -8.29386 -6.49377 -9.53048 -3.68894 -7.60511 -8.74668 -2.25384 -8.18994
90.905 -6.16952 -9.54326 -5.7981 -8.66674 -9.0742 -3.92438 -7.85724 -7.86884 -7.21383 -5.43067 -7.98197 -8.5264 -4.07654 -7.77673 -6.80093 -8.15517 -5.31261 -7.89767 -8.72077 -4.13596 -8.81876 -7.16986 -7.79672 -5.51501 -7.89542 -8.63051 -4.15178 -8.25002 -7.00759 -7.89561 -5.49271 -7.92621 -8.67427 -4.23338 -8.39725 -6.98485 -7.64929 -5.65833 -7.94893 -8.6847 -3.09865 -8.29378 -6.49377 -9.53046 -3.68896 -7.60512 -8.74668 -2.25384 -8.18995
90.955 -6.18685 -9.5124 -5.78656 -8.67867 -9.07043 -3.92958 -7.88279 -7.85402 -7.21733 -5.43516 -7.97921 -8.52756 -4.07716 -7.79633 -6.80201 -8.15559 -5.31318 -7.89818 -8.72061 -4.13592 -8.812 -7.17014 -7.79632 -5.51502 -7.89552 -8.63046 -4.15184 -8.25016 -7.00741 -7.89571 -5.49276 -7.92622 -8.67432 -4.23336 -8.39747 -6.98489 -7.6493 -5.65831 -7.94893 -8.68469 -3.09866 -8.29369 -6.49377 -9.53045 -3.68898 -7.60512 -8.74668 -2.25385 -8.18996
91.005 -6.20258 -9.48222 -5.77894 -8.69029 -9.06717 -3.93461 -7.90792 -7.83937 -7.22101 -5.43959 -7.97724 -8.52891 -4.0777 -7.81505 -6.80319 -8.15594 -5.31374 -7.89869 -8.72043 -4.1359 -8.80513 -7.17039 -7.79592 -5.51504 -7.89561 -8.63042 -4.1519 -8.25035 -7.00723 -7.89581 -5.4928 -7.92622 -8.67436 -4.23334 -8.39768 -6.98493 -7.6493 -5.65829 -7.94893 -8.68469 -3.09867 -8.2936 -6.49378 -9.53043 -3.68901 -7.60512 -8.74668 -2.25385 -8.18997
91.055 -6.21677 -9.45278 -5.77511 -8.70158 -9.06439 -3.93947 -7.9326 -7.82494 -7.22488 -5.44395 -7.97601 -8.53044 -4.07815 -7.83286 -6.80445 -8.15622 -5.31426 -7.89919 -8.72023 -4.13589 -8.79818 -7.17061 -7.79554 -5.51507 -7.89571 -8.63039 -4.15195 -8.25057 -7.00705 -7.89592 -5.49284 -7.92623 -8.67441 -4.23332 -8.39788 -6.98497 -7.6493 -5.65827 -7.94894 -8.68468 -3.09868 -8.29352 -6.49378 -9.53042 -3.68903 -7.60513 -8.74668 -2.25385 -8.18998
91.105 -6.22946 -9.42411 -5.7749 -8.71252 -9.06206 -3.94415 -7.95677 -7.81073 -7.22892 -5.44824 -7.9755 -8.53213 -4.07852 -7.84976 -6.8058 -8.15643 -5.31476 -7.89969 -8.72 -4.13589 -8.79115 -7.1708 -7.79516 -5.51511 -7.8958 -8.63036 -4.15201 -8.25084 -7.00687 -7.89603 -5.49288 -7.92623 -8.67445 -4.23329 -8.39807 -6.98502 -7.6493 -5.65825 -7.94894 -8.68467 -3.0987 -8.29343 -6.49378 -9.5304 -3.68905 -7.60513 -8.74668 -2.25385 -8.19
91.155 -6.24068 -9.39625 -5.77817 -8.7231 -9.06017 -3.94865 -7.98041 -7.79678 -7.23313 -5.45244 -7.97565 -8.53397 -4.07882 -7.86572 -6.80724 -8.15656 -5.31523 -7.90018 -8.71975 -4.13591 -8.78408 -7.17096 -7.79479 -5.51516 -7.89589 -8.63034 -4.15205 -8.25115 -7.00669 -7.89615 -5.49291 -7.92624 -8.67449 -4.23327 -8.39825 -6.98507 -7.6493 -5.65823 -7.94894 -8.68466 -3.09871 -8.29334 -6.49378 -9.53039 -3.68907 -7.60513 -8.74668 -2.25386 -8.19001
91.205 -6.25048 -9.36923 -5.78476 -8.73333 -9.05869 -3.95296 -8.00347 -7.78312 -7.23749 -5.45654 -7.97645 -8.53595 -4.07903 -7.88075 -6.80875 -8.15663 -5.31568 -7.90066 -8.71947 -4.13594 -8.77697 -7.17109 -7.79443 -5.51521 -7.89598 -8.63032 -4.1521 -8.2515 -7.00652 -7.89626 -5.49294 -7.92625 -8.67454 -4.23325 -8.39842 -6.98511 -7.64929 -5.65821 -7.94894 -8.68464 -3.09872 -8.29326 -6.49378 -9.53037 -3.68909 -7.60513 -8.74668 -2.25386 -8.19003
91.255 -6.25889 -9.34308 -5.79453 -8.74321 -9.05761 -3.95709 -8.02594 -7.76975 -7.24201 -5.46053 -7.97786 -8.53805 -4.07918 -7.89484 -6.81034 -8.15662 -5.31609 -7.90113 -8.71917 -4.13598 -8.76985 -7.17119 -7.79408 -5.51528 -7.89606 -8.63031 -4.15215 -8.2519 -7.00635 -7.89638 -5.49297 -7.92626 -8.67458 -4.23323 -8.39857 -6.98516 -7.64928 -5.65819 -7.94895 -8.68463 -3.09874 -8.29317 -6.49378 -9.53036 -3.68912 -7.60514 -8.74668 -2.25386 -8.19005
91.305 -6.26594 -9.31782 -5.80735 -8.75272 -9.05691 -3.96102 -8.04777 -7.75671 -7.24666 -5.4644 -7.97986 -8.54027 -4.07925 -7.90799 -6.812 -8.15654 -5.31648 -7.90159 -8.71885 -4.13603 -8.76273 -7.17125 -7.79374 -5.51535 -7.89614 -8.63031 -4.15219 -8.25233 -7.00619 -7.8965 -5.493 -7.92627 -8.67462 -4.2332 -8.39871 -6.98521 -7.64928 -5.65817 -7.94895 -8.68462 -3.09875 -8.29309 -6.49377 -9.53035 -3.68914 -7.60514 -8.74668 -2.25386 -8.19006
91.355 -6.27166 -9.29348 -5.82306 -8.76187 -9.05659 -3.96477 -8.06896 -7.744 -7.25144 -5.46816 -7.98243 -8.54259 -4.07925 -7.9202 -6.81374 -8.15638 -5.31684 -7.90204 -8.71851 -4.13609 -8.75563 -7.17129 -7.79341 -5.51544 -7.89622 -8.63031 -4.15222 -8.2528 -7.00603 -7.89662 -5.49302 -7.92628 -8.67467 -4.23318 -8.39884 -6.98527 -7.64926 -5.65815 -7.94895 -8.68461 -3.09877 -8.293 -6.49377 -9.53033 -3.68916 -7.60514 -8.74668 -2.25386 -8.19008
91.405 -6.27607 -9.27007 -5.84155 -8.77067 -9.05662 -3.96832 -8.08947 -7.73165 -7.25634 -5.47178 -7.98556 -8.54501 -4.07919 -7.93147 -6.81554 -8.15616 -5.31717 -7.90248 -8.71815 -4.13617 -8.74857 -7.17129 -7.79309 -5.51553 -7.8963 -8.63032 -4.15226 -8.25332 -7.00587 -7.89674 -5.49304 -7.92629 -8.67471 -4.23315 -8.39896 -6.98532 -7.64925 -5.65813 -7.94895 -8.6846 -3.09878 -8.29292 -6.49377 -9.53032 -3.68918 -7.60514 -8.74669 -2.25387 -8.1901
91.455 -6.27918 -9.24763 -5.86271 -8.77913 -9.057 -3.97168 -8.10928 -7.71967 -7.26135 -5.47527 -7.98924 -8.54752 -4.07906 -7.94181 -6.8174 -8.15585 -5.31747 -7.90291 -8.71776 -4.13626 -8.74155 -7.17126 -7.79279 -5.51563 -7.89637 -8.63034 -4.15229 -8.25387 -7.00572 -7.89687 -5.49305 -7.9263 -8.67475 -4.23313 -8.39906 -6.98537 -7.64924 -5.65812 -7.94895 -8.68459 -3.0988 -8.29283 -6.49376 -9.53031 -3.6892 -7.60515 -8.74669 -2.25387 -8.19012
91.505 -6.28102 -9.22615 -5.88641 -8.78724 -9.05773 -3.97484 -8.12838 -7.70807 -7.26645 -5.47862 -7.99347 -8.55011 -4.07887 -7.95123 -6.81932 -8.15548 -5.31775 -7.90332 -8.71736 -4.13636 -8.73459 -7.17119 -7.7925 -5.51573 -7.89645 -8.63036 -4.15231 -8.25446 -7.00558 -7.89699 -5.49307 -7.92632 -8.67478 -4.23311 -8.39915 -6.98543 -7.64922 -5.6581 -7.94895 -8.68457 -3.09881 -8.29275 -6.49375 -9.5303 -3.68923 -7.60515 -8.74669 -2.25387 -8.19014
91.555 -6.28159 -9.20567 -5.91257 -8.79501 -9.05879 -3.9778 -8.14675 -7.69687 -7.27165 -5.48182 -7.99824 -8.55278 -4.07862 -7.95973 -6.8213 -8.15503 -5.318 -7.90372 -8.71694 -4.13648 -8.72772 -7.17109 -7.79222 -5.51585 -7.89651 -8.63039 -4.15234 -8.25508 -7.00544 -7.89712 -5.49308 -7.92633 -8.67482 -4.23308 -8.39922 -6.98548 -7.6492 -5.65808 -7.94895 -8.68456 -3.09883 -8.29267 -6.49374 -9.53029 -3.68925 -7.60515 -8.74669 -2.25387 -8.19016
91.605 -6.2809 -9.1862 -5.94109 -8.80246 -9.06019 -3.98057 -8.16437 -7.68608 -7.27691 -5.48487 -8.00354 -8.55552 -4.07832 -7.96732 -6.82332 -8.15451 -5.31822 -7.9041 -8.7165 -4.1366 -8.72093 -7.17096 -7.79196 -5.51597 -7.89658 -8.63043 -4.15236 -8.25574 -7.00531 -7.89725 -5.49308 -7.92635 -8.67486 -4.23306 -8.39928 -6.98554 -7.64919 -5.65806 -7.94895 -8.68455 -3.09884 -8.29259 -6.49374 -9.53028 -3.68927 -7.60515 -8.74669 -2.25387 -8.19018
91.655 -6.27896 -9.16775 -5.9719 -8.80959 -9.06193 -3.98314 -8.18123 -7.67571 -7.28225 -5.48777 -8.0094 -8.55834 -4.07796 -7.974 -6.82539 -8.15392 -5.31842 -7.90446 -8.71605 -4.13674 -8.71425 -7.1708 -7.79172 -5.5161 -7.89664 -8.63047 -4.15237 -8.25643 -7.00518 -7.89737 -5.49308 -7.92636 -8.67489 -4.23303 -8.39933 -6.98559 -7.64916 -5.65804 -7.94894 -8.68453 -3.09886 -8.29252 -6.49373 -9.53028 -3.68929 -7.60515 -8.7467 -2.25387 -8.19021
91.705 -6.27577 -9.15034 -6.00492 -8.8164 -9.064 -3.98551 -8.19731 -7.66578 -7.28763 -5.4905 -8.0158 -8.56122 -4.07755 -7.97978 -6.82751 -8.15326 -5.3186 -7.90481 -8.71558 -4.13689 -8.70768 -7.17061 -7.79149 -5.51624 -7.89671 -8.63052 -4.15238 -8.25716 -7.00506 -7.8975 -5.49308 -7.92638 -8.67493 -4.23301 -8.39936 -6.98565 -7.64914 -5.65802 -7.94894 -8.68452 -3.09887 -8.29244 -6.49372 -9.53027 -3.68931 -7.60515 -8.7467 -2.25387 -8.19023
91.755 -6.27131 -9.13399 -6.04011 -8.82291 -9.0664 -3.98767 -8.2126 -7.65628 -7.29306 -5.49308 -8.02277 -8.56417 -4.07709 -7.98467 -6.82966 -8.15253 -5.31875 -7.90515 -8.7151 -4.13705 -8.70124 -7.17038 -7.79128 -5.51639 -7.89676 -8.63057 -4.15239 -8.25792 -7.00494 -7.89763 -5.49308 -7.9264 -8.67496 -4.23299 -8.39938 -6.98571 -7.64912 -5.658 -7.94894 -8.6845 -3.09889 -8.29237 -6.4937 -9.53027 -3.68933 -7.60515 -8.7467 -2.25387 -8.19025
91.805 -6.26559 -9.11871 -6.07742 -8.82913 -9.06915 -3.98964 -8.22708 -7.64724 -7.29852 -5.49549 -8.03031 -8.56718 -4.07658 -7.98868 -6.83184 -8.15174 -5.31889 -7.90546 -8.71461 -4.13722 -8.69494 -7.17012 -7.79109 -5.51654 -7.89682 -8.63063 -4.1524 -8.25871 -7.00484 -7.89775 -5.49307 -7.92641 -8.67499 -4.23297 -8.39938 -6.98576 -7.64909 -5.65798 -7.94894 -8.68449 -3.0989 -8.2923 -6.49369 -9.53026 -3.68935 -7.60515 -8.74671 -2.25387 -8.19027
91.855 -6.25858 -9.10452 -6.11682 -8.83506 -9.07225 -3.99139 -8.24073 -7.63867 -7.30399 -5.49773 -8.03844 -8.57026 -4.07603 -7.9918 -6.83405 -8.15088 -5.319 -7.90576 -8.7141 -4.1374 -8.68878 -7.16984 -7.79091 -5.5167 -7.89688 -8.6307 -4.1524 -8.25952 -7.00474 -7.89788 -5.49306 -7.92643 -8.67502 -4.23294 -8.39936 -6.98582 -7.64907 -5.65796 -7.94893 -8.68447 -3.09892 -8.29223 -6.49368 -9.53026 -3.68936 -7.60515 -8.74671 -2.25387 -8.1903
91.905 -6.25028 -9.09145 -6.15827 -8.8407 -9.0757 -3.99294 -8.25355 -7.63057 -7.30948 -5.4998 -8.04718 -8.5734 -4.07543 -7.99405 -6.83628 -8.14996 -5.3191 -7.90604 -8.71359 -4.13759 -8.68279 -7.16952 -7.79075 -5.51686 -7.89693 -8.63078 -4.1524 -8.26036 -7.00465 -7.898 -5.49305 -7.92645 -8.67505 -4.23292 -8.39933 -6.98588 -7.64904 -5.65795 -7.94893 -8.68446 -3.09894 -8.29217 -6.49367 -9.53025 -3.68938 -7.60515 -8.74672 -2.25387 -8.19032
91.955 -6.24066 -9.0795 -6.20178 -8.84608 -9.07951 -3.99428 -8.26551 -7.62295 -7.31496 -5.5017 -8.05656 -8.5766 -4.07479 -7.99542 -6.83853 -8.14897 -5.31917 -7.9063 -8.71306 -4.13779 -8.67696 -7.16917 -7.79061 -5.51703 -7.89698 -8.63086 -4.15239 -8.26123 -7.00456 -7.89813 -5.49303 -7.92647 -8.67507 -4.2329 -8.39929 -6.98593 -7.64901 -5.65793 -7.94893 -8.68445 -3.09895 -8.2921 -6.49365 -9.53025 -3.6894 -7.60515 -8.74672 -2.25387 -8.19034
92.005 -6.22969 -9.0687 -6.24734 -8.85118 -9.0837 -3.99541 -8.2766 -7.61583 -7.32043 -5.50343 -8.06659 -8.57988 -4.07411 -7.99592 -6.84079 -8.14792 -5.31923 -7.90654 -8.71253 -4.138 -8.67131 -7.16879 -7.79049 -5.51721 -7.89702 -8.63094 -4.15238 -8.26212 -7.00449 -7.89825 -5.49301 -7.92649 -8.6751 -4.23288 -8.39923 -6.98599 -7.64898 -5.65791 -7.94892 -8.68443 -3.09897 -8.29204 -6.49364 -9.53025 -3.68941 -7.60515 -8.74672 -2.25387 -8.19037
92.055 -6.21735 -9.05908 -6.29496 -8.85603 -9.08828 -3.99632 -8.2868 -7.60922 -7.32587 -5.50498 -8.07732 -8.58322 -4.07338 -7.99554 -6.84307 -8.14682 -5.31927 -7.90676 -8.71198 -4.13822 -8.66585 -7.16838 -7.79039 -5.51739 -7.89707 -8.63104 -4.15237 -8.26303 -7.00442 -7.89837 -5.49298 -7.92651 -8.67512 -4.23286 -8.39916 -6.98604 -7.64894 -5.6579 -7.94892 -8.68442 -3.09898 -8.29199 -6.49362 -9.53025 -3.68943 -7.60515 -8.74673 -2.25387 -8.19039
92.105 -6.20361 -9.05066 -6.34466 -8.86062 -9.09326 -3.99701 -8.2961 -7.60313 -7.33127 -5.50635 -8.08876 -8.58664 -4.07262 -7.99429 -6.84534 -8.14566 -5.3193 -7.90696 -8.71144 -4.13844 -8.66059 -7.16795 -7.79031 -5.51758 -7.89711 -8.63114 -4.15235 -8.26396 -7.00436 -7.89849 -5.49296 -7.92653 -8.67514 -4.23284 -8.39907 -6.9861 -7.64891 -5.65788 -7.94891 -8.6844 -3.099 -8.29193 -6.4936 -9.53025 -3.68944 -7.60515 -8.74673 -2.25387 -8.19042
92.155 -6.18841 -9.04346 -6.39647 -8.86496 -9.09866 -3.99748 -8.30447 -7.59757 -7.33661 -5.50753 -8.10095 -8.59013 -4.07182 -7.99216 -6.84761 -8.14445 -5.31931 -7.90714 -8.71089 -4.13868 -8.65552 -7.16749 -7.79025 -5.51777 -7.89715 -8.63124 -4.15232 -8.2649 -7.00431 -7.8986 -5.49292 -7.92655 -8.67516 -4.23282 -8.39897 -6.98615 -7.64888 -5.65787 -7.94891 -8.68439 -3.09901 -8.29188 -6.49359 -9.53025 -3.68946 -7.60515 -8.74674 -2.25387 -8.19044
92.205 -6.17173 -9.03752 -6.45045 -8.86906 -9.1045 -3.99772 -8.31189 -7.59255 -7.3419 -5.50854 -8.11394 -8.59371 -4.07098 -7.98915 -6.84988 -8.14318 -5.31931 -7.9073 -8.71033 -4.13892 -8.65067 -7.167 -7.79021 -5.51796 -7.89719 -8.63135 -4.1523 -8.26586 -7.00427 -7.89871 -5.49289 -7.92657 -8.67518 -4.2328 -8.39885 -6.98621 -7.64884 -5.65785 -7.9489 -8.68437 -3.09902 -8.29183 -6.49357 -9.53026 -3.68947 -7.60515 -8.74674 -2.25387 -8.19046
92.255 -6.15351 -9.03287 -6.50663 -8.87291 -9.11079 -3.99772 -8.31833 -7.58809 -7.34711 -5.50937 -8.12776 -8.59737 -4.0701 -7.98525 -6.85213 -8.14187 -5.31929 -7.90745 -8.70978 -4.13917 -8.64604 -7.16649 -7.79018 -5.51816 -7.89723 -8.63146 -4.15227 -8.26684 -7.00423 -7.89882 -5.49285 -7.92659 -8.67519 -4.23278 -8.39872 -6.98626 -7.64881 -5.65784 -7.94889 -8.68436 -3.09904 -8.29179 -6.49355 -9.53026 -3.68948 -7.60514 -8.74675 -2.25386 -8.19049
92.305 -6.13371 -9.02955 -6.56509 -8.87652 -9.11756 -3.99749 -8.32378 -7.5842 -7.35223 -5.51 -8.14245 -8.60112 -4.06919 -7.98045 -6.85437 -8.14051 -5.31926 -7.90757 -8.70922 -4.13942 -8.64163 -7.16596 -7.79018 -5.51836 -7.89727 -8.63158 -4.15224 -8.26782 -7.00421 -7.89893 -5.49282 -7.92662 -8.67521 -4.23276 -8.39857 -6.98631 -7.64877 -5.65783 -7.94889 -8.68435 -3.09905 -8.29175 -6.49353 -9.53026 -3.68949 -7.60514 -8.74675 -2.25386 -8.19051
92.355 -6.11227 -9.02758 -6.62589 -8.87989 -9.12483 -3.99701 -8.32821 -7.58089 -7.35726 -5.51045 -8.15805 -8.60496 -4.06823 -7.97473 -6.85658 -8.13911 -5.31921 -7.90767 -8.70867 -4.13968 -8.63746 -7.1654 -7.7902 -5.51857 -7.8973 -8.63171 -4.1522 -8.26881 -7.00419 -7.89903 -5.49277 -7.92664 -8.67522 -4.23274 -8.39841 -6.98636 -7.64873 -5.65781 -7.94888 -8.68433 -3.09907 -8.29171 -6.49351 -9.53027 -3.6895 -7.60514 -8.74676 -2.25386 -8.19053
92.405 -6.08914 -9.02702 -6.68912 -8.88301 -9.13262 -3.99628 -8.33159 -7.57819 -7.36217 -5.51072 -8.17462 -8.60891 -4.06724 -7.96809 -6.85877 -8.13767 -5.31915 -7.90775 -8.70811 -4.13995 -8.63354 -7.16482 -7.79024 -5.51878 -7.89733 -8.63184 -4.15216 -8.26981 -7.00418 -7.89913 -5.49273 -7.92666 -8.67523 -4.23273 -8.39824 -6.98641 -7.64869 -5.6578 -7.94887 -8.68432 -3.09908 -8.29168 -6.49349 -9.53027 -3.68951 -7.60514 -8.74676 -2.25386 -8.19056
92.455 -6.06426 -9.0279 -6.75484 -8.8859 -9.14096 -3.9953 -8.33388 -7.57611 -7.36696 -5.51079 -8.19218 -8.61297 -4.06621 -7.9605 -6.86092 -8.1362 -5.31908 -7.9078 -8.70756 -4.14022 -8.62986 -7.16422 -7.7903 -5.51898 -7.89736 -8.63197 -4.15212 -8.27082 -7.00419 -7.89922 -5.49268 -7.92668 -8.67523 -4.23271 -8.39806 -6.98645 -7.64865 -5.65779 -7.94887 -8.68431 -3.09909 -8.29165 -6.49347 -9.53028 -3.68952 -7.60514 -8.74677 -2.25386 -8.19058
92.505 -6.03758 -9.03028 -6.82315 -8.88853 -9.14988 -3.99405 -8.33505 -7.57466 -7.37161 -5.51066 -8.21079 -8.61714 -4.06513 -7.95196 -6.86304 -8.13469 -5.31899 -7.90784 -8.70702 -4.14049 -8.62644 -7.1636 -7.79038 -5.5192 -7.89739 -8.63211 -4.15207 -8.27182 -7.0042 -7.89931 -5.49263 -7.9267 -8.67524 -4.2327 -8.39786 -6.9865 -7.64862 -5.65778 -7.94886 -8.68429 -3.0991 -8.29162 -6.49345 -9.53029 -3.68953 -7.60513 -8.74678 -2.25386 -8.1906
92.555 -6.00904 -9.03419 -6.89413 -8.89091 -9.15939 -3.99253 -8.33507 -7.57387 -7.37612 -5.51034 -8.23048 -8.62143 -4.06402 -7.94244 -6.86511 -8.13315 -5.31888 -7.90785 -8.70647 -4.14077 -8.62329 -7.16296 -7.79048 -5.51941 -7.89741 -8.63225 -4.15202 -8.27283 -7.00422 -7.8994 -5.49258 -7.92673 -8.67524 -4.23269 -8.39765 -6.98654 -7.64858 -5.65777 -7.94885 -8.68428 -3.09911 -8.2916 -6.49343 -9.5303 -3.68953 -7.60513 -8.74678 -2.25385 -8.19063
92.605 -5.9786 -9.03969 -6.96787 -8.89302 -9.16952 -3.99073 -8.3339 -7.57375 -7.38046 -5.50983 -8.25128 -8.62584 -4.06287 -7.93193 -6.86713 -8.13158 -5.31876 -7.90784 -8.70594 -4.14105 -8.6204 -7.16231 -7.79059 -5.51962 -7.89743 -8.63239 -4.15196 -8.27383 -7.00425 -7.89948 -5.49252 -7.92675 -8.67524 -4.23267 -8.39743 -6.98658 -7.64854 -5.65776 -7.94884 -8.68427 -3.09913 -8.29159 -6.49341 -9.53031 -3.68954 -7.60513 -8.74679 -2.25385 -8.19065
92.655 -5.94623 -9.04684 -7.04443 -8.89486 -9.18029 -3.98864 -8.3315 -7.57434 -7.38463 -5.50911 -8.27321 -8.63037 -4.06167 -7.92039 -6.8691 -8.12999 -5.31862 -7.90781 -8.70541 -4.14133 -8.61781 -7.16164 -7.79073 -5.51983 -7.89745 -8.63254 -4.15191 -8.27483 -7.00429 -7.89956 -5.49246 -7.92677 -8.67524 -4.23266 -8.39719 -6.98662 -7.6485 -5.65776 -7.94883 -8.68426 -3.09914 -8.29157 -6.49339 -9.53032 -3.68954 -7.60512 -8.74679 -2.25385 -8.19067
92.705 -5.9119 -9.05567 -7.12387 -8.89641 -9.19171 -3.98625 -8.32784 -7.57564 -7.38861 -5.50819 -8.29628 -8.63504 -4.06043 -7.90781 -6.87102 -8.12838 -5.31847 -7.90775 -8.7049 -4.14161 -8.6155 -7.16096 -7.79089 -5.52005 -7.89746 -8.63269 -4.15185 -8.27582 -7.00433 -7.89963 -5.4924 -7.92679 -8.67523 -4.23265 -8.39695 -6.98666 -7.64845 -5.65775 -7.94883 -8.68424 -3.09915 -8.29156 -6.49336 -9.53033 -3.68955 -7.60512 -8.7468 -2.25385 -8.19069
92.755 -5.8756 -9.06625 -7.20623 -8.89765 -9.2038 -3.98356 -8.32286 -7.57768 -7.39239 -5.50707 -8.32048 -8.63982 -4.05914 -7.89418 -6.87287 -8.12676 -5.31829 -7.90767 -8.70439 -4.14189 -8.61348 -7.16027 -7.79107 -5.52026 -7.89747 -8.63284 -4.15178 -8.2768 -7.00439 -7.8997 -5.49234 -7.92681 -8.67523 -4.23264 -8.39669 -6.9867 -7.64841 -5.65774 -7.94882 -8.68423 -3.09916 -8.29156 -6.49334 -9.53034 -3.68955 -7.60512 -8.74681 -2.25384 -8.19071
92.805 -5.83736 -9.07862 -7.29152 -8.89855 -9.21654 -3.98056 -8.31654 -7.58048 -7.39596 -5.50573 -8.34578 -8.64473 -4.0578 -7.87946 -6.87465 -8.12512 -5.31809 -7.90757 -8.7039 -4.14218 -8.61178 -7.15956 -7.79127 -5.52047 -7.89748 -8.633 -4.15172 -8.27777 -7.00445 -7.89976 -5.49228 -7.92684 -8.67522 -4.23264 -8.39643 -6.98673 -7.64837 -5.65774 -7.94881 -8.68422 -3.09916 -8.29156 -6.49332 -9.53035 -3.68955 -7.60511 -8.74681 -2.25384 -8.19073
92.855 -5.79722 -9.09281 -7.37969 -8.8991 -9.22994 -3.97724 -8.30884 -7.58406 -7.3993 -5.50419 -8.37212 -8.64974 -4.05642 -7.86366 -6.87635 -8.12347 -5.31787 -7.90744 -8.70342 -4.14246 -8.61039 -7.15885 -7.79148 -5.52068 -7.89749 -8.63315 -4.15165 -8.27872 -7.00453 -7.89982 -5.49221 -7.92686 -8.67521 -4.23263 -8.39615 -6.98676 -7.64833 -5.65773 -7.9488 -8.68421 -3.09917 -8.29156 -6.4933 -9.53036 -3.68955 -7.60511 -8.74682 -2.25384 -8.19075
92.905 -5.75525 -9.10888 -7.47068 -8.89926 -9.24396 -3.97359 -8.29971 -7.58845 -7.40241 -5.50243 -8.39942 -8.65484 -4.05499 -7.84675 -6.87797 -8.12182 -5.31763 -7.90728 -8.70295 -4.14275 -8.60932 -7.15813 -7.79171 -5.52088 -7.89749 -8.63331 -4.15158 -8.27966 -7.00461 -7.89987 -5.49214 -7.92688 -8.67519 -4.23262 -8.39587 -6.98679 -7.64829 -5.65773 -7.94879 -8.6842 -3.09918 -8.29157 -6.49328 -9.53038 -3.68955 -7.60511 -8.74682 -2.25384 -8.19077
92.955 -5.71159 -9.12684 -7.56434 -8.89898 -9.25857 -3.96962 -8.28914 -7.59366 -7.40527 -5.50046 -8.42754 -8.66002 -4.05352 -7.82874 -6.87951 -8.12017 -5.31736 -7.9071 -8.7025 -4.14303 -8.60859 -7.1574 -7.79197 -5.52109 -7.89748 -8.63347 -4.15151 -8.28058 -7.0047 -7.89992 -5.49208 -7.9269 -8.67518 -4.23262 -8.39558 -6.98682 -7.64825 -5.65773 -7.94878 -8.68419 -3.09919 -8.29158 -6.49326 -9.53039 -3.68955 -7.6051 -8.74683 -2.25383 -8.19078
93.005 -5.66639 -9.1467 -7.66046 -8.89824 -9.27372 -3.96532 -8.27709 -7.5997 -7.40786 -5.49827 -8.45635 -8.66524 -4.052 -7.80962 -6.88096 -8.11852 -5.31706 -7.9069 -8.70206 -4.14331 -8.60819 -7.15667 -7.79223 -5.52129 -7.89748 -8.63363 -4.15143 -8.28147 -7.0048 -7.89996 -5.49201 -7.92692 -8.67516 -4.23261 -8.39528 -6.98685 -7.64821 -5.65773 -7.94877 -8.68418 -3.09919 -8.29159 -6.49324 -9.53041 -3.68954 -7.6051 -8.74683 -2.25383 -8.1908
93.055 -5.61986 -9.16847 -7.75878 -8.89698 -9.28931 -3.96069 -8.26355 -7.60658 -7.41018 -5.49586 -8.48564 -8.67047 -4.05043 -7.78943 -6.88232 -8.11687 -5.31674 -7.90666 -8.70165 -4.14358 -8.60815 -7.15594 -7.79252 -5.52148 -7.89746 -8.63379 -4.15135 -8.28235 -7.0049 -7.89999 -5.49193 -7.92694 -8.67514 -4.23261 -8.39497 -6.98687 -7.64817 -5.65773 -7.94876 -8.68418 -3.0992 -8.29161 -6.49321 -9.53042 -3.68954 -7.60509 -8.74684 -2.25383 -8.19081
93.105 -5.57225 -9.19211 -7.85894 -8.89515 -9.30527 -3.95575 -8.24853 -7.61432 -7.41221 -5.49323 -8.51519 -8.67567 -4.04883 -7.76818 -6.88357 -8.11524 -5.31639 -7.90641 -8.70125 -4.14385 -8.60846 -7.1552 -7.79282 -5.52168 -7.89744 -8.63395 -4.15127 -8.28319 -7.00502 -7.90002 -5.49186 -7.92696 -8.67512 -4.23261 -8.39466 -6.98689 -7.64814 -5.65773 -7.94875 -8.68417 -3.0992 -8.29164 -6.49319 -9.53044 -3.68954 -7.60509 -8.74685 -2.25382 -8.19083
93.155 -5.52385 -9.21759 -7.9605 -8.8927 -9.32147 -3.95049 -8.23202 -7.62291 -7.41394 -5.49038 -8.54475 -8.68079 -4.04719 -7.74592 -6.88472 -8.11362 -5.316 -7.90612 -8.70087 -4.14412 -8.60914 -7.15447 -7.79313 -5.52186 -7.89742 -8.63411 -4.15119 -8.28401 -7.00514 -7.90005 -5.49179 -7.92698 -8.6751 -4.23261 -8.39434 -6.98691 -7.6481 -5.65773 -7.94874 -8.68416 -3.09921 -8.29166 -6.49317 -9.53046 -3.68953 -7.60509 -8.74685 -2.25382 -8.19084
93.205 -5.47499 -9.24484 -8.06295 -8.88957 -9.33779 -3.94493 -8.21406 -7.63234 -7.41537 -5.48731 -8.57405 -8.68578 -4.04551 -7.72271 -6.88575 -8.11202 -5.31559 -7.90581 -8.70052 -4.14438 -8.6102 -7.15374 -7.79347 -5.52205 -7.89739 -8.63426 -4.15111 -8.2848 -7.00527 -7.90006 -5.49171 -7.92699 -8.67507 -4.23261 -8.39402 -6.98692 -7.64806 -5.65773 -7.94873 -8.68416 -3.09921 -8.29169 -6.49315 -9.53047 -3.68952 -7.60508 -8.74686 -2.25382 -8.19086
93.255 -5.42601 -9.27378 -8.16572 -8.8857 -9.35408 -3.9391 -8.19468 -7.6426 -7.41649 -5.48403 -8.60281 -8.69059 -4.04382 -7.69862 -6.88667 -8.11044 -5.31514 -7.90547 -8.70019 -4.14464 -8.61162 -7.15301 -7.79381 -5.52223 -7.89736 -8.63442 -4.15103 -8.28555 -7.0054 -7.90007 -5.49164 -7.92701 -8.67505 -4.23261 -8.39369 -6.98693 -7.64802 -5.65773 -7.94872 -8.68415 -3.09921 -8.29173 -6.49313 -9.53049 -3.68951 -7.60508 -8.74686 -2.25381 -8.19087
93.305 -5.37728 -9.30428 -8.26819 -8.88105 -9.3702 -3.93301 -8.17394 -7.65366 -7.41728 -5.48053 -8.63076 -8.69516 -4.04212 -7.67374 -6.88748 -8.1089 -5.31467 -7.90511 -8.69988 -4.14489 -8.61343 -7.15229 -7.79417 -5.5224 -7.89732 -8.63457 -4.15094 -8.28627 -7.00555 -7.90008 -5.49156 -7.92703 -8.67502 -4.23261 -8.39336 -6.98694 -7.64799 -5.65774 -7.94872 -8.68415 -3.09922 -8.29177 -6.49311 -9.53051 -3.68951 -7.60507 -8.74687 -2.25381 -8.19088
93.355 -5.32913 -9.33623 -8.36968 -8.87556 -9.38599 -3.92669 -8.15192 -7.66548 -7.41774 -5.47683 -8.65765 -8.69946 -4.0404 -7.64817 -6.88816 -8.10738 -5.31416 -7.90473 -8.69959 -4.14514 -8.61563 -7.15158 -7.79454 -5.52256 -7.89727 -8.63472 -4.15086 -8.28695 -7.0057 -7.90008 -5.49149 -7.92704 -8.67499 -4.23262 -8.39303 -6.98695 -7.64795 -5.65774 -7.94871 -8.68414 -3.09922 -8.29181 -6.49309 -9.53053 -3.6895 -7.60507 -8.74687 -2.25381 -8.19089
93.405 -5.28192 -9.36945 -8.46951 -8.8692 -9.40131 -3.92017 -8.1287 -7.67804 -7.41788 -5.47294 -8.68324 -8.70342 -4.0387 -7.62203 -6.88872 -8.10589 -5.31363 -7.90431 -8.69933 -4.14537 -8.61821 -7.15088 -7.79492 -5.52272 -7.89722 -8.63487 -4.15077 -8.28759 -7.00585 -7.90007 -5.49141 -7.92706 -8.67495 -4.23262 -8.39269 -6.98695 -7.64792 -5.65775 -7.9487 -8.68414 -3.09922 -8.29186 -6.49307 -9.53055 -3.68948 -7.60506 -8.74688 -2.2538 -8.1909
93.455 -5.23594 -9.40379 -8.567 -8.86194 -9.41603 -3.9135 -8.1044 -7.69127 -7.41768 -5.46886 -8.70736 -8.70701 -4.03701 -7.59545 -6.88914 -8.10445 -5.31307 -7.90388 -8.6991 -4.1456 -8.62117 -7.15019 -7.79531 -5.52288 -7.89716 -8.63501 -4.15068 -8.28819 -7.00601 -7.90005 -5.49134 -7.92707 -8.67492 -4.23263 -8.39236 -6.98696 -7.64789 -5.65775 -7.94869 -8.68413 -3.09922 -8.29191 -6.49306 -9.53056 -3.68947 -7.60506 -8.74688 -2.2538 -8.19091
93.505 -5.19146 -9.43906 -8.6615 -8.85377 -9.43004 -3.9067 -8.07912 -7.70512 -7.41715 -5.46461 -8.72986 -8.71022 -4.03536 -7.56855 -6.88944 -8.10305 -5.31248 -7.90343 -8.6989 -4.14582 -8.62451 -7.14952 -7.79572 -5.52302 -7.8971 -8.63515 -4.1506 -8.28875 -7.00618 -7.90003 -5.49126 -7.92709 -8.67488 -4.23264 -8.39202 -6.98695 -7.64786 -5.65776 -7.94868 -8.68413 -3.09922 -8.29196 -6.49304 -9.53058 -3.68946 -7.60505 -8.74689 -2.25379 -8.19091
93.555 -5.1487 -9.47508 -8.75238 -8.84469 -9.44324 -3.89982 -8.05299 -7.71953 -7.41629 -5.4602 -8.75066 -8.713 -4.03374 -7.54147 -6.88961 -8.1017 -5.31188 -7.90295 -8.69872 -4.14603 -8.62822 -7.14885 -7.79613 -5.52316 -7.89704 -8.63529 -4.15051 -8.28926 -7.00635 -7.90001 -5.49119 -7.9271 -8.67485 -4.23265 -8.39168 -6.98695 -7.64783 -5.65777 -7.94867 -8.68413 -3.09921 -8.29202 -6.49302 -9.5306 -3.68945 -7.60505 -8.74689 -2.25379 -8.19092
93.605 -5.10783 -9.51166 -8.83908 -8.83471 -9.45556 -3.89288 -8.02615 -7.73442 -7.41511 -5.45565 -8.76969 -8.71537 -4.03217 -7.51435 -6.88964 -8.1004 -5.31126 -7.90246 -8.69858 -4.14623 -8.6323 -7.14821 -7.79655 -5.52329 -7.89696 -8.63542 -4.15042 -8.28972 -7.00653 -7.89998 -5.49111 -7.92711 -8.67481 -4.23265 -8.39135 -6.98694 -7.6478 -5.65778 -7.94866 -8.68413 -3.09921 -8.29208 -6.493 -9.53062 -3.68943 -7.60504 -8.7469 -2.25379 -8.19092
93.655 -5.06897 -9.54861 -8.92111 -8.82387 -9.46696 -3.88594 -7.99873 -7.74973 -7.4136 -5.45097 -8.78697 -8.71732 -4.03066 -7.48731 -6.88954 -8.09915 -5.31062 -7.90195 -8.69846 -4.14642 -8.63673 -7.14759 -7.79698 -5.52341 -7.89689 -8.63555 -4.15034 -8.29013 -7.00671 -7.89994 -5.49104 -7.92712 -8.67477 -4.23267 -8.39102 -6.98693 -7.64777 -5.65779 -7.94865 -8.68413 -3.09921 -8.29214 -6.49299 -9.53064 -3.68942 -7.60504 -8.7469 -2.25378 -8.19092
93.705 -5.03221 -9.58576 -8.99804 -8.81221 -9.4774 -3.87902 -7.97085 -7.76538 -7.41178 -5.4462 -8.80251 -8.71886 -4.02923 -7.46049 -6.88931 -8.09796 -5.30998 -7.90143 -8.69838 -4.1466 -8.6415 -7.14698 -7.79741 -5.52352 -7.89681 -8.63567 -4.15025 -8.29049 -7.00689 -7.89989 -5.49097 -7.92713 -8.67473 -4.23268 -8.39069 -6.98692 -7.64775 -5.6578 -7.94864 -8.68413 -3.09921 -8.29221 -6.49297 -9.53066 -3.6894 -7.60503 -8.7469 -2.25378 -8.19093
93.755 -4.99756 -9.62292 -9.06953 -8.79979 -9.4869 -3.87216 -7.94267 -7.78129 -7.40966 -5.44134 -8.81639 -8.72001 -4.02786 -7.43401 -6.88895 -8.09683 -5.30933 -7.9009 -8.69832 -4.14677 -8.6466 -7.1464 -7.79785 -5.52362 -7.89673 -8.63578 -4.15016 -8.2908 -7.00708 -7.89984 -5.49089 -7.92714 -8.67469 -4.23269 -8.39036 -6.98691 -7.64772 -5.65781 -7.94864 -8.68413 -3.0992 -8.29228 -6.49296 -9.53068 -3.68938 -7.60503 -8.74691 -2.25378 -8.19093
93.805 -4.96505 -9.65995 -9.13529 -8.78668 -9.49545 -3.8654 -7.9143 -7.79741 -7.40724 -5.43641 -8.82867 -8.7208 -4.02658 -7.40795 -6.88846 -8.09577 -5.30868 -7.90036 -8.6983 -4.14692 -8.652 -7.14585 -7.79829 -5.52371 -7.89664 -8.6359 -4.15008 -8.29106 -7.00727 -7.89979 -5.49082 -7.92714 -8.67464 -4.2327 -8.39004 -6.98689 -7.6477 -5.65782 -7.94863 -8.68413 -3.0992 -8.29235 -6.49295 -9.5307 -3.68937 -7.60502 -8.74691 -2.25377 -8.19093
93.855 -4.93463 -9.6967 -9.19514 -8.77296 -9.50309 -3.85874 -7.88586 -7.81365 -7.40455 -5.43144 -8.83946 -8.72125 -4.02539 -7.38244 -6.88785 -8.09478 -5.30803 -7.89982 -8.69831 -4.14706 -8.65769 -7.14532 -7.79873 -5.5238 -7.89655 -8.636 -4.15 -8.29126 -7.00747 -7.89973 -5.49075 -7.92715 -8.6746 -4.23272 -8.38972 -6.98687 -7.64768 -5.65784 -7.94862 -8.68414 -3.09919 -8.29243 -6.49293 -9.53072 -3.68935 -7.60502 -8.74691 -2.25377 -8.19093
93.905 -4.90627 -9.73302 -9.24895 -8.75871 -9.50986 -3.85223 -7.85746 -7.82996 -7.40159 -5.42645 -8.84886 -8.72138 -4.02428 -7.35754 -6.88711 -8.09385 -5.30739 -7.89927 -8.69835 -4.14719 -8.66364 -7.14481 -7.79918 -5.52387 -7.89646 -8.6361 -4.14992 -8.29141 -7.00766 -7.89966 -5.49069 -7.92716 -8.67455 -4.23273 -8.38942 -6.98685 -7.64766 -5.65785 -7.94861 -8.68414 -3.09918 -8.29251 -6.49292 -9.53074 -3.68933 -7.60502 -8.74692 -2.25377 -8.19092
93.955 -4.87991 -9.76881 -9.29665 -8.74401 -9.51579 -3.84588 -7.82922 -7.84626 -7.39838 -5.42146 -8.85696 -8.72124 -4.02327 -7.33333 -6.88625 -8.093 -5.30676 -7.89872 -8.69842 -4.14731 -8.66985 -7.14433 -7.79963 -5.52393 -7.89637 -8.63619 -4.14984 -8.2915 -7.00786 -7.89959 -5.49062 -7.92716 -8.67451 -4.23275 -8.38911 -6.98682 -7.64764 -5.65786 -7.94861 -8.68414 -3.09918 -8.29259 -6.49291 -9.53076 -3.68931 -7.60501 -8.74692 -2.25376 -8.19092
94.005 -4.85546 -9.80395 -9.33825 -8.72896 -9.52094 -3.83971 -7.80122 -7.8625 -7.39494 -5.41649 -8.86387 -8.72085 -4.02235 -7.30987 -6.88528 -8.09222 -5.30615 -7.89818 -8.69852 -4.14741 -8.67627 -7.14389 -7.80007 -5.52398 -7.89628 -8.63628 -4.14976 -8.29154 -7.00806 -7.89951 -5.49056 -7.92716 -8.67446 -4.23277 -8.38882 -6.98679 -7.64763 -5.65788 -7.9486 -8.68415 -3.09917 -8.29267 -6.4929 -9.53078 -3.68929 -7.60501 -8.74692 -2.25376 -8.19092
94.055 -4.83287 -9.83836 -9.37378 -8.71364 -9.52537 -3.83374 -7.77355 -7.87862 -7.39127 -5.41155 -8.8697 -8.72024 -4.02152 -7.28722 -6.8842 -8.09152 -5.30555 -7.89764 -8.69865 -4.1475 -8.68289 -7.14347 -7.80052 -5.52403 -7.89619 -8.63636 -4.14968 -8.29152 -7.00826 -7.89943 -5.4905 -7.92716 -8.67441 -4.23279 -8.38853 -6.98676 -7.64761 -5.6579 -7.94859 -8.68415 -3.09916 -8.29275 -6.49289 -9.5308 -3.68927 -7.605 -8.74692 -2.25376 -8.19091
94.105 -4.81204 -9.87195 -9.40334 -8.69813 -9.52912 -3.82796 -7.74628 -7.89459 -7.3874 -5.40667 -8.87452 -8.71944 -4.02077 -7.2654 -6.88302 -8.0909 -5.30497 -7.89711 -8.69881 -4.14758 -8.68969 -7.14308 -7.80096 -5.52406 -7.8961 -8.63643 -4.14961 -8.29145 -7.00845 -7.89934 -5.49044 -7.92716 -8.67437 -4.23281 -8.38825 -6.98673 -7.6476 -5.65791 -7.94859 -8.68416 -3.09915 -8.29284 -6.49288 -9.53081 -3.68925 -7.605 -8.74693 -2.25375 -8.1909
94.155 -4.7929 -9.90467 -9.42706 -8.68251 -9.53226 -3.8224 -7.71948 -7.91034 -7.38335 -5.40186 -8.87843 -8.71847 -4.02012 -7.24446 -6.88173 -8.09035 -5.30442 -7.89658 -8.69899 -4.14764 -8.69663 -7.14273 -7.8014 -5.52408 -7.89601 -8.6365 -4.14953 -8.29132 -7.00865 -7.89925 -5.49038 -7.92716 -8.67432 -4.23282 -8.38799 -6.9867 -7.64759 -5.65793 -7.94858 -8.68416 -3.09914 -8.29292 -6.49288 -9.53083 -3.68923 -7.60499 -8.74693 -2.25375 -8.1909
94.205 -4.77538 -9.93645 -9.44509 -8.66686 -9.53481 -3.81706 -7.69321 -7.92585 -7.37912 -5.39714 -8.88149 -8.71735 -4.01955 -7.22441 -6.88035 -8.08989 -5.30389 -7.89607 -8.69921 -4.14768 -8.70371 -7.14241 -7.80183 -5.52409 -7.89592 -8.63656 -4.14946 -8.29114 -7.00885 -7.89916 -5.49033 -7.92716 -8.67427 -4.23285 -8.38773 -6.98666 -7.64758 -5.65795 -7.94858 -8.68417 -3.09913 -8.29301 -6.49287 -9.53085 -3.68921 -7.60499 -8.74693 -2.25375 -8.19089
94.255 -4.75941 -9.96726 -9.45761 -8.65125 -9.53685 -3.81194 -7.66751 -7.94107 -7.37474 -5.39252 -8.88378 -8.7161 -4.01906 -7.20528 -6.87889 -8.08951 -5.30338 -7.89556 -8.69945 -4.14771 -8.71088 -7.14213 -7.80226 -5.52408 -7.89583 -8.63661 -4.1494 -8.2909 -7.00905 -7.89906 -5.49027 -7.92716 -8.67422 -4.23287 -8.38749 -6.98662 -7.64757 -5.65796 -7.94857 -8.68418 -3.09912 -8.2931 -6.49286 -9.53087 -3.68919 -7.60499 -8.74693 -2.25375 -8.19088
94.305 -4.74492 -9.99704 -9.46484 -8.63575 -9.5384 -3.80704 -7.64244 -7.95598 -7.37022 -5.38801 -8.88534 -8.71475 -4.01865 -7.18706 -6.87734 -8.0892 -5.3029 -7.89507 -8.69972 -4.14773 -8.71814 -7.14188 -7.80268 -5.52407 -7.89574 -8.63665 -4.14933 -8.29062 -7.00924 -7.89895 -5.49022 -7.92715 -8.67418 -4.23289 -8.38725 -6.98658 -7.64757 -5.65798 -7.94857 -8.68419 -3.09911 -8.29319 -6.49286 -9.53088 -3.68917 -7.60498 -8.74693 -2.25374 -8.19086
94.355 -4.73185 -10.0258 -9.46698 -8.62042 -9.53952 -3.80238 -7.61803 -7.97055 -7.36558 -5.38362 -8.88624 -8.7133 -4.01831 -7.16976 -6.87572 -8.08898 -5.30244 -7.8946 -8.70001 -4.14773 -8.72545 -7.14166 -7.8031 -5.52405 -7.89565 -8.63669 -4.14927 -8.29028 -7.00944 -7.89884 -5.49018 -7.92715 -8.67413 -4.23291 -8.38703 -6.98654 -7.64757 -5.658 -7.94856 -8.6842 -3.0991 -8.29328 -6.49286 -9.5309 -3.68914 -7.60498 -8.74693 -2.25374 -8.19085
94.405 -4.72015 -10.0535 -9.46426 -8.60531 -9.54023 -3.79794 -7.5943 -7.98476 -7.36083 -5.37937 -8.8865 -8.71176 -4.01805 -7.15339 -6.87403 -8.08884 -5.30201 -7.89414 -8.70032 -4.14772 -8.7328 -7.14148 -7.8035 -5.52401 -7.89557 -8.63672 -4.14921 -8.2899 -7.00963 -7.89873 -5.49013 -7.92714 -8.67408 -4.23293 -8.38682 -6.98649 -7.64756 -5.65802 -7.94856 -8.68421 -3.09908 -8.29337 -6.49285 -9.53092 -3.68912 -7.60498 -8.74693 -2.25374 -8.19084
94.455 -4.70978 -10.0801 -9.45691 -8.59046 -9.54056 -3.79372 -7.57128 -7.99858 -7.35599 -5.37526 -8.88617 -8.71015 -4.01785 -7.13794 -6.87227 -8.08879 -5.30161 -7.89369 -8.70066 -4.14769 -8.74016 -7.14134 -7.8039 -5.52397 -7.89549 -8.63674 -4.14916 -8.28946 -7.00981 -7.89862 -5.49009 -7.92713 -8.67403 -4.23296 -8.38663 -6.98644 -7.64757 -5.65804 -7.94856 -8.68422 -3.09907 -8.29346 -6.49285 -9.53093 -3.6891 -7.60497 -8.74693 -2.25374 -8.19082
94.505 -4.70067 -10.1056 -9.44517 -8.57592 -9.54056 -3.78974 -7.549 -8.012 -7.35106 -5.3713 -8.88526 -8.70848 -4.01771 -7.12341 -6.87046 -8.08881 -5.30123 -7.89327 -8.70101 -4.14765 -8.74752 -7.14123 -7.80428 -5.52391 -7.89541 -8.63676 -4.1491 -8.28899 -7.01 -7.8985 -5.49006 -7.92713 -8.67399 -4.23298 -8.38645 -6.9864 -7.64757 -5.65806 -7.94855 -8.68423 -3.09906 -8.29355 -6.49285 -9.53095 -3.68908 -7.60497 -8.74693 -2.25373 -8.19081
94.555 -4.69282 -10.13 -9.42927 -8.56174 -9.54024 -3.78597 -7.52746 -8.025 -7.34608 -5.36749 -8.88381 -8.70675 -4.01764 -7.10978 -6.8686 -8.08891 -5.30088 -7.89286 -8.70139 -4.1476 -8.75485 -7.14115 -7.80465 -5.52384 -7.89533 -8.63677 -4.14906 -8.28846 -7.01017 -7.89838 -5.49002 -7.92711 -8.67394 -4.233 -8.38628 -6.98635 -7.64757 -5.65808 -7.94855 -8.68424 -3.09904 -8.29364 -6.49285 -9.53096 -3.68905 -7.60497 -8.74693 -2.25373 -8.19079
94.605 -4.68617 -10.1533 -9.40945 -8.54793 -9.53963 -3.78243 -7.50669 -8.03757 -7.34104 -5.36384 -8.88183 -8.70496 -4.01762 -7.09705 -6.86669 -8.08909 -5.30055 -7.89246 -8.70178 -4.14753 -8.76214 -7.14112 -7.80501 -5.52376 -7.89525 -8.63676 -4.14901 -8.2879 -7.01035 -7.89826 -5.48999 -7.9271 -8.6739 -4.23303 -8.38613 -6.98629 -7.64758 -5.6581 -7.94855 -8.68425 -3.09903 -8.29373 -6.49286 -9.53098 -3.68903 -7.60497 -8.74693 -2.25373 -8.19078
94.655 -4.68071 -10.1755 -9.38592 -8.53453 -9.53874 -3.7791 -7.48668 -8.04971 -7.33597 -5.36035 -8.87933 -8.70312 -4.01765 -7.08521 -6.86473 -8.08935 -5.30025 -7.89209 -8.70219 -4.14744 -8.76937 -7.14111 -7.80536 -5.52368 -7.89517 -8.63676 -4.14897 -8.2873 -7.01052 -7.89813 -5.48996 -7.92709 -8.67385 -4.23305 -8.386 -6.98624 -7.64759 -5.65812 -7.94855 -8.68426 -3.09902 -8.29382 -6.49286 -9.53099 -3.68901 -7.60496 -8.74693 -2.25373 -8.19076
94.705 -4.67641 -10.1966 -9.3589 -8.52156 -9.53759 -3.77599 -7.46746 -8.0614 -7.33086 -5.35703 -8.87631 -8.70124 -4.01774 -7.07424 -6.86275 -8.08968 -5.29996 -7.89173 -8.70261 -4.14735 -8.77652 -7.14115 -7.80569 -5.52358 -7.8951 -8.63674 -4.14893 -8.28665 -7.01068 -7.89801 -5.48994 -7.92708 -8.67381 -4.23308 -8.38588 -6.98619 -7.6476 -5.65814 -7.94855 -8.68427 -3.099 -8.29391 -6.49286 -9.531 -3.68899 -7.60496 -8.74693 -2.25373 -8.19074
94.755 -4.67326 -10.2166 -9.32862 -8.50904 -9.53619 -3.77308 -7.44902 -8.07264 -7.32575 -5.35388 -8.87279 -8.6993 -4.01787 -7.06414 -6.86074 -8.09009 -5.2997 -7.89139 -8.70305 -4.14724 -8.78358 -7.14122 -7.806 -5.52347 -7.89503 -8.63672 -4.1489 -8.28598 -7.01084 -7.89788 -5.48992 -7.92706 -8.67377 -4.2331 -8.38577 -6.98613 -7.64761 -5.65816 -7.94855 -8.68429 -3.09899 -8.294 -6.49287 -9.53101 -3.68896 -7.60496 -8.74693 -2.25372 -8.19072
94.805 -4.67125 -10.2356 -9.29526 -8.49699 -9.53456 -3.77039 -7.43137 -8.08342 -7.32062 -5.3509 -8.86876 -8.69732 -4.01805 -7.05489 -6.8587 -8.09057 -5.29946 -7.89106 -8.7035 -4.14712 -8.79054 -7.14132 -7.80631 -5.52335 -7.89496 -8.63669 -4.14887 -8.28527 -7.011 -7.89775 -5.4899 -7.92705 -8.67373 -4.23313 -8.38568 -6.98608 -7.64763 -5.65818 -7.94855 -8.6843 -3.09897 -8.29408 -6.49287 -9.53102 -3.68894 -7.60496 -8.74692 -2.25372 -8.1907
94.855 -4.67037 -10.2534 -9.25902 -8.48542 -9.5327 -3.7679 -7.4145 -8.09374 -7.31551 -5.34808 -8.86421 -8.69528 -4.01827 -7.04649 -6.85664 -8.09112 -5.29923 -7.89076 -8.70396 -4.14699 -8.79738 -7.14145 -7.80659 -5.52322 -7.89489 -8.63665 -4.14884 -8.28453 -7.01114 -7.89762 -5.48989 -7.92703 -8.67369 -4.23315 -8.38561 -6.98602 -7.64764 -5.6582 -7.94855 -8.68431 -3.09896 -8.29417 -6.49288 -9.53103 -3.68892 -7.60496 -8.74692 -2.25372 -8.19068
94.905 -4.67062 -10.2702 -9.22008 -8.47435 -9.53062 -3.76561 -7.39843 -8.1036 -7.3104 -5.34544 -8.85915 -8.6932 -4.01853 -7.03892 -6.85457 -8.09174 -5.29902 -7.89047 -8.70442 -4.14684 -8.80408 -7.14162 -7.80686 -5.52309 -7.89483 -8.63661 -4.14882 -8.28376 -7.01128 -7.89749 -5.48988 -7.92702 -8.67365 -4.23317 -8.38556 -6.98596 -7.64766 -5.65822 -7.94855 -8.68433 -3.09894 -8.29425 -6.49289 -9.53104 -3.6889 -7.60495 -8.74692 -2.25372 -8.19066
94.955 -4.67199 -10.286 -9.1786 -8.46378 -9.52832 -3.76352 -7.38316 -8.11298 -7.30533 -5.34297 -8.85356 -8.69106 -4.01883 -7.03218 -6.85249 -8.09242 -5.29883 -7.8902 -8.7049 -4.14668 -8.81065 -7.14182 -7.80711 -5.52294 -7.89476 -8.63656 -4.1488 -8.28296 -7.01141 -7.89736 -5.48988 -7.927 -8.67361 -4.2332 -8.38551 -6.98591 -7.64768 -5.65824 -7.94855 -8.68434 -3.09892 -8.29433 -6.4929 -9.53105 -3.68888 -7.60495 -8.74692 -2.25372 -8.19064
95.005 -4.6745 -10.3007 -9.13475 -8.45372 -9.5258 -3.76163 -7.36867 -8.1219 -7.30028 -5.34066 -8.84743 -8.68887 -4.01916 -7.02625 -6.8504 -8.09317 -5.29865 -7.88994 -8.70538 -4.14652 -8.81707 -7.14206 -7.80734 -5.52279 -7.8947 -8.6365 -4.14879 -8.28214 -7.01154 -7.89723 -5.48987 -7.92698 -8.67358 -4.23322 -8.38549 -6.98585 -7.6477 -5.65826 -7.94855 -8.68436 -3.09891 -8.29441 -6.49291 -9.53106 -3.68886 -7.60495 -8.74691 -2.25372 -8.19061
95.055 -4.67815 -10.3143 -9.08866 -8.44417 -9.52307 -3.75993 -7.35499 -8.13035 -7.29528 -5.33852 -8.84075 -8.68662 -4.01954 -7.02113 -6.84832 -8.09398 -5.29849 -7.8897 -8.70587 -4.14634 -8.82332 -7.14232 -7.80755 -5.52263 -7.89464 -8.63643 -4.14878 -8.2813 -7.01166 -7.8971 -5.48988 -7.92696 -8.67354 -4.23325 -8.38548 -6.98579 -7.64773 -5.65828 -7.94855 -8.68437 -3.09889 -8.29449 -6.49292 -9.53106 -3.68884 -7.60495 -8.74691 -2.25372 -8.19059
95.105 -4.68294 -10.3269 -9.04046 -8.43515 -9.52012 -3.75842 -7.34209 -8.13833 -7.29032 -5.33655 -8.83351 -8.6843 -4.01994 -7.01682 -6.84623 -8.09485 -5.29834 -7.88948 -8.70636 -4.14615 -8.82941 -7.14261 -7.80775 -5.52247 -7.89457 -8.63636 -4.14877 -8.28044 -7.01177 -7.89697 -5.48988 -7.92694 -8.67351 -4.23327 -8.38549 -6.98573 -7.64775 -5.65829 -7.94856 -8.68438 -3.09888 -8.29457 -6.49293 -9.53107 -3.68882 -7.60495 -8.74691 -2.25372 -8.19057
95.155 -4.68891 -10.3384 -8.99028 -8.42664 -9.51694 -3.7571 -7.32999 -8.14584 -7.28542 -5.33475 -8.82569 -8.68192 -4.02038 -7.01331 -6.84415 -8.09578 -5.2982 -7.88927 -8.70686 -4.14596 -8.83532 -7.14293 -7.80792 -5.52229 -7.89452 -8.63628 -4.14877 -8.27957 -7.01187 -7.89684 -5.48989 -7.92692 -8.67348 -4.2333 -8.38551 -6.98567 -7.64778 -5.65831 -7.94856 -8.6844 -3.09886 -8.29464 -6.49294 -9.53107 -3.6888 -7.60495 -8.7469 -2.25372 -8.19054
95.205 -4.69605 -10.3489 -8.93822 -8.41866 -9.51354 -3.75597 -7.31869 -8.15287 -7.28058 -5.3331 -8.81726 -8.67946 -4.02086 -7.0106 -6.84209 -8.09676 -5.29807 -7.88907 -8.70736 -4.14576 -8.84104 -7.14328 -7.80808 -5.52211 -7.89446 -8.6362 -4.14877 -8.27868 -7.01196 -7.89671 -5.4899 -7.9269 -8.67345 -4.23332 -8.38555 -6.98562 -7.6478 -5.65833 -7.94856 -8.68441 -3.09885 -8.29471 -6.49295 -9.53108 -3.68878 -7.60495 -8.7469 -2.25372 -8.19052
95.255 -4.7044 -10.3584 -8.88437 -8.41121 -9.5099 -3.75503 -7.30819 -8.15943 -7.27581 -5.33162 -8.80821 -8.67693 -4.02137 -7.00869 -6.84003 -8.09779 -5.29796 -7.88889 -8.70786 -4.14554 -8.84657 -7.14366 -7.80821 -5.52193 -7.8944 -8.63611 -4.14878 -8.27778 -7.01205 -7.89658 -5.48992 -7.92688 -8.67342 -4.23334 -8.38561 -6.98556 -7.64783 -5.65835 -7.94857 -8.68443 -3.09883 -8.29477 -6.49297 -9.53108 -3.68876 -7.60495 -8.7469 -2.25372 -8.1905
95.305 -4.71397 -10.3669 -8.82882 -8.40429 -9.50602 -3.75427 -7.2985 -8.16552 -7.27112 -5.3303 -8.79853 -8.67432 -4.02191 -7.00757 -6.838 -8.09887 -5.29785 -7.88873 -8.70836 -4.14532 -8.85191 -7.14406 -7.80833 -5.52174 -7.89435 -8.63601 -4.14879 -8.27686 -7.01212 -7.89646 -5.48994 -7.92686 -8.6734 -4.23336 -8.38568 -6.9855 -7.64786 -5.65837 -7.94857 -8.68444 -3.09881 -8.29484 -6.49298 -9.53108 -3.68875 -7.60495 -8.74689 -2.25372 -8.19047
95.355 -4.72479 -10.3743 -8.77164 -8.3979 -9.50188 -3.7537 -7.28961 -8.17113 -7.2665 -5.32914 -8.78818 -8.67162 -4.02248 -7.00726 -6.83598 -8.1 -5.29776 -7.88858 -8.70886 -4.1451 -8.85704 -7.14449 -7.80843 -5.52154 -7.89429 -8.63591 -4.14881 -8.27594 -7.01219 -7.89634 -5.48996 -7.92683 -8.67337 -4.23338 -8.38576 -6.98544 -7.64789 -5.65838 -7.94858 -8.68446 -3.0988 -8.2949 -6.493 -9.53109 -3.68873 -7.60495 -8.74689 -2.25372 -8.19045
95.405 -4.7369 -10.3807 -8.71289 -8.39204 -9.49748 -3.75331 -7.28153 -8.17626 -7.26197 -5.32813 -8.77714 -8.66882 -4.02309 -7.00775 -6.83399 -8.10117 -5.29767 -7.88844 -8.70935 -4.14486 -8.86197 -7.14494 -7.8085 -5.52134 -7.89424 -8.63581 -4.14883 -8.27502 -7.01225 -7.89622 -5.48999 -7.92681 -8.67335 -4.23341 -8.38586 -6.98539 -7.64793 -5.6584 -7.94858 -8.68447 -3.09878 -8.29495 -6.49302 -9.53109 -3.68872 -7.60495 -8.74688 -2.25372 -8.19042
95.455 -4.75031 -10.386 -8.65261 -8.38671 -9.4928 -3.75311 -7.27427 -8.18091 -7.25753 -5.32728 -8.76539 -8.66593 -4.02373 -7.00904 -6.83202 -8.10238 -5.29759 -7.88832 -8.70985 -4.14463 -8.86668 -7.14542 -7.80856 -5.52114 -7.89419 -8.6357 -4.14885 -8.27409 -7.0123 -7.8961 -5.49002 -7.92679 -8.67333 -4.23343 -8.38598 -6.98533 -7.64796 -5.65842 -7.94859 -8.68449 -3.09877 -8.29501 -6.49303 -9.53108 -3.6887 -7.60495 -8.74688 -2.25372 -8.1904
95.505 -4.76507 -10.3903 -8.59086 -8.38192 -9.48784 -3.7531 -7.26783 -8.18508 -7.25319 -5.32657 -8.75291 -8.66293 -4.0244 -7.01115 -6.83008 -8.10363 -5.29753 -7.88821 -8.71034 -4.14438 -8.87118 -7.14591 -7.80859 -5.52093 -7.89414 -8.63558 -4.14888 -8.27315 -7.01234 -7.89598 -5.49005 -7.92677 -8.67332 -4.23345 -8.3861 -6.98528 -7.648 -5.65843 -7.94859 -8.6845 -3.09875 -8.29506 -6.49305 -9.53108 -3.68869 -7.60495 -8.74687 -2.25372 -8.19037
95.555 -4.7812 -10.3936 -8.52765 -8.37766 -9.48256 -3.75327 -7.26224 -8.18876 -7.24895 -5.32602 -8.73966 -8.65983 -4.02511 -7.01408 -6.82817 -8.10491 -5.29747 -7.88812 -8.71083 -4.14413 -8.87545 -7.14643 -7.80861 -5.52073 -7.8941 -8.63546 -4.14891 -8.27222 -7.01237 -7.89587 -5.49009 -7.92674 -8.6733 -4.23346 -8.38625 -6.98523 -7.64803 -5.65845 -7.9486 -8.68452 -3.09874 -8.2951 -6.49307 -9.53108 -3.68867 -7.60496 -8.74687 -2.25372 -8.19035
95.605 -4.79875 -10.3958 -8.46301 -8.37395 -9.47696 -3.75363 -7.25749 -8.19195 -7.24481 -5.32562 -8.72563 -8.65661 -4.02585 -7.01785 -6.8263 -8.10623 -5.29743 -7.88803 -8.71131 -4.14388 -8.8795 -7.14696 -7.8086 -5.52051 -7.89405 -8.63534 -4.14894 -8.27129 -7.0124 -7.89576 -5.49013 -7.92672 -8.67329 -4.23348 -8.3864 -6.98517 -7.64807 -5.65846 -7.94861 -8.68453 -3.09872 -8.29514 -6.49309 -9.53108 -3.68866 -7.60496 -8.74686 -2.25373 -8.19032
95.655 -4.81775 -10.3968 -8.39696 -8.37078 -9.47102 -3.75419 -7.2536 -8.19464 -7.24078 -5.32537 -8.71079 -8.65326 -4.02663 -7.02246 -6.82446 -8.10757 -5.29739 -7.88796 -8.71179 -4.14363 -8.88333 -7.14751 -7.80858 -5.5203 -7.89401 -8.63521 -4.14898 -8.27036 -7.01241 -7.89566 -5.49017 -7.9267 -8.67328 -4.2335 -8.38657 -6.98512 -7.64811 -5.65847 -7.94861 -8.68455 -3.09871 -8.29518 -6.49311 -9.53107 -3.68865 -7.60496 -8.74686 -2.25373 -8.1903
95.705 -4.83824 -10.3968 -8.32951 -8.36816 -9.46473 -3.75494 -7.25059 -8.19683 -7.23686 -5.32527 -8.69511 -8.64979 -4.02745 -7.02792 -6.82266 -8.10895 -5.29737 -7.88791 -8.71226 -4.14337 -8.88692 -7.14808 -7.80853 -5.52009 -7.89397 -8.63508 -4.14902 -8.26944 -7.01242 -7.89556 -5.49021 -7.92667 -8.67327 -4.23352 -8.38675 -6.98507 -7.64814 -5.65849 -7.94862 -8.68456 -3.0987 -8.29522 -6.49313 -9.53107 -3.68864 -7.60496 -8.74685 -2.25373 -8.19028
95.755 -4.86026 -10.3957 -8.26065 -8.36609 -9.45805 -3.75588 -7.24847 -8.1985 -7.23306 -5.32532 -8.67859 -8.64619 -4.0283 -7.03425 -6.8209 -8.11034 -5.29736 -7.88786 -8.71272 -4.14311 -8.89027 -7.14866 -7.80847 -5.51987 -7.89393 -8.63494 -4.14906 -8.26853 -7.01241 -7.89546 -5.49026 -7.92665 -8.67326 -4.23353 -8.38694 -6.98502 -7.64818 -5.6585 -7.94863 -8.68457 -3.09868 -8.29525 -6.49315 -9.53106 -3.68863 -7.60496 -8.74684 -2.25373 -8.19025
95.805 -4.88383 -10.3934 -8.1904 -8.36458 -9.45098 -3.75703 -7.24726 -8.19966 -7.22938 -5.32551 -8.66119 -8.64245 -4.0292 -7.04147 -6.81918 -8.11176 -5.29737 -7.88783 -8.71318 -4.14285 -8.89339 -7.14926 -7.80838 -5.51966 -7.89389 -8.63481 -4.14911 -8.26762 -7.0124 -7.89537 -5.49031 -7.92663 -8.67326 -4.23355 -8.38715 -6.98498 -7.64822 -5.65851 -7.94863 -8.68459 -3.09867 -8.29527 -6.49317 -9.53105 -3.68862 -7.60497 -8.74684 -2.25373 -8.19023
95.855 -4.909 -10.3899 -8.11874 -8.36363 -9.44349 -3.75839 -7.24698 -8.20029 -7.22583 -5.32585 -8.6429 -8.63858 -4.03014 -7.04958 -6.8175 -8.11319 -5.29738 -7.88782 -8.71363 -4.14258 -8.89626 -7.14987 -7.80828 -5.51945 -7.89386 -8.63467 -4.14916 -8.26672 -7.01238 -7.89528 -5.49037 -7.92661 -8.67326 -4.23356 -8.38736 -6.98493 -7.64826 -5.65852 -7.94864 -8.6846 -3.09866 -8.29529 -6.49319 -9.53105 -3.68862 -7.60497 -8.74683 -2.25373 -8.19021
95.905 -4.93579 -10.3853 -8.04569 -8.36325 -9.43557 -3.75995 -7.24765 -8.20038 -7.2224 -5.32634 -8.62371 -8.63456 -4.03112 -7.05861 -6.81587 -8.11464 -5.29742 -7.88781 -8.71407 -4.14232 -8.89888 -7.15049 -7.80816 -5.51923 -7.89383 -8.63453 -4.14922 -8.26584 -7.01235 -7.8952 -5.49042 -7.92658 -8.67326 -4.23357 -8.38758 -6.98489 -7.6483 -5.65853 -7.94865 -8.68461 -3.09865 -8.29531 -6.49321 -9.53104 -3.68861 -7.60497 -8.74683 -2.25374 -8.19018
95.955 -4.96424 -10.3794 -7.97123 -8.36346 -9.42718 -3.76173 -7.2493 -8.19992 -7.21911 -5.32697 -8.60362 -8.63039 -4.03214 -7.06857 -6.81429 -8.11611 -5.29747 -7.88783 -8.7145 -4.14205 -8.90126 -7.15112 -7.80802 -5.51902 -7.8938 -8.63438 -4.14928 -8.26496 -7.01231 -7.89512 -5.49048 -7.92656 -8.67326 -4.23359 -8.38782 -6.98485 -7.64834 -5.65854 -7.94866 -8.68462 -3.09864 -8.29533 -6.49323 -9.53103 -3.6886 -7.60498 -8.74682 -2.25374 -8.19016
96.005 -4.99434 -10.3722 -7.89537 -8.36425 -9.41833 -3.76373 -7.25195 -8.19891 -7.21596 -5.32776 -8.58263 -8.62608 -4.03321 -7.07948 -6.81276 -8.11758 -5.29754 -7.88785 -8.71492 -4.14179 -8.90338 -7.15176 -7.80786 -5.51881 -7.89377 -8.63424 -4.14934 -8.2641 -7.01226 -7.89504 -5.49054 -7.92654 -8.67327 -4.2336 -8.38806 -6.98481 -7.64838 -5.65854 -7.94867 -8.68464 -3.09863 -8.29534 -6.49325 -9.53102 -3.6886 -7.60498 -8.74682 -2.25374 -8.19014
96.055 -5.02612 -10.3638 -7.81814 -8.36564 -9.40899 -3.76596 -7.25563 -8.19732 -7.21294 -5.3287 -8.56075 -8.62163 -4.03432 -7.09135 -6.81128 -8.11907 -5.29763 -7.88789 -8.71534 -4.14152 -8.90524 -7.1524 -7.80768 -5.5186 -7.89375 -8.63409 -4.1494 -8.26326 -7.0122 -7.89497 -5.4906 -7.92652 -8.67327 -4.23361 -8.38831 -6.98477 -7.64842 -5.65855 -7.94868 -8.68465 -3.09862 -8.29534 -6.49327 -9.53101 -3.6886 -7.60498 -8.74681 -2.25374 -8.19012
96.105 -5.05957 -10.354 -7.73955 -8.36763 -9.39915 -3.76841 -7.26037 -8.19514 -7.21008 -5.32979 -8.53802 -8.61704 -4.03549 -7.10419 -6.80985 -8.12055 -5.29774 -7.88794 -8.71574 -4.14126 -8.90684 -7.15306 -7.80749 -5.5184 -7.89374 -8.63394 -4.14947 -8.26243 -7.01214 -7.89491 -5.49067 -7.9265 -8.67328 -4.23362 -8.38857 -6.98474 -7.64847 -5.65856 -7.94869 -8.68466 -3.09861 -8.29534 -6.4933 -9.531 -3.68859 -7.60499 -8.7468 -2.25375 -8.1901
96.155 -5.09467 -10.3429 -7.65965 -8.37024 -9.3888 -3.7711 -7.26618 -8.19236 -7.20736 -5.33103 -8.51446 -8.61232 -4.0367 -7.11802 -6.80847 -8.12204 -5.29788 -7.88801 -8.71613 -4.141 -8.90817 -7.15372 -7.80728 -5.5182 -7.89372 -8.63379 -4.14953 -8.26162 -7.01207 -7.89485 -5.49073 -7.92648 -8.67329 -4.23362 -8.38884 -6.98471 -7.64851 -5.65856 -7.94869 -8.68467 -3.0986 -8.29534 -6.49332 -9.53098 -3.68859 -7.60499 -8.7468 -2.25375 -8.19008
96.205 -5.13138 -10.3304 -7.5785 -8.37348 -9.37794 -3.77404 -7.27311 -8.18897 -7.20479 -5.33243 -8.49013 -8.60748 -4.03796 -7.13284 -6.80715 -8.12353 -5.29804 -7.8881 -8.71651 -4.14074 -8.90923 -7.15438 -7.80705 -5.518 -7.89371 -8.63365 -4.1496 -8.26083 -7.01199 -7.8948 -5.4908 -7.92646 -8.6733 -4.23363 -8.38912 -6.98468 -7.64855 -5.65857 -7.9487 -8.68468 -3.09859 -8.29533 -6.49334 -9.53097 -3.68859 -7.60499 -8.74679 -2.25375 -8.19006
96.255 -5.16964 -10.3165 -7.4962 -8.37735 -9.36658 -3.77721 -7.28117 -8.18496 -7.20239 -5.33398 -8.4651 -8.60253 -4.03927 -7.14866 -6.80589 -8.12502 -5.29823 -7.8882 -8.71688 -4.14049 -8.91001 -7.15504 -7.80681 -5.5178 -7.89371 -8.6335 -4.14968 -8.26006 -7.0119 -7.89475 -5.49087 -7.92644 -8.67332 -4.23363 -8.3894 -6.98465 -7.64859 -5.65857 -7.94871 -8.68469 -3.09858 -8.29532 -6.49336 -9.53096 -3.68859 -7.605 -8.74679 -2.25376 -8.19004
96.305 -5.20938 -10.3011 -7.41285 -8.38186 -9.35472 -3.78064 -7.29039 -8.1803 -7.20015 -5.3357 -8.43946 -8.59748 -4.04062 -7.16548 -6.80469 -8.1265 -5.29844 -7.88832 -8.71724 -4.14023 -8.91052 -7.15571 -7.80655 -5.51761 -7.89371 -8.63335 -4.14975 -8.25931 -7.0118 -7.89471 -5.49094 -7.92642 -8.67334 -4.23364 -8.38968 -6.98462 -7.64863 -5.65857 -7.94872 -8.6847 -3.09858 -8.29531 -6.49338 -9.53094 -3.6886 -7.605 -8.74678 -2.25376 -8.19003
96.355 -5.2505 -10.2843 -7.3286 -8.38702 -9.3424 -3.78432 -7.30079 -8.175 -7.19807 -5.33758 -8.41332 -8.59236 -4.04203 -7.18329 -6.80355 -8.12798 -5.29868 -7.88845 -8.71759 -4.13999 -8.91073 -7.15638 -7.80628 -5.51743 -7.89372 -8.6332 -4.14983 -8.25858 -7.0117 -7.89467 -5.49101 -7.9264 -8.67335 -4.23364 -8.38998 -6.9846 -7.64867 -5.65857 -7.94873 -8.6847 -3.09857 -8.29529 -6.49341 -9.53093 -3.6886 -7.605 -8.74677 -2.25376 -8.19001
96.405 -5.29285 -10.266 -7.24365 -8.39283 -9.32965 -3.78825 -7.31239 -8.16903 -7.19617 -5.33962 -8.3868 -8.5872 -4.04348 -7.20208 -6.80248 -8.12944 -5.29896 -7.8886 -8.71792 -4.13974 -8.91065 -7.15705 -7.80599 -5.51725 -7.89373 -8.63306 -4.1499 -8.25787 -7.01159 -7.89464 -5.49109 -7.92638 -8.67338 -4.23364 -8.39027 -6.98458 -7.64871 -5.65857 -7.94874 -8.68471 -3.09856 -8.29527 -6.49343 -9.53091 -3.6886 -7.60501 -8.74677 -2.25376 -8.19
96.455 -5.33629 -10.2463 -7.1582 -8.3993 -9.3165 -3.79243 -7.3252 -8.1624 -7.19445 -5.34183 -8.36006 -8.58202 -4.04497 -7.22183 -6.80147 -8.13089 -5.29926 -7.88877 -8.71824 -4.1395 -8.91028 -7.15771 -7.80569 -5.51707 -7.89374 -8.63291 -4.14998 -8.25719 -7.01147 -7.89462 -5.49116 -7.92637 -8.6734 -4.23365 -8.39057 -6.98456 -7.64874 -5.65857 -7.94875 -8.68472 -3.09856 -8.29524 -6.49345 -9.53089 -3.68861 -7.60501 -8.74676 -2.25377 -8.18998
96.505 -5.38062 -10.225 -7.07252 -8.40643 -9.30302 -3.79686 -7.33922 -8.15509 -7.19291 -5.34421 -8.33325 -8.57685 -4.04651 -7.24251 -6.80053 -8.13233 -5.2996 -7.88896 -8.71855 -4.13926 -8.9096 -7.15837 -7.80538 -5.5169 -7.89376 -8.63277 -4.15006 -8.25653 -7.01135 -7.8946 -5.49123 -7.92635 -8.67342 -4.23364 -8.39088 -6.98454 -7.64878 -5.65857 -7.94876 -8.68473 -3.09855 -8.29521 -6.49347 -9.53088 -3.68861 -7.60502 -8.74676 -2.25377 -8.18997
96.555 -5.42564 -10.2024 -6.98691 -8.4142 -9.28927 -3.80154 -7.35446 -8.14711 -7.19156 -5.34676 -8.30654 -8.57174 -4.04807 -7.26408 -6.79965 -8.13375 -5.29997 -7.88917 -8.71884 -4.13903 -8.90861 -7.15903 -7.80506 -5.51674 -7.89379 -8.63263 -4.15014 -8.2559 -7.01122 -7.89459 -5.49131 -7.92634 -8.67345 -4.23364 -8.39118 -6.98453 -7.64882 -5.65857 -7.94877 -8.68473 -3.09855 -8.29517 -6.49349 -9.53086 -3.68862 -7.60502 -8.74675 -2.25377 -8.18996
96.605 -5.47112 -10.1783 -6.90171 -8.42262 -9.27533 -3.80645 -7.37089 -8.13846 -7.19041 -5.34948 -8.28013 -8.56671 -4.04967 -7.28649 -6.79885 -8.13515 -5.30037 -7.8894 -8.71912 -4.13881 -8.90732 -7.15968 -7.80472 -5.51658 -7.89382 -8.63249 -4.15022 -8.25529 -7.01108 -7.89458 -5.49138 -7.92632 -8.67348 -4.23364 -8.39149 -6.98452 -7.64885 -5.65856 -7.94878 -8.68474 -3.09855 -8.29513 -6.49351 -9.53084 -3.68863 -7.60503 -8.74675 -2.25378 -8.18994
96.655 -5.51681 -10.1529 -6.81728 -8.43166 -9.2613 -3.81158 -7.38849 -8.12915 -7.18946 -5.35236 -8.2542 -8.56182 -4.0513 -7.30969 -6.79813 -8.13653 -5.30081 -7.88965 -8.71938 -4.13859 -8.90571 -7.16033 -7.80438 -5.51643 -7.89386 -8.63235 -4.15031 -8.25471 -7.01094 -7.89458 -5.49146 -7.92631 -8.67351 -4.23364 -8.3918 -6.98451 -7.64889 -5.65856 -7.94879 -8.68474 -3.09855 -8.29509 -6.49353 -9.53082 -3.68864 -7.60503 -8.74674 -2.25378 -8.18993
96.705 -5.56245 -10.1262 -6.73401 -8.44131 -9.24726 -3.81693 -7.40724 -8.11918 -7.18871 -5.35542 -8.22894 -8.55711 -4.05294 -7.33358 -6.79748 -8.13788 -5.30128 -7.88992 -8.71963 -4.13837 -8.90378 -7.16097 -7.80402 -5.51628 -7.89391 -8.63222 -4.15039 -8.25416 -7.01079 -7.89458 -5.49153 -7.92629 -8.67354 -4.23363 -8.39211 -6.98451 -7.64892 -5.65855 -7.9488 -8.68475 -3.09855 -8.29505 -6.49355 -9.53081 -3.68865 -7.60504 -8.74674 -2.25379 -8.18993
96.755 -5.60778 -10.0982 -6.6523 -8.45154 -9.23332 -3.82247 -7.42709 -8.10859 -7.18817 -5.35863 -8.2045 -8.55261 -4.05459 -7.35811 -6.7969 -8.1392 -5.30178 -7.89021 -8.71986 -4.13816 -8.90153 -7.1616 -7.80365 -5.51614 -7.89396 -8.63209 -4.15047 -8.25364 -7.01064 -7.8946 -5.49161 -7.92628 -8.67357 -4.23363 -8.39243 -6.9845 -7.64896 -5.65855 -7.94881 -8.68475 -3.09855 -8.295 -6.49357 -9.53079 -3.68866 -7.60504 -8.74673 -2.25379 -8.18992
96.805 -5.65256 -10.0692 -6.57257 -8.46231 -9.21957 -3.82819 -7.44799 -8.09739 -7.18784 -5.36201 -8.18106 -8.54836 -4.05624 -7.38318 -6.79641 -8.1405 -5.30231 -7.89052 -8.72008 -4.13796 -8.89897 -7.16222 -7.80328 -5.51601 -7.89401 -8.63196 -4.15056 -8.25314 -7.01048 -7.89461 -5.49168 -7.92627 -8.6736 -4.23362 -8.39274 -6.9845 -7.64899 -5.65854 -7.94881 -8.68475 -3.09855 -8.29495 -6.49358 -9.53077 -3.68867 -7.60505 -8.74673 -2.25379 -8.18991
96.855 -5.69652 -10.0391 -6.49522 -8.47359 -9.20611 -3.83406 -7.46986 -8.08561 -7.18774 -5.36555 -8.15876 -8.5444 -4.05788 -7.40868 -6.796 -8.14176 -5.30287 -7.89085 -8.72028 -4.13777 -8.89608 -7.16282 -7.8029 -5.51589 -7.89407 -8.63184 -4.15064 -8.25268 -7.01032 -7.89463 -5.49176 -7.92626 -8.67364 -4.23361 -8.39305 -6.98451 -7.64902 -5.65853 -7.94882 -8.68475 -3.09855 -8.29489 -6.4936 -9.53075 -3.68868 -7.60505 -8.74672 -2.2538 -8.1899
96.905 -5.73946 -10.0081 -6.42065 -8.48533 -9.19304 -3.84006 -7.49264 -8.07329 -7.18785 -5.36924 -8.13769 -8.54075 -4.05951 -7.43453 -6.79568 -8.14298 -5.30346 -7.8912 -8.72046 -4.13758 -8.89287 -7.16342 -7.80251 -5.51577 -7.89414 -8.63172 -4.15072 -8.25225 -7.01016 -7.89466 -5.49183 -7.92625 -8.67367 -4.2336 -8.39336 -6.98451 -7.64905 -5.65852 -7.94883 -8.68475 -3.09855 -8.29483 -6.49362 -9.53073 -3.6887 -7.60505 -8.74672 -2.2538 -8.1899
96.955 -5.78116 -9.97625 -6.34923 -8.49748 -9.18043 -3.84616 -7.51624 -8.06046 -7.1882 -5.37307 -8.11796 -8.53745 -4.06111 -7.4606 -6.79544 -8.14417 -5.30407 -7.89157 -8.72062 -4.13741 -8.88935 -7.164 -7.80211 -5.51566 -7.89421 -8.6316 -4.15081 -8.25185 -7.00999 -7.8947 -5.4919 -7.92624 -8.67371 -4.23359 -8.39366 -6.98452 -7.64908 -5.65851 -7.94884 -8.68475 -3.09855 -8.29477 -6.49363 -9.53071 -3.68871 -7.60506 -8.74671 -2.2538 -8.1899
97.005 -5.82145 -9.94378 -6.28128 -8.50998 -9.16836 -3.85234 -7.54057 -8.04718 -7.18877 -5.37703 -8.09962 -8.53451 -4.06268 -7.4868 -6.79529 -8.14532 -5.3047 -7.89196 -8.72076 -4.13724 -8.88552 -7.16457 -7.80171 -5.51556 -7.89429 -8.63149 -4.15089 -8.25149 -7.00982 -7.89474 -5.49197 -7.92623 -8.67375 -4.23358 -8.39397 -6.98453 -7.6491 -5.6585 -7.94885 -8.68475 -3.09855 -8.29471 -6.49365 -9.53069 -3.68873 -7.60506 -8.74671 -2.25381 -8.18989
97.055 -5.86019 -9.91077 -6.2171 -8.52277 -9.15688 -3.85858 -7.56554 -8.03349 -7.18958 -5.38111 -8.0827 -8.53193 -4.06421 -7.513 -6.79523 -8.14643 -5.30535 -7.89236 -8.72089 -4.13708 -8.88139 -7.16512 -7.8013 -5.51547 -7.89437 -8.63138 -4.15097 -8.25116 -7.00964 -7.89478 -5.49204 -7.92623 -8.67379 -4.23357 -8.39427 -6.98454 -7.64913 -5.65849 -7.94886 -8.68475 -3.09856 -8.29464 -6.49366 -9.53067 -3.68874 -7.60507 -8.74671 -2.25381 -8.18989
97.105 -5.89726 -9.87734 -6.15694 -8.53579 -9.14604 -3.86484 -7.59105 -8.01943 -7.19062 -5.38531 -8.06721 -8.52973 -4.06569 -7.53911 -6.79527 -8.14749 -5.30601 -7.89279 -8.72099 -4.13692 -8.87696 -7.16566 -7.80089 -5.51539 -7.89445 -8.63128 -4.15105 -8.25086 -7.00946 -7.89483 -5.49211 -7.92622 -8.67383 -4.23356 -8.39457 -6.98456 -7.64915 -5.65848 -7.94886 -8.68475 -3.09856 -8.29457 -6.49368 -9.53065 -3.68876 -7.60507 -8.7467 -2.25381 -8.18989
97.155 -5.93257 -9.84363 -6.10101 -8.54898 -9.13587 -3.8711 -7.617 -8.00506 -7.19189 -5.3896 -8.05314 -8.52791 -4.06711 -7.56503 -6.7954 -8.14851 -5.30668 -7.89323 -8.72107 -4.13678 -8.87224 -7.16617 -7.80048 -5.51531 -7.89454 -8.63118 -4.15113 -8.2506 -7.00928 -7.89489 -5.49218 -7.92622 -8.67387 -4.23354 -8.39486 -6.98458 -7.64917 -5.65847 -7.94887 -8.68475 -3.09857 -8.2945 -6.49369 -9.53063 -3.68878 -7.60508 -8.7467 -2.25382 -8.18989
97.205 -5.96607 -9.80976 -6.04946 -8.56227 -9.12638 -3.87733 -7.6433 -7.99043 -7.19339 -5.39398 -8.04045 -8.52645 -4.06846 -7.59064 -6.79562 -8.14947 -5.30736 -7.89368 -8.72113 -4.13665 -8.86725 -7.16667 -7.80006 -5.51524 -7.89463 -8.63108 -4.15121 -8.25038 -7.0091 -7.89495 -5.49225 -7.92621 -8.67391 -4.23353 -8.39515 -6.9846 -7.64919 -5.65845 -7.94888 -8.68475 -3.09857 -8.29443 -6.4937 -9.53061 -3.6888 -7.60508 -8.7467 -2.25382 -8.18989
97.255 -5.99772 -9.77584 -6.00239 -8.57561 -9.1176 -3.88352 -7.66984 -7.97559 -7.19513 -5.39843 -8.02911 -8.52536 -4.06975 -7.61586 -6.79594 -8.15038 -5.30804 -7.89415 -8.72117 -4.13652 -8.86201 -7.16715 -7.79964 -5.51518 -7.89473 -8.63099 -4.15129 -8.25019 -7.00891 -7.89501 -5.49231 -7.92621 -8.67396 -4.23351 -8.39544 -6.98462 -7.64921 -5.65844 -7.94889 -8.68474 -3.09858 -8.29435 -6.49372 -9.53059 -3.68882 -7.60509 -8.74669 -2.25382 -8.1899
97.305 -6.02751 -9.742 -5.95987 -8.58893 -9.1095 -3.88964 -7.69654 -7.96059 -7.1971 -5.40294 -8.01906 -8.52461 -4.07096 -7.6406 -6.79635 -8.15124 -5.30872 -7.89463 -8.72119 -4.13641 -8.85651 -7.16761 -7.79922 -5.51513 -7.89482 -8.63091 -4.15136 -8.25005 -7.00873 -7.89508 -5.49238 -7.92621 -8.674 -4.2335 -8.39572 -6.98465 -7.64923 -5.65843 -7.94889 -8.68474 -3.09859 -8.29428 -6.49373 -9.53057 -3.68883 -7.60509 -8.74669 -2.25383 -8.1899
97.355 -6.05544 -9.70832 -5.92192 -8.60219 -9.10209 -3.89567 -7.7233 -7.94549 -7.1993 -5.40748 -8.01024 -8.52418 -4.07209 -7.66479 -6.79686 -8.15204 -5.30939 -7.89511 -8.72118 -4.13631 -8.85078 -7.16804 -7.79881 -5.51509 -7.89492 -8.63083 -4.15144 -8.24994 -7.00854 -7.89516 -5.49244 -7.92621 -8.67404 -4.23348 -8.39599 -6.98467 -7.64924 -5.65841 -7.9489 -8.68474 -3.0986 -8.2942 -6.49374 -9.53056 -3.68885 -7.6051 -8.74669 -2.25383 -8.1899
97.405 -6.08153 -9.67491 -5.88853 -8.61532 -9.09534 -3.90159 -7.75005 -7.93033 -7.20172 -5.41206 -8.00257 -8.52407 -4.07314 -7.68835 -6.79747 -8.15279 -5.31005 -7.89561 -8.72115 -4.13621 -8.84484 -7.16845 -7.79839 -5.51506 -7.89502 -8.63076 -4.15151 -8.24987 -7.00835 -7.89524 -5.49249 -7.9262 -8.67409 -4.23346 -8.39625 -6.9847 -7.64926 -5.65839 -7.9489 -8.68473 -3.09861 -8.29412 -6.49374 -9.53054 -3.68887 -7.6051 -8.74669 -2.25383 -8.18991
97.455 -6.10581 -9.64185 -5.85964 -8.62829 -9.08923 -3.9074 -7.77669 -7.91515 -7.20437 -5.41664 -7.996 -8.52425 -4.0741 -7.71123 -6.79817 -8.15347 -5.31071 -7.89611 -8.72109 -4.13613 -8.8387 -7.16884 -7.79797 -5.51503 -7.89512 -8.63069 -4.15158 -8.24985 -7.00817 -7.89532 -5.49255 -7.9262 -8.67413 -4.23344 -8.39651 -6.98474 -7.64927 -5.65838 -7.94891 -8.68472 -3.09861 -8.29404 -6.49375 -9.53052 -3.6889 -7.6051 -8.74668 -2.25384 -8.18992
97.505 -6.12831 -9.60923 -5.83518 -8.64106 -9.08374 -3.91307 -7.80316 -7.9 -7.20723 -5.42123 -7.99046 -8.52469 -4.07499 -7.73336 -6.79897 -8.15409 -5.31134 -7.89662 -8.72101 -4.13606 -8.83237 -7.1692 -7.79756 -5.51502 -7.89522 -8.63062 -4.15164 -8.24986 -7.00798 -7.89541 -5.4926 -7.92621 -8.67418 -4.23342 -8.39676 -6.98477 -7.64928 -5.65836 -7.94892 -8.68472 -3.09862 -8.29395 -6.49376 -9.5305 -3.68892 -7.60511 -8.74668 -2.25384 -8.18993
97.555 -6.14908 -9.57712 -5.81504 -8.65358 -9.07884 -3.9186 -7.8294 -7.88492 -7.2103 -5.42579 -7.98588 -8.52539 -4.07578 -7.75471 -6.79986 -8.15465 -5.31196 -7.89713 -8.72091 -4.13601 -8.82589 -7.16953 -7.79715 -5.51501 -7.89532 -8.63057 -4.15171 -8.24992 -7.00779 -7.89551 -5.49266 -7.92621 -8.67422 -4.2334 -8.397 -6.98481 -7.64929 -5.65834 -7.94892 -8.68471 -3.09863 -8.29387 -6.49377 -9.53048 -3.68894 -7.60511 -8.74668 -2.25384 -8.18994
97.605 -6.16817 -9.54558 -5.79912 -8.66584 -9.0745 -3.92398 -7.85533 -7.86995 -7.21358 -5.43033 -7.98221 -8.52632 -4.07649 -7.77524 -6.80085 -8.15514 -5.31256 -7.89763 -8.72078 -4.13596 -8.81926 -7.16984 -7.79675 -5.51501 -7.89541 -8.63051 -4.15177 -8.25001 -7.00761 -7.8956 -5.49271 -7.92621 -8.67427 -4.23338 -8.39723 -6.98484 -7.64929 -5.65833 -7.94892 -8.6847 -3.09865 -8.29378 -6.49377 -9.53047 -3.68896 -7.60512 -8.74668 -2.25384 -8.18995
97.655 -6.18561 -9.51467 -5.78728 -8.6778 -9.07069 -3.9292 -7.8809 -7.85512 -7.21706 -5.43482 -7.97938 -8.52746 -4.07712 -7.7949 -6.80193 -8.15556 -5.31314 -7.89814 -8.72062 -4.13592 -8.81251 -7.17012 -7.79635 -5.51502 -7.89551 -8.63047 -4.15183 -8.25015 -7.00742 -7.8957 -5.49275 -7.92622 -8.67431 -4.23336 -8.39745 -6.98488 -7.6493 -5.65831 -7.94893 -8.68469 -3.09866 -8.2937 -6.49377 -9.53045 -3.68898 -7.60512 -8.74668 -2.25385 -8.18996
97.705 -6.20146 -9.48444 -5.77938 -8.68944 -9.06739 -3.93424 -7.90607 -7.84046 -7.22073 -5.43926 -7.97736 -8.5288 -4.07766 -7.81369 -6.8031 -8.15592 -5.3137 -7.89865 -8.72045 -4.1359 -8.80564 -7.17037 -7.79595 -5.51504 -7.89561 -8.63043 -4.15189 -8.25033 -7.00724 -7.89581 -5.4928 -7.92622 -8.67436 -4.23334 -8.39767 -6.98493 -7.6493 -5.65829 -7.94893 -8.68469 -3.09867 -8.29361 -6.49378 -9.53043 -3.689 -7.60512 -8.74668 -2.25385 -8.18997
97.755 -6.21577 -9.45495 -5.77527 -8.70075 -9.06458 -3.93912 -7.93078 -7.826 -7.22458 -5.44363 -7.97608 -8.53032 -4.07812 -7.83157 -6.80436 -8.1562 -5.31422 -7.89915 -8.72024 -4.13589 -8.7987 -7.1706 -7.79557 -5.51507 -7.8957 -8.63039 -4.15195 -8.25056 -7.00706 -7.89591 -5.49284 -7.92623 -8.6744 -4.23332 -8.39787 -6.98497 -7.6493 -5.65827 -7.94894 -8.68468 -3.09868 -8.29352 -6.49378 -9.53042 -3.68903 -7.60513 -8.74668 -2.25385 -8.18998
97.805 -6.22856 -9.42622 -5.77479 -8.71171 -9.06222 -3.94381 -7.95499 -7.81178 -7.22861 -5.44793 -7.97551 -8.532 -4.0785 -7.84853 -6.8057 -8.15641 -5.31473 -7.89965 -8.72002 -4.13589 -8.79168 -7.17079 -7.79519 -5.51511 -7.89579 -8.63036 -4.152 -8.25082 -7.00688 -7.89602 -5.49287 -7.92623 -8.67445 -4.2333 -8.39806 -6.98502 -7.6493 -5.65825 -7.94894 -8.68467 -3.09869 -8.29344 -6.49378 -9.5304 -3.68905 -7.60513 -8.74668 -2.25385 -8.19
97.855 -6.2399 -9.3983 -5.77781 -8.72233 -9.06029 -3.94832 -7.97867 -7.79781 -7.23281 -5.45213 -7.97562 -8.53383 -4.0788 -7.86457 -6.80713 -8.15656 -5.3152 -7.90014 -8.71977 -4.13591 -8.78461 -7.17095 -7.79481 -5.51515 -7.89588 -8.63034 -4.15205 -8.25113 -7.00671 -7.89614 -5.49291 -7.92624 -8.67449 -4.23327 -8.39824 -6.98506 -7.6493 -5.65823 -7.94894 -8.68466 -3.09871 -8.29335 -6.49378 -9.53039 -3.68907 -7.60513 -8.74668 -2.25386 -8.19001
97.905 -6.2498 -9.37121 -5.78416 -8.73259 -9.05879 -3.95265 -8.00178 -7.78412 -7.23716 -5.45624 -7.97637 -8.5358 -4.07902 -7.87967 -6.80864 -8.15663 -5.31564 -7.90062 -8.71949 -4.13593 -8.7775 -7.17108 -7.79445 -5.51521 -7.89597 -8.63032 -4.1521 -8.25148 -7.00653 -7.89625 -5.49294 -7.92625 -8.67453 -4.23325 -8.39841 -6.98511 -7.64929 -5.65821 -7.94894 -8.68465 -3.09872 -8.29326 -6.49378 -9.53037 -3.68909 -7.60513 -8.74668 -2.25386 -8.19003
97.955 -6.25831 -9.34499 -5.7937 -8.74248 -9.05768 -3.95679 -8.02429 -7.77073 -7.24167 -5.46024 -7.97773 -8.53789 -4.07917 -7.89382 -6.81022 -8.15662 -5.31606 -7.9011 -8.71919 -4.13597 -8.77038 -7.17118 -7.7941 -5.51527 -7.89605 -8.63031 -4.15214 -8.25187 -7.00636 -7.89637 -5.49297 -7.92626 -8.67458 -4.23323 -8.39856 -6.98516 -7.64928 -5.6582 -7.94895 -8.68463 -3.09874 -8.29318 -6.49378 -9.53036 -3.68912 -7.60514 -8.74668 -2.25386 -8.19005
98.005 -6.26546 -9.31967 -5.80629 -8.75202 -9.05695 -3.96074 -8.04617 -7.75767 -7.24631 -5.46412 -7.97969 -8.5401 -4.07925 -7.90704 -6.81188 -8.15655 -5.31645 -7.90156 -8.71888 -4.13603 -8.76326 -7.17125 -7.79376 -5.51535 -7.89614 -8.63031 -4.15218 -8.2523 -7.0062 -7.89649 -5.493 -7.92627 -8.67462 -4.2332 -8.3987 -6.98521 -7.64928 -5.65818 -7.94895 -8.68462 -3.09875 -8.29309 -6.49377 -9.53035 -3.68914 -7.60514 -8.74668 -2.25386 -8.19006
98.055 -6.27128 -9.29526 -5.82179 -8.7612 -9.0566 -3.9645 -8.0674 -7.74493 -7.25108 -5.46788 -7.98222 -8.54242 -4.07925 -7.91932 -6.81361 -8.1564 -5.31681 -7.90201 -8.71853 -4.13609 -8.75616 -7.17129 -7.79343 -5.51543 -7.89622 -8.63031 -4.15222 -8.25277 -7.00604 -7.89661 -5.49302 -7.92628 -8.67466 -4.23318 -8.39883 -6.98526 -7.64927 -5.65816 -7.94895 -8.68461 -3.09876 -8.29301 -6.49377 -9.53033 -3.68916 -7.60514 -8.74668 -2.25386 -8.19008
98.105 -6.27578 -9.27178 -5.84009 -8.77003 -9.05661 -3.96806 -8.08797 -7.73256 -7.25597 -5.47152 -7.98531 -8.54483 -4.0792 -7.93066 -6.8154 -8.15617 -5.31714 -7.90245 -8.71817 -4.13617 -8.74909 -7.17129 -7.79311 -5.51552 -7.89629 -8.63032 -4.15225 -8.25328 -7.00588 -7.89673 -5.49304 -7.92629 -8.6747 -4.23316 -8.39895 -6.98531 -7.64925 -5.65814 -7.94895 -8.6846 -3.09878 -8.29292 -6.49377 -9.53032 -3.68918 -7.60514 -8.74668 -2.25387 -8.1901
98.155 -6.27899 -9.24926 -5.86104 -8.77851 -9.05696 -3.97143 -8.10783 -7.72055 -7.26097 -5.47502 -7.98895 -8.54733 -4.07907 -7.94108 -6.81726 -8.15588 -5.31745 -7.90288 -8.71779 -4.13626 -8.74207 -7.17126 -7.79281 -5.51562 -7.89637 -8.63034 -4.15228 -8.25382 -7.00573 -7.89686 -5.49305 -7.9263 -8.67474 -4.23313 -8.39905 -6.98537 -7.64924 -5.65812 -7.94895 -8.68459 -3.09879 -8.29284 -6.49376 -9.53031 -3.6892 -7.60515 -8.74669 -2.25387 -8.19012
98.205 -6.28092 -9.22772 -5.88456 -8.78665 -9.05766 -3.97461 -8.12699 -7.70892 -7.26607 -5.47837 -7.99314 -8.54991 -4.07889 -7.95056 -6.81918 -8.15551 -5.31773 -7.90329 -8.71739 -4.13636 -8.73511 -7.1712 -7.79252 -5.51572 -7.89644 -8.63036 -4.15231 -8.25441 -7.00559 -7.89698 -5.49307 -7.92632 -8.67478 -4.23311 -8.39914 -6.98542 -7.64922 -5.6581 -7.94895 -8.68457 -3.09881 -8.29276 -6.49375 -9.5303 -3.68922 -7.60515 -8.74669 -2.25387 -8.19014
98.255 -6.28159 -9.20716 -5.91054 -8.79445 -9.0587 -3.97759 -8.14541 -7.69769 -7.27126 -5.48159 -7.99786 -8.55258 -4.07864 -7.95913 -6.82115 -8.15507 -5.31798 -7.90369 -8.71697 -4.13647 -8.72823 -7.1711 -7.79224 -5.51584 -7.89651 -8.63039 -4.15234 -8.25503 -7.00545 -7.89711 -5.49308 -7.92633 -8.67482 -4.23308 -8.39922 -6.98548 -7.64921 -5.65808 -7.94895 -8.68456 -3.09882 -8.29268 -6.49375 -9.53029 -3.68925 -7.60515 -8.74669 -2.25387 -8.19016
98.305 -6.281 -9.18761 -5.93889 -8.80192 -9.06008 -3.98037 -8.16309 -7.68687 -7.27652 -5.48465 -8.00313 -8.55531 -4.07834 -7.96678 -6.82317 -8.15455 -5.3182 -7.90407 -8.71654 -4.13659 -8.72143 -7.17097 -7.79198 -5.51596 -7.89658 -8.63042 -4.15236 -8.25569 -7.00532 -7.89724 -5.49308 -7.92635 -8.67486 -4.23306 -8.39928 -6.98553 -7.64919 -5.65806 -7.94895 -8.68455 -3.09884 -8.2926 -6.49374 -9.53029 -3.68927 -7.60515 -8.74669 -2.25387 -8.19018
98.355 -6.27915 -9.16909 -5.96953 -8.80907 -9.06179 -3.98295 -8.18 -7.67647 -7.28185 -5.48756 -8.00894 -8.55812 -4.07799 -7.97353 -6.82524 -8.15397 -5.31841 -7.90444 -8.71609 -4.13673 -8.71474 -7.17082 -7.79174 -5.51609 -7.89664 -8.63047 -4.15237 -8.25638 -7.00519 -7.89737 -5.49308 -7.92636 -8.67489 -4.23304 -8.39933 -6.98559 -7.64917 -5.65804 -7.94894 -8.68453 -3.09886 -8.29252 -6.49373 -9.53028 -3.68929 -7.60515 -8.7467 -2.25387 -8.1902
98.405 -6.27605 -9.1516 -6.00239 -8.81591 -9.06383 -3.98534 -8.19614 -7.6665 -7.28723 -5.4903 -8.0153 -8.561 -4.07758 -7.97938 -6.82735 -8.15331 -5.31859 -7.90479 -8.71562 -4.13688 -8.70816 -7.17062 -7.79151 -5.51623 -7.8967 -8.63051 -4.15238 -8.25711 -7.00507 -7.89749 -5.49308 -7.92638 -8.67493 -4.23301 -8.39936 -6.98565 -7.64914 -5.65802 -7.94894 -8.68452 -3.09887 -8.29245 -6.49372 -9.53027 -3.68931 -7.60515 -8.7467 -2.25387 -8.19023
98.455 -6.27168 -9.13517 -6.03742 -8.82244 -9.06621 -3.98752 -8.21149 -7.65697 -7.29265 -5.49289 -8.02223 -8.56394 -4.07713 -7.98434 -6.8295 -8.15259 -5.31874 -7.90512 -8.71514 -4.13704 -8.70171 -7.1704 -7.7913 -5.51637 -7.89676 -8.63057 -4.15239 -8.25786 -7.00495 -7.89762 -5.49308 -7.92639 -8.67496 -4.23299 -8.39937 -6.9857 -7.64912 -5.658 -7.94894 -8.6845 -3.09889 -8.29238 -6.49371 -9.53027 -3.68933 -7.60515 -8.7467 -2.25387 -8.19025
98.505 -6.26606 -9.11981 -6.07457 -8.82868 -9.06894 -3.9895 -8.22603 -7.6479 -7.29811 -5.49531 -8.02973 -8.56695 -4.07662 -7.98841 -6.83168 -8.1518 -5.31888 -7.90544 -8.71465 -4.13721 -8.6954 -7.17014 -7.7911 -5.51653 -7.89682 -8.63063 -4.1524 -8.25865 -7.00485 -7.89775 -5.49307 -7.92641 -8.67499 -4.23297 -8.39938 -6.98576 -7.64909 -5.65798 -7.94894 -8.68449 -3.0989 -8.2923 -6.49369 -9.53026 -3.68934 -7.60515 -8.74671 -2.25387 -8.19027
98.555 -6.25915 -9.10554 -6.11381 -8.83463 -9.07201 -3.99127 -8.23974 -7.63929 -7.30359 -5.49757 -8.03781 -8.57002 -4.07607 -7.9916 -6.83388 -8.15095 -5.31899 -7.90574 -8.71414 -4.13739 -8.68924 -7.16986 -7.79092 -5.51668 -7.89687 -8.6307 -4.1524 -8.25946 -7.00475 -7.89787 -5.49306 -7.92643 -8.67502 -4.23294 -8.39936 -6.98582 -7.64907 -5.65797 -7.94893 -8.68448 -3.09892 -8.29224 -6.49368 -9.53026 -3.68936 -7.60515 -8.74671 -2.25387 -8.19029
98.605 -6.25094 -9.09238 -6.15512 -8.84029 -9.07543 -3.99284 -8.25262 -7.63115 -7.30907 -5.49965 -8.04651 -8.57316 -4.07548 -7.99391 -6.83611 -8.15003 -5.31909 -7.90602 -8.71362 -4.13758 -8.68323 -7.16954 -7.79076 -5.51685 -7.89692 -8.63077 -4.1524 -8.2603 -7.00465 -7.898 -5.49305 -7.92645 -8.67505 -4.23292 -8.39934 -6.98587 -7.64904 -5.65795 -7.94893 -8.68446 -3.09893 -8.29217 -6.49367 -9.53025 -3.68938 -7.60515 -8.74671 -2.25387 -8.19032
98.655 -6.24142 -9.08035 -6.19847 -8.84569 -9.07922 -3.99419 -8.26465 -7.6235 -7.31455 -5.50157 -8.05584 -8.57636 -4.07484 -7.99535 -6.83836 -8.14904 -5.31917 -7.90628 -8.7131 -4.13778 -8.67739 -7.1692 -7.79062 -5.51702 -7.89697 -8.63085 -4.15239 -8.26116 -7.00457 -7.89812 -5.49303 -7.92647 -8.67507 -4.2329 -8.39929 -6.98593 -7.64901 -5.65793 -7.94893 -8.68445 -3.09895 -8.29211 -6.49365 -9.53025 -3.6894 -7.60515 -8.74672 -2.25387 -8.19034
98.705 -6.23055 -9.06947 -6.24388 -8.85081 -9.08338 -3.99533 -8.2758 -7.61635 -7.32002 -5.50331 -8.06582 -8.57963 -4.07416 -7.99591 -6.84063 -8.148 -5.31923 -7.90652 -8.71257 -4.13798 -8.67173 -7.16882 -7.7905 -5.51719 -7.89702 -8.63094 -4.15238 -8.26205 -7.00449 -7.89824 -5.49301 -7.92649 -8.6751 -4.23288 -8.39924 -6.98598 -7.64898 -5.65792 -7.94892 -8.68443 -3.09896 -8.29205 -6.49364 -9.53025 -3.68941 -7.60515 -8.74672 -2.25387 -8.19037
98.755 -6.21832 -9.05976 -6.29134 -8.85568 -9.08793 -3.99626 -8.28607 -7.6097 -7.32546 -5.50487 -8.07649 -8.58297 -4.07344 -7.9956 -6.8429 -8.1469 -5.31927 -7.90674 -8.71203 -4.1382 -8.66625 -7.16842 -7.7904 -5.51738 -7.89707 -8.63103 -4.15237 -8.26296 -7.00442 -7.89836 -5.49298 -7.92651 -8.67512 -4.23286 -8.39916 -6.98604 -7.64895 -5.6579 -7.94892 -8.68442 -3.09898 -8.29199 -6.49362 -9.53025 -3.68943 -7.60515 -8.74673 -2.25387 -8.19039
98.805 -6.20468 -9.05124 -6.34089 -8.86029 -9.09288 -3.99697 -8.29544 -7.60357 -7.33087 -5.50625 -8.08788 -8.58638 -4.07268 -7.99442 -6.84517 -8.14575 -5.3193 -7.90695 -8.71148 -4.13843 -8.66097 -7.16798 -7.79032 -5.51756 -7.89711 -8.63113 -4.15235 -8.26389 -7.00436 -7.89848 -5.49296 -7.92653 -8.67514 -4.23284 -8.39908 -6.98609 -7.64891 -5.65788 -7.94891 -8.6844 -3.09899 -8.29194 -6.4936 -9.53025 -3.68944 -7.60515 -8.74673 -2.25387 -8.19041
98.855 -6.18959 -9.04396 -6.39255 -8.86465 -9.09824 -3.99745 -8.30388 -7.59796 -7.33622 -5.50745 -8.10002 -8.58987 -4.07188 -7.99235 -6.84744 -8.14454 -5.31931 -7.90713 -8.71093 -4.13866 -8.65589 -7.16753 -7.79025 -5.51775 -7.89715 -8.63123 -4.15233 -8.26483 -7.00431 -7.89859 -5.49293 -7.92655 -8.67516 -4.23282 -8.39898 -6.98615 -7.64888 -5.65787 -7.94891 -8.68439 -3.09901 -8.29189 -6.49359 -9.53025 -3.68946 -7.60515 -8.74674 -2.25387 -8.19044
98.905 -6.17302 -9.03792 -6.44636 -8.86876 -9.10405 -3.99771 -8.31137 -7.5929 -7.34151 -5.50847 -8.11295 -8.59344 -4.07104 -7.98941 -6.84971 -8.14328 -5.31931 -7.90729 -8.71038 -4.1389 -8.65102 -7.16704 -7.79021 -5.51795 -7.89719 -8.63134 -4.1523 -8.26579 -7.00427 -7.8987 -5.49289 -7.92657 -8.67518 -4.2328 -8.39886 -6.9862 -7.64884 -5.65785 -7.9489 -8.68437 -3.09902 -8.29184 -6.49357 -9.53026 -3.68947 -7.60515 -8.74674 -2.25387 -8.19046
98.955 -6.15492 -9.03318 -6.50238 -8.87263 -9.1103 -3.99773 -8.31789 -7.5884 -7.34672 -5.50931 -8.1267 -8.59709 -4.07017 -7.98557 -6.85196 -8.14197 -5.31929 -7.90744 -8.70982 -4.13915 -8.64638 -7.16653 -7.79018 -5.51815 -7.89723 -8.63145 -4.15227 -8.26676 -7.00423 -7.89881 -5.49286 -7.92659 -8.67519 -4.23278 -8.39873 -6.98625 -7.64881 -5.65784 -7.94889 -8.68436 -3.09904 -8.29179 -6.49355 -9.53026 -3.68948 -7.60514 -8.74675 -2.25386 -8.19049
99.005 -6.13524 -9.02975 -6.56066 -8.87626 -9.11704 -3.99751 -8.32341 -7.58447 -7.35185 -5.50996 -8.14132 -8.60083 -4.06926 -7.98083 -6.8542 -8.14062 -5.31926 -7.90756 -8.70926 -4.1394 -8.64195 -7.166 -7.79018 -5.51835 -7.89726 -8.63157 -4.15224 -8.26775 -7.00421 -7.89892 -5.49282 -7.92661 -8.67521 -4.23276 -8.39859 -6.9863 -7.64877 -5.65783 -7.94889 -8.68435 -3.09905 -8.29175 -6.49353 -9.53026 -3.68949 -7.60514 -8.74675 -2.25386 -8.19051
99.055 -6.11392 -9.02768 -6.62129 -8.87965 -9.12427 -3.99706 -8.32792 -7.58112 -7.35689 -5.51043 -8.15686 -8.60467 -4.0683 -7.97519 -6.85642 -8.13922 -5.31922 -7.90766 -8.70871 -4.13966 -8.63777 -7.16544 -7.7902 -5.51855 -7.8973 -8.6317 -4.1522 -8.26874 -7.00419 -7.89902 -5.49278 -7.92664 -8.67522 -4.23275 -8.39843 -6.98635 -7.64873 -5.65781 -7.94888 -8.68433 -3.09906 -8.29172 -6.49351 -9.53027 -3.6895 -7.60514 -8.74676 -2.25386 -8.19053
99.105 -6.09092 -9.02701 -6.68433 -8.88279 -9.13202 -3.99635 -8.33137 -7.57837 -7.36181 -5.5107 -8.17335 -8.60861 -4.06731 -7.96861 -6.8586 -8.13778 -5.31916 -7.90774 -8.70815 -4.13993 -8.63382 -7.16486 -7.79023 -5.51876 -7.89733 -8.63183 -4.15216 -8.26974 -7.00419 -7.89912 -5.49273 -7.92666 -8.67522 -4.23273 -8.39826 -6.9864 -7.6487 -5.6578 -7.94887 -8.68432 -3.09908 -8.29168 -6.49349 -9.53027 -3.68951 -7.60514 -8.74676 -2.25386 -8.19056
99.155 -6.06617 -9.02779 -6.74986 -8.88569 -9.14032 -3.99538 -8.33374 -7.57624 -7.36661 -5.51079 -8.19084 -8.61266 -4.06628 -7.9611 -6.86076 -8.13631 -5.31908 -7.9078 -8.7076 -4.1402 -8.63012 -7.16426 -7.79029 -5.51897 -7.89736 -8.63196 -4.15212 -8.27074 -7.00419 -7.89922 -5.49268 -7.92668 -8.67523 -4.23272 -8.39807 -6.98645 -7.64866 -5.65779 -7.94887 -8.68431 -3.09909 -8.29165 -6.49347 -9.53028 -3.68952 -7.60514 -8.74677 -2.25386 -8.19058
99.205 -6.03962 -9.03005 -6.81798 -8.88834 -9.1492 -3.99415 -8.335 -7.57474 -7.37127 -5.51068 -8.20937 -8.61682 -4.06522 -7.95263 -6.86288 -8.1348 -5.319 -7.90784 -8.70706 -4.14047 -8.62668 -7.16365 -7.79037 -5.51918 -7.89738 -8.6321 -4.15207 -8.27175 -7.0042 -7.89931 -5.49263 -7.9267 -8.67524 -4.2327 -8.39787 -6.9865 -7.64862 -5.65778 -7.94886 -8.68429 -3.0991 -8.29163 -6.49345 -9.53029 -3.68953 -7.60513 -8.74678 -2.25386 -8.1906
99.255 -6.01123 -9.03385 -6.88876 -8.89074 -9.15866 -3.99265 -8.33511 -7.5739 -7.37579 -5.51037 -8.22898 -8.6211 -4.06411 -7.94319 -6.86496 -8.13326 -5.31889 -7.90785 -8.70651 -4.14075 -8.62351 -7.16301 -7.79047 -5.51939 -7.89741 -8.63224 -4.15202 -8.27275 -7.00422 -7.89939 -5.49258 -7.92672 -8.67524 -4.23269 -8.39766 -6.98654 -7.64858 -5.65777 -7.94885 -8.68428 -3.09911 -8.2916 -6.49343 -9.5303 -3.68953 -7.60513 -8.74678 -2.25385 -8.19062
99.305 -5.98093 -9.03923 -6.96228 -8.89287 -9.16875 -3.99087 -8.33403 -7.57374 -7.38014 -5.50987 -8.2497 -8.6255 -4.06295 -7.93274 -6.86698 -8.1317 -5.31877 -7.90784 -8.70598 -4.14103 -8.62061 -7.16236 -7.79059 -5.5196 -7.89743 -8.63238 -4.15197 -8.27376 -7.00424 -7.89948 -5.49253 -7.92675 -8.67524 -4.23268 -8.39744 -6.98658 -7.64854 -5.65776 -7.94884 -8.68427 -3.09912 -8.29159 -6.49341 -9.53031 -3.68954 -7.60513 -8.74679 -2.25385 -8.19065
99.355 -5.94871 -9.04625 -7.03863 -8.89473 -9.17947 -3.98881 -8.33172 -7.57427 -7.38432 -5.50917 -8.27154 -8.63003 -4.06176 -7.92128 -6.86896 -8.13011 -5.31863 -7.90781 -8.70545 -4.14131 -8.61799 -7.16169 -7.79072 -5.51982 -7.89745 -8.63253 -4.15191 -8.27475 -7.00428 -7.89955 -5.49247 -7.92677 -8.67524 -4.23266 -8.39721 -6.98662 -7.6485 -5.65776 -7.94883 -8.68426 -3.09913 -8.29157 -6.49339 -9.53032 -3.68954 -7.60512 -8.74679 -2.25385 -8.19067
99.405 -5.91452 -9.05496 -7.11786 -8.8963 -9.19084 -3.98644 -8.32815 -7.57551 -7.38832 -5.50827 -8.29453 -8.63468 -4.06052 -7.90879 -6.87088 -8.1285 -5.31848 -7.90776 -8.70494 -4.14159 -8.61566 -7.16101 -7.79088 -5.52003 -7.89746 -8.63268 -4.15185 -8.27574 -7.00433 -7.89963 -5.49241 -7.92679 -8.67523 -4.23265 -8.39697 -6.98666 -7.64846 -5.65775 -7.94883 -8.68424 -3.09914 -8.29156 -6.49337 -9.53033 -3.68955 -7.60512 -8.7468 -2.25385 -8.19069
99.455 -5.87837 -9.0654 -7.2 -8.89756 -9.20287 -3.98377 -8.32328 -7.5775 -7.39212 -5.50716 -8.31864 -8.63946 -4.05923 -7.89523 -6.87273 -8.12688 -5.3183 -7.90768 -8.70443 -4.14187 -8.61362 -7.16032 -7.79106 -5.52024 -7.89747 -8.63283 -4.15179 -8.27673 -7.00438 -7.8997 -5.49235 -7.92681 -8.67523 -4.23264 -8.39671 -6.9867 -7.64842 -5.65774 -7.94882 -8.68423 -3.09915 -8.29156 -6.49334 -9.53034 -3.68955 -7.60512 -8.7468 -2.25384 -8.19071
99.505 -5.84027 -9.07763 -7.28507 -8.8985 -9.21557 -3.98079 -8.31706 -7.58024 -7.3957 -5.50584 -8.34386 -8.64436 -4.0579 -7.8806 -6.87452 -8.12524 -5.31811 -7.90757 -8.70393 -4.14216 -8.61189 -7.15961 -7.79125 -5.52045 -7.89748 -8.63299 -4.15172 -8.2777 -7.00445 -7.89976 -5.49228 -7.92683 -8.67522 -4.23264 -8.39645 -6.98673 -7.64838 -5.65774 -7.94881 -8.68422 -3.09916 -8.29156 -6.49332 -9.53035 -3.68955 -7.60511 -8.74681 -2.25384 -8.19073
99.555 -5.80027 -9.09169 -7.37303 -8.89907 -9.22892 -3.9775 -8.30946 -7.58377 -7.39906 -5.50431 -8.37013 -8.64936 -4.05653 -7.86487 -6.87623 -8.1236 -5.31789 -7.90745 -8.70345 -4.14244 -8.61048 -7.1589 -7.79146 -5.52066 -7.89749 -8.63314 -4.15166 -8.27865 -7.00452 -7.89982 -5.49222 -7.92686 -8.67521 -4.23263 -8.39617 -6.98676 -7.64834 -5.65773 -7.9488 -8.68421 -3.09917 -8.29156 -6.4933 -9.53036 -3.68955 -7.60511 -8.74682 -2.25384 -8.19075
99.605 -5.75843 -9.10762 -7.46381 -8.89926 -9.2429 -3.97388 -8.30044 -7.58809 -7.40219 -5.50257 -8.39735 -8.65446 -4.0551 -7.84804 -6.87786 -8.12194 -5.31765 -7.90729 -8.70298 -4.14272 -8.60939 -7.15818 -7.7917 -5.52087 -7.89749 -8.6333 -4.15159 -8.27959 -7.0046 -7.89987 -5.49215 -7.92688 -8.67519 -4.23262 -8.39589 -6.98679 -7.6483 -5.65773 -7.94879 -8.6842 -3.09918 -8.29156 -6.49328 -9.53038 -3.68955 -7.60511 -8.74682 -2.25384 -8.19076
99.655 -5.71489 -9.12544 -7.55728 -8.89902 -9.25747 -3.96993 -8.28997 -7.59324 -7.40506 -5.50062 -8.42542 -8.65963 -4.05363 -7.83011 -6.8794 -8.12029 -5.31738 -7.90712 -8.70253 -4.14301 -8.60863 -7.15745 -7.79195 -5.52107 -7.89748 -8.63346 -4.15151 -8.28051 -7.00469 -7.89992 -5.49208 -7.9269 -8.67518 -4.23262 -8.3956 -6.98682 -7.64826 -5.65773 -7.94878 -8.68419 -3.09919 -8.29158 -6.49326 -9.53039 -3.68955 -7.6051 -8.74683 -2.25383 -8.19078
99.705 -5.6698 -9.14516 -7.65323 -8.89831 -9.27257 -3.96565 -8.27804 -7.59922 -7.40767 -5.49844 -8.45419 -8.66485 -4.05211 -7.81108 -6.88086 -8.11864 -5.31709 -7.90691 -8.7021 -4.14328 -8.60821 -7.15672 -7.79221 -5.52127 -7.89748 -8.63362 -4.15144 -8.28141 -7.00479 -7.89996 -5.49201 -7.92692 -8.67516 -4.23261 -8.3953 -6.98684 -7.64822 -5.65773 -7.94877 -8.68419 -3.09919 -8.29159 -6.49324 -9.53041 -3.68954 -7.6051 -8.74683 -2.25383 -8.1908
99.755 -5.62336 -9.16678 -7.7514 -8.8971 -9.28814 -3.96105 -8.26461 -7.60604 -7.41001 -5.49605 -8.48345 -8.67008 -4.05055 -7.79097 -6.88222 -8.11699 -5.31677 -7.90668 -8.70168 -4.14356 -8.60814 -7.15599 -7.7925 -5.52147 -7.89746 -8.63378 -4.15136 -8.28228 -7.0049 -7.89999 -5.49194 -7.92694 -8.67514 -4.23261 -8.395 -6.98687 -7.64818 -5.65773 -7.94876 -8.68418 -3.0992 -8.29161 -6.49322 -9.53042 -3.68954 -7.60509 -8.74684 -2.25383 -8.19081
99.805 -5.57582 -9.19029 -7.85143 -8.89531 -9.30407 -3.95613 -8.2497 -7.61372 -7.41207 -5.49343 -8.51299 -8.67528 -4.04895 -7.7698 -6.88348 -8.11536 -5.31641 -7.90643 -8.70128 -4.14383 -8.60843 -7.15526 -7.7928 -5.52166 -7.89745 -8.63394 -4.15128 -8.28313 -7.00501 -7.90002 -5.49187 -7.92696 -8.67512 -4.23261 -8.39468 -6.98689 -7.64814 -5.65773 -7.94875 -8.68417 -3.0992 -8.29163 -6.49319 -9.53044 -3.68954 -7.60509 -8.74685 -2.25382 -8.19083
99.855 -5.52747 -9.21563 -7.95291 -8.89291 -9.32026 -3.95089 -8.2333 -7.62224 -7.41382 -5.4906 -8.54256 -8.68041 -4.04731 -7.74761 -6.88463 -8.11374 -5.31603 -7.90614 -8.7009 -4.1441 -8.60908 -7.15452 -7.79311 -5.52185 -7.89742 -8.63409 -4.1512 -8.28395 -7.00513 -7.90004 -5.49179 -7.92697 -8.6751 -4.23261 -8.39437 -6.98691 -7.6481 -5.65773 -7.94874 -8.68416 -3.09921 -8.29166 -6.49317 -9.53045 -3.68953 -7.60509 -8.74685 -2.25382 -8.19084
99.905 -5.47863 -9.24276 -8.05531 -8.88983 -9.33657 -3.94535 -8.21544 -7.63161 -7.41528 -5.48755 -8.57189 -8.68541 -4.04564 -7.72447 -6.88568 -8.11214 -5.31562 -7.90584 -8.70054 -4.14436 -8.6101 -7.15379 -7.79344 -5.52203 -7.89739 -8.63425 -4.15112 -8.28474 -7.00526 -7.90006 -5.49172 -7.92699 -8.67507 -4.23261 -8.39404 -6.98692 -7.64806 -5.65773 -7.94874 -8.68416 -3.09921 -8.29169 -6.49315 -9.53047 -3.68952 -7.60508 -8.74686 -2.25382 -8.19085
99.955 -5.42965 -9.27157 -8.15808 -8.88602 -9.35287 -3.93954 -8.19617 -7.64181 -7.41641 -5.48428 -8.6007 -8.69024 -4.04395 -7.70044 -6.88661 -8.11056 -5.31518 -7.9055 -8.70021 -4.14462 -8.61151 -7.15307 -7.79378 -5.52221 -7.89736 -8.63441 -4.15103 -8.2855 -7.00539 -7.90007 -5.49164 -7.92701 -8.67505 -4.23261 -8.39372 -6.98693 -7.64803 -5.65773 -7.94873 -8.68415 -3.09921 -8.29173 -6.49313 -9.53049 -3.68951 -7.60508 -8.74686 -2.25381 -8.19087
100.005 -5.38089 -9.30196 -8.26059 -8.88142 -9.36901 -3.93347 -8.17553 -7.65281 -7.41723 -5.4808 -8.62872 -8.69483 -4.04224 -7.67562 -6.88742 -8.10901 -5.3147 -7.90514 -8.6999 -4.14487 -8.61329 -7.15235 -7.79414 -5.52239 -7.89732 -8.63456 -4.15095 -8.28622 -7.00554 -7.90008 -5.49157 -7.92703 -8.67502 -4.23261 -8.39339 -6.98694 -7.64799 -5.65774 -7.94872 -8.68415 -3.09922 -8.29177 -6.49311 -9.53051 -3.68951 -7.60507 -8.74687 -2.25381 -8.19088
100.055 -5.33269 -9.3338 -8.36217 -8.876 -9.38483 -3.92717 -8.1536 -7.66458 -7.41772 -5.47712 -8.65569 -8.69915 -4.04053 -7.65009 -6.88811 -8.10749 -5.3142 -7.90476 -8.69961 -4.14512 -8.61545 -7.15163 -7.79451 -5.52255 -7.89728 -8.63471 -4.15086 -8.2869 -7.00569 -7.90008 -5.49149 -7.92704 -8.67499 -4.23262 -8.39305 -6.98695 -7.64796 -5.65774 -7.94871 -8.68414 -3.09922 -8.29181 -6.49309 -9.53053 -3.6895 -7.60507 -8.74687 -2.25381 -8.19089
100.105 -5.28539 -9.36694 -8.46215 -8.8697 -9.40019 -3.92067 -8.13047 -7.67708 -7.41788 -5.47324 -8.68139 -8.70314 -4.03883 -7.62399 -6.88868 -8.106 -5.31367 -7.90435 -8.69935 -4.14535 -8.618 -7.15093 -7.79489 -5.52271 -7.89723 -8.63486 -4.15078 -8.28755 -7.00584 -7.90007 -5.49142 -7.92706 -8.67496 -4.23262 -8.39272 -6.98695 -7.64792 -5.65775 -7.9487 -8.68414 -3.09922 -8.29186 -6.49308 -9.53054 -3.68949 -7.60506 -8.74688 -2.2538 -8.1909
100.155 -5.23931 -9.4012 -8.55984 -8.86251 -9.41496 -3.914 -8.10624 -7.69026 -7.41771 -5.46917 -8.70562 -8.70676 -4.03714 -7.59744 -6.88912 -8.10456 -5.31311 -7.90391 -8.69912 -4.14558 -8.62094 -7.15024 -7.79528 -5.52286 -7.89717 -8.635 -4.15069 -8.28815 -7.006 -7.90006 -5.49134 -7.92707 -8.67492 -4.23263 -8.39238 -6.98696 -7.64789 -5.65775 -7.94869 -8.68413 -3.09922 -8.29191 -6.49306 -9.53056 -3.68947 -7.60506 -8.74688 -2.2538 -8.1909
100.205 -5.19471 -9.43641 -8.65458 -8.85441 -9.42902 -3.90721 -8.08103 -7.70407 -7.4172 -5.46493 -8.72825 -8.70999 -4.03548 -7.57056 -6.88942 -8.10315 -5.31253 -7.90346 -8.69891 -4.1458 -8.62425 -7.14956 -7.79569 -5.52301 -7.89711 -8.63514 -4.1506 -8.28871 -7.00617 -7.90004 -5.49127 -7.92708 -8.67489 -4.23264 -8.39205 -6.98695 -7.64786 -5.65776 -7.94868 -8.68413 -3.09922 -8.29196 -6.49304 -9.53058 -3.68946 -7.60505 -8.74689 -2.2538 -8.19091
100.255 -5.15182 -9.47238 -8.74576 -8.84539 -9.44229 -3.90033 -8.05496 -7.71844 -7.41637 -5.46053 -8.74917 -8.71281 -4.03386 -7.54349 -6.8896 -8.1018 -5.31192 -7.90299 -8.69874 -4.14601 -8.62793 -7.1489 -7.7961 -5.52315 -7.89704 -8.63528 -4.15052 -8.28922 -7.00634 -7.90001 -5.49119 -7.9271 -8.67485 -4.23264 -8.39171 -6.98695 -7.64783 -5.65777 -7.94867 -8.68413 -3.09921 -8.29202 -6.49302 -9.5306 -3.68945 -7.60505 -8.74689 -2.25379 -8.19092
100.305 -5.1108 -9.50892 -8.83279 -8.83548 -9.45467 -3.8934 -8.02817 -7.73329 -7.41521 -5.45599 -8.76834 -8.71521 -4.03229 -7.51636 -6.88964 -8.10049 -5.3113 -7.9025 -8.69859 -4.14622 -8.63198 -7.14826 -7.79652 -5.52328 -7.89697 -8.63541 -4.15043 -8.28969 -7.00652 -7.89998 -5.49112 -7.92711 -8.67481 -4.23265 -8.39137 -6.98694 -7.6478 -5.65778 -7.94866 -8.68413 -3.09921 -8.29208 -6.49301 -9.53062 -3.68943 -7.60504 -8.7469 -2.25379 -8.19092
100.355 -5.07179 -9.54585 -8.91518 -8.8247 -9.46614 -3.88646 -8.00078 -7.74857 -7.41372 -5.45133 -8.78574 -8.71719 -4.03077 -7.48932 -6.88955 -8.09924 -5.31067 -7.90199 -8.69847 -4.14641 -8.63639 -7.14763 -7.79694 -5.5234 -7.89689 -8.63554 -4.15034 -8.2901 -7.0067 -7.89994 -5.49104 -7.92712 -8.67477 -4.23266 -8.39104 -6.98693 -7.64777 -5.65779 -7.94865 -8.68413 -3.09921 -8.29214 -6.49299 -9.53064 -3.68942 -7.60504 -8.7469 -2.25378 -8.19092
100.405 -5.03487 -9.58299 -8.9925 -8.8131 -9.47666 -3.87954 -7.97294 -7.7642 -7.41193 -5.44656 -8.80142 -8.71876 -4.02933 -7.46248 -6.88933 -8.09805 -5.31003 -7.90147 -8.69838 -4.14659 -8.64114 -7.14703 -7.79738 -5.52351 -7.89681 -8.63566 -4.15026 -8.29047 -7.00688 -7.8999 -5.49097 -7.92713 -8.67473 -4.23268 -8.39071 -6.98692 -7.64775 -5.6578 -7.94865 -8.68413 -3.09921 -8.29221 -6.49297 -9.53066 -3.6894 -7.60503 -8.7469 -2.25378 -8.19093
100.455 -5.00007 -9.62016 -9.0644 -8.80074 -9.48623 -3.87267 -7.94477 -7.7801 -7.40983 -5.4417 -8.81541 -8.71994 -4.02796 -7.43596 -6.88898 -8.09692 -5.30938 -7.90094 -8.69833 -4.14675 -8.64621 -7.14645 -7.79781 -5.52361 -7.89673 -8.63578 -4.15017 -8.29078 -7.00707 -7.89985 -5.4909 -7.92714 -8.67469 -4.23269 -8.39039 -6.98691 -7.64772 -5.65781 -7.94864 -8.68413 -3.0992 -8.29228 -6.49296 -9.53068 -3.68939 -7.60503 -8.74691 -2.25378 -8.19093
100.505 -4.96739 -9.65721 -9.1306 -8.78768 -9.49485 -3.8659 -7.91641 -7.79621 -7.40743 -5.43678 -8.82781 -8.72075 -4.02667 -7.40988 -6.8885 -8.09585 -5.30873 -7.9004 -8.6983 -4.14691 -8.65159 -7.14589 -7.79825 -5.52371 -7.89665 -8.63589 -4.15009 -8.29104 -7.00726 -7.89979 -5.49083 -7.92714 -8.67465 -4.2327 -8.39006 -6.98689 -7.6477 -5.65782 -7.94863 -8.68413 -3.0992 -8.29235 -6.49295 -9.5307 -3.68937 -7.60503 -8.74691 -2.25377 -8.19093
100.555 -4.93682 -9.69397 -9.1909 -8.774 -9.50255 -3.85923 -7.88797 -7.81244 -7.40476 -5.43181 -8.83871 -8.72122 -4.02547 -7.38432 -6.8879 -8.09485 -5.30808 -7.89986 -8.69831 -4.14705 -8.65726 -7.14535 -7.7987 -5.52379 -7.89656 -8.63599 -4.15 -8.29125 -7.00745 -7.89973 -5.49076 -7.92715 -8.6746 -4.23272 -8.38975 -6.98687 -7.64768 -5.65784 -7.94862 -8.68413 -3.09919 -8.29242 -6.49293 -9.53072 -3.68935 -7.60502 -8.74691 -2.25377 -8.19093
100.605 -4.90831 -9.73033 -9.24516 -8.75979 -9.50938 -3.85271 -7.85957 -7.82874 -7.40182 -5.42682 -8.8482 -8.72138 -4.02436 -7.35937 -6.88717 -8.09392 -5.30744 -7.89931 -8.69834 -4.14718 -8.66319 -7.14485 -7.79915 -5.52386 -7.89647 -8.63609 -4.14992 -8.2914 -7.00765 -7.89967 -5.49069 -7.92716 -8.67456 -4.23273 -8.38944 -6.98685 -7.64766 -5.65785 -7.94861 -8.68414 -3.09918 -8.2925 -6.49292 -9.53074 -3.68933 -7.60502 -8.74692 -2.25377 -8.19092
100.655 -4.8818 -9.76616 -9.29332 -8.74512 -9.51538 -3.84635 -7.83131 -7.84505 -7.39863 -5.42183 -8.8564 -8.72126 -4.02334 -7.33511 -6.88632 -8.09306 -5.30681 -7.89876 -8.69841 -4.1473 -8.66938 -7.14437 -7.79959 -5.52393 -7.89638 -8.63619 -4.14984 -8.29149 -7.00784 -7.89959 -5.49063 -7.92716 -8.67451 -4.23275 -8.38913 -6.98682 -7.64764 -5.65786 -7.94861 -8.68414 -3.09918 -8.29258 -6.49291 -9.53076 -3.68931 -7.60501 -8.74692 -2.25376 -8.19092
100.705 -4.85722 -9.80136 -9.33536 -8.73009 -9.52059 -3.84017 -7.80329 -7.86129 -7.3952 -5.41686 -8.8634 -8.72089 -4.02241 -7.31159 -6.88536 -8.09228 -5.30619 -7.89822 -8.69851 -4.14741 -8.67578 -7.14392 -7.80004 -5.52398 -7.89629 -8.63627 -4.14976 -8.29154 -7.00804 -7.89952 -5.49056 -7.92716 -8.67446 -4.23277 -8.38884 -6.9868 -7.64763 -5.65788 -7.9486 -8.68415 -3.09917 -8.29266 -6.4929 -9.53078 -3.68929 -7.60501 -8.74692 -2.25376 -8.19092
100.755 -4.83449 -9.83582 -9.37135 -8.71478 -9.52507 -3.83417 -7.77559 -7.87743 -7.39155 -5.41192 -8.8693 -8.72029 -4.02158 -7.28888 -6.88428 -8.09157 -5.3056 -7.89768 -8.69864 -4.1475 -8.68239 -7.1435 -7.80049 -5.52402 -7.89619 -8.63635 -4.14969 -8.29152 -7.00824 -7.89944 -5.4905 -7.92716 -8.67442 -4.23278 -8.38855 -6.98677 -7.64761 -5.65789 -7.94859 -8.68415 -3.09916 -8.29274 -6.49289 -9.53079 -3.68927 -7.605 -8.74692 -2.25376 -8.19091
100.805 -4.81353 -9.86948 -9.40135 -8.69928 -9.52887 -3.82838 -7.74829 -7.89341 -7.3877 -5.40703 -8.8742 -8.7195 -4.02083 -7.267 -6.88311 -8.09094 -5.30502 -7.89714 -8.69879 -4.14757 -8.68917 -7.14311 -7.80093 -5.52406 -7.8961 -8.63643 -4.14961 -8.29145 -7.00844 -7.89935 -5.49044 -7.92716 -8.67437 -4.2328 -8.38827 -6.98673 -7.6476 -5.65791 -7.94859 -8.68416 -3.09915 -8.29283 -6.49288 -9.53081 -3.68925 -7.605 -8.74693 -2.25375 -8.1909
100.855 -4.79427 -9.90227 -9.42549 -8.68367 -9.53204 -3.82281 -7.72146 -7.90918 -7.38366 -5.40222 -8.87817 -8.71854 -4.02017 -7.24599 -6.88183 -8.09039 -5.30446 -7.89662 -8.69898 -4.14763 -8.69611 -7.14276 -7.80137 -5.52408 -7.89601 -8.63649 -4.14954 -8.29133 -7.00864 -7.89926 -5.49038 -7.92716 -8.67432 -4.23282 -8.38801 -6.9867 -7.64759 -5.65793 -7.94858 -8.68416 -3.09914 -8.29292 -6.49288 -9.53083 -3.68923 -7.605 -8.74693 -2.25375 -8.1909
100.905 -4.77663 -9.93412 -9.44394 -8.66802 -9.53464 -3.81745 -7.69514 -7.9247 -7.37944 -5.39749 -8.88129 -8.71744 -4.01959 -7.22587 -6.88046 -8.08992 -5.30393 -7.8961 -8.69919 -4.14768 -8.70318 -7.14244 -7.8018 -5.52409 -7.89592 -8.63655 -4.14947 -8.29115 -7.00884 -7.89916 -5.49033 -7.92716 -8.67428 -4.23284 -8.38775 -6.98666 -7.64758 -5.65794 -7.94858 -8.68417 -3.09913 -8.293 -6.49287 -9.53085 -3.68921 -7.60499 -8.74693 -2.25375 -8.19089
100.955 -4.76055 -9.965 -9.45687 -8.65241 -9.53671 -3.81231 -7.66941 -7.93995 -7.37507 -5.39286 -8.88363 -8.7162 -4.01909 -7.20667 -6.879 -8.08953 -5.30342 -7.8956 -8.69943 -4.14771 -8.71034 -7.14215 -7.80223 -5.52408 -7.89583 -8.63661 -4.1494 -8.29092 -7.00903 -7.89906 -5.49028 -7.92716 -8.67423 -4.23286 -8.3875 -6.98662 -7.64757 -5.65796 -7.94857 -8.68418 -3.09912 -8.29309 -6.49286 -9.53087 -3.68919 -7.60499 -8.74693 -2.25375 -8.19088
101.005 -4.74595 -9.99486 -9.46448 -8.6369 -9.5383 -3.8074 -7.64429 -7.95488 -7.37056 -5.38834 -8.88525 -8.71485 -4.01868 -7.18838 -6.87746 -8.08922 -5.30293 -7.89511 -8.6997 -4.14773 -8.7176 -7.14189 -7.80265 -5.52407 -7.89575 -8.63665 -4.14934 -8.29064 -7.00923 -7.89896 -5.49023 -7.92715 -8.67418 -4.23289 -8.38727 -6.98658 -7.64757 -5.65798 -7.94857 -8.68419 -3.09911 -8.29318 -6.49286 -9.53088 -3.68917 -7.60498 -8.74693 -2.25374 -8.19087
101.055 -4.73278 -10.0237 -9.46699 -8.62155 -9.53945 -3.80271 -7.61982 -7.96948 -7.36593 -5.38395 -8.88619 -8.71341 -4.01834 -7.17102 -6.87584 -8.089 -5.30248 -7.89463 -8.69999 -4.14773 -8.7249 -7.14168 -7.80307 -5.52405 -7.89566 -8.63669 -4.14927 -8.29031 -7.00942 -7.89885 -5.49018 -7.92715 -8.67413 -4.23291 -8.38705 -6.98654 -7.64757 -5.658 -7.94856 -8.6842 -3.0991 -8.29327 -6.49286 -9.5309 -3.68914 -7.60498 -8.74693 -2.25374 -8.19085
101.105 -4.72098 -10.0514 -9.46462 -8.60642 -9.54019 -3.79826 -7.59604 -7.98371 -7.36118 -5.37968 -8.8865 -8.71188 -4.01807 -7.15458 -6.87416 -8.08885 -5.30205 -7.89417 -8.7003 -4.14772 -8.73225 -7.14149 -7.80347 -5.52402 -7.89558 -8.63672 -4.14922 -8.28993 -7.00961 -7.89874 -5.49014 -7.92714 -8.67409 -4.23293 -8.38684 -6.98649 -7.64756 -5.65802 -7.94856 -8.68421 -3.09908 -8.29336 -6.49285 -9.53092 -3.68912 -7.60498 -8.74693 -2.25374 -8.19084
101.155 -4.7105 -10.0781 -9.45761 -8.59155 -9.54055 -3.79403 -7.57297 -7.99756 -7.35635 -5.37556 -8.88621 -8.71028 -4.01786 -7.13906 -6.87241 -8.08879 -5.30164 -7.89373 -8.70063 -4.1477 -8.73961 -7.14135 -7.80387 -5.52397 -7.89549 -8.63674 -4.14916 -8.2895 -7.0098 -7.89863 -5.4901 -7.92713 -8.67404 -4.23295 -8.38664 -6.98645 -7.64757 -5.65804 -7.94856 -8.68422 -3.09907 -8.29345 -6.49285 -9.53093 -3.6891 -7.60497 -8.74693 -2.25374 -8.19083
101.205 -4.70131 -10.1037 -9.44619 -8.57699 -9.54057 -3.79002 -7.55063 -8.01101 -7.35143 -5.37159 -8.88535 -8.70861 -4.01772 -7.12446 -6.8706 -8.0888 -5.30126 -7.8933 -8.70099 -4.14766 -8.74697 -7.14123 -7.80425 -5.52391 -7.89541 -8.63676 -4.14911 -8.28902 -7.00998 -7.89851 -5.49006 -7.92713 -8.67399 -4.23298 -8.38646 -6.9864 -7.64757 -5.65806 -7.94855 -8.68423 -3.09906 -8.29354 -6.49285 -9.53095 -3.68908 -7.60497 -8.74693 -2.25373 -8.19081
101.255 -4.69336 -10.1282 -9.4306 -8.56278 -9.54028 -3.78624 -7.52904 -8.02405 -7.34645 -5.36777 -8.88394 -8.70688 -4.01764 -7.11076 -6.86874 -8.0889 -5.30091 -7.89288 -8.70136 -4.1476 -8.75431 -7.14116 -7.80462 -5.52385 -7.89533 -8.63677 -4.14906 -8.2885 -7.01016 -7.89839 -5.49003 -7.92712 -8.67395 -4.233 -8.3863 -6.98635 -7.64757 -5.65808 -7.94855 -8.68424 -3.09904 -8.29364 -6.49285 -9.53096 -3.68905 -7.60497 -8.74693 -2.25373 -8.19079
101.305 -4.68662 -10.1516 -9.41105 -8.54894 -9.53968 -3.78268 -7.50821 -8.03665 -7.34142 -5.3641 -8.882 -8.7051 -4.01762 -7.09797 -6.86683 -8.08907 -5.30058 -7.89249 -8.70175 -4.14753 -8.7616 -7.14112 -7.80498 -5.52377 -7.89526 -8.63677 -4.14901 -8.28794 -7.01034 -7.89827 -5.48999 -7.9271 -8.6739 -4.23303 -8.38614 -6.9863 -7.64758 -5.6581 -7.94855 -8.68425 -3.09903 -8.29373 -6.49285 -9.53097 -3.68903 -7.60497 -8.74693 -2.25373 -8.19078
101.355 -4.68107 -10.1739 -9.38779 -8.53551 -9.53881 -3.77934 -7.48814 -8.04882 -7.33634 -5.36061 -8.87953 -8.70326 -4.01765 -7.08606 -6.86488 -8.08933 -5.30027 -7.89211 -8.70216 -4.14745 -8.76883 -7.14111 -7.80533 -5.52368 -7.89518 -8.63676 -4.14897 -8.28734 -7.01051 -7.89814 -5.48997 -7.92709 -8.67386 -4.23305 -8.38601 -6.98625 -7.64759 -5.65812 -7.94855 -8.68426 -3.09902 -8.29382 -6.49286 -9.53099 -3.68901 -7.60496 -8.74693 -2.25373 -8.19076
101.405 -4.67669 -10.1951 -9.36103 -8.52251 -9.53768 -3.77621 -7.46886 -8.06055 -7.33124 -5.35727 -8.87655 -8.70138 -4.01773 -7.07503 -6.8629 -8.08965 -5.29998 -7.89175 -8.70258 -4.14736 -8.77599 -7.14114 -7.80566 -5.52358 -7.89511 -8.63674 -4.14894 -8.2867 -7.01067 -7.89802 -5.48994 -7.92708 -8.67381 -4.23307 -8.38589 -6.98619 -7.6476 -5.65814 -7.94855 -8.68427 -3.099 -8.2939 -6.49286 -9.531 -3.68899 -7.60496 -8.74693 -2.25373 -8.19074
101.455 -4.67346 -10.2152 -9.33098 -8.50995 -9.53631 -3.77329 -7.45036 -8.07182 -7.32613 -5.35411 -8.87307 -8.69945 -4.01786 -7.06486 -6.86089 -8.09006 -5.29972 -7.89141 -8.70302 -4.14725 -8.78306 -7.14121 -7.80598 -5.52348 -7.89504 -8.63672 -4.1489 -8.28603 -7.01083 -7.89789 -5.48992 -7.92707 -8.67377 -4.2331 -8.38578 -6.98614 -7.64761 -5.65816 -7.94855 -8.68429 -3.09899 -8.29399 -6.49287 -9.53101 -3.68897 -7.60496 -8.74693 -2.25373 -8.19072
101.505 -4.67136 -10.2342 -9.29784 -8.49787 -9.53469 -3.77058 -7.43265 -8.08263 -7.321 -5.35111 -8.86907 -8.69747 -4.01803 -7.05555 -6.85885 -8.09053 -5.29947 -7.89109 -8.70346 -4.14713 -8.79002 -7.14131 -7.80628 -5.52336 -7.89497 -8.63669 -4.14887 -8.28532 -7.01098 -7.89776 -5.48991 -7.92705 -8.67373 -4.23312 -8.38569 -6.98608 -7.64763 -5.65818 -7.94855 -8.6843 -3.09897 -8.29408 -6.49287 -9.53102 -3.68894 -7.60496 -8.74692 -2.25372 -8.1907
101.555 -4.6704 -10.2522 -9.26181 -8.48627 -9.53285 -3.76808 -7.41573 -8.09299 -7.31589 -5.34829 -8.86457 -8.69544 -4.01825 -7.04709 -6.85679 -8.09108 -5.29925 -7.89078 -8.70392 -4.147 -8.79687 -7.14144 -7.80657 -5.52323 -7.8949 -8.63665 -4.14884 -8.28458 -7.01113 -7.89763 -5.48989 -7.92703 -8.67369 -4.23315 -8.38562 -6.98603 -7.64764 -5.6582 -7.94855 -8.68431 -3.09896 -8.29416 -6.49288 -9.53103 -3.68892 -7.60496 -8.74692 -2.25372 -8.19068
101.605 -4.67056 -10.269 -9.22307 -8.47516 -9.53078 -3.76578 -7.3996 -8.10288 -7.31078 -5.34563 -8.85954 -8.69336 -4.01851 -7.03946 -6.85472 -8.09169 -5.29904 -7.89049 -8.70439 -4.14685 -8.80359 -7.14161 -7.80684 -5.5231 -7.89483 -8.63661 -4.14882 -8.28382 -7.01127 -7.8975 -5.48988 -7.92702 -8.67365 -4.23317 -8.38556 -6.98597 -7.64766 -5.65822 -7.94855 -8.68433 -3.09894 -8.29425 -6.49289 -9.53104 -3.6889 -7.60495 -8.74692 -2.25372 -8.19066
101.655 -4.67185 -10.2848 -9.18177 -8.46455 -9.5285 -3.76367 -7.38427 -8.1123 -7.3057 -5.34314 -8.85399 -8.69122 -4.0188 -7.03265 -6.85264 -8.09237 -5.29884 -7.89022 -8.70487 -4.1467 -8.81017 -7.14181 -7.80709 -5.52296 -7.89477 -8.63656 -4.1488 -8.28302 -7.0114 -7.89737 -5.48988 -7.927 -8.67361 -4.2332 -8.38552 -6.98591 -7.64768 -5.65824 -7.94855 -8.68434 -3.09893 -8.29433 -6.4929 -9.53105 -3.68888 -7.60495 -8.74692 -2.25372 -8.19064
101.705 -4.67428 -10.2996 -9.13809 -8.45445 -9.526 -3.76176 -7.36972 -8.12126 -7.30065 -5.34083 -8.84791 -8.68904 -4.01914 -7.02666 -6.85056 -8.09311 -5.29867 -7.88996 -8.70535 -4.14653 -8.8166 -7.14204 -7.80732 -5.5228 -7.8947 -8.6365 -4.14879 -8.28221 -7.01153 -7.89724 -5.48987 -7.92698 -8.67358 -4.23322 -8.38549 -6.98585 -7.6477 -5.65825 -7.94855 -8.68435 -3.09891 -8.29441 -6.49291 -9.53106 -3.68886 -7.60495 -8.74691 -2.25372 -8.19062
101.755 -4.67784 -10.3133 -9.09216 -8.44486 -9.52328 -3.76005 -7.35598 -8.12974 -7.29565 -5.33868 -8.84127 -8.68679 -4.01951 -7.02149 -6.84847 -8.09392 -5.2985 -7.88972 -8.70584 -4.14635 -8.82286 -7.1423 -7.80754 -5.52265 -7.89464 -8.63644 -4.14878 -8.28137 -7.01165 -7.89711 -5.48988 -7.92696 -8.67354 -4.23325 -8.38548 -6.9858 -7.64772 -5.65827 -7.94855 -8.68437 -3.09889 -8.29449 -6.49292 -9.53106 -3.68884 -7.60495 -8.74691 -2.25372 -8.19059
101.805 -4.68255 -10.326 -9.04412 -8.4358 -9.52034 -3.75853 -7.34302 -8.13775 -7.29069 -5.33669 -8.83407 -8.68448 -4.01991 -7.01712 -6.84639 -8.09479 -5.29835 -7.88949 -8.70633 -4.14617 -8.82896 -7.14259 -7.80773 -5.52248 -7.89458 -8.63637 -4.14877 -8.28051 -7.01176 -7.89698 -5.48988 -7.92694 -8.67351 -4.23327 -8.38549 -6.98574 -7.64775 -5.65829 -7.94856 -8.68438 -3.09888 -8.29456 -6.49293 -9.53107 -3.68882 -7.60495 -8.74691 -2.25372 -8.19057
101.855 -4.68842 -10.3376 -8.99408 -8.42726 -9.51719 -3.75719 -7.33087 -8.1453 -7.28578 -5.33488 -8.82629 -8.6821 -4.02035 -7.01355 -6.84431 -8.09571 -5.29821 -7.88928 -8.70682 -4.14597 -8.83488 -7.14291 -7.80791 -5.52231 -7.89452 -8.63629 -4.14877 -8.27963 -7.01186 -7.89685 -5.48989 -7.92692 -8.67348 -4.23329 -8.38551 -6.98568 -7.64777 -5.65831 -7.94856 -8.6844 -3.09886 -8.29463 -6.49294 -9.53107 -3.6888 -7.60495 -8.7469 -2.25372 -8.19055
101.905 -4.69548 -10.3482 -8.94216 -8.41924 -9.5138 -3.75605 -7.31951 -8.15237 -7.28094 -5.33322 -8.81791 -8.67965 -4.02082 -7.01078 -6.84224 -8.09669 -5.29808 -7.88909 -8.70732 -4.14577 -8.84062 -7.14326 -7.80807 -5.52213 -7.89446 -8.63621 -4.14877 -8.27874 -7.01196 -7.89672 -5.4899 -7.9269 -8.67345 -4.23332 -8.38555 -6.98562 -7.6478 -5.65833 -7.94856 -8.68441 -3.09885 -8.2947 -6.49295 -9.53108 -3.68878 -7.60495 -8.7469 -2.25372 -8.19052
101.955 -4.70373 -10.3578 -8.88844 -8.41175 -9.51018 -3.75509 -7.30895 -8.15896 -7.27616 -5.33173 -8.80891 -8.67712 -4.02133 -7.00881 -6.84018 -8.09771 -5.29797 -7.88891 -8.70782 -4.14556 -8.84617 -7.14363 -7.80821 -5.52194 -7.89441 -8.63612 -4.14878 -8.27784 -7.01204 -7.89659 -5.48992 -7.92688 -8.67342 -4.23334 -8.3856 -6.98556 -7.64783 -5.65835 -7.94857 -8.68443 -3.09883 -8.29477 -6.49297 -9.53108 -3.68877 -7.60495 -8.7469 -2.25372 -8.1905
102.005 -4.71321 -10.3663 -8.83301 -8.40479 -9.50631 -3.75432 -7.29919 -8.16508 -7.27146 -5.33039 -8.79927 -8.67452 -4.02187 -7.00763 -6.83815 -8.09879 -5.29786 -7.88874 -8.70832 -4.14534 -8.85152 -7.14403 -7.80832 -5.52175 -7.89435 -8.63602 -4.14879 -8.27693 -7.01212 -7.89647 -5.48994 -7.92686 -8.6734 -4.23336 -8.38567 -6.98551 -7.64786 -5.65837 -7.94857 -8.68444 -3.09882 -8.29483 -6.49298 -9.53108 -3.68875 -7.60495 -8.74689 -2.25372 -8.19047
102.055 -4.72394 -10.3738 -8.77595 -8.39835 -9.5022 -3.75373 -7.29024 -8.17073 -7.26684 -5.32922 -8.78897 -8.67182 -4.02244 -7.00725 -6.83613 -8.09992 -5.29776 -7.88859 -8.70882 -4.14511 -8.85667 -7.14446 -7.80842 -5.52156 -7.8943 -8.63592 -4.14881 -8.27601 -7.01219 -7.89635 -5.48996 -7.92684 -8.67338 -4.23338 -8.38576 -6.98545 -7.64789 -5.65838 -7.94858 -8.68446 -3.0988 -8.29489 -6.493 -9.53109 -3.68873 -7.60495 -8.74689 -2.25372 -8.19045
102.105 -4.73595 -10.3803 -8.71731 -8.39245 -9.49782 -3.75333 -7.2821 -8.1759 -7.26231 -5.3282 -8.77798 -8.66904 -4.02304 -7.00768 -6.83413 -8.10108 -5.29768 -7.88845 -8.70932 -4.14488 -8.86161 -7.14491 -7.8085 -5.52136 -7.89425 -8.63582 -4.14882 -8.27508 -7.01225 -7.89622 -5.48998 -7.92681 -8.67335 -4.2334 -8.38585 -6.98539 -7.64792 -5.6584 -7.94858 -8.68447 -3.09878 -8.29495 -6.49301 -9.53109 -3.68872 -7.60495 -8.74688 -2.25372 -8.19042
102.155 -4.74927 -10.3857 -8.65715 -8.38709 -9.49316 -3.75312 -7.27478 -8.18059 -7.25786 -5.32733 -8.76629 -8.66615 -4.02368 -7.00892 -6.83217 -8.10229 -5.2976 -7.88833 -8.70981 -4.14464 -8.86634 -7.14538 -7.80855 -5.52116 -7.89419 -8.6357 -4.14885 -8.27415 -7.0123 -7.89611 -5.49001 -7.92679 -8.67334 -4.23342 -8.38597 -6.98534 -7.64796 -5.65842 -7.94859 -8.68449 -3.09877 -8.295 -6.49303 -9.53108 -3.6887 -7.60495 -8.74688 -2.25372 -8.1904
102.205 -4.76392 -10.3901 -8.5955 -8.38226 -9.48822 -3.75309 -7.26828 -8.18479 -7.25351 -5.32662 -8.75386 -8.66316 -4.02435 -7.01097 -6.83022 -8.10354 -5.29753 -7.88822 -8.7103 -4.1444 -8.87085 -7.14587 -7.80859 -5.52095 -7.89415 -8.63559 -4.14887 -8.27322 -7.01234 -7.89599 -5.49005 -7.92677 -8.67332 -4.23344 -8.38609 -6.98528 -7.64799 -5.65843 -7.94859 -8.6845 -3.09875 -8.29505 -6.49305 -9.53108 -3.68869 -7.60495 -8.74687 -2.25372 -8.19037
102.255 -4.77995 -10.3934 -8.5324 -8.37796 -9.48296 -3.75325 -7.26263 -8.18851 -7.24926 -5.32606 -8.74067 -8.66006 -4.02505 -7.01384 -6.82831 -8.10482 -5.29748 -7.88812 -8.71079 -4.14415 -8.87514 -7.14639 -7.80861 -5.52074 -7.8941 -8.63547 -4.1489 -8.27229 -7.01237 -7.89588 -5.49008 -7.92674 -8.6733 -4.23346 -8.38624 -6.98523 -7.64803 -5.65845 -7.9486 -8.68452 -3.09874 -8.2951 -6.49307 -9.53108 -3.68868 -7.60496 -8.74687 -2.25372 -8.19035
102.305 -4.7974 -10.3956 -8.46787 -8.37421 -9.47739 -3.7536 -7.25781 -8.19173 -7.24511 -5.32565 -8.7267 -8.65685 -4.02579 -7.01754 -6.82644 -8.10613 -5.29743 -7.88804 -8.71127 -4.1439 -8.87921 -7.14692 -7.8086 -5.52053 -7.89405 -8.63535 -4.14894 -8.27136 -7.0124 -7.89577 -5.49012 -7.92672 -8.67329 -4.23348 -8.38639 -6.98518 -7.64807 -5.65846 -7.9486 -8.68453 -3.09873 -8.29514 -6.49309 -9.53108 -3.68866 -7.60496 -8.74686 -2.25373 -8.19033
102.355 -4.81629 -10.3968 -8.40192 -8.371 -9.47148 -3.75414 -7.25386 -8.19446 -7.24108 -5.32539 -8.71192 -8.65351 -4.02657 -7.02208 -6.8246 -8.10747 -5.29739 -7.88797 -8.71175 -4.14365 -8.88305 -7.14747 -7.80858 -5.52032 -7.89401 -8.63522 -4.14898 -8.27043 -7.01241 -7.89567 -5.49016 -7.9267 -8.67328 -4.2335 -8.38656 -6.98513 -7.6481 -5.65847 -7.94861 -8.68454 -3.09871 -8.29518 -6.49311 -9.53107 -3.68865 -7.60496 -8.74686 -2.25373 -8.1903
102.405 -4.83666 -10.3969 -8.33457 -8.36833 -9.46521 -3.75487 -7.25078 -8.19668 -7.23715 -5.32527 -8.69631 -8.65005 -4.02739 -7.02748 -6.82279 -8.10884 -5.29737 -7.88791 -8.71222 -4.14339 -8.88666 -7.14804 -7.80854 -5.5201 -7.89397 -8.63509 -4.14902 -8.26951 -7.01242 -7.89557 -5.49021 -7.92668 -8.67327 -4.23352 -8.38674 -6.98508 -7.64814 -5.65848 -7.94862 -8.68456 -3.0987 -8.29521 -6.49313 -9.53107 -3.68864 -7.60496 -8.74685 -2.25373 -8.19028
102.455 -4.85856 -10.3958 -8.26582 -8.36622 -9.45856 -3.75581 -7.2486 -8.1984 -7.23334 -5.32531 -8.67985 -8.64646 -4.02824 -7.03375 -6.82103 -8.11024 -5.29736 -7.88787 -8.71269 -4.14313 -8.89003 -7.14862 -7.80847 -5.51989 -7.89393 -8.63495 -4.14906 -8.26859 -7.01241 -7.89547 -5.49026 -7.92665 -8.67326 -4.23353 -8.38693 -6.98503 -7.64818 -5.6585 -7.94863 -8.68457 -3.09869 -8.29524 -6.49315 -9.53106 -3.68863 -7.60496 -8.74685 -2.25373 -8.19025
102.505 -4.88202 -10.3936 -8.19568 -8.36467 -9.45152 -3.75694 -7.24732 -8.19959 -7.22965 -5.32549 -8.66251 -8.64274 -4.02913 -7.0409 -6.81931 -8.11165 -5.29736 -7.88784 -8.71315 -4.14287 -8.89316 -7.14921 -7.80839 -5.51968 -7.89389 -8.63482 -4.14911 -8.26769 -7.0124 -7.89537 -5.49031 -7.92663 -8.67326 -4.23355 -8.38713 -6.98498 -7.64822 -5.65851 -7.94863 -8.68458 -3.09867 -8.29527 -6.49317 -9.53105 -3.68862 -7.60497 -8.74684 -2.25373 -8.19023
102.555 -4.90707 -10.3902 -8.12412 -8.36368 -9.44406 -3.75828 -7.24697 -8.20026 -7.22609 -5.32582 -8.64429 -8.63887 -4.03006 -7.04895 -6.81763 -8.11309 -5.29738 -7.88782 -8.7136 -4.1426 -8.89605 -7.14982 -7.80829 -5.51946 -7.89386 -8.63468 -4.14916 -8.26679 -7.01238 -7.89529 -5.49036 -7.92661 -8.67326 -4.23356 -8.38734 -6.98494 -7.64826 -5.65852 -7.94864 -8.6846 -3.09866 -8.29529 -6.49319 -9.53105 -3.68862 -7.60497 -8.74683 -2.25373 -8.19021
102.605 -4.93374 -10.3857 -8.05117 -8.36326 -9.43617 -3.75983 -7.24757 -8.20039 -7.22266 -5.3263 -8.62517 -8.63486 -4.03104 -7.05791 -6.81599 -8.11454 -5.29742 -7.88781 -8.71404 -4.14234 -8.8987 -7.15044 -7.80817 -5.51925 -7.89383 -8.63454 -4.14921 -8.2659 -7.01235 -7.8952 -5.49042 -7.92658 -8.67326 -4.23357 -8.38757 -6.98489 -7.6483 -5.65853 -7.94865 -8.68461 -3.09865 -8.29531 -6.49321 -9.53104 -3.68861 -7.60497 -8.74683 -2.25374 -8.19019
102.655 -4.96206 -10.3799 -7.97681 -8.36342 -9.42782 -3.76159 -7.24915 -8.19998 -7.21935 -5.32692 -8.60514 -8.63071 -4.03206 -7.0678 -6.81441 -8.116 -5.29747 -7.88782 -8.71447 -4.14207 -8.90109 -7.15107 -7.80803 -5.51904 -7.8938 -8.63439 -4.14927 -8.26503 -7.01231 -7.89512 -5.49048 -7.92656 -8.67326 -4.23359 -8.3878 -6.98485 -7.64834 -5.65854 -7.94866 -8.68462 -3.09864 -8.29533 -6.49323 -9.53103 -3.6886 -7.60498 -8.74682 -2.25374 -8.19016
102.705 -4.99205 -10.3728 -7.90106 -8.36417 -9.41901 -3.76357 -7.25172 -8.199 -7.21619 -5.3277 -8.58422 -8.62641 -4.03313 -7.07864 -6.81287 -8.11747 -5.29754 -7.88785 -8.71489 -4.14181 -8.90323 -7.15171 -7.80787 -5.51883 -7.89378 -8.63425 -4.14933 -8.26417 -7.01226 -7.89505 -5.49054 -7.92654 -8.67326 -4.2336 -8.38804 -6.98481 -7.64838 -5.65854 -7.94867 -8.68463 -3.09863 -8.29534 -6.49325 -9.53102 -3.6886 -7.60498 -8.74682 -2.25374 -8.19014
102.755 -5.0237 -10.3645 -7.82393 -8.36551 -9.4097 -3.76578 -7.25532 -8.19745 -7.21316 -5.32862 -8.56241 -8.62197 -4.03424 -7.09043 -6.81139 -8.11895 -5.29762 -7.88789 -8.71531 -4.14154 -8.90511 -7.15236 -7.8077 -5.51862 -7.89376 -8.6341 -4.1494 -8.26332 -7.01221 -7.89498 -5.4906 -7.92652 -8.67327 -4.23361 -8.38829 -6.98478 -7.64842 -5.65855 -7.94868 -8.68465 -3.09862 -8.29534 -6.49327 -9.53101 -3.6886 -7.60498 -8.74681 -2.25374 -8.19012
102.805 -5.05702 -10.3548 -7.74544 -8.36746 -9.3999 -3.76822 -7.25998 -8.19532 -7.21028 -5.3297 -8.53974 -8.61739 -4.0354 -7.1032 -6.80995 -8.12044 -5.29773 -7.88794 -8.71571 -4.14128 -8.90673 -7.15301 -7.8075 -5.51841 -7.89374 -8.63395 -4.14946 -8.26249 -7.01214 -7.89491 -5.49066 -7.9265 -8.67328 -4.23361 -8.38855 -6.98474 -7.64846 -5.65856 -7.94868 -8.68466 -3.09861 -8.29534 -6.49329 -9.531 -3.68859 -7.60499 -8.7468 -2.25375 -8.1901
102.855 -5.092 -10.3438 -7.66564 -8.37003 -9.38958 -3.77089 -7.26571 -8.19259 -7.20755 -5.33093 -8.51624 -8.61268 -4.03661 -7.11695 -6.80857 -8.12193 -5.29787 -7.88801 -8.7161 -4.14102 -8.90808 -7.15367 -7.80729 -5.51821 -7.89372 -8.63381 -4.14953 -8.26168 -7.01207 -7.89486 -5.49073 -7.92648 -8.67329 -4.23362 -8.38882 -6.98471 -7.6485 -5.65856 -7.94869 -8.68467 -3.0986 -8.29534 -6.49332 -9.53098 -3.68859 -7.60499 -8.7468 -2.25375 -8.19008
102.905 -5.12859 -10.3314 -7.58458 -8.37322 -9.37876 -3.77381 -7.27255 -8.18925 -7.20498 -5.33232 -8.49196 -8.60784 -4.03786 -7.1317 -6.80725 -8.12342 -5.29803 -7.88809 -8.71649 -4.14076 -8.90916 -7.15433 -7.80707 -5.51801 -7.89372 -8.63366 -4.1496 -8.26089 -7.01199 -7.8948 -5.4908 -7.92646 -8.6733 -4.23363 -8.3891 -6.98468 -7.64854 -5.65856 -7.9487 -8.68468 -3.09859 -8.29533 -6.49334 -9.53097 -3.68859 -7.60499 -8.74679 -2.25375 -8.19006
102.955 -5.16674 -10.3176 -7.50236 -8.37704 -9.36744 -3.77697 -7.28053 -8.18528 -7.20256 -5.33386 -8.46698 -8.6029 -4.03917 -7.14745 -6.80599 -8.12491 -5.29821 -7.88819 -8.71686 -4.14051 -8.90997 -7.155 -7.80683 -5.51782 -7.89371 -8.63351 -4.14967 -8.26012 -7.0119 -7.89475 -5.49087 -7.92644 -8.67332 -4.23363 -8.38938 -6.98465 -7.64858 -5.65857 -7.94871 -8.68469 -3.09858 -8.29532 -6.49336 -9.53096 -3.68859 -7.605 -8.74679 -2.25375 -8.19005
103.005 -5.20638 -10.3023 -7.41908 -8.3815 -9.35562 -3.78038 -7.28966 -8.18067 -7.20031 -5.33557 -8.44138 -8.59786 -4.04052 -7.16419 -6.80478 -8.12639 -5.29842 -7.88831 -8.71722 -4.14025 -8.91049 -7.15566 -7.80657 -5.51763 -7.89371 -8.63336 -4.14974 -8.25936 -7.01181 -7.89471 -5.49094 -7.92642 -8.67333 -4.23364 -8.38966 -6.98462 -7.64862 -5.65857 -7.94872 -8.6847 -3.09858 -8.29531 -6.49338 -9.53094 -3.6886 -7.605 -8.74678 -2.25376 -8.19003
103.055 -5.24739 -10.2856 -7.3349 -8.38661 -9.34334 -3.78404 -7.29998 -8.17542 -7.19822 -5.33743 -8.41528 -8.59275 -4.04192 -7.18193 -6.80364 -8.12787 -5.29866 -7.88844 -8.71756 -4.14 -8.91072 -7.15633 -7.8063 -5.51744 -7.89372 -8.63321 -4.14982 -8.25863 -7.01171 -7.89468 -5.49101 -7.9264 -8.67335 -4.23364 -8.38995 -6.9846 -7.64866 -5.65857 -7.94873 -8.6847 -3.09857 -8.29529 -6.4934 -9.53093 -3.6886 -7.605 -8.74677 -2.25376 -8.19001
103.105 -5.28966 -10.2674 -7.24999 -8.39238 -9.33061 -3.78795 -7.31149 -8.1695 -7.19631 -5.33947 -8.38878 -8.58758 -4.04337 -7.20065 -6.80256 -8.12933 -5.29894 -7.88859 -8.7179 -4.13976 -8.91067 -7.157 -7.80602 -5.51726 -7.89373 -8.63307 -4.1499 -8.25792 -7.0116 -7.89465 -5.49108 -7.92638 -8.67337 -4.23364 -8.39025 -6.98458 -7.6487 -5.65857 -7.94874 -8.68471 -3.09856 -8.29527 -6.49342 -9.53091 -3.6886 -7.60501 -8.74677 -2.25376 -8.19
103.155 -5.33302 -10.2478 -7.16457 -8.3988 -9.31749 -3.79211 -7.32421 -8.16292 -7.19457 -5.34166 -8.36205 -8.5824 -4.04486 -7.22033 -6.80154 -8.13079 -5.29924 -7.88876 -8.71822 -4.13952 -8.91032 -7.15766 -7.80572 -5.51708 -7.89374 -8.63292 -4.14998 -8.25724 -7.01148 -7.89462 -5.49115 -7.92637 -8.6734 -4.23365 -8.39055 -6.98456 -7.64874 -5.65857 -7.94875 -8.68472 -3.09856 -8.29524 -6.49345 -9.53089 -3.68861 -7.60501 -8.74676 -2.25377 -8.18998
103.205 -5.37729 -10.2267 -7.0789 -8.40588 -9.30403 -3.79652 -7.33814 -8.15566 -7.19302 -5.34403 -8.33524 -8.57723 -4.04639 -7.24094 -6.80059 -8.13222 -5.29957 -7.88895 -8.71853 -4.13928 -8.90966 -7.15833 -7.80541 -5.51691 -7.89376 -8.63278 -4.15006 -8.25658 -7.01136 -7.8946 -5.49123 -7.92635 -8.67342 -4.23365 -8.39085 -6.98454 -7.64878 -5.65857 -7.94876 -8.68472 -3.09855 -8.29521 -6.49347 -9.53088 -3.68861 -7.60502 -8.74676 -2.25377 -8.18997
103.255 -5.42227 -10.2041 -6.99327 -8.4136 -9.2903 -3.80118 -7.35328 -8.14773 -7.19166 -5.34656 -8.30852 -8.57211 -4.04796 -7.26245 -6.79972 -8.13365 -5.29994 -7.88916 -8.71882 -4.13905 -8.9087 -7.15898 -7.80508 -5.51675 -7.89379 -8.63264 -4.15014 -8.25594 -7.01123 -7.89459 -5.4913 -7.92634 -8.67345 -4.23364 -8.39116 -6.98453 -7.64882 -5.65857 -7.94877 -8.68473 -3.09855 -8.29518 -6.49349 -9.53086 -3.68862 -7.60502 -8.74675 -2.25377 -8.18996
103.305 -5.46772 -10.1802 -6.90803 -8.42197 -9.27637 -3.80608 -7.36962 -8.13913 -7.19049 -5.34927 -8.28209 -8.56708 -4.04955 -7.2848 -6.79891 -8.13505 -5.30034 -7.88938 -8.7191 -4.13882 -8.90743 -7.15964 -7.80475 -5.51659 -7.89382 -8.6325 -4.15022 -8.25533 -7.01109 -7.89458 -5.49138 -7.92632 -8.67347 -4.23364 -8.39147 -6.98452 -7.64885 -5.65856 -7.94878 -8.68474 -3.09855 -8.29514 -6.49351 -9.53084 -3.68863 -7.60503 -8.74675 -2.25378 -8.18995
103.355 -5.51341 -10.1548 -6.82352 -8.43097 -9.26234 -3.8112 -7.38714 -8.12986 -7.18952 -5.35214 -8.25611 -8.56218 -4.05117 -7.30793 -6.79818 -8.13643 -5.30078 -7.88963 -8.71936 -4.1386 -8.90584 -7.16028 -7.8044 -5.51644 -7.89386 -8.63236 -4.1503 -8.25475 -7.01095 -7.89458 -5.49145 -7.92631 -8.6735 -4.23364 -8.39178 -6.98451 -7.64889 -5.65856 -7.94879 -8.68474 -3.09855 -8.2951 -6.49353 -9.53083 -3.68864 -7.60503 -8.74674 -2.25378 -8.18994
103.405 -5.55906 -10.1282 -6.74015 -8.44058 -9.2483 -3.81653 -7.40581 -8.11995 -7.18875 -5.35518 -8.23079 -8.55745 -4.05281 -7.33178 -6.79752 -8.13778 -5.30124 -7.8899 -8.71961 -4.13839 -8.90394 -7.16092 -7.80405 -5.51629 -7.8939 -8.63223 -4.15038 -8.2542 -7.0108 -7.89458 -5.49153 -7.9263 -8.67353 -4.23363 -8.39209 -6.98451 -7.64892 -5.65855 -7.9488 -8.68474 -3.09855 -8.29505 -6.49355 -9.53081 -3.68865 -7.60504 -8.74674 -2.25378 -8.18993
103.455 -5.60443 -10.1003 -6.65831 -8.45076 -9.23435 -3.82205 -7.42558 -8.1094 -7.1882 -5.35839 -8.20629 -8.55293 -4.05446 -7.35627 -6.79694 -8.13911 -5.30174 -7.89019 -8.71985 -4.13818 -8.90171 -7.16155 -7.80368 -5.51615 -7.89395 -8.6321 -4.15047 -8.25367 -7.01065 -7.89459 -5.4916 -7.92628 -8.67357 -4.23363 -8.3924 -6.9845 -7.64895 -5.65855 -7.94881 -8.68475 -3.09855 -8.295 -6.49356 -9.53079 -3.68866 -7.60504 -8.74673 -2.25379 -8.18992
103.505 -5.64925 -10.0714 -6.57842 -8.4615 -9.22058 -3.82776 -7.4464 -8.09824 -7.18786 -5.36176 -8.18277 -8.54866 -4.05612 -7.38129 -6.79645 -8.1404 -5.30227 -7.89049 -8.72006 -4.13798 -8.89917 -7.16217 -7.80331 -5.51602 -7.89401 -8.63197 -4.15055 -8.25318 -7.0105 -7.89461 -5.49168 -7.92627 -8.6736 -4.23362 -8.39271 -6.9845 -7.64899 -5.65854 -7.94881 -8.68475 -3.09855 -8.29495 -6.49358 -9.53077 -3.68867 -7.60505 -8.74673 -2.25379 -8.18991
103.555 -5.69328 -10.0413 -6.50089 -8.47274 -9.2071 -3.83362 -7.4682 -8.0865 -7.18774 -5.36528 -8.16037 -8.54468 -4.05776 -7.40677 -6.79603 -8.14167 -5.30283 -7.89082 -8.72026 -4.13778 -8.8963 -7.16278 -7.80292 -5.5159 -7.89407 -8.63185 -4.15063 -8.25271 -7.01034 -7.89463 -5.49175 -7.92626 -8.67363 -4.23361 -8.39302 -6.98451 -7.64902 -5.65853 -7.94882 -8.68475 -3.09855 -8.2949 -6.4936 -9.53075 -3.68868 -7.60505 -8.74672 -2.2538 -8.1899
103.605 -5.7363 -10.0104 -6.4261 -8.48444 -9.194 -3.83961 -7.49092 -8.07422 -7.18784 -5.36896 -8.13921 -8.54101 -4.05939 -7.43259 -6.7957 -8.14289 -5.30341 -7.89117 -8.72045 -4.1376 -8.89312 -7.16338 -7.80253 -5.51578 -7.89414 -8.63173 -4.15072 -8.25228 -7.01017 -7.89466 -5.49182 -7.92625 -8.67367 -4.2336 -8.39333 -6.98451 -7.64905 -5.65852 -7.94883 -8.68475 -3.09855 -8.29484 -6.49362 -9.53073 -3.6887 -7.60505 -8.74672 -2.2538 -8.1899
103.655 -5.7781 -9.97864 -6.35443 -8.49656 -9.18135 -3.84571 -7.51446 -8.06143 -7.18817 -5.37278 -8.11938 -8.53768 -4.061 -7.45865 -6.79546 -8.14409 -5.30402 -7.89154 -8.72061 -4.13742 -8.88962 -7.16396 -7.80214 -5.51567 -7.89421 -8.63161 -4.1508 -8.25188 -7.01 -7.89469 -5.4919 -7.92624 -8.67371 -4.23359 -8.39364 -6.98452 -7.64907 -5.65851 -7.94884 -8.68475 -3.09855 -8.29478 -6.49363 -9.53071 -3.68871 -7.60506 -8.74671 -2.2538 -8.1899
103.705 -5.8185 -9.94621 -6.28621 -8.50904 -9.16923 -3.85188 -7.53874 -8.04818 -7.18872 -5.37673 -8.10093 -8.53471 -4.06257 -7.48485 -6.7953 -8.14524 -5.30465 -7.89193 -8.72075 -4.13725 -8.88582 -7.16453 -7.80174 -5.51557 -7.89428 -8.6315 -4.15088 -8.25151 -7.00983 -7.89473 -5.49197 -7.92624 -8.67375 -4.23358 -8.39395 -6.98453 -7.6491 -5.6585 -7.94885 -8.68475 -3.09855 -8.29471 -6.49365 -9.53069 -3.68873 -7.60506 -8.74671 -2.25381 -8.18989
103.755 -5.85736 -9.91324 -6.22174 -8.52181 -9.15771 -3.85811 -7.56366 -8.03452 -7.18951 -5.38081 -8.0839 -8.53211 -4.0641 -7.51106 -6.79524 -8.14635 -5.3053 -7.89233 -8.72088 -4.13709 -8.8817 -7.16508 -7.80133 -5.51548 -7.89436 -8.63139 -4.15096 -8.25118 -7.00965 -7.89478 -5.49204 -7.92623 -8.67379 -4.23357 -8.39425 -6.98454 -7.64913 -5.65849 -7.94886 -8.68475 -3.09856 -8.29465 -6.49366 -9.53067 -3.68874 -7.60507 -8.74671 -2.25381 -8.18989
103.805 -5.89456 -9.87984 -6.16128 -8.53481 -9.14682 -3.86437 -7.58914 -8.02048 -7.19053 -5.38499 -8.06831 -8.52988 -4.06558 -7.53718 -6.79526 -8.14741 -5.30596 -7.89276 -8.72098 -4.13693 -8.8773 -7.16562 -7.80092 -5.51539 -7.89445 -8.63128 -4.15105 -8.25088 -7.00948 -7.89483 -5.49211 -7.92622 -8.67383 -4.23356 -8.39455 -6.98456 -7.64915 -5.65848 -7.94886 -8.68475 -3.09856 -8.29458 -6.49368 -9.53065 -3.68876 -7.60507 -8.7467 -2.25381 -8.18989
103.855 -5.93001 -9.84615 -6.10503 -8.54799 -9.1366 -3.87063 -7.61506 -8.00614 -7.19178 -5.38928 -8.05413 -8.52803 -4.067 -7.56311 -6.79538 -8.14843 -5.30663 -7.89319 -8.72107 -4.13679 -8.8726 -7.16614 -7.80051 -5.51532 -7.89454 -8.63118 -4.15112 -8.25062 -7.0093 -7.89488 -5.49218 -7.92622 -8.67387 -4.23354 -8.39484 -6.98458 -7.64917 -5.65847 -7.94887 -8.68475 -3.09857 -8.29451 -6.49369 -9.53063 -3.68878 -7.60508 -8.7467 -2.25382 -8.18989
103.905 -5.96364 -9.81228 -6.05314 -8.56128 -9.12707 -3.87687 -7.64133 -7.99152 -7.19327 -5.39365 -8.04135 -8.52655 -4.06836 -7.58875 -6.7956 -8.1494 -5.30731 -7.89365 -8.72113 -4.13666 -8.86764 -7.16664 -7.80009 -5.51525 -7.89463 -8.63109 -4.1512 -8.25039 -7.00911 -7.89494 -5.49224 -7.92621 -8.67391 -4.23353 -8.39513 -6.9846 -7.64919 -5.65846 -7.94888 -8.68475 -3.09857 -8.29443 -6.4937 -9.53061 -3.6888 -7.60508 -8.7467 -2.25382 -8.18989
103.955 -5.99543 -9.77837 -6.00574 -8.57462 -9.11823 -3.88306 -7.66786 -7.9767 -7.19499 -5.3981 -8.02991 -8.52543 -4.06965 -7.614 -6.79591 -8.15032 -5.30799 -7.89411 -8.72117 -4.13653 -8.86241 -7.16711 -7.79967 -5.51519 -7.89472 -8.631 -4.15128 -8.25021 -7.00893 -7.89501 -5.49231 -7.92621 -8.67395 -4.23351 -8.39542 -6.98462 -7.64921 -5.65844 -7.94889 -8.68474 -3.09858 -8.29436 -6.49371 -9.5306 -3.68881 -7.60509 -8.74669 -2.25382 -8.1899
104.005 -6.02536 -9.74451 -5.96288 -8.58794 -9.11008 -3.88918 -7.69455 -7.96171 -7.19695 -5.4026 -8.01977 -8.52465 -4.07087 -7.63878 -6.79632 -8.15118 -5.30866 -7.89459 -8.72119 -4.13642 -8.85693 -7.16757 -7.79926 -5.51513 -7.89482 -8.63092 -4.15136 -8.25006 -7.00874 -7.89508 -5.49237 -7.92621 -8.674 -4.2335 -8.3957 -6.98464 -7.64923 -5.65843 -7.94889 -8.68474 -3.09859 -8.29428 -6.49373 -9.53058 -3.68883 -7.60509 -8.74669 -2.25383 -8.1899
104.055 -6.05343 -9.71082 -5.92459 -8.60121 -9.10262 -3.89522 -7.72131 -7.94662 -7.19913 -5.40714 -8.01085 -8.5242 -4.07201 -7.66301 -6.79682 -8.15199 -5.30934 -7.89508 -8.72118 -4.13631 -8.85122 -7.16801 -7.79884 -5.51509 -7.89491 -8.63084 -4.15143 -8.24995 -7.00856 -7.89515 -5.49243 -7.92621 -8.67404 -4.23348 -8.39597 -6.98467 -7.64924 -5.65841 -7.9489 -8.68474 -3.0986 -8.2942 -6.49374 -9.53056 -3.68885 -7.6051 -8.74669 -2.25383 -8.1899
104.105 -6.07965 -9.67738 -5.89086 -8.61435 -9.09582 -3.90116 -7.74806 -7.93146 -7.20153 -5.41172 -8.0031 -8.52407 -4.07306 -7.68662 -6.79742 -8.15273 -5.31 -7.89557 -8.72115 -4.13622 -8.84529 -7.16842 -7.79842 -5.51506 -7.89501 -8.63076 -4.1515 -8.24988 -7.00837 -7.89523 -5.49249 -7.9262 -8.67408 -4.23346 -8.39623 -6.9847 -7.64926 -5.6584 -7.9489 -8.68473 -3.0986 -8.29412 -6.49374 -9.53054 -3.68887 -7.6051 -8.74669 -2.25383 -8.18991
104.155 -6.10406 -9.6443 -5.86163 -8.62734 -9.08966 -3.90697 -7.77471 -7.91628 -7.20416 -5.4163 -7.99645 -8.52422 -4.07404 -7.70955 -6.79811 -8.15342 -5.31066 -7.89607 -8.7211 -4.13614 -8.83916 -7.16881 -7.798 -5.51503 -7.89511 -8.63069 -4.15157 -8.24985 -7.00818 -7.89532 -5.49255 -7.9262 -8.67413 -4.23344 -8.39649 -6.98473 -7.64927 -5.65838 -7.94891 -8.68472 -3.09861 -8.29404 -6.49375 -9.53052 -3.68889 -7.6051 -8.74668 -2.25384 -8.18992
104.205 -6.1267 -9.61164 -5.83685 -8.64012 -9.08413 -3.91266 -7.8012 -7.90113 -7.20701 -5.42089 -7.99084 -8.52465 -4.07492 -7.73174 -6.79891 -8.15405 -5.3113 -7.89658 -8.72102 -4.13607 -8.83285 -7.16917 -7.79759 -5.51502 -7.89521 -8.63063 -4.15164 -8.24986 -7.00799 -7.89541 -5.4926 -7.92621 -8.67417 -4.23343 -8.39674 -6.98477 -7.64928 -5.65836 -7.94891 -8.68472 -3.09862 -8.29396 -6.49376 -9.5305 -3.68891 -7.60511 -8.74668 -2.25384 -8.18993
104.255 -6.1476 -9.57949 -5.81639 -8.65266 -9.07918 -3.9182 -7.82746 -7.88604 -7.21007 -5.42545 -7.98619 -8.52533 -4.07573 -7.75315 -6.79979 -8.15461 -5.31192 -7.89709 -8.72092 -4.13601 -8.82638 -7.16951 -7.79718 -5.51501 -7.89531 -8.63057 -4.15171 -8.24991 -7.00781 -7.8955 -5.49265 -7.92621 -8.67422 -4.23341 -8.39698 -6.9848 -7.64929 -5.65835 -7.94892 -8.68471 -3.09863 -8.29387 -6.49377 -9.53048 -3.68894 -7.60511 -8.74668 -2.25384 -8.18994
104.305 -6.16681 -9.5479 -5.80016 -8.66494 -9.0748 -3.92359 -7.85341 -7.87106 -7.21333 -5.42999 -7.98245 -8.52624 -4.07644 -7.77374 -6.80077 -8.1551 -5.31252 -7.8976 -8.72079 -4.13596 -8.81976 -7.16982 -7.79678 -5.51501 -7.89541 -8.63052 -4.15177 -8.25 -7.00762 -7.8956 -5.4927 -7.92621 -8.67426 -4.23339 -8.39722 -6.98484 -7.64929 -5.65833 -7.94892 -8.6847 -3.09865 -8.29379 -6.49377 -9.53047 -3.68896 -7.60512 -8.74668 -2.25384 -8.18995
104.355 -6.18437 -9.51695 -5.78802 -8.67692 -9.07096 -3.92881 -7.87901 -7.85621 -7.21679 -5.43449 -7.97957 -8.52737 -4.07707 -7.79347 -6.80185 -8.15553 -5.3131 -7.89811 -8.72064 -4.13593 -8.81301 -7.1701 -7.79638 -5.51502 -7.8955 -8.63047 -4.15183 -8.25014 -7.00744 -7.8957 -5.49275 -7.92621 -8.67431 -4.23336 -8.39744 -6.98488 -7.6493 -5.65831 -7.94893 -8.6847 -3.09866 -8.2937 -6.49377 -9.53045 -3.68898 -7.60512 -8.74668 -2.25385 -8.18996
104.405 -6.20034 -9.48667 -5.77983 -8.68858 -9.06762 -3.93387 -7.90421 -7.84154 -7.22045 -5.43893 -7.97748 -8.5287 -4.07762 -7.81232 -6.80301 -8.15589 -5.31366 -7.89861 -8.72046 -4.1359 -8.80616 -7.17036 -7.79598 -5.51504 -7.8956 -8.63043 -4.15189 -8.25032 -7.00725 -7.8958 -5.49279 -7.92622 -8.67435 -4.23334 -8.39765 -6.98492 -7.6493 -5.65829 -7.94893 -8.68469 -3.09867 -8.29362 -6.49378 -9.53043 -3.689 -7.60512 -8.74668 -2.25385 -8.18997
104.455 -6.21475 -9.45712 -5.77545 -8.69992 -9.06477 -3.93876 -7.92895 -7.82707 -7.22429 -5.44331 -7.97615 -8.5302 -4.07809 -7.83027 -6.80426 -8.15618 -5.31419 -7.89912 -8.72026 -4.13589 -8.79922 -7.17058 -7.79559 -5.51507 -7.89569 -8.63039 -4.15194 -8.25054 -7.00707 -7.89591 -5.49283 -7.92623 -8.6744 -4.23332 -8.39785 -6.98497 -7.6493 -5.65827 -7.94894 -8.68468 -3.09868 -8.29353 -6.49378 -9.53042 -3.68902 -7.60513 -8.74668 -2.25385 -8.18998
104.505 -6.22766 -9.42833 -5.77471 -8.71091 -9.06238 -3.94347 -7.9532 -7.81283 -7.22831 -5.44761 -7.97553 -8.53187 -4.07847 -7.8473 -6.8056 -8.1564 -5.31469 -7.89961 -8.72003 -4.13589 -8.7922 -7.17078 -7.79521 -5.5151 -7.89579 -8.63036 -4.152 -8.2508 -7.00689 -7.89602 -5.49287 -7.92623 -8.67444 -4.2333 -8.39805 -6.98501 -7.6493 -5.65825 -7.94894 -8.68467 -3.09869 -8.29344 -6.49378 -9.5304 -3.68905 -7.60513 -8.74668 -2.25385 -8.19
104.555 -6.2391 -9.40034 -5.77747 -8.72155 -9.06042 -3.94799 -7.97692 -7.79884 -7.23249 -5.45182 -7.97559 -8.53369 -4.07878 -7.86341 -6.80702 -8.15655 -5.31516 -7.9001 -8.71978 -4.13591 -8.78513 -7.17094 -7.79484 -5.51515 -7.89588 -8.63034 -4.15205 -8.2511 -7.00672 -7.89613 -5.49291 -7.92624 -8.67449 -4.23328 -8.39823 -6.98506 -7.6493 -5.65824 -7.94894 -8.68466 -3.09871 -8.29336 -6.49378 -9.53039 -3.68907 -7.60513 -8.74668 -2.25386 -8.19001
104.605 -6.24911 -9.3732 -5.78358 -8.73184 -9.05888 -3.95233 -8.00008 -7.78513 -7.23683 -5.45593 -7.97629 -8.53565 -4.07901 -7.87857 -6.80852 -8.15662 -5.31561 -7.90059 -8.71951 -4.13593 -8.77803 -7.17107 -7.79448 -5.51521 -7.89596 -8.63033 -4.15209 -8.25145 -7.00655 -7.89624 -5.49294 -7.92625 -8.67453 -4.23325 -8.39839 -6.98511 -7.64929 -5.65822 -7.94894 -8.68465 -3.09872 -8.29327 -6.49378 -9.53037 -3.68909 -7.60513 -8.74668 -2.25386 -8.19003
104.655 -6.25773 -9.34691 -5.79288 -8.74176 -9.05775 -3.95649 -8.02263 -7.77172 -7.24133 -5.45994 -7.97761 -8.53773 -4.07916 -7.8928 -6.8101 -8.15663 -5.31603 -7.90106 -8.71922 -4.13597 -8.77091 -7.17118 -7.79413 -5.51527 -7.89605 -8.63031 -4.15214 -8.25184 -7.00638 -7.89636 -5.49297 -7.92626 -8.67457 -4.23323 -8.39855 -6.98516 -7.64929 -5.6582 -7.94895 -8.68464 -3.09873 -8.29318 -6.49378 -9.53036 -3.68911 -7.60514 -8.74668 -2.25386 -8.19004
104.705 -6.26498 -9.32152 -5.80525 -8.75133 -9.05699 -3.96045 -8.04456 -7.75863 -7.24596 -5.46384 -7.97952 -8.53993 -4.07924 -7.90609 -6.81175 -8.15656 -5.31642 -7.90153 -8.7189 -4.13602 -8.76379 -7.17125 -7.79379 -5.51534 -7.89613 -8.63031 -4.15218 -8.25226 -7.00621 -7.89648 -5.49299 -7.92627 -8.67462 -4.23321 -8.39869 -6.98521 -7.64928 -5.65818 -7.94895 -8.68462 -3.09875 -8.2931 -6.49378 -9.53035 -3.68914 -7.60514 -8.74668 -2.25386 -8.19006
104.755 -6.27089 -9.29704 -5.82054 -8.76053 -9.05661 -3.96422 -8.06585 -7.74587 -7.25072 -5.46761 -7.98201 -8.54224 -4.07926 -7.91844 -6.81348 -8.15641 -5.31678 -7.90198 -8.71856 -4.13608 -8.75669 -7.17128 -7.79346 -5.51542 -7.89621 -8.63031 -4.15222 -8.25273 -7.00605 -7.8966 -5.49302 -7.92628 -8.67466 -4.23318 -8.39882 -6.98526 -7.64927 -5.65816 -7.94895 -8.68461 -3.09876 -8.29301 -6.49377 -9.53034 -3.68916 -7.60514 -8.74668 -2.25386 -8.19008
104.805 -6.27549 -9.2735 -5.83863 -8.76939 -9.05659 -3.9678 -8.08646 -7.73347 -7.2556 -5.47125 -7.98506 -8.54464 -4.0792 -7.92985 -6.81527 -8.15619 -5.31712 -7.90242 -8.7182 -4.13616 -8.74962 -7.17129 -7.79314 -5.51551 -7.89629 -8.63032 -4.15225 -8.25324 -7.0059 -7.89673 -5.49304 -7.92629 -8.6747 -4.23316 -8.39894 -6.98531 -7.64925 -5.65814 -7.94895 -8.6846 -3.09878 -8.29293 -6.49377 -9.53032 -3.68918 -7.60514 -8.74668 -2.25387 -8.1901
104.855 -6.2788 -9.2509 -5.8594 -8.77789 -9.05692 -3.97119 -8.10638 -7.72143 -7.2606 -5.47476 -7.98866 -8.54714 -4.07908 -7.94033 -6.81712 -8.1559 -5.31743 -7.90285 -8.71782 -4.13625 -8.74259 -7.17126 -7.79283 -5.51561 -7.89636 -8.63034 -4.15228 -8.25378 -7.00574 -7.89685 -5.49305 -7.9263 -8.67474 -4.23313 -8.39905 -6.98536 -7.64924 -5.65812 -7.94895 -8.68459 -3.09879 -8.29285 -6.49376 -9.53031 -3.6892 -7.60515 -8.74669 -2.25387 -8.19012
104.905 -6.28082 -9.22929 -5.88273 -8.78605 -9.0576 -3.97438 -8.12559 -7.70977 -7.26569 -5.47813 -7.99281 -8.54972 -4.0789 -7.94989 -6.81903 -8.15554 -5.31771 -7.90326 -8.71742 -4.13635 -8.73563 -7.1712 -7.79254 -5.51572 -7.89643 -8.63036 -4.15231 -8.25437 -7.0056 -7.89698 -5.49307 -7.92632 -8.67478 -4.23311 -8.39914 -6.98542 -7.64922 -5.6581 -7.94895 -8.68457 -3.09881 -8.29277 -6.49375 -9.5303 -3.68922 -7.60515 -8.74669 -2.25387 -8.19014
104.955 -6.28158 -9.20866 -5.90852 -8.79388 -9.05861 -3.97737 -8.14407 -7.69851 -7.27087 -5.48135 -7.99749 -8.55238 -4.07866 -7.95852 -6.821 -8.1551 -5.31796 -7.90366 -8.71701 -4.13646 -8.72874 -7.17111 -7.79226 -5.51583 -7.8965 -8.63039 -4.15233 -8.25499 -7.00546 -7.8971 -5.49307 -7.92633 -8.67482 -4.23309 -8.39921 -6.98547 -7.64921 -5.65808 -7.94895 -8.68456 -3.09882 -8.29268 -6.49375 -9.53029 -3.68924 -7.60515 -8.74669 -2.25387 -8.19016
105.005 -6.28108 -9.18903 -5.9367 -8.80137 -9.05996 -3.98017 -8.1618 -7.68766 -7.27612 -5.48443 -8.00272 -8.55511 -4.07837 -7.96625 -6.82302 -8.15459 -5.31819 -7.90404 -8.71657 -4.13658 -8.72193 -7.17099 -7.792 -5.51595 -7.89657 -8.63042 -4.15235 -8.25564 -7.00532 -7.89723 -5.49308 -7.92634 -8.67485 -4.23306 -8.39928 -6.98553 -7.64919 -5.65806 -7.94895 -8.68455 -3.09884 -8.29261 -6.49374 -9.53029 -3.68926 -7.60515 -8.74669 -2.25387 -8.19018
105.055 -6.27933 -9.17043 -5.96717 -8.80855 -9.06165 -3.98277 -8.17877 -7.67723 -7.28145 -5.48734 -8.00849 -8.55791 -4.07802 -7.97306 -6.82508 -8.15401 -5.31839 -7.90441 -8.71612 -4.13672 -8.71524 -7.17083 -7.79176 -5.51608 -7.89664 -8.63046 -4.15237 -8.25633 -7.0052 -7.89736 -5.49308 -7.92636 -8.67489 -4.23304 -8.39932 -6.98559 -7.64917 -5.65804 -7.94894 -8.68453 -3.09885 -8.29253 -6.49373 -9.53028 -3.68928 -7.60515 -8.7467 -2.25387 -8.1902
105.105 -6.27632 -9.15287 -5.99987 -8.81541 -9.06367 -3.98517 -8.19497 -7.66723 -7.28683 -5.49011 -8.01481 -8.56078 -4.07762 -7.97898 -6.82719 -8.15337 -5.31857 -7.90476 -8.71565 -4.13687 -8.70865 -7.17064 -7.79153 -5.51622 -7.8967 -8.63051 -4.15238 -8.25705 -7.00508 -7.89748 -5.49308 -7.92638 -8.67492 -4.23301 -8.39936 -6.98564 -7.64915 -5.65802 -7.94894 -8.68452 -3.09887 -8.29245 -6.49372 -9.53027 -3.6893 -7.60515 -8.7467 -2.25387 -8.19022
105.155 -6.27205 -9.13636 -6.03474 -8.82196 -9.06602 -3.98736 -8.21037 -7.65767 -7.29225 -5.49271 -8.02169 -8.56372 -4.07716 -7.984 -6.82934 -8.15265 -5.31873 -7.9051 -8.71517 -4.13703 -8.70219 -7.17042 -7.79131 -5.51636 -7.89676 -8.63056 -4.15239 -8.2578 -7.00496 -7.89761 -5.49308 -7.92639 -8.67496 -4.23299 -8.39937 -6.9857 -7.64912 -5.658 -7.94894 -8.68451 -3.09889 -8.29238 -6.49371 -9.53027 -3.68932 -7.60515 -8.7467 -2.25387 -8.19025
105.205 -6.26652 -9.12092 -6.07174 -8.82822 -9.06872 -3.98936 -8.22497 -7.64856 -7.2977 -5.49514 -8.02915 -8.56673 -4.07666 -7.98814 -6.83151 -8.15186 -5.31887 -7.90541 -8.71468 -4.13719 -8.69587 -7.17016 -7.79112 -5.51651 -7.89681 -8.63063 -4.1524 -8.25859 -7.00485 -7.89774 -5.49307 -7.92641 -8.67499 -4.23297 -8.39938 -6.98576 -7.6491 -5.65799 -7.94894 -8.68449 -3.0989 -8.29231 -6.49369 -9.53026 -3.68934 -7.60515 -8.74671 -2.25387 -8.19027
105.255 -6.2597 -9.10657 -6.11082 -8.83419 -9.07177 -3.99115 -8.23875 -7.63991 -7.30318 -5.49741 -8.03719 -8.56979 -4.07612 -7.99139 -6.83372 -8.15101 -5.31899 -7.90571 -8.71418 -4.13737 -8.68969 -7.16988 -7.79094 -5.51667 -7.89687 -8.63069 -4.1524 -8.2594 -7.00475 -7.89786 -5.49306 -7.92643 -8.67502 -4.23295 -8.39937 -6.98581 -7.64907 -5.65797 -7.94893 -8.68448 -3.09892 -8.29224 -6.49368 -9.53026 -3.68936 -7.60515 -8.74671 -2.25387 -8.19029
105.305 -6.2516 -9.09332 -6.15197 -8.83988 -9.07516 -3.99273 -8.25169 -7.63174 -7.30866 -5.49951 -8.04584 -8.57293 -4.07552 -7.99377 -6.83595 -8.1501 -5.31908 -7.906 -8.71366 -4.13756 -8.68367 -7.16957 -7.79078 -5.51684 -7.89692 -8.63077 -4.1524 -8.26024 -7.00466 -7.89799 -5.49305 -7.92645 -8.67504 -4.23292 -8.39934 -6.98587 -7.64904 -5.65795 -7.94893 -8.68446 -3.09893 -8.29218 -6.49367 -9.53025 -3.68938 -7.60515 -8.74671 -2.25387 -8.19032
105.355 -6.24217 -9.0812 -6.19518 -8.8453 -9.07892 -3.9941 -8.26378 -7.62405 -7.31415 -5.50143 -8.05512 -8.57612 -4.07489 -7.99527 -6.8382 -8.14912 -5.31916 -7.90626 -8.71314 -4.13776 -8.67782 -7.16922 -7.79063 -5.51701 -7.89697 -8.63085 -4.15239 -8.2611 -7.00457 -7.89811 -5.49303 -7.92647 -8.67507 -4.2329 -8.3993 -6.98592 -7.64901 -5.65793 -7.94893 -8.68445 -3.09895 -8.29211 -6.49365 -9.53025 -3.6894 -7.60515 -8.74672 -2.25387 -8.19034
105.405 -6.23141 -9.07024 -6.24043 -8.85044 -9.08306 -3.99526 -8.275 -7.61686 -7.31962 -5.50318 -8.06506 -8.57939 -4.07421 -7.9959 -6.84046 -8.14808 -5.31922 -7.9065 -8.71261 -4.13797 -8.67214 -7.16885 -7.79051 -5.51718 -7.89702 -8.63093 -4.15238 -8.26198 -7.0045 -7.89823 -5.49301 -7.92649 -8.6751 -4.23288 -8.39924 -6.98598 -7.64898 -5.65792 -7.94892 -8.68443 -3.09896 -8.29205 -6.49364 -9.53025 -3.68941 -7.60515 -8.74672 -2.25387 -8.19036
105.455 -6.21928 -9.06044 -6.28774 -8.85533 -9.08757 -3.9962 -8.28534 -7.61017 -7.32506 -5.50476 -8.07568 -8.58272 -4.0735 -7.99565 -6.84273 -8.14699 -5.31927 -7.90673 -8.71207 -4.13819 -8.66665 -7.16845 -7.79041 -5.51736 -7.89706 -8.63102 -4.15237 -8.26289 -7.00443 -7.89835 -5.49299 -7.92651 -8.67512 -4.23286 -8.39917 -6.98604 -7.64895 -5.6579 -7.94892 -8.68442 -3.09898 -8.29199 -6.49362 -9.53025 -3.68943 -7.60515 -8.74673 -2.25387 -8.19039
105.505 -6.20574 -9.05183 -6.33713 -8.85996 -9.09249 -3.99692 -8.29477 -7.604 -7.33046 -5.50615 -8.08701 -8.58613 -4.07274 -7.99453 -6.845 -8.14583 -5.3193 -7.90693 -8.71152 -4.13841 -8.66136 -7.16802 -7.79032 -5.51755 -7.89711 -8.63112 -4.15235 -8.26382 -7.00437 -7.89847 -5.49296 -7.92653 -8.67514 -4.23284 -8.39908 -6.98609 -7.64892 -5.65788 -7.94891 -8.6844 -3.09899 -8.29194 -6.4936 -9.53025 -3.68944 -7.60515 -8.74673 -2.25387 -8.19041
105.555 -6.19077 -9.04445 -6.38863 -8.86433 -9.09783 -3.99742 -8.30328 -7.59836 -7.33582 -5.50737 -8.09909 -8.58961 -4.07194 -7.99254 -6.84727 -8.14463 -5.31931 -7.90712 -8.71097 -4.13864 -8.65626 -7.16756 -7.79026 -5.51774 -7.89715 -8.63122 -4.15233 -8.26476 -7.00432 -7.89858 -5.49293 -7.92655 -8.67516 -4.23282 -8.39898 -6.98614 -7.64888 -5.65787 -7.94891 -8.68439 -3.09901 -8.29189 -6.49359 -9.53025 -3.68945 -7.60515 -8.74674 -2.25387 -8.19044
105.605 -6.17431 -9.03833 -6.44228 -8.86847 -9.1036 -3.99769 -8.31084 -7.59326 -7.34112 -5.5084 -8.11196 -8.59317 -4.07111 -7.98966 -6.84954 -8.14337 -5.31931 -7.90728 -8.71042 -4.13888 -8.65138 -7.16708 -7.79021 -5.51793 -7.89719 -8.63133 -4.1523 -8.26572 -7.00427 -7.8987 -5.4929 -7.92657 -8.67518 -4.2328 -8.39887 -6.9862 -7.64885 -5.65786 -7.9489 -8.68438 -3.09902 -8.29184 -6.49357 -9.53026 -3.68947 -7.60515 -8.74674 -2.25387 -8.19046
105.655 -6.15632 -9.03348 -6.49813 -8.87235 -9.10982 -3.99774 -8.31744 -7.58872 -7.34634 -5.50925 -8.12565 -8.59682 -4.07024 -7.98589 -6.8518 -8.14207 -5.3193 -7.90743 -8.70986 -4.13913 -8.64671 -7.16657 -7.79019 -5.51813 -7.89723 -8.63145 -4.15227 -8.26669 -7.00424 -7.8988 -5.49286 -7.92659 -8.67519 -4.23278 -8.39874 -6.98625 -7.64881 -5.65784 -7.94889 -8.68436 -3.09904 -8.2918 -6.49355 -9.53026 -3.68948 -7.60514 -8.74675 -2.25386 -8.19048
105.705 -6.13676 -9.02996 -6.55625 -8.876 -9.11652 -3.99754 -8.32304 -7.58474 -7.35148 -5.50992 -8.1402 -8.60055 -4.06932 -7.98122 -6.85403 -8.14072 -5.31927 -7.90755 -8.7093 -4.13938 -8.64227 -7.16604 -7.79018 -5.51833 -7.89726 -8.63156 -4.15224 -8.26767 -7.00421 -7.89891 -5.49282 -7.92661 -8.6752 -4.23276 -8.3986 -6.9863 -7.64877 -5.65783 -7.94889 -8.68435 -3.09905 -8.29176 -6.49353 -9.53026 -3.68949 -7.60514 -8.74675 -2.25386 -8.19051
105.755 -6.11557 -9.02779 -6.6167 -8.8794 -9.12371 -3.9971 -8.32762 -7.58135 -7.35652 -5.5104 -8.15567 -8.60438 -4.06838 -7.97564 -6.85625 -8.13932 -5.31922 -7.90765 -8.70875 -4.13964 -8.63807 -7.16548 -7.7902 -5.51854 -7.89729 -8.63169 -4.15221 -8.26867 -7.00419 -7.89901 -5.49278 -7.92663 -8.67522 -4.23275 -8.39844 -6.98635 -7.64874 -5.65782 -7.94888 -8.68433 -3.09906 -8.29172 -6.49351 -9.53027 -3.6895 -7.60514 -8.74676 -2.25386 -8.19053
105.805 -6.09269 -9.02702 -6.67955 -8.88256 -9.13143 -3.99641 -8.33115 -7.57855 -7.36145 -5.51069 -8.17209 -8.60832 -4.06739 -7.96914 -6.85844 -8.13789 -5.31916 -7.90774 -8.70819 -4.13991 -8.63411 -7.16491 -7.79023 -5.51874 -7.89733 -8.63182 -4.15217 -8.26966 -7.00419 -7.89911 -5.49273 -7.92666 -8.67522 -4.23273 -8.39827 -6.9864 -7.6487 -5.6578 -7.94887 -8.68432 -3.09908 -8.29168 -6.49349 -9.53027 -3.68951 -7.60514 -8.74676 -2.25386 -8.19055
105.855 -6.06807 -9.02768 -6.7449 -8.88548 -9.13969 -3.99546 -8.3336 -7.57638 -7.36625 -5.51079 -8.1895 -8.61236 -4.06636 -7.96169 -6.8606 -8.13642 -5.31909 -7.9078 -8.70764 -4.14018 -8.63039 -7.16431 -7.79029 -5.51895 -7.89735 -8.63195 -4.15212 -8.27067 -7.00419 -7.89921 -5.49269 -7.92668 -8.67523 -4.23272 -8.39809 -6.98645 -7.64866 -5.65779 -7.94887 -8.68431 -3.09909 -8.29165 -6.49347 -9.53028 -3.68952 -7.60514 -8.74677 -2.25386 -8.19058
105.905 -6.04166 -9.02983 -6.81282 -8.88815 -9.14852 -3.99425 -8.33495 -7.57483 -7.37093 -5.51069 -8.20795 -8.61651 -4.0653 -7.9533 -6.86272 -8.13492 -5.319 -7.90783 -8.7071 -4.14045 -8.62693 -7.16369 -7.79036 -5.51916 -7.89738 -8.63209 -4.15208 -8.27167 -7.0042 -7.8993 -5.49264 -7.9267 -8.67524 -4.2327 -8.39789 -6.98649 -7.64862 -5.65778 -7.94886 -8.68429 -3.0991 -8.29163 -6.49345 -9.53029 -3.68953 -7.60513 -8.74678 -2.25386 -8.1906
105.955 -6.0134 -9.03351 -6.8834 -8.89057 -9.15794 -3.99277 -8.33514 -7.57394 -7.37546 -5.5104 -8.22748 -8.62078 -4.06419 -7.94392 -6.8648 -8.13338 -5.3189 -7.90785 -8.70655 -4.14073 -8.62374 -7.16306 -7.79046 -5.51938 -7.89741 -8.63223 -4.15203 -8.27268 -7.00421 -7.89939 -5.49258 -7.92672 -8.67524 -4.23269 -8.39768 -6.98654 -7.64858 -5.65777 -7.94885 -8.68428 -3.09911 -8.29161 -6.49343 -9.5303 -3.68953 -7.60513 -8.74678 -2.25385 -8.19062
106.005 -5.98325 -9.03877 -6.95672 -8.89272 -9.16797 -3.99102 -8.33415 -7.57373 -7.37982 -5.50992 -8.24812 -8.62517 -4.06304 -7.93356 -6.86684 -8.13182 -5.31878 -7.90784 -8.70602 -4.141 -8.62082 -7.16241 -7.79058 -5.51959 -7.89743 -8.63237 -4.15197 -8.27368 -7.00424 -7.89947 -5.49253 -7.92675 -8.67524 -4.23268 -8.39746 -6.98658 -7.64854 -5.65776 -7.94884 -8.68427 -3.09912 -8.29159 -6.49341 -9.53031 -3.68954 -7.60513 -8.74679 -2.25385 -8.19064
106.055 -5.95117 -9.04567 -7.03285 -8.8946 -9.17865 -3.98897 -8.33194 -7.5742 -7.38402 -5.50923 -8.26988 -8.62969 -4.06185 -7.92217 -6.86881 -8.13023 -5.31864 -7.90781 -8.70549 -4.14129 -8.61817 -7.16174 -7.79071 -5.5198 -7.89745 -8.63252 -4.15192 -8.27468 -7.00428 -7.89955 -5.49247 -7.92677 -8.67524 -4.23266 -8.39723 -6.98662 -7.6485 -5.65776 -7.94884 -8.68426 -3.09913 -8.29157 -6.49339 -9.53032 -3.68954 -7.60512 -8.74679 -2.25385 -8.19067
106.105 -5.91713 -9.05425 -7.11186 -8.8962 -9.18997 -3.98663 -8.32846 -7.5754 -7.38803 -5.50834 -8.29278 -8.63433 -4.06061 -7.90975 -6.87074 -8.12862 -5.31849 -7.90776 -8.70497 -4.14157 -8.61582 -7.16106 -7.79087 -5.52001 -7.89746 -8.63267 -4.15186 -8.27567 -7.00433 -7.89962 -5.49241 -7.92679 -8.67523 -4.23265 -8.39698 -6.98666 -7.64846 -5.65775 -7.94883 -8.68425 -3.09914 -8.29156 -6.49337 -9.53033 -3.68955 -7.60512 -8.7468 -2.25385 -8.19069
106.155 -5.88113 -9.06456 -7.19379 -8.89748 -9.20196 -3.98398 -8.32369 -7.57733 -7.39184 -5.50725 -8.31681 -8.6391 -4.05933 -7.89627 -6.8726 -8.127 -5.31832 -7.90768 -8.70447 -4.14185 -8.61376 -7.16037 -7.79104 -5.52023 -7.89747 -8.63282 -4.15179 -8.27665 -7.00438 -7.89969 -5.49235 -7.92681 -8.67523 -4.23264 -8.39673 -6.98669 -7.64842 -5.65774 -7.94882 -8.68423 -3.09915 -8.29156 -6.49335 -9.53034 -3.68955 -7.60512 -8.7468 -2.25384 -8.19071
106.205 -5.84317 -9.07666 -7.27864 -8.89844 -9.2146 -3.98103 -8.31757 -7.58001 -7.39544 -5.50595 -8.34195 -8.64399 -4.058 -7.88172 -6.87439 -8.12536 -5.31812 -7.90758 -8.70397 -4.14214 -8.61201 -7.15967 -7.79124 -5.52044 -7.89748 -8.63298 -4.15173 -8.27762 -7.00444 -7.89975 -5.49229 -7.92683 -8.67522 -4.23264 -8.39647 -6.98673 -7.64838 -5.65774 -7.94881 -8.68422 -3.09916 -8.29156 -6.49332 -9.53035 -3.68955 -7.60511 -8.74681 -2.25384 -8.19073
106.255 -5.80331 -9.09058 -7.36639 -8.89904 -9.2279 -3.97775 -8.31007 -7.58348 -7.39882 -5.50443 -8.36814 -8.64899 -4.05663 -7.86608 -6.8761 -8.12372 -5.31791 -7.90746 -8.70349 -4.14242 -8.61057 -7.15895 -7.79145 -5.52064 -7.89749 -8.63313 -4.15166 -8.27858 -7.00452 -7.89981 -5.49222 -7.92685 -8.67521 -4.23263 -8.39619 -6.98676 -7.64834 -5.65773 -7.9488 -8.68421 -3.09917 -8.29156 -6.4933 -9.53036 -3.68955 -7.60511 -8.74682 -2.25384 -8.19074
106.305 -5.76161 -9.10637 -7.45697 -8.89926 -9.24184 -3.97416 -8.30116 -7.58774 -7.40196 -5.50271 -8.3953 -8.65408 -4.05521 -7.84933 -6.87774 -8.12207 -5.31767 -7.90731 -8.70302 -4.1427 -8.60946 -7.15823 -7.79168 -5.52085 -7.89749 -8.63329 -4.15159 -8.27952 -7.0046 -7.89987 -5.49216 -7.92688 -8.6752 -4.23262 -8.39591 -6.98679 -7.6483 -5.65773 -7.94879 -8.6842 -3.09918 -8.29156 -6.49328 -9.53038 -3.68955 -7.60511 -8.74682 -2.25384 -8.19076
106.355 -5.71819 -9.12405 -7.55024 -8.89905 -9.25636 -3.97023 -8.2908 -7.59283 -7.40486 -5.50077 -8.42331 -8.65925 -4.05374 -7.83149 -6.87929 -8.12041 -5.3174 -7.90713 -8.70257 -4.14298 -8.60867 -7.15751 -7.79193 -5.52106 -7.89748 -8.63345 -4.15152 -8.28044 -7.00468 -7.89991 -5.49209 -7.9269 -8.67518 -4.23262 -8.39562 -6.98682 -7.64826 -5.65773 -7.94878 -8.68419 -3.09919 -8.29157 -6.49326 -9.53039 -3.68955 -7.6051 -8.74683 -2.25383 -8.19078
106.405 -5.6732 -9.14362 -7.64601 -8.89838 -9.27143 -3.96598 -8.27898 -7.59874 -7.40749 -5.49861 -8.45203 -8.66446 -4.05222 -7.81254 -6.88075 -8.11876 -5.31711 -7.90693 -8.70213 -4.14326 -8.60823 -7.15678 -7.79219 -5.52126 -7.89748 -8.63361 -4.15144 -8.28134 -7.00478 -7.89995 -5.49202 -7.92692 -8.67516 -4.23261 -8.39532 -6.98684 -7.64822 -5.65773 -7.94877 -8.68419 -3.09919 -8.29159 -6.49324 -9.53041 -3.68954 -7.6051 -8.74683 -2.25383 -8.1908
106.455 -5.62686 -9.16511 -7.74403 -8.8972 -9.28697 -3.9614 -8.26566 -7.6055 -7.40985 -5.49623 -8.48126 -8.66969 -4.05067 -7.7925 -6.88212 -8.11712 -5.31679 -7.9067 -8.70171 -4.14354 -8.60813 -7.15604 -7.79247 -5.52145 -7.89746 -8.63377 -4.15137 -8.28222 -7.00489 -7.89999 -5.49195 -7.92694 -8.67515 -4.23261 -8.39502 -6.98687 -7.64818 -5.65773 -7.94876 -8.68418 -3.0992 -8.29161 -6.49322 -9.53042 -3.68954 -7.60509 -8.74684 -2.25383 -8.19081
106.505 -5.57939 -9.18847 -7.84394 -8.89546 -9.30288 -3.9565 -8.25086 -7.61312 -7.41192 -5.49363 -8.51079 -8.6749 -4.04907 -7.77141 -6.88339 -8.11548 -5.31644 -7.90645 -8.70131 -4.14381 -8.60839 -7.15531 -7.79277 -5.52165 -7.89745 -8.63392 -4.15129 -8.28307 -7.005 -7.90002 -5.49187 -7.92695 -8.67512 -4.23261 -8.39471 -6.98689 -7.64814 -5.65773 -7.94875 -8.68417 -3.0992 -8.29163 -6.4932 -9.53044 -3.68954 -7.60509 -8.74684 -2.25382 -8.19083
106.555 -5.53109 -9.21369 -7.94532 -8.89311 -9.31905 -3.95129 -8.23457 -7.62158 -7.4137 -5.49082 -8.54036 -8.68003 -4.04743 -7.7493 -6.88455 -8.11386 -5.31606 -7.90617 -8.70093 -4.14408 -8.60902 -7.15458 -7.79309 -5.52184 -7.89743 -8.63408 -4.15121 -8.28389 -7.00512 -7.90004 -5.4918 -7.92697 -8.6751 -4.23261 -8.39439 -6.9869 -7.6481 -5.65773 -7.94875 -8.68416 -3.09921 -8.29166 -6.49318 -9.53045 -3.68953 -7.60509 -8.74685 -2.25382 -8.19084
106.605 -5.48228 -9.24068 -8.04767 -8.89008 -9.33536 -3.94578 -8.21682 -7.63088 -7.41518 -5.48778 -8.56972 -8.68505 -4.04576 -7.72622 -6.8856 -8.11226 -5.31565 -7.90586 -8.70057 -4.14434 -8.61002 -7.15385 -7.79342 -5.52202 -7.8974 -8.63424 -4.15112 -8.28469 -7.00525 -7.90006 -5.49173 -7.92699 -8.67508 -4.23261 -8.39407 -6.98692 -7.64807 -5.65773 -7.94874 -8.68416 -3.09921 -8.29169 -6.49315 -9.53047 -3.68952 -7.60508 -8.74686 -2.25382 -8.19085
106.655 -5.43329 -9.26937 -8.15044 -8.88633 -9.35166 -3.93998 -8.19765 -7.64102 -7.41634 -5.48453 -8.59858 -8.68989 -4.04408 -7.70226 -6.88654 -8.11068 -5.31521 -7.90553 -8.70023 -4.1446 -8.61139 -7.15312 -7.79376 -5.5222 -7.89736 -8.63439 -4.15104 -8.28544 -7.00538 -7.90007 -5.49165 -7.92701 -8.67505 -4.23261 -8.39374 -6.98693 -7.64803 -5.65773 -7.94873 -8.68415 -3.09921 -8.29172 -6.49313 -9.53049 -3.68952 -7.60508 -8.74686 -2.25381 -8.19087
106.705 -5.3845 -9.29965 -8.25299 -8.88179 -9.36781 -3.93393 -8.17711 -7.65196 -7.41718 -5.48106 -8.62667 -8.6945 -4.04237 -7.67749 -6.88737 -8.10912 -5.31474 -7.90517 -8.69992 -4.14485 -8.61314 -7.1524 -7.79411 -5.52237 -7.89732 -8.63455 -4.15096 -8.28617 -7.00553 -7.90008 -5.49158 -7.92703 -8.67502 -4.23261 -8.39341 -6.98694 -7.64799 -5.65774 -7.94872 -8.68415 -3.09922 -8.29176 -6.49311 -9.53051 -3.68951 -7.60507 -8.74687 -2.25381 -8.19088
106.755 -5.33624 -9.33139 -8.35466 -8.87643 -9.38366 -3.92764 -8.15528 -7.66368 -7.4177 -5.4774 -8.65373 -8.69884 -4.04066 -7.65202 -6.88807 -8.1076 -5.31424 -7.90478 -8.69963 -4.1451 -8.61528 -7.15169 -7.79448 -5.52254 -7.89728 -8.6347 -4.15087 -8.28686 -7.00567 -7.90008 -5.4915 -7.92704 -8.67499 -4.23262 -8.39308 -6.98695 -7.64796 -5.65774 -7.94871 -8.68414 -3.09922 -8.29181 -6.4931 -9.53052 -3.6895 -7.60507 -8.74687 -2.25381 -8.19089
106.805 -5.28887 -9.36443 -8.45478 -8.8702 -9.39906 -3.92116 -8.13223 -7.67613 -7.41788 -5.47353 -8.67952 -8.70285 -4.03895 -7.62595 -6.88864 -8.10611 -5.31371 -7.90438 -8.69937 -4.14534 -8.6178 -7.15098 -7.79486 -5.5227 -7.89723 -8.63485 -4.15078 -8.2875 -7.00583 -7.90007 -5.49142 -7.92706 -8.67496 -4.23262 -8.39274 -6.98695 -7.64793 -5.65775 -7.9487 -8.68414 -3.09922 -8.29185 -6.49308 -9.53054 -3.68949 -7.60506 -8.74688 -2.2538 -8.1909
106.855 -5.24269 -9.39861 -8.55267 -8.86308 -9.41388 -3.9145 -8.10808 -7.68926 -7.41773 -5.46948 -8.70387 -8.7065 -4.03726 -7.59943 -6.88909 -8.10466 -5.31315 -7.90395 -8.69913 -4.14557 -8.6207 -7.15029 -7.79525 -5.52285 -7.89717 -8.63499 -4.1507 -8.28811 -7.00599 -7.90006 -5.49135 -7.92707 -8.67493 -4.23263 -8.39241 -6.98696 -7.64789 -5.65775 -7.94869 -8.68413 -3.09922 -8.2919 -6.49306 -9.53056 -3.68947 -7.60506 -8.74688 -2.2538 -8.1909
106.905 -5.19797 -9.43376 -8.64765 -8.85504 -9.428 -3.90772 -8.08294 -7.70302 -7.41725 -5.46525 -8.72662 -8.70977 -4.0356 -7.57257 -6.8894 -8.10326 -5.31257 -7.90349 -8.69893 -4.14579 -8.62399 -7.14961 -7.79566 -5.523 -7.89711 -8.63513 -4.15061 -8.28867 -7.00616 -7.90004 -5.49127 -7.92708 -8.67489 -4.23264 -8.39207 -6.98695 -7.64786 -5.65776 -7.94868 -8.68413 -3.09922 -8.29195 -6.49304 -9.53058 -3.68946 -7.60505 -8.74689 -2.2538 -8.19091
106.955 -5.15495 -9.46968 -8.73911 -8.84609 -9.44133 -3.90084 -8.05693 -7.71735 -7.41644 -5.46086 -8.74767 -8.71262 -4.03398 -7.54551 -6.88959 -8.1019 -5.31197 -7.90302 -8.69875 -4.146 -8.62765 -7.14895 -7.79607 -5.52314 -7.89705 -8.63527 -4.15052 -8.28918 -7.00633 -7.90001 -5.4912 -7.9271 -8.67485 -4.23264 -8.39173 -6.98695 -7.64783 -5.65777 -7.94867 -8.68413 -3.09921 -8.29201 -6.49302 -9.5306 -3.68945 -7.60505 -8.74689 -2.25379 -8.19092
107.005 -5.11379 -9.50619 -8.82647 -8.83625 -9.45378 -3.89392 -8.03018 -7.73217 -7.4153 -5.45633 -8.76697 -8.71505 -4.0324 -7.51838 -6.88964 -8.10059 -5.31135 -7.90253 -8.6986 -4.1462 -8.63167 -7.14831 -7.79649 -5.52327 -7.89697 -8.6354 -4.15044 -8.28965 -7.0065 -7.89998 -5.49112 -7.92711 -8.67481 -4.23265 -8.3914 -6.98694 -7.6478 -5.65778 -7.94866 -8.68413 -3.09921 -8.29207 -6.49301 -9.53062 -3.68943 -7.60504 -8.74689 -2.25379 -8.19092
107.055 -5.07463 -9.5431 -8.90922 -8.82553 -9.46532 -3.88697 -8.00284 -7.74742 -7.41384 -5.45168 -8.78451 -8.71706 -4.03088 -7.49133 -6.88957 -8.09933 -5.31072 -7.90203 -8.69848 -4.14639 -8.63605 -7.14768 -7.79691 -5.52339 -7.8969 -8.63553 -4.15035 -8.29007 -7.00668 -7.89994 -5.49105 -7.92712 -8.67478 -4.23266 -8.39107 -6.98694 -7.64778 -5.65779 -7.94865 -8.68413 -3.09921 -8.29214 -6.49299 -9.53064 -3.68942 -7.60504 -8.7469 -2.25378 -8.19092
107.105 -5.03754 -9.58022 -8.98693 -8.81399 -9.47591 -3.88005 -7.97502 -7.76303 -7.41207 -5.44691 -8.80031 -8.71866 -4.02943 -7.46447 -6.88935 -8.09814 -5.31007 -7.90151 -8.69839 -4.14657 -8.64077 -7.14707 -7.79734 -5.5235 -7.89682 -8.63565 -4.15026 -8.29044 -7.00687 -7.8999 -5.49098 -7.92713 -8.67473 -4.23268 -8.39074 -6.98692 -7.64775 -5.6578 -7.94865 -8.68413 -3.09921 -8.2922 -6.49298 -9.53066 -3.6894 -7.60503 -8.7469 -2.25378 -8.19093
107.155 -5.00258 -9.6174 -9.05925 -8.80168 -9.48555 -3.87318 -7.94688 -7.77891 -7.40999 -5.44206 -8.81443 -8.71987 -4.02806 -7.43792 -6.88901 -8.097 -5.30942 -7.90098 -8.69833 -4.14674 -8.64582 -7.14649 -7.79778 -5.52361 -7.89674 -8.63577 -4.15018 -8.29076 -7.00705 -7.89985 -5.4909 -7.92714 -8.67469 -4.23269 -8.39041 -6.98691 -7.64773 -5.65781 -7.94864 -8.68413 -3.0992 -8.29227 -6.49296 -9.53068 -3.68939 -7.60503 -8.74691 -2.25378 -8.19093
107.205 -4.96975 -9.65446 -9.12588 -8.78867 -9.49424 -3.8664 -7.91853 -7.795 -7.40762 -5.43715 -8.82694 -8.72071 -4.02677 -7.4118 -6.88854 -8.09593 -5.30877 -7.90044 -8.6983 -4.1469 -8.65118 -7.14593 -7.79822 -5.5237 -7.89665 -8.63588 -4.15009 -8.29102 -7.00724 -7.8998 -5.49083 -7.92714 -8.67465 -4.2327 -8.39009 -6.98689 -7.6477 -5.65782 -7.94863 -8.68413 -3.0992 -8.29234 -6.49295 -9.5307 -3.68937 -7.60503 -8.74691 -2.25377 -8.19093
107.255 -4.93903 -9.69125 -9.18662 -8.77504 -9.50201 -3.85973 -7.89009 -7.81123 -7.40497 -5.43218 -8.83795 -8.7212 -4.02556 -7.3862 -6.88795 -8.09492 -5.30813 -7.8999 -8.69831 -4.14704 -8.65682 -7.14539 -7.79867 -5.52378 -7.89656 -8.63599 -4.15001 -8.29123 -7.00744 -7.89974 -5.49076 -7.92715 -8.67461 -4.23272 -8.38977 -6.98687 -7.64768 -5.65783 -7.94862 -8.68413 -3.09919 -8.29242 -6.49293 -9.53072 -3.68935 -7.60502 -8.74691 -2.25377 -8.19093
107.305 -4.91036 -9.72765 -9.24133 -8.76086 -9.5089 -3.85319 -7.86168 -7.82753 -7.40205 -5.4272 -8.84754 -8.72138 -4.02444 -7.3612 -6.88723 -8.09399 -5.30749 -7.89935 -8.69834 -4.14718 -8.66274 -7.14488 -7.79911 -5.52386 -7.89648 -8.63609 -4.14993 -8.29139 -7.00763 -7.89967 -5.4907 -7.92715 -8.67456 -4.23273 -8.38946 -6.98685 -7.64766 -5.65785 -7.94862 -8.68414 -3.09918 -8.29249 -6.49292 -9.53074 -3.68933 -7.60502 -8.74692 -2.25377 -8.19092
107.355 -4.88371 -9.76352 -9.28994 -8.74623 -9.51496 -3.84682 -7.83341 -7.84383 -7.39887 -5.4222 -8.85583 -8.72128 -4.02342 -7.33689 -6.88639 -8.09312 -5.30686 -7.8988 -8.6984 -4.14729 -8.66891 -7.1444 -7.79956 -5.52392 -7.89638 -8.63618 -4.14985 -8.29149 -7.00783 -7.8996 -5.49063 -7.92716 -8.67451 -4.23275 -8.38916 -6.98682 -7.64764 -5.65786 -7.94861 -8.68414 -3.09918 -8.29257 -6.49291 -9.53075 -3.68931 -7.60501 -8.74692 -2.25376 -8.19092
107.405 -4.85898 -9.79876 -9.33245 -8.73122 -9.52023 -3.84062 -7.80537 -7.86009 -7.39546 -5.41723 -8.86292 -8.72093 -4.02248 -7.31332 -6.88543 -8.09233 -5.30624 -7.89826 -8.6985 -4.1474 -8.6753 -7.14395 -7.80001 -5.52398 -7.89629 -8.63627 -4.14977 -8.29153 -7.00803 -7.89952 -5.49057 -7.92716 -8.67447 -4.23277 -8.38886 -6.9868 -7.64763 -5.65788 -7.9486 -8.68415 -3.09917 -8.29265 -6.4929 -9.53077 -3.68929 -7.60501 -8.74692 -2.25376 -8.19092
107.455 -4.83612 -9.83329 -9.36888 -8.71593 -9.52476 -3.83461 -7.77764 -7.87623 -7.39183 -5.41229 -8.8689 -8.72035 -4.02163 -7.29054 -6.88437 -8.09162 -5.30564 -7.89772 -8.69863 -4.14749 -8.68189 -7.14353 -7.80045 -5.52402 -7.8962 -8.63635 -4.14969 -8.29152 -7.00823 -7.89944 -5.49051 -7.92716 -8.67442 -4.23278 -8.38857 -6.98677 -7.64761 -5.65789 -7.94859 -8.68415 -3.09916 -8.29274 -6.49289 -9.53079 -3.68927 -7.605 -8.74692 -2.25376 -8.19091
107.505 -4.81503 -9.86701 -9.39932 -8.70044 -9.52861 -3.82881 -7.75031 -7.89222 -7.38799 -5.4074 -8.87386 -8.71957 -4.02088 -7.2686 -6.8832 -8.09099 -5.30506 -7.89718 -8.69878 -4.14757 -8.68866 -7.14314 -7.8009 -5.52405 -7.89611 -8.63642 -4.14962 -8.29146 -7.00843 -7.89936 -5.49045 -7.92716 -8.67437 -4.2328 -8.38829 -6.98674 -7.6476 -5.65791 -7.94859 -8.68416 -3.09915 -8.29282 -6.49288 -9.53081 -3.68925 -7.605 -8.74693 -2.25375 -8.1909
107.555 -4.79565 -9.89986 -9.42389 -8.68484 -9.53183 -3.82321 -7.72343 -7.90801 -7.38396 -5.40257 -8.8779 -8.71862 -4.02021 -7.24752 -6.88193 -8.09043 -5.3045 -7.89666 -8.69896 -4.14763 -8.69559 -7.14278 -7.80133 -5.52408 -7.89602 -8.63649 -4.14954 -8.29134 -7.00862 -7.89926 -5.49039 -7.92716 -8.67433 -4.23282 -8.38803 -6.9867 -7.64759 -5.65793 -7.94858 -8.68416 -3.09914 -8.29291 -6.49288 -9.53083 -3.68923 -7.605 -8.74693 -2.25375 -8.1909
107.605 -4.77789 -9.93178 -9.44276 -8.66919 -9.53447 -3.81784 -7.69708 -7.92356 -7.37976 -5.39784 -8.88109 -8.71752 -4.01963 -7.22734 -6.88056 -8.08995 -5.30397 -7.89614 -8.69918 -4.14768 -8.70265 -7.14246 -7.80177 -5.52409 -7.89593 -8.63655 -4.14947 -8.29117 -7.00882 -7.89917 -5.49033 -7.92716 -8.67428 -4.23284 -8.38777 -6.98666 -7.64758 -5.65794 -7.94858 -8.68417 -3.09913 -8.293 -6.49287 -9.53085 -3.68921 -7.60499 -8.74693 -2.25375 -8.19089
107.655 -4.76169 -9.96274 -9.45609 -8.65357 -9.53658 -3.81268 -7.6713 -7.93883 -7.3754 -5.3932 -8.88349 -8.7163 -4.01913 -7.20807 -6.87911 -8.08956 -5.30345 -7.89564 -8.69941 -4.14771 -8.70981 -7.14217 -7.8022 -5.52409 -7.89584 -8.6366 -4.14941 -8.29094 -7.00902 -7.89907 -5.49028 -7.92716 -8.67423 -4.23286 -8.38752 -6.98663 -7.64757 -5.65796 -7.94857 -8.68418 -3.09912 -8.29309 -6.49286 -9.53087 -3.68919 -7.60499 -8.74693 -2.25375 -8.19088
107.705 -4.74699 -9.99268 -9.46409 -8.63805 -9.5382 -3.80776 -7.64613 -7.95378 -7.3709 -5.38867 -8.88516 -8.71496 -4.01871 -7.18971 -6.87758 -8.08924 -5.30297 -7.89514 -8.69968 -4.14773 -8.71705 -7.14191 -7.80262 -5.52407 -7.89575 -8.63665 -4.14934 -8.29066 -7.00921 -7.89897 -5.49023 -7.92715 -8.67418 -4.23288 -8.38729 -6.98658 -7.64757 -5.65798 -7.94857 -8.68419 -3.09911 -8.29317 -6.49286 -9.53088 -3.68917 -7.60498 -8.74693 -2.25374 -8.19087
107.755 -4.73371 -10.0216 -9.46697 -8.62269 -9.53938 -3.80306 -7.62162 -7.96841 -7.36628 -5.38427 -8.88615 -8.71352 -4.01836 -7.17228 -6.87597 -8.08901 -5.30251 -7.89467 -8.69996 -4.14773 -8.72436 -7.14169 -7.80304 -5.52405 -7.89567 -8.63669 -4.14928 -8.29033 -7.00941 -7.89886 -5.49018 -7.92715 -8.67414 -4.23291 -8.38706 -6.98654 -7.64757 -5.658 -7.94856 -8.6842 -3.0991 -8.29327 -6.49286 -9.5309 -3.68915 -7.60498 -8.74693 -2.25374 -8.19085
107.805 -4.72181 -10.0494 -9.46496 -8.60754 -9.54014 -3.79858 -7.59778 -7.98267 -7.36154 -5.37999 -8.8865 -8.71199 -4.01808 -7.15577 -6.87428 -8.08886 -5.30208 -7.8942 -8.70027 -4.14772 -8.7317 -7.14151 -7.80344 -5.52402 -7.89558 -8.63672 -4.14922 -8.28996 -7.0096 -7.89875 -5.49014 -7.92714 -8.67409 -4.23293 -8.38685 -6.9865 -7.64756 -5.65802 -7.94856 -8.6842 -3.09909 -8.29336 -6.49285 -9.53091 -3.68912 -7.60498 -8.74693 -2.25374 -8.19084
107.855 -4.71124 -10.0762 -9.45829 -8.59265 -9.54054 -3.79434 -7.57466 -7.99654 -7.35671 -5.37586 -8.88625 -8.7104 -4.01788 -7.14019 -6.87254 -8.08879 -5.30167 -7.89376 -8.70061 -4.1477 -8.73907 -7.14136 -7.80384 -5.52397 -7.8955 -8.63674 -4.14916 -8.28953 -7.00979 -7.89863 -5.4901 -7.92714 -8.67404 -4.23295 -8.38666 -6.98645 -7.64757 -5.65804 -7.94856 -8.68421 -3.09907 -8.29345 -6.49285 -9.53093 -3.6891 -7.60497 -8.74693 -2.25374 -8.19083
107.905 -4.70195 -10.1018 -9.44719 -8.57807 -9.54058 -3.79032 -7.55227 -8.01002 -7.3518 -5.37188 -8.88543 -8.70873 -4.01773 -7.12551 -6.87073 -8.0888 -5.30129 -7.89333 -8.70096 -4.14766 -8.74642 -7.14124 -7.80422 -5.52392 -7.89542 -8.63676 -4.14911 -8.28906 -7.00997 -7.89852 -5.49006 -7.92713 -8.674 -4.23298 -8.38648 -6.9864 -7.64757 -5.65805 -7.94855 -8.68423 -3.09906 -8.29354 -6.49285 -9.53095 -3.68908 -7.60497 -8.74693 -2.25373 -8.19081
107.955 -4.69391 -10.1264 -9.43189 -8.56382 -9.54031 -3.78652 -7.53062 -8.02309 -7.34682 -5.36804 -8.88406 -8.70701 -4.01765 -7.11175 -6.86888 -8.08889 -5.30093 -7.89292 -8.70133 -4.14761 -8.75376 -7.14116 -7.8046 -5.52385 -7.89534 -8.63676 -4.14906 -8.28854 -7.01015 -7.8984 -5.49003 -7.92712 -8.67395 -4.233 -8.38631 -6.98635 -7.64757 -5.65807 -7.94855 -8.68424 -3.09905 -8.29363 -6.49285 -9.53096 -3.68906 -7.60497 -8.74693 -2.25373 -8.1908
108.005 -4.68708 -10.1499 -9.41264 -8.54996 -9.53974 -3.78294 -7.50973 -8.03573 -7.34179 -5.36437 -8.88216 -8.70523 -4.01762 -7.09889 -6.86697 -8.08906 -5.3006 -7.89252 -8.70172 -4.14754 -8.76106 -7.14112 -7.80496 -5.52378 -7.89526 -8.63677 -4.14902 -8.28799 -7.01032 -7.89828 -5.49 -7.92711 -8.6739 -4.23302 -8.38616 -6.9863 -7.64758 -5.65809 -7.94855 -8.68425 -3.09903 -8.29372 -6.49285 -9.53097 -3.68903 -7.60497 -8.74693 -2.25373 -8.19078
108.055 -4.68145 -10.1723 -9.38964 -8.53649 -9.53889 -3.77958 -7.48961 -8.04793 -7.33672 -5.36086 -8.87973 -8.7034 -4.01765 -7.08692 -6.86503 -8.0893 -5.30029 -7.89214 -8.70213 -4.14746 -8.7683 -7.14111 -7.80531 -5.52369 -7.89519 -8.63676 -4.14898 -8.28739 -7.01049 -7.89815 -5.48997 -7.92709 -8.67386 -4.23305 -8.38602 -6.98625 -7.64759 -5.65811 -7.94855 -8.68426 -3.09902 -8.29381 -6.49286 -9.53099 -3.68901 -7.60496 -8.74693 -2.25373 -8.19076
108.105 -4.67698 -10.1935 -9.36314 -8.52346 -9.53778 -3.77644 -7.47027 -8.05969 -7.33162 -5.35752 -8.87679 -8.70152 -4.01772 -7.07582 -6.86305 -8.08963 -5.3 -7.89178 -8.70255 -4.14736 -8.77546 -7.14114 -7.80564 -5.52359 -7.89511 -8.63674 -4.14894 -8.28675 -7.01066 -7.89803 -5.48994 -7.92708 -8.67382 -4.23307 -8.38589 -6.9862 -7.6476 -5.65813 -7.94855 -8.68427 -3.099 -8.2939 -6.49286 -9.531 -3.68899 -7.60496 -8.74693 -2.25373 -8.19074
108.155 -4.67366 -10.2137 -9.33332 -8.51087 -9.53642 -3.7735 -7.45171 -8.071 -7.32651 -5.35434 -8.87335 -8.69959 -4.01785 -7.06559 -6.86104 -8.09002 -5.29974 -7.89144 -8.70298 -4.14726 -8.78254 -7.1412 -7.80596 -5.52349 -7.89504 -8.63672 -4.1489 -8.28608 -7.01082 -7.8979 -5.48992 -7.92707 -8.67377 -4.2331 -8.38579 -6.98614 -7.64761 -5.65815 -7.94855 -8.68428 -3.09899 -8.29399 -6.49287 -9.53101 -3.68897 -7.60496 -8.74693 -2.25373 -8.19072
108.205 -4.67148 -10.2328 -9.30041 -8.49875 -9.53482 -3.77078 -7.43394 -8.08185 -7.32138 -5.35133 -8.86939 -8.69761 -4.01802 -7.05622 -6.859 -8.09049 -5.29949 -7.89111 -8.70343 -4.14714 -8.78951 -7.1413 -7.80626 -5.52337 -7.89497 -8.63669 -4.14887 -8.28538 -7.01097 -7.89777 -5.48991 -7.92705 -8.67373 -4.23312 -8.3857 -6.98609 -7.64762 -5.65817 -7.94855 -8.6843 -3.09897 -8.29407 -6.49287 -9.53102 -3.68895 -7.60496 -8.74692 -2.25372 -8.1907
108.255 -4.67043 -10.2509 -9.26459 -8.48711 -9.53299 -3.76826 -7.41696 -8.09223 -7.31627 -5.34849 -8.86492 -8.69559 -4.01823 -7.04769 -6.85695 -8.09103 -5.29926 -7.8908 -8.70389 -4.14701 -8.79637 -7.14143 -7.80655 -5.52324 -7.8949 -8.63666 -4.14885 -8.28464 -7.01112 -7.89764 -5.48989 -7.92704 -8.67369 -4.23315 -8.38562 -6.98603 -7.64764 -5.65819 -7.94855 -8.68431 -3.09896 -8.29416 -6.49288 -9.53103 -3.68892 -7.60496 -8.74692 -2.25372 -8.19068
108.305 -4.67051 -10.2678 -9.22604 -8.47597 -9.53094 -3.76594 -7.40077 -8.10216 -7.31116 -5.34582 -8.85993 -8.69351 -4.01849 -7.03999 -6.85488 -8.09164 -5.29905 -7.89051 -8.70435 -4.14686 -8.80309 -7.14159 -7.80682 -5.52311 -7.89484 -8.63661 -4.14882 -8.28387 -7.01126 -7.89751 -5.48988 -7.92702 -8.67365 -4.23317 -8.38556 -6.98597 -7.64766 -5.65821 -7.94855 -8.68432 -3.09894 -8.29424 -6.49289 -9.53104 -3.6889 -7.60495 -8.74692 -2.25372 -8.19066
108.355 -4.67172 -10.2837 -9.18493 -8.46532 -9.52868 -3.76382 -7.38538 -8.11162 -7.30608 -5.34332 -8.85442 -8.69138 -4.01878 -7.03313 -6.8528 -8.09232 -5.29886 -7.89024 -8.70483 -4.14671 -8.80968 -7.14179 -7.80707 -5.52297 -7.89477 -8.63656 -4.14881 -8.28308 -7.01139 -7.89738 -5.48988 -7.927 -8.67362 -4.2332 -8.38552 -6.98592 -7.64768 -5.65823 -7.94855 -8.68434 -3.09893 -8.29432 -6.4929 -9.53105 -3.68888 -7.60495 -8.74692 -2.25372 -8.19064
108.405 -4.67406 -10.2985 -9.14142 -8.45518 -9.52619 -3.7619 -7.37078 -8.12061 -7.30103 -5.34099 -8.84838 -8.6892 -4.01911 -7.02708 -6.85071 -8.09306 -5.29868 -7.88998 -8.70531 -4.14654 -8.81612 -7.14202 -7.80731 -5.52282 -7.89471 -8.63651 -4.14879 -8.28227 -7.01152 -7.89725 -5.48987 -7.92698 -8.67358 -4.23322 -8.38549 -6.98586 -7.6477 -5.65825 -7.94855 -8.68435 -3.09891 -8.2944 -6.49291 -9.53106 -3.68886 -7.60495 -8.74691 -2.25372 -8.19062
108.455 -4.67753 -10.3123 -9.09565 -8.44556 -9.52349 -3.76017 -7.35697 -8.12913 -7.29602 -5.33883 -8.84178 -8.68696 -4.01948 -7.02184 -6.84863 -8.09386 -5.29851 -7.88973 -8.7058 -4.14637 -8.8224 -7.14228 -7.80752 -5.52266 -7.89464 -8.63644 -4.14878 -8.28143 -7.01164 -7.89712 -5.48987 -7.92696 -8.67355 -4.23324 -8.38548 -6.9858 -7.64772 -5.65827 -7.94855 -8.68437 -3.09889 -8.29448 -6.49292 -9.53106 -3.68884 -7.60495 -8.74691 -2.25372 -8.19059
108.505 -4.68216 -10.3251 -9.04776 -8.43646 -9.52057 -3.75863 -7.34396 -8.13717 -7.29105 -5.33684 -8.83462 -8.68465 -4.01988 -7.01741 -6.84654 -8.09472 -5.29836 -7.88951 -8.70629 -4.14618 -8.82851 -7.14257 -7.80772 -5.52249 -7.89458 -8.63637 -4.14877 -8.28057 -7.01175 -7.89699 -5.48988 -7.92694 -8.67351 -4.23327 -8.38549 -6.98574 -7.64775 -5.65829 -7.94856 -8.68438 -3.09888 -8.29455 -6.49293 -9.53107 -3.68882 -7.60495 -8.74691 -2.25372 -8.19057
108.555 -4.68794 -10.3368 -8.99787 -8.42787 -9.51743 -3.75729 -7.33174 -8.14475 -7.28615 -5.335 -8.82689 -8.68228 -4.02032 -7.01379 -6.84446 -8.09564 -5.29822 -7.8893 -8.70679 -4.14599 -8.83445 -7.14288 -7.8079 -5.52232 -7.89452 -8.6363 -4.14877 -8.2797 -7.01185 -7.89686 -5.48989 -7.92692 -8.67348 -4.23329 -8.38551 -6.98568 -7.64777 -5.65831 -7.94856 -8.6844 -3.09886 -8.29463 -6.49294 -9.53107 -3.6888 -7.60495 -8.7469 -2.25372 -8.19055
108.605 -4.69491 -10.3474 -8.94608 -8.41982 -9.51406 -3.75613 -7.32033 -8.15186 -7.2813 -5.33334 -8.81855 -8.67983 -4.02079 -7.01096 -6.84239 -8.09661 -5.29809 -7.8891 -8.70729 -4.14579 -8.8402 -7.14323 -7.80806 -5.52214 -7.89447 -8.63621 -4.14877 -8.27881 -7.01195 -7.89673 -5.4899 -7.9269 -8.67345 -4.23331 -8.38555 -6.98563 -7.6478 -5.65833 -7.94856 -8.68441 -3.09885 -8.2947 -6.49295 -9.53108 -3.68878 -7.60495 -8.7469 -2.25372 -8.19052
108.655 -4.70308 -10.3571 -8.8925 -8.41229 -9.51046 -3.75516 -7.30971 -8.15849 -7.27652 -5.33183 -8.8096 -8.67731 -4.02129 -7.00892 -6.84034 -8.09764 -5.29797 -7.88892 -8.70778 -4.14558 -8.84576 -7.1436 -7.8082 -5.52196 -7.89441 -8.63612 -4.14878 -8.27791 -7.01204 -7.8966 -5.48992 -7.92688 -8.67343 -4.23334 -8.3856 -6.98557 -7.64783 -5.65835 -7.94857 -8.68443 -3.09883 -8.29476 -6.49297 -9.53108 -3.68877 -7.60495 -8.7469 -2.25372 -8.1905
108.705 -4.71247 -10.3657 -8.8372 -8.40529 -9.50661 -3.75437 -7.29989 -8.16465 -7.27181 -5.33049 -8.80001 -8.67471 -4.02183 -7.00769 -6.8383 -8.09871 -5.29787 -7.88875 -8.70828 -4.14536 -8.85113 -7.144 -7.80831 -5.52177 -7.89435 -8.63603 -4.14879 -8.277 -7.01211 -7.89648 -5.48993 -7.92686 -8.6734 -4.23336 -8.38567 -6.98551 -7.64786 -5.65836 -7.94857 -8.68444 -3.09882 -8.29483 -6.49298 -9.53108 -3.68875 -7.60495 -8.74689 -2.25372 -8.19047
108.755 -4.7231 -10.3733 -8.78025 -8.39881 -9.50251 -3.75377 -7.29088 -8.17033 -7.26718 -5.3293 -8.78976 -8.67203 -4.02239 -7.00726 -6.83628 -8.09983 -5.29777 -7.8886 -8.70878 -4.14513 -8.85629 -7.14443 -7.80841 -5.52157 -7.8943 -8.63593 -4.1488 -8.27608 -7.01218 -7.89635 -5.48996 -7.92684 -8.67338 -4.23338 -8.38575 -6.98545 -7.64789 -5.65838 -7.94858 -8.68446 -3.0988 -8.29489 -6.493 -9.53109 -3.68873 -7.60495 -8.74689 -2.25372 -8.19045
108.805 -4.73501 -10.3798 -8.72173 -8.39287 -9.49815 -3.75336 -7.28268 -8.17553 -7.26264 -5.32827 -8.77883 -8.66925 -4.02299 -7.00762 -6.83428 -8.10099 -5.29768 -7.88846 -8.70928 -4.1449 -8.86125 -7.14487 -7.80849 -5.52137 -7.89425 -8.63582 -4.14882 -8.27515 -7.01224 -7.89623 -5.48998 -7.92681 -8.67336 -4.2334 -8.38585 -6.9854 -7.64792 -5.6584 -7.94858 -8.68447 -3.09879 -8.29494 -6.49301 -9.53109 -3.68872 -7.60495 -8.74688 -2.25372 -8.19043
108.855 -4.74823 -10.3853 -8.66168 -8.38747 -9.49352 -3.75313 -7.2753 -8.18025 -7.25819 -5.32739 -8.76718 -8.66637 -4.02363 -7.0088 -6.83231 -8.1022 -5.2976 -7.88834 -8.70978 -4.14466 -8.86599 -7.14534 -7.80855 -5.52117 -7.8942 -8.63571 -4.14885 -8.27422 -7.01229 -7.89612 -5.49001 -7.92679 -8.67334 -4.23342 -8.38596 -6.98534 -7.64796 -5.65841 -7.94859 -8.68449 -3.09877 -8.295 -6.49303 -9.53108 -3.6887 -7.60495 -8.74688 -2.25372 -8.1904
108.905 -4.76278 -10.3898 -8.60014 -8.3826 -9.48859 -3.75309 -7.26874 -8.18449 -7.25383 -5.32667 -8.75481 -8.66339 -4.0243 -7.01078 -6.83037 -8.10344 -5.29754 -7.88823 -8.71027 -4.14442 -8.87052 -7.14584 -7.80859 -5.52097 -7.89415 -8.6356 -4.14887 -8.27329 -7.01234 -7.896 -5.49004 -7.92677 -8.67332 -4.23344 -8.38609 -6.98529 -7.64799 -5.65843 -7.94859 -8.6845 -3.09876 -8.29505 -6.49305 -9.53108 -3.68869 -7.60495 -8.74687 -2.25372 -8.19038
108.955 -4.77871 -10.3932 -8.53714 -8.37826 -9.48337 -3.75323 -7.26302 -8.18825 -7.24957 -5.3261 -8.74168 -8.6603 -4.025 -7.01359 -6.82845 -8.10472 -5.29748 -7.88813 -8.71076 -4.14417 -8.87483 -7.14635 -7.80861 -5.52076 -7.8941 -8.63548 -4.1489 -8.27236 -7.01237 -7.89589 -5.49008 -7.92675 -8.6733 -4.23346 -8.38622 -6.98523 -7.64803 -5.65844 -7.9486 -8.68451 -3.09874 -8.29509 -6.49307 -9.53108 -3.68868 -7.60496 -8.74687 -2.25372 -8.19035
109.005 -4.79605 -10.3955 -8.47272 -8.37447 -9.47782 -3.75357 -7.25814 -8.19151 -7.24542 -5.32567 -8.72777 -8.65709 -4.02574 -7.01723 -6.82658 -8.10603 -5.29743 -7.88804 -8.71124 -4.14392 -8.87892 -7.14688 -7.8086 -5.52055 -7.89406 -8.63536 -4.14894 -8.27143 -7.01239 -7.89578 -5.49012 -7.92672 -8.67329 -4.23348 -8.38638 -6.98518 -7.64806 -5.65846 -7.9486 -8.68453 -3.09873 -8.29514 -6.49309 -9.53108 -3.68866 -7.60496 -8.74686 -2.25373 -8.19033
109.055 -4.81483 -10.3968 -8.40688 -8.37122 -9.47193 -3.75409 -7.25413 -8.19427 -7.24137 -5.3254 -8.71305 -8.65377 -4.02651 -7.02172 -6.82473 -8.10737 -5.2974 -7.88797 -8.71172 -4.14367 -8.88277 -7.14743 -7.80858 -5.52033 -7.89401 -8.63523 -4.14897 -8.2705 -7.01241 -7.89567 -5.49016 -7.9267 -8.67328 -4.2335 -8.38654 -6.98513 -7.6481 -5.65847 -7.94861 -8.68454 -3.09871 -8.29518 -6.4931 -9.53107 -3.68865 -7.60496 -8.74686 -2.25373 -8.1903
109.105 -4.8351 -10.3969 -8.33963 -8.36851 -9.46569 -3.75481 -7.25098 -8.19653 -7.23744 -5.32528 -8.6975 -8.65032 -4.02732 -7.02705 -6.82292 -8.10874 -5.29737 -7.88791 -8.71219 -4.14341 -8.8864 -7.14799 -7.80854 -5.52012 -7.89397 -8.6351 -4.14901 -8.26958 -7.01242 -7.89557 -5.49021 -7.92668 -8.67327 -4.23351 -8.38672 -6.98508 -7.64814 -5.65848 -7.94862 -8.68456 -3.0987 -8.29521 -6.49312 -9.53107 -3.68864 -7.60496 -8.74685 -2.25373 -8.19028
109.155 -4.85688 -10.3959 -8.27099 -8.36636 -9.45907 -3.75573 -7.24873 -8.19829 -7.23362 -5.3253 -8.6811 -8.64673 -4.02817 -7.03326 -6.82116 -8.11013 -5.29736 -7.88787 -8.71265 -4.14315 -8.88979 -7.14857 -7.80848 -5.51991 -7.89393 -8.63496 -4.14906 -8.26866 -7.01241 -7.89547 -5.49025 -7.92665 -8.67326 -4.23353 -8.38691 -6.98503 -7.64818 -5.6585 -7.94863 -8.68457 -3.09869 -8.29524 -6.49314 -9.53106 -3.68863 -7.60496 -8.74685 -2.25373 -8.19026
109.205 -4.88022 -10.3938 -8.20094 -8.36477 -9.45206 -3.75685 -7.24738 -8.19952 -7.22992 -5.32547 -8.66383 -8.64302 -4.02906 -7.04034 -6.81943 -8.11155 -5.29736 -7.88784 -8.71311 -4.14288 -8.89294 -7.14917 -7.8084 -5.51969 -7.8939 -8.63483 -4.14911 -8.26775 -7.0124 -7.89538 -5.4903 -7.92663 -8.67326 -4.23355 -8.38711 -6.98498 -7.64822 -5.65851 -7.94863 -8.68458 -3.09867 -8.29527 -6.49316 -9.53106 -3.68862 -7.60497 -8.74684 -2.25373 -8.19023
109.255 -4.90515 -10.3905 -8.1295 -8.36373 -9.44463 -3.75817 -7.24696 -8.20023 -7.22635 -5.32579 -8.64567 -8.63916 -4.02999 -7.04832 -6.81775 -8.11298 -5.29738 -7.88782 -8.71356 -4.14262 -8.89585 -7.14977 -7.8083 -5.51948 -7.89386 -8.63469 -4.14916 -8.26686 -7.01238 -7.89529 -5.49036 -7.92661 -8.67326 -4.23356 -8.38733 -6.98494 -7.64826 -5.65852 -7.94864 -8.6846 -3.09866 -8.29529 -6.49319 -9.53105 -3.68862 -7.60497 -8.74683 -2.25373 -8.19021
109.305 -4.9317 -10.386 -8.05665 -8.36327 -9.43677 -3.75971 -7.24749 -8.2004 -7.22291 -5.32626 -8.62662 -8.63516 -4.03097 -7.05721 -6.81611 -8.11443 -5.29741 -7.88781 -8.714 -4.14236 -8.89851 -7.15039 -7.80818 -5.51926 -7.89383 -8.63455 -4.14921 -8.26597 -7.01235 -7.89521 -5.49041 -7.92659 -8.67326 -4.23357 -8.38755 -6.9849 -7.6483 -5.65853 -7.94865 -8.68461 -3.09865 -8.29531 -6.49321 -9.53104 -3.68861 -7.60497 -8.74683 -2.25374 -8.19019
109.355 -4.9599 -10.3803 -7.98239 -8.36339 -9.42846 -3.76145 -7.24899 -8.20003 -7.21959 -5.32687 -8.60666 -8.63102 -4.03198 -7.06703 -6.81452 -8.11589 -5.29746 -7.88782 -8.71444 -4.14209 -8.90092 -7.15102 -7.80804 -5.51905 -7.8938 -8.6344 -4.14927 -8.26509 -7.01231 -7.89513 -5.49047 -7.92656 -8.67326 -4.23358 -8.38778 -6.98486 -7.64834 -5.65854 -7.94866 -8.68462 -3.09864 -8.29532 -6.49323 -9.53103 -3.6886 -7.60497 -8.74682 -2.25374 -8.19016
109.405 -4.98976 -10.3734 -7.90675 -8.36409 -9.41968 -3.76342 -7.25149 -8.19909 -7.21642 -5.32763 -8.58581 -8.62673 -4.03305 -7.0778 -6.81298 -8.11736 -5.29753 -7.88785 -8.71486 -4.14183 -8.90308 -7.15166 -7.80788 -5.51884 -7.89378 -8.63426 -4.14933 -8.26423 -7.01227 -7.89505 -5.49053 -7.92654 -8.67326 -4.2336 -8.38802 -6.98482 -7.64838 -5.65854 -7.94867 -8.68463 -3.09863 -8.29534 -6.49325 -9.53102 -3.6886 -7.60498 -8.74682 -2.25374 -8.19014
109.455 -5.02129 -10.3651 -7.82971 -8.36539 -9.41041 -3.76561 -7.25502 -8.19759 -7.21338 -5.32855 -8.56406 -8.6223 -4.03415 -7.08952 -6.81149 -8.11884 -5.29762 -7.88788 -8.71528 -4.14156 -8.90498 -7.15231 -7.80771 -5.51863 -7.89376 -8.63411 -4.14939 -8.26339 -7.01221 -7.89498 -5.49059 -7.92652 -8.67327 -4.23361 -8.38828 -6.98478 -7.64842 -5.65855 -7.94867 -8.68464 -3.09862 -8.29534 -6.49327 -9.53101 -3.6886 -7.60498 -8.74681 -2.25374 -8.19012
109.505 -5.05449 -10.3556 -7.75133 -8.3673 -9.40064 -3.76803 -7.25959 -8.1955 -7.21049 -5.32961 -8.54145 -8.61774 -4.03531 -7.10222 -6.81006 -8.12033 -5.29773 -7.88793 -8.71568 -4.1413 -8.90662 -7.15296 -7.80752 -5.51843 -7.89374 -8.63396 -4.14946 -8.26256 -7.01215 -7.89492 -5.49066 -7.9265 -8.67328 -4.23361 -8.38853 -6.98474 -7.64846 -5.65856 -7.94868 -8.68466 -3.09861 -8.29534 -6.49329 -9.531 -3.68859 -7.60498 -8.7468 -2.25375 -8.1901
109.555 -5.08934 -10.3447 -7.67162 -8.36981 -9.39037 -3.77069 -7.26525 -8.19282 -7.20775 -5.33083 -8.51801 -8.61303 -4.03651 -7.11589 -6.80867 -8.12182 -5.29786 -7.888 -8.71608 -4.14104 -8.90799 -7.15362 -7.80731 -5.51823 -7.89373 -8.63382 -4.14952 -8.26174 -7.01208 -7.89486 -5.49072 -7.92648 -8.67329 -4.23362 -8.3888 -6.98471 -7.6485 -5.65856 -7.94869 -8.68467 -3.0986 -8.29534 -6.49332 -9.53098 -3.68859 -7.60499 -8.7468 -2.25375 -8.19008
109.605 -5.12581 -10.3324 -7.59065 -8.37296 -9.37959 -3.77358 -7.27201 -8.18952 -7.20516 -5.33221 -8.49379 -8.60821 -4.03777 -7.13057 -6.80735 -8.12331 -5.29801 -7.88808 -8.71646 -4.14078 -8.90909 -7.15428 -7.80709 -5.51803 -7.89372 -8.63367 -4.14959 -8.26095 -7.012 -7.89481 -5.49079 -7.92646 -8.6733 -4.23363 -8.38908 -6.98468 -7.64854 -5.65856 -7.9487 -8.68468 -3.09859 -8.29533 -6.49334 -9.53097 -3.68859 -7.60499 -8.74679 -2.25375 -8.19006
109.655 -5.16385 -10.3187 -7.50852 -8.37673 -9.3683 -3.77672 -7.2799 -8.1856 -7.20274 -5.33374 -8.46886 -8.60327 -4.03907 -7.14624 -6.80608 -8.1248 -5.2982 -7.88818 -8.71683 -4.14053 -8.90992 -7.15495 -7.80685 -5.51783 -7.89371 -8.63352 -4.14966 -8.26017 -7.01191 -7.89476 -5.49086 -7.92644 -8.67332 -4.23363 -8.38936 -6.98465 -7.64858 -5.65857 -7.94871 -8.68469 -3.09858 -8.29532 -6.49336 -9.53096 -3.68859 -7.605 -8.74679 -2.25375 -8.19005
109.705 -5.20338 -10.3035 -7.42531 -8.38115 -9.35652 -3.78011 -7.28894 -8.18104 -7.20047 -5.33543 -8.44331 -8.59824 -4.04042 -7.16291 -6.80487 -8.12628 -5.29841 -7.8883 -8.71719 -4.14027 -8.91046 -7.15561 -7.80659 -5.51764 -7.89371 -8.63337 -4.14974 -8.25942 -7.01182 -7.89472 -5.49093 -7.92642 -8.67333 -4.23364 -8.38964 -6.98463 -7.64862 -5.65857 -7.94872 -8.68469 -3.09858 -8.29531 -6.49338 -9.53094 -3.6886 -7.605 -8.74678 -2.25376 -8.19003
109.755 -5.2443 -10.2869 -7.34119 -8.38621 -9.34426 -3.78376 -7.29917 -8.17583 -7.19837 -5.33729 -8.41723 -8.59313 -4.04182 -7.18058 -6.80372 -8.12776 -5.29865 -7.88843 -8.71754 -4.14002 -8.91072 -7.15628 -7.80632 -5.51745 -7.89371 -8.63323 -4.14981 -8.25869 -7.01171 -7.89468 -5.491 -7.9264 -8.67335 -4.23364 -8.38993 -6.9846 -7.64866 -5.65857 -7.94873 -8.6847 -3.09857 -8.29529 -6.4934 -9.53093 -3.6886 -7.605 -8.74678 -2.25376 -8.19001
109.805 -5.28647 -10.2688 -7.25632 -8.39193 -9.33157 -3.78765 -7.31059 -8.16996 -7.19644 -5.33931 -8.39076 -8.58797 -4.04326 -7.19922 -6.80263 -8.12923 -5.29891 -7.88858 -8.71787 -4.13978 -8.91068 -7.15695 -7.80604 -5.51727 -7.89372 -8.63308 -4.14989 -8.25798 -7.0116 -7.89465 -5.49108 -7.92639 -8.67337 -4.23364 -8.39023 -6.98458 -7.6487 -5.65857 -7.94874 -8.68471 -3.09856 -8.29527 -6.49342 -9.53091 -3.6886 -7.60501 -8.74677 -2.25376 -8.19
109.855 -5.32976 -10.2493 -7.17093 -8.3983 -9.31848 -3.79179 -7.32322 -8.16343 -7.19469 -5.34149 -8.36404 -8.58279 -4.04475 -7.21883 -6.80162 -8.13068 -5.29921 -7.88875 -8.71819 -4.13953 -8.91035 -7.15761 -7.80574 -5.5171 -7.89374 -8.63293 -4.14997 -8.25729 -7.01149 -7.89462 -5.49115 -7.92637 -8.67339 -4.23365 -8.39053 -6.98456 -7.64874 -5.65857 -7.94875 -8.68472 -3.09856 -8.29524 -6.49344 -9.5309 -3.68861 -7.60501 -8.74676 -2.25377 -8.18998
109.905 -5.37397 -10.2283 -7.08527 -8.40533 -9.30504 -3.79619 -7.33706 -8.15622 -7.19313 -5.34385 -8.33723 -8.57762 -4.04627 -7.23938 -6.80066 -8.13212 -5.29955 -7.88893 -8.7185 -4.1393 -8.90972 -7.15828 -7.80543 -5.51692 -7.89376 -8.63279 -4.15005 -8.25663 -7.01137 -7.8946 -5.49122 -7.92635 -8.67342 -4.23365 -8.39083 -6.98455 -7.64878 -5.65857 -7.94876 -8.68472 -3.09856 -8.29521 -6.49347 -9.53088 -3.68861 -7.60502 -8.74676 -2.25377 -8.18997
109.955 -5.41891 -10.2058 -6.99963 -8.41301 -9.29133 -3.80083 -7.35211 -8.14834 -7.19175 -5.34637 -8.3105 -8.57249 -4.04784 -7.26082 -6.79978 -8.13354 -5.29991 -7.88914 -8.7188 -4.13907 -8.90878 -7.15893 -7.80511 -5.51676 -7.89379 -8.63265 -4.15013 -8.25599 -7.01124 -7.89459 -5.4913 -7.92634 -8.67344 -4.23364 -8.39114 -6.98453 -7.64881 -5.65857 -7.94877 -8.68473 -3.09855 -8.29518 -6.49349 -9.53086 -3.68862 -7.60502 -8.74675 -2.25377 -8.18996
