50.01 -5.7655 -9.9884 -6.37592 -8.49283 -9.18515 -3.84384 -7.5072 -8.06538 -7.18804 -5.3716 -8.12528 -8.53866 -4.06051 -7.45069 -6.79552 -8.14373 -5.30383 -7.89143 -8.72056 -4.13747 -8.89072 -7.16378 -7.80226 -5.5157 -7.89418 -8.63164 -4.15078 -8.252 -7.01005 -7.89468 -5.49188 -7.92625 -8.6737 -4.2336 -8.39355 -6.98452 -7.64907 -5.65852 -7.94884 -8.68475 -3.09855 -8.2948 -6.49363 -9.53072 -3.68871 -7.60506 -8.74672 -2.2538 -8.1899
50.06 -5.80635 -9.95616 -6.30661 -8.5052 -9.17287 -3.84999 -7.53126 -8.05227 -7.18853 -5.37551 -8.1064 -8.53558 -4.06209 -7.47686 -6.79534 -8.14489 -5.30446 -7.89181 -8.72071 -4.1373 -8.88701 -7.16436 -7.80186 -5.5156 -7.89426 -8.63153 -4.15086 -8.25162 -7.00988 -7.89472 -5.49195 -7.92624 -8.67373 -4.23359 -8.39385 -6.98453 -7.64909 -5.65851 -7.94885 -8.68475 -3.09855 -8.29473 -6.49364 -9.5307 -3.68872 -7.60506 -8.74671 -2.25381 -8.18989
50.11 -5.84569 -9.92334 -6.24097 -8.51789 -9.16116 -3.85621 -7.556 -8.03872 -7.18925 -5.37955 -8.08894 -8.53286 -4.06364 -7.50307 -6.79525 -8.14601 -5.3051 -7.89221 -8.72084 -4.13714 -8.88299 -7.16491 -7.80146 -5.5155 -7.89434 -8.63142 -4.15094 -8.25128 -7.00971 -7.89476 -5.49202 -7.92623 -8.67377 -4.23358 -8.39416 -6.98454 -7.64912 -5.6585 -7.94885 -8.68475 -3.09856 -8.29467 -6.49366 -9.53068 -3.68874 -7.60507 -8.74671 -2.25381 -8.18989
50.16 -5.88341 -9.89006 -6.17927 -8.53083 -9.15007 -3.86246 -7.58132 -8.0248 -7.19019 -5.38371 -8.07291 -8.53052 -4.06513 -7.52923 -6.79524 -8.14709 -5.30576 -7.89263 -8.72095 -4.13698 -8.87867 -7.16546 -7.80105 -5.51542 -7.89442 -8.63132 -4.15102 -8.25097 -7.00953 -7.89481 -5.49209 -7.92622 -8.67381 -4.23356 -8.39446 -6.98455 -7.64914 -5.65848 -7.94886 -8.68475 -3.09856 -8.2946 -6.49367 -9.53066 -3.68875 -7.60507 -8.7467 -2.25381 -8.18989
50.21 -5.91939 -9.85644 -6.12171 -8.54396 -9.13964 -3.86872 -7.60712 -8.01054 -7.19138 -5.38796 -8.05831 -8.52856 -4.06658 -7.55523 -6.79534 -8.14813 -5.30642 -7.89306 -8.72104 -4.13683 -8.87406 -7.16598 -7.80063 -5.51534 -7.89451 -8.63121 -4.1511 -8.2507 -7.00935 -7.89487 -5.49216 -7.92622 -8.67385 -4.23355 -8.39475 -6.98457 -7.64916 -5.65847 -7.94887 -8.68475 -3.09857 -8.29453 -6.49369 -9.53064 -3.68877 -7.60508 -8.7467 -2.25382 -8.18989
50.26 -5.95359 -9.82262 -6.06848 -8.55722 -9.1299 -3.87497 -7.6333 -7.996 -7.19279 -5.39231 -8.0451 -8.52696 -4.06796 -7.58097 -6.79552 -8.14911 -5.3071 -7.89351 -8.72111 -4.1367 -8.86918 -7.16648 -7.80022 -5.51527 -7.8946 -8.63112 -4.15118 -8.25046 -7.00917 -7.89492 -5.49222 -7.92621 -8.6739 -4.23353 -8.39505 -6.98459 -7.64919 -5.65846 -7.94888 -8.68475 -3.09857 -8.29446 -6.4937 -9.53062 -3.68879 -7.60508 -8.7467 -2.25382 -8.18989
50.31 -5.98594 -9.7887 -6.01971 -8.57055 -9.12085 -3.88118 -7.65976 -7.98124 -7.19444 -5.39674 -8.03326 -8.52573 -4.06927 -7.60635 -6.7958 -8.15004 -5.30778 -7.89397 -8.72116 -4.13657 -8.86403 -7.16697 -7.7998 -5.5152 -7.89469 -8.63103 -4.15126 -8.25026 -7.00898 -7.89499 -5.49229 -7.92621 -8.67394 -4.23352 -8.39533 -6.98461 -7.64921 -5.65845 -7.94888 -8.68475 -3.09858 -8.29438 -6.49371 -9.5306 -3.68881 -7.60509 -8.74669 -2.25382 -8.18989
50.36 -6.01644 -9.75482 -5.97546 -8.58389 -9.11249 -3.88732 -7.68641 -7.9663 -7.19633 -5.40122 -8.02273 -8.52485 -4.07051 -7.63128 -6.79618 -8.15092 -5.30846 -7.89444 -8.72118 -4.13645 -8.85862 -7.16744 -7.79938 -5.51515 -7.89479 -8.63094 -4.15133 -8.2501 -7.0088 -7.89506 -5.49235 -7.92621 -8.67398 -4.2335 -8.39561 -6.98464 -7.64922 -5.65843 -7.94889 -8.68474 -3.09859 -8.29431 -6.49372 -9.53058 -3.68883 -7.60509 -8.74669 -2.25383 -8.1899
50.41 -6.04507 -9.72106 -5.93578 -8.59717 -9.10482 -3.89339 -7.71315 -7.95123 -7.19844 -5.40575 -8.01344 -8.52431 -4.07167 -7.65569 -6.79665 -8.15175 -5.30913 -7.89493 -8.72119 -4.13634 -8.85298 -7.16788 -7.79897 -5.5151 -7.89488 -8.63086 -4.15141 -8.24998 -7.00861 -7.89513 -5.49241 -7.92621 -8.67403 -4.23349 -8.39589 -6.98466 -7.64924 -5.65842 -7.9489 -8.68474 -3.09859 -8.29423 -6.49373 -9.53056 -3.68885 -7.60509 -8.74669 -2.25383 -8.1899
50.46 -6.07185 -9.68754 -5.90066 -8.61036 -9.09782 -3.89936 -7.73991 -7.93608 -7.20078 -5.41032 -8.00535 -8.52408 -4.07275 -7.6795 -6.79723 -8.15251 -5.3098 -7.89542 -8.72116 -4.13625 -8.84712 -7.1683 -7.79855 -5.51507 -7.89498 -8.63078 -4.15148 -8.24989 -7.00843 -7.89521 -5.49247 -7.9262 -8.67407 -4.23347 -8.39615 -6.98469 -7.64925 -5.6584 -7.9489 -8.68473 -3.0986 -8.29415 -6.49374 -9.53054 -3.68887 -7.6051 -8.74669 -2.25383 -8.18991
50.51 -6.09681 -9.65434 -5.87007 -8.6234 -9.09147 -3.90521 -7.76661 -7.9209 -7.20334 -5.4149 -7.99837 -8.52415 -4.07375 -7.70264 -6.79789 -8.15322 -5.31046 -7.89592 -8.72112 -4.13616 -8.84105 -7.16869 -7.79813 -5.51504 -7.89508 -8.63071 -4.15155 -8.24985 -7.00824 -7.89529 -5.49253 -7.9262 -8.67411 -4.23345 -8.39641 -6.98472 -7.64927 -5.65838 -7.94891 -8.68473 -3.09861 -8.29407 -6.49375 -9.53053 -3.68889 -7.6051 -8.74668 -2.25384 -8.18992
50.56 -6.11999 -9.62154 -5.84394 -8.63625 -9.08575 -3.91094 -7.79315 -7.90574 -7.20612 -5.41949 -7.99244 -8.52449 -4.07466 -7.72506 -6.79866 -8.15386 -5.3111 -7.89642 -8.72105 -4.13609 -8.83479 -7.16906 -7.79772 -5.51502 -7.89518 -8.63065 -4.15162 -8.24985 -7.00805 -7.89538 -5.49258 -7.92621 -8.67416 -4.23343 -8.39667 -6.98476 -7.64928 -5.65837 -7.94891 -8.68472 -3.09862 -8.29398 -6.49376 -9.53051 -3.68891 -7.60511 -8.74668 -2.25384 -8.18992
50.61 -6.14141 -9.58923 -5.82217 -8.64887 -9.08063 -3.91653 -7.81948 -7.89063 -7.20911 -5.42406 -7.98751 -8.5251 -4.07549 -7.74671 -6.79951 -8.15444 -5.31173 -7.89693 -8.72095 -4.13603 -8.82837 -7.16941 -7.79731 -5.51501 -7.89528 -8.63059 -4.15169 -8.24989 -7.00786 -7.89547 -5.49264 -7.92621 -8.6742 -4.23341 -8.39691 -6.98479 -7.64928 -5.65835 -7.94892 -8.68471 -3.09863 -8.2939 -6.49376 -9.53049 -3.68893 -7.60511 -8.74668 -2.25384 -8.18993
50.66 -6.16113 -9.55747 -5.80467 -8.66122 -9.07608 -3.92196 -7.84554 -7.87561 -7.21231 -5.42861 -7.9835 -8.52594 -4.07623 -7.76755 -6.80047 -8.15496 -5.31234 -7.89744 -8.72083 -4.13597 -8.82179 -7.16973 -7.7969 -5.51501 -7.89538 -8.63053 -4.15175 -8.24997 -7.00768 -7.89557 -5.49269 -7.92621 -8.67425 -4.23339 -8.39715 -6.98483 -7.64929 -5.65833 -7.94892 -8.68471 -3.09864 -8.29382 -6.49377 -9.53047 -3.68895 -7.60511 -8.74668 -2.25384 -8.18994
50.71 -6.17919 -9.52631 -5.7913 -8.6733 -9.07208 -3.92724 -7.87125 -7.86072 -7.21572 -5.43313 -7.98036 -8.52701 -4.07689 -7.78755 -6.80151 -8.15541 -5.31293 -7.89795 -8.72069 -4.13594 -8.81508 -7.17002 -7.7965 -5.51502 -7.89548 -8.63048 -4.15181 -8.25009 -7.00749 -7.89566 -5.49273 -7.92621 -8.6743 -4.23337 -8.39737 -6.98487 -7.6493 -5.65832 -7.94893 -8.6847 -3.09865 -8.29373 -6.49377 -9.53046 -3.68897 -7.60512 -8.74668 -2.25385 -8.18995
50.76 -6.19564 -9.49582 -5.78192 -8.68506 -9.06859 -3.93235 -7.89658 -7.84599 -7.21931 -5.43759 -7.97803 -8.52827 -4.07746 -7.80667 -6.80265 -8.15579 -5.31349 -7.89846 -8.72052 -4.13591 -8.80826 -7.17028 -7.7961 -5.51503 -7.89557 -8.63044 -4.15187 -8.25026 -7.00731 -7.89577 -5.49278 -7.92622 -8.67434 -4.23335 -8.39759 -6.98491 -7.6493 -5.6583 -7.94893 -8.68469 -3.09866 -8.29364 -6.49378 -9.53044 -3.689 -7.60512 -8.74668 -2.25385 -8.18997
50.81 -6.21052 -9.46604 -5.77639 -8.6965 -9.06559 -3.93729 -7.92146 -7.83146 -7.2231 -5.44198 -7.97648 -8.52973 -4.07795 -7.8249 -6.80387 -8.1561 -5.31403 -7.89896 -8.72032 -4.13589 -8.80134 -7.17052 -7.79571 -5.51506 -7.89567 -8.6304 -4.15193 -8.25047 -7.00713 -7.89587 -5.49282 -7.92622 -8.67439 -4.23333 -8.39779 -6.98495 -7.6493 -5.65828 -7.94893 -8.68468 -3.09868 -8.29356 -6.49378 -9.53042 -3.68902 -7.60512 -8.74668 -2.25385 -8.18998
50.86 -6.22389 -9.43702 -5.77455 -8.7076 -9.06306 -3.94205 -7.94587 -7.81714 -7.22706 -5.44631 -7.97565 -8.53135 -4.07836 -7.84221 -6.80518 -8.15634 -5.31454 -7.89946 -8.7201 -4.13589 -8.79435 -7.17072 -7.79533 -5.51509 -7.89576 -8.63037 -4.15198 -8.25072 -7.00695 -7.89598 -5.49286 -7.92623 -8.67443 -4.23331 -8.39799 -6.985 -7.6493 -5.65826 -7.94894 -8.68467 -3.09869 -8.29347 -6.49378 -9.53041 -3.68904 -7.60513 -8.74668 -2.25385 -8.18999
50.91 -6.23577 -9.40879 -5.77626 -8.71835 -9.06097 -3.94663 -7.96975 -7.80308 -7.2312 -5.45055 -7.9755 -8.53312 -4.07869 -7.8586 -6.80658 -8.15651 -5.31502 -7.89996 -8.71986 -4.1359 -8.78729 -7.17089 -7.79495 -5.51514 -7.89585 -8.63035 -4.15203 -8.25101 -7.00677 -7.89609 -5.4929 -7.92624 -8.67447 -4.23328 -8.39817 -6.98504 -7.6493 -5.65824 -7.94894 -8.68466 -3.0987 -8.29338 -6.49378 -9.53039 -3.68906 -7.60513 -8.74668 -2.25386 -8.19001
50.96 -6.24621 -9.38138 -5.78137 -8.72874 -9.05931 -3.95103 -7.99308 -7.78928 -7.23549 -5.45469 -7.97601 -8.53504 -4.07894 -7.87405 -6.80805 -8.15661 -5.31548 -7.90044 -8.7196 -4.13592 -8.7802 -7.17104 -7.79459 -5.51519 -7.89594 -8.63033 -4.15208 -8.25134 -7.0066 -7.89621 -5.49293 -7.92625 -8.67452 -4.23326 -8.39834 -6.98509 -7.64929 -5.65822 -7.94894 -8.68465 -3.09872 -8.2933 -6.49378 -9.53038 -3.68908 -7.60513 -8.74668 -2.25386 -8.19002
51.01 -6.25525 -9.35483 -5.78972 -8.73877 -9.05805 -3.95524 -8.01582 -7.77577 -7.23994 -5.45873 -7.97714 -8.53709 -4.07912 -7.88857 -6.80961 -8.15663 -5.31591 -7.90092 -8.71931 -4.13596 -8.77308 -7.17115 -7.79423 -5.51525 -7.89602 -8.63032 -4.15213 -8.25171 -7.00643 -7.89632 -5.49296 -7.92625 -8.67456 -4.23324 -8.3985 -6.98514 -7.64929 -5.6582 -7.94894 -8.68464 -3.09873 -8.29321 -6.49378 -9.53036 -3.68911 -7.60514 -8.74668 -2.25386 -8.19004
51.06 -6.26291 -9.32916 -5.80117 -8.74845 -9.05718 -3.95926 -8.03795 -7.76258 -7.24453 -5.46266 -7.97888 -8.53925 -4.07922 -7.90214 -6.81124 -8.15659 -5.31631 -7.90139 -8.719 -4.136 -8.76596 -7.17123 -7.79389 -5.51532 -7.89611 -8.63031 -4.15217 -8.25213 -7.00626 -7.89644 -5.49299 -7.92626 -8.6746 -4.23321 -8.39865 -6.98519 -7.64928 -5.65818 -7.94895 -8.68463 -3.09874 -8.29313 -6.49378 -9.53035 -3.68913 -7.60514 -8.74668 -2.25386 -8.19006
51.11 -6.26923 -9.3044 -5.81558 -8.75776 -9.05669 -3.96309 -8.05943 -7.74972 -7.24926 -5.46647 -7.98119 -8.54153 -4.07926 -7.91478 -6.81294 -8.15646 -5.31668 -7.90184 -8.71867 -4.13606 -8.75885 -7.17128 -7.79355 -5.5154 -7.89619 -8.63031 -4.15221 -8.25258 -7.0061 -7.89656 -5.49301 -7.92627 -8.67465 -4.23319 -8.39879 -6.98524 -7.64927 -5.65816 -7.94895 -8.68462 -3.09876 -8.29304 -6.49377 -9.53034 -3.68915 -7.60514 -8.74668 -2.25386 -8.19007
51.16 -6.27423 -9.28057 -5.83283 -8.76673 -9.05656 -3.96673 -8.08025 -7.73721 -7.2541 -5.47015 -7.98407 -8.5439 -4.07922 -7.92647 -6.81471 -8.15627 -5.31702 -7.90229 -8.71831 -4.13614 -8.75177 -7.17129 -7.79323 -5.51548 -7.89626 -8.63032 -4.15224 -8.25308 -7.00594 -7.89669 -5.49303 -7.92629 -8.67469 -4.23317 -8.39891 -6.98529 -7.64926 -5.65814 -7.94895 -8.6846 -3.09877 -8.29296 -6.49377 -9.53033 -3.68917 -7.60514 -8.74668 -2.25386 -8.19009
51.21 -6.27793 -9.25769 -5.85279 -8.77534 -9.05679 -3.97018 -8.10038 -7.72506 -7.25906 -5.47371 -7.98751 -8.54637 -4.07913 -7.93724 -6.81655 -8.156 -5.31734 -7.90272 -8.71794 -4.13622 -8.74473 -7.17127 -7.79292 -5.51558 -7.89634 -8.63033 -4.15227 -8.25361 -7.00579 -7.89681 -5.49305 -7.9263 -8.67473 -4.23314 -8.39902 -6.98535 -7.64925 -5.65812 -7.94895 -8.68459 -3.09879 -8.29287 -6.49376 -9.53032 -3.68919 -7.60514 -8.74669 -2.25387 -8.19011
51.26 -6.28034 -9.23577 -5.87535 -8.7836 -9.05736 -3.97343 -8.11981 -7.71328 -7.26413 -5.47712 -7.99149 -8.54892 -4.07897 -7.94707 -6.81844 -8.15566 -5.31762 -7.90314 -8.71755 -4.13632 -8.73774 -7.17122 -7.79263 -5.51568 -7.89641 -8.63035 -4.1523 -8.25418 -7.00564 -7.89694 -5.49306 -7.92631 -8.67477 -4.23312 -8.39911 -6.9854 -7.64923 -5.6581 -7.94895 -8.68458 -3.0988 -8.29279 -6.49376 -9.53031 -3.68922 -7.60515 -8.74669 -2.25387 -8.19013
51.31 -6.28149 -9.21484 -5.9004 -8.79153 -9.05827 -3.97648 -8.13851 -7.7019 -7.26928 -5.48039 -7.99601 -8.55156 -4.07874 -7.95599 -6.82039 -8.15524 -5.31788 -7.90354 -8.71713 -4.13643 -8.73083 -7.17114 -7.79235 -5.51579 -7.89648 -8.63038 -4.15233 -8.25479 -7.0055 -7.89706 -5.49307 -7.92632 -8.67481 -4.23309 -8.39919 -6.98546 -7.64921 -5.65809 -7.94895 -8.68456 -3.09882 -8.29271 -6.49375 -9.5303 -3.68924 -7.60515 -8.74669 -2.25387 -8.19015
51.36 -6.28137 -9.19491 -5.92786 -8.79912 -9.05952 -3.97934 -8.15648 -7.69092 -7.27451 -5.48351 -8.00107 -8.55427 -4.07847 -7.96399 -6.8224 -8.15476 -5.31812 -7.90393 -8.71671 -4.13655 -8.724 -7.17103 -7.79208 -5.51591 -7.89655 -8.63041 -4.15235 -8.25544 -7.00537 -7.89719 -5.49308 -7.92634 -8.67484 -4.23307 -8.39926 -6.98551 -7.64919 -5.65807 -7.94895 -8.68455 -3.09883 -8.29263 -6.49374 -9.53029 -3.68926 -7.60515 -8.74669 -2.25387 -8.19017
51.41 -6.28 -9.17599 -5.95764 -8.80639 -9.0611 -3.982 -8.17368 -7.68036 -7.27982 -5.48647 -8.00667 -8.55705 -4.07813 -7.97108 -6.82445 -8.1542 -5.31833 -7.9043 -8.71626 -4.13668 -8.71727 -7.17088 -7.79183 -5.51604 -7.89662 -8.63045 -4.15237 -8.25612 -7.00524 -7.89732 -5.49308 -7.92635 -8.67488 -4.23305 -8.39931 -6.98557 -7.64917 -5.65805 -7.94894 -8.68454 -3.09885 -8.29255 -6.49373 -9.53028 -3.68928 -7.60515 -8.7467 -2.25387 -8.1902
51.46 -6.27737 -9.15811 -5.98967 -8.81335 -9.06302 -3.98446 -8.19012 -7.67023 -7.28518 -5.48928 -8.01283 -8.5599 -4.07774 -7.97727 -6.82654 -8.15357 -5.31852 -7.90466 -8.7158 -4.13682 -8.71064 -7.1707 -7.79159 -5.51618 -7.89668 -8.6305 -4.15238 -8.25683 -7.00511 -7.89744 -5.49308 -7.92637 -8.67491 -4.23302 -8.39935 -6.98562 -7.64915 -5.65803 -7.94894 -8.68452 -3.09887 -8.29248 -6.49372 -9.53027 -3.6893 -7.60515 -8.7467 -2.25387 -8.19022
51.51 -6.27349 -9.14127 -6.02389 -8.82 -9.06527 -3.98672 -8.20576 -7.66053 -7.29059 -5.49193 -8.01954 -8.56282 -4.07731 -7.98256 -6.82868 -8.15287 -5.31869 -7.905 -8.71532 -4.13698 -8.70414 -7.17049 -7.79137 -5.51632 -7.89674 -8.63055 -4.15239 -8.25757 -7.00499 -7.89757 -5.49308 -7.92639 -8.67495 -4.233 -8.39937 -6.98568 -7.64913 -5.65801 -7.94894 -8.68451 -3.09888 -8.2924 -6.49371 -9.53027 -3.68932 -7.60515 -8.7467 -2.25387 -8.19024
51.56 -6.26834 -9.12551 -6.06024 -8.82635 -9.06786 -3.98877 -8.22061 -7.65129 -7.29604 -5.49442 -8.02681 -8.5658 -4.07682 -7.98697 -6.83085 -8.15211 -5.31883 -7.90532 -8.71483 -4.13714 -8.69778 -7.17025 -7.79117 -5.51647 -7.8968 -8.63061 -4.1524 -8.25835 -7.00488 -7.8977 -5.49307 -7.9264 -8.67498 -4.23298 -8.39938 -6.98574 -7.6491 -5.65799 -7.94894 -8.6845 -3.0989 -8.29233 -6.4937 -9.53026 -3.68934 -7.60515 -8.74671 -2.25387 -8.19026
51.61 -6.26192 -9.11082 -6.09869 -8.8324 -9.0708 -3.99062 -8.23464 -7.6425 -7.30151 -5.49673 -8.03468 -8.56885 -4.07629 -7.99049 -6.83304 -8.15128 -5.31895 -7.90562 -8.71433 -4.13732 -8.69156 -7.16997 -7.79099 -5.51662 -7.89685 -8.63067 -4.1524 -8.25915 -7.00478 -7.89782 -5.49307 -7.92642 -8.67501 -4.23295 -8.39937 -6.98579 -7.64908 -5.65797 -7.94893 -8.68448 -3.09891 -8.29226 -6.49368 -9.53026 -3.68936 -7.60515 -8.74671 -2.25387 -8.19029
51.66 -6.25421 -9.09724 -6.13921 -8.83818 -9.07409 -3.99227 -8.24784 -7.63418 -7.30699 -5.49888 -8.04314 -8.57196 -4.07571 -7.99314 -6.83527 -8.15038 -5.31906 -7.90591 -8.71382 -4.1375 -8.68549 -7.16967 -7.79082 -5.51679 -7.8969 -8.63074 -4.1524 -8.25998 -7.00469 -7.89795 -5.49305 -7.92644 -8.67504 -4.23293 -8.39935 -6.98585 -7.64905 -5.65796 -7.94893 -8.68447 -3.09893 -8.2922 -6.49367 -9.53026 -3.68937 -7.60515 -8.74671 -2.25387 -8.19031
51.71 -6.24519 -9.08478 -6.18179 -8.84367 -9.07774 -3.9937 -8.26019 -7.62635 -7.31248 -5.50086 -8.05223 -8.57514 -4.07509 -7.9949 -6.83751 -8.14942 -5.31914 -7.90618 -8.7133 -4.1377 -8.67958 -7.16933 -7.79067 -5.51695 -7.89695 -8.63082 -4.15239 -8.26083 -7.0046 -7.89807 -5.49304 -7.92646 -8.67506 -4.23291 -8.39931 -6.98591 -7.64902 -5.65794 -7.94893 -8.68445 -3.09894 -8.29213 -6.49366 -9.53025 -3.68939 -7.60515 -8.74672 -2.25387 -8.19033
51.76 -6.23483 -9.07346 -6.22642 -8.8489 -9.08176 -3.99492 -8.27168 -7.619 -7.31795 -5.50267 -8.06196 -8.57838 -4.07442 -7.9958 -6.83977 -8.1484 -5.31921 -7.90643 -8.71277 -4.1379 -8.67385 -7.16897 -7.79055 -5.51713 -7.897 -8.6309 -4.15238 -8.26171 -7.00452 -7.89819 -5.49302 -7.92648 -8.67509 -4.23289 -8.39926 -6.98596 -7.64899 -5.65792 -7.94892 -8.68444 -3.09896 -8.29207 -6.49364 -9.53025 -3.68941 -7.60515 -8.74672 -2.25387 -8.19036
51.81 -6.22312 -9.0633 -6.2731 -8.85387 -9.08616 -3.99593 -8.28229 -7.61216 -7.3234 -5.5043 -8.07237 -8.5817 -4.07372 -7.99582 -6.84203 -8.14733 -5.31926 -7.90666 -8.71223 -4.13812 -8.66831 -7.16857 -7.79044 -5.51731 -7.89705 -8.63099 -4.15237 -8.26261 -7.00445 -7.89831 -5.49299 -7.9265 -8.67511 -4.23287 -8.39919 -6.98602 -7.64896 -5.65791 -7.94892 -8.68442 -3.09897 -8.29201 -6.49363 -9.53025 -3.68942 -7.60515 -8.74673 -2.25387 -8.19038
51.86 -6.21002 -9.05433 -6.32185 -8.85857 -9.09095 -3.99672 -8.29199 -7.60583 -7.32882 -5.50575 -8.08348 -8.58508 -4.07297 -7.99497 -6.84431 -8.14619 -5.31929 -7.90687 -8.71169 -4.13834 -8.66295 -7.16815 -7.79034 -5.51749 -7.89709 -8.63109 -4.15236 -8.26353 -7.00439 -7.89843 -5.49297 -7.92652 -8.67513 -4.23285 -8.39911 -6.98607 -7.64893 -5.65789 -7.94891 -8.68441 -3.09899 -8.29196 -6.49361 -9.53025 -3.68944 -7.60515 -8.74673 -2.25387 -8.1904
51.91 -6.19549 -9.04657 -6.37271 -8.86303 -9.09616 -3.99729 -8.30079 -7.60002 -7.33419 -5.50702 -8.09533 -8.58854 -4.07219 -7.99324 -6.84658 -8.145 -5.31931 -7.90706 -8.71114 -4.13857 -8.65779 -7.1677 -7.79027 -5.51768 -7.89714 -8.63119 -4.15234 -8.26447 -7.00433 -7.89855 -5.49294 -7.92654 -8.67515 -4.23283 -8.39902 -6.98613 -7.64889 -5.65787 -7.94891 -8.68439 -3.099 -8.2919 -6.49359 -9.53025 -3.68945 -7.60515 -8.74674 -2.25387 -8.19043
51.96 -6.17948 -9.04006 -6.4257 -8.86723 -9.10179 -3.99764 -8.30864 -7.59476 -7.33951 -5.50811 -8.10795 -8.59208 -4.07137 -7.99063 -6.84885 -8.14376 -5.31931 -7.90723 -8.71059 -4.13881 -8.65284 -7.16723 -7.79022 -5.51787 -7.89718 -8.6313 -4.15231 -8.26543 -7.00428 -7.89866 -5.49291 -7.92656 -8.67517 -4.23281 -8.39891 -6.98618 -7.64886 -5.65786 -7.9489 -8.68438 -3.09902 -8.29186 -6.49358 -9.53025 -3.68946 -7.60515 -8.74674 -2.25387 -8.19045
52.01 -6.16197 -9.03482 -6.48087 -8.87119 -9.10788 -3.99775 -8.31553 -7.59004 -7.34476 -5.50901 -8.12138 -8.5957 -4.07051 -7.98713 -6.85111 -8.14247 -5.3193 -7.90738 -8.71003 -4.13905 -8.64811 -7.16673 -7.79019 -5.51807 -7.89721 -8.63141 -4.15228 -8.26639 -7.00425 -7.89877 -5.49287 -7.92658 -8.67519 -4.23279 -8.39878 -6.98623 -7.64882 -5.65785 -7.9489 -8.68437 -3.09903 -8.29181 -6.49356 -9.53026 -3.68948 -7.60515 -8.74675 -2.25387 -8.19048
52.06 -6.14289 -9.03089 -6.53829 -8.87491 -9.11443 -3.99762 -8.32144 -7.58589 -7.34992 -5.50974 -8.13567 -8.5994 -4.06961 -7.98274 -6.85335 -8.14113 -5.31928 -7.90752 -8.70947 -4.13931 -8.6436 -7.1662 -7.79018 -5.51827 -7.89725 -8.63153 -4.15225 -8.26737 -7.00422 -7.89888 -5.49283 -7.92661 -8.6752 -4.23277 -8.39864 -6.98629 -7.64879 -5.65783 -7.94889 -8.68435 -3.09905 -8.29177 -6.49354 -9.53026 -3.68949 -7.60514 -8.74675 -2.25386 -8.1905
52.11 -6.1222 -9.0283 -6.59802 -8.87839 -9.12147 -3.99726 -8.32633 -7.58232 -7.35499 -5.51027 -8.15086 -8.60321 -4.06867 -7.97744 -6.85558 -8.13975 -5.31924 -7.90762 -8.70892 -4.13956 -8.63933 -7.16565 -7.79019 -5.51847 -7.89728 -8.63165 -4.15222 -8.26836 -7.0042 -7.89898 -5.49279 -7.92663 -8.67521 -4.23275 -8.39849 -6.98634 -7.64875 -5.65782 -7.94888 -8.68434 -3.09906 -8.29173 -6.49352 -9.53027 -3.6895 -7.60514 -8.74676 -2.25386 -8.19052
52.16 -6.09985 -9.0271 -6.66013 -8.88163 -9.12902 -3.99665 -8.33019 -7.57934 -7.35996 -5.51062 -8.16698 -8.60711 -4.06769 -7.97122 -6.85778 -8.13833 -5.31918 -7.90771 -8.70836 -4.13983 -8.63529 -7.16508 -7.79022 -5.51868 -7.89732 -8.63178 -4.15218 -8.26936 -7.00419 -7.89908 -5.49275 -7.92665 -8.67522 -4.23274 -8.39832 -6.98638 -7.64871 -5.65781 -7.94888 -8.68432 -3.09907 -8.29169 -6.4935 -9.53027 -3.68951 -7.60514 -8.74676 -2.25386 -8.19055
52.21 -6.07576 -9.02732 -6.72471 -8.88462 -9.13711 -3.99578 -8.33297 -7.57697 -7.3648 -5.51078 -8.18409 -8.61111 -4.06668 -7.96406 -6.85995 -8.13687 -5.31911 -7.90778 -8.70781 -4.14009 -8.6315 -7.16449 -7.79027 -5.51889 -7.89735 -8.63191 -4.15214 -8.27036 -7.00418 -7.89918 -5.4927 -7.92667 -8.67523 -4.23272 -8.39814 -6.98643 -7.64867 -5.6578 -7.94887 -8.68431 -3.09909 -8.29166 -6.49348 -9.53028 -3.68952 -7.60514 -8.74677 -2.25386 -8.19057
52.26 -6.04991 -9.02901 -6.79184 -8.88737 -9.14576 -3.99465 -8.33466 -7.57524 -7.36952 -5.51074 -8.20222 -8.61523 -4.06563 -7.95596 -6.86208 -8.13538 -5.31903 -7.90782 -8.70726 -4.14037 -8.62796 -7.16388 -7.79034 -5.5191 -7.89737 -8.63204 -4.15209 -8.27137 -7.00419 -7.89927 -5.49265 -7.92669 -8.67523 -4.23271 -8.39795 -6.98648 -7.64863 -5.65779 -7.94886 -8.6843 -3.0991 -8.29164 -6.49346 -9.53029 -3.68952 -7.60513 -8.74677 -2.25386 -8.19059
52.31 -6.02222 -9.03222 -6.8616 -8.88986 -9.155 -3.99325 -8.33521 -7.57414 -7.37409 -5.51051 -8.22141 -8.61947 -4.06453 -7.94688 -6.86417 -8.13385 -5.31893 -7.90785 -8.70672 -4.14064 -8.62468 -7.16325 -7.79043 -5.51931 -7.8974 -8.63218 -4.15204 -8.27237 -7.00421 -7.89936 -5.4926 -7.92672 -8.67524 -4.23269 -8.39775 -6.98652 -7.64859 -5.65778 -7.94885 -8.68429 -3.09911 -8.29161 -6.49344 -9.53029 -3.68953 -7.60513 -8.74678 -2.25385 -8.19062
52.36 -5.99265 -9.037 -6.93408 -8.8921 -9.16485 -3.99158 -8.33458 -7.57372 -7.37851 -5.51009 -8.24171 -8.62382 -4.0634 -7.93682 -6.86622 -8.1323 -5.31882 -7.90785 -8.70618 -4.14092 -8.62168 -7.16261 -7.79054 -5.51952 -7.89742 -8.63233 -4.15199 -8.27338 -7.00423 -7.89945 -5.49255 -7.92674 -8.67524 -4.23268 -8.39753 -6.98657 -7.64855 -5.65777 -7.94885 -8.68427 -3.09912 -8.29159 -6.49342 -9.5303 -3.68954 -7.60513 -8.74678 -2.25385 -8.19064
52.41 -5.96116 -9.04339 -7.00935 -8.89406 -9.17533 -3.98962 -8.33275 -7.57398 -7.38276 -5.50946 -8.26312 -8.6283 -4.06222 -7.92575 -6.86822 -8.13072 -5.31869 -7.90782 -8.70565 -4.1412 -8.61895 -7.16195 -7.79067 -5.51974 -7.89744 -8.63247 -4.15193 -8.27438 -7.00427 -7.89953 -5.49249 -7.92676 -8.67524 -4.23267 -8.3973 -6.98661 -7.64851 -5.65776 -7.94884 -8.68426 -3.09913 -8.29158 -6.4934 -9.53031 -3.68954 -7.60513 -8.74679 -2.25385 -8.19066
52.46 -5.92771 -9.05145 -7.08748 -8.89574 -9.18645 -3.98737 -8.32966 -7.57496 -7.38683 -5.50863 -8.28568 -8.63291 -4.06099 -7.91365 -6.87016 -8.12912 -5.31854 -7.90778 -8.70513 -4.14148 -8.61651 -7.16127 -7.79082 -5.51995 -7.89746 -8.63262 -4.15187 -8.27537 -7.00431 -7.8996 -5.49243 -7.92678 -8.67523 -4.23266 -8.39706 -6.98665 -7.64847 -5.65775 -7.94883 -8.68425 -3.09914 -8.29157 -6.49337 -9.53032 -3.68955 -7.60512 -8.7468 -2.25385 -8.19068
52.51 -5.89231 -9.06123 -7.16851 -8.89712 -9.19823 -3.98482 -8.32529 -7.57666 -7.3907 -5.5076 -8.30937 -8.63764 -4.05973 -7.9005 -6.87204 -8.1275 -5.31837 -7.90771 -8.70462 -4.14177 -8.61436 -7.16058 -7.79099 -5.52016 -7.89747 -8.63277 -4.15181 -8.27635 -7.00436 -7.89967 -5.49237 -7.9268 -8.67523 -4.23265 -8.39681 -6.98668 -7.64843 -5.65775 -7.94882 -8.68424 -3.09915 -8.29156 -6.49335 -9.53033 -3.68955 -7.60512 -8.7468 -2.25384 -8.1907
52.56 -5.85494 -9.07278 -7.25247 -8.89818 -9.21068 -3.98196 -8.31958 -7.57911 -7.39437 -5.50637 -8.33417 -8.64249 -4.05841 -7.88627 -6.87385 -8.12586 -5.31818 -7.90762 -8.70412 -4.14205 -8.61251 -7.15988 -7.79117 -5.52037 -7.89748 -8.63293 -4.15175 -8.27733 -7.00442 -7.89974 -5.49231 -7.92683 -8.67522 -4.23264 -8.39655 -6.98672 -7.64839 -5.65774 -7.94881 -8.68423 -3.09916 -8.29156 -6.49333 -9.53035 -3.68955 -7.60512 -8.74681 -2.25384 -8.19072
52.61 -5.81566 -9.08614 -7.33934 -8.8989 -9.22378 -3.97879 -8.31251 -7.58234 -7.39782 -5.50492 -8.36005 -8.64745 -4.05705 -7.87096 -6.87559 -8.12422 -5.31797 -7.9075 -8.70363 -4.14233 -8.61098 -7.15917 -7.79138 -5.52058 -7.89749 -8.63308 -4.15168 -8.27829 -7.00449 -7.8998 -5.49224 -7.92685 -8.67521 -4.23263 -8.39628 -6.98675 -7.64835 -5.65774 -7.9488 -8.68422 -3.09917 -8.29156 -6.49331 -9.53036 -3.68955 -7.60511 -8.74681 -2.25384 -8.19074
52.66 -5.77451 -9.10136 -7.42907 -8.89924 -9.23752 -3.97529 -8.30403 -7.58636 -7.40103 -5.50326 -8.38692 -8.65252 -4.05565 -7.85456 -6.87725 -8.12257 -5.31774 -7.90735 -8.70316 -4.14262 -8.60976 -7.15845 -7.79161 -5.52079 -7.89749 -8.63324 -4.15161 -8.27924 -7.00457 -7.89985 -5.49218 -7.92687 -8.6752 -4.23262 -8.396 -6.98678 -7.64831 -5.65773 -7.94879 -8.68421 -3.09918 -8.29156 -6.49329 -9.53037 -3.68955 -7.60511 -8.74682 -2.25384 -8.19076
52.71 -5.7316 -9.11846 -7.52153 -8.89916 -9.25188 -3.97146 -8.29412 -7.59119 -7.404 -5.50138 -8.41469 -8.65766 -4.05419 -7.83704 -6.87883 -8.12092 -5.31748 -7.90719 -8.7027 -4.1429 -8.60888 -7.15773 -7.79185 -5.52099 -7.89749 -8.6334 -4.15154 -8.28016 -7.00466 -7.8999 -5.49211 -7.92689 -8.67519 -4.23262 -8.39571 -6.98681 -7.64827 -5.65773 -7.94879 -8.6842 -3.09918 -8.29157 -6.49327 -9.53039 -3.68955 -7.6051 -8.74683 -2.25383 -8.19077
52.76 -5.68707 -9.13745 -7.61657 -8.89864 -9.26679 -3.96731 -8.28274 -7.59685 -7.40672 -5.49929 -8.44321 -8.66287 -4.05269 -7.81843 -6.88032 -8.11927 -5.3172 -7.90699 -8.70226 -4.14318 -8.60833 -7.157 -7.79211 -5.5212 -7.89748 -8.63356 -4.15147 -8.28107 -7.00475 -7.89994 -5.49204 -7.92691 -8.67517 -4.23261 -8.39541 -6.98684 -7.64823 -5.65773 -7.94878 -8.68419 -3.09919 -8.29158 -6.49325 -9.5304 -3.68955 -7.6051 -8.74683 -2.25383 -8.19079
52.81 -5.64111 -9.15836 -7.71394 -8.89762 -9.28219 -3.96283 -8.26988 -7.60335 -7.40916 -5.49698 -8.47231 -8.6681 -4.05115 -7.79872 -6.88171 -8.11762 -5.31689 -7.90677 -8.70183 -4.14346 -8.60813 -7.15627 -7.79239 -5.52139 -7.89747 -8.63372 -4.15139 -8.28195 -7.00485 -7.89998 -5.49197 -7.92693 -8.67515 -4.23261 -8.39511 -6.98686 -7.64819 -5.65773 -7.94877 -8.68418 -3.0992 -8.2916 -6.49322 -9.53042 -3.68954 -7.6051 -8.74684 -2.25383 -8.19081
52.86 -5.59396 -9.18115 -7.81331 -8.89606 -9.29799 -3.95803 -8.25553 -7.61071 -7.41132 -5.49445 -8.50177 -8.67332 -4.04956 -7.77795 -6.88301 -8.11598 -5.31655 -7.90653 -8.70143 -4.14373 -8.60828 -7.15553 -7.79268 -5.52159 -7.89745 -8.63388 -4.15131 -8.28281 -7.00497 -7.90001 -5.49189 -7.92695 -8.67513 -4.23261 -8.3948 -6.98688 -7.64815 -5.65773 -7.94876 -8.68417 -3.0992 -8.29162 -6.4932 -9.53043 -3.68954 -7.60509 -8.74684 -2.25382 -8.19082
52.91 -5.54588 -9.20581 -7.91429 -8.89389 -9.3141 -3.95291 -8.23969 -7.61891 -7.41319 -5.4917 -8.53136 -8.67848 -4.04793 -7.75614 -6.88421 -8.11435 -5.31618 -7.90625 -8.70104 -4.144 -8.60879 -7.1548 -7.79299 -5.52178 -7.89743 -8.63403 -4.15123 -8.28365 -7.00508 -7.90004 -5.49182 -7.92697 -8.67511 -4.23261 -8.39449 -6.9869 -7.64812 -5.65773 -7.94875 -8.68417 -3.09921 -8.29165 -6.49318 -9.53045 -3.68953 -7.60509 -8.74685 -2.25382 -8.19084
52.96 -5.49719 -9.23227 -8.0164 -8.89108 -9.33038 -3.94749 -8.22239 -7.62796 -7.41476 -5.48873 -8.56081 -8.68353 -4.04628 -7.73335 -6.8853 -8.11274 -5.31578 -7.90596 -8.70068 -4.14426 -8.60967 -7.15407 -7.79331 -5.52197 -7.89741 -8.63419 -4.15115 -8.28445 -7.00521 -7.90006 -5.49175 -7.92699 -8.67508 -4.23261 -8.39417 -6.98691 -7.64808 -5.65773 -7.94874 -8.68416 -3.09921 -8.29168 -6.49316 -9.53047 -3.68953 -7.60508 -8.74685 -2.25382 -8.19085
53.01 -5.44822 -9.26045 -8.11911 -8.88755 -9.3467 -3.94178 -8.20364 -7.63784 -7.41602 -5.48554 -8.58985 -8.68843 -4.04459 -7.70965 -6.88627 -8.11116 -5.31535 -7.90563 -8.70033 -4.14452 -8.61093 -7.15334 -7.79365 -5.52215 -7.89737 -8.63435 -4.15107 -8.28522 -7.00534 -7.90007 -5.49167 -7.927 -8.67506 -4.23261 -8.39384 -6.98693 -7.64804 -5.65773 -7.94873 -8.68415 -3.09921 -8.29171 -6.49314 -9.53048 -3.68952 -7.60508 -8.74686 -2.25381 -8.19086
53.06 -5.39933 -9.29026 -8.22179 -8.88326 -9.36292 -3.9358 -8.18351 -7.64854 -7.41696 -5.48214 -8.6182 -8.69312 -4.04289 -7.68512 -6.88713 -8.10959 -5.31489 -7.90528 -8.70001 -4.14478 -8.61257 -7.15262 -7.794 -5.52232 -7.89734 -8.6345 -4.15098 -8.28595 -7.00548 -7.90008 -5.4916 -7.92702 -8.67503 -4.23261 -8.39351 -6.98694 -7.64801 -5.65773 -7.94872 -8.68415 -3.09921 -8.29175 -6.49312 -9.5305 -3.68951 -7.60507 -8.74686 -2.25381 -8.19087
53.11 -5.35087 -9.32157 -8.32381 -8.87816 -9.37887 -3.92958 -8.16206 -7.66003 -7.41757 -5.47854 -8.6456 -8.69755 -4.04118 -7.65985 -6.88787 -8.10806 -5.3144 -7.9049 -8.69972 -4.14503 -8.61459 -7.1519 -7.79437 -5.52249 -7.89729 -8.63465 -4.1509 -8.28665 -7.00563 -7.90008 -5.49152 -7.92704 -8.675 -4.23262 -8.39318 -6.98695 -7.64797 -5.65774 -7.94871 -8.68414 -3.09922 -8.29179 -6.4931 -9.53052 -3.6895 -7.60507 -8.74687 -2.25381 -8.19088
53.16 -5.3032 -9.35423 -8.42447 -8.8722 -9.39443 -3.92315 -8.13938 -7.67226 -7.41786 -5.47473 -8.67181 -8.70166 -4.03947 -7.63395 -6.88848 -8.10656 -5.31387 -7.9045 -8.69945 -4.14527 -8.61699 -7.1512 -7.79475 -5.52265 -7.89725 -8.6348 -4.15081 -8.28731 -7.00578 -7.90007 -5.49145 -7.92705 -8.67497 -4.23262 -8.39285 -6.98695 -7.64794 -5.65774 -7.9487 -8.68414 -3.09922 -8.29184 -6.49308 -9.53054 -3.68949 -7.60506 -8.74687 -2.2538 -8.19089
53.21 -5.25662 -9.38808 -8.52311 -8.86535 -9.40943 -3.91655 -8.11555 -7.68519 -7.41781 -5.47073 -8.69661 -8.70543 -4.03778 -7.60755 -6.88897 -8.1051 -5.31333 -7.90408 -8.6992 -4.1455 -8.61978 -7.1505 -7.79513 -5.52281 -7.89719 -8.63495 -4.15072 -8.28793 -7.00594 -7.90006 -5.49137 -7.92707 -8.67494 -4.23263 -8.39251 -6.98696 -7.6479 -5.65775 -7.94869 -8.68414 -3.09922 -8.29189 -6.49306 -9.53056 -3.68948 -7.60506 -8.74688 -2.2538 -8.1909
53.26 -5.21143 -9.42296 -8.61905 -8.85759 -9.42378 -3.9098 -8.0907 -7.69876 -7.41743 -5.46656 -8.71986 -8.70881 -4.0361 -7.58078 -6.88932 -8.10368 -5.31275 -7.90363 -8.69899 -4.14572 -8.62295 -7.14982 -7.79553 -5.52296 -7.89713 -8.63509 -4.15064 -8.2885 -7.0061 -7.90004 -5.4913 -7.92708 -8.6749 -4.23263 -8.39217 -6.98695 -7.64787 -5.65776 -7.94868 -8.68413 -3.09922 -8.29194 -6.49305 -9.53057 -3.68947 -7.60505 -8.74688 -2.2538 -8.19091
53.31 -5.16787 -9.45866 -8.71164 -8.84892 -9.43736 -3.90295 -8.06494 -7.71293 -7.41672 -5.46222 -8.74144 -8.71179 -4.03447 -7.55377 -6.88955 -8.10231 -5.31216 -7.90317 -8.6988 -4.14594 -8.62649 -7.14915 -7.79594 -5.5231 -7.89707 -8.63523 -4.15055 -8.28903 -7.00627 -7.90002 -5.49122 -7.92709 -8.67486 -4.23264 -8.39184 -6.98695 -7.64784 -5.65777 -7.94867 -8.68413 -3.09922 -8.29199 -6.49303 -9.53059 -3.68945 -7.60505 -8.74689 -2.25379 -8.19091
53.36 -5.12613 -9.49501 -8.80031 -8.83934 -9.45008 -3.89603 -8.03841 -7.72761 -7.41568 -5.45773 -8.76128 -8.71435 -4.03287 -7.52665 -6.88964 -8.10098 -5.31154 -7.90268 -8.69864 -4.14614 -8.63041 -7.1485 -7.79636 -5.52323 -7.897 -8.63536 -4.15046 -8.28952 -7.00645 -7.89999 -5.49115 -7.9271 -8.67483 -4.23265 -8.3915 -6.98695 -7.64781 -5.65777 -7.94867 -8.68413 -3.09921 -8.29205 -6.49301 -9.53061 -3.68944 -7.60505 -8.74689 -2.25379 -8.19092
53.41 -5.08634 -9.53181 -8.88451 -8.82889 -9.4619 -3.88909 -8.01123 -7.74273 -7.41432 -5.45311 -8.77935 -8.71649 -4.03134 -7.49956 -6.8896 -8.09971 -5.31091 -7.90218 -8.69851 -4.14634 -8.63468 -7.14787 -7.79678 -5.52335 -7.89692 -8.63549 -4.15038 -8.28995 -7.00663 -7.89996 -5.49107 -7.92711 -8.67479 -4.23266 -8.39117 -6.98694 -7.64778 -5.65778 -7.94866 -8.68413 -3.09921 -8.29212 -6.493 -9.53063 -3.68942 -7.60504 -8.7469 -2.25379 -8.19092
53.46 -5.04862 -9.56889 -8.96381 -8.81759 -9.47278 -3.88216 -7.98354 -7.75824 -7.41264 -5.44838 -8.79567 -8.71821 -4.02987 -7.47263 -6.88943 -8.09849 -5.31027 -7.90167 -8.69841 -4.14652 -8.6393 -7.14726 -7.79721 -5.52347 -7.89684 -8.63561 -4.15029 -8.29033 -7.00681 -7.89991 -5.491 -7.92712 -8.67475 -4.23267 -8.39084 -6.98693 -7.64776 -5.65779 -7.94865 -8.68413 -3.09921 -8.29218 -6.49298 -9.53065 -3.68941 -7.60504 -8.7469 -2.25378 -8.19093
53.51 -5.01301 -9.60607 -9.0378 -8.80551 -9.48271 -3.87527 -7.95548 -7.77404 -7.41066 -5.44355 -8.8103 -8.71954 -4.02847 -7.44597 -6.88913 -8.09734 -5.30962 -7.90114 -8.69834 -4.14669 -8.64425 -7.14666 -7.79765 -5.52358 -7.89676 -8.63573 -4.1502 -8.29067 -7.007 -7.89987 -5.49093 -7.92713 -8.67471 -4.23268 -8.39051 -6.98691 -7.64773 -5.65781 -7.94864 -8.68413 -3.0992 -8.29225 -6.49297 -9.53067 -3.68939 -7.60503 -8.74691 -2.25378 -8.19093
53.56 -4.97953 -9.64318 -9.10619 -8.79271 -9.49169 -3.86845 -7.92718 -7.79008 -7.40837 -5.43865 -8.82329 -8.72049 -4.02715 -7.41971 -6.8887 -8.09625 -5.30897 -7.90061 -8.69831 -4.14685 -8.64951 -7.1461 -7.79809 -5.52367 -7.89668 -8.63585 -4.15012 -8.29095 -7.00719 -7.89981 -5.49086 -7.92714 -8.67466 -4.2327 -8.39019 -6.9869 -7.64771 -5.65782 -7.94863 -8.68413 -3.0992 -8.29232 -6.49295 -9.53069 -3.68937 -7.60503 -8.74691 -2.25378 -8.19093
53.61 -4.94817 -9.68007 -9.16874 -8.77926 -9.49974 -3.86175 -7.89876 -7.80627 -7.40581 -5.4337 -8.83475 -8.72108 -4.02592 -7.39394 -6.88814 -8.09522 -5.30832 -7.90006 -8.6983 -4.147 -8.65507 -7.14555 -7.79853 -5.52376 -7.89659 -8.63595 -4.15003 -8.29117 -7.00738 -7.89976 -5.49079 -7.92715 -8.67462 -4.23271 -8.38987 -6.98688 -7.64769 -5.65783 -7.94862 -8.68413 -3.09919 -8.29239 -6.49294 -9.53071 -3.68936 -7.60502 -8.74691 -2.25377 -8.19093
53.66 -4.91889 -9.7166 -9.2253 -8.76524 -9.50689 -3.85517 -7.87033 -7.82256 -7.40297 -5.42872 -8.84476 -8.72136 -4.02477 -7.36875 -6.88746 -8.09426 -5.30768 -7.89952 -8.69833 -4.14714 -8.66091 -7.14504 -7.79898 -5.52384 -7.8965 -8.63606 -4.14995 -8.29135 -7.00757 -7.89969 -5.49072 -7.92715 -8.67457 -4.23273 -8.38955 -6.98686 -7.64767 -5.65784 -7.94862 -8.68414 -3.09919 -8.29247 -6.49293 -9.53073 -3.68934 -7.60502 -8.74692 -2.25377 -8.19093
53.71 -4.89162 -9.75265 -9.27578 -8.75073 -9.5132 -3.84874 -7.84201 -7.83887 -7.39987 -5.42372 -8.85344 -8.72134 -4.02372 -7.34422 -6.88665 -8.09338 -5.30705 -7.89897 -8.69838 -4.14726 -8.667 -7.14455 -7.79942 -5.52391 -7.89641 -8.63615 -4.14987 -8.29146 -7.00777 -7.89962 -5.49065 -7.92716 -8.67453 -4.23274 -8.38925 -6.98683 -7.64765 -5.65786 -7.94861 -8.68414 -3.09918 -8.29255 -6.49291 -9.53075 -3.68932 -7.60501 -8.74692 -2.25377 -8.19092
53.76 -4.86632 -9.78809 -9.32014 -8.73583 -9.5187 -3.84249 -7.81388 -7.85514 -7.39653 -5.41874 -8.86088 -8.72106 -4.02275 -7.32042 -6.88574 -8.09257 -5.30643 -7.89843 -8.69847 -4.14737 -8.67333 -7.14409 -7.79987 -5.52396 -7.89632 -8.63624 -4.14979 -8.29153 -7.00797 -7.89955 -5.49059 -7.92716 -8.67448 -4.23276 -8.38895 -6.98681 -7.64763 -5.65787 -7.9486 -8.68414 -3.09917 -8.29263 -6.4929 -9.53077 -3.6893 -7.60501 -8.74692 -2.25376 -8.19092
53.81 -4.84289 -9.82285 -9.35841 -8.72062 -9.52345 -3.83642 -7.78605 -7.87133 -7.39296 -5.41379 -8.86719 -8.72054 -4.02188 -7.29739 -6.8847 -8.09183 -5.30582 -7.89788 -8.69858 -4.14746 -8.67986 -7.14366 -7.80032 -5.52401 -7.89623 -8.63632 -4.14971 -8.29153 -7.00817 -7.89947 -5.49052 -7.92716 -8.67444 -4.23278 -8.38866 -6.98678 -7.64762 -5.65789 -7.9486 -8.68415 -3.09916 -8.29271 -6.49289 -9.53079 -3.68928 -7.605 -8.74692 -2.25376 -8.19091
53.86 -4.82127 -9.85682 -9.39067 -8.70518 -9.5275 -3.83055 -7.75859 -7.88737 -7.38918 -5.40888 -8.87245 -8.71983 -4.0211 -7.27519 -6.88357 -8.09117 -5.30523 -7.89735 -8.69873 -4.14754 -8.68658 -7.14326 -7.80076 -5.52404 -7.89614 -8.6364 -4.14964 -8.29149 -7.00836 -7.89938 -5.49046 -7.92716 -8.67439 -4.2328 -8.38838 -6.98675 -7.6476 -5.6579 -7.94859 -8.68416 -3.09915 -8.2928 -6.49289 -9.53081 -3.68926 -7.605 -8.74692 -2.25376 -8.19091
53.91 -4.80138 -9.88994 -9.41702 -8.6896 -9.53091 -3.82489 -7.73157 -7.90322 -7.38521 -5.40404 -8.87677 -8.71893 -4.02041 -7.25385 -6.88233 -8.09059 -5.30467 -7.89682 -8.69891 -4.14761 -8.69346 -7.14289 -7.8012 -5.52407 -7.89605 -8.63647 -4.14957 -8.29138 -7.00856 -7.89929 -5.49041 -7.92716 -8.67434 -4.23282 -8.38811 -6.98671 -7.64759 -5.65792 -7.94858 -8.68416 -3.09914 -8.29288 -6.49288 -9.53082 -3.68924 -7.605 -8.74693 -2.25375 -8.1909
53.96 -4.78313 -9.92216 -9.4376 -8.67396 -9.53372 -3.81945 -7.70506 -7.91885 -7.38106 -5.39927 -8.8802 -8.71787 -4.0198 -7.2334 -6.88099 -8.09009 -5.30413 -7.8963 -8.69911 -4.14766 -8.70048 -7.14255 -7.80164 -5.52408 -7.89596 -8.63653 -4.14949 -8.29123 -7.00876 -7.8992 -5.49035 -7.92716 -8.67429 -4.23284 -8.38785 -6.98668 -7.64758 -5.65794 -7.94858 -8.68417 -3.09913 -8.29297 -6.49287 -9.53084 -3.68922 -7.60499 -8.74693 -2.25375 -8.19089
54.01 -4.76647 -9.95341 -9.4526 -8.65832 -9.53599 -3.81423 -7.67909 -7.9342 -7.37675 -5.3946 -8.88283 -8.71668 -4.01927 -7.21384 -6.87956 -8.08967 -5.30361 -7.89579 -8.69934 -4.1477 -8.70762 -7.14225 -7.80207 -5.52409 -7.89587 -8.63659 -4.14943 -8.29102 -7.00896 -7.8991 -5.4903 -7.92716 -8.67425 -4.23286 -8.3876 -6.98664 -7.64758 -5.65796 -7.94857 -8.68418 -3.09912 -8.29306 -6.49287 -9.53086 -3.6892 -7.60499 -8.74693 -2.25375 -8.19088
54.06 -4.75132 -9.98366 -9.46221 -8.64277 -9.53775 -3.80923 -7.65374 -7.94926 -7.37229 -5.39004 -8.88472 -8.71537 -4.01883 -7.19521 -6.87805 -8.08933 -5.30311 -7.89529 -8.69959 -4.14772 -8.71484 -7.14199 -7.80249 -5.52408 -7.89578 -8.63663 -4.14936 -8.29075 -7.00916 -7.899 -5.49025 -7.92716 -8.6742 -4.23288 -8.38736 -6.9866 -7.64757 -5.65797 -7.94857 -8.68418 -3.09911 -8.29315 -6.49286 -9.53088 -3.68918 -7.60499 -8.74693 -2.25374 -8.19087
54.11 -4.73761 -10.0129 -9.46663 -8.62735 -9.53906 -3.80446 -7.62902 -7.96399 -7.3677 -5.3856 -8.88591 -8.71397 -4.01846 -7.17749 -6.87646 -8.08907 -5.30265 -7.89481 -8.69987 -4.14773 -8.72213 -7.14175 -7.80291 -5.52406 -7.89569 -8.63668 -4.1493 -8.29044 -7.00935 -7.89889 -5.4902 -7.92715 -8.67415 -4.2329 -8.38713 -6.98656 -7.64757 -5.65799 -7.94857 -8.68419 -3.0991 -8.29324 -6.49286 -9.53089 -3.68915 -7.60498 -8.74693 -2.25374 -8.19086
54.16 -4.72529 -10.041 -9.46608 -8.61213 -9.53995 -3.79992 -7.60497 -7.97836 -7.36299 -5.38128 -8.88646 -8.71247 -4.01816 -7.1607 -6.8748 -8.0889 -5.30221 -7.89434 -8.70018 -4.14773 -8.72946 -7.14156 -7.80332 -5.52403 -7.89561 -8.63671 -4.14924 -8.29008 -7.00954 -7.89878 -5.49015 -7.92714 -8.6741 -4.23292 -8.38692 -6.98651 -7.64757 -5.65801 -7.94856 -8.6842 -3.09909 -8.29333 -6.49285 -9.53091 -3.68913 -7.60498 -8.74693 -2.25374 -8.19084
54.21 -4.71432 -10.0681 -9.4608 -8.59716 -9.54046 -3.79561 -7.58163 -7.99236 -7.35819 -5.37711 -8.88639 -8.71089 -4.01793 -7.14484 -6.87308 -8.0888 -5.30179 -7.89389 -8.7005 -4.14771 -8.73682 -7.1414 -7.80372 -5.52399 -7.89552 -8.63673 -4.14918 -8.28967 -7.00973 -7.89867 -5.49011 -7.92714 -8.67406 -4.23295 -8.38672 -6.98647 -7.64757 -5.65803 -7.94856 -8.68421 -3.09908 -8.29342 -6.49285 -9.53093 -3.68911 -7.60498 -8.74693 -2.25374 -8.19083
54.26 -4.70465 -10.0941 -9.45103 -8.58248 -9.5406 -3.79152 -7.55901 -8.00596 -7.35331 -5.37308 -8.88574 -8.70925 -4.01777 -7.12989 -6.87129 -8.08879 -5.3014 -7.89346 -8.70085 -4.14767 -8.74418 -7.14127 -7.80411 -5.52394 -7.89544 -8.63675 -4.14913 -8.28921 -7.00991 -7.89855 -5.49007 -7.92713 -8.67401 -4.23297 -8.38653 -6.98642 -7.64757 -5.65805 -7.94856 -8.68422 -3.09906 -8.29351 -6.49285 -9.53094 -3.68909 -7.60497 -8.74693 -2.25373 -8.19082
54.31 -4.69623 -10.119 -9.43699 -8.56813 -9.54042 -3.78765 -7.53714 -8.01915 -7.34835 -5.3692 -8.88454 -8.70754 -4.01767 -7.11585 -6.86945 -8.08885 -5.30104 -7.89304 -8.70122 -4.14762 -8.75153 -7.14118 -7.80448 -5.52387 -7.89536 -8.63676 -4.14908 -8.28871 -7.01009 -7.89843 -5.49004 -7.92712 -8.67396 -4.23299 -8.38636 -6.98637 -7.64757 -5.65807 -7.94855 -8.68423 -3.09905 -8.2936 -6.49285 -9.53096 -3.68906 -7.60497 -8.74693 -2.25373 -8.1908
54.36 -4.68904 -10.1428 -9.41891 -8.55414 -9.53994 -3.78401 -7.51601 -8.03192 -7.34333 -5.36547 -8.88279 -8.70578 -4.01762 -7.10272 -6.86756 -8.089 -5.3007 -7.89264 -8.7016 -4.14756 -8.75884 -7.14113 -7.80485 -5.5238 -7.89528 -8.63677 -4.14903 -8.28816 -7.01027 -7.89831 -5.49001 -7.92711 -8.67392 -4.23302 -8.3862 -6.98632 -7.64758 -5.65809 -7.94855 -8.68424 -3.09904 -8.29369 -6.49285 -9.53097 -3.68904 -7.60497 -8.74693 -2.25373 -8.19078
54.41 -4.68304 -10.1656 -9.39704 -8.54055 -9.53917 -3.78058 -7.49566 -8.04426 -7.33827 -5.36191 -8.88053 -8.70396 -4.01763 -7.09047 -6.86562 -8.08922 -5.30038 -7.89225 -8.702 -4.14748 -8.7661 -7.14111 -7.8052 -5.52372 -7.89521 -8.63676 -4.14899 -8.28757 -7.01044 -7.89819 -5.48998 -7.9271 -8.67387 -4.23304 -8.38606 -6.98627 -7.64759 -5.65811 -7.94855 -8.68426 -3.09902 -8.29378 -6.49286 -9.53098 -3.68902 -7.60496 -8.74693 -2.25373 -8.19077
54.46 -4.67822 -10.1872 -9.37158 -8.52738 -9.53814 -3.77737 -7.47608 -8.05615 -7.33318 -5.35852 -8.87774 -8.7021 -4.01769 -7.07911 -6.86365 -8.08952 -5.30009 -7.89189 -8.70242 -4.14739 -8.77329 -7.14113 -7.80554 -5.52362 -7.89513 -8.63675 -4.14895 -8.28695 -7.01061 -7.89806 -5.48995 -7.92708 -8.67383 -4.23306 -8.38593 -6.98621 -7.6476 -5.65813 -7.94855 -8.68427 -3.09901 -8.29387 -6.49286 -9.531 -3.689 -7.60496 -8.74693 -2.25373 -8.19075
54.51 -4.67455 -10.2077 -9.34275 -8.51466 -9.53686 -3.77437 -7.45729 -8.0676 -7.32807 -5.35529 -8.87445 -8.70018 -4.0178 -7.06862 -6.86165 -8.08989 -5.29982 -7.89154 -8.70285 -4.14729 -8.78039 -7.14118 -7.80586 -5.52352 -7.89506 -8.63673 -4.14891 -8.28629 -7.01077 -7.89794 -5.48993 -7.92707 -8.67379 -4.23309 -8.38582 -6.98616 -7.64761 -5.65815 -7.94855 -8.68428 -3.09899 -8.29396 -6.49286 -9.53101 -3.68897 -7.60496 -8.74693 -2.25373 -8.19073
54.56 -4.67202 -10.2271 -9.31076 -8.5024 -9.53533 -3.77159 -7.43927 -8.07859 -7.32295 -5.35223 -8.87065 -8.69822 -4.01796 -7.05898 -6.85963 -8.09034 -5.29956 -7.89121 -8.70329 -4.14718 -8.7874 -7.14127 -7.80617 -5.52341 -7.89499 -8.6367 -4.14888 -8.28559 -7.01093 -7.89781 -5.48991 -7.92706 -8.67375 -4.23311 -8.38572 -6.9861 -7.64762 -5.65817 -7.94855 -8.68429 -3.09898 -8.29405 -6.49287 -9.53102 -3.68895 -7.60496 -8.74692 -2.25372 -8.19071
54.61 -4.67063 -10.2455 -9.27581 -8.49061 -9.53357 -3.769 -7.42205 -8.08912 -7.31783 -5.34934 -8.86634 -8.69621 -4.01816 -7.0502 -6.85758 -8.09086 -5.29933 -7.89089 -8.70375 -4.14705 -8.79429 -7.14139 -7.80646 -5.52328 -7.89492 -8.63667 -4.14885 -8.28487 -7.01108 -7.89768 -5.4899 -7.92704 -8.6737 -4.23314 -8.38564 -6.98605 -7.64764 -5.65819 -7.94855 -8.68431 -3.09896 -8.29413 -6.49288 -9.53103 -3.68893 -7.60496 -8.74692 -2.25372 -8.19069
54.66 -4.67037 -10.2628 -9.23807 -8.47931 -9.53159 -3.76662 -7.40562 -8.09918 -7.31272 -5.34662 -8.86151 -8.69415 -4.0184 -7.04225 -6.85551 -8.09145 -5.29911 -7.8906 -8.70421 -4.14691 -8.80106 -7.14154 -7.80674 -5.52315 -7.89486 -8.63663 -4.14883 -8.28411 -7.01122 -7.89755 -5.48989 -7.92702 -8.67367 -4.23316 -8.38558 -6.98599 -7.64765 -5.65821 -7.94855 -8.68432 -3.09895 -8.29422 -6.49288 -9.53104 -3.68891 -7.60495 -8.74692 -2.25372 -8.19067
54.71 -4.67123 -10.279 -9.19772 -8.46851 -9.52939 -3.76445 -7.38999 -8.10878 -7.30763 -5.34407 -8.85616 -8.69204 -4.01869 -7.03513 -6.85343 -8.0921 -5.29891 -7.89032 -8.70468 -4.14676 -8.80769 -7.14173 -7.807 -5.52301 -7.89479 -8.63658 -4.14881 -8.28333 -7.01135 -7.89742 -5.48988 -7.92701 -8.67363 -4.23319 -8.38553 -6.98593 -7.64767 -5.65823 -7.94855 -8.68433 -3.09893 -8.2943 -6.49289 -9.53105 -3.68889 -7.60495 -8.74692 -2.25372 -8.19065
54.76 -4.67322 -10.2941 -9.15493 -8.45822 -9.52697 -3.76246 -7.37515 -8.11792 -7.30256 -5.34168 -8.85028 -8.68987 -4.01901 -7.02884 -6.85135 -8.09282 -5.29873 -7.89005 -8.70516 -4.1466 -8.81418 -7.14195 -7.80724 -5.52286 -7.89473 -8.63652 -4.14879 -8.28252 -7.01148 -7.89729 -5.48987 -7.92699 -8.67359 -4.23321 -8.3855 -6.98588 -7.64769 -5.65825 -7.94855 -8.68435 -3.09892 -8.29438 -6.4929 -9.53105 -3.68887 -7.60495 -8.74691 -2.25372 -8.19062
54.81 -4.67635 -10.3082 -9.10983 -8.44844 -9.52434 -3.76068 -7.3611 -8.12658 -7.29754 -5.33947 -8.84385 -8.68765 -4.01936 -7.02336 -6.84926 -8.09361 -5.29856 -7.88981 -8.70565 -4.14642 -8.82051 -7.1422 -7.80746 -5.52271 -7.89466 -8.63646 -4.14878 -8.28169 -7.0116 -7.89716 -5.48987 -7.92697 -8.67356 -4.23324 -8.38548 -6.98582 -7.64771 -5.65827 -7.94855 -8.68436 -3.0989 -8.29446 -6.49291 -9.53106 -3.68885 -7.60495 -8.74691 -2.25372 -8.1906
54.86 -4.68063 -10.3213 -9.06258 -8.43917 -9.52148 -3.75908 -7.34784 -8.13477 -7.29256 -5.33743 -8.83687 -8.68536 -4.01975 -7.01868 -6.84718 -8.09445 -5.29841 -7.88958 -8.70614 -4.14624 -8.82667 -7.14248 -7.80766 -5.52254 -7.8946 -8.63639 -4.14878 -8.28084 -7.01172 -7.89703 -5.48988 -7.92695 -8.67352 -4.23326 -8.38548 -6.98576 -7.64774 -5.65829 -7.94855 -8.68438 -3.09888 -8.29453 -6.49292 -9.53107 -3.68883 -7.60495 -8.74691 -2.25372 -8.19058
54.91 -4.68606 -10.3333 -9.01328 -8.43043 -9.51841 -3.75768 -7.33538 -8.14249 -7.28764 -5.33555 -8.82931 -8.68301 -4.02018 -7.01481 -6.84509 -8.09535 -5.29826 -7.88936 -8.70664 -4.14605 -8.83266 -7.14278 -7.80785 -5.52237 -7.89454 -8.63632 -4.14877 -8.27997 -7.01182 -7.8969 -5.48988 -7.92693 -8.67349 -4.23328 -8.3855 -6.9857 -7.64776 -5.6583 -7.94856 -8.68439 -3.09887 -8.29461 -6.49294 -9.53107 -3.68881 -7.60495 -8.7469 -2.25372 -8.19055
54.96 -4.69266 -10.3443 -8.96206 -8.42222 -9.51511 -3.75646 -7.32372 -8.14974 -7.28277 -5.33383 -8.82116 -8.68059 -4.02064 -7.01173 -6.84302 -8.09631 -5.29813 -7.88916 -8.70713 -4.14585 -8.83847 -7.14312 -7.80801 -5.5222 -7.89448 -8.63624 -4.14877 -8.27908 -7.01192 -7.89677 -5.4899 -7.92691 -8.67346 -4.23331 -8.38553 -6.98564 -7.64779 -5.65832 -7.94856 -8.68441 -3.09885 -8.29468 -6.49295 -9.53108 -3.68879 -7.60495 -8.7469 -2.25372 -8.19053
55.01 -4.70046 -10.3543 -8.90902 -8.41453 -9.51158 -3.75543 -7.31286 -8.15652 -7.27797 -5.33227 -8.8124 -8.67809 -4.02113 -7.00946 -6.84096 -8.09732 -5.29801 -7.88897 -8.70763 -4.14564 -8.84409 -7.14349 -7.80816 -5.52201 -7.89443 -8.63615 -4.14878 -8.27819 -7.01201 -7.89664 -5.48991 -7.92689 -8.67343 -4.23333 -8.38558 -6.98558 -7.64782 -5.65834 -7.94856 -8.68442 -3.09884 -8.29474 -6.49296 -9.53108 -3.68877 -7.60495 -8.7469 -2.25372 -8.19051
55.06 -4.70947 -10.3632 -8.85423 -8.40736 -9.50781 -3.75459 -7.3028 -8.16282 -7.27324 -5.33088 -8.803 -8.67552 -4.02166 -7.00798 -6.83892 -8.09838 -5.2979 -7.8888 -8.70813 -4.14542 -8.84951 -7.14388 -7.80828 -5.52183 -7.89437 -8.63606 -4.14879 -8.27728 -7.01209 -7.89652 -5.48993 -7.92687 -8.67341 -4.23335 -8.38564 -6.98553 -7.64785 -5.65836 -7.94857 -8.68444 -3.09882 -8.29481 -6.49298 -9.53108 -3.68876 -7.60495 -8.74689 -2.25372 -8.19048
55.11 -4.71973 -10.3711 -8.79778 -8.40073 -9.50379 -3.75394 -7.29354 -8.16865 -7.26859 -5.32965 -8.79296 -8.67285 -4.02222 -7.0073 -6.83689 -8.09948 -5.2978 -7.88865 -8.70863 -4.1452 -8.85474 -7.1443 -7.80839 -5.52163 -7.89432 -8.63596 -4.1488 -8.27636 -7.01216 -7.89639 -5.48995 -7.92684 -8.67338 -4.23337 -8.38572 -6.98547 -7.64788 -5.65838 -7.94857 -8.68445 -3.09881 -8.29487 -6.49299 -9.53108 -3.68874 -7.60495 -8.74689 -2.25372 -8.19046
55.16 -4.73125 -10.3779 -8.73973 -8.39463 -9.49951 -3.75346 -7.28509 -8.17399 -7.26402 -5.32857 -8.78223 -8.6701 -4.02281 -7.00743 -6.83489 -8.10063 -5.29771 -7.8885 -8.70913 -4.14497 -8.85976 -7.14474 -7.80847 -5.52143 -7.89426 -8.63586 -4.14882 -8.27544 -7.01223 -7.89627 -5.48997 -7.92682 -8.67336 -4.2334 -8.38582 -6.98541 -7.64791 -5.65839 -7.94858 -8.68447 -3.09879 -8.29493 -6.49301 -9.53109 -3.68872 -7.60495 -8.74688 -2.25372 -8.19043
55.21 -4.74406 -10.3837 -8.68014 -8.38906 -9.49496 -3.75318 -7.27746 -8.17886 -7.25954 -5.32764 -8.77081 -8.66726 -4.02343 -7.00835 -6.83291 -8.10183 -5.29763 -7.88837 -8.70963 -4.14473 -8.86457 -7.1452 -7.80854 -5.52123 -7.89421 -8.63575 -4.14884 -8.27451 -7.01228 -7.89615 -5.49 -7.9268 -8.67334 -4.23342 -8.38592 -6.98536 -7.64795 -5.65841 -7.94858 -8.68448 -3.09877 -8.29498 -6.49303 -9.53109 -3.68871 -7.60495 -8.74688 -2.25372 -8.19041
55.26 -4.7582 -10.3885 -8.61905 -8.38402 -9.49013 -3.75308 -7.27065 -8.18325 -7.25515 -5.32687 -8.75866 -8.66431 -4.02409 -7.01009 -6.83096 -8.10306 -5.29756 -7.88826 -8.71012 -4.14449 -8.86917 -7.14568 -7.80858 -5.52103 -7.89416 -8.63563 -4.14886 -8.27358 -7.01232 -7.89604 -5.49003 -7.92678 -8.67332 -4.23344 -8.38605 -6.9853 -7.64798 -5.65842 -7.94859 -8.6845 -3.09876 -8.29503 -6.49304 -9.53108 -3.68869 -7.60495 -8.74687 -2.25372 -8.19038
55.31 -4.77371 -10.3922 -8.5565 -8.37953 -9.48499 -3.75317 -7.26467 -8.18715 -7.25086 -5.32625 -8.74576 -8.66125 -4.02478 -7.01265 -6.82903 -8.10433 -5.2975 -7.88816 -8.71061 -4.14425 -8.87354 -7.14619 -7.8086 -5.52082 -7.89412 -8.63552 -4.14889 -8.27264 -7.01236 -7.89592 -5.49007 -7.92675 -8.67331 -4.23346 -8.38618 -6.98525 -7.64802 -5.65844 -7.9486 -8.68451 -3.09875 -8.29508 -6.49306 -9.53108 -3.68868 -7.60496 -8.74687 -2.25372 -8.19036
55.36 -4.79061 -10.3949 -8.49251 -8.37557 -9.47954 -3.75344 -7.25954 -8.19057 -7.24667 -5.32579 -8.73209 -8.65808 -4.02551 -7.01604 -6.82714 -8.10563 -5.29745 -7.88807 -8.71109 -4.144 -8.87769 -7.14672 -7.80861 -5.52061 -7.89407 -8.63539 -4.14892 -8.27171 -7.01239 -7.89581 -5.49011 -7.92673 -8.67329 -4.23347 -8.38633 -6.9852 -7.64805 -5.65845 -7.9486 -8.68452 -3.09873 -8.29512 -6.49308 -9.53108 -3.68867 -7.60496 -8.74686 -2.25372 -8.19033
55.41 -4.80895 -10.3965 -8.4271 -8.37215 -9.47376 -3.75391 -7.25526 -8.19348 -7.24259 -5.32547 -8.71762 -8.65479 -4.02627 -7.02026 -6.82529 -8.10696 -5.29741 -7.88799 -8.71157 -4.14374 -8.88162 -7.14726 -7.80859 -5.5204 -7.89403 -8.63527 -4.14896 -8.27078 -7.01241 -7.89571 -5.49015 -7.92671 -8.67328 -4.23349 -8.38649 -6.98514 -7.64809 -5.65847 -7.94861 -8.68454 -3.09872 -8.29516 -6.4931 -9.53107 -3.68866 -7.60496 -8.74686 -2.25373 -8.19031
55.46 -4.82876 -10.397 -8.36028 -8.36928 -9.46763 -3.75457 -7.25185 -8.1959 -7.23863 -5.3253 -8.70233 -8.65138 -4.02707 -7.02533 -6.82347 -8.10832 -5.29738 -7.88793 -8.71205 -4.14349 -8.88532 -7.14782 -7.80856 -5.52019 -7.89398 -8.63514 -4.149 -8.26986 -7.01242 -7.8956 -5.49019 -7.92668 -8.67327 -4.23351 -8.38667 -6.98509 -7.64813 -5.65848 -7.94862 -8.68455 -3.0987 -8.2952 -6.49312 -9.53107 -3.68865 -7.60496 -8.74685 -2.25373 -8.19029
55.51 -4.85008 -10.3963 -8.29206 -8.36696 -9.46113 -3.75543 -7.24932 -8.19781 -7.23477 -5.32528 -8.68619 -8.64784 -4.02791 -7.03127 -6.82169 -8.10971 -5.29736 -7.88788 -8.71251 -4.14323 -8.88878 -7.14839 -7.8085 -5.51997 -7.89394 -8.63501 -4.14904 -8.26894 -7.01242 -7.8955 -5.49024 -7.92666 -8.67327 -4.23353 -8.38685 -6.98505 -7.64817 -5.65849 -7.94862 -8.68457 -3.09869 -8.29523 -6.49314 -9.53106 -3.68864 -7.60496 -8.74685 -2.25373 -8.19026
55.56 -4.87294 -10.3946 -8.22244 -8.36519 -9.45424 -3.75649 -7.24769 -8.1992 -7.23104 -5.3254 -8.66919 -8.64416 -4.02879 -7.03809 -6.81995 -8.11111 -5.29736 -7.88785 -8.71297 -4.14296 -8.892 -7.14898 -7.80842 -5.51976 -7.89391 -8.63487 -4.14909 -8.26803 -7.01241 -7.89541 -5.49029 -7.92664 -8.67326 -4.23354 -8.38705 -6.985 -7.6482 -5.6585 -7.94863 -8.68458 -3.09868 -8.29526 -6.49316 -9.53106 -3.68863 -7.60497 -8.74684 -2.25373 -8.19024
55.61 -4.89738 -10.3917 -8.15142 -8.36399 -9.44694 -3.75775 -7.24699 -8.20007 -7.22743 -5.32568 -8.6513 -8.64035 -4.02971 -7.04579 -6.81826 -8.11254 -5.29737 -7.88782 -8.71343 -4.1427 -8.89499 -7.14959 -7.80833 -5.51954 -7.89387 -8.63473 -4.14914 -8.26713 -7.01239 -7.89532 -5.49034 -7.92662 -8.67326 -4.23356 -8.38726 -6.98495 -7.64824 -5.65851 -7.94864 -8.68459 -3.09866 -8.29529 -6.49318 -9.53105 -3.68862 -7.60497 -8.74684 -2.25373 -8.19022
55.66 -4.92344 -10.3875 -8.079 -8.36335 -9.43922 -3.75922 -7.24723 -8.20041 -7.22394 -5.3261 -8.63252 -8.6364 -4.03067 -7.0544 -6.81661 -8.11398 -5.2974 -7.88781 -8.71387 -4.14244 -8.89772 -7.1502 -7.80822 -5.51933 -7.89384 -8.63459 -4.14919 -8.26624 -7.01236 -7.89523 -5.4904 -7.92659 -8.67326 -4.23357 -8.38748 -6.98491 -7.64828 -5.65852 -7.94865 -8.68461 -3.09865 -8.29531 -6.4932 -9.53104 -3.68861 -7.60497 -8.74683 -2.25374 -8.19019
55.71 -4.95113 -10.3822 -8.00517 -8.36329 -9.43104 -3.7609 -7.24843 -8.2002 -7.22059 -5.32667 -8.61284 -8.6323 -4.03167 -7.06394 -6.815 -8.11544 -5.29744 -7.88782 -8.71431 -4.14217 -8.90021 -7.15083 -7.80808 -5.51912 -7.89381 -8.63445 -4.14925 -8.26536 -7.01233 -7.89515 -5.49045 -7.92657 -8.67326 -4.23358 -8.38771 -6.98487 -7.64832 -5.65853 -7.94865 -8.68462 -3.09864 -8.29532 -6.49322 -9.53103 -3.68861 -7.60497 -8.74682 -2.25374 -8.19017
55.76 -4.98048 -10.3756 -7.92995 -8.36382 -9.42241 -3.7628 -7.25062 -8.19944 -7.21737 -5.32739 -8.59226 -8.62806 -4.03272 -7.07441 -6.81345 -8.11691 -5.29751 -7.88784 -8.71473 -4.14191 -8.90245 -7.15147 -7.80793 -5.51891 -7.89379 -8.6343 -4.14931 -8.26449 -7.01228 -7.89508 -5.49051 -7.92655 -8.67326 -4.23359 -8.38795 -6.98483 -7.64837 -5.65854 -7.94866 -8.68463 -3.09863 -8.29533 -6.49324 -9.53102 -3.6886 -7.60498 -8.74682 -2.25374 -8.19015
55.81 -5.0115 -10.3678 -7.85334 -8.36493 -9.41329 -3.76492 -7.25383 -8.19811 -7.21429 -5.32825 -8.57078 -8.62367 -4.03381 -7.08584 -6.81194 -8.11839 -5.29759 -7.88787 -8.71515 -4.14164 -8.90443 -7.15211 -7.80776 -5.5187 -7.89376 -8.63416 -4.14937 -8.26364 -7.01223 -7.895 -5.49057 -7.92653 -8.67327 -4.2336 -8.3882 -6.98479 -7.64841 -5.65855 -7.94867 -8.68464 -3.09862 -8.29534 -6.49326 -9.53101 -3.6886 -7.60498 -8.74681 -2.25374 -8.19013
55.86 -5.04419 -10.3586 -7.77536 -8.36665 -9.40367 -3.76727 -7.25809 -8.1962 -7.21136 -5.32927 -8.54843 -8.61914 -4.03495 -7.09824 -6.81049 -8.11988 -5.29769 -7.88792 -8.71556 -4.14138 -8.90615 -7.15276 -7.80758 -5.51849 -7.89374 -8.63401 -4.14944 -8.26281 -7.01217 -7.89494 -5.49064 -7.92651 -8.67328 -4.23361 -8.38846 -6.98475 -7.64845 -5.65855 -7.94868 -8.68465 -3.09861 -8.29534 -6.49329 -9.531 -3.68859 -7.60498 -8.74681 -2.25375 -8.19011
55.91 -5.07854 -10.3481 -7.69605 -8.36898 -9.39355 -3.76985 -7.26341 -8.1937 -7.20857 -5.33045 -8.52524 -8.61448 -4.03614 -7.11162 -6.80909 -8.12137 -5.29781 -7.88798 -8.71596 -4.14112 -8.9076 -7.15342 -7.80738 -5.51829 -7.89373 -8.63386 -4.1495 -8.26199 -7.0121 -7.89488 -5.4907 -7.92649 -8.67329 -4.23362 -8.38872 -6.98472 -7.64849 -5.65856 -7.94869 -8.68466 -3.0986 -8.29534 -6.49331 -9.53099 -3.68859 -7.60499 -8.7468 -2.25375 -8.19009
55.96 -5.11453 -10.3363 -7.61546 -8.37193 -9.38293 -3.77268 -7.26983 -8.19059 -7.20594 -5.33177 -8.50125 -8.60969 -4.03738 -7.12599 -6.80775 -8.12286 -5.29796 -7.88806 -8.71634 -4.14086 -8.90878 -7.15408 -7.80716 -5.51809 -7.89372 -8.63371 -4.14957 -8.26119 -7.01202 -7.89482 -5.49077 -7.92647 -8.6733 -4.23363 -8.38899 -6.98469 -7.64853 -5.65856 -7.9487 -8.68467 -3.09859 -8.29534 -6.49333 -9.53098 -3.68859 -7.60499 -8.74679 -2.25375 -8.19007
56.01 -5.1521 -10.323 -7.53367 -8.37551 -9.37179 -3.77574 -7.27737 -8.18686 -7.20346 -5.33326 -8.47653 -8.60479 -4.03867 -7.14136 -6.80646 -8.12435 -5.29814 -7.88815 -8.71672 -4.1406 -8.90969 -7.15474 -7.80692 -5.51789 -7.89371 -8.63357 -4.14964 -8.26041 -7.01194 -7.89477 -5.49084 -7.92645 -8.67331 -4.23363 -8.38927 -6.98466 -7.64857 -5.65857 -7.94871 -8.68468 -3.09859 -8.29533 -6.49335 -9.53096 -3.68859 -7.60499 -8.74679 -2.25375 -8.19005
56.06 -5.19118 -10.3083 -7.45078 -8.37973 -9.36016 -3.77905 -7.28606 -8.1825 -7.20114 -5.3349 -8.45116 -8.59978 -4.04 -7.15772 -6.80523 -8.12583 -5.29834 -7.88826 -8.71708 -4.14035 -8.91032 -7.15541 -7.80667 -5.5177 -7.89371 -8.63342 -4.14972 -8.25965 -7.01185 -7.89473 -5.49091 -7.92643 -8.67333 -4.23364 -8.38955 -6.98463 -7.64861 -5.65857 -7.94872 -8.68469 -3.09858 -8.29531 -6.49337 -9.53095 -3.68859 -7.605 -8.74678 -2.25376 -8.19003
56.11 -5.23168 -10.2921 -7.36692 -8.3846 -9.34805 -3.78262 -7.29593 -8.17749 -7.19899 -5.33671 -8.42523 -8.59469 -4.04139 -7.17509 -6.80406 -8.12731 -5.29857 -7.88839 -8.71743 -4.1401 -8.91067 -7.15608 -7.80641 -5.51751 -7.89371 -8.63327 -4.14979 -8.25891 -7.01175 -7.89469 -5.49098 -7.92641 -8.67335 -4.23364 -8.38984 -6.98461 -7.64865 -5.65857 -7.94873 -8.6847 -3.09857 -8.2953 -6.4934 -9.53093 -3.6886 -7.605 -8.74678 -2.25376 -8.19002
56.16 -5.27349 -10.2745 -7.28226 -8.39011 -9.33548 -3.78643 -7.30698 -8.17182 -7.19701 -5.33868 -8.39887 -8.58955 -4.04282 -7.19344 -6.80296 -8.12878 -5.29883 -7.88853 -8.71777 -4.13985 -8.91072 -7.15674 -7.80613 -5.51733 -7.89372 -8.63312 -4.14987 -8.25819 -7.01164 -7.89466 -5.49105 -7.92639 -8.67337 -4.23364 -8.39014 -6.98459 -7.64869 -5.65857 -7.94874 -8.68471 -3.09857 -8.29528 -6.49342 -9.53092 -3.6886 -7.60501 -8.74677 -2.25376 -8.19
56.21 -5.31646 -10.2554 -7.197 -8.39629 -9.32251 -3.7905 -7.31924 -8.16549 -7.19521 -5.34081 -8.37221 -8.58437 -4.04429 -7.21276 -6.80192 -8.13024 -5.29912 -7.88869 -8.7181 -4.13961 -8.91048 -7.15741 -7.80583 -5.51715 -7.89373 -8.63298 -4.14995 -8.2575 -7.01152 -7.89463 -5.49113 -7.92637 -8.67339 -4.23364 -8.39044 -6.98457 -7.64873 -5.65857 -7.94875 -8.68472 -3.09856 -8.29525 -6.49344 -9.5309 -3.68861 -7.60501 -8.74677 -2.25377 -8.18999
56.26 -5.36041 -10.2348 -7.11139 -8.40312 -9.30917 -3.79482 -7.33271 -8.15849 -7.19359 -5.34311 -8.3454 -8.57919 -4.04581 -7.23302 -6.80095 -8.13168 -5.29944 -7.88887 -8.71841 -4.13937 -8.90994 -7.15807 -7.80553 -5.51698 -7.89375 -8.63283 -4.15003 -8.25683 -7.0114 -7.89461 -5.4912 -7.92636 -8.67341 -4.23365 -8.39074 -6.98455 -7.64876 -5.65857 -7.94876 -8.68472 -3.09856 -8.29522 -6.49346 -9.53088 -3.68861 -7.60502 -8.74676 -2.25377 -8.18997
56.31 -5.40515 -10.2128 -7.02571 -8.4106 -9.29553 -3.79939 -7.3474 -8.15081 -7.19215 -5.34558 -8.31863 -8.57405 -4.04736 -7.25419 -6.80004 -8.13311 -5.2998 -7.88907 -8.71871 -4.13914 -8.9091 -7.15873 -7.80521 -5.51681 -7.89378 -8.63269 -4.15011 -8.25618 -7.01128 -7.89459 -5.49127 -7.92634 -8.67344 -4.23364 -8.39104 -6.98454 -7.6488 -5.65857 -7.94876 -8.68473 -3.09855 -8.29519 -6.49348 -9.53087 -3.68862 -7.60502 -8.74675 -2.25377 -8.18996
56.36 -5.45045 -10.1894 -6.94028 -8.41872 -9.28167 -3.80419 -7.36329 -8.14247 -7.19091 -5.34822 -8.29207 -8.56898 -4.04894 -7.27623 -6.79921 -8.13452 -5.30019 -7.88929 -8.719 -4.13891 -8.90795 -7.15939 -7.80488 -5.51665 -7.89381 -8.63255 -4.15019 -8.25556 -7.01114 -7.89458 -5.49135 -7.92633 -8.67346 -4.23364 -8.39135 -6.98452 -7.64884 -5.65856 -7.94877 -8.68473 -3.09855 -8.29515 -6.4935 -9.53085 -3.68863 -7.60502 -8.74675 -2.25378 -8.18995
56.41 -5.49607 -10.1646 -6.85546 -8.42749 -9.26767 -3.80923 -7.38036 -8.13345 -7.18986 -5.35103 -8.26589 -8.56402 -4.05056 -7.29907 -6.79845 -8.13591 -5.30061 -7.88953 -8.71927 -4.13868 -8.90648 -7.16004 -7.80453 -5.51649 -7.89384 -8.63242 -4.15027 -8.25497 -7.011 -7.89458 -5.49142 -7.92631 -8.67349 -4.23364 -8.39166 -6.98452 -7.64887 -5.65856 -7.94878 -8.68474 -3.09855 -8.29511 -6.49352 -9.53083 -3.68863 -7.60503 -8.74674 -2.25378 -8.18994
56.46 -5.54177 -10.1384 -6.77161 -8.43686 -9.25362 -3.81448 -7.3986 -8.12378 -7.18902 -5.35401 -8.2403 -8.55922 -4.05219 -7.32266 -6.79776 -8.13727 -5.30106 -7.88979 -8.71952 -4.13847 -8.90469 -7.16068 -7.80418 -5.51635 -7.89389 -8.63228 -4.15035 -8.25441 -7.01086 -7.89458 -5.4915 -7.9263 -8.67352 -4.23364 -8.39197 -6.98451 -7.64891 -5.65856 -7.94879 -8.68474 -3.09855 -8.29507 -6.49354 -9.53081 -3.68864 -7.60503 -8.74674 -2.25378 -8.18993
56.51 -5.58727 -10.111 -6.68914 -8.44683 -9.23962 -3.81994 -7.41796 -8.11347 -7.18839 -5.35715 -8.21547 -8.55462 -4.05384 -7.34691 -6.79715 -8.13861 -5.30155 -7.89007 -8.71976 -4.13826 -8.90259 -7.16131 -7.80382 -5.51621 -7.89393 -8.63215 -4.15044 -8.25387 -7.01071 -7.89459 -5.49157 -7.92629 -8.67355 -4.23363 -8.39228 -6.98451 -7.64894 -5.65855 -7.9488 -8.68475 -3.09855 -8.29502 -6.49356 -9.5308 -3.68866 -7.60504 -8.74673 -2.25379 -8.18992
56.56 -5.63233 -10.0825 -6.60846 -8.45736 -9.22577 -3.82558 -7.43839 -8.10254 -7.18796 -5.36046 -8.19156 -8.55025 -4.05549 -7.37175 -6.79663 -8.13991 -5.30207 -7.89037 -8.71998 -4.13805 -8.90017 -7.16194 -7.80345 -5.51607 -7.89399 -8.63202 -4.15052 -8.25336 -7.01056 -7.8946 -5.49165 -7.92628 -8.67359 -4.23362 -8.3926 -6.9845 -7.64897 -5.65854 -7.94881 -8.68475 -3.09855 -8.29497 -6.49358 -9.53078 -3.68867 -7.60504 -8.74673 -2.25379 -8.18991
56.61 -5.67669 -10.0528 -6.52999 -8.46842 -9.21217 -3.83138 -7.45982 -8.09102 -7.18776 -5.36393 -8.16873 -8.54616 -4.05714 -7.39706 -6.79618 -8.14119 -5.30262 -7.8907 -8.72019 -4.13786 -8.89743 -7.16255 -7.80307 -5.51594 -7.89405 -8.63189 -4.1506 -8.25289 -7.0104 -7.89462 -5.49172 -7.92627 -8.67362 -4.23362 -8.39291 -6.98451 -7.64901 -5.65854 -7.94882 -8.68475 -3.09855 -8.29492 -6.49359 -9.53076 -3.68868 -7.60505 -8.74672 -2.25379 -8.18991
56.66 -5.72012 -10.0222 -6.45411 -8.47995 -9.19891 -3.83732 -7.4822 -8.07894 -7.18777 -5.36755 -8.14709 -8.54236 -4.05878 -7.42277 -6.79582 -8.14243 -5.30319 -7.89104 -8.72038 -4.13767 -8.89436 -7.16315 -7.80268 -5.51582 -7.89411 -8.63177 -4.15069 -8.25244 -7.01023 -7.89465 -5.4918 -7.92626 -8.67366 -4.23361 -8.39322 -6.98451 -7.64903 -5.65853 -7.94883 -8.68475 -3.09855 -8.29486 -6.49361 -9.53074 -3.68869 -7.60505 -8.74672 -2.2538 -8.1899
56.71 -5.76241 -9.99077 -6.38121 -8.49192 -9.18609 -3.84338 -7.50544 -8.06634 -7.18801 -5.37131 -8.12674 -8.5389 -4.06039 -7.44875 -6.79554 -8.14364 -5.30379 -7.8914 -8.72055 -4.13749 -8.89099 -7.16374 -7.80229 -5.51571 -7.89418 -8.63165 -4.15077 -8.25203 -7.01007 -7.89468 -5.49187 -7.92625 -8.67369 -4.2336 -8.39353 -6.98452 -7.64906 -5.65852 -7.94884 -8.68475 -3.09855 -8.2948 -6.49363 -9.53072 -3.68871 -7.60506 -8.74672 -2.2538 -8.1899
56.76 -5.80336 -9.95858 -6.31165 -8.50427 -9.17376 -3.84953 -7.52945 -8.05326 -7.18848 -5.37522 -8.10776 -8.5358 -4.06198 -7.47491 -6.79535 -8.14481 -5.30441 -7.89178 -8.7207 -4.13731 -8.8873 -7.16431 -7.80189 -5.51561 -7.89425 -8.63154 -4.15085 -8.25165 -7.0099 -7.89472 -5.49194 -7.92624 -8.67373 -4.23359 -8.39383 -6.98453 -7.64909 -5.65851 -7.94884 -8.68475 -3.09855 -8.29474 -6.49364 -9.5307 -3.68872 -7.60506 -8.74671 -2.2538 -8.18989
56.81 -5.84282 -9.9258 -6.24573 -8.51693 -9.16201 -3.85575 -7.55414 -8.03975 -7.18918 -5.37925 -8.09019 -8.53305 -4.06352 -7.50112 -6.79525 -8.14593 -5.30505 -7.89218 -8.72083 -4.13715 -8.8833 -7.16487 -7.80149 -5.51551 -7.89433 -8.63143 -4.15093 -8.2513 -7.00972 -7.89476 -5.49201 -7.92623 -8.67377 -4.23358 -8.39414 -6.98454 -7.64912 -5.6585 -7.94885 -8.68475 -3.09856 -8.29467 -6.49366 -9.53068 -3.68874 -7.60507 -8.74671 -2.25381 -8.18989
56.86 -5.88066 -9.89255 -6.18372 -8.52986 -9.15087 -3.862 -7.57942 -8.02585 -7.19012 -5.38339 -8.07405 -8.53068 -4.06503 -7.52729 -6.79524 -8.14701 -5.30571 -7.89259 -8.72095 -4.13699 -8.879 -7.16542 -7.80108 -5.51542 -7.89442 -8.63132 -4.15101 -8.25099 -7.00954 -7.89481 -5.49208 -7.92622 -8.67381 -4.23356 -8.39444 -6.98455 -7.64914 -5.65849 -7.94886 -8.68475 -3.09856 -8.29461 -6.49367 -9.53066 -3.68875 -7.60507 -8.7467 -2.25381 -8.18989
56.91 -5.91678 -9.85895 -6.12585 -8.54298 -9.1404 -3.86826 -7.60518 -8.01161 -7.19128 -5.38764 -8.05934 -8.52869 -4.06647 -7.5533 -6.79533 -8.14805 -5.30637 -7.89303 -8.72104 -4.13684 -8.87442 -7.16594 -7.80067 -5.51534 -7.8945 -8.63122 -4.15109 -8.25071 -7.00936 -7.89486 -5.49215 -7.92622 -8.67385 -4.23355 -8.39473 -6.98457 -7.64916 -5.65847 -7.94887 -8.68475 -3.09857 -8.29453 -6.49369 -9.53064 -3.68877 -7.60508 -8.7467 -2.25382 -8.18989
56.96 -5.95111 -9.82514 -6.07229 -8.55623 -9.1306 -3.87451 -7.63134 -7.99709 -7.19268 -5.39198 -8.04604 -8.52707 -4.06786 -7.57906 -6.79551 -8.14904 -5.30705 -7.89347 -8.72111 -4.13671 -8.86955 -7.16645 -7.80025 -5.51527 -7.89459 -8.63113 -4.15117 -8.25048 -7.00918 -7.89492 -5.49222 -7.92621 -8.67389 -4.23354 -8.39502 -6.98459 -7.64918 -5.65846 -7.94888 -8.68475 -3.09857 -8.29446 -6.4937 -9.53062 -3.68879 -7.60508 -8.7467 -2.25382 -8.18989
57.01 -5.9836 -9.79123 -6.02318 -8.56956 -9.1215 -3.88072 -7.65778 -7.98234 -7.19431 -5.3964 -8.03409 -8.52581 -4.06917 -7.60447 -6.79578 -8.14998 -5.30773 -7.89394 -8.72116 -4.13658 -8.86442 -7.16694 -7.79983 -5.51521 -7.89469 -8.63103 -4.15125 -8.25027 -7.009 -7.89498 -5.49228 -7.92621 -8.67394 -4.23352 -8.39531 -6.98461 -7.6492 -5.65845 -7.94888 -8.68475 -3.09858 -8.29439 -6.49371 -9.5306 -3.68881 -7.60509 -8.74669 -2.25382 -8.18989
57.06 -6.01423 -9.75733 -5.97859 -8.5829 -9.11309 -3.88687 -7.68442 -7.96741 -7.19618 -5.40089 -8.02347 -8.52491 -4.07042 -7.62944 -6.79615 -8.15086 -5.30841 -7.89441 -8.72118 -4.13646 -8.85903 -7.1674 -7.79941 -5.51515 -7.89478 -8.63095 -4.15133 -8.25011 -7.00881 -7.89505 -5.49235 -7.92621 -8.67398 -4.2335 -8.39559 -6.98463 -7.64922 -5.65843 -7.94889 -8.68474 -3.09859 -8.29431 -6.49372 -9.53058 -3.68883 -7.60509 -8.74669 -2.25383 -8.1899
57.11 -6.043 -9.72357 -5.93857 -8.59619 -9.10537 -3.89294 -7.71116 -7.95235 -7.19827 -5.40542 -8.01409 -8.52434 -4.07158 -7.65389 -6.79662 -8.15169 -5.30908 -7.89489 -8.72119 -4.13635 -8.85341 -7.16785 -7.799 -5.51511 -7.89488 -8.63087 -4.1514 -8.24998 -7.00863 -7.89512 -5.49241 -7.92621 -8.67402 -4.23349 -8.39587 -6.98466 -7.64924 -5.65842 -7.9489 -8.68474 -3.09859 -8.29423 -6.49373 -9.53056 -3.68885 -7.60509 -8.74669 -2.25383 -8.1899
57.16 -6.06992 -9.69002 -5.90311 -8.60938 -9.09832 -3.89892 -7.73792 -7.93721 -7.2006 -5.40998 -8.00591 -8.52408 -4.07267 -7.67775 -6.79718 -8.15246 -5.30975 -7.89538 -8.72117 -4.13626 -8.84756 -7.16827 -7.79858 -5.51507 -7.89498 -8.63079 -4.15147 -8.2499 -7.00844 -7.8952 -5.49247 -7.9262 -8.67407 -4.23347 -8.39613 -6.98469 -7.64925 -5.6584 -7.9489 -8.68473 -3.0986 -8.29415 -6.49374 -9.53055 -3.68887 -7.6051 -8.74669 -2.25383 -8.18991
57.21 -6.09502 -9.6568 -5.87219 -8.62243 -9.09192 -3.90478 -7.76462 -7.92203 -7.20314 -5.41456 -7.99885 -8.52413 -4.07368 -7.70094 -6.79784 -8.15317 -5.31041 -7.89588 -8.72112 -4.13617 -8.84151 -7.16866 -7.79816 -5.51504 -7.89507 -8.63072 -4.15155 -8.24985 -7.00825 -7.89529 -5.49253 -7.9262 -8.67411 -4.23345 -8.39639 -6.98472 -7.64926 -5.65839 -7.94891 -8.68473 -3.09861 -8.29407 -6.49375 -9.53053 -3.68889 -7.6051 -8.74669 -2.25383 -8.18991
57.26 -6.11832 -9.62397 -5.84573 -8.6353 -9.08616 -3.91052 -7.79118 -7.90687 -7.2059 -5.41915 -7.99285 -8.52446 -4.0746 -7.72342 -6.7986 -8.15382 -5.31106 -7.89639 -8.72105 -4.13609 -8.83526 -7.16904 -7.79775 -5.51502 -7.89517 -8.63065 -4.15161 -8.24985 -7.00806 -7.89537 -5.49258 -7.92621 -8.67416 -4.23343 -8.39665 -6.98475 -7.64928 -5.65837 -7.94891 -8.68472 -3.09862 -8.29399 -6.49376 -9.53051 -3.68891 -7.60511 -8.74668 -2.25384 -8.18992
57.31 -6.13987 -9.59162 -5.82365 -8.64793 -9.08099 -3.91611 -7.81753 -7.89175 -7.20888 -5.42372 -7.98784 -8.52504 -4.07543 -7.74513 -6.79945 -8.1544 -5.31169 -7.89689 -8.72096 -4.13603 -8.82885 -7.16939 -7.79734 -5.51501 -7.89527 -8.63059 -4.15168 -8.24989 -7.00788 -7.89546 -5.49263 -7.92621 -8.6742 -4.23341 -8.39689 -6.98479 -7.64928 -5.65835 -7.94892 -8.68471 -3.09863 -8.29391 -6.49376 -9.53049 -3.68893 -7.60511 -8.74668 -2.25384 -8.18993
57.36 -6.15972 -9.55981 -5.80583 -8.66031 -9.0764 -3.92156 -7.84361 -7.87672 -7.21207 -5.42828 -7.98377 -8.52587 -4.07618 -7.76603 -6.80039 -8.15492 -5.3123 -7.8974 -8.72084 -4.13598 -8.82228 -7.16971 -7.79693 -5.51501 -7.89537 -8.63054 -4.15175 -8.24996 -7.00769 -7.89556 -5.49268 -7.92621 -8.67425 -4.23339 -8.39713 -6.98483 -7.64929 -5.65833 -7.94892 -8.68471 -3.09864 -8.29382 -6.49377 -9.53047 -3.68895 -7.60511 -8.74668 -2.25384 -8.18994
57.41 -6.1779 -9.52861 -5.79215 -8.67241 -9.07236 -3.92685 -7.86935 -7.86182 -7.21546 -5.43279 -7.98056 -8.52692 -4.07684 -7.78609 -6.80143 -8.15538 -5.31288 -7.89791 -8.7207 -4.13594 -8.81558 -7.17 -7.79653 -5.51501 -7.89547 -8.63049 -4.15181 -8.25008 -7.00751 -7.89566 -5.49273 -7.92621 -8.67429 -4.23337 -8.39736 -6.98487 -7.6493 -5.65832 -7.94893 -8.6847 -3.09865 -8.29374 -6.49377 -9.53046 -3.68897 -7.60512 -8.74668 -2.25385 -8.18995
57.46 -6.19447 -9.49807 -5.78248 -8.6842 -9.06883 -3.93198 -7.89471 -7.84708 -7.21904 -5.43726 -7.97818 -8.52817 -4.07742 -7.80528 -6.80256 -8.15576 -5.31345 -7.89842 -8.72053 -4.13591 -8.80877 -7.17026 -7.79613 -5.51503 -7.89556 -8.63044 -4.15187 -8.25025 -7.00732 -7.89576 -5.49278 -7.92622 -8.67434 -4.23335 -8.39757 -6.98491 -7.6493 -5.6583 -7.94893 -8.68469 -3.09866 -8.29365 -6.49378 -9.53044 -3.68899 -7.60512 -8.74668 -2.25385 -8.18996
57.51 -6.20947 -9.46823 -5.77667 -8.69566 -9.0658 -3.93693 -7.91963 -7.83253 -7.22281 -5.44166 -7.97657 -8.52961 -4.07792 -7.82357 -6.80378 -8.15608 -5.31399 -7.89893 -8.72034 -4.13589 -8.80186 -7.1705 -7.79574 -5.51506 -7.89566 -8.63041 -4.15192 -8.25045 -7.00714 -7.89586 -5.49282 -7.92622 -8.67438 -4.23333 -8.39778 -6.98495 -7.6493 -5.65828 -7.94893 -8.68468 -3.09868 -8.29356 -6.49378 -9.53042 -3.68902 -7.60512 -8.74668 -2.25385 -8.18998
57.56 -6.22294 -9.43915 -5.77457 -8.70678 -9.06323 -3.9417 -7.94407 -7.8182 -7.22676 -5.44599 -7.97568 -8.53122 -4.07834 -7.84095 -6.80508 -8.15633 -5.3145 -7.89943 -8.72012 -4.13589 -8.79487 -7.17071 -7.79536 -5.51509 -7.89575 -8.63038 -4.15198 -8.2507 -7.00696 -7.89597 -5.49286 -7.92623 -8.67443 -4.23331 -8.39797 -6.98499 -7.6493 -5.65826 -7.94894 -8.68467 -3.09869 -8.29348 -6.49378 -9.53041 -3.68904 -7.60513 -8.74668 -2.25385 -8.18999
57.61 -6.23493 -9.41086 -5.77602 -8.71756 -9.06111 -3.9463 -7.96799 -7.80411 -7.23088 -5.45023 -7.97549 -8.53298 -4.07867 -7.85741 -6.80647 -8.1565 -5.31499 -7.89992 -8.71988 -4.1359 -8.78782 -7.17088 -7.79498 -5.51513 -7.89584 -8.63035 -4.15203 -8.25098 -7.00678 -7.89609 -5.49289 -7.92624 -8.67447 -4.23328 -8.39816 -6.98504 -7.6493 -5.65824 -7.94894 -8.68466 -3.0987 -8.29339 -6.49378 -9.53039 -3.68906 -7.60513 -8.74668 -2.25386 -8.19001
57.66 -6.24548 -9.38339 -5.78087 -8.72798 -9.05942 -3.95071 -7.99137 -7.7903 -7.23517 -5.45439 -7.97595 -8.53489 -4.07893 -7.87293 -6.80794 -8.1566 -5.31545 -7.90041 -8.71962 -4.13592 -8.78073 -7.17103 -7.79462 -5.51518 -7.89593 -8.63033 -4.15208 -8.25131 -7.00661 -7.8962 -5.49293 -7.92624 -8.67452 -4.23326 -8.39833 -6.98509 -7.64929 -5.65822 -7.94894 -8.68465 -3.09872 -8.2933 -6.49378 -9.53038 -3.68908 -7.60513 -8.74668 -2.25386 -8.19002
57.71 -6.25462 -9.35678 -5.78899 -8.73804 -9.05813 -3.95493 -8.01415 -7.77677 -7.2396 -5.45843 -7.97704 -8.53693 -4.07911 -7.88752 -6.80949 -8.15663 -5.31588 -7.90088 -8.71933 -4.13595 -8.77361 -7.17114 -7.79426 -5.51524 -7.89602 -8.63032 -4.15212 -8.25168 -7.00644 -7.89632 -5.49296 -7.92625 -8.67456 -4.23324 -8.39849 -6.98514 -7.64929 -5.6582 -7.94894 -8.68464 -3.09873 -8.29322 -6.49378 -9.53037 -3.68911 -7.60514 -8.74668 -2.25386 -8.19004
57.76 -6.26239 -9.33104 -5.80021 -8.74774 -9.05724 -3.95897 -8.03632 -7.76355 -7.24419 -5.46237 -7.97873 -8.53909 -4.07922 -7.90116 -6.81112 -8.15659 -5.31628 -7.90135 -8.71902 -4.136 -8.76649 -7.17122 -7.79391 -5.51531 -7.8961 -8.63031 -4.15216 -8.2521 -7.00627 -7.89644 -5.49298 -7.92626 -8.6746 -4.23321 -8.39864 -6.98519 -7.64928 -5.65818 -7.94895 -8.68463 -3.09874 -8.29313 -6.49378 -9.53035 -3.68913 -7.60514 -8.74668 -2.25386 -8.19005
57.81 -6.26881 -9.30621 -5.81441 -8.75708 -9.05672 -3.96281 -8.05786 -7.75067 -7.2489 -5.46619 -7.981 -8.54135 -4.07926 -7.91387 -6.81281 -8.15647 -5.31665 -7.90181 -8.71869 -4.13606 -8.75938 -7.17127 -7.79358 -5.51539 -7.89618 -8.63031 -4.1522 -8.25255 -7.00611 -7.89656 -5.49301 -7.92627 -8.67464 -4.23319 -8.39878 -6.98524 -7.64927 -5.65816 -7.94895 -8.68462 -3.09876 -8.29305 -6.49377 -9.53034 -3.68915 -7.60514 -8.74668 -2.25386 -8.19007
57.86 -6.2739 -9.28231 -5.83145 -8.76607 -9.05656 -3.96647 -8.07872 -7.73813 -7.25374 -5.46989 -7.98384 -8.54372 -4.07923 -7.92564 -6.81458 -8.15629 -5.317 -7.90225 -8.71834 -4.13613 -8.75229 -7.17129 -7.79326 -5.51548 -7.89626 -8.63032 -4.15224 -8.25304 -7.00595 -7.89668 -5.49303 -7.92628 -8.67468 -4.23317 -8.3989 -6.98529 -7.64926 -5.65815 -7.94895 -8.6846 -3.09877 -8.29296 -6.49377 -9.53033 -3.68917 -7.60514 -8.74668 -2.25386 -8.19009
57.91 -6.2777 -9.25936 -5.85121 -8.77471 -9.05676 -3.96993 -8.09891 -7.72595 -7.25869 -5.47345 -7.98723 -8.54618 -4.07914 -7.93647 -6.81641 -8.15602 -5.31731 -7.90269 -8.71797 -4.13621 -8.74525 -7.17128 -7.79295 -5.51557 -7.89633 -8.63033 -4.15227 -8.25357 -7.0058 -7.8968 -5.49305 -7.9263 -8.67472 -4.23314 -8.39901 -6.98534 -7.64925 -5.65813 -7.94895 -8.68459 -3.09879 -8.29288 -6.49376 -9.53032 -3.68919 -7.60514 -8.74669 -2.25387 -8.19011
57.96 -6.28021 -9.23737 -5.87358 -8.783 -9.0573 -3.97319 -8.11839 -7.71415 -7.26375 -5.47687 -7.99117 -8.54873 -4.07898 -7.94637 -6.8183 -8.15569 -5.3176 -7.90311 -8.71758 -4.13631 -8.73826 -7.17123 -7.79265 -5.51568 -7.89641 -8.63035 -4.1523 -8.25414 -7.00565 -7.89693 -5.49306 -7.92631 -8.67476 -4.23312 -8.3991 -6.9854 -7.64923 -5.65811 -7.94895 -8.68458 -3.0988 -8.2928 -6.49376 -9.53031 -3.68921 -7.60515 -8.74669 -2.25387 -8.19013
58.01 -6.28144 -9.21636 -5.89846 -8.79095 -9.05819 -3.97626 -8.13715 -7.70274 -7.26889 -5.48015 -7.99565 -8.55136 -4.07876 -7.95536 -6.82025 -8.15528 -5.31787 -7.90351 -8.71717 -4.13642 -8.73134 -7.17115 -7.79237 -5.51579 -7.89648 -8.63037 -4.15233 -8.25475 -7.00551 -7.89705 -5.49307 -7.92632 -8.6748 -4.23309 -8.39919 -6.98545 -7.64921 -5.65809 -7.94895 -8.68457 -3.09882 -8.29272 -6.49375 -9.5303 -3.68924 -7.60515 -8.74669 -2.25387 -8.19015
58.06 -6.28142 -9.19635 -5.92574 -8.79857 -9.05941 -3.97913 -8.15516 -7.69173 -7.27412 -5.48328 -8.00067 -8.55406 -4.07849 -7.96342 -6.82225 -8.15479 -5.3181 -7.9039 -8.71674 -4.13654 -8.7245 -7.17104 -7.7921 -5.51591 -7.89655 -8.63041 -4.15235 -8.25539 -7.00537 -7.89718 -5.49308 -7.92634 -8.67484 -4.23307 -8.39925 -6.98551 -7.6492 -5.65807 -7.94895 -8.68455 -3.09883 -8.29264 -6.49374 -9.53029 -3.68926 -7.60515 -8.74669 -2.25387 -8.19017
58.11 -6.28014 -9.17736 -5.95535 -8.80586 -9.06097 -3.98181 -8.17243 -7.68113 -7.27942 -5.48626 -8.00624 -8.55684 -4.07816 -7.97058 -6.8243 -8.15424 -5.31832 -7.90427 -8.71629 -4.13667 -8.71776 -7.17089 -7.79185 -5.51603 -7.89661 -8.63045 -4.15236 -8.25606 -7.00524 -7.89731 -5.49308 -7.92635 -8.67488 -4.23305 -8.39931 -6.98556 -7.64918 -5.65805 -7.94894 -8.68454 -3.09885 -8.29256 -6.49373 -9.53028 -3.68928 -7.60515 -8.7467 -2.25387 -8.19019
58.16 -6.27761 -9.1594 -5.98721 -8.81284 -9.06286 -3.98428 -8.18892 -7.67097 -7.28478 -5.48908 -8.01235 -8.55969 -4.07777 -7.97684 -6.82639 -8.15362 -5.31851 -7.90463 -8.71583 -4.13681 -8.71113 -7.17071 -7.79161 -5.51617 -7.89667 -8.63049 -4.15238 -8.25677 -7.00512 -7.89743 -5.49308 -7.92637 -8.67491 -4.23302 -8.39934 -6.98562 -7.64915 -5.65803 -7.94894 -8.68452 -3.09886 -8.29248 -6.49372 -9.53027 -3.6893 -7.60515 -8.7467 -2.25387 -8.19022
58.21 -6.27382 -9.14249 -6.02127 -8.81951 -9.06509 -3.98655 -8.20463 -7.66124 -7.29019 -5.49174 -8.01902 -8.5626 -4.07734 -7.9822 -6.82852 -8.15293 -5.31867 -7.90497 -8.71536 -4.13696 -8.70462 -7.17051 -7.79139 -5.51631 -7.89673 -8.63054 -4.15239 -8.25751 -7.005 -7.89756 -5.49308 -7.92639 -8.67494 -4.233 -8.39937 -6.98568 -7.64913 -5.65801 -7.94894 -8.68451 -3.09888 -8.29241 -6.49371 -9.53027 -3.68932 -7.60515 -8.7467 -2.25387 -8.19024
58.26 -6.26877 -9.12664 -6.05746 -8.82588 -9.06766 -3.98863 -8.21953 -7.65196 -7.29563 -5.49424 -8.02625 -8.56558 -4.07686 -7.98667 -6.83068 -8.15217 -5.31882 -7.9053 -8.71487 -4.13713 -8.69825 -7.17026 -7.79119 -5.51646 -7.89679 -8.6306 -4.1524 -8.25829 -7.00489 -7.89769 -5.49308 -7.9264 -8.67498 -4.23298 -8.39938 -6.98573 -7.64911 -5.65799 -7.94894 -8.6845 -3.0989 -8.29234 -6.4937 -9.53026 -3.68934 -7.60515 -8.74671 -2.25387 -8.19026
58.31 -6.26244 -9.11188 -6.09576 -8.83196 -9.07057 -3.99049 -8.23362 -7.64314 -7.3011 -5.49657 -8.03407 -8.56862 -4.07633 -7.99026 -6.83288 -8.15134 -5.31894 -7.9056 -8.71437 -4.1373 -8.69201 -7.16999 -7.791 -5.51661 -7.89685 -8.63067 -4.1524 -8.25909 -7.00479 -7.89781 -5.49307 -7.92642 -8.67501 -4.23295 -8.39937 -6.98579 -7.64908 -5.65797 -7.94893 -8.68448 -3.09891 -8.29227 -6.49369 -9.53026 -3.68935 -7.60515 -8.74671 -2.25387 -8.19028
58.36 -6.25482 -9.09821 -6.13613 -8.83776 -9.07383 -3.99215 -8.24689 -7.63478 -7.30658 -5.49873 -8.04249 -8.57173 -4.07575 -7.99297 -6.8351 -8.15045 -5.31905 -7.90589 -8.71386 -4.13749 -8.68593 -7.16969 -7.79083 -5.51677 -7.8969 -8.63074 -4.1524 -8.25992 -7.00469 -7.89794 -5.49305 -7.92644 -8.67503 -4.23293 -8.39935 -6.98585 -7.64905 -5.65796 -7.94893 -8.68447 -3.09893 -8.2922 -6.49367 -9.53026 -3.68937 -7.60515 -8.74671 -2.25387 -8.19031
58.41 -6.2459 -9.08567 -6.17855 -8.84327 -9.07745 -3.9936 -8.2593 -7.62691 -7.31207 -5.50072 -8.05153 -8.5749 -4.07513 -7.9948 -6.83734 -8.1495 -5.31913 -7.90616 -8.71334 -4.13768 -8.68002 -7.16936 -7.79068 -5.51694 -7.89695 -8.63081 -4.15239 -8.26077 -7.00461 -7.89806 -5.49304 -7.92646 -8.67506 -4.23291 -8.39932 -6.9859 -7.64902 -5.65794 -7.94893 -8.68445 -3.09894 -8.29214 -6.49366 -9.53025 -3.68939 -7.60515 -8.74672 -2.25387 -8.19033
58.46 -6.23565 -9.07426 -6.22303 -8.84852 -9.08144 -3.99484 -8.27085 -7.61953 -7.31754 -5.50254 -8.06121 -8.57814 -4.07447 -7.99576 -6.8396 -8.14848 -5.3192 -7.90641 -8.71281 -4.13789 -8.67427 -7.16899 -7.79055 -5.51711 -7.897 -8.6309 -4.15239 -8.26165 -7.00453 -7.89818 -5.49302 -7.92648 -8.67509 -4.23289 -8.39926 -6.98596 -7.64899 -5.65792 -7.94892 -8.68444 -3.09896 -8.29207 -6.49364 -9.53025 -3.68941 -7.60515 -8.74672 -2.25387 -8.19036
58.51 -6.22404 -9.06401 -6.26956 -8.8535 -9.08581 -3.99587 -8.28153 -7.61265 -7.323 -5.50418 -8.07157 -8.58145 -4.07377 -7.99585 -6.84187 -8.14741 -5.31925 -7.90664 -8.71227 -4.1381 -8.66871 -7.1686 -7.79044 -5.51729 -7.89705 -8.63099 -4.15237 -8.26255 -7.00445 -7.89831 -5.493 -7.9265 -8.67511 -4.23287 -8.3992 -6.98602 -7.64896 -5.65791 -7.94892 -8.68442 -3.09897 -8.29202 -6.49363 -9.53025 -3.68942 -7.60515 -8.74673 -2.25387 -8.19038
58.56 -6.21104 -9.05495 -6.31815 -8.85823 -9.09058 -3.99667 -8.2913 -7.60628 -7.32842 -5.50564 -8.08263 -8.58483 -4.07303 -7.99506 -6.84414 -8.14628 -5.31929 -7.90686 -8.71173 -4.13832 -8.66334 -7.16818 -7.79035 -5.51748 -7.89709 -8.63108 -4.15236 -8.26346 -7.00439 -7.89842 -5.49297 -7.92652 -8.67513 -4.23285 -8.39912 -6.98607 -7.64893 -5.65789 -7.94891 -8.68441 -3.09899 -8.29196 -6.49361 -9.53025 -3.68944 -7.60515 -8.74673 -2.25387 -8.1904
58.61 -6.19662 -9.04711 -6.36885 -8.8627 -9.09576 -3.99726 -8.30016 -7.60044 -7.3338 -5.50693 -8.09442 -8.58828 -4.07225 -7.9934 -6.84641 -8.14509 -5.31931 -7.90705 -8.71118 -4.13855 -8.65817 -7.16774 -7.79028 -5.51767 -7.89713 -8.63118 -4.15234 -8.2644 -7.00433 -7.89854 -5.49294 -7.92654 -8.67515 -4.23283 -8.39902 -6.98612 -7.6489 -5.65788 -7.94891 -8.6844 -3.099 -8.29191 -6.49359 -9.53025 -3.68945 -7.60515 -8.74674 -2.25387 -8.19043
58.66 -6.18073 -9.0405 -6.42168 -8.86693 -9.10136 -3.99762 -8.30809 -7.59513 -7.33912 -5.50803 -8.10698 -8.59181 -4.07143 -7.99085 -6.84868 -8.14386 -5.31931 -7.90722 -8.71063 -4.13879 -8.65321 -7.16726 -7.79023 -5.51786 -7.89717 -8.63129 -4.15231 -8.26535 -7.00429 -7.89865 -5.49291 -7.92656 -8.67517 -4.23281 -8.39891 -6.98618 -7.64886 -5.65786 -7.9489 -8.68438 -3.09902 -8.29186 -6.49358 -9.53025 -3.68946 -7.60515 -8.74674 -2.25387 -8.19045
58.71 -6.16333 -9.03517 -6.47669 -8.87091 -9.10741 -3.99775 -8.31505 -7.59037 -7.34437 -5.50895 -8.12036 -8.59542 -4.07057 -7.98742 -6.85094 -8.14257 -5.3193 -7.90737 -8.71007 -4.13904 -8.64846 -7.16676 -7.79019 -5.51806 -7.89721 -8.6314 -4.15229 -8.26632 -7.00425 -7.89876 -5.49287 -7.92658 -8.67519 -4.23279 -8.39879 -6.98623 -7.64883 -5.65785 -7.9489 -8.68437 -3.09903 -8.29181 -6.49356 -9.53026 -3.68948 -7.60515 -8.74675 -2.25387 -8.19047
58.76 -6.14437 -9.03114 -6.53394 -8.87464 -9.11392 -3.99764 -8.32103 -7.58618 -7.34954 -5.50969 -8.13458 -8.59913 -4.06967 -7.98309 -6.85319 -8.14123 -5.31928 -7.90751 -8.70952 -4.13929 -8.64393 -7.16624 -7.79018 -5.51826 -7.89725 -8.63152 -4.15225 -8.2673 -7.00422 -7.89887 -5.49284 -7.9266 -8.6752 -4.23277 -8.39865 -6.98628 -7.64879 -5.65783 -7.94889 -8.68435 -3.09904 -8.29177 -6.49354 -9.53026 -3.68949 -7.60514 -8.74675 -2.25386 -8.1905
58.81 -6.1238 -9.02845 -6.59349 -8.87814 -9.12093 -3.99729 -8.326 -7.58256 -7.35462 -5.51024 -8.1497 -8.60292 -4.06874 -7.97786 -6.85541 -8.13986 -5.31924 -7.90762 -8.70896 -4.13954 -8.63964 -7.1657 -7.79019 -5.51846 -7.89728 -8.63164 -4.15222 -8.26829 -7.0042 -7.89898 -5.4928 -7.92663 -8.67521 -4.23275 -8.3985 -6.98633 -7.64875 -5.65782 -7.94888 -8.68434 -3.09906 -8.29173 -6.49352 -9.53027 -3.6895 -7.60514 -8.74676 -2.25386 -8.19052
58.86 -6.10157 -9.02714 -6.65543 -8.88139 -9.12844 -3.9967 -8.32994 -7.57954 -7.35959 -5.5106 -8.16575 -8.60681 -4.06777 -7.97171 -6.85761 -8.13844 -5.31919 -7.90771 -8.7084 -4.13981 -8.63558 -7.16513 -7.79022 -5.51867 -7.89731 -8.63177 -4.15218 -8.26929 -7.00419 -7.89908 -5.49275 -7.92665 -8.67522 -4.23274 -8.39834 -6.98638 -7.64871 -5.65781 -7.94888 -8.68433 -3.09907 -8.2917 -6.4935 -9.53027 -3.68951 -7.60514 -8.74676 -2.25386 -8.19055
58.91 -6.07762 -9.02726 -6.71982 -8.88441 -9.13649 -3.99585 -8.3328 -7.57713 -7.36445 -5.51077 -8.18278 -8.61081 -4.06676 -7.96463 -6.85979 -8.13698 -5.31912 -7.90778 -8.70785 -4.14007 -8.63177 -7.16454 -7.79026 -5.51887 -7.89734 -8.6319 -4.15214 -8.27029 -7.00418 -7.89917 -5.49271 -7.92667 -8.67523 -4.23272 -8.39816 -6.98643 -7.64868 -5.6578 -7.94887 -8.68431 -3.09908 -8.29167 -6.49348 -9.53028 -3.68952 -7.60514 -8.74677 -2.25386 -8.19057
58.96 -6.05189 -9.02884 -6.78675 -8.88717 -9.1451 -3.99474 -8.33457 -7.57534 -7.36917 -5.51075 -8.20083 -8.61492 -4.06571 -7.95659 -6.86192 -8.13549 -5.31904 -7.90782 -8.7073 -4.14035 -8.62821 -7.16393 -7.79033 -5.51908 -7.89737 -8.63203 -4.15209 -8.27129 -7.00419 -7.89927 -5.49266 -7.92669 -8.67523 -4.23271 -8.39797 -6.98648 -7.64864 -5.65779 -7.94886 -8.6843 -3.0991 -8.29164 -6.49346 -9.53028 -3.68952 -7.60513 -8.74677 -2.25386 -8.19059
59.01 -6.02434 -9.03193 -6.85632 -8.88968 -9.15429 -3.99337 -8.3352 -7.5742 -7.37376 -5.51054 -8.21995 -8.61915 -4.06461 -7.94759 -6.86402 -8.13397 -5.31894 -7.90785 -8.70676 -4.14062 -8.62492 -7.1633 -7.79042 -5.5193 -7.8974 -8.63217 -4.15205 -8.2723 -7.00421 -7.89936 -5.4926 -7.92671 -8.67524 -4.23269 -8.39776 -6.98652 -7.6486 -5.65778 -7.94885 -8.68429 -3.09911 -8.29161 -6.49344 -9.53029 -3.68953 -7.60513 -8.74678 -2.25385 -8.19061
59.06 -5.99491 -9.03659 -6.92859 -8.89194 -9.16409 -3.99172 -8.33467 -7.57373 -7.37819 -5.51013 -8.24016 -8.62349 -4.06348 -7.9376 -6.86607 -8.13241 -5.31883 -7.90785 -8.70622 -4.1409 -8.62189 -7.16266 -7.79053 -5.51951 -7.89742 -8.63232 -4.15199 -8.2733 -7.00423 -7.89944 -5.49255 -7.92674 -8.67524 -4.23268 -8.39755 -6.98656 -7.64856 -5.65777 -7.94885 -8.68427 -3.09912 -8.29159 -6.49342 -9.5303 -3.68954 -7.60513 -8.74678 -2.25385 -8.19064
59.11 -5.96357 -9.04286 -7.00365 -8.89392 -9.17452 -3.98978 -8.33292 -7.57394 -7.38245 -5.50951 -8.26149 -8.62796 -4.06231 -7.92661 -6.86807 -8.13084 -5.3187 -7.90783 -8.70569 -4.14118 -8.61914 -7.162 -7.79066 -5.51972 -7.89744 -8.63246 -4.15194 -8.2743 -7.00426 -7.89952 -5.49249 -7.92676 -8.67524 -4.23267 -8.39732 -6.9866 -7.64852 -5.65776 -7.94884 -8.68426 -3.09913 -8.29158 -6.4934 -9.53031 -3.68954 -7.60513 -8.74679 -2.25385 -8.19066
59.16 -5.93027 -9.05079 -7.08156 -8.89563 -9.1856 -3.98755 -8.32993 -7.57486 -7.38653 -5.5087 -8.28396 -8.63256 -4.06109 -7.91458 -6.87002 -8.12924 -5.31855 -7.90778 -8.70517 -4.14146 -8.61668 -7.16132 -7.79081 -5.51993 -7.89746 -8.63261 -4.15188 -8.2753 -7.00431 -7.8996 -5.49244 -7.92678 -8.67523 -4.23266 -8.39708 -6.98664 -7.64848 -5.65775 -7.94883 -8.68425 -3.09914 -8.29157 -6.49338 -9.53032 -3.68955 -7.60512 -8.7468 -2.25385 -8.19068
59.21 -5.89501 -9.06045 -7.16238 -8.89703 -9.19733 -3.98502 -8.32566 -7.57651 -7.39042 -5.50769 -8.30757 -8.63728 -4.05982 -7.90151 -6.8719 -8.12762 -5.31838 -7.90772 -8.70466 -4.14174 -8.61451 -7.16063 -7.79097 -5.52015 -7.89747 -8.63276 -4.15182 -8.27628 -7.00436 -7.89967 -5.49237 -7.9268 -8.67523 -4.23265 -8.39683 -6.98668 -7.64844 -5.65775 -7.94882 -8.68424 -3.09915 -8.29156 -6.49335 -9.53033 -3.68955 -7.60512 -8.7468 -2.25385 -8.1907
59.26 -5.85779 -9.07186 -7.24612 -8.89812 -9.20973 -3.98219 -8.32005 -7.5789 -7.3941 -5.50646 -8.33229 -8.64212 -4.05851 -7.88737 -6.87371 -8.12599 -5.3182 -7.90762 -8.70416 -4.14203 -8.61264 -7.15993 -7.79116 -5.52036 -7.89748 -8.63292 -4.15175 -8.27726 -7.00442 -7.89973 -5.49231 -7.92682 -8.67522 -4.23264 -8.39657 -6.98672 -7.64839 -5.65774 -7.94881 -8.68423 -3.09916 -8.29156 -6.49333 -9.53035 -3.68955 -7.60512 -8.74681 -2.25384 -8.19072
59.31 -5.81864 -9.08509 -7.33278 -8.89886 -9.22278 -3.97903 -8.31308 -7.58207 -7.39757 -5.50503 -8.35809 -8.64708 -4.05716 -7.87214 -6.87546 -8.12434 -5.31799 -7.90751 -8.70367 -4.14231 -8.61108 -7.15923 -7.79137 -5.52057 -7.89749 -8.63307 -4.15169 -8.27822 -7.00449 -7.89979 -5.49225 -7.92685 -8.67521 -4.23263 -8.3963 -6.98675 -7.64835 -5.65774 -7.9488 -8.68422 -3.09917 -8.29156 -6.49331 -9.53036 -3.68955 -7.60511 -8.74681 -2.25384 -8.19074
59.36 -5.77763 -9.10016 -7.42229 -8.89922 -9.23648 -3.97556 -8.30471 -7.58603 -7.4008 -5.50339 -8.38489 -8.65214 -4.05575 -7.85581 -6.87713 -8.12269 -5.31776 -7.90737 -8.7032 -4.1426 -8.60984 -7.15851 -7.79159 -5.52077 -7.89749 -8.63323 -4.15162 -8.27917 -7.00456 -7.89985 -5.49218 -7.92687 -8.6752 -4.23262 -8.39602 -6.98678 -7.64831 -5.65773 -7.94879 -8.68421 -3.09918 -8.29156 -6.49329 -9.53037 -3.68955 -7.60511 -8.74682 -2.25384 -8.19076
59.41 -5.73485 -9.11712 -7.51456 -8.89918 -9.25079 -3.97176 -8.2949 -7.5908 -7.40379 -5.50153 -8.4126 -8.65728 -4.0543 -7.83838 -6.87871 -8.12104 -5.3175 -7.9072 -8.70274 -4.14288 -8.60893 -7.15778 -7.79183 -5.52098 -7.89749 -8.63339 -4.15155 -8.28009 -7.00465 -7.89989 -5.49211 -7.92689 -8.67519 -4.23262 -8.39573 -6.98681 -7.64827 -5.65773 -7.94879 -8.6842 -3.09918 -8.29157 -6.49327 -9.53039 -3.68955 -7.6051 -8.74683 -2.25383 -8.19077
59.46 -5.69043 -9.13598 -7.60942 -8.8987 -9.26566 -3.96763 -8.28364 -7.5964 -7.40652 -5.49945 -8.44107 -8.66248 -4.0528 -7.81985 -6.88021 -8.11939 -5.31722 -7.90701 -8.70229 -4.14316 -8.60836 -7.15706 -7.79209 -5.52118 -7.89748 -8.63355 -4.15147 -8.281 -7.00474 -7.89994 -5.49204 -7.92691 -8.67517 -4.23261 -8.39544 -6.98683 -7.64823 -5.65773 -7.94878 -8.68419 -3.09919 -8.29158 -6.49325 -9.5304 -3.68955 -7.6051 -8.74683 -2.25383 -8.19079
59.51 -5.64458 -9.15674 -7.70662 -8.89772 -9.28103 -3.96318 -8.27089 -7.60284 -7.40899 -5.49716 -8.47013 -8.66771 -4.05126 -7.80023 -6.88161 -8.11774 -5.31691 -7.90679 -8.70187 -4.14344 -8.60813 -7.15632 -7.79237 -5.52138 -7.89747 -8.63371 -4.1514 -8.28189 -7.00485 -7.89998 -5.49197 -7.92693 -8.67515 -4.23261 -8.39513 -6.98686 -7.6482 -5.65773 -7.94877 -8.68418 -3.0992 -8.2916 -6.49323 -9.53042 -3.68954 -7.6051 -8.74684 -2.25383 -8.19081
59.56 -5.5975 -9.17939 -7.80585 -8.89619 -9.29681 -3.9584 -8.25665 -7.61013 -7.41117 -5.49465 -8.49957 -8.67293 -4.04968 -7.77953 -6.88292 -8.1161 -5.31658 -7.90655 -8.70146 -4.14371 -8.60825 -7.15559 -7.79266 -5.52157 -7.89745 -8.63386 -4.15132 -8.28275 -7.00496 -7.90001 -5.4919 -7.92695 -8.67513 -4.23261 -8.39483 -6.98688 -7.64816 -5.65773 -7.94876 -8.68417 -3.0992 -8.29162 -6.4932 -9.53043 -3.68954 -7.60509 -8.74684 -2.25382 -8.19082
59.61 -5.54948 -9.20391 -7.90673 -8.89408 -9.31289 -3.9533 -8.24092 -7.61827 -7.41306 -5.49191 -8.52916 -8.6781 -4.04806 -7.7578 -6.88412 -8.11447 -5.31621 -7.90628 -8.70107 -4.14398 -8.60874 -7.15485 -7.79297 -5.52177 -7.89743 -8.63402 -4.15124 -8.28358 -7.00507 -7.90003 -5.49183 -7.92697 -8.67511 -4.23261 -8.39451 -6.9869 -7.64812 -5.65773 -7.94875 -8.68417 -3.0992 -8.29165 -6.49318 -9.53045 -3.68953 -7.60509 -8.74685 -2.25382 -8.19084
59.66 -5.50082 -9.23024 -8.00878 -8.89131 -9.32917 -3.9479 -8.22372 -7.62726 -7.41466 -5.48896 -8.55863 -8.68316 -4.0464 -7.73508 -6.88522 -8.11286 -5.31581 -7.90598 -8.7007 -4.14425 -8.60959 -7.15412 -7.79329 -5.52195 -7.89741 -8.63418 -4.15116 -8.28439 -7.0052 -7.90005 -5.49175 -7.92698 -8.67509 -4.23261 -8.39419 -6.98691 -7.64808 -5.65773 -7.94874 -8.68416 -3.09921 -8.29168 -6.49316 -9.53046 -3.68953 -7.60508 -8.74685 -2.25382 -8.19085
59.71 -5.45186 -9.2583 -8.11146 -8.88784 -9.34549 -3.94221 -8.20509 -7.63708 -7.41594 -5.48579 -8.58771 -8.68807 -4.04472 -7.71144 -6.8862 -8.11127 -5.31538 -7.90566 -8.70036 -4.14451 -8.61082 -7.15339 -7.79363 -5.52213 -7.89738 -8.63434 -4.15107 -8.28516 -7.00533 -7.90007 -5.49168 -7.927 -8.67506 -4.23261 -8.39386 -6.98693 -7.64804 -5.65773 -7.94873 -8.68415 -3.09921 -8.29171 -6.49314 -9.53048 -3.68952 -7.60508 -8.74686 -2.25381 -8.19086
59.76 -5.40296 -9.28799 -8.21417 -8.88361 -9.36172 -3.93625 -8.18506 -7.64772 -7.4169 -5.4824 -8.61612 -8.69278 -4.04302 -7.68697 -6.88707 -8.10971 -5.31492 -7.90531 -8.70004 -4.14476 -8.61243 -7.15267 -7.79398 -5.52231 -7.89734 -8.63449 -4.15099 -8.2859 -7.00547 -7.90008 -5.4916 -7.92702 -8.67503 -4.23261 -8.39354 -6.98694 -7.64801 -5.65773 -7.94872 -8.68415 -3.09921 -8.29175 -6.49312 -9.5305 -3.68951 -7.60507 -8.74686 -2.25381 -8.19087
59.81 -5.35446 -9.31919 -8.31625 -8.87856 -9.3777 -3.93005 -8.1637 -7.65915 -7.41754 -5.47881 -8.6436 -8.69723 -4.04131 -7.66175 -6.88782 -8.10817 -5.31443 -7.90493 -8.69974 -4.14501 -8.61442 -7.15196 -7.79434 -5.52248 -7.8973 -8.63464 -4.1509 -8.2866 -7.00562 -7.90008 -5.49153 -7.92704 -8.675 -4.23262 -8.3932 -6.98695 -7.64797 -5.65774 -7.94871 -8.68414 -3.09922 -8.29179 -6.4931 -9.53052 -3.6895 -7.60507 -8.74687 -2.25381 -8.19088
59.86 -5.30671 -9.35176 -8.41705 -8.87267 -9.39329 -3.92364 -8.14111 -7.67132 -7.41785 -5.47502 -8.6699 -8.70137 -4.0396 -7.6359 -6.88844 -8.10667 -5.31391 -7.90453 -8.69947 -4.14525 -8.6168 -7.15125 -7.79472 -5.52264 -7.89725 -8.63479 -4.15082 -8.28726 -7.00577 -7.90007 -5.49145 -7.92705 -8.67497 -4.23262 -8.39287 -6.98695 -7.64794 -5.65774 -7.9487 -8.68414 -3.09922 -8.29183 -6.49308 -9.53054 -3.68949 -7.60506 -8.74687 -2.2538 -8.19089
59.91 -5.26004 -9.38553 -8.51586 -8.86589 -9.40834 -3.91704 -8.11736 -7.6842 -7.41783 -5.47104 -8.69482 -8.70516 -4.0379 -7.60953 -6.88893 -8.10521 -5.31337 -7.90411 -8.69922 -4.14548 -8.61956 -7.15055 -7.7951 -5.5228 -7.8972 -8.63494 -4.15073 -8.28788 -7.00593 -7.90006 -5.49138 -7.92706 -8.67494 -4.23263 -8.39253 -6.98695 -7.64791 -5.65775 -7.94869 -8.68414 -3.09922 -8.29188 -6.49307 -9.53055 -3.68948 -7.60506 -8.74688 -2.2538 -8.1909
59.96 -5.21474 -9.42033 -8.61202 -8.8582 -9.42274 -3.9103 -8.09258 -7.69773 -7.41747 -5.46687 -8.71819 -8.70858 -4.03623 -7.58278 -6.8893 -8.10378 -5.3128 -7.90367 -8.699 -4.14571 -8.6227 -7.14987 -7.7955 -5.52295 -7.89714 -8.63508 -4.15064 -8.28846 -7.00609 -7.90005 -5.4913 -7.92708 -8.6749 -4.23263 -8.3922 -6.98696 -7.64787 -5.65776 -7.94868 -8.68413 -3.09922 -8.29193 -6.49305 -9.53057 -3.68947 -7.60506 -8.74688 -2.2538 -8.19091
60.01 -5.17105 -9.45598 -8.70488 -8.84959 -9.43637 -3.90346 -8.06689 -7.71185 -7.41679 -5.46255 -8.73989 -8.71158 -4.03459 -7.55578 -6.88954 -8.10241 -5.3122 -7.9032 -8.69881 -4.14592 -8.62622 -7.1492 -7.79591 -5.52309 -7.89707 -8.63522 -4.15056 -8.28899 -7.00626 -7.90002 -5.49123 -7.92709 -8.67487 -4.23264 -8.39186 -6.98695 -7.64784 -5.65776 -7.94867 -8.68413 -3.09922 -8.29199 -6.49303 -9.53059 -3.68945 -7.60505 -8.74689 -2.25379 -8.19091
60.06 -5.12917 -9.49229 -8.79386 -8.84009 -9.44917 -3.89655 -8.0404 -7.7265 -7.41577 -5.45807 -8.75986 -8.71417 -4.03299 -7.52867 -6.88964 -8.10108 -5.31159 -7.90272 -8.69865 -4.14613 -8.6301 -7.14855 -7.79633 -5.52322 -7.897 -8.63535 -4.15047 -8.28948 -7.00643 -7.89999 -5.49115 -7.9271 -8.67483 -4.23265 -8.39153 -6.98695 -7.64781 -5.65777 -7.94867 -8.68413 -3.09921 -8.29205 -6.49301 -9.53061 -3.68944 -7.60505 -8.74689 -2.25379 -8.19092
60.11 -5.08923 -9.52906 -8.87841 -8.8297 -9.46106 -3.88961 -8.01327 -7.7416 -7.41443 -5.45346 -8.77806 -8.71634 -4.03145 -7.50157 -6.88961 -8.0998 -5.31096 -7.90222 -8.69852 -4.14632 -8.63435 -7.14792 -7.79675 -5.52334 -7.89693 -8.63548 -4.15038 -8.28992 -7.00661 -7.89996 -5.49108 -7.92711 -8.67479 -4.23266 -8.39119 -6.98694 -7.64779 -5.65778 -7.94866 -8.68413 -3.09921 -8.29211 -6.493 -9.53063 -3.68942 -7.60504 -8.7469 -2.25379 -8.19092
60.16 -5.05136 -9.56613 -8.95808 -8.81846 -9.47201 -3.88267 -7.98562 -7.75707 -7.41278 -5.44873 -8.79452 -8.7181 -4.02998 -7.47462 -6.88945 -8.09858 -5.31032 -7.90171 -8.69842 -4.14651 -8.63894 -7.1473 -7.79718 -5.52346 -7.89685 -8.6356 -4.1503 -8.29031 -7.0068 -7.89992 -5.491 -7.92712 -8.67475 -4.23267 -8.39086 -6.98693 -7.64776 -5.65779 -7.94865 -8.68413 -3.09921 -8.29218 -6.49298 -9.53065 -3.68941 -7.60504 -8.7469 -2.25378 -8.19093
60.21 -5.01559 -9.60331 -9.03248 -8.80644 -9.482 -3.87578 -7.95758 -7.77286 -7.41082 -5.44391 -8.80927 -8.71945 -4.02857 -7.44794 -6.88916 -8.09742 -5.30967 -7.90118 -8.69835 -4.14668 -8.64387 -7.14671 -7.79761 -5.52357 -7.89677 -8.63572 -4.15021 -8.29064 -7.00698 -7.89987 -5.49093 -7.92713 -8.67471 -4.23268 -8.39053 -6.98691 -7.64773 -5.6578 -7.94864 -8.68413 -3.0992 -8.29224 -6.49297 -9.53067 -3.68939 -7.60503 -8.74691 -2.25378 -8.19093
60.26 -4.98195 -9.64043 -9.1013 -8.79369 -9.49105 -3.86896 -7.92929 -7.78888 -7.40855 -5.43902 -8.82238 -8.72043 -4.02725 -7.42165 -6.88874 -8.09633 -5.30902 -7.90065 -8.69831 -4.14684 -8.64911 -7.14614 -7.79805 -5.52367 -7.89669 -8.63584 -4.15012 -8.29093 -7.00717 -7.89982 -5.49086 -7.92714 -8.67467 -4.2327 -8.39021 -6.9869 -7.64771 -5.65782 -7.94863 -8.68413 -3.0992 -8.29231 -6.49295 -9.53069 -3.68938 -7.60503 -8.74691 -2.25378 -8.19093
60.31 -4.95043 -9.67734 -9.16429 -8.78028 -9.49917 -3.86224 -7.90087 -7.80507 -7.40601 -5.43407 -8.83395 -8.72105 -4.02601 -7.39584 -6.88819 -8.09529 -5.30837 -7.9001 -8.6983 -4.14699 -8.65465 -7.14559 -7.7985 -5.52375 -7.8966 -8.63595 -4.15004 -8.29116 -7.00736 -7.89976 -5.49079 -7.92715 -8.67462 -4.23271 -8.38989 -6.98688 -7.64769 -5.65783 -7.94863 -8.68413 -3.09919 -8.29239 -6.49294 -9.53071 -3.68936 -7.60502 -8.74691 -2.25377 -8.19093
60.36 -4.92099 -9.7139 -9.2213 -8.7663 -9.50639 -3.85565 -7.87244 -7.82134 -7.40319 -5.42909 -8.84406 -8.72135 -4.02486 -7.3706 -6.88751 -8.09433 -5.30773 -7.89956 -8.69832 -4.14713 -8.66047 -7.14507 -7.79894 -5.52383 -7.89651 -8.63605 -4.14996 -8.29134 -7.00756 -7.8997 -5.49072 -7.92715 -8.67458 -4.23273 -8.38958 -6.98686 -7.64767 -5.65784 -7.94862 -8.68414 -3.09919 -8.29246 -6.49293 -9.53073 -3.68934 -7.60502 -8.74691 -2.25377 -8.19093
60.41 -4.89358 -9.74998 -9.27223 -8.75182 -9.51276 -3.84922 -7.84411 -7.83765 -7.40011 -5.4241 -8.85284 -8.72135 -4.02379 -7.34602 -6.88672 -8.09344 -5.30709 -7.89901 -8.69838 -4.14725 -8.66654 -7.14458 -7.79939 -5.5239 -7.89642 -8.63614 -4.14988 -8.29146 -7.00775 -7.89963 -5.49066 -7.92716 -8.67453 -4.23274 -8.38927 -6.98683 -7.64765 -5.65786 -7.94861 -8.68414 -3.09918 -8.29254 -6.49292 -9.53075 -3.68932 -7.60501 -8.74692 -2.25377 -8.19092
60.46 -4.86813 -9.78548 -9.31705 -8.73695 -9.51832 -3.84295 -7.81597 -7.85393 -7.39678 -5.41911 -8.86037 -8.72109 -4.02282 -7.32216 -6.88581 -8.09262 -5.30647 -7.89847 -8.69846 -4.14736 -8.67285 -7.14412 -7.79984 -5.52396 -7.89633 -8.63623 -4.1498 -8.29152 -7.00795 -7.89955 -5.49059 -7.92716 -8.67449 -4.23276 -8.38897 -6.98681 -7.64763 -5.65787 -7.9486 -8.68414 -3.09917 -8.29262 -6.49291 -9.53077 -3.6893 -7.60501 -8.74692 -2.25376 -8.19092
60.51 -4.84457 -9.82029 -9.35577 -8.72176 -9.52312 -3.83687 -7.78811 -7.87013 -7.39323 -5.41415 -8.86675 -8.72059 -4.02194 -7.29908 -6.88478 -8.09188 -5.30586 -7.89792 -8.69858 -4.14746 -8.67937 -7.14369 -7.80028 -5.52401 -7.89624 -8.63632 -4.14972 -8.29153 -7.00815 -7.89947 -5.49053 -7.92716 -8.67444 -4.23278 -8.38868 -6.98678 -7.64762 -5.65789 -7.9486 -8.68415 -3.09916 -8.29271 -6.4929 -9.53079 -3.68928 -7.60501 -8.74692 -2.25376 -8.19091
60.56 -4.82282 -9.85432 -9.38847 -8.70633 -9.52722 -3.83098 -7.76062 -7.88618 -7.38947 -5.40924 -8.8721 -8.71989 -4.02116 -7.27682 -6.88365 -8.09122 -5.30528 -7.89739 -8.69872 -4.14754 -8.68608 -7.14328 -7.80073 -5.52404 -7.89614 -8.63639 -4.14964 -8.29149 -7.00835 -7.89939 -5.49047 -7.92716 -8.67439 -4.23279 -8.3884 -6.98675 -7.64761 -5.6579 -7.94859 -8.68415 -3.09915 -8.29279 -6.49289 -9.5308 -3.68926 -7.605 -8.74692 -2.25376 -8.19091
60.61 -4.8028 -9.88751 -9.41526 -8.69076 -9.53068 -3.82531 -7.73357 -7.90205 -7.38551 -5.40439 -8.87648 -8.719 -4.02045 -7.25541 -6.88242 -8.09063 -5.30471 -7.89686 -8.69889 -4.14761 -8.69295 -7.14291 -7.80117 -5.52407 -7.89605 -8.63646 -4.14957 -8.29139 -7.00855 -7.8993 -5.49041 -7.92716 -8.67434 -4.23281 -8.38813 -6.98671 -7.64759 -5.65792 -7.94859 -8.68416 -3.09915 -8.29288 -6.49288 -9.53082 -3.68924 -7.605 -8.74693 -2.25375 -8.1909
60.66 -4.78444 -9.91979 -9.43627 -8.67512 -9.53353 -3.81985 -7.70701 -7.91769 -7.38137 -5.39962 -8.87998 -8.71796 -4.01984 -7.23489 -6.88109 -8.09012 -5.30417 -7.89634 -8.69909 -4.14766 -8.69996 -7.14258 -7.80161 -5.52408 -7.89596 -8.63653 -4.1495 -8.29124 -7.00875 -7.89921 -5.49035 -7.92716 -8.6743 -4.23283 -8.38786 -6.98668 -7.64758 -5.65794 -7.94858 -8.68417 -3.09914 -8.29296 -6.49287 -9.53084 -3.68922 -7.60499 -8.74693 -2.25375 -8.19089
60.71 -4.76766 -9.95112 -9.45168 -8.65949 -9.53584 -3.81461 -7.68101 -7.93307 -7.37707 -5.39495 -8.88267 -8.71677 -4.01931 -7.21527 -6.87967 -8.0897 -5.30365 -7.89583 -8.69932 -4.1477 -8.70708 -7.14227 -7.80204 -5.52409 -7.89587 -8.63658 -4.14943 -8.29103 -7.00894 -7.89911 -5.4903 -7.92716 -8.67425 -4.23285 -8.38761 -6.98664 -7.64758 -5.65795 -7.94857 -8.68418 -3.09912 -8.29305 -6.49287 -9.53086 -3.6892 -7.60499 -8.74693 -2.25375 -8.19088
60.76 -4.75239 -9.98144 -9.46167 -8.64392 -9.53764 -3.8096 -7.6556 -7.94815 -7.37262 -5.39038 -8.8846 -8.71548 -4.01886 -7.19656 -6.87817 -8.08935 -5.30315 -7.89533 -8.69957 -4.14772 -8.7143 -7.14201 -7.80246 -5.52408 -7.89579 -8.63663 -4.14937 -8.29077 -7.00914 -7.89901 -5.49025 -7.92716 -8.6742 -4.23288 -8.38737 -6.9866 -7.64757 -5.65797 -7.94857 -8.68418 -3.09911 -8.29314 -6.49286 -9.53088 -3.68918 -7.60499 -8.74693 -2.25374 -8.19087
60.81 -4.73858 -10.0107 -9.46647 -8.62849 -9.53898 -3.80481 -7.63083 -7.9629 -7.36804 -5.38592 -8.88585 -8.71407 -4.01848 -7.17878 -6.87659 -8.08909 -5.30268 -7.89485 -8.69985 -4.14773 -8.72158 -7.14177 -7.80288 -5.52406 -7.8957 -8.63667 -4.1493 -8.29047 -7.00933 -7.8989 -5.4902 -7.92715 -8.67415 -4.2329 -8.38715 -6.98656 -7.64757 -5.65799 -7.94857 -8.68419 -3.0991 -8.29323 -6.49286 -9.53089 -3.68915 -7.60498 -8.74693 -2.25374 -8.19086
60.86 -4.72616 -10.039 -9.46629 -8.61326 -9.5399 -3.80025 -7.60674 -7.9773 -7.36335 -5.3816 -8.88644 -8.71258 -4.01818 -7.16192 -6.87493 -8.08891 -5.30224 -7.89438 -8.70015 -4.14773 -8.72892 -7.14157 -7.80329 -5.52403 -7.89561 -8.63671 -4.14924 -8.29011 -7.00953 -7.89879 -5.49016 -7.92715 -8.67411 -4.23292 -8.38693 -6.98651 -7.64757 -5.65801 -7.94856 -8.6842 -3.09909 -8.29332 -6.49285 -9.53091 -3.68913 -7.60498 -8.74693 -2.25374 -8.19085
60.91 -4.71509 -10.0662 -9.46135 -8.59826 -9.54043 -3.79592 -7.58334 -7.99133 -7.35855 -5.37741 -8.88642 -8.71101 -4.01795 -7.14599 -6.87321 -8.08881 -5.30182 -7.89393 -8.70048 -4.14771 -8.73627 -7.14141 -7.80369 -5.52399 -7.89553 -8.63673 -4.14919 -8.2897 -7.00971 -7.89868 -5.49011 -7.92714 -8.67406 -4.23294 -8.38673 -6.98647 -7.64757 -5.65803 -7.94856 -8.68421 -3.09908 -8.29341 -6.49285 -9.53092 -3.68911 -7.60498 -8.74693 -2.25374 -8.19083
60.96 -4.70532 -10.0922 -9.4519 -8.58356 -9.5406 -3.79181 -7.56067 -8.00496 -7.35367 -5.37337 -8.88581 -8.70937 -4.01778 -7.13097 -6.87142 -8.08879 -5.30143 -7.89349 -8.70082 -4.14768 -8.74364 -7.14128 -7.80408 -5.52394 -7.89545 -8.63675 -4.14913 -8.28924 -7.0099 -7.89856 -5.49008 -7.92713 -8.67401 -4.23297 -8.38654 -6.98642 -7.64757 -5.65805 -7.94856 -8.68422 -3.09906 -8.2935 -6.49285 -9.53094 -3.68909 -7.60497 -8.74693 -2.25373 -8.19082
61.01 -4.69681 -10.1172 -9.43817 -8.56918 -9.54045 -3.78793 -7.53874 -8.01819 -7.34872 -5.36948 -8.88465 -8.70767 -4.01767 -7.11686 -6.86959 -8.08885 -5.30106 -7.89307 -8.70119 -4.14763 -8.75098 -7.14119 -7.80446 -5.52388 -7.89537 -8.63676 -4.14908 -8.28874 -7.01008 -7.89844 -5.49004 -7.92712 -8.67397 -4.23299 -8.38637 -6.98637 -7.64757 -5.65807 -7.94855 -8.68423 -3.09905 -8.29359 -6.49285 -9.53095 -3.68907 -7.60497 -8.74693 -2.25373 -8.1908
61.06 -4.68953 -10.1411 -9.42039 -8.55517 -9.53999 -3.78427 -7.51756 -8.03099 -7.34371 -5.36575 -8.88294 -8.70591 -4.01762 -7.10366 -6.8677 -8.08899 -5.30072 -7.89267 -8.70157 -4.14757 -8.7583 -7.14113 -7.80482 -5.52381 -7.89529 -8.63677 -4.14903 -8.2882 -7.01026 -7.89832 -5.49001 -7.92711 -8.67392 -4.23301 -8.38621 -6.98632 -7.64758 -5.65809 -7.94855 -8.68424 -3.09904 -8.29368 -6.49285 -9.53097 -3.68904 -7.60497 -8.74693 -2.25373 -8.19079
61.11 -4.68344 -10.1639 -9.39879 -8.54155 -9.53924 -3.78083 -7.49715 -8.04336 -7.33865 -5.36217 -8.88071 -8.7041 -4.01763 -7.09135 -6.86577 -8.0892 -5.3004 -7.89228 -8.70197 -4.14749 -8.76556 -7.14111 -7.80518 -5.52372 -7.89521 -8.63676 -4.14899 -8.28762 -7.01043 -7.8982 -5.48998 -7.9271 -8.67388 -4.23304 -8.38607 -6.98627 -7.64758 -5.65811 -7.94855 -8.68426 -3.09902 -8.29377 -6.49286 -9.53098 -3.68902 -7.60496 -8.74693 -2.25373 -8.19077
61.16 -4.67853 -10.1856 -9.37359 -8.52835 -9.53823 -3.7776 -7.47751 -8.05528 -7.33356 -5.35876 -8.87797 -8.70224 -4.01769 -7.07992 -6.8638 -8.0895 -5.30011 -7.89191 -8.70239 -4.1474 -8.77275 -7.14113 -7.80552 -5.52363 -7.89514 -8.63675 -4.14895 -8.287 -7.0106 -7.89807 -5.48995 -7.92709 -8.67383 -4.23306 -8.38594 -6.98622 -7.64759 -5.65813 -7.94855 -8.68427 -3.09901 -8.29386 -6.49286 -9.53099 -3.689 -7.60496 -8.74693 -2.25373 -8.19075
61.21 -4.67478 -10.2062 -9.345 -8.51559 -9.53696 -3.77459 -7.45866 -8.06676 -7.32845 -5.35552 -8.87471 -8.70033 -4.0178 -7.06937 -6.8618 -8.08986 -5.29984 -7.89156 -8.70282 -4.1473 -8.77987 -7.14117 -7.80584 -5.52353 -7.89507 -8.63673 -4.14892 -8.28634 -7.01076 -7.89795 -5.48993 -7.92707 -8.67379 -4.23309 -8.38583 -6.98616 -7.64761 -5.65815 -7.94855 -8.68428 -3.09899 -8.29395 -6.49286 -9.53101 -3.68898 -7.60496 -8.74693 -2.25373 -8.19073
61.26 -4.67217 -10.2257 -9.31324 -8.50329 -9.53545 -3.77179 -7.44059 -8.07779 -7.32333 -5.35245 -8.87095 -8.69837 -4.01795 -7.05967 -6.85978 -8.09031 -5.29958 -7.89123 -8.70326 -4.14718 -8.78688 -7.14126 -7.80615 -5.52341 -7.895 -8.63671 -4.14888 -8.28565 -7.01092 -7.89782 -5.48991 -7.92706 -8.67375 -4.23311 -8.38573 -6.98611 -7.64762 -5.65817 -7.94855 -8.68429 -3.09898 -8.29404 -6.49287 -9.53102 -3.68895 -7.60496 -8.74692 -2.25372 -8.19071
61.31 -4.6707 -10.2441 -9.2785 -8.49147 -9.53371 -3.76919 -7.42331 -8.08835 -7.31821 -5.34955 -8.86668 -8.69636 -4.01815 -7.05082 -6.85773 -8.09082 -5.29935 -7.89092 -8.70371 -4.14706 -8.79378 -7.14138 -7.80644 -5.52329 -7.89493 -8.63667 -4.14886 -8.28492 -7.01107 -7.89769 -5.4899 -7.92704 -8.67371 -4.23314 -8.38565 -6.98605 -7.64763 -5.65819 -7.94855 -8.68431 -3.09896 -8.29413 -6.49288 -9.53103 -3.68893 -7.60496 -8.74692 -2.25372 -8.19069
61.36 -4.67035 -10.2615 -9.24097 -8.48013 -9.53175 -3.76679 -7.40682 -8.09845 -7.31309 -5.34681 -8.86189 -8.69431 -4.01839 -7.04281 -6.85566 -8.0914 -5.29913 -7.89062 -8.70418 -4.14692 -8.80056 -7.14153 -7.80672 -5.52316 -7.89486 -8.63663 -4.14883 -8.28417 -7.01121 -7.89756 -5.48989 -7.92703 -8.67367 -4.23316 -8.38558 -6.98599 -7.64765 -5.65821 -7.94855 -8.68432 -3.09895 -8.29421 -6.49288 -9.53104 -3.68891 -7.60495 -8.74692 -2.25372 -8.19067
61.41 -4.67113 -10.2778 -9.20081 -8.4693 -9.52956 -3.7646 -7.39112 -8.10808 -7.308 -5.34425 -8.85658 -8.6922 -4.01866 -7.03564 -6.85359 -8.09205 -5.29893 -7.89034 -8.70465 -4.14677 -8.8072 -7.14171 -7.80698 -5.52302 -7.89479 -8.63658 -4.14881 -8.28339 -7.01134 -7.89743 -5.48988 -7.92701 -8.67363 -4.23319 -8.38553 -6.98594 -7.64767 -5.65823 -7.94855 -8.68433 -3.09893 -8.29429 -6.49289 -9.53105 -3.68889 -7.60495 -8.74692 -2.25372 -8.19065
61.46 -4.67304 -10.293 -9.15819 -8.45897 -9.52716 -3.7626 -7.37622 -8.11725 -7.30294 -5.34186 -8.85073 -8.69003 -4.01898 -7.02928 -6.8515 -8.09277 -5.29874 -7.89007 -8.70513 -4.14661 -8.8137 -7.14193 -7.80722 -5.52287 -7.89473 -8.63653 -4.1488 -8.28258 -7.01147 -7.8973 -5.48987 -7.92699 -8.67359 -4.23321 -8.3855 -6.98588 -7.64769 -5.65825 -7.94855 -8.68435 -3.09892 -8.29437 -6.4929 -9.53105 -3.68887 -7.60495 -8.74692 -2.25372 -8.19063
61.51 -4.67608 -10.3072 -9.11327 -8.44915 -9.52454 -3.7608 -7.36211 -8.12595 -7.29791 -5.33963 -8.84435 -8.68781 -4.01933 -7.02374 -6.84942 -8.09355 -5.29857 -7.88982 -8.70561 -4.14644 -8.82004 -7.14218 -7.80744 -5.52272 -7.89467 -8.63647 -4.14878 -8.28175 -7.0116 -7.89717 -5.48987 -7.92697 -8.67356 -4.23323 -8.38548 -6.98582 -7.64771 -5.65827 -7.94855 -8.68436 -3.0989 -8.29445 -6.49291 -9.53106 -3.68885 -7.60495 -8.74691 -2.25372 -8.1906
61.56 -4.68027 -10.3204 -9.06617 -8.43985 -9.5217 -3.75919 -7.3488 -8.13418 -7.29293 -5.33757 -8.83741 -8.68553 -4.01972 -7.019 -6.84733 -8.09439 -5.29842 -7.88959 -8.7061 -4.14625 -8.82622 -7.14245 -7.80765 -5.52256 -7.89461 -8.6364 -4.14878 -8.2809 -7.01171 -7.89704 -5.48988 -7.92695 -8.67353 -4.23326 -8.38548 -6.98576 -7.64774 -5.65828 -7.94855 -8.68438 -3.09889 -8.29453 -6.49292 -9.53107 -3.68883 -7.60495 -8.74691 -2.25372 -8.19058
61.61 -4.68561 -10.3325 -9.01702 -8.43107 -9.51865 -3.75778 -7.33628 -8.14193 -7.288 -5.33568 -8.82989 -8.68319 -4.02015 -7.01507 -6.84525 -8.09528 -5.29827 -7.88938 -8.7066 -4.14606 -8.83222 -7.14276 -7.80783 -5.52239 -7.89455 -8.63633 -4.14877 -8.28003 -7.01182 -7.89691 -5.48988 -7.92693 -8.67349 -4.23328 -8.3855 -6.98571 -7.64776 -5.6583 -7.94856 -8.68439 -3.09887 -8.2946 -6.49293 -9.53107 -3.68881 -7.60495 -8.74691 -2.25372 -8.19056
61.66 -4.69213 -10.3435 -8.96594 -8.42281 -9.51536 -3.75655 -7.32456 -8.14922 -7.28313 -5.33395 -8.82178 -8.68077 -4.0206 -7.01194 -6.84318 -8.09624 -5.29814 -7.88917 -8.7071 -4.14586 -8.83804 -7.1431 -7.808 -5.52221 -7.89449 -8.63624 -4.14877 -8.27915 -7.01191 -7.89678 -5.48989 -7.92691 -8.67346 -4.23331 -8.38553 -6.98565 -7.64779 -5.65832 -7.94856 -8.68441 -3.09885 -8.29467 -6.49295 -9.53108 -3.68879 -7.60495 -8.7469 -2.25372 -8.19053
61.71 -4.69984 -10.3535 -8.91302 -8.41508 -9.51185 -3.7555 -7.31364 -8.15603 -7.27832 -5.33238 -8.81307 -8.67828 -4.02109 -7.0096 -6.84111 -8.09724 -5.29802 -7.88899 -8.70759 -4.14566 -8.84368 -7.14346 -7.80815 -5.52203 -7.89443 -8.63616 -4.14878 -8.27825 -7.012 -7.89665 -5.48991 -7.92689 -8.67344 -4.23333 -8.38558 -6.98559 -7.64782 -5.65834 -7.94856 -8.68442 -3.09884 -8.29474 -6.49296 -9.53108 -3.68877 -7.60495 -8.7469 -2.25372 -8.19051
61.76 -4.70876 -10.3625 -8.85836 -8.40788 -9.5081 -3.75465 -7.30352 -8.16237 -7.27359 -5.33098 -8.80372 -8.67571 -4.02162 -7.00806 -6.83907 -8.0983 -5.29791 -7.88881 -8.70809 -4.14544 -8.84912 -7.14385 -7.80827 -5.52184 -7.89438 -8.63607 -4.14879 -8.27735 -7.01208 -7.89652 -5.48993 -7.92687 -8.67341 -4.23335 -8.38564 -6.98553 -7.64785 -5.65836 -7.94857 -8.68444 -3.09882 -8.2948 -6.49298 -9.53108 -3.68876 -7.60495 -8.74689 -2.25372 -8.19048
61.81 -4.71892 -10.3705 -8.80203 -8.40121 -9.5041 -3.75398 -7.2942 -8.16823 -7.26893 -5.32973 -8.79373 -8.67306 -4.02217 -7.00733 -6.83704 -8.0994 -5.29781 -7.88866 -8.70859 -4.14522 -8.85436 -7.14426 -7.80838 -5.52165 -7.89432 -8.63597 -4.1488 -8.27643 -7.01216 -7.8964 -5.48995 -7.92685 -8.67339 -4.23337 -8.38572 -6.98547 -7.64788 -5.65838 -7.94857 -8.68445 -3.09881 -8.29486 -6.49299 -9.53108 -3.68874 -7.60495 -8.74689 -2.25372 -8.19046
61.86 -4.73034 -10.3775 -8.7441 -8.39506 -9.49984 -3.75349 -7.28569 -8.17361 -7.26435 -5.32864 -8.78305 -8.67031 -4.02276 -7.00739 -6.83504 -8.10055 -5.29771 -7.88851 -8.70909 -4.14499 -8.85939 -7.1447 -7.80846 -5.52145 -7.89427 -8.63586 -4.14882 -8.27551 -7.01222 -7.89628 -5.48997 -7.92682 -8.67336 -4.23339 -8.38581 -6.98542 -7.64791 -5.65839 -7.94858 -8.68447 -3.09879 -8.29492 -6.49301 -9.53109 -3.68872 -7.60495 -8.74688 -2.25372 -8.19043
61.91 -4.74306 -10.3834 -8.68463 -8.38946 -9.49531 -3.75319 -7.278 -8.17852 -7.25987 -5.32771 -8.77168 -8.66747 -4.02338 -7.00826 -6.83305 -8.10174 -5.29763 -7.88838 -8.70959 -4.14475 -8.86422 -7.14516 -7.80853 -5.52125 -7.89422 -8.63576 -4.14884 -8.27458 -7.01228 -7.89616 -5.49 -7.9268 -8.67334 -4.23342 -8.38591 -6.98536 -7.64794 -5.65841 -7.94858 -8.68448 -3.09878 -8.29498 -6.49302 -9.53109 -3.68871 -7.60495 -8.74688 -2.25372 -8.19041
61.96 -4.75711 -10.3882 -8.62365 -8.38438 -9.4905 -3.75308 -7.27113 -8.18294 -7.25547 -5.32693 -8.75959 -8.66453 -4.02404 -7.00993 -6.8311 -8.10297 -5.29756 -7.88827 -8.71008 -4.14451 -8.86883 -7.14565 -7.80858 -5.52104 -7.89417 -8.63564 -4.14886 -8.27365 -7.01232 -7.89604 -5.49003 -7.92678 -8.67333 -4.23344 -8.38604 -6.98531 -7.64798 -5.65842 -7.94859 -8.68449 -3.09876 -8.29503 -6.49304 -9.53108 -3.68869 -7.60495 -8.74687 -2.25372 -8.19039
62.01 -4.77251 -10.392 -8.5612 -8.37984 -9.48538 -3.75315 -7.26509 -8.18688 -7.25118 -5.3263 -8.74675 -8.66148 -4.02473 -7.01243 -6.82918 -8.10423 -5.2975 -7.88816 -8.71057 -4.14427 -8.87322 -7.14615 -7.8086 -5.52084 -7.89412 -8.63552 -4.14889 -8.27271 -7.01236 -7.89593 -5.49007 -7.92676 -8.67331 -4.23345 -8.38617 -6.98525 -7.64801 -5.65844 -7.9486 -8.68451 -3.09875 -8.29508 -6.49306 -9.53108 -3.68868 -7.60496 -8.74687 -2.25372 -8.19036
62.06 -4.78931 -10.3947 -8.49732 -8.37584 -9.47996 -3.75342 -7.25989 -8.19033 -7.24698 -5.32582 -8.73314 -8.65832 -4.02545 -7.01576 -6.82728 -8.10553 -5.29745 -7.88807 -8.71106 -4.14402 -8.87739 -7.14668 -7.80861 -5.52063 -7.89407 -8.6354 -4.14892 -8.27178 -7.01239 -7.89582 -5.4901 -7.92673 -8.6733 -4.23347 -8.38632 -6.9852 -7.64805 -5.65845 -7.9486 -8.68452 -3.09873 -8.29512 -6.49308 -9.53108 -3.68867 -7.60496 -8.74686 -2.25372 -8.19034
62.11 -4.80754 -10.3964 -8.43201 -8.37239 -9.4742 -3.75387 -7.25555 -8.19328 -7.24289 -5.32549 -8.71873 -8.65504 -4.02621 -7.01992 -6.82543 -8.10686 -5.29741 -7.888 -8.71154 -4.14376 -8.88134 -7.14722 -7.80859 -5.52041 -7.89403 -8.63528 -4.14896 -8.27085 -7.01241 -7.89571 -5.49015 -7.92671 -8.67328 -4.23349 -8.38648 -6.98515 -7.64809 -5.65847 -7.94861 -8.68454 -3.09872 -8.29516 -6.4931 -9.53108 -3.68866 -7.60496 -8.74686 -2.25373 -8.19031
62.16 -4.82724 -10.397 -8.3653 -8.36947 -9.4681 -3.75452 -7.25207 -8.19574 -7.23892 -5.32531 -8.7035 -8.65164 -4.02701 -7.02493 -6.82361 -8.10822 -5.29738 -7.88793 -8.71201 -4.14351 -8.88505 -7.14778 -7.80856 -5.5202 -7.89399 -8.63515 -4.149 -8.26993 -7.01241 -7.89561 -5.49019 -7.92669 -8.67327 -4.23351 -8.38665 -6.9851 -7.64812 -5.65848 -7.94862 -8.68455 -3.0987 -8.2952 -6.49312 -9.53107 -3.68865 -7.60496 -8.74685 -2.25373 -8.19029
62.21 -4.84844 -10.3964 -8.29718 -8.36711 -9.46163 -3.75536 -7.24948 -8.19768 -7.23505 -5.32527 -8.68742 -8.64811 -4.02785 -7.0308 -6.82182 -8.1096 -5.29736 -7.88788 -8.71248 -4.14325 -8.88853 -7.14835 -7.8085 -5.51999 -7.89395 -8.63502 -4.14904 -8.26901 -7.01242 -7.89551 -5.49024 -7.92666 -8.67327 -4.23352 -8.38684 -6.98505 -7.64816 -5.65849 -7.94862 -8.68457 -3.09869 -8.29523 -6.49314 -9.53106 -3.68864 -7.60496 -8.74685 -2.25373 -8.19026
62.26 -4.87119 -10.3948 -8.22767 -8.3653 -9.45477 -3.7564 -7.24778 -8.19912 -7.23131 -5.32539 -8.67048 -8.64444 -4.02872 -7.03755 -6.82008 -8.11101 -5.29736 -7.88785 -8.71294 -4.14298 -8.89177 -7.14894 -7.80843 -5.51977 -7.89391 -8.63488 -4.14909 -8.2681 -7.01241 -7.89542 -5.49029 -7.92664 -8.67326 -4.23354 -8.38704 -6.985 -7.6482 -5.6585 -7.94863 -8.68458 -3.09868 -8.29526 -6.49316 -9.53106 -3.68863 -7.60497 -8.74684 -2.25373 -8.19024
62.31 -4.89551 -10.3919 -8.15675 -8.36406 -9.4475 -3.75765 -7.24701 -8.20002 -7.22769 -5.32565 -8.65266 -8.64064 -4.02964 -7.04519 -6.81838 -8.11243 -5.29737 -7.88782 -8.71339 -4.14272 -8.89477 -7.14954 -7.80834 -5.51956 -7.89387 -8.63474 -4.14914 -8.26719 -7.01239 -7.89533 -5.49034 -7.92662 -8.67326 -4.23355 -8.38725 -6.98496 -7.64824 -5.65851 -7.94864 -8.68459 -3.09867 -8.29528 -6.49318 -9.53105 -3.68862 -7.60497 -8.74684 -2.25373 -8.19022
62.36 -4.92144 -10.3879 -8.08444 -8.36338 -9.43981 -3.7591 -7.24718 -8.2004 -7.2242 -5.32606 -8.63395 -8.6367 -4.03059 -7.05373 -6.81673 -8.11388 -5.2974 -7.88781 -8.71384 -4.14246 -8.89753 -7.15016 -7.80822 -5.51934 -7.89384 -8.6346 -4.14919 -8.2663 -7.01236 -7.89524 -5.49039 -7.92659 -8.67326 -4.23357 -8.38746 -6.98491 -7.64828 -5.65852 -7.94865 -8.6846 -3.09865 -8.2953 -6.4932 -9.53104 -3.68861 -7.60497 -8.74683 -2.25374 -8.1902
62.41 -4.94901 -10.3827 -8.01071 -8.36328 -9.43167 -3.76077 -7.24831 -8.20024 -7.22083 -5.32662 -8.61434 -8.63261 -4.03159 -7.0632 -6.81512 -8.11533 -5.29744 -7.88782 -8.71427 -4.14219 -8.90004 -7.15078 -7.80809 -5.51913 -7.89381 -8.63446 -4.14925 -8.26542 -7.01233 -7.89516 -5.49045 -7.92657 -8.67326 -4.23358 -8.38769 -6.98487 -7.64832 -5.65853 -7.94865 -8.68462 -3.09864 -8.29532 -6.49322 -9.53103 -3.68861 -7.60497 -8.74682 -2.25374 -8.19017
62.46 -4.97824 -10.3762 -7.93559 -8.36376 -9.42306 -3.76265 -7.25043 -8.19952 -7.21761 -5.32733 -8.59382 -8.62838 -4.03264 -7.0736 -6.81356 -8.1168 -5.2975 -7.88783 -8.7147 -4.14193 -8.90229 -7.15142 -7.80794 -5.51892 -7.89379 -8.63431 -4.1493 -8.26456 -7.01229 -7.89508 -5.49051 -7.92655 -8.67326 -4.23359 -8.38793 -6.98483 -7.64836 -5.65854 -7.94866 -8.68463 -3.09863 -8.29533 -6.49324 -9.53102 -3.6886 -7.60498 -8.74682 -2.25374 -8.19015
62.51 -5.00913 -10.3684 -7.85909 -8.36483 -9.41398 -3.76475 -7.25356 -8.19823 -7.21452 -5.32818 -8.57241 -8.624 -4.03373 -7.08496 -6.81205 -8.11828 -5.29758 -7.88787 -8.71512 -4.14166 -8.90429 -7.15206 -7.80778 -5.51871 -7.89376 -8.63417 -4.14937 -8.2637 -7.01223 -7.89501 -5.49057 -7.92653 -8.67327 -4.2336 -8.38818 -6.98479 -7.6484 -5.65855 -7.94867 -8.68464 -3.09862 -8.29534 -6.49326 -9.53101 -3.6886 -7.60498 -8.74681 -2.25374 -8.19013
62.56 -5.0417 -10.3594 -7.78121 -8.3665 -9.40441 -3.76709 -7.25773 -8.19636 -7.21157 -5.32919 -8.55013 -8.61948 -4.03487 -7.09729 -6.8106 -8.11977 -5.29768 -7.88791 -8.71553 -4.1414 -8.90603 -7.15271 -7.80759 -5.51851 -7.89375 -8.63402 -4.14943 -8.26287 -7.01217 -7.89494 -5.49063 -7.92651 -8.67328 -4.23361 -8.38844 -6.98476 -7.64844 -5.65855 -7.94868 -8.68465 -3.09861 -8.29534 -6.49328 -9.531 -3.6886 -7.60498 -8.74681 -2.25374 -8.19011
62.61 -5.07593 -10.349 -7.70199 -8.36879 -9.39432 -3.76965 -7.26297 -8.19391 -7.20877 -5.33035 -8.52699 -8.61483 -4.03605 -7.11059 -6.80919 -8.12126 -5.2978 -7.88797 -8.71593 -4.14114 -8.9075 -7.15337 -7.80739 -5.5183 -7.89373 -8.63387 -4.1495 -8.26205 -7.01211 -7.89488 -5.4907 -7.92649 -8.67329 -4.23362 -8.3887 -6.98472 -7.64849 -5.65856 -7.94869 -8.68466 -3.0986 -8.29534 -6.49331 -9.53099 -3.68859 -7.60499 -8.7468 -2.25375 -8.19009
62.66 -5.1118 -10.3372 -7.6215 -8.37169 -9.38374 -3.77246 -7.26931 -8.19084 -7.20613 -5.33167 -8.50306 -8.61005 -4.03729 -7.12489 -6.80784 -8.12275 -5.29795 -7.88805 -8.71631 -4.14088 -8.90871 -7.15403 -7.80717 -5.5181 -7.89372 -8.63372 -4.14957 -8.26125 -7.01203 -7.89483 -5.49077 -7.92647 -8.6733 -4.23363 -8.38897 -6.98469 -7.64853 -5.65856 -7.9487 -8.68467 -3.09859 -8.29534 -6.49333 -9.53098 -3.68859 -7.60499 -8.74679 -2.25375 -8.19007
62.71 -5.14925 -10.324 -7.53979 -8.37522 -9.37264 -3.7755 -7.27677 -8.18716 -7.20364 -5.33314 -8.47839 -8.60516 -4.03857 -7.14018 -6.80655 -8.12424 -5.29812 -7.88814 -8.71669 -4.14062 -8.90964 -7.15469 -7.80694 -5.5179 -7.89371 -8.63358 -4.14964 -8.26047 -7.01194 -7.89478 -5.49083 -7.92645 -8.67331 -4.23363 -8.38925 -6.98466 -7.64857 -5.65857 -7.94871 -8.68468 -3.09859 -8.29533 -6.49335 -9.53096 -3.68859 -7.60499 -8.74679 -2.25375 -8.19005
62.76 -5.18822 -10.3094 -7.45698 -8.3794 -9.36104 -3.7788 -7.28538 -8.18284 -7.20131 -5.33477 -8.45307 -8.60016 -4.0399 -7.15647 -6.80532 -8.12572 -5.29832 -7.88825 -8.71705 -4.14037 -8.91029 -7.15536 -7.80669 -5.51771 -7.89371 -8.63343 -4.14971 -8.2597 -7.01185 -7.89473 -5.4909 -7.92643 -8.67333 -4.23364 -8.38953 -6.98463 -7.64861 -5.65857 -7.94872 -8.68469 -3.09858 -8.29532 -6.49337 -9.53095 -3.68859 -7.605 -8.74678 -2.25376 -8.19004
62.81 -5.22862 -10.2934 -7.37319 -8.38421 -9.34897 -3.78234 -7.29515 -8.17788 -7.19915 -5.33657 -8.42717 -8.59507 -4.04128 -7.17376 -6.80415 -8.1272 -5.29855 -7.88838 -8.71741 -4.14012 -8.91065 -7.15603 -7.80643 -5.51752 -7.89371 -8.63328 -4.14979 -8.25896 -7.01175 -7.89469 -5.49098 -7.92641 -8.67334 -4.23364 -8.38982 -6.98461 -7.64865 -5.65857 -7.94873 -8.6847 -3.09857 -8.2953 -6.49339 -9.53093 -3.6886 -7.605 -8.74678 -2.25376 -8.19002
62.86 -5.27034 -10.2759 -7.28858 -8.38968 -9.33643 -3.78614 -7.30612 -8.17227 -7.19715 -5.33852 -8.40084 -8.58993 -4.04271 -7.19204 -6.80304 -8.12867 -5.29881 -7.88852 -8.71775 -4.13987 -8.91073 -7.1567 -7.80615 -5.51734 -7.89372 -8.63313 -4.14986 -8.25824 -7.01165 -7.89466 -5.49105 -7.92639 -8.67336 -4.23364 -8.39012 -6.98459 -7.64869 -5.65857 -7.94874 -8.68471 -3.09857 -8.29528 -6.49342 -9.53092 -3.6886 -7.60501 -8.74677 -2.25376 -8.19
62.91 -5.31323 -10.2569 -7.20336 -8.3958 -9.32349 -3.79019 -7.31829 -8.16598 -7.19534 -5.34065 -8.3742 -8.58475 -4.04418 -7.21129 -6.80199 -8.13013 -5.2991 -7.88868 -8.71807 -4.13963 -8.91051 -7.15736 -7.80585 -5.51716 -7.89373 -8.63299 -4.14994 -8.25755 -7.01153 -7.89463 -5.49112 -7.92638 -8.67339 -4.23364 -8.39041 -6.98457 -7.64872 -5.65857 -7.94875 -8.68472 -3.09856 -8.29525 -6.49344 -9.5309 -3.68861 -7.60501 -8.74677 -2.25377 -8.18999
62.96 -5.35711 -10.2364 -7.11777 -8.40258 -9.31017 -3.79449 -7.33167 -8.15903 -7.1937 -5.34293 -8.3474 -8.57957 -4.04569 -7.23148 -6.80102 -8.13157 -5.29942 -7.88886 -8.71839 -4.13939 -8.91 -7.15803 -7.80555 -5.51699 -7.89375 -8.63285 -4.15002 -8.25688 -7.01141 -7.89461 -5.49119 -7.92636 -8.67341 -4.23365 -8.39072 -6.98455 -7.64876 -5.65857 -7.94875 -8.68472 -3.09856 -8.29522 -6.49346 -9.53089 -3.68861 -7.60502 -8.74676 -2.25377 -8.18998
63.01 -5.4018 -10.2145 -7.03208 -8.41002 -9.29656 -3.79904 -7.34626 -8.15141 -7.19225 -5.34539 -8.32062 -8.57443 -4.04724 -7.25259 -6.80011 -8.133 -5.29977 -7.88906 -8.71869 -4.13915 -8.90917 -7.15869 -7.80523 -5.51682 -7.89378 -8.6327 -4.1501 -8.25623 -7.01129 -7.89459 -5.49127 -7.92634 -8.67343 -4.23364 -8.39102 -6.98454 -7.6488 -5.65857 -7.94876 -8.68473 -3.09855 -8.29519 -6.49348 -9.53087 -3.68862 -7.60502 -8.74675 -2.25377 -8.18996
63.06 -5.44706 -10.1912 -6.94662 -8.4181 -9.28271 -3.80383 -7.36206 -8.14311 -7.19099 -5.34802 -8.29403 -8.56935 -4.04882 -7.27456 -6.79927 -8.13441 -5.30016 -7.88928 -8.71897 -4.13892 -8.90804 -7.15934 -7.8049 -5.51666 -7.89381 -8.63256 -4.15018 -8.25561 -7.01115 -7.89458 -5.49134 -7.92633 -8.67346 -4.23364 -8.39133 -6.98453 -7.64884 -5.65857 -7.94877 -8.68473 -3.09855 -8.29515 -6.4935 -9.53085 -3.68863 -7.60502 -8.74675 -2.25378 -8.18995
63.11 -5.49267 -10.1665 -6.86174 -8.42681 -9.26871 -3.80885 -7.37905 -8.13415 -7.18993 -5.35082 -8.26782 -8.56439 -4.05044 -7.29735 -6.7985 -8.1358 -5.30058 -7.88952 -8.71925 -4.1387 -8.9066 -7.15999 -7.80456 -5.51651 -7.89384 -8.63243 -4.15026 -8.25501 -7.01102 -7.89458 -5.49142 -7.92631 -8.67349 -4.23364 -8.39164 -6.98452 -7.64887 -5.65856 -7.94878 -8.68474 -3.09855 -8.29512 -6.49352 -9.53083 -3.68863 -7.60503 -8.74674 -2.25378 -8.18994
63.16 -5.53837 -10.1404 -6.7778 -8.43615 -9.25467 -3.81408 -7.3972 -8.12452 -7.18908 -5.35378 -8.24218 -8.55957 -4.05207 -7.32088 -6.79781 -8.13717 -5.30103 -7.88977 -8.7195 -4.13848 -8.90484 -7.16063 -7.80421 -5.51636 -7.89388 -8.63229 -4.15035 -8.25445 -7.01087 -7.89458 -5.49149 -7.9263 -8.67352 -4.23364 -8.39195 -6.98451 -7.64891 -5.65856 -7.94879 -8.68474 -3.09855 -8.29507 -6.49354 -9.53082 -3.68864 -7.60503 -8.74674 -2.25378 -8.18993
63.21 -5.5839 -10.1131 -6.69522 -8.44607 -9.24066 -3.81952 -7.41648 -8.11426 -7.18843 -5.35691 -8.21729 -8.55495 -4.05371 -7.34509 -6.7972 -8.13851 -5.30151 -7.89005 -8.71974 -4.13827 -8.90276 -7.16127 -7.80385 -5.51622 -7.89393 -8.63216 -4.15043 -8.25391 -7.01072 -7.89459 -5.49157 -7.92629 -8.67355 -4.23363 -8.39226 -6.98451 -7.64894 -5.65855 -7.9488 -8.68475 -3.09855 -8.29502 -6.49356 -9.5308 -3.68865 -7.60504 -8.74673 -2.25379 -8.18992
63.26 -5.629 -10.0846 -6.61439 -8.45656 -9.2268 -3.82515 -7.43683 -8.10338 -7.18799 -5.36021 -8.19331 -8.55057 -4.05537 -7.36988 -6.79666 -8.13982 -5.30203 -7.89035 -8.71997 -4.13807 -8.90036 -7.16189 -7.80348 -5.51608 -7.89398 -8.63203 -4.15051 -8.2534 -7.01057 -7.8946 -5.49164 -7.92628 -8.67358 -4.23362 -8.39257 -6.9845 -7.64897 -5.65854 -7.94881 -8.68475 -3.09855 -8.29497 -6.49357 -9.53078 -3.68867 -7.60504 -8.74673 -2.25379 -8.18991
63.31 -5.67342 -10.0551 -6.53574 -8.46758 -9.21317 -3.83094 -7.4582 -8.0919 -7.18777 -5.36366 -8.17039 -8.54645 -4.05702 -7.39517 -6.79621 -8.1411 -5.30257 -7.89067 -8.72018 -4.13787 -8.89764 -7.1625 -7.8031 -5.51595 -7.89404 -8.6319 -4.1506 -8.25292 -7.01041 -7.89462 -5.49172 -7.92627 -8.67362 -4.23362 -8.39288 -6.98451 -7.649 -5.65854 -7.94882 -8.68475 -3.09855 -8.29492 -6.49359 -9.53076 -3.68868 -7.60505 -8.74672 -2.25379 -8.18991
63.36 -5.71693 -10.0245 -6.45966 -8.47908 -9.19989 -3.83688 -7.48051 -8.07986 -7.18776 -5.36727 -8.14865 -8.54263 -4.05865 -7.42084 -6.79584 -8.14234 -5.30315 -7.89101 -8.72037 -4.13768 -8.8946 -7.16311 -7.80271 -5.51583 -7.8941 -8.63178 -4.15068 -8.25247 -7.01025 -7.89465 -5.49179 -7.92626 -8.67365 -4.23361 -8.39319 -6.98451 -7.64903 -5.65853 -7.94883 -8.68475 -3.09855 -8.29486 -6.49361 -9.53074 -3.68869 -7.60505 -8.74672 -2.2538 -8.1899
63.41 -5.75931 -9.99313 -6.38653 -8.49102 -9.18702 -3.84293 -7.50368 -8.06729 -7.18799 -5.37103 -8.12821 -8.53915 -4.06027 -7.44681 -6.79556 -8.14355 -5.30374 -7.89137 -8.72054 -4.1375 -8.89125 -7.1637 -7.80232 -5.51572 -7.89417 -8.63166 -4.15076 -8.25206 -7.01008 -7.89468 -5.49186 -7.92625 -8.67369 -4.2336 -8.3935 -6.98452 -7.64906 -5.65852 -7.94884 -8.68475 -3.09855 -8.29481 -6.49363 -9.53072 -3.68871 -7.60506 -8.74672 -2.2538 -8.1899
63.46 -5.80036 -9.961 -6.3167 -8.50334 -9.17466 -3.84907 -7.52764 -8.05425 -7.18844 -5.37492 -8.10912 -8.53601 -4.06186 -7.47296 -6.79536 -8.14472 -5.30436 -7.89175 -8.72069 -4.13732 -8.88758 -7.16427 -7.80192 -5.51562 -7.89425 -8.63155 -4.15085 -8.25167 -7.00991 -7.89471 -5.49194 -7.92624 -8.67373 -4.23359 -8.39381 -6.98453 -7.64909 -5.65851 -7.94884 -8.68475 -3.09855 -8.29474 -6.49364 -9.5307 -3.68872 -7.60506 -8.74671 -2.2538 -8.18989
63.51 -5.83994 -9.92826 -6.2505 -8.51598 -9.16286 -3.85528 -7.55228 -8.04076 -7.18912 -5.37894 -8.09145 -8.53324 -4.06341 -7.49917 -6.79525 -8.14585 -5.305 -7.89215 -8.72083 -4.13716 -8.88361 -7.16483 -7.80152 -5.51552 -7.89433 -8.63144 -4.15093 -8.25133 -7.00973 -7.89476 -5.49201 -7.92623 -8.67377 -4.23358 -8.39411 -6.98454 -7.64911 -5.6585 -7.94885 -8.68475 -3.09856 -8.29468 -6.49366 -9.53068 -3.68874 -7.60507 -8.74671 -2.25381 -8.18989
63.56 -5.8779 -9.89503 -6.18819 -8.52889 -9.15168 -3.86153 -7.57752 -8.02689 -7.19004 -5.38308 -8.07521 -8.53085 -4.06492 -7.52535 -6.79524 -8.14694 -5.30566 -7.89256 -8.72094 -4.137 -8.87933 -7.16538 -7.80111 -5.51543 -7.89441 -8.63133 -4.15101 -8.25101 -7.00956 -7.8948 -5.49208 -7.92622 -8.67381 -4.23356 -8.39441 -6.98455 -7.64914 -5.65849 -7.94886 -8.68475 -3.09856 -8.29461 -6.49367 -9.53066 -3.68875 -7.60507 -8.7467 -2.25381 -8.18989
63.61 -5.91415 -9.86146 -6.13001 -8.542 -9.14115 -3.86779 -7.60325 -8.01268 -7.19119 -5.38732 -8.06039 -8.52883 -4.06637 -7.55138 -6.79532 -8.14798 -5.30632 -7.89299 -8.72103 -4.13685 -8.87477 -7.1659 -7.8007 -5.51535 -7.8945 -8.63123 -4.15109 -8.25073 -7.00938 -7.89486 -5.49215 -7.92622 -8.67385 -4.23355 -8.39471 -6.98457 -7.64916 -5.65847 -7.94887 -8.68475 -3.09857 -8.29454 -6.49368 -9.53064 -3.68877 -7.60508 -8.7467 -2.25382 -8.18989
63.66 -5.94861 -9.82766 -6.07613 -8.55524 -9.1313 -3.87404 -7.62938 -7.99818 -7.19257 -5.39166 -8.04698 -8.52718 -4.06775 -7.57716 -6.79549 -8.14897 -5.307 -7.89344 -8.7211 -4.13672 -8.86992 -7.16641 -7.80028 -5.51528 -7.89459 -8.63113 -4.15117 -8.25049 -7.0092 -7.89491 -5.49221 -7.92621 -8.67389 -4.23354 -8.395 -6.98459 -7.64918 -5.65846 -7.94888 -8.68475 -3.09857 -8.29447 -6.4937 -9.53062 -3.68879 -7.60508 -8.7467 -2.25382 -8.18989
63.71 -5.98124 -9.79375 -6.02668 -8.56857 -9.12215 -3.88026 -7.6558 -7.98345 -7.19418 -5.39607 -8.03494 -8.52589 -4.06908 -7.6026 -6.79576 -8.14991 -5.30768 -7.8939 -8.72115 -4.13659 -8.86481 -7.1669 -7.79986 -5.51521 -7.89468 -8.63104 -4.15125 -8.25029 -7.00901 -7.89498 -5.49228 -7.92621 -8.67393 -4.23352 -8.39529 -6.98461 -7.6492 -5.65845 -7.94888 -8.68475 -3.09858 -8.29439 -6.49371 -9.5306 -3.68881 -7.60508 -8.74669 -2.25382 -8.18989
63.76 -6.01202 -9.75985 -5.98175 -8.5819 -9.11369 -3.88641 -7.68243 -7.96853 -7.19603 -5.40055 -8.02421 -8.52496 -4.07033 -7.6276 -6.79612 -8.15079 -5.30836 -7.89437 -8.72118 -4.13647 -8.85944 -7.16737 -7.79945 -5.51516 -7.89477 -8.63095 -4.15132 -8.25012 -7.00883 -7.89505 -5.49234 -7.92621 -8.67398 -4.23351 -8.39557 -6.98463 -7.64922 -5.65843 -7.94889 -8.68474 -3.09858 -8.29432 -6.49372 -9.53058 -3.68882 -7.60509 -8.74669 -2.25383 -8.1899
63.81 -6.04093 -9.72607 -5.94139 -8.5952 -9.10592 -3.89249 -7.70917 -7.95348 -7.19811 -5.40508 -8.01475 -8.52437 -4.0715 -7.65209 -6.79658 -8.15163 -5.30903 -7.89486 -8.72119 -4.13636 -8.85383 -7.16781 -7.79903 -5.51511 -7.89487 -8.63087 -4.1514 -8.24999 -7.00864 -7.89512 -5.4924 -7.92621 -8.67402 -4.23349 -8.39585 -6.98466 -7.64924 -5.65842 -7.9489 -8.68474 -3.09859 -8.29424 -6.49373 -9.53057 -3.68884 -7.60509 -8.74669 -2.25383 -8.1899
63.86 -6.06798 -9.69251 -5.9056 -8.60841 -9.09882 -3.89848 -7.73593 -7.93834 -7.20041 -5.40964 -8.00648 -8.52409 -4.07259 -7.67599 -6.79713 -8.1524 -5.3097 -7.89535 -8.72117 -4.13626 -8.848 -7.16824 -7.79861 -5.51507 -7.89497 -8.63079 -4.15147 -8.2499 -7.00845 -7.8952 -5.49246 -7.9262 -8.67406 -4.23347 -8.39611 -6.98469 -7.64925 -5.6584 -7.9489 -8.68473 -3.0986 -8.29416 -6.49374 -9.53055 -3.68886 -7.6051 -8.74669 -2.25383 -8.18991
63.91 -6.09321 -9.65926 -5.87433 -8.62147 -9.09238 -3.90435 -7.76264 -7.92316 -7.20294 -5.41422 -7.99934 -8.52412 -4.0736 -7.69924 -6.79779 -8.15312 -5.31036 -7.89585 -8.72112 -4.13618 -8.84196 -7.16864 -7.79819 -5.51504 -7.89507 -8.63072 -4.15154 -8.24986 -7.00827 -7.89528 -5.49252 -7.9262 -8.67411 -4.23345 -8.39638 -6.98472 -7.64926 -5.65839 -7.94891 -8.68473 -3.09861 -8.29408 -6.49375 -9.53053 -3.68888 -7.6051 -8.74669 -2.25383 -8.18991
63.96 -6.11665 -9.6264 -5.84755 -8.63435 -9.08656 -3.9101 -7.78921 -7.90799 -7.20569 -5.41881 -7.99326 -8.52442 -4.07453 -7.72177 -6.79854 -8.15377 -5.31101 -7.89635 -8.72106 -4.1361 -8.83573 -7.16901 -7.79778 -5.51502 -7.89517 -8.63066 -4.15161 -8.24985 -7.00808 -7.89537 -5.49258 -7.92621 -8.67415 -4.23343 -8.39663 -6.98475 -7.64927 -5.65837 -7.94891 -8.68472 -3.09862 -8.294 -6.49376 -9.53051 -3.68891 -7.60511 -8.74668 -2.25384 -8.18992
64.01 -6.13833 -9.59401 -5.82514 -8.647 -9.08136 -3.9157 -7.81558 -7.89287 -7.20865 -5.42338 -7.98818 -8.52499 -4.07537 -7.74354 -6.79938 -8.15436 -5.31164 -7.89686 -8.72097 -4.13603 -8.82933 -7.16936 -7.79737 -5.51501 -7.89526 -8.6306 -4.15168 -8.24988 -7.00789 -7.89546 -5.49263 -7.92621 -8.6742 -4.23341 -8.39687 -6.98479 -7.64928 -5.65835 -7.94892 -8.68471 -3.09863 -8.29391 -6.49376 -9.53049 -3.68893 -7.60511 -8.74668 -2.25384 -8.18993
64.06 -6.1583 -9.56216 -5.80701 -8.6594 -9.07672 -3.92116 -7.84168 -7.87784 -7.21183 -5.42794 -7.98404 -8.5258 -4.07613 -7.76451 -6.80032 -8.15489 -5.31225 -7.89737 -8.72085 -4.13598 -8.82278 -7.16968 -7.79696 -5.51501 -7.89536 -8.63054 -4.15174 -8.24996 -7.0077 -7.89555 -5.49268 -7.92621 -8.67424 -4.23339 -8.39711 -6.98482 -7.64929 -5.65834 -7.94892 -8.68471 -3.09864 -8.29383 -6.49377 -9.53047 -3.68895 -7.60511 -8.74668 -2.25384 -8.18994
64.11 -6.1766 -9.53091 -5.79303 -8.67152 -9.07264 -3.92646 -7.86745 -7.86293 -7.2152 -5.43246 -7.98077 -8.52684 -4.0768 -7.78463 -6.80135 -8.15535 -5.31284 -7.89788 -8.72071 -4.13594 -8.81609 -7.16998 -7.79656 -5.51501 -7.89546 -8.63049 -4.1518 -8.25007 -7.00752 -7.89565 -5.49273 -7.92621 -8.67429 -4.23337 -8.39734 -6.98486 -7.6493 -5.65832 -7.94893 -8.6847 -3.09865 -8.29374 -6.49377 -9.53046 -3.68897 -7.60512 -8.74668 -2.25385 -8.18995
64.16 -6.19329 -9.50032 -5.78307 -8.68333 -9.06907 -3.9316 -7.89283 -7.84817 -7.21877 -5.43693 -7.97833 -8.52807 -4.07738 -7.80388 -6.80247 -8.15574 -5.31341 -7.89838 -8.72054 -4.13591 -8.80928 -7.17024 -7.79616 -5.51503 -7.89556 -8.63045 -4.15186 -8.25023 -7.00734 -7.89575 -5.49277 -7.92622 -8.67433 -4.23335 -8.39756 -6.9849 -7.6493 -5.6583 -7.94893 -8.68469 -3.09866 -8.29366 -6.49378 -9.53044 -3.68899 -7.60512 -8.74668 -2.25385 -8.18996
64.21 -6.2084 -9.47043 -5.77697 -8.69482 -9.06601 -3.93657 -7.91779 -7.83361 -7.22252 -5.44133 -7.97666 -8.5295 -4.07789 -7.82224 -6.80368 -8.15606 -5.31395 -7.89889 -8.72035 -4.13589 -8.80237 -7.17048 -7.79577 -5.51505 -7.89565 -8.63041 -4.15192 -8.25043 -7.00715 -7.89586 -5.49282 -7.92622 -8.67438 -4.23333 -8.39776 -6.98495 -7.6493 -5.65828 -7.94893 -8.68468 -3.09868 -8.29357 -6.49378 -9.53042 -3.68901 -7.60512 -8.74668 -2.25385 -8.18998
64.26 -6.22199 -9.44129 -5.7746 -8.70597 -9.06341 -3.94135 -7.94227 -7.81926 -7.22646 -5.44567 -7.97573 -8.53109 -4.07831 -7.83969 -6.80498 -8.15631 -5.31446 -7.89939 -8.72014 -4.13589 -8.79539 -7.17069 -7.79539 -5.51509 -7.89574 -8.63038 -4.15197 -8.25068 -7.00697 -7.89597 -5.49285 -7.92623 -8.67442 -4.23331 -8.39796 -6.98499 -7.6493 -5.65826 -7.94894 -8.68467 -3.09869 -8.29348 -6.49378 -9.53041 -3.68904 -7.60513 -8.74668 -2.25385 -8.18999
64.31 -6.23409 -9.41294 -5.77579 -8.71677 -9.06126 -3.94596 -7.96623 -7.80515 -7.23057 -5.44992 -7.97548 -8.53285 -4.07865 -7.85622 -6.80636 -8.15649 -5.31495 -7.89988 -8.7199 -4.1359 -8.78835 -7.17087 -7.79501 -5.51513 -7.89584 -8.63035 -4.15203 -8.25096 -7.0068 -7.89608 -5.49289 -7.92624 -8.67447 -4.23329 -8.39815 -6.98504 -7.6493 -5.65824 -7.94894 -8.68466 -3.0987 -8.2934 -6.49378 -9.53039 -3.68906 -7.60513 -8.74668 -2.25386 -8.19
64.36 -6.24475 -9.38541 -5.7804 -8.72721 -9.05953 -3.95039 -7.98965 -7.79131 -7.23484 -5.45408 -7.97589 -8.53475 -4.07891 -7.87181 -6.80783 -8.1566 -5.31541 -7.90037 -8.71964 -4.13592 -8.78126 -7.17102 -7.79464 -5.51518 -7.89592 -8.63033 -4.15207 -8.25129 -7.00662 -7.89619 -5.49292 -7.92624 -8.67451 -4.23326 -8.39832 -6.98508 -7.64929 -5.65822 -7.94894 -8.68465 -3.09871 -8.29331 -6.49378 -9.53038 -3.68908 -7.60513 -8.74668 -2.25386 -8.19002
64.41 -6.25399 -9.35873 -5.78827 -8.7373 -9.05821 -3.95463 -8.01248 -7.77777 -7.23927 -5.45814 -7.97694 -8.53677 -4.0791 -7.88647 -6.80937 -8.15663 -5.31585 -7.90085 -8.71935 -4.13595 -8.77414 -7.17113 -7.79429 -5.51524 -7.89601 -8.63032 -4.15212 -8.25165 -7.00645 -7.89631 -5.49296 -7.92625 -8.67456 -4.23324 -8.39848 -6.98513 -7.64929 -5.65821 -7.94894 -8.68464 -3.09873 -8.29322 -6.49378 -9.53037 -3.6891 -7.60514 -8.74668 -2.25386 -8.19004
64.46 -6.26186 -9.33293 -5.79927 -8.74703 -9.05729 -3.95868 -8.0347 -7.76453 -7.24384 -5.46208 -7.97858 -8.53892 -4.07921 -7.90018 -6.81099 -8.1566 -5.31625 -7.90132 -8.71905 -4.136 -8.76702 -7.17122 -7.79394 -5.51531 -7.89609 -8.63031 -4.15216 -8.25206 -7.00629 -7.89643 -5.49298 -7.92626 -8.6746 -4.23322 -8.39863 -6.98518 -7.64928 -5.65819 -7.94895 -8.68463 -3.09874 -8.29314 -6.49378 -9.53035 -3.68913 -7.60514 -8.74668 -2.25386 -8.19005
64.51 -6.26837 -9.30803 -5.81325 -8.7564 -9.05674 -3.96254 -8.05628 -7.75161 -7.24855 -5.46591 -7.98081 -8.54118 -4.07926 -7.91296 -6.81268 -8.15649 -5.31662 -7.90177 -8.71872 -4.13605 -8.75991 -7.17127 -7.7936 -5.51538 -7.89617 -8.63031 -4.1522 -8.25251 -7.00612 -7.89655 -5.49301 -7.92627 -8.67464 -4.23319 -8.39877 -6.98523 -7.64927 -5.65817 -7.94895 -8.68462 -3.09876 -8.29305 -6.49377 -9.53034 -3.68915 -7.60514 -8.74668 -2.25386 -8.19007
64.56 -6.27357 -9.28406 -5.83009 -8.76541 -9.05656 -3.9662 -8.07719 -7.73905 -7.25337 -5.46961 -7.98361 -8.54354 -4.07923 -7.92479 -6.81445 -8.1563 -5.31697 -7.90222 -8.71837 -4.13612 -8.75282 -7.17129 -7.79328 -5.51547 -7.89625 -8.63032 -4.15224 -8.253 -7.00597 -7.89667 -5.49303 -7.92628 -8.67468 -4.23317 -8.39889 -6.98529 -7.64926 -5.65815 -7.94895 -8.68461 -3.09877 -8.29297 -6.49377 -9.53033 -3.68917 -7.60514 -8.74668 -2.25386 -8.19009
64.61 -6.27746 -9.26103 -5.84965 -8.77408 -9.05673 -3.96968 -8.09743 -7.72684 -7.25832 -5.47319 -7.98696 -8.546 -4.07914 -7.9357 -6.81627 -8.15604 -5.31729 -7.90265 -8.718 -4.13621 -8.74577 -7.17128 -7.79297 -5.51556 -7.89633 -8.63033 -4.15227 -8.25353 -7.00581 -7.89679 -5.49305 -7.9263 -8.67472 -4.23314 -8.399 -6.98534 -7.64925 -5.65813 -7.94895 -8.68459 -3.09879 -8.29288 -6.49376 -9.53032 -3.68919 -7.60514 -8.74669 -2.25387 -8.19011
64.66 -6.28006 -9.23897 -5.87183 -8.78239 -9.05725 -3.97296 -8.11696 -7.71501 -7.26337 -5.47662 -7.99086 -8.54854 -4.07899 -7.94567 -6.81816 -8.15571 -5.31758 -7.90307 -8.71761 -4.1363 -8.73878 -7.17123 -7.79267 -5.51567 -7.8964 -8.63035 -4.1523 -8.2541 -7.00566 -7.89692 -5.49306 -7.92631 -8.67476 -4.23312 -8.3991 -6.98539 -7.64923 -5.65811 -7.94895 -8.68458 -3.0988 -8.2928 -6.49376 -9.53031 -3.68921 -7.60515 -8.74669 -2.25387 -8.19013
64.71 -6.2814 -9.21789 -5.89652 -8.79037 -9.05811 -3.97604 -8.13578 -7.70357 -7.26851 -5.47991 -7.9953 -8.55116 -4.07878 -7.95472 -6.8201 -8.15531 -5.31785 -7.90348 -8.7172 -4.13641 -8.73185 -7.17116 -7.79239 -5.51578 -7.89647 -8.63037 -4.15232 -8.2547 -7.00552 -7.89704 -5.49307 -7.92632 -8.6748 -4.2331 -8.39918 -6.98545 -7.64922 -5.65809 -7.94895 -8.68457 -3.09882 -8.29272 -6.49375 -9.5303 -3.68923 -7.60515 -8.74669 -2.25387 -8.19015
64.76 -6.28147 -9.19781 -5.92363 -8.79801 -9.05931 -3.97893 -8.15385 -7.69253 -7.27373 -5.48305 -8.00028 -8.55386 -4.07851 -7.96286 -6.8221 -8.15483 -5.31809 -7.90387 -8.71677 -4.13653 -8.72501 -7.17105 -7.79212 -5.5159 -7.89654 -8.6304 -4.15235 -8.25534 -7.00538 -7.89717 -5.49308 -7.92634 -8.67484 -4.23307 -8.39925 -6.9855 -7.6492 -5.65807 -7.94895 -8.68455 -3.09883 -8.29264 -6.49374 -9.53029 -3.68926 -7.60515 -8.74669 -2.25387 -8.19017
64.81 -6.28028 -9.17874 -5.95307 -8.80533 -9.06084 -3.98161 -8.17117 -7.68191 -7.27903 -5.48604 -8.0058 -8.55663 -4.07818 -7.97008 -6.82414 -8.15429 -5.3183 -7.90425 -8.71633 -4.13666 -8.71826 -7.1709 -7.79187 -5.51602 -7.89661 -8.63044 -4.15236 -8.25601 -7.00525 -7.8973 -5.49308 -7.92635 -8.67487 -4.23305 -8.3993 -6.98556 -7.64918 -5.65805 -7.94894 -8.68454 -3.09885 -8.29256 -6.49373 -9.53028 -3.68928 -7.60515 -8.7467 -2.25387 -8.19019
64.86 -6.27784 -9.1607 -5.98477 -8.81233 -9.06271 -3.9841 -8.18772 -7.67171 -7.28438 -5.48887 -8.01188 -8.55947 -4.07781 -7.9764 -6.82623 -8.15367 -5.31849 -7.90461 -8.71587 -4.1368 -8.71162 -7.17073 -7.79163 -5.51616 -7.89667 -8.63049 -4.15238 -8.25672 -7.00513 -7.89743 -5.49308 -7.92637 -8.67491 -4.23303 -8.39934 -6.98562 -7.64916 -5.65803 -7.94894 -8.68453 -3.09886 -8.29249 -6.49372 -9.53027 -3.6893 -7.60515 -8.7467 -2.25387 -8.19021
64.91 -6.27415 -9.14371 -6.01866 -8.81903 -9.06491 -3.98639 -8.20349 -7.66195 -7.28978 -5.49155 -8.0185 -8.56238 -4.07738 -7.98183 -6.82836 -8.15298 -5.31866 -7.90495 -8.71539 -4.13695 -8.7051 -7.17052 -7.79141 -5.5163 -7.89673 -8.63054 -4.15239 -8.25746 -7.00501 -7.89755 -5.49308 -7.92638 -8.67494 -4.233 -8.39937 -6.98567 -7.64913 -5.65801 -7.94894 -8.68451 -3.09888 -8.29241 -6.49371 -9.53027 -3.68932 -7.60515 -8.7467 -2.25387 -8.19024
64.96 -6.26919 -9.12779 -6.0547 -8.82542 -9.06746 -3.98848 -8.21845 -7.65263 -7.29523 -5.49406 -8.02569 -8.56536 -4.0769 -7.98637 -6.83052 -8.15223 -5.31881 -7.90527 -8.71491 -4.13712 -8.69872 -7.17028 -7.7912 -5.51644 -7.89679 -8.6306 -4.1524 -8.25823 -7.0049 -7.89768 -5.49308 -7.9264 -8.67497 -4.23298 -8.39938 -6.98573 -7.64911 -5.65799 -7.94894 -8.6845 -3.09889 -8.29234 -6.4937 -9.53026 -3.68933 -7.60515 -8.74671 -2.25387 -8.19026
65.01 -6.26295 -9.11294 -6.09284 -8.83152 -9.07034 -3.99036 -8.2326 -7.64378 -7.30069 -5.4964 -8.03347 -8.56839 -4.07637 -7.99002 -6.83272 -8.15141 -5.31893 -7.90558 -8.71441 -4.13729 -8.69247 -7.17001 -7.79102 -5.5166 -7.89684 -8.63066 -4.1524 -8.25903 -7.0048 -7.8978 -5.49307 -7.92642 -8.675 -4.23296 -8.39937 -6.98579 -7.64908 -5.65798 -7.94893 -8.68448 -3.09891 -8.29227 -6.49369 -9.53026 -3.68935 -7.60515 -8.74671 -2.25387 -8.19028
65.06 -6.25544 -9.09919 -6.13305 -8.83734 -9.07358 -3.99203 -8.24593 -7.63539 -7.30618 -5.49857 -8.04184 -8.5715 -4.0758 -7.9928 -6.83493 -8.15052 -5.31904 -7.90587 -8.7139 -4.13748 -8.68638 -7.16971 -7.79085 -5.51676 -7.8969 -8.63073 -4.1524 -8.25985 -7.0047 -7.89793 -5.49305 -7.92644 -8.67503 -4.23293 -8.39935 -6.98584 -7.64905 -5.65796 -7.94893 -8.68447 -3.09893 -8.29221 -6.49367 -9.53026 -3.68937 -7.60515 -8.74671 -2.25387 -8.19031
65.11 -6.24661 -9.08656 -6.17533 -8.84287 -9.07717 -3.9935 -8.25841 -7.62748 -7.31166 -5.50058 -8.05083 -8.57466 -4.07518 -7.9947 -6.83717 -8.14957 -5.31913 -7.90614 -8.71338 -4.13767 -8.68045 -7.16938 -7.7907 -5.51693 -7.89695 -8.63081 -4.15239 -8.2607 -7.00461 -7.89805 -5.49304 -7.92646 -8.67506 -4.23291 -8.39932 -6.9859 -7.64903 -5.65794 -7.94893 -8.68445 -3.09894 -8.29214 -6.49366 -9.53025 -3.68939 -7.60515 -8.74672 -2.25387 -8.19033
65.16 -6.23646 -9.07507 -6.21965 -8.84814 -9.08113 -3.99476 -8.27002 -7.62006 -7.31714 -5.50241 -8.06047 -8.5779 -4.07452 -7.99572 -6.83943 -8.14856 -5.3192 -7.90639 -8.71285 -4.13787 -8.6747 -7.16902 -7.79056 -5.5171 -7.897 -8.63089 -4.15239 -8.26158 -7.00453 -7.89818 -5.49302 -7.92648 -8.67508 -4.23289 -8.39927 -6.98596 -7.649 -5.65792 -7.94892 -8.68444 -3.09896 -8.29208 -6.49364 -9.53025 -3.6894 -7.60515 -8.74672 -2.25387 -8.19035
65.21 -6.22495 -9.06473 -6.26602 -8.85314 -9.08548 -3.9958 -8.28076 -7.61314 -7.32259 -5.50406 -8.07077 -8.5812 -4.07383 -7.99587 -6.8417 -8.14749 -5.31925 -7.90663 -8.71231 -4.13809 -8.66912 -7.16863 -7.79045 -5.51728 -7.89704 -8.63098 -4.15237 -8.26248 -7.00446 -7.8983 -5.493 -7.9265 -8.67511 -4.23287 -8.3992 -6.98601 -7.64896 -5.65791 -7.94892 -8.68443 -3.09897 -8.29202 -6.49363 -9.53025 -3.68942 -7.60515 -8.74673 -2.25387 -8.19038
65.26 -6.21206 -9.05559 -6.31447 -8.85789 -9.09021 -3.99662 -8.29061 -7.60674 -7.32802 -5.50554 -8.08178 -8.58457 -4.07309 -7.99515 -6.84397 -8.14636 -5.31929 -7.90684 -8.71177 -4.13831 -8.66373 -7.16822 -7.79036 -5.51746 -7.89709 -8.63108 -4.15236 -8.2634 -7.00439 -7.89841 -5.49297 -7.92652 -8.67513 -4.23285 -8.39913 -6.98607 -7.64893 -5.65789 -7.94891 -8.68441 -3.09899 -8.29196 -6.49361 -9.53025 -3.68943 -7.60515 -8.74673 -2.25387 -8.1904
65.31 -6.19774 -9.04765 -6.365 -8.86238 -9.09536 -3.99722 -8.29954 -7.60085 -7.3334 -5.50684 -8.09351 -8.58802 -4.07231 -7.99355 -6.84624 -8.14518 -5.31931 -7.90704 -8.71122 -4.13854 -8.65855 -7.16777 -7.79028 -5.51765 -7.89713 -8.63118 -4.15234 -8.26433 -7.00434 -7.89853 -5.49294 -7.92654 -8.67515 -4.23283 -8.39903 -6.98612 -7.6489 -5.65788 -7.94891 -8.6844 -3.099 -8.29191 -6.4936 -9.53025 -3.68945 -7.60515 -8.74674 -2.25387 -8.19043
65.36 -6.18196 -9.04095 -6.41767 -8.86662 -9.10093 -3.9976 -8.30753 -7.59551 -7.33872 -5.50796 -8.10602 -8.59154 -4.07149 -7.99107 -6.84851 -8.14395 -5.31931 -7.90721 -8.71067 -4.13877 -8.65357 -7.1673 -7.79023 -5.51784 -7.89717 -8.63128 -4.15232 -8.26528 -7.00429 -7.89864 -5.49291 -7.92656 -8.67517 -4.23281 -8.39892 -6.98617 -7.64886 -5.65786 -7.9489 -8.68438 -3.09902 -8.29186 -6.49358 -9.53025 -3.68946 -7.60515 -8.74674 -2.25387 -8.19045
65.41 -6.16467 -9.03552 -6.47252 -8.87062 -9.10694 -3.99775 -8.31457 -7.59071 -7.34398 -5.50889 -8.11933 -8.59515 -4.07064 -7.98771 -6.85077 -8.14267 -5.3193 -7.90736 -8.71011 -4.13902 -8.6488 -7.1668 -7.79019 -5.51804 -7.89721 -8.63139 -4.15229 -8.26625 -7.00425 -7.89876 -5.49288 -7.92658 -8.67518 -4.23279 -8.3988 -6.98623 -7.64883 -5.65785 -7.9489 -8.68437 -3.09903 -8.29182 -6.49356 -9.53026 -3.68947 -7.60515 -8.74675 -2.25387 -8.19047
65.46 -6.14583 -9.03139 -6.5296 -8.87437 -9.11342 -3.99766 -8.32062 -7.58647 -7.34916 -5.50964 -8.13349 -8.59885 -4.06974 -7.98345 -6.85302 -8.14134 -5.31928 -7.9075 -8.70956 -4.13927 -8.64426 -7.16628 -7.79018 -5.51824 -7.89725 -8.63151 -4.15226 -8.26723 -7.00422 -7.89886 -5.49284 -7.9266 -8.6752 -4.23277 -8.39866 -6.98628 -7.64879 -5.65783 -7.94889 -8.68435 -3.09904 -8.29177 -6.49354 -9.53026 -3.68949 -7.60514 -8.74675 -2.25386 -8.1905
65.51 -6.12539 -9.0286 -6.58898 -8.87789 -9.12039 -3.99733 -8.32567 -7.58281 -7.35424 -5.51021 -8.14854 -8.60263 -4.06881 -7.97828 -6.85525 -8.13996 -5.31924 -7.90761 -8.709 -4.13952 -8.63995 -7.16574 -7.79019 -5.51844 -7.89728 -8.63163 -4.15222 -8.26822 -7.0042 -7.89897 -5.4928 -7.92662 -8.67521 -4.23275 -8.39851 -6.98633 -7.64875 -5.65782 -7.94888 -8.68434 -3.09906 -8.29173 -6.49352 -9.53027 -3.6895 -7.60514 -8.74676 -2.25386 -8.19052
65.56 -6.10328 -9.02719 -6.65074 -8.88116 -9.12786 -3.99675 -8.32968 -7.57974 -7.35922 -5.51058 -8.16452 -8.60652 -4.06784 -7.9722 -6.85745 -8.13855 -5.31919 -7.9077 -8.70845 -4.13979 -8.63587 -7.16517 -7.79021 -5.51865 -7.89731 -8.63176 -4.15218 -8.26921 -7.00419 -7.89907 -5.49276 -7.92665 -8.67522 -4.23274 -8.39835 -6.98638 -7.64872 -5.65781 -7.94888 -8.68433 -3.09907 -8.2917 -6.4935 -9.53027 -3.68951 -7.60514 -8.74676 -2.25386 -8.19054
65.61 -6.07946 -9.0272 -6.71494 -8.88419 -9.13587 -3.99592 -8.33263 -7.57729 -7.36409 -5.51077 -8.18148 -8.61051 -4.06683 -7.96519 -6.85963 -8.13709 -5.31913 -7.90777 -8.70789 -4.14005 -8.63204 -7.16458 -7.79026 -5.51886 -7.89734 -8.63189 -4.15214 -8.27021 -7.00418 -7.89917 -5.49271 -7.92667 -8.67523 -4.23272 -8.39817 -6.98643 -7.64868 -5.6578 -7.94887 -8.68431 -3.09908 -8.29167 -6.49348 -9.53028 -3.68952 -7.60514 -8.74677 -2.25386 -8.19057
65.66 -6.05387 -9.02867 -6.78168 -8.88697 -9.14444 -3.99484 -8.33448 -7.57545 -7.36883 -5.51076 -8.19945 -8.61461 -4.06578 -7.95722 -6.86177 -8.1356 -5.31904 -7.90782 -8.70734 -4.14032 -8.62847 -7.16398 -7.79033 -5.51907 -7.89737 -8.63202 -4.1521 -8.27122 -7.00419 -7.89926 -5.49266 -7.92669 -8.67523 -4.23271 -8.39798 -6.98647 -7.64864 -5.65779 -7.94886 -8.6843 -3.0991 -8.29164 -6.49346 -9.53028 -3.68952 -7.60513 -8.74677 -2.25386 -8.19059
65.71 -6.02645 -9.03165 -6.85105 -8.88951 -9.15359 -3.99348 -8.3352 -7.57427 -7.37342 -5.51056 -8.21849 -8.61883 -4.0647 -7.9483 -6.86386 -8.13408 -5.31895 -7.90785 -8.7068 -4.1406 -8.62515 -7.16335 -7.79041 -5.51928 -7.89739 -8.63216 -4.15205 -8.27222 -7.0042 -7.89935 -5.49261 -7.92671 -8.67524 -4.23269 -8.39778 -6.98652 -7.6486 -5.65778 -7.94886 -8.68429 -3.09911 -8.29162 -6.49344 -9.53029 -3.68953 -7.60513 -8.74678 -2.25386 -8.19061
65.76 -5.99717 -9.03619 -6.92312 -8.89178 -9.16334 -3.99185 -8.33475 -7.57374 -7.37786 -5.51016 -8.23862 -8.62316 -4.06357 -7.93838 -6.86592 -8.13253 -5.31884 -7.90785 -8.70626 -4.14088 -8.62211 -7.16271 -7.79052 -5.51949 -7.89742 -8.63231 -4.152 -8.27323 -7.00423 -7.89943 -5.49255 -7.92674 -8.67524 -4.23268 -8.39756 -6.98656 -7.64856 -5.65777 -7.94885 -8.68427 -3.09912 -8.2916 -6.49342 -9.5303 -3.68954 -7.60513 -8.74678 -2.25385 -8.19063
65.81 -5.96596 -9.04234 -6.99797 -8.89379 -9.17373 -3.98993 -8.3331 -7.5739 -7.38214 -5.50957 -8.25987 -8.62763 -4.0624 -7.92746 -6.86792 -8.13095 -5.31871 -7.90783 -8.70573 -4.14116 -8.61934 -7.16205 -7.79065 -5.5197 -7.89744 -8.63245 -4.15194 -8.27423 -7.00426 -7.89951 -5.4925 -7.92676 -8.67524 -4.23267 -8.39733 -6.9866 -7.64852 -5.65776 -7.94884 -8.68426 -3.09913 -8.29158 -6.4934 -9.53031 -3.68954 -7.60513 -8.74679 -2.25385 -8.19066
65.86 -5.93281 -9.05015 -7.07567 -8.89551 -9.18475 -3.98773 -8.3302 -7.57477 -7.38623 -5.50877 -8.28225 -8.63221 -4.06118 -7.91551 -6.86987 -8.12936 -5.31856 -7.90779 -8.70521 -4.14144 -8.61685 -7.16137 -7.79079 -5.51992 -7.89745 -8.6326 -4.15188 -8.27522 -7.0043 -7.89959 -5.49244 -7.92678 -8.67524 -4.23266 -8.3971 -6.98664 -7.64848 -5.65775 -7.94883 -8.68425 -3.09914 -8.29157 -6.49338 -9.53032 -3.68954 -7.60512 -8.7468 -2.25385 -8.19068
65.91 -5.8977 -9.05967 -7.15627 -8.89694 -9.19644 -3.98522 -8.32602 -7.57636 -7.39014 -5.50777 -8.30577 -8.63692 -4.05992 -7.90252 -6.87176 -8.12774 -5.3184 -7.90772 -8.7047 -4.14172 -8.61466 -7.16069 -7.79096 -5.52013 -7.89747 -8.63275 -4.15182 -8.27621 -7.00435 -7.89966 -5.49238 -7.9268 -8.67523 -4.23265 -8.39685 -6.98668 -7.64844 -5.65775 -7.94882 -8.68424 -3.09915 -8.29156 -6.49336 -9.53033 -3.68955 -7.60512 -8.7468 -2.25385 -8.1907
65.96 -5.86063 -9.07095 -7.23979 -8.89805 -9.20878 -3.98241 -8.32052 -7.5787 -7.39384 -5.50656 -8.33041 -8.64176 -4.05861 -7.88846 -6.87358 -8.12611 -5.31821 -7.90763 -8.70419 -4.14201 -8.61277 -7.15999 -7.79115 -5.52034 -7.89748 -8.6329 -4.15176 -8.27718 -7.00441 -7.89973 -5.49232 -7.92682 -8.67522 -4.23264 -8.39659 -6.98671 -7.6484 -5.65774 -7.94881 -8.68423 -3.09916 -8.29156 -6.49333 -9.53034 -3.68955 -7.60512 -8.74681 -2.25384 -8.19072
66.01 -5.82162 -9.08404 -7.32623 -8.89881 -9.22179 -3.97928 -8.31365 -7.58181 -7.39732 -5.50515 -8.35613 -8.64671 -4.05726 -7.87331 -6.87533 -8.12447 -5.31801 -7.90752 -8.70371 -4.14229 -8.61119 -7.15928 -7.79135 -5.52055 -7.89748 -8.63306 -4.15169 -8.27815 -7.00448 -7.89979 -5.49225 -7.92684 -8.67521 -4.23263 -8.39632 -6.98675 -7.64836 -5.65774 -7.9488 -8.68422 -3.09917 -8.29156 -6.49331 -9.53036 -3.68955 -7.60511 -8.74681 -2.25384 -8.19074
66.06 -5.78074 -9.09898 -7.41554 -8.89921 -9.23544 -3.97583 -8.30538 -7.58571 -7.40057 -5.50352 -8.38287 -8.65176 -4.05586 -7.85707 -6.87701 -8.12282 -5.31778 -7.90738 -8.70323 -4.14258 -8.60992 -7.15856 -7.79157 -5.52076 -7.89749 -8.63322 -4.15162 -8.2791 -7.00456 -7.89984 -5.49219 -7.92687 -8.6752 -4.23263 -8.39604 -6.98678 -7.64832 -5.65773 -7.9488 -8.68421 -3.09918 -8.29156 -6.49329 -9.53037 -3.68955 -7.60511 -8.74682 -2.25384 -8.19075
66.11 -5.73809 -9.11579 -7.50761 -8.8992 -9.2497 -3.97205 -8.29568 -7.59042 -7.40358 -5.50168 -8.41051 -8.65689 -4.05441 -7.83972 -6.8786 -8.12116 -5.31752 -7.90721 -8.70277 -4.14286 -8.60899 -7.15784 -7.79181 -5.52096 -7.89749 -8.63338 -4.15155 -8.28003 -7.00464 -7.89989 -5.49212 -7.92689 -8.67519 -4.23262 -8.39575 -6.98681 -7.64828 -5.65773 -7.94879 -8.6842 -3.09918 -8.29157 -6.49327 -9.53038 -3.68955 -7.6051 -8.74682 -2.25383 -8.19077
66.16 -5.69379 -9.13451 -7.60228 -8.89875 -9.26453 -3.96795 -8.28452 -7.59596 -7.40633 -5.49962 -8.43893 -8.66209 -4.05292 -7.82127 -6.8801 -8.11951 -5.31725 -7.90702 -8.70232 -4.14314 -8.60839 -7.15711 -7.79207 -5.52117 -7.89748 -8.63353 -4.15148 -8.28094 -7.00474 -7.89994 -5.49205 -7.92691 -8.67517 -4.23262 -8.39546 -6.98683 -7.64824 -5.65773 -7.94878 -8.68419 -3.09919 -8.29158 -6.49325 -9.5304 -3.68955 -7.6051 -8.74683 -2.25383 -8.19079
66.21 -5.64803 -9.15513 -7.69931 -8.89781 -9.27987 -3.96352 -8.27189 -7.60233 -7.40881 -5.49734 -8.46795 -8.66732 -4.05138 -7.80172 -6.88151 -8.11786 -5.31694 -7.90681 -8.7019 -4.14342 -8.60813 -7.15638 -7.79234 -5.52137 -7.89747 -8.63369 -4.1514 -8.28182 -7.00484 -7.89997 -5.49198 -7.92693 -8.67515 -4.23261 -8.39516 -6.98686 -7.6482 -5.65773 -7.94877 -8.68418 -3.09919 -8.2916 -6.49323 -9.53041 -3.68954 -7.6051 -8.74684 -2.25383 -8.19081
66.26 -5.60104 -9.17764 -7.79841 -8.89633 -9.29562 -3.95877 -8.25776 -7.60956 -7.41102 -5.49484 -8.49737 -8.67254 -4.0498 -7.7811 -6.88283 -8.11622 -5.3166 -7.90656 -8.70149 -4.14369 -8.60823 -7.15564 -7.79264 -5.52156 -7.89746 -8.63385 -4.15132 -8.28269 -7.00495 -7.90001 -5.49191 -7.92695 -8.67513 -4.23261 -8.39485 -6.98688 -7.64816 -5.65773 -7.94876 -8.68417 -3.0992 -8.29162 -6.49321 -9.53043 -3.68954 -7.60509 -8.74684 -2.25382 -8.19082
66.31 -5.55308 -9.20202 -7.89918 -8.89426 -9.31169 -3.95369 -8.24214 -7.61763 -7.41293 -5.49212 -8.52696 -8.67771 -4.04818 -7.75945 -6.88404 -8.11459 -5.31624 -7.9063 -8.7011 -4.14396 -8.60869 -7.15491 -7.79294 -5.52175 -7.89744 -8.63401 -4.15124 -8.28352 -7.00507 -7.90003 -5.49183 -7.92697 -8.67511 -4.23261 -8.39453 -6.9869 -7.64812 -5.65773 -7.94875 -8.68417 -3.0992 -8.29165 -6.49318 -9.53045 -3.68953 -7.60509 -8.74685 -2.25382 -8.19083
66.36 -5.50446 -9.22822 -8.00116 -8.89154 -9.32795 -3.94831 -8.22505 -7.62656 -7.41455 -5.48918 -8.55645 -8.68279 -4.04652 -7.7368 -6.88514 -8.11298 -5.31584 -7.906 -8.70073 -4.14423 -8.60952 -7.15418 -7.79326 -5.52194 -7.89741 -8.63417 -4.15116 -8.28433 -7.00519 -7.90005 -5.49176 -7.92698 -8.67509 -4.23261 -8.39421 -6.98691 -7.64808 -5.65773 -7.94874 -8.68416 -3.09921 -8.29167 -6.49316 -9.53046 -3.68953 -7.60508 -8.74685 -2.25382 -8.19085
66.41 -5.45551 -9.25615 -8.10381 -8.88812 -9.34428 -3.94264 -8.20652 -7.63632 -7.41585 -5.48603 -8.58557 -8.68772 -4.04484 -7.71323 -6.88613 -8.11139 -5.31542 -7.90568 -8.70038 -4.14449 -8.61072 -7.15345 -7.7936 -5.52212 -7.89738 -8.63432 -4.15108 -8.2851 -7.00532 -7.90007 -5.49168 -7.927 -8.67506 -4.23261 -8.39389 -6.98693 -7.64805 -5.65773 -7.94873 -8.68415 -3.09921 -8.29171 -6.49314 -9.53048 -3.68952 -7.60508 -8.74686 -2.25381 -8.19086
66.46 -5.40659 -9.28573 -8.20654 -8.88395 -9.36052 -3.9367 -8.18659 -7.6469 -7.41684 -5.48266 -8.61404 -8.69244 -4.04314 -7.68882 -6.88701 -8.10983 -5.31496 -7.90533 -8.70006 -4.14474 -8.6123 -7.15272 -7.79395 -5.5223 -7.89734 -8.63448 -4.15099 -8.28584 -7.00546 -7.90008 -5.49161 -7.92702 -8.67503 -4.23261 -8.39356 -6.98694 -7.64801 -5.65773 -7.94872 -8.68415 -3.09921 -8.29174 -6.49312 -9.5305 -3.68951 -7.60507 -8.74686 -2.25381 -8.19087
66.51 -5.35804 -9.31682 -8.30869 -8.87897 -9.37652 -3.93052 -8.16534 -7.65827 -7.4175 -5.47909 -8.64159 -8.69691 -4.04144 -7.66365 -6.88776 -8.10829 -5.31447 -7.90496 -8.69976 -4.14499 -8.61426 -7.15201 -7.79431 -5.52247 -7.8973 -8.63463 -4.15091 -8.28655 -7.00561 -7.90008 -5.49153 -7.92703 -8.675 -4.23262 -8.39323 -6.98695 -7.64798 -5.65774 -7.94871 -8.68414 -3.09922 -8.29179 -6.4931 -9.53052 -3.6895 -7.60507 -8.74687 -2.25381 -8.19088
66.56 -5.31023 -9.34929 -8.40961 -8.87314 -9.39214 -3.92412 -8.14283 -7.67039 -7.41784 -5.47531 -8.66799 -8.70107 -4.03973 -7.63784 -6.8884 -8.10678 -5.31395 -7.90456 -8.69949 -4.14523 -8.61661 -7.1513 -7.79469 -5.52263 -7.89725 -8.63478 -4.15082 -8.28721 -7.00576 -7.90007 -5.49146 -7.92705 -8.67497 -4.23262 -8.39289 -6.98695 -7.64794 -5.65774 -7.9487 -8.68414 -3.09922 -8.29183 -6.49309 -9.53053 -3.68949 -7.60507 -8.74687 -2.2538 -8.19089
66.61 -5.26347 -9.38298 -8.50859 -8.86642 -9.40724 -3.91754 -8.11917 -7.68322 -7.41784 -5.47134 -8.69302 -8.70489 -4.03803 -7.61151 -6.8889 -8.10532 -5.31341 -7.90414 -8.69924 -4.14546 -8.61934 -7.1506 -7.79508 -5.52279 -7.8972 -8.63492 -4.15074 -8.28784 -7.00592 -7.90006 -5.49138 -7.92706 -8.67494 -4.23263 -8.39256 -6.98695 -7.64791 -5.65775 -7.94869 -8.68414 -3.09922 -8.29188 -6.49307 -9.53055 -3.68948 -7.60506 -8.74688 -2.2538 -8.1909
66.66 -5.21806 -9.41771 -8.60497 -8.8588 -9.42169 -3.91081 -8.09446 -7.69671 -7.41751 -5.46719 -8.71651 -8.70834 -4.03635 -7.58478 -6.88928 -8.10389 -5.31284 -7.9037 -8.69902 -4.14569 -8.62245 -7.14992 -7.79547 -5.52293 -7.89714 -8.63507 -4.15065 -8.28842 -7.00608 -7.90005 -5.49131 -7.92708 -8.67491 -4.23263 -8.39222 -6.98696 -7.64788 -5.65776 -7.94868 -8.68413 -3.09922 -8.29193 -6.49305 -9.53057 -3.68947 -7.60506 -8.74688 -2.2538 -8.19091
66.71 -5.17424 -9.4533 -8.6981 -8.85027 -9.43539 -3.90397 -8.06883 -7.71078 -7.41685 -5.46287 -8.73834 -8.71137 -4.03471 -7.5578 -6.88952 -8.10251 -5.31225 -7.90324 -8.69883 -4.1459 -8.62594 -7.14925 -7.79588 -5.52308 -7.89708 -8.63521 -4.15056 -8.28896 -7.00625 -7.90002 -5.49123 -7.92709 -8.67487 -4.23264 -8.39189 -6.98695 -7.64785 -5.65776 -7.94868 -8.68413 -3.09922 -8.29199 -6.49303 -9.53059 -3.68945 -7.60505 -8.74689 -2.25379 -8.19091
66.76 -5.13222 -9.48957 -8.78738 -8.84082 -9.44825 -3.89706 -8.0424 -7.72539 -7.41586 -5.45841 -8.75844 -8.714 -4.03311 -7.53068 -6.88964 -8.10117 -5.31163 -7.90276 -8.69866 -4.14611 -8.6298 -7.1486 -7.79629 -5.52321 -7.89701 -8.63534 -4.15048 -8.28945 -7.00642 -7.9 -5.49116 -7.9271 -8.67483 -4.23265 -8.39155 -6.98695 -7.64782 -5.65777 -7.94867 -8.68413 -3.09921 -8.29204 -6.49301 -9.53061 -3.68944 -7.60505 -8.74689 -2.25379 -8.19092
66.81 -5.09214 -9.52632 -8.87228 -8.8305 -9.4602 -3.89012 -8.01531 -7.74046 -7.41455 -5.4538 -8.77677 -8.7162 -4.03156 -7.50358 -6.88962 -8.09989 -5.31101 -7.90226 -8.69853 -4.14631 -8.63402 -7.14796 -7.79672 -5.52334 -7.89693 -8.63547 -4.15039 -8.28989 -7.0066 -7.89996 -5.49108 -7.92711 -8.67479 -4.23266 -8.39122 -6.98694 -7.64779 -5.65778 -7.94866 -8.68413 -3.09921 -8.29211 -6.493 -9.53063 -3.68943 -7.60504 -8.7469 -2.25379 -8.19092
66.86 -5.0541 -9.56337 -8.95233 -8.81933 -9.47123 -3.88319 -7.98769 -7.75591 -7.41291 -5.44909 -8.79335 -8.71798 -4.03008 -7.47662 -6.88947 -8.09867 -5.31037 -7.90175 -8.69843 -4.14649 -8.63859 -7.14735 -7.79715 -5.52345 -7.89686 -8.6356 -4.1503 -8.29028 -7.00678 -7.89992 -5.49101 -7.92712 -8.67475 -4.23267 -8.39089 -6.98693 -7.64776 -5.65779 -7.94865 -8.68413 -3.09921 -8.29217 -6.49298 -9.53065 -3.68941 -7.60504 -8.7469 -2.25378 -8.19093
66.91 -5.01818 -9.60054 -9.02714 -8.80736 -9.48129 -3.87629 -7.95968 -7.77168 -7.41097 -5.44427 -8.80823 -8.71937 -4.02867 -7.44992 -6.88918 -8.09751 -5.30972 -7.90122 -8.69835 -4.14667 -8.64349 -7.14675 -7.79758 -5.52356 -7.89678 -8.63572 -4.15022 -8.29062 -7.00697 -7.89987 -5.49094 -7.92713 -8.67471 -4.23268 -8.39056 -6.98692 -7.64774 -5.6578 -7.94864 -8.68413 -3.0992 -8.29224 -6.49297 -9.53067 -3.68939 -7.60503 -8.7469 -2.25378 -8.19093
66.96 -4.98438 -9.63767 -9.09637 -8.79466 -9.49041 -3.86946 -7.9314 -7.78768 -7.40873 -5.43938 -8.82146 -8.72037 -4.02734 -7.42359 -6.88877 -8.0964 -5.30907 -7.90069 -8.69831 -4.14683 -8.64871 -7.14618 -7.79802 -5.52366 -7.89669 -8.63583 -4.15013 -8.29091 -7.00716 -7.89982 -5.49087 -7.92714 -8.67467 -4.2327 -8.39023 -6.9869 -7.64771 -5.65782 -7.94863 -8.68413 -3.0992 -8.29231 -6.49295 -9.53069 -3.68938 -7.60503 -8.74691 -2.25378 -8.19093
67.01 -4.9527 -9.6746 -9.15981 -8.7813 -9.4986 -3.86274 -7.90299 -7.80386 -7.40621 -5.43444 -8.83314 -8.72102 -4.0261 -7.39774 -6.88823 -8.09537 -5.30842 -7.90015 -8.6983 -4.14698 -8.65423 -7.14563 -7.79846 -5.52375 -7.8966 -8.63594 -4.15005 -8.29114 -7.00735 -7.89976 -5.4908 -7.92715 -8.67463 -4.23271 -8.38991 -6.98688 -7.64769 -5.65783 -7.94863 -8.68413 -3.09919 -8.29238 -6.49294 -9.53071 -3.68936 -7.60502 -8.74691 -2.25377 -8.19093
67.06 -4.92311 -9.7112 -9.21727 -8.76735 -9.50588 -3.85614 -7.87456 -7.82013 -7.40341 -5.42946 -8.84336 -8.72134 -4.02494 -7.37246 -6.88757 -8.0944 -5.30778 -7.8996 -8.69832 -4.14712 -8.66003 -7.14511 -7.79891 -5.52383 -7.89652 -8.63604 -4.14996 -8.29132 -7.00754 -7.8997 -5.49073 -7.92715 -8.67458 -4.23272 -8.3896 -6.98686 -7.64767 -5.65784 -7.94862 -8.68414 -3.09919 -8.29246 -6.49293 -9.53073 -3.68934 -7.60502 -8.74691 -2.25377 -8.19093
67.11 -4.89555 -9.74732 -9.26865 -8.75292 -9.51231 -3.84969 -7.84621 -7.83644 -7.40034 -5.42447 -8.85223 -8.72136 -4.02387 -7.34783 -6.88678 -8.09351 -5.30714 -7.89905 -8.69837 -4.14724 -8.66608 -7.14462 -7.79936 -5.5239 -7.89643 -8.63614 -4.14988 -8.29145 -7.00774 -7.89963 -5.49066 -7.92716 -8.67454 -4.23274 -8.38929 -6.98684 -7.64765 -5.65786 -7.94861 -8.68414 -3.09918 -8.29254 -6.49292 -9.53075 -3.68932 -7.60501 -8.74692 -2.25377 -8.19092
67.16 -4.86996 -9.78286 -9.31392 -8.73807 -9.51793 -3.84341 -7.81805 -7.85273 -7.39704 -5.41948 -8.85985 -8.72112 -4.02289 -7.32391 -6.88588 -8.09268 -5.30652 -7.89851 -8.69845 -4.14735 -8.67237 -7.14415 -7.7998 -5.52395 -7.89633 -8.63623 -4.1498 -8.29152 -7.00794 -7.89956 -5.4906 -7.92716 -8.67449 -4.23276 -8.38899 -6.98681 -7.64763 -5.65787 -7.9486 -8.68414 -3.09917 -8.29262 -6.49291 -9.53077 -3.6893 -7.60501 -8.74692 -2.25376 -8.19092
67.21 -4.84626 -9.81772 -9.3531 -8.7229 -9.52279 -3.83731 -7.79017 -7.86893 -7.39351 -5.41452 -8.86632 -8.72063 -4.02201 -7.30077 -6.88486 -8.09193 -5.30591 -7.89796 -8.69857 -4.14745 -8.67888 -7.14372 -7.80025 -5.524 -7.89624 -8.63631 -4.14973 -8.29154 -7.00814 -7.89948 -5.49053 -7.92716 -8.67444 -4.23278 -8.3887 -6.98678 -7.64762 -5.65789 -7.9486 -8.68415 -3.09916 -8.2927 -6.4929 -9.53078 -3.68928 -7.60501 -8.74692 -2.25376 -8.19091
67.26 -4.82438 -9.85182 -9.38624 -8.70749 -9.52694 -3.83141 -7.76265 -7.88499 -7.38976 -5.40961 -8.87173 -8.71994 -4.02121 -7.27844 -6.88374 -8.09126 -5.30532 -7.89743 -8.69871 -4.14753 -8.68557 -7.14331 -7.80069 -5.52404 -7.89615 -8.63639 -4.14965 -8.2915 -7.00833 -7.8994 -5.49047 -7.92716 -8.6744 -4.23279 -8.38842 -6.98675 -7.64761 -5.6579 -7.94859 -8.68415 -3.09916 -8.29278 -6.49289 -9.5308 -3.68926 -7.605 -8.74692 -2.25376 -8.19091
67.31 -4.80423 -9.88507 -9.41346 -8.69192 -9.53044 -3.82572 -7.73556 -7.90088 -7.38581 -5.40475 -8.87618 -8.71907 -4.0205 -7.25697 -6.88252 -8.09067 -5.30475 -7.8969 -8.69888 -4.1476 -8.69243 -7.14294 -7.80114 -5.52407 -7.89606 -8.63646 -4.14958 -8.2914 -7.00853 -7.89931 -5.49041 -7.92716 -8.67435 -4.23281 -8.38815 -6.98672 -7.64759 -5.65792 -7.94859 -8.68416 -3.09915 -8.29287 -6.49288 -9.53082 -3.68924 -7.605 -8.74693 -2.25375 -8.1909
67.36 -4.78575 -9.91742 -9.4349 -8.67629 -9.53334 -3.82025 -7.70897 -7.91654 -7.38169 -5.39998 -8.87974 -8.71804 -4.01988 -7.23638 -6.88119 -8.09016 -5.3042 -7.89637 -8.69908 -4.14766 -8.69943 -7.1426 -7.80157 -5.52408 -7.89597 -8.63652 -4.14951 -8.29125 -7.00873 -7.89921 -5.49036 -7.92716 -8.6743 -4.23283 -8.38788 -6.98668 -7.64758 -5.65794 -7.94858 -8.68417 -3.09914 -8.29296 -6.49287 -9.53084 -3.68922 -7.60499 -8.74693 -2.25375 -8.19089
67.41 -4.76885 -9.94882 -9.45072 -8.66065 -9.53568 -3.81499 -7.68292 -7.93194 -7.3774 -5.39529 -8.88249 -8.71687 -4.01935 -7.2167 -6.87978 -8.08973 -5.30368 -7.89586 -8.6993 -4.1477 -8.70655 -7.1423 -7.80201 -5.52409 -7.89588 -8.63658 -4.14944 -8.29105 -7.00893 -7.89912 -5.4903 -7.92716 -8.67425 -4.23285 -8.38763 -6.98664 -7.64758 -5.65795 -7.94858 -8.68417 -3.09913 -8.29304 -6.49287 -9.53086 -3.6892 -7.60499 -8.74693 -2.25375 -8.19088
67.46 -4.75348 -9.97922 -9.46111 -8.64508 -9.53752 -3.80996 -7.65747 -7.94704 -7.37296 -5.39071 -8.88449 -8.71558 -4.01889 -7.19792 -6.87828 -8.08938 -5.30319 -7.89537 -8.69955 -4.14772 -8.71376 -7.14202 -7.80243 -5.52408 -7.89579 -8.63663 -4.14937 -8.2908 -7.00913 -7.89901 -5.49025 -7.92716 -8.67421 -4.23287 -8.38739 -6.9866 -7.64757 -5.65797 -7.94857 -8.68418 -3.09911 -8.29313 -6.49286 -9.53087 -3.68918 -7.60499 -8.74693 -2.25374 -8.19087
67.51 -4.73956 -10.0086 -9.46629 -8.62963 -9.5389 -3.80516 -7.63265 -7.96182 -7.36839 -5.38625 -8.88578 -8.71418 -4.01851 -7.18007 -6.87671 -8.08911 -5.30272 -7.89488 -8.69983 -4.14773 -8.72104 -7.14179 -7.80285 -5.52406 -7.8957 -8.63667 -4.14931 -8.29049 -7.00932 -7.89891 -5.49021 -7.92715 -8.67416 -4.2329 -8.38716 -6.98656 -7.64757 -5.65799 -7.94857 -8.68419 -3.0991 -8.29322 -6.49286 -9.53089 -3.68916 -7.60498 -8.74693 -2.25374 -8.19086
67.56 -4.72704 -10.0369 -9.46647 -8.61438 -9.53984 -3.80058 -7.60851 -7.97624 -7.3637 -5.38192 -8.88642 -8.7127 -4.0182 -7.16314 -6.87506 -8.08892 -5.30227 -7.89441 -8.70013 -4.14773 -8.72837 -7.14159 -7.80326 -5.52403 -7.89562 -8.6367 -4.14925 -8.29013 -7.00951 -7.8988 -5.49016 -7.92715 -8.67411 -4.23292 -8.38695 -6.98652 -7.64757 -5.65801 -7.94856 -8.6842 -3.09909 -8.29331 -6.49286 -9.53091 -3.68913 -7.60498 -8.74693 -2.25374 -8.19085
67.61 -4.71587 -10.0642 -9.46188 -8.59937 -9.5404 -3.79623 -7.58506 -7.9903 -7.35891 -5.37772 -8.88644 -8.71113 -4.01796 -7.14714 -6.87334 -8.08881 -5.30185 -7.89396 -8.70045 -4.14771 -8.73573 -7.14142 -7.80366 -5.524 -7.89554 -8.63673 -4.14919 -8.28973 -7.0097 -7.89869 -5.49012 -7.92714 -8.67406 -4.23294 -8.38675 -6.98647 -7.64757 -5.65803 -7.94856 -8.68421 -3.09908 -8.29341 -6.49285 -9.53092 -3.68911 -7.60498 -8.74693 -2.25374 -8.19083
67.66 -4.70601 -10.0903 -9.45276 -8.58464 -9.5406 -3.79211 -7.56233 -8.00396 -7.35404 -5.37367 -8.88587 -8.7095 -4.01779 -7.13206 -6.87156 -8.08879 -5.30146 -7.89352 -8.7008 -4.14768 -8.74309 -7.14129 -7.80405 -5.52394 -7.89545 -8.63675 -4.14914 -8.28928 -7.00989 -7.89857 -5.49008 -7.92713 -8.67402 -4.23296 -8.38656 -6.98642 -7.64757 -5.65805 -7.94856 -8.68422 -3.09907 -8.2935 -6.49285 -9.53094 -3.68909 -7.60497 -8.74693 -2.25374 -8.19082
67.71 -4.6974 -10.1154 -9.43934 -8.57024 -9.54047 -3.78821 -7.54034 -8.01722 -7.34909 -5.36976 -8.88475 -8.7078 -4.01768 -7.11788 -6.86972 -8.08884 -5.30109 -7.8931 -8.70116 -4.14763 -8.75044 -7.14119 -7.80443 -5.52388 -7.89537 -8.63676 -4.14909 -8.28878 -7.01007 -7.89845 -5.49004 -7.92712 -8.67397 -4.23299 -8.38638 -6.98638 -7.64757 -5.65807 -7.94855 -8.68423 -3.09905 -8.29359 -6.49285 -9.53095 -3.68907 -7.60497 -8.74693 -2.25373 -8.1908
67.76 -4.69003 -10.1394 -9.42185 -8.5562 -9.54003 -3.78454 -7.51911 -8.03005 -7.34408 -5.36602 -8.88309 -8.70604 -4.01762 -7.10461 -6.86784 -8.08897 -5.30075 -7.8927 -8.70154 -4.14757 -8.75775 -7.14113 -7.8048 -5.52381 -7.8953 -8.63677 -4.14904 -8.28824 -7.01024 -7.89833 -5.49001 -7.92711 -8.67392 -4.23301 -8.38622 -6.98633 -7.64758 -5.65809 -7.94855 -8.68424 -3.09904 -8.29368 -6.49285 -9.53097 -3.68904 -7.60497 -8.74693 -2.25373 -8.19079
67.81 -4.68386 -10.1622 -9.40052 -8.54255 -9.53931 -3.78108 -7.49864 -8.04245 -7.33903 -5.36243 -8.8809 -8.70424 -4.01763 -7.09224 -6.86591 -8.08918 -5.30043 -7.89231 -8.70194 -4.1475 -8.76502 -7.14111 -7.80515 -5.52373 -7.89522 -8.63676 -4.14899 -8.28766 -7.01042 -7.89821 -5.48998 -7.9271 -8.67388 -4.23304 -8.38608 -6.98627 -7.64758 -5.65811 -7.94855 -8.68425 -3.09902 -8.29377 -6.49286 -9.53098 -3.68902 -7.60496 -8.74693 -2.25373 -8.19077
67.86 -4.67886 -10.184 -9.37558 -8.52932 -9.53831 -3.77784 -7.47895 -8.05441 -7.33394 -5.35901 -8.87819 -8.70238 -4.01768 -7.08074 -6.86395 -8.08947 -5.30013 -7.89194 -8.70236 -4.14741 -8.77222 -7.14112 -7.80549 -5.52364 -7.89515 -8.63675 -4.14895 -8.28704 -7.01059 -7.89808 -5.48995 -7.92709 -8.67384 -4.23306 -8.38595 -6.98622 -7.64759 -5.65813 -7.94855 -8.68427 -3.09901 -8.29386 -6.49286 -9.53099 -3.689 -7.60496 -8.74693 -2.25373 -8.19075
67.91 -4.67502 -10.2047 -9.34724 -8.51652 -9.53706 -3.77481 -7.46003 -8.06592 -7.32883 -5.35576 -8.87497 -8.70047 -4.01779 -7.07012 -6.86195 -8.08983 -5.29986 -7.89159 -8.70278 -4.14731 -8.77934 -7.14117 -7.80582 -5.52353 -7.89507 -8.63673 -4.14892 -8.28639 -7.01075 -7.89796 -5.48993 -7.92707 -8.67379 -4.23309 -8.38583 -6.98617 -7.6476 -5.65815 -7.94855 -8.68428 -3.09899 -8.29395 -6.49286 -9.53101 -3.68898 -7.60496 -8.74693 -2.25373 -8.19073
67.96 -4.67233 -10.2243 -9.31571 -8.50419 -9.53557 -3.77199 -7.4419 -8.07698 -7.32371 -5.35267 -8.87125 -8.69852 -4.01794 -7.06036 -6.85993 -8.09027 -5.2996 -7.89126 -8.70323 -4.14719 -8.78636 -7.14125 -7.80613 -5.52342 -7.895 -8.63671 -4.14889 -8.2857 -7.0109 -7.89783 -5.48991 -7.92706 -8.67375 -4.23311 -8.38574 -6.98611 -7.64762 -5.65817 -7.94855 -8.68429 -3.09898 -8.29403 -6.49287 -9.53102 -3.68896 -7.60496 -8.74693 -2.25372 -8.19071
68.01 -4.67077 -10.2428 -9.28119 -8.49233 -9.53385 -3.76938 -7.42457 -8.08758 -7.31859 -5.34976 -8.86701 -8.69651 -4.01813 -7.05145 -6.85788 -8.09078 -5.29936 -7.89094 -8.70368 -4.14707 -8.79327 -7.14137 -7.80642 -5.5233 -7.89493 -8.63668 -4.14886 -8.28498 -7.01105 -7.8977 -5.4899 -7.92704 -8.67371 -4.23314 -8.38565 -6.98606 -7.64763 -5.65819 -7.94855 -8.68431 -3.09896 -8.29412 -6.49288 -9.53103 -3.68893 -7.60496 -8.74692 -2.25372 -8.19069
68.06 -4.67034 -10.2602 -9.24385 -8.48096 -9.5319 -3.76697 -7.40802 -8.09771 -7.31347 -5.34701 -8.86226 -8.69446 -4.01837 -7.04338 -6.85582 -8.09136 -5.29915 -7.89064 -8.70414 -4.14693 -8.80006 -7.14152 -7.8067 -5.52317 -7.89487 -8.63664 -4.14883 -8.28422 -7.0112 -7.89757 -5.48989 -7.92703 -8.67367 -4.23316 -8.38559 -6.986 -7.64765 -5.65821 -7.94855 -8.68432 -3.09895 -8.2942 -6.49288 -9.53104 -3.68891 -7.60495 -8.74692 -2.25372 -8.19067
68.11 -4.67103 -10.2766 -9.20388 -8.47009 -9.52973 -3.76476 -7.39226 -8.10738 -7.30838 -5.34444 -8.85699 -8.69236 -4.01864 -7.03614 -6.85374 -8.092 -5.29894 -7.89036 -8.70461 -4.14678 -8.80671 -7.1417 -7.80696 -5.52303 -7.8948 -8.63659 -4.14881 -8.28344 -7.01133 -7.89744 -5.48988 -7.92701 -8.67363 -4.23318 -8.38554 -6.98594 -7.64767 -5.65822 -7.94855 -8.68433 -3.09893 -8.29429 -6.49289 -9.53105 -3.68889 -7.60495 -8.74692 -2.25372 -8.19065
68.16 -4.67286 -10.2919 -9.16144 -8.45972 -9.52735 -3.76275 -7.3773 -8.11659 -7.30332 -5.34203 -8.85119 -8.6902 -4.01896 -7.02972 -6.85166 -8.09271 -5.29876 -7.89009 -8.70509 -4.14662 -8.81322 -7.14191 -7.8072 -5.52289 -7.89474 -8.63653 -4.1488 -8.28264 -7.01146 -7.89731 -5.48987 -7.92699 -8.6736 -4.23321 -8.3855 -6.98588 -7.64769 -5.65824 -7.94855 -8.68435 -3.09892 -8.29437 -6.4929 -9.53105 -3.68887 -7.60495 -8.74692 -2.25372 -8.19063
68.21 -4.67581 -10.3062 -9.11668 -8.44986 -9.52474 -3.76093 -7.36314 -8.12532 -7.29829 -5.33979 -8.84484 -8.68798 -4.01931 -7.02412 -6.84957 -8.09349 -5.29859 -7.88984 -8.70558 -4.14645 -8.81957 -7.14216 -7.80743 -5.52273 -7.89467 -8.63647 -4.14878 -8.28181 -7.01159 -7.89718 -5.48987 -7.92697 -8.67356 -4.23323 -8.38549 -6.98583 -7.64771 -5.65826 -7.94855 -8.68436 -3.0989 -8.29444 -6.49291 -9.53106 -3.68885 -7.60495 -8.74691 -2.25372 -8.1906
68.26 -4.67992 -10.3194 -9.06974 -8.44052 -9.52192 -3.75931 -7.34976 -8.13358 -7.2933 -5.33772 -8.83794 -8.6857 -4.01969 -7.01932 -6.84749 -8.09432 -5.29843 -7.88961 -8.70607 -4.14627 -8.82576 -7.14243 -7.80763 -5.52257 -7.89461 -8.63641 -4.14878 -8.28096 -7.0117 -7.89704 -5.48988 -7.92695 -8.67353 -4.23326 -8.38548 -6.98577 -7.64773 -5.65828 -7.94855 -8.68438 -3.09889 -8.29452 -6.49292 -9.53107 -3.68883 -7.60495 -8.74691 -2.25372 -8.19058
68.31 -4.68517 -10.3316 -9.02074 -8.4317 -9.51888 -3.75787 -7.33719 -8.14137 -7.28836 -5.33581 -8.83047 -8.68336 -4.02011 -7.01533 -6.8454 -8.09521 -5.29828 -7.88939 -8.70656 -4.14608 -8.83178 -7.14274 -7.80782 -5.5224 -7.89455 -8.63633 -4.14877 -8.2801 -7.01181 -7.89692 -5.48988 -7.92693 -8.6735 -4.23328 -8.3855 -6.98571 -7.64776 -5.6583 -7.94856 -8.68439 -3.09887 -8.29459 -6.49293 -9.53107 -3.68881 -7.60495 -8.74691 -2.25372 -8.19056
68.36 -4.6916 -10.3427 -8.9698 -8.42341 -9.51562 -3.75663 -7.32541 -8.14869 -7.28349 -5.33407 -8.82241 -8.68095 -4.02057 -7.01214 -6.84333 -8.09616 -5.29815 -7.88919 -8.70706 -4.14588 -8.83761 -7.14307 -7.80799 -5.52222 -7.89449 -8.63625 -4.14877 -8.27922 -7.01191 -7.89679 -5.48989 -7.92691 -8.67347 -4.2333 -8.38553 -6.98565 -7.64779 -5.65832 -7.94856 -8.6844 -3.09885 -8.29467 -6.49295 -9.53108 -3.68879 -7.60495 -8.7469 -2.25372 -8.19053
68.41 -4.69922 -10.3528 -8.91702 -8.41564 -9.51212 -3.75558 -7.31442 -8.15554 -7.27868 -5.3325 -8.81374 -8.67847 -4.02106 -7.00975 -6.84127 -8.09716 -5.29803 -7.889 -8.70756 -4.14567 -8.84326 -7.14343 -7.80813 -5.52204 -7.89444 -8.63616 -4.14878 -8.27832 -7.012 -7.89666 -5.48991 -7.92689 -8.67344 -4.23333 -8.38557 -6.98559 -7.64781 -5.65834 -7.94856 -8.68442 -3.09884 -8.29473 -6.49296 -9.53108 -3.68877 -7.60495 -8.7469 -2.25372 -8.19051
68.46 -4.70805 -10.3619 -8.86249 -8.4084 -9.50839 -3.75471 -7.30424 -8.16191 -7.27394 -5.33108 -8.80444 -8.6759 -4.02158 -7.00815 -6.83922 -8.09822 -5.29791 -7.88883 -8.70806 -4.14546 -8.84872 -7.14382 -7.80826 -5.52185 -7.89438 -8.63607 -4.14879 -8.27741 -7.01208 -7.89653 -5.48993 -7.92687 -8.67341 -4.23335 -8.38563 -6.98554 -7.64784 -5.65836 -7.94857 -8.68443 -3.09882 -8.2948 -6.49297 -9.53108 -3.68876 -7.60495 -8.74689 -2.25372 -8.19049
68.51 -4.71812 -10.37 -8.80628 -8.40168 -9.5044 -3.75402 -7.29486 -8.16781 -7.26927 -5.32982 -8.79449 -8.67326 -4.02213 -7.00735 -6.83719 -8.09932 -5.29781 -7.88867 -8.70856 -4.14523 -8.85397 -7.14423 -7.80837 -5.52166 -7.89433 -8.63597 -4.1488 -8.2765 -7.01215 -7.89641 -5.48995 -7.92685 -8.67339 -4.23337 -8.38571 -6.98548 -7.64787 -5.65837 -7.94857 -8.68445 -3.09881 -8.29486 -6.49299 -9.53108 -3.68874 -7.60495 -8.74689 -2.25372 -8.19046
68.56 -4.72945 -10.377 -8.74847 -8.3955 -9.50016 -3.75352 -7.2863 -8.17323 -7.26469 -5.32872 -8.78387 -8.67052 -4.02272 -7.00736 -6.83518 -8.10046 -5.29772 -7.88852 -8.70906 -4.14501 -8.85903 -7.14467 -7.80846 -5.52146 -7.89427 -8.63587 -4.14881 -8.27557 -7.01222 -7.89629 -5.48997 -7.92683 -8.67337 -4.23339 -8.3858 -6.98542 -7.64791 -5.65839 -7.94858 -8.68446 -3.09879 -8.29492 -6.49301 -9.53109 -3.68873 -7.60495 -8.74688 -2.25372 -8.19044
68.61 -4.74207 -10.3829 -8.6891 -8.38985 -9.49566 -3.75321 -7.27854 -8.17817 -7.2602 -5.32777 -8.77255 -8.66769 -4.02334 -7.00816 -6.8332 -8.10165 -5.29764 -7.88839 -8.70955 -4.14477 -8.86387 -7.14513 -7.80853 -5.52126 -7.89422 -8.63576 -4.14883 -8.27465 -7.01227 -7.89617 -5.49 -7.9268 -8.67335 -4.23341 -8.38591 -6.98537 -7.64794 -5.65841 -7.94858 -8.68448 -3.09878 -8.29497 -6.49302 -9.53109 -3.68871 -7.60495 -8.74688 -2.25372 -8.19041
68.66 -4.75601 -10.3879 -8.62823 -8.38474 -9.49086 -3.75308 -7.27161 -8.18263 -7.2558 -5.32698 -8.76052 -8.66475 -4.02399 -7.00978 -6.83125 -8.10287 -5.29757 -7.88828 -8.71004 -4.14453 -8.8685 -7.14561 -7.80857 -5.52106 -7.89417 -8.63565 -4.14886 -8.27371 -7.01232 -7.89605 -5.49003 -7.92678 -8.67333 -4.23343 -8.38603 -6.98531 -7.64797 -5.65842 -7.94859 -8.68449 -3.09876 -8.29503 -6.49304 -9.53108 -3.6887 -7.60495 -8.74687 -2.25372 -8.19039
68.71 -4.77132 -10.3918 -8.5659 -8.38016 -9.48578 -3.75314 -7.26551 -8.1866 -7.25149 -5.32634 -8.74773 -8.66171 -4.02468 -7.01222 -6.82932 -8.10414 -5.2975 -7.88817 -8.71053 -4.14428 -8.8729 -7.14611 -7.8086 -5.52085 -7.89412 -8.63553 -4.14889 -8.27278 -7.01236 -7.89594 -5.49006 -7.92676 -8.67331 -4.23345 -8.38616 -6.98526 -7.64801 -5.65844 -7.94859 -8.68451 -3.09875 -8.29507 -6.49306 -9.53108 -3.68868 -7.60496 -8.74687 -2.25372 -8.19036
68.76 -4.78801 -10.3946 -8.50212 -8.37612 -9.48037 -3.75339 -7.26025 -8.19009 -7.24729 -5.32585 -8.73418 -8.65856 -4.0254 -7.01548 -6.82742 -8.10543 -5.29745 -7.88808 -8.71102 -4.14403 -8.87709 -7.14664 -7.80861 -5.52064 -7.89408 -8.63541 -4.14892 -8.27185 -7.01238 -7.89583 -5.4901 -7.92673 -8.6733 -4.23347 -8.38631 -6.9852 -7.64805 -5.65845 -7.9486 -8.68452 -3.09873 -8.29512 -6.49308 -9.53108 -3.68867 -7.60496 -8.74686 -2.25372 -8.19034
68.81 -4.80613 -10.3963 -8.43692 -8.37262 -9.47464 -3.75383 -7.25584 -8.19308 -7.24319 -5.32551 -8.71983 -8.65529 -4.02616 -7.01958 -6.82556 -8.10676 -5.29741 -7.888 -8.7115 -4.14378 -8.88105 -7.14718 -7.8086 -5.52043 -7.89403 -8.63529 -4.14896 -8.27092 -7.0124 -7.89572 -5.49014 -7.92671 -8.67328 -4.23349 -8.38647 -6.98515 -7.64808 -5.65847 -7.94861 -8.68454 -3.09872 -8.29516 -6.4931 -9.53108 -3.68866 -7.60496 -8.74686 -2.25373 -8.19031
68.86 -4.82572 -10.397 -8.37031 -8.36967 -9.46857 -3.75446 -7.2523 -8.19557 -7.23921 -5.32532 -8.70466 -8.6519 -4.02695 -7.02453 -6.82374 -8.10812 -5.29738 -7.88794 -8.71198 -4.14352 -8.88478 -7.14773 -7.80856 -5.52022 -7.89399 -8.63516 -4.14899 -8.27 -7.01241 -7.89562 -5.49019 -7.92669 -8.67328 -4.23351 -8.38664 -6.9851 -7.64812 -5.65848 -7.94861 -8.68455 -3.09871 -8.2952 -6.49312 -9.53107 -3.68865 -7.60496 -8.74685 -2.25373 -8.19029
68.91 -4.84681 -10.3965 -8.3023 -8.36727 -9.46212 -3.75529 -7.24964 -8.19756 -7.23534 -5.32527 -8.68865 -8.64838 -4.02778 -7.03033 -6.82195 -8.1095 -5.29737 -7.88789 -8.71244 -4.14327 -8.88828 -7.14831 -7.80851 -5.52 -7.89395 -8.63503 -4.14904 -8.26908 -7.01242 -7.89552 -5.49023 -7.92666 -8.67327 -4.23352 -8.38682 -6.98505 -7.64816 -5.65849 -7.94862 -8.68456 -3.09869 -8.29523 -6.49314 -9.53107 -3.68864 -7.60496 -8.74685 -2.25373 -8.19027
68.96 -4.86944 -10.3949 -8.23289 -8.36542 -9.45529 -3.75632 -7.24788 -8.19903 -7.23159 -5.32538 -8.67177 -8.64472 -4.02865 -7.03702 -6.82021 -8.1109 -5.29736 -7.88785 -8.71291 -4.143 -8.89154 -7.1489 -7.80844 -5.51979 -7.89391 -8.63489 -4.14908 -8.26816 -7.01241 -7.89542 -5.49028 -7.92664 -8.67326 -4.23354 -8.38702 -6.98501 -7.6482 -5.6585 -7.94863 -8.68458 -3.09868 -8.29526 -6.49316 -9.53106 -3.68863 -7.60497 -8.74684 -2.25373 -8.19024
69.01 -4.89365 -10.3922 -8.16208 -8.36413 -9.44805 -3.75755 -7.24703 -8.19997 -7.22796 -5.32563 -8.65402 -8.64093 -4.02957 -7.04459 -6.81851 -8.11233 -5.29737 -7.88783 -8.71336 -4.14274 -8.89456 -7.1495 -7.80834 -5.51957 -7.89388 -8.63475 -4.14913 -8.26726 -7.01239 -7.89533 -5.49033 -7.92662 -8.67326 -4.23355 -8.38723 -6.98496 -7.64824 -5.65851 -7.94864 -8.68459 -3.09867 -8.29528 -6.49318 -9.53105 -3.68862 -7.60497 -8.74684 -2.25373 -8.19022
69.06 -4.91946 -10.3882 -8.08986 -8.36341 -9.44039 -3.75898 -7.24713 -8.20039 -7.22445 -5.32603 -8.63537 -8.63699 -4.03052 -7.05306 -6.81685 -8.11377 -5.2974 -7.88781 -8.71381 -4.14248 -8.89733 -7.15011 -7.80823 -5.51936 -7.89384 -8.63461 -4.14919 -8.26637 -7.01237 -7.89525 -5.49039 -7.9266 -8.67326 -4.23357 -8.38745 -6.98492 -7.64828 -5.65852 -7.94865 -8.6846 -3.09865 -8.2953 -6.4932 -9.53104 -3.68861 -7.60497 -8.74683 -2.25374 -8.1902
69.11 -4.9469 -10.3831 -8.01625 -8.36326 -9.43229 -3.76063 -7.24819 -8.20027 -7.22108 -5.32657 -8.61583 -8.63292 -4.03152 -7.06246 -6.81524 -8.11523 -5.29744 -7.88782 -8.71424 -4.14221 -8.89986 -7.15074 -7.8081 -5.51915 -7.89382 -8.63447 -4.14924 -8.26549 -7.01233 -7.89516 -5.49044 -7.92657 -8.67326 -4.23358 -8.38768 -6.98487 -7.64832 -5.65853 -7.94865 -8.68462 -3.09864 -8.29532 -6.49322 -9.53103 -3.68861 -7.60497 -8.74683 -2.25374 -8.19017
69.16 -4.97601 -10.3767 -7.94123 -8.3637 -9.42372 -3.7625 -7.25023 -8.19959 -7.21784 -5.32727 -8.59538 -8.6287 -4.03256 -7.0728 -6.81368 -8.11669 -5.2975 -7.88783 -8.71467 -4.14195 -8.90213 -7.15137 -7.80796 -5.51894 -7.89379 -8.63432 -4.1493 -8.26462 -7.01229 -7.89509 -5.4905 -7.92655 -8.67326 -4.23359 -8.38791 -6.98483 -7.64836 -5.65854 -7.94866 -8.68463 -3.09863 -8.29533 -6.49324 -9.53102 -3.6886 -7.60498 -8.74682 -2.25374 -8.19015
69.21 -5.00678 -10.369 -7.86483 -8.36473 -9.41467 -3.76459 -7.25329 -8.19834 -7.21474 -5.32811 -8.57403 -8.62433 -4.03365 -7.08408 -6.81216 -8.11817 -5.29757 -7.88786 -8.71509 -4.14168 -8.90415 -7.15201 -7.80779 -5.51873 -7.89377 -8.63418 -4.14936 -8.26377 -7.01224 -7.89501 -5.49057 -7.92653 -8.67327 -4.2336 -8.38816 -6.9848 -7.6484 -5.65855 -7.94867 -8.68464 -3.09862 -8.29534 -6.49326 -9.53101 -3.6886 -7.60498 -8.74681 -2.25374 -8.19013
69.26 -5.03922 -10.3601 -7.78705 -8.36636 -9.40513 -3.7669 -7.25739 -8.19652 -7.21179 -5.32911 -8.55181 -8.61983 -4.03478 -7.09634 -6.8107 -8.11966 -5.29767 -7.88791 -8.7155 -4.14142 -8.90591 -7.15266 -7.80761 -5.51852 -7.89375 -8.63403 -4.14943 -8.26293 -7.01218 -7.89495 -5.49063 -7.92651 -8.67328 -4.23361 -8.38842 -6.98476 -7.64844 -5.65855 -7.94868 -8.68465 -3.09861 -8.29534 -6.49328 -9.531 -3.6886 -7.60498 -8.74681 -2.25374 -8.19011
69.31 -5.07333 -10.3498 -7.70793 -8.3686 -9.39509 -3.76945 -7.26255 -8.19411 -7.20898 -5.33026 -8.52874 -8.61518 -4.03596 -7.10957 -6.80929 -8.12115 -5.29779 -7.88797 -8.7159 -4.14116 -8.9074 -7.15332 -7.80741 -5.51832 -7.89373 -8.63388 -4.14949 -8.26211 -7.01211 -7.89489 -5.49069 -7.92649 -8.67328 -4.23362 -8.38868 -6.98473 -7.64848 -5.65856 -7.94869 -8.68466 -3.0986 -8.29534 -6.49331 -9.53099 -3.68859 -7.60499 -8.7468 -2.25375 -8.19009
69.36 -5.10907 -10.3381 -7.62753 -8.37145 -9.38454 -3.77224 -7.2688 -8.19109 -7.20632 -5.33157 -8.50487 -8.61041 -4.03719 -7.12379 -6.80794 -8.12264 -5.29794 -7.88804 -8.71629 -4.1409 -8.90863 -7.15398 -7.80719 -5.51812 -7.89372 -8.63374 -4.14956 -8.26131 -7.01203 -7.89483 -5.49076 -7.92647 -8.6733 -4.23363 -8.38895 -6.98469 -7.64852 -5.65856 -7.9487 -8.68467 -3.09859 -8.29534 -6.49333 -9.53098 -3.68859 -7.60499 -8.7468 -2.25375 -8.19007
69.41 -5.14641 -10.325 -7.54591 -8.37494 -9.37348 -3.77527 -7.27618 -8.18745 -7.20382 -5.33303 -8.48025 -8.60552 -4.03847 -7.13901 -6.80665 -8.12412 -5.29811 -7.88814 -8.71666 -4.14064 -8.90958 -7.15464 -7.80696 -5.51792 -7.89371 -8.63359 -4.14963 -8.26052 -7.01195 -7.89478 -5.49083 -7.92645 -8.67331 -4.23363 -8.38923 -6.98466 -7.64856 -5.65857 -7.94871 -8.68468 -3.09859 -8.29533 -6.49335 -9.53096 -3.68859 -7.60499 -8.74679 -2.25375 -8.19005
69.46 -5.18527 -10.3106 -7.46318 -8.37906 -9.36192 -3.77855 -7.2847 -8.18319 -7.20148 -5.33465 -8.45497 -8.60053 -4.0398 -7.15522 -6.80541 -8.12561 -5.29831 -7.88824 -8.71703 -4.14039 -8.91025 -7.15531 -7.80671 -5.51773 -7.89371 -8.63344 -4.1497 -8.25976 -7.01186 -7.89473 -5.4909 -7.92643 -8.67333 -4.23364 -8.38951 -6.98464 -7.6486 -5.65857 -7.94872 -8.68469 -3.09858 -8.29532 -6.49337 -9.53095 -3.68859 -7.605 -8.74678 -2.25376 -8.19004
69.51 -5.22557 -10.2946 -7.37945 -8.38383 -9.34988 -3.78207 -7.29438 -8.17827 -7.1993 -5.33643 -8.42912 -8.59545 -4.04118 -7.17244 -6.80423 -8.12709 -5.29853 -7.88837 -8.71738 -4.14014 -8.91064 -7.15598 -7.80645 -5.51754 -7.89371 -8.63329 -4.14978 -8.25902 -7.01176 -7.89469 -5.49097 -7.92641 -8.67334 -4.23364 -8.3898 -6.98461 -7.64864 -5.65857 -7.94873 -8.6847 -3.09857 -8.2953 -6.49339 -9.53093 -3.6886 -7.605 -8.74678 -2.25376 -8.19002
69.56 -5.2672 -10.2772 -7.2949 -8.38925 -9.33738 -3.78585 -7.30526 -8.17271 -7.19729 -5.33837 -8.40281 -8.59031 -4.0426 -7.19064 -6.80312 -8.12856 -5.29879 -7.88851 -8.71772 -4.13989 -8.91073 -7.15665 -7.80617 -5.51735 -7.89372 -8.63315 -4.14986 -8.2583 -7.01165 -7.89466 -5.49104 -7.92639 -8.67336 -4.23364 -8.39009 -6.98459 -7.64868 -5.65857 -7.94874 -8.68471 -3.09857 -8.29528 -6.49341 -9.53092 -3.6886 -7.60501 -8.74677 -2.25376 -8.19001
69.61 -5.31 -10.2583 -7.20972 -8.39533 -9.32446 -3.78988 -7.31734 -8.16648 -7.19546 -5.34048 -8.37619 -8.58514 -4.04407 -7.20982 -6.80207 -8.13002 -5.29907 -7.88867 -8.71805 -4.13964 -8.91054 -7.15731 -7.80588 -5.51718 -7.89373 -8.633 -4.14993 -8.2576 -7.01154 -7.89463 -5.49112 -7.92638 -8.67338 -4.23364 -8.39039 -6.98457 -7.64872 -5.65857 -7.94874 -8.68471 -3.09856 -8.29525 -6.49343 -9.5309 -3.6886 -7.60501 -8.74677 -2.25377 -8.18999
69.66 -5.35382 -10.238 -7.12414 -8.40206 -9.31117 -3.79416 -7.33063 -8.15957 -7.19382 -5.34276 -8.34939 -8.57996 -4.04558 -7.22995 -6.80109 -8.13147 -5.29939 -7.88885 -8.71837 -4.1394 -8.91004 -7.15798 -7.80557 -5.517 -7.89375 -8.63286 -4.15001 -8.25692 -7.01142 -7.89461 -5.49119 -7.92636 -8.67341 -4.23365 -8.39069 -6.98455 -7.64876 -5.65857 -7.94875 -8.68472 -3.09856 -8.29523 -6.49346 -9.53089 -3.68861 -7.60502 -8.74676 -2.25377 -8.18998
69.71 -5.39845 -10.2162 -7.03846 -8.40944 -9.29758 -3.79869 -7.34513 -8.152 -7.19235 -5.3452 -8.32261 -8.57481 -4.04712 -7.25099 -6.80017 -8.1329 -5.29974 -7.88904 -8.71867 -4.13917 -8.90924 -7.15864 -7.80525 -5.51683 -7.89377 -8.63271 -4.15009 -8.25628 -7.0113 -7.89459 -5.49126 -7.92634 -8.67343 -4.23364 -8.391 -6.98454 -7.6488 -5.65857 -7.94876 -8.68473 -3.09855 -8.29519 -6.49348 -9.53087 -3.68862 -7.60502 -8.74676 -2.25377 -8.18996
69.76 -5.44368 -10.193 -6.95297 -8.41748 -9.28374 -3.80346 -7.36085 -8.14375 -7.19108 -5.34782 -8.296 -8.56973 -4.04871 -7.2729 -6.79933 -8.13431 -5.30013 -7.88926 -8.71895 -4.13894 -8.90814 -7.15929 -7.80493 -5.51667 -7.8938 -8.63257 -4.15018 -8.25565 -7.01116 -7.89458 -5.49134 -7.92633 -8.67346 -4.23364 -8.39131 -6.98453 -7.64883 -5.65857 -7.94877 -8.68473 -3.09855 -8.29516 -6.4935 -9.53085 -3.68862 -7.60502 -8.74675 -2.25378 -8.18995
69.81 -5.48927 -10.1684 -6.86803 -8.42614 -9.26976 -3.80846 -7.37775 -8.13484 -7.19001 -5.3506 -8.26976 -8.56475 -4.05032 -7.29563 -6.79856 -8.1357 -5.30054 -7.8895 -8.71923 -4.13872 -8.90672 -7.15994 -7.80459 -5.51652 -7.89384 -8.63244 -4.15026 -8.25506 -7.01103 -7.89458 -5.49141 -7.92632 -8.67349 -4.23364 -8.39162 -6.98452 -7.64887 -5.65856 -7.94878 -8.68474 -3.09855 -8.29512 -6.49352 -9.53083 -3.68863 -7.60503 -8.74674 -2.25378 -8.18994
69.86 -5.53497 -10.1424 -6.78401 -8.43543 -9.25571 -3.81369 -7.39581 -8.12526 -7.18913 -5.35356 -8.24407 -8.55992 -4.05195 -7.31911 -6.79786 -8.13707 -5.30099 -7.88975 -8.71948 -4.1385 -8.90498 -7.16058 -7.80423 -5.51637 -7.89388 -8.6323 -4.15034 -8.25449 -7.01088 -7.89458 -5.49149 -7.9263 -8.67352 -4.23364 -8.39193 -6.98451 -7.6489 -5.65856 -7.94879 -8.68474 -3.09855 -8.29507 -6.49354 -9.53082 -3.68864 -7.60503 -8.74674 -2.25378 -8.18993
69.91 -5.58052 -10.1152 -6.70131 -8.44531 -9.2417 -3.81911 -7.41501 -8.11505 -7.18847 -5.35668 -8.21911 -8.55529 -4.05359 -7.34327 -6.79724 -8.13841 -5.30148 -7.89003 -8.71973 -4.13829 -8.90293 -7.16122 -7.80387 -5.51623 -7.89393 -8.63217 -4.15042 -8.25395 -7.01073 -7.89459 -5.49156 -7.92629 -8.67355 -4.23363 -8.39224 -6.98451 -7.64894 -5.65855 -7.9488 -8.68475 -3.09855 -8.29503 -6.49355 -9.5308 -3.68865 -7.60504 -8.74673 -2.25379 -8.18992
69.96 -5.62567 -10.0868 -6.62034 -8.45576 -9.22782 -3.82473 -7.43528 -8.10421 -7.18801 -5.35996 -8.19506 -8.55088 -4.05524 -7.36802 -6.7967 -8.13972 -5.30199 -7.89033 -8.71995 -4.13808 -8.90055 -7.16184 -7.8035 -5.51609 -7.89398 -8.63204 -4.15051 -8.25344 -7.01058 -7.8946 -5.49164 -7.92628 -8.67358 -4.23362 -8.39255 -6.9845 -7.64897 -5.65854 -7.94881 -8.68475 -3.09855 -8.29498 -6.49357 -9.53078 -3.68866 -7.60504 -8.74673 -2.25379 -8.18991
70.01 -5.67015 -10.0573 -6.54151 -8.46674 -9.21418 -3.83051 -7.45657 -8.09277 -7.18777 -5.3634 -8.17205 -8.54675 -4.05689 -7.39327 -6.79624 -8.141 -5.30253 -7.89065 -8.72016 -4.13789 -8.89786 -7.16246 -7.80313 -5.51596 -7.89404 -8.63191 -4.15059 -8.25295 -7.01042 -7.89462 -5.49171 -7.92627 -8.67362 -4.23362 -8.39286 -6.98451 -7.649 -5.65854 -7.94882 -8.68475 -3.09855 -8.29493 -6.49359 -9.53076 -3.68868 -7.60505 -8.74672 -2.25379 -8.18991
70.06 -5.71373 -10.0268 -6.46522 -8.47821 -9.20086 -3.83643 -7.47881 -8.08077 -7.18776 -5.367 -8.15023 -8.54291 -4.05853 -7.41892 -6.79586 -8.14225 -5.3031 -7.89099 -8.72035 -4.13769 -8.89484 -7.16306 -7.80274 -5.51584 -7.8941 -8.63179 -4.15067 -8.2525 -7.01026 -7.89464 -5.49179 -7.92626 -8.67365 -4.23361 -8.39317 -6.98451 -7.64903 -5.65853 -7.94883 -8.68475 -3.09855 -8.29487 -6.49361 -9.53074 -3.68869 -7.60505 -8.74672 -2.2538 -8.1899
70.11 -5.7562 -9.9955 -6.39186 -8.49012 -9.18796 -3.84247 -7.50193 -8.06825 -7.18796 -5.37074 -8.12968 -8.5394 -4.06015 -7.44487 -6.79557 -8.14346 -5.3037 -7.89134 -8.72053 -4.13751 -8.89151 -7.16365 -7.80235 -5.51573 -7.89417 -8.63167 -4.15076 -8.25209 -7.01009 -7.89468 -5.49186 -7.92625 -8.67369 -4.2336 -8.39348 -6.98452 -7.64906 -5.65852 -7.94884 -8.68475 -3.09855 -8.29481 -6.49362 -9.53072 -3.6887 -7.60506 -8.74672 -2.2538 -8.1899
70.16 -5.79736 -9.96341 -6.32178 -8.50241 -9.17556 -3.84861 -7.52583 -8.05523 -7.1884 -5.37463 -8.1105 -8.53623 -4.06174 -7.47101 -6.79537 -8.14464 -5.30432 -7.89172 -8.72068 -4.13734 -8.88786 -7.16423 -7.80195 -5.51562 -7.89424 -8.63156 -4.15084 -8.2517 -7.00992 -7.89471 -5.49193 -7.92624 -8.67373 -4.23359 -8.39379 -6.98452 -7.64909 -5.65851 -7.94884 -8.68475 -3.09855 -8.29475 -6.49364 -9.5307 -3.68872 -7.60506 -8.74671 -2.2538 -8.18989
70.21 -5.83705 -9.93071 -6.25529 -8.51503 -9.16372 -3.85482 -7.55043 -8.04178 -7.18907 -5.37864 -8.09272 -8.53344 -4.0633 -7.49722 -6.79526 -8.14577 -5.30495 -7.89212 -8.72082 -4.13717 -8.88391 -7.16479 -7.80155 -5.51553 -7.89432 -8.63144 -4.15092 -8.25135 -7.00975 -7.89475 -5.492 -7.92623 -8.67376 -4.23358 -8.39409 -6.98454 -7.64911 -5.6585 -7.94885 -8.68475 -3.09856 -8.29468 -6.49366 -9.53068 -3.68873 -7.60507 -8.74671 -2.25381 -8.18989
70.26 -5.87513 -9.89752 -6.19269 -8.52792 -9.15249 -3.86106 -7.57563 -8.02794 -7.18996 -5.38277 -8.07637 -8.53101 -4.06481 -7.5234 -6.79524 -8.14686 -5.30561 -7.89253 -8.72093 -4.13701 -8.87966 -7.16534 -7.80114 -5.51544 -7.8944 -8.63134 -4.151 -8.25103 -7.00957 -7.8948 -5.49207 -7.92623 -8.6738 -4.23357 -8.39439 -6.98455 -7.64914 -5.65849 -7.94886 -8.68475 -3.09856 -8.29462 -6.49367 -9.53066 -3.68875 -7.60507 -8.7467 -2.25381 -8.18989
70.31 -5.91151 -9.86397 -6.13419 -8.54102 -9.14191 -3.86733 -7.60132 -8.01375 -7.19109 -5.387 -8.06144 -8.52896 -4.06626 -7.54945 -6.79531 -8.1479 -5.30627 -7.89296 -8.72103 -4.13687 -8.87512 -7.16586 -7.80073 -5.51535 -7.89449 -8.63124 -4.15108 -8.25075 -7.00939 -7.89485 -5.49214 -7.92622 -8.67385 -4.23355 -8.39469 -6.98457 -7.64916 -5.65848 -7.94887 -8.68475 -3.09857 -8.29455 -6.49368 -9.53064 -3.68877 -7.60508 -8.7467 -2.25381 -8.18989
70.36 -5.94611 -9.83018 -6.07998 -8.55425 -9.13201 -3.87358 -7.62742 -7.99927 -7.19246 -5.39133 -8.04793 -8.52729 -4.06765 -7.57525 -6.79547 -8.14889 -5.30695 -7.89341 -8.7211 -4.13673 -8.87029 -7.16637 -7.80031 -5.51528 -7.89458 -8.63114 -4.15116 -8.25051 -7.00921 -7.89491 -5.49221 -7.92621 -8.67389 -4.23354 -8.39498 -6.98459 -7.64918 -5.65846 -7.94887 -8.68475 -3.09857 -8.29447 -6.4937 -9.53062 -3.68879 -7.60508 -8.7467 -2.25382 -8.18989
70.41 -5.97888 -9.79627 -6.0302 -8.56757 -9.12281 -3.8798 -7.65383 -7.98455 -7.19406 -5.39574 -8.03579 -8.52598 -4.06898 -7.60072 -6.79573 -8.14984 -5.30763 -7.89387 -8.72115 -4.1366 -8.8652 -7.16686 -7.79989 -5.51522 -7.89467 -8.63105 -4.15124 -8.2503 -7.00903 -7.89497 -5.49227 -7.92621 -8.67393 -4.23352 -8.39527 -6.98461 -7.6492 -5.65845 -7.94888 -8.68475 -3.09858 -8.2944 -6.49371 -9.53061 -3.6888 -7.60508 -8.74669 -2.25382 -8.18989
70.46 -6.00979 -9.76237 -5.98494 -8.58091 -9.1143 -3.88596 -7.68045 -7.96964 -7.19589 -5.40022 -8.02497 -8.52502 -4.07024 -7.62576 -6.79609 -8.15073 -5.30831 -7.89434 -8.72118 -4.13648 -8.85985 -7.16733 -7.79948 -5.51516 -7.89477 -8.63096 -4.15132 -8.25013 -7.00884 -7.89504 -5.49234 -7.92621 -8.67397 -4.23351 -8.39555 -6.98463 -7.64922 -5.65843 -7.94889 -8.68474 -3.09858 -8.29432 -6.49372 -9.53059 -3.68882 -7.60509 -8.74669 -2.25382 -8.1899
70.51 -6.03884 -9.72858 -5.94424 -8.59422 -9.10647 -3.89204 -7.70718 -7.9546 -7.19795 -5.40474 -8.01541 -8.5244 -4.07142 -7.65029 -6.79654 -8.15157 -5.30898 -7.89482 -8.72119 -4.13637 -8.85426 -7.16778 -7.79906 -5.51511 -7.89486 -8.63088 -4.15139 -8.25 -7.00865 -7.89511 -5.4924 -7.92621 -8.67402 -4.23349 -8.39583 -6.98466 -7.64924 -5.65842 -7.94889 -8.68474 -3.09859 -8.29425 -6.49373 -9.53057 -3.68884 -7.60509 -8.74669 -2.25383 -8.1899
70.56 -6.06603 -9.695 -5.9081 -8.60743 -9.09933 -3.89804 -7.73394 -7.93947 -7.20024 -5.4093 -8.00705 -8.5241 -4.07251 -7.67424 -6.79709 -8.15235 -5.30965 -7.89531 -8.72117 -4.13627 -8.84844 -7.16821 -7.79864 -5.51507 -7.89496 -8.6308 -4.15146 -8.24991 -7.00847 -7.89519 -5.49246 -7.9262 -8.67406 -4.23347 -8.39609 -6.98469 -7.64925 -5.6584 -7.9489 -8.68473 -3.0986 -8.29417 -6.49374 -9.53055 -3.68886 -7.6051 -8.74669 -2.25383 -8.18991
70.61 -6.0914 -9.66172 -5.87651 -8.6205 -9.09284 -3.90392 -7.76066 -7.92429 -7.20275 -5.41388 -7.99983 -8.52411 -4.07353 -7.69753 -6.79774 -8.15307 -5.31031 -7.89581 -8.72113 -4.13618 -8.84242 -7.16861 -7.79822 -5.51504 -7.89506 -8.63073 -4.15154 -8.24986 -7.00828 -7.89527 -5.49252 -7.9262 -8.67411 -4.23345 -8.39636 -6.98472 -7.64926 -5.65839 -7.94891 -8.68473 -3.09861 -8.29408 -6.49375 -9.53053 -3.68888 -7.6051 -8.74669 -2.25383 -8.18991
70.66 -6.11497 -9.62883 -5.84939 -8.6334 -9.08698 -3.90967 -7.78724 -7.90912 -7.20548 -5.41847 -7.99368 -8.52439 -4.07446 -7.72012 -6.79848 -8.15372 -5.31096 -7.89631 -8.72106 -4.1361 -8.8362 -7.16898 -7.79781 -5.51502 -7.89516 -8.63066 -4.1516 -8.24985 -7.00809 -7.89536 -5.49257 -7.92621 -8.67415 -4.23344 -8.39661 -6.98475 -7.64927 -5.65837 -7.94891 -8.68472 -3.09862 -8.294 -6.49376 -9.53051 -3.6889 -7.60511 -8.74668 -2.25384 -8.18992
70.71 -6.13678 -9.5964 -5.82666 -8.64607 -9.08172 -3.91529 -7.81363 -7.894 -7.20843 -5.42304 -7.98853 -8.52494 -4.07531 -7.74195 -6.79931 -8.15432 -5.31159 -7.89682 -8.72097 -4.13604 -8.82981 -7.16934 -7.7974 -5.51501 -7.89526 -8.6306 -4.15167 -8.24988 -7.00791 -7.89545 -5.49263 -7.92621 -8.67419 -4.23342 -8.39686 -6.98478 -7.64928 -5.65835 -7.94892 -8.68471 -3.09863 -8.29392 -6.49376 -9.53049 -3.68892 -7.60511 -8.74668 -2.25384 -8.18993
70.76 -6.15687 -9.56451 -5.80822 -8.65849 -9.07705 -3.92076 -7.83975 -7.87895 -7.21158 -5.4276 -7.98432 -8.52573 -4.07607 -7.76297 -6.80024 -8.15485 -5.31221 -7.89733 -8.72086 -4.13599 -8.82327 -7.16966 -7.79699 -5.51501 -7.89536 -8.63054 -4.15174 -8.24995 -7.00772 -7.89554 -5.49268 -7.92621 -8.67424 -4.2334 -8.39709 -6.98482 -7.64929 -5.65834 -7.94892 -8.68471 -3.09864 -8.29383 -6.49377 -9.53048 -3.68895 -7.60511 -8.74668 -2.25384 -8.18994
70.81 -6.1753 -9.53321 -5.79393 -8.67063 -9.07292 -3.92607 -7.86554 -7.86403 -7.21494 -5.43212 -7.98099 -8.52675 -4.07675 -7.78316 -6.80127 -8.15531 -5.3128 -7.89784 -8.72072 -4.13594 -8.81659 -7.16996 -7.79659 -5.51501 -7.89545 -8.63049 -4.1518 -8.25006 -7.00753 -7.89564 -5.49272 -7.92621 -8.67429 -4.23338 -8.39732 -6.98486 -7.6493 -5.65832 -7.94893 -8.6847 -3.09865 -8.29375 -6.49377 -9.53046 -3.68897 -7.60512 -8.74668 -2.25385 -8.18995
70.86 -6.1921 -9.50257 -5.78368 -8.68246 -9.06932 -3.93122 -7.89096 -7.84927 -7.2185 -5.4366 -7.97849 -8.52797 -4.07734 -7.80248 -6.80238 -8.15571 -5.31337 -7.89835 -8.72056 -4.13591 -8.80979 -7.17023 -7.79619 -5.51503 -7.89555 -8.63045 -4.15186 -8.25022 -7.00735 -7.89574 -5.49277 -7.92622 -8.67433 -4.23335 -8.39754 -6.9849 -7.6493 -5.6583 -7.94893 -8.68469 -3.09866 -8.29366 -6.49378 -9.53044 -3.68899 -7.60512 -8.74668 -2.25385 -8.18996
70.91 -6.20733 -9.47263 -5.7773 -8.69397 -9.06622 -3.9362 -7.91595 -7.83468 -7.22224 -5.44101 -7.97676 -8.52939 -4.07785 -7.82091 -6.80359 -8.15604 -5.31391 -7.89885 -8.72037 -4.1359 -8.80289 -7.17047 -7.7958 -5.51505 -7.89564 -8.63041 -4.15192 -8.25042 -7.00717 -7.89585 -5.49281 -7.92622 -8.67438 -4.23333 -8.39775 -6.98494 -7.6493 -5.65828 -7.94893 -8.68468 -3.09867 -8.29358 -6.49378 -9.53043 -3.68901 -7.60512 -8.74668 -2.25385 -8.18998
70.96 -6.22103 -9.44343 -5.77465 -8.70515 -9.06358 -3.941 -7.94046 -7.82032 -7.22616 -5.44535 -7.97577 -8.53097 -4.07828 -7.83842 -6.80488 -8.15629 -5.31443 -7.89935 -8.72016 -4.13589 -8.79591 -7.17068 -7.79541 -5.51508 -7.89574 -8.63038 -4.15197 -8.25066 -7.00699 -7.89596 -5.49285 -7.92623 -8.67442 -4.23331 -8.39795 -6.98499 -7.6493 -5.65826 -7.94894 -8.68467 -3.09869 -8.29349 -6.49378 -9.53041 -3.68903 -7.60513 -8.74668 -2.25385 -8.18999
71.01 -6.23324 -9.41502 -5.77558 -8.71598 -9.0614 -3.94563 -7.96447 -7.80619 -7.23026 -5.44961 -7.97548 -8.53271 -4.07863 -7.85502 -6.80626 -8.15648 -5.31492 -7.89985 -8.71992 -4.1359 -8.78887 -7.17086 -7.79504 -5.51513 -7.89583 -8.63035 -4.15202 -8.25094 -7.00681 -7.89607 -5.49289 -7.92624 -8.67446 -4.23329 -8.39813 -6.98503 -7.6493 -5.65825 -7.94894 -8.68466 -3.0987 -8.2934 -6.49378 -9.5304 -3.68906 -7.60513 -8.74668 -2.25386 -8.19
71.06 -6.244 -9.38743 -5.77994 -8.72645 -9.05965 -3.95006 -7.98792 -7.79233 -7.23452 -5.45377 -7.97584 -8.5346 -4.07889 -7.87068 -6.80772 -8.15659 -5.31538 -7.90033 -8.71966 -4.13592 -8.78179 -7.17101 -7.79467 -5.51518 -7.89592 -8.63033 -4.15207 -8.25126 -7.00664 -7.89618 -5.49292 -7.92624 -8.67451 -4.23326 -8.39831 -6.98508 -7.6493 -5.65823 -7.94894 -8.68465 -3.09871 -8.29332 -6.49378 -9.53038 -3.68908 -7.60513 -8.74668 -2.25386 -8.19002
71.11 -6.25335 -9.36068 -5.78758 -8.73656 -9.0583 -3.95432 -8.0108 -7.77876 -7.23894 -5.45784 -7.97684 -8.53662 -4.07909 -7.88541 -6.80926 -8.15663 -5.31581 -7.90081 -8.71938 -4.13595 -8.77467 -7.17113 -7.79431 -5.51523 -7.896 -8.63032 -4.15212 -8.25163 -7.00647 -7.8963 -5.49295 -7.92625 -8.67455 -4.23324 -8.39847 -6.98513 -7.64929 -5.65821 -7.94894 -8.68464 -3.09873 -8.29323 -6.49378 -9.53037 -3.6891 -7.60514 -8.74668 -2.25386 -8.19004
71.16 -6.26132 -9.33482 -5.79835 -8.74632 -9.05735 -3.95838 -8.03306 -7.7655 -7.2435 -5.46179 -7.97844 -8.53876 -4.07921 -7.89919 -6.81087 -8.1566 -5.31622 -7.90128 -8.71907 -4.13599 -8.76755 -7.17121 -7.79396 -5.5153 -7.89609 -8.63031 -4.15216 -8.25203 -7.0063 -7.89642 -5.49298 -7.92626 -8.67459 -4.23322 -8.39862 -6.98518 -7.64928 -5.65819 -7.94895 -8.68463 -3.09874 -8.29314 -6.49378 -9.53035 -3.68912 -7.60514 -8.74668 -2.25386 -8.19005
71.21 -6.26794 -9.30985 -5.81211 -8.75572 -9.05677 -3.96225 -8.05469 -7.75256 -7.24819 -5.46563 -7.98062 -8.54101 -4.07926 -7.91204 -6.81256 -8.1565 -5.3166 -7.90174 -8.71874 -4.13605 -8.76044 -7.17127 -7.79363 -5.51538 -7.89617 -8.63031 -4.1522 -8.25248 -7.00614 -7.89654 -5.493 -7.92627 -8.67464 -4.23319 -8.39876 -6.98523 -7.64927 -5.65817 -7.94895 -8.68462 -3.09876 -8.29306 -6.49377 -9.53034 -3.68915 -7.60514 -8.74668 -2.25386 -8.19007
71.26 -6.27323 -9.28581 -5.82874 -8.76476 -9.05656 -3.96594 -8.07566 -7.73997 -7.25301 -5.46934 -7.98338 -8.54336 -4.07924 -7.92394 -6.81431 -8.15632 -5.31695 -7.90219 -8.71839 -4.13612 -8.75335 -7.17129 -7.7933 -5.51546 -7.89625 -8.63032 -4.15223 -8.25296 -7.00598 -7.89666 -5.49303 -7.92628 -8.67468 -4.23317 -8.39888 -6.98528 -7.64926 -5.65815 -7.94895 -8.68461 -3.09877 -8.29297 -6.49377 -9.53033 -3.68917 -7.60514 -8.74668 -2.25386 -8.19009
71.31 -6.27721 -9.26271 -5.84811 -8.77344 -9.05671 -3.96942 -8.09595 -7.72774 -7.25795 -5.47292 -7.98669 -8.54581 -4.07915 -7.93492 -6.81613 -8.15607 -5.31727 -7.90262 -8.71802 -4.1362 -8.74629 -7.17128 -7.79299 -5.51556 -7.89632 -8.63033 -4.15227 -8.25349 -7.00582 -7.89678 -5.49304 -7.9263 -8.67472 -4.23315 -8.39899 -6.98534 -7.64925 -5.65813 -7.94895 -8.68459 -3.09879 -8.29289 -6.49376 -9.53032 -3.68919 -7.60514 -8.74669 -2.25387 -8.19011
71.36 -6.27991 -9.24058 -5.87009 -8.78179 -9.0572 -3.97272 -8.11554 -7.71588 -7.26299 -5.47637 -7.99055 -8.54835 -4.07901 -7.94496 -6.81801 -8.15574 -5.31756 -7.90304 -8.71764 -4.13629 -8.73929 -7.17124 -7.79269 -5.51566 -7.8964 -8.63035 -4.1523 -8.25405 -7.00568 -7.89691 -5.49306 -7.92631 -8.67476 -4.23312 -8.39909 -6.98539 -7.64923 -5.65811 -7.94895 -8.68458 -3.0988 -8.29281 -6.49376 -9.53031 -3.68921 -7.60515 -8.74669 -2.25387 -8.19013
71.41 -6.28134 -9.21942 -5.8946 -8.78979 -9.05804 -3.97582 -8.1344 -7.70441 -7.26812 -5.47967 -7.99495 -8.55096 -4.0788 -7.95408 -6.81995 -8.15534 -5.31783 -7.90345 -8.71723 -4.1364 -8.73236 -7.17116 -7.79241 -5.51577 -7.89647 -8.63037 -4.15232 -8.25465 -7.00553 -7.89703 -5.49307 -7.92632 -8.6748 -4.2331 -8.39917 -6.98544 -7.64922 -5.65809 -7.94895 -8.68457 -3.09882 -8.29273 -6.49375 -9.5303 -3.68923 -7.60515 -8.74669 -2.25387 -8.19015
71.46 -6.2815 -9.19927 -5.92153 -8.79746 -9.05921 -3.97872 -8.15253 -7.69334 -7.27334 -5.48282 -7.99989 -8.55366 -4.07853 -7.96228 -6.82195 -8.15487 -5.31807 -7.90384 -8.7168 -4.13652 -8.72551 -7.17106 -7.79214 -5.51589 -7.89654 -8.6304 -4.15234 -8.25529 -7.00539 -7.89716 -5.49308 -7.92634 -8.67483 -4.23307 -8.39924 -6.9855 -7.6492 -5.65807 -7.94895 -8.68455 -3.09883 -8.29265 -6.49374 -9.53029 -3.68925 -7.60515 -8.74669 -2.25387 -8.19017
71.51 -6.28041 -9.18012 -5.9508 -8.8048 -9.06072 -3.98142 -8.16991 -7.68268 -7.27863 -5.48582 -8.00537 -8.55642 -4.07821 -7.96957 -6.82399 -8.15433 -5.31829 -7.90422 -8.71636 -4.13665 -8.71876 -7.17092 -7.79188 -5.51601 -7.8966 -8.63044 -4.15236 -8.25596 -7.00526 -7.89729 -5.49308 -7.92635 -8.67487 -4.23305 -8.3993 -6.98556 -7.64918 -5.65805 -7.94894 -8.68454 -3.09885 -8.29257 -6.49373 -9.53028 -3.68927 -7.60515 -8.7467 -2.25387 -8.19019
71.56 -6.27807 -9.16201 -5.98233 -8.81182 -9.06256 -3.98393 -8.18652 -7.67245 -7.28398 -5.48867 -8.0114 -8.55926 -4.07784 -7.97596 -6.82607 -8.15372 -5.31848 -7.90458 -8.7159 -4.13679 -8.71211 -7.17074 -7.79164 -5.51615 -7.89666 -8.63048 -4.15238 -8.25667 -7.00514 -7.89742 -5.49308 -7.92637 -8.67491 -4.23303 -8.39934 -6.98561 -7.64916 -5.65803 -7.94894 -8.68453 -3.09886 -8.29249 -6.49372 -9.53028 -3.68929 -7.60515 -8.7467 -2.25387 -8.19021
71.61 -6.27446 -9.14494 -6.01606 -8.81854 -9.06474 -3.98623 -8.20234 -7.66266 -7.28938 -5.49135 -8.01799 -8.56216 -4.07741 -7.98146 -6.8282 -8.15303 -5.31865 -7.90492 -8.71543 -4.13694 -8.70558 -7.17054 -7.79142 -5.51629 -7.89673 -8.63054 -4.15239 -8.2574 -7.00502 -7.89754 -5.49308 -7.92638 -8.67494 -4.233 -8.39937 -6.98567 -7.64913 -5.65801 -7.94894 -8.68451 -3.09888 -8.29242 -6.49371 -9.53027 -3.68931 -7.60515 -8.7467 -2.25387 -8.19023
71.66 -6.2696 -9.12893 -6.05194 -8.82496 -9.06726 -3.98833 -8.21737 -7.65331 -7.29482 -5.49388 -8.02514 -8.56513 -4.07693 -7.98606 -6.83036 -8.15229 -5.3188 -7.90525 -8.71494 -4.1371 -8.69919 -7.1703 -7.79122 -5.51643 -7.89678 -8.63059 -4.1524 -8.25817 -7.00491 -7.89767 -5.49308 -7.9264 -8.67497 -4.23298 -8.39938 -6.98573 -7.64911 -5.65799 -7.94894 -8.6845 -3.09889 -8.29235 -6.4937 -9.53026 -3.68933 -7.60515 -8.7467 -2.25387 -8.19026
71.71 -6.26346 -9.11401 -6.08993 -8.83108 -9.07011 -3.99023 -8.23158 -7.64442 -7.30029 -5.49623 -8.03287 -8.56817 -4.07641 -7.98978 -6.83255 -8.15147 -5.31893 -7.90556 -8.71445 -4.13728 -8.69293 -7.17003 -7.79103 -5.51659 -7.89684 -8.63066 -4.1524 -8.25897 -7.0048 -7.8978 -5.49307 -7.92642 -8.675 -4.23296 -8.39937 -6.98578 -7.64908 -5.65798 -7.94894 -8.68448 -3.09891 -8.29228 -6.49369 -9.53026 -3.68935 -7.60515 -8.74671 -2.25387 -8.19028
71.76 -6.25604 -9.10018 -6.12999 -8.83691 -9.07332 -3.99192 -8.24497 -7.636 -7.30577 -5.49842 -8.0412 -8.57126 -4.07584 -7.99262 -6.83477 -8.15059 -5.31903 -7.90585 -8.71394 -4.13746 -8.68683 -7.16974 -7.79086 -5.51675 -7.89689 -8.63073 -4.1524 -8.25979 -7.00471 -7.89792 -5.49306 -7.92644 -8.67503 -4.23294 -8.39936 -6.98584 -7.64906 -5.65796 -7.94893 -8.68447 -3.09892 -8.29221 -6.49367 -9.53026 -3.68937 -7.60515 -8.74671 -2.25387 -8.1903
71.81 -6.24731 -9.08746 -6.17211 -8.84247 -9.07689 -3.9934 -8.25751 -7.62805 -7.31125 -5.50044 -8.05014 -8.57443 -4.07523 -7.99459 -6.83701 -8.14964 -5.31912 -7.90612 -8.71342 -4.13765 -8.68089 -7.16941 -7.79071 -5.51692 -7.89694 -8.6308 -4.15239 -8.26064 -7.00462 -7.89804 -5.49304 -7.92646 -8.67506 -4.23291 -8.39932 -6.9859 -7.64903 -5.65794 -7.94893 -8.68446 -3.09894 -8.29215 -6.49366 -9.53025 -3.68939 -7.60515 -8.74672 -2.25387 -8.19033
71.86 -6.23726 -9.07588 -6.21628 -8.84776 -9.08083 -3.99467 -8.26919 -7.6206 -7.31673 -5.50228 -8.05973 -8.57766 -4.07457 -7.99567 -6.83926 -8.14864 -5.31919 -7.90638 -8.71289 -4.13786 -8.67512 -7.16905 -7.79057 -5.51709 -7.89699 -8.63089 -4.15239 -8.26151 -7.00454 -7.89817 -5.49302 -7.92648 -8.67508 -4.23289 -8.39927 -6.98595 -7.649 -5.65792 -7.94892 -8.68444 -3.09896 -8.29208 -6.49365 -9.53025 -3.6894 -7.60515 -8.74672 -2.25387 -8.19035
71.91 -6.22586 -9.06546 -6.2625 -8.85278 -9.08514 -3.99573 -8.27999 -7.61364 -7.32219 -5.50395 -8.06998 -8.58095 -4.07388 -7.99589 -6.84153 -8.14757 -5.31925 -7.90661 -8.71235 -4.13807 -8.66953 -7.16866 -7.79046 -5.51727 -7.89704 -8.63097 -4.15238 -8.26241 -7.00446 -7.89829 -5.493 -7.9265 -8.67511 -4.23287 -8.39921 -6.98601 -7.64897 -5.65791 -7.94892 -8.68443 -3.09897 -8.29202 -6.49363 -9.53025 -3.68942 -7.60515 -8.74673 -2.25387 -8.19038
71.96 -6.21307 -9.05623 -6.31079 -8.85754 -9.08985 -3.99657 -8.28991 -7.6072 -7.32762 -5.50544 -8.08093 -8.58432 -4.07314 -7.99523 -6.8438 -8.14645 -5.31928 -7.90683 -8.71181 -4.13829 -8.66413 -7.16825 -7.79036 -5.51745 -7.89708 -8.63107 -4.15236 -8.26333 -7.0044 -7.89841 -5.49297 -7.92652 -8.67513 -4.23285 -8.39913 -6.98606 -7.64893 -5.65789 -7.94891 -8.68441 -3.09899 -8.29197 -6.49361 -9.53025 -3.68943 -7.60515 -8.74673 -2.25387 -8.1904
72.01 -6.19886 -9.0482 -6.36117 -8.86205 -9.09496 -3.99719 -8.2989 -7.60127 -7.333 -5.50675 -8.09262 -8.58776 -4.07237 -7.9937 -6.84607 -8.14527 -5.31931 -7.90702 -8.71126 -4.13852 -8.65893 -7.1678 -7.79029 -5.51764 -7.89713 -8.63117 -4.15234 -8.26426 -7.00434 -7.89852 -5.49295 -7.92654 -8.67515 -4.23283 -8.39904 -6.98612 -7.6489 -5.65788 -7.94891 -8.6844 -3.099 -8.29192 -6.4936 -9.53025 -3.68945 -7.60515 -8.74673 -2.25387 -8.19042
72.06 -6.18319 -9.0414 -6.41368 -8.86631 -9.1005 -3.99758 -8.30697 -7.59589 -7.33833 -5.50788 -8.10506 -8.59128 -4.07155 -7.99129 -6.84834 -8.14404 -5.31931 -7.9072 -8.71071 -4.13876 -8.65393 -7.16734 -7.79023 -5.51783 -7.89717 -8.63127 -4.15232 -8.26521 -7.00429 -7.89864 -5.49291 -7.92656 -8.67517 -4.23281 -8.39893 -6.98617 -7.64887 -5.65786 -7.9489 -8.68438 -3.09901 -8.29187 -6.49358 -9.53025 -3.68946 -7.60515 -8.74674 -2.25387 -8.19045
72.11 -6.16601 -9.03588 -6.46836 -8.87033 -9.10648 -3.99774 -8.31408 -7.59105 -7.34359 -5.50883 -8.11831 -8.59488 -4.0707 -7.98799 -6.85061 -8.14276 -5.31931 -7.90735 -8.71015 -4.139 -8.64915 -7.16684 -7.7902 -5.51803 -7.89721 -8.63139 -4.15229 -8.26618 -7.00425 -7.89875 -5.49288 -7.92658 -8.67518 -4.23279 -8.39881 -6.98622 -7.64883 -5.65785 -7.9489 -8.68437 -3.09903 -8.29182 -6.49356 -9.53026 -3.68947 -7.60515 -8.74674 -2.25387 -8.19047
72.16 -6.14729 -9.03165 -6.52528 -8.8741 -9.11292 -3.99767 -8.32021 -7.58677 -7.34878 -5.50959 -8.13241 -8.59857 -4.06981 -7.9838 -6.85285 -8.14144 -5.31928 -7.90749 -8.7096 -4.13925 -8.64459 -7.16632 -7.79018 -5.51823 -7.89724 -8.6315 -4.15226 -8.26715 -7.00422 -7.89886 -5.49284 -7.9266 -8.6752 -4.23277 -8.39867 -6.98627 -7.64879 -5.65784 -7.94889 -8.68436 -3.09904 -8.29178 -6.49354 -9.53026 -3.68949 -7.60514 -8.74675 -2.25386 -8.1905
72.21 -6.12696 -9.02876 -6.58448 -8.87763 -9.11985 -3.99736 -8.32533 -7.58306 -7.35387 -5.51017 -8.14739 -8.60235 -4.06888 -7.9787 -6.85508 -8.14006 -5.31925 -7.9076 -8.70904 -4.13951 -8.64026 -7.16578 -7.79019 -5.51843 -7.89728 -8.63162 -4.15223 -8.26814 -7.0042 -7.89896 -5.4928 -7.92662 -8.67521 -4.23276 -8.39852 -6.98632 -7.64876 -5.65782 -7.94888 -8.68434 -3.09906 -8.29174 -6.49352 -9.53026 -3.6895 -7.60514 -8.74676 -2.25386 -8.19052
72.26 -6.10498 -9.02725 -6.64606 -8.88093 -9.12729 -3.9968 -8.32942 -7.57995 -7.35886 -5.51056 -8.1633 -8.60623 -4.06791 -7.97268 -6.85729 -8.13865 -5.3192 -7.90769 -8.70849 -4.13977 -8.63617 -7.16521 -7.79021 -5.51864 -7.89731 -8.63175 -4.15219 -8.26914 -7.00419 -7.89906 -5.49276 -7.92664 -8.67522 -4.23274 -8.39836 -6.98637 -7.64872 -5.65781 -7.94888 -8.68433 -3.09907 -8.2917 -6.4935 -9.53027 -3.68951 -7.60514 -8.74676 -2.25386 -8.19054
72.31 -6.08129 -9.02715 -6.71008 -8.88397 -9.13526 -3.996 -8.33245 -7.57745 -7.36373 -5.51076 -8.18018 -8.61021 -4.06691 -7.96574 -6.85947 -8.1372 -5.31913 -7.90777 -8.70793 -4.14003 -8.63232 -7.16463 -7.79026 -5.51884 -7.89734 -8.63188 -4.15215 -8.27014 -7.00418 -7.89916 -5.49271 -7.92667 -8.67523 -4.23272 -8.39818 -6.98642 -7.64868 -5.6578 -7.94887 -8.68431 -3.09908 -8.29167 -6.49348 -9.53028 -3.68951 -7.60514 -8.74677 -2.25386 -8.19057
72.36 -6.05583 -9.02851 -6.77663 -8.88678 -9.14378 -3.99493 -8.33438 -7.57557 -7.36848 -5.51077 -8.19808 -8.6143 -4.06586 -7.95785 -6.86161 -8.13571 -5.31905 -7.90782 -8.70738 -4.1403 -8.62873 -7.16402 -7.79032 -5.51905 -7.89737 -8.63201 -4.1521 -8.27114 -7.00419 -7.89925 -5.49266 -7.92669 -8.67523 -4.23271 -8.39799 -6.98647 -7.64864 -5.65779 -7.94886 -8.6843 -3.09909 -8.29164 -6.49346 -9.53028 -3.68952 -7.60514 -8.74677 -2.25386 -8.19059
72.41 -6.02856 -9.03137 -6.84579 -8.88933 -9.15289 -3.99359 -8.33518 -7.57433 -7.37308 -5.51058 -8.21704 -8.61851 -4.06478 -7.94899 -6.86371 -8.13419 -5.31896 -7.90784 -8.70684 -4.14058 -8.62539 -7.1634 -7.79041 -5.51926 -7.89739 -8.63215 -4.15205 -8.27215 -7.0042 -7.89934 -5.49261 -7.92671 -8.67524 -4.2327 -8.39779 -6.98651 -7.6486 -5.65778 -7.94886 -8.68429 -3.09911 -8.29162 -6.49344 -9.53029 -3.68953 -7.60513 -8.74678 -2.25386 -8.19061
72.46 -5.99941 -9.03579 -6.91766 -8.89162 -9.1626 -3.99198 -8.33482 -7.57376 -7.37754 -5.5102 -8.23708 -8.62284 -4.06365 -7.93915 -6.86577 -8.13265 -5.31885 -7.90785 -8.7063 -4.14086 -8.62232 -7.16275 -7.79051 -5.51948 -7.89742 -8.63229 -4.152 -8.27315 -7.00423 -7.89943 -5.49256 -7.92673 -8.67524 -4.23268 -8.39758 -6.98656 -7.64856 -5.65777 -7.94885 -8.68428 -3.09912 -8.2916 -6.49342 -9.5303 -3.68954 -7.60513 -8.74678 -2.25385 -8.19063
72.51 -5.96835 -9.04182 -6.9923 -8.89365 -9.17293 -3.99009 -8.33326 -7.57386 -7.38183 -5.50962 -8.25825 -8.62729 -4.06248 -7.92831 -6.86778 -8.13107 -5.31872 -7.90783 -8.70577 -4.14114 -8.61953 -7.1621 -7.79064 -5.51969 -7.89744 -8.63244 -4.15195 -8.27415 -7.00426 -7.89951 -5.4925 -7.92676 -8.67524 -4.23267 -8.39735 -6.9866 -7.64852 -5.65776 -7.94884 -8.68426 -3.09913 -8.29158 -6.4934 -9.53031 -3.68954 -7.60513 -8.74679 -2.25385 -8.19065
72.56 -5.93535 -9.04951 -7.06979 -8.89539 -9.18391 -3.9879 -8.33046 -7.57468 -7.38594 -5.50884 -8.28055 -8.63187 -4.06127 -7.91644 -6.86973 -8.12948 -5.31857 -7.90779 -8.70525 -4.14142 -8.61703 -7.16142 -7.79078 -5.5199 -7.89745 -8.63259 -4.15189 -8.27515 -7.0043 -7.89958 -5.49244 -7.92678 -8.67524 -4.23266 -8.39711 -6.98664 -7.64848 -5.65775 -7.94883 -8.68425 -3.09914 -8.29157 -6.49338 -9.53032 -3.68954 -7.60512 -8.7468 -2.25385 -8.19068
72.61 -5.90038 -9.0589 -7.15017 -8.89684 -9.19554 -3.98542 -8.32638 -7.57621 -7.38985 -5.50785 -8.30398 -8.63657 -4.06001 -7.90352 -6.87162 -8.12786 -5.31841 -7.90773 -8.70473 -4.1417 -8.61481 -7.16074 -7.79095 -5.52011 -7.89747 -8.63274 -4.15183 -8.27614 -7.00435 -7.89966 -5.49238 -7.9268 -8.67523 -4.23265 -8.39687 -6.98667 -7.64844 -5.65775 -7.94882 -8.68424 -3.09915 -8.29156 -6.49336 -9.53033 -3.68955 -7.60512 -8.7468 -2.25385 -8.1907
72.66 -5.86345 -9.07005 -7.23348 -8.89798 -9.20784 -3.98263 -8.32097 -7.5785 -7.39357 -5.50666 -8.32854 -8.64139 -4.05871 -7.88954 -6.87345 -8.12623 -5.31823 -7.90764 -8.70423 -4.14199 -8.6129 -7.16004 -7.79113 -5.52033 -7.89748 -8.63289 -4.15176 -8.27711 -7.00441 -7.89972 -5.49232 -7.92682 -8.67522 -4.23264 -8.39661 -6.98671 -7.6484 -5.65774 -7.94881 -8.68423 -3.09916 -8.29156 -6.49334 -9.53034 -3.68955 -7.60512 -8.74681 -2.25384 -8.19072
72.71 -5.82459 -9.083 -7.3197 -8.89877 -9.2208 -3.97952 -8.31421 -7.58155 -7.39707 -5.50526 -8.35418 -8.64634 -4.05736 -7.87447 -6.8752 -8.12459 -5.31802 -7.90753 -8.70374 -4.14227 -8.61129 -7.15933 -7.79133 -5.52053 -7.89748 -8.63305 -4.1517 -8.27808 -7.00448 -7.89978 -5.49226 -7.92684 -8.67521 -4.23263 -8.39634 -6.98674 -7.64836 -5.65774 -7.94881 -8.68422 -3.09917 -8.29156 -6.49331 -9.53036 -3.68955 -7.60511 -8.74681 -2.25384 -8.19073
72.76 -5.78385 -9.0978 -7.4088 -8.89919 -9.2344 -3.9761 -8.30605 -7.58539 -7.40034 -5.50365 -8.38084 -8.65138 -4.05596 -7.85831 -6.87688 -8.12294 -5.3178 -7.90739 -8.70326 -4.14255 -8.61001 -7.15862 -7.79155 -5.52074 -7.89749 -8.63321 -4.15163 -8.27903 -7.00455 -7.89984 -5.49219 -7.92686 -8.6752 -4.23263 -8.39606 -6.98677 -7.64832 -5.65773 -7.9488 -8.68421 -3.09917 -8.29156 -6.49329 -9.53037 -3.68955 -7.60511 -8.74682 -2.25384 -8.19075
72.81 -5.74132 -9.11448 -7.50066 -8.89922 -9.24862 -3.97235 -8.29645 -7.59004 -7.40336 -5.50182 -8.40842 -8.65651 -4.05452 -7.84105 -6.87848 -8.12129 -5.31754 -7.90723 -8.7028 -4.14284 -8.60905 -7.15789 -7.79179 -5.52095 -7.89749 -8.63336 -4.15156 -8.27996 -7.00464 -7.89989 -5.49212 -7.92689 -8.67519 -4.23262 -8.39578 -6.9868 -7.64828 -5.65773 -7.94879 -8.6842 -3.09918 -8.29157 -6.49327 -9.53038 -3.68955 -7.60511 -8.74682 -2.25383 -8.19077
72.86 -5.69714 -9.13305 -7.59515 -8.8988 -9.26341 -3.96827 -8.28541 -7.59552 -7.40613 -5.49978 -8.43679 -8.6617 -4.05303 -7.82268 -6.87999 -8.11963 -5.31727 -7.90704 -8.70236 -4.14312 -8.60842 -7.15716 -7.79205 -5.52115 -7.89748 -8.63352 -4.15148 -8.28087 -7.00473 -7.89993 -5.49205 -7.92691 -8.67517 -4.23262 -8.39548 -6.98683 -7.64824 -5.65773 -7.94878 -8.68419 -3.09919 -8.29158 -6.49325 -9.5304 -3.68955 -7.6051 -8.74683 -2.25383 -8.19079
72.91 -5.65148 -9.15353 -7.69202 -8.89789 -9.27871 -3.96386 -8.27288 -7.60183 -7.40864 -5.49751 -8.46577 -8.66693 -4.05149 -7.80321 -6.88141 -8.11798 -5.31696 -7.90682 -8.70193 -4.14339 -8.60814 -7.15643 -7.79232 -5.52135 -7.89747 -8.63368 -4.15141 -8.28176 -7.00483 -7.89997 -5.49198 -7.92693 -8.67516 -4.23261 -8.39518 -6.98685 -7.6482 -5.65773 -7.94877 -8.68418 -3.09919 -8.2916 -6.49323 -9.53041 -3.68954 -7.6051 -8.74684 -2.25383 -8.1908
72.96 -5.60457 -9.1759 -7.79097 -8.89646 -9.29444 -3.95913 -8.25886 -7.60899 -7.41086 -5.49503 -8.49517 -8.67215 -4.04992 -7.78268 -6.88273 -8.11634 -5.31663 -7.90658 -8.70152 -4.14367 -8.60821 -7.1557 -7.79261 -5.52155 -7.89746 -8.63384 -4.15133 -8.28262 -7.00494 -7.9 -5.49191 -7.92694 -8.67514 -4.23261 -8.39487 -6.98688 -7.64816 -5.65773 -7.94876 -8.68417 -3.0992 -8.29162 -6.49321 -9.53043 -3.68954 -7.60509 -8.74684 -2.25382 -8.19082
73.01 -5.55668 -9.20015 -7.89163 -8.89443 -9.31049 -3.95408 -8.24335 -7.617 -7.4128 -5.49233 -8.52476 -8.67733 -4.0483 -7.76109 -6.88395 -8.11471 -5.31627 -7.90632 -8.70113 -4.14394 -8.60864 -7.15496 -7.79292 -5.52174 -7.89744 -8.634 -4.15125 -8.28346 -7.00506 -7.90003 -5.49184 -7.92696 -8.67511 -4.23261 -8.39456 -6.98689 -7.64812 -5.65773 -7.94875 -8.68417 -3.0992 -8.29164 -6.49319 -9.53044 -3.68953 -7.60509 -8.74685 -2.25382 -8.19083
73.06 -5.50809 -9.22621 -7.99354 -8.89177 -9.32674 -3.94872 -8.22637 -7.62587 -7.41444 -5.48941 -8.55426 -8.68242 -4.04665 -7.73852 -6.88506 -8.1131 -5.31587 -7.90602 -8.70076 -4.14421 -8.60944 -7.15423 -7.79324 -5.52192 -7.89741 -8.63416 -4.15117 -8.28427 -7.00518 -7.90005 -5.49176 -7.92698 -8.67509 -4.23261 -8.39424 -6.98691 -7.64809 -5.65773 -7.94874 -8.68416 -3.09921 -8.29167 -6.49317 -9.53046 -3.68953 -7.60508 -8.74685 -2.25382 -8.19085
73.11 -5.45916 -9.25402 -8.09616 -8.8884 -9.34306 -3.94308 -8.20795 -7.63557 -7.41577 -5.48627 -8.58342 -8.68735 -4.04497 -7.71502 -6.88606 -8.11151 -5.31545 -7.90571 -8.70041 -4.14447 -8.61062 -7.1535 -7.79358 -5.52211 -7.89738 -8.63431 -4.15108 -8.28505 -7.00531 -7.90007 -5.49169 -7.927 -8.67506 -4.23261 -8.39391 -6.98693 -7.64805 -5.65773 -7.94873 -8.68415 -3.09921 -8.29171 -6.49315 -9.53048 -3.68952 -7.60508 -8.74686 -2.25381 -8.19086
73.16 -5.41022 -9.28347 -8.19891 -8.88429 -9.35932 -3.93715 -8.18812 -7.64608 -7.41678 -5.48292 -8.61195 -8.6921 -4.04327 -7.69066 -6.88695 -8.10994 -5.31499 -7.90536 -8.70008 -4.14472 -8.61217 -7.15278 -7.79392 -5.52228 -7.89735 -8.63447 -4.151 -8.28579 -7.00545 -7.90007 -5.49162 -7.92702 -8.67504 -4.23261 -8.39359 -6.98694 -7.64801 -5.65773 -7.94872 -8.68415 -3.09921 -8.29174 -6.49313 -9.5305 -3.68951 -7.60507 -8.74686 -2.25381 -8.19087
73.21 -5.36163 -9.31446 -8.30113 -8.87937 -9.37534 -3.93099 -8.16696 -7.6574 -7.41747 -5.47936 -8.63958 -8.69658 -4.04156 -7.66555 -6.88771 -8.1084 -5.31451 -7.90499 -8.69978 -4.14497 -8.6141 -7.15206 -7.79429 -5.52245 -7.8973 -8.63462 -4.15092 -8.2865 -7.0056 -7.90008 -5.49154 -7.92703 -8.67501 -4.23261 -8.39325 -6.98695 -7.64798 -5.65774 -7.94871 -8.68414 -3.09922 -8.29178 -6.49311 -9.53051 -3.6895 -7.60507 -8.74687 -2.25381 -8.19088
73.26 -5.31376 -9.34683 -8.40216 -8.8736 -9.391 -3.9246 -8.14454 -7.66946 -7.41782 -5.4756 -8.66607 -8.70077 -4.03985 -7.63978 -6.88835 -8.10689 -5.31399 -7.9046 -8.69951 -4.14521 -8.61642 -7.15135 -7.79466 -5.52262 -7.89726 -8.63477 -4.15083 -8.28717 -7.00575 -7.90007 -5.49146 -7.92705 -8.67498 -4.23262 -8.39292 -6.98695 -7.64794 -5.65774 -7.9487 -8.68414 -3.09922 -8.29183 -6.49309 -9.53053 -3.68949 -7.60507 -8.74687 -2.2538 -8.19089
73.31 -5.26691 -9.38043 -8.50131 -8.86695 -9.40614 -3.91803 -8.12096 -7.68224 -7.41785 -5.47164 -8.69121 -8.70462 -4.03815 -7.61348 -6.88887 -8.10542 -5.31345 -7.90418 -8.69926 -4.14545 -8.61912 -7.15066 -7.79505 -5.52277 -7.8972 -8.63491 -4.15074 -8.28779 -7.0059 -7.90006 -5.49139 -7.92706 -8.67494 -4.23262 -8.39258 -6.98695 -7.64791 -5.65775 -7.94869 -8.68414 -3.09922 -8.29187 -6.49307 -9.53055 -3.68948 -7.60506 -8.74688 -2.2538 -8.1909
73.36 -5.22139 -9.41509 -8.5979 -8.8594 -9.42064 -3.91131 -8.09633 -7.69568 -7.41755 -5.4675 -8.71482 -8.70809 -4.03647 -7.58678 -6.88925 -8.10399 -5.31288 -7.90374 -8.69903 -4.14567 -8.62221 -7.14997 -7.79544 -5.52292 -7.89715 -8.63506 -4.15066 -8.28838 -7.00607 -7.90005 -5.49131 -7.92708 -8.67491 -4.23263 -8.39225 -6.98696 -7.64788 -5.65776 -7.94869 -8.68413 -3.09922 -8.29193 -6.49305 -9.53057 -3.68947 -7.60506 -8.74688 -2.2538 -8.19091
73.41 -5.17744 -9.45063 -8.69129 -8.85093 -9.4344 -3.90448 -8.07076 -7.70972 -7.41691 -5.4632 -8.73677 -8.71116 -4.03483 -7.55981 -6.88951 -8.10261 -5.31229 -7.90327 -8.69884 -4.14589 -8.62567 -7.1493 -7.79585 -5.52307 -7.89708 -8.6352 -4.15057 -8.28892 -7.00624 -7.90003 -5.49124 -7.92709 -8.67487 -4.23264 -8.39191 -6.98695 -7.64785 -5.65776 -7.94868 -8.68413 -3.09922 -8.29198 -6.49303 -9.53059 -3.68946 -7.60505 -8.74689 -2.25379 -8.19091
73.46 -5.13528 -9.48685 -8.78089 -8.84156 -9.44732 -3.89758 -8.04439 -7.72429 -7.41594 -5.45874 -8.757 -8.71382 -4.03323 -7.5327 -6.88963 -8.10127 -5.31168 -7.90279 -8.69867 -4.1461 -8.6295 -7.14865 -7.79626 -5.5232 -7.89701 -8.63533 -4.15048 -8.28941 -7.00641 -7.9 -5.49116 -7.9271 -8.67484 -4.23265 -8.39158 -6.98695 -7.64782 -5.65777 -7.94867 -8.68413 -3.09921 -8.29204 -6.49302 -9.53061 -3.68944 -7.60505 -8.74689 -2.25379 -8.19092
73.51 -5.09505 -9.52357 -8.86613 -8.8313 -9.45935 -3.89064 -8.01734 -7.73932 -7.41465 -5.45415 -8.77547 -8.71605 -4.03168 -7.5056 -6.88962 -8.09999 -5.31105 -7.9023 -8.69854 -4.14629 -8.63369 -7.14801 -7.79669 -5.52333 -7.89694 -8.63546 -4.15039 -8.28986 -7.00659 -7.89996 -5.49109 -7.92711 -8.6748 -4.23266 -8.39124 -6.98694 -7.64779 -5.65778 -7.94866 -8.68413 -3.09921 -8.2921 -6.493 -9.53063 -3.68943 -7.60504 -8.7469 -2.25379 -8.19092
73.56 -5.05686 -9.5606 -8.94655 -8.82019 -9.47044 -3.8837 -7.98976 -7.75475 -7.41304 -5.44944 -8.79218 -8.71786 -4.03019 -7.47862 -6.88948 -8.09876 -5.31041 -7.90178 -8.69843 -4.14648 -8.63824 -7.14739 -7.79711 -5.52344 -7.89686 -8.63559 -4.15031 -8.29025 -7.00677 -7.89992 -5.49101 -7.92712 -8.67476 -4.23267 -8.39091 -6.98693 -7.64776 -5.65779 -7.94865 -8.68413 -3.09921 -8.29217 -6.49298 -9.53065 -3.68941 -7.60504 -8.7469 -2.25378 -8.19093
73.61 -5.02078 -9.59777 -9.02176 -8.80827 -9.48058 -3.8768 -7.96177 -7.77049 -7.41113 -5.44463 -8.80718 -8.71928 -4.02878 -7.45189 -6.88921 -8.09759 -5.30977 -7.90126 -8.69836 -4.14665 -8.64311 -7.14679 -7.79755 -5.52355 -7.89678 -8.63571 -4.15022 -8.2906 -7.00695 -7.89988 -5.49094 -7.92713 -8.67471 -4.23268 -8.39058 -6.98692 -7.64774 -5.6578 -7.94864 -8.68413 -3.0992 -8.29223 -6.49297 -9.53067 -3.6894 -7.60503 -8.7469 -2.25378 -8.19093
73.66 -4.98682 -9.63491 -9.09142 -8.79563 -9.48977 -3.86997 -7.93351 -7.78648 -7.40891 -5.43975 -8.82053 -8.72031 -4.02744 -7.42553 -6.88881 -8.09648 -5.30912 -7.90073 -8.69831 -4.14682 -8.64831 -7.14622 -7.79799 -5.52365 -7.8967 -8.63582 -4.15014 -8.29089 -7.00714 -7.89983 -5.49087 -7.92714 -8.67467 -4.23269 -8.39026 -6.9869 -7.64771 -5.65782 -7.94863 -8.68413 -3.0992 -8.2923 -6.49295 -9.53069 -3.68938 -7.60503 -8.74691 -2.25378 -8.19093
73.71 -4.95499 -9.67187 -9.15529 -8.78231 -9.49802 -3.86323 -7.90511 -7.80265 -7.4064 -5.43481 -8.83232 -8.72098 -4.02619 -7.39965 -6.88828 -8.09544 -5.30847 -7.90019 -8.6983 -4.14697 -8.65381 -7.14567 -7.79843 -5.52374 -7.89661 -8.63593 -4.15005 -8.29113 -7.00733 -7.89977 -5.4908 -7.92715 -8.67463 -4.23271 -8.38994 -6.98688 -7.64769 -5.65783 -7.94863 -8.68413 -3.09919 -8.29238 -6.49294 -9.53071 -3.68936 -7.60502 -8.74691 -2.25377 -8.19093
73.76 -4.92524 -9.70849 -9.2132 -8.76841 -9.50537 -3.85662 -7.87667 -7.81892 -7.40362 -5.42983 -8.84265 -8.72132 -4.02502 -7.37432 -6.88762 -8.09447 -5.30782 -7.89964 -8.69832 -4.14711 -8.65959 -7.14515 -7.79888 -5.52382 -7.89652 -8.63603 -4.14997 -8.29131 -7.00753 -7.89971 -5.49073 -7.92715 -8.67458 -4.23272 -8.38962 -6.98686 -7.64767 -5.65784 -7.94862 -8.68414 -3.09919 -8.29245 -6.49293 -9.53073 -3.68934 -7.60502 -8.74691 -2.25377 -8.19093
73.81 -4.89754 -9.74465 -9.26504 -8.75401 -9.51186 -3.85016 -7.84831 -7.83523 -7.40058 -5.42484 -8.85161 -8.72137 -4.02395 -7.34964 -6.88684 -8.09357 -5.30719 -7.89909 -8.69837 -4.14723 -8.66562 -7.14465 -7.79932 -5.52389 -7.89643 -8.63613 -4.14989 -8.29144 -7.00773 -7.89964 -5.49067 -7.92716 -8.67454 -4.23274 -8.38932 -6.98684 -7.64765 -5.65785 -7.94861 -8.68414 -3.09918 -8.29253 -6.49292 -9.53074 -3.68932 -7.60501 -8.74692 -2.25377 -8.19092
73.86 -4.8718 -9.78024 -9.31077 -8.73918 -9.51754 -3.84387 -7.82014 -7.85152 -7.39729 -5.41985 -8.85932 -8.72114 -4.02296 -7.32567 -6.88595 -8.09274 -5.30656 -7.89855 -8.69845 -4.14734 -8.6719 -7.14419 -7.79977 -5.52395 -7.89634 -8.63622 -4.14981 -8.29152 -7.00792 -7.89956 -5.4906 -7.92716 -8.67449 -4.23276 -8.38902 -6.98681 -7.64764 -5.65787 -7.9486 -8.68414 -3.09917 -8.29261 -6.49291 -9.53076 -3.68931 -7.60501 -8.74692 -2.25376 -8.19092
73.91 -4.84796 -9.81515 -9.35039 -8.72403 -9.52245 -3.83776 -7.79224 -7.86773 -7.39378 -5.41489 -8.86587 -8.72068 -4.02207 -7.30246 -6.88494 -8.09199 -5.30595 -7.898 -8.69856 -4.14744 -8.67839 -7.14375 -7.80022 -5.524 -7.89625 -8.63631 -4.14973 -8.29154 -7.00812 -7.89949 -5.49054 -7.92716 -8.67445 -4.23277 -8.38872 -6.98678 -7.64762 -5.65788 -7.9486 -8.68415 -3.09916 -8.29269 -6.4929 -9.53078 -3.68929 -7.60501 -8.74692 -2.25376 -8.19091
73.96 -4.82595 -9.84931 -9.38398 -8.70864 -9.52666 -3.83185 -7.76469 -7.8838 -7.39004 -5.40997 -8.87136 -8.72 -4.02127 -7.28007 -6.88383 -8.09131 -5.30536 -7.89747 -8.6987 -4.14753 -8.68507 -7.14334 -7.80066 -5.52404 -7.89616 -8.63638 -4.14966 -8.2915 -7.00832 -7.8994 -5.49048 -7.92716 -8.6744 -4.23279 -8.38844 -6.98675 -7.64761 -5.6579 -7.94859 -8.68415 -3.09916 -8.29278 -6.49289 -9.5308 -3.68926 -7.605 -8.74692 -2.25376 -8.19091
74.01 -4.80567 -9.88263 -9.41164 -8.69309 -9.5302 -3.82614 -7.73756 -7.8997 -7.38611 -5.40511 -8.87588 -8.71914 -4.02055 -7.25854 -6.88261 -8.09071 -5.30479 -7.89693 -8.69886 -4.1476 -8.69192 -7.14297 -7.8011 -5.52407 -7.89607 -8.63645 -4.14958 -8.29141 -7.00852 -7.89931 -5.49042 -7.92716 -8.67435 -4.23281 -8.38817 -6.98672 -7.6476 -5.65792 -7.94859 -8.68416 -3.09915 -8.29286 -6.49288 -9.53082 -3.68924 -7.605 -8.74693 -2.25375 -8.1909
74.06 -4.78707 -9.91505 -9.4335 -8.67745 -9.53314 -3.82065 -7.71093 -7.91538 -7.382 -5.40033 -8.87951 -8.71812 -4.01993 -7.23788 -6.8813 -8.09019 -5.30424 -7.89641 -8.69906 -4.14765 -8.69891 -7.14263 -7.80154 -5.52408 -7.89598 -8.63652 -4.14951 -8.29127 -7.00872 -7.89922 -5.49036 -7.92716 -8.6743 -4.23283 -8.3879 -6.98668 -7.64759 -5.65793 -7.94858 -8.68417 -3.09914 -8.29295 -6.49287 -9.53084 -3.68922 -7.60499 -8.74693 -2.25375 -8.19089
74.11 -4.77006 -9.94652 -9.44973 -8.66181 -9.53553 -3.81538 -7.68484 -7.9308 -7.37772 -5.39564 -8.88231 -8.71696 -4.01938 -7.21813 -6.87989 -8.08976 -5.30372 -7.8959 -8.69928 -4.14769 -8.70601 -7.14232 -7.80197 -5.52409 -7.89589 -8.63658 -4.14944 -8.29107 -7.00892 -7.89912 -5.49031 -7.92716 -8.67426 -4.23285 -8.38765 -6.98665 -7.64758 -5.65795 -7.94858 -8.68417 -3.09913 -8.29304 -6.49287 -9.53086 -3.6892 -7.60499 -8.74693 -2.25375 -8.19088
74.16 -4.75457 -9.977 -9.46052 -8.64623 -9.5374 -3.81033 -7.65934 -7.94593 -7.37329 -5.39105 -8.88436 -8.71568 -4.01892 -7.19929 -6.8784 -8.0894 -5.30322 -7.8954 -8.69953 -4.14772 -8.71322 -7.14204 -7.8024 -5.52408 -7.8958 -8.63662 -4.14938 -8.29082 -7.00911 -7.89902 -5.49026 -7.92716 -8.67421 -4.23287 -8.38741 -6.98661 -7.64757 -5.65797 -7.94857 -8.68418 -3.09912 -8.29313 -6.49286 -9.53087 -3.68918 -7.60499 -8.74693 -2.25374 -8.19087
74.21 -4.74055 -10.0064 -9.46608 -8.63078 -9.53881 -3.80551 -7.63448 -7.96073 -7.36873 -5.38658 -8.8857 -8.71429 -4.01853 -7.18137 -6.87683 -8.08912 -5.30275 -7.89492 -8.69981 -4.14773 -8.7205 -7.1418 -7.80282 -5.52406 -7.89571 -8.63667 -4.14931 -8.29051 -7.00931 -7.89892 -5.49021 -7.92715 -8.67416 -4.23289 -8.38718 -6.98656 -7.64757 -5.65799 -7.94857 -8.68419 -3.0991 -8.29322 -6.49286 -9.53089 -3.68916 -7.60498 -8.74693 -2.25374 -8.19086
74.26 -4.72793 -10.0348 -9.46662 -8.61551 -9.53979 -3.80092 -7.61028 -7.97518 -7.36405 -5.38223 -8.88639 -8.71281 -4.01822 -7.16437 -6.87518 -8.08893 -5.3023 -7.89445 -8.70011 -4.14773 -8.72782 -7.1416 -7.80323 -5.52404 -7.89563 -8.6367 -4.14925 -8.29016 -7.0095 -7.89881 -5.49016 -7.92715 -8.67411 -4.23292 -8.38696 -6.98652 -7.64757 -5.65801 -7.94856 -8.6842 -3.09909 -8.29331 -6.49286 -9.53091 -3.68914 -7.60498 -8.74693 -2.25374 -8.19085
74.31 -4.71666 -10.0622 -9.46238 -8.60048 -9.54037 -3.79655 -7.58678 -7.98927 -7.35927 -5.37803 -8.88646 -8.71125 -4.01798 -7.1483 -6.87347 -8.08882 -5.30188 -7.89399 -8.70043 -4.14771 -8.73518 -7.14143 -7.80363 -5.524 -7.89554 -8.63673 -4.14919 -8.28976 -7.00969 -7.8987 -5.49012 -7.92714 -8.67407 -4.23294 -8.38676 -6.98648 -7.64757 -5.65803 -7.94856 -8.68421 -3.09908 -8.2934 -6.49285 -9.53092 -3.68911 -7.60498 -8.74693 -2.25374 -8.19083
74.36 -4.7067 -10.0884 -9.45359 -8.58573 -9.5406 -3.79241 -7.564 -8.00296 -7.3544 -5.37396 -8.88594 -8.70962 -4.0178 -7.13315 -6.87169 -8.08878 -5.30149 -7.89355 -8.70077 -4.14768 -8.74254 -7.1413 -7.80402 -5.52395 -7.89546 -8.63675 -4.14914 -8.28931 -7.00987 -7.89858 -5.49008 -7.92713 -8.67402 -4.23296 -8.38657 -6.98643 -7.64757 -5.65804 -7.94856 -8.68422 -3.09907 -8.29349 -6.49285 -9.53094 -3.68909 -7.60497 -8.74693 -2.25374 -8.19082
74.41 -4.698 -10.1136 -9.44048 -8.5713 -9.54049 -3.78849 -7.54195 -8.01624 -7.34946 -5.37005 -8.88485 -8.70793 -4.01768 -7.11891 -6.86986 -8.08883 -5.30112 -7.89313 -8.70113 -4.14764 -8.74989 -7.1412 -7.8044 -5.52389 -7.89538 -8.63676 -4.14909 -8.28882 -7.01005 -7.89846 -5.49005 -7.92712 -8.67397 -4.23299 -8.3864 -6.98638 -7.64757 -5.65806 -7.94855 -8.68423 -3.09905 -8.29358 -6.49285 -9.53095 -3.68907 -7.60497 -8.74693 -2.25373 -8.1908
74.46 -4.69054 -10.1376 -9.42328 -8.55723 -9.54007 -3.7848 -7.52066 -8.02911 -7.34446 -5.36629 -8.88323 -8.70618 -4.01763 -7.10557 -6.86798 -8.08896 -5.30077 -7.89273 -8.70151 -4.14758 -8.75721 -7.14114 -7.80477 -5.52382 -7.8953 -8.63677 -4.14904 -8.28829 -7.01023 -7.89834 -5.49001 -7.92711 -8.67393 -4.23301 -8.38623 -6.98633 -7.64758 -5.65808 -7.94855 -8.68424 -3.09904 -8.29367 -6.49285 -9.53097 -3.68905 -7.60497 -8.74693 -2.25373 -8.19079
74.51 -4.68427 -10.1606 -9.40224 -8.54355 -9.53937 -3.78133 -7.50014 -8.04154 -7.3394 -5.36269 -8.88108 -8.70437 -4.01763 -7.09313 -6.86606 -8.08917 -5.30045 -7.89234 -8.70191 -4.1475 -8.76448 -7.14111 -7.80512 -5.52374 -7.89523 -8.63676 -4.149 -8.28771 -7.0104 -7.89822 -5.48998 -7.9271 -8.67388 -4.23303 -8.38609 -6.98628 -7.64758 -5.6581 -7.94855 -8.68425 -3.09903 -8.29376 -6.49286 -9.53098 -3.68902 -7.60496 -8.74693 -2.25373 -8.19077
74.56 -4.67919 -10.1824 -9.37756 -8.53029 -9.53839 -3.77807 -7.48038 -8.05354 -7.33432 -5.35926 -8.87841 -8.70252 -4.01768 -7.08157 -6.8641 -8.08945 -5.30015 -7.89197 -8.70232 -4.14742 -8.77169 -7.14112 -7.80547 -5.52364 -7.89515 -8.63675 -4.14896 -8.28709 -7.01057 -7.89809 -5.48996 -7.92709 -8.67384 -4.23306 -8.38596 -6.98622 -7.64759 -5.65812 -7.94855 -8.68427 -3.09901 -8.29385 -6.49286 -9.53099 -3.689 -7.60496 -8.74693 -2.25373 -8.19075
74.61 -4.67527 -10.2032 -9.34946 -8.51746 -9.53716 -3.77502 -7.46141 -8.06508 -7.32921 -5.35599 -8.87523 -8.70061 -4.01778 -7.07088 -6.8621 -8.0898 -5.29987 -7.89162 -8.70275 -4.14732 -8.77881 -7.14117 -7.80579 -5.52354 -7.89508 -8.63674 -4.14892 -8.28644 -7.01074 -7.89797 -5.48993 -7.92707 -8.6738 -4.23308 -8.38584 -6.98617 -7.6476 -5.65814 -7.94855 -8.68428 -3.099 -8.29394 -6.49286 -9.531 -3.68898 -7.60496 -8.74693 -2.25373 -8.19073
74.66 -4.67249 -10.2229 -9.31816 -8.50509 -9.53569 -3.77219 -7.44323 -8.07617 -7.32409 -5.3529 -8.87154 -8.69866 -4.01792 -7.06106 -6.86008 -8.09024 -5.29962 -7.89128 -8.70319 -4.1472 -8.78584 -7.14124 -7.8061 -5.52343 -7.89501 -8.63671 -4.14889 -8.28575 -7.01089 -7.89784 -5.48992 -7.92706 -8.67375 -4.23311 -8.38574 -6.98612 -7.64762 -5.65816 -7.94855 -8.68429 -3.09898 -8.29403 -6.49287 -9.53102 -3.68896 -7.60496 -8.74693 -2.25372 -8.19071
74.71 -4.67084 -10.2415 -9.28385 -8.4932 -9.53399 -3.76956 -7.42583 -8.08681 -7.31897 -5.34997 -8.86734 -8.69666 -4.01811 -7.05209 -6.85804 -8.09074 -5.29938 -7.89096 -8.70364 -4.14708 -8.79276 -7.14136 -7.8064 -5.52331 -7.89494 -8.63668 -4.14886 -8.28503 -7.01104 -7.89771 -5.4899 -7.92704 -8.67371 -4.23313 -8.38566 -6.98606 -7.64763 -5.65818 -7.94855 -8.6843 -3.09897 -8.29411 -6.49288 -9.53103 -3.68894 -7.60496 -8.74692 -2.25372 -8.19069
74.76 -4.67033 -10.259 -9.24672 -8.48179 -9.53205 -3.76714 -7.40922 -8.09698 -7.31385 -5.34721 -8.86263 -8.69462 -4.01835 -7.04395 -6.85597 -8.09131 -5.29916 -7.89066 -8.70411 -4.14694 -8.79956 -7.1415 -7.80668 -5.52318 -7.89487 -8.63664 -4.14884 -8.28428 -7.01119 -7.89758 -5.48989 -7.92703 -8.67367 -4.23316 -8.38559 -6.986 -7.64765 -5.6582 -7.94855 -8.68432 -3.09895 -8.2942 -6.49288 -9.53104 -3.68891 -7.60496 -8.74692 -2.25372 -8.19067
74.81 -4.67094 -10.2754 -9.20694 -8.47088 -9.5299 -3.76491 -7.39341 -8.10668 -7.30876 -5.34462 -8.8574 -8.69251 -4.01862 -7.03665 -6.8539 -8.09195 -5.29896 -7.89038 -8.70458 -4.14679 -8.80622 -7.14168 -7.80694 -5.52304 -7.8948 -8.63659 -4.14881 -8.2835 -7.01132 -7.89745 -5.48988 -7.92701 -8.67364 -4.23318 -8.38554 -6.98595 -7.64767 -5.65822 -7.94855 -8.68433 -3.09893 -8.29428 -6.49289 -9.53104 -3.68889 -7.60495 -8.74692 -2.25372 -8.19065
74.86 -4.67268 -10.2908 -9.16468 -8.46047 -9.52753 -3.76289 -7.37839 -8.11592 -7.30369 -5.3422 -8.85164 -8.69036 -4.01893 -7.03017 -6.85181 -8.09266 -5.29877 -7.89011 -8.70506 -4.14663 -8.81274 -7.14189 -7.80718 -5.5229 -7.89474 -8.63654 -4.1488 -8.2827 -7.01145 -7.89732 -5.48987 -7.92699 -8.6736 -4.23321 -8.38551 -6.98589 -7.64769 -5.65824 -7.94855 -8.68435 -3.09892 -8.29436 -6.4929 -9.53105 -3.68887 -7.60495 -8.74692 -2.25372 -8.19063
74.91 -4.67556 -10.3052 -9.12009 -8.45058 -9.52494 -3.76106 -7.36416 -8.12469 -7.29866 -5.33995 -8.84533 -8.68815 -4.01928 -7.02451 -6.84973 -8.09343 -5.2986 -7.88986 -8.70554 -4.14646 -8.81911 -7.14214 -7.80741 -5.52274 -7.89468 -8.63648 -4.14879 -8.28187 -7.01158 -7.89719 -5.48987 -7.92697 -8.67356 -4.23323 -8.38549 -6.98583 -7.64771 -5.65826 -7.94855 -8.68436 -3.0989 -8.29444 -6.49291 -9.53106 -3.68885 -7.60495 -8.74691 -2.25372 -8.19061
74.96 -4.67957 -10.3185 -9.07331 -8.4412 -9.52214 -3.75942 -7.35073 -8.13298 -7.29367 -5.33787 -8.83848 -8.68588 -4.01966 -7.01965 -6.84764 -8.09426 -5.29844 -7.88963 -8.70603 -4.14628 -8.82531 -7.14241 -7.80762 -5.52258 -7.89462 -8.63641 -4.14878 -8.28103 -7.01169 -7.89705 -5.48988 -7.92695 -8.67353 -4.23326 -8.38548 -6.98577 -7.64773 -5.65828 -7.94855 -8.68437 -3.09889 -8.29452 -6.49292 -9.53107 -3.68883 -7.60495 -8.74691 -2.25372 -8.19058
75.01 -4.68474 -10.3307 -9.02446 -8.43234 -9.51912 -3.75797 -7.33809 -8.14081 -7.28873 -5.33595 -8.83105 -8.68354 -4.02008 -7.0156 -6.84556 -8.09515 -5.29829 -7.88941 -8.70652 -4.14609 -8.83134 -7.14271 -7.80781 -5.52241 -7.89456 -8.63634 -4.14877 -8.28016 -7.0118 -7.89692 -5.48988 -7.92693 -8.6735 -4.23328 -8.3855 -6.98571 -7.64776 -5.6583 -7.94856 -8.68439 -3.09887 -8.29459 -6.49293 -9.53107 -3.68881 -7.60495 -8.74691 -2.25372 -8.19056
75.06 -4.69109 -10.3419 -8.97366 -8.42401 -9.51587 -3.75672 -7.32625 -8.14816 -7.28385 -5.3342 -8.82303 -8.68113 -4.02053 -7.01235 -6.84348 -8.09609 -5.29816 -7.8892 -8.70702 -4.14589 -8.83719 -7.14304 -7.80798 -5.52224 -7.8945 -8.63626 -4.14877 -8.27928 -7.0119 -7.8968 -5.48989 -7.92691 -8.67347 -4.2333 -8.38552 -6.98566 -7.64778 -5.65832 -7.94856 -8.6844 -3.09886 -8.29466 -6.49295 -9.53108 -3.68879 -7.60495 -8.7469 -2.25372 -8.19054
75.11 -4.69862 -10.3521 -8.92101 -8.4162 -9.51239 -3.75565 -7.31521 -8.15505 -7.27903 -5.33261 -8.81441 -8.67865 -4.02102 -7.0099 -6.84142 -8.09709 -5.29803 -7.88901 -8.70752 -4.14569 -8.84285 -7.1434 -7.80812 -5.52205 -7.89444 -8.63617 -4.14878 -8.27839 -7.01199 -7.89667 -5.48991 -7.92689 -8.67344 -4.23333 -8.38557 -6.9856 -7.64781 -5.65834 -7.94856 -8.68442 -3.09884 -8.29473 -6.49296 -9.53108 -3.68878 -7.60495 -8.7469 -2.25372 -8.19051
75.16 -4.70736 -10.3613 -8.8666 -8.40892 -9.50867 -3.75476 -7.30497 -8.16145 -7.27429 -5.33118 -8.80515 -8.6761 -4.02154 -7.00824 -6.83937 -8.09814 -5.29792 -7.88884 -8.70802 -4.14547 -8.84832 -7.14379 -7.80825 -5.52187 -7.89438 -8.63608 -4.14878 -8.27748 -7.01207 -7.89654 -5.48992 -7.92687 -8.67341 -4.23335 -8.38563 -6.98554 -7.64784 -5.65836 -7.94857 -8.68443 -3.09882 -8.29479 -6.49297 -9.53108 -3.68876 -7.60495 -8.74689 -2.25372 -8.19049
75.21 -4.71733 -10.3694 -8.81052 -8.40216 -9.50471 -3.75407 -7.29553 -8.16739 -7.26962 -5.32991 -8.79526 -8.67346 -4.02209 -7.00739 -6.83734 -8.09923 -5.29782 -7.88868 -8.70852 -4.14525 -8.85359 -7.1442 -7.80836 -5.52168 -7.89433 -8.63598 -4.1488 -8.27657 -7.01215 -7.89642 -5.48994 -7.92685 -8.67339 -4.23337 -8.3857 -6.98548 -7.64787 -5.65837 -7.94857 -8.68445 -3.09881 -8.29486 -6.49299 -9.53108 -3.68874 -7.60495 -8.74689 -2.25372 -8.19046
75.26 -4.72856 -10.3765 -8.75282 -8.39594 -9.50049 -3.75355 -7.28691 -8.17284 -7.26503 -5.32879 -8.78469 -8.67073 -4.02267 -7.00733 -6.83533 -8.10037 -5.29773 -7.88853 -8.70902 -4.14502 -8.85866 -7.14464 -7.80845 -5.52148 -7.89428 -8.63588 -4.14881 -8.27564 -7.01221 -7.8963 -5.48997 -7.92683 -8.67337 -4.23339 -8.38579 -6.98543 -7.6479 -5.65839 -7.94858 -8.68446 -3.09879 -8.29491 -6.493 -9.53109 -3.68873 -7.60495 -8.74688 -2.25372 -8.19044
75.31 -4.74109 -10.3825 -8.69357 -8.39026 -9.496 -3.75323 -7.27909 -8.17782 -7.26053 -5.32784 -8.77342 -8.6679 -4.02329 -7.00808 -6.83335 -8.10156 -5.29764 -7.8884 -8.70951 -4.14479 -8.86351 -7.14509 -7.80852 -5.52128 -7.89422 -8.63577 -4.14883 -8.27472 -7.01227 -7.89618 -5.49 -7.9268 -8.67335 -4.23341 -8.3859 -6.98537 -7.64794 -5.65841 -7.94858 -8.68448 -3.09878 -8.29497 -6.49302 -9.53109 -3.68871 -7.60495 -8.74688 -2.25372 -8.19041
75.36 -4.75493 -10.3876 -8.63281 -8.3851 -9.49123 -3.75309 -7.2721 -8.18231 -7.25612 -5.32703 -8.76144 -8.66497 -4.02394 -7.00963 -6.83139 -8.10278 -5.29757 -7.88828 -8.71001 -4.14455 -8.86816 -7.14557 -7.80857 -5.52107 -7.89417 -8.63566 -4.14886 -8.27378 -7.01232 -7.89606 -5.49003 -7.92678 -8.67333 -4.23343 -8.38602 -6.98532 -7.64797 -5.65842 -7.94859 -8.68449 -3.09876 -8.29502 -6.49304 -9.53108 -3.6887 -7.60495 -8.74688 -2.25372 -8.19039
75.41 -4.77013 -10.3915 -8.57058 -8.38048 -9.48617 -3.75313 -7.26593 -8.18633 -7.25181 -5.32638 -8.74871 -8.66194 -4.02462 -7.01201 -6.82946 -8.10404 -5.29751 -7.88818 -8.7105 -4.1443 -8.87258 -7.14608 -7.8086 -5.52087 -7.89413 -8.63554 -4.14889 -8.27285 -7.01235 -7.89595 -5.49006 -7.92676 -8.67331 -4.23345 -8.38615 -6.98526 -7.64801 -5.65844 -7.94859 -8.68451 -3.09875 -8.29507 -6.49306 -9.53108 -3.68868 -7.60496 -8.74687 -2.25372 -8.19036
75.46 -4.78672 -10.3944 -8.50691 -8.3764 -9.48079 -3.75337 -7.26061 -8.18985 -7.2476 -5.32588 -8.73521 -8.6588 -4.02534 -7.01521 -6.82756 -8.10534 -5.29746 -7.88809 -8.71098 -4.14405 -8.87679 -7.1466 -7.80861 -5.52066 -7.89408 -8.63542 -4.14892 -8.27192 -7.01238 -7.89584 -5.4901 -7.92674 -8.6733 -4.23347 -8.3863 -6.98521 -7.64804 -5.65845 -7.9486 -8.68452 -3.09873 -8.29512 -6.49308 -9.53108 -3.68867 -7.60496 -8.74687 -2.25372 -8.19034
75.51 -4.80473 -10.3962 -8.44182 -8.37287 -9.47508 -3.75379 -7.25614 -8.19287 -7.24349 -5.32553 -8.72092 -8.65554 -4.0261 -7.01924 -6.8257 -8.10666 -5.29741 -7.88801 -8.71147 -4.1438 -8.88076 -7.14714 -7.8086 -5.52045 -7.89404 -8.6353 -4.14895 -8.27099 -7.0124 -7.89573 -5.49014 -7.92671 -8.67329 -4.23349 -8.38645 -6.98516 -7.64808 -5.65846 -7.94861 -8.68454 -3.09872 -8.29516 -6.49309 -9.53108 -3.68866 -7.60496 -8.74686 -2.25373 -8.19032
75.56 -4.82421 -10.397 -8.37531 -8.36987 -9.46903 -3.75441 -7.25253 -8.1954 -7.2395 -5.32532 -8.70581 -8.65215 -4.02689 -7.02413 -6.82387 -8.10801 -5.29738 -7.88794 -8.71194 -4.14354 -8.88451 -7.14769 -7.80857 -5.52023 -7.89399 -8.63517 -4.14899 -8.27006 -7.01241 -7.89563 -5.49018 -7.92669 -8.67328 -4.23351 -8.38663 -6.98511 -7.64812 -5.65848 -7.94861 -8.68455 -3.09871 -8.29519 -6.49311 -9.53107 -3.68865 -7.60496 -8.74685 -2.25373 -8.19029
75.61 -4.84519 -10.3966 -8.30741 -8.36743 -9.46261 -3.75522 -7.24981 -8.19743 -7.23562 -5.32527 -8.68987 -8.64864 -4.02772 -7.02987 -6.82209 -8.10939 -5.29737 -7.88789 -8.71241 -4.14328 -8.88803 -7.14826 -7.80851 -5.52002 -7.89395 -8.63504 -4.14903 -8.26914 -7.01242 -7.89553 -5.49023 -7.92667 -8.67327 -4.23352 -8.38681 -6.98506 -7.64816 -5.65849 -7.94862 -8.68456 -3.09869 -8.29523 -6.49313 -9.53107 -3.68864 -7.60496 -8.74685 -2.25373 -8.19027
75.66 -4.8677 -10.3951 -8.2381 -8.36554 -9.45581 -3.75623 -7.24798 -8.19893 -7.23186 -5.32536 -8.67306 -8.645 -4.02859 -7.03649 -6.82034 -8.1108 -5.29736 -7.88785 -8.71287 -4.14302 -8.8913 -7.14885 -7.80844 -5.5198 -7.89392 -8.6349 -4.14908 -8.26823 -7.01241 -7.89543 -5.49028 -7.92664 -8.67326 -4.23354 -8.38701 -6.98501 -7.6482 -5.6585 -7.94863 -8.68458 -3.09868 -8.29526 -6.49315 -9.53106 -3.68863 -7.60497 -8.74684 -2.25373 -8.19024
75.71 -4.89179 -10.3924 -8.16739 -8.36421 -9.44861 -3.75745 -7.24707 -8.19992 -7.22822 -5.3256 -8.65537 -8.64121 -4.0295 -7.04399 -6.81863 -8.11222 -5.29737 -7.88783 -8.71333 -4.14276 -8.89434 -7.14945 -7.80835 -5.51959 -7.89388 -8.63476 -4.14913 -8.26733 -7.01239 -7.89534 -5.49033 -7.92662 -8.67326 -4.23355 -8.38721 -6.98496 -7.64824 -5.65851 -7.94864 -8.68459 -3.09867 -8.29528 -6.49317 -9.53105 -3.68862 -7.60497 -8.74684 -2.25373 -8.19022
75.76 -4.91748 -10.3886 -8.09529 -8.36344 -9.44098 -3.75887 -7.24709 -8.20038 -7.22471 -5.32599 -8.63679 -8.63729 -4.03045 -7.0524 -6.81697 -8.11366 -5.29739 -7.88781 -8.71377 -4.1425 -8.89713 -7.15007 -7.80824 -5.51938 -7.89385 -8.63462 -4.14918 -8.26643 -7.01237 -7.89525 -5.49038 -7.9266 -8.67326 -4.23357 -8.38743 -6.98492 -7.64828 -5.65852 -7.94864 -8.6846 -3.09866 -8.2953 -6.4932 -9.53104 -3.68861 -7.60497 -8.74683 -2.25373 -8.1902
75.81 -4.9448 -10.3835 -8.02177 -8.36326 -9.43291 -3.7605 -7.24808 -8.20029 -7.22133 -5.32653 -8.61731 -8.63323 -4.03144 -7.06173 -6.81536 -8.11512 -5.29743 -7.88782 -8.71421 -4.14223 -8.89968 -7.15069 -7.80811 -5.51916 -7.89382 -8.63448 -4.14924 -8.26555 -7.01234 -7.89517 -5.49044 -7.92658 -8.67326 -4.23358 -8.38766 -6.98488 -7.64832 -5.65853 -7.94865 -8.68462 -3.09864 -8.29532 -6.49322 -9.53103 -3.68861 -7.60497 -8.74683 -2.25374 -8.19018
75.86 -4.97378 -10.3772 -7.94686 -8.36365 -9.42437 -3.76235 -7.25005 -8.19966 -7.21808 -5.32721 -8.59693 -8.62902 -4.03248 -7.07199 -6.81379 -8.11658 -5.29749 -7.88783 -8.71464 -4.14197 -8.90197 -7.15132 -7.80797 -5.51895 -7.89379 -8.63433 -4.1493 -8.26468 -7.01229 -7.89509 -5.4905 -7.92655 -8.67326 -4.23359 -8.3879 -6.98484 -7.64836 -5.65854 -7.94866 -8.68463 -3.09863 -8.29533 -6.49324 -9.53103 -3.6886 -7.60498 -8.74682 -2.25374 -8.19015
75.91 -5.00443 -10.3697 -7.87056 -8.36463 -9.41536 -3.76443 -7.25303 -8.19846 -7.21497 -5.32805 -8.57565 -8.62466 -4.03356 -7.08321 -6.81227 -8.11806 -5.29757 -7.88786 -8.71506 -4.1417 -8.90401 -7.15197 -7.8078 -5.51874 -7.89377 -8.63419 -4.14936 -8.26383 -7.01224 -7.89502 -5.49056 -7.92653 -8.67327 -4.2336 -8.38814 -6.9848 -7.6484 -5.65855 -7.94867 -8.68464 -3.09862 -8.29534 -6.49326 -9.53101 -3.6886 -7.60498 -8.74681 -2.25374 -8.19013
75.96 -5.03675 -10.3608 -7.79288 -8.36622 -9.40586 -3.76672 -7.25705 -8.19668 -7.212 -5.32903 -8.5535 -8.62017 -4.03469 -7.09539 -6.81081 -8.11955 -5.29767 -7.8879 -8.71547 -4.14144 -8.90579 -7.15261 -7.80762 -5.51854 -7.89375 -8.63404 -4.14942 -8.26299 -7.01218 -7.89495 -5.49062 -7.92651 -8.67327 -4.23361 -8.3884 -6.98476 -7.64844 -5.65855 -7.94868 -8.68465 -3.09861 -8.29534 -6.49328 -9.531 -3.6886 -7.60498 -8.74681 -2.25374 -8.19011
76.01 -5.07073 -10.3506 -7.71386 -8.36841 -9.39586 -3.76926 -7.26213 -8.19431 -7.20918 -5.33017 -8.53049 -8.61553 -4.03587 -7.10855 -6.8094 -8.12103 -5.29779 -7.88796 -8.71587 -4.14118 -8.9073 -7.15327 -7.80742 -5.51833 -7.89373 -8.6339 -4.14949 -8.26217 -7.01212 -7.89489 -5.49069 -7.92649 -8.67328 -4.23362 -8.38866 -6.98473 -7.64848 -5.65856 -7.94869 -8.68466 -3.0986 -8.29534 -6.4933 -9.53099 -3.68859 -7.60499 -8.7468 -2.25375 -8.19009
76.06 -5.10636 -10.339 -7.63356 -8.37122 -9.38534 -3.77202 -7.2683 -8.19134 -7.20651 -5.33146 -8.50667 -8.61077 -4.0371 -7.1227 -6.80804 -8.12252 -5.29793 -7.88804 -8.71626 -4.14092 -8.90854 -7.15393 -7.80721 -5.51813 -7.89372 -8.63375 -4.14956 -8.26137 -7.01204 -7.89483 -5.49076 -7.92647 -8.6733 -4.23363 -8.38893 -6.9847 -7.64852 -5.65856 -7.9487 -8.68467 -3.0986 -8.29534 -6.49333 -9.53098 -3.68859 -7.60499 -8.7468 -2.25375 -8.19007
76.11 -5.14358 -10.3261 -7.55202 -8.37466 -9.37432 -3.77504 -7.27559 -8.18775 -7.204 -5.33291 -8.48211 -8.60589 -4.03838 -7.13784 -6.80674 -8.12401 -5.2981 -7.88813 -8.71663 -4.14066 -8.90952 -7.15459 -7.80698 -5.51793 -7.89371 -8.6336 -4.14963 -8.26058 -7.01196 -7.89478 -5.49082 -7.92645 -8.67331 -4.23363 -8.38921 -6.98467 -7.64856 -5.65857 -7.94871 -8.68468 -3.09859 -8.29533 -6.49335 -9.53096 -3.68859 -7.60499 -8.74679 -2.25375 -8.19006
76.16 -5.18233 -10.3117 -7.46937 -8.37873 -9.3628 -3.77829 -7.28402 -8.18352 -7.20164 -5.33452 -8.45687 -8.60091 -4.0397 -7.15398 -6.8055 -8.1255 -5.29829 -7.88823 -8.717 -4.14041 -8.91021 -7.15526 -7.80673 -5.51774 -7.89371 -8.63345 -4.1497 -8.25982 -7.01187 -7.89474 -5.49089 -7.92643 -8.67332 -4.23364 -8.38949 -6.98464 -7.6486 -5.65857 -7.94872 -8.68469 -3.09858 -8.29532 -6.49337 -9.53095 -3.68859 -7.605 -8.74678 -2.25376 -8.19004
76.21 -5.22253 -10.2959 -7.38571 -8.38345 -9.35079 -3.7818 -7.29362 -8.17866 -7.19946 -5.33629 -8.43106 -8.59583 -4.04107 -7.17112 -6.80432 -8.12698 -5.29852 -7.88836 -8.71736 -4.14015 -8.91062 -7.15593 -7.80647 -5.51755 -7.89371 -8.6333 -4.14977 -8.25907 -7.01177 -7.8947 -5.49096 -7.92641 -8.67334 -4.23364 -8.38978 -6.98461 -7.64864 -5.65857 -7.94872 -8.6847 -3.09857 -8.2953 -6.49339 -9.53094 -3.6886 -7.605 -8.74678 -2.25376 -8.19002
76.26 -5.26406 -10.2786 -7.30121 -8.38883 -9.33833 -3.78556 -7.30441 -8.17314 -7.19744 -5.33822 -8.40478 -8.5907 -4.04249 -7.18926 -6.8032 -8.12845 -5.29877 -7.8885 -8.7177 -4.13991 -8.91074 -7.1566 -7.80619 -5.51737 -7.89372 -8.63316 -4.14985 -8.25835 -7.01166 -7.89466 -5.49104 -7.9264 -8.67336 -4.23364 -8.39007 -6.98459 -7.64868 -5.65857 -7.94873 -8.68471 -3.09857 -8.29528 -6.49341 -9.53092 -3.6886 -7.60501 -8.74677 -2.25376 -8.19001
76.31 -5.30678 -10.2598 -7.21607 -8.39485 -9.32544 -3.78957 -7.3164 -8.16696 -7.19559 -5.34032 -8.37817 -8.58552 -4.04396 -7.20836 -6.80215 -8.12991 -5.29905 -7.88866 -8.71803 -4.13966 -8.91056 -7.15726 -7.8059 -5.51719 -7.89373 -8.63301 -4.14993 -8.25765 -7.01155 -7.89463 -5.49111 -7.92638 -8.67338 -4.23364 -8.39037 -6.98457 -7.64872 -5.65857 -7.94874 -8.68471 -3.09856 -8.29526 -6.49343 -9.5309 -3.6886 -7.60501 -8.74677 -2.25377 -8.18999
76.36 -5.35053 -10.2396 -7.13052 -8.40153 -9.31217 -3.79384 -7.3296 -8.16011 -7.19393 -5.34258 -8.35139 -8.58034 -4.04546 -7.22842 -6.80116 -8.13136 -5.29937 -7.88883 -8.71834 -4.13942 -8.91009 -7.15793 -7.8056 -5.51701 -7.89375 -8.63287 -4.15001 -8.25697 -7.01143 -7.89461 -5.49118 -7.92636 -8.67341 -4.23365 -8.39067 -6.98455 -7.64876 -5.65857 -7.94875 -8.68472 -3.09856 -8.29523 -6.49345 -9.53089 -3.68861 -7.60501 -8.74676 -2.25377 -8.18998
76.41 -5.39511 -10.2179 -7.04483 -8.40887 -9.2986 -3.79835 -7.34401 -8.15259 -7.19245 -5.34502 -8.32459 -8.57519 -4.04701 -7.24939 -6.80024 -8.13279 -5.29972 -7.88903 -8.71864 -4.13919 -8.90932 -7.15859 -7.80528 -5.51685 -7.89377 -8.63272 -4.15009 -8.25632 -7.01131 -7.8946 -5.49126 -7.92635 -8.67343 -4.23364 -8.39098 -6.98454 -7.64879 -5.65857 -7.94876 -8.68473 -3.09855 -8.2952 -6.49347 -9.53087 -3.68862 -7.60502 -8.74676 -2.25377 -8.18996
76.46 -5.4403 -10.1948 -6.95931 -8.41686 -9.28478 -3.8031 -7.35964 -8.14439 -7.19117 -5.34762 -8.29797 -8.5701 -4.04859 -7.27124 -6.79939 -8.13421 -5.3001 -7.88924 -8.71893 -4.13896 -8.90823 -7.15924 -7.80495 -5.51668 -7.8938 -8.63258 -4.15017 -8.2557 -7.01117 -7.89458 -5.49133 -7.92633 -8.67346 -4.23364 -8.39128 -6.98453 -7.64883 -5.65857 -7.94877 -8.68473 -3.09855 -8.29516 -6.4935 -9.53085 -3.68862 -7.60502 -8.74675 -2.25378 -8.18995
76.51 -5.48587 -10.1702 -6.87432 -8.42548 -9.2708 -3.80808 -7.37645 -8.13552 -7.19008 -5.35039 -8.27169 -8.56512 -4.05019 -7.29391 -6.79861 -8.1356 -5.30051 -7.88948 -8.71921 -4.13873 -8.90683 -7.15989 -7.80461 -5.51653 -7.89384 -8.63245 -4.15025 -8.2551 -7.01104 -7.89458 -5.49141 -7.92632 -8.67349 -4.23364 -8.39159 -6.98452 -7.64887 -5.65856 -7.94878 -8.68474 -3.09855 -8.29512 -6.49352 -9.53084 -3.68863 -7.60503 -8.74674 -2.25378 -8.18994
76.56 -5.53158 -10.1444 -6.79022 -8.43472 -9.25676 -3.81329 -7.39443 -8.126 -7.18919 -5.35333 -8.24596 -8.56028 -4.05182 -7.31734 -6.79791 -8.13697 -5.30096 -7.88973 -8.71947 -4.13852 -8.90512 -7.16054 -7.80426 -5.51638 -7.89388 -8.63231 -4.15033 -8.25453 -7.01089 -7.89458 -5.49148 -7.9263 -8.67351 -4.23364 -8.3919 -6.98451 -7.6489 -5.65856 -7.94879 -8.68474 -3.09855 -8.29508 -6.49353 -9.53082 -3.68864 -7.60503 -8.74674 -2.25378 -8.18993
76.61 -5.57715 -10.1173 -6.70741 -8.44456 -9.24274 -3.8187 -7.41354 -8.11583 -7.18851 -5.35644 -8.22094 -8.55563 -4.05347 -7.34145 -6.79728 -8.13831 -5.30144 -7.89001 -8.71971 -4.1383 -8.90309 -7.16117 -7.8039 -5.51624 -7.89392 -8.63218 -4.15042 -8.25399 -7.01074 -7.89459 -5.49156 -7.92629 -8.67355 -4.23363 -8.39221 -6.98451 -7.64893 -5.65855 -7.9488 -8.68475 -3.09855 -8.29503 -6.49355 -9.5308 -3.68865 -7.60504 -8.74673 -2.25379 -8.18992
76.66 -5.62233 -10.089 -6.62629 -8.45497 -9.22885 -3.8243 -7.43374 -8.10503 -7.18804 -5.35971 -8.19681 -8.5512 -4.05512 -7.36616 -6.79674 -8.13962 -5.30195 -7.89031 -8.71994 -4.1381 -8.90074 -7.1618 -7.80353 -5.5161 -7.89397 -8.63205 -4.1505 -8.25347 -7.01059 -7.8946 -5.49163 -7.92628 -8.67358 -4.23363 -8.39253 -6.9845 -7.64897 -5.65854 -7.94881 -8.68475 -3.09855 -8.29498 -6.49357 -9.53078 -3.68866 -7.60504 -8.74673 -2.25379 -8.18991
76.71 -5.66686 -10.0595 -6.54729 -8.46591 -9.21518 -3.83007 -7.45495 -8.09364 -7.18778 -5.36314 -8.17372 -8.54704 -4.05677 -7.39138 -6.79627 -8.14091 -5.30249 -7.89062 -8.72015 -4.1379 -8.89807 -7.16241 -7.80316 -5.51597 -7.89403 -8.63192 -4.15058 -8.25299 -7.01043 -7.89462 -5.49171 -7.92627 -8.67361 -4.23362 -8.39284 -6.98451 -7.649 -5.65854 -7.94882 -8.68475 -3.09855 -8.29493 -6.49359 -9.53076 -3.68868 -7.60505 -8.74673 -2.25379 -8.18991
76.76 -5.71052 -10.0291 -6.4708 -8.47734 -9.20184 -3.83599 -7.47713 -8.08168 -7.18775 -5.36673 -8.15181 -8.54318 -4.05841 -7.417 -6.79589 -8.14216 -5.30306 -7.89096 -8.72034 -4.13771 -8.89508 -7.16302 -7.80277 -5.51585 -7.89409 -8.6318 -4.15067 -8.25254 -7.01027 -7.89464 -5.49178 -7.92626 -8.67365 -4.23361 -8.39315 -6.98451 -7.64903 -5.65853 -7.94883 -8.68475 -3.09855 -8.29487 -6.49361 -9.53074 -3.68869 -7.60505 -8.74672 -2.2538 -8.1899
76.81 -5.75308 -9.99786 -6.39721 -8.48922 -9.18891 -3.84202 -7.50018 -8.0692 -7.18794 -5.37046 -8.13116 -8.53965 -4.06003 -7.44293 -6.79559 -8.14337 -5.30365 -7.89132 -8.72051 -4.13753 -8.89177 -7.16361 -7.80238 -5.51574 -7.89416 -8.63168 -4.15075 -8.25212 -7.0101 -7.89467 -5.49185 -7.92625 -8.67369 -4.2336 -8.39346 -6.98451 -7.64906 -5.65852 -7.94883 -8.68475 -3.09855 -8.29481 -6.49362 -9.53072 -3.6887 -7.60506 -8.74672 -2.2538 -8.1899
76.86 -5.79434 -9.96582 -6.32687 -8.50148 -9.17647 -3.84815 -7.52403 -8.05622 -7.18836 -5.37433 -8.11188 -8.53646 -4.06163 -7.46906 -6.79538 -8.14455 -5.30427 -7.89169 -8.72067 -4.13735 -8.88815 -7.16419 -7.80198 -5.51563 -7.89424 -8.63156 -4.15083 -8.25173 -7.00993 -7.89471 -5.49193 -7.92624 -8.67372 -4.23359 -8.39376 -6.98452 -7.64908 -5.65851 -7.94884 -8.68475 -3.09855 -8.29475 -6.49364 -9.5307 -3.68872 -7.60506 -8.74671 -2.2538 -8.18989
76.91 -5.83415 -9.93316 -6.26011 -8.51408 -9.16458 -3.85435 -7.54858 -8.0428 -7.18901 -5.37834 -8.09399 -8.53363 -4.06318 -7.49527 -6.79526 -8.14569 -5.30491 -7.89209 -8.72081 -4.13718 -8.88422 -7.16475 -7.80158 -5.51553 -7.89431 -8.63145 -4.15092 -8.25138 -7.00976 -7.89475 -5.492 -7.92623 -8.67376 -4.23358 -8.39407 -6.98453 -7.64911 -5.6585 -7.94885 -8.68475 -3.09856 -8.29469 -6.49365 -9.53068 -3.68873 -7.60507 -8.74671 -2.25381 -8.18989
76.96 -5.87236 -9.9 -6.19721 -8.52695 -9.1533 -3.8606 -7.57373 -8.02898 -7.18989 -5.38246 -8.07753 -8.53118 -4.06469 -7.52146 -6.79523 -8.14678 -5.30556 -7.8925 -8.72092 -4.13703 -8.87999 -7.1653 -7.80117 -5.51544 -7.8944 -8.63135 -4.151 -8.25106 -7.00958 -7.8948 -5.49207 -7.92623 -8.6738 -4.23357 -8.39437 -6.98455 -7.64914 -5.65849 -7.94886 -8.68475 -3.09856 -8.29462 -6.49367 -9.53067 -3.68875 -7.60507 -8.7467 -2.25381 -8.18989
77.01 -5.90887 -9.86647 -6.1384 -8.54004 -9.14268 -3.86686 -7.5994 -8.01481 -7.191 -5.38669 -8.0625 -8.5291 -4.06615 -7.54752 -6.7953 -8.14782 -5.30622 -7.89293 -8.72102 -4.13688 -8.87546 -7.16583 -7.80076 -5.51536 -7.89448 -8.63124 -4.15108 -8.25077 -7.0094 -7.89485 -5.49214 -7.92622 -8.67384 -4.23355 -8.39467 -6.98457 -7.64916 -5.65848 -7.94887 -8.68475 -3.09856 -8.29455 -6.49368 -9.53065 -3.68877 -7.60508 -8.7467 -2.25381 -8.18989
77.06 -5.9436 -9.8327 -6.08387 -8.55327 -9.13273 -3.87311 -7.62547 -8.00035 -7.19235 -5.39101 -8.04889 -8.5274 -4.06755 -7.57334 -6.79546 -8.14882 -5.3069 -7.89337 -8.7211 -4.13674 -8.87066 -7.16634 -7.80034 -5.51529 -7.89457 -8.63115 -4.15116 -8.25053 -7.00922 -7.89491 -5.4922 -7.92622 -8.67388 -4.23354 -8.39496 -6.98458 -7.64918 -5.65846 -7.94887 -8.68475 -3.09857 -8.29448 -6.4937 -9.53063 -3.68878 -7.60508 -8.7467 -2.25382 -8.18989
77.11 -5.97651 -9.7988 -6.03375 -8.56658 -9.12347 -3.87934 -7.65186 -7.98565 -7.19393 -5.39541 -8.03664 -8.52606 -4.06888 -7.59884 -6.79571 -8.14977 -5.30758 -7.89383 -8.72115 -4.13661 -8.86559 -7.16683 -7.79993 -5.51522 -7.89466 -8.63105 -4.15123 -8.25032 -7.00904 -7.89497 -5.49227 -7.92621 -8.67393 -4.23352 -8.39525 -6.98461 -7.6492 -5.65845 -7.94888 -8.68475 -3.09858 -8.2944 -6.49371 -9.53061 -3.6888 -7.60508 -8.7467 -2.25382 -8.18989
77.16 -6.00756 -9.76489 -5.98815 -8.57992 -9.11491 -3.8855 -7.67846 -7.97076 -7.19574 -5.39988 -8.02573 -8.52508 -4.07015 -7.62391 -6.79606 -8.15067 -5.30826 -7.8943 -8.72118 -4.13649 -8.86026 -7.1673 -7.79951 -5.51516 -7.89476 -8.63097 -4.15131 -8.25014 -7.00885 -7.89504 -5.49233 -7.92621 -8.67397 -4.23351 -8.39553 -6.98463 -7.64922 -5.65844 -7.94889 -8.68474 -3.09858 -8.29433 -6.49372 -9.53059 -3.68882 -7.60509 -8.74669 -2.25382 -8.1899
77.21 -6.03674 -9.73109 -5.94711 -8.59323 -9.10703 -3.8916 -7.70519 -7.95572 -7.19779 -5.4044 -8.01608 -8.52443 -4.07133 -7.64848 -6.7965 -8.15151 -5.30893 -7.89478 -8.72119 -4.13638 -8.85468 -7.16775 -7.79909 -5.51512 -7.89486 -8.63088 -4.15139 -8.25001 -7.00867 -7.89511 -5.4924 -7.92621 -8.67401 -4.23349 -8.39581 -6.98466 -7.64923 -5.65842 -7.94889 -8.68474 -3.09859 -8.29425 -6.49373 -9.53057 -3.68884 -7.60509 -8.74669 -2.25383 -8.1899
77.26 -6.06407 -9.69749 -5.91063 -8.60645 -9.09984 -3.89759 -7.73195 -7.9406 -7.20006 -5.40896 -8.00764 -8.52411 -4.07244 -7.67248 -6.79705 -8.15229 -5.3096 -7.89527 -8.72117 -4.13628 -8.84888 -7.16818 -7.79867 -5.51508 -7.89495 -8.63081 -4.15146 -8.24991 -7.00848 -7.89518 -5.49246 -7.9262 -8.67406 -4.23347 -8.39607 -6.98468 -7.64925 -5.65841 -7.9489 -8.68473 -3.0986 -8.29417 -6.49374 -9.53055 -3.68886 -7.6051 -8.74669 -2.25383 -8.18991
77.31 -6.08957 -9.66418 -5.8787 -8.61954 -9.0933 -3.90348 -7.75867 -7.92542 -7.20255 -5.41354 -8.00033 -8.52409 -4.07346 -7.69582 -6.79768 -8.15301 -5.31027 -7.89577 -8.72113 -4.13619 -8.84287 -7.16858 -7.79825 -5.51505 -7.89505 -8.63073 -4.15153 -8.24986 -7.00829 -7.89527 -5.49251 -7.9262 -8.6741 -4.23346 -8.39634 -6.98471 -7.64926 -5.65839 -7.94891 -8.68473 -3.09861 -8.29409 -6.49375 -9.53053 -3.68888 -7.6051 -8.74669 -2.25383 -8.18991
77.36 -6.11327 -9.63126 -5.85125 -8.63244 -9.08739 -3.90925 -7.78527 -7.91025 -7.20527 -5.41813 -7.9941 -8.52436 -4.0744 -7.71847 -6.79842 -8.15368 -5.31091 -7.89627 -8.72107 -4.13611 -8.83667 -7.16896 -7.79784 -5.51502 -7.89515 -8.63067 -4.1516 -8.24985 -7.00811 -7.89535 -5.49257 -7.92621 -8.67415 -4.23344 -8.39659 -6.98475 -7.64927 -5.65837 -7.94891 -8.68472 -3.09862 -8.29401 -6.49376 -9.53051 -3.6889 -7.60511 -8.74668 -2.25384 -8.18992
77.41 -6.13521 -9.59879 -5.8282 -8.64514 -9.08209 -3.91488 -7.81167 -7.89512 -7.2082 -5.4227 -7.98888 -8.52489 -4.07525 -7.74035 -6.79925 -8.15428 -5.31155 -7.89678 -8.72098 -4.13604 -8.8303 -7.16931 -7.79743 -5.51501 -7.89525 -8.6306 -4.15167 -8.24987 -7.00792 -7.89544 -5.49262 -7.92621 -8.67419 -4.23342 -8.39684 -6.98478 -7.64928 -5.65836 -7.94892 -8.68472 -3.09863 -8.29393 -6.49376 -9.53049 -3.68892 -7.60511 -8.74668 -2.25384 -8.18993
77.46 -6.15543 -9.56686 -5.80944 -8.65758 -9.07738 -3.92036 -7.83781 -7.88007 -7.21134 -5.42726 -7.9846 -8.52567 -4.07602 -7.76144 -6.80017 -8.15481 -5.31216 -7.89729 -8.72087 -4.13599 -8.82376 -7.16964 -7.79702 -5.51501 -7.89535 -8.63055 -4.15173 -8.24994 -7.00773 -7.89554 -5.49267 -7.92621 -8.67424 -4.2334 -8.39708 -6.98482 -7.64929 -5.65834 -7.94892 -8.68471 -3.09864 -8.29384 -6.49377 -9.53048 -3.68894 -7.60511 -8.74668 -2.25384 -8.18994
77.51 -6.17398 -9.53552 -5.79485 -8.66974 -9.07321 -3.92569 -7.86364 -7.86514 -7.21468 -5.43179 -7.98121 -8.52667 -4.0767 -7.78169 -6.80119 -8.15528 -5.31275 -7.8978 -8.72073 -4.13595 -8.81709 -7.16994 -7.79662 -5.51501 -7.89545 -8.6305 -4.15179 -8.25005 -7.00755 -7.89563 -5.49272 -7.92621 -8.67428 -4.23338 -8.39731 -6.98486 -7.6493 -5.65832 -7.94893 -8.6847 -3.09865 -8.29376 -6.49377 -9.53046 -3.68897 -7.60512 -8.74668 -2.25385 -8.18995
77.56 -6.19091 -9.50482 -5.7843 -8.68159 -9.06957 -3.93085 -7.88908 -7.85036 -7.21822 -5.43626 -7.97864 -8.52788 -4.0773 -7.80107 -6.8023 -8.15568 -5.31332 -7.89831 -8.72057 -4.13592 -8.8103 -7.17021 -7.79622 -5.51503 -7.89554 -8.63045 -4.15185 -8.25021 -7.00736 -7.89574 -5.49277 -7.92622 -8.67433 -4.23336 -8.39752 -6.9849 -7.6493 -5.6583 -7.94893 -8.68469 -3.09866 -8.29367 -6.49378 -9.53044 -3.68899 -7.60512 -8.74668 -2.25385 -8.18996
77.61 -6.20625 -9.47483 -5.77764 -8.69313 -9.06643 -3.93584 -7.9141 -7.83576 -7.22195 -5.44068 -7.97686 -8.52927 -4.07782 -7.81957 -6.8035 -8.15602 -5.31387 -7.89881 -8.72038 -4.1359 -8.80341 -7.17045 -7.79583 -5.51505 -7.89564 -8.63041 -4.15191 -8.2504 -7.00718 -7.89584 -5.49281 -7.92622 -8.67437 -4.23333 -8.39773 -6.98494 -7.6493 -5.65828 -7.94893 -8.68468 -3.09867 -8.29358 -6.49378 -9.53043 -3.68901 -7.60512 -8.74668 -2.25385 -8.18997
77.66 -6.22006 -9.44558 -5.77472 -8.70433 -9.06377 -3.94065 -7.93866 -7.82138 -7.22587 -5.44503 -7.97582 -8.53085 -4.07825 -7.83715 -6.80478 -8.15628 -5.31439 -7.89931 -8.72017 -4.13589 -8.79643 -7.17066 -7.79544 -5.51508 -7.89573 -8.63038 -4.15197 -8.25064 -7.007 -7.89595 -5.49285 -7.92623 -8.67442 -4.23331 -8.39793 -6.98498 -7.6493 -5.65827 -7.94894 -8.68467 -3.09869 -8.2935 -6.49378 -9.53041 -3.68903 -7.60513 -8.74668 -2.25385 -8.18999
77.71 -6.23238 -9.4171 -5.77539 -8.71518 -9.06155 -3.94529 -7.9627 -7.80724 -7.22995 -5.44929 -7.97548 -8.53258 -4.0786 -7.85382 -6.80615 -8.15647 -5.31488 -7.89981 -8.71994 -4.1359 -8.7894 -7.17085 -7.79506 -5.51512 -7.89582 -8.63036 -4.15202 -8.25092 -7.00682 -7.89606 -5.49289 -7.92623 -8.67446 -4.23329 -8.39812 -6.98503 -7.6493 -5.65825 -7.94894 -8.68466 -3.0987 -8.29341 -6.49378 -9.5304 -3.68906 -7.60513 -8.74668 -2.25386 -8.19
77.76 -6.24325 -9.38945 -5.7795 -8.72568 -9.05976 -3.94974 -7.9862 -7.79336 -7.2342 -5.45347 -7.97579 -8.53445 -4.07888 -7.86955 -6.80761 -8.15659 -5.31535 -7.9003 -8.71968 -4.13591 -8.78231 -7.171 -7.7947 -5.51517 -7.89591 -8.63033 -4.15207 -8.25124 -7.00665 -7.89617 -5.49292 -7.92624 -8.67451 -4.23327 -8.39829 -6.98508 -7.6493 -5.65823 -7.94894 -8.68465 -3.09871 -8.29332 -6.49378 -9.53038 -3.68908 -7.60513 -8.74668 -2.25386 -8.19002
77.81 -6.2527 -9.36264 -5.7869 -8.73582 -9.05839 -3.95401 -8.00912 -7.77976 -7.2386 -5.45754 -7.97674 -8.53646 -4.07908 -7.88434 -6.80914 -8.15663 -5.31578 -7.90078 -8.7194 -4.13595 -8.7752 -7.17112 -7.79434 -5.51523 -7.896 -8.63032 -4.15211 -8.2516 -7.00648 -7.89629 -5.49295 -7.92625 -8.67455 -4.23324 -8.39846 -6.98513 -7.64929 -5.65821 -7.94894 -8.68464 -3.09873 -8.29324 -6.49378 -9.53037 -3.6891 -7.60514 -8.74668 -2.25386 -8.19003
77.86 -6.26077 -9.33671 -5.79744 -8.74561 -9.0574 -3.95809 -8.03143 -7.76648 -7.24315 -5.4615 -7.9783 -8.5386 -4.0792 -7.8982 -6.81075 -8.15661 -5.31619 -7.90125 -8.71909 -4.13599 -8.76808 -7.17121 -7.79399 -5.5153 -7.89608 -8.63031 -4.15216 -8.252 -7.00631 -7.89641 -5.49298 -7.92626 -8.67459 -4.23322 -8.39861 -6.98518 -7.64928 -5.65819 -7.94895 -8.68463 -3.09874 -8.29315 -6.49378 -9.53036 -3.68912 -7.60514 -8.74668 -2.25386 -8.19005
77.91 -6.26749 -9.31168 -5.81099 -8.75503 -9.0568 -3.96197 -8.05311 -7.75351 -7.24784 -5.46535 -7.98044 -8.54084 -4.07926 -7.91111 -6.81243 -8.15651 -5.31657 -7.90171 -8.71877 -4.13604 -8.76097 -7.17126 -7.79365 -5.51537 -7.89616 -8.63031 -4.1522 -8.25244 -7.00615 -7.89653 -5.493 -7.92627 -8.67463 -4.2332 -8.39875 -6.98523 -7.64927 -5.65817 -7.94895 -8.68462 -3.09875 -8.29307 -6.49377 -9.53034 -3.68914 -7.60514 -8.74668 -2.25386 -8.19007
77.96 -6.27288 -9.28757 -5.82741 -8.7641 -9.05656 -3.96567 -8.07412 -7.74089 -7.25265 -5.46907 -7.98316 -8.54318 -4.07924 -7.92309 -6.81418 -8.15633 -5.31692 -7.90216 -8.71842 -4.13611 -8.75387 -7.17129 -7.79333 -5.51546 -7.89624 -8.63032 -4.15223 -8.25293 -7.00599 -7.89665 -5.49302 -7.92628 -8.67468 -4.23317 -8.39887 -6.98528 -7.64926 -5.65815 -7.94895 -8.68461 -3.09877 -8.29298 -6.49377 -9.53033 -3.68917 -7.60514 -8.74668 -2.25386 -8.19009
78.01 -6.27696 -9.2644 -5.84657 -8.77281 -9.05668 -3.96917 -8.09446 -7.72863 -7.25758 -5.47266 -7.98643 -8.54563 -4.07916 -7.93413 -6.816 -8.15609 -5.31724 -7.90259 -8.71805 -4.13619 -8.74682 -7.17128 -7.79301 -5.51555 -7.89632 -8.63033 -4.15226 -8.25345 -7.00584 -7.89677 -5.49304 -7.92629 -8.67472 -4.23315 -8.39899 -6.98533 -7.64925 -5.65813 -7.94895 -8.68459 -3.09878 -8.2929 -6.49376 -9.53032 -3.68919 -7.60514 -8.74669 -2.25387 -8.19011
78.06 -6.27976 -9.24219 -5.86837 -8.78118 -9.05715 -3.97248 -8.1141 -7.71675 -7.26261 -5.47612 -7.99024 -8.54815 -4.07902 -7.94424 -6.81787 -8.15577 -5.31754 -7.90301 -8.71766 -4.13629 -8.73981 -7.17124 -7.79271 -5.51565 -7.89639 -8.63034 -4.15229 -8.25401 -7.00569 -7.8969 -5.49306 -7.92631 -8.67476 -4.23312 -8.39908 -6.98539 -7.64923 -5.65811 -7.94895 -8.68458 -3.0988 -8.29281 -6.49376 -9.53031 -3.68921 -7.60515 -8.74669 -2.25387 -8.19013
78.11 -6.28128 -9.22096 -5.89269 -8.7892 -9.05796 -3.97559 -8.13302 -7.70525 -7.26774 -5.47943 -7.9946 -8.55077 -4.07882 -7.95343 -6.81981 -8.15537 -5.31781 -7.90342 -8.71726 -4.13639 -8.73288 -7.17117 -7.79243 -5.51576 -7.89646 -8.63037 -4.15232 -8.25461 -7.00554 -7.89703 -5.49307 -7.92632 -8.67479 -4.2331 -8.39917 -6.98544 -7.64922 -5.65809 -7.94895 -8.68457 -3.09881 -8.29273 -6.49375 -9.5303 -3.68923 -7.60515 -8.74669 -2.25387 -8.19015
78.16 -6.28154 -9.20073 -5.91945 -8.7969 -9.05911 -3.97851 -8.15121 -7.69415 -7.27295 -5.48259 -7.99951 -8.55345 -4.07855 -7.9617 -6.8218 -8.15491 -5.31805 -7.90381 -8.71683 -4.13651 -8.72602 -7.17106 -7.79216 -5.51588 -7.89653 -8.6304 -4.15234 -8.25524 -7.0054 -7.89715 -5.49308 -7.92634 -8.67483 -4.23308 -8.39924 -6.9855 -7.6492 -5.65807 -7.94895 -8.68456 -3.09883 -8.29265 -6.49374 -9.53029 -3.68925 -7.60515 -8.74669 -2.25387 -8.19017
78.21 -6.28054 -9.18151 -5.94854 -8.80426 -9.06059 -3.98123 -8.16864 -7.68346 -7.27823 -5.4856 -8.00495 -8.55622 -4.07824 -7.96906 -6.82383 -8.15437 -5.31827 -7.90419 -8.71639 -4.13664 -8.71926 -7.17093 -7.7919 -5.516 -7.8966 -8.63044 -4.15236 -8.25591 -7.00527 -7.89728 -5.49308 -7.92635 -8.67487 -4.23305 -8.3993 -6.98555 -7.64918 -5.65805 -7.94895 -8.68454 -3.09885 -8.29258 -6.49373 -9.53028 -3.68927 -7.60515 -8.7467 -2.25387 -8.19019
78.26 -6.27828 -9.16332 -5.97991 -8.81131 -9.06241 -3.98375 -8.18531 -7.6732 -7.28358 -5.48846 -8.01094 -8.55905 -4.07786 -7.97552 -6.82592 -8.15376 -5.31847 -7.90455 -8.71594 -4.13678 -8.7126 -7.17076 -7.79166 -5.51614 -7.89666 -8.63048 -4.15238 -8.25661 -7.00515 -7.89741 -5.49308 -7.92637 -8.6749 -4.23303 -8.39934 -6.98561 -7.64916 -5.65803 -7.94894 -8.68453 -3.09886 -8.2925 -6.49372 -9.53028 -3.68929 -7.60515 -8.7467 -2.25387 -8.19021
78.31 -6.27477 -9.14617 -6.01348 -8.81805 -9.06456 -3.98606 -8.20119 -7.66337 -7.28898 -5.49116 -8.01748 -8.56194 -4.07744 -7.98108 -6.82804 -8.15309 -5.31864 -7.9049 -8.71547 -4.13693 -8.70607 -7.17055 -7.79144 -5.51628 -7.89672 -8.63053 -4.15239 -8.25735 -7.00503 -7.89753 -5.49308 -7.92638 -8.67494 -4.23301 -8.39936 -6.98566 -7.64914 -5.65801 -7.94894 -8.68451 -3.09888 -8.29242 -6.49371 -9.53027 -3.68931 -7.60515 -8.7467 -2.25387 -8.19023
78.36 -6.27 -9.13009 -6.0492 -8.82449 -9.06706 -3.98818 -8.21628 -7.65399 -7.29441 -5.49369 -8.02459 -8.56491 -4.07697 -7.98575 -6.8302 -8.15234 -5.31879 -7.90523 -8.71498 -4.13709 -8.69966 -7.17032 -7.79123 -5.51642 -7.89678 -8.63059 -4.1524 -8.25811 -7.00492 -7.89766 -5.49308 -7.9264 -8.67497 -4.23298 -8.39938 -6.98572 -7.64911 -5.658 -7.94894 -8.6845 -3.09889 -8.29235 -6.4937 -9.53026 -3.68933 -7.60515 -8.7467 -2.25387 -8.19026
78.41 -6.26396 -9.11508 -6.08703 -8.83063 -9.06989 -3.99009 -8.23055 -7.64507 -7.29988 -5.49606 -8.03227 -8.56794 -4.07645 -7.98954 -6.83239 -8.15153 -5.31892 -7.90554 -8.71448 -4.13726 -8.69339 -7.17006 -7.79104 -5.51658 -7.89683 -8.63065 -4.1524 -8.25891 -7.00481 -7.89779 -5.49307 -7.92642 -8.675 -4.23296 -8.39937 -6.98578 -7.64909 -5.65798 -7.94894 -8.68449 -3.09891 -8.29228 -6.49369 -9.53026 -3.68935 -7.60515 -8.74671 -2.25387 -8.19028
78.46 -6.25664 -9.10117 -6.12694 -8.83649 -9.07307 -3.9918 -8.244 -7.63661 -7.30536 -5.49826 -8.04056 -8.57103 -4.07589 -7.99244 -6.8346 -8.15066 -5.31903 -7.90583 -8.71397 -4.13745 -8.68728 -7.16976 -7.79087 -5.51674 -7.89689 -8.63072 -4.1524 -8.25973 -7.00471 -7.89791 -5.49306 -7.92644 -8.67503 -4.23294 -8.39936 -6.98583 -7.64906 -5.65796 -7.94893 -8.68447 -3.09892 -8.29222 -6.49368 -9.53026 -3.68937 -7.60515 -8.74671 -2.25387 -8.1903
78.51 -6.24801 -9.08837 -6.16891 -8.84207 -9.07661 -3.9933 -8.2566 -7.62863 -7.31084 -5.50029 -8.04946 -8.57419 -4.07528 -7.99447 -6.83684 -8.14972 -5.31912 -7.9061 -8.71346 -4.13764 -8.68132 -7.16943 -7.79072 -5.5169 -7.89694 -8.6308 -4.1524 -8.26058 -7.00462 -7.89804 -5.49304 -7.92645 -8.67506 -4.23291 -8.39932 -6.98589 -7.64903 -5.65794 -7.94893 -8.68446 -3.09894 -8.29215 -6.49366 -9.53025 -3.68938 -7.60515 -8.74672 -2.25387 -8.19033
78.56 -6.23806 -9.0767 -6.21292 -8.84737 -9.08052 -3.99458 -8.26835 -7.62113 -7.31632 -5.50215 -8.05899 -8.57741 -4.07462 -7.99562 -6.83909 -8.14871 -5.31919 -7.90636 -8.71293 -4.13784 -8.67554 -7.16908 -7.79058 -5.51708 -7.89699 -8.63088 -4.15239 -8.26145 -7.00454 -7.89816 -5.49302 -7.92647 -8.67508 -4.23289 -8.39928 -6.98595 -7.649 -5.65793 -7.94892 -8.68444 -3.09895 -8.29209 -6.49365 -9.53025 -3.6894 -7.60515 -8.74672 -2.25387 -8.19035
78.61 -6.22675 -9.0662 -6.25899 -8.85241 -9.08481 -3.99566 -8.27922 -7.61414 -7.32178 -5.50383 -8.0692 -8.5807 -4.07393 -7.9959 -6.84136 -8.14765 -5.31924 -7.90659 -8.71239 -4.13805 -8.66994 -7.16869 -7.79047 -5.51725 -7.89704 -8.63097 -4.15238 -8.26234 -7.00447 -7.89828 -5.493 -7.92649 -8.67511 -4.23287 -8.39921 -6.986 -7.64897 -5.65791 -7.94892 -8.68443 -3.09897 -8.29203 -6.49363 -9.53025 -3.68942 -7.60515 -8.74672 -2.25387 -8.19037
78.66 -6.21407 -9.05687 -6.30713 -8.8572 -9.08948 -3.99651 -8.2892 -7.60766 -7.32721 -5.50533 -8.08009 -8.58407 -4.0732 -7.99531 -6.84363 -8.14653 -5.31928 -7.90681 -8.71185 -4.13827 -8.66452 -7.16828 -7.79037 -5.51744 -7.89708 -8.63106 -4.15236 -8.26326 -7.0044 -7.8984 -5.49298 -7.92651 -8.67513 -4.23285 -8.39914 -6.98606 -7.64894 -5.65789 -7.94891 -8.68441 -3.09898 -8.29197 -6.49361 -9.53025 -3.68943 -7.60515 -8.74673 -2.25387 -8.1904
78.71 -6.19996 -9.04875 -6.35735 -8.86173 -9.09456 -3.99715 -8.29827 -7.6017 -7.3326 -5.50666 -8.09172 -8.5875 -4.07243 -7.99384 -6.8459 -8.14536 -5.31931 -7.90701 -8.7113 -4.1385 -8.65931 -7.16784 -7.79029 -5.51762 -7.89712 -8.63116 -4.15234 -8.26419 -7.00435 -7.89851 -5.49295 -7.92653 -8.67515 -4.23283 -8.39905 -6.98611 -7.6489 -5.65788 -7.94891 -8.6844 -3.099 -8.29192 -6.4936 -9.53025 -3.68945 -7.60515 -8.74673 -2.25387 -8.19042
78.76 -6.1844 -9.04187 -6.4097 -8.86601 -9.10007 -3.99756 -8.3064 -7.59627 -7.33793 -5.5078 -8.10411 -8.59101 -4.07161 -7.9915 -6.84818 -8.14414 -5.31931 -7.90719 -8.71075 -4.13874 -8.6543 -7.16737 -7.79024 -5.51782 -7.89716 -8.63127 -4.15232 -8.26514 -7.0043 -7.89863 -5.49292 -7.92656 -8.67517 -4.23281 -8.39894 -6.98617 -7.64887 -5.65786 -7.9489 -8.68438 -3.09901 -8.29187 -6.49358 -9.53025 -3.68946 -7.60515 -8.74674 -2.25387 -8.19045
78.81 -6.16734 -9.03625 -6.46422 -8.87004 -9.10602 -3.99774 -8.31358 -7.59139 -7.3432 -5.50876 -8.1173 -8.59461 -4.07077 -7.98826 -6.85044 -8.14286 -5.31931 -7.90734 -8.7102 -4.13898 -8.6495 -7.16688 -7.7902 -5.51801 -7.8972 -8.63138 -4.15229 -8.2661 -7.00426 -7.89874 -5.49288 -7.92658 -8.67518 -4.23279 -8.39882 -6.98622 -7.64883 -5.65785 -7.9489 -8.68437 -3.09903 -8.29182 -6.49356 -9.53026 -3.68947 -7.60515 -8.74674 -2.25387 -8.19047
78.86 -6.14874 -9.03192 -6.52096 -8.87383 -9.11243 -3.99769 -8.31978 -7.58707 -7.34839 -5.50954 -8.13133 -8.59829 -4.06988 -7.98414 -6.85269 -8.14154 -5.31928 -7.90748 -8.70964 -4.13923 -8.64492 -7.16636 -7.79018 -5.51821 -7.89724 -8.63149 -4.15226 -8.26708 -7.00423 -7.89885 -5.49285 -7.9266 -8.6752 -4.23277 -8.39868 -6.98627 -7.6488 -5.65784 -7.94889 -8.68436 -3.09904 -8.29178 -6.49354 -9.53026 -3.68948 -7.60514 -8.74675 -2.25386 -8.19049
78.91 -6.12853 -9.02893 -6.58 -8.87738 -9.11932 -3.99739 -8.32498 -7.58332 -7.35349 -5.51013 -8.14624 -8.60206 -4.06895 -7.97911 -6.85492 -8.14017 -5.31925 -7.90759 -8.70908 -4.13949 -8.64057 -7.16582 -7.79018 -5.51841 -7.89728 -8.63161 -4.15223 -8.26807 -7.0042 -7.89895 -5.4928 -7.92662 -8.67521 -4.23276 -8.39854 -6.98632 -7.64876 -5.65782 -7.94889 -8.68434 -3.09906 -8.29174 -6.49352 -9.53026 -3.6895 -7.60514 -8.74675 -2.25386 -8.19052
78.96 -6.10668 -9.02731 -6.64139 -8.88069 -9.12672 -3.99685 -8.32915 -7.58016 -7.35849 -5.51054 -8.16208 -8.60594 -4.06799 -7.97316 -6.85713 -8.13876 -5.3192 -7.90769 -8.70853 -4.13975 -8.63646 -7.16526 -7.79021 -5.51862 -7.89731 -8.63174 -4.15219 -8.26906 -7.00419 -7.89905 -5.49276 -7.92664 -8.67522 -4.23274 -8.39837 -6.98637 -7.64872 -5.65781 -7.94888 -8.68433 -3.09907 -8.2917 -6.49351 -9.53027 -3.68951 -7.60514 -8.74676 -2.25386 -8.19054
79.01 -6.08311 -9.0271 -6.70523 -8.88375 -9.13464 -3.99606 -8.33226 -7.57761 -7.36337 -5.51075 -8.17889 -8.60991 -4.06699 -7.96629 -6.8593 -8.13731 -5.31914 -7.90776 -8.70797 -4.14001 -8.6326 -7.16467 -7.79025 -5.51883 -7.89734 -8.63187 -4.15215 -8.27006 -7.00418 -7.89915 -5.49272 -7.92667 -8.67523 -4.23273 -8.3982 -6.98642 -7.64868 -5.6578 -7.94887 -8.68432 -3.09908 -8.29167 -6.49349 -9.53028 -3.68951 -7.60514 -8.74677 -2.25386 -8.19056
79.06 -6.05779 -9.02835 -6.77159 -8.88658 -9.14313 -3.99501 -8.33427 -7.57569 -7.36813 -5.51077 -8.19671 -8.61399 -4.06594 -7.95847 -6.86145 -8.13583 -5.31906 -7.90781 -8.70743 -4.14028 -8.62898 -7.16407 -7.79032 -5.51904 -7.89737 -8.632 -4.1521 -8.27107 -7.00419 -7.89925 -5.49267 -7.92669 -8.67523 -4.23271 -8.39801 -6.98646 -7.64864 -5.65779 -7.94886 -8.6843 -3.09909 -8.29164 -6.49347 -9.53028 -3.68952 -7.60514 -8.74677 -2.25386 -8.19059
79.11 -6.03065 -9.03111 -6.84056 -8.88915 -9.15219 -3.9937 -8.33516 -7.5744 -7.37275 -5.5106 -8.21559 -8.61819 -4.06486 -7.94969 -6.86356 -8.13431 -5.31896 -7.90784 -8.70688 -4.14056 -8.62563 -7.16344 -7.7904 -5.51925 -7.89739 -8.63214 -4.15206 -8.27207 -7.0042 -7.89934 -5.49262 -7.92671 -8.67524 -4.2327 -8.39781 -6.98651 -7.64861 -5.65778 -7.94886 -8.68429 -3.09911 -8.29162 -6.49344 -9.53029 -3.68953 -7.60513 -8.74678 -2.25386 -8.19061
79.16 -6.00165 -9.03541 -6.91222 -8.89146 -9.16185 -3.99211 -8.33489 -7.57378 -7.37721 -5.51023 -8.23555 -8.62251 -4.06374 -7.93992 -6.86562 -8.13276 -5.31885 -7.90785 -8.70634 -4.14084 -8.62254 -7.1628 -7.7905 -5.51946 -7.89741 -8.63228 -4.15201 -8.27308 -7.00422 -7.89942 -5.49256 -7.92673 -8.67524 -4.23268 -8.39759 -6.98655 -7.64857 -5.65777 -7.94885 -8.68428 -3.09912 -8.2916 -6.49342 -9.5303 -3.68954 -7.60513 -8.74678 -2.25385 -8.19063
79.21 -5.97073 -9.04132 -6.98665 -8.89351 -9.17214 -3.99024 -8.33342 -7.57383 -7.38151 -5.50967 -8.25663 -8.62695 -4.06257 -7.92915 -6.86763 -8.13119 -5.31873 -7.90783 -8.70581 -4.14112 -8.61973 -7.16215 -7.79063 -5.51967 -7.89743 -8.63243 -4.15195 -8.27408 -7.00426 -7.8995 -5.49251 -7.92675 -8.67524 -4.23267 -8.39737 -6.98659 -7.64853 -5.65776 -7.94884 -8.68426 -3.09913 -8.29158 -6.4934 -9.53031 -3.68954 -7.60513 -8.74679 -2.25385 -8.19065
79.26 -5.93787 -9.04888 -7.06392 -8.89527 -9.18307 -3.98807 -8.33071 -7.57459 -7.38564 -5.5089 -8.27885 -8.63152 -4.06136 -7.91736 -6.86959 -8.12959 -5.31859 -7.9078 -8.70529 -4.1414 -8.6172 -7.16147 -7.79077 -5.51989 -7.89745 -8.63258 -4.15189 -8.27507 -7.0043 -7.89958 -5.49245 -7.92678 -8.67524 -4.23266 -8.39713 -6.98663 -7.64849 -5.65775 -7.94883 -8.68425 -3.09914 -8.29157 -6.49338 -9.53032 -3.68954 -7.60512 -8.74679 -2.25385 -8.19067
79.31 -5.90305 -9.05814 -7.14409 -8.89675 -9.19466 -3.98561 -8.32672 -7.57607 -7.38957 -5.50793 -8.3022 -8.63622 -4.06011 -7.90452 -6.87148 -8.12798 -5.31842 -7.90773 -8.70477 -4.14168 -8.61497 -7.16079 -7.79093 -5.5201 -7.89747 -8.63273 -4.15183 -8.27606 -7.00435 -7.89965 -5.49239 -7.9268 -8.67523 -4.23265 -8.39689 -6.98667 -7.64844 -5.65775 -7.94882 -8.68424 -3.09915 -8.29156 -6.49336 -9.53033 -3.68955 -7.60512 -8.7468 -2.25385 -8.19069
79.36 -5.86627 -9.06916 -7.22718 -8.8979 -9.2069 -3.98285 -8.32142 -7.5783 -7.3933 -5.50676 -8.32668 -8.64103 -4.05881 -7.89062 -6.87332 -8.12635 -5.31824 -7.90765 -8.70427 -4.14197 -8.61303 -7.16009 -7.79112 -5.52031 -7.89748 -8.63288 -4.15177 -8.27704 -7.0044 -7.89972 -5.49233 -7.92682 -8.67522 -4.23264 -8.39663 -6.98671 -7.6484 -5.65774 -7.94881 -8.68423 -3.09916 -8.29156 -6.49334 -9.53034 -3.68955 -7.60512 -8.74681 -2.25384 -8.19071
79.41 -5.82755 -9.08198 -7.31319 -8.89872 -9.21981 -3.97976 -8.31476 -7.5813 -7.39681 -5.50537 -8.35224 -8.64596 -4.05746 -7.87563 -6.87508 -8.12471 -5.31804 -7.90754 -8.70378 -4.14225 -8.6114 -7.15938 -7.79132 -5.52052 -7.89748 -8.63304 -4.1517 -8.27801 -7.00447 -7.89978 -5.49226 -7.92684 -8.67521 -4.23263 -8.39636 -6.98674 -7.64836 -5.65774 -7.94881 -8.68422 -3.09917 -8.29156 -6.49332 -9.53036 -3.68955 -7.60511 -8.74681 -2.25384 -8.19073
79.46 -5.78694 -9.09664 -7.40207 -8.89918 -9.23337 -3.97636 -8.3067 -7.58508 -7.4001 -5.50377 -8.37883 -8.651 -4.05607 -7.85955 -6.87676 -8.12306 -5.31781 -7.9074 -8.7033 -4.14253 -8.61009 -7.15867 -7.79154 -5.52073 -7.89749 -8.63319 -4.15163 -8.27896 -7.00455 -7.89983 -5.4922 -7.92686 -8.6752 -4.23263 -8.39608 -6.98677 -7.64832 -5.65773 -7.9488 -8.68421 -3.09917 -8.29156 -6.49329 -9.53037 -3.68955 -7.60511 -8.74682 -2.25384 -8.19075
79.51 -5.74454 -9.11317 -7.49374 -8.89923 -9.24754 -3.97264 -8.29722 -7.58967 -7.40315 -5.50196 -8.40634 -8.65613 -4.05463 -7.84237 -6.87837 -8.12141 -5.31756 -7.90724 -8.70284 -4.14282 -8.60911 -7.15795 -7.79178 -5.52093 -7.89749 -8.63335 -4.15156 -8.27989 -7.00463 -7.89988 -5.49213 -7.92688 -8.67519 -4.23262 -8.3958 -6.9868 -7.64828 -5.65773 -7.94879 -8.6842 -3.09918 -8.29157 -6.49327 -9.53038 -3.68955 -7.60511 -8.74682 -2.25383 -8.19077
79.56 -5.70048 -9.1316 -7.58803 -8.89885 -9.26229 -3.96858 -8.28628 -7.59508 -7.40594 -5.49994 -8.43465 -8.66132 -4.05314 -7.82408 -6.87988 -8.11976 -5.31729 -7.90705 -8.70239 -4.1431 -8.60846 -7.15722 -7.79203 -5.52114 -7.89748 -8.63351 -4.15149 -8.2808 -7.00472 -7.89993 -5.49206 -7.9269 -8.67517 -4.23262 -8.3955 -6.98683 -7.64824 -5.65773 -7.94878 -8.68419 -3.09919 -8.29158 -6.49325 -9.5304 -3.68955 -7.6051 -8.74683 -2.25383 -8.19079
79.61 -5.65493 -9.15194 -7.68473 -8.89798 -9.27756 -3.9642 -8.27386 -7.60133 -7.40846 -5.49769 -8.4636 -8.66654 -4.05161 -7.8047 -6.88131 -8.11811 -5.31699 -7.90684 -8.70196 -4.14337 -8.60815 -7.15649 -7.7923 -5.52134 -7.89747 -8.63367 -4.15141 -8.28169 -7.00482 -7.89997 -5.49199 -7.92692 -8.67516 -4.23261 -8.3952 -6.98685 -7.6482 -5.65773 -7.94877 -8.68418 -3.09919 -8.2916 -6.49323 -9.53041 -3.68954 -7.6051 -8.74684 -2.25383 -8.1908
79.66 -5.6081 -9.17417 -7.78355 -8.89658 -9.29325 -3.95949 -8.25996 -7.60843 -7.41071 -5.49523 -8.49298 -8.67177 -4.05003 -7.78424 -6.88264 -8.11647 -5.31665 -7.9066 -8.70155 -4.14365 -8.60819 -7.15575 -7.79259 -5.52153 -7.89746 -8.63383 -4.15133 -8.28256 -7.00493 -7.9 -5.49192 -7.92694 -8.67514 -4.23261 -8.39489 -6.98687 -7.64816 -5.65773 -7.94876 -8.68417 -3.0992 -8.29162 -6.49321 -9.53043 -3.68954 -7.60509 -8.74684 -2.25383 -8.19082
79.71 -5.56027 -9.19828 -7.8841 -8.8946 -9.30928 -3.95447 -8.24456 -7.61638 -7.41267 -5.49254 -8.52256 -8.67695 -4.04842 -7.76274 -6.88386 -8.11484 -5.31629 -7.90634 -8.70115 -4.14392 -8.6086 -7.15502 -7.7929 -5.52172 -7.89744 -8.63399 -4.15125 -8.2834 -7.00505 -7.90003 -5.49184 -7.92696 -8.67512 -4.23261 -8.39458 -6.98689 -7.64813 -5.65773 -7.94875 -8.68417 -3.0992 -8.29164 -6.49319 -9.53044 -3.68953 -7.60509 -8.74685 -2.25382 -8.19083
79.76 -5.51172 -9.22421 -7.98593 -8.89199 -9.32553 -3.94913 -8.22769 -7.62518 -7.41433 -5.48964 -8.55208 -8.68204 -4.04677 -7.74023 -6.88498 -8.11322 -5.3159 -7.90605 -8.70078 -4.14419 -8.60937 -7.15429 -7.79322 -5.52191 -7.89741 -8.63414 -4.15117 -8.28421 -7.00517 -7.90005 -5.49177 -7.92698 -8.67509 -4.23261 -8.39426 -6.98691 -7.64809 -5.65773 -7.94874 -8.68416 -3.09921 -8.29167 -6.49317 -9.53046 -3.68953 -7.60508 -8.74685 -2.25382 -8.19085
79.81 -5.4628 -9.25189 -8.08852 -8.88868 -9.34185 -3.94351 -8.20937 -7.63481 -7.41568 -5.48651 -8.58127 -8.68699 -4.0451 -7.7168 -6.88599 -8.11163 -5.31548 -7.90573 -8.70043 -4.14445 -8.61052 -7.15356 -7.79355 -5.52209 -7.89738 -8.6343 -4.15109 -8.28499 -7.0053 -7.90007 -5.4917 -7.927 -8.67507 -4.23261 -8.39394 -6.98692 -7.64805 -5.65773 -7.94873 -8.68415 -3.09921 -8.2917 -6.49315 -9.53048 -3.68952 -7.60508 -8.74686 -2.25382 -8.19086
79.86 -5.41385 -9.28123 -8.19127 -8.88462 -9.35811 -3.9376 -8.18964 -7.64527 -7.41671 -5.48318 -8.60985 -8.69175 -4.0434 -7.6925 -6.88689 -8.11006 -5.31503 -7.90539 -8.70011 -4.1447 -8.61204 -7.15283 -7.7939 -5.52227 -7.89735 -8.63446 -4.15101 -8.28574 -7.00544 -7.90007 -5.49162 -7.92702 -8.67504 -4.23261 -8.39361 -6.98694 -7.64802 -5.65773 -7.94872 -8.68415 -3.09921 -8.29174 -6.49313 -9.5305 -3.68951 -7.60508 -8.74686 -2.25381 -8.19087
79.91 -5.36523 -9.3121 -8.29356 -8.87976 -9.37416 -3.93145 -8.16858 -7.65653 -7.41743 -5.47963 -8.63756 -8.69626 -4.04169 -7.66744 -6.88766 -8.10851 -5.31455 -7.90502 -8.6998 -4.14495 -8.61394 -7.15211 -7.79426 -5.52244 -7.89731 -8.63461 -4.15092 -8.28645 -7.00558 -7.90008 -5.49155 -7.92703 -8.67501 -4.23261 -8.39328 -6.98694 -7.64798 -5.65774 -7.94871 -8.68414 -3.09922 -8.29178 -6.49311 -9.53051 -3.6895 -7.60507 -8.74687 -2.25381 -8.19088
79.96 -5.31729 -9.34438 -8.3947 -8.87406 -9.38985 -3.92508 -8.14625 -7.66854 -7.41781 -5.47588 -8.66415 -8.70047 -4.03998 -7.64172 -6.88831 -8.107 -5.31403 -7.90463 -8.69953 -4.1452 -8.61623 -7.15141 -7.79463 -5.5226 -7.89726 -8.63476 -4.15084 -8.28712 -7.00574 -7.90007 -5.49147 -7.92705 -8.67498 -4.23262 -8.39294 -6.98695 -7.64795 -5.65774 -7.9487 -8.68414 -3.09922 -8.29182 -6.49309 -9.53053 -3.68949 -7.60507 -8.74687 -2.2538 -8.19089
80.01 -5.27035 -9.37789 -8.49401 -8.86748 -9.40503 -3.91853 -8.12275 -7.68127 -7.41786 -5.47194 -8.68939 -8.70435 -4.03828 -7.61545 -6.88883 -8.10553 -5.31349 -7.90421 -8.69927 -4.14543 -8.61891 -7.15071 -7.79502 -5.52276 -7.89721 -8.6349 -4.15075 -8.28775 -7.00589 -7.90007 -5.49139 -7.92706 -8.67495 -4.23262 -8.39261 -6.98695 -7.64791 -5.65775 -7.94869 -8.68414 -3.09922 -8.29187 -6.49307 -9.53055 -3.68948 -7.60506 -8.74688 -2.2538 -8.1909
80.06 -5.22472 -9.41248 -8.59082 -8.85999 -9.41959 -3.91182 -8.0982 -7.69466 -7.41758 -5.46782 -8.71311 -8.70785 -4.0366 -7.58878 -6.88923 -8.1041 -5.31293 -7.90377 -8.69905 -4.14566 -8.62196 -7.15002 -7.79541 -5.52291 -7.89715 -8.63505 -4.15066 -8.28834 -7.00605 -7.90005 -5.49132 -7.92708 -8.67491 -4.23263 -8.39227 -6.98696 -7.64788 -5.65776 -7.94869 -8.68413 -3.09922 -8.29192 -6.49305 -9.53057 -3.68947 -7.60506 -8.74688 -2.2538 -8.19091
80.11 -5.18065 -9.44796 -8.68447 -8.85159 -9.4334 -3.90499 -8.07269 -7.70865 -7.41697 -5.46353 -8.7352 -8.71095 -4.03495 -7.56182 -6.88949 -8.10271 -5.31234 -7.90331 -8.69885 -4.14587 -8.6254 -7.14935 -7.79582 -5.52306 -7.89709 -8.63519 -4.15058 -8.28888 -7.00622 -7.90003 -5.49124 -7.92709 -8.67488 -4.23264 -8.39194 -6.98695 -7.64785 -5.65776 -7.94868 -8.68413 -3.09922 -8.29198 -6.49303 -9.53059 -3.68946 -7.60505 -8.74689 -2.25379 -8.19091
80.16 -5.13835 -9.48413 -8.77436 -8.84229 -9.44639 -3.89809 -8.04638 -7.72319 -7.41603 -5.45908 -8.75556 -8.71363 -4.03334 -7.53472 -6.88963 -8.10137 -5.31173 -7.90283 -8.69868 -4.14608 -8.6292 -7.14869 -7.79623 -5.52319 -7.89702 -8.63532 -4.15049 -8.28938 -7.0064 -7.9 -5.49117 -7.9271 -8.67484 -4.23265 -8.3916 -6.98695 -7.64782 -5.65777 -7.94867 -8.68413 -3.09921 -8.29204 -6.49302 -9.53061 -3.68944 -7.60505 -8.74689 -2.25379 -8.19092
80.21 -5.09797 -9.52082 -8.85995 -8.83209 -9.45848 -3.89116 -8.01938 -7.73819 -7.41476 -5.4545 -8.77415 -8.7159 -4.03179 -7.50761 -6.88963 -8.10008 -5.3111 -7.90233 -8.69855 -4.14628 -8.63337 -7.14806 -7.79665 -5.52332 -7.89695 -8.63545 -4.1504 -8.28983 -7.00657 -7.89997 -5.49109 -7.92711 -8.6748 -4.23266 -8.39127 -6.98694 -7.64779 -5.65778 -7.94866 -8.68413 -3.09921 -8.2921 -6.493 -9.53063 -3.68943 -7.60504 -8.7469 -2.25379 -8.19092
80.26 -5.05963 -9.55784 -8.94075 -8.82104 -9.46965 -3.88422 -7.99183 -7.75359 -7.41318 -5.4498 -8.791 -8.71774 -4.0303 -7.48062 -6.8895 -8.09885 -5.31046 -7.90182 -8.69844 -4.14647 -8.63789 -7.14744 -7.79708 -5.52344 -7.89687 -8.63558 -4.15031 -8.29022 -7.00675 -7.89993 -5.49102 -7.92712 -8.67476 -4.23267 -8.39093 -6.98693 -7.64777 -5.65779 -7.94865 -8.68413 -3.09921 -8.29216 -6.49298 -9.53065 -3.68941 -7.60504 -8.7469 -2.25378 -8.19093
80.31 -5.02339 -9.59501 -9.01635 -8.80919 -9.47986 -3.87731 -7.96387 -7.76931 -7.41128 -5.44499 -8.80612 -8.71918 -4.02888 -7.45387 -6.88923 -8.09768 -5.30982 -7.9013 -8.69836 -4.14664 -8.64274 -7.14684 -7.79752 -5.52354 -7.89679 -8.6357 -4.15023 -8.29057 -7.00694 -7.89988 -5.49095 -7.92713 -8.67472 -4.23268 -8.39061 -6.98692 -7.64774 -5.6578 -7.94864 -8.68413 -3.0992 -8.29223 -6.49297 -9.53067 -3.6894 -7.60503 -8.7469 -2.25378 -8.19093
80.36 -4.98928 -9.63216 -9.08643 -8.79659 -9.48911 -3.87047 -7.93562 -7.78529 -7.40908 -5.44011 -8.81959 -8.72024 -4.02754 -7.42748 -6.88884 -8.09656 -5.30917 -7.90077 -8.69831 -4.14681 -8.64791 -7.14626 -7.79796 -5.52364 -7.8967 -8.63581 -4.15014 -8.29087 -7.00713 -7.89983 -5.49088 -7.92714 -8.67468 -4.23269 -8.39028 -6.9869 -7.64772 -5.65781 -7.94863 -8.68413 -3.0992 -8.2923 -6.49296 -9.53069 -3.68938 -7.60503 -8.74691 -2.25378 -8.19093
80.41 -4.95729 -9.66913 -9.15074 -8.78332 -9.49744 -3.86373 -7.90722 -7.80144 -7.4066 -5.43518 -8.83149 -8.72094 -4.02628 -7.40155 -6.88832 -8.09552 -5.30852 -7.90023 -8.6983 -4.14696 -8.65339 -7.14571 -7.7984 -5.52374 -7.89662 -8.63592 -4.15006 -8.29111 -7.00732 -7.89977 -5.49081 -7.92715 -8.67463 -4.23271 -8.38996 -6.98688 -7.64769 -5.65783 -7.94863 -8.68413 -3.09919 -8.29237 -6.49294 -9.5307 -3.68936 -7.60502 -8.74691 -2.25377 -8.19093
80.46 -4.92739 -9.70578 -9.2091 -8.76946 -9.50486 -3.85711 -7.87878 -7.81771 -7.40384 -5.4302 -8.84193 -8.72131 -4.02511 -7.37618 -6.88767 -8.09454 -5.30787 -7.89968 -8.69832 -4.1471 -8.65915 -7.14519 -7.79884 -5.52382 -7.89653 -8.63603 -4.14998 -8.2913 -7.00751 -7.89971 -5.49074 -7.92715 -8.67459 -4.23272 -8.38965 -6.98686 -7.64767 -5.65784 -7.94862 -8.68414 -3.09919 -8.29245 -6.49293 -9.53072 -3.68934 -7.60502 -8.74691 -2.25377 -8.19093
80.51 -4.89953 -9.74198 -9.26139 -8.75509 -9.51141 -3.85064 -7.85042 -7.83401 -7.40082 -5.42521 -8.85099 -8.72137 -4.02402 -7.35145 -6.88691 -8.09363 -5.30723 -7.89913 -8.69836 -4.14722 -8.66517 -7.14469 -7.79929 -5.52389 -7.89644 -8.63612 -4.1499 -8.29143 -7.00771 -7.89964 -5.49067 -7.92716 -8.67454 -4.23274 -8.38934 -6.98684 -7.64765 -5.65785 -7.94861 -8.68414 -3.09918 -8.29253 -6.49292 -9.53074 -3.68933 -7.60501 -8.74692 -2.25377 -8.19092
80.56 -4.87365 -9.77761 -9.30757 -8.7403 -9.51714 -3.84433 -7.82223 -7.85031 -7.39755 -5.42022 -8.85879 -8.72117 -4.02303 -7.32742 -6.88602 -8.0928 -5.30661 -7.89859 -8.69844 -4.14734 -8.67142 -7.14422 -7.79974 -5.52395 -7.89635 -8.63622 -4.14982 -8.29151 -7.00791 -7.89957 -5.49061 -7.92716 -8.6745 -4.23275 -8.38904 -6.98681 -7.64764 -5.65787 -7.94861 -8.68414 -3.09917 -8.29261 -6.49291 -9.53076 -3.68931 -7.60501 -8.74692 -2.25376 -8.19092
80.61 -4.84967 -9.81258 -9.34765 -8.72517 -9.52211 -3.83821 -7.7943 -7.86652 -7.39404 -5.41526 -8.86542 -8.72072 -4.02213 -7.30416 -6.88502 -8.09204 -5.306 -7.89804 -8.69855 -4.14744 -8.6779 -7.14378 -7.80018 -5.524 -7.89626 -8.6363 -4.14974 -8.29154 -7.00811 -7.89949 -5.49054 -7.92716 -8.67445 -4.23277 -8.38875 -6.98679 -7.64762 -5.65788 -7.9486 -8.68415 -3.09917 -8.29269 -6.4929 -9.53078 -3.68929 -7.60501 -8.74692 -2.25376 -8.19091
80.66 -4.82752 -9.8468 -9.38169 -8.70979 -9.52637 -3.83228 -7.76672 -7.88261 -7.39033 -5.41033 -8.87099 -8.72006 -4.02132 -7.28171 -6.88392 -8.09136 -5.30541 -7.89751 -8.69868 -4.14752 -8.68457 -7.14337 -7.80063 -5.52404 -7.89617 -8.63638 -4.14966 -8.29151 -7.00831 -7.89941 -5.49048 -7.92716 -8.6744 -4.23279 -8.38846 -6.98676 -7.64761 -5.6579 -7.94859 -8.68415 -3.09916 -8.29277 -6.49289 -9.5308 -3.68927 -7.605 -8.74692 -2.25376 -8.19091
80.71 -4.80712 -9.88018 -9.40978 -8.69425 -9.52996 -3.82656 -7.73956 -7.89853 -7.38641 -5.40547 -8.87558 -8.71921 -4.0206 -7.26011 -6.88271 -8.09075 -5.30483 -7.89697 -8.69885 -4.14759 -8.6914 -7.14299 -7.80107 -5.52406 -7.89607 -8.63645 -4.14959 -8.29142 -7.0085 -7.89932 -5.49042 -7.92716 -8.67436 -4.23281 -8.38819 -6.98672 -7.6476 -5.65792 -7.94859 -8.68416 -3.09915 -8.29286 -6.49288 -9.53082 -3.68925 -7.605 -8.74693 -2.25375 -8.1909
80.76 -4.7884 -9.91267 -9.43207 -8.67861 -9.53294 -3.82105 -7.71289 -7.91422 -7.38231 -5.40068 -8.87927 -8.7182 -4.01997 -7.23939 -6.8814 -8.09023 -5.30428 -7.89645 -8.69905 -4.14765 -8.69838 -7.14265 -7.80151 -5.52408 -7.89598 -8.63651 -4.14952 -8.29128 -7.0087 -7.89923 -5.49037 -7.92716 -8.67431 -4.23283 -8.38792 -6.98669 -7.64759 -5.65793 -7.94858 -8.68417 -3.09914 -8.29294 -6.49287 -9.53084 -3.68922 -7.60499 -8.74693 -2.25375 -8.19089
80.81 -4.77127 -9.94421 -9.44871 -8.66297 -9.53537 -3.81576 -7.68676 -7.92966 -7.37804 -5.39598 -8.88213 -8.71705 -4.01942 -7.21957 -6.88 -8.08979 -5.30376 -7.89594 -8.69927 -4.14769 -8.70548 -7.14234 -7.80194 -5.52409 -7.89589 -8.63657 -4.14945 -8.29108 -7.0089 -7.89913 -5.49031 -7.92716 -8.67426 -4.23285 -8.38767 -6.98665 -7.64758 -5.65795 -7.94858 -8.68417 -3.09913 -8.29303 -6.49287 -9.53085 -3.6892 -7.60499 -8.74693 -2.25375 -8.19088
80.86 -4.75567 -9.97476 -9.4599 -8.64739 -9.53728 -3.8107 -7.66122 -7.94481 -7.37363 -5.39139 -8.88423 -8.71577 -4.01895 -7.20066 -6.87851 -8.08942 -5.30326 -7.89544 -8.69952 -4.14772 -8.71268 -7.14206 -7.80237 -5.52408 -7.8958 -8.63662 -4.14938 -8.29084 -7.0091 -7.89903 -5.49026 -7.92716 -8.67421 -4.23287 -8.38743 -6.98661 -7.64757 -5.65797 -7.94857 -8.68418 -3.09912 -8.29312 -6.49286 -9.53087 -3.68918 -7.60499 -8.74693 -2.25375 -8.19087
80.91 -4.74154 -10.0043 -9.46584 -8.63192 -9.53872 -3.80586 -7.63631 -7.95964 -7.36908 -5.38691 -8.88563 -8.71439 -4.01856 -7.18267 -6.87695 -8.08914 -5.30278 -7.89495 -8.69979 -4.14773 -8.71995 -7.14182 -7.80279 -5.52407 -7.89572 -8.63666 -4.14932 -8.29054 -7.00929 -7.89892 -5.49021 -7.92715 -8.67416 -4.23289 -8.3872 -6.98657 -7.64757 -5.65799 -7.94857 -8.68419 -3.0991 -8.29321 -6.49286 -9.53089 -3.68916 -7.60498 -8.74693 -2.25374 -8.19086
80.96 -4.72882 -10.0328 -9.46675 -8.61664 -9.53973 -3.80125 -7.61206 -7.97412 -7.36441 -5.38255 -8.88636 -8.71292 -4.01824 -7.1656 -6.87531 -8.08894 -5.30233 -7.89448 -8.70009 -4.14773 -8.72728 -7.14161 -7.8032 -5.52404 -7.89563 -8.6367 -4.14926 -8.29019 -7.00948 -7.89882 -5.49017 -7.92715 -8.67412 -4.23292 -8.38698 -6.98652 -7.64757 -5.658 -7.94856 -8.6842 -3.09909 -8.2933 -6.49286 -9.53091 -3.68914 -7.60498 -8.74693 -2.25374 -8.19085
81.01 -4.71745 -10.0602 -9.46286 -8.60159 -9.54034 -3.79687 -7.5885 -7.98823 -7.35963 -5.37833 -8.88647 -8.71137 -4.01799 -7.14946 -6.8736 -8.08882 -5.30191 -7.89403 -8.7004 -4.14771 -8.73463 -7.14144 -7.8036 -5.524 -7.89555 -8.63673 -4.1492 -8.28979 -7.00967 -7.8987 -5.49012 -7.92714 -8.67407 -4.23294 -8.38677 -6.98648 -7.64756 -5.65802 -7.94856 -8.68421 -3.09908 -8.29339 -6.49285 -9.53092 -3.68912 -7.60498 -8.74693 -2.25374 -8.19084
81.06 -4.70739 -10.0865 -9.45439 -8.58681 -9.54059 -3.79271 -7.56567 -8.00195 -7.35477 -5.37426 -8.88599 -8.70974 -4.01781 -7.13424 -6.87183 -8.08878 -5.30152 -7.89359 -8.70075 -4.14768 -8.74199 -7.14131 -7.80399 -5.52395 -7.89547 -8.63675 -4.14914 -8.28935 -7.00986 -7.89859 -5.49008 -7.92713 -8.67402 -4.23296 -8.38658 -6.98643 -7.64757 -5.65804 -7.94856 -8.68422 -3.09907 -8.29348 -6.49285 -9.53094 -3.68909 -7.60497 -8.74693 -2.25374 -8.19082
81.11 -4.6986 -10.1117 -9.4416 -8.57236 -9.54051 -3.78878 -7.54357 -8.01527 -7.34983 -5.37033 -8.88495 -8.70805 -4.01769 -7.11993 -6.87 -8.08883 -5.30114 -7.89316 -8.70111 -4.14764 -8.74934 -7.14121 -7.80437 -5.52389 -7.89539 -8.63676 -4.14909 -8.28886 -7.01004 -7.89847 -5.49005 -7.92712 -8.67398 -4.23299 -8.38641 -6.98638 -7.64757 -5.65806 -7.94855 -8.68423 -3.09905 -8.29357 -6.49285 -9.53095 -3.68907 -7.60497 -8.74693 -2.25373 -8.19081
81.16 -4.69105 -10.1359 -9.4247 -8.55826 -9.54012 -3.78507 -7.52222 -8.02817 -7.34483 -5.36656 -8.88337 -8.70631 -4.01763 -7.10653 -6.86812 -8.08895 -5.3008 -7.89276 -8.70149 -4.14758 -8.75667 -7.14114 -7.80474 -5.52382 -7.89531 -8.63677 -4.14904 -8.28833 -7.01022 -7.89835 -5.49001 -7.92711 -8.67393 -4.23301 -8.38625 -6.98633 -7.64758 -5.65808 -7.94855 -8.68424 -3.09904 -8.29366 -6.49285 -9.53097 -3.68905 -7.60497 -8.74693 -2.25373 -8.19079
81.21 -4.6847 -10.1589 -9.40393 -8.54455 -9.53943 -3.78158 -7.50164 -8.04063 -7.33978 -5.36296 -8.88126 -8.70451 -4.01762 -7.09402 -6.8662 -8.08915 -5.30047 -7.89237 -8.70188 -4.14751 -8.76394 -7.14111 -7.8051 -5.52374 -7.89523 -8.63676 -4.149 -8.28775 -7.01039 -7.89823 -5.48998 -7.9271 -8.67389 -4.23303 -8.3861 -6.98628 -7.64758 -5.6581 -7.94855 -8.68425 -3.09903 -8.29375 -6.49286 -9.53098 -3.68903 -7.60496 -8.74693 -2.25373 -8.19077
81.26 -4.67953 -10.1809 -9.37951 -8.53126 -9.53848 -3.7783 -7.48183 -8.05266 -7.3347 -5.35951 -8.87863 -8.70266 -4.01767 -7.0824 -6.86424 -8.08942 -5.30017 -7.892 -8.70229 -4.14742 -8.77115 -7.14112 -7.80544 -5.52365 -7.89516 -8.63675 -4.14896 -8.28714 -7.01056 -7.8981 -5.48996 -7.92709 -8.67384 -4.23306 -8.38597 -6.98623 -7.64759 -5.65812 -7.94855 -8.68426 -3.09901 -8.29384 -6.49286 -9.53099 -3.689 -7.60496 -8.74693 -2.25373 -8.19075
81.31 -4.67552 -10.2017 -9.35167 -8.5184 -9.53726 -3.77524 -7.4628 -8.06424 -7.32959 -5.35623 -8.87548 -8.70076 -4.01777 -7.07165 -6.86225 -8.08978 -5.29989 -7.89164 -8.70272 -4.14732 -8.77829 -7.14116 -7.80577 -5.52355 -7.89508 -8.63674 -4.14892 -8.28649 -7.01072 -7.89797 -5.48994 -7.92707 -8.6738 -4.23308 -8.38585 -6.98617 -7.6476 -5.65814 -7.94855 -8.68428 -3.099 -8.29393 -6.49286 -9.531 -3.68898 -7.60496 -8.74693 -2.25373 -8.19073
81.36 -4.67266 -10.2215 -9.3206 -8.506 -9.53581 -3.77239 -7.44455 -8.07537 -7.32447 -5.35312 -8.87183 -8.69881 -4.01791 -7.06176 -6.86023 -8.0902 -5.29964 -7.8913 -8.70316 -4.14721 -8.78532 -7.14124 -7.80608 -5.52344 -7.89501 -8.63671 -4.14889 -8.2858 -7.01088 -7.89785 -5.48992 -7.92706 -8.67376 -4.23311 -8.38575 -6.98612 -7.64762 -5.65816 -7.94855 -8.68429 -3.09898 -8.29402 -6.49287 -9.53101 -3.68896 -7.60496 -8.74693 -2.25372 -8.19072
81.41 -4.67093 -10.2401 -9.28651 -8.49407 -9.53412 -3.76975 -7.4271 -8.08603 -7.31935 -5.35018 -8.86767 -8.69681 -4.0181 -7.05272 -6.85819 -8.0907 -5.2994 -7.89099 -8.70361 -4.14709 -8.79225 -7.14135 -7.80638 -5.52332 -7.89494 -8.63668 -4.14886 -8.28509 -7.01103 -7.89772 -5.4899 -7.92705 -8.67372 -4.23313 -8.38567 -6.98606 -7.64763 -5.65818 -7.94855 -8.6843 -3.09897 -8.29411 -6.49287 -9.53103 -3.68894 -7.60496 -8.74692 -2.25372 -8.19069
81.46 -4.67033 -10.2577 -9.24958 -8.48262 -9.53221 -3.76731 -7.41043 -8.09624 -7.31423 -5.34741 -8.863 -8.69477 -4.01833 -7.04453 -6.85613 -8.09127 -5.29918 -7.89068 -8.70407 -4.14695 -8.79906 -7.14149 -7.80666 -5.52319 -7.89488 -8.63664 -4.14884 -8.28434 -7.01118 -7.89759 -5.48989 -7.92703 -8.67368 -4.23316 -8.3856 -6.98601 -7.64765 -5.6582 -7.94855 -8.68432 -3.09895 -8.29419 -6.49288 -9.53104 -3.68892 -7.60496 -8.74692 -2.25372 -8.19067
81.51 -4.67086 -10.2743 -9.20999 -8.47167 -9.53007 -3.76507 -7.39456 -8.10597 -7.30914 -5.34481 -8.85781 -8.69267 -4.0186 -7.03717 -6.85405 -8.0919 -5.29897 -7.8904 -8.70454 -4.1468 -8.80573 -7.14167 -7.80692 -5.52305 -7.89481 -8.6366 -4.14882 -8.28356 -7.01131 -7.89746 -5.48988 -7.92701 -8.67364 -4.23318 -8.38554 -6.98595 -7.64767 -5.65822 -7.94855 -8.68433 -3.09894 -8.29427 -6.49289 -9.53104 -3.68889 -7.60495 -8.74692 -2.25372 -8.19065
81.56 -4.67251 -10.2897 -9.16791 -8.46123 -9.52772 -3.76303 -7.37948 -8.11525 -7.30407 -5.34238 -8.85208 -8.69052 -4.01891 -7.03063 -6.85197 -8.0926 -5.29878 -7.89013 -8.70502 -4.14664 -8.81226 -7.14188 -7.80717 -5.52291 -7.89474 -8.63654 -4.1488 -8.28276 -7.01145 -7.89733 -5.48987 -7.92699 -8.6736 -4.23321 -8.38551 -6.98589 -7.64769 -5.65824 -7.94855 -8.68434 -3.09892 -8.29435 -6.4929 -9.53105 -3.68887 -7.60495 -8.74692 -2.25372 -8.19063
81.61 -4.6753 -10.3041 -9.12349 -8.45129 -9.52514 -3.76119 -7.36519 -8.12405 -7.29903 -5.34011 -8.84582 -8.68832 -4.01925 -7.0249 -6.84988 -8.09337 -5.29861 -7.88988 -8.7055 -4.14648 -8.81864 -7.14212 -7.80739 -5.52275 -7.89468 -8.63648 -4.14879 -8.28194 -7.01157 -7.89719 -5.48987 -7.92698 -8.67357 -4.23323 -8.38549 -6.98583 -7.64771 -5.65826 -7.94855 -8.68436 -3.0989 -8.29443 -6.49291 -9.53106 -3.68885 -7.60495 -8.74691 -2.25372 -8.19061
81.66 -4.67923 -10.3175 -9.07686 -8.44188 -9.52236 -3.75954 -7.3517 -8.13238 -7.29404 -5.33802 -8.83901 -8.68605 -4.01963 -7.01999 -6.8478 -8.09419 -5.29845 -7.88964 -8.70599 -4.1463 -8.82485 -7.14239 -7.8076 -5.52259 -7.89462 -8.63642 -4.14878 -8.28109 -7.01168 -7.89706 -5.48988 -7.92696 -8.67353 -4.23325 -8.38548 -6.98578 -7.64773 -5.65828 -7.94855 -8.68437 -3.09889 -8.29451 -6.49292 -9.53107 -3.68883 -7.60495 -8.74691 -2.25372 -8.19058
81.71 -4.68432 -10.3298 -9.02816 -8.43298 -9.51935 -3.75808 -7.33901 -8.14024 -7.2891 -5.33609 -8.83162 -8.68372 -4.02005 -7.01588 -6.84571 -8.09508 -5.2983 -7.88942 -8.70649 -4.14611 -8.83089 -7.14269 -7.80779 -5.52242 -7.89456 -8.63634 -4.14877 -8.28023 -7.01179 -7.89693 -5.48988 -7.92694 -8.6735 -4.23328 -8.38549 -6.98572 -7.64776 -5.6583 -7.94856 -8.68439 -3.09887 -8.29458 -6.49293 -9.53107 -3.68881 -7.60495 -8.74691 -2.25372 -8.19056
81.76 -4.69057 -10.3411 -8.9775 -8.42461 -9.51612 -3.7568 -7.32711 -8.14763 -7.28421 -5.33432 -8.82365 -8.68132 -4.0205 -7.01257 -6.84364 -8.09602 -5.29817 -7.88922 -8.70698 -4.14591 -8.83676 -7.14302 -7.80796 -5.52225 -7.8945 -8.63626 -4.14877 -8.27935 -7.01189 -7.89681 -5.48989 -7.92692 -8.67347 -4.2333 -8.38552 -6.98566 -7.64778 -5.65832 -7.94856 -8.6844 -3.09886 -8.29465 -6.49294 -9.53108 -3.6888 -7.60495 -8.7469 -2.25372 -8.19054
81.81 -4.69801 -10.3514 -8.92499 -8.41676 -9.51266 -3.75572 -7.31601 -8.15455 -7.27939 -5.33272 -8.81507 -8.67884 -4.02098 -7.01005 -6.84157 -8.09701 -5.29804 -7.88903 -8.70748 -4.1457 -8.84243 -7.14338 -7.80811 -5.52207 -7.89444 -8.63618 -4.14878 -8.27845 -7.01198 -7.89668 -5.48991 -7.92689 -8.67344 -4.23332 -8.38556 -6.9856 -7.64781 -5.65834 -7.94856 -8.68442 -3.09884 -8.29472 -6.49296 -9.53108 -3.68878 -7.60495 -8.7469 -2.25372 -8.19051
81.86 -4.70666 -10.3606 -8.87071 -8.40944 -9.50896 -3.75482 -7.30571 -8.16099 -7.27464 -5.33128 -8.80586 -8.67629 -4.0215 -7.00834 -6.83952 -8.09806 -5.29793 -7.88885 -8.70798 -4.14549 -8.84792 -7.14376 -7.80825 -5.52188 -7.89439 -8.63609 -4.14878 -8.27755 -7.01207 -7.89655 -5.48992 -7.92687 -8.67342 -4.23335 -8.38562 -6.98554 -7.64784 -5.65835 -7.94857 -8.68443 -3.09883 -8.29479 -6.49297 -9.53108 -3.68876 -7.60495 -8.74689 -2.25372 -8.19049
81.91 -4.71654 -10.3688 -8.81475 -8.40265 -9.50501 -3.75411 -7.29621 -8.16696 -7.26996 -5.33 -8.79601 -8.67366 -4.02205 -7.00742 -6.83749 -8.09915 -5.29783 -7.88869 -8.70848 -4.14527 -8.85321 -7.14417 -7.80836 -5.52169 -7.89433 -8.63599 -4.1488 -8.27663 -7.01214 -7.89643 -5.48994 -7.92685 -8.67339 -4.23337 -8.3857 -6.98549 -7.64787 -5.65837 -7.94857 -8.68445 -3.09881 -8.29485 -6.49299 -9.53108 -3.68874 -7.60495 -8.74689 -2.25372 -8.19046
81.96 -4.72768 -10.376 -8.75717 -8.39639 -9.50081 -3.75358 -7.28752 -8.17245 -7.26537 -5.32887 -8.7855 -8.67093 -4.02263 -7.0073 -6.83548 -8.10029 -5.29773 -7.88854 -8.70898 -4.14504 -8.85829 -7.1446 -7.80845 -5.52149 -7.89428 -8.63589 -4.14881 -8.27571 -7.01221 -7.89631 -5.48997 -7.92683 -8.67337 -4.23339 -8.38579 -6.98543 -7.6479 -5.65839 -7.94858 -8.68446 -3.09879 -8.29491 -6.493 -9.53109 -3.68873 -7.60495 -8.74689 -2.25372 -8.19044
82.01 -4.74011 -10.3821 -8.69803 -8.39066 -9.49634 -3.75324 -7.27964 -8.17747 -7.26086 -5.3279 -8.77428 -8.66811 -4.02324 -7.00799 -6.83349 -8.10147 -5.29765 -7.88841 -8.70948 -4.14481 -8.86316 -7.14506 -7.80852 -5.52129 -7.89423 -8.63578 -4.14883 -8.27478 -7.01226 -7.89619 -5.48999 -7.92681 -8.67335 -4.23341 -8.38589 -6.98537 -7.64794 -5.6584 -7.94858 -8.68448 -3.09878 -8.29497 -6.49302 -9.53109 -3.68871 -7.60495 -8.74688 -2.25372 -8.19042
82.06 -4.75385 -10.3872 -8.63738 -8.38547 -9.4916 -3.75309 -7.27259 -8.182 -7.25644 -5.32709 -8.76235 -8.6652 -4.02389 -7.00949 -6.83153 -8.10269 -5.29758 -7.88829 -8.70997 -4.14457 -8.86782 -7.14554 -7.80857 -5.52109 -7.89418 -8.63567 -4.14886 -8.27385 -7.01231 -7.89607 -5.49002 -7.92678 -8.67333 -4.23343 -8.38601 -6.98532 -7.64797 -5.65842 -7.94859 -8.68449 -3.09876 -8.29502 -6.49304 -9.53108 -3.6887 -7.60495 -8.74688 -2.25372 -8.19039
82.11 -4.76895 -10.3913 -8.57526 -8.38081 -9.48655 -3.75312 -7.26636 -8.18604 -7.25213 -5.32642 -8.74968 -8.66217 -4.02457 -7.0118 -6.8296 -8.10395 -5.29751 -7.88819 -8.71046 -4.14432 -8.87226 -7.14604 -7.8086 -5.52088 -7.89413 -8.63555 -4.14888 -8.27292 -7.01235 -7.89596 -5.49006 -7.92676 -8.67331 -4.23345 -8.38614 -6.98527 -7.648 -5.65844 -7.94859 -8.68451 -3.09875 -8.29507 -6.49306 -9.53108 -3.68868 -7.60496 -8.74687 -2.25372 -8.19037
82.16 -4.78544 -10.3942 -8.5117 -8.37669 -9.4812 -3.75334 -7.26098 -8.1896 -7.24791 -5.32591 -8.73624 -8.65904 -4.02529 -7.01494 -6.8277 -8.10524 -5.29746 -7.88809 -8.71095 -4.14407 -8.87648 -7.14656 -7.80861 -5.52067 -7.89408 -8.63543 -4.14891 -8.27199 -7.01238 -7.89584 -5.4901 -7.92674 -8.6733 -4.23347 -8.38628 -6.98521 -7.64804 -5.65845 -7.9486 -8.68452 -3.09874 -8.29511 -6.49307 -9.53108 -3.68867 -7.60496 -8.74687 -2.25372 -8.19034
82.21 -4.80334 -10.3961 -8.44671 -8.37311 -9.47552 -3.75375 -7.25644 -8.19267 -7.2438 -5.32555 -8.72201 -8.65579 -4.02604 -7.01892 -6.82584 -8.10656 -5.29742 -7.88801 -8.71143 -4.14382 -8.88048 -7.1471 -7.8086 -5.52046 -7.89404 -8.63531 -4.14895 -8.27106 -7.0124 -7.89574 -5.49014 -7.92671 -8.67329 -4.23349 -8.38644 -6.98516 -7.64808 -5.65846 -7.94861 -8.68453 -3.09872 -8.29515 -6.49309 -9.53108 -3.68866 -7.60496 -8.74686 -2.25373 -8.19032
82.26 -4.82271 -10.3969 -8.38031 -8.37008 -9.46949 -3.75436 -7.25277 -8.19523 -7.23979 -5.32533 -8.70697 -8.65241 -4.02683 -7.02374 -6.82401 -8.10791 -5.29739 -7.88795 -8.71191 -4.14356 -8.88424 -7.14765 -7.80857 -5.52025 -7.894 -8.63518 -4.14899 -8.27013 -7.01241 -7.89563 -5.49018 -7.92669 -8.67328 -4.2335 -8.38661 -6.98511 -7.64812 -5.65848 -7.94861 -8.68455 -3.09871 -8.29519 -6.49311 -9.53107 -3.68865 -7.60496 -8.74685 -2.25373 -8.19029
82.31 -4.84357 -10.3966 -8.31251 -8.36759 -9.4631 -3.75515 -7.24998 -8.19729 -7.23591 -5.32527 -8.69108 -8.64891 -4.02766 -7.02941 -6.82222 -8.10929 -5.29737 -7.88789 -8.71237 -4.1433 -8.88777 -7.14822 -7.80852 -5.52004 -7.89396 -8.63504 -4.14903 -8.26921 -7.01242 -7.89553 -5.49023 -7.92667 -8.67327 -4.23352 -8.3868 -6.98506 -7.64815 -5.65849 -7.94862 -8.68456 -3.09869 -8.29522 -6.49313 -9.53107 -3.68864 -7.60496 -8.74685 -2.25373 -8.19027
82.36 -4.86597 -10.3952 -8.24331 -8.36566 -9.45633 -3.75615 -7.24808 -8.19884 -7.23214 -5.32535 -8.67434 -8.64527 -4.02852 -7.03597 -6.82047 -8.11069 -5.29736 -7.88785 -8.71284 -4.14304 -8.89107 -7.14881 -7.80845 -5.51982 -7.89392 -8.63491 -4.14908 -8.2683 -7.01241 -7.89544 -5.49027 -7.92664 -8.67326 -4.23354 -8.38699 -6.98501 -7.64819 -5.6585 -7.94863 -8.68458 -3.09868 -8.29525 -6.49315 -9.53106 -3.68863 -7.60496 -8.74684 -2.25373 -8.19025
82.41 -4.88994 -10.3926 -8.1727 -8.36429 -9.44916 -3.75735 -7.2471 -8.19987 -7.22849 -5.32558 -8.65672 -8.6415 -4.02943 -7.0434 -6.81876 -8.11211 -5.29737 -7.88783 -8.71329 -4.14278 -8.89412 -7.14941 -7.80836 -5.51961 -7.89388 -8.63477 -4.14913 -8.2674 -7.01239 -7.89535 -5.49033 -7.92662 -8.67326 -4.23355 -8.3872 -6.98497 -7.64823 -5.65851 -7.94864 -8.68459 -3.09867 -8.29528 -6.49317 -9.53105 -3.68862 -7.60497 -8.74684 -2.25373 -8.19022
82.46 -4.91551 -10.3889 -8.1007 -8.36348 -9.44156 -3.75876 -7.24706 -8.20036 -7.22497 -5.32596 -8.63821 -8.63759 -4.03038 -7.05175 -6.81709 -8.11355 -5.29739 -7.88782 -8.71374 -4.14252 -8.89693 -7.15002 -7.80825 -5.51939 -7.89385 -8.63463 -4.14918 -8.2665 -7.01237 -7.89526 -5.49038 -7.9266 -8.67326 -4.23356 -8.38741 -6.98492 -7.64827 -5.65852 -7.94864 -8.6846 -3.09866 -8.2953 -6.49319 -9.53104 -3.68861 -7.60497 -8.74683 -2.25373 -8.1902
82.51 -4.94272 -10.3839 -8.02729 -8.36325 -9.43352 -3.76037 -7.24797 -8.20032 -7.22157 -5.32648 -8.61879 -8.63353 -4.03137 -7.061 -6.81548 -8.11501 -5.29743 -7.88782 -8.71418 -4.14225 -8.8995 -7.15064 -7.80812 -5.51918 -7.89382 -8.63449 -4.14923 -8.26562 -7.01234 -7.89518 -5.49044 -7.92658 -8.67326 -4.23358 -8.38764 -6.98488 -7.64831 -5.65853 -7.94865 -8.68461 -3.09864 -8.29532 -6.49322 -9.53104 -3.68861 -7.60497 -8.74683 -2.25374 -8.19018
82.56 -4.97157 -10.3777 -7.95248 -8.3636 -9.42503 -3.76221 -7.24987 -8.19972 -7.21832 -5.32716 -8.59848 -8.62933 -4.0324 -7.0712 -6.81391 -8.11647 -5.29749 -7.88783 -8.71461 -4.14199 -8.90181 -7.15128 -7.80798 -5.51897 -7.89379 -8.63435 -4.14929 -8.26475 -7.0123 -7.8951 -5.4905 -7.92656 -8.67326 -4.23359 -8.38788 -6.98484 -7.64835 -5.65854 -7.94866 -8.68463 -3.09863 -8.29533 -6.49324 -9.53103 -3.6886 -7.60498 -8.74682 -2.25374 -8.19016
82.61 -5.00209 -10.3703 -7.87628 -8.36454 -9.41605 -3.76426 -7.25277 -8.19857 -7.21519 -5.32798 -8.57727 -8.62499 -4.03348 -7.08234 -6.81239 -8.11795 -5.29756 -7.88786 -8.71503 -4.14172 -8.90387 -7.15192 -7.80782 -5.51876 -7.89377 -8.6342 -4.14935 -8.26389 -7.01225 -7.89503 -5.49056 -7.92653 -8.67327 -4.2336 -8.38812 -6.9848 -7.64839 -5.65855 -7.94867 -8.68464 -3.09862 -8.29534 -6.49326 -9.53102 -3.6886 -7.60498 -8.74681 -2.25374 -8.19014
82.66 -5.03429 -10.3615 -7.79871 -8.36608 -9.40659 -3.76655 -7.25671 -8.19683 -7.21222 -5.32895 -8.55517 -8.6205 -4.03461 -7.09445 -6.81092 -8.11944 -5.29766 -7.8879 -8.71544 -4.14146 -8.90566 -7.15257 -7.80764 -5.51855 -7.89375 -8.63405 -4.14942 -8.26305 -7.01219 -7.89496 -5.49062 -7.92651 -8.67327 -4.23361 -8.38838 -6.98476 -7.64844 -5.65855 -7.94868 -8.68465 -3.09861 -8.29534 -6.49328 -9.531 -3.6886 -7.60498 -8.74681 -2.25374 -8.19011
82.71 -5.06815 -10.3514 -7.71979 -8.36822 -9.39662 -3.76906 -7.26171 -8.19451 -7.20939 -5.33008 -8.53223 -8.61588 -4.03578 -7.10754 -6.8095 -8.12092 -5.29778 -7.88796 -8.71584 -4.1412 -8.9072 -7.15322 -7.80744 -5.51835 -7.89373 -8.63391 -4.14948 -8.26223 -7.01212 -7.8949 -5.49068 -7.92649 -8.67328 -4.23362 -8.38864 -6.98473 -7.64848 -5.65856 -7.94869 -8.68466 -3.0986 -8.29534 -6.4933 -9.53099 -3.68859 -7.60499 -8.7468 -2.25375 -8.19009
82.76 -5.10365 -10.3399 -7.63957 -8.37099 -9.38614 -3.77181 -7.2678 -8.19158 -7.2067 -5.33136 -8.50847 -8.61113 -4.03701 -7.12161 -6.80814 -8.12241 -5.29792 -7.88803 -8.71623 -4.14094 -8.90846 -7.15388 -7.80722 -5.51815 -7.89372 -8.63376 -4.14955 -8.26142 -7.01205 -7.89484 -5.49075 -7.92647 -8.67329 -4.23362 -8.38891 -6.9847 -7.64852 -5.65856 -7.9487 -8.68467 -3.0986 -8.29534 -6.49332 -9.53098 -3.68859 -7.60499 -8.7468 -2.25375 -8.19008
82.81 -5.14075 -10.3271 -7.55813 -8.37438 -9.37516 -3.7748 -7.27501 -8.18803 -7.20418 -5.3328 -8.48396 -8.60626 -4.03828 -7.13668 -6.80684 -8.1239 -5.29808 -7.88812 -8.71661 -4.14068 -8.90945 -7.15454 -7.80699 -5.51795 -7.89371 -8.63361 -4.14962 -8.26064 -7.01196 -7.89479 -5.49082 -7.92645 -8.67331 -4.23363 -8.38919 -6.98467 -7.64856 -5.65857 -7.94871 -8.68468 -3.09859 -8.29533 -6.49335 -9.53097 -3.68859 -7.60499 -8.74679 -2.25375 -8.19006
82.86 -5.17939 -10.3128 -7.47555 -8.37841 -9.36367 -3.77804 -7.28335 -8.18386 -7.20181 -5.3344 -8.45877 -8.60128 -4.0396 -7.15275 -6.80559 -8.12539 -5.29828 -7.88823 -8.71697 -4.14042 -8.91017 -7.15521 -7.80675 -5.51775 -7.89371 -8.63346 -4.14969 -8.25987 -7.01187 -7.89474 -5.49089 -7.92643 -8.67332 -4.23364 -8.38947 -6.98464 -7.6486 -5.65857 -7.94871 -8.68469 -3.09858 -8.29532 -6.49337 -9.53095 -3.68859 -7.605 -8.74678 -2.25376 -8.19004
82.91 -5.21949 -10.2971 -7.39197 -8.38308 -9.3517 -3.78153 -7.29287 -8.17905 -7.19961 -5.33615 -8.433 -8.59621 -4.04097 -7.16982 -6.8044 -8.12687 -5.2985 -7.88835 -8.71733 -4.14017 -8.9106 -7.15588 -7.80649 -5.51757 -7.89371 -8.63331 -4.14977 -8.25913 -7.01178 -7.8947 -5.49096 -7.92641 -8.67334 -4.23364 -8.38976 -6.98462 -7.64864 -5.65857 -7.94872 -8.6847 -3.09857 -8.2953 -6.49339 -9.53094 -3.6886 -7.605 -8.74678 -2.25376 -8.19002
82.96 -5.26092 -10.2799 -7.30752 -8.3884 -9.33927 -3.78527 -7.30357 -8.17358 -7.19758 -5.33807 -8.40675 -8.59108 -4.04239 -7.18787 -6.80328 -8.12834 -5.29875 -7.88849 -8.71767 -4.13992 -8.91074 -7.15655 -7.80621 -5.51738 -7.89372 -8.63317 -4.14984 -8.2584 -7.01167 -7.89467 -5.49103 -7.9264 -8.67336 -4.23364 -8.39005 -6.98459 -7.64868 -5.65857 -7.94873 -8.68471 -3.09857 -8.29528 -6.49341 -9.53092 -3.6886 -7.60501 -8.74677 -2.25376 -8.19001
83.01 -5.30356 -10.2612 -7.22242 -8.39438 -9.32641 -3.78927 -7.31547 -8.16744 -7.19573 -5.34016 -8.38016 -8.58591 -4.04385 -7.20691 -6.80222 -8.1298 -5.29903 -7.88864 -8.718 -4.13968 -8.91059 -7.15721 -7.80592 -5.5172 -7.89373 -8.63302 -4.14992 -8.2577 -7.01156 -7.89464 -5.4911 -7.92638 -8.67338 -4.23364 -8.39035 -6.98457 -7.64872 -5.65857 -7.94874 -8.68471 -3.09856 -8.29526 -6.49343 -9.53091 -3.6886 -7.60501 -8.74677 -2.25377 -8.18999
83.06 -5.34724 -10.2411 -7.13689 -8.40101 -9.31317 -3.79351 -7.32858 -8.16064 -7.19405 -5.34241 -8.35339 -8.58073 -4.04535 -7.22689 -6.80123 -8.13125 -5.29934 -7.88882 -8.71832 -4.13944 -8.91014 -7.15788 -7.80562 -5.51703 -7.89375 -8.63288 -4.15 -8.25702 -7.01144 -7.89461 -5.49118 -7.92636 -8.6734 -4.23365 -8.39065 -6.98456 -7.64875 -5.65857 -7.94875 -8.68472 -3.09856 -8.29523 -6.49345 -9.53089 -3.68861 -7.60501 -8.74676 -2.25377 -8.18998
83.11 -5.39176 -10.2195 -7.0512 -8.4083 -9.29962 -3.798 -7.3429 -8.15317 -7.19256 -5.34483 -8.32658 -8.57557 -4.04689 -7.2478 -6.8003 -8.13269 -5.29969 -7.88901 -8.71862 -4.1392 -8.90938 -7.15854 -7.8053 -5.51686 -7.89377 -8.63273 -4.15008 -8.25637 -7.01132 -7.8946 -5.49125 -7.92635 -8.67343 -4.23364 -8.39095 -6.98454 -7.64879 -5.65857 -7.94876 -8.68473 -3.09855 -8.2952 -6.49347 -9.53087 -3.68862 -7.60502 -8.74676 -2.25377 -8.18997
83.16 -5.43692 -10.1965 -6.96566 -8.41624 -9.28581 -3.80274 -7.35843 -8.14502 -7.19126 -5.34742 -8.29994 -8.57048 -4.04847 -7.26958 -6.79945 -8.1341 -5.30007 -7.88923 -8.71891 -4.13897 -8.90832 -7.15919 -7.80498 -5.5167 -7.8938 -8.63259 -4.15016 -8.25574 -7.01118 -7.89459 -5.49133 -7.92633 -8.67345 -4.23364 -8.39126 -6.98453 -7.64883 -5.65857 -7.94877 -8.68473 -3.09855 -8.29516 -6.49349 -9.53086 -3.68862 -7.60502 -8.74675 -2.25378 -8.18995
83.21 -5.48248 -10.1721 -6.88062 -8.42481 -9.27185 -3.80771 -7.37516 -8.1362 -7.19015 -5.35018 -8.27363 -8.56548 -4.05007 -7.29219 -6.79867 -8.13549 -5.30048 -7.88946 -8.71919 -4.13875 -8.90695 -7.15985 -7.80464 -5.51654 -7.89383 -8.63246 -4.15025 -8.25514 -7.01105 -7.89458 -5.4914 -7.92632 -8.67348 -4.23364 -8.39157 -6.98452 -7.64886 -5.65856 -7.94878 -8.68474 -3.09855 -8.29512 -6.49351 -9.53084 -3.68863 -7.60503 -8.74675 -2.25378 -8.18994
83.26 -5.52818 -10.1464 -6.79644 -8.43401 -9.2578 -3.8129 -7.39305 -8.12673 -7.18925 -5.35311 -8.24785 -8.56063 -4.0517 -7.31557 -6.79796 -8.13687 -5.30092 -7.88971 -8.71945 -4.13853 -8.90526 -7.16049 -7.80429 -5.51639 -7.89387 -8.63232 -4.15033 -8.25457 -7.0109 -7.89458 -5.49148 -7.9263 -8.67351 -4.23364 -8.39188 -6.98451 -7.6489 -5.65856 -7.94879 -8.68474 -3.09855 -8.29508 -6.49353 -9.53082 -3.68864 -7.60503 -8.74674 -2.25378 -8.18993
83.31 -5.57377 -10.1193 -6.71351 -8.44381 -9.24378 -3.81829 -7.41208 -8.11661 -7.18855 -5.3562 -8.22277 -8.55597 -4.05335 -7.33963 -6.79733 -8.13821 -5.3014 -7.88999 -8.71969 -4.13832 -8.90325 -7.16113 -7.80393 -5.51625 -7.89392 -8.63219 -4.15041 -8.25403 -7.01076 -7.89459 -5.49155 -7.92629 -8.67354 -4.23363 -8.39219 -6.98451 -7.64893 -5.65855 -7.9488 -8.68475 -3.09855 -8.29504 -6.49355 -9.5308 -3.68865 -7.60504 -8.74674 -2.25379 -8.18992
83.36 -5.61898 -10.0911 -6.63226 -8.45417 -9.22987 -3.82388 -7.4322 -8.10586 -7.18807 -5.35946 -8.19857 -8.55152 -4.055 -7.3643 -6.79677 -8.13953 -5.30191 -7.89028 -8.71992 -4.13811 -8.90092 -7.16175 -7.80356 -5.51611 -7.89397 -8.63206 -4.15049 -8.25351 -7.0106 -7.8946 -5.49163 -7.92628 -8.67358 -4.23363 -8.3925 -6.9845 -7.64896 -5.65855 -7.94881 -8.68475 -3.09855 -8.29499 -6.49357 -9.53078 -3.68866 -7.60504 -8.74673 -2.25379 -8.18992
83.41 -5.66358 -10.0618 -6.55309 -8.46508 -9.21619 -3.82964 -7.45334 -8.09451 -7.1878 -5.36288 -8.1754 -8.54734 -4.05665 -7.38948 -6.7963 -8.14081 -5.30245 -7.8906 -8.72013 -4.13791 -8.89828 -7.16237 -7.80318 -5.51598 -7.89403 -8.63193 -4.15058 -8.25302 -7.01044 -7.89462 -5.4917 -7.92627 -8.67361 -4.23362 -8.39281 -6.9845 -7.649 -5.65854 -7.94882 -8.68475 -3.09855 -8.29493 -6.49359 -9.53076 -3.68868 -7.60505 -8.74673 -2.25379 -8.18991
83.46 -5.70731 -10.0314 -6.4764 -8.47647 -9.20282 -3.83554 -7.47545 -8.08259 -7.18775 -5.36645 -8.15339 -8.54346 -4.05829 -7.41508 -6.79591 -8.14207 -5.30302 -7.89093 -8.72032 -4.13772 -8.89531 -7.16297 -7.8028 -5.51586 -7.89409 -8.63181 -4.15066 -8.25257 -7.01028 -7.89464 -5.49178 -7.92626 -8.67365 -4.23361 -8.39313 -6.98451 -7.64903 -5.65853 -7.94883 -8.68475 -3.09855 -8.29488 -6.49361 -9.53074 -3.68869 -7.60505 -8.74672 -2.2538 -8.1899
83.51 -5.74995 -10.0002 -6.40258 -8.48832 -9.18985 -3.84157 -7.49844 -8.07014 -7.18792 -5.37018 -8.13265 -8.5399 -4.05991 -7.441 -6.79561 -8.14328 -5.30361 -7.89129 -8.7205 -4.13754 -8.89202 -7.16357 -7.80241 -5.51574 -7.89416 -8.63169 -4.15074 -8.25215 -7.01012 -7.89467 -5.49185 -7.92625 -8.67368 -4.2336 -8.39343 -6.98451 -7.64906 -5.65852 -7.94883 -8.68475 -3.09855 -8.29482 -6.49362 -9.53073 -3.6887 -7.60506 -8.74672 -2.2538 -8.1899
83.56 -5.79132 -9.96823 -6.33198 -8.50056 -9.17737 -3.84769 -7.52223 -8.0572 -7.18832 -5.37404 -8.11326 -8.53668 -4.06151 -7.46711 -6.7954 -8.14446 -5.30422 -7.89166 -8.72066 -4.13736 -8.88843 -7.16414 -7.80201 -5.51564 -7.89423 -8.63157 -4.15083 -8.25176 -7.00995 -7.89471 -5.49192 -7.92624 -8.67372 -4.23359 -8.39374 -6.98452 -7.64908 -5.65851 -7.94884 -8.68475 -3.09855 -8.29476 -6.49364 -9.53071 -3.68872 -7.60506 -8.74671 -2.2538 -8.18989
83.61 -5.83124 -9.93561 -6.26495 -8.51313 -9.16544 -3.85389 -7.54673 -8.04381 -7.18895 -5.37803 -8.09527 -8.53383 -4.06307 -7.49332 -6.79527 -8.1456 -5.30486 -7.89206 -8.7208 -4.1372 -8.88452 -7.16471 -7.80161 -5.51554 -7.89431 -8.63146 -4.15091 -8.2514 -7.00977 -7.89475 -5.49199 -7.92623 -8.67376 -4.23358 -8.39405 -6.98453 -7.64911 -5.6585 -7.94885 -8.68475 -3.09856 -8.29469 -6.49365 -9.53069 -3.68873 -7.60507 -8.74671 -2.25381 -8.18989
83.66 -5.86957 -9.90248 -6.20175 -8.52599 -9.15412 -3.86013 -7.57184 -8.03002 -7.18981 -5.38215 -8.07871 -8.53135 -4.06458 -7.51951 -6.79523 -8.1467 -5.30551 -7.89247 -8.72092 -4.13704 -8.88031 -7.16526 -7.8012 -5.51545 -7.89439 -8.63135 -4.15099 -8.25108 -7.0096 -7.89479 -5.49206 -7.92623 -8.6738 -4.23357 -8.39435 -6.98455 -7.64913 -5.65849 -7.94886 -8.68475 -3.09856 -8.29463 -6.49367 -9.53067 -3.68875 -7.60507 -8.74671 -2.25381 -8.18989
83.71 -5.90621 -9.86898 -6.14263 -8.53906 -9.14344 -3.86639 -7.59747 -8.01588 -7.19091 -5.38637 -8.06357 -8.52924 -4.06605 -7.54558 -6.79529 -8.14775 -5.30617 -7.8929 -8.72101 -4.13689 -8.87581 -7.16579 -7.80079 -5.51537 -7.89448 -8.63125 -4.15107 -8.25079 -7.00942 -7.89484 -5.49213 -7.92622 -8.67384 -4.23355 -8.39464 -6.98456 -7.64916 -5.65848 -7.94887 -8.68475 -3.09856 -8.29456 -6.49368 -9.53065 -3.68877 -7.60507 -8.7467 -2.25381 -8.18989
83.76 -5.94108 -9.83522 -6.08777 -8.55228 -9.13344 -3.87265 -7.62352 -8.00144 -7.19224 -5.39068 -8.04985 -8.52751 -4.06745 -7.57143 -6.79544 -8.14875 -5.30685 -7.89334 -8.72109 -4.13675 -8.87103 -7.1663 -7.80037 -5.51529 -7.89457 -8.63115 -4.15115 -8.25054 -7.00924 -7.8949 -5.4922 -7.92622 -8.67388 -4.23354 -8.39494 -6.98458 -7.64918 -5.65846 -7.94887 -8.68475 -3.09857 -8.29448 -6.49369 -9.53063 -3.68878 -7.60508 -8.7467 -2.25382 -8.18989
83.81 -5.97412 -9.80132 -6.03733 -8.56559 -9.12413 -3.87887 -7.64989 -7.98675 -7.1938 -5.39508 -8.03751 -8.52615 -4.06879 -7.59695 -6.79569 -8.1497 -5.30753 -7.8938 -8.72115 -4.13662 -8.86597 -7.16679 -7.79996 -5.51523 -7.89466 -8.63106 -4.15123 -8.25033 -7.00905 -7.89496 -5.49226 -7.92621 -8.67392 -4.23353 -8.39523 -6.9846 -7.6492 -5.65845 -7.94888 -8.68475 -3.09858 -8.29441 -6.49371 -9.53061 -3.6888 -7.60508 -8.7467 -2.25382 -8.18989
83.86 -6.00531 -9.76741 -5.99139 -8.57893 -9.11552 -3.88505 -7.67648 -7.97187 -7.1956 -5.39955 -8.02649 -8.52514 -4.07005 -7.62206 -6.79603 -8.1506 -5.30821 -7.89427 -8.72118 -4.13649 -8.86066 -7.16726 -7.79954 -5.51517 -7.89475 -8.63097 -4.1513 -8.25015 -7.00887 -7.89503 -5.49233 -7.92621 -8.67397 -4.23351 -8.39551 -6.98463 -7.64922 -5.65844 -7.94889 -8.68474 -3.09858 -8.29433 -6.49372 -9.53059 -3.68882 -7.60509 -8.74669 -2.25382 -8.1899
83.91 -6.03463 -9.7336 -5.95 -8.59224 -9.10759 -3.89114 -7.7032 -7.95684 -7.19763 -5.40406 -8.01675 -8.52447 -4.07125 -7.64667 -6.79647 -8.15145 -5.30888 -7.89475 -8.72119 -4.13638 -8.85511 -7.16772 -7.79912 -5.51512 -7.89485 -8.63089 -4.15138 -8.25002 -7.00868 -7.8951 -5.49239 -7.92621 -8.67401 -4.23349 -8.39578 -6.98465 -7.64923 -5.65842 -7.94889 -8.68474 -3.09859 -8.29426 -6.49373 -9.53057 -3.68884 -7.60509 -8.74669 -2.25383 -8.1899
83.96 -6.0621 -9.69998 -5.91319 -8.60547 -9.10035 -3.89715 -7.72996 -7.94172 -7.19988 -5.40862 -8.00822 -8.52413 -4.07236 -7.67071 -6.797 -8.15223 -5.30956 -7.89524 -8.72117 -4.13628 -8.84932 -7.16814 -7.7987 -5.51508 -7.89495 -8.63081 -4.15145 -8.24992 -7.00849 -7.89518 -5.49245 -7.9262 -8.67405 -4.23348 -8.39605 -6.98468 -7.64925 -5.65841 -7.9489 -8.68473 -3.0986 -8.29418 -6.49374 -9.53055 -3.68886 -7.6051 -8.74669 -2.25383 -8.18991
84.01 -6.08774 -9.66665 -5.88092 -8.61857 -9.09376 -3.90305 -7.75669 -7.92655 -7.20236 -5.4132 -8.00084 -8.52409 -4.07339 -7.69411 -6.79763 -8.15296 -5.31022 -7.89573 -8.72114 -4.13619 -8.84333 -7.16855 -7.79829 -5.51505 -7.89504 -8.63074 -4.15152 -8.24986 -7.00831 -7.89526 -5.49251 -7.9262 -8.6741 -4.23346 -8.39632 -6.98471 -7.64926 -5.65839 -7.94891 -8.68473 -3.09861 -8.2941 -6.49375 -9.53053 -3.68888 -7.6051 -8.74669 -2.25383 -8.18991
84.06 -6.11157 -9.63369 -5.85314 -8.63149 -9.08781 -3.90882 -7.7833 -7.91138 -7.20506 -5.41778 -7.99453 -8.52433 -4.07433 -7.71681 -6.79836 -8.15363 -5.31087 -7.89624 -8.72107 -4.13612 -8.83714 -7.16893 -7.79787 -5.51503 -7.89514 -8.63067 -4.15159 -8.24985 -7.00812 -7.89535 -5.49256 -7.92621 -8.67414 -4.23344 -8.39657 -6.98474 -7.64927 -5.65837 -7.94891 -8.68472 -3.09862 -8.29401 -6.49375 -9.53051 -3.6889 -7.6051 -8.74668 -2.25384 -8.18992
84.11 -6.13364 -9.60119 -5.82977 -8.6442 -9.08247 -3.91446 -7.80972 -7.89624 -7.20797 -5.42236 -7.98923 -8.52484 -4.07519 -7.73875 -6.79918 -8.15423 -5.3115 -7.89674 -8.72099 -4.13605 -8.83078 -7.16928 -7.79746 -5.51501 -7.89524 -8.63061 -4.15166 -8.24987 -7.00793 -7.89544 -5.49262 -7.92621 -8.67419 -4.23342 -8.39682 -6.98478 -7.64928 -5.65836 -7.94892 -8.68472 -3.09863 -8.29393 -6.49376 -9.5305 -3.68892 -7.60511 -8.74668 -2.25384 -8.18993
84.16 -6.15399 -9.56922 -5.81069 -8.65666 -9.07771 -3.91996 -7.83588 -7.88118 -7.2111 -5.42693 -7.98489 -8.5256 -4.07597 -7.7599 -6.8001 -8.15477 -5.31212 -7.89725 -8.72088 -4.13599 -8.82425 -7.16961 -7.79705 -5.51501 -7.89534 -8.63055 -4.15173 -8.24994 -7.00775 -7.89553 -5.49267 -7.92621 -8.67423 -4.2334 -8.39706 -6.98482 -7.64929 -5.65834 -7.94892 -8.68471 -3.09864 -8.29385 -6.49377 -9.53048 -3.68894 -7.60511 -8.74668 -2.25384 -8.18994
84.21 -6.17266 -9.53783 -5.7958 -8.66884 -9.0735 -3.92529 -7.86173 -7.86624 -7.21443 -5.43145 -7.98143 -8.52659 -4.07666 -7.78021 -6.80111 -8.15525 -5.31271 -7.89776 -8.72074 -4.13595 -8.81759 -7.16991 -7.79665 -5.51501 -7.89544 -8.6305 -4.15179 -8.25004 -7.00756 -7.89563 -5.49272 -7.92621 -8.67428 -4.23338 -8.39729 -6.98485 -7.64929 -5.65832 -7.94893 -8.6847 -3.09865 -8.29376 -6.49377 -9.53046 -3.68896 -7.60512 -8.74668 -2.25385 -8.18995
84.26 -6.1897 -9.50708 -5.78495 -8.68072 -9.06983 -3.93047 -7.8872 -7.85145 -7.21795 -5.43593 -7.97881 -8.52778 -4.07726 -7.79966 -6.80221 -8.15566 -5.31328 -7.89827 -8.72058 -4.13592 -8.81081 -7.17019 -7.79625 -5.51503 -7.89554 -8.63046 -4.15185 -8.25019 -7.00738 -7.89573 -5.49276 -7.92622 -8.67432 -4.23336 -8.39751 -6.98489 -7.6493 -5.6583 -7.94893 -8.68469 -3.09866 -8.29368 -6.49378 -9.53044 -3.68899 -7.60512 -8.74668 -2.25385 -8.18996
84.31 -6.20517 -9.47704 -5.77801 -8.69228 -9.06665 -3.93547 -7.91226 -7.83684 -7.22167 -5.44036 -7.97697 -8.52916 -4.07778 -7.81822 -6.8034 -8.15599 -5.31383 -7.89878 -8.7204 -4.1359 -8.80392 -7.17043 -7.79586 -5.51505 -7.89563 -8.63042 -4.15191 -8.25038 -7.00719 -7.89583 -5.49281 -7.92622 -8.67437 -4.23334 -8.39772 -6.98494 -7.6493 -5.65829 -7.94893 -8.68468 -3.09867 -8.29359 -6.49378 -9.53043 -3.68901 -7.60512 -8.74668 -2.25385 -8.18997
84.36 -6.21909 -9.44773 -5.77481 -8.70351 -9.06395 -3.9403 -7.93685 -7.82244 -7.22557 -5.44471 -7.97587 -8.53072 -4.07822 -7.83588 -6.80468 -8.15626 -5.31435 -7.89928 -8.72019 -4.13589 -8.79696 -7.17065 -7.79547 -5.51508 -7.89572 -8.63038 -4.15196 -8.25062 -7.00701 -7.89594 -5.49285 -7.92623 -8.67441 -4.23331 -8.39792 -6.98498 -7.6493 -5.65827 -7.94894 -8.68467 -3.09868 -8.2935 -6.49378 -9.53041 -3.68903 -7.60513 -8.74668 -2.25385 -8.18999
84.41 -6.23152 -9.41919 -5.77522 -8.71439 -9.0617 -3.94495 -7.96093 -7.80828 -7.22964 -5.44898 -7.97548 -8.53244 -4.07858 -7.85261 -6.80605 -8.15646 -5.31485 -7.89977 -8.71996 -4.1359 -8.78992 -7.17083 -7.79509 -5.51512 -7.89582 -8.63036 -4.15201 -8.25089 -7.00684 -7.89605 -5.49288 -7.92623 -8.67446 -4.23329 -8.3981 -6.98503 -7.6493 -5.65825 -7.94894 -8.68466 -3.0987 -8.29342 -6.49378 -9.5304 -3.68905 -7.60513 -8.74668 -2.25385 -8.19
84.46 -6.24249 -9.39148 -5.77908 -8.72491 -9.05988 -3.94942 -7.98447 -7.79438 -7.23388 -5.45316 -7.97575 -8.53431 -4.07886 -7.86841 -6.8075 -8.15658 -5.31531 -7.90026 -8.7197 -4.13591 -8.78284 -7.17099 -7.79472 -5.51517 -7.8959 -8.63034 -4.15206 -8.25121 -7.00666 -7.89617 -5.49292 -7.92624 -8.6745 -4.23327 -8.39828 -6.98507 -7.6493 -5.65823 -7.94894 -8.68465 -3.09871 -8.29333 -6.49378 -9.53038 -3.68908 -7.60513 -8.74668 -2.25386 -8.19002
84.51 -6.25205 -9.36461 -5.78624 -8.73508 -9.05847 -3.9537 -8.00743 -7.78076 -7.23827 -5.45724 -7.97665 -8.53631 -4.07906 -7.88328 -6.80902 -8.15663 -5.31575 -7.90074 -8.71942 -4.13594 -8.77573 -7.17111 -7.79436 -5.51523 -7.89599 -8.63032 -4.15211 -8.25157 -7.00649 -7.89628 -5.49295 -7.92625 -8.67455 -4.23324 -8.39845 -6.98512 -7.64929 -5.65821 -7.94894 -8.68464 -3.09872 -8.29324 -6.49378 -9.53037 -3.6891 -7.60514 -8.74668 -2.25386 -8.19003
84.56 -6.26022 -9.33861 -5.79655 -8.74489 -9.05746 -3.95779 -8.02979 -7.76745 -7.24281 -5.46121 -7.97816 -8.53843 -4.07919 -7.8972 -6.81063 -8.15661 -5.31616 -7.90121 -8.71912 -4.13599 -8.76861 -7.1712 -7.79402 -5.51529 -7.89608 -8.63031 -4.15215 -8.25197 -7.00632 -7.8964 -5.49298 -7.92626 -8.67459 -4.23322 -8.3986 -6.98517 -7.64928 -5.65819 -7.94895 -8.68463 -3.09874 -8.29316 -6.49378 -9.53036 -3.68912 -7.60514 -8.74668 -2.25386 -8.19005
84.61 -6.26704 -9.31351 -5.80988 -8.75434 -9.05683 -3.96169 -8.05152 -7.75447 -7.24748 -5.46507 -7.98026 -8.54067 -4.07925 -7.91019 -6.8123 -8.15652 -5.31654 -7.90167 -8.71879 -4.13604 -8.76149 -7.17126 -7.79368 -5.51537 -7.89616 -8.63031 -4.15219 -8.25241 -7.00616 -7.89652 -5.493 -7.92627 -8.67463 -4.2332 -8.39874 -6.98522 -7.64927 -5.65817 -7.94895 -8.68462 -3.09875 -8.29307 -6.49377 -9.53034 -3.68914 -7.60514 -8.74668 -2.25386 -8.19007
84.66 -6.27252 -9.28933 -5.82609 -8.76343 -9.05657 -3.9654 -8.07258 -7.74182 -7.25229 -5.4688 -7.98293 -8.54301 -4.07925 -7.92223 -6.81405 -8.15635 -5.3169 -7.90212 -8.71845 -4.13611 -8.7544 -7.17129 -7.79335 -5.51545 -7.89624 -8.63031 -4.15223 -8.25289 -7.006 -7.89664 -5.49302 -7.92628 -8.67467 -4.23317 -8.39886 -6.98527 -7.64926 -5.65815 -7.94895 -8.68461 -3.09877 -8.29299 -6.49377 -9.53033 -3.68917 -7.60514 -8.74668 -2.25386 -8.19009
84.71 -6.2767 -9.26609 -5.84506 -8.77217 -9.05666 -3.96892 -8.09297 -7.72953 -7.25721 -5.4724 -7.98616 -8.54544 -4.07917 -7.93334 -6.81586 -8.15611 -5.31722 -7.90256 -8.71808 -4.13619 -8.74734 -7.17128 -7.79304 -5.51554 -7.89631 -8.63033 -4.15226 -8.25341 -7.00585 -7.89677 -5.49304 -7.92629 -8.67471 -4.23315 -8.39898 -6.98533 -7.64925 -5.65813 -7.94895 -8.6846 -3.09878 -8.2929 -6.49376 -9.53032 -3.68919 -7.60514 -8.74669 -2.25387 -8.1901
84.76 -6.27959 -9.24381 -5.86666 -8.78057 -9.05711 -3.97224 -8.11267 -7.71762 -7.26223 -5.47586 -7.98994 -8.54796 -4.07903 -7.94352 -6.81773 -8.15579 -5.31752 -7.90298 -8.71769 -4.13628 -8.74033 -7.17125 -7.79274 -5.51564 -7.89639 -8.63034 -4.15229 -8.25397 -7.0057 -7.89689 -5.49306 -7.92631 -8.67475 -4.23313 -8.39908 -6.98538 -7.64924 -5.65811 -7.94895 -8.68458 -3.0988 -8.29282 -6.49376 -9.53031 -3.68921 -7.60515 -8.74669 -2.25387 -8.19012
84.81 -6.28121 -9.22251 -5.8908 -8.78862 -9.05789 -3.97537 -8.13164 -7.70609 -7.26735 -5.47919 -7.99426 -8.55057 -4.07883 -7.95278 -6.81966 -8.15541 -5.31779 -7.90339 -8.71729 -4.13638 -8.73339 -7.17118 -7.79245 -5.51575 -7.89646 -8.63037 -4.15232 -8.25456 -7.00555 -7.89702 -5.49307 -7.92632 -8.67479 -4.2331 -8.39916 -6.98544 -7.64922 -5.65809 -7.94895 -8.68457 -3.09881 -8.29274 -6.49375 -9.5303 -3.68923 -7.60515 -8.74669 -2.25387 -8.19014
84.86 -6.28156 -9.2022 -5.91737 -8.79634 -9.05901 -3.9783 -8.14988 -7.69496 -7.27256 -5.48236 -7.99912 -8.55325 -4.07858 -7.96112 -6.82165 -8.15495 -5.31804 -7.90379 -8.71687 -4.1365 -8.72653 -7.17107 -7.79218 -5.51587 -7.89653 -8.6304 -4.15234 -8.25519 -7.00541 -7.89714 -5.49308 -7.92633 -8.67483 -4.23308 -8.39923 -6.98549 -7.6492 -5.65807 -7.94895 -8.68456 -3.09883 -8.29266 -6.49374 -9.53029 -3.68925 -7.60515 -8.74669 -2.25387 -8.19017
84.91 -6.28065 -9.18291 -5.9463 -8.80373 -9.06047 -3.98103 -8.16737 -7.68424 -7.27784 -5.48539 -8.00452 -8.55601 -4.07826 -7.96855 -6.82368 -8.15441 -5.31826 -7.90416 -8.71643 -4.13663 -8.71976 -7.17094 -7.79192 -5.51599 -7.89659 -8.63043 -4.15236 -8.25586 -7.00528 -7.89727 -5.49308 -7.92635 -8.67486 -4.23305 -8.39929 -6.98555 -7.64918 -5.65805 -7.94895 -8.68454 -3.09884 -8.29258 -6.49373 -9.53028 -3.68927 -7.60515 -8.74669 -2.25387 -8.19019
84.96 -6.27849 -9.16464 -5.9775 -8.8108 -9.06226 -3.98357 -8.18409 -7.67395 -7.28318 -5.48825 -8.01047 -8.55883 -4.07789 -7.97507 -6.82576 -8.15381 -5.31845 -7.90453 -8.71597 -4.13677 -8.71309 -7.17077 -7.79168 -5.51613 -7.89666 -8.63048 -4.15238 -8.25656 -7.00516 -7.8974 -5.49308 -7.92636 -8.6749 -4.23303 -8.39934 -6.9856 -7.64916 -5.65803 -7.94894 -8.68453 -3.09886 -8.2925 -6.49372 -9.53028 -3.68929 -7.60515 -8.7467 -2.25387 -8.19021
85.01 -6.27508 -9.14741 -6.01091 -8.81756 -9.06439 -3.9859 -8.20004 -7.66409 -7.28857 -5.49096 -8.01697 -8.56173 -4.07748 -7.9807 -6.82788 -8.15314 -5.31863 -7.90487 -8.7155 -4.13692 -8.70655 -7.17057 -7.79145 -5.51626 -7.89672 -8.63053 -4.15239 -8.25729 -7.00504 -7.89752 -5.49308 -7.92638 -8.67493 -4.23301 -8.39936 -6.98566 -7.64914 -5.65802 -7.94894 -8.68451 -3.09888 -8.29243 -6.49371 -9.53027 -3.68931 -7.60515 -8.7467 -2.25387 -8.19023
85.06 -6.2704 -9.13125 -6.04647 -8.82402 -9.06686 -3.98803 -8.21518 -7.65467 -7.29401 -5.49351 -8.02404 -8.56469 -4.07701 -7.98543 -6.83004 -8.1524 -5.31878 -7.9052 -8.71502 -4.13708 -8.70013 -7.17034 -7.79125 -5.51641 -7.89677 -8.63058 -4.15239 -8.25805 -7.00493 -7.89765 -5.49308 -7.9264 -8.67497 -4.23298 -8.39938 -6.98572 -7.64911 -5.658 -7.94894 -8.6845 -3.09889 -8.29236 -6.4937 -9.53026 -3.68933 -7.60515 -8.7467 -2.25387 -8.19025
85.11 -6.26446 -9.11616 -6.08414 -8.83018 -9.06967 -3.98996 -8.22952 -7.64571 -7.29947 -5.49589 -8.03168 -8.56771 -4.07649 -7.98928 -6.83222 -8.15159 -5.31891 -7.90551 -8.71452 -4.13725 -8.69385 -7.17008 -7.79106 -5.51656 -7.89683 -8.63065 -4.1524 -8.25885 -7.00482 -7.89778 -5.49307 -7.92642 -8.675 -4.23296 -8.39938 -6.98577 -7.64909 -5.65798 -7.94894 -8.68449 -3.09891 -8.29229 -6.49369 -9.53026 -3.68935 -7.60515 -8.74671 -2.25387 -8.19028
85.16 -6.25723 -9.10216 -6.1239 -8.83606 -9.07282 -3.99168 -8.24303 -7.63722 -7.30495 -5.4981 -8.03992 -8.5708 -4.07593 -7.99225 -6.83444 -8.15072 -5.31902 -7.90581 -8.71401 -4.13743 -8.68773 -7.16978 -7.79088 -5.51672 -7.89688 -8.63072 -4.1524 -8.25967 -7.00472 -7.8979 -5.49306 -7.92643 -8.67503 -4.23294 -8.39936 -6.98583 -7.64906 -5.65796 -7.94893 -8.68447 -3.09892 -8.29222 -6.49368 -9.53026 -3.68937 -7.60515 -8.74671 -2.25387 -8.1903
85.21 -6.2487 -9.08928 -6.16571 -8.84166 -9.07634 -3.99319 -8.25569 -7.6292 -7.31044 -5.50015 -8.04877 -8.57395 -4.07532 -7.99435 -6.83667 -8.14979 -5.31911 -7.90608 -8.71349 -4.13763 -8.68176 -7.16946 -7.79073 -5.51689 -7.89694 -8.63079 -4.1524 -8.26051 -7.00463 -7.89803 -5.49304 -7.92645 -8.67505 -4.23292 -8.39933 -6.98589 -7.64903 -5.65794 -7.94893 -8.68446 -3.09894 -8.29215 -6.49366 -9.53025 -3.68938 -7.60515 -8.74672 -2.25387 -8.19032
85.26 -6.23884 -9.07753 -6.20958 -8.84699 -9.08022 -3.99449 -8.26751 -7.62168 -7.31592 -5.50202 -8.05826 -8.57717 -4.07467 -7.99557 -6.83893 -8.14879 -5.31918 -7.90634 -8.71297 -4.13783 -8.67596 -7.16911 -7.79059 -5.51706 -7.89699 -8.63087 -4.15239 -8.26138 -7.00455 -7.89815 -5.49302 -7.92647 -8.67508 -4.23289 -8.39928 -6.98594 -7.649 -5.65793 -7.94892 -8.68444 -3.09895 -8.29209 -6.49365 -9.53025 -3.6894 -7.60515 -8.74672 -2.25387 -8.19035
85.31 -6.22764 -9.06694 -6.25549 -8.85205 -9.08447 -3.99558 -8.27844 -7.61464 -7.32138 -5.50371 -8.06841 -8.58046 -4.07398 -7.99591 -6.84119 -8.14773 -5.31924 -7.90658 -8.71243 -4.13804 -8.67035 -7.16872 -7.79047 -5.51724 -7.89703 -8.63096 -4.15238 -8.26228 -7.00447 -7.89827 -5.493 -7.92649 -8.6751 -4.23287 -8.39922 -6.986 -7.64897 -5.65791 -7.94892 -8.68443 -3.09897 -8.29203 -6.49363 -9.53025 -3.68942 -7.60515 -8.74672 -2.25387 -8.19037
85.36 -6.21506 -9.05752 -6.30347 -8.85685 -9.08912 -3.99646 -8.28849 -7.60812 -7.32681 -5.50523 -8.07926 -8.58381 -4.07325 -7.99539 -6.84346 -8.14662 -5.31928 -7.9068 -8.71189 -4.13826 -8.66492 -7.16831 -7.79038 -5.51742 -7.89708 -8.63105 -4.15236 -8.26319 -7.00441 -7.89839 -5.49298 -7.92651 -8.67513 -4.23285 -8.39914 -6.98605 -7.64894 -5.6579 -7.94892 -8.68441 -3.09898 -8.29198 -6.49362 -9.53025 -3.68943 -7.60515 -8.74673 -2.25387 -8.1904
85.41 -6.20106 -9.04931 -6.35354 -8.8614 -9.09417 -3.99711 -8.29762 -7.60212 -7.3322 -5.50657 -8.09083 -8.58724 -4.07248 -7.99398 -6.84574 -8.14545 -5.3193 -7.90699 -8.71134 -4.13849 -8.65969 -7.16787 -7.7903 -5.51761 -7.89712 -8.63115 -4.15234 -8.26412 -7.00435 -7.89851 -5.49295 -7.92653 -8.67515 -4.23283 -8.39905 -6.98611 -7.64891 -5.65788 -7.94891 -8.6844 -3.099 -8.29192 -6.4936 -9.53025 -3.68945 -7.60515 -8.74673 -2.25387 -8.19042
85.46 -6.18561 -9.04234 -6.40573 -8.8657 -9.09965 -3.99754 -8.30583 -7.59665 -7.33754 -5.50772 -8.10316 -8.59075 -4.07168 -7.9917 -6.84801 -8.14423 -5.31931 -7.90717 -8.71079 -4.13872 -8.65466 -7.16741 -7.79024 -5.5178 -7.89716 -8.63126 -4.15232 -8.26507 -7.0043 -7.89862 -5.49292 -7.92655 -8.67516 -4.23281 -8.39895 -6.98616 -7.64887 -5.65786 -7.9489 -8.68439 -3.09901 -8.29187 -6.49358 -9.53025 -3.68946 -7.60515 -8.74674 -2.25387 -8.19044
85.51 -6.16867 -9.03662 -6.46009 -8.86975 -9.10556 -3.99773 -8.31308 -7.59173 -7.34281 -5.5087 -8.11629 -8.59434 -4.07083 -7.98854 -6.85027 -8.14296 -5.31931 -7.90733 -8.71024 -4.13896 -8.64985 -7.16692 -7.7902 -5.518 -7.8972 -8.63137 -4.15229 -8.26603 -7.00426 -7.89873 -5.49289 -7.92658 -8.67518 -4.23279 -8.39883 -6.98621 -7.64884 -5.65785 -7.9489 -8.68437 -3.09903 -8.29183 -6.49356 -9.53026 -3.68947 -7.60515 -8.74674 -2.25387 -8.19047
85.56 -6.15018 -9.0322 -6.51666 -8.87356 -9.11193 -3.9977 -8.31936 -7.58737 -7.34801 -5.50949 -8.13025 -8.59801 -4.06994 -7.98448 -6.85252 -8.14164 -5.31929 -7.90747 -8.70968 -4.13921 -8.64525 -7.1664 -7.79018 -5.5182 -7.89724 -8.63148 -4.15226 -8.26701 -7.00423 -7.89884 -5.49285 -7.9266 -8.6752 -4.23278 -8.39869 -6.98627 -7.6488 -5.65784 -7.94889 -8.68436 -3.09904 -8.29178 -6.49355 -9.53026 -3.68948 -7.60514 -8.74675 -2.25386 -8.19049
85.61 -6.13009 -9.02911 -6.57553 -8.87712 -9.11879 -3.99742 -8.32463 -7.58358 -7.35312 -5.5101 -8.1451 -8.60178 -4.06902 -7.97951 -6.85475 -8.14027 -5.31925 -7.90759 -8.70912 -4.13947 -8.64089 -7.16586 -7.79018 -5.5184 -7.89727 -8.6316 -4.15223 -8.26799 -7.0042 -7.89894 -5.49281 -7.92662 -8.67521 -4.23276 -8.39855 -6.98632 -7.64876 -5.65782 -7.94889 -8.68434 -3.09905 -8.29174 -6.49353 -9.53026 -3.68949 -7.60514 -8.74675 -2.25386 -8.19052
85.66 -6.10836 -9.02738 -6.63674 -8.88045 -9.12615 -3.9969 -8.32888 -7.58038 -7.35812 -5.51051 -8.16087 -8.60564 -4.06806 -7.97364 -6.85696 -8.13886 -5.3192 -7.90768 -8.70857 -4.13973 -8.63676 -7.1653 -7.79021 -5.5186 -7.89731 -8.63173 -4.15219 -8.26899 -7.00419 -7.89905 -5.49277 -7.92664 -8.67522 -4.23274 -8.39839 -6.98637 -7.64873 -5.65781 -7.94888 -8.68433 -3.09907 -8.29171 -6.49351 -9.53027 -3.6895 -7.60514 -8.74676 -2.25386 -8.19054
85.71 -6.08493 -9.02707 -6.70039 -8.88353 -9.13404 -3.99613 -8.33206 -7.57778 -7.36301 -5.51074 -8.17761 -8.60961 -4.06706 -7.96683 -6.85914 -8.13742 -5.31914 -7.90776 -8.70802 -4.13999 -8.63288 -7.16472 -7.79025 -5.51881 -7.89734 -8.63186 -4.15215 -8.26999 -7.00418 -7.89915 -5.49272 -7.92666 -8.67523 -4.23273 -8.39821 -6.98641 -7.64869 -5.6578 -7.94887 -8.68432 -3.09908 -8.29167 -6.49349 -9.53028 -3.68951 -7.60514 -8.74677 -2.25386 -8.19056
85.76 -6.05974 -9.02821 -6.76656 -8.88637 -9.14248 -3.9951 -8.33416 -7.57581 -7.36778 -5.51078 -8.19535 -8.61369 -4.06602 -7.95908 -6.86129 -8.13594 -5.31906 -7.90781 -8.70747 -4.14026 -8.62924 -7.16411 -7.79031 -5.51902 -7.89736 -8.63199 -4.15211 -8.27099 -7.00419 -7.89924 -5.49267 -7.92669 -8.67523 -4.23271 -8.39802 -6.98646 -7.64865 -5.65779 -7.94886 -8.6843 -3.09909 -8.29165 -6.49347 -9.53028 -3.68952 -7.60514 -8.74677 -2.25386 -8.19058
85.81 -6.03273 -9.03085 -6.83533 -8.88896 -9.15149 -3.99381 -8.33514 -7.57447 -7.37241 -5.51062 -8.21415 -8.61788 -4.06494 -7.95037 -6.8634 -8.13442 -5.31897 -7.90784 -8.70692 -4.14054 -8.62587 -7.16349 -7.79039 -5.51923 -7.89739 -8.63213 -4.15206 -8.272 -7.0042 -7.89933 -5.49262 -7.92671 -8.67524 -4.2327 -8.39782 -6.98651 -7.64861 -5.65778 -7.94886 -8.68429 -3.0991 -8.29162 -6.49345 -9.53029 -3.68953 -7.60513 -8.74678 -2.25386 -8.19061
85.86 -6.00387 -9.03504 -6.90679 -8.8913 -9.16111 -3.99224 -8.33495 -7.5738 -7.37689 -5.51027 -8.23403 -8.62219 -4.06382 -7.94068 -6.86546 -8.13288 -5.31886 -7.90785 -8.70638 -4.14082 -8.62276 -7.16285 -7.7905 -5.51944 -7.89741 -8.63227 -4.15201 -8.273 -7.00422 -7.89942 -5.49257 -7.92673 -8.67524 -4.23268 -8.39761 -6.98655 -7.64857 -5.65777 -7.94885 -8.68428 -3.09912 -8.2916 -6.49343 -9.5303 -3.68953 -7.60513 -8.74678 -2.25385 -8.19063
85.91 -5.9731 -9.04082 -6.98101 -8.89336 -9.17135 -3.99039 -8.33357 -7.5738 -7.3812 -5.50972 -8.25502 -8.62662 -4.06266 -7.92999 -6.86748 -8.13131 -5.31874 -7.90784 -8.70585 -4.1411 -8.61993 -7.16219 -7.79062 -5.51966 -7.89743 -8.63242 -4.15195 -8.274 -7.00425 -7.8995 -5.49251 -7.92675 -8.67524 -4.23267 -8.39739 -6.98659 -7.64853 -5.65776 -7.94884 -8.68427 -3.09913 -8.29158 -6.4934 -9.53031 -3.68954 -7.60513 -8.74679 -2.25385 -8.19065
85.96 -5.94038 -9.04826 -7.05807 -8.89515 -9.18223 -3.98825 -8.33096 -7.57451 -7.38534 -5.50897 -8.27715 -8.63118 -4.06145 -7.91827 -6.86944 -8.12971 -5.3186 -7.9078 -8.70532 -4.14138 -8.61738 -7.16152 -7.79076 -5.51987 -7.89745 -8.63257 -4.1519 -8.275 -7.00429 -7.89957 -5.49245 -7.92677 -8.67524 -4.23266 -8.39715 -6.98663 -7.64849 -5.65775 -7.94883 -8.68425 -3.09914 -8.29157 -6.49338 -9.53032 -3.68954 -7.60512 -8.74679 -2.25385 -8.19067
86.01 -5.90571 -9.05739 -7.13802 -8.89665 -9.19377 -3.98581 -8.32707 -7.57594 -7.38928 -5.50801 -8.30042 -8.63586 -4.0602 -7.90551 -6.87134 -8.1281 -5.31844 -7.90774 -8.70481 -4.14166 -8.61512 -7.16084 -7.79092 -5.52008 -7.89746 -8.63272 -4.15184 -8.27599 -7.00434 -7.89965 -5.49239 -7.9268 -8.67523 -4.23265 -8.3969 -6.98667 -7.64845 -5.65775 -7.94882 -8.68424 -3.09915 -8.29156 -6.49336 -9.53033 -3.68955 -7.60512 -8.7468 -2.25385 -8.19069
86.06 -5.86907 -9.06828 -7.22089 -8.89783 -9.20597 -3.98306 -8.32186 -7.57811 -7.39303 -5.50685 -8.32482 -8.64067 -4.05891 -7.89169 -6.87318 -8.12647 -5.31826 -7.90765 -8.70431 -4.14194 -8.61316 -7.16014 -7.7911 -5.52029 -7.89748 -8.63287 -4.15177 -8.27697 -7.0044 -7.89971 -5.49233 -7.92682 -8.67522 -4.23264 -8.39665 -6.9867 -7.64841 -5.65774 -7.94882 -8.68423 -3.09916 -8.29156 -6.49334 -9.53034 -3.68955 -7.60512 -8.74681 -2.25384 -8.19071
86.11 -5.83049 -9.08096 -7.30669 -8.89867 -9.21883 -3.98 -8.3153 -7.58105 -7.39656 -5.50548 -8.3503 -8.64559 -4.05757 -7.87679 -6.87495 -8.12483 -5.31805 -7.90754 -8.70381 -4.14223 -8.61151 -7.15944 -7.7913 -5.5205 -7.89748 -8.63303 -4.15171 -8.27793 -7.00447 -7.89977 -5.49227 -7.92684 -8.67522 -4.23263 -8.39638 -6.98674 -7.64837 -5.65774 -7.94881 -8.68422 -3.09917 -8.29156 -6.49332 -9.53035 -3.68955 -7.60511 -8.74681 -2.25384 -8.19073
86.16 -5.79003 -9.09548 -7.39536 -8.89916 -9.23234 -3.97663 -8.30735 -7.58477 -7.39986 -5.5039 -8.37682 -8.65062 -4.05618 -7.86079 -6.87664 -8.12319 -5.31783 -7.90741 -8.70333 -4.14251 -8.61018 -7.15872 -7.79152 -5.52071 -7.89749 -8.63318 -4.15164 -8.27889 -7.00454 -7.89983 -5.4922 -7.92686 -8.6752 -4.23263 -8.3961 -6.98677 -7.64833 -5.65773 -7.9488 -8.68421 -3.09917 -8.29156 -6.4933 -9.53037 -3.68955 -7.60511 -8.74682 -2.25384 -8.19075
86.21 -5.74776 -9.11188 -7.48682 -8.89924 -9.24647 -3.97293 -8.29797 -7.5893 -7.40293 -5.50211 -8.40426 -8.65574 -4.05474 -7.84369 -6.87825 -8.12153 -5.31758 -7.90725 -8.70287 -4.14279 -8.60917 -7.158 -7.79176 -5.52092 -7.89749 -8.63334 -4.15157 -8.27982 -7.00462 -7.89988 -5.49213 -7.92688 -8.67519 -4.23262 -8.39582 -6.9868 -7.64829 -5.65773 -7.94879 -8.6842 -3.09918 -8.29157 -6.49327 -9.53038 -3.68955 -7.60511 -8.74682 -2.25383 -8.19077
86.26 -5.70381 -9.13016 -7.58093 -8.89889 -9.26118 -3.9689 -8.28714 -7.59465 -7.40574 -5.50009 -8.43252 -8.66093 -4.05325 -7.82548 -6.87977 -8.11988 -5.31731 -7.90707 -8.70242 -4.14308 -8.60849 -7.15727 -7.79201 -5.52112 -7.89748 -8.6335 -4.15149 -8.28074 -7.00472 -7.89993 -5.49206 -7.9269 -8.67518 -4.23262 -8.39553 -6.98683 -7.64825 -5.65773 -7.94878 -8.68419 -3.09919 -8.29158 -6.49325 -9.5304 -3.68955 -7.6051 -8.74683 -2.25383 -8.19079
86.31 -5.65836 -9.15036 -7.67746 -8.89806 -9.27641 -3.96454 -8.27484 -7.60084 -7.40828 -5.49787 -8.46143 -8.66615 -4.05173 -7.80618 -6.88121 -8.11823 -5.31701 -7.90686 -8.70199 -4.14335 -8.60816 -7.15654 -7.79228 -5.52132 -7.89747 -8.63366 -4.15142 -8.28163 -7.00482 -7.89997 -5.49199 -7.92692 -8.67516 -4.23261 -8.39523 -6.98685 -7.64821 -5.65773 -7.94877 -8.68418 -3.09919 -8.2916 -6.49323 -9.53041 -3.68954 -7.6051 -8.74684 -2.25383 -8.1908
86.36 -5.61162 -9.17245 -7.77613 -8.89671 -9.29207 -3.95985 -8.26104 -7.60787 -7.41055 -5.49542 -8.49078 -8.67138 -4.05015 -7.7858 -6.88254 -8.11659 -5.31668 -7.90662 -8.70158 -4.14363 -8.60818 -7.15581 -7.79257 -5.52152 -7.89746 -8.63382 -4.15134 -8.2825 -7.00492 -7.9 -5.49192 -7.92694 -8.67514 -4.23261 -8.39492 -6.98687 -7.64817 -5.65773 -7.94876 -8.68418 -3.0992 -8.29162 -6.49321 -9.53043 -3.68954 -7.60509 -8.74684 -2.25383 -8.19082
86.41 -5.56386 -9.19642 -7.87656 -8.89477 -9.30808 -3.95485 -8.24576 -7.61576 -7.41253 -5.49275 -8.52035 -8.67657 -4.04854 -7.76437 -6.88378 -8.11496 -5.31632 -7.90636 -8.70118 -4.1439 -8.60856 -7.15507 -7.79287 -5.52171 -7.89744 -8.63398 -4.15126 -8.28334 -7.00504 -7.90003 -5.49185 -7.92696 -8.67512 -4.23261 -8.3946 -6.98689 -7.64813 -5.65773 -7.94875 -8.68417 -3.0992 -8.29164 -6.49319 -9.53044 -3.68953 -7.60509 -8.74685 -2.25382 -8.19083
86.46 -5.51535 -9.22222 -7.97832 -8.89221 -9.32431 -3.94954 -8.22899 -7.62449 -7.41421 -5.48986 -8.54989 -8.68167 -4.0469 -7.74194 -6.8849 -8.11334 -5.31593 -7.90607 -8.70081 -4.14417 -8.6093 -7.15434 -7.79319 -5.5219 -7.89742 -8.63413 -4.15118 -8.28415 -7.00516 -7.90005 -5.49178 -7.92698 -8.67509 -4.23261 -8.39429 -6.98691 -7.64809 -5.65773 -7.94874 -8.68416 -3.09921 -8.29167 -6.49317 -9.53046 -3.68953 -7.60508 -8.74685 -2.25382 -8.19085
86.51 -5.46645 -9.24977 -8.08087 -8.88895 -9.34064 -3.94393 -8.21078 -7.63407 -7.41559 -5.48675 -8.57912 -8.68663 -4.04522 -7.71857 -6.88592 -8.11174 -5.31551 -7.90575 -8.70046 -4.14443 -8.61042 -7.15361 -7.79352 -5.52208 -7.89739 -8.63429 -4.1511 -8.28493 -7.00529 -7.90006 -5.4917 -7.927 -8.67507 -4.23261 -8.39396 -6.98692 -7.64805 -5.65773 -7.94873 -8.68416 -3.09921 -8.2917 -6.49315 -9.53048 -3.68952 -7.60508 -8.74686 -2.25382 -8.19086
86.56 -5.41748 -9.27899 -8.18363 -8.88495 -9.35691 -3.93805 -8.19116 -7.64447 -7.41665 -5.48343 -8.60775 -8.6914 -4.04353 -7.69433 -6.88682 -8.11017 -5.31506 -7.90541 -8.70013 -4.14468 -8.61191 -7.15289 -7.79387 -5.52226 -7.89735 -8.63444 -4.15101 -8.28568 -7.00543 -7.90007 -5.49163 -7.92701 -8.67504 -4.23261 -8.39363 -6.98694 -7.64802 -5.65773 -7.94872 -8.68415 -3.09921 -8.29174 -6.49313 -9.53049 -3.68951 -7.60508 -8.74686 -2.25381 -8.19087
86.61 -5.36883 -9.30976 -8.28598 -8.88015 -9.37298 -3.93192 -8.17019 -7.65566 -7.41738 -5.4799 -8.63554 -8.69593 -4.04182 -7.66933 -6.88761 -8.10863 -5.31458 -7.90505 -8.69982 -4.14493 -8.61379 -7.15217 -7.79423 -5.52243 -7.89731 -8.6346 -4.15093 -8.28639 -7.00557 -7.90008 -5.49155 -7.92703 -8.67501 -4.23261 -8.3933 -6.98694 -7.64798 -5.65774 -7.94871 -8.68414 -3.09922 -8.29178 -6.49311 -9.53051 -3.6895 -7.60507 -8.74687 -2.25381 -8.19088
86.66 -5.32082 -9.34193 -8.38723 -8.87451 -9.3887 -3.92557 -8.14796 -7.66762 -7.41779 -5.47617 -8.66221 -8.70017 -4.04011 -7.64365 -6.88827 -8.10712 -5.31407 -7.90466 -8.69954 -4.14518 -8.61605 -7.15146 -7.7946 -5.52259 -7.89726 -8.63475 -4.15084 -8.28707 -7.00572 -7.90007 -5.49148 -7.92705 -8.67498 -4.23262 -8.39297 -6.98695 -7.64795 -5.65774 -7.9487 -8.68414 -3.09922 -8.29182 -6.49309 -9.53053 -3.68949 -7.60507 -8.74687 -2.2538 -8.19089
86.71 -5.2738 -9.37536 -8.4867 -8.868 -9.40392 -3.91902 -8.12454 -7.6803 -7.41787 -5.47224 -8.68756 -8.70407 -4.0384 -7.61742 -6.8888 -8.10564 -5.31353 -7.90424 -8.69929 -4.14541 -8.6187 -7.15076 -7.79499 -5.52275 -7.89721 -8.63489 -4.15076 -8.2877 -7.00588 -7.90007 -5.4914 -7.92706 -8.67495 -4.23262 -8.39263 -6.98695 -7.64792 -5.65775 -7.9487 -8.68414 -3.09922 -8.29187 -6.49307 -9.53055 -3.68948 -7.60506 -8.74688 -2.2538 -8.1909
86.76 -5.22807 -9.40988 -8.58372 -8.86058 -9.41853 -3.91232 -8.10006 -7.69364 -7.41761 -5.46813 -8.7114 -8.7076 -4.03672 -7.59077 -6.8892 -8.1042 -5.31297 -7.9038 -8.69906 -4.14564 -8.62172 -7.15007 -7.79538 -5.5229 -7.89715 -8.63504 -4.15067 -8.28829 -7.00604 -7.90005 -5.49132 -7.92707 -8.67491 -4.23263 -8.3923 -6.98696 -7.64788 -5.65775 -7.94869 -8.68413 -3.09922 -8.29192 -6.49305 -9.53057 -3.68947 -7.60506 -8.74688 -2.2538 -8.19091
86.81 -5.18387 -9.44529 -8.67762 -8.85225 -9.4324 -3.90551 -8.07462 -7.70759 -7.41703 -5.46385 -8.73361 -8.71073 -4.03507 -7.56383 -6.88948 -8.10281 -5.31238 -7.90334 -8.69887 -4.14586 -8.62513 -7.1494 -7.79579 -5.52305 -7.89709 -8.63518 -4.15058 -8.28884 -7.00621 -7.90003 -5.49125 -7.92709 -8.67488 -4.23264 -8.39196 -6.98695 -7.64785 -5.65776 -7.94868 -8.68413 -3.09922 -8.29197 -6.49303 -9.53059 -3.68946 -7.60505 -8.74689 -2.25379 -8.19091
86.86 -5.14143 -9.48142 -8.76782 -8.84301 -9.44545 -3.89861 -8.04836 -7.72209 -7.41611 -5.45942 -8.7541 -8.71345 -4.03346 -7.53674 -6.88962 -8.10147 -5.31177 -7.90287 -8.6987 -4.14607 -8.62891 -7.14874 -7.7962 -5.52318 -7.89702 -8.63531 -4.15049 -8.28934 -7.00638 -7.9 -5.49117 -7.9271 -8.67484 -4.23265 -8.39163 -6.98695 -7.64782 -5.65777 -7.94867 -8.68413 -3.09921 -8.29203 -6.49302 -9.53061 -3.68944 -7.60505 -8.74689 -2.25379 -8.19092
86.91 -5.10091 -9.51808 -8.85374 -8.83288 -9.45762 -3.89167 -8.02141 -7.73706 -7.41487 -5.45484 -8.77283 -8.71574 -4.0319 -7.50962 -6.88963 -8.10018 -5.31115 -7.90237 -8.69856 -4.14626 -8.63305 -7.1481 -7.79662 -5.52331 -7.89695 -8.63544 -4.15041 -8.28979 -7.00656 -7.89997 -5.4911 -7.92711 -8.6748 -4.23266 -8.39129 -6.98694 -7.64779 -5.65778 -7.94866 -8.68413 -3.09921 -8.29209 -6.493 -9.53063 -3.68943 -7.60504 -8.7469 -2.25379 -8.19092
86.96 -5.06241 -9.55508 -8.93491 -8.82189 -9.46885 -3.88473 -7.99389 -7.75243 -7.4133 -5.45015 -8.7898 -8.71762 -4.03041 -7.48262 -6.88951 -8.09894 -5.31051 -7.90186 -8.69845 -4.14645 -8.63754 -7.14748 -7.79705 -5.52343 -7.89687 -8.63557 -4.15032 -8.2902 -7.00674 -7.89993 -5.49103 -7.92712 -8.67476 -4.23267 -8.39096 -6.98693 -7.64777 -5.65779 -7.94865 -8.68413 -3.09921 -8.29216 -6.49299 -9.53064 -3.68941 -7.60504 -8.7469 -2.25378 -8.19093
87.01 -5.02601 -9.59224 -9.01091 -8.8101 -9.47913 -3.87782 -7.96596 -7.76813 -7.41143 -5.44535 -8.80505 -8.71909 -4.02898 -7.45585 -6.88926 -8.09776 -5.30986 -7.90134 -8.69837 -4.14663 -8.64237 -7.14688 -7.79748 -5.52354 -7.89679 -8.63569 -4.15024 -8.29055 -7.00693 -7.89989 -5.49095 -7.92713 -8.67472 -4.23268 -8.39063 -6.98692 -7.64774 -5.6578 -7.94864 -8.68413 -3.0992 -8.29222 -6.49297 -9.53066 -3.6894 -7.60503 -8.7469 -2.25378 -8.19093
87.06 -4.99174 -9.6294 -9.08142 -8.79755 -9.48846 -3.87098 -7.93773 -7.78409 -7.40926 -5.44048 -8.81864 -8.72018 -4.02763 -7.42943 -6.88887 -8.09664 -5.30921 -7.90081 -8.69832 -4.14679 -8.64752 -7.14631 -7.79792 -5.52364 -7.89671 -8.6358 -4.15015 -8.29085 -7.00711 -7.89983 -5.49088 -7.92714 -8.67468 -4.23269 -8.39031 -6.9869 -7.64772 -5.65781 -7.94864 -8.68413 -3.0992 -8.29229 -6.49296 -9.53068 -3.68938 -7.60503 -8.74691 -2.25378 -8.19093
87.11 -4.95959 -9.66639 -9.14616 -8.78433 -9.49685 -3.86423 -7.90934 -7.80024 -7.40679 -5.43555 -8.83066 -8.7209 -4.02637 -7.40346 -6.88836 -8.09559 -5.30856 -7.90027 -8.6983 -4.14695 -8.65297 -7.14575 -7.79837 -5.52373 -7.89662 -8.63591 -4.15007 -8.2911 -7.00731 -7.89978 -5.49081 -7.92715 -8.67464 -4.23271 -8.38998 -6.98689 -7.6477 -5.65783 -7.94863 -8.68413 -3.09919 -8.29237 -6.49294 -9.5307 -3.68936 -7.60502 -8.74691 -2.25377 -8.19093
87.16 -4.92954 -9.70306 -9.20496 -8.77051 -9.50433 -3.8576 -7.8809 -7.81649 -7.40405 -5.43057 -8.8412 -8.72129 -4.02519 -7.37805 -6.88773 -8.09461 -5.30792 -7.89972 -8.69831 -4.14709 -8.65871 -7.14523 -7.79881 -5.52381 -7.89654 -8.63602 -4.14998 -8.29129 -7.0075 -7.89972 -5.49074 -7.92715 -8.67459 -4.23272 -8.38967 -6.98687 -7.64767 -5.65784 -7.94862 -8.68414 -3.09919 -8.29244 -6.49293 -9.53072 -3.68935 -7.60502 -8.74691 -2.25377 -8.19093
87.21 -4.90153 -9.7393 -9.25771 -8.75618 -9.51095 -3.85111 -7.85252 -7.8328 -7.40105 -5.42558 -8.85036 -8.72138 -4.0241 -7.35327 -6.88697 -8.0937 -5.30728 -7.89918 -8.69836 -4.14721 -8.66471 -7.14473 -7.79926 -5.52388 -7.89645 -8.63612 -4.1499 -8.29143 -7.0077 -7.89965 -5.49068 -7.92716 -8.67455 -4.23274 -8.38936 -6.98684 -7.64766 -5.65785 -7.94861 -8.68414 -3.09918 -8.29252 -6.49292 -9.53074 -3.68933 -7.60501 -8.74692 -2.25377 -8.19092
87.26 -4.87551 -9.77498 -9.30435 -8.74141 -9.51674 -3.84479 -7.82432 -7.8491 -7.3978 -5.42059 -8.85825 -8.72119 -4.0231 -7.32918 -6.88609 -8.09286 -5.30665 -7.89863 -8.69843 -4.14733 -8.67095 -7.14425 -7.7997 -5.52394 -7.89636 -8.63621 -4.14982 -8.29151 -7.00789 -7.89958 -5.49061 -7.92716 -8.6745 -4.23275 -8.38906 -6.98682 -7.64764 -5.65787 -7.94861 -8.68414 -3.09917 -8.2926 -6.49291 -9.53076 -3.68931 -7.60501 -8.74692 -2.25376 -8.19092
87.31 -4.85139 -9.81001 -9.34488 -8.72631 -9.52177 -3.83866 -7.79637 -7.86532 -7.39431 -5.41563 -8.86497 -8.72076 -4.0222 -7.30586 -6.8851 -8.09209 -5.30604 -7.89808 -8.69854 -4.14743 -8.67741 -7.14381 -7.80015 -5.52399 -7.89626 -8.63629 -4.14974 -8.29154 -7.00809 -7.8995 -5.49055 -7.92716 -8.67445 -4.23277 -8.38877 -6.98679 -7.64762 -5.65788 -7.9486 -8.68415 -3.09917 -8.29268 -6.4929 -9.53078 -3.68929 -7.60501 -8.74692 -2.25376 -8.19092
87.36 -4.82911 -9.84428 -9.37936 -8.71094 -9.52607 -3.83271 -7.76876 -7.88142 -7.39061 -5.4107 -8.87061 -8.72012 -4.02138 -7.28335 -6.884 -8.09141 -5.30545 -7.89755 -8.69867 -4.14752 -8.68406 -7.1434 -7.8006 -5.52403 -7.89617 -8.63637 -4.14967 -8.29151 -7.00829 -7.89941 -5.49049 -7.92716 -8.67441 -4.23279 -8.38848 -6.98676 -7.64761 -5.6579 -7.94859 -8.68415 -3.09916 -8.29276 -6.49289 -9.5308 -3.68927 -7.605 -8.74692 -2.25376 -8.19091
87.41 -4.80858 -9.87772 -9.4079 -8.69541 -9.52971 -3.82698 -7.74157 -7.89735 -7.38671 -5.40583 -8.87527 -8.71928 -4.02065 -7.26169 -6.8828 -8.0908 -5.30488 -7.89701 -8.69884 -4.14759 -8.69089 -7.14302 -7.80104 -5.52406 -7.89608 -8.63644 -4.14959 -8.29143 -7.00849 -7.89933 -5.49043 -7.92716 -8.67436 -4.23281 -8.38821 -6.98672 -7.6476 -5.65791 -7.94859 -8.68416 -3.09915 -8.29285 -6.49288 -9.53082 -3.68925 -7.605 -8.74693 -2.25375 -8.1909
87.46 -4.78973 -9.91028 -9.43061 -8.67978 -9.53274 -3.82145 -7.71486 -7.91306 -7.38262 -5.40103 -8.87902 -8.71828 -4.02001 -7.2409 -6.8815 -8.09027 -5.30432 -7.89649 -8.69903 -4.14765 -8.69786 -7.14267 -7.80148 -5.52408 -7.89599 -8.63651 -4.14952 -8.29129 -7.00869 -7.89923 -5.49037 -7.92716 -8.67431 -4.23283 -8.38794 -6.98669 -7.64759 -5.65793 -7.94858 -8.68417 -3.09914 -8.29294 -6.49287 -9.53084 -3.68923 -7.60499 -8.74693 -2.25375 -8.19089
87.51 -4.77249 -9.9419 -9.44766 -8.66413 -9.53521 -3.81615 -7.68868 -7.92852 -7.37837 -5.39633 -8.88195 -8.71714 -4.01946 -7.22101 -6.8801 -8.08982 -5.3038 -7.89598 -8.69925 -4.14769 -8.70495 -7.14236 -7.80191 -5.52409 -7.8959 -8.63657 -4.14945 -8.2911 -7.00889 -7.89914 -5.49032 -7.92716 -8.67426 -4.23285 -8.38769 -6.98665 -7.64758 -5.65795 -7.94858 -8.68417 -3.09913 -8.29303 -6.49287 -9.53085 -3.6892 -7.60499 -8.74693 -2.25375 -8.19088
87.56 -4.75678 -9.97252 -9.45925 -8.64854 -9.53715 -3.81107 -7.6631 -7.9437 -7.37396 -5.39172 -8.8841 -8.71587 -4.01898 -7.20203 -6.87863 -8.08945 -5.30329 -7.89548 -8.6995 -4.14772 -8.71214 -7.14208 -7.80234 -5.52408 -7.89581 -8.63662 -4.14938 -8.29086 -7.00908 -7.89904 -5.49026 -7.92716 -8.67422 -4.23287 -8.38744 -6.98661 -7.64757 -5.65797 -7.94857 -8.68418 -3.09912 -8.29311 -6.49286 -9.53087 -3.68918 -7.60499 -8.74693 -2.25375 -8.19087
87.61 -4.74254 -10.0021 -9.46557 -8.63307 -9.53863 -3.80621 -7.63814 -7.95855 -7.36942 -5.38724 -8.88555 -8.7145 -4.01859 -7.18398 -6.87706 -8.08916 -5.30282 -7.89499 -8.69977 -4.14773 -8.71941 -7.14184 -7.80276 -5.52407 -7.89572 -8.63666 -4.14932 -8.29056 -7.00928 -7.89893 -5.49022 -7.92715 -8.67417 -4.23289 -8.38721 -6.98657 -7.64757 -5.65798 -7.94857 -8.68419 -3.09911 -8.2932 -6.49286 -9.53089 -3.68916 -7.60498 -8.74693 -2.25374 -8.19086
87.66 -4.72972 -10.0307 -9.46685 -8.61777 -9.53967 -3.80158 -7.61384 -7.97306 -7.36476 -5.38287 -8.88633 -8.71303 -4.01826 -7.16684 -6.87543 -8.08895 -5.30237 -7.89452 -8.70006 -4.14773 -8.72673 -7.14163 -7.80317 -5.52404 -7.89564 -8.6367 -4.14926 -8.29022 -7.00947 -7.89882 -5.49017 -7.92715 -8.67412 -4.23291 -8.38699 -6.98653 -7.64757 -5.658 -7.94856 -8.6842 -3.09909 -8.29329 -6.49286 -9.5309 -3.68914 -7.60498 -8.74693 -2.25374 -8.19085
87.71 -4.71825 -10.0582 -9.46331 -8.6027 -9.54031 -3.79719 -7.59023 -7.98719 -7.35999 -5.37864 -8.88648 -8.71149 -4.01801 -7.15063 -6.87373 -8.08883 -5.30194 -7.89406 -8.70038 -4.14772 -8.73408 -7.14145 -7.80357 -5.524 -7.89555 -8.63673 -4.1492 -8.28982 -7.00966 -7.89871 -5.49013 -7.92714 -8.67407 -4.23294 -8.38679 -6.98648 -7.64756 -5.65802 -7.94856 -8.68421 -3.09908 -8.29339 -6.49285 -9.53092 -3.68912 -7.60498 -8.74693 -2.25374 -8.19084
87.76 -4.7081 -10.0846 -9.45518 -8.5879 -9.54059 -3.79301 -7.56734 -8.00095 -7.35513 -5.37456 -8.88605 -8.70987 -4.01782 -7.13534 -6.87196 -8.08878 -5.30154 -7.89362 -8.70072 -4.14769 -8.74144 -7.14131 -7.80396 -5.52396 -7.89547 -8.63675 -4.14915 -8.28938 -7.00984 -7.8986 -5.49009 -7.92713 -8.67403 -4.23296 -8.3866 -6.98644 -7.64757 -5.65804 -7.94856 -8.68422 -3.09907 -8.29348 -6.49285 -9.53094 -3.68909 -7.60497 -8.74693 -2.25374 -8.19082
87.81 -4.69922 -10.1099 -9.44269 -8.57342 -9.54053 -3.78906 -7.54519 -8.01429 -7.3502 -5.37062 -8.88505 -8.70818 -4.0177 -7.12097 -6.87014 -8.08882 -5.30117 -7.89319 -8.70108 -4.14764 -8.7488 -7.14121 -7.80435 -5.5239 -7.89539 -8.63676 -4.1491 -8.2889 -7.01003 -7.89848 -5.49005 -7.92712 -8.67398 -4.23298 -8.38642 -6.98639 -7.64757 -5.65806 -7.94855 -8.68423 -3.09905 -8.29357 -6.49285 -9.53095 -3.68907 -7.60497 -8.74693 -2.25373 -8.19081
87.86 -4.69157 -10.1341 -9.42609 -8.5593 -9.54016 -3.78534 -7.52378 -8.02722 -7.3452 -5.36684 -8.8835 -8.70644 -4.01763 -7.1075 -6.86827 -8.08894 -5.30082 -7.89279 -8.70146 -4.14759 -8.75612 -7.14114 -7.80472 -5.52383 -7.89531 -8.63677 -4.14905 -8.28837 -7.01021 -7.89836 -5.49002 -7.92711 -8.67393 -4.23301 -8.38626 -6.98634 -7.64757 -5.65808 -7.94855 -8.68424 -3.09904 -8.29366 -6.49285 -9.53096 -3.68905 -7.60497 -8.74693 -2.25373 -8.19079
87.91 -4.68513 -10.1572 -9.4056 -8.54556 -9.53949 -3.78183 -7.50314 -8.03972 -7.34016 -5.36322 -8.88143 -8.70464 -4.01762 -7.09492 -6.86635 -8.08913 -5.3005 -7.89239 -8.70185 -4.14751 -8.7634 -7.14111 -7.80507 -5.52375 -7.89524 -8.63676 -4.149 -8.2878 -7.01038 -7.89824 -5.48999 -7.9271 -8.67389 -4.23303 -8.38611 -6.98629 -7.64758 -5.6581 -7.94855 -8.68425 -3.09903 -8.29375 -6.49286 -9.53098 -3.68903 -7.60497 -8.74693 -2.25373 -8.19077
87.96 -4.67987 -10.1793 -9.38145 -8.53223 -9.53856 -3.77854 -7.48327 -8.05178 -7.33508 -5.35976 -8.87884 -8.7028 -4.01767 -7.08323 -6.86439 -8.0894 -5.30019 -7.89202 -8.70226 -4.14743 -8.77062 -7.14112 -7.80542 -5.52366 -7.89516 -8.63676 -4.14896 -8.28719 -7.01055 -7.89811 -5.48996 -7.92709 -8.67385 -4.23306 -8.38598 -6.98623 -7.64759 -5.65812 -7.94855 -8.68426 -3.09901 -8.29384 -6.49286 -9.53099 -3.689 -7.60496 -8.74693 -2.25373 -8.19075
88.01 -4.67578 -10.2002 -9.35385 -8.51934 -9.53736 -3.77546 -7.46419 -8.06339 -7.32997 -5.35647 -8.87573 -8.7009 -4.01776 -7.07242 -6.8624 -8.08975 -5.29991 -7.89167 -8.70269 -4.14733 -8.77776 -7.14116 -7.80574 -5.52356 -7.89509 -8.63674 -4.14893 -8.28654 -7.01071 -7.89798 -5.48994 -7.92708 -8.6738 -4.23308 -8.38586 -6.98618 -7.6476 -5.65814 -7.94855 -8.68428 -3.099 -8.29393 -6.49286 -9.531 -3.68898 -7.60496 -8.74693 -2.25373 -8.19074
88.06 -4.67283 -10.22 -9.32302 -8.5069 -9.53593 -3.7726 -7.44588 -8.07455 -7.32485 -5.35335 -8.87212 -8.69896 -4.0179 -7.06247 -6.86038 -8.09017 -5.29966 -7.89133 -8.70313 -4.14722 -8.7848 -7.14123 -7.80606 -5.52345 -7.89502 -8.63671 -4.14889 -8.28586 -7.01087 -7.89786 -5.48992 -7.92706 -8.67376 -4.2331 -8.38576 -6.98612 -7.64762 -5.65816 -7.94855 -8.68429 -3.09898 -8.29401 -6.49287 -9.53101 -3.68896 -7.60496 -8.74693 -2.25372 -8.19072
88.11 -4.67102 -10.2388 -9.28914 -8.49494 -9.53425 -3.76994 -7.42837 -8.08525 -7.31973 -5.35039 -8.868 -8.69697 -4.01808 -7.05337 -6.85834 -8.09066 -5.29941 -7.89101 -8.70358 -4.1471 -8.79174 -7.14134 -7.80636 -5.52333 -7.89495 -8.63668 -4.14886 -8.28514 -7.01102 -7.89773 -5.4899 -7.92705 -8.67372 -4.23313 -8.38567 -6.98607 -7.64763 -5.65818 -7.94855 -8.6843 -3.09897 -8.2941 -6.49287 -9.53102 -3.68894 -7.60496 -8.74692 -2.25372 -8.1907
88.16 -4.67033 -10.2564 -9.25242 -8.48346 -9.53236 -3.76749 -7.41164 -8.09549 -7.31461 -5.34761 -8.86337 -8.69492 -4.01831 -7.04511 -6.85628 -8.09122 -5.29919 -7.89071 -8.70404 -4.14696 -8.79856 -7.14148 -7.80664 -5.5232 -7.89488 -8.63664 -4.14884 -8.28439 -7.01117 -7.8976 -5.48989 -7.92703 -8.67368 -4.23315 -8.3856 -6.98601 -7.64765 -5.6582 -7.94855 -8.68432 -3.09895 -8.29418 -6.49288 -9.53103 -3.68892 -7.60496 -8.74692 -2.25372 -8.19068
88.21 -4.67078 -10.2731 -9.21302 -8.47247 -9.53024 -3.76523 -7.39571 -8.10527 -7.30952 -5.345 -8.85821 -8.69283 -4.01858 -7.03769 -6.85421 -8.09185 -5.29899 -7.89042 -8.70451 -4.14681 -8.80524 -7.14165 -7.8069 -5.52306 -7.89481 -8.6366 -4.14882 -8.28362 -7.0113 -7.89747 -5.48988 -7.92701 -8.67364 -4.23318 -8.38555 -6.98595 -7.64766 -5.65822 -7.94855 -8.68433 -3.09894 -8.29427 -6.49289 -9.53104 -3.6889 -7.60495 -8.74692 -2.25372 -8.19065
88.26 -4.67235 -10.2886 -9.17112 -8.46199 -9.5279 -3.76318 -7.38057 -8.11457 -7.30444 -5.34255 -8.85253 -8.69068 -4.01888 -7.03108 -6.85213 -8.09255 -5.2988 -7.89015 -8.70498 -4.14666 -8.81178 -7.14186 -7.80715 -5.52292 -7.89475 -8.63655 -4.1488 -8.28282 -7.01144 -7.89734 -5.48988 -7.927 -8.6736 -4.2332 -8.38551 -6.9859 -7.64768 -5.65824 -7.94855 -8.68434 -3.09892 -8.29435 -6.4929 -9.53105 -3.68888 -7.60495 -8.74692 -2.25372 -8.19063
88.31 -4.67506 -10.3031 -9.12687 -8.45202 -9.52534 -3.76132 -7.36623 -8.12341 -7.2994 -5.34028 -8.84631 -8.68848 -4.01923 -7.0253 -6.85004 -8.09331 -5.29862 -7.8899 -8.70547 -4.14649 -8.81817 -7.1421 -7.80738 -5.52277 -7.89469 -8.63649 -4.14879 -8.282 -7.01156 -7.8972 -5.48987 -7.92698 -8.67357 -4.23323 -8.38549 -6.98584 -7.64771 -5.65826 -7.94855 -8.68436 -3.09891 -8.29443 -6.49291 -9.53106 -3.68886 -7.60495 -8.74691 -2.25372 -8.19061
88.36 -4.6789 -10.3166 -9.0804 -8.44256 -9.52257 -3.75965 -7.35268 -8.13178 -7.29441 -5.33817 -8.83953 -8.68622 -4.0196 -7.02033 -6.84795 -8.09413 -5.29846 -7.88966 -8.70596 -4.14631 -8.8244 -7.14237 -7.80759 -5.5226 -7.89462 -8.63642 -4.14878 -8.28116 -7.01168 -7.89707 -5.48988 -7.92696 -8.67354 -4.23325 -8.38548 -6.98578 -7.64773 -5.65828 -7.94855 -8.68437 -3.09889 -8.2945 -6.49292 -9.53107 -3.68884 -7.60495 -8.74691 -2.25372 -8.19059
88.41 -4.6839 -10.329 -9.03185 -8.43362 -9.51958 -3.75818 -7.33992 -8.13967 -7.28946 -5.33623 -8.83219 -8.68389 -4.02002 -7.01615 -6.84587 -8.09501 -5.29831 -7.88944 -8.70645 -4.14612 -8.83045 -7.14267 -7.80778 -5.52244 -7.89456 -8.63635 -4.14877 -8.28029 -7.01178 -7.89694 -5.48988 -7.92694 -8.6735 -4.23328 -8.38549 -6.98572 -7.64775 -5.6583 -7.94856 -8.68439 -3.09887 -8.29458 -6.49293 -9.53107 -3.68882 -7.60495 -8.74691 -2.25372 -8.19056
88.46 -4.69007 -10.3403 -8.98134 -8.42521 -9.51636 -3.75689 -7.32797 -8.1471 -7.28457 -5.33445 -8.82426 -8.6815 -4.02046 -7.01278 -6.84379 -8.09595 -5.29818 -7.88923 -8.70695 -4.14592 -8.83633 -7.14299 -7.80795 -5.52226 -7.89451 -8.63627 -4.14877 -8.27941 -7.01189 -7.89682 -5.48989 -7.92692 -8.67347 -4.2333 -8.38552 -6.98566 -7.64778 -5.65832 -7.94856 -8.6844 -3.09886 -8.29465 -6.49294 -9.53108 -3.6888 -7.60495 -8.7469 -2.25372 -8.19054
88.51 -4.69742 -10.3507 -8.92896 -8.41733 -9.51292 -3.75579 -7.31681 -8.15405 -7.27974 -5.33283 -8.81573 -8.67903 -4.02095 -7.01021 -6.84173 -8.09694 -5.29805 -7.88904 -8.70745 -4.14572 -8.84202 -7.14335 -7.8081 -5.52208 -7.89445 -8.63618 -4.14878 -8.27852 -7.01198 -7.89669 -5.4899 -7.9269 -8.67344 -4.23332 -8.38556 -6.98561 -7.64781 -5.65833 -7.94856 -8.68442 -3.09884 -8.29472 -6.49296 -9.53108 -3.68878 -7.60495 -8.7469 -2.25372 -8.19052
88.56 -4.70598 -10.36 -8.87481 -8.40997 -9.50924 -3.75488 -7.30644 -8.16053 -7.27499 -5.33138 -8.80657 -8.67648 -4.02146 -7.00844 -6.83968 -8.09798 -5.29794 -7.88886 -8.70795 -4.14551 -8.84752 -7.14373 -7.80824 -5.5219 -7.89439 -8.63609 -4.14878 -8.27762 -7.01206 -7.89656 -5.48992 -7.92687 -8.67342 -4.23334 -8.38562 -6.98555 -7.64784 -5.65835 -7.94857 -8.68443 -3.09883 -8.29478 -6.49297 -9.53108 -3.68876 -7.60495 -8.74689 -2.25372 -8.19049
88.61 -4.71577 -10.3683 -8.81897 -8.40314 -9.50531 -3.75416 -7.29689 -8.16653 -7.27031 -5.33009 -8.79677 -8.67385 -4.02201 -7.00746 -6.83764 -8.09907 -5.29783 -7.8887 -8.70845 -4.14528 -8.85282 -7.14414 -7.80835 -5.5217 -7.89434 -8.636 -4.14879 -8.2767 -7.01214 -7.89644 -5.48994 -7.92685 -8.67339 -4.23337 -8.38569 -6.98549 -7.64787 -5.65837 -7.94857 -8.68445 -3.09881 -8.29485 -6.49299 -9.53108 -3.68874 -7.60495 -8.74689 -2.25372 -8.19047
88.66 -4.72681 -10.3755 -8.76151 -8.39684 -9.50113 -3.75362 -7.28814 -8.17206 -7.26571 -5.32895 -8.7863 -8.67114 -4.02258 -7.00729 -6.83563 -8.1002 -5.29774 -7.88855 -8.70894 -4.14506 -8.85792 -7.14457 -7.80844 -5.52151 -7.89428 -8.6359 -4.14881 -8.27578 -7.0122 -7.89632 -5.48996 -7.92683 -8.67337 -4.23339 -8.38578 -6.98543 -7.6479 -5.65839 -7.94858 -8.68446 -3.0988 -8.29491 -6.493 -9.53109 -3.68873 -7.60495 -8.74689 -2.25372 -8.19044
88.71 -4.73914 -10.3817 -8.70248 -8.39107 -9.49669 -3.75326 -7.2802 -8.17711 -7.26119 -5.32797 -8.77514 -8.66833 -4.0232 -7.00791 -6.83364 -8.10138 -5.29766 -7.88842 -8.70944 -4.14482 -8.86281 -7.14502 -7.80851 -5.52131 -7.89423 -8.63579 -4.14883 -8.27485 -7.01226 -7.8962 -5.48999 -7.92681 -8.67335 -4.23341 -8.38588 -6.98538 -7.64793 -5.6584 -7.94858 -8.68448 -3.09878 -8.29496 -6.49302 -9.53109 -3.68871 -7.60495 -8.74688 -2.25372 -8.19042
88.76 -4.75279 -10.3869 -8.64195 -8.38584 -9.49196 -3.75309 -7.27309 -8.18168 -7.25677 -5.32714 -8.76327 -8.66542 -4.02384 -7.00935 -6.83168 -8.1026 -5.29758 -7.8883 -8.70994 -4.14458 -8.86748 -7.1455 -7.80857 -5.5211 -7.89418 -8.63568 -4.14885 -8.27392 -7.01231 -7.89608 -5.49002 -7.92678 -8.67333 -4.23343 -8.386 -6.98532 -7.64797 -5.65842 -7.94859 -8.68449 -3.09877 -8.29501 -6.49304 -9.53108 -3.6887 -7.60495 -8.74688 -2.25372 -8.19039
88.81 -4.76778 -10.391 -8.57994 -8.38114 -9.48694 -3.75311 -7.2668 -8.18576 -7.25244 -5.32647 -8.75065 -8.6624 -4.02452 -7.0116 -6.82975 -8.10385 -5.29752 -7.88819 -8.71043 -4.14434 -8.87194 -7.146 -7.8086 -5.5209 -7.89413 -8.63556 -4.14888 -8.27299 -7.01235 -7.89596 -5.49006 -7.92676 -8.67331 -4.23345 -8.38613 -6.98527 -7.648 -5.65843 -7.94859 -8.6845 -3.09875 -8.29506 -6.49305 -9.53108 -3.68868 -7.60496 -8.74687 -2.25372 -8.19037
88.86 -4.78416 -10.394 -8.51648 -8.37698 -9.48161 -3.75332 -7.26135 -8.18935 -7.24822 -5.32594 -8.73727 -8.65927 -4.02523 -7.01468 -6.82784 -8.10514 -5.29746 -7.8881 -8.71091 -4.14409 -8.87618 -7.14652 -7.80861 -5.52069 -7.89409 -8.63544 -4.14891 -8.27206 -7.01238 -7.89585 -5.49009 -7.92674 -8.6733 -4.23347 -8.38627 -6.98522 -7.64804 -5.65845 -7.9486 -8.68452 -3.09874 -8.29511 -6.49307 -9.53108 -3.68867 -7.60496 -8.74687 -2.25372 -8.19034
88.91 -4.80196 -10.396 -8.45159 -8.37336 -9.47595 -3.75372 -7.25675 -8.19246 -7.2441 -5.32557 -8.7231 -8.65603 -4.02598 -7.01859 -6.82598 -8.10646 -5.29742 -7.88802 -8.71139 -4.14384 -8.88019 -7.14705 -7.8086 -5.52048 -7.89404 -8.63531 -4.14895 -8.27113 -7.0124 -7.89574 -5.49013 -7.92672 -8.67329 -4.23349 -8.38643 -6.98516 -7.64807 -5.65846 -7.94861 -8.68453 -3.09872 -8.29515 -6.49309 -9.53108 -3.68866 -7.60496 -8.74686 -2.25373 -8.19032
88.96 -4.82122 -10.3969 -8.3853 -8.37028 -9.46995 -3.7543 -7.25301 -8.19506 -7.24009 -5.32535 -8.70812 -8.65267 -4.02677 -7.02335 -6.82414 -8.10781 -5.29739 -7.88795 -8.71187 -4.14358 -8.88397 -7.14761 -7.80857 -5.52026 -7.894 -8.63519 -4.14899 -8.2702 -7.01241 -7.89564 -5.49018 -7.92669 -8.67328 -4.2335 -8.3866 -6.98511 -7.64811 -5.65848 -7.94861 -8.68455 -3.09871 -8.29519 -6.49311 -9.53107 -3.68865 -7.60496 -8.74686 -2.25373 -8.1903
89.01 -4.84197 -10.3967 -8.3176 -8.36776 -9.46359 -3.75509 -7.25015 -8.19716 -7.23619 -5.32527 -8.69229 -8.64917 -4.02759 -7.02896 -6.82235 -8.10919 -5.29737 -7.8879 -8.71234 -4.14332 -8.88752 -7.14818 -7.80852 -5.52005 -7.89396 -8.63505 -4.14903 -8.26928 -7.01242 -7.89554 -5.49022 -7.92667 -8.67327 -4.23352 -8.38678 -6.98506 -7.64815 -5.65849 -7.94862 -8.68456 -3.09869 -8.29522 -6.49313 -9.53107 -3.68864 -7.60496 -8.74685 -2.25373 -8.19027
89.06 -4.86425 -10.3954 -8.2485 -8.36578 -9.45685 -3.75607 -7.24819 -8.19874 -7.23241 -5.32534 -8.67561 -8.64555 -4.02846 -7.03545 -6.8206 -8.11059 -5.29736 -7.88786 -8.7128 -4.14306 -8.89083 -7.14876 -7.80845 -5.51984 -7.89392 -8.63492 -4.14907 -8.26837 -7.01241 -7.89544 -5.49027 -7.92665 -8.67326 -4.23354 -8.38698 -6.98502 -7.64819 -5.6585 -7.94863 -8.68457 -3.09868 -8.29525 -6.49315 -9.53106 -3.68863 -7.60496 -8.74684 -2.25373 -8.19025
89.11 -4.8881 -10.3929 -8.178 -8.36437 -9.44971 -3.75725 -7.24714 -8.19981 -7.22875 -5.32556 -8.65806 -8.64179 -4.02936 -7.04282 -6.81888 -8.11201 -5.29737 -7.88783 -8.71326 -4.1428 -8.8939 -7.14936 -7.80837 -5.51962 -7.89389 -8.63478 -4.14912 -8.26746 -7.0124 -7.89535 -5.49032 -7.92662 -8.67326 -4.23355 -8.38718 -6.98497 -7.64823 -5.65851 -7.94864 -8.68459 -3.09867 -8.29528 -6.49317 -9.53105 -3.68862 -7.60497 -8.74684 -2.25373 -8.19022
89.16 -4.91356 -10.3892 -8.1061 -8.36352 -9.44214 -3.75865 -7.24703 -8.20035 -7.22522 -5.32592 -8.63961 -8.63788 -4.0303 -7.05109 -6.81722 -8.11345 -5.29739 -7.88782 -8.71371 -4.14254 -8.89673 -7.14997 -7.80826 -5.51941 -7.89385 -8.63464 -4.14917 -8.26657 -7.01237 -7.89526 -5.49038 -7.9266 -8.67326 -4.23356 -8.3874 -6.98493 -7.64827 -5.65852 -7.94864 -8.6846 -3.09866 -8.2953 -6.49319 -9.53105 -3.68861 -7.60497 -8.74683 -2.25373 -8.1902
89.21 -4.94063 -10.3843 -8.0328 -8.36325 -9.43414 -3.76025 -7.24787 -8.20034 -7.22182 -5.32644 -8.62027 -8.63384 -4.03129 -7.06028 -6.81559 -8.1149 -5.29743 -7.88782 -8.71415 -4.14227 -8.89932 -7.1506 -7.80813 -5.5192 -7.89382 -8.6345 -4.14923 -8.26568 -7.01234 -7.89518 -5.49043 -7.92658 -8.67326 -4.23358 -8.38762 -6.98488 -7.64831 -5.65853 -7.94865 -8.68461 -3.09865 -8.29532 -6.49321 -9.53104 -3.68861 -7.60497 -8.74683 -2.25374 -8.19018
89.26 -4.96937 -10.3782 -7.9581 -8.36355 -9.42567 -3.76206 -7.24969 -8.19979 -7.21855 -5.3271 -8.60002 -8.62965 -4.03232 -7.07041 -6.81402 -8.11637 -5.29748 -7.88783 -8.71458 -4.14201 -8.90165 -7.15123 -7.80799 -5.51898 -7.89379 -8.63436 -4.14929 -8.26481 -7.0123 -7.8951 -5.49049 -7.92656 -8.67326 -4.23359 -8.38786 -6.98484 -7.64835 -5.65854 -7.94866 -8.68463 -3.09863 -8.29533 -6.49324 -9.53103 -3.6886 -7.60498 -8.74682 -2.25374 -8.19016
89.31 -4.99976 -10.3709 -7.882 -8.36445 -9.41674 -3.7641 -7.25252 -8.19867 -7.21542 -5.32791 -8.57888 -8.62532 -4.0334 -7.08148 -6.8125 -8.11784 -5.29756 -7.88786 -8.715 -4.14174 -8.90372 -7.15187 -7.80783 -5.51877 -7.89377 -8.63421 -4.14935 -8.26396 -7.01225 -7.89503 -5.49055 -7.92654 -8.67327 -4.2336 -8.38811 -6.9848 -7.64839 -5.65855 -7.94867 -8.68464 -3.09862 -8.29534 -6.49326 -9.53102 -3.6886 -7.60498 -8.74681 -2.25374 -8.19014
89.36 -5.03184 -10.3622 -7.80453 -8.36594 -9.40731 -3.76637 -7.25638 -8.19698 -7.21243 -5.32888 -8.55685 -8.62084 -4.03452 -7.09352 -6.81102 -8.11932 -5.29765 -7.8879 -8.71541 -4.14148 -8.90554 -7.15252 -7.80765 -5.51857 -7.89375 -8.63406 -4.14941 -8.26312 -7.01219 -7.89496 -5.49061 -7.92651 -8.67327 -4.23361 -8.38836 -6.98477 -7.64843 -5.65855 -7.94868 -8.68465 -3.09861 -8.29534 -6.49328 -9.531 -3.6886 -7.60498 -8.74681 -2.25374 -8.19012
89.41 -5.06557 -10.3522 -7.72571 -8.36804 -9.39738 -3.76886 -7.2613 -8.1947 -7.20959 -5.32999 -8.53396 -8.61623 -4.03569 -7.10653 -6.8096 -8.12081 -5.29777 -7.88795 -8.71581 -4.14122 -8.90709 -7.15317 -7.80745 -5.51836 -7.89373 -8.63392 -4.14948 -8.26229 -7.01213 -7.8949 -5.49068 -7.92649 -8.67328 -4.23362 -8.38862 -6.98473 -7.64847 -5.65856 -7.94869 -8.68466 -3.0986 -8.29534 -6.4933 -9.53099 -3.68859 -7.60499 -8.7468 -2.25375 -8.1901
89.46 -5.10095 -10.3408 -7.64558 -8.37076 -9.38694 -3.7716 -7.26731 -8.19182 -7.2069 -5.33126 -8.51027 -8.61149 -4.03691 -7.12053 -6.80824 -8.1223 -5.29791 -7.88803 -8.7162 -4.14096 -8.90838 -7.15383 -7.80724 -5.51816 -7.89372 -8.63377 -4.14955 -8.26148 -7.01205 -7.89484 -5.49075 -7.92647 -8.67329 -4.23362 -8.38889 -6.9847 -7.64851 -5.65856 -7.9487 -8.68467 -3.0986 -8.29534 -6.49332 -9.53098 -3.68859 -7.60499 -8.7468 -2.25375 -8.19008
89.51 -5.13794 -10.3281 -7.56423 -8.37411 -9.37599 -3.77457 -7.27443 -8.18832 -7.20436 -5.33269 -8.48581 -8.60662 -4.03818 -7.13552 -6.80693 -8.12379 -5.29807 -7.88811 -8.71658 -4.1407 -8.90939 -7.1545 -7.80701 -5.51796 -7.89371 -8.63362 -4.14962 -8.2607 -7.01197 -7.89479 -5.49081 -7.92645 -8.67331 -4.23363 -8.38917 -6.98467 -7.64855 -5.65857 -7.9487 -8.68468 -3.09859 -8.29533 -6.49334 -9.53097 -3.68859 -7.60499 -8.74679 -2.25375 -8.19006
89.56 -5.17647 -10.3139 -7.48173 -8.37809 -9.36455 -3.77779 -7.28269 -8.18419 -7.20198 -5.33427 -8.46067 -8.60165 -4.0395 -7.15152 -6.80568 -8.12528 -5.29826 -7.88822 -8.71695 -4.14044 -8.91012 -7.15516 -7.80677 -5.51777 -7.89371 -8.63347 -4.14969 -8.25993 -7.01188 -7.89474 -5.49088 -7.92643 -8.67332 -4.23364 -8.38945 -6.98464 -7.64859 -5.65857 -7.94871 -8.68469 -3.09858 -8.29532 -6.49337 -9.53095 -3.68859 -7.605 -8.74678 -2.25376 -8.19004
89.61 -5.21646 -10.2983 -7.39822 -8.38271 -9.35261 -3.78126 -7.29212 -8.17943 -7.19977 -5.33602 -8.43493 -8.59659 -4.04087 -7.16851 -6.80449 -8.12676 -5.29848 -7.88834 -8.7173 -4.14019 -8.91057 -7.15583 -7.80651 -5.51758 -7.89371 -8.63333 -4.14976 -8.25918 -7.01178 -7.8947 -5.49095 -7.92642 -8.67334 -4.23364 -8.38973 -6.98462 -7.64863 -5.65857 -7.94872 -8.6847 -3.09857 -8.2953 -6.49339 -9.53094 -3.6886 -7.605 -8.74678 -2.25376 -8.19002
89.66 -5.2578 -10.2812 -7.31383 -8.38799 -9.34021 -3.78499 -7.30273 -8.17401 -7.19773 -5.33792 -8.40872 -8.59147 -4.04228 -7.1865 -6.80336 -8.12823 -5.29873 -7.88848 -8.71765 -4.13994 -8.91074 -7.1565 -7.80623 -5.51739 -7.89372 -8.63318 -4.14984 -8.25845 -7.01168 -7.89467 -5.49103 -7.9264 -8.67336 -4.23364 -8.39003 -6.98459 -7.64867 -5.65857 -7.94873 -8.68471 -3.09857 -8.29528 -6.49341 -9.53092 -3.6886 -7.60501 -8.74677 -2.25376 -8.19001
89.71 -5.30035 -10.2627 -7.22877 -8.39391 -9.32738 -3.78896 -7.31454 -8.16792 -7.19586 -5.34 -8.38215 -8.5863 -4.04374 -7.20546 -6.8023 -8.1297 -5.29901 -7.88863 -8.71798 -4.1397 -8.91061 -7.15716 -7.80594 -5.51721 -7.89373 -8.63303 -4.14992 -8.25775 -7.01157 -7.89464 -5.4911 -7.92638 -8.67338 -4.23364 -8.39032 -6.98457 -7.64871 -5.65857 -7.94874 -8.68471 -3.09856 -8.29526 -6.49343 -9.53091 -3.6886 -7.60501 -8.74677 -2.25377 -8.18999
89.76 -5.34396 -10.2427 -7.14326 -8.4005 -9.31417 -3.79319 -7.32756 -8.16117 -7.19417 -5.34224 -8.35538 -8.58111 -4.04524 -7.22537 -6.8013 -8.13115 -5.29932 -7.8888 -8.7183 -4.13946 -8.91018 -7.15783 -7.80564 -5.51704 -7.89375 -8.63289 -4.15 -8.25707 -7.01145 -7.89462 -5.49117 -7.92636 -8.6734 -4.23365 -8.39063 -6.98456 -7.64875 -5.65857 -7.94875 -8.68472 -3.09856 -8.29523 -6.49345 -9.53089 -3.68861 -7.60501 -8.74676 -2.25377 -8.18998
89.81 -5.38843 -10.2212 -7.05758 -8.40774 -9.30064 -3.79766 -7.34179 -8.15375 -7.19266 -5.34464 -8.32858 -8.57595 -4.04678 -7.24621 -6.80037 -8.13258 -5.29966 -7.889 -8.7186 -4.13922 -8.90945 -7.15849 -7.80533 -5.51687 -7.89377 -8.63275 -4.15008 -8.25642 -7.01132 -7.8946 -5.49125 -7.92635 -8.67343 -4.23364 -8.39093 -6.98454 -7.64879 -5.65857 -7.94876 -8.68473 -3.09855 -8.2952 -6.49347 -9.53087 -3.68862 -7.60502 -8.74676 -2.25377 -8.18997
89.86 -5.43355 -10.1983 -6.97201 -8.41563 -9.28685 -3.80238 -7.35724 -8.14565 -7.19135 -5.34722 -8.30191 -8.57085 -4.04835 -7.26793 -6.79951 -8.134 -5.30004 -7.88921 -8.71889 -4.13899 -8.90841 -7.15915 -7.805 -5.51671 -7.8938 -8.6326 -4.15016 -8.25579 -7.01119 -7.89459 -5.49132 -7.92633 -8.67345 -4.23364 -8.39124 -6.98453 -7.64882 -5.65857 -7.94877 -8.68473 -3.09855 -8.29517 -6.49349 -9.53086 -3.68862 -7.60502 -8.74675 -2.25378 -8.18995
89.91 -5.47908 -10.174 -6.88692 -8.42415 -9.27289 -3.80733 -7.37387 -8.13688 -7.19023 -5.34997 -8.27557 -8.56585 -4.04995 -7.29048 -6.79872 -8.13539 -5.30045 -7.88944 -8.71917 -4.13877 -8.90706 -7.1598 -7.80466 -5.51655 -7.89383 -8.63247 -4.15024 -8.25519 -7.01106 -7.89458 -5.4914 -7.92632 -8.67348 -4.23364 -8.39155 -6.98452 -7.64886 -5.65856 -7.94878 -8.68474 -3.09855 -8.29513 -6.49351 -9.53084 -3.68863 -7.60503 -8.74675 -2.25378 -8.18994
89.96 -5.52478 -10.1483 -6.80266 -8.4333 -9.25885 -3.8125 -7.39168 -8.12746 -7.18931 -5.35288 -8.24974 -8.56099 -4.05158 -7.3138 -6.79801 -8.13676 -5.30089 -7.88969 -8.71943 -4.13855 -8.9054 -7.16044 -7.80431 -5.5164 -7.89387 -8.63233 -4.15032 -8.25461 -7.01091 -7.89458 -5.49147 -7.9263 -8.67351 -4.23364 -8.39186 -6.98451 -7.6489 -5.65856 -7.94879 -8.68474 -3.09855 -8.29508 -6.49353 -9.53082 -3.68864 -7.60503 -8.74674 -2.25378 -8.18993
90.01 -5.57038 -10.1214 -6.71963 -8.44306 -9.24482 -3.81788 -7.41063 -8.11738 -7.1886 -5.35597 -8.22461 -8.55631 -4.05322 -7.33782 -6.79737 -8.13811 -5.30137 -7.88997 -8.71967 -4.13833 -8.90341 -7.16108 -7.80396 -5.51626 -7.89391 -8.6322 -4.15041 -8.25406 -7.01077 -7.89459 -5.49155 -7.92629 -8.67354 -4.23363 -8.39217 -6.98451 -7.64893 -5.65855 -7.9488 -8.68475 -3.09855 -8.29504 -6.49355 -9.5308 -3.68865 -7.60504 -8.74674 -2.25379 -8.18992
90.06 -5.61564 -10.0932 -6.63824 -8.45338 -9.2309 -3.82346 -7.43066 -8.10668 -7.18809 -5.35921 -8.20034 -8.55185 -4.05487 -7.36245 -6.79681 -8.13943 -5.30187 -7.89026 -8.7199 -4.13813 -8.90111 -7.16171 -7.80359 -5.51612 -7.89397 -8.63207 -4.15049 -8.25355 -7.01061 -7.8946 -5.49162 -7.92628 -8.67357 -4.23363 -8.39248 -6.9845 -7.64896 -5.65855 -7.94881 -8.68475 -3.09855 -8.29499 -6.49357 -9.53078 -3.68866 -7.60504 -8.74673 -2.25379 -8.18992
90.11 -5.66029 -10.064 -6.5589 -8.46425 -9.2172 -3.8292 -7.45173 -8.09537 -7.18781 -5.36262 -8.17709 -8.54764 -4.05653 -7.3876 -6.79633 -8.14072 -5.30241 -7.89057 -8.72012 -4.13793 -8.89848 -7.16232 -7.80321 -5.51599 -7.89402 -8.63194 -4.15057 -8.25306 -7.01046 -7.89462 -5.4917 -7.92627 -8.67361 -4.23362 -8.39279 -6.9845 -7.64899 -5.65854 -7.94882 -8.68475 -3.09855 -8.29494 -6.49359 -9.53076 -3.68867 -7.60505 -8.74673 -2.25379 -8.18991
90.16 -5.70409 -10.0337 -6.48201 -8.47561 -9.2038 -3.8351 -7.47377 -8.0835 -7.18774 -5.36618 -8.15499 -8.54374 -4.05817 -7.41317 -6.79594 -8.14197 -5.30297 -7.89091 -8.72031 -4.13774 -8.89554 -7.16293 -7.80283 -5.51587 -7.89408 -8.63182 -4.15066 -8.2526 -7.01029 -7.89464 -5.49177 -7.92626 -8.67364 -4.23361 -8.3931 -6.98451 -7.64902 -5.65853 -7.94882 -8.68475 -3.09855 -8.29488 -6.4936 -9.53075 -3.68869 -7.60505 -8.74672 -2.2538 -8.1899
90.21 -5.74682 -10.0026 -6.40796 -8.48742 -9.1908 -3.84112 -7.4967 -8.07109 -7.1879 -5.3699 -8.13415 -8.54015 -4.05979 -7.43906 -6.79563 -8.14319 -5.30356 -7.89126 -8.72049 -4.13755 -8.89228 -7.16352 -7.80244 -5.51575 -7.89415 -8.6317 -4.15074 -8.25218 -7.01013 -7.89467 -5.49184 -7.92625 -8.67368 -4.2336 -8.39341 -6.98451 -7.64905 -5.65852 -7.94883 -8.68475 -3.09855 -8.29482 -6.49362 -9.53073 -3.6887 -7.60506 -8.74672 -2.2538 -8.1899
90.26 -5.78829 -9.97063 -6.33712 -8.49963 -9.17828 -3.84724 -7.52043 -8.05818 -7.18828 -5.37375 -8.11466 -8.53691 -4.06139 -7.46516 -6.79541 -8.14438 -5.30418 -7.89164 -8.72065 -4.13738 -8.8887 -7.1641 -7.80204 -5.51565 -7.89423 -8.63158 -4.15082 -8.25178 -7.00996 -7.8947 -5.49192 -7.92624 -8.67372 -4.23359 -8.39372 -6.98452 -7.64908 -5.65851 -7.94884 -8.68475 -3.09855 -8.29476 -6.49364 -9.53071 -3.68872 -7.60506 -8.74671 -2.2538 -8.18989
90.31 -5.82832 -9.93806 -6.26981 -8.51219 -9.16631 -3.85343 -7.54488 -8.04482 -7.1889 -5.37773 -8.09656 -8.53403 -4.06295 -7.49137 -6.79528 -8.14552 -5.30481 -7.89203 -8.72079 -4.13721 -8.88482 -7.16467 -7.80164 -5.51555 -7.8943 -8.63147 -4.1509 -8.25143 -7.00979 -7.89474 -5.49199 -7.92623 -8.67376 -4.23358 -8.39402 -6.98453 -7.64911 -5.6585 -7.94885 -8.68475 -3.09855 -8.2947 -6.49365 -9.53069 -3.68873 -7.60507 -8.74671 -2.25381 -8.18989
90.36 -5.86678 -9.90496 -6.20631 -8.52502 -9.15494 -3.85967 -7.56995 -8.03106 -7.18974 -5.38184 -8.07989 -8.53152 -4.06447 -7.51757 -6.79523 -8.14662 -5.30546 -7.89244 -8.72091 -4.13705 -8.88063 -7.16522 -7.80123 -5.51546 -7.89438 -8.63136 -4.15098 -8.2511 -7.00961 -7.89479 -5.49206 -7.92623 -8.6738 -4.23357 -8.39432 -6.98455 -7.64913 -5.65849 -7.94886 -8.68475 -3.09856 -8.29463 -6.49367 -9.53067 -3.68875 -7.60507 -8.74671 -2.25381 -8.18989
90.41 -5.90355 -9.87148 -6.14688 -8.53808 -9.14421 -3.86593 -7.59555 -8.01694 -7.19082 -5.38605 -8.06465 -8.52939 -4.06594 -7.54365 -6.79528 -8.14767 -5.30612 -7.89286 -8.72101 -4.1369 -8.87616 -7.16575 -7.80082 -5.51537 -7.89447 -8.63126 -4.15107 -8.25081 -7.00943 -7.89484 -5.49213 -7.92622 -8.67384 -4.23356 -8.39462 -6.98456 -7.64915 -5.65848 -7.94887 -8.68475 -3.09856 -8.29456 -6.49368 -9.53065 -3.68876 -7.60507 -8.7467 -2.25381 -8.18989
90.46 -5.93855 -9.83773 -6.0917 -8.55129 -9.13416 -3.87219 -7.62157 -8.00252 -7.19213 -5.39036 -8.05083 -8.52763 -4.06735 -7.56952 -6.79543 -8.14868 -5.3068 -7.89331 -8.72109 -4.13676 -8.87139 -7.16626 -7.8004 -5.5153 -7.89456 -8.63116 -4.15114 -8.25056 -7.00925 -7.8949 -5.49219 -7.92622 -8.67388 -4.23354 -8.39492 -6.98458 -7.64918 -5.65847 -7.94887 -8.68475 -3.09857 -8.29449 -6.49369 -9.53063 -3.68878 -7.60508 -8.7467 -2.25382 -8.18989
90.51 -5.97173 -9.80385 -6.04093 -8.5646 -9.1248 -3.87841 -7.64792 -7.98785 -7.19368 -5.39475 -8.03838 -8.52624 -4.06869 -7.59507 -6.79567 -8.14963 -5.30748 -7.89376 -8.72114 -4.13662 -8.86636 -7.16676 -7.79999 -5.51523 -7.89465 -8.63107 -4.15122 -8.25034 -7.00907 -7.89496 -5.49226 -7.92621 -8.67392 -4.23353 -8.3952 -6.9846 -7.6492 -5.65845 -7.94888 -8.68475 -3.09858 -8.29442 -6.49371 -9.53061 -3.6888 -7.60508 -8.7467 -2.25382 -8.18989
90.56 -6.00305 -9.76993 -5.99465 -8.57794 -9.11614 -3.88459 -7.67449 -7.97298 -7.19546 -5.39921 -8.02727 -8.5252 -4.06996 -7.62021 -6.796 -8.15054 -5.30816 -7.89423 -8.72118 -4.1365 -8.86106 -7.16723 -7.79957 -5.51517 -7.89474 -8.63098 -4.1513 -8.25017 -7.00888 -7.89503 -5.49232 -7.92621 -8.67396 -4.23351 -8.39549 -6.98463 -7.64922 -5.65844 -7.94889 -8.68474 -3.09858 -8.29434 -6.49372 -9.53059 -3.68882 -7.60509 -8.74669 -2.25382 -8.1899
90.61 -6.03252 -9.73611 -5.95293 -8.59125 -9.10816 -3.89069 -7.70121 -7.95797 -7.19747 -5.40373 -8.01744 -8.52451 -4.07116 -7.64486 -6.79643 -8.15138 -5.30883 -7.89471 -8.72119 -4.13639 -8.85553 -7.16768 -7.79915 -5.51512 -7.89484 -8.6309 -4.15137 -8.25003 -7.0087 -7.8951 -5.49239 -7.92621 -8.67401 -4.23349 -8.39576 -6.98465 -7.64923 -5.65842 -7.94889 -8.68474 -3.09859 -8.29426 -6.49373 -9.53057 -3.68884 -7.60509 -8.74669 -2.25383 -8.1899
90.66 -6.06012 -9.70247 -5.91577 -8.60449 -9.10086 -3.89671 -7.72797 -7.94285 -7.19971 -5.40828 -8.00882 -8.52414 -4.07228 -7.66895 -6.79696 -8.15218 -5.30951 -7.8952 -8.72118 -4.13629 -8.84976 -7.16811 -7.79873 -5.51508 -7.89494 -8.63082 -4.15145 -8.24993 -7.00851 -7.89517 -5.49245 -7.9262 -8.67405 -4.23348 -8.39604 -6.98468 -7.64925 -5.65841 -7.9489 -8.68473 -3.0986 -8.29418 -6.49374 -9.53055 -3.68886 -7.6051 -8.74669 -2.25383 -8.18991
90.71 -6.08589 -9.66911 -5.88317 -8.6176 -9.09423 -3.90261 -7.7547 -7.92768 -7.20217 -5.41286 -8.00135 -8.52408 -4.07331 -7.69239 -6.79758 -8.15291 -5.31017 -7.8957 -8.72114 -4.1362 -8.84378 -7.16852 -7.79832 -5.51505 -7.89504 -8.63074 -4.15152 -8.24987 -7.00832 -7.89525 -5.4925 -7.9262 -8.6741 -4.23346 -8.3963 -6.98471 -7.64926 -5.65839 -7.94891 -8.68473 -3.09861 -8.2941 -6.49375 -9.53053 -3.68888 -7.6051 -8.74669 -2.25383 -8.18991
90.76 -6.10986 -9.63613 -5.85506 -8.63054 -9.08823 -3.9084 -7.78132 -7.91251 -7.20485 -5.41744 -7.99496 -8.5243 -4.07426 -7.71514 -6.7983 -8.15358 -5.31082 -7.8962 -8.72108 -4.13612 -8.83761 -7.1689 -7.7979 -5.51503 -7.89514 -8.63068 -4.15159 -8.24985 -7.00813 -7.89534 -5.49256 -7.9262 -8.67414 -4.23344 -8.39655 -6.98474 -7.64927 -5.65838 -7.94891 -8.68472 -3.09862 -8.29402 -6.49375 -9.53052 -3.6889 -7.6051 -8.74668 -2.25384 -8.18992
90.81 -6.13206 -9.60359 -5.83136 -8.64326 -9.08284 -3.91405 -7.80776 -7.89737 -7.20775 -5.42202 -7.98959 -8.5248 -4.07513 -7.73714 -6.79912 -8.15419 -5.31145 -7.89671 -8.721 -4.13605 -8.83125 -7.16926 -7.79749 -5.51501 -7.89524 -8.63061 -4.15166 -8.24987 -7.00795 -7.89543 -5.49261 -7.92621 -8.67418 -4.23342 -8.3968 -6.98478 -7.64928 -5.65836 -7.94892 -8.68472 -3.09863 -8.29394 -6.49376 -9.5305 -3.68892 -7.60511 -8.74668 -2.25384 -8.18993
90.86 -6.15253 -9.57158 -5.81197 -8.65574 -9.07804 -3.91955 -7.83394 -7.8823 -7.21086 -5.42659 -7.98518 -8.52554 -4.07591 -7.75835 -6.80003 -8.15474 -5.31207 -7.89721 -8.72089 -4.136 -8.82474 -7.16959 -7.79708 -5.51501 -7.89533 -8.63056 -4.15172 -8.24993 -7.00776 -7.89552 -5.49267 -7.92621 -8.67423 -4.2334 -8.39704 -6.98481 -7.64929 -5.65834 -7.94892 -8.68471 -3.09864 -8.29385 -6.49377 -9.53048 -3.68894 -7.60511 -8.74668 -2.25384 -8.18994
90.91 -6.17133 -9.54014 -5.79677 -8.66794 -9.0738 -3.9249 -7.85982 -7.86735 -7.21417 -5.43112 -7.98166 -8.52651 -4.07661 -7.77873 -6.80103 -8.15522 -5.31267 -7.89772 -8.72075 -4.13595 -8.81809 -7.16989 -7.79668 -5.51501 -7.89543 -8.6305 -4.15178 -8.25003 -7.00757 -7.89562 -5.49271 -7.92621 -8.67428 -4.23338 -8.39727 -6.98485 -7.64929 -5.65832 -7.94893 -8.6847 -3.09865 -8.29377 -6.49377 -9.53046 -3.68896 -7.60512 -8.74668 -2.25385 -8.18995
90.96 -6.18849 -9.50935 -5.78562 -8.67985 -9.07008 -3.93009 -7.88532 -7.85255 -7.21769 -5.4356 -7.97897 -8.52768 -4.07722 -7.79824 -6.80213 -8.15563 -5.31324 -7.89823 -8.72059 -4.13592 -8.81132 -7.17017 -7.79628 -5.51502 -7.89553 -8.63046 -4.15185 -8.25018 -7.00739 -7.89572 -5.49276 -7.92622 -8.67432 -4.23336 -8.39749 -6.98489 -7.6493 -5.65831 -7.94893 -8.68469 -3.09866 -8.29368 -6.49378 -9.53045 -3.68899 -7.60512 -8.74668 -2.25385 -8.18996
91.01 -6.20407 -9.47925 -5.77839 -8.69143 -9.06687 -3.93511 -7.91041 -7.83792 -7.22139 -5.44003 -7.97708 -8.52906 -4.07775 -7.81687 -6.80331 -8.15597 -5.31379 -7.89874 -8.72041 -4.1359 -8.80444 -7.17042 -7.79588 -5.51505 -7.89562 -8.63042 -4.1519 -8.25037 -7.00721 -7.89583 -5.4928 -7.92622 -8.67437 -4.23334 -8.3977 -6.98493 -7.6493 -5.65829 -7.94893 -8.68468 -3.09867 -8.2936 -6.49378 -9.53043 -3.68901 -7.60512 -8.74668 -2.25385 -8.18997
91.06 -6.2181 -9.44988 -5.77493 -8.70269 -9.06413 -3.93995 -7.93504 -7.82351 -7.22527 -5.44439 -7.97593 -8.5306 -4.07819 -7.83459 -6.80459 -8.15624 -5.31431 -7.89924 -8.72021 -4.13589 -8.79748 -7.17063 -7.7955 -5.51508 -7.89572 -8.63039 -4.15196 -8.2506 -7.00703 -7.89593 -5.49284 -7.92623 -8.67441 -4.23332 -8.3979 -6.98498 -7.6493 -5.65827 -7.94894 -8.68467 -3.09868 -8.29351 -6.49378 -9.53041 -3.68903 -7.60513 -8.74668 -2.25385 -8.18999
91.11 -6.23064 -9.42129 -5.77507 -8.71359 -9.06185 -3.94461 -7.95916 -7.80932 -7.22933 -5.44866 -7.97548 -8.53231 -4.07855 -7.8514 -6.80594 -8.15644 -5.31481 -7.89974 -8.71997 -4.13589 -8.79045 -7.17082 -7.79512 -5.51512 -7.89581 -8.63036 -4.15201 -8.25087 -7.00685 -7.89604 -5.49288 -7.92623 -8.67445 -4.23329 -8.39809 -6.98502 -7.6493 -5.65825 -7.94894 -8.68467 -3.0987 -8.29342 -6.49378 -9.5304 -3.68905 -7.60513 -8.74668 -2.25385 -8.19
91.16 -6.24172 -9.39351 -5.77868 -8.72414 -9.06 -3.94909 -7.98274 -7.7954 -7.23356 -5.45285 -7.9757 -8.53417 -4.07884 -7.86727 -6.80739 -8.15657 -5.31528 -7.90023 -8.71972 -4.13591 -8.78337 -7.17098 -7.79475 -5.51516 -7.8959 -8.63034 -4.15206 -8.25119 -7.00668 -7.89616 -5.49291 -7.92624 -8.6745 -4.23327 -8.39827 -6.98507 -7.6493 -5.65823 -7.94894 -8.68465 -3.09871 -8.29334 -6.49378 -9.53038 -3.68907 -7.60513 -8.74668 -2.25386 -8.19002
91.21 -6.25139 -9.36658 -5.7856 -8.73434 -9.05856 -3.95338 -8.00575 -7.78177 -7.23794 -5.45694 -7.97656 -8.53616 -4.07905 -7.8822 -6.80891 -8.15663 -5.31572 -7.90071 -8.71944 -4.13594 -8.77626 -7.1711 -7.79439 -5.51522 -7.89598 -8.63032 -4.15211 -8.25154 -7.0065 -7.89627 -5.49295 -7.92625 -8.67454 -4.23325 -8.39843 -6.98512 -7.64929 -5.65821 -7.94894 -8.68464 -3.09872 -8.29325 -6.49378 -9.53037 -3.6891 -7.60513 -8.74668 -2.25386 -8.19003
91.26 -6.25966 -9.34051 -5.79568 -8.74417 -9.05752 -3.95749 -8.02815 -7.76843 -7.24247 -5.46092 -7.97803 -8.53827 -4.07919 -7.8962 -6.8105 -8.15662 -5.31613 -7.90118 -8.71914 -4.13598 -8.76914 -7.1712 -7.79404 -5.51529 -7.89607 -8.63031 -4.15215 -8.25194 -7.00634 -7.89639 -5.49297 -7.92626 -8.67459 -4.23322 -8.39859 -6.98517 -7.64928 -5.65819 -7.94895 -8.68463 -3.09874 -8.29316 -6.49378 -9.53036 -3.68912 -7.60514 -8.74668 -2.25386 -8.19005
91.31 -6.26657 -9.31534 -5.80879 -8.75365 -9.05687 -3.96141 -8.04992 -7.75542 -7.24713 -5.46479 -7.98009 -8.5405 -4.07925 -7.90925 -6.81217 -8.15653 -5.31652 -7.90164 -8.71882 -4.13604 -8.76202 -7.17126 -7.7937 -5.51536 -7.89615 -8.63031 -4.15219 -8.25238 -7.00617 -7.89651 -5.493 -7.92627 -8.67463 -4.2332 -8.39873 -6.98522 -7.64927 -5.65817 -7.94895 -8.68462 -3.09875 -8.29308 -6.49377 -9.53034 -3.68914 -7.60514 -8.74668 -2.25386 -8.19007
91.36 -6.27216 -9.29109 -5.82479 -8.76277 -9.05658 -3.96513 -8.07104 -7.74275 -7.25193 -5.46853 -7.98272 -8.54283 -4.07925 -7.92137 -6.81391 -8.15636 -5.31687 -7.90209 -8.71847 -4.1361 -8.75493 -7.17129 -7.79338 -5.51544 -7.89623 -8.63031 -4.15223 -8.25285 -7.00601 -7.89663 -5.49302 -7.92628 -8.67467 -4.23318 -8.39886 -6.98527 -7.64926 -5.65815 -7.94895 -8.68461 -3.09877 -8.29299 -6.49377 -9.53033 -3.68916 -7.60514 -8.74668 -2.25386 -8.19008
91.41 -6.27643 -9.26778 -5.84355 -8.77154 -9.05664 -3.96866 -8.09148 -7.73044 -7.25684 -5.47214 -7.9859 -8.54526 -4.07918 -7.93255 -6.81572 -8.15613 -5.3172 -7.90253 -8.71811 -4.13618 -8.74786 -7.17129 -7.79306 -5.51554 -7.89631 -8.63032 -4.15226 -8.25337 -7.00586 -7.89676 -5.49304 -7.92629 -8.67471 -4.23315 -8.39897 -6.98532 -7.64925 -5.65813 -7.94895 -8.6846 -3.09878 -8.29291 -6.49377 -9.53032 -3.68919 -7.60514 -8.74669 -2.25387 -8.1901
91.46 -6.27942 -9.24543 -5.86496 -8.77995 -9.05706 -3.972 -8.11123 -7.71849 -7.26185 -5.47561 -7.98964 -8.54777 -4.07904 -7.9428 -6.81759 -8.15582 -5.3175 -7.90295 -8.71772 -4.13627 -8.74085 -7.17125 -7.79276 -5.51564 -7.89638 -8.63034 -4.15229 -8.25392 -7.00571 -7.89688 -5.49306 -7.92631 -8.67475 -4.23313 -8.39907 -6.98538 -7.64924 -5.65811 -7.94895 -8.68458 -3.0988 -8.29283 -6.49376 -9.53031 -3.68921 -7.60515 -8.74669 -2.25387 -8.19012
91.51 -6.28113 -9.22406 -5.88892 -8.78803 -9.05782 -3.97514 -8.13025 -7.70693 -7.26697 -5.47894 -7.99392 -8.55037 -4.07885 -7.95212 -6.81952 -8.15544 -5.31777 -7.90336 -8.71732 -4.13638 -8.7339 -7.17118 -7.79247 -5.51574 -7.89645 -8.63036 -4.15232 -8.25452 -7.00556 -7.89701 -5.49307 -7.92632 -8.67479 -4.2331 -8.39916 -6.98543 -7.64922 -5.65809 -7.94895 -8.68457 -3.09881 -8.29275 -6.49375 -9.5303 -3.68923 -7.60515 -8.74669 -2.25387 -8.19014
91.56 -6.28158 -9.20368 -5.91531 -8.79577 -9.05892 -3.97809 -8.14855 -7.69577 -7.27217 -5.48213 -7.99874 -8.55305 -4.0786 -7.96053 -6.8215 -8.15498 -5.31802 -7.90376 -8.7169 -4.13649 -8.72703 -7.17108 -7.7922 -5.51586 -7.89652 -8.63039 -4.15234 -8.25514 -7.00543 -7.89713 -5.49308 -7.92633 -8.67483 -4.23308 -8.39923 -6.98549 -7.6492 -5.65807 -7.94895 -8.68456 -3.09883 -8.29267 -6.49374 -9.53029 -3.68925 -7.60515 -8.74669 -2.25387 -8.19016
91.61 -6.28077 -9.18431 -5.94407 -8.80319 -9.06035 -3.98084 -8.16609 -7.68503 -7.27744 -5.48517 -8.0041 -8.5558 -4.07829 -7.96803 -6.82353 -8.15446 -5.31824 -7.90414 -8.71646 -4.13662 -8.72026 -7.17095 -7.79194 -5.51598 -7.89659 -8.63043 -4.15236 -8.25581 -7.00529 -7.89726 -5.49308 -7.92635 -8.67486 -4.23306 -8.39929 -6.98554 -7.64918 -5.65806 -7.94895 -8.68454 -3.09884 -8.29259 -6.49374 -9.53028 -3.68927 -7.60515 -8.74669 -2.25387 -8.19019
91.66 -6.2787 -9.16596 -5.9751 -8.81028 -9.06212 -3.98338 -8.18288 -7.6747 -7.28278 -5.48805 -8.01001 -8.55862 -4.07792 -7.97462 -6.8256 -8.15386 -5.31844 -7.9045 -8.71601 -4.13676 -8.71359 -7.17078 -7.7917 -5.51612 -7.89665 -8.63047 -4.15237 -8.25651 -7.00517 -7.89739 -5.49308 -7.92636 -8.6749 -4.23303 -8.39933 -6.9856 -7.64916 -5.65804 -7.94894 -8.68453 -3.09886 -8.29251 -6.49373 -9.53028 -3.68929 -7.60515 -8.7467 -2.25387 -8.19021
91.71 -6.27538 -9.14866 -6.00835 -8.81707 -9.06422 -3.98573 -8.19888 -7.66481 -7.28817 -5.49077 -8.01647 -8.56151 -4.07751 -7.98031 -6.82772 -8.15319 -5.31861 -7.90485 -8.71554 -4.13691 -8.70703 -7.17059 -7.79147 -5.51625 -7.89671 -8.63052 -4.15239 -8.25724 -7.00505 -7.89751 -5.49308 -7.92638 -8.67493 -4.23301 -8.39936 -6.98566 -7.64914 -5.65802 -7.94894 -8.68452 -3.09887 -8.29244 -6.49371 -9.53027 -3.68931 -7.60515 -8.7467 -2.25387 -8.19023
91.76 -6.27079 -9.13241 -6.04375 -8.82355 -9.06666 -3.98788 -8.21408 -7.65536 -7.2936 -5.49333 -8.02349 -8.56446 -4.07704 -7.98511 -6.82987 -8.15246 -5.31877 -7.90518 -8.71505 -4.13707 -8.7006 -7.17036 -7.79126 -5.5164 -7.89677 -8.63058 -4.15239 -8.258 -7.00493 -7.89764 -5.49308 -7.9264 -8.67496 -4.23299 -8.39938 -6.98571 -7.64912 -5.658 -7.94894 -8.6845 -3.09889 -8.29236 -6.4937 -9.53027 -3.68933 -7.60515 -8.7467 -2.25387 -8.19025
91.81 -6.26494 -9.11724 -6.08127 -8.82974 -9.06945 -3.98982 -8.22848 -7.64636 -7.29906 -5.49572 -8.03109 -8.56748 -4.07653 -7.98903 -6.83206 -8.15166 -5.3189 -7.90549 -8.71456 -4.13724 -8.69432 -7.1701 -7.79107 -5.51655 -7.89683 -8.63064 -4.1524 -8.25879 -7.00483 -7.89777 -5.49307 -7.92641 -8.67499 -4.23296 -8.39938 -6.98577 -7.64909 -5.65798 -7.94894 -8.68449 -3.09891 -8.29229 -6.49369 -9.53026 -3.68935 -7.60515 -8.74671 -2.25387 -8.19028
91.86 -6.25781 -9.10317 -6.12087 -8.83563 -9.07258 -3.99156 -8.24205 -7.63784 -7.30454 -5.49795 -8.03929 -8.57057 -4.07597 -7.99206 -6.83427 -8.15079 -5.31901 -7.90579 -8.71405 -4.13742 -8.68818 -7.16981 -7.79089 -5.51671 -7.89688 -8.63071 -4.1524 -8.2596 -7.00473 -7.89789 -5.49306 -7.92643 -8.67502 -4.23294 -8.39936 -6.98583 -7.64906 -5.65796 -7.94893 -8.68447 -3.09892 -8.29223 -6.49368 -9.53026 -3.68937 -7.60515 -8.74671 -2.25387 -8.1903
91.91 -6.24938 -9.0902 -6.16253 -8.84125 -9.07606 -3.99309 -8.25478 -7.62978 -7.31003 -5.5 -8.04809 -8.57371 -4.07537 -7.99422 -6.83651 -8.14986 -5.3191 -7.90606 -8.71353 -4.13761 -8.6822 -7.16948 -7.79074 -5.51688 -7.89693 -8.63079 -4.1524 -8.26045 -7.00464 -7.89802 -5.49304 -7.92645 -8.67505 -4.23292 -8.39933 -6.98588 -7.64903 -5.65795 -7.94893 -8.68446 -3.09894 -8.29216 -6.49366 -9.53025 -3.68938 -7.60515 -8.74672 -2.25387 -8.19032
91.96 -6.23962 -9.07837 -6.20624 -8.8466 -9.07992 -3.99441 -8.26666 -7.62222 -7.31551 -5.50188 -8.05753 -8.57693 -4.07472 -7.99551 -6.83876 -8.14887 -5.31918 -7.90632 -8.71301 -4.13781 -8.67639 -7.16913 -7.7906 -5.51705 -7.89698 -8.63087 -4.15239 -8.26132 -7.00455 -7.89814 -5.49303 -7.92647 -8.67508 -4.2329 -8.39929 -6.98594 -7.649 -5.65793 -7.94892 -8.68444 -3.09895 -8.2921 -6.49365 -9.53025 -3.6894 -7.60515 -8.74672 -2.25387 -8.19035
92.01 -6.22852 -9.06769 -6.25201 -8.85168 -9.08414 -3.99551 -8.27766 -7.61515 -7.32097 -5.50359 -8.06763 -8.58021 -4.07404 -7.99592 -6.84102 -8.14781 -5.31924 -7.90656 -8.71247 -4.13802 -8.67076 -7.16875 -7.79048 -5.51723 -7.89703 -8.63095 -4.15238 -8.26221 -7.00448 -7.89826 -5.493 -7.92649 -8.6751 -4.23287 -8.39923 -6.98599 -7.64897 -5.65791 -7.94892 -8.68443 -3.09897 -8.29204 -6.49363 -9.53025 -3.68942 -7.60515 -8.74672 -2.25387 -8.19037
92.06 -6.21604 -9.05818 -6.29983 -8.8565 -9.08876 -3.9964 -8.28777 -7.60859 -7.32641 -5.50512 -8.07843 -8.58356 -4.07331 -7.99546 -6.84329 -8.1467 -5.31928 -7.90678 -8.71193 -4.13824 -8.66532 -7.16834 -7.79038 -5.51741 -7.89707 -8.63105 -4.15236 -8.26312 -7.00441 -7.89838 -5.49298 -7.92651 -8.67512 -4.23285 -8.39915 -6.98605 -7.64894 -5.6579 -7.94892 -8.68442 -3.09898 -8.29198 -6.49362 -9.53025 -3.68943 -7.60515 -8.74673 -2.25387 -8.19039
92.11 -6.20215 -9.04988 -6.34974 -8.86107 -9.09378 -3.99707 -8.29698 -7.60255 -7.3318 -5.50647 -8.08994 -8.58699 -4.07254 -7.99412 -6.84557 -8.14554 -5.3193 -7.90698 -8.71138 -4.13847 -8.66007 -7.16791 -7.7903 -5.5176 -7.89712 -8.63115 -4.15234 -8.26405 -7.00435 -7.8985 -5.49295 -7.92653 -8.67514 -4.23283 -8.39906 -6.9861 -7.64891 -5.65788 -7.94891 -8.6844 -3.099 -8.29193 -6.4936 -9.53025 -3.68944 -7.60515 -8.74673 -2.25387 -8.19042
92.16 -6.18681 -9.04281 -6.40177 -8.86538 -9.09922 -3.99751 -8.30525 -7.59704 -7.33715 -5.50764 -8.10222 -8.59049 -4.07174 -7.9919 -6.84784 -8.14432 -5.31931 -7.90716 -8.71083 -4.1387 -8.65503 -7.16744 -7.79024 -5.51779 -7.89716 -8.63125 -4.15232 -8.265 -7.0043 -7.89861 -5.49292 -7.92655 -8.67516 -4.23281 -8.39896 -6.98616 -7.64887 -5.65787 -7.9489 -8.68439 -3.09901 -8.29188 -6.49358 -9.53025 -3.68946 -7.60515 -8.74674 -2.25387 -8.19044
92.21 -6.16998 -9.037 -6.45597 -8.86946 -9.1051 -3.99773 -8.31257 -7.59208 -7.34242 -5.50863 -8.11528 -8.59407 -4.07089 -7.9888 -6.8501 -8.14305 -5.31931 -7.90732 -8.71028 -4.13894 -8.6502 -7.16695 -7.7902 -5.51798 -7.8972 -8.63136 -4.1523 -8.26596 -7.00426 -7.89872 -5.49289 -7.92657 -8.67518 -4.2328 -8.39884 -6.98621 -7.64884 -5.65785 -7.9489 -8.68437 -3.09903 -8.29183 -6.49357 -9.53026 -3.68947 -7.60515 -8.74674 -2.25387 -8.19047
92.26 -6.15161 -9.03248 -6.51238 -8.87328 -9.11144 -3.99771 -8.31892 -7.58767 -7.34763 -5.50944 -8.12919 -8.59774 -4.07001 -7.98481 -6.85235 -8.14174 -5.31929 -7.90746 -8.70972 -4.13919 -8.64559 -7.16644 -7.79018 -5.51818 -7.89724 -8.63148 -4.15227 -8.26694 -7.00423 -7.89883 -5.49285 -7.9266 -8.67519 -4.23278 -8.39871 -6.98626 -7.6488 -5.65784 -7.94889 -8.68436 -3.09904 -8.29179 -6.49355 -9.53026 -3.68948 -7.60514 -8.74675 -2.25386 -8.19049
92.31 -6.13164 -9.02929 -6.57107 -8.87687 -9.11826 -3.99745 -8.32427 -7.58384 -7.35274 -5.51006 -8.14396 -8.6015 -4.06909 -7.97992 -6.85459 -8.14037 -5.31926 -7.90758 -8.70917 -4.13945 -8.64121 -7.1659 -7.79018 -5.51838 -7.89727 -8.6316 -4.15223 -8.26792 -7.00421 -7.89894 -5.49281 -7.92662 -8.67521 -4.23276 -8.39856 -6.98631 -7.64877 -5.65783 -7.94889 -8.68434 -3.09905 -8.29175 -6.49353 -9.53026 -3.68949 -7.60514 -8.74675 -2.25386 -8.19051
92.36 -6.11004 -9.02746 -6.63211 -8.88021 -9.12558 -3.99695 -8.3286 -7.58059 -7.35775 -5.51049 -8.15966 -8.60535 -4.06813 -7.97411 -6.8568 -8.13897 -5.31921 -7.90768 -8.70861 -4.13971 -8.63706 -7.16534 -7.7902 -5.51859 -7.8973 -8.63172 -4.1522 -8.26891 -7.00419 -7.89904 -5.49277 -7.92664 -8.67522 -4.23274 -8.3984 -6.98636 -7.64873 -5.65781 -7.94888 -8.68433 -3.09907 -8.29171 -6.49351 -9.53027 -3.6895 -7.60514 -8.74676 -2.25386 -8.19054
92.41 -6.08673 -9.02704 -6.69557 -8.88331 -9.13343 -3.9962 -8.33186 -7.57795 -7.36265 -5.51073 -8.17633 -8.60931 -4.06714 -7.96737 -6.85898 -8.13753 -5.31915 -7.90775 -8.70806 -4.13997 -8.63316 -7.16476 -7.79024 -5.5188 -7.89733 -8.63185 -4.15216 -8.26991 -7.00418 -7.89914 -5.49272 -7.92666 -8.67523 -4.23273 -8.39822 -6.98641 -7.64869 -5.6578 -7.94887 -8.68432 -3.09908 -8.29168 -6.49349 -9.53027 -3.68951 -7.60514 -8.74677 -2.25386 -8.19056
92.46 -6.06167 -9.02807 -6.76155 -8.88617 -9.14183 -3.99519 -8.33404 -7.57593 -7.36743 -5.51078 -8.194 -8.61338 -4.0661 -7.95969 -6.86113 -8.13605 -5.31907 -7.90781 -8.70751 -4.14024 -8.62951 -7.16416 -7.7903 -5.51901 -7.89736 -8.63198 -4.15211 -8.27092 -7.00419 -7.89923 -5.49267 -7.92668 -8.67523 -4.23271 -8.39804 -6.98646 -7.64865 -5.65779 -7.94886 -8.6843 -3.09909 -8.29165 -6.49347 -9.53028 -3.68952 -7.60514 -8.74677 -2.25386 -8.19058
92.51 -6.03481 -9.0306 -6.83013 -8.88878 -9.1508 -3.99391 -8.3351 -7.57455 -7.37207 -5.51064 -8.21271 -8.61756 -4.06502 -7.95106 -6.86324 -8.13454 -5.31898 -7.90784 -8.70696 -4.14052 -8.62611 -7.16354 -7.79039 -5.51922 -7.89739 -8.63212 -4.15206 -8.27192 -7.0042 -7.89932 -5.49262 -7.92671 -8.67524 -4.2327 -8.39784 -6.9865 -7.64861 -5.65778 -7.94886 -8.68429 -3.0991 -8.29162 -6.49345 -9.53029 -3.68953 -7.60513 -8.74678 -2.25386 -8.19061
92.56 -6.00608 -9.03467 -6.90138 -8.89113 -9.16038 -3.99236 -8.33501 -7.57383 -7.37656 -5.5103 -8.23251 -8.62186 -4.06391 -7.94144 -6.86531 -8.13299 -5.31887 -7.90785 -8.70642 -4.14079 -8.62298 -7.1629 -7.79049 -5.51943 -7.89741 -8.63226 -4.15201 -8.27293 -7.00422 -7.89941 -5.49257 -7.92673 -8.67524 -4.23269 -8.39763 -6.98655 -7.64857 -5.65777 -7.94885 -8.68428 -3.09912 -8.2916 -6.49343 -9.5303 -3.68953 -7.60513 -8.74678 -2.25385 -8.19063
92.61 -5.97545 -9.04033 -6.9754 -8.89322 -9.17057 -3.99053 -8.33372 -7.57378 -7.38088 -5.50977 -8.25342 -8.62628 -4.06275 -7.93082 -6.86733 -8.13143 -5.31875 -7.90784 -8.70589 -4.14107 -8.62013 -7.16224 -7.79061 -5.51964 -7.89743 -8.63241 -4.15196 -8.27393 -7.00425 -7.89949 -5.49252 -7.92675 -8.67524 -4.23267 -8.3974 -6.98659 -7.64853 -5.65776 -7.94884 -8.68427 -3.09913 -8.29158 -6.49341 -9.53031 -3.68954 -7.60513 -8.74679 -2.25385 -8.19065
92.66 -5.94289 -9.04764 -7.05224 -8.89503 -9.1814 -3.98841 -8.33119 -7.57443 -7.38503 -5.50903 -8.27547 -8.63083 -4.06155 -7.91918 -6.8693 -8.12983 -5.31861 -7.9078 -8.70536 -4.14136 -8.61756 -7.16157 -7.79075 -5.51985 -7.89745 -8.63256 -4.1519 -8.27493 -7.00429 -7.89957 -5.49246 -7.92677 -8.67524 -4.23266 -8.39717 -6.98663 -7.64849 -5.65776 -7.94883 -8.68425 -3.09914 -8.29157 -6.49338 -9.53032 -3.68954 -7.60512 -8.74679 -2.25385 -8.19067
92.71 -5.90836 -9.05665 -7.13197 -8.89655 -9.19289 -3.986 -8.3274 -7.57581 -7.389 -5.50809 -8.29865 -8.63551 -4.0603 -7.9065 -6.87121 -8.12822 -5.31845 -7.90774 -8.70485 -4.14164 -8.61528 -7.16089 -7.79091 -5.52007 -7.89746 -8.63271 -4.15184 -8.27592 -7.00434 -7.89964 -5.4924 -7.92679 -8.67523 -4.23265 -8.39692 -6.98667 -7.64845 -5.65775 -7.94882 -8.68424 -3.09915 -8.29156 -6.49336 -9.53033 -3.68955 -7.60512 -8.7468 -2.25385 -8.19069
92.76 -5.87186 -9.06741 -7.21463 -8.89775 -9.20504 -3.98328 -8.32229 -7.57792 -7.39276 -5.50694 -8.32296 -8.64031 -4.05901 -7.89275 -6.87305 -8.1266 -5.31827 -7.90766 -8.70434 -4.14192 -8.6133 -7.1602 -7.79109 -5.52028 -7.89748 -8.63286 -4.15178 -8.2769 -7.00439 -7.89971 -5.49234 -7.92682 -8.67523 -4.23264 -8.39667 -6.9867 -7.64841 -5.65774 -7.94882 -8.68423 -3.09916 -8.29156 -6.49334 -9.53034 -3.68955 -7.60512 -8.74681 -2.25384 -8.19071
92.81 -5.83343 -9.07995 -7.3002 -8.89862 -9.21785 -3.98024 -8.31584 -7.5808 -7.39631 -5.50559 -8.34837 -8.64522 -4.05767 -7.87793 -6.87482 -8.12496 -5.31807 -7.90755 -8.70385 -4.14221 -8.61162 -7.15949 -7.79129 -5.52049 -7.89748 -8.63301 -4.15171 -8.27786 -7.00446 -7.89977 -5.49227 -7.92684 -8.67522 -4.23263 -8.3964 -6.98674 -7.64837 -5.65774 -7.94881 -8.68422 -3.09916 -8.29156 -6.49332 -9.53035 -3.68955 -7.60511 -8.74681 -2.25384 -8.19073
92.86 -5.7931 -9.09434 -7.38866 -8.89913 -9.23131 -3.97689 -8.30799 -7.58446 -7.39963 -5.50403 -8.37481 -8.65025 -4.05628 -7.86202 -6.87652 -8.12331 -5.31785 -7.90742 -8.70337 -4.14249 -8.61027 -7.15878 -7.7915 -5.5207 -7.89749 -8.63317 -4.15164 -8.27882 -7.00453 -7.89983 -5.49221 -7.92686 -8.67521 -4.23263 -8.39612 -6.98677 -7.64833 -5.65773 -7.9488 -8.68421 -3.09917 -8.29156 -6.4933 -9.53037 -3.68955 -7.60511 -8.74682 -2.25384 -8.19075
92.91 -5.75096 -9.11059 -7.47993 -8.89925 -9.2454 -3.97321 -8.29872 -7.58893 -7.40271 -5.50225 -8.40219 -8.65536 -4.05485 -7.845 -6.87813 -8.12166 -5.3176 -7.90726 -8.7029 -4.14277 -8.60923 -7.15805 -7.79174 -5.5209 -7.89749 -8.63333 -4.15157 -8.27975 -7.00462 -7.89988 -5.49214 -7.92688 -8.67519 -4.23262 -8.39584 -6.9868 -7.64829 -5.65773 -7.94879 -8.6842 -3.09918 -8.29157 -6.49328 -9.53038 -3.68955 -7.60511 -8.74682 -2.25383 -8.19077
92.96 -5.70714 -9.12874 -7.57384 -8.89893 -9.26006 -3.96921 -8.288 -7.59422 -7.40554 -5.50025 -8.4304 -8.66054 -4.05337 -7.82687 -6.87966 -8.12 -5.31733 -7.90708 -8.70245 -4.14305 -8.60853 -7.15733 -7.79199 -5.52111 -7.89748 -8.63349 -4.1515 -8.28067 -7.00471 -7.89992 -5.49207 -7.9269 -8.67518 -4.23262 -8.39555 -6.98682 -7.64825 -5.65773 -7.94878 -8.68419 -3.09919 -8.29158 -6.49325 -9.53039 -3.68955 -7.6051 -8.74683 -2.25383 -8.19078
93.01 -5.66179 -9.14879 -7.6702 -8.89814 -9.27526 -3.96487 -8.2758 -7.60035 -7.4081 -5.49804 -8.45926 -8.66576 -4.05184 -7.80765 -6.8811 -8.11835 -5.31703 -7.90687 -8.70202 -4.14333 -8.60817 -7.1566 -7.79226 -5.52131 -7.89747 -8.63365 -4.15142 -8.28156 -7.00481 -7.89996 -5.492 -7.92692 -8.67516 -4.23261 -8.39525 -6.98685 -7.64821 -5.65773 -7.94877 -8.68418 -3.09919 -8.29159 -6.49323 -9.53041 -3.68954 -7.6051 -8.74683 -2.25383 -8.1908
93.06 -5.61514 -9.17075 -7.76872 -8.89683 -9.29089 -3.96021 -8.26212 -7.60732 -7.41039 -5.49561 -8.48859 -8.67099 -4.05027 -7.78735 -6.88245 -8.11671 -5.31671 -7.90664 -8.70161 -4.14361 -8.60817 -7.15586 -7.79255 -5.5215 -7.89746 -8.63381 -4.15135 -8.28243 -7.00491 -7.9 -5.49193 -7.92694 -8.67514 -4.23261 -8.39494 -6.98687 -7.64817 -5.65773 -7.94876 -8.68418 -3.0992 -8.29161 -6.49321 -9.53043 -3.68954 -7.60509 -8.74684 -2.25383 -8.19082
93.11 -5.56744 -9.19458 -7.86904 -8.89494 -9.30688 -3.95523 -8.24694 -7.61514 -7.41239 -5.49295 -8.51815 -8.67618 -4.04866 -7.766 -6.88369 -8.11508 -5.31635 -7.90638 -8.70121 -4.14388 -8.60852 -7.15513 -7.79285 -5.5217 -7.89744 -8.63396 -4.15127 -8.28328 -7.00503 -7.90002 -5.49185 -7.92696 -8.67512 -4.23261 -8.39463 -6.98689 -7.64813 -5.65773 -7.94875 -8.68417 -3.0992 -8.29164 -6.49319 -9.53044 -3.68953 -7.60509 -8.74685 -2.25382 -8.19083
93.16 -5.51898 -9.22024 -7.97071 -8.89242 -9.3231 -3.94995 -8.23029 -7.62381 -7.4141 -5.49008 -8.5477 -8.68129 -4.04702 -7.74364 -6.88482 -8.11346 -5.31596 -7.90609 -8.70084 -4.14415 -8.60923 -7.15439 -7.79317 -5.52188 -7.89742 -8.63412 -4.15119 -8.28409 -7.00515 -7.90005 -5.49178 -7.92698 -8.6751 -4.23261 -8.39431 -6.98691 -7.64809 -5.65773 -7.94874 -8.68416 -3.09921 -8.29167 -6.49317 -9.53046 -3.68953 -7.60508 -8.74685 -2.25382 -8.19084
93.21 -5.47009 -9.24766 -8.07322 -8.88922 -9.33942 -3.94436 -8.21218 -7.63333 -7.4155 -5.48699 -8.57696 -8.68627 -4.04535 -7.72034 -6.88585 -8.11186 -5.31555 -7.90578 -8.70048 -4.14441 -8.61032 -7.15366 -7.7935 -5.52207 -7.89739 -8.63428 -4.1511 -8.28488 -7.00528 -7.90006 -5.49171 -7.927 -8.67507 -4.23261 -8.39399 -6.98692 -7.64806 -5.65773 -7.94873 -8.68416 -3.09921 -8.2917 -6.49315 -9.53047 -3.68952 -7.60508 -8.74686 -2.25382 -8.19086
93.26 -5.42112 -9.27676 -8.176 -8.88527 -9.3557 -3.9385 -8.19267 -7.64367 -7.41658 -5.48369 -8.60565 -8.69106 -4.04365 -7.69617 -6.88676 -8.11029 -5.3151 -7.90544 -8.70015 -4.14467 -8.61179 -7.15294 -7.79385 -5.52224 -7.89735 -8.63443 -4.15102 -8.28563 -7.00542 -7.90007 -5.49163 -7.92701 -8.67504 -4.23261 -8.39366 -6.98693 -7.64802 -5.65773 -7.94872 -8.68415 -3.09921 -8.29173 -6.49313 -9.53049 -3.68951 -7.60508 -8.74686 -2.25381 -8.19087
93.31 -5.37243 -9.30742 -8.27839 -8.88054 -9.37179 -3.93238 -8.1718 -7.6548 -7.41734 -5.48017 -8.6335 -8.69561 -4.04194 -7.67121 -6.88755 -8.10874 -5.31462 -7.90507 -8.69985 -4.14492 -8.61364 -7.15222 -7.7942 -5.52242 -7.89731 -8.63458 -4.15093 -8.28634 -7.00556 -7.90008 -5.49156 -7.92703 -8.67501 -4.23261 -8.39333 -6.98694 -7.64799 -5.65774 -7.94871 -8.68415 -3.09922 -8.29177 -6.49311 -9.53051 -3.6895 -7.60507 -8.74687 -2.25381 -8.19088
93.36 -5.32436 -9.33949 -8.37975 -8.87496 -9.38754 -3.92605 -8.14965 -7.66671 -7.41777 -5.47645 -8.66027 -8.69987 -4.04023 -7.64558 -6.88822 -8.10723 -5.31411 -7.90469 -8.69956 -4.14516 -8.61587 -7.15151 -7.79458 -5.52258 -7.89727 -8.63473 -4.15085 -8.28702 -7.00571 -7.90008 -5.49148 -7.92704 -8.67498 -4.23262 -8.39299 -6.98695 -7.64795 -5.65774 -7.94871 -8.68414 -3.09922 -8.29182 -6.49309 -9.53053 -3.68949 -7.60507 -8.74687 -2.25381 -8.19089
93.41 -5.27726 -9.37284 -8.47937 -8.86851 -9.40281 -3.91951 -8.12632 -7.67933 -7.41788 -5.47254 -8.68572 -8.7038 -4.03853 -7.61939 -6.88876 -8.10575 -5.31357 -7.90427 -8.69931 -4.1454 -8.61849 -7.15081 -7.79496 -5.52274 -7.89722 -8.63488 -4.15076 -8.28766 -7.00587 -7.90007 -5.49141 -7.92706 -8.67495 -4.23262 -8.39266 -6.98695 -7.64792 -5.65775 -7.9487 -8.68414 -3.09922 -8.29186 -6.49307 -9.53055 -3.68948 -7.60506 -8.74688 -2.2538 -8.1909
93.46 -5.23142 -9.40727 -8.5766 -8.86116 -9.41747 -3.91283 -8.10191 -7.69263 -7.41764 -5.46844 -8.70969 -8.70735 -4.03685 -7.59277 -6.88918 -8.10431 -5.31301 -7.90384 -8.69908 -4.14562 -8.62149 -7.15012 -7.79535 -5.52289 -7.89716 -8.63503 -4.15068 -8.28825 -7.00603 -7.90005 -5.49133 -7.92707 -8.67492 -4.23263 -8.39232 -6.98696 -7.64789 -5.65775 -7.94869 -8.68413 -3.09922 -8.29191 -6.49305 -9.53057 -3.68947 -7.60506 -8.74688 -2.2538 -8.19091
93.51 -5.1871 -9.44263 -8.67076 -8.8529 -9.4314 -3.90602 -8.07654 -7.70654 -7.41708 -5.46417 -8.73202 -8.71051 -4.03519 -7.56585 -6.88946 -8.10291 -5.31242 -7.90338 -8.69888 -4.14584 -8.62486 -7.14945 -7.79576 -5.52303 -7.8971 -8.63517 -4.15059 -8.2888 -7.0062 -7.90003 -5.49125 -7.92709 -8.67488 -4.23264 -8.39199 -6.98695 -7.64785 -5.65776 -7.94868 -8.68413 -3.09922 -8.29197 -6.49304 -9.53058 -3.68946 -7.60505 -8.74689 -2.25379 -8.19091
93.56 -5.14453 -9.47871 -8.76125 -8.84373 -9.44451 -3.89912 -8.05034 -7.72099 -7.41619 -5.45975 -8.75264 -8.71326 -4.03358 -7.53876 -6.88962 -8.10157 -5.31182 -7.9029 -8.69871 -4.14605 -8.62861 -7.14879 -7.79617 -5.52317 -7.89703 -8.6353 -4.1505 -8.28931 -7.00637 -7.90001 -5.49118 -7.9271 -8.67484 -4.23265 -8.39165 -6.98695 -7.64782 -5.65777 -7.94867 -8.68413 -3.09921 -8.29203 -6.49302 -9.5306 -3.68944 -7.60505 -8.74689 -2.25379 -8.19092
93.61 -5.10385 -9.51534 -8.84751 -8.83366 -9.45674 -3.89219 -8.02343 -7.73593 -7.41497 -5.45519 -8.7715 -8.71559 -4.03202 -7.51164 -6.88964 -8.10027 -5.31119 -7.90241 -8.69857 -4.14625 -8.63273 -7.14815 -7.79659 -5.5233 -7.89696 -8.63543 -4.15041 -8.28976 -7.00655 -7.89997 -5.4911 -7.92711 -8.6748 -4.23266 -8.39132 -6.98694 -7.6478 -5.65778 -7.94866 -8.68413 -3.09921 -8.29209 -6.493 -9.53062 -3.68943 -7.60504 -8.7469 -2.25379 -8.19092
93.66 -5.0652 -9.55232 -8.92904 -8.82274 -9.46804 -3.88525 -7.99596 -7.75128 -7.41343 -5.4505 -8.7886 -8.71749 -4.03052 -7.48462 -6.88952 -8.09903 -5.31056 -7.9019 -8.69845 -4.14644 -8.63719 -7.14753 -7.79702 -5.52342 -7.89688 -8.63556 -4.15033 -8.29017 -7.00673 -7.89993 -5.49103 -7.92712 -8.67477 -4.23267 -8.39098 -6.98693 -7.64777 -5.65779 -7.94865 -8.68413 -3.09921 -8.29215 -6.49299 -9.53064 -3.68942 -7.60504 -8.7469 -2.25378 -8.19093
93.71 -5.02865 -9.58948 -9.00544 -8.811 -9.4784 -3.87833 -7.96805 -7.76696 -7.41158 -5.44571 -8.80398 -8.719 -4.02909 -7.45783 -6.88928 -8.09785 -5.30991 -7.90138 -8.69837 -4.14662 -8.642 -7.14693 -7.79745 -5.52353 -7.8968 -8.63568 -4.15024 -8.29052 -7.00691 -7.89989 -5.49096 -7.92713 -8.67472 -4.23268 -8.39065 -6.98692 -7.64774 -5.6578 -7.94864 -8.68413 -3.0992 -8.29222 -6.49297 -9.53066 -3.6894 -7.60503 -8.7469 -2.25378 -8.19093
93.76 -4.99422 -9.62664 -9.07637 -8.79851 -9.4878 -3.87148 -7.93984 -7.7829 -7.40943 -5.44085 -8.81769 -8.72011 -4.02773 -7.43138 -6.88891 -8.09673 -5.30926 -7.90085 -8.69832 -4.14678 -8.64712 -7.14635 -7.79789 -5.52363 -7.89672 -8.6358 -4.15016 -8.29083 -7.0071 -7.89984 -5.49089 -7.92714 -8.67468 -4.23269 -8.39033 -6.9869 -7.64772 -5.65781 -7.94864 -8.68413 -3.0992 -8.29229 -6.49296 -9.53068 -3.68938 -7.60503 -8.74691 -2.25378 -8.19093
93.81 -4.96191 -9.66364 -9.14155 -8.78534 -9.49626 -3.86473 -7.91145 -7.79903 -7.40699 -5.43591 -8.82982 -8.72086 -4.02646 -7.40538 -6.88841 -8.09567 -5.30861 -7.90031 -8.6983 -4.14694 -8.65256 -7.14579 -7.79833 -5.52372 -7.89663 -8.63591 -4.15007 -8.29108 -7.00729 -7.89978 -5.49082 -7.92715 -8.67464 -4.23271 -8.39001 -6.98689 -7.6477 -5.65782 -7.94863 -8.68413 -3.09919 -8.29236 -6.49294 -9.5307 -3.68937 -7.60502 -8.74691 -2.25377 -8.19093
93.86 -4.9317 -9.70035 -9.2008 -8.77156 -9.50381 -3.85809 -7.88301 -7.81528 -7.40427 -5.43094 -8.84046 -8.72127 -4.02527 -7.37992 -6.88778 -8.09468 -5.30797 -7.89976 -8.69831 -4.14708 -8.65827 -7.14526 -7.79878 -5.5238 -7.89654 -8.63601 -4.14999 -8.29128 -7.00749 -7.89972 -5.49075 -7.92715 -8.67459 -4.23272 -8.38969 -6.98687 -7.64768 -5.65784 -7.94862 -8.68414 -3.09919 -8.29244 -6.49293 -9.53072 -3.68935 -7.60502 -8.74691 -2.25377 -8.19093
93.91 -4.90355 -9.73662 -9.254 -8.75726 -9.51049 -3.85159 -7.85463 -7.83159 -7.40128 -5.42595 -8.84972 -8.72138 -4.02418 -7.35509 -6.88703 -8.09376 -5.30733 -7.89922 -8.69835 -4.14721 -8.66425 -7.14476 -7.79922 -5.52388 -7.89645 -8.63611 -4.14991 -8.29142 -7.00768 -7.89965 -5.49068 -7.92716 -8.67455 -4.23274 -8.38938 -6.98684 -7.64766 -5.65785 -7.94861 -8.68414 -3.09918 -8.29251 -6.49292 -9.53074 -3.68933 -7.60502 -8.74692 -2.25377 -8.19092
93.96 -4.87738 -9.77235 -9.30109 -8.74252 -9.51634 -3.84526 -7.82641 -7.84789 -7.39805 -5.42096 -8.8577 -8.72121 -4.02317 -7.33095 -6.88616 -8.09292 -5.3067 -7.89867 -8.69843 -4.14732 -8.67048 -7.14429 -7.79967 -5.52394 -7.89636 -8.6362 -4.14983 -8.2915 -7.00788 -7.89958 -5.49062 -7.92716 -8.6745 -4.23275 -8.38908 -6.98682 -7.64764 -5.65787 -7.94861 -8.68414 -3.09917 -8.29259 -6.49291 -9.53076 -3.68931 -7.60501 -8.74692 -2.25376 -8.19092
94.01 -4.85312 -9.80742 -9.34207 -8.72744 -9.52142 -3.83911 -7.79844 -7.86412 -7.39458 -5.41599 -8.8645 -8.7208 -4.02226 -7.30757 -6.88518 -8.09215 -5.30609 -7.89812 -8.69853 -4.14742 -8.67692 -7.14384 -7.80012 -5.52399 -7.89627 -8.63629 -4.14975 -8.29154 -7.00808 -7.8995 -5.49055 -7.92716 -8.67446 -4.23277 -8.38879 -6.98679 -7.64762 -5.65788 -7.9486 -8.68415 -3.09917 -8.29268 -6.4929 -9.53078 -3.68929 -7.60501 -8.74692 -2.25376 -8.19092
94.06 -4.83071 -9.84176 -9.37701 -8.71209 -9.52578 -3.83315 -7.7708 -7.88023 -7.39089 -5.41106 -8.87022 -8.72017 -4.02144 -7.285 -6.88409 -8.09146 -5.30549 -7.89758 -8.69866 -4.14751 -8.68356 -7.14343 -7.80056 -5.52403 -7.89618 -8.63637 -4.14967 -8.29151 -7.00828 -7.89942 -5.49049 -7.92716 -8.67441 -4.23279 -8.3885 -6.98676 -7.64761 -5.6579 -7.94859 -8.68415 -3.09916 -8.29276 -6.49289 -9.5308 -3.68927 -7.605 -8.74692 -2.25376 -8.19091
94.11 -4.81005 -9.87527 -9.40598 -8.69657 -9.52946 -3.82739 -7.74358 -7.89617 -7.38701 -5.40619 -8.87495 -8.71935 -4.02071 -7.26327 -6.88289 -8.09084 -5.30492 -7.89705 -8.69882 -4.14758 -8.69037 -7.14305 -7.80101 -5.52406 -7.89609 -8.63644 -4.1496 -8.29144 -7.00847 -7.89933 -5.49043 -7.92716 -8.67436 -4.23281 -8.38823 -6.98673 -7.6476 -5.65791 -7.94859 -8.68416 -3.09915 -8.29284 -6.49288 -9.53082 -3.68925 -7.605 -8.74693 -2.25375 -8.1909
94.16 -4.79108 -9.90789 -9.42911 -8.68094 -9.53254 -3.82185 -7.71683 -7.9119 -7.38293 -5.40139 -8.87877 -8.71836 -4.02006 -7.24242 -6.8816 -8.0903 -5.30436 -7.89653 -8.69901 -4.14764 -8.69733 -7.1427 -7.80144 -5.52408 -7.896 -8.6365 -4.14953 -8.2913 -7.00867 -7.89924 -5.49037 -7.92716 -8.67432 -4.23283 -8.38796 -6.98669 -7.64759 -5.65793 -7.94858 -8.68417 -3.09914 -8.29293 -6.49287 -9.53083 -3.68923 -7.60499 -8.74693 -2.25375 -8.19089
94.21 -4.77372 -9.93958 -9.44659 -8.6653 -9.53504 -3.81653 -7.69061 -7.92738 -7.37869 -5.39667 -8.88176 -8.71723 -4.0195 -7.22246 -6.88021 -8.08985 -5.30384 -7.89601 -8.69923 -4.14769 -8.70442 -7.14238 -7.80188 -5.52409 -7.89591 -8.63656 -4.14946 -8.29112 -7.00887 -7.89915 -5.49032 -7.92716 -8.67427 -4.23285 -8.38771 -6.98665 -7.64758 -5.65795 -7.94858 -8.68417 -3.09913 -8.29302 -6.49287 -9.53085 -3.68921 -7.60499 -8.74693 -2.25375 -8.19088
94.26 -4.7579 -9.97028 -9.45857 -8.6497 -9.53703 -3.81144 -7.66498 -7.94258 -7.37429 -5.39206 -8.88397 -8.71597 -4.01902 -7.20341 -6.87874 -8.08947 -5.30333 -7.89551 -8.69948 -4.14772 -8.7116 -7.1421 -7.8023 -5.52408 -7.89582 -8.63661 -4.14939 -8.29088 -7.00907 -7.89904 -5.49027 -7.92716 -8.67422 -4.23287 -8.38746 -6.98662 -7.64757 -5.65797 -7.94857 -8.68418 -3.09912 -8.29311 -6.49286 -9.53087 -3.68918 -7.60499 -8.74693 -2.25375 -8.19087
94.31 -4.74355 -9.99996 -9.46528 -8.63421 -9.53853 -3.80657 -7.63997 -7.95745 -7.36976 -5.38757 -8.88546 -8.71461 -4.01861 -7.18529 -6.87718 -8.08918 -5.30285 -7.89502 -8.69975 -4.14773 -8.71887 -7.14185 -7.80273 -5.52407 -7.89573 -8.63666 -4.14933 -8.29059 -7.00926 -7.89894 -5.49022 -7.92715 -8.67417 -4.23289 -8.38723 -6.98657 -7.64757 -5.65798 -7.94857 -8.68419 -3.09911 -8.2932 -6.49286 -9.53089 -3.68916 -7.60498 -8.74693 -2.25374 -8.19086
94.36 -4.73062 -10.0286 -9.46692 -8.6189 -9.5396 -3.80192 -7.61562 -7.97199 -7.36511 -5.38319 -8.88629 -8.71315 -4.01828 -7.16809 -6.87555 -8.08897 -5.3024 -7.89455 -8.70004 -4.14773 -8.72618 -7.14164 -7.80314 -5.52404 -7.89564 -8.63669 -4.14926 -8.29025 -7.00945 -7.89883 -5.49017 -7.92715 -8.67412 -4.23291 -8.38701 -6.98653 -7.64757 -5.658 -7.94856 -8.6842 -3.09909 -8.29329 -6.49286 -9.5309 -3.68914 -7.60498 -8.74693 -2.25374 -8.19085
94.41 -4.71906 -10.0562 -9.46373 -8.60381 -9.54028 -3.7975 -7.59196 -7.98616 -7.36035 -5.37895 -8.88649 -8.7116 -4.01803 -7.15181 -6.87386 -8.08884 -5.30197 -7.89409 -8.70036 -4.14772 -8.73353 -7.14146 -7.80354 -5.52401 -7.89556 -8.63672 -4.14921 -8.28986 -7.00964 -7.89872 -5.49013 -7.92714 -8.67408 -4.23293 -8.3868 -6.98649 -7.64756 -5.65802 -7.94856 -8.68421 -3.09908 -8.29338 -6.49285 -9.53092 -3.68912 -7.60498 -8.74693 -2.25374 -8.19084
94.46 -4.70881 -10.0827 -9.45593 -8.58899 -9.54058 -3.79331 -7.56902 -7.99994 -7.3555 -5.37486 -8.8861 -8.70999 -4.01783 -7.13645 -6.87209 -8.08878 -5.30157 -7.89365 -8.70069 -4.14769 -8.7409 -7.14132 -7.80393 -5.52396 -7.89548 -8.63675 -4.14915 -8.28942 -7.00983 -7.89861 -5.49009 -7.92713 -8.67403 -4.23296 -8.38661 -6.98644 -7.64757 -5.65804 -7.94856 -8.68422 -3.09907 -8.29347 -6.49285 -9.53093 -3.6891 -7.60497 -8.74693 -2.25374 -8.19082
94.51 -4.69983 -10.1081 -9.44377 -8.57449 -9.54054 -3.78935 -7.54681 -8.01331 -7.35057 -5.37091 -8.88514 -8.70831 -4.0177 -7.12201 -6.87028 -8.08882 -5.3012 -7.89322 -8.70105 -4.14765 -8.74825 -7.14122 -7.80432 -5.5239 -7.8954 -8.63676 -4.1491 -8.28893 -7.01001 -7.89849 -5.49005 -7.92712 -8.67398 -4.23298 -8.38643 -6.98639 -7.64757 -5.65806 -7.94855 -8.68423 -3.09906 -8.29356 -6.49285 -9.53095 -3.68907 -7.60497 -8.74693 -2.25373 -8.19081
94.56 -4.6921 -10.1324 -9.42746 -8.56034 -9.54019 -3.78561 -7.52535 -8.02628 -7.34558 -5.36712 -8.88364 -8.70657 -4.01763 -7.10847 -6.86841 -8.08892 -5.30085 -7.89281 -8.70143 -4.14759 -8.75558 -7.14115 -7.80469 -5.52383 -7.89532 -8.63677 -4.14905 -8.28841 -7.01019 -7.89837 -5.49002 -7.92711 -8.67394 -4.23301 -8.38627 -6.98634 -7.64757 -5.65808 -7.94855 -8.68424 -3.09904 -8.29365 -6.49285 -9.53096 -3.68905 -7.60497 -8.74693 -2.25373 -8.19079
94.61 -4.68557 -10.1556 -9.40726 -8.54657 -9.53955 -3.78208 -7.50465 -8.03881 -7.34054 -5.36348 -8.8816 -8.70478 -4.01762 -7.09583 -6.86649 -8.08911 -5.30052 -7.89242 -8.70182 -4.14752 -8.76286 -7.14111 -7.80505 -5.52376 -7.89524 -8.63676 -4.14901 -8.28784 -7.01037 -7.89825 -5.48999 -7.9271 -8.67389 -4.23303 -8.38612 -6.98629 -7.64758 -5.6581 -7.94855 -8.68425 -3.09903 -8.29374 -6.49286 -9.53098 -3.68903 -7.60497 -8.74693 -2.25373 -8.19077
94.66 -4.68022 -10.1777 -9.38337 -8.53321 -9.53863 -3.77878 -7.48473 -8.0509 -7.33546 -5.36001 -8.87905 -8.70294 -4.01766 -7.08407 -6.86454 -8.08938 -5.30022 -7.89205 -8.70223 -4.14744 -8.77009 -7.14112 -7.80539 -5.52367 -7.89517 -8.63676 -4.14897 -8.28723 -7.01054 -7.89812 -5.48996 -7.92709 -8.67385 -4.23305 -8.38599 -6.98624 -7.64759 -5.65812 -7.94855 -8.68426 -3.09901 -8.29383 -6.49286 -9.53099 -3.68901 -7.60496 -8.74693 -2.25373 -8.19076
94.71 -4.67604 -10.1987 -9.35602 -8.52028 -9.53746 -3.77569 -7.46558 -8.06255 -7.33035 -5.35671 -8.87598 -8.70104 -4.01775 -7.07319 -6.86255 -8.08972 -5.29993 -7.89169 -8.70266 -4.14734 -8.77723 -7.14115 -7.80572 -5.52357 -7.89509 -8.63674 -4.14893 -8.28659 -7.0107 -7.89799 -5.48994 -7.92708 -8.67381 -4.23308 -8.38587 -6.98618 -7.6476 -5.65814 -7.94855 -8.68428 -3.099 -8.29392 -6.49286 -9.531 -3.68898 -7.60496 -8.74693 -2.25373 -8.19074
94.76 -4.67301 -10.2186 -9.32542 -8.50781 -9.53604 -3.7728 -7.44722 -8.07374 -7.32523 -5.35357 -8.87241 -8.6991 -4.01789 -7.06318 -6.86053 -8.09013 -5.29967 -7.89135 -8.70309 -4.14723 -8.78428 -7.14122 -7.80604 -5.52346 -7.89502 -8.63672 -4.1489 -8.28591 -7.01086 -7.89787 -5.48992 -7.92706 -8.67376 -4.2331 -8.38576 -6.98613 -7.64761 -5.65816 -7.94855 -8.68429 -3.09898 -8.29401 -6.49287 -9.53101 -3.68896 -7.60496 -8.74693 -2.25372 -8.19072
94.81 -4.67111 -10.2374 -9.29176 -8.49581 -9.53439 -3.77013 -7.42964 -8.08447 -7.32011 -5.35061 -8.86832 -8.69712 -4.01807 -7.05402 -6.85849 -8.09062 -5.29943 -7.89103 -8.70354 -4.14711 -8.79123 -7.14133 -7.80633 -5.52334 -7.89495 -8.63669 -4.14887 -8.28519 -7.01101 -7.89774 -5.4899 -7.92705 -8.67372 -4.23313 -8.38568 -6.98607 -7.64763 -5.65818 -7.94855 -8.6843 -3.09897 -8.29409 -6.49287 -9.53102 -3.68894 -7.60496 -8.74692 -2.25372 -8.1907
94.86 -4.67035 -10.2552 -9.25525 -8.48429 -9.5325 -3.76766 -7.41286 -8.09475 -7.31499 -5.34781 -8.86373 -8.69508 -4.01829 -7.0457 -6.85643 -8.09118 -5.29921 -7.89073 -8.704 -4.14697 -8.79805 -7.14147 -7.80662 -5.52321 -7.89489 -8.63665 -4.14884 -8.28445 -7.01116 -7.89761 -5.48989 -7.92703 -8.67368 -4.23315 -8.38561 -6.98602 -7.64764 -5.6582 -7.94855 -8.68431 -3.09895 -8.29418 -6.49288 -9.53103 -3.68892 -7.60496 -8.74692 -2.25372 -8.19068
94.91 -4.67071 -10.2719 -9.21604 -8.47327 -9.5304 -3.76539 -7.39687 -8.10456 -7.30989 -5.34518 -8.85861 -8.69299 -4.01856 -7.03821 -6.85436 -8.0918 -5.299 -7.89044 -8.70447 -4.14683 -8.80475 -7.14164 -7.80688 -5.52307 -7.89482 -8.6366 -4.14882 -8.28368 -7.01129 -7.89748 -5.48988 -7.92701 -8.67364 -4.23318 -8.38555 -6.98596 -7.64766 -5.65822 -7.94855 -8.68433 -3.09894 -8.29426 -6.49289 -9.53104 -3.6889 -7.60495 -8.74692 -2.25372 -8.19066
94.96 -4.67219 -10.2875 -9.17432 -8.46275 -9.52808 -3.76332 -7.38167 -8.1139 -7.30482 -5.34273 -8.85297 -8.69085 -4.01886 -7.03155 -6.85228 -8.09249 -5.29881 -7.89017 -8.70495 -4.14667 -8.8113 -7.14184 -7.80713 -5.52293 -7.89475 -8.63655 -4.1488 -8.28288 -7.01143 -7.89735 -5.48988 -7.927 -8.67361 -4.2332 -8.38551 -6.9859 -7.64768 -5.65824 -7.94855 -8.68434 -3.09892 -8.29434 -6.4929 -9.53105 -3.68888 -7.60495 -8.74692 -2.25372 -8.19063
95.01 -4.67481 -10.3021 -9.13024 -8.45274 -9.52554 -3.76145 -7.36727 -8.12277 -7.29978 -5.34044 -8.84679 -8.68865 -4.0192 -7.0257 -6.85019 -8.09325 -5.29864 -7.88992 -8.70543 -4.1465 -8.8177 -7.14208 -7.80736 -5.52278 -7.89469 -8.63649 -4.14879 -8.28206 -7.01155 -7.89721 -5.48987 -7.92698 -8.67357 -4.23323 -8.38549 -6.98584 -7.6477 -5.65826 -7.94855 -8.68436 -3.09891 -8.29442 -6.49291 -9.53106 -3.68886 -7.60495 -8.74691 -2.25372 -8.19061
95.06 -4.67858 -10.3156 -9.08393 -8.44325 -9.52279 -3.75977 -7.35366 -8.13117 -7.29478 -5.33832 -8.84006 -8.68639 -4.01957 -7.02067 -6.84811 -8.09407 -5.29847 -7.88968 -8.70592 -4.14632 -8.82394 -7.14235 -7.80757 -5.52262 -7.89463 -8.63643 -4.14878 -8.28122 -7.01167 -7.89708 -5.48988 -7.92696 -8.67354 -4.23325 -8.38548 -6.98579 -7.64773 -5.65828 -7.94855 -8.68437 -3.09889 -8.2945 -6.49292 -9.53106 -3.68884 -7.60495 -8.74691 -2.25372 -8.19059
95.11 -4.68349 -10.3281 -9.03553 -8.43427 -9.51981 -3.75828 -7.34085 -8.1391 -7.28983 -5.33636 -8.83275 -8.68407 -4.01999 -7.01644 -6.84602 -8.09494 -5.29832 -7.88945 -8.70641 -4.14614 -8.83001 -7.14264 -7.80777 -5.52245 -7.89457 -8.63635 -4.14877 -8.28036 -7.01178 -7.89695 -5.48988 -7.92694 -8.67351 -4.23327 -8.38549 -6.98573 -7.64775 -5.6583 -7.94856 -8.68439 -3.09888 -8.29457 -6.49293 -9.53107 -3.68882 -7.60495 -8.74691 -2.25372 -8.19056
95.16 -4.68957 -10.3395 -8.98516 -8.42582 -9.51661 -3.75698 -7.32883 -8.14656 -7.28493 -5.33457 -8.82487 -8.68168 -4.02043 -7.01301 -6.84395 -8.09588 -5.29819 -7.88925 -8.70691 -4.14594 -8.8359 -7.14297 -7.80794 -5.52228 -7.89451 -8.63628 -4.14877 -8.27948 -7.01188 -7.89682 -5.48989 -7.92692 -8.67348 -4.2333 -8.38552 -6.98567 -7.64778 -5.65832 -7.94856 -8.6844 -3.09886 -8.29464 -6.49294 -9.53108 -3.6888 -7.60495 -8.7469 -2.25372 -8.19054
95.21 -4.69683 -10.3499 -8.93292 -8.41789 -9.51318 -3.75587 -7.31761 -8.15355 -7.2801 -5.33295 -8.81638 -8.67921 -4.02091 -7.01038 -6.84188 -8.09686 -5.29806 -7.88905 -8.70741 -4.14573 -8.8416 -7.14332 -7.80809 -5.5221 -7.89445 -8.63619 -4.14878 -8.27859 -7.01197 -7.8967 -5.4899 -7.9269 -8.67345 -4.23332 -8.38556 -6.98561 -7.64781 -5.65833 -7.94856 -8.68442 -3.09884 -8.29471 -6.49296 -9.53108 -3.68878 -7.60495 -8.7469 -2.25372 -8.19052
95.26 -4.7053 -10.3593 -8.8789 -8.4105 -9.50952 -3.75494 -7.30719 -8.16006 -7.27534 -5.33148 -8.80727 -8.67668 -4.02142 -7.00854 -6.83983 -8.0979 -5.29795 -7.88888 -8.70791 -4.14552 -8.84712 -7.1437 -7.80823 -5.52191 -7.8944 -8.6361 -4.14878 -8.27768 -7.01206 -7.89657 -5.48992 -7.92688 -8.67342 -4.23334 -8.38561 -6.98555 -7.64784 -5.65835 -7.94857 -8.68443 -3.09883 -8.29478 -6.49297 -9.53108 -3.68876 -7.60495 -8.74689 -2.25372 -8.19049
95.31 -4.71499 -10.3677 -8.82318 -8.40363 -9.50562 -3.75421 -7.29757 -8.1661 -7.27065 -5.33018 -8.79752 -8.67405 -4.02196 -7.00751 -6.83779 -8.09898 -5.29784 -7.88871 -8.70841 -4.1453 -8.85243 -7.14411 -7.80834 -5.52172 -7.89434 -8.636 -4.14879 -8.27677 -7.01213 -7.89645 -5.48994 -7.92685 -8.6734 -4.23337 -8.38569 -6.9855 -7.64787 -5.65837 -7.94857 -8.68444 -3.09881 -8.29484 -6.49299 -9.53108 -3.68875 -7.60495 -8.74689 -2.25372 -8.19047
95.36 -4.72594 -10.375 -8.76584 -8.39729 -9.50145 -3.75365 -7.28876 -8.17167 -7.26605 -5.32903 -8.7871 -8.67134 -4.02254 -7.00727 -6.83578 -8.10012 -5.29775 -7.88857 -8.70891 -4.14507 -8.85754 -7.14454 -7.80844 -5.52152 -7.89429 -8.6359 -4.14881 -8.27585 -7.0122 -7.89632 -5.48996 -7.92683 -8.67337 -4.23339 -8.38577 -6.98544 -7.6479 -5.65839 -7.94858 -8.68446 -3.0988 -8.2949 -6.493 -9.53109 -3.68873 -7.60495 -8.74689 -2.25372 -8.19044
95.41 -4.73818 -10.3813 -8.70693 -8.39148 -9.49703 -3.75328 -7.28076 -8.17675 -7.26153 -5.32804 -8.776 -8.66854 -4.02315 -7.00784 -6.83379 -8.10129 -5.29766 -7.88843 -8.7094 -4.14484 -8.86245 -7.14499 -7.80851 -5.52132 -7.89424 -8.6358 -4.14883 -8.27492 -7.01226 -7.8962 -5.48999 -7.92681 -8.67335 -4.23341 -8.38587 -6.98538 -7.64793 -5.6584 -7.94858 -8.68447 -3.09878 -8.29496 -6.49302 -9.53109 -3.68871 -7.60495 -8.74688 -2.25372 -8.19042
95.46 -4.75172 -10.3865 -8.6465 -8.38621 -9.49232 -3.7531 -7.27359 -8.18135 -7.2571 -5.3272 -8.76417 -8.66564 -4.02379 -7.00921 -6.83182 -8.1025 -5.29759 -7.88831 -8.7099 -4.1446 -8.86714 -7.14547 -7.80856 -5.52112 -7.89419 -8.63568 -4.14885 -8.27399 -7.01231 -7.89609 -5.49002 -7.92679 -8.67333 -4.23343 -8.38599 -6.98533 -7.64796 -5.65842 -7.94859 -8.68449 -3.09877 -8.29501 -6.49303 -9.53108 -3.6887 -7.60495 -8.74688 -2.25372 -8.19039
95.51 -4.76662 -10.3907 -8.5846 -8.38147 -9.48732 -3.7531 -7.26724 -8.18547 -7.25276 -5.32651 -8.75162 -8.66263 -4.02447 -7.01141 -6.82989 -8.10376 -5.29752 -7.8882 -8.71039 -4.14436 -8.87162 -7.14596 -7.8086 -5.52091 -7.89414 -8.63557 -4.14888 -8.27306 -7.01235 -7.89597 -5.49005 -7.92676 -8.67332 -4.23345 -8.38612 -6.98527 -7.648 -5.65843 -7.94859 -8.6845 -3.09875 -8.29506 -6.49305 -9.53108 -3.68869 -7.60496 -8.74687 -2.25372 -8.19037
95.56 -4.78289 -10.3939 -8.52125 -8.37727 -9.48202 -3.7533 -7.26173 -8.1891 -7.24853 -5.32598 -8.73829 -8.65951 -4.02518 -7.01442 -6.82798 -8.10504 -5.29747 -7.88811 -8.71088 -4.14411 -8.87587 -7.14648 -7.80861 -5.5207 -7.89409 -8.63545 -4.14891 -8.27213 -7.01238 -7.89586 -5.49009 -7.92674 -8.6733 -4.23347 -8.38626 -6.98522 -7.64804 -5.65845 -7.9486 -8.68452 -3.09874 -8.29511 -6.49307 -9.53108 -3.68867 -7.60496 -8.74687 -2.25372 -8.19035
95.61 -4.80059 -10.3959 -8.45647 -8.37361 -9.47638 -3.75368 -7.25706 -8.19224 -7.2444 -5.32559 -8.72418 -8.65628 -4.02593 -7.01827 -6.82611 -8.10636 -5.29742 -7.88802 -8.71136 -4.14386 -8.8799 -7.14701 -7.8086 -5.52049 -7.89405 -8.63532 -4.14894 -8.2712 -7.0124 -7.89575 -5.49013 -7.92672 -8.67329 -4.23348 -8.38642 -6.98517 -7.64807 -5.65846 -7.94861 -8.68453 -3.09872 -8.29515 -6.49309 -9.53108 -3.68866 -7.60496 -8.74686 -2.25373 -8.19032
95.66 -4.81973 -10.3969 -8.39028 -8.37049 -9.47041 -3.75425 -7.25326 -8.19488 -7.24038 -5.32536 -8.70926 -8.65292 -4.02671 -7.02296 -6.82428 -8.10771 -5.29739 -7.88796 -8.71183 -4.1436 -8.8837 -7.14757 -7.80857 -5.52028 -7.894 -8.6352 -4.14898 -8.27027 -7.01241 -7.89565 -5.49017 -7.92669 -8.67328 -4.2335 -8.38659 -6.98512 -7.64811 -5.65847 -7.94861 -8.68455 -3.09871 -8.29519 -6.49311 -9.53107 -3.68865 -7.60496 -8.74686 -2.25373 -8.1903
95.71 -4.84037 -10.3968 -8.32269 -8.36793 -9.46408 -3.75502 -7.25034 -8.19702 -7.23648 -5.32527 -8.6935 -8.64944 -4.02753 -7.02851 -6.82248 -8.10908 -5.29737 -7.8879 -8.71231 -4.14334 -8.88726 -7.14814 -7.80853 -5.52007 -7.89396 -8.63506 -4.14902 -8.26935 -7.01242 -7.89555 -5.49022 -7.92667 -8.67327 -4.23352 -8.38677 -6.98507 -7.64815 -5.65849 -7.94862 -8.68456 -3.0987 -8.29522 -6.49313 -9.53107 -3.68864 -7.60496 -8.74685 -2.25373 -8.19027
95.76 -4.86254 -10.3955 -8.25369 -8.36591 -9.45736 -3.75599 -7.24831 -8.19864 -7.23269 -5.32533 -8.67689 -8.64582 -4.02839 -7.03493 -6.82072 -8.11048 -5.29736 -7.88786 -8.71277 -4.14308 -8.89059 -7.14872 -7.80846 -5.51985 -7.89392 -8.63493 -4.14907 -8.26843 -7.01241 -7.89545 -5.49027 -7.92665 -8.67326 -4.23353 -8.38696 -6.98502 -7.64819 -5.6585 -7.94863 -8.68457 -3.09868 -8.29525 -6.49315 -9.53106 -3.68863 -7.60496 -8.74684 -2.25373 -8.19025
95.81 -4.88627 -10.3931 -8.1833 -8.36446 -9.45025 -3.75716 -7.24719 -8.19975 -7.22902 -5.32554 -8.6594 -8.64207 -4.02929 -7.04224 -6.81901 -8.1119 -5.29737 -7.88783 -8.71323 -4.14282 -8.89368 -7.14932 -7.80837 -5.51964 -7.89389 -8.63479 -4.14912 -8.26753 -7.0124 -7.89536 -5.49032 -7.92663 -8.67326 -4.23355 -8.38717 -6.98497 -7.64823 -5.65851 -7.94864 -8.68459 -3.09867 -8.29527 -6.49317 -9.53105 -3.68862 -7.60497 -8.74684 -2.25373 -8.19023
95.86 -4.91161 -10.3895 -8.1115 -8.36357 -9.44272 -3.75853 -7.247 -8.20032 -7.22548 -5.32589 -8.64102 -8.63818 -4.03023 -7.05045 -6.81734 -8.11334 -5.29739 -7.88782 -8.71367 -4.14256 -8.89653 -7.14993 -7.80827 -5.51942 -7.89385 -8.63465 -4.14917 -8.26663 -7.01237 -7.89527 -5.49037 -7.9266 -8.67326 -4.23356 -8.38738 -6.98493 -7.64827 -5.65852 -7.94864 -8.6846 -3.09866 -8.2953 -6.49319 -9.53105 -3.68861 -7.60497 -8.74683 -2.25373 -8.1902
95.91 -4.93856 -10.3847 -8.0383 -8.36325 -9.43475 -3.76012 -7.24777 -8.20036 -7.22207 -5.32639 -8.62174 -8.63415 -4.03122 -7.05957 -6.81571 -8.11479 -5.29742 -7.88781 -8.71411 -4.14229 -8.89913 -7.15055 -7.80814 -5.51921 -7.89382 -8.63451 -4.14922 -8.26575 -7.01234 -7.89519 -5.49043 -7.92658 -8.67326 -4.23358 -8.38761 -6.98489 -7.64831 -5.65853 -7.94865 -8.68461 -3.09865 -8.29531 -6.49321 -9.53104 -3.68861 -7.60497 -8.74683 -2.25374 -8.19018
95.96 -4.96717 -10.3787 -7.9637 -8.36351 -9.42632 -3.76192 -7.24952 -8.19985 -7.21879 -5.32705 -8.60156 -8.62997 -4.03224 -7.06962 -6.81414 -8.11626 -5.29748 -7.88783 -8.71454 -4.14203 -8.90148 -7.15118 -7.808 -5.519 -7.8938 -8.63437 -4.14928 -8.26488 -7.0123 -7.89511 -5.49049 -7.92656 -8.67326 -4.23359 -8.38784 -6.98485 -7.64835 -5.65854 -7.94866 -8.68462 -3.09864 -8.29533 -6.49323 -9.53103 -3.6886 -7.60498 -8.74682 -2.25374 -8.19016
96.01 -4.99745 -10.3715 -7.88771 -8.36436 -9.41742 -3.76394 -7.25227 -8.19877 -7.21565 -5.32785 -8.58048 -8.62565 -4.03332 -7.08062 -6.81261 -8.11773 -5.29755 -7.88785 -8.71497 -4.14176 -8.90358 -7.15182 -7.80784 -5.51879 -7.89377 -8.63422 -4.14934 -8.26402 -7.01225 -7.89504 -5.49055 -7.92654 -8.67327 -4.2336 -8.38809 -6.98481 -7.64839 -5.65854 -7.94867 -8.68464 -3.09862 -8.29534 -6.49326 -9.53102 -3.6886 -7.60498 -8.74682 -2.25374 -8.19014
96.06 -5.02939 -10.3629 -7.81034 -8.36581 -9.40803 -3.76619 -7.25606 -8.19713 -7.21265 -5.3288 -8.55852 -8.62118 -4.03444 -7.09259 -6.81113 -8.11921 -5.29764 -7.88789 -8.71538 -4.1415 -8.90541 -7.15247 -7.80766 -5.51858 -7.89375 -8.63408 -4.14941 -8.26318 -7.0122 -7.89497 -5.49061 -7.92652 -8.67327 -4.23361 -8.38834 -6.98477 -7.64843 -5.65855 -7.94868 -8.68465 -3.09862 -8.29534 -6.49328 -9.53101 -3.6886 -7.60498 -8.74681 -2.25374 -8.19012
96.11 -5.06301 -10.353 -7.73162 -8.36787 -9.39813 -3.76867 -7.2609 -8.19489 -7.2098 -5.3299 -8.5357 -8.61658 -4.03561 -7.10553 -6.80971 -8.1207 -5.29776 -7.88795 -8.71578 -4.14124 -8.90699 -7.15312 -7.80747 -5.51838 -7.89374 -8.63393 -4.14947 -8.26235 -7.01213 -7.8949 -5.49067 -7.92649 -8.67328 -4.23362 -8.3886 -6.98473 -7.64847 -5.65856 -7.94869 -8.68466 -3.09861 -8.29534 -6.4933 -9.53099 -3.68859 -7.60499 -8.7468 -2.25375 -8.1901
96.16 -5.09827 -10.3417 -7.65159 -8.37054 -9.38773 -3.77139 -7.26682 -8.19205 -7.20709 -5.33116 -8.51206 -8.61184 -4.03682 -7.11945 -6.80834 -8.12219 -5.29789 -7.88802 -8.71617 -4.14098 -8.90829 -7.15378 -7.80726 -5.51818 -7.89372 -8.63378 -4.14954 -8.26154 -7.01206 -7.89485 -5.49074 -7.92647 -8.67329 -4.23362 -8.38887 -6.9847 -7.64851 -5.65856 -7.9487 -8.68467 -3.0986 -8.29534 -6.49332 -9.53098 -3.68859 -7.60499 -8.7468 -2.25375 -8.19008
96.21 -5.13513 -10.3291 -7.57032 -8.37384 -9.37683 -3.77434 -7.27386 -8.1886 -7.20455 -5.33258 -8.48765 -8.60699 -4.03809 -7.13437 -6.80703 -8.12368 -5.29806 -7.88811 -8.71655 -4.14072 -8.90932 -7.15445 -7.80703 -5.51798 -7.89371 -8.63363 -4.14961 -8.26075 -7.01198 -7.89479 -5.49081 -7.92645 -8.67331 -4.23363 -8.38914 -6.98467 -7.64855 -5.65857 -7.9487 -8.68468 -3.09859 -8.29533 -6.49334 -9.53097 -3.68859 -7.60499 -8.74679 -2.25375 -8.19006
96.26 -5.17355 -10.315 -7.48791 -8.37777 -9.36541 -3.77754 -7.28204 -8.18452 -7.20216 -5.33415 -8.46256 -8.60203 -4.0394 -7.15029 -6.80577 -8.12517 -5.29825 -7.88821 -8.71692 -4.14046 -8.91008 -7.15511 -7.80678 -5.51778 -7.89371 -8.63348 -4.14968 -8.25998 -7.01189 -7.89475 -5.49088 -7.92644 -8.67332 -4.23364 -8.38943 -6.98464 -7.64859 -5.65857 -7.94871 -8.68469 -3.09858 -8.29532 -6.49336 -9.53095 -3.68859 -7.605 -8.74679 -2.25376 -8.19004
96.31 -5.21343 -10.2995 -7.40446 -8.38235 -9.35351 -3.781 -7.29138 -8.1798 -7.19993 -5.33588 -8.43686 -8.59697 -4.04076 -7.16721 -6.80458 -8.12665 -5.29846 -7.88833 -8.71728 -4.14021 -8.91055 -7.15578 -7.80653 -5.51759 -7.89371 -8.63334 -4.14976 -8.25924 -7.01179 -7.89471 -5.49095 -7.92642 -8.67334 -4.23364 -8.38971 -6.98462 -7.64863 -5.65857 -7.94872 -8.6847 -3.09857 -8.29531 -6.49339 -9.53094 -3.6886 -7.605 -8.74678 -2.25376 -8.19003
96.36 -5.25468 -10.2825 -7.32014 -8.38757 -9.34115 -3.7847 -7.3019 -8.17443 -7.19787 -5.33778 -8.41068 -8.59185 -4.04217 -7.18512 -6.80344 -8.12812 -5.29871 -7.88846 -8.71762 -4.13996 -8.91074 -7.15645 -7.80625 -5.51741 -7.89372 -8.63319 -4.14983 -8.25851 -7.01169 -7.89467 -5.49102 -7.9264 -8.67336 -4.23364 -8.39001 -6.9846 -7.64867 -5.65857 -7.94873 -8.68471 -3.09857 -8.29529 -6.49341 -9.53092 -3.6886 -7.60501 -8.74677 -2.25376 -8.19001
96.41 -5.29715 -10.2641 -7.23512 -8.39345 -9.32835 -3.78866 -7.31362 -8.1684 -7.19599 -5.33984 -8.38413 -8.58668 -4.04363 -7.20401 -6.80238 -8.12959 -5.29899 -7.88862 -8.71795 -4.13972 -8.91063 -7.15711 -7.80596 -5.51723 -7.89373 -8.63304 -4.14991 -8.2578 -7.01158 -7.89464 -5.49109 -7.92638 -8.67338 -4.23364 -8.3903 -6.98458 -7.64871 -5.65857 -7.94874 -8.68471 -3.09856 -8.29526 -6.49343 -9.53091 -3.6886 -7.60501 -8.74677 -2.25376 -8.18999
96.46 -5.34068 -10.2442 -7.14964 -8.39999 -9.31516 -3.79286 -7.32655 -8.1617 -7.19429 -5.34206 -8.35738 -8.5815 -4.04512 -7.22386 -6.80137 -8.13104 -5.29929 -7.88879 -8.71827 -4.13948 -8.91022 -7.15778 -7.80566 -5.51705 -7.89374 -8.6329 -4.14999 -8.25712 -7.01146 -7.89462 -5.49117 -7.92637 -8.6734 -4.23365 -8.3906 -6.98456 -7.64875 -5.65857 -7.94875 -8.68472 -3.09856 -8.29524 -6.49345 -9.53089 -3.68861 -7.60501 -8.74676 -2.25377 -8.18998
96.51 -5.38509 -10.2228 -7.06395 -8.40718 -9.30165 -3.79732 -7.34069 -8.15432 -7.19277 -5.34446 -8.33057 -8.57634 -4.04666 -7.24463 -6.80044 -8.13247 -5.29964 -7.88898 -8.71858 -4.13924 -8.90951 -7.15844 -7.80535 -5.51688 -7.89377 -8.63276 -4.15007 -8.25647 -7.01133 -7.8946 -5.49124 -7.92635 -8.67342 -4.23364 -8.39091 -6.98454 -7.64879 -5.65857 -7.94876 -8.68473 -3.09855 -8.2952 -6.49347 -9.53088 -3.68862 -7.60502 -8.74676 -2.25377 -8.18997
96.56 -5.43017 -10.2 -6.97837 -8.41502 -9.28788 -3.80202 -7.35604 -8.14628 -7.19144 -5.34702 -8.30389 -8.57123 -4.04823 -7.26629 -6.79957 -8.13389 -5.30001 -7.88919 -8.71887 -4.13901 -8.9085 -7.1591 -7.80502 -5.51672 -7.89379 -8.63261 -4.15015 -8.25584 -7.0112 -7.89459 -5.49132 -7.92633 -8.67345 -4.23364 -8.39121 -6.98453 -7.64882 -5.65857 -7.94877 -8.68473 -3.09855 -8.29517 -6.49349 -9.53086 -3.68862 -7.60502 -8.74675 -2.25378 -8.18995
96.61 -5.47568 -10.1758 -6.89323 -8.4235 -9.27393 -3.80695 -7.37259 -8.13756 -7.1903 -5.34976 -8.27752 -8.56622 -4.04983 -7.28878 -6.79878 -8.13529 -5.30042 -7.88942 -8.71915 -4.13878 -8.90717 -7.15975 -7.80469 -5.51656 -7.89383 -8.63248 -4.15023 -8.25523 -7.01107 -7.89458 -5.49139 -7.92632 -8.67348 -4.23364 -8.39152 -6.98452 -7.64886 -5.65856 -7.94878 -8.68474 -3.09855 -8.29513 -6.49351 -9.53084 -3.68863 -7.60503 -8.74675 -2.25378 -8.18994
96.66 -5.52138 -10.1503 -6.80889 -8.4326 -9.25989 -3.81211 -7.39032 -8.12818 -7.18937 -5.35266 -8.25164 -8.56134 -4.05146 -7.31204 -6.79806 -8.13666 -5.30086 -7.88968 -8.71941 -4.13856 -8.90553 -7.16039 -7.80434 -5.51641 -7.89387 -8.63234 -4.15032 -8.25465 -7.01093 -7.89458 -5.49147 -7.92631 -8.67351 -4.23364 -8.39183 -6.98451 -7.64889 -5.65856 -7.94879 -8.68474 -3.09855 -8.29509 -6.49353 -9.53082 -3.68864 -7.60503 -8.74674 -2.25378 -8.18993
96.71 -5.567 -10.1234 -6.72576 -8.44231 -9.24586 -3.81748 -7.40918 -8.11815 -7.18864 -5.35573 -8.22645 -8.55665 -4.0531 -7.33601 -6.79742 -8.13801 -5.30133 -7.88995 -8.71966 -4.13835 -8.90357 -7.16103 -7.80398 -5.51627 -7.89391 -8.63221 -4.1504 -8.2541 -7.01078 -7.89459 -5.49154 -7.92629 -8.67354 -4.23363 -8.39214 -6.98451 -7.64893 -5.65855 -7.9488 -8.68475 -3.09855 -8.29504 -6.49355 -9.5308 -3.68865 -7.60504 -8.74674 -2.25379 -8.18992
96.76 -5.61229 -10.0954 -6.64423 -8.4526 -9.23193 -3.82304 -7.42914 -8.1075 -7.18812 -5.35897 -8.20211 -8.55217 -4.05475 -7.36059 -6.79685 -8.13933 -5.30183 -7.89024 -8.71989 -4.13814 -8.90129 -7.16166 -7.80362 -5.51613 -7.89396 -8.63208 -4.15048 -8.25358 -7.01063 -7.8946 -5.49162 -7.92628 -8.67357 -4.23363 -8.39246 -6.9845 -7.64896 -5.65855 -7.94881 -8.68475 -3.09855 -8.29499 -6.49357 -9.53079 -3.68866 -7.60504 -8.74673 -2.25379 -8.18992
96.81 -5.65699 -10.0662 -6.56472 -8.46342 -9.21821 -3.82877 -7.45013 -8.09624 -7.18782 -5.36236 -8.17878 -8.54795 -4.0564 -7.38571 -6.79637 -8.14062 -5.30237 -7.89055 -8.7201 -4.13794 -8.89869 -7.16228 -7.80324 -5.516 -7.89402 -8.63195 -4.15057 -8.25309 -7.01047 -7.89461 -5.49169 -7.92627 -8.67361 -4.23362 -8.39277 -6.9845 -7.64899 -5.65854 -7.94882 -8.68475 -3.09855 -8.29494 -6.49359 -9.53077 -3.68867 -7.60505 -8.74673 -2.25379 -8.18991
96.86 -5.70087 -10.036 -6.48764 -8.47475 -9.20479 -3.83465 -7.4721 -8.0844 -7.18774 -5.36591 -8.15659 -8.54402 -4.05805 -7.41125 -6.79597 -8.14188 -5.30293 -7.89088 -8.7203 -4.13775 -8.89577 -7.16288 -7.80286 -5.51588 -7.89408 -8.63183 -4.15065 -8.25264 -7.01031 -7.89464 -5.49176 -7.92626 -8.67364 -4.23361 -8.39308 -6.98451 -7.64902 -5.65853 -7.94882 -8.68475 -3.09855 -8.29489 -6.4936 -9.53075 -3.68869 -7.60505 -8.74672 -2.2538 -8.1899
96.91 -5.74369 -10.0049 -6.41336 -8.48653 -9.19175 -3.84066 -7.49496 -8.07203 -7.18788 -5.36961 -8.13566 -8.54041 -4.05967 -7.43712 -6.79565 -8.14311 -5.30352 -7.89124 -8.72048 -4.13757 -8.89253 -7.16348 -7.80247 -5.51576 -7.89415 -8.63171 -4.15073 -8.25221 -7.01014 -7.89467 -5.49184 -7.92625 -8.67368 -4.2336 -8.39339 -6.98451 -7.64905 -5.65852 -7.94883 -8.68475 -3.09855 -8.29483 -6.49362 -9.53073 -3.6887 -7.60506 -8.74672 -2.2538 -8.1899
96.96 -5.78525 -9.97303 -6.34227 -8.49871 -9.1792 -3.84678 -7.51864 -8.05916 -7.18825 -5.37346 -8.11606 -8.53714 -4.06127 -7.46322 -6.79542 -8.14429 -5.30413 -7.89161 -8.72064 -4.13739 -8.88898 -7.16406 -7.80207 -5.51565 -7.89422 -8.63159 -4.15082 -8.25181 -7.00997 -7.8947 -5.49191 -7.92624 -8.67371 -4.23359 -8.3937 -6.98452 -7.64908 -5.65851 -7.94884 -8.68475 -3.09855 -8.29477 -6.49364 -9.53071 -3.68871 -7.60506 -8.74671 -2.2538 -8.18989
97.01 -5.8254 -9.9405 -6.27469 -8.51124 -9.16718 -3.85297 -7.54304 -8.04583 -7.18884 -5.37743 -8.09786 -8.53423 -4.06284 -7.48942 -6.79528 -8.14544 -5.30476 -7.892 -8.72078 -4.13722 -8.88512 -7.16463 -7.80167 -5.51555 -7.8943 -8.63148 -4.1509 -8.25145 -7.0098 -7.89474 -5.49198 -7.92623 -8.67375 -4.23358 -8.394 -6.98453 -7.6491 -5.6585 -7.94885 -8.68475 -3.09855 -8.2947 -6.49365 -9.53069 -3.68873 -7.60506 -8.74671 -2.25381 -8.18989
97.06 -5.86397 -9.90744 -6.2109 -8.52406 -9.15576 -3.8592 -7.56807 -8.03209 -7.18967 -5.38153 -8.08108 -8.53169 -4.06436 -7.51562 -6.79523 -8.14654 -5.30541 -7.89241 -8.7209 -4.13706 -8.88096 -7.16518 -7.80126 -5.51546 -7.89438 -8.63137 -4.15098 -8.25112 -7.00962 -7.89479 -5.49205 -7.92623 -8.67379 -4.23357 -8.3943 -6.98455 -7.64913 -5.65849 -7.94886 -8.68475 -3.09856 -8.29464 -6.49367 -9.53067 -3.68875 -7.60507 -8.74671 -2.25381 -8.18989
97.11 -5.90087 -9.87398 -6.15116 -8.5371 -9.14499 -3.86546 -7.59363 -8.018 -7.19073 -5.38573 -8.06574 -8.52953 -4.06583 -7.54172 -6.79528 -8.14759 -5.30607 -7.89283 -8.721 -4.13691 -8.8765 -7.16571 -7.80085 -5.51538 -7.89446 -8.63127 -4.15106 -8.25083 -7.00944 -7.89484 -5.49212 -7.92622 -8.67383 -4.23356 -8.3946 -6.98456 -7.64915 -5.65848 -7.94886 -8.68475 -3.09856 -8.29457 -6.49368 -9.53065 -3.68876 -7.60507 -8.7467 -2.25381 -8.18989
97.16 -5.93601 -9.84025 -6.09566 -8.5503 -9.13489 -3.87172 -7.61962 -8.00361 -7.19203 -5.39004 -8.05181 -8.52775 -4.06725 -7.5676 -6.79541 -8.1486 -5.30675 -7.89327 -8.72108 -4.13677 -8.87176 -7.16622 -7.80044 -5.5153 -7.89455 -8.63117 -4.15114 -8.25058 -7.00926 -7.89489 -5.49219 -7.92622 -8.67387 -4.23354 -8.39489 -6.98458 -7.64918 -5.65847 -7.94887 -8.68475 -3.09857 -8.2945 -6.49369 -9.53063 -3.68878 -7.60508 -8.7467 -2.25382 -8.18989
97.21 -5.96932 -9.80637 -6.04455 -8.5636 -9.12547 -3.87795 -7.64595 -7.98895 -7.19356 -5.39442 -8.03926 -8.52633 -4.06859 -7.59318 -6.79565 -8.14956 -5.30742 -7.89373 -8.72114 -4.13663 -8.86674 -7.16672 -7.80002 -5.51524 -7.89464 -8.63107 -4.15122 -8.25036 -7.00908 -7.89495 -5.49225 -7.92621 -8.67392 -4.23353 -8.39518 -6.9846 -7.6492 -5.65845 -7.94888 -8.68475 -3.09858 -8.29442 -6.49371 -9.53061 -3.6888 -7.60508 -8.7467 -2.25382 -8.18989
97.26 -6.00079 -9.77245 -5.99794 -8.57694 -9.11676 -3.88413 -7.67251 -7.9741 -7.19532 -5.39888 -8.02805 -8.52527 -4.06987 -7.61836 -6.79597 -8.15047 -5.3081 -7.8942 -8.72117 -4.13651 -8.86147 -7.1672 -7.7996 -5.51518 -7.89474 -8.63099 -4.15129 -8.25018 -7.0089 -7.89502 -5.49232 -7.92621 -8.67396 -4.23351 -8.39547 -6.98462 -7.64921 -5.65844 -7.94889 -8.68474 -3.09858 -8.29435 -6.49372 -9.53059 -3.68882 -7.60509 -8.74669 -2.25382 -8.1899
97.31 -6.03039 -9.73862 -5.95587 -8.59026 -9.10873 -3.89024 -7.69922 -7.95909 -7.19731 -5.40339 -8.01813 -8.52455 -4.07107 -7.64305 -6.7964 -8.15132 -5.30878 -7.89467 -8.72119 -4.1364 -8.85595 -7.16765 -7.79918 -5.51513 -7.89483 -8.6309 -4.15137 -8.25004 -7.00871 -7.89509 -5.49238 -7.92621 -8.674 -4.2335 -8.39574 -6.98465 -7.64923 -5.65842 -7.94889 -8.68474 -3.09859 -8.29427 -6.49373 -9.53057 -3.68884 -7.60509 -8.74669 -2.25383 -8.1899
97.36 -6.05813 -9.70496 -5.91838 -8.60351 -9.10138 -3.89626 -7.72598 -7.94398 -7.19953 -5.40794 -8.00942 -8.52416 -4.0722 -7.66717 -6.79692 -8.15212 -5.30946 -7.89516 -8.72118 -4.1363 -8.8502 -7.16808 -7.79876 -5.51509 -7.89493 -8.63082 -4.15144 -8.24993 -7.00852 -7.89517 -5.49244 -7.9262 -8.67405 -4.23348 -8.39602 -6.98468 -7.64925 -5.65841 -7.9489 -8.68473 -3.0986 -8.29419 -6.49374 -9.53055 -3.68886 -7.6051 -8.74669 -2.25383 -8.18991
97.41 -6.08404 -9.67158 -5.88544 -8.61663 -9.0947 -3.90218 -7.75272 -7.92881 -7.20198 -5.41252 -8.00187 -8.52407 -4.07324 -7.69067 -6.79753 -8.15286 -5.31012 -7.89566 -8.72114 -4.13621 -8.84423 -7.16849 -7.79835 -5.51505 -7.89503 -8.63075 -4.15151 -8.24987 -7.00834 -7.89525 -5.4925 -7.9262 -8.67409 -4.23346 -8.39628 -6.98471 -7.64926 -5.65839 -7.94891 -8.68473 -3.09861 -8.29411 -6.49375 -9.53054 -3.68888 -7.6051 -8.74669 -2.25383 -8.18991
97.46 -6.10814 -9.63857 -5.85699 -8.62958 -9.08866 -3.90797 -7.77935 -7.91363 -7.20464 -5.4171 -7.9954 -8.52428 -4.0742 -7.71348 -6.79825 -8.15353 -5.31077 -7.89616 -8.72109 -4.13613 -8.83807 -7.16887 -7.79793 -5.51503 -7.89513 -8.63068 -4.15158 -8.24985 -7.00815 -7.89533 -5.49256 -7.9262 -8.67414 -4.23344 -8.39654 -6.98474 -7.64927 -5.65838 -7.94891 -8.68472 -3.09862 -8.29403 -6.49375 -9.53052 -3.6889 -7.6051 -8.74668 -2.25384 -8.18992
97.51 -6.13047 -9.606 -5.83297 -8.64232 -9.08322 -3.91363 -7.8058 -7.89849 -7.20753 -5.42168 -7.98996 -8.52475 -4.07507 -7.73553 -6.79905 -8.15415 -5.31141 -7.89667 -8.721 -4.13606 -8.83173 -7.16923 -7.79752 -5.51501 -7.89523 -8.63062 -4.15165 -8.24986 -7.00796 -7.89542 -5.49261 -7.92621 -8.67418 -4.23342 -8.39678 -6.98477 -7.64928 -5.65836 -7.94892 -8.68472 -3.09863 -8.29394 -6.49376 -9.5305 -3.68892 -7.60511 -8.74668 -2.25384 -8.18993
97.56 -6.15107 -9.57394 -5.81326 -8.65482 -9.07838 -3.91915 -7.83201 -7.88342 -7.21062 -5.42625 -7.98548 -8.52547 -4.07586 -7.7568 -6.79996 -8.1547 -5.31203 -7.89718 -8.7209 -4.136 -8.82523 -7.16957 -7.79711 -5.51501 -7.89533 -8.63056 -4.15172 -8.24992 -7.00777 -7.89552 -5.49266 -7.92621 -8.67423 -4.2334 -8.39702 -6.98481 -7.64929 -5.65834 -7.94892 -8.68471 -3.09864 -8.29386 -6.49377 -9.53048 -3.68894 -7.60511 -8.74668 -2.25384 -8.18994
97.61 -6.16999 -9.54246 -5.79776 -8.66705 -9.0741 -3.92451 -7.8579 -7.86846 -7.21392 -5.43078 -7.98189 -8.52643 -4.07656 -7.77724 -6.80095 -8.15518 -5.31262 -7.89769 -8.72076 -4.13595 -8.81859 -7.16987 -7.79671 -5.51501 -7.89542 -8.63051 -4.15178 -8.25002 -7.00759 -7.89561 -5.49271 -7.92621 -8.67427 -4.23338 -8.39726 -6.98485 -7.64929 -5.65833 -7.94893 -8.6847 -3.09865 -8.29377 -6.49377 -9.53046 -3.68896 -7.60512 -8.74668 -2.25384 -8.18995
97.66 -6.18727 -9.51162 -5.78632 -8.67897 -9.07034 -3.92971 -7.88344 -7.85364 -7.21742 -5.43527 -7.97915 -8.52759 -4.07718 -7.79682 -6.80204 -8.1556 -5.3132 -7.89819 -8.72061 -4.13592 -8.81182 -7.17015 -7.79631 -5.51502 -7.89552 -8.63046 -4.15184 -8.25017 -7.0074 -7.89571 -5.49276 -7.92622 -8.67432 -4.23336 -8.39748 -6.98489 -7.6493 -5.65831 -7.94893 -8.68469 -3.09866 -8.29369 -6.49377 -9.53045 -3.68898 -7.60512 -8.74668 -2.25385 -8.18996
97.71 -6.20296 -9.48146 -5.7788 -8.69058 -9.06709 -3.93474 -7.90856 -7.839 -7.22111 -5.4397 -7.9772 -8.52895 -4.07771 -7.81552 -6.80322 -8.15595 -5.31375 -7.8987 -8.72043 -4.1359 -8.80495 -7.1704 -7.79591 -5.51504 -7.89562 -8.63042 -4.1519 -8.25035 -7.00722 -7.89582 -5.4928 -7.92622 -8.67436 -4.23334 -8.39769 -6.98493 -7.6493 -5.65829 -7.94893 -8.68468 -3.09867 -8.2936 -6.49378 -9.53043 -3.68901 -7.60512 -8.74668 -2.25385 -8.18997
97.76 -6.21711 -9.45204 -5.77506 -8.70186 -9.06432 -3.93959 -7.93322 -7.82457 -7.22498 -5.44407 -7.97599 -8.53048 -4.07816 -7.83331 -6.80449 -8.15623 -5.31428 -7.8992 -8.72022 -4.13589 -8.798 -7.17062 -7.79553 -5.51507 -7.89571 -8.63039 -4.15195 -8.25058 -7.00704 -7.89592 -5.49284 -7.92623 -8.67441 -4.23332 -8.39789 -6.98497 -7.6493 -5.65827 -7.94894 -8.68468 -3.09868 -8.29352 -6.49378 -9.53042 -3.68903 -7.60513 -8.74668 -2.25385 -8.18998
97.81 -6.22976 -9.42339 -5.77494 -8.71279 -9.06201 -3.94427 -7.95738 -7.81037 -7.22902 -5.44835 -7.97549 -8.53218 -4.07853 -7.85018 -6.80584 -8.15643 -5.31477 -7.8997 -8.71999 -4.13589 -8.79097 -7.17081 -7.79515 -5.51511 -7.8958 -8.63036 -4.15201 -8.25085 -7.00686 -7.89603 -5.49288 -7.92623 -8.67445 -4.23329 -8.39808 -6.98502 -7.6493 -5.65825 -7.94894 -8.68467 -3.0987 -8.29343 -6.49378 -9.5304 -3.68905 -7.60513 -8.74668 -2.25385 -8.19
97.86 -6.24095 -9.39555 -5.7783 -8.72337 -9.06012 -3.94876 -7.981 -7.79643 -7.23324 -5.45254 -7.97567 -8.53402 -4.07882 -7.86612 -6.80728 -8.15657 -5.31524 -7.90019 -8.71974 -4.13591 -8.7839 -7.17097 -7.79478 -5.51516 -7.89589 -8.63034 -4.15206 -8.25116 -7.00669 -7.89615 -5.49291 -7.92624 -8.6745 -4.23327 -8.39826 -6.98507 -7.6493 -5.65823 -7.94894 -8.68466 -3.09871 -8.29334 -6.49378 -9.53039 -3.68907 -7.60513 -8.74668 -2.25386 -8.19001
97.91 -6.25071 -9.36855 -5.78497 -8.73359 -9.05866 -3.95307 -8.00405 -7.78277 -7.23761 -5.45664 -7.97648 -8.536 -4.07904 -7.88112 -6.80879 -8.15663 -5.31569 -7.90067 -8.71946 -4.13594 -8.77679 -7.17109 -7.79442 -5.51522 -7.89598 -8.63032 -4.1521 -8.25151 -7.00652 -7.89626 -5.49294 -7.92625 -8.67454 -4.23325 -8.39842 -6.98511 -7.64929 -5.65821 -7.94894 -8.68464 -3.09872 -8.29326 -6.49378 -9.53037 -3.6891 -7.60513 -8.74668 -2.25386 -8.19003
97.96 -6.25909 -9.34242 -5.79483 -8.74345 -9.05759 -3.95719 -8.0265 -7.76941 -7.24212 -5.46063 -7.9779 -8.53811 -4.07918 -7.89519 -6.81038 -8.15662 -5.3161 -7.90114 -8.71916 -4.13598 -8.76967 -7.17119 -7.79407 -5.51528 -7.89606 -8.63031 -4.15215 -8.25191 -7.00635 -7.89638 -5.49297 -7.92626 -8.67458 -4.23322 -8.39858 -6.98516 -7.64928 -5.65819 -7.94895 -8.68463 -3.09874 -8.29317 -6.49378 -9.53036 -3.68912 -7.60514 -8.74668 -2.25386 -8.19005
98.01 -6.26611 -9.31718 -5.80771 -8.75296 -9.0569 -3.96112 -8.04832 -7.75638 -7.24678 -5.4645 -7.97991 -8.54033 -4.07925 -7.90831 -6.81205 -8.15654 -5.31649 -7.90161 -8.71884 -4.13603 -8.76255 -7.17125 -7.79373 -5.51536 -7.89615 -8.63031 -4.15219 -8.25234 -7.00618 -7.8965 -5.493 -7.92627 -8.67462 -4.2332 -8.39872 -6.98522 -7.64928 -5.65817 -7.94895 -8.68462 -3.09875 -8.29308 -6.49377 -9.53035 -3.68914 -7.60514 -8.74668 -2.25386 -8.19006
98.06 -6.27179 -9.29287 -5.8235 -8.7621 -9.05658 -3.96486 -8.06949 -7.74368 -7.25156 -5.46825 -7.9825 -8.54265 -4.07925 -7.9205 -6.81378 -8.15638 -5.31685 -7.90206 -8.7185 -4.1361 -8.75545 -7.17129 -7.7934 -5.51544 -7.89622 -8.63031 -4.15222 -8.25282 -7.00602 -7.89662 -5.49302 -7.92628 -8.67467 -4.23318 -8.39885 -6.98527 -7.64926 -5.65815 -7.94895 -8.68461 -3.09877 -8.293 -6.49377 -9.53033 -3.68916 -7.60514 -8.74668 -2.25386 -8.19008
98.11 -6.27616 -9.26949 -5.84206 -8.7709 -9.05663 -3.96841 -8.08998 -7.73134 -7.25647 -5.47187 -7.98565 -8.54507 -4.07919 -7.93175 -6.81558 -8.15615 -5.31717 -7.90249 -8.71814 -4.13617 -8.74839 -7.17129 -7.79308 -5.51553 -7.8963 -8.63032 -4.15226 -8.25333 -7.00587 -7.89675 -5.49304 -7.92629 -8.67471 -4.23315 -8.39896 -6.98532 -7.64925 -5.65813 -7.94895 -8.6846 -3.09878 -8.29292 -6.49377 -9.53032 -3.68918 -7.60514 -8.74669 -2.25387 -8.1901
98.16 -6.27924 -9.24706 -5.86328 -8.77934 -9.05702 -3.97176 -8.10978 -7.71937 -7.26148 -5.47536 -7.98934 -8.54758 -4.07906 -7.94207 -6.81745 -8.15584 -5.31748 -7.90292 -8.71775 -4.13626 -8.74137 -7.17125 -7.79278 -5.51563 -7.89638 -8.63034 -4.15229 -8.25388 -7.00572 -7.89687 -5.49305 -7.9263 -8.67475 -4.23313 -8.39906 -6.98537 -7.64924 -5.65811 -7.94895 -8.68458 -3.0988 -8.29283 -6.49376 -9.53031 -3.68921 -7.60515 -8.74669 -2.25387 -8.19012
98.21 -6.28105 -9.22562 -5.88705 -8.78744 -9.05775 -3.97492 -8.12886 -7.70778 -7.26659 -5.4787 -7.99358 -8.55018 -4.07887 -7.95146 -6.81937 -8.15547 -5.31775 -7.90333 -8.71735 -4.13637 -8.73442 -7.17119 -7.79249 -5.51574 -7.89645 -8.63036 -4.15231 -8.25447 -7.00557 -7.897 -5.49307 -7.92632 -8.67479 -4.23311 -8.39915 -6.98543 -7.64922 -5.6581 -7.94895 -8.68457 -3.09881 -8.29275 -6.49375 -9.5303 -3.68923 -7.60515 -8.74669 -2.25387 -8.19014
98.26 -6.28159 -9.20516 -5.91327 -8.79521 -9.05883 -3.97788 -8.14721 -7.69659 -7.27178 -5.4819 -7.99836 -8.55285 -4.07862 -7.95994 -6.82135 -8.15502 -5.318 -7.90373 -8.71693 -4.13648 -8.72754 -7.17109 -7.79222 -5.51585 -7.89652 -8.63039 -4.15234 -8.2551 -7.00544 -7.89712 -5.49308 -7.92633 -8.67482 -4.23308 -8.39923 -6.98548 -7.6492 -5.65808 -7.94895 -8.68456 -3.09883 -8.29267 -6.49374 -9.53029 -3.68925 -7.60515 -8.74669 -2.25387 -8.19016
98.31 -6.28087 -9.18571 -5.94185 -8.80265 -9.06023 -3.98064 -8.16482 -7.68581 -7.27705 -5.48495 -8.00369 -8.55559 -4.07831 -7.9675 -6.82338 -8.1545 -5.31823 -7.90411 -8.71649 -4.13661 -8.72076 -7.17096 -7.79196 -5.51597 -7.89658 -8.63043 -4.15236 -8.25576 -7.0053 -7.89725 -5.49308 -7.92635 -8.67486 -4.23306 -8.39928 -6.98554 -7.64919 -5.65806 -7.94895 -8.68454 -3.09884 -8.29259 -6.49374 -9.53028 -3.68927 -7.60515 -8.74669 -2.25387 -8.19018
98.36 -6.2789 -9.16729 -5.97271 -8.80977 -9.06198 -3.9832 -8.18165 -7.67545 -7.28238 -5.48784 -8.00955 -8.55841 -4.07795 -7.97416 -6.82545 -8.15391 -5.31843 -7.90447 -8.71604 -4.13675 -8.71408 -7.1708 -7.79171 -5.51611 -7.89665 -8.63047 -4.15237 -8.25645 -7.00518 -7.89738 -5.49308 -7.92636 -8.67489 -4.23303 -8.39933 -6.9856 -7.64916 -5.65804 -7.94894 -8.68453 -3.09886 -8.29252 -6.49373 -9.53028 -3.68929 -7.60515 -8.7467 -2.25387 -8.19021
98.41 -6.27567 -9.14991 -6.0058 -8.81657 -9.06405 -3.98556 -8.19771 -7.66553 -7.28777 -5.49057 -8.01597 -8.56129 -4.07754 -7.97992 -6.82756 -8.15324 -5.3186 -7.90482 -8.71557 -4.13689 -8.70751 -7.1706 -7.79149 -5.51624 -7.89671 -8.63052 -4.15239 -8.25718 -7.00505 -7.89751 -5.49308 -7.92638 -8.67493 -4.23301 -8.39936 -6.98565 -7.64914 -5.65802 -7.94894 -8.68452 -3.09887 -8.29244 -6.49372 -9.53027 -3.68931 -7.60515 -8.7467 -2.25387 -8.19023
98.46 -6.27118 -9.13359 -6.04104 -8.82308 -9.06647 -3.98773 -8.21298 -7.65605 -7.2932 -5.49314 -8.02295 -8.56424 -4.07708 -7.98479 -6.82971 -8.15252 -5.31876 -7.90515 -8.71509 -4.13705 -8.70108 -7.17038 -7.79128 -5.51639 -7.89677 -8.63057 -4.15239 -8.25794 -7.00494 -7.89763 -5.49308 -7.9264 -8.67496 -4.23299 -8.39938 -6.98571 -7.64912 -5.658 -7.94894 -8.6845 -3.09889 -8.29237 -6.4937 -9.53027 -3.68933 -7.60515 -8.7467 -2.25387 -8.19025
98.51 -6.26542 -9.11833 -6.07841 -8.82929 -9.06923 -3.98968 -8.22744 -7.64702 -7.29866 -5.49555 -8.03051 -8.56726 -4.07657 -7.98877 -6.8319 -8.15172 -5.31889 -7.90547 -8.7146 -4.13722 -8.69478 -7.17012 -7.79108 -5.51654 -7.89682 -8.63064 -4.1524 -8.25873 -7.00483 -7.89776 -5.49307 -7.92641 -8.67499 -4.23296 -8.39938 -6.98577 -7.64909 -5.65798 -7.94894 -8.68449 -3.0989 -8.2923 -6.49369 -9.53026 -3.68935 -7.60515 -8.74671 -2.25387 -8.19027
98.56 -6.25838 -9.10418 -6.11785 -8.83521 -9.07233 -3.99144 -8.24107 -7.63845 -7.30414 -5.49779 -8.03866 -8.57033 -4.07602 -7.99187 -6.83411 -8.15086 -5.319 -7.90576 -8.71409 -4.13741 -8.68863 -7.16983 -7.79091 -5.5167 -7.89688 -8.6307 -4.1524 -8.25954 -7.00474 -7.89788 -5.49306 -7.92643 -8.67502 -4.23294 -8.39936 -6.98582 -7.64906 -5.65796 -7.94893 -8.68447 -3.09892 -8.29223 -6.49368 -9.53026 -3.68936 -7.60515 -8.74671 -2.25387 -8.1903
98.61 -6.25005 -9.09113 -6.15936 -8.84085 -9.07579 -3.99298 -8.25386 -7.63037 -7.30962 -5.49985 -8.04741 -8.57348 -4.07542 -7.99409 -6.83634 -8.14993 -5.3191 -7.90604 -8.71357 -4.1376 -8.68264 -7.16951 -7.79075 -5.51687 -7.89693 -8.63078 -4.1524 -8.26039 -7.00464 -7.89801 -5.49304 -7.92645 -8.67505 -4.23292 -8.39933 -6.98588 -7.64904 -5.65795 -7.94893 -8.68446 -3.09894 -8.29216 -6.49366 -9.53025 -3.68938 -7.60515 -8.74672 -2.25387 -8.19032
98.66 -6.24039 -9.07921 -6.20292 -8.84621 -9.07962 -3.99431 -8.2658 -7.62276 -7.3151 -5.50175 -8.05681 -8.57669 -4.07477 -7.99544 -6.83859 -8.14894 -5.31917 -7.9063 -8.71305 -4.1378 -8.67682 -7.16916 -7.79061 -5.51704 -7.89698 -8.63086 -4.15239 -8.26125 -7.00456 -7.89813 -5.49303 -7.92647 -8.67508 -4.2329 -8.39929 -6.98593 -7.64901 -5.65793 -7.94893 -8.68445 -3.09895 -8.2921 -6.49365 -9.53025 -3.6894 -7.60515 -8.74672 -2.25387 -8.19034
98.71 -6.22939 -9.06844 -6.24853 -8.85131 -9.08382 -3.99544 -8.27687 -7.61566 -7.32057 -5.50347 -8.06686 -8.57996 -4.07409 -7.99592 -6.84085 -8.1479 -5.31923 -7.90654 -8.71251 -4.13801 -8.67117 -7.16878 -7.79049 -5.51721 -7.89703 -8.63095 -4.15238 -8.26214 -7.00448 -7.89825 -5.49301 -7.92649 -8.6751 -4.23288 -8.39923 -6.98599 -7.64898 -5.65791 -7.94892 -8.68443 -3.09897 -8.29204 -6.49363 -9.53025 -3.68941 -7.60515 -8.74672 -2.25387 -8.19037
98.76 -6.21702 -9.05885 -6.2962 -8.85615 -9.0884 -3.99634 -8.28705 -7.60906 -7.326 -5.50501 -8.0776 -8.58331 -4.07337 -7.99552 -6.84312 -8.14679 -5.31928 -7.90676 -8.71197 -4.13822 -8.66572 -7.16837 -7.79039 -5.51739 -7.89707 -8.63104 -4.15236 -8.26305 -7.00442 -7.89837 -5.49298 -7.92651 -8.67512 -4.23286 -8.39916 -6.98605 -7.64894 -5.6579 -7.94892 -8.68442 -3.09898 -8.29198 -6.49362 -9.53025 -3.68943 -7.60515 -8.74673 -2.25387 -8.19039
98.81 -6.20323 -9.05046 -6.34596 -8.86074 -9.09339 -3.99702 -8.29632 -7.60298 -7.3314 -5.50638 -8.08906 -8.58673 -4.0726 -7.99425 -6.8454 -8.14563 -5.3193 -7.90697 -8.71142 -4.13845 -8.66045 -7.16794 -7.79031 -5.51758 -7.89711 -8.63114 -4.15235 -8.26398 -7.00436 -7.89849 -5.49295 -7.92653 -8.67514 -4.23284 -8.39907 -6.9861 -7.64891 -5.65788 -7.94891 -8.6844 -3.099 -8.29193 -6.4936 -9.53025 -3.68944 -7.60515 -8.74673 -2.25387 -8.19042
98.86 -6.188 -9.0433 -6.39783 -8.86507 -9.0988 -3.99749 -8.30467 -7.59743 -7.33675 -5.50756 -8.10128 -8.59022 -4.0718 -7.9921 -6.84767 -8.14441 -5.31931 -7.90715 -8.71087 -4.13869 -8.6554 -7.16748 -7.79025 -5.51777 -7.89716 -8.63124 -4.15232 -8.26493 -7.00431 -7.8986 -5.49292 -7.92655 -8.67516 -4.23282 -8.39896 -6.98615 -7.64888 -5.65787 -7.94891 -8.68439 -3.09901 -8.29188 -6.49358 -9.53025 -3.68946 -7.60515 -8.74674 -2.25387 -8.19044
98.91 -6.17128 -9.03739 -6.45186 -8.86916 -9.10465 -3.99772 -8.31206 -7.59243 -7.34203 -5.50857 -8.11428 -8.5938 -4.07096 -7.98906 -6.84993 -8.14315 -5.31931 -7.90731 -8.71032 -4.13893 -8.65055 -7.16699 -7.7902 -5.51797 -7.8972 -8.63135 -4.1523 -8.26589 -7.00427 -7.89871 -5.49289 -7.92657 -8.67518 -4.2328 -8.39885 -6.98621 -7.64884 -5.65785 -7.9489 -8.68437 -3.09902 -8.29183 -6.49357 -9.53026 -3.68947 -7.60515 -8.74674 -2.25387 -8.19046
98.96 -6.15303 -9.03277 -6.5081 -8.87301 -9.11095 -3.99772 -8.31849 -7.58798 -7.34724 -5.50938 -8.12812 -8.59746 -4.07008 -7.98514 -6.85219 -8.14184 -5.31929 -7.90745 -8.70976 -4.13917 -8.64592 -7.16648 -7.79018 -5.51817 -7.89723 -8.63147 -4.15227 -8.26686 -7.00423 -7.89882 -5.49285 -7.92659 -8.67519 -4.23278 -8.39872 -6.98626 -7.64881 -5.65784 -7.94889 -8.68436 -3.09904 -8.29179 -6.49355 -9.53026 -3.68948 -7.60514 -8.74675 -2.25386 -8.19049
99.01 -6.13318 -9.02948 -6.56662 -8.87661 -9.11774 -3.99748 -8.32391 -7.58411 -7.35236 -5.51002 -8.14283 -8.60121 -4.06916 -7.98031 -6.85442 -8.14048 -5.31926 -7.90757 -8.70921 -4.13943 -8.64152 -7.16594 -7.79018 -5.51837 -7.89727 -8.63159 -4.15224 -8.26785 -7.00421 -7.89893 -5.49281 -7.92662 -8.67521 -4.23276 -8.39857 -6.98631 -7.64877 -5.65783 -7.94889 -8.68435 -3.09905 -8.29175 -6.49353 -9.53026 -3.68949 -7.60514 -8.74675 -2.25386 -8.19051
99.06 -6.1117 -9.02755 -6.62748 -8.87997 -9.12502 -3.997 -8.32831 -7.58082 -7.35738 -5.51046 -8.15846 -8.60506 -4.06821 -7.97457 -6.85664 -8.13908 -5.31921 -7.90767 -8.70865 -4.13969 -8.63736 -7.16538 -7.7902 -5.51857 -7.8973 -8.63171 -4.1522 -8.26884 -7.00419 -7.89903 -5.49277 -7.92664 -8.67522 -4.23274 -8.39841 -6.98636 -7.64873 -5.65781 -7.94888 -8.68433 -3.09907 -8.29171 -6.49351 -9.53027 -3.6895 -7.60514 -8.74676 -2.25386 -8.19054
99.11 -6.08852 -9.02703 -6.69077 -8.88309 -9.13283 -3.99626 -8.33166 -7.57813 -7.36229 -5.51072 -8.17505 -8.60901 -4.06721 -7.96791 -6.85882 -8.13764 -5.31915 -7.90775 -8.7081 -4.13995 -8.63344 -7.1648 -7.79024 -5.51878 -7.89733 -8.63184 -4.15216 -8.26984 -7.00418 -7.89913 -5.49273 -7.92666 -8.67523 -4.23273 -8.39824 -6.98641 -7.64869 -5.6578 -7.94887 -8.68432 -3.09908 -8.29168 -6.49349 -9.53027 -3.68951 -7.60514 -8.74676 -2.25386 -8.19056
99.16 -6.0636 -9.02795 -6.75655 -8.88597 -9.14118 -3.99527 -8.33392 -7.57606 -7.36708 -5.51078 -8.19264 -8.61307 -4.06618 -7.9603 -6.86097 -8.13616 -5.31908 -7.9078 -8.70755 -4.14022 -8.62977 -7.1642 -7.7903 -5.51899 -7.89736 -8.63197 -4.15211 -8.27084 -7.00419 -7.89923 -5.49268 -7.92668 -8.67523 -4.23271 -8.39805 -6.98645 -7.64865 -5.65779 -7.94887 -8.6843 -3.09909 -8.29165 -6.49347 -9.53028 -3.68952 -7.60514 -8.74677 -2.25386 -8.19058
99.21 -6.03687 -9.03036 -6.82493 -8.88859 -9.15011 -3.99402 -8.33506 -7.57463 -7.37173 -5.51066 -8.21128 -8.61725 -4.06511 -7.95173 -6.86309 -8.13465 -5.31899 -7.90784 -8.707 -4.1405 -8.62636 -7.16358 -7.79038 -5.5192 -7.89739 -8.63211 -4.15207 -8.27185 -7.0042 -7.89932 -5.49263 -7.9267 -8.67524 -4.2327 -8.39785 -6.9865 -7.64861 -5.65778 -7.94886 -8.68429 -3.0991 -8.29162 -6.49345 -9.53029 -3.68953 -7.60513 -8.74678 -2.25386 -8.1906
99.26 -6.00828 -9.03431 -6.89598 -8.89097 -9.15964 -3.99249 -8.33505 -7.57386 -7.37623 -5.51033 -8.231 -8.62154 -4.06399 -7.94219 -6.86516 -8.13311 -5.31888 -7.90785 -8.70646 -4.14077 -8.62321 -7.16295 -7.79048 -5.51941 -7.89741 -8.63225 -4.15202 -8.27285 -7.00422 -7.8994 -5.49257 -7.92673 -8.67524 -4.23269 -8.39764 -6.98654 -7.64857 -5.65777 -7.94885 -8.68428 -3.09911 -8.2916 -6.49343 -9.5303 -3.68953 -7.60513 -8.74678 -2.25385 -8.19063
99.31 -5.9778 -9.03986 -6.96979 -8.89307 -9.16979 -3.99068 -8.33385 -7.57376 -7.38057 -5.50981 -8.25183 -8.62595 -4.06284 -7.93164 -6.86718 -8.13154 -5.31876 -7.90784 -8.70593 -4.14105 -8.62033 -7.16229 -7.7906 -5.51963 -7.89743 -8.6324 -4.15196 -8.27386 -7.00425 -7.89949 -5.49252 -7.92675 -8.67524 -4.23267 -8.39742 -6.98659 -7.64853 -5.65776 -7.94884 -8.68427 -3.09913 -8.29158 -6.49341 -9.53031 -3.68954 -7.60513 -8.74679 -2.25385 -8.19065
99.36 -5.94538 -9.04704 -7.04643 -8.8949 -9.18057 -3.98858 -8.33143 -7.57436 -7.38473 -5.50909 -8.27379 -8.63049 -4.06164 -7.92008 -6.86915 -8.12995 -5.31862 -7.90781 -8.7054 -4.14133 -8.61774 -7.16162 -7.79074 -5.51984 -7.89745 -8.63254 -4.15191 -8.27485 -7.00429 -7.89956 -5.49246 -7.92677 -8.67524 -4.23266 -8.39719 -6.98663 -7.64849 -5.65776 -7.94883 -8.68426 -3.09914 -8.29157 -6.49339 -9.53032 -3.68954 -7.60512 -8.74679 -2.25385 -8.19067
99.41 -5.91099 -9.05592 -7.12594 -8.89644 -9.19201 -3.98619 -8.32773 -7.57568 -7.38871 -5.50817 -8.29689 -8.63516 -4.06039 -7.90748 -6.87107 -8.12834 -5.31846 -7.90775 -8.70489 -4.14162 -8.61544 -7.16094 -7.7909 -5.52005 -7.89746 -8.63269 -4.15185 -8.27584 -7.00433 -7.89964 -5.4924 -7.92679 -8.67523 -4.23265 -8.39694 -6.98666 -7.64845 -5.65775 -7.94883 -8.68424 -3.09915 -8.29156 -6.49336 -9.53033 -3.68955 -7.60512 -8.7468 -2.25385 -8.19069
99.46 -5.87465 -9.06654 -7.20838 -8.89767 -9.20411 -3.98349 -8.32272 -7.57774 -7.39249 -5.50704 -8.32112 -8.63995 -4.0591 -7.89381 -6.87291 -8.12672 -5.31828 -7.90767 -8.70438 -4.1419 -8.61344 -7.16025 -7.79107 -5.52026 -7.89747 -8.63285 -4.15178 -8.27682 -7.00439 -7.8997 -5.49234 -7.92682 -8.67523 -4.23264 -8.39669 -6.9867 -7.64841 -5.65774 -7.94882 -8.68423 -3.09916 -8.29156 -6.49334 -9.53034 -3.68955 -7.60512 -8.74681 -2.25384 -8.19071
99.51 -5.83635 -9.07896 -7.29374 -8.89857 -9.21688 -3.98048 -8.31636 -7.58056 -7.39605 -5.5057 -8.34644 -8.64485 -4.05777 -7.87907 -6.87469 -8.12508 -5.31809 -7.90756 -8.70389 -4.14219 -8.61174 -7.15954 -7.79127 -5.52047 -7.89748 -8.633 -4.15172 -8.27779 -7.00446 -7.89976 -5.49228 -7.92684 -8.67522 -4.23263 -8.39642 -6.98673 -7.64837 -5.65774 -7.94881 -8.68422 -3.09916 -8.29156 -6.49332 -9.53035 -3.68955 -7.60511 -8.74681 -2.25384 -8.19073
99.56 -5.79616 -9.0932 -7.38199 -8.89911 -9.23029 -3.97715 -8.30862 -7.58416 -7.39939 -5.50415 -8.37281 -8.64987 -4.05639 -7.86324 -6.87639 -8.12343 -5.31787 -7.90743 -8.70341 -4.14247 -8.61036 -7.15883 -7.79149 -5.52068 -7.89749 -8.63316 -4.15165 -8.27875 -7.00453 -7.89982 -5.49221 -7.92686 -8.67521 -4.23263 -8.39615 -6.98677 -7.64833 -5.65773 -7.9488 -8.68421 -3.09917 -8.29156 -6.4933 -9.53037 -3.68955 -7.60511 -8.74682 -2.25384 -8.19075
99.61 -5.75416 -9.10932 -7.47304 -8.89925 -9.24433 -3.9735 -8.29946 -7.58857 -7.40249 -5.50239 -8.40013 -8.65498 -4.05496 -7.8463 -6.87801 -8.12178 -5.31762 -7.90728 -8.70294 -4.14275 -8.6093 -7.15811 -7.79172 -5.52089 -7.89749 -8.63332 -4.15158 -8.27968 -7.00461 -7.89987 -5.49214 -7.92688 -8.67519 -4.23262 -8.39586 -6.98679 -7.64829 -5.65773 -7.94879 -8.6842 -3.09918 -8.29157 -6.49328 -9.53038 -3.68955 -7.60511 -8.74682 -2.25384 -8.19077
99.66 -5.71045 -9.12732 -7.56677 -8.89897 -9.25895 -3.96952 -8.28885 -7.5938 -7.40534 -5.50041 -8.42827 -8.66015 -4.05348 -7.82826 -6.87955 -8.12013 -5.31735 -7.9071 -8.70249 -4.14303 -8.60857 -7.15738 -7.79197 -5.52109 -7.89748 -8.63348 -4.1515 -8.2806 -7.0047 -7.89992 -5.49207 -7.9269 -8.67518 -4.23262 -8.39557 -6.98682 -7.64825 -5.65773 -7.94878 -8.68419 -3.09919 -8.29158 -6.49326 -9.53039 -3.68955 -7.6051 -8.74683 -2.25383 -8.19078
99.71 -5.66521 -9.14723 -7.66296 -8.89822 -9.27411 -3.96521 -8.27676 -7.59986 -7.40792 -5.49821 -8.45709 -8.66537 -4.05196 -7.80912 -6.881 -8.11847 -5.31706 -7.90689 -8.70205 -4.14331 -8.60819 -7.15665 -7.79224 -5.52129 -7.89748 -8.63363 -4.15143 -8.2815 -7.0048 -7.89996 -5.492 -7.92692 -8.67516 -4.23261 -8.39527 -6.98685 -7.64821 -5.65773 -7.94877 -8.68418 -3.09919 -8.29159 -6.49323 -9.53041 -3.68954 -7.6051 -8.74683 -2.25383 -8.1908
99.76 -5.61865 -9.16905 -7.76133 -8.89694 -9.28972 -3.96057 -8.26319 -7.60677 -7.41023 -5.49579 -8.48639 -8.6706 -4.05039 -7.7889 -6.88235 -8.11683 -5.31673 -7.90666 -8.70164 -4.14359 -8.60815 -7.15592 -7.79253 -5.52149 -7.89746 -8.63379 -4.15135 -8.28237 -7.00491 -7.89999 -5.49193 -7.92694 -8.67514 -4.23261 -8.39496 -6.98687 -7.64817 -5.65773 -7.94876 -8.68418 -3.0992 -8.29161 -6.49321 -9.53042 -3.68954 -7.60509 -8.74684 -2.25383 -8.19081
99.81 -5.57102 -9.19274 -7.86152 -8.8951 -9.30568 -3.95562 -8.24812 -7.61453 -7.41226 -5.49316 -8.51595 -8.6758 -4.04878 -7.76762 -6.8836 -8.1152 -5.31638 -7.9064 -8.70124 -4.14386 -8.60848 -7.15518 -7.79283 -5.52168 -7.89744 -8.63395 -4.15127 -8.28322 -7.00502 -7.90002 -5.49186 -7.92696 -8.67512 -4.23261 -8.39465 -6.98689 -7.64814 -5.65773 -7.94875 -8.68417 -3.0992 -8.29164 -6.49319 -9.53044 -3.68954 -7.60509 -8.74685 -2.25382 -8.19083
99.86 -5.5226 -9.21827 -7.96311 -8.89263 -9.32189 -3.95035 -8.23158 -7.62314 -7.41398 -5.4903 -8.54551 -8.68092 -4.04714 -7.74534 -6.88474 -8.11358 -5.31599 -7.90611 -8.70086 -4.14413 -8.60917 -7.15445 -7.79314 -5.52187 -7.89742 -8.63411 -4.15119 -8.28403 -7.00514 -7.90005 -5.49179 -7.92698 -8.6751 -4.23261 -8.39433 -6.98691 -7.6481 -5.65773 -7.94874 -8.68416 -3.09921 -8.29166 -6.49317 -9.53046 -3.68953 -7.60509 -8.74685 -2.25382 -8.19084
99.91 -5.47374 -9.24556 -8.06558 -8.88948 -9.33821 -3.94479 -8.21358 -7.63259 -7.4154 -5.48723 -8.5748 -8.6859 -4.04547 -7.7221 -6.88578 -8.11198 -5.31558 -7.9058 -8.70051 -4.14439 -8.61023 -7.15372 -7.79347 -5.52205 -7.89739 -8.63427 -4.15111 -8.28482 -7.00527 -7.90006 -5.49171 -7.92699 -8.67507 -4.23261 -8.39401 -6.98692 -7.64806 -5.65773 -7.94873 -8.68416 -3.09921 -8.29169 -6.49315 -9.53047 -3.68952 -7.60508 -8.74686 -2.25382 -8.19086
99.96 -5.42476 -9.27454 -8.16835 -8.88559 -9.3545 -3.93894 -8.19417 -7.64287 -7.41651 -5.48394 -8.60354 -8.69071 -4.04378 -7.69799 -6.8867 -8.1104 -5.31513 -7.90547 -8.70018 -4.14465 -8.61167 -7.15299 -7.79382 -5.52223 -7.89736 -8.63442 -4.15103 -8.28557 -7.00541 -7.90007 -5.49164 -7.92701 -8.67504 -4.23261 -8.39368 -6.98693 -7.64802 -5.65773 -7.94872 -8.68415 -3.09921 -8.29173 -6.49313 -9.53049 -3.68951 -7.60508 -8.74686 -2.25381 -8.19087
100.01 -5.37603 -9.30508 -8.2708 -8.88092 -9.3706 -3.93285 -8.17339 -7.65395 -7.41729 -5.48044 -8.63147 -8.69528 -4.04207 -7.67309 -6.8875 -8.10886 -5.31466 -7.9051 -8.69987 -4.1449 -8.61349 -7.15227 -7.79418 -5.5224 -7.89732 -8.63457 -4.15094 -8.28629 -7.00555 -7.90008 -5.49156 -7.92703 -8.67502 -4.23261 -8.39335 -6.98694 -7.64799 -5.65774 -7.94872 -8.68415 -3.09922 -8.29177 -6.49311 -9.53051 -3.6895 -7.60507 -8.74687 -2.25381 -8.19088
100.06 -5.32791 -9.33706 -8.37226 -8.87541 -9.38639 -3.92652 -8.15134 -7.6658 -7.41775 -5.47674 -8.65832 -8.69956 -4.04036 -7.64751 -6.88818 -8.10734 -5.31415 -7.90472 -8.69958 -4.14514 -8.61569 -7.15156 -7.79455 -5.52257 -7.89727 -8.63472 -4.15086 -8.28697 -7.0057 -7.90008 -5.49149 -7.92704 -8.67499 -4.23262 -8.39302 -6.98695 -7.64795 -5.65774 -7.94871 -8.68414 -3.09922 -8.29181 -6.49309 -9.53053 -3.68949 -7.60507 -8.74687 -2.25381 -8.19089
100.11 -5.28072 -9.37031 -8.47204 -8.86903 -9.40169 -3.92001 -8.1281 -7.67837 -7.41788 -5.47284 -8.68388 -8.70352 -4.03866 -7.62136 -6.88873 -8.10586 -5.31361 -7.9043 -8.69933 -4.14538 -8.61828 -7.15086 -7.79493 -5.52273 -7.89722 -8.63487 -4.15077 -8.28761 -7.00586 -7.90007 -5.49141 -7.92706 -8.67495 -4.23262 -8.39268 -6.98695 -7.64792 -5.65775 -7.9487 -8.68414 -3.09922 -8.29186 -6.49307 -9.53055 -3.68948 -7.60506 -8.74688 -2.2538 -8.1909
100.16 -5.23478 -9.40468 -8.56946 -8.86174 -9.4164 -3.91333 -8.10376 -7.69162 -7.41767 -5.46875 -8.70796 -8.7071 -4.03697 -7.59476 -6.88915 -8.10441 -5.31305 -7.90387 -8.6991 -4.14561 -8.62125 -7.15017 -7.79532 -5.52288 -7.89716 -8.63501 -4.15068 -8.28821 -7.00602 -7.90005 -5.49134 -7.92707 -8.67492 -4.23263 -8.39235 -6.98696 -7.64789 -5.65775 -7.94869 -8.68413 -3.09922 -8.29191 -6.49306 -9.53056 -3.68947 -7.60506 -8.74688 -2.2538 -8.19091
100.21 -5.19034 -9.43997 -8.66387 -8.85355 -9.43039 -3.90653 -8.07846 -7.70548 -7.41714 -5.4645 -8.73042 -8.71029 -4.03531 -7.56786 -6.88945 -8.10302 -5.31247 -7.90341 -8.69889 -4.14583 -8.6246 -7.1495 -7.79573 -5.52302 -7.8971 -8.63516 -4.15059 -8.28876 -7.00618 -7.90003 -5.49126 -7.92709 -8.67488 -4.23264 -8.39201 -6.98695 -7.64786 -5.65776 -7.94868 -8.68413 -3.09922 -8.29196 -6.49304 -9.53058 -3.68946 -7.60505 -8.74689 -2.25379 -8.19091
100.26 -5.14763 -9.47601 -8.75465 -8.84444 -9.44356 -3.89964 -8.05231 -7.7199 -7.41627 -5.46008 -8.75116 -8.71307 -4.0337 -7.54078 -6.88961 -8.10166 -5.31186 -7.90294 -8.69872 -4.14604 -8.62832 -7.14884 -7.79614 -5.52316 -7.89703 -8.63529 -4.15051 -8.28927 -7.00636 -7.90001 -5.49118 -7.9271 -8.67485 -4.23265 -8.39168 -6.98695 -7.64783 -5.65777 -7.94867 -8.68413 -3.09921 -8.29202 -6.49302 -9.5306 -3.68945 -7.60505 -8.74689 -2.25379 -8.19092
100.31 -5.10681 -9.5126 -8.84124 -8.83444 -9.45586 -3.89271 -8.02545 -7.7348 -7.41507 -5.45553 -8.77016 -8.71543 -4.03213 -7.51365 -6.88964 -8.10036 -5.31124 -7.90245 -8.69857 -4.14624 -8.63241 -7.1482 -7.79656 -5.52329 -7.89696 -8.63542 -4.15042 -8.28973 -7.00653 -7.89998 -5.49111 -7.92711 -8.67481 -4.23266 -8.39134 -6.98694 -7.6478 -5.65778 -7.94866 -8.68413 -3.09921 -8.29208 -6.493 -9.53062 -3.68943 -7.60504 -8.7469 -2.25379 -8.19092
100.36 -5.06801 -9.54956 -8.92315 -8.82358 -9.46724 -3.88576 -7.99802 -7.75012 -7.41356 -5.45085 -8.78739 -8.71737 -4.03063 -7.48663 -6.88954 -8.09912 -5.31061 -7.90194 -8.69846 -4.14643 -8.63685 -7.14757 -7.79699 -5.52341 -7.89689 -8.63555 -4.15033 -8.29014 -7.00671 -7.89994 -5.49104 -7.92712 -8.67477 -4.23267 -8.39101 -6.98693 -7.64777 -5.65779 -7.94865 -8.68413 -3.09921 -8.29215 -6.49299 -9.53064 -3.68942 -7.60504 -8.7469 -2.25378 -8.19093
100.41 -5.03129 -9.58671 -8.99994 -8.8119 -9.47766 -3.87885 -7.97014 -7.76578 -7.41173 -5.44607 -8.80289 -8.7189 -4.02919 -7.45981 -6.8893 -8.09793 -5.30996 -7.90142 -8.69838 -4.1466 -8.64163 -7.14697 -7.79742 -5.52352 -7.89681 -8.63567 -4.15025 -8.2905 -7.0069 -7.89989 -5.49096 -7.92713 -8.67473 -4.23268 -8.39068 -6.98692 -7.64775 -5.6578 -7.94864 -8.68413 -3.0992 -8.29221 -6.49297 -9.53066 -3.6894 -7.60503 -8.7469 -2.25378 -8.19093
100.46 -4.9967 -9.62387 -9.07128 -8.79946 -9.48713 -3.87199 -7.94194 -7.7817 -7.4096 -5.44121 -8.81672 -8.72004 -4.02783 -7.43333 -6.88894 -8.09681 -5.30931 -7.90089 -8.69832 -4.14677 -8.64673 -7.14639 -7.79786 -5.52362 -7.89672 -8.63579 -4.15016 -8.29081 -7.00709 -7.89984 -5.49089 -7.92714 -8.67468 -4.23269 -8.39035 -6.98691 -7.64772 -5.65781 -7.94864 -8.68413 -3.0992 -8.29228 -6.49296 -9.53068 -3.68938 -7.60503 -8.74691 -2.25378 -8.19093
100.51 -4.96424 -9.6609 -9.1369 -8.78634 -9.49566 -3.86522 -7.91357 -7.79782 -7.40718 -5.43628 -8.82897 -8.72082 -4.02655 -7.40729 -6.88845 -8.09575 -5.30866 -7.90035 -8.6983 -4.14693 -8.65214 -7.14583 -7.7983 -5.52372 -7.89664 -8.6359 -4.15008 -8.29106 -7.00728 -7.89979 -5.49082 -7.92714 -8.67464 -4.2327 -8.39003 -6.98689 -7.6477 -5.65782 -7.94863 -8.68413 -3.0992 -8.29236 -6.49295 -9.5307 -3.68937 -7.60502 -8.74691 -2.25377 -8.19093
100.56 -4.93388 -9.69763 -9.1966 -8.7726 -9.50328 -3.85858 -7.88513 -7.81407 -7.40448 -5.43131 -8.83972 -8.72125 -4.02536 -7.38179 -6.88783 -8.09475 -5.30801 -7.8998 -8.69831 -4.14707 -8.65784 -7.1453 -7.79874 -5.5238 -7.89655 -8.636 -4.15 -8.29126 -7.00747 -7.89973 -5.49075 -7.92715 -8.6746 -4.23272 -8.38972 -6.98687 -7.64768 -5.65784 -7.94862 -8.68414 -3.09919 -8.29243 -6.49293 -9.53072 -3.68935 -7.60502 -8.74691 -2.25377 -8.19093
100.61 -4.90557 -9.73394 -9.25025 -8.75834 -9.51002 -3.85207 -7.85674 -7.83037 -7.40151 -5.42632 -8.84908 -8.72138 -4.02426 -7.35691 -6.88709 -8.09383 -5.30737 -7.89926 -8.69835 -4.1472 -8.6638 -7.1448 -7.79919 -5.52387 -7.89646 -8.6361 -4.14991 -8.29141 -7.00767 -7.89966 -5.49069 -7.92716 -8.67455 -4.23273 -8.38941 -6.98685 -7.64766 -5.65785 -7.94861 -8.68414 -3.09918 -8.29251 -6.49292 -9.53074 -3.68933 -7.60502 -8.74692 -2.25377 -8.19092
100.66 -4.87926 -9.76971 -9.2978 -8.74363 -9.51593 -3.84572 -7.8285 -7.84667 -7.3983 -5.42133 -8.85715 -8.72124 -4.02325 -7.33272 -6.88623 -8.09298 -5.30675 -7.89871 -8.69842 -4.14731 -8.67001 -7.14432 -7.79964 -5.52393 -7.89637 -8.6362 -4.14983 -8.2915 -7.00786 -7.89959 -5.49062 -7.92716 -8.67451 -4.23275 -8.3891 -6.98682 -7.64764 -5.65787 -7.94861 -8.68414 -3.09918 -8.29259 -6.49291 -9.53076 -3.68931 -7.60501 -8.74692 -2.25376 -8.19092
100.71 -4.85486 -9.80484 -9.33923 -8.72857 -9.52107 -3.83956 -7.80051 -7.86291 -7.39485 -5.41636 -8.86404 -8.72084 -4.02233 -7.30928 -6.88525 -8.0922 -5.30613 -7.89816 -8.69852 -4.14742 -8.67644 -7.14388 -7.80008 -5.52399 -7.89628 -8.63628 -4.14975 -8.29154 -7.00806 -7.89951 -5.49056 -7.92716 -8.67446 -4.23277 -8.38881 -6.98679 -7.64763 -5.65788 -7.9486 -8.68415 -3.09917 -8.29267 -6.4929 -9.53078 -3.68929 -7.60501 -8.74692 -2.25376 -8.19092
100.76 -4.83231 -9.83923 -9.37461 -8.71324 -9.52548 -3.83358 -7.77284 -7.87904 -7.39118 -5.41143 -8.86983 -8.72022 -4.0215 -7.28665 -6.88417 -8.0915 -5.30554 -7.89762 -8.69865 -4.1475 -8.68306 -7.14346 -7.80053 -5.52403 -7.89619 -8.63636 -4.14968 -8.29152 -7.00826 -7.89943 -5.49049 -7.92716 -8.67441 -4.23279 -8.38852 -6.98676 -7.64761 -5.6579 -7.94859 -8.68415 -3.09916 -8.29275 -6.49289 -9.5308 -3.68927 -7.605 -8.74692 -2.25376 -8.19091
100.81 -4.81153 -9.8728 -9.40402 -8.69773 -9.52921 -3.82782 -7.74559 -7.89499 -7.3873 -5.40655 -8.87463 -8.71942 -4.02076 -7.26486 -6.88298 -8.09088 -5.30496 -7.89709 -8.69881 -4.14758 -8.68986 -7.14308 -7.80097 -5.52406 -7.89609 -8.63643 -4.1496 -8.29144 -7.00846 -7.89934 -5.49044 -7.92716 -8.67437 -4.23281 -8.38825 -6.98673 -7.6476 -5.65791 -7.94859 -8.68416 -3.09915 -8.29284 -6.49288 -9.53081 -3.68925 -7.605 -8.74693 -2.25375 -8.1909
100.86 -4.79243 -9.9055 -9.42759 -8.68211 -9.53233 -3.82226 -7.7188 -7.91074 -7.38324 -5.40174 -8.87852 -8.71844 -4.0201 -7.24394 -6.8817 -8.09034 -5.30441 -7.89657 -8.699 -4.14764 -8.69681 -7.14272 -7.80141 -5.52408 -7.896 -8.6365 -4.14953 -8.29131 -7.00866 -7.89925 -5.49038 -7.92716 -8.67432 -4.23283 -8.38798 -6.98669 -7.64759 -5.65793 -7.94858 -8.68416 -3.09914 -8.29292 -6.49288 -9.53083 -3.68923 -7.60499 -8.74693 -2.25375 -8.19089
100.91 -4.77496 -9.93725 -9.44548 -8.66646 -9.53487 -3.81692 -7.69254 -7.92624 -7.37901 -5.39702 -8.88156 -8.71732 -4.01954 -7.22391 -6.88032 -8.08988 -5.30387 -7.89605 -8.69922 -4.14768 -8.70389 -7.14241 -7.80185 -5.52409 -7.89591 -8.63656 -4.14946 -8.29113 -7.00886 -7.89915 -5.49032 -7.92716 -8.67427 -4.23285 -8.38772 -6.98666 -7.64758 -5.65795 -7.94858 -8.68417 -3.09913 -8.29301 -6.49287 -9.53085 -3.68921 -7.60499 -8.74693 -2.25375 -8.19089
100.96 -4.75902 -9.96803 -9.45787 -8.65086 -9.53689 -3.81181 -7.66687 -7.94146 -7.37463 -5.3924 -8.88383 -8.71607 -4.01905 -7.2048 -6.87885 -8.0895 -5.30337 -7.89555 -8.69946 -4.14771 -8.71107 -7.14212 -7.80227 -5.52408 -7.89582 -8.63661 -4.14939 -8.2909 -7.00905 -7.89905 -5.49027 -7.92716 -8.67422 -4.23287 -8.38748 -6.98662 -7.64757 -5.65796 -7.94857 -8.68418 -3.09912 -8.2931 -6.49286 -9.53087 -3.68919 -7.60499 -8.74693 -2.25375 -8.19088
101.01 -4.74457 -9.99779 -9.46496 -8.63536 -9.53844 -3.80692 -7.64181 -7.95636 -7.3701 -5.3879 -8.88538 -8.71471 -4.01864 -7.1866 -6.8773 -8.0892 -5.30289 -7.89506 -8.69973 -4.14773 -8.71832 -7.14187 -7.80269 -5.52407 -7.89574 -8.63666 -4.14933 -8.29061 -7.00925 -7.89895 -5.49022 -7.92715 -8.67418 -4.23289 -8.38725 -6.98658 -7.64757 -5.65798 -7.94857 -8.68419 -3.09911 -8.29319 -6.49286 -9.53089 -3.68916 -7.60498 -8.74693 -2.25374 -8.19086
101.06 -4.73154 -10.0265 -9.46697 -8.62003 -9.53954 -3.80226 -7.61741 -7.97092 -7.36546 -5.38351 -8.88625 -8.71326 -4.01831 -7.16933 -6.87568 -8.08898 -5.30243 -7.89459 -8.70002 -4.14773 -8.72564 -7.14166 -7.80311 -5.52405 -7.89565 -8.63669 -4.14927 -8.29027 -7.00944 -7.89884 -5.49018 -7.92715 -8.67413 -4.23291 -8.38703 -6.98653 -7.64757 -5.658 -7.94856 -8.6842 -3.0991 -8.29328 -6.49286 -9.5309 -3.68914 -7.60498 -8.74693 -2.25374 -8.19085
101.11 -4.71987 -10.0542 -9.46413 -8.60492 -9.54024 -3.79783 -7.5937 -7.98511 -7.3607 -5.37926 -8.8865 -8.71172 -4.01804 -7.15299 -6.87398 -8.08884 -5.302 -7.89413 -8.70033 -4.14772 -8.73299 -7.14148 -7.80351 -5.52401 -7.89557 -8.63672 -4.14921 -8.28989 -7.00963 -7.89873 -5.49013 -7.92714 -8.67408 -4.23293 -8.38682 -6.98649 -7.64756 -5.65802 -7.94856 -8.68421 -3.09908 -8.29337 -6.49285 -9.53092 -3.68912 -7.60498 -8.74693 -2.25374 -8.19084
101.16 -4.70953 -10.0807 -9.45667 -8.59008 -9.54057 -3.79362 -7.5707 -7.99892 -7.35586 -5.37516 -8.88615 -8.71011 -4.01785 -7.13756 -6.87223 -8.08879 -5.3016 -7.89368 -8.70067 -4.14769 -8.74035 -7.14133 -7.80391 -5.52396 -7.89548 -8.63674 -4.14916 -8.28945 -7.00982 -7.89861 -5.49009 -7.92713 -8.67403 -4.23296 -8.38663 -6.98644 -7.64757 -5.65804 -7.94856 -8.68422 -3.09907 -8.29346 -6.49285 -9.53093 -3.6891 -7.60497 -8.74693 -2.25374 -8.19082
101.21 -4.70046 -10.1062 -9.44482 -8.57556 -9.54056 -3.78964 -7.54844 -8.01233 -7.35094 -5.3712 -8.88523 -8.70844 -4.01771 -7.12305 -6.87041 -8.08881 -5.30122 -7.89325 -8.70102 -4.14765 -8.74771 -7.14122 -7.80429 -5.52391 -7.8954 -8.63676 -4.1491 -8.28897 -7.01 -7.8985 -5.49006 -7.92712 -8.67399 -4.23298 -8.38645 -6.98639 -7.64757 -5.65806 -7.94855 -8.68423 -3.09906 -8.29355 -6.49285 -9.53095 -3.68908 -7.60497 -8.74693 -2.25373 -8.19081
101.26 -4.69263 -10.1306 -9.42881 -8.56138 -9.54023 -3.78588 -7.52692 -8.02533 -7.34595 -5.36739 -8.88377 -8.7067 -4.01764 -7.10945 -6.86855 -8.08891 -5.30087 -7.89284 -8.7014 -4.14759 -8.75504 -7.14115 -7.80466 -5.52384 -7.89532 -8.63677 -4.14906 -8.28845 -7.01018 -7.89838 -5.49002 -7.92711 -8.67394 -4.233 -8.38628 -6.98634 -7.64757 -5.65808 -7.94855 -8.68424 -3.09904 -8.29364 -6.49285 -9.53096 -3.68905 -7.60497 -8.74693 -2.25373 -8.19079
101.31 -4.68601 -10.1539 -9.40889 -8.54758 -9.53961 -3.78234 -7.50616 -8.03789 -7.34091 -5.36375 -8.88177 -8.70491 -4.01762 -7.09674 -6.86664 -8.0891 -5.30054 -7.89245 -8.70179 -4.14753 -8.76232 -7.14112 -7.80502 -5.52376 -7.89525 -8.63676 -4.14901 -8.28788 -7.01035 -7.89825 -5.48999 -7.9271 -8.6739 -4.23303 -8.38613 -6.98629 -7.64758 -5.6581 -7.94855 -8.68425 -3.09903 -8.29373 -6.49286 -9.53098 -3.68903 -7.60497 -8.74693 -2.25373 -8.19078
101.36 -4.68058 -10.176 -9.38527 -8.53419 -9.53871 -3.77902 -7.48618 -8.05002 -7.33584 -5.36027 -8.87926 -8.70307 -4.01766 -7.08492 -6.86468 -8.08936 -5.30024 -7.89208 -8.7022 -4.14744 -8.76955 -7.14111 -7.80537 -5.52367 -7.89517 -8.63676 -4.14897 -8.28728 -7.01052 -7.89813 -5.48996 -7.92709 -8.67385 -4.23305 -8.386 -6.98624 -7.64759 -5.65812 -7.94855 -8.68426 -3.09902 -8.29382 -6.49286 -9.53099 -3.68901 -7.60496 -8.74693 -2.25373 -8.19076
101.41 -4.67632 -10.1971 -9.35817 -8.52123 -9.53756 -3.77591 -7.46698 -8.06169 -7.33073 -5.35695 -8.87623 -8.70119 -4.01774 -7.07397 -6.8627 -8.08969 -5.29996 -7.89172 -8.70262 -4.14735 -8.7767 -7.14115 -7.8057 -5.52357 -7.8951 -8.63674 -4.14893 -8.28664 -7.01069 -7.898 -5.48994 -7.92708 -8.67381 -4.23308 -8.38588 -6.98619 -7.6476 -5.65814 -7.94855 -8.68427 -3.099 -8.29391 -6.49286 -9.531 -3.68899 -7.60496 -8.74693 -2.25373 -8.19074
101.46 -4.6732 -10.2171 -9.3278 -8.50872 -9.53615 -3.77301 -7.44856 -8.07292 -7.32561 -5.3538 -8.87269 -8.69925 -4.01787 -7.06389 -6.86068 -8.0901 -5.29969 -7.89138 -8.70306 -4.14724 -8.78376 -7.14122 -7.80601 -5.52347 -7.89503 -8.63672 -4.1489 -8.28596 -7.01085 -7.89788 -5.48992 -7.92706 -8.67377 -4.2331 -8.38577 -6.98613 -7.64761 -5.65816 -7.94855 -8.68429 -3.09899 -8.294 -6.49287 -9.53101 -3.68896 -7.60496 -8.74693 -2.25372 -8.19072
101.51 -4.67122 -10.236 -9.29437 -8.49669 -9.53452 -3.77032 -7.43092 -8.08369 -7.32049 -5.35082 -8.86865 -8.69726 -4.01805 -7.05467 -6.85865 -8.09058 -5.29945 -7.89106 -8.70351 -4.14712 -8.79071 -7.14132 -7.80631 -5.52335 -7.89496 -8.63669 -4.14887 -8.28525 -7.011 -7.89775 -5.4899 -7.92705 -8.67373 -4.23313 -8.38568 -6.98608 -7.64763 -5.65818 -7.94855 -8.6843 -3.09897 -8.29409 -6.49287 -9.53102 -3.68894 -7.60496 -8.74692 -2.25372 -8.1907
101.56 -4.67037 -10.2539 -9.25806 -8.48513 -9.53265 -3.76784 -7.41408 -8.094 -7.31537 -5.34801 -8.86409 -8.69523 -4.01827 -7.04629 -6.85659 -8.09113 -5.29922 -7.89075 -8.70397 -4.14698 -8.79755 -7.14146 -7.8066 -5.52322 -7.89489 -8.63665 -4.14884 -8.28451 -7.01115 -7.89762 -5.48989 -7.92703 -8.67369 -4.23315 -8.38561 -6.98602 -7.64764 -5.6582 -7.94855 -8.68431 -3.09895 -8.29417 -6.49288 -9.53103 -3.68892 -7.60496 -8.74692 -2.25372 -8.19068
101.61 -4.67064 -10.2707 -9.21905 -8.47407 -9.53056 -3.76556 -7.39803 -8.10384 -7.31027 -5.34537 -8.85901 -8.69315 -4.01853 -7.03874 -6.85452 -8.09175 -5.29902 -7.89046 -8.70444 -4.14684 -8.80425 -7.14163 -7.80686 -5.52309 -7.89482 -8.63661 -4.14882 -8.28374 -7.01128 -7.89749 -5.48988 -7.92702 -8.67365 -4.23318 -8.38555 -6.98596 -7.64766 -5.65822 -7.94855 -8.68433 -3.09894 -8.29426 -6.49289 -9.53104 -3.6889 -7.60495 -8.74692 -2.25372 -8.19066
101.66 -4.67205 -10.2864 -9.17751 -8.46352 -9.52826 -3.76347 -7.38278 -8.11322 -7.3052 -5.3429 -8.85341 -8.69101 -4.01883 -7.03202 -6.85244 -8.09244 -5.29882 -7.89019 -8.70491 -4.14668 -8.81082 -7.14183 -7.80711 -5.52294 -7.89476 -8.63655 -4.1488 -8.28294 -7.01142 -7.89735 -5.48988 -7.927 -8.67361 -4.2332 -8.38551 -6.98591 -7.64768 -5.65824 -7.94855 -8.68434 -3.09892 -8.29434 -6.4929 -9.53105 -3.68888 -7.60495 -8.74692 -2.25372 -8.19064
101.71 -4.67458 -10.301 -9.1336 -8.45347 -9.52574 -3.76158 -7.36831 -8.12213 -7.30015 -5.3406 -8.84727 -8.68881 -4.01917 -7.02611 -6.85035 -8.09319 -5.29865 -7.88993 -8.7054 -4.14651 -8.81723 -7.14206 -7.80734 -5.52279 -7.8947 -8.6365 -4.14879 -8.28212 -7.01154 -7.89722 -5.48987 -7.92698 -8.67357 -4.23322 -8.38549 -6.98585 -7.6477 -5.65826 -7.94855 -8.68436 -3.09891 -8.29442 -6.49291 -9.53106 -3.68886 -7.60495 -8.74691 -2.25372 -8.19061
101.76 -4.67826 -10.3146 -9.08745 -8.44393 -9.523 -3.75989 -7.35465 -8.13056 -7.29515 -5.33847 -8.84058 -8.68656 -4.01955 -7.02101 -6.84826 -8.094 -5.29848 -7.88969 -8.70588 -4.14634 -8.82348 -7.14233 -7.80756 -5.52263 -7.89463 -8.63643 -4.14878 -8.28128 -7.01166 -7.89709 -5.48988 -7.92696 -8.67354 -4.23325 -8.38548 -6.98579 -7.64773 -5.65828 -7.94855 -8.68437 -3.09889 -8.29449 -6.49292 -9.53106 -3.68884 -7.60495 -8.74691 -2.25372 -8.19059
101.81 -4.68308 -10.3272 -9.0392 -8.43492 -9.52004 -3.75839 -7.34177 -8.13853 -7.29019 -5.3365 -8.83332 -8.68424 -4.01995 -7.01672 -6.84618 -8.09488 -5.29833 -7.88947 -8.70638 -4.14615 -8.82956 -7.14262 -7.80775 -5.52246 -7.89457 -8.63636 -4.14877 -8.28042 -7.01177 -7.89696 -5.48988 -7.92694 -8.67351 -4.23327 -8.38549 -6.98573 -7.64775 -5.6583 -7.94856 -8.68438 -3.09888 -8.29457 -6.49293 -9.53107 -3.68882 -7.60495 -8.74691 -2.25372 -8.19057
101.86 -4.68907 -10.3387 -8.98897 -8.42643 -9.51686 -3.75707 -7.3297 -8.14602 -7.2853 -5.3347 -8.82548 -8.68186 -4.0204 -7.01324 -6.8441 -8.0958 -5.2982 -7.88926 -8.70687 -4.14595 -8.83547 -7.14294 -7.80793 -5.52229 -7.89451 -8.63628 -4.14877 -8.27955 -7.01187 -7.89683 -5.48989 -7.92692 -8.67348 -4.2333 -8.38551 -6.98567 -7.64778 -5.65831 -7.94856 -8.6844 -3.09886 -8.29464 -6.49294 -9.53108 -3.6888 -7.60495 -8.7469 -2.25372 -8.19054
101.91 -4.69625 -10.3492 -8.93687 -8.41847 -9.51345 -3.75595 -7.31842 -8.15305 -7.28046 -5.33306 -8.81704 -8.6794 -4.02087 -7.01055 -6.84203 -8.09679 -5.29807 -7.88907 -8.70737 -4.14575 -8.84118 -7.14329 -7.80808 -5.52211 -7.89446 -8.6362 -4.14877 -8.27866 -7.01196 -7.89671 -5.4899 -7.9269 -8.67345 -4.23332 -8.38555 -6.98561 -7.6478 -5.65833 -7.94856 -8.68441 -3.09884 -8.29471 -6.49296 -9.53108 -3.68878 -7.60495 -8.7469 -2.25372 -8.19052
101.96 -4.70463 -10.3587 -8.88297 -8.41103 -9.5098 -3.75501 -7.30794 -8.1596 -7.27569 -5.33159 -8.80797 -8.67687 -4.02138 -7.00865 -6.83998 -8.09782 -5.29795 -7.88889 -8.70787 -4.14554 -8.84671 -7.14367 -7.80822 -5.52192 -7.8944 -8.63611 -4.14878 -8.27775 -7.01205 -7.89658 -5.48992 -7.92688 -8.67342 -4.23334 -8.38561 -6.98556 -7.64783 -5.65835 -7.94857 -8.68443 -3.09883 -8.29477 -6.49297 -9.53108 -3.68876 -7.60495 -8.7469 -2.25372 -8.19049
102.01 -4.71423 -10.3671 -8.82738 -8.40412 -9.50591 -3.75425 -7.29826 -8.16567 -7.271 -5.33027 -8.79827 -8.67425 -4.02192 -7.00756 -6.83794 -8.0989 -5.29785 -7.88873 -8.70837 -4.14532 -8.85204 -7.14408 -7.80833 -5.52173 -7.89435 -8.63601 -4.14879 -8.27684 -7.01213 -7.89646 -5.48994 -7.92686 -8.6734 -4.23336 -8.38568 -6.9855 -7.64786 -5.65837 -7.94857 -8.68444 -3.09881 -8.29484 -6.49298 -9.53108 -3.68875 -7.60495 -8.74689 -2.25372 -8.19047
102.06 -4.72509 -10.3745 -8.77016 -8.39774 -9.50177 -3.75369 -7.28939 -8.17127 -7.26639 -5.32911 -8.7879 -8.67155 -4.0225 -7.00726 -6.83593 -8.10003 -5.29775 -7.88858 -8.70887 -4.14509 -8.85717 -7.1445 -7.80843 -5.52154 -7.89429 -8.63591 -4.14881 -8.27592 -7.01219 -7.89633 -5.48996 -7.92683 -8.67337 -4.23339 -8.38577 -6.98544 -7.64789 -5.65838 -7.94858 -8.68446 -3.0988 -8.2949 -6.493 -9.53109 -3.68873 -7.60495 -8.74689 -2.25372 -8.19045
102.11 -4.73722 -10.3808 -8.71136 -8.39189 -9.49737 -3.7533 -7.28133 -8.17639 -7.26186 -5.32811 -8.77685 -8.66875 -4.0231 -7.00777 -6.83394 -8.1012 -5.29767 -7.88844 -8.70937 -4.14486 -8.86209 -7.14496 -7.8085 -5.52134 -7.89424 -8.6358 -4.14883 -8.27499 -7.01225 -7.89621 -5.48999 -7.92681 -8.67335 -4.23341 -8.38587 -6.98539 -7.64793 -5.6584 -7.94858 -8.68447 -3.09878 -8.29495 -6.49302 -9.53109 -3.68872 -7.60495 -8.74688 -2.25372 -8.19042
102.16 -4.75067 -10.3862 -8.65105 -8.38658 -9.49268 -3.75311 -7.27409 -8.18103 -7.25742 -5.32726 -8.76508 -8.66586 -4.02374 -7.00908 -6.83197 -8.10241 -5.29759 -7.88832 -8.70986 -4.14462 -8.8668 -7.14543 -7.80856 -5.52114 -7.89419 -8.63569 -4.14885 -8.27406 -7.0123 -7.8961 -5.49002 -7.92679 -8.67333 -4.23343 -8.38598 -6.98533 -7.64796 -5.65842 -7.94859 -8.68449 -3.09877 -8.29501 -6.49303 -9.53108 -3.6887 -7.60495 -8.74688 -2.25372 -8.1904
102.21 -4.76546 -10.3904 -8.58926 -8.3818 -9.4877 -3.7531 -7.26768 -8.18518 -7.25308 -5.32656 -8.75258 -8.66286 -4.02442 -7.01122 -6.83003 -8.10366 -5.29753 -7.88821 -8.71035 -4.14438 -8.87129 -7.14592 -7.80859 -5.52093 -7.89414 -8.63558 -4.14888 -8.27313 -7.01234 -7.89598 -5.49005 -7.92677 -8.67332 -4.23345 -8.38611 -6.98528 -7.648 -5.65843 -7.94859 -8.6845 -3.09875 -8.29506 -6.49305 -9.53108 -3.68869 -7.60495 -8.74687 -2.25372 -8.19037
102.26 -4.78163 -10.3937 -8.52601 -8.37756 -9.48242 -3.75328 -7.26211 -8.18885 -7.24884 -5.32601 -8.73931 -8.65975 -4.02513 -7.01417 -6.82812 -8.10495 -5.29747 -7.88811 -8.71084 -4.14413 -8.87556 -7.14644 -7.80861 -5.52072 -7.89409 -8.63546 -4.14891 -8.2722 -7.01238 -7.89587 -5.49009 -7.92674 -8.6733 -4.23347 -8.38625 -6.98522 -7.64803 -5.65845 -7.9486 -8.68452 -3.09874 -8.2951 -6.49307 -9.53108 -3.68867 -7.60496 -8.74687 -2.25372 -8.19035
102.31 -4.79922 -10.3958 -8.46134 -8.37386 -9.47682 -3.75364 -7.25738 -8.19203 -7.2447 -5.32562 -8.72526 -8.65652 -4.02587 -7.01796 -6.82625 -8.10626 -5.29743 -7.88803 -8.71132 -4.14388 -8.8796 -7.14697 -7.8086 -5.52051 -7.89405 -8.63533 -4.14894 -8.27127 -7.0124 -7.89576 -5.49013 -7.92672 -8.67329 -4.23348 -8.38641 -6.98517 -7.64807 -5.65846 -7.94861 -8.68453 -3.09872 -8.29514 -6.49309 -9.53108 -3.68866 -7.60496 -8.74686 -2.25373 -8.19032
102.36 -4.81826 -10.3969 -8.39525 -8.37071 -9.47087 -3.7542 -7.25351 -8.1947 -7.24068 -5.32537 -8.7104 -8.65317 -4.02665 -7.02259 -6.82441 -8.10761 -5.29739 -7.88796 -8.7118 -4.14362 -8.88342 -7.14753 -7.80858 -5.5203 -7.89401 -8.63521 -4.14898 -8.27034 -7.01241 -7.89566 -5.49017 -7.9267 -8.67328 -4.2335 -8.38657 -6.98512 -7.64811 -5.65847 -7.94861 -8.68455 -3.09871 -8.29518 -6.49311 -9.53107 -3.68865 -7.60496 -8.74686 -2.25373 -8.1903
102.41 -4.83879 -10.3968 -8.32776 -8.3681 -9.46456 -3.75496 -7.25052 -8.19688 -7.23676 -5.32527 -8.6947 -8.6497 -4.02747 -7.02807 -6.82261 -8.10898 -5.29737 -7.88791 -8.71227 -4.14336 -8.887 -7.14809 -7.80853 -5.52008 -7.89396 -8.63507 -4.14902 -8.26942 -7.01242 -7.89556 -5.49021 -7.92667 -8.67327 -4.23352 -8.38675 -6.98507 -7.64815 -5.65849 -7.94862 -8.68456 -3.0987 -8.29522 -6.49313 -9.53107 -3.68864 -7.60496 -8.74685 -2.25373 -8.19027
102.46 -4.86084 -10.3956 -8.25887 -8.36604 -9.45788 -3.75591 -7.24843 -8.19854 -7.23297 -5.32532 -8.67815 -8.6461 -4.02833 -7.03443 -6.82085 -8.11038 -5.29736 -7.88786 -8.71273 -4.1431 -8.89035 -7.14868 -7.80847 -5.51987 -7.89393 -8.63494 -4.14907 -8.2685 -7.01241 -7.89546 -5.49026 -7.92665 -8.67326 -4.23353 -8.38695 -6.98502 -7.64818 -5.6585 -7.94863 -8.68457 -3.09868 -8.29525 -6.49315 -9.53106 -3.68863 -7.60496 -8.74684 -2.25373 -8.19025
102.51 -4.88445 -10.3933 -8.18858 -8.36454 -9.45079 -3.75707 -7.24724 -8.19968 -7.22929 -5.32552 -8.66073 -8.64236 -4.02922 -7.04167 -6.81914 -8.11179 -5.29737 -7.88783 -8.71319 -4.14284 -8.89346 -7.14927 -7.80838 -5.51965 -7.89389 -8.6348 -4.14911 -8.2676 -7.0124 -7.89537 -5.49031 -7.92663 -8.67326 -4.23355 -8.38715 -6.98498 -7.64822 -5.65851 -7.94863 -8.68459 -3.09867 -8.29527 -6.49317 -9.53105 -3.68862 -7.60497 -8.74684 -2.25373 -8.19023
102.56 -4.90967 -10.3898 -8.11689 -8.36361 -9.44329 -3.75843 -7.24698 -8.2003 -7.22574 -5.32586 -8.64242 -8.63847 -4.03016 -7.0498 -6.81746 -8.11323 -5.29738 -7.88782 -8.71364 -4.14258 -8.89633 -7.14988 -7.80828 -5.51944 -7.89386 -8.63466 -4.14917 -8.2667 -7.01238 -7.89528 -5.49037 -7.9266 -8.67326 -4.23356 -8.38737 -6.98493 -7.64826 -5.65852 -7.94864 -8.6846 -3.09866 -8.2953 -6.49319 -9.53105 -3.68862 -7.60497 -8.74683 -2.25373 -8.19021
102.61 -4.9365 -10.3851 -8.0438 -8.36325 -9.43536 -3.76 -7.24768 -8.20038 -7.22232 -5.32635 -8.6232 -8.63445 -4.03114 -7.05886 -6.81583 -8.11468 -5.29742 -7.88781 -8.71408 -4.14231 -8.89895 -7.1505 -7.80815 -5.51923 -7.89383 -8.63452 -4.14922 -8.26581 -7.01235 -7.89519 -5.49042 -7.92658 -8.67326 -4.23357 -8.38759 -6.98489 -7.6483 -5.65853 -7.94865 -8.68461 -3.09865 -8.29531 -6.49321 -9.53104 -3.68861 -7.60497 -8.74683 -2.25374 -8.19018
102.66 -4.96499 -10.3792 -7.9693 -8.36347 -9.42696 -3.76178 -7.24936 -8.19991 -7.21903 -5.32699 -8.60309 -8.63028 -4.03217 -7.06884 -6.81425 -8.11615 -5.29747 -7.88783 -8.71451 -4.14205 -8.90132 -7.15113 -7.80801 -5.51902 -7.8938 -8.63438 -4.14928 -8.26494 -7.01231 -7.89512 -5.49048 -7.92656 -8.67326 -4.23359 -8.38782 -6.98485 -7.64834 -5.65854 -7.94866 -8.68462 -3.09864 -8.29533 -6.49323 -9.53103 -3.6886 -7.60498 -8.74682 -2.25374 -8.19016
102.71 -4.99514 -10.372 -7.89341 -8.36428 -9.4181 -3.76379 -7.25203 -8.19887 -7.21588 -5.32778 -8.58208 -8.62597 -4.03324 -7.07977 -6.81272 -8.11762 -5.29754 -7.88785 -8.71494 -4.14178 -8.90343 -7.15177 -7.80785 -5.51881 -7.89377 -8.63423 -4.14934 -8.26408 -7.01226 -7.89504 -5.49054 -7.92654 -8.67327 -4.2336 -8.38807 -6.98481 -7.64839 -5.65854 -7.94867 -8.68464 -3.09863 -8.29534 -6.49325 -9.53102 -3.6886 -7.60498 -8.74682 -2.25374 -8.19014
102.76 -5.02696 -10.3636 -7.81614 -8.36568 -9.40874 -3.76602 -7.25574 -8.19727 -7.21287 -5.32872 -8.56018 -8.62152 -4.03435 -7.09166 -6.81124 -8.1191 -5.29763 -7.88789 -8.71535 -4.14152 -8.90528 -7.15242 -7.80768 -5.5186 -7.89375 -8.63409 -4.1494 -8.26324 -7.0122 -7.89497 -5.4906 -7.92652 -8.67327 -4.23361 -8.38832 -6.98477 -7.64843 -5.65855 -7.94868 -8.68465 -3.09862 -8.29534 -6.49328 -9.53101 -3.6886 -7.60498 -8.74681 -2.25374 -8.19012
102.81 -5.06045 -10.3538 -7.73752 -8.36769 -9.39889 -3.76848 -7.2605 -8.19508 -7.21 -5.32982 -8.53742 -8.61693 -4.03552 -7.10453 -6.80981 -8.12059 -5.29775 -7.88794 -8.71575 -4.14126 -8.90688 -7.15307 -7.80748 -5.51839 -7.89374 -8.63394 -4.14947 -8.26241 -7.01214 -7.89491 -5.49067 -7.9265 -8.67328 -4.23362 -8.38858 -6.98474 -7.64847 -5.65856 -7.94869 -8.68466 -3.09861 -8.29534 -6.4933 -9.53099 -3.68859 -7.60499 -8.7468 -2.25375 -8.1901
102.86 -5.09559 -10.3426 -7.65759 -8.37032 -9.38853 -3.77118 -7.26635 -8.19228 -7.20729 -5.33106 -8.51384 -8.6122 -4.03673 -7.11838 -6.80844 -8.12208 -5.29788 -7.88801 -8.71614 -4.141 -8.9082 -7.15373 -7.80727 -5.51819 -7.89372 -8.63379 -4.14954 -8.2616 -7.01206 -7.89485 -5.49074 -7.92648 -8.67329 -4.23362 -8.38885 -6.9847 -7.64851 -5.65856 -7.94869 -8.68467 -3.0986 -8.29534 -6.49332 -9.53098 -3.68859 -7.60499 -8.7468 -2.25375 -8.19008
102.91 -5.13234 -10.3301 -7.57641 -8.37357 -9.37765 -3.77411 -7.2733 -8.18888 -7.20473 -5.33246 -8.48949 -8.60735 -4.03799 -7.13323 -6.80712 -8.12357 -5.29804 -7.8881 -8.71652 -4.14074 -8.90926 -7.1544 -7.80705 -5.51799 -7.89371 -8.63364 -4.14961 -8.26081 -7.01198 -7.8948 -5.4908 -7.92646 -8.6733 -4.23363 -8.38912 -6.98467 -7.64855 -5.65857 -7.9487 -8.68468 -3.09859 -8.29533 -6.49334 -9.53097 -3.68859 -7.60499 -8.74679 -2.25375 -8.19006
102.96 -5.17064 -10.3161 -7.49408 -8.37745 -9.36628 -3.7773 -7.28139 -8.18485 -7.20233 -5.33403 -8.46445 -8.6024 -4.0393 -7.14907 -6.80586 -8.12506 -5.29823 -7.8882 -8.71689 -4.14048 -8.91003 -7.15506 -7.8068 -5.5178 -7.89371 -8.63349 -4.14968 -8.26004 -7.01189 -7.89475 -5.49087 -7.92644 -8.67332 -4.23363 -8.3894 -6.98465 -7.64859 -5.65857 -7.94871 -8.68469 -3.09858 -8.29532 -6.49336 -9.53095 -3.68859 -7.605 -8.74679 -2.25376 -8.19004
103.01 -5.21042 -10.3007 -7.4107 -8.38198 -9.35441 -3.78073 -7.29064 -8.18018 -7.20009 -5.33575 -8.43879 -8.59735 -4.04066 -7.16592 -6.80466 -8.12654 -5.29845 -7.88832 -8.71725 -4.14023 -8.91053 -7.15573 -7.80655 -5.51761 -7.89371 -8.63335 -4.14975 -8.25929 -7.0118 -7.89471 -5.49094 -7.92642 -8.67334 -4.23364 -8.38969 -6.98462 -7.64863 -5.65857 -7.94872 -8.6847 -3.09857 -8.29531 -6.49338 -9.53094 -3.6886 -7.605 -8.74678 -2.25376 -8.19003
103.06 -5.25156 -10.2839 -7.32644 -8.38716 -9.34208 -3.78442 -7.30107 -8.17485 -7.19802 -5.33763 -8.41264 -8.59223 -4.04207 -7.18376 -6.80353 -8.12802 -5.29869 -7.88845 -8.7176 -4.13998 -8.91073 -7.1564 -7.80627 -5.51742 -7.89372 -8.6332 -4.14983 -8.25856 -7.01169 -7.89467 -5.49102 -7.9264 -8.67336 -4.23364 -8.38998 -6.9846 -7.64867 -5.65857 -7.94873 -8.6847 -3.09857 -8.29529 -6.49341 -9.53093 -3.6886 -7.60501 -8.74677 -2.25376 -8.19001
103.11 -5.29395 -10.2655 -7.24146 -8.39299 -9.32931 -3.78835 -7.3127 -8.16887 -7.19612 -5.33968 -8.38612 -8.58707 -4.04352 -7.20257 -6.80245 -8.12948 -5.29896 -7.88861 -8.71793 -4.13973 -8.91065 -7.15706 -7.80599 -5.51724 -7.89373 -8.63305 -4.14991 -8.25786 -7.01158 -7.89464 -5.49109 -7.92638 -8.67338 -4.23364 -8.39028 -6.98458 -7.64871 -5.65857 -7.94874 -8.68471 -3.09856 -8.29526 -6.49343 -9.53091 -3.6886 -7.60501 -8.74677 -2.25376 -8.19
103.16 -5.33741 -10.2457 -7.15601 -8.39948 -9.31616 -3.79254 -7.32554 -8.16222 -7.19441 -5.34189 -8.35937 -8.58188 -4.04501 -7.22235 -6.80144 -8.13093 -5.29927 -7.88878 -8.71825 -4.13949 -8.91026 -7.15773 -7.80569 -5.51707 -7.89374 -8.63291 -4.14998 -8.25717 -7.01147 -7.89462 -5.49116 -7.92637 -8.6734 -4.23365 -8.39058 -6.98456 -7.64874 -5.65857 -7.94875 -8.68472 -3.09856 -8.29524 -6.49345 -9.53089 -3.68861 -7.60501 -8.74676 -2.25377 -8.18998
103.21 -5.38176 -10.2245 -7.07033 -8.40662 -9.30267 -3.79698 -7.3396 -8.1549 -7.19287 -5.34427 -8.33256 -8.57672 -4.04654 -7.24305 -6.8005 -8.13237 -5.29961 -7.88897 -8.71856 -4.13926 -8.90958 -7.15839 -7.80537 -5.5169 -7.89376 -8.63277 -4.15006 -8.25651 -7.01134 -7.8946 -5.49124 -7.92635 -8.67342 -4.23364 -8.39088 -6.98454 -7.64878 -5.65857 -7.94876 -8.68473 -3.09855 -8.29521 -6.49347 -9.53088 -3.68861 -7.60502 -8.74676 -2.25377 -8.18997
103.26 -5.4268 -10.2018 -6.98473 -8.41441 -9.28891 -3.80166 -7.35486 -8.1469 -7.19153 -5.34683 -8.30586 -8.57161 -4.04811 -7.26465 -6.79963 -8.13379 -5.29998 -7.88918 -8.71885 -4.13903 -8.90859 -7.15905 -7.80505 -5.51673 -7.89379 -8.63263 -4.15015 -8.25588 -7.01121 -7.89459 -5.49131 -7.92634 -8.67345 -4.23364 -8.39119 -6.98453 -7.64882 -5.65857 -7.94877 -8.68473 -3.09855 -8.29517 -6.49349 -9.53086 -3.68862 -7.60502 -8.74675 -2.25377 -8.18996
103.31 -5.47229 -10.1777 -6.89954 -8.42285 -9.27497 -3.80658 -7.37132 -8.13823 -7.19038 -5.34955 -8.27946 -8.56659 -4.04971 -7.28708 -6.79883 -8.13519 -5.30038 -7.88941 -8.71913 -4.1388 -8.90728 -7.1597 -7.80471 -5.51657 -7.89382 -8.63249 -4.15023 -8.25527 -7.01108 -7.89458 -5.49139 -7.92632 -8.67348 -4.23364 -8.3915 -6.98452 -7.64886 -5.65856 -7.94878 -8.68474 -3.09855 -8.29513 -6.49351 -9.53084 -3.68863 -7.60503 -8.74675 -2.25378 -8.18994
103.36 -5.51798 -10.1522 -6.81513 -8.4319 -9.26094 -3.81172 -7.38896 -8.1289 -7.18943 -5.35244 -8.25355 -8.5617 -4.05134 -7.31029 -6.79811 -8.13656 -5.30082 -7.88966 -8.71939 -4.13858 -8.90566 -7.16035 -7.80437 -5.51642 -7.89386 -8.63235 -4.15031 -8.2547 -7.01094 -7.89458 -5.49146 -7.92631 -8.67351 -4.23364 -8.39181 -6.98451 -7.64889 -5.65856 -7.94879 -8.68474 -3.09855 -8.29509 -6.49353 -9.53082 -3.68864 -7.60503 -8.74674 -2.25378 -8.18993
103.41 -5.56361 -10.1255 -6.73189 -8.44157 -9.2469 -3.81707 -7.40774 -8.11892 -7.18869 -5.3555 -8.2283 -8.55699 -4.05298 -7.3342 -6.79746 -8.13791 -5.30129 -7.88993 -8.71964 -4.13837 -8.90373 -7.16098 -7.80401 -5.51628 -7.89391 -8.63222 -4.15039 -8.25414 -7.01079 -7.89458 -5.49154 -7.92629 -8.67354 -4.23363 -8.39212 -6.98451 -7.64892 -5.65855 -7.9488 -8.68475 -3.09855 -8.29505 -6.49355 -9.53081 -3.68865 -7.60504 -8.74674 -2.25379 -8.18992
103.46 -5.60894 -10.0975 -6.65023 -8.45181 -9.23296 -3.82262 -7.42762 -8.10831 -7.18816 -5.35872 -8.20389 -8.55249 -4.05463 -7.35875 -6.79689 -8.13924 -5.30179 -7.89022 -8.71987 -4.13816 -8.90147 -7.16161 -7.80364 -5.51614 -7.89396 -8.63209 -4.15048 -8.25362 -7.01064 -7.8946 -5.49161 -7.92628 -8.67357 -4.23363 -8.39243 -6.9845 -7.64896 -5.65855 -7.94881 -8.68475 -3.09855 -8.295 -6.49357 -9.53079 -3.68866 -7.60504 -8.74673 -2.25379 -8.18992
103.51 -5.65369 -10.0684 -6.57056 -8.4626 -9.21922 -3.82834 -7.44854 -8.09709 -7.18784 -5.3621 -8.18048 -8.54825 -4.05628 -7.38382 -6.7964 -8.14053 -5.30233 -7.89053 -8.72008 -4.13796 -8.8989 -7.16223 -7.80327 -5.51601 -7.89401 -8.63196 -4.15056 -8.25313 -7.01048 -7.89461 -5.49168 -7.92627 -8.6736 -4.23362 -8.39274 -6.9845 -7.64899 -5.65854 -7.94881 -8.68475 -3.09855 -8.29495 -6.49358 -9.53077 -3.68867 -7.60505 -8.74673 -2.25379 -8.18991
103.56 -5.69763 -10.0383 -6.49328 -8.47389 -9.20577 -3.83421 -7.47043 -8.0853 -7.18774 -5.36564 -8.1582 -8.5443 -4.05792 -7.40934 -6.79599 -8.14179 -5.30289 -7.89086 -8.72028 -4.13776 -8.896 -7.16284 -7.80289 -5.51589 -7.89408 -8.63183 -4.15064 -8.25267 -7.01032 -7.89464 -5.49176 -7.92626 -8.67364 -4.23361 -8.39306 -6.98451 -7.64902 -5.65853 -7.94882 -8.68475 -3.09855 -8.29489 -6.4936 -9.53075 -3.68869 -7.60505 -8.74672 -2.2538 -8.1899
103.61 -5.74054 -10.0072 -6.41879 -8.48564 -9.19271 -3.84021 -7.49323 -8.07297 -7.18786 -5.36933 -8.13717 -8.54066 -4.05955 -7.43519 -6.79567 -8.14302 -5.30347 -7.89121 -8.72046 -4.13758 -8.89279 -7.16344 -7.8025 -5.51577 -7.89414 -8.63171 -4.15073 -8.25224 -7.01015 -7.89466 -5.49183 -7.92625 -8.67367 -4.2336 -8.39337 -6.98451 -7.64905 -5.65852 -7.94883 -8.68475 -3.09855 -8.29483 -6.49362 -9.53073 -3.6887 -7.60506 -8.74672 -2.2538 -8.1899
103.66 -5.78221 -9.97543 -6.34744 -8.49779 -9.18011 -3.84632 -7.51685 -8.06013 -7.18821 -5.37317 -8.11747 -8.53737 -4.06116 -7.46127 -6.79544 -8.1442 -5.30408 -7.89158 -8.72063 -4.1374 -8.88926 -7.16402 -7.8021 -5.51566 -7.89421 -8.6316 -4.15081 -8.25184 -7.00998 -7.8947 -5.4919 -7.92624 -8.67371 -4.23359 -8.39367 -6.98452 -7.64908 -5.65851 -7.94884 -8.68475 -3.09855 -8.29477 -6.49363 -9.53071 -3.68871 -7.60506 -8.74671 -2.2538 -8.18989
103.71 -5.82246 -9.94294 -6.27959 -8.5103 -9.16806 -3.8525 -7.5412 -8.04683 -7.18879 -5.37713 -8.09916 -8.53443 -4.06272 -7.48747 -6.79529 -8.14535 -5.30471 -7.89197 -8.72077 -4.13723 -8.88542 -7.16458 -7.8017 -5.51556 -7.89429 -8.63149 -4.15089 -8.25148 -7.00981 -7.89474 -5.49198 -7.92623 -8.67375 -4.23358 -8.39398 -6.98453 -7.6491 -5.6585 -7.94885 -8.68475 -3.09855 -8.29471 -6.49365 -9.53069 -3.68873 -7.60506 -8.74671 -2.25381 -8.18989
103.76 -5.86116 -9.90991 -6.21551 -8.5231 -9.15659 -3.85874 -7.56619 -8.03313 -7.1896 -5.38122 -8.08228 -8.53187 -4.06425 -7.51367 -6.79523 -8.14646 -5.30536 -7.89238 -8.72089 -4.13707 -8.88128 -7.16514 -7.80129 -5.51547 -7.89437 -8.63138 -4.15097 -8.25115 -7.00964 -7.89478 -5.49205 -7.92623 -8.67379 -4.23357 -8.39428 -6.98454 -7.64913 -5.65849 -7.94886 -8.68475 -3.09856 -8.29464 -6.49366 -9.53067 -3.68874 -7.60507 -8.74671 -2.25381 -8.18989
103.81 -5.89819 -9.87648 -6.15546 -8.53612 -9.14577 -3.865 -7.59171 -8.01906 -7.19065 -5.38542 -8.06683 -8.52968 -4.06573 -7.53978 -6.79527 -8.14752 -5.30602 -7.8928 -8.72099 -4.13692 -8.87684 -7.16567 -7.80088 -5.51538 -7.89446 -8.63127 -4.15105 -8.25085 -7.00946 -7.89483 -5.49212 -7.92622 -8.67383 -4.23356 -8.39458 -6.98456 -7.64915 -5.65848 -7.94886 -8.68475 -3.09856 -8.29457 -6.49368 -9.53065 -3.68876 -7.60507 -8.7467 -2.25381 -8.18989
103.86 -5.93345 -9.84277 -6.09964 -8.54932 -9.13562 -3.87126 -7.61767 -8.00469 -7.19192 -5.38971 -8.05279 -8.52787 -4.06714 -7.56569 -6.7954 -8.14853 -5.3067 -7.89324 -8.72108 -4.13678 -8.87212 -7.16619 -7.80047 -5.51531 -7.89455 -8.63118 -4.15113 -8.2506 -7.00928 -7.89489 -5.49218 -7.92622 -8.67387 -4.23354 -8.39487 -6.98458 -7.64917 -5.65847 -7.94887 -8.68475 -3.09857 -8.2945 -6.49369 -9.53063 -3.68878 -7.60508 -8.7467 -2.25382 -8.18989
103.91 -5.96691 -9.80889 -6.0482 -8.56261 -9.12615 -3.87749 -7.64398 -7.99005 -7.19343 -5.39409 -8.04015 -8.52642 -4.0685 -7.59129 -6.79562 -8.14949 -5.30737 -7.89369 -8.72114 -4.13664 -8.86712 -7.16668 -7.80005 -5.51524 -7.89464 -8.63108 -4.15121 -8.25037 -7.00909 -7.89495 -5.49225 -7.92621 -8.67391 -4.23353 -8.39516 -6.9846 -7.64919 -5.65845 -7.94888 -8.68475 -3.09857 -8.29443 -6.4937 -9.53061 -3.6888 -7.60508 -8.7467 -2.25382 -8.18989
103.96 -5.99851 -9.77498 -6.00125 -8.57595 -9.11738 -3.88367 -7.67053 -7.97521 -7.19518 -5.39854 -8.02884 -8.52533 -4.06978 -7.6165 -6.79594 -8.15041 -5.30805 -7.89416 -8.72117 -4.13652 -8.86187 -7.16716 -7.79963 -5.51518 -7.89473 -8.63099 -4.15129 -8.25019 -7.00891 -7.89502 -5.49231 -7.92621 -8.67396 -4.23351 -8.39545 -6.98462 -7.64921 -5.65844 -7.94889 -8.68474 -3.09858 -8.29435 -6.49372 -9.53059 -3.68882 -7.60509 -8.74669 -2.25382 -8.1899
104.01 -6.02825 -9.74113 -5.95885 -8.58927 -9.1093 -3.88979 -7.69723 -7.96021 -7.19715 -5.40305 -8.01882 -8.52459 -4.07099 -7.64123 -6.79636 -8.15126 -5.30873 -7.89464 -8.72119 -4.13641 -8.85637 -7.16762 -7.79921 -5.51513 -7.89483 -8.63091 -4.15136 -8.25004 -7.00872 -7.89509 -5.49238 -7.92621 -8.674 -4.2335 -8.39572 -6.98465 -7.64923 -5.65843 -7.94889 -8.68474 -3.09859 -8.29427 -6.49373 -9.53057 -3.68884 -7.60509 -8.74669 -2.25383 -8.1899
104.06 -6.05613 -9.70746 -5.92101 -8.60253 -9.10191 -3.89582 -7.72399 -7.9451 -7.19936 -5.4076 -8.01003 -8.52418 -4.07212 -7.6654 -6.79687 -8.15206 -5.30941 -7.89513 -8.72118 -4.1363 -8.85063 -7.16805 -7.7988 -5.51509 -7.89492 -8.63083 -4.15144 -8.24994 -7.00854 -7.89516 -5.49244 -7.92621 -8.67404 -4.23348 -8.396 -6.98467 -7.64924 -5.65841 -7.9489 -8.68474 -3.0986 -8.2942 -6.49374 -9.53056 -3.68886 -7.6051 -8.74669 -2.25383 -8.18991
104.11 -6.08217 -9.67406 -5.88773 -8.61566 -9.09518 -3.90174 -7.75073 -7.92994 -7.20179 -5.41217 -8.00239 -8.52407 -4.07316 -7.68895 -6.79748 -8.1528 -5.31007 -7.89562 -8.72115 -4.13621 -8.84468 -7.16846 -7.79838 -5.51505 -7.89502 -8.63075 -4.15151 -8.24987 -7.00835 -7.89524 -5.4925 -7.9262 -8.67409 -4.23346 -8.39626 -6.9847 -7.64926 -5.65839 -7.9489 -8.68473 -3.09861 -8.29411 -6.49374 -9.53054 -3.68888 -7.6051 -8.74669 -2.25383 -8.18991
104.16 -6.10641 -9.64101 -5.85896 -8.62862 -9.08908 -3.90755 -7.77737 -7.91476 -7.20444 -5.41676 -7.99585 -8.52425 -4.07413 -7.7118 -6.79819 -8.15349 -5.31072 -7.89612 -8.72109 -4.13613 -8.83854 -7.16885 -7.79796 -5.51503 -7.89512 -8.63069 -4.15158 -8.24985 -7.00816 -7.89533 -5.49255 -7.9262 -8.67413 -4.23344 -8.39652 -6.98474 -7.64927 -5.65838 -7.94891 -8.68472 -3.09861 -8.29403 -6.49375 -9.53052 -3.6889 -7.6051 -8.74668 -2.25384 -8.18992
104.21 -6.12887 -9.6084 -5.83461 -8.64138 -9.08361 -3.91322 -7.80384 -7.89961 -7.20731 -5.42134 -7.99033 -8.52471 -4.07501 -7.73392 -6.79899 -8.15411 -5.31136 -7.89663 -8.72101 -4.13606 -8.83221 -7.16921 -7.79755 -5.51501 -7.89522 -8.63062 -4.15165 -8.24986 -7.00797 -7.89542 -5.49261 -7.92621 -8.67418 -4.23342 -8.39677 -6.98477 -7.64928 -5.65836 -7.94892 -8.68472 -3.09862 -8.29395 -6.49376 -9.5305 -3.68892 -7.60511 -8.74668 -2.25384 -8.18993
104.26 -6.14959 -9.5763 -5.81458 -8.6539 -9.07872 -3.91874 -7.83007 -7.88454 -7.21038 -5.42591 -7.98578 -8.52541 -4.0758 -7.75525 -6.79989 -8.15466 -5.31198 -7.89714 -8.7209 -4.136 -8.82572 -7.16954 -7.79714 -5.51501 -7.89532 -8.63056 -4.15171 -8.24992 -7.00779 -7.89551 -5.49266 -7.92621 -8.67422 -4.2334 -8.39701 -6.98481 -7.64929 -5.65834 -7.94892 -8.68471 -3.09864 -8.29387 -6.49377 -9.53048 -3.68894 -7.60511 -8.74668 -2.25384 -8.18994
104.31 -6.16864 -9.54478 -5.79877 -8.66615 -9.0744 -3.92412 -7.85599 -7.86957 -7.21367 -5.43045 -7.98213 -8.52635 -4.07651 -7.77575 -6.80088 -8.15515 -5.31258 -7.89765 -8.72077 -4.13596 -8.81909 -7.16985 -7.79674 -5.51501 -7.89542 -8.63051 -4.15178 -8.25002 -7.0076 -7.8956 -5.49271 -7.92621 -8.67427 -4.23338 -8.39724 -6.98485 -7.64929 -5.65833 -7.94892 -8.6847 -3.09865 -8.29378 -6.49377 -9.53047 -3.68896 -7.60512 -8.74668 -2.25384 -8.18995
104.36 -6.18604 -9.51389 -5.78703 -8.6781 -9.0706 -3.92933 -7.88155 -7.85474 -7.21715 -5.43494 -7.97932 -8.5275 -4.07713 -7.7954 -6.80196 -8.15557 -5.31316 -7.89816 -8.72062 -4.13592 -8.81233 -7.17013 -7.79634 -5.51502 -7.89551 -8.63047 -4.15184 -8.25016 -7.00742 -7.89571 -5.49275 -7.92622 -8.67431 -4.23336 -8.39746 -6.98489 -7.6493 -5.65831 -7.94893 -8.68469 -3.09866 -8.2937 -6.49377 -9.53045 -3.68898 -7.60512 -8.74668 -2.25385 -8.18996
104.41 -6.20185 -9.48368 -5.77923 -8.68973 -9.06732 -3.93437 -7.90671 -7.84008 -7.22082 -5.43937 -7.97731 -8.52884 -4.07767 -7.81416 -6.80313 -8.15592 -5.31371 -7.89866 -8.72044 -4.1359 -8.80547 -7.17038 -7.79594 -5.51504 -7.89561 -8.63043 -4.15189 -8.25034 -7.00723 -7.89581 -5.4928 -7.92622 -8.67436 -4.23334 -8.39767 -6.98493 -7.6493 -5.65829 -7.94893 -8.68469 -3.09867 -8.29361 -6.49378 -9.53043 -3.689 -7.60512 -8.74668 -2.25385 -8.18997
104.46 -6.21611 -9.4542 -5.77521 -8.70103 -9.06451 -3.93924 -7.9314 -7.82564 -7.22468 -5.44374 -7.97606 -8.53036 -4.07813 -7.83202 -6.80439 -8.15621 -5.31424 -7.89917 -8.72024 -4.13589 -8.79852 -7.1706 -7.79556 -5.51507 -7.8957 -8.63039 -4.15195 -8.25056 -7.00705 -7.89592 -5.49284 -7.92623 -8.6744 -4.23332 -8.39787 -6.98497 -7.6493 -5.65827 -7.94894 -8.68468 -3.09868 -8.29352 -6.49378 -9.53042 -3.68903 -7.60513 -8.74668 -2.25385 -8.18998
104.51 -6.22887 -9.42549 -5.77483 -8.71199 -9.06216 -3.94393 -7.9556 -7.81142 -7.22872 -5.44803 -7.97551 -8.53205 -4.07851 -7.84895 -6.80574 -8.15642 -5.31474 -7.89966 -8.72001 -4.13589 -8.7915 -7.17079 -7.79518 -5.51511 -7.8958 -8.63036 -4.152 -8.25083 -7.00688 -7.89603 -5.49288 -7.92623 -8.67445 -4.2333 -8.39806 -6.98502 -7.6493 -5.65825 -7.94894 -8.68467 -3.09869 -8.29344 -6.49378 -9.5304 -3.68905 -7.60513 -8.74668 -2.25385 -8.19
104.56 -6.24017 -9.39759 -5.77793 -8.7226 -9.06025 -3.94844 -7.97926 -7.79746 -7.23292 -5.45224 -7.97563 -8.53388 -4.0788 -7.86497 -6.80717 -8.15656 -5.31521 -7.90015 -8.71976 -4.13591 -8.78443 -7.17096 -7.79481 -5.51516 -7.89588 -8.63034 -4.15205 -8.25114 -7.0067 -7.89614 -5.49291 -7.92624 -8.67449 -4.23327 -8.39824 -6.98506 -7.6493 -5.65823 -7.94894 -8.68466 -3.09871 -8.29335 -6.49378 -9.53039 -3.68907 -7.60513 -8.74668 -2.25386 -8.19001
104.61 -6.25004 -9.37053 -5.78436 -8.73284 -9.05875 -3.95276 -8.00236 -7.78378 -7.23728 -5.45634 -7.97639 -8.53585 -4.07902 -7.88004 -6.80867 -8.15663 -5.31566 -7.90064 -8.71948 -4.13593 -8.77732 -7.17109 -7.79444 -5.51521 -7.89597 -8.63032 -4.1521 -8.25149 -7.00653 -7.89626 -5.49294 -7.92625 -8.67454 -4.23325 -8.39841 -6.98511 -7.64929 -5.65821 -7.94894 -8.68465 -3.09872 -8.29326 -6.49378 -9.53037 -3.68909 -7.60513 -8.74668 -2.25386 -8.19003
104.66 -6.25851 -9.34433 -5.79399 -8.74273 -9.05765 -3.95689 -8.02485 -7.7704 -7.24178 -5.46034 -7.97777 -8.53795 -4.07917 -7.89417 -6.81026 -8.15662 -5.31607 -7.90111 -8.71919 -4.13597 -8.7702 -7.17118 -7.79409 -5.51528 -7.89606 -8.63031 -4.15214 -8.25188 -7.00636 -7.89637 -5.49297 -7.92626 -8.67458 -4.23323 -8.39857 -6.98516 -7.64928 -5.65819 -7.94895 -8.68463 -3.09874 -8.29318 -6.49378 -9.53036 -3.68912 -7.60514 -8.74668 -2.25386 -8.19005
104.71 -6.26563 -9.31903 -5.80665 -8.75226 -9.05694 -3.96084 -8.04672 -7.75734 -7.24643 -5.46422 -7.97974 -8.54016 -4.07925 -7.90737 -6.81192 -8.15654 -5.31646 -7.90157 -8.71887 -4.13603 -8.76308 -7.17125 -7.79375 -5.51535 -7.89614 -8.63031 -4.15218 -8.25231 -7.0062 -7.89649 -5.493 -7.92627 -8.67462 -4.2332 -8.39871 -6.98521 -7.64928 -5.65818 -7.94895 -8.68462 -3.09875 -8.29309 -6.49377 -9.53035 -3.68914 -7.60514 -8.74668 -2.25386 -8.19006
104.76 -6.27141 -9.29464 -5.82223 -8.76143 -9.0566 -3.96459 -8.06794 -7.74461 -7.2512 -5.46798 -7.98229 -8.54248 -4.07925 -7.91962 -6.81365 -8.15639 -5.31682 -7.90202 -8.71853 -4.13609 -8.75598 -7.17129 -7.79342 -5.51543 -7.89622 -8.63031 -4.15222 -8.25278 -7.00604 -7.89661 -5.49302 -7.92628 -8.67466 -4.23318 -8.39884 -6.98526 -7.64927 -5.65816 -7.94895 -8.68461 -3.09876 -8.29301 -6.49377 -9.53033 -3.68916 -7.60514 -8.74668 -2.25386 -8.19008
104.81 -6.27588 -9.27119 -5.84059 -8.77025 -9.05661 -3.96815 -8.08848 -7.73224 -7.2561 -5.47161 -7.9854 -8.54489 -4.07919 -7.93094 -6.81545 -8.15617 -5.31715 -7.90246 -8.71816 -4.13617 -8.74891 -7.17129 -7.79311 -5.51552 -7.8963 -8.63032 -4.15225 -8.25329 -7.00588 -7.89674 -5.49304 -7.92629 -8.6747 -4.23316 -8.39895 -6.98532 -7.64925 -5.65814 -7.94895 -8.6846 -3.09878 -8.29292 -6.49377 -9.53032 -3.68918 -7.60514 -8.74668 -2.25387 -8.1901
104.86 -6.27906 -9.2487 -5.86161 -8.77872 -9.05698 -3.97152 -8.10833 -7.72025 -7.2611 -5.4751 -7.98905 -8.54739 -4.07907 -7.94133 -6.81731 -8.15587 -5.31746 -7.90289 -8.71778 -4.13626 -8.74189 -7.17126 -7.7928 -5.51562 -7.89637 -8.63034 -4.15229 -8.25384 -7.00573 -7.89686 -5.49305 -7.9263 -8.67474 -4.23313 -8.39906 -6.98537 -7.64924 -5.65812 -7.94895 -8.68459 -3.09879 -8.29284 -6.49376 -9.53031 -3.6892 -7.60515 -8.74669 -2.25387 -8.19012
104.91 -6.28096 -9.22718 -5.8852 -8.78685 -9.05769 -3.97469 -8.12747 -7.70863 -7.2662 -5.47846 -7.99325 -8.54998 -4.07888 -7.95079 -6.81923 -8.1555 -5.31773 -7.9033 -8.71738 -4.13636 -8.73493 -7.17119 -7.79251 -5.51573 -7.89644 -8.63036 -4.15231 -8.25443 -7.00558 -7.89699 -5.49307 -7.92632 -8.67478 -4.23311 -8.39915 -6.98542 -7.64922 -5.6581 -7.94895 -8.68457 -3.09881 -8.29276 -6.49375 -9.5303 -3.68923 -7.60515 -8.74669 -2.25387 -8.19014
104.96 -6.28159 -9.20665 -5.91124 -8.79464 -9.05873 -3.97766 -8.14587 -7.69741 -7.27139 -5.48167 -7.99799 -8.55265 -4.07864 -7.95934 -6.8212 -8.15505 -5.31798 -7.9037 -8.71696 -4.13647 -8.72805 -7.1711 -7.79224 -5.51584 -7.89651 -8.63039 -4.15234 -8.25505 -7.00545 -7.89711 -5.49308 -7.92633 -8.67482 -4.23308 -8.39922 -6.98548 -7.64921 -5.65808 -7.94895 -8.68456 -3.09883 -8.29268 -6.49375 -9.53029 -3.68925 -7.60515 -8.74669 -2.25387 -8.19016
105.01 -6.28097 -9.18713 -5.93964 -8.8021 -9.06012 -3.98044 -8.16353 -7.6866 -7.27665 -5.48472 -8.00327 -8.55539 -4.07834 -7.96697 -6.82322 -8.15454 -5.31821 -7.90408 -8.71653 -4.1366 -8.72126 -7.17097 -7.79198 -5.51597 -7.89658 -8.63043 -4.15236 -8.25571 -7.00531 -7.89724 -5.49308 -7.92635 -8.67486 -4.23306 -8.39928 -6.98553 -7.64919 -5.65806 -7.94895 -8.68455 -3.09884 -8.2926 -6.49374 -9.53029 -3.68927 -7.60515 -8.74669 -2.25387 -8.19018
105.06 -6.27909 -9.16863 -5.97034 -8.80925 -9.06184 -3.98302 -8.18043 -7.67621 -7.28198 -5.48763 -8.0091 -8.5582 -4.07798 -7.97369 -6.82529 -8.15395 -5.31841 -7.90445 -8.71607 -4.13673 -8.71457 -7.17081 -7.79173 -5.5161 -7.89664 -8.63047 -4.15237 -8.2564 -7.00518 -7.89737 -5.49308 -7.92636 -8.67489 -4.23304 -8.39933 -6.98559 -7.64917 -5.65804 -7.94894 -8.68453 -3.09886 -8.29252 -6.49373 -9.53028 -3.68929 -7.60515 -8.7467 -2.25387 -8.1902
105.11 -6.27595 -9.15117 -6.00326 -8.81608 -9.06389 -3.9854 -8.19655 -7.66625 -7.28737 -5.49037 -8.01547 -8.56108 -4.07757 -7.97952 -6.8274 -8.1533 -5.31859 -7.9048 -8.71561 -4.13688 -8.708 -7.17062 -7.7915 -5.51623 -7.8967 -8.63052 -4.15238 -8.25712 -7.00506 -7.8975 -5.49308 -7.92638 -8.67493 -4.23301 -8.39936 -6.98565 -7.64914 -5.65802 -7.94894 -8.68452 -3.09887 -8.29245 -6.49372 -9.53027 -3.68931 -7.60515 -8.7467 -2.25387 -8.19023
105.16 -6.27156 -9.13476 -6.03835 -8.8226 -9.06628 -3.98757 -8.21187 -7.65674 -7.29279 -5.49296 -8.02241 -8.56402 -4.07712 -7.98445 -6.82955 -8.15257 -5.31875 -7.90513 -8.71513 -4.13704 -8.70155 -7.17039 -7.79129 -5.51638 -7.89676 -8.63057 -4.15239 -8.25788 -7.00495 -7.89762 -5.49308 -7.92639 -8.67496 -4.23299 -8.39937 -6.9857 -7.64912 -5.658 -7.94894 -8.6845 -3.09889 -8.29237 -6.4937 -9.53027 -3.68933 -7.60515 -8.7467 -2.25387 -8.19025
105.21 -6.26589 -9.11943 -6.07555 -8.82883 -9.06901 -3.98954 -8.22639 -7.64767 -7.29825 -5.49537 -8.02993 -8.56703 -4.07661 -7.9885 -6.83173 -8.15178 -5.31888 -7.90545 -8.71463 -4.13721 -8.69524 -7.17014 -7.7911 -5.51653 -7.89682 -8.63063 -4.1524 -8.25867 -7.00484 -7.89775 -5.49307 -7.92641 -8.67499 -4.23297 -8.39938 -6.98576 -7.64909 -5.65798 -7.94894 -8.68449 -3.0989 -8.2923 -6.49369 -9.53026 -3.68934 -7.60515 -8.74671 -2.25387 -8.19027
105.26 -6.25895 -9.10519 -6.11485 -8.83477 -9.07209 -3.99131 -8.24008 -7.63908 -7.30373 -5.49763 -8.03803 -8.5701 -4.07606 -7.99167 -6.83394 -8.15092 -5.319 -7.90574 -8.71413 -4.13739 -8.68908 -7.16985 -7.79092 -5.51669 -7.89687 -8.6307 -4.1524 -8.25948 -7.00474 -7.89787 -5.49306 -7.92643 -8.67502 -4.23294 -8.39936 -6.98582 -7.64907 -5.65797 -7.94893 -8.68448 -3.09892 -8.29223 -6.49368 -9.53026 -3.68936 -7.60515 -8.74671 -2.25387 -8.1903
105.31 -6.25071 -9.09206 -6.1562 -8.84044 -9.07552 -3.99287 -8.25294 -7.63095 -7.30921 -5.49971 -8.04674 -8.57324 -4.07546 -7.99396 -6.83617 -8.15 -5.31909 -7.90602 -8.71361 -4.13758 -8.68308 -7.16953 -7.79076 -5.51685 -7.89692 -8.63077 -4.1524 -8.26032 -7.00465 -7.898 -5.49305 -7.92645 -8.67505 -4.23292 -8.39934 -6.98587 -7.64904 -5.65795 -7.94893 -8.68446 -3.09893 -8.29217 -6.49367 -9.53025 -3.68938 -7.60515 -8.74672 -2.25387 -8.19032
105.36 -6.24116 -9.08006 -6.19961 -8.84582 -9.07932 -3.99422 -8.26494 -7.62331 -7.31469 -5.50161 -8.05609 -8.57645 -4.07482 -7.99537 -6.83842 -8.14902 -5.31917 -7.90628 -8.71309 -4.13778 -8.67724 -7.16919 -7.79062 -5.51702 -7.89697 -8.63085 -4.15239 -8.26119 -7.00457 -7.89812 -5.49303 -7.92647 -8.67507 -4.2329 -8.39929 -6.98593 -7.64901 -5.65793 -7.94893 -8.68445 -3.09895 -8.29211 -6.49365 -9.53025 -3.6894 -7.60515 -8.74672 -2.25387 -8.19034
105.41 -6.23026 -9.0692 -6.24507 -8.85094 -9.08349 -3.99536 -8.27608 -7.61617 -7.32016 -5.50335 -8.06609 -8.57972 -4.07414 -7.99591 -6.84068 -8.14798 -5.31923 -7.90653 -8.71255 -4.13799 -8.67159 -7.16881 -7.7905 -5.5172 -7.89702 -8.63094 -4.15238 -8.26207 -7.00449 -7.89824 -5.49301 -7.92649 -8.6751 -4.23288 -8.39923 -6.98599 -7.64898 -5.65791 -7.94892 -8.68443 -3.09896 -8.29205 -6.49364 -9.53025 -3.68941 -7.60515 -8.74672 -2.25387 -8.19037
105.46 -6.21799 -9.05952 -6.29258 -8.8558 -9.08805 -3.99628 -8.28632 -7.60953 -7.3256 -5.5049 -8.07678 -8.58306 -4.07342 -7.99558 -6.84295 -8.14687 -5.31927 -7.90675 -8.71201 -4.13821 -8.66611 -7.16841 -7.7904 -5.51738 -7.89707 -8.63103 -4.15237 -8.26298 -7.00442 -7.89836 -5.49298 -7.92651 -8.67512 -4.23286 -8.39916 -6.98604 -7.64895 -5.6579 -7.94892 -8.68442 -3.09898 -8.29199 -6.49362 -9.53025 -3.68943 -7.60515 -8.74673 -2.25387 -8.19039
105.51 -6.20431 -9.05104 -6.34218 -8.8604 -9.09301 -3.99698 -8.29567 -7.60342 -7.331 -5.50628 -8.08818 -8.58647 -4.07266 -7.99437 -6.84523 -8.14572 -5.3193 -7.90695 -8.71147 -4.13843 -8.66084 -7.16797 -7.79031 -5.51757 -7.89711 -8.63113 -4.15235 -8.26391 -7.00436 -7.89848 -5.49296 -7.92653 -8.67514 -4.23284 -8.39907 -6.9861 -7.64891 -5.65788 -7.94891 -8.6844 -3.09899 -8.29193 -6.4936 -9.53025 -3.68944 -7.60515 -8.74673 -2.25387 -8.19041
105.56 -6.18919 -9.04379 -6.3939 -8.86476 -9.09839 -3.99746 -8.30408 -7.59783 -7.33635 -5.50748 -8.10034 -8.58996 -4.07186 -7.99229 -6.8475 -8.14451 -5.31931 -7.90713 -8.71091 -4.13867 -8.65576 -7.16751 -7.79025 -5.51776 -7.89715 -8.63123 -4.15233 -8.26486 -7.00431 -7.89859 -5.49293 -7.92655 -8.67516 -4.23282 -8.39897 -6.98615 -7.64888 -5.65787 -7.94891 -8.68439 -3.09901 -8.29188 -6.49359 -9.53025 -3.68946 -7.60515 -8.74674 -2.25387 -8.19044
105.61 -6.17258 -9.03778 -6.44776 -8.86886 -9.1042 -3.99771 -8.31155 -7.59278 -7.34164 -5.5085 -8.11329 -8.59353 -4.07102 -7.98932 -6.84977 -8.14324 -5.31931 -7.9073 -8.71036 -4.13891 -8.6509 -7.16703 -7.79021 -5.51795 -7.89719 -8.63134 -4.1523 -8.26582 -7.00427 -7.89871 -5.49289 -7.92657 -8.67518 -4.2328 -8.39886 -6.9862 -7.64884 -5.65785 -7.9489 -8.68437 -3.09902 -8.29184 -6.49357 -9.53026 -3.68947 -7.60515 -8.74674 -2.25387 -8.19046
105.66 -6.15444 -9.03307 -6.50384 -8.87273 -9.11047 -3.99773 -8.31804 -7.58829 -7.34686 -5.50933 -8.12706 -8.59719 -4.07015 -7.98546 -6.85202 -8.14194 -5.31929 -7.90744 -8.70981 -4.13916 -8.64626 -7.16652 -7.79018 -5.51815 -7.89723 -8.63146 -4.15227 -8.26679 -7.00423 -7.89882 -5.49286 -7.92659 -8.67519 -4.23278 -8.39873 -6.98626 -7.64881 -5.65784 -7.94889 -8.68436 -3.09904 -8.29179 -6.49355 -9.53026 -3.68948 -7.60514 -8.74675 -2.25386 -8.19049
105.71 -6.13472 -9.02968 -6.56219 -8.87635 -9.11722 -3.99751 -8.32354 -7.58437 -7.35198 -5.50998 -8.14171 -8.60093 -4.06923 -7.9807 -6.85426 -8.14058 -5.31926 -7.90756 -8.70925 -4.13941 -8.64184 -7.16598 -7.79018 -5.51835 -7.89726 -8.63158 -4.15224 -8.26777 -7.00421 -7.89892 -5.49282 -7.92661 -8.67521 -4.23276 -8.39858 -6.98631 -7.64877 -5.65783 -7.94889 -8.68435 -3.09905 -8.29175 -6.49353 -9.53026 -3.68949 -7.60514 -8.74675 -2.25386 -8.19051
105.76 -6.11336 -9.02765 -6.62287 -8.87973 -9.12446 -3.99704 -8.32802 -7.58104 -7.35701 -5.51044 -8.15727 -8.60477 -4.06828 -7.97503 -6.85647 -8.13918 -5.31922 -7.90766 -8.70869 -4.13967 -8.63766 -7.16543 -7.7902 -5.51856 -7.8973 -8.6317 -4.1522 -8.26877 -7.00419 -7.89902 -5.49277 -7.92664 -8.67522 -4.23275 -8.39842 -6.98636 -7.64873 -5.65781 -7.94888 -8.68433 -3.09906 -8.29171 -6.49351 -9.53027 -3.6895 -7.60514 -8.74676 -2.25386 -8.19053
105.81 -6.09031 -9.02702 -6.68597 -8.88287 -9.13223 -3.99633 -8.33145 -7.57831 -7.36193 -5.51071 -8.17378 -8.60872 -4.06729 -7.96843 -6.85866 -8.13774 -5.31916 -7.90774 -8.70814 -4.13993 -8.63372 -7.16485 -7.79024 -5.51877 -7.89733 -8.63183 -4.15216 -8.26976 -7.00418 -7.89912 -5.49273 -7.92666 -8.67523 -4.23273 -8.39825 -6.9864 -7.6487 -5.6578 -7.94887 -8.68432 -3.09908 -8.29168 -6.49349 -9.53027 -3.68951 -7.60514 -8.74676 -2.25386 -8.19056
105.86 -6.06551 -9.02783 -6.75157 -8.88576 -9.14054 -3.99535 -8.33379 -7.57619 -7.36673 -5.51079 -8.1913 -8.61277 -4.06626 -7.9609 -6.86081 -8.13627 -5.31908 -7.9078 -8.70759 -4.1402 -8.63003 -7.16425 -7.79029 -5.51897 -7.89736 -8.63196 -4.15212 -8.27077 -7.00419 -7.89922 -5.49268 -7.92668 -8.67523 -4.23271 -8.39807 -6.98645 -7.64866 -5.65779 -7.94887 -8.68431 -3.09909 -8.29165 -6.49347 -9.53028 -3.68952 -7.60514 -8.74677 -2.25386 -8.19058
105.91 -6.03892 -9.03013 -6.81975 -8.88841 -9.14943 -3.99412 -8.33502 -7.57471 -7.37139 -5.51067 -8.20986 -8.61693 -4.06519 -7.9524 -6.86293 -8.13476 -5.31899 -7.90784 -8.70704 -4.14048 -8.6266 -7.16363 -7.79037 -5.51919 -7.89738 -8.6321 -4.15207 -8.27177 -7.0042 -7.89931 -5.49263 -7.9267 -8.67524 -4.2327 -8.39787 -6.9865 -7.64862 -5.65778 -7.94886 -8.68429 -3.0991 -8.29163 -6.49345 -9.53029 -3.68953 -7.60513 -8.74678 -2.25386 -8.1906
105.96 -6.01048 -9.03396 -6.8906 -8.8908 -9.15891 -3.99261 -8.3351 -7.57389 -7.3759 -5.51036 -8.22949 -8.62121 -4.06408 -7.94293 -6.86501 -8.13323 -5.31889 -7.90785 -8.7065 -4.14075 -8.62343 -7.16299 -7.79047 -5.5194 -7.89741 -8.63224 -4.15202 -8.27278 -7.00422 -7.8994 -5.49258 -7.92673 -8.67524 -4.23269 -8.39766 -6.98654 -7.64858 -5.65777 -7.94885 -8.68428 -3.09911 -8.2916 -6.49343 -9.5303 -3.68953 -7.60513 -8.74678 -2.25385 -8.19062
106.01 -5.98013 -9.03939 -6.9642 -8.89292 -9.16901 -3.99082 -8.33399 -7.57374 -7.38025 -5.50986 -8.25024 -8.62562 -4.06292 -7.93246 -6.86704 -8.13166 -5.31877 -7.90784 -8.70597 -4.14103 -8.62054 -7.16234 -7.79059 -5.51961 -7.89743 -8.63239 -4.15197 -8.27378 -7.00425 -7.89948 -5.49252 -7.92675 -8.67524 -4.23267 -8.39744 -6.98658 -7.64854 -5.65776 -7.94884 -8.68427 -3.09912 -8.29159 -6.49341 -9.53031 -3.68954 -7.60513 -8.74679 -2.25385 -8.19065
106.06 -5.94786 -9.04645 -7.04062 -8.89478 -9.17975 -3.98875 -8.33165 -7.57429 -7.38443 -5.50915 -8.27212 -8.63015 -4.06173 -7.92098 -6.86901 -8.13007 -5.31863 -7.90781 -8.70544 -4.14131 -8.61793 -7.16167 -7.79073 -5.51982 -7.89745 -8.63253 -4.15191 -8.27478 -7.00428 -7.89956 -5.49247 -7.92677 -8.67524 -4.23266 -8.3972 -6.98662 -7.6485 -5.65776 -7.94883 -8.68426 -3.09914 -8.29157 -6.49339 -9.53032 -3.68954 -7.60512 -8.74679 -2.25385 -8.19067
106.11 -5.91362 -9.0552 -7.11993 -8.89634 -9.19114 -3.98638 -8.32805 -7.57556 -7.38842 -5.50824 -8.29513 -8.63481 -4.06049 -7.90845 -6.87093 -8.12846 -5.31847 -7.90775 -8.70492 -4.1416 -8.6156 -7.16099 -7.79088 -5.52003 -7.89746 -8.63268 -4.15185 -8.27577 -7.00433 -7.89963 -5.49241 -7.92679 -8.67523 -4.23265 -8.39696 -6.98666 -7.64846 -5.65775 -7.94883 -8.68424 -3.09915 -8.29156 -6.49337 -9.53033 -3.68955 -7.60512 -8.7468 -2.25385 -8.19069
106.16 -5.87742 -9.06569 -7.20214 -8.89759 -9.20319 -3.9837 -8.32314 -7.57756 -7.39221 -5.50713 -8.31928 -8.63959 -4.0592 -7.89487 -6.87278 -8.12684 -5.3183 -7.90767 -8.70442 -4.14188 -8.61357 -7.1603 -7.79106 -5.52025 -7.89747 -8.63284 -4.15179 -8.27675 -7.00439 -7.8997 -5.49234 -7.92681 -8.67523 -4.23264 -8.39671 -6.9867 -7.64842 -5.65774 -7.94882 -8.68423 -3.09915 -8.29156 -6.49334 -9.53034 -3.68955 -7.60512 -8.7468 -2.25384 -8.19071
106.21 -5.83927 -9.07797 -7.28729 -8.89852 -9.2159 -3.98071 -8.31688 -7.58032 -7.39579 -5.5058 -8.34452 -8.64448 -4.05787 -7.88021 -6.87456 -8.1252 -5.3181 -7.90757 -8.70392 -4.14216 -8.61185 -7.1596 -7.79126 -5.52046 -7.89748 -8.63299 -4.15172 -8.27772 -7.00445 -7.89976 -5.49228 -7.92684 -8.67522 -4.23264 -8.39644 -6.98673 -7.64838 -5.65774 -7.94881 -8.68422 -3.09916 -8.29156 -6.49332 -9.53035 -3.68955 -7.60511 -8.74681 -2.25384 -8.19073
106.26 -5.79922 -9.09208 -7.37532 -8.89908 -9.22927 -3.97741 -8.30925 -7.58387 -7.39915 -5.50427 -8.37081 -8.64949 -4.05649 -7.86445 -6.87627 -8.12355 -5.31788 -7.90744 -8.70344 -4.14245 -8.61045 -7.15888 -7.79147 -5.52067 -7.89749 -8.63315 -4.15165 -8.27867 -7.00452 -7.89982 -5.49222 -7.92686 -8.67521 -4.23263 -8.39617 -6.98676 -7.64834 -5.65773 -7.9488 -8.68421 -3.09917 -8.29156 -6.4933 -9.53036 -3.68955 -7.60511 -8.74682 -2.25384 -8.19075
106.31 -5.75734 -9.10805 -7.46617 -8.89926 -9.24326 -3.97378 -8.30019 -7.58822 -7.40226 -5.50252 -8.39806 -8.65459 -4.05506 -7.8476 -6.8779 -8.1219 -5.31764 -7.90729 -8.70297 -4.14273 -8.60937 -7.15816 -7.7917 -5.52087 -7.89749 -8.6333 -4.15158 -8.27961 -7.0046 -7.89987 -5.49215 -7.92688 -8.67519 -4.23262 -8.39588 -6.98679 -7.64829 -5.65773 -7.94879 -8.6842 -3.09918 -8.29157 -6.49328 -9.53038 -3.68955 -7.60511 -8.74682 -2.25384 -8.19076
106.36 -5.71376 -9.12592 -7.55971 -8.89901 -9.25785 -3.96982 -8.28969 -7.59338 -7.40513 -5.50056 -8.42615 -8.65977 -4.05359 -7.82964 -6.87944 -8.12025 -5.31737 -7.90711 -8.70252 -4.14301 -8.60861 -7.15744 -7.79195 -5.52108 -7.89748 -8.63346 -4.15151 -8.28053 -7.00469 -7.89992 -5.49208 -7.9269 -8.67518 -4.23262 -8.39559 -6.98682 -7.64826 -5.65773 -7.94878 -8.68419 -3.09919 -8.29158 -6.49326 -9.53039 -3.68955 -7.6051 -8.74683 -2.25383 -8.19078
106.41 -5.66863 -9.14569 -7.65572 -8.89829 -9.27297 -3.96554 -8.27771 -7.59938 -7.40774 -5.49838 -8.45493 -8.66498 -4.05207 -7.81058 -6.88089 -8.1186 -5.31708 -7.90691 -8.70209 -4.14329 -8.6082 -7.1567 -7.79222 -5.52128 -7.89748 -8.63362 -4.15144 -8.28143 -7.00479 -7.89996 -5.49201 -7.92692 -8.67516 -4.23261 -8.39529 -6.98685 -7.64822 -5.65773 -7.94877 -8.68419 -3.09919 -8.29159 -6.49324 -9.53041 -3.68954 -7.6051 -8.74683 -2.25383 -8.1908
106.46 -5.62216 -9.16736 -7.75394 -8.89706 -9.28854 -3.96093 -8.26425 -7.60623 -7.41007 -5.49598 -8.4842 -8.67021 -4.05051 -7.79044 -6.88225 -8.11695 -5.31676 -7.90668 -8.70167 -4.14357 -8.60814 -7.15597 -7.7925 -5.52147 -7.89746 -8.63378 -4.15136 -8.28231 -7.0049 -7.89999 -5.49194 -7.92694 -8.67514 -4.23261 -8.39499 -6.98687 -7.64818 -5.65773 -7.94876 -8.68418 -3.0992 -8.29161 -6.49322 -9.53042 -3.68954 -7.60509 -8.74684 -2.25383 -8.19081
106.51 -5.57459 -9.19091 -7.85402 -8.89526 -9.30448 -3.956 -8.2493 -7.61392 -7.41212 -5.49336 -8.51375 -8.67541 -4.0489 -7.76924 -6.88351 -8.11532 -5.3164 -7.90642 -8.70127 -4.14384 -8.60844 -7.15524 -7.7928 -5.52167 -7.89745 -8.63394 -4.15128 -8.28315 -7.00501 -7.90002 -5.49187 -7.92696 -8.67512 -4.23261 -8.39468 -6.98689 -7.64814 -5.65773 -7.94875 -8.68417 -3.0992 -8.29163 -6.49319 -9.53044 -3.68954 -7.60509 -8.74685 -2.25382 -8.19083
106.56 -5.52623 -9.21631 -7.95552 -8.89284 -9.32068 -3.95075 -8.23286 -7.62247 -7.41386 -5.49052 -8.54331 -8.68054 -4.04727 -7.74703 -6.88466 -8.1137 -5.31602 -7.90614 -8.70089 -4.14411 -8.6091 -7.1545 -7.79312 -5.52186 -7.89742 -8.6341 -4.1512 -8.28397 -7.00513 -7.90004 -5.49179 -7.92698 -8.6751 -4.23261 -8.39436 -6.98691 -7.6481 -5.65773 -7.94874 -8.68416 -3.09921 -8.29166 -6.49317 -9.53046 -3.68953 -7.60509 -8.74685 -2.25382 -8.19084
106.61 -5.47738 -9.24347 -8.05794 -8.88974 -9.33699 -3.94521 -8.21497 -7.63186 -7.41531 -5.48747 -8.57263 -8.68554 -4.0456 -7.72386 -6.8857 -8.1121 -5.31561 -7.90583 -8.70053 -4.14437 -8.61014 -7.15377 -7.79345 -5.52204 -7.89739 -8.63425 -4.15112 -8.28476 -7.00526 -7.90006 -5.49172 -7.92699 -8.67507 -4.23261 -8.39403 -6.98692 -7.64806 -5.65773 -7.94873 -8.68416 -3.09921 -8.29169 -6.49315 -9.53047 -3.68952 -7.60508 -8.74686 -2.25382 -8.19086
106.66 -5.4284 -9.27233 -8.16071 -8.88591 -9.35329 -3.93939 -8.19566 -7.64208 -7.41644 -5.48419 -8.60143 -8.69036 -4.04391 -7.69981 -6.88663 -8.11052 -5.31517 -7.90549 -8.7002 -4.14463 -8.61155 -7.15305 -7.79379 -5.52222 -7.89736 -8.63441 -4.15103 -8.28552 -7.0054 -7.90007 -5.49164 -7.92701 -8.67505 -4.23261 -8.39371 -6.98693 -7.64803 -5.65773 -7.94873 -8.68415 -3.09921 -8.29173 -6.49313 -9.53049 -3.68951 -7.60508 -8.74686 -2.25381 -8.19087
106.71 -5.37964 -9.30276 -8.2632 -8.88129 -9.36942 -3.93331 -8.17498 -7.6531 -7.41725 -5.48071 -8.62942 -8.69495 -4.0422 -7.67497 -6.88744 -8.10897 -5.31469 -7.90513 -8.69989 -4.14488 -8.61334 -7.15233 -7.79415 -5.52239 -7.89732 -8.63456 -4.15095 -8.28624 -7.00554 -7.90008 -5.49157 -7.92703 -8.67502 -4.23261 -8.39338 -6.98694 -7.64799 -5.65774 -7.94872 -8.68415 -3.09922 -8.29177 -6.49311 -9.53051 -3.68951 -7.60507 -8.74687 -2.25381 -8.19088
106.76 -5.33146 -9.33464 -8.36476 -8.87585 -9.38523 -3.927 -8.15302 -7.66489 -7.41773 -5.47702 -8.65637 -8.69925 -4.04049 -7.64943 -6.88813 -8.10745 -5.31419 -7.90474 -8.69961 -4.14512 -8.61551 -7.15162 -7.79452 -5.52256 -7.89727 -8.63471 -4.15086 -8.28692 -7.00569 -7.90008 -5.49149 -7.92704 -8.67499 -4.23262 -8.39304 -6.98695 -7.64796 -5.65774 -7.94871 -8.68414 -3.09922 -8.29181 -6.49309 -9.53053 -3.6895 -7.60507 -8.74687 -2.25381 -8.19089
106.81 -5.2842 -9.3678 -8.46468 -8.86953 -9.40057 -3.9205 -8.12986 -7.67741 -7.41788 -5.47313 -8.68203 -8.70323 -4.03878 -7.62332 -6.88869 -8.10597 -5.31366 -7.90433 -8.69935 -4.14536 -8.61807 -7.15091 -7.7949 -5.52272 -7.89722 -8.63486 -4.15078 -8.28756 -7.00584 -7.90007 -5.49142 -7.92706 -8.67496 -4.23262 -8.39271 -6.98695 -7.64792 -5.65775 -7.9487 -8.68414 -3.09922 -8.29186 -6.49307 -9.53054 -3.68948 -7.60506 -8.74688 -2.2538 -8.1909
106.86 -5.23815 -9.40209 -8.56231 -8.86232 -9.41533 -3.91383 -8.10561 -7.69061 -7.4177 -5.46906 -8.70622 -8.70685 -4.0371 -7.59675 -6.88913 -8.10452 -5.3131 -7.9039 -8.69911 -4.14559 -8.62102 -7.15022 -7.79529 -5.52287 -7.89717 -8.635 -4.15069 -8.28817 -7.00601 -7.90005 -5.49134 -7.92707 -8.67492 -4.23263 -8.39237 -6.98696 -7.64789 -5.65775 -7.94869 -8.68413 -3.09922 -8.29191 -6.49306 -9.53056 -3.68947 -7.60506 -8.74688 -2.2538 -8.1909
106.91 -5.19359 -9.43732 -8.65696 -8.85419 -9.42937 -3.90704 -8.08037 -7.70443 -7.41719 -5.46482 -8.7288 -8.71007 -4.03544 -7.56987 -6.88943 -8.10312 -5.31251 -7.90345 -8.69891 -4.14581 -8.62434 -7.14955 -7.7957 -5.52301 -7.89711 -8.63514 -4.1506 -8.28872 -7.00617 -7.90004 -5.49127 -7.92708 -8.67489 -4.23264 -8.39204 -6.98695 -7.64786 -5.65776 -7.94868 -8.68413 -3.09922 -8.29196 -6.49304 -9.53058 -3.68946 -7.60505 -8.74689 -2.2538 -8.19091
106.96 -5.15074 -9.47331 -8.74804 -8.84515 -9.44261 -3.90015 -8.05429 -7.71881 -7.41634 -5.46042 -8.74968 -8.71288 -4.03382 -7.54279 -6.8896 -8.10176 -5.31191 -7.90297 -8.69873 -4.14602 -8.62803 -7.14889 -7.79611 -5.52315 -7.89704 -8.63528 -4.15051 -8.28923 -7.00634 -7.90001 -5.49119 -7.9271 -8.67485 -4.23264 -8.3917 -6.98695 -7.64783 -5.65777 -7.94867 -8.68413 -3.09921 -8.29202 -6.49302 -9.5306 -3.68945 -7.60505 -8.74689 -2.25379 -8.19092
107.01 -5.10978 -9.50986 -8.83496 -8.83522 -9.45498 -3.89322 -8.02747 -7.73368 -7.41517 -5.45587 -8.7688 -8.71527 -4.03225 -7.51567 -6.88964 -8.10046 -5.31129 -7.90248 -8.69858 -4.14622 -8.63209 -7.14824 -7.79653 -5.52328 -7.89697 -8.63541 -4.15043 -8.2897 -7.00652 -7.89998 -5.49112 -7.92711 -8.67481 -4.23265 -8.39137 -6.98694 -7.6478 -5.65778 -7.94866 -8.68413 -3.09921 -8.29208 -6.49301 -9.53062 -3.68943 -7.60504 -8.7469 -2.25379 -8.19092
107.06 -5.07082 -9.5468 -8.91723 -8.82442 -9.46642 -3.88628 -8.00008 -7.74897 -7.41368 -5.45121 -8.78617 -8.71724 -4.03074 -7.48863 -6.88955 -8.09921 -5.31065 -7.90198 -8.69847 -4.14641 -8.63651 -7.14762 -7.79695 -5.5234 -7.89689 -8.63554 -4.15034 -8.29011 -7.0067 -7.89994 -5.49104 -7.92712 -8.67477 -4.23266 -8.39103 -6.98693 -7.64777 -5.65779 -7.94865 -8.68413 -3.09921 -8.29214 -6.49299 -9.53064 -3.68942 -7.60504 -8.7469 -2.25378 -8.19092
107.11 -5.03395 -9.58394 -8.99441 -8.8128 -9.47692 -3.87936 -7.97222 -7.7646 -7.41188 -5.44643 -8.80179 -8.7188 -4.02929 -7.4618 -6.88933 -8.09802 -5.31001 -7.90146 -8.69838 -4.14659 -8.64126 -7.14701 -7.79739 -5.52351 -7.89681 -8.63566 -4.15025 -8.29047 -7.00688 -7.8999 -5.49097 -7.92713 -8.67473 -4.23268 -8.3907 -6.98692 -7.64775 -5.6578 -7.94865 -8.68413 -3.09921 -8.29221 -6.49297 -9.53066 -3.6894 -7.60503 -8.7469 -2.25378 -8.19093
107.16 -4.9992 -9.62111 -9.06617 -8.80041 -9.48646 -3.8725 -7.94405 -7.78051 -7.40977 -5.44157 -8.81575 -8.71997 -4.02793 -7.43529 -6.88897 -8.09689 -5.30936 -7.90093 -8.69833 -4.14676 -8.64634 -7.14643 -7.79782 -5.52362 -7.89673 -8.63578 -4.15017 -8.29079 -7.00707 -7.89985 -5.4909 -7.92714 -8.67469 -4.23269 -8.39038 -6.98691 -7.64772 -5.65781 -7.94864 -8.68413 -3.0992 -8.29228 -6.49296 -9.53068 -3.68939 -7.60503 -8.74691 -2.25378 -8.19093
107.21 -4.96659 -9.65815 -9.13222 -8.78734 -9.49506 -3.86572 -7.91568 -7.79662 -7.40737 -5.43665 -8.82811 -8.72077 -4.02664 -7.40921 -6.88849 -8.09582 -5.30871 -7.90039 -8.6983 -4.14691 -8.65173 -7.14587 -7.79827 -5.52371 -7.89664 -8.63589 -4.15008 -8.29105 -7.00726 -7.89979 -5.49083 -7.92714 -8.67464 -4.2327 -8.39006 -6.98689 -7.6477 -5.65782 -7.94863 -8.68413 -3.0992 -8.29235 -6.49295 -9.5307 -3.68937 -7.60502 -8.74691 -2.25377 -8.19093
107.26 -4.93607 -9.69491 -9.19236 -8.77364 -9.50274 -3.85907 -7.88725 -7.81286 -7.40469 -5.43168 -8.83897 -8.72123 -4.02544 -7.38367 -6.88788 -8.09482 -5.30806 -7.89984 -8.69831 -4.14706 -8.6574 -7.14534 -7.79871 -5.52379 -7.89656 -8.636 -4.15 -8.29125 -7.00746 -7.89973 -5.49076 -7.92715 -8.6746 -4.23272 -8.38974 -6.98687 -7.64768 -5.65784 -7.94862 -8.68414 -3.09919 -8.29242 -6.49293 -9.53072 -3.68935 -7.60502 -8.74691 -2.25377 -8.19093
107.31 -4.90761 -9.73126 -9.24647 -8.75942 -9.50955 -3.85255 -7.85885 -7.82916 -7.40174 -5.4267 -8.84843 -8.72138 -4.02434 -7.35874 -6.88715 -8.0939 -5.30742 -7.8993 -8.69834 -4.14719 -8.66335 -7.14483 -7.79916 -5.52387 -7.89647 -8.6361 -4.14992 -8.2914 -7.00765 -7.89966 -5.49069 -7.92716 -8.67456 -4.23273 -8.38943 -6.98685 -7.64766 -5.65785 -7.94861 -8.68414 -3.09918 -8.2925 -6.49292 -9.53074 -3.68933 -7.60502 -8.74692 -2.25377 -8.19092
107.36 -4.88115 -9.76707 -9.29447 -8.74474 -9.51552 -3.84619 -7.83059 -7.84546 -7.39854 -5.4217 -8.85659 -8.72126 -4.02332 -7.3345 -6.8863 -8.09304 -5.30679 -7.89875 -8.69841 -4.1473 -8.66954 -7.14436 -7.7996 -5.52393 -7.89638 -8.63619 -4.14984 -8.2915 -7.00785 -7.89959 -5.49062 -7.92716 -8.67451 -4.23275 -8.38913 -6.98682 -7.64764 -5.65786 -7.94861 -8.68414 -3.09918 -8.29258 -6.49291 -9.53076 -3.68931 -7.60501 -8.74692 -2.25376 -8.19092
107.41 -4.85661 -9.80225 -9.33636 -8.7297 -9.52071 -3.84001 -7.80258 -7.86171 -7.39511 -5.41673 -8.86356 -8.72088 -4.02239 -7.311 -6.88533 -8.09226 -5.30618 -7.89821 -8.69851 -4.14741 -8.67595 -7.14391 -7.80005 -5.52398 -7.89628 -8.63628 -4.14976 -8.29154 -7.00805 -7.89952 -5.49056 -7.92716 -8.67446 -4.23277 -8.38883 -6.98679 -7.64763 -5.65788 -7.9486 -8.68415 -3.09917 -8.29266 -6.4929 -9.53078 -3.68929 -7.60501 -8.74692 -2.25376 -8.19092
107.46 -4.83393 -9.8367 -9.37219 -8.71439 -9.52517 -3.83402 -7.77489 -7.87784 -7.39146 -5.41179 -8.86944 -8.72028 -4.02155 -7.28831 -6.88426 -8.09155 -5.30558 -7.89766 -8.69864 -4.1475 -8.68256 -7.14349 -7.8005 -5.52402 -7.89619 -8.63636 -4.14968 -8.29152 -7.00825 -7.89943 -5.4905 -7.92716 -8.67442 -4.23279 -8.38855 -6.98676 -7.64761 -5.65789 -7.94859 -8.68415 -3.09916 -8.29275 -6.49289 -9.53079 -3.68927 -7.605 -8.74692 -2.25376 -8.19091
107.51 -4.81302 -9.87033 -9.40204 -8.69889 -9.52896 -3.82824 -7.7476 -7.89381 -7.3876 -5.40691 -8.87431 -8.71948 -4.02081 -7.26645 -6.88308 -8.09093 -5.305 -7.89713 -8.6988 -4.14757 -8.68935 -7.1431 -7.80094 -5.52406 -7.8961 -8.63643 -4.14961 -8.29145 -7.00845 -7.89935 -5.49044 -7.92716 -8.67437 -4.2328 -8.38827 -6.98673 -7.6476 -5.65791 -7.94859 -8.68416 -3.09915 -8.29283 -6.49288 -9.53081 -3.68925 -7.605 -8.74693 -2.25375 -8.1909
107.56 -4.7938 -9.9031 -9.42603 -8.68327 -9.53212 -3.82267 -7.72077 -7.90958 -7.38355 -5.4021 -8.87826 -8.71852 -4.02015 -7.24546 -6.8818 -8.09038 -5.30445 -7.89661 -8.69898 -4.14763 -8.69629 -7.14275 -7.80138 -5.52408 -7.89601 -8.6365 -4.14954 -8.29133 -7.00864 -7.89926 -5.49038 -7.92716 -8.67432 -4.23282 -8.388 -6.9867 -7.64759 -5.65793 -7.94858 -8.68416 -3.09914 -8.29292 -6.49288 -9.53083 -3.68923 -7.60499 -8.74693 -2.25375 -8.1909
107.61 -4.7762 -9.93492 -9.44434 -8.66762 -9.5347 -3.81731 -7.69448 -7.9251 -7.37933 -5.39737 -8.88136 -8.71741 -4.01958 -7.22537 -6.88042 -8.08991 -5.30391 -7.89609 -8.6992 -4.14768 -8.70336 -7.14243 -7.80181 -5.52409 -7.89592 -8.63655 -4.14947 -8.29115 -7.00884 -7.89916 -5.49033 -7.92716 -8.67427 -4.23284 -8.38774 -6.98666 -7.64758 -5.65794 -7.94858 -8.68417 -3.09913 -8.29301 -6.49287 -9.53085 -3.68921 -7.60499 -8.74693 -2.25375 -8.19089
107.66 -4.76016 -9.96578 -9.45713 -8.65201 -9.53676 -3.81218 -7.66875 -7.94034 -7.37496 -5.39274 -8.88368 -8.71617 -4.01908 -7.20619 -6.87896 -8.08952 -5.3034 -7.89559 -8.69944 -4.14771 -8.71053 -7.14214 -7.80224 -5.52408 -7.89583 -8.63661 -4.1494 -8.29092 -7.00904 -7.89906 -5.49028 -7.92716 -8.67423 -4.23287 -8.3875 -6.98662 -7.64757 -5.65796 -7.94857 -8.68418 -3.09912 -8.29309 -6.49286 -9.53087 -3.68919 -7.60499 -8.74693 -2.25375 -8.19088
107.71 -4.7456 -9.99561 -9.46461 -8.63651 -9.53834 -3.80728 -7.64365 -7.95526 -7.37044 -5.38823 -8.88528 -8.71482 -4.01867 -7.18793 -6.87742 -8.08922 -5.30292 -7.8951 -8.6997 -4.14773 -8.71778 -7.14189 -7.80266 -5.52407 -7.89574 -8.63665 -4.14934 -8.29063 -7.00923 -7.89896 -5.49023 -7.92715 -8.67418 -4.23289 -8.38726 -6.98658 -7.64757 -5.65798 -7.94857 -8.68419 -3.09911 -8.29318 -6.49286 -9.53088 -3.68917 -7.60498 -8.74693 -2.25374 -8.19086
107.76 -4.73246 -10.0244 -9.46699 -8.62116 -9.53947 -3.8026 -7.6192 -7.96985 -7.36581 -5.38383 -8.88621 -8.71337 -4.01833 -7.17059 -6.8758 -8.08899 -5.30247 -7.89462 -8.69999 -4.14773 -8.72509 -7.14167 -7.80308 -5.52405 -7.89566 -8.63669 -4.14927 -8.2903 -7.00943 -7.89885 -5.49018 -7.92715 -8.67413 -4.23291 -8.38704 -6.98654 -7.64757 -5.658 -7.94856 -8.6842 -3.0991 -8.29327 -6.49286 -9.5309 -3.68914 -7.60498 -8.74693 -2.25374 -8.19085
107.81 -4.72069 -10.0521 -9.4645 -8.60604 -9.5402 -3.79815 -7.59544 -7.98407 -7.36106 -5.37958 -8.8865 -8.71184 -4.01806 -7.15417 -6.87411 -8.08885 -5.30204 -7.89416 -8.70031 -4.14772 -8.73244 -7.14149 -7.80348 -5.52401 -7.89557 -8.63672 -4.14921 -8.28992 -7.00962 -7.89874 -5.49014 -7.92714 -8.67408 -4.23293 -8.38683 -6.98649 -7.64756 -5.65802 -7.94856 -8.68421 -3.09908 -8.29336 -6.49285 -9.53092 -3.68912 -7.60498 -8.74693 -2.25374 -8.19084
107.86 -4.71025 -10.0788 -9.45738 -8.59118 -9.54056 -3.79392 -7.57239 -7.99791 -7.35622 -5.37546 -8.8862 -8.71023 -4.01786 -7.13868 -6.87236 -8.08879 -5.30163 -7.89371 -8.70064 -4.14769 -8.7398 -7.14134 -7.80388 -5.52397 -7.89549 -8.63674 -4.14916 -8.28949 -7.0098 -7.89862 -5.4901 -7.92713 -8.67404 -4.23295 -8.38664 -6.98645 -7.64757 -5.65804 -7.94856 -8.68422 -3.09907 -8.29346 -6.49285 -9.53093 -3.6891 -7.60497 -8.74693 -2.25374 -8.19083
107.91 -4.70109 -10.1043 -9.44584 -8.57663 -9.54057 -3.78993 -7.55007 -8.01135 -7.35131 -5.37149 -8.88532 -8.70856 -4.01772 -7.1241 -6.87055 -8.08881 -5.30125 -7.89329 -8.701 -4.14765 -8.74716 -7.14123 -7.80426 -5.52391 -7.89541 -8.63676 -4.14911 -8.28901 -7.00999 -7.89851 -5.49006 -7.92713 -8.67399 -4.23298 -8.38646 -6.9864 -7.64757 -5.65806 -7.94855 -8.68423 -3.09906 -8.29355 -6.49285 -9.53095 -3.68908 -7.60497 -8.74693 -2.25373 -8.19081
107.96 -4.69317 -10.1288 -9.43014 -8.56242 -9.54026 -3.78615 -7.52849 -8.02437 -7.34632 -5.36767 -8.8839 -8.70683 -4.01764 -7.11043 -6.86869 -8.0889 -5.3009 -7.89287 -8.70137 -4.1476 -8.75449 -7.14116 -7.80463 -5.52385 -7.89533 -8.63677 -4.14906 -8.28849 -7.01017 -7.89839 -5.49002 -7.92712 -8.67394 -4.233 -8.38629 -6.98635 -7.64757 -5.65808 -7.94855 -8.68424 -3.09904 -8.29364 -6.49285 -9.53096 -3.68905 -7.60497 -8.74693 -2.25373 -8.19079
108.01 -4.68647 -10.1522 -9.4105 -8.54859 -9.53966 -3.78259 -7.50768 -8.03697 -7.34129 -5.36401 -8.88194 -8.70505 -4.01762 -7.09765 -6.86678 -8.08908 -5.30057 -7.89248 -8.70176 -4.14753 -8.76178 -7.14112 -7.80499 -5.52377 -7.89525 -8.63677 -4.14901 -8.28793 -7.01034 -7.89826 -5.48999 -7.9271 -8.6739 -4.23303 -8.38614 -6.9863 -7.64758 -5.6581 -7.94855 -8.68425 -3.09903 -8.29373 -6.49285 -9.53097 -3.68903 -7.60497 -8.74693 -2.25373 -8.19078
108.06 -4.68095 -10.1744 -9.38715 -8.53517 -9.53879 -3.77926 -7.48764 -8.04913 -7.33621 -5.36052 -8.87946 -8.70321 -4.01765 -7.08577 -6.86483 -8.08933 -5.30026 -7.8921 -8.70217 -4.14745 -8.76902 -7.14111 -7.80534 -5.52368 -7.89518 -8.63676 -4.14897 -8.28733 -7.01051 -7.89814 -5.48997 -7.92709 -8.67386 -4.23305 -8.386 -6.98624 -7.64759 -5.65812 -7.94855 -8.68426 -3.09902 -8.29382 -6.49286 -9.53099 -3.68901 -7.60496 -8.74693 -2.25373 -8.19076
108.11 -4.67659 -10.1956 -9.3603 -8.52218 -9.53765 -3.77613 -7.46838 -8.06084 -7.33111 -5.35719 -8.87647 -8.70133 -4.01773 -7.07476 -6.86285 -8.08966 -5.29998 -7.89174 -8.70259 -4.14735 -8.77617 -7.14114 -7.80567 -5.52358 -7.89511 -8.63674 -4.14893 -8.28669 -7.01068 -7.89801 -5.48994 -7.92708 -8.67381 -4.23307 -8.38588 -6.98619 -7.6476 -5.65814 -7.94855 -8.68427 -3.099 -8.29391 -6.49286 -9.531 -3.68899 -7.60496 -8.74693 -2.25373 -8.19074
108.16 -4.67339 -10.2157 -9.33017 -8.50964 -9.53627 -3.77322 -7.4499 -8.0721 -7.326 -5.35403 -8.87297 -8.6994 -4.01786 -7.06461 -6.86084 -8.09007 -5.29971 -7.8914 -8.70303 -4.14725 -8.78324 -7.14121 -7.80599 -5.52347 -7.89503 -8.63672 -4.1489 -8.28601 -7.01083 -7.89788 -5.48992 -7.92706 -8.67377 -4.2331 -8.38578 -6.98614 -7.64761 -5.65816 -7.94855 -8.68429 -3.09899 -8.29399 -6.49287 -9.53101 -3.68897 -7.60496 -8.74693 -2.25373 -8.19072
108.21 -4.67132 -10.2347 -9.29696 -8.49757 -9.53465 -3.77052 -7.43221 -8.08291 -7.32087 -5.35104 -8.86896 -8.69741 -4.01804 -7.05533 -6.8588 -8.09054 -5.29947 -7.89108 -8.70348 -4.14713 -8.7902 -7.14131 -7.80629 -5.52336 -7.89496 -8.63669 -4.14887 -8.2853 -7.01099 -7.89776 -5.4899 -7.92705 -8.67373 -4.23312 -8.38569 -6.98608 -7.64763 -5.65818 -7.94855 -8.6843 -3.09897 -8.29408 -6.49287 -9.53102 -3.68894 -7.60496 -8.74692 -2.25372 -8.1907
108.26 -4.67039 -10.2526 -9.26085 -8.48598 -9.5328 -3.76802 -7.41531 -8.09325 -7.31575 -5.34822 -8.86445 -8.69538 -4.01826 -7.04688 -6.85674 -8.09109 -5.29924 -7.89077 -8.70393 -4.14699 -8.79705 -7.14145 -7.80658 -5.52323 -7.8949 -8.63665 -4.14884 -8.28456 -7.01113 -7.89763 -5.48989 -7.92703 -8.67369 -4.23315 -8.38562 -6.98602 -7.64764 -5.6582 -7.94855 -8.68431 -3.09896 -8.29417 -6.49288 -9.53103 -3.68892 -7.60496 -8.74692 -2.25372 -8.19068
108.31 -4.67058 -10.2694 -9.22204 -8.47488 -9.53073 -3.76572 -7.3992 -8.10313 -7.31065 -5.34556 -8.85941 -8.6933 -4.01851 -7.03927 -6.85467 -8.09171 -5.29903 -7.89048 -8.7044 -4.14685 -8.80376 -7.14161 -7.80684 -5.5231 -7.89483 -8.63661 -4.14882 -8.2838 -7.01127 -7.8975 -5.48988 -7.92702 -8.67365 -4.23317 -8.38556 -6.98597 -7.64766 -5.65822 -7.94855 -8.68433 -3.09894 -8.29425 -6.49289 -9.53104 -3.6889 -7.60495 -8.74692 -2.25372 -8.19066
108.36 -4.6719 -10.2852 -9.18069 -8.46428 -9.52844 -3.76362 -7.38388 -8.11254 -7.30557 -5.34308 -8.85384 -8.69117 -4.01881 -7.03249 -6.85259 -8.09239 -5.29884 -7.89021 -8.70488 -4.14669 -8.81033 -7.14181 -7.8071 -5.52295 -7.89476 -8.63656 -4.1488 -8.283 -7.01141 -7.89736 -5.48988 -7.927 -8.67361 -4.2332 -8.38552 -6.98591 -7.64768 -5.65824 -7.94855 -8.68434 -3.09892 -8.29433 -6.4929 -9.53105 -3.68888 -7.60495 -8.74692 -2.25372 -8.19064
108.41 -4.67435 -10.3 -9.13694 -8.4542 -9.52593 -3.76172 -7.36936 -8.12148 -7.30053 -5.34077 -8.84774 -8.68898 -4.01915 -7.02652 -6.8505 -8.09313 -5.29866 -7.88995 -8.70536 -4.14653 -8.81676 -7.14204 -7.80733 -5.5228 -7.8947 -8.6365 -4.14879 -8.28218 -7.01153 -7.89723 -5.48987 -7.92698 -8.67358 -4.23322 -8.38549 -6.98585 -7.6477 -5.65826 -7.94855 -8.68435 -3.09891 -8.29441 -6.49291 -9.53106 -3.68886 -7.60495 -8.74691 -2.25372 -8.19061
108.46 -4.67794 -10.3136 -9.09096 -8.44463 -9.52321 -3.76001 -7.35564 -8.12995 -7.29552 -5.33862 -8.84109 -8.68673 -4.01952 -7.02137 -6.84842 -8.09394 -5.2985 -7.88971 -8.70585 -4.14635 -8.82302 -7.14231 -7.80754 -5.52264 -7.89464 -8.63644 -4.14878 -8.28135 -7.01165 -7.8971 -5.48988 -7.92696 -8.67354 -4.23325 -8.38548 -6.98579 -7.64772 -5.65827 -7.94855 -8.68437 -3.09889 -8.29449 -6.49292 -9.53106 -3.68884 -7.60495 -8.74691 -2.25372 -8.19059
108.51 -4.68268 -10.3263 -9.04286 -8.43557 -9.52027 -3.75849 -7.3427 -8.13795 -7.29056 -5.33664 -8.83388 -8.68442 -4.01992 -7.01702 -6.84633 -8.09481 -5.29835 -7.88949 -8.70634 -4.14616 -8.82911 -7.1426 -7.80774 -5.52247 -7.89458 -8.63636 -4.14877 -8.28049 -7.01176 -7.89697 -5.48988 -7.92694 -8.67351 -4.23327 -8.38549 -6.98574 -7.64775 -5.65829 -7.94856 -8.68438 -3.09888 -8.29456 -6.49293 -9.53107 -3.68882 -7.60495 -8.74691 -2.25372 -8.19057
108.56 -4.68859 -10.3379 -8.99278 -8.42704 -9.5171 -3.75716 -7.33057 -8.14548 -7.28566 -5.33483 -8.82608 -8.68204 -4.02036 -7.01347 -6.84425 -8.09573 -5.29821 -7.88928 -8.70684 -4.14597 -8.83503 -7.14292 -7.80791 -5.5223 -7.89452 -8.63629 -4.14877 -8.27961 -7.01186 -7.89684 -5.48989 -7.92692 -8.67348 -4.23329 -8.38551 -6.98568 -7.64777 -5.65831 -7.94856 -8.6844 -3.09886 -8.29463 -6.49294 -9.53107 -3.6888 -7.60495 -8.7469 -2.25372 -8.19054
108.61 -4.69567 -10.3484 -8.9408 -8.41904 -9.51371 -3.75602 -7.31923 -8.15254 -7.28082 -5.33318 -8.81769 -8.67959 -4.02084 -7.01072 -6.84219 -8.09671 -5.29808 -7.88908 -8.70733 -4.14577 -8.84077 -7.14327 -7.80807 -5.52212 -7.89446 -8.6362 -4.14877 -8.27872 -7.01196 -7.89672 -5.4899 -7.9269 -8.67345 -4.23332 -8.38555 -6.98562 -7.6478 -5.65833 -7.94856 -8.68441 -3.09885 -8.2947 -6.49295 -9.53108 -3.68878 -7.60495 -8.7469 -2.25372 -8.19052
108.66 -4.70396 -10.358 -8.88704 -8.41156 -9.51008 -3.75507 -7.30869 -8.15913 -7.27604 -5.33169 -8.80867 -8.67706 -4.02134 -7.00877 -6.84013 -8.09774 -5.29796 -7.8889 -8.70783 -4.14555 -8.84631 -7.14364 -7.80821 -5.52194 -7.8944 -8.63611 -4.14878 -8.27782 -7.01204 -7.89659 -5.48992 -7.92688 -8.67342 -4.23334 -8.3856 -6.98556 -7.64783 -5.65835 -7.94857 -8.68443 -3.09883 -8.29477 -6.49297 -9.53108 -3.68877 -7.60495 -8.7469 -2.25372 -8.1905
108.71 -4.71347 -10.3665 -8.83157 -8.40461 -9.50621 -3.7543 -7.29895 -8.16524 -7.27134 -5.33036 -8.79902 -8.67445 -4.02188 -7.00761 -6.8381 -8.09882 -5.29786 -7.88874 -8.70833 -4.14533 -8.85165 -7.14404 -7.80833 -5.52175 -7.89435 -8.63602 -4.14879 -8.27691 -7.01212 -7.89646 -5.48994 -7.92686 -8.6734 -4.23336 -8.38567 -6.9855 -7.64786 -5.65837 -7.94857 -8.68444 -3.09881 -8.29483 -6.49298 -9.53108 -3.68875 -7.60495 -8.74689 -2.25372 -8.19047
108.76 -4.72423 -10.374 -8.77447 -8.3982 -9.50209 -3.75372 -7.29002 -8.17087 -7.26673 -5.32919 -8.7887 -8.67175 -4.02245 -7.00726 -6.83608 -8.09994 -5.29776 -7.88859 -8.70883 -4.14511 -8.8568 -7.14447 -7.80842 -5.52155 -7.8943 -8.63592 -4.14881 -8.27599 -7.01219 -7.89634 -5.48996 -7.92684 -8.67338 -4.23338 -8.38576 -6.98545 -7.64789 -5.65838 -7.94858 -8.68446 -3.0988 -8.29489 -6.493 -9.53109 -3.68873 -7.60495 -8.74689 -2.25372 -8.19045
108.81 -4.73628 -10.3804 -8.71579 -8.39231 -9.4977 -3.75333 -7.2819 -8.17602 -7.26219 -5.32817 -8.77769 -8.66896 -4.02306 -7.0077 -6.83408 -8.10111 -5.29767 -7.88845 -8.70933 -4.14488 -8.86173 -7.14492 -7.8085 -5.52135 -7.89424 -8.63581 -4.14883 -8.27506 -7.01225 -7.89622 -5.48999 -7.92681 -8.67335 -4.2334 -8.38586 -6.98539 -7.64793 -5.6584 -7.94858 -8.68447 -3.09878 -8.29495 -6.49302 -9.53109 -3.68872 -7.60495 -8.74688 -2.25372 -8.19042
108.86 -4.74962 -10.3858 -8.65559 -8.38696 -9.49304 -3.75312 -7.2746 -8.1807 -7.25775 -5.32731 -8.76598 -8.66607 -4.02369 -7.00896 -6.83211 -8.10232 -5.2976 -7.88833 -8.70983 -4.14464 -8.86646 -7.14539 -7.80856 -5.52115 -7.89419 -8.6357 -4.14885 -8.27413 -7.0123 -7.8961 -5.49001 -7.92679 -8.67334 -4.23343 -8.38597 -6.98534 -7.64796 -5.65842 -7.94859 -8.68449 -3.09877 -8.295 -6.49303 -9.53108 -3.6887 -7.60495 -8.74688 -2.25372 -8.1904
108.91 -4.76432 -10.3902 -8.5939 -8.38214 -9.48809 -3.75309 -7.26813 -8.18489 -7.2534 -5.3266 -8.75353 -8.66308 -4.02437 -7.01103 -6.83017 -8.10357 -5.29753 -7.88822 -8.71032 -4.14439 -8.87096 -7.14589 -7.80859 -5.52094 -7.89414 -8.63559 -4.14887 -8.2732 -7.01234 -7.89599 -5.49005 -7.92677 -8.67332 -4.23344 -8.3861 -6.98528 -7.64799 -5.65843 -7.94859 -8.6845 -3.09875 -8.29505 -6.49305 -9.53108 -3.68869 -7.60495 -8.74687 -2.25372 -8.19037
108.96 -4.78038 -10.3935 -8.53077 -8.37786 -9.48283 -3.75326 -7.26249 -8.18859 -7.24915 -5.32605 -8.74032 -8.65998 -4.02507 -7.01392 -6.82827 -8.10485 -5.29747 -7.88812 -8.7108 -4.14415 -8.87525 -7.1464 -7.80861 -5.52074 -7.8941 -8.63547 -4.1489 -8.27227 -7.01237 -7.89588 -5.49008 -7.92674 -8.6733 -4.23346 -8.38624 -6.98523 -7.64803 -5.65845 -7.9486 -8.68452 -3.09874 -8.2951 -6.49307 -9.53108 -3.68867 -7.60496 -8.74687 -2.25372 -8.19035
109.01 -4.79786 -10.3957 -8.4662 -8.37412 -9.47724 -3.75361 -7.2577 -8.19181 -7.24501 -5.32564 -8.72633 -8.65677 -4.02581 -7.01764 -6.82639 -8.10616 -5.29743 -7.88804 -8.71129 -4.14389 -8.87931 -7.14693 -7.8086 -5.52052 -7.89405 -8.63534 -4.14894 -8.27134 -7.0124 -7.89577 -5.49012 -7.92672 -8.67329 -4.23348 -8.38639 -6.98518 -7.64807 -5.65846 -7.9486 -8.68453 -3.09873 -8.29514 -6.49309 -9.53108 -3.68866 -7.60496 -8.74686 -2.25373 -8.19032
109.06 -4.81679 -10.3968 -8.40022 -8.37092 -9.47132 -3.75416 -7.25377 -8.19452 -7.24097 -5.32538 -8.71153 -8.65343 -4.02659 -7.02221 -6.82455 -8.10751 -5.29739 -7.88797 -8.71176 -4.14364 -8.88314 -7.14748 -7.80858 -5.52031 -7.89401 -8.63522 -4.14898 -8.27041 -7.01241 -7.89566 -5.49017 -7.9267 -8.67328 -4.2335 -8.38656 -6.98512 -7.6481 -5.65847 -7.94861 -8.68454 -3.09871 -8.29518 -6.49311 -9.53107 -3.68865 -7.60496 -8.74686 -2.25373 -8.1903
109.11 -4.83721 -10.3969 -8.33283 -8.36827 -9.46504 -3.7549 -7.25072 -8.19673 -7.23705 -5.32527 -8.6959 -8.64996 -4.02741 -7.02763 -6.82275 -8.10888 -5.29737 -7.88791 -8.71224 -4.14338 -8.88675 -7.14805 -7.80854 -5.5201 -7.89397 -8.63508 -4.14902 -8.26949 -7.01242 -7.89556 -5.49021 -7.92667 -8.67327 -4.23352 -8.38674 -6.98507 -7.64814 -5.65849 -7.94862 -8.68456 -3.0987 -8.29521 -6.49313 -9.53107 -3.68864 -7.60496 -8.74685 -2.25373 -8.19028
109.16 -4.85914 -10.3958 -8.26405 -8.36618 -9.45839 -3.75583 -7.24855 -8.19843 -7.23325 -5.32531 -8.67941 -8.64637 -4.02826 -7.03392 -6.82098 -8.11027 -5.29736 -7.88787 -8.7127 -4.14312 -8.89011 -7.14863 -7.80847 -5.51988 -7.89393 -8.63495 -4.14906 -8.26857 -7.01241 -7.89547 -5.49026 -7.92665 -8.67326 -4.23353 -8.38693 -6.98503 -7.64818 -5.6585 -7.94863 -8.68457 -3.09868 -8.29524 -6.49315 -9.53106 -3.68863 -7.60496 -8.74685 -2.25373 -8.19025
109.21 -4.88264 -10.3935 -8.19386 -8.36464 -9.45134 -3.75697 -7.2473 -8.19962 -7.22956 -5.3255 -8.66205 -8.64264 -4.02915 -7.0411 -6.81926 -8.11169 -5.29736 -7.88783 -8.71316 -4.14286 -8.89324 -7.14923 -7.80839 -5.51967 -7.89389 -8.63481 -4.14911 -8.26766 -7.0124 -7.89537 -5.49031 -7.92663 -8.67326 -4.23355 -8.38714 -6.98498 -7.64822 -5.65851 -7.94863 -8.68459 -3.09867 -8.29527 -6.49317 -9.53105 -3.68862 -7.60497 -8.74684 -2.25373 -8.19023
109.26 -4.90773 -10.3901 -8.12227 -8.36366 -9.44387 -3.75832 -7.24697 -8.20027 -7.226 -5.32583 -8.64381 -8.63877 -4.03009 -7.04917 -6.81758 -8.11312 -5.29738 -7.88782 -8.71361 -4.14259 -8.89612 -7.14984 -7.80829 -5.51946 -7.89386 -8.63467 -4.14916 -8.26677 -7.01238 -7.89528 -5.49036 -7.92661 -8.67326 -4.23356 -8.38735 -6.98494 -7.64826 -5.65852 -7.94864 -8.6846 -3.09866 -8.29529 -6.49319 -9.53105 -3.68862 -7.60497 -8.74683 -2.25373 -8.19021
109.31 -4.93445 -10.3855 -8.04928 -8.36326 -9.43596 -3.75987 -7.2476 -8.20039 -7.22257 -5.32631 -8.62466 -8.63476 -4.03107 -7.05815 -6.81595 -8.11457 -5.29742 -7.88781 -8.71405 -4.14233 -8.89876 -7.15046 -7.80816 -5.51924 -7.89383 -8.63453 -4.14922 -8.26588 -7.01235 -7.8952 -5.49042 -7.92658 -8.67326 -4.23357 -8.38757 -6.98489 -7.6483 -5.65853 -7.94865 -8.68461 -3.09865 -8.29531 -6.49321 -9.53104 -3.68861 -7.60497 -8.74683 -2.25374 -8.19018
109.36 -4.96281 -10.3797 -7.97489 -8.36343 -9.4276 -3.76164 -7.2492 -8.19996 -7.21927 -5.32694 -8.60462 -8.6306 -4.03209 -7.06807 -6.81437 -8.11604 -5.29747 -7.88782 -8.71448 -4.14207 -8.90115 -7.15109 -7.80802 -5.51903 -7.8938 -8.63439 -4.14927 -8.26501 -7.01231 -7.89512 -5.49048 -7.92656 -8.67326 -4.23359 -8.38781 -6.98485 -7.64834 -5.65854 -7.94866 -8.68462 -3.09864 -8.29533 -6.49323 -9.53103 -3.6886 -7.60498 -8.74682 -2.25374 -8.19016
109.41 -4.99283 -10.3726 -7.8991 -8.3642 -9.41877 -3.76363 -7.2518 -8.19897 -7.21611 -5.32772 -8.58367 -8.6263 -4.03315 -7.07893 -6.81283 -8.11751 -5.29754 -7.88785 -8.7149 -4.1418 -8.90328 -7.15173 -7.80787 -5.51882 -7.89378 -8.63424 -4.14933 -8.26415 -7.01226 -7.89505 -5.49054 -7.92654 -8.67326 -4.2336 -8.38805 -6.98481 -7.64838 -5.65854 -7.94867 -8.68463 -3.09863 -8.29534 -6.49325 -9.53102 -3.6886 -7.60498 -8.74682 -2.25374 -8.19014
109.46 -5.02453 -10.3642 -7.82194 -8.36556 -9.40946 -3.76584 -7.25543 -8.19741 -7.21309 -5.32865 -8.56184 -8.62185 -4.03427 -7.09075 -6.81135 -8.11899 -5.29763 -7.88789 -8.71532 -4.14154 -8.90516 -7.15237 -7.80769 -5.51861 -7.89375 -8.6341 -4.1494 -8.2633 -7.01221 -7.89498 -5.4906 -7.92652 -8.67327 -4.23361 -8.3883 -6.98477 -7.64842 -5.65855 -7.94868 -8.68465 -3.09862 -8.29534 -6.49327 -9.53101 -3.6886 -7.60498 -8.74681 -2.25374 -8.19012
109.51 -5.0579 -10.3545 -7.74341 -8.36752 -9.39964 -3.76829 -7.26011 -8.19526 -7.21021 -5.32973 -8.53914 -8.61727 -4.03543 -7.10354 -6.80992 -8.12048 -5.29774 -7.88794 -8.71572 -4.14128 -8.90677 -7.15303 -7.8075 -5.51841 -7.89374 -8.63395 -4.14946 -8.26247 -7.01214 -7.89491 -5.49066 -7.9265 -8.67328 -4.23361 -8.38856 -6.98474 -7.64846 -5.65856 -7.94868 -8.68466 -3.09861 -8.29534 -6.4933 -9.531 -3.68859 -7.60499 -8.7468 -2.25375 -8.1901
109.56 -5.09292 -10.3435 -7.66358 -8.3701 -9.38931 -3.77097 -7.26587 -8.19251 -7.20749 -5.33096 -8.51562 -8.61256 -4.03664 -7.11732 -6.80854 -8.12197 -5.29787 -7.88801 -8.71611 -4.14101 -8.90811 -7.15368 -7.80729 -5.51821 -7.89372 -8.6338 -4.14953 -8.26166 -7.01207 -7.89485 -5.49073 -7.92648 -8.67329 -4.23362 -8.38883 -6.98471 -7.6485 -5.65856 -7.94869 -8.68467 -3.0986 -8.29534 -6.49332 -9.53098 -3.68859 -7.60499 -8.7468 -2.25375 -8.19008
109.61 -5.12955 -10.3311 -7.58249 -8.37331 -9.37848 -3.77389 -7.27274 -8.18915 -7.20491 -5.33235 -8.49133 -8.60772 -4.0379 -7.13209 -6.80722 -8.12346 -5.29803 -7.88809 -8.7165 -4.14076 -8.90919 -7.15435 -7.80706 -5.51801 -7.89372 -8.63365 -4.1496 -8.26087 -7.01199 -7.8948 -5.4908 -7.92646 -8.6733 -4.23363 -8.3891 -6.98468 -7.64855 -5.65857 -7.9487 -8.68468 -3.09859 -8.29533 -6.49334 -9.53097 -3.68859 -7.60499 -8.74679 -2.25375 -8.19006
109.66 -5.16774 -10.3172 -7.50024 -8.37714 -9.36714 -3.77705 -7.28075 -8.18517 -7.2025 -5.3339 -8.46633 -8.60277 -4.0392 -7.14786 -6.80595 -8.12495 -5.29822 -7.88819 -8.71687 -4.1405 -8.90998 -7.15501 -7.80682 -5.51781 -7.89371 -8.63351 -4.14967 -8.2601 -7.0119 -7.89475 -5.49087 -7.92644 -8.67332 -4.23363 -8.38938 -6.98465 -7.64859 -5.65857 -7.94871 -8.68469 -3.09858 -8.29532 -6.49336 -9.53096 -3.68859 -7.605 -8.74679 -2.25375 -8.19005
109.71 -5.20741 -10.3019 -7.41694 -8.38162 -9.35531 -3.78047 -7.28991 -8.18055 -7.20025 -5.33561 -8.44072 -8.59773 -4.04056 -7.16463 -6.80475 -8.12643 -5.29843 -7.88831 -8.71722 -4.14025 -8.9105 -7.15568 -7.80657 -5.51762 -7.89371 -8.63336 -4.14975 -8.25935 -7.01181 -7.89471 -5.49094 -7.92642 -8.67334 -4.23364 -8.38967 -6.98462 -7.64863 -5.65857 -7.94872 -8.6847 -3.09858 -8.29531 -6.49338 -9.53094 -3.6886 -7.605 -8.74678 -2.25376 -8.19003
109.76 -5.24846 -10.2852 -7.33273 -8.38675 -9.34301 -3.78413 -7.30026 -8.17527 -7.19817 -5.33748 -8.4146 -8.59261 -4.04196 -7.1824 -6.80361 -8.12791 -5.29867 -7.88844 -8.71757 -4.14 -8.91073 -7.15635 -7.80629 -5.51744 -7.89372 -8.63321 -4.14982 -8.25861 -7.0117 -7.89468 -5.49101 -7.9264 -8.67335 -4.23364 -8.38996 -6.9846 -7.64866 -5.65857 -7.94873 -8.6847 -3.09857 -8.29529 -6.4934 -9.53093 -3.6886 -7.605 -8.74677 -2.25376 -8.19001
109.81 -5.29076 -10.2669 -7.24781 -8.39253 -9.33028 -3.78805 -7.3118 -8.16934 -7.19626 -5.33952 -8.3881 -8.58745 -4.04341 -7.20114 -6.80253 -8.12937 -5.29894 -7.88859 -8.71791 -4.13975 -8.91066 -7.15701 -7.80601 -5.51725 -7.89373 -8.63306 -4.1499 -8.25791 -7.01159 -7.89464 -5.49108 -7.92638 -8.67337 -4.23364 -8.39026 -6.98458 -7.6487 -5.65857 -7.94874 -8.68471 -3.09856 -8.29527 -6.49343 -9.53091 -3.6886 -7.60501 -8.74677 -2.25376 -8.19
109.86 -5.33414 -10.2473 -7.16238 -8.39897 -9.31715 -3.79222 -7.32455 -8.16274 -7.19453 -5.34172 -8.36136 -8.58227 -4.0449 -7.22085 -6.80152 -8.13082 -5.29925 -7.88876 -8.71823 -4.13951 -8.9103 -7.15768 -7.80571 -5.51708 -7.89374 -8.63292 -4.14998 -8.25722 -7.01148 -7.89462 -5.49116 -7.92637 -8.6734 -4.23365 -8.39056 -6.98456 -7.64874 -5.65857 -7.94875 -8.68472 -3.09856 -8.29524 -6.49345 -9.53089 -3.68861 -7.60501 -8.74676 -2.25377 -8.18998
109.91 -5.37844 -10.2261 -7.0767 -8.40607 -9.30368 -3.79664 -7.33851 -8.15546 -7.19298 -5.34409 -8.33455 -8.5771 -4.04643 -7.24148 -6.80057 -8.13226 -5.29958 -7.88895 -8.71853 -4.13927 -8.90964 -7.15834 -7.8054 -5.51691 -7.89376 -8.63278 -4.15006 -8.25656 -7.01135 -7.8946 -5.49123 -7.92635 -8.67342 -4.23365 -8.39086 -6.98454 -7.64878 -5.65857 -7.94876 -8.68473 -3.09855 -8.29521 -6.49347 -9.53088 -3.68861 -7.60502 -8.74676 -2.25377 -8.18997
109.96 -5.42343 -10.2035 -6.99108 -8.41381 -9.28994 -3.8013 -7.35368 -8.14752 -7.19162 -5.34663 -8.30784 -8.57198 -4.048 -7.26301 -6.7997 -8.13368 -5.29995 -7.88916 -8.71883 -4.13904 -8.90867 -7.159 -7.80507 -5.51674 -7.89379 -8.63264 -4.15014 -8.25593 -7.01122 -7.89459 -5.4913 -7.92634 -8.67345 -4.23364 -8.39117 -6.98453 -7.64882 -5.65857 -7.94877 -8.68473 -3.09855 -8.29517 -6.49349 -9.53086 -3.68862 -7.60502 -8.74675 -2.25377 -8.18996
