10.005 0.867602 0.989813 0.97258 0.818333 0.5488 0.201953 -0.173344 -0.524221 -0.801247 -0.965395 -0.993539 -0.881716 -0.645678 -0.318679 0.053216 0.417614 0.723179 0.926864 0.999974 0.932209 0.733117 0.430745 0.06769 -0.304901 0.879061 0.641393 0.313367 -0.0588061 -0.422694 -0.727034 -0.928951 -0.999999 -0.930169 -0.729298 -0.425685 -0.062103 0.310228 0.638855 0.877482 0.99249 0.967678 0.806542 0.531781 0.182104 -0.193227 -0.541337 -0.813184 -0.970472 1.11006 0.842705 1.14421 0.494246 1.01716 0.0761576 0.746821 -0.352659 0.37127 -0.731794 -0.0565851 -1.00784 -0.476468 -1.14189 -0.829228 -1.11509 -1.06517 -0.931186 -1.15105 -0.616102 -1.07477 -0.214223 -0.847082 0.217835 -0.500058 0.619205 -0.0825873 0.933343 0.346519 1.11599 0.726808 1.14142 1.00471 1.00605 1.14106 0.728952 1.11667 0.349157 0.93496 -0.0798263 0.621537 -0.497564 0.220552 -0.845206 -0.211503 -1.07378 -0.613762 -1.15108
10.055 0.79214 0.961355 0.995137 0.888725 0.657111 0.332925 -0.0381631 -0.403875 -0.712689 -0.921102 -0.999751 -0.937557 -0.743282 -0.444295 -0.082716 0.290516 0.62282 0.867382 0.98975 0.972683 0.818587 0.549169 0.202386 -0.172909 0.935595 0.739525 0.439272 0.0771351 -0.295868 -0.62719 -0.870155 -0.990534 -0.971368 -0.815358 -0.544482 -0.1969 0.178421 0.528606 0.804322 0.966727 0.992941 0.879271 0.641732 0.313786 -0.0583652 -0.422294 -0.726731 -0.928787 1.05847 0.941277 1.15072 0.630684 1.08086 0.231241 0.858731 -0.200778 0.515625 -0.604513 0.0998786 -0.923084 -0.329938 -1.11161 -0.713274 -1.14354 -0.996126 -1.01437 -1.13864 -0.742293 -1.12075 -0.365646 -0.944972 0.0625136 -0.636066 0.481866 -0.237551 0.833334 0.194429 1.0674 0.599018 1.1511 0.919219 1.07263 1.10992 0.843051 1.14426 0.494705 1.0174 0.0766649 0.747208 -0.352175 0.371751 -0.731402 -0.0560772 -1.00759 -0.476005 -1.14183
10.105 0.702038 0.915131 0.999301 0.942692 0.753278 0.457744 0.0977233 -0.276064 -0.61096 -0.859785 -0.987486 -0.976071 -0.827149 -0.5617 -0.217119 0.158048 0.51095 0.791871 0.961234 0.99518 0.888927 0.657444 0.333341 -0.0377217 0.974838 0.823989 0.557059 0.211651 -0.163574 -0.515755 -0.795277 -0.962762 -0.994615 -0.886349 -0.653215 -0.328058 0.043316 0.408587 0.716298 0.923097 0.999853 0.935751 0.739822 0.439669 0.0775755 -0.295446 -0.626846 -0.869937 0.98732 1.02245 1.13597 0.755467 1.12458 0.382051 0.95477 -0.0451868 0.65045 -0.466059 0.254496 -0.821274 -0.177311 -1.06079 -0.584139 -1.15086 -0.908674 -1.0788 -1.1052 -0.854766 -1.14602 -0.51031 -1.0254 -0.0939631 -0.760317 0.335622 -0.388125 0.717924 0.0387461 0.999087 0.460159 1.1395 0.816745 1.11938 1.05827 0.94157 1.15071 0.631109 1.08104 0.231739 0.859069 -0.200278 0.516079 -0.60408 0.100385 -0.922781 -0.329451 -1.11148
10.155 0.598962 0.851993 0.984997 0.979236 0.835523 0.574102 0.231804 -0.143151 -0.497939 -0.782579 -0.95697 -0.996545 -0.895728 -0.668723 -0.34751 0.0226599 0.389638 0.701724 0.914953 0.999285 0.942839 0.753568 0.458136 0.0981628 0.996064 0.893225 0.66455 0.342255 -0.028257 -0.394788 -0.705702 -0.917198 -0.999481 -0.940959 -0.749876 -0.453152 -0.0925895 0.281017 0.615035 0.862407 0.988286 0.974936 0.824239 0.557425 0.212082 -0.163138 -0.515377 -0.79501 0.897923 1.08473 1.10022 0.866287 1.14752 0.5258 1.03316 0.11124 0.773254 -0.318992 0.40441 -0.704284 -0.0214061 -0.990359 -0.444207 -1.13691 -0.804429 -1.1233 -1.05132 -0.951441 -1.15011 -0.645544 -1.08687 -0.248703 -0.870517 0.183174 -0.531525 0.589246 -0.117653 0.912306 0.312794 1.10684 0.699175 1.14545 0.987058 1.02269 1.13589 0.75585 1.12469 0.382531 0.955054 -0.0446787 0.65087 -0.465594 0.254992 -0.820917 -0.176808 -1.06059
10.205 0.484816 0.773109 0.952489 0.997683 0.902326 0.679851 0.3616 -0.00759296 -0.375716 -0.690909 -0.908768 -0.998601 -0.947754 -0.763388 -0.471478 -0.113147 0.261124 0.598608 0.851762 0.984921 0.979326 0.835765 0.574464 0.232233 0.998882 0.945953 0.75976 0.466533 0.107583 -0.266524 -0.603084 -0.854682 -0.985874 -0.978178 -0.832678 -0.569872 -0.226784 0.148254 0.502405 0.785779 0.958454 0.996103 0.893424 0.66488 0.34267 -0.0278154 -0.394382 -0.705389 0.791931 1.12696 1.04414 0.961097 1.14925 0.659832 1.09246 0.265611 0.881768 -0.166029 0.546851 -0.574279 0.134894 -0.901625 -0.296066 -1.10195 -0.685317 -1.14704 -0.978021 -1.03053 -1.13294 -0.768847 -1.12826 -0.398847 -0.964629 0.0273413 -0.665102 0.449678 -0.271878 0.808665 0.159649 1.05373 0.568684 1.15034 0.897604 1.0849 1.10007 0.866622 1.14756 0.526252 1.03339 0.111746 0.773631 -0.318503 0.404886 -0.703882 -0.0208978 -0.990099
10.255 0.361709 0.679937 0.902377 0.997691 0.952453 0.773035 0.484713 0.128106 -0.246549 -0.58647 -0.84377 -0.982202 -0.982263 -0.843944 -0.586733 -0.246863 0.127784 0.484429 0.772829 0.952354 0.997713 0.902516 0.680175 0.362012 0.983238 0.981198 0.840928 0.58219 0.241434 -0.133335 -0.48932 -0.77637 -0.954047 -0.997319 -0.900091 -0.67606 -0.356787 0.0127499 0.38049 0.694628 0.910908 0.998861 0.946096 0.760047 0.466924 0.108022 -0.266099 -0.602731 0.671302 1.14837 0.968763 1.03814 1.12975 0.781668 1.13157 0.415073 0.973984 -0.00999772 0.679184 -0.43366 0.288701 -0.796228 -0.142453 -1.04663 -0.553539 -1.14958 -0.886643 -1.09058 -1.09484 -0.87794 -1.1488 -0.541619 -1.04091 -0.128997 -0.786387 0.301799 -0.421078 0.690077 0.00355286 0.981139 0.427683 1.13398 0.791561 1.12707 1.04393 0.961376 1.14923 0.660248 1.09262 0.266105 0.882094 -0.165526 0.547298 -0.573838 0.135399 -0.901309
10.305 0.231918 0.574198 0.835587 0.97926 0.984977 0.851932 0.598868 0.261437 -0.112825 -0.471192 -0.763179 -0.94765 -0.998618 -0.908903 -0.691143 -0.376017 -0.0079174 0.361297 0.679613 0.902186 0.997661 0.952587 0.773315 0.485099 0.949423 0.998308 0.906554 0.687086 0.370823 0.00231861 -0.366512 -0.683709 -0.904587 -0.998028 -0.950869 -0.769753 -0.480196 -0.122989 0.251543 0.590639 0.846527 0.983158 0.981283 0.841167 0.582549 0.241862 -0.132897 -0.488934 0.538268 1.14855 0.87548 1.096 1.08936 0.889059 1.14977 0.556863 1.0482 0.146218 0.798965 -0.285026 0.437173 -0.676116 0.0137928 -0.971956 -0.41153 -1.13087 -0.778878 -1.13047 -1.0365 -0.970807 -1.1481 -0.674382 -1.09796 -0.282951 -0.893139 0.148342 -0.562495 0.558736 -0.152609 0.890417 0.278777 1.09666 0.670889 1.1484 0.968488 1.03836 1.12965 0.782042 1.13166 0.415547 0.974255 -0.0094893 0.679594 -0.433189 0.289194 -0.795861
10.355 0.0978399 0.457848 0.753355 0.942731 0.999297 0.915083 0.701955 0.389936 0.0229843 -0.347206 -0.668482 -0.895584 -0.996518 -0.957064 -0.782781 -0.498221 -0.143472 0.231488 0.573837 0.835345 0.979171 0.985053 0.852163 0.599222 0.898061 0.996969 0.955426 0.779284 0.493359 0.137929 -0.236931 -0.578413 -0.838409 -0.980292 -0.984073 -0.84922 -0.59473 -0.256456 0.117948 0.475735 0.766501 0.949284 0.998334 0.90674 0.687407 0.371233 0.0027603 -0.366101 0.395285 1.1275 0.766018 1.13361 1.02884 0.980018 1.14671 0.688362 1.10304 0.299732 0.90398 -0.131124 0.577565 -0.543508 0.169784 -0.879323 -0.261916 -1.09126 -0.656718 -1.14946 -0.959003 -1.04573 -1.12618 -0.794681 -1.13471 -0.431675 -0.983383 -0.00785657 -0.693517 0.417069 -0.30595 0.783239 0.124719 1.03907 0.537818 1.14851 0.87515 1.09616 1.08919 0.889381 1.14979 0.557308 1.04841 0.146723 0.799331 -0.284533 0.437643 -0.675704
10.405 -0.0380459 0.333036 0.6572 0.888779 0.995148 0.961323 0.792069 0.511229 0.158369 -0.216803 -0.561431 -0.826966 -0.976 -0.987537 -0.859951 -0.611217 -0.276376 0.0974004 0.457455 0.753065 0.942584 0.999313 0.915262 0.702269 0.830101 0.977204 0.98664 0.85708 0.606776 0.270991 -0.102971 -0.462427 -0.756736 -0.944439 -0.99909 -0.912992 -0.698273 -0.385182 -0.0178282 0.352038 0.672309 0.897867 0.996935 0.955556 0.779561 0.493743 0.138367 -0.236502 0.244996 1.08562 0.642398 1.15026 0.9493 1.05286 1.12247 0.807139 1.1375 0.447706 0.992288 0.0252007 0.707283 -0.400855 0.322637 -0.770439 -0.107462 -1.03148 -0.522421 -1.14722 -0.863783 -1.10133 -1.08346 -0.900293 -1.15049 -0.572422 -1.05545 -0.16391 -0.811722 0.267694 -0.453636 0.661585 -0.0316437 0.962274 0.394807 1.1274 0.765638 1.1337 1.02861 0.980284 1.14667 0.68877 1.10319 0.300223 0.904295 -0.130619 0.578005 -0.54306
10.455 -0.173229 0.202068 0.548898 0.8184 0.972608 0.989796 0.867544 0.623074 0.290826 -0.0823927 -0.444004 -0.743065 -0.937444 -0.999758 -0.921228 -0.712917 -0.404172 -0.0384873 0.332619 0.656867 0.888576 0.995105 0.961445 0.792338 0.7468 0.939379 0.999619 0.919035 0.70898 0.399044 0.032892 -0.337894 -0.661078 -0.891131 -0.995642 -0.95989 -0.78891 -0.50679 -0.153274 0.221834 0.565691 0.829855 0.97711 0.986712 0.857307 0.607127 0.271416 -0.102532 0.0901799 1.02367 0.506906 1.14566 0.852219 1.10625 1.07747 0.910999 1.15094 0.587406 1.06226 0.18106 0.823928 -0.250793 0.469527 -0.647315 0.0489789 -0.952645 -0.378469 -1.12377 -0.752599 -1.13658 -1.0207 -0.989266 -1.14501 -0.702589 -1.10802 -0.316934 -0.914925 0.113371 -0.592939 0.527704 -0.187422 0.867695 0.244499 1.08545 0.641976 1.15028 0.949012 1.05307 1.12235 0.807502 1.13758 0.448174 0.992545 0.025709 0.707684 -0.400378
10.505 -0.30521 0.0673663 0.430452 0.732897 0.932092 0.999976 0.926985 0.723403 0.417908 0.05354 -0.318371 -0.645431 -0.881563 -0.993503 -0.965479 -0.801441 -0.524498 -0.173664 0.201636 0.548529 0.818146 0.972505 0.989859 0.867763 0.649697 0.884192 0.994124 0.964006 0.79808 0.519722 0.168147 -0.207116 -0.553202 -0.821353 -0.973794 -0.989048 -0.864967 -0.619032 -0.285888 0.0875312 0.448619 0.746506 0.939227 0.999631 0.91921 0.709291 0.399449 0.0333335 -0.066303 0.9428 0.362045 1.11988 0.739389 1.1392 1.01257 0.998022 1.1431 0.716249 1.11259 0.333573 0.925347 -0.096097 0.607739 -0.512229 0.204514 -0.856199 -0.227522 -1.07955 -0.627506 -1.15081 -0.939087 -1.05996 -1.11837 -0.819772 -1.1401 -0.4641 -1.00122 -0.0430471 -0.721284 0.38407 -0.339736 0.757081 0.0896731 1.02344 0.506449 1.14561 0.851878 1.10639 1.0773 0.91131 1.15095 0.587843 1.06245 0.181562 0.824283 -0.250297
10.555 -0.43155 -0.0685806 0.304051 0.633848 0.87435 0.991675 0.969295 0.810362 0.537267 0.188483 -0.186854 -0.535868 -0.809389 -0.968885 -0.991887 -0.875153 -0.63513 -0.30563 0.0669256 0.430053 0.732596 0.931932 0.999979 0.927151 0.540586 0.812664 0.970256 0.99116 0.872431 0.630795 0.300295 -0.0725109 -0.435101 -0.736395 -0.933948 -0.999927 -0.925039 -0.719832 -0.413218 -0.0483896 0.323256 0.649361 0.883986 0.994076 0.964123 0.798346 0.5201 0.168583 -0.221561 0.844508 0.210493 1.07341 0.612893 1.15108 0.928949 1.0666 1.11414 0.831856 1.14237 0.479921 1.00966 0.0603755 0.73472 -0.367675 0.35627 -0.743929 -0.0723702 -1.01538 -0.490815 -1.14378 -0.840115 -1.11106 -1.07106 -0.921803 -1.15112 -0.602689 -1.06901 -0.19867 -0.836297 0.233338 -0.485771 0.632474 -0.0668106 0.942508 0.361562 1.11976 0.738999 1.13927 1.01233 0.998275 1.14304 0.716647 1.11272 0.334059 0.925649 -0.0955903
10.605 -0.549915 -0.20326 0.17203 0.523085 0.800448 0.965046 0.99369 0.882345 0.646697 0.319943 -0.0518836 -0.416401 -0.722256 -0.926362 -0.999963 -0.932692 -0.734024 -0.431949 -0.0690212 0.30363 0.633506 0.874135 0.991618 0.969403 0.421485 0.726117 0.928456 0.999996 0.930658 0.73021 0.426892 0.0634347 -0.30896 -0.637828 -0.876841 -0.992326 -0.968014 -0.80733 -0.532911 -0.183416 0.191918 0.540215 0.812407 0.970149 0.991218 0.872647 0.631138 0.300716 -0.372723 0.730608 0.0550509 1.00709 0.47507 1.1417 0.828162 1.11547 1.06458 0.932088 1.15103 0.617399 1.07532 0.215732 0.848122 -0.216327 0.501441 -0.61791 0.0841192 -0.932443 -0.345054 -1.11562 -0.725616 -1.14162 -1.00395 -1.0068 -1.14086 -0.73014 -1.11704 -0.35062 -0.935855 0.078294 -0.622829 0.496178 -0.22206 0.844162 0.209993 1.07322 0.612462 1.15109 0.928649 1.06679 1.11401 0.832207 1.14243 0.480383 1.00991 0.0608832
10.655 -0.658116 -0.334183 0.0368297 0.402654 0.711753 0.920581 0.99972 0.93802 0.744174 0.44549 0.0840457 -0.289238 -0.621775 -0.866718 -0.989558 -0.972992 -0.819352 -0.550284 -0.203692 0.171595 0.522708 0.800183 0.96493 0.993739 0.294593 0.626151 0.869497 0.99035 0.971684 0.81613 0.5456 0.198208 -0.177108 -0.527473 -0.803529 -0.966385 -0.993098 -0.879906 -0.642754 -0.315053 0.0570331 0.421084 0.725814 0.928292 0.999994 0.930819 0.730512 0.427292 -0.516998 0.603205 -0.101409 0.922166 0.328467 1.11121 0.712068 1.14372 0.995355 1.01509 1.13842 0.743467 1.1211 0.367102 0.945849 -0.0609799 0.637345 -0.480471 0.239054 -0.832274 -0.192915 -1.06683 -0.597706 -1.15109 -0.918294 -1.07319 -1.10951 -0.844096 -1.14443 -0.496091 -1.01812 -0.0781974 -0.748376 0.350713 -0.373204 0.730215 0.0545431 1.00685 0.474607 1.14163 0.827808 1.11559 1.06439 0.932386 1.15102 0.617828 1.0755 0.216232
10.705 -0.754155 -0.45893 -0.0990511 0.274781 0.609903 0.859103 0.987274 0.97636 0.827898 0.562803 0.218422 -0.156731 -0.509803 -0.791055 -0.960865 -0.99531 -0.889538 -0.658449 -0.334599 0.0363883 0.40225 0.711443 0.920409 0.99971 0.162258 0.514611 0.794468 0.962401 0.994753 0.886966 0.654225 0.329318 -0.0419829 -0.407369 -0.715366 -0.922583 -0.999829 -0.936221 -0.740719 -0.440867 -0.0789057 0.294171 0.625806 0.869278 0.990289 0.971789 0.816385 0.54597 -0.651717 0.464654 -0.255994 0.820197 0.175793 1.06019 0.582815 1.15083 0.90773 1.07934 1.10477 0.855794 1.14617 0.511687 1.0261 0.0954938 0.76147 -0.334152 0.389571 -0.716723 -0.037211 -0.998324 -0.45875 -1.13928 -0.815662 -1.11974 -1.05766 -0.942453 -1.15066 -0.632393 -1.08156 -0.233244 -0.860091 0.198765 -0.517452 0.602772 -0.101915 0.921861 0.327979 1.11108 0.711669 1.14377 0.995099 1.01533 1.13834 0.743855 1.12122 0.367584
10.755 -0.836255 -0.575194 -0.233101 0.141831 0.496782 0.781747 0.956582 0.996655 0.896321 0.669715 0.348761 -0.0213259 -0.388408 -0.700773 -0.914413 -0.999233 -0.943283 -0.754445 -0.459322 -0.0994906 0.274357 0.609553 0.858877 0.987204 0.0269232 0.393562 0.704756 0.916665 0.999437 0.941409 0.750758 0.454341 0.093918 -0.279736 -0.613982 -0.861731 -0.988081 -0.975232 -0.824994 -0.558533 -0.213386 0.161822 0.514233 0.794199 0.962281 0.994798 0.88717 0.654559 -0.774392 0.317516 -0.405848 0.703069 0.0198704 0.989575 0.44279 1.13667 0.80333 1.12364 1.0507 0.952305 1.15005 0.646815 1.08738 0.250203 0.871522 -0.181658 0.532887 -0.587926 0.119181 -0.911369 -0.311316 -1.10642 -0.697955 -1.1456 -0.986267 -1.02339 -1.13564 -0.757008 -1.12502 -0.383979 -0.955911 0.0431439 -0.652136 0.464189 -0.25649 0.81984 0.175291 1.05999 0.582376 1.15082 0.907418 1.07952 1.10462 0.856134 1.14621 0.512142
10.805 -0.9029 -0.680829 -0.362843 0.00625869 0.374479 0.689944 0.90821 0.99853 0.948178 0.764249 0.472654 0.114473 -0.259836 -0.597539 -0.851062 -0.984689 -0.979595 -0.836497 -0.575556 -0.233531 0.141393 0.496398 0.781472 0.956453 -0.108909 0.265238 0.602019 0.853988 0.98565 0.978454 0.833416 0.570968 0.228083 -0.146934 -0.501251 -0.784953 -0.958072 -0.99622 -0.894022 -0.665876 -0.343923 0.0264816 0.393155 0.704442 0.916489 0.999422 0.941558 0.75105 -0.882754 0.164509 -0.548202 0.572947 -0.136419 0.90067 0.294581 1.10151 0.684082 1.14717 0.97721 1.03122 1.13267 0.769989 1.12856 0.400287 0.965466 -0.0258058 0.666355 -0.448264 0.27337 -0.807571 -0.158128 -1.05311 -0.567348 -1.15029 -0.896642 -1.08542 -1.09962 -0.867632 -1.14768 -0.527618 -1.03406 -0.113275 -0.774768 0.317027 -0.406324 0.702666 0.019362 0.989315 0.44232 1.13659 0.802965 1.12375 1.05049 0.952591 1.15002 0.647235
10.855 -0.952859 -0.77388 -0.48588 -0.129429 0.245255 0.585389 0.843053 0.98195 0.982512 0.844659 0.587813 0.248156 -0.126461 -0.483261 -0.771981 -0.951946 -0.997802 -0.90309 -0.681152 -0.363255 0.005817 0.37407 0.689624 0.908025 -0.242728 0.132012 0.488156 0.775528 0.953646 0.997416 0.900672 0.677042 0.358033 -0.0114157 -0.379256 -0.693667 -0.910356 -0.998796 -0.946527 -0.760913 -0.468103 -0.109348 0.264812 0.601666 0.853758 0.985575 0.978545 0.83366 -0.974802 0.00846182 -0.680423 0.432236 -0.290188 0.795118 0.140929 1.04599 0.552191 1.1495 0.885663 1.09107 1.09436 0.878932 1.14889 0.542974 1.04157 0.130523 0.787508 -0.300316 0.422507 -0.688847 -0.00201692 -0.980335 -0.426256 -1.13371 -0.790446 -1.12738 -1.04328 -0.96222 -1.14914 -0.661506 -1.09311 -0.2676 -0.88308 0.164006 -0.548649 0.572506 -0.136924 0.900353 0.29409 1.10136 0.683673 1.14721 0.976942 1.03144 1.13258 0.770367
10.905 -0.985206 -0.85263 -0.599936 -0.262725 0.111499 0.470015 0.762316 0.947223 0.998688 0.909459 0.692107 0.377253 0.00925165 -0.360053 -0.678634 -0.90161 -0.997569 -0.952992 -0.77416 -0.486266 -0.129867 0.244827 0.58503 0.842816 -0.372062 -0.00365291 0.36527 0.682735 0.904017 0.997943 0.951281 0.770604 0.481366 0.124314 -0.250252 -0.589562 -0.845816 -0.982913 -0.981539 -0.841888 -0.583633 -0.243157 0.131575 0.48777 0.775249 0.953513 0.997447 0.900863 -1.04883 -0.147742 -0.80007 0.283537 -0.438593 0.674872 -0.0153287 0.971132 0.410096 1.13058 0.777746 1.13076 1.03583 0.971632 1.14799 0.675626 1.09842 0.284439 0.894107 -0.146819 0.563835 -0.557393 0.154131 -0.889443 -0.277287 -1.09619 -0.669641 -1.14851 -0.967657 -1.03903 -1.12935 -0.783168 -1.13195 -0.416979 -0.975072 0.0079534 -0.680834 0.431765 -0.29068 0.794751 0.140424 1.04577 0.551745 1.14947 0.885338 1.09123 1.09421 0.879261
10.955 -0.999346 -0.915621 -0.702905 -0.391165 -0.0243182 0.345954 0.667489 0.89499 0.996406 0.95745 0.78361 0.499377 0.144793 -0.23019 -0.572744 -0.83461 -0.978899 -0.985282 -0.85286 -0.600289 -0.263151 0.11106 0.469625 0.76203 -0.494519 -0.139251 0.235635 0.577324 0.837681 0.980028 0.984309 0.849924 0.595802 0.257745 -0.116622 -0.47456 -0.765643 -0.948864 -0.99841 -0.907302 -0.688375 -0.372472 -0.0040946 0.364859 0.682412 0.903829 0.997915 0.951417 -1.10348 -0.301215 -0.90493 0.129598 -0.578893 0.542153 -0.171303 0.878331 0.260421 1.09077 0.655456 1.14955 0.958152 1.04637 1.12587 0.795791 1.13497 0.433099 0.984181 0.00939248 0.694742 -0.415637 0.30743 -0.782113 -0.123192 -1.03841 -0.53646 -1.14841 -0.874152 -1.09663 -1.08869 -0.890356 -1.14986 -0.558652 -1.04904 -0.148246 -0.800435 0.283045 -0.439063 0.67446 -0.0158371 0.970859 0.40962 1.13049 0.777371 1.13085 1.03561 0.971904
11.005 -0.995016 -0.96169 -0.792883 -0.512375 -0.159686 0.2155 0.560327 0.826215 0.975709 0.987746 0.860631 0.612273 0.277658 -0.0960723 -0.456268 -0.752186 -0.942137 -0.999362 -0.915798 -0.703219 -0.391571 -0.0247598 0.34554 0.66716 -0.607836 -0.272275 0.101644 0.461243 0.755864 0.943999 0.999146 0.913535 0.699227 0.386413 0.0191623 -0.350788 -0.67132 -0.897278 -0.996829 -0.955949 -0.780396 -0.494903 -0.139688 0.235205 0.576963 0.83744 0.97994 0.984387 -1.13774 -0.449121 -0.993065 -0.0267362 -0.708494 0.399415 -0.324111 0.769297 0.105932 1.0308 0.521052 1.14709 0.862767 1.10178 1.08294 0.901249 1.15054 0.573754 1.05607 0.16543 0.81281 -0.2662 0.455048 -0.660328 0.033179 -0.96143 -0.393364 -1.12709 -0.76449 -1.13396 -1.02792 -0.981089 -1.14653 -0.69 -1.10363 -0.301705 -0.905244 0.129093 -0.579332 0.541705 -0.171805 0.878002 0.259925 1.09061 0.655038 1.14957 0.95787 1.04659
11.055 -0.972297 -0.989985 -0.868207 -0.624117 -0.292102 0.0810629 0.442808 0.742171 0.936979 0.999787 0.921746 0.713852 0.405392 0.0398206 -0.33136 -0.65586 -0.887963 -0.994972 -0.961811 -0.793152 -0.512755 -0.160122 0.215069 0.559961 -0.70992 -0.400267 -0.0342256 0.336638 0.660076 0.890524 0.995517 0.960263 0.789729 0.50794 0.154593 -0.220533 -0.564591 -0.82911 -0.976825 -0.986928 -0.857994 -0.608187 -0.2727 0.101204 0.460851 0.755574 0.943853 0.999164 -1.15096 -0.588726 -1.06285 -0.182577 -0.825 0.249294 -0.470929 0.646045 -0.0505134 0.951782 0.377018 1.12343 0.751436 1.13682 1.01999 0.99005 1.14486 0.703805 1.10843 0.31841 0.915856 -0.111842 0.594255 -0.526339 0.188937 -0.866685 -0.242998 -1.08493 -0.6407 -1.15034 -0.948142 -1.05369 -1.12201 -0.808596 -1.13781 -0.449589 -0.993323 -0.0272445 -0.708894 0.398938 -0.324599 0.768919 0.105426 1.03058 0.520599 1.14705 0.86243 1.10192
11.105 -0.931608 -0.999984 -0.927485 -0.724323 -0.41912 -0.0548724 0.317106 0.644411 0.880932 0.99335 0.965826 0.802238 0.525633 0.174978 -0.200329 -0.547413 -0.817378 -0.972193 -0.990048 -0.868426 -0.624462 -0.292525 0.0806226 0.442412 -0.798883 -0.520862 -0.169462 0.205811 0.55209 0.820591 0.973489 0.989244 0.865636 0.620079 0.287166 -0.086202 -0.447426 -0.745618 -0.938768 -0.999667 -0.919734 -0.710231 -0.400672 -0.034667 0.336222 0.659744 0.890323 0.995475 -1.14292 -0.717451 -1.11299 -0.335042 -0.92626 0.0945663 -0.609043 0.510853 -0.206026 0.855171 0.226016 1.07901 0.626217 1.15085 0.938198 1.06055 1.11801 0.820849 1.14031 0.465505 1.00198 0.0445819 0.72248 -0.382622 0.341203 -0.755923 -0.0881417 -1.02273 -0.505069 -1.14546 -0.850844 -1.10682 -1.07675 -0.912247 -1.15097 -0.589163 -1.06304 -0.183078 -0.825355 0.248798 -0.471393 0.645624 -0.0510214 0.951496 0.376538 1.12332 0.751051 1.1369
11.155 -0.873701 -0.991502 -0.969622 -0.811143 -0.538392 -0.189793 0.185543 0.534741 0.808605 0.968554 0.992056 0.875798 0.63616 0.306901 -0.0655943 -0.428848 -0.731687 -0.931447 -0.999987 -0.92765 -0.724628 -0.419521 -0.0553134 0.316687 -0.873082 -0.63183 -0.301567 0.07118 0.4339 0.735492 0.93347 0.999942 0.925545 0.720758 0.414432 0.0497223 -0.321993 -0.648346 -0.883361 -0.99393 -0.964476 -0.799149 -0.521239 -0.169898 0.205378 0.551721 0.820339 0.973388 -1.11375 -0.832917 -1.14256 -0.481316 -1.0104 -0.0619093 -0.735902 0.36622 -0.35773 0.742756 0.0708372 1.01465 0.489425 1.14361 0.839064 1.11146 1.0705 0.922723 1.15112 0.603997 1.06958 0.200182 0.837352 -0.231834 0.487163 -0.63119 0.0683439 -0.941625 -0.360104 -1.11941 -0.737821 -1.13949 -1.01159 -0.999039 -1.14286 -0.717849 -1.11312 -0.335529 -0.926561 0.0940596 -0.609474 0.510397 -0.206526 0.854831 0.225518 1.07884 0.625791 1.15086
11.205 -0.799648 -0.964695 -0.993839 -0.882972 -0.647714 -0.321207 0.050551 0.415187 0.721333 0.925858 0.999951 0.933172 0.73493 0.433152 0.0703523 -0.302358 -0.632473 -0.873486 -0.991445 -0.96973 -0.811401 -0.538764 -0.190227 0.185109 -0.931145 -0.731121 -0.428099 -0.0647662 0.30769 0.6368 0.876199 0.99216 0.968348 0.808116 0.534039 0.184728 -0.190608 -0.539091 -0.811628 -0.969825 -0.991394 -0.873297 -0.632172 -0.301988 0.0707394 0.433502 0.735193 0.933311 -1.064 -0.932988 -1.15101 -0.618695 -1.07587 -0.217241 -0.849159 0.214818 -0.502824 0.616613 -0.0856509 0.931541 0.343588 1.11524 0.724423 1.14182 1.0032 1.00754 1.14065 0.731327 1.11741 0.352083 0.936749 -0.0767616 0.62412 -0.494792 0.223566 -0.843117 -0.208483 -1.07267 -0.611161 -1.1511 -0.927741 -1.06737 -1.11362 -0.833267 -1.14262 -0.481778 -1.01064 -0.062417 -0.736292 0.365737 -0.358214 0.742367 0.0703297 1.01441 0.488965 1.14355
11.255 -0.710815 -0.92006 -0.999688 -0.938482 -0.745065 -0.446684 -0.0853752 0.287961 0.62073 0.866051 0.989365 0.973299 0.820117 0.551398 0.204999 -0.17028 -0.52157 -0.799382 -0.964579 -0.993888 -0.883179 -0.64805 -0.321625 0.0501099 -0.971999 -0.8169 -0.546718 -0.199515 0.175794 0.526339 0.802734 0.966041 0.993254 0.880539 0.643776 0.316319 -0.0557009 -0.419874 -0.724895 -0.927795 -0.999989 -0.931306 -0.731423 -0.428498 -0.065207 0.30727 0.636459 0.875986 -0.994582 -1.01582 -1.13819 -0.744639 -1.12145 -0.368557 -0.946723 0.0594461 -0.638624 0.479075 -0.240556 0.831212 0.191401 1.06625 0.596393 1.15108 0.917367 1.07374 1.1091 0.84514 1.14459 0.497477 1.01883 0.0797297 0.749542 -0.349249 0.374657 -0.729027 -0.0530088 -1.0061 -0.473207 -1.14144 -0.82674 -1.11597 -1.0638 -0.933286 -1.151 -0.619123 -1.07605 -0.21774 -0.849502 0.214318 -0.503281 0.616184 -0.086158 0.931243 0.343103 1.11511
11.305 -0.608845 -0.85842 -0.987061 -0.976647 -0.828645 -0.563905 -0.219724 0.155413 0.508654 0.790238 0.960495 0.995438 0.890146 0.659453 0.335856 -0.0350549 -0.401028 -0.710504 -0.919886 -0.999677 -0.938634 -0.745359 -0.447079 -0.0858153 -0.994888 -0.887581 -0.655233 -0.330577 0.0406497 0.40615 0.714433 0.922068 0.999803 0.936689 0.741615 0.442064 0.0802358 -0.292896 -0.624765 -0.868618 -0.990102 -0.972102 -0.817155 -0.547088 -0.199948 0.17536 0.525963 0.80247 -0.906785 -1.07987 -1.10433 -0.856821 -1.14631 -0.513062 -1.02679 -0.0970244 -0.762621 0.332682 -0.391015 0.715521 0.0356758 0.997558 0.457341 1.13906 0.814577 1.1201 1.05706 0.943334 1.15062 0.633676 1.08209 0.234747 0.861111 -0.197252 0.518823 -0.601463 0.103445 -0.920941 -0.326507 -1.11068 -0.710461 -1.14395 -0.994326 -1.01606 -1.13811 -0.745026 -1.12156 -0.369039 -0.947012 0.0589383 -0.639047 0.478612 -0.241053 0.83086 0.190899 1.06606
11.355 -0.495623 -0.780915 -0.956192 -0.996763 -0.896912 -0.670705 -0.350011 0.0199919 0.387179 0.69982 0.913872 0.99918 0.943725 0.75532 0.460507 0.100818 -0.273073 -0.608495 -0.858193 -0.98699 -0.976742 -0.828893 -0.56427 -0.220154 -0.999391 -0.941859 -0.751639 -0.45553 -0.0952463 0.278455 0.612928 0.861053 0.987875 0.975526 0.825748 0.559639 0.21469 -0.160505 -0.513088 -0.793388 -0.961917 -0.994933 -0.887785 -0.655567 -0.330994 0.0402084 0.405747 0.714124 -0.802229 -1.12397 -1.05007 -0.953167 -1.14998 -0.648085 -1.08788 -0.251702 -0.872524 0.180141 -0.534248 0.586605 -0.120708 0.91043 0.309837 1.10599 0.696733 1.14575 0.985474 1.02409 1.13538 0.758164 1.12534 0.385427 0.956766 -0.041609 0.653401 -0.462783 0.257987 -0.818761 -0.173772 -1.05939 -0.581051 -1.15078 -0.906472 -1.08005 -1.10419 -0.85716 -1.14635 -0.513517 -1.02702 -0.097531 -0.763002 0.332195 -0.391494 0.715122 0.0351676 0.997304
11.405 -0.373242 -0.688977 -0.907651 -0.998457 -0.948602 -0.765109 -0.47383 -0.115798 0.258547 0.596468 0.85036 0.984455 0.979862 0.837228 0.576646 0.234828 -0.140072 -0.49524 -0.780639 -0.956063 -0.996798 -0.897107 -0.671033 -0.350425 -0.985423 -0.978729 -0.834153 -0.572063 -0.229382 0.145614 0.500096 0.784126 0.957689 0.996335 0.894619 0.666871 0.345176 -0.0251478 -0.391928 -0.703495 -0.915954 -0.999376 -0.942007 -0.75193 -0.455923 -0.095686 0.278031 0.612579 -0.682846 -1.14729 -0.976398 -1.0319 -1.1324 -0.77113 -1.12887 -0.401727 -0.966302 0.0242702 -0.667607 0.446848 -0.274862 0.806476 0.156606 1.05249 0.566011 1.15023 0.895678 1.08593 1.09916 0.86864 1.1478 0.528983 1.03474 0.114803 0.775903 -0.31555 0.407761 -0.701449 -0.0178263 -0.988529 -0.440902 -1.13635 -0.801864 -1.12408 -1.04986 -0.953452 -1.14996 -0.648505 -1.08805 -0.252198 -0.872856 0.179638 -0.534699 0.586168 -0.121214 0.910119
11.455 -0.243962 -0.584306 -0.842335 -0.981697 -0.98276 -0.845373 -0.588892 -0.249448 0.125137 0.482093 0.771133 0.951537 0.99789 0.903662 0.682129 0.364498 -0.00448272 -0.372832 -0.688657 -0.907465 -0.998432 -0.948741 -0.765394 -0.474219 -0.953244 -0.997511 -0.901251 -0.678024 -0.359278 0.0100814 0.378021 0.692706 0.909803 0.99873 0.946957 0.761778 0.469282 0.110674 -0.263525 -0.6006 -0.853063 -0.985348 -0.978819 -0.834396 -0.572425 -0.229812 0.145177 0.499713 -0.550843 -1.14941 -0.884681 -1.09156 -1.09389 -0.879923 -1.14899 -0.544328 -1.04222 -0.132049 -0.788628 0.298833 -0.423935 0.687616 0.000480977 0.979529 0.424829 1.13345 0.789328 1.12769 1.04263 0.963063 1.14904 0.662762 1.09359 0.269093 0.884065 -0.162485 0.549998 -0.571173 0.138449 -0.899395 -0.292605 -1.10091 -0.682437 -1.14733 -0.976128 -1.03212 -1.13231 -0.771507 -1.12896 -0.402204 -0.966578 0.0237619 -0.668021 0.44638 -0.275355 0.806113
11.505 -0.110173 -0.468837 -0.761451 -0.946795 -0.998755 -0.910013 -0.69307 -0.378488 -0.0105859 0.358808 0.677653 0.901032 0.997475 0.953396 0.775004 0.487431 0.13119 -0.243533 -0.583948 -0.842097 -0.981613 -0.982841 -0.845609 -0.589248 -0.903446 -0.997857 -0.951692 -0.771454 -0.482535 -0.125637 0.24896 0.588484 0.845103 0.982666 0.981793 0.842607 0.584716 0.244451 -0.130252 -0.486605 -0.774406 -0.95311 -0.997542 -0.901442 -0.678348 -0.359691 0.00963976 0.377612 -0.40866 -1.13029 -0.776613 -1.13104 -1.03516 -0.972455 -1.14787 -0.676869 -1.09888 -0.285927 -0.895073 0.145295 -0.565173 0.556049 -0.155653 0.888467 0.275796 1.09572 0.668391 1.14861 0.966824 1.03969 1.12905 0.784293 1.13222 0.41841 0.975888 -0.00641748 0.682071 -0.430341 0.292166 -0.793639 -0.138899 -1.04513 -0.550397 -1.14939 -0.884355 -1.09172 -1.09373 -0.880251 -1.14902 -0.544776 -1.04244 -0.132554 -0.788998 0.298342 -0.424408 0.687208
11.555 0.0256521 -0.344702 -0.666495 -0.894394 -0.996292 -0.957834 -0.784439 -0.500533 -0.146113 0.228891 0.571649 0.833875 0.978625 0.985509 0.853556 0.601356 0.264438 -0.109734 -0.468446 -0.761165 -0.946652 -0.998777 -0.910196 -0.693388 -0.836952 -0.979761 -0.984544 -0.850626 -0.596873 -0.259034 0.115297 0.473386 0.764784 0.948442 0.998484 0.907863 0.689343 0.37371 0.00542889 -0.363617 -0.681436 -0.903257 -0.997828 -0.951827 -0.771735 -0.482922 -0.126076 0.248532 -0.258924 -1.09028 -0.654193 -1.14962 -0.9573 -1.04701 -1.12554 -0.7969 -1.13522 -0.434522 -0.984976 -0.0109284 -0.695967 0.414204 -0.30891 0.780985 0.121665 1.03774 0.5351 1.1483 0.873151 1.09709 1.08819 0.891329 1.14994 0.559994 1.04968 0.149769 0.801539 -0.281556 0.440483 -0.673215 0.0173728 -0.970033 -0.408185 -1.13019 -0.776238 -1.13114 -1.03494 -0.972726 -1.14783 -0.67728 -1.09903 -0.28642 -0.895393 0.144791 -0.565616 0.555603
11.605 0.161003 -0.214197 -0.559221 -0.825463 -0.975415 -0.987953 -0.86131 -0.613327 -0.27894 0.0947441 0.455081 0.751306 0.941689 0.999409 0.916333 0.704167 0.392799 0.0260936 -0.344287 -0.666166 -0.894196 -0.996254 -0.957961 -0.784712 -0.754989 -0.943558 -0.9992 -0.914077 -0.70018 -0.387644 -0.0204963 0.349538 0.670331 0.896688 0.996722 0.95634 0.78123 0.496062 0.141009 -0.233908 -0.575873 -0.83671 -0.979673 -0.984621 -0.850858 -0.597228 -0.259461 0.114858 -0.104403 -1.03012 -0.519682 -1.14696 -0.861749 -1.10222 -1.08241 -0.902204 -1.15059 -0.575085 -1.05668 -0.16695 -0.813897 0.264705 -0.456458 0.659069 -0.0347143 0.960584 0.39192 1.12677 0.763341 1.13423 1.02722 0.981891 1.14639 0.691229 1.10406 0.303187 0.906192 -0.127567 0.580659 -0.540349 0.173324 -0.877008 -0.258429 -1.09012 -0.653774 -1.14965 -0.957018 -1.04722 -1.12544 -0.797267 -1.13531 -0.434992 -0.98524 -0.0114368 -0.696371 0.41373
11.655 0.293378 -0.0797329 -0.441611 -0.741276 -0.936512 -0.999813 -0.922263 -0.714786 -0.406611 -0.0411538 0.330101 0.654852 0.887349 0.994837 0.962175 0.793964 0.5139 0.161439 -0.213765 -0.558855 -0.825214 -0.975318 -0.988021 -0.861534 -0.659073 -0.889916 -0.99539 -0.960635 -0.790547 -0.509089 -0.155911 0.219231 0.563489 0.828363 0.976539 0.987142 0.858678 0.609246 0.273984 -0.0998768 -0.459667 -0.7547 -0.943412 -0.999218 -0.914256 -0.700496 -0.388051 -0.0209379 0.0520478 -0.950917 -0.375566 -1.1231 -0.750272 -1.13706 -1.01928 -0.990833 -1.14469 -0.70502 -1.10885 -0.319886 -0.916786 0.110314 -0.59557 0.524972 -0.190452 0.865674 0.241497 1.08442 0.639424 1.1504 0.94727 1.05431 1.12167 0.809688 1.13805 0.451002 0.994098 0.02878 0.710104 -0.397497 0.326072 -0.767775 -0.103897 -1.02989 -0.519228 -1.14692 -0.861412 -1.10237 -1.08224 -0.902519 -1.15061 -0.575526 -1.05688 -0.167453 -0.814257 0.26421
11.705 0.420331 0.0562046 -0.31584 -0.64339 -0.8803 -0.993195 -0.966171 -0.803034 -0.526768 -0.176291 0.199021 0.546296 0.816609 0.97188 0.990234 0.869087 0.625503 0.2938 -0.0792926 -0.441215 -0.74098 -0.936357 -0.999822 -0.922434 -0.550977 -0.819828 -0.973183 -0.989438 -0.866303 -0.621125 -0.288444 0.0848726 0.446232 0.744728 0.938308 0.9997 0.920257 0.71117 0.401894 0.0360005 -0.334965 -0.658741 -0.889715 -0.995348 -0.960757 -0.790818 -0.509469 -0.156347 0.207537 -0.854142 -0.22451 -1.07848 -0.624928 -1.15088 -0.937307 -1.06115 -1.11764 -0.821925 -1.14052 -0.46691 -1.00273 -0.0461167 -0.723675 0.381173 -0.34267 0.754764 0.0866102 1.02203 0.503689 1.14531 0.849808 1.10724 1.07621 0.913183 1.15099 0.590482 1.06363 0.184595 0.826425 -0.247298 0.472793 -0.644352 0.0525557 -0.95063 -0.375086 -1.12299 -0.749886 -1.13714 -1.01904 -0.991091 -1.14464 -0.705422 -1.10898 -0.320374 -0.917093 0.109807
11.755 0.539516 0.191103 -0.184232 -0.533613 -0.807819 -0.968221 -0.992223 -0.876442 -0.637189 -0.30817 0.0642628 0.427643 0.730777 0.930961 0.999993 0.928147 0.725547 0.420732 0.0566456 -0.315421 -0.643052 -0.88009 -0.993144 -0.966285 -0.432697 -0.734587 -0.932991 -0.999956 -0.926049 -0.721682 -0.415646 -0.0510549 0.320729 0.647329 0.882735 0.993783 0.964828 0.79995 0.522377 0.171212 -0.204072 -0.550608 -0.819575 -0.973082 -0.989502 -0.866524 -0.621471 -0.288867 0.35919 -0.741582 -0.0693041 -1.01393 -0.488035 -1.14343 -0.838012 -1.11186 -1.06993 -0.92364 -1.15112 -0.605304 -1.07014 -0.201695 -0.838405 0.230329 -0.488555 0.629905 -0.0698771 0.940741 0.358645 1.11905 0.736641 1.1397 1.01086 0.999801 1.14267 0.719049 1.11351 0.336998 0.927472 -0.0925287 0.610777 -0.50902 0.208037 -0.853802 -0.224011 -1.0783 -0.624501 -1.15089 -0.937012 -1.06135 -1.11752 -0.822281 -1.14059 -0.467374 -1.00298 -0.0466247
11.805 0.64873 0.32247 -0.0492184 -0.413973 -0.720408 -0.925353 -0.999937 -0.933651 -0.735834 -0.434354 -0.0716832 0.301086 0.631439 0.872836 0.99127 0.970055 0.812181 0.539888 0.191537 -0.183798 -0.533239 -0.807559 -0.968111 -0.992278 -0.30642 -0.635771 -0.875555 -0.991992 -0.96868 -0.808901 -0.535167 -0.186039 0.189298 0.537967 0.810848 0.969498 0.991568 0.873947 0.633206 0.30326 -0.0694084 -0.432299 -0.734288 -0.932831 -0.99996 -0.926216 -0.721988 -0.416048 0.504205 -0.615316 0.0871825 -0.930638 -0.342122 -1.11485 -0.723229 -1.14201 -1.00245 -1.00828 -1.14045 -0.732512 -1.11778 -0.353545 -0.937641 0.075229 -0.62541 0.493405 -0.225073 0.842071 0.206972 1.07211 0.609859 1.15111 0.92683 1.06794 1.11323 0.834326 1.1428 0.483173 1.01138 0.0639506 0.737472 -0.364281 0.359673 -0.741193 -0.0687966 -1.01369 -0.487574 -1.14338 -0.837663 -1.11199 -1.06974 -0.923943 -1.15112 -0.605737 -1.07033 -0.202195
11.855 0.745954 0.447877 0.0867046 -0.286683 -0.619683 -0.865383 -0.98917 -0.973605 -0.820879 -0.55251 -0.206304 0.168965 0.520431 0.79858 0.964226 0.994034 0.883804 0.649066 0.322888 -0.0487772 -0.413571 -0.720102 -0.925186 -0.999932 -0.174481 -0.525204 -0.801937 -0.965695 -0.993408 -0.881171 -0.644796 -0.317584 0.0543686 0.418662 0.723975 0.927296 0.999981 0.931791 0.732332 0.429703 0.0665384 -0.306 -0.63543 -0.875341 -0.991936 -0.968789 -0.809161 -0.53554 0.639901 -0.477678 0.242058 -0.830149 -0.189886 -1.06567 -0.595079 -1.15106 -0.916438 -1.07429 -1.10869 -0.846182 -1.14475 -0.498861 -1.01955 -0.0812619 -0.750707 0.347785 -0.376109 0.727838 0.0514744 1.00535 0.471806 1.14124 0.825671 1.11634 1.06322 0.934184 1.15098 0.620418 1.07659 0.219248 0.850538 -0.212809 0.504662 -0.614886 0.0876895 -0.930339 -0.341636 -1.11473 -0.722833 -1.14208 -1.0022 -1.00853 -1.14038 -0.732904 -1.1179 -0.354029
11.905 0.829392 0.565007 0.221025 -0.154094 -0.507505 -0.78942 -0.960122 -0.995565 -0.890754 -0.660455 -0.337113 0.0337214 0.399805 0.709565 0.919362 0.999642 0.939094 0.746248 0.448272 0.0871446 -0.28626 -0.619336 -0.865162 -0.989105 -0.0393165 -0.404931 -0.713499 -0.921551 -0.999776 -0.937155 -0.742509 -0.44326 -0.0815657 0.29162 0.623722 0.867956 0.989914 0.972415 0.817923 0.548204 0.201255 -0.174046 -0.524828 -0.801673 -0.96558 -0.993458 -0.88138 -0.645134 0.763771 -0.331211 0.39246 -0.714317 -0.0341405 -0.996791 -0.455931 -1.13884 -0.813491 -1.12045 -1.05645 -0.944213 -1.15057 -0.634958 -1.08261 -0.236251 -0.86213 0.195739 -0.520194 0.600153 -0.104975 0.920019 0.325034 1.11027 0.709252 1.14412 0.993552 1.01678 1.13788 0.746197 1.12191 0.370493 0.947885 -0.0574043 0.640324 -0.477215 0.242555 -0.829796 -0.189384 -1.06548 -0.594644 -1.15106 -0.916131 -1.07448 -1.10855 -0.846527 -1.14481 -0.499319
11.955 0.897501 0.671694 0.351261 -0.0186579 -0.385948 -0.698866 -0.91333 -0.999125 -0.944166 -0.756194 -0.461691 -0.102146 0.27179 0.607436 0.857507 0.986775 0.977027 0.829638 0.565371 0.221456 -0.153658 -0.507125 -0.789149 -0.959999 0.0965745 -0.277173 -0.611874 -0.860374 -0.987667 -0.975819 -0.826499 -0.560744 -0.215993 0.159188 0.511942 0.792575 0.961551 0.995066 0.888398 0.656574 0.332253 -0.0388751 -0.404527 -0.713189 -0.921379 -0.999767 -0.937309 -0.742805 0.873525 -0.178624 0.535608 -0.585283 0.122236 -0.909489 -0.308357 -1.10557 -0.695509 -1.1459 -0.984679 -1.02479 -1.13513 -0.759319 -1.12567 -0.386874 -0.957619 0.040074 -0.654665 0.461376 -0.259483 0.81768 0.172254 1.05879 0.579724 1.15074 0.905524 1.08058 1.10376 0.858184 1.14649 0.514891 1.02771 0.0990614 0.764151 -0.330724 0.392938 -0.713918 -0.0336323 -0.996536 -0.455464 -1.13876 -0.813131 -1.12057 -1.05625 -0.944504 -1.15056 -0.635382
12.005 0.949023 0.765968 0.475004 0.117123 -0.257258 -0.595397 -0.849658 -0.98422 -0.980128 -0.837957 -0.577736 -0.236125 0.138751 0.49408 0.779804 0.955671 0.996904 0.897696 0.672021 0.351674 -0.0182162 -0.38554 -0.69855 -0.91315 0.230681 -0.144294 -0.49894 -0.783297 -0.957304 -0.996448 -0.895215 -0.667865 -0.346427 0.0238139 0.3907 0.702546 0.915418 0.999328 0.942454 0.752809 0.45711 0.0970141 -0.276749 -0.611524 -0.860149 -0.987598 -0.975915 -0.826748 0.967135 -0.0227346 0.668858 -0.445433 0.276353 -0.805379 -0.155084 -1.05186 -0.564673 -1.15017 -0.894712 -1.08643 -1.09871 -0.869647 -1.14792 -0.530346 -1.03541 -0.116331 -0.777037 0.314073 -0.409197 0.70023 0.0162905 0.987741 0.439483 1.1361 0.800761 1.12441 1.04923 0.954312 1.14989 0.649773 1.08855 0.253696 0.873856 -0.178121 0.536058 -0.584845 0.122741 -0.909177 -0.307867 -1.10543 -0.695104 -1.14594 -0.984416 -1.02502 -1.13505 -0.759701
12.055 0.983006 0.846085 0.589969 0.25074 -0.123813 -0.480923 -0.770282 -0.951125 -0.997976 -0.904233 -0.683104 -0.36574 0.00314842 0.371593 0.687689 0.906904 0.998356 0.949162 0.766252 0.475393 0.117562 -0.256831 -0.595042 -0.849425 0.360523 -0.00874718 -0.376785 -0.691743 -0.909249 -0.998662 -0.947385 -0.762642 -0.47046 -0.112 0.262238 0.599532 0.852366 0.98512 0.979092 0.835131 0.573519 0.23111 -0.143857 -0.498557 -0.783022 -0.957176 -0.996485 -0.895411 1.04287 0.133575 0.789746 -0.29735 0.425363 -0.686384 0.00105497 -0.978721 -0.423401 -1.13318 -0.78821 -1.128 -1.04198 -0.963903 -1.14895 -0.664017 -1.09406 -0.270586 -0.885048 0.160965 -0.551347 0.569839 -0.139974 0.898436 0.291119 1.10046 0.681199 1.14746 0.975313 1.0328 1.13203 0.772647 1.12926 0.403642 0.967411 -0.0222262 0.669272 -0.444964 0.276846 -0.805015 -0.15458 -1.05166 -0.56423 -1.15015 -0.894392 -1.0866 -1.09855 -0.86998
12.105 0.998821 0.910565 0.694031 0.379723 0.0119201 -0.357562 -0.676671 -0.900452 -0.997379 -0.953798 -0.775847 -0.488596 -0.132513 0.242239 0.582864 0.841377 0.981357 0.983087 0.84632 0.590326 0.251168 -0.123375 -0.480536 -0.770001 0.483703 0.126961 -0.247667 -0.587404 -0.844389 -0.982418 -0.982046 -0.843325 -0.585798 -0.245744 0.128929 0.485439 0.773561 0.952705 0.997634 0.902019 0.679328 0.360935 -0.00830551 -0.376376 -0.691424 -0.909065 -0.998639 -0.947526 1.09933 0.287415 0.896038 -0.143771 0.566511 -0.554703 0.157175 -0.88749 -0.274304 -1.09525 -0.66714 -1.14871 -0.96599 -1.04034 -1.12875 -0.785416 -1.1325 -0.419841 -0.976702 0.00488155 -0.683308 0.428916 -0.293651 0.792526 0.137375 1.04449 0.549047 1.1493 0.883371 1.0922 1.09325 0.88124 1.14911 0.546129 1.04309 0.13408 0.790116 -0.296858 0.425835 -0.685976 0.00156341 -0.978454 -0.422928 -1.13309 -0.787839 -1.1281 -1.04176 -0.964181
12.155 0.996176 0.958217 0.785265 0.501688 0.147433 -0.227592 -0.570554 -0.833137 -0.97835 -0.985735 -0.854251 -0.602422 -0.265724 0.108407 0.467267 0.760299 0.946221 0.998842 0.910748 0.694349 0.380131 0.0123618 -0.357149 -0.676346 0.597943 0.260323 -0.113972 -0.47221 -0.763924 -0.948018 -0.998557 -0.908421 -0.690309 -0.374947 -0.00676317 0.362373 0.680459 0.902683 0.997739 0.952235 0.772583 0.48409 0.127399 -0.247239 -0.587047 -0.844153 -0.982336 -0.982129 1.13548 0.435944 0.985771 0.0124642 0.697189 -0.412771 0.310389 -0.779856 -0.120138 -1.03708 -0.53374 -1.14819 -0.87215 -1.09756 -1.08769 -0.8923 -1.15 -0.561336 -1.0503 -0.151292 -0.80264 0.280066 -0.441902 0.671969 -0.0189086 0.969205 0.406748 1.1299 0.775103 1.13142 1.03426 0.973547 1.14772 0.678522 1.09948 0.287907 0.896357 -0.143267 0.566954 -0.554258 0.157678 -0.887166 -0.27381 -1.09509 -0.666725 -1.14874 -0.965713 -1.04056
12.205 0.97512 0.988159 0.861987 0.61438 0.280221 -0.0934157 -0.453892 -0.750425 -0.941239 -0.999454 -0.916867 -0.705114 -0.394025 -0.0274275 0.343034 0.66517 0.893598 0.996137 0.958343 0.785539 0.50207 0.14787 -0.227162 -0.570191 0.701132 0.388873 0.0218303 -0.348288 -0.66934 -0.896097 -0.996613 -0.956729 -0.782062 -0.49722 -0.14233 0.232611 0.574782 0.835979 0.979404 0.984853 0.851558 0.598297 0.260749 -0.113533 -0.47182 -0.763639 -0.947877 -0.998581 1.15064 0.576415 1.05728 0.168469 0.814983 -0.26321 0.457868 -0.657809 0.0362495 -0.959737 -0.390476 -1.12646 -0.762191 -1.13449 -1.02653 -0.982692 -1.14625 -0.692456 -1.1045 -0.304669 -0.907139 0.12604 -0.581985 0.538992 -0.174842 0.876013 0.256932 1.08962 0.65251 1.14973 0.956163 1.04786 1.12511 0.798374 1.13556 0.436414 0.986033 0.0129726 0.697594 -0.412296 0.310879 -0.779482 -0.119632 -1.03686 -0.533289 -1.14816 -0.871818 -1.09771
12.255 0.936043 0.999838 0.922778 0.715718 0.40783 0.0424869 -0.328841 -0.653843 -0.886733 -0.994701 -0.962538 -0.794774 -0.515044 -0.162756 0.212462 0.557748 0.824459 0.975022 0.988226 0.862211 0.614729 0.280645 -0.0929759 -0.453498 0.791364 0.510237 0.157229 -0.217929 -0.562386 -0.827615 -0.976251 -0.987354 -0.859361 -0.610303 -0.275267 0.0985491 0.458481 0.753823 0.942968 0.99927 0.914796 0.701447 0.38928 0.0222719 -0.347874 -0.669012 -0.895901 -0.996577 1.14453 0.706234 1.10926 0.321361 0.917714 -0.108785 0.596884 -0.523605 0.191967 -0.86466 -0.239995 -1.0839 -0.638146 -1.15045 -0.946397 -1.05492 -1.12132 -0.810779 -1.13827 -0.452415 -0.994871 -0.0303154 -0.711312 0.396055 -0.327545 0.76663 0.102367 1.0292 0.517857 1.14678 0.860392 1.10281 1.08172 0.903472 1.15065 0.576855 1.05749 0.168972 0.815342 -0.262715 0.458334 -0.657392 0.0367577 -0.959456 -0.389997 -1.12635 -0.76181 -1.13457
12.305 0.879666 0.993039 0.966514 0.803829 0.527901 0.177604 -0.197713 -0.545178 -0.815838 -0.971565 -0.99042 -0.869746 -0.626544 -0.295076 0.0779624 0.440017 0.740083 0.935888 0.999846 0.922948 0.716027 0.408233 0.0429282 -0.328424 0.866969 0.62217 0.289721 -0.083543 -0.445038 -0.743837 -0.937845 -0.999732 -0.920778 -0.712107 -0.403116 -0.0373339 0.333707 0.657737 0.889105 0.995218 0.961127 0.791634 0.510617 0.157665 -0.217498 -0.562021 -0.827367 -0.976155 1.11727 0.823 1.14073 0.468313 1.00348 0.0476514 0.724869 -0.379724 0.344136 -0.753604 -0.0850785 -1.02132 -0.502307 -1.14515 -0.848772 -1.10766 -1.07566 -0.914118 -1.15102 -0.5918 -1.06422 -0.186111 -0.827493 0.245798 -0.474193 0.643078 -0.05409 0.949763 0.373633 1.12265 0.74872 1.13738 1.01833 0.991872 1.14448 0.706635 1.10939 0.321849 0.91802 -0.108278 0.597319 -0.523152 0.192468 -0.864325 -0.239497 -1.08373 -0.637723 -1.15047
12.355 0.807032 0.967887 0.992388 0.877083 0.638217 0.309439 -0.0629312 -0.426436 -0.729866 -0.930473 -0.999997 -0.928643 -0.726464 -0.421942 -0.0579777 0.314155 0.642029 0.879456 0.992987 0.966628 0.804091 0.528277 0.178039 -0.19728 0.926552 0.722605 0.41686 0.0523874 -0.319465 -0.646312 -0.882107 -0.993633 -0.965178 -0.80075 -0.523514 -0.172527 0.202766 0.549494 0.81881 0.972773 0.989694 0.867189 0.622516 0.290144 -0.0831028 -0.444642 -0.743542 -0.937692 1.06936 0.924556 1.15112 0.60661 1.07071 0.203207 0.839457 -0.228824 0.489945 -0.628619 0.0714101 -0.939855 -0.357185 -1.11869 -0.73546 -1.13992 -1.01013 -1.00056 -1.14249 -0.720248 -1.1139 -0.338466 -0.928381 0.0909977 -0.612078 0.507642 -0.209547 0.852771 0.222504 1.07776 0.62321 1.15092 0.936119 1.06194 1.11715 0.823355 1.1408 0.468778 1.00373 0.0481594 0.725264 -0.379244 0.344621 -0.753219 -0.0845715 -1.02108 -0.50185 -1.1451
12.405 0.719482 0.924847 0.999921 0.934128 0.736737 0.435555 0.073014 -0.299813 -0.630404 -0.872184 -0.991093 -0.970378 -0.812958 -0.541011 -0.192846 0.182486 0.53211 0.806771 0.967776 0.992442 0.877295 0.638557 0.309859 -0.0624904 0.96901 0.809685 0.536293 0.18735 -0.187988 -0.536842 -0.810066 -0.96917 -0.99174 -0.874594 -0.634238 -0.304531 0.0680773 0.431095 0.733381 0.93235 0.999971 0.926718 0.722911 0.417261 0.0528285 -0.319046 -0.645975 -0.881899 1.00169 1.00902 1.14024 0.733696 1.11814 0.355006 0.938531 -0.0736962 0.626699 -0.492017 0.226579 -0.841023 -0.205461 -1.07155 -0.608556 -1.15111 -0.925919 -1.06851 -1.11284 -0.835384 -1.14299 -0.484566 -1.01211 -0.0654841 -0.738651 0.362823 -0.361132 0.740017 0.0672633 1.01296 0.486182 1.1432 0.836609 1.11238 1.06918 0.924859 1.15112 0.607042 1.07089 0.203707 0.839805 -0.228326 0.490405 -0.628193 0.0719176 -0.939562 -0.356701 -1.11857
12.455 0.618635 0.864714 0.988973 0.973908 0.821641 0.553622 0.20761 -0.16765 -0.519291 -0.797776 -0.963872 -0.994179 -0.884428 -0.65008 -0.324151 0.0474445 0.412356 0.719175 0.924679 0.999915 0.934285 0.737035 0.435953 0.0734545 0.99356 0.881801 0.645816 0.318849 -0.0530362 -0.41745 -0.723054 -0.926796 -0.999972 -0.932275 -0.73324 -0.430907 -0.0678697 0.304729 0.634399 0.874695 0.991766 0.969119 0.809944 0.536666 0.187783 -0.187554 -0.536469 -0.809807 0.915508 1.07484 1.10828 0.847223 1.14491 0.500245 1.02026 0.082794 0.751871 -0.346321 0.37756 -0.726647 -0.04994 -1.0046 -0.470405 -1.14103 -0.8246 -1.11672 -1.06263 -0.935081 -1.15095 -0.621711 -1.07714 -0.220756 -0.851572 0.211299 -0.506042 0.613587 -0.0892209 0.929434 0.340169 1.11434 0.721637 1.14227 1.00144 1.00927 1.14017 0.734088 1.11826 0.35549 0.938825 -0.0731888 0.627125 -0.491557 0.227077 -0.840676 -0.204961 -1.07136
12.505 0.506355 0.7886 0.959748 0.995689 0.891359 0.661456 0.338369 -0.0323878 -0.398582 -0.708624 -0.918837 -0.999605 -0.939552 -0.747136 -0.449464 -0.0884737 0.284981 0.618288 0.864492 0.988908 0.974008 0.821892 0.55399 0.208042 0.999747 0.93762 0.743402 0.444456 0.0828955 -0.290343 -0.622679 -0.867293 -0.989724 -0.972725 -0.81869 -0.54932 -0.202562 0.172732 0.523692 0.800875 0.965232 0.99361 0.882009 0.646153 0.319268 -0.0525952 -0.417049 -0.722749 0.812404 1.1208 1.05584 0.945091 1.15053 0.636238 1.08313 0.237754 0.863147 -0.194225 0.521564 -0.598841 0.106504 -0.919095 -0.32356 -1.10987 -0.708041 -1.14428 -0.992775 -1.0175 -1.13765 -0.747365 -1.12225 -0.371947 -0.948755 0.0558702 -0.641599 0.475817 -0.244056 0.828731 0.187869 1.0649 0.593328 1.15104 0.9152 1.07503 1.10814 0.847567 1.14497 0.500703 1.02049 0.0833011 0.752256 -0.345836 0.378041 -0.726252 -0.049432 -1.00436
12.555 0.384717 0.697911 0.912786 0.999068 0.944604 0.757066 0.462874 0.103473 -0.270505 -0.606375 -0.85682 -0.986558 -0.977311 -0.830383 -0.566471 -0.222757 0.152339 0.505974 0.788328 0.959624 0.99573 0.891559 0.661788 0.338784 0.987457 0.97611 0.82725 0.561849 0.217295 -0.15787 -0.510796 -0.791761 -0.961184 -0.995198 -0.88901 -0.65758 -0.333511 0.0375418 0.403306 0.712253 0.92086 0.999737 0.937773 0.743698 0.444852 0.0833356 -0.289921 -0.622333 0.694285 1.14604 0.983883 1.02549 1.13487 0.760473 1.12599 0.38832 0.95847 -0.0385389 0.655928 -0.459969 0.26098 -0.816599 -0.170735 -1.05819 -0.578397 -1.1507 -0.904575 -1.08111 -1.10332 -0.859207 -1.14663 -0.516265 -1.0284 -0.100592 -0.765299 0.329253 -0.394381 0.712713 0.032097 0.995767 0.454053 1.13854 0.812043 1.12092 1.05563 0.945381 1.15051 0.636662 1.0833 0.238251 0.863483 -0.193724 0.522017 -0.598407 0.10701 -0.918788
12.605 0.255968 0.594324 0.848953 0.983983 0.980392 0.838684 0.578825 0.237421 -0.13743 -0.49292 -0.778968 -0.955277 -0.997008 -0.898283 -0.673009 -0.352923 0.0168821 0.384309 0.697595 0.912605 0.999049 0.944749 0.757355 0.463265 0.956918 0.99656 0.895808 0.668857 0.347679 -0.0224799 -0.389472 -0.701596 -0.91488 -0.999278 -0.942899 -0.753687 -0.458296 -0.098342 0.275467 0.610468 0.859468 0.987387 0.976206 0.827498 0.562214 0.217726 -0.157434 -0.510416 0.563334 1.1501 0.893745 1.08694 1.09825 0.870653 1.14803 0.531709 1.03608 0.117859 0.778169 -0.312595 0.410632 -0.699011 -0.0147547 -0.986951 -0.438063 -1.13585 -0.799657 -1.12474 -1.0486 -0.95517 -1.14981 -0.651041 -1.08905 -0.255194 -0.874855 0.176604 -0.537417 0.583522 -0.124268 0.908235 0.306387 1.105 0.693879 1.14609 0.983619 1.02572 1.13479 0.760855 1.12609 0.388799 0.958752 -0.0380308 0.656346 -0.459502 0.261475 -0.81624
12.655 0.122489 0.479753 0.769431 0.950713 0.99806 0.904802 0.684078 0.366982 -0.00181412 -0.370354 -0.68672 -0.906341 -0.998279 -0.949581 -0.767108 -0.476567 -0.118887 0.255541 0.593969 0.84872 0.983904 0.980479 0.838925 0.579185 0.908693 0.998592 0.947811 0.763505 0.471637 0.113326 -0.26095 -0.598464 -0.851667 -0.984889 -0.979362 -0.835864 -0.574611 -0.232408 0.142536 0.4974 0.782192 0.956789 0.996596 0.896005 0.669186 0.348093 -0.0220383 -0.389065 0.421973 1.13291 0.78709 1.1283 1.04132 0.964742 1.14886 0.665272 1.09454 0.272079 0.886029 -0.159444 0.552695 -0.568504 0.141498 -0.897475 -0.289633 -1.10001 -0.67996 -1.14758 -0.974497 -1.03348 -1.13175 -0.773785 -1.12956 -0.40508 -0.968243 0.0206905 -0.670521 0.443547 -0.278337 0.803917 0.153058 1.05103 0.562891 1.15008 0.893425 1.08711 1.09809 0.870985 1.14807 0.53216 1.0363 0.118365 0.778544 -0.312105 0.411107 -0.698607
12.705 -0.0132543 0.356315 0.675688 0.899871 0.997282 0.954198 0.776688 0.48976 0.133835 -0.240944 -0.581779 -0.840655 -0.9811 -0.98333 -0.84703 -0.591402 -0.252459 0.12205 0.479366 0.769149 0.950575 0.998087 0.90499 0.6844 0.843674 0.982168 0.982297 0.844041 0.586878 0.247038 -0.127605 -0.484272 -0.772715 -0.952299 -0.997725 -0.902594 -0.680307 -0.362179 0.00697124 0.37514 0.690459 0.908508 0.998568 0.947952 0.76379 0.472026 0.113765 -0.260524 0.272812 1.09477 0.665887 1.14881 0.965153 1.041 1.12845 0.786539 1.13277 0.42127 0.977514 -0.00334562 0.684544 -0.42749 0.295136 -0.791411 -0.135849 -1.04384 -0.547697 -1.14921 -0.882386 -1.09269 -1.09277 -0.882228 -1.1492 -0.54748 -1.04374 -0.135605 -0.791232 0.295374 -0.427262 0.684742 -0.00309935 0.977644 0.4215 1.13282 0.786718 1.1284 1.04111 0.965019 1.14882 0.665686 1.0947 0.272573 0.886354 -0.15894 0.553141 -0.568062
12.755 -0.148752 0.226292 0.569458 0.832399 0.978073 0.985958 0.854944 0.603486 0.267011 -0.107081 -0.466087 -0.759432 -0.945789 -0.998905 -0.911298 -0.695308 -0.381365 -0.013696 0.355903 0.675362 0.899678 0.997249 0.95433 0.776966 0.763062 0.947593 0.998628 0.908978 0.691273 0.376183 0.00809743 -0.361129 -0.679481 -0.902108 -0.997649 -0.952642 -0.773429 -0.485257 -0.128722 0.245946 0.585966 0.843436 0.982085 0.982379 0.844278 0.587236 0.247466 -0.127167 0.11861 1.03641 0.532378 1.14808 0.871146 1.09802 1.08719 0.893269 1.15007 0.562676 1.05093 0.152814 0.803741 -0.278576 0.443319 -0.670721 0.0204443 -0.968376 -0.405311 -1.12961 -0.773967 -1.1317 -1.03359 -0.974366 -1.1476 -0.679762 -1.09994 -0.289394 -0.89732 0.141743 -0.56829 0.552911 -0.1592 0.886186 0.272318 1.09462 0.665472 1.14884 0.964876 1.04122 1.12835 0.78691 1.13286 0.421744 0.977782 -0.00283718 0.684952 -0.427018
12.805 -0.281501 0.0920872 0.452703 0.749542 0.940788 0.999497 0.917399 0.706059 0.395251 0.0287612 -0.341781 -0.664173 -0.892998 -0.996019 -0.958723 -0.786364 -0.503223 -0.149189 0.225862 0.569094 0.832154 0.977981 0.986032 0.855173 0.668348 0.895504 0.996503 0.957116 0.782893 0.498377 0.143651 -0.231313 -0.573689 -0.835246 -0.979134 -0.985084 -0.852257 -0.599366 -0.262037 0.112207 0.470644 0.762777 0.947451 0.998651 0.909162 0.691593 0.376593 0.00853911 -0.0377846 0.958888 0.38903 1.12614 0.761039 1.13475 1.02583 0.983491 1.14611 0.693683 1.10493 0.30615 0.908083 -0.124513 0.58331 -0.537635 0.17636 -0.875015 -0.255434 -1.08913 -0.651244 -1.1498 -0.955307 -1.0485 -1.12479 -0.79948 -1.13581 -0.437835 -0.986825 -0.0145085 -0.698815 0.410862 -0.312358 0.778351 0.118104 1.03619 0.531928 1.14805 0.870814 1.09817 1.08702 0.89359 1.15009 0.56312 1.05114 0.153318 0.804104 -0.278083
12.855 -0.409048 -0.04382 0.327581 0.652833 0.886115 0.994563 0.962899 0.795583 0.516187 0.164072 -0.211158 -0.55664 -0.823703 -0.974725 -0.98843 -0.862886 -0.615781 -0.281925 0.0916473 0.452309 0.74925 0.940638 0.999511 0.917574 0.561282 0.826865 0.975961 0.987565 0.860043 0.61136 0.276549 -0.0972212 -0.457295 -0.752946 -0.942523 -0.99932 -0.915334 -0.702398 -0.390509 -0.0236058 0.346623 0.66802 0.895307 0.996466 0.957244 0.783167 0.49876 0.144088 -0.193481 0.863646 0.238492 1.08339 0.636867 1.1505 0.945521 1.05554 1.12097 0.811869 1.1385 0.453827 0.995643 0.0318508 0.712519 -0.394612 0.329017 -0.765483 -0.100837 -1.02851 -0.516485 -1.14665 -0.859371 -1.10325 -1.08119 -0.904423 -1.15069 -0.578184 -1.05809 -0.170491 -0.816425 0.261219 -0.459743 0.65613 -0.0382928 0.958607 0.388552 1.12604 0.760658 1.13483 1.0256 0.983755 1.14606 0.694088 1.10507 0.30664 0.908396 -0.124008
12.905 -0.529034 -0.178917 0.196405 0.544058 0.815066 0.971248 0.990603 0.870404 0.627583 0.29635 -0.0766321 -0.438819 -0.739185 -0.935417 -0.999869 -0.923461 -0.716958 -0.409451 -0.0442613 0.327164 0.652498 0.88591 0.994517 0.963018 0.443843 0.742944 0.937382 0.999762 0.921298 0.713043 0.404336 0.0386672 -0.332449 -0.656731 -0.888494 -0.995087 -0.961494 -0.792448 -0.511763 -0.158982 0.216196 0.560917 0.826617 0.975864 0.987634 0.860268 0.611709 0.276973 -0.345601 0.752442 0.0835467 1.02061 0.500925 1.14499 0.847733 1.10807 1.07511 0.91505 1.15104 0.593117 1.0648 0.187626 0.82856 -0.244297 0.475593 -0.641804 0.0556242 -0.948895 -0.37218 -1.12231 -0.747553 -1.13761 -1.01761 -0.99265 -1.14431 -0.707847 -1.1098 -0.323324 -0.918946 0.106749 -0.598631 0.521783 -0.193982 0.86331 0.237995 1.08321 0.636444 1.15052 0.945231 1.05574 1.12086 0.812229 1.13858 0.454294 0.995898 0.0323591
12.955 -0.639243 -0.310708 0.0615995 0.425229 0.728953 0.929983 0.999999 0.929137 0.72738 0.423151 0.0593097 -0.312887 -0.641006 -0.87882 -0.992828 -0.966968 -0.804884 -0.529409 -0.179352 0.195972 0.543688 0.81481 0.971143 0.990663 0.3182 0.645293 0.881478 0.993482 0.965526 0.801549 0.524651 0.173841 -0.201459 -0.548378 -0.818043 -0.972463 -0.989884 -0.867853 -0.62356 -0.291421 0.0817731 0.443447 0.742649 0.937228 0.999772 0.92147 0.713353 0.40474 -0.491334 0.627332 -0.0729431 0.938967 0.355724 1.11832 0.734278 1.14013 1.00939 1.00132 1.1423 0.721445 1.11428 0.339934 0.929288 -0.0894664 0.613379 -0.506263 0.211057 -0.851738 -0.220997 -1.07722 -0.621918 -1.15095 -0.935225 -1.06253 -1.11678 -0.824428 -1.141 -0.47018 -1.00448 -0.0496939 -0.726456 0.377793 -0.346086 0.752057 0.0830396 1.02037 0.500467 1.14494 0.847389 1.10821 1.07493 0.915359 1.15104 0.593553 1.06499 0.188128
13.005 -0.737638 -0.436756 -0.0743447 0.29854 0.629368 0.871531 0.990914 0.9707 0.813735 0.542132 0.194155 -0.181174 -0.530979 -0.805982 -0.967439 -0.992605 -0.877935 -0.639583 -0.311128 0.0611586 0.424829 0.72865 0.929821 1 0.186677 0.535716 0.809283 0.968841 0.99191 0.875241 0.635269 0.305802 -0.066746 -0.429891 -0.732473 -0.931867 -0.99998 -0.927218 -0.723832 -0.418473 -0.0541609 0.317782 0.644955 0.881269 0.993432 0.965641 0.801813 0.525027 -0.627987 0.490628 -0.228085 0.839973 0.203949 1.07099 0.607252 1.15112 0.925005 1.06908 1.11245 0.83644 1.14317 0.485959 1.01284 0.0670175 0.739828 -0.361365 0.36259 -0.73884 -0.06573 -1.01223 -0.48479 -1.14302 -0.835553 -1.11278 -1.06861 -0.925772 -1.15111 -0.608347 -1.07146 -0.205219 -0.840855 0.22682 -0.491794 0.626905 -0.0734505 0.938673 0.355241 1.1182 0.733886 1.1402 1.00914 1.00157 1.14223 0.721841 1.11441 0.34042
13.055 -0.8224 -0.554732 -0.208915 0.166334 0.518151 0.796971 0.963515 0.994322 0.88505 0.651094 0.325413 -0.0461116 -0.41114 -0.718248 -0.92417 -0.999897 -0.93476 -0.737936 -0.437153 -0.0747852 0.298119 0.629024 0.871314 0.990855 0.0517038 0.416237 0.722132 0.926294 0.999962 0.932756 0.734146 0.432111 0.0692008 -0.303458 -0.633367 -0.874048 -0.991595 -0.969447 -0.810726 -0.537792 -0.189094 0.186243 0.535343 0.809024 0.968731 0.991966 0.875454 0.63561 -0.753033 0.344856 -0.379011 0.725455 0.0484054 1.00385 0.469003 1.14083 0.823528 1.11709 1.06204 0.935976 1.15093 0.623003 1.07768 0.222263 0.852605 -0.209789 0.507421 -0.612287 0.0907522 -0.928527 -0.338702 -1.11396 -0.72044 -1.14246 -1.00068 -1.01001 -1.13995 -0.735271 -1.11863 -0.356951 -0.939713 0.0716559 -0.628413 0.490168 -0.228583 0.839626 0.203449 1.0708 0.60682 1.15112 0.924703 1.06927 1.11232 0.836789 1.14323 0.48642
13.105 -0.891963 -0.662456 -0.339624 0.0310542 0.397357 0.707682 0.918309 0.999567 0.940008 0.748022 0.450656 0.0898027 -0.283702 -0.617239 -0.863821 -0.988709 -0.97431 -0.822652 -0.5551 -0.209347 0.165899 0.517773 0.796704 0.963397 -0.0842251 0.289066 0.621634 0.866628 0.989532 0.973034 0.819456 0.550434 0.203869 -0.171417 -0.522555 -0.800075 -0.964883 -0.993759 -0.882637 -0.647171 -0.320532 0.0512627 0.415836 0.721826 0.926128 0.999958 0.932916 0.734446 -0.864162 0.192711 -0.522933 0.597529 -0.108033 0.918169 0.322086 1.10946 0.70683 1.14445 0.991997 1.01821 1.13741 0.748533 1.12259 0.3734 0.949624 -0.054336 0.642874 -0.474418 0.245557 -0.827664 -0.186354 -1.06431 -0.592011 -1.15102 -0.914267 -1.07558 -1.10772 -0.848605 -1.14513 -0.502086 -1.0212 -0.0848329 -0.753418 0.344371 -0.379491 0.72506 0.0478974 1.0036 0.468538 1.14076 0.823172 1.11721 1.06184 0.936272 1.15092 0.623431
13.155 -0.945041 -0.757937 -0.464056 -0.1048 0.26922 0.605314 0.856131 0.986339 0.977593 0.831125 0.56757 0.224057 -0.15102 -0.504823 -0.787507 -0.959248 -0.995852 -0.892163 -0.662787 -0.340039 0.0306127 0.396952 0.70737 0.918134 -0.218597 0.156553 0.509648 0.790945 0.960815 0.995327 0.88962 0.658584 0.334769 -0.0362084 -0.402085 -0.711316 -0.920338 -0.999705 -0.938236 -0.744589 -0.446046 -0.0846652 0.288643 0.621288 0.866407 0.989469 0.973135 0.819709 -0.95932 0.0370038 -0.65719 0.45856 -0.262475 0.815515 0.169216 1.05758 0.577068 1.15066 0.903624 1.08163 1.10288 0.860229 1.14676 0.517637 1.02909 0.102122 0.766446 -0.327781 0.395824 -0.711506 -0.0305616 -0.994995 -0.452641 -1.13831 -0.810954 -1.12126 -1.05502 -0.946256 -1.15046 -0.637941 -1.08382 -0.239754 -0.864498 0.192209 -0.523385 0.597095 -0.108539 0.917862 0.321597 1.10932 0.706428 1.1445 0.991739 1.01845 1.13733 0.748919
13.205 -0.980654 -0.83941 -0.579912 -0.238717 0.136108 0.491758 0.778131 0.954881 0.99711 0.898868 0.673995 0.354171 -0.015548 -0.383077 -0.696638 -0.912059 -0.99899 -0.945186 -0.758225 -0.464447 -0.105239 0.268795 0.604962 0.855903 -0.34893 0.0211459 0.388242 0.700644 0.91434 0.999226 0.943343 0.754563 0.459482 0.0996698 -0.274184 -0.609411 -0.858785 -0.987175 -0.976494 -0.828246 -0.563317 -0.219028 0.156116 0.509268 0.790675 0.960693 0.99537 0.889822 -1.03675 -0.119387 -0.779301 0.311116 -0.412066 0.69779 0.0132189 0.98616 0.436642 1.1356 0.798552 1.12506 1.04796 0.956026 1.14974 0.652307 1.08954 0.256692 0.875853 -0.175086 0.538775 -0.582197 0.125795 -0.90729 -0.304906 -1.10457 -0.692653 -1.14623 -0.98282 -1.02642 -1.13453 -0.762007 -1.12641 -0.390244 -0.959601 0.0364956 -0.657607 0.458094 -0.26297 0.815156 0.168713 1.05738 0.576628 1.15064 0.903309 1.08181 1.10273 0.860567
13.255 -0.998142 -0.905369 -0.68505 -0.368222 0.000479818 0.369114 0.685749 0.905776 0.9982 0.949999 0.767964 0.477739 0.120212 -0.254251 -0.592895 -0.848013 -0.983665 -0.98074 -0.83965 -0.580272 -0.239146 0.13567 0.491374 0.777853 -0.472813 -0.114652 0.259662 0.597394 0.850967 0.984658 0.979631 0.836596 0.575703 0.233706 -0.141215 -0.496242 -0.781359 -0.9564 -0.996705 -0.896596 -0.670177 -0.349344 0.0207043 0.387835 0.700329 0.914161 0.999209 0.943489 -1.09502 -0.273571 -0.887009 0.157922 -0.554042 0.567168 -0.143022 0.896512 0.288146 1.09956 0.67872 1.1477 0.973678 1.03415 1.13147 0.774921 1.12986 0.406518 0.969073 -0.0191548 0.671769 -0.442129 0.279827 -0.802817 -0.151536 -1.05041 -0.561551 -1.15001 -0.892455 -1.08761 -1.09763 -0.871989 -1.14818 -0.533522 -1.03697 -0.119893 -0.779675 0.310627 -0.412541 0.697385 0.0127105 0.985898 0.436171 1.13552 0.798185 1.12517 1.04775 0.956309
13.305 -0.997183 -0.954596 -0.777528 -0.490922 -0.135157 0.239649 0.580694 0.839931 0.980841 0.983572 0.847739 0.592478 0.25375 -0.120726 -0.478194 -0.768295 -0.95016 -0.998169 -0.905557 -0.685372 -0.368633 3.8126e-05 0.368704 0.685427 -0.587958 -0.24833 0.126282 0.483104 0.771867 0.951891 0.997814 0.903167 0.681284 0.363423 -0.00563697 -0.373903 -0.689493 -0.90795 -0.998496 -0.948376 -0.76465 -0.473202 -0.11509 0.259235 0.59704 0.850735 0.98458 0.97972 -1.13305 -0.422699 -0.978324 0.00180967 -0.685778 0.426064 -0.29662 0.790295 0.134324 1.04319 0.546345 1.14912 0.881399 1.09317 1.09228 0.883213 1.14929 0.548831 1.04438 0.13713 0.792347 -0.293889 0.428687 -0.683506 0.00463529 -0.976832 -0.42007 -1.13254 -0.785596 -1.1287 -1.04045 -0.965856 -1.14873 -0.666939 -1.09517 -0.274065 -0.887333 0.157419 -0.554487 0.566725 -0.143527 0.896193 0.287653 1.09941 0.67831 1.14774 0.973407 1.03438
13.355 -0.977794 -0.98618 -0.855635 -0.604549 -0.268296 0.105754 0.464906 0.758563 0.945355 0.998967 0.911846 0.696267 0.382598 0.0150301 -0.354655 -0.674378 -0.899095 -0.99715 -0.954727 -0.777805 -0.491307 -0.135595 0.23922 0.580334 -0.692237 -0.377419 -0.00943169 0.359885 0.678501 0.901532 0.997556 0.953047 0.774274 0.486423 0.130045 -0.244653 -0.584884 -0.842719 -0.981833 -0.982628 -0.844992 -0.588315 -0.248758 0.125844 0.482717 0.771586 0.951755 0.997843 -1.15014 -0.564016 -1.05156 -0.154336 -0.804839 0.277085 -0.444737 0.669472 -0.02198 0.967545 0.403873 1.12931 0.772829 1.13198 1.03291 0.975183 1.14748 0.681001 1.10039 0.290881 0.898282 -0.140218 0.569625 -0.551563 0.160721 -0.885205 -0.270826 -1.09414 -0.664219 -1.14894 -0.964038 -1.04187 -1.12804 -0.78803 -1.13314 -0.423172 -0.978592 0.00130123 -0.686186 0.425591 -0.297112 0.789925 0.133819 1.04298 0.545898 1.14909 0.881071 1.09333
13.405 -0.940335 -0.999538 -0.917929 -0.707003 -0.396477 -0.030095 0.340526 0.663175 0.892397 0.995899 0.959102 0.787187 0.504376 0.150508 -0.224562 -0.567997 -0.831413 -0.977702 -0.986253 -0.855863 -0.604901 -0.268722 0.105315 0.464515 -0.783722 -0.499533 -0.144971 0.230014 0.572596 0.834511 0.978862 0.985313 0.852954 0.600433 0.263324 -0.110881 -0.469466 -0.761913 -0.947024 -0.998719 -0.909717 -0.692556 -0.377828 -0.00987336 0.359473 0.678177 0.901341 0.997525 -1.14597 -0.694908 -1.10536 -0.30763 -0.909026 0.122986 -0.584633 0.536276 -0.177878 0.874017 0.253936 1.08863 0.649977 1.14987 0.954449 1.04913 1.12446 0.800584 1.13606 0.439255 0.987615 0.0160443 0.700035 -0.409427 0.313836 -0.777219 -0.116576 -1.03552 -0.530565 -1.14793 -0.869809 -1.09863 -1.08652 -0.894557 -1.15016 -0.564459 -1.05176 -0.15484 -0.805203 0.276592 -0.445205 0.669058 -0.0224884 0.967269 0.403397 1.12921 0.772452 1.13207
13.455 -0.885496 -0.994423 -0.963258 -0.796391 -0.51733 -0.165388 0.209853 0.555531 0.822946 0.974426 0.988631 0.86356 0.616831 0.283205 -0.0903186 -0.451118 -0.748365 -0.940184 -0.999552 -0.918104 -0.707316 -0.396882 -0.0305365 0.340111 -0.860723 -0.612415 -0.277831 0.0958931 0.456108 0.752067 0.942077 0.999368 0.915871 0.703347 0.391737 0.0249398 -0.345371 -0.667026 -0.894712 -0.996353 -0.957629 -0.783996 -0.499916 -0.145408 0.229585 0.572234 0.834268 0.978772 -1.12062 -0.812957 -1.13873 -0.455238 -0.996413 -0.0333862 -0.713725 0.393169 -0.330488 0.764336 0.0993067 1.02782 0.515112 1.14651 0.858349 1.10369 1.08066 0.905372 1.15074 0.579511 1.05869 0.17201 0.817507 -0.259723 0.46115 -0.654868 0.0398279 -0.957755 -0.387106 -1.12572 -0.759504 -1.13509 -1.02491 -0.984552 -1.14592 -0.695313 -1.1055 -0.30812 -0.909338 0.122481 -0.585071 0.535826 -0.17838 0.873686 0.253441 1.08846 0.649557 1.1499
13.505 -0.814292 -0.97093 -0.990785 -0.87106 -0.628621 -0.297624 0.0753017 0.437619 0.738286 0.934944 0.999889 0.923972 0.717887 0.410668 0.0455942 -0.325902 -0.651487 -0.885291 -0.994377 -0.963377 -0.796658 -0.517708 -0.165824 0.209421 -0.921816 -0.713978 -0.405556 -0.0400005 0.331191 0.655724 0.88788 0.994954 0.96186 0.793261 0.512909 0.1603 -0.214893 -0.559811 -0.825865 -0.975572 -0.987843 -0.860948 -0.612764 -0.278255 0.0954534 0.455715 0.751776 0.941929 -1.07457 -0.915981 -1.15105 -0.594433 -1.06538 -0.189141 -0.829626 0.242796 -0.476991 0.640528 -0.0571583 0.948024 0.370726 1.12196 0.746384 1.13784 1.01689 0.993427 1.14414 0.709058 1.11021 0.324797 0.91987 -0.10522 0.599943 -0.520414 0.195496 -0.862293 -0.236492 -1.08269 -0.635163 -1.15057 -0.944354 -1.05635 -1.12051 -0.813317 -1.1388 -0.455705 -0.996668 -0.0338944 -0.714124 0.392691 -0.330975 0.763955 0.0988002 1.02759 0.514657 1.14647
13.555 -0.728039 -0.929492 -1 -0.92963 -0.728295 -0.42436 -0.0606416 0.31162 0.639981 0.878183 0.992668 0.967308 0.805675 0.53054 0.180664 -0.194663 -0.542567 -0.814036 -0.970824 -0.990844 -0.871277 -0.628965 -0.298046 0.0748612 -0.965873 -0.802346 -0.525786 -0.175155 0.200152 0.547262 0.817275 0.972151 0.990073 0.868515 0.624602 0.292697 -0.0804432 -0.442251 -0.741754 -0.936761 -0.999799 -0.921987 -0.714287 -0.40596 -0.0404418 0.330774 0.655391 0.887677 -1.00865 -1.00208 -1.14211 -0.722641 -1.11467 -0.341401 -0.930194 0.0879351 -0.614678 0.504883 -0.212567 0.850704 0.21949 1.07668 0.620625 1.15097 0.934328 1.06312 1.1164 0.825499 1.1412 0.471582 1.00523 0.0512284 0.727647 -0.376342 0.347551 -0.750894 -0.0815076 -1.01966 -0.499083 -1.14478 -0.846349 -1.10863 -1.07438 -0.916289 -1.15106 -0.594868 -1.06558 -0.189643 -0.829978 0.242299 -0.477454 0.640106 -0.0576662 0.947736 0.370245 1.12185
13.605 -0.62833 -0.870876 -0.990734 -0.971019 -0.814509 -0.543253 -0.195464 0.179861 0.529848 0.805191 0.9671 0.992766 0.878573 0.640608 0.312396 -0.0598267 -0.423621 -0.727736 -0.929329 -1 -0.929793 -0.728598 -0.42476 -0.0610825 -0.992078 -0.875885 -0.636299 -0.307072 0.0654146 0.428686 0.731564 0.931382 0.999988 0.927717 0.724752 0.419685 0.0554931 -0.316516 -0.643935 -0.880638 -0.993278 -0.965987 -0.80261 -0.526162 -0.17559 0.199719 0.546892 0.81702 -0.92409 -1.06965 -1.11205 -0.837494 -1.14335 -0.487351 -1.01357 -0.0685508 -0.741005 0.359907 -0.364047 0.737661 0.0641965 1.0115 0.483396 1.14283 0.834496 1.11317 1.06803 0.926684 1.15111 0.60965 1.07202 0.20673 0.841903 -0.225314 0.493182 -0.625617 0.0749832 -0.937783 -0.353779 -1.11784 -0.732702 -1.14041 -1.0084 -1.00233 -1.14204 -0.723037 -1.11479 -0.341887 -0.930493 0.0874281 -0.615108 0.504426 -0.213067 0.850362 0.218991 1.0765
13.655 -0.517009 -0.796164 -0.963157 -0.994463 -0.88567 -0.652106 -0.326674 0.0447787 0.409923 0.717319 0.923659 0.999877 0.935233 0.738836 0.438353 0.0761157 -0.296845 -0.627986 -0.870658 -0.990674 -0.971125 -0.814766 -0.543624 -0.195897 -0.999949 -0.933237 -0.735052 -0.433314 -0.0705319 0.302187 0.632334 0.873399 0.991421 0.969774 0.811507 0.538916 0.190404 -0.184932 -0.534215 -0.808239 -0.968399 -0.992134 -0.876098 -0.63664 -0.307492 0.0649739 0.428287 0.731263 -0.822454 -1.11746 -1.06144 -0.936869 -1.1509 -0.624294 -1.07821 -0.22377 -0.853636 0.208279 -0.508799 0.610986 -0.0922832 0.927618 0.337233 1.11357 0.719241 1.14264 0.999924 1.01074 1.13974 0.736452 1.11899 0.358411 0.940599 -0.0701229 0.629699 -0.488777 0.230088 -0.838574 -0.201937 -1.07023 -0.605514 -1.15112 -0.923787 -1.06984 -1.11192 -0.837843 -1.14341 -0.487812 -1.01381 -0.0690583 -0.741394 0.359424 -0.364529 0.737271 0.0636888 1.01125
13.705 -0.396133 -0.706738 -0.91778 -0.999527 -0.940462 -0.748907 -0.451847 -0.0911316 0.282422 0.616189 0.863148 0.988508 0.974609 0.82341 0.556209 0.210651 -0.164583 -0.516631 -0.795897 -0.963038 -0.994509 -0.885875 -0.652441 -0.327092 -0.989339 -0.97334 -0.82022 -0.551548 -0.205175 0.170103 0.521416 0.799274 0.964531 0.993907 0.883264 0.648187 0.321796 -0.0499301 -0.414622 -0.720902 -0.925623 -0.999944 -0.933395 -0.735351 -0.433712 -0.0709725 0.301766 0.631991 -0.705617 -1.14461 -0.991217 -1.01893 -1.13718 -0.749699 -1.12293 -0.374853 -0.950492 0.0528018 -0.644148 0.473018 -0.247057 0.826596 0.184838 1.06373 0.590693 1.151 0.913333 1.07612 1.1073 0.849642 1.14528 0.503467 1.02191 0.0863646 0.754578 -0.342905 0.380941 -0.723867 -0.0463628 -1.00285 -0.467135 -1.14056 -0.822098 -1.11758 -1.06125 -0.937164 -1.15089 -0.624721 -1.07839 -0.224268 -0.853977 0.207779 -0.509255 0.610555 -0.09279 0.927317
13.755 -0.267935 -0.604251 -0.855441 -0.986118 -0.977873 -0.831866 -0.568668 -0.225358 0.149701 0.503671 0.786684 0.95887 0.995973 0.892765 0.663786 0.341294 -0.029279 -0.395727 -0.706426 -0.917605 -0.999513 -0.940612 -0.749199 -0.452241 -0.960444 -0.995455 -0.890229 -0.659588 -0.336026 0.0348749 0.400863 0.710378 0.919816 0.999672 0.938697 0.745479 0.44724 0.0859947 -0.287366 -0.620242 -0.86574 -0.989275 -0.973442 -0.820472 -0.551916 -0.205607 0.169667 0.52104 -0.575739 -1.15061 -0.902672 -1.08216 -1.10244 -0.861249 -1.1469 -0.519008 -1.02978 -0.103651 -0.767591 0.326308 -0.397266 0.710298 0.0290262 0.994222 0.451229 1.13808 0.809863 1.12161 1.05441 0.94713 1.15041 0.639219 1.08434 0.241256 0.865511 -0.190695 0.524753 -0.595781 0.110068 -0.916934 -0.320122 -1.10891 -0.705215 -1.14467 -0.990958 -1.01917 -1.1371 -0.750085 -1.12304 -0.375334 -0.950778 0.0522938 -0.644569 0.472554 -0.247554 0.826242
13.805 -0.134786 -0.490596 -0.777292 -0.954484 -0.997211 -0.899452 -0.67498 -0.355419 0.0142139 0.381844 0.69568 0.911511 0.998929 0.945621 0.759095 0.465629 0.106566 -0.26751 -0.603899 -0.855212 -0.986045 -0.977965 -0.832112 -0.569032 -0.913799 -0.999173 -0.943785 -0.755438 -0.460667 -0.100997 0.2729 0.608352 0.8581 0.986961 0.976781 0.828993 0.564419 0.22033 -0.154798 -0.508119 -0.789857 -0.960321 -0.995497 -0.89043 -0.65992 -0.336442 0.0344335 0.400458 -0.43522 -1.13535 -0.797445 -1.12539 -1.04733 -0.956881 -1.14966 -0.653572 -1.09004 -0.258189 -0.876849 0.173567 -0.540132 0.580872 -0.127322 0.906344 0.303425 1.10413 0.691426 1.14637 0.98202 1.02711 1.13427 0.763157 1.12672 0.391689 0.960449 -0.0349604 0.658867 -0.456684 0.264465 -0.814071 -0.167193 -1.05677 -0.575298 -1.1506 -0.902356 -1.08233 -1.10229 -0.861586 -1.14694 -0.519462 -1.03001 -0.104158 -0.76797 0.32582 -0.397743 0.709898
13.855 0.000854487 -0.367874 -0.684777 -0.90521 -0.998119 -0.950415 -0.768818 -0.478911 -0.121536 0.25296 0.59182 0.847305 0.983424 0.981 0.840374 0.581358 0.240441 -0.134348 -0.490211 -0.777014 -0.954352 -0.997244 -0.899645 -0.675306 -0.850266 -0.984424 -0.979898 -0.837326 -0.576793 -0.235003 0.139894 0.495083 0.780526 0.95601 0.996813 0.897186 0.671166 0.350593 -0.0193703 -0.386605 -0.699376 -0.91362 -0.999155 -0.943931 -0.755727 -0.461059 -0.101437 0.272475 -0.286658 -1.0991 -0.677479 -1.14782 -0.972858 -1.03483 -1.13118 -0.776056 -1.13015 -0.407954 -0.969901 0.0176191 -0.673015 0.44071 -0.281317 0.801715 0.150013 1.04978 0.560209 1.14995 0.891484 1.08811 1.09717 0.872991 1.14829 0.534882 1.03764 0.12142 0.780804 -0.309147 0.413975 -0.696163 -0.0111746 -0.985104 -0.43475 -1.13527 -0.797078 -1.12549 -1.04712 -0.957163 -1.14964 -0.65399 -1.0902 -0.258684 -0.877178 0.173065 -0.540581 0.580433
13.905 0.136479 -0.238353 -0.579607 -0.839206 -0.98058 -0.983812 -0.848446 -0.593552 -0.25504 0.119401 0.477022 0.76744 0.949743 0.998248 0.906122 0.686343 0.369873 0.00129618 -0.367463 -0.684455 -0.905022 -0.998092 -0.950552 -0.7691 -0.771018 -0.951481 -0.997902 -0.903739 -0.68226 -0.364665 0.00430268 0.372665 0.688526 0.90739 0.998422 0.948798 0.765509 0.474377 0.116416 -0.257946 -0.595969 -0.850033 -0.984346 -0.979986 -0.837568 -0.577154 -0.235432 0.139457 -0.132799 -1.04254 -0.544993 -1.14903 -0.88041 -1.09365 -1.0918 -0.884198 -1.14937 -0.55018 -1.04503 -0.138655 -0.79346 0.292404 -0.430113 0.68227 -0.00617122 0.976019 0.41864 1.13227 0.784473 1.12901 1.03979 0.96669 1.14863 0.66819 1.09564 0.275557 0.888311 -0.155897 0.555833 -0.565388 0.145051 -0.895228 -0.286166 -1.09895 -0.677068 -1.14785 -0.972586 -1.03505 -1.13109 -0.776432 -1.13024 -0.40843 -0.970174 0.0171107 -0.673428 0.440241
13.955 0.269581 -0.104427 -0.463724 -0.757693 -0.944919 -0.999027 -0.912393 -0.697224 -0.383831 -0.0163643 0.353408 0.673392 0.89851 0.997048 0.955124 0.778643 0.492469 0.136917 -0.237924 -0.579247 -0.838966 -0.980494 -0.983891 -0.848679 -0.677521 -0.900954 -0.997462 -0.95345 -0.775118 -0.487588 -0.131368 0.243359 0.583802 0.842 0.981579 0.982874 0.845705 0.589394 0.25005 -0.12452 -0.481548 -0.770737 -0.951345 -0.99793 -0.903928 -0.682583 -0.365077 0.00386099 0.0235157 -0.966712 -0.402434 -1.12901 -0.77169 -1.13226 -1.03223 -0.975998 -1.14735 -0.682238 -1.10084 -0.292366 -0.899241 0.138694 -0.570959 0.550215 -0.162241 0.884223 0.269333 1.09366 0.662964 1.14903 0.963197 1.04252 1.12774 0.789149 1.1334 0.4246 0.9794 0.000234711 0.687419 -0.424164 0.298595 -0.788807 -0.132293 -1.04232 -0.544545 -1.149 -0.880082 -1.09381 -1.09163 -0.884523 -1.1494 -0.550627 -1.04524 -0.13916 -0.793829 0.291912
14.005 0.397701 0.0314286 -0.339272 -0.662176 -0.891794 -0.995778 -0.959478 -0.78801 -0.505527 -0.151827 0.223262 0.566898 0.830671 0.977421 0.986473 0.856553 0.605963 0.270007 -0.103988 -0.463333 -0.757404 -0.944774 -0.999046 -0.912574 -0.571501 -0.833775 -0.978588 -0.98554 -0.85365 -0.6015 -0.264611 0.109555 0.468287 0.761048 0.946594 0.998786 0.91027 0.693518 0.379063 0.0112076 -0.358227 -0.677196 -0.900762 -0.997431 -0.953583 -0.775397 -0.487974 -0.131806 0.179395 -0.873016 -0.252438 -1.08813 -0.648708 -1.14994 -0.95359 -1.04976 -1.12413 -0.801687 -1.13631 -0.440674 -0.988403 -0.0175801 -0.701254 0.407991 -0.315313 0.776085 0.115048 1.03485 0.529201 1.14782 0.868802 1.09909 1.08601 0.895523 1.15022 0.565797 1.05239 0.156362 0.8063 -0.275101 0.446621 -0.667808 0.024024 -0.966435 -0.401958 -1.12891 -0.771313 -1.13235 -1.03201 -0.976267 -1.14731 -0.682648 -1.10099 -0.292858 -0.899559 0.138189
14.055 0.518471 0.166704 -0.208548 -0.554421 -0.822187 -0.974126 -0.988831 -0.864232 -0.617881 -0.284485 0.0889896 0.449927 0.74748 0.939729 0.999591 0.918632 0.708258 0.398106 0.0318701 -0.338856 -0.661845 -0.891594 -0.995737 -0.959603 -0.45492 -0.751187 -0.941628 -0.999415 -0.916405 -0.704295 -0.392964 -0.0262736 0.344118 0.666031 0.894115 0.996238 0.958012 0.784824 0.501071 0.146728 -0.228286 -0.571139 -0.833531 -0.978497 -0.985614 -0.85388 -0.601853 -0.265037 0.331959 -0.763186 -0.0977764 -1.02713 -0.513738 -1.14638 -0.857324 -1.10412 -1.08013 -0.90632 -1.15077 -0.580838 -1.0593 -0.173529 -0.818588 0.258227 -0.462557 0.653604 -0.0413629 0.956903 0.385659 1.12539 0.75835 1.13534 1.02421 0.985347 1.14577 0.696536 1.10593 0.309599 0.910279 -0.120953 0.586393 -0.534466 0.179897 -0.872685 -0.251942 -1.08796 -0.648288 -1.14997 -0.953305 -1.04997 -1.12402 -0.802052 -1.13639 -0.441144 -0.988663 -0.0180884
14.105 0.629659 0.298898 -0.0739711 -0.436419 -0.737385 -0.93447 -0.999908 -0.924481 -0.718815 -0.411884 -0.0469271 0.324641 0.650474 0.884669 0.994234 0.963733 0.797464 0.518849 0.167139 -0.208116 -0.554053 -0.821936 -0.974026 -0.988897 -0.329931 -0.654716 -0.887266 -0.994819 -0.962224 -0.794073 -0.514054 -0.161617 0.213589 0.558705 0.825112 0.975278 0.988049 0.861626 0.613818 0.279537 -0.0941252 -0.454527 -0.750896 -0.94148 -0.99943 -0.916582 -0.704608 -0.39337 0.478388 -0.639252 0.0586923 -0.947152 -0.369272 -1.12162 -0.745214 -1.13808 -1.01617 -0.994202 -1.14397 -0.710267 -1.11061 -0.326271 -0.920793 0.10369 -0.601253 0.519043 -0.197009 0.861275 0.234989 1.08217 0.633882 1.15061 0.943475 1.05696 1.12015 0.814403 1.13903 0.457115 0.997435 0.0354296 0.715328 -0.391247 0.332446 -0.762806 -0.0972698 -1.0269 -0.513283 -1.14633 -0.856985 -1.10426 -1.07996 -0.906633 -1.15079 -0.581277 -1.0595 -0.174031
14.155 0.729209 0.425568 0.0619734 -0.310352 -0.638955 -0.877544 -0.992506 -0.967645 -0.806465 -0.531671 -0.181977 0.193355 0.541446 0.81326 0.970503 0.991024 0.871931 0.630002 0.299319 -0.0735306 -0.436022 -0.737087 -0.934313 -0.999914 -0.198845 -0.546145 -0.816505 -0.971838 -0.99026 -0.869176 -0.625644 -0.293972 0.0791131 0.441053 0.740859 0.936294 0.999825 0.922503 0.715221 0.407179 0.041775 -0.329514 -0.654382 -0.887062 -0.994774 -0.962344 -0.794341 -0.514433 0.615976 -0.503502 0.214076 -0.849669 -0.217982 -1.07614 -0.619331 -1.151 -0.93343 -1.06371 -1.11603 -0.826569 -1.1414 -0.472982 -1.00598 -0.0527628 -0.728836 0.37489 -0.349015 0.749729 0.0799754 1.01895 0.497699 1.14462 0.845307 1.10904 1.07383 0.917218 1.15107 0.596182 1.06616 0.191158 0.831042 -0.240797 0.478851 -0.638829 0.0592001 -0.946863 -0.36879 -1.12151 -0.744827 -1.13815 -1.01593 -0.994458 -1.14392 -0.710667 -1.11075 -0.326758
14.205 0.815283 0.544373 0.196773 -0.178549 -0.528716 -0.804399 -0.96676 -0.992926 -0.879209 -0.641632 -0.313663 0.0584948 0.422412 0.72682 0.928835 0.999998 0.930283 0.729511 0.425968 0.0624142 -0.309932 -0.638615 -0.877332 -0.992452 -0.0640831 -0.42748 -0.730654 -0.930895 -0.999993 -0.928214 -0.72567 -0.420895 -0.0568253 0.31525 0.642914 0.880005 0.993123 0.966331 0.803405 0.527296 0.176903 -0.198412 -0.545775 -0.81625 -0.971733 -0.990321 -0.869394 -0.625988 0.742179 -0.358448 0.365504 -0.736482 -0.0626629 -1.01076 -0.482002 -1.14265 -0.833437 -1.11356 -1.06746 -0.927595 -1.1511 -0.610953 -1.07258 -0.208241 -0.84295 0.223808 -0.49457 0.624327 -0.0765158 0.936892 0.352317 1.11747 0.731517 1.14062 1.00766 1.00308 1.14185 0.724231 1.11517 0.343353 0.931397 -0.0858965 0.616405 -0.503045 0.214576 -0.849326 -0.217483 -1.07595 -0.618902 -1.15101 -0.933133 -1.0639 -1.1159 -0.826923 -1.14147 -0.473446
14.255 0.886289 0.653117 0.327935 -0.0434457 -0.408706 -0.716388 -0.923147 -0.999855 -0.935705 -0.739735 -0.439552 -0.077446 0.29557 0.626947 0.870001 0.990491 0.971442 0.815538 0.544743 0.197206 -0.178114 -0.528341 -0.804137 -0.966647 0.0718628 -0.300914 -0.631299 -0.872748 -0.991246 -0.970099 -0.812286 -0.540039 -0.191714 0.183621 0.533087 0.807452 0.968066 0.9923 0.876741 0.637668 0.308762 -0.0636423 -0.427081 -0.730352 -0.930734 -0.999995 -0.928379 -0.725974 0.854666 -0.206768 0.510176 -0.609683 0.0938142 -0.926708 -0.335764 -1.11318 -0.718041 -1.14283 -0.999162 -1.01148 -1.13952 -0.737632 -1.11935 -0.35987 -0.941484 0.0685897 -0.630984 0.487386 -0.231593 0.837521 0.200425 1.06967 0.604207 1.15112 0.92287 1.07041 1.11152 0.838896 1.14358 0.489202 1.01454 0.0705914 0.742568 -0.357964 0.365986 -0.736091 -0.0621552 -1.01052 -0.48154 -1.14259 -0.833087 -1.11369 -1.06727 -0.927896 -1.1511 -0.611383
14.305 0.940915 0.74979 0.453037 0.0924602 -0.281142 -0.615137 -0.862473 -0.988306 -0.974907 -0.824166 -0.557318 -0.211956 0.163267 0.515488 0.795088 0.962678 0.994648 0.886493 0.653451 0.328352 -0.0430044 -0.408303 -0.71608 -0.922977 0.206481 -0.168788 -0.520277 -0.798471 -0.964178 -0.994054 -0.883888 -0.649203 -0.323059 0.0485974 0.413407 0.719977 0.925118 0.999929 0.933873 0.736255 0.434914 0.0723033 -0.300493 -0.630957 -0.872532 -0.991187 -0.970206 -0.812543 0.951357 -0.0512674 0.64542 -0.471617 0.248557 -0.825526 -0.183322 -1.06314 -0.589375 -1.15098 -0.912398 -1.07667 -1.10688 -0.850678 -1.14543 -0.504848 -1.02262 -0.0878962 -0.755737 0.341438 -0.38239 0.722672 0.044828 1.0021 0.465731 1.14035 0.821022 1.11795 1.06065 0.938056 1.15085 0.626011 1.07893 0.225775 0.855007 -0.206268 0.510632 -0.609252 0.0943209 -0.926406 -0.335278 -1.11305 -0.717644 -1.14289 -0.998909 -1.01172 -1.13945 -0.738022
14.355 0.978151 0.832606 0.569766 0.226657 -0.148382 -0.502517 -0.785859 -0.958491 -0.996092 -0.893365 -0.664783 -0.342548 0.0279452 0.394501 0.705481 0.917073 0.999471 0.941064 0.750082 0.45343 0.0929 -0.280718 -0.614789 -0.86225 0.337282 -0.0335414 -0.39964 -0.709438 -0.919291 -0.999637 -0.939156 -0.746368 -0.448433 -0.0873239 0.286087 0.619195 0.865072 0.989079 0.973746 0.821234 0.553028 0.206913 -0.168352 -0.5199 -0.798205 -0.964061 -0.994102 -0.884095 1.03047 0.105181 0.768735 -0.324835 0.398707 -0.709088 -0.0274907 -0.993447 -0.449815 -1.13785 -0.808771 -1.12196 -1.05379 -0.948002 -1.15035 -0.640496 -1.08485 -0.242758 -0.866523 0.18918 -0.52612 0.594466 -0.111597 0.916005 0.318647 1.1085 0.704 1.14483 0.990176 1.01988 1.13686 0.751249 1.12338 0.376785 0.951643 -0.0507594 0.645841 -0.471153 0.249054 -0.825172 -0.18282 -1.06294 -0.588938 -1.15097 -0.912087 -1.07685 -1.10674 -0.85102
14.405 0.99731 0.900034 0.675964 0.356665 -0.0128797 -0.38061 -0.694721 -0.910961 -0.998867 -0.946054 -0.759962 -0.466809 -0.107893 0.266224 0.602835 0.85452 0.985822 0.978243 0.832851 0.570128 0.227088 -0.147945 -0.502135 -0.785586 0.46185 0.102325 -0.271616 -0.607293 -0.857415 -0.986746 -0.977066 -0.829739 -0.56552 -0.221631 0.15348 0.506969 0.789038 0.959948 0.995623 0.891036 0.660922 0.337698 -0.0331 -0.399235 -0.709126 -0.919117 -0.999625 -0.939307 1.09053 0.259685 0.877843 -0.172049 0.541488 -0.579545 0.128848 -0.905396 -0.301943 -1.1037 -0.690197 -1.14651 -0.981217 -1.02781 -1.13401 -0.764306 -1.12704 -0.393132 -0.961294 0.0334252 -0.660126 0.455274 -0.26596 0.812985 0.165674 1.05616 0.573968 1.15055 0.901402 1.08285 1.10185 0.862604 1.14707 0.520832 1.03069 0.105687 0.769114 -0.324347 0.399184 -0.708688 -0.0269824 -0.99319 -0.449347 -1.13777 -0.808409 -1.12207 -1.05358 -0.948291
14.455 0.998036 0.950829 0.76967 0.480082 0.122861 -0.251669 -0.590744 -0.846596 -0.983181 -0.981258 -0.841096 -0.582443 -0.241736 0.133026 0.489048 0.776173 0.953953 0.997342 0.900227 0.67629 0.357078 -0.012438 -0.380202 -0.694404 0.577883 0.2363 -0.138573 -0.493924 -0.779691 -0.955618 -0.996918 -0.897775 -0.672155 -0.351843 0.0180362 0.385374 0.698422 0.913076 0.999099 0.94437 0.7566 0.462242 0.102764 -0.271191 -0.606942 -0.857187 -0.986674 -0.97716 1.13044 0.40939 0.970727 -0.0160833 0.674261 -0.439291 0.282806 -0.800612 -0.14849 -1.04915 -0.558867 -1.14988 -0.890512 -1.08861 -1.0967 -0.873991 -1.14839 -0.536242 -1.0383 -0.122947 -0.781932 0.307668 -0.415407 0.694939 0.00963873 0.984308 0.433327 1.13501 0.795969 1.12581 1.04648 0.958016 1.14956 0.655254 1.09069 0.260181 0.878172 -0.171546 0.541936 -0.579106 0.129353 -0.905082 -0.301452 -1.10355 -0.68979 -1.14656 -0.980951 -1.02804
14.505 0.980318 0.98405 0.849151 0.594626 0.25633 -0.118076 -0.475849 -0.766584 -0.949325 -0.998327 -0.906686 -0.687313 -0.371112 -0.00263048 0.366222 0.683482 0.904454 0.998008 0.950965 0.769952 0.480469 0.123299 -0.251242 -0.590388 0.683235 0.365908 -0.00296838 -0.371426 -0.687558 -0.906828 -0.998346 -0.949219 -0.766367 -0.475551 -0.117741 0.256657 0.594897 0.84933 0.98411 0.980251 0.838296 0.578243 0.236729 -0.138135 -0.493539 -0.779415 -0.955487 -0.996953 1.14946 0.551529 1.04567 0.14018 0.794573 -0.290918 0.431537 -0.681032 0.00770714 -0.975203 -0.417208 -1.13199 -0.783348 -1.1293 -1.03913 -0.967523 -1.14852 -0.66944 -1.09611 -0.277048 -0.889287 0.154375 -0.557178 0.56405 -0.146574 0.894262 0.284678 1.09849 0.675825 1.14797 0.971764 1.03572 1.1308 0.777565 1.13053 0.409865 0.971 -0.0155749 0.674673 -0.438821 0.283299 -0.800247 -0.147986 -1.04894 -0.558422 -1.14985 -0.89019 -1.08878
14.555 0.944481 0.999085 0.912939 0.69818 0.385062 0.0176984 -0.352159 -0.672405 -0.897924 -0.996945 -0.955518 -0.77948 -0.49363 -0.138238 0.236628 0.578159 0.838239 0.98023 0.984128 0.849384 0.594981 0.256757 -0.117638 -0.47546 0.77596 0.488753 0.132691 -0.242064 -0.582718 -0.841279 -0.981323 -0.983119 -0.846416 -0.590471 -0.251342 0.123196 0.480378 0.769886 0.950933 0.998015 0.904498 0.683558 0.366319 -0.00252669 -0.371016 -0.687237 -0.906642 -0.998321 1.14723 0.683475 1.10129 0.293852 0.900199 -0.137169 0.572292 -0.548865 0.163762 -0.883238 -0.267839 -1.09318 -0.661707 -1.14912 -0.962356 -1.04317 -1.12743 -0.790267 -1.13367 -0.426028 -0.980206 -0.00177066 -0.68865 0.422736 -0.300078 0.787688 0.130768 1.04167 0.543191 1.14891 0.879091 1.09429 1.09115 0.885505 1.14948 0.551975 1.04588 0.140684 0.79494 -0.290426 0.432008 -0.680622 0.00821556 -0.974933 -0.416734 -1.1319 -0.782976 -1.1294
14.605 0.891189 0.995654 0.959854 0.78883 0.506678 0.153146 -0.221961 -0.565798 -0.829927 -0.977138 -0.986691 -0.857241 -0.607024 -0.271291 0.102661 0.46215 0.756533 0.944336 0.999103 0.913119 0.698496 0.38547 0.01814 -0.351746 0.854344 0.602565 0.265898 -0.108228 -0.467108 -0.760182 -0.946163 -0.998851 -0.910822 -0.694478 -0.380298 -0.0125418 0.356981 0.676213 0.900182 0.997334 0.953984 0.776239 0.489138 0.133129 -0.241636 -0.582359 -0.84104 -0.981238 1.1238 0.802789 1.13655 0.442093 0.989189 0.0191158 0.702471 -0.406554 0.31679 -0.77495 -0.11352 -1.03417 -0.527837 -1.1477 -0.867794 -1.09955 -1.0855 -0.896487 -1.15028 -0.567134 -1.05301 -0.157884 -0.807395 0.273609 -0.448037 0.666556 -0.0255596 0.9656 0.400518 1.12861 0.770172 1.13263 1.03133 0.97708 1.14719 0.683884 1.10144 0.294343 0.900516 -0.136664 0.572733 -0.548418 0.164265 -0.882912 -0.267345 -1.09302 -0.661291 -1.14915
14.655 0.821427 0.973823 0.989029 0.864902 0.61893 0.285763 -0.0876606 -0.448735 -0.746593 -0.939272 -0.999628 -0.919158 -0.7092 -0.39933 -0.0332037 0.3376 0.660844 0.890989 0.995613 0.959977 0.789102 0.507059 0.153583 -0.22153 0.916939 0.705241 0.394191 0.0276074 -0.342865 -0.665036 -0.893517 -0.996121 -0.958394 -0.78565 -0.502225 -0.148048 0.226986 0.570043 0.832793 0.978221 0.985839 0.854574 0.602918 0.266324 -0.107789 -0.466717 -0.759895 -0.94602 1.0796 0.907266 1.15081 0.582164 1.0599 0.175047 0.819667 -0.25673 0.463963 -0.652339 0.0428978 -0.956048 -0.384211 -1.12507 -0.757193 -1.1356 -1.0235 -0.98614 -1.14562 -0.697759 -1.10635 -0.311079 -0.911219 0.119426 -0.587715 0.533106 -0.181414 0.871682 0.250443 1.08746 0.647019 1.15004 0.952443 1.0506 1.12369 0.803153 1.13663 0.442562 0.989449 0.0196242 0.702874 -0.406079 0.317279 -0.774574 -0.113014 -1.03395 -0.527385 -1.14766
14.705 0.736483 0.933994 0.999925 0.924989 0.719742 0.413099 0.0482599 -0.323378 -0.64946 -0.884046 -0.99409 -0.964089 -0.798268 -0.519989 -0.168455 0.206811 0.552942 0.821175 0.973723 0.989094 0.865124 0.619276 0.286187 -0.0872206 0.962587 0.794883 0.515198 0.162933 -0.212286 -0.557598 -0.824357 -0.974982 -0.988254 -0.862302 -0.614871 -0.280818 0.0927967 0.453338 0.750014 0.941029 0.999474 0.917115 0.705554 0.394597 0.028049 -0.34245 -0.664706 -0.893319 1.01545 0.994976 1.1438 0.711475 1.11102 0.327743 0.921714 -0.10216 0.602562 -0.517672 0.198522 -0.860255 -0.233485 -1.08165 -0.632599 -1.15066 -0.942594 -1.05757 -1.1198 -0.815488 -1.13925 -0.458524 -0.998201 -0.0369648 -0.71653 0.389802 -0.333916 0.761655 0.0957393 1.02621 0.511907 1.14619 0.855959 1.1047 1.07942 0.907579 1.15082 0.582602 1.0601 0.17555 0.820024 -0.256234 0.464429 -0.65192 0.0434059 -0.955765 -0.383732 -1.12496
14.755 0.637928 0.876903 0.992342 0.967981 0.807253 0.532801 0.183288 -0.192045 -0.540324 -0.812483 -0.97018 -0.991201 -0.872583 -0.631037 -0.300592 0.0721998 0.43482 0.736184 0.933836 0.999931 0.925157 0.720049 0.413502 0.0487011 0.990444 0.869835 0.626684 0.295248 -0.0777829 -0.439856 -0.739962 -0.935824 -0.999849 -0.923017 -0.716152 -0.408397 -0.0431081 0.328254 0.653373 0.886445 0.994637 0.962706 0.795151 0.515577 0.163369 -0.211854 -0.557231 -0.824107 0.932531 1.0643 1.11565 0.827637 1.1416 0.474382 1.00673 0.0542971 0.730024 -0.373437 0.350478 -0.748563 -0.0784431 -1.01823 -0.496313 -1.14445 -0.844264 -1.10945 -1.07328 -0.918145 -1.15109 -0.597496 -1.06674 -0.192672 -0.832104 0.239295 -0.480247 0.63755 -0.060734 0.945989 0.367335 1.12116 0.743655 1.13838 1.01521 0.995231 1.14374 0.711875 1.11115 0.328231 0.922018 -0.101654 0.602995 -0.517218 0.199023 -0.859917 -0.232987 -1.08147
14.805 0.527583 0.803606 0.966418 0.993083 0.879844 0.642655 0.314929 -0.0571627 -0.421202 -0.725903 -0.92834 -0.999995 -0.930772 -0.730423 -0.427174 -0.0637459 0.308663 0.637588 0.876691 0.992287 0.968092 0.807514 0.533174 0.183723 0.999997 0.92871 0.726588 0.422105 0.0581574 -0.313984 -0.641891 -0.87937 -0.992966 -0.966674 -0.804198 -0.528429 -0.178216 0.197104 0.544656 0.815478 0.971418 0.990505 0.870052 0.627028 0.29567 -0.0773426 -0.439459 -0.739665 0.832377 1.11395 1.06688 0.928503 1.15109 0.612254 1.07313 0.209751 0.843995 -0.222301 0.495956 -0.623036 0.0780483 -0.935999 -0.350855 -1.1171 -0.73033 -1.14083 -1.00692 -1.00383 -1.14165 -0.725425 -1.11555 -0.344819 -0.932298 0.0843648 -0.617702 0.501663 -0.216085 0.848288 0.215974 1.07541 0.617607 1.15103 0.932232 1.06449 1.11553 0.827991 1.14167 0.474845 1.00697 0.0548049 0.730417 -0.372956 0.350962 -0.748176 -0.0779358 -1.01799
14.855 0.407488 0.715457 0.922633 0.999831 0.936175 0.740632 0.44075 0.0787763 -0.294295 -0.625907 -0.869343 -0.990307 -0.971758 -0.81631 -0.545862 -0.198513 0.176801 0.527208 0.803343 0.966304 0.993135 0.880054 0.642993 0.315349 0.991069 0.970422 0.813063 0.541162 0.193023 -0.182309 -0.531957 -0.806665 -0.96773 -0.992464 -0.877382 -0.638695 -0.310031 0.0623107 0.425874 0.72944 0.930245 0.999998 0.928874 0.726891 0.422506 0.0585984 -0.313564 -0.641552 0.71684 1.14301 0.998398 1.01221 1.1393 0.73881 1.11971 0.361328 0.942367 -0.0670565 0.632268 -0.485995 0.233097 -0.836467 -0.198912 -1.0691 -0.602899 -1.15112 -0.921951 -1.07097 -1.11112 -0.839947 -1.14376 -0.490592 -1.01526 -0.0721244 -0.743741 0.356504 -0.367442 0.734909 0.0606214 1.00978 0.480145 1.1424 0.832026 1.11408 1.06669 0.928804 1.15109 0.612684 1.07332 0.210251 0.84434 -0.221802 0.496415 -0.622608 0.0785556 -0.935703
14.905 0.279861 0.614085 0.861797 0.988101 0.975203 0.824921 0.558425 0.213259 -0.16195 -0.514344 -0.794278 -0.962316 -0.994785 -0.88711 -0.654461 -0.329612 0.0416713 0.407084 0.715148 0.922463 0.999823 0.93633 0.740929 0.441147 0.963824 0.994198 0.884512 0.650217 0.324321 -0.0472646 -0.412192 -0.71905 -0.92461 -0.999913 -0.93435 -0.737157 -0.436115 -0.0736341 0.29922 0.629921 0.87188 0.99101 0.970528 0.81332 0.541533 0.193456 -0.181874 -0.531583 0.588055 1.15095 0.91146 1.07721 1.10646 0.851712 1.14559 0.506228 1.02332 0.0894275 0.756895 -0.339971 0.383838 -0.721475 -0.0432932 -1.00134 -0.464326 -1.14014 -0.819945 -1.11831 -1.06005 -0.938945 -1.15082 -0.627299 -1.07946 -0.227281 -0.856034 0.204757 -0.512008 0.607948 -0.0958516 0.925493 0.333808 1.11266 0.716442 1.14307 0.998145 1.01245 1.13923 0.7392 1.11982 0.361811 0.942659 -0.0665489 0.632693 -0.485534 0.233595 -0.836117
14.955 0.147062 0.501363 0.785033 0.958109 0.996209 0.893964 0.665779 0.343801 -0.0266114 -0.393275 -0.704534 -0.916541 -0.999426 -0.941515 -0.750964 -0.454619 -0.0942285 0.279437 0.613736 0.861573 0.988033 0.975301 0.82517 0.558791 0.918765 0.9996 0.939613 0.747255 0.449625 0.0886531 -0.284808 -0.618147 -0.864402 -0.988881 -0.974049 -0.821995 -0.554139 -0.208218 0.167037 0.51876 0.797401 0.963706 0.994245 0.884718 0.650553 0.324739 -0.0468234 -0.411789 0.448401 1.13762 0.807677 1.1223 1.05317 0.948873 1.15029 0.641772 1.08537 0.244259 0.867534 -0.187665 0.527485 -0.59315 0.113126 -0.915074 -0.31717 -1.10808 -0.702784 -1.14499 -0.989391 -1.02059 -1.13661 -0.752412 -1.12371 -0.378236 -0.952507 0.0492249 -0.647112 0.469752 -0.250553 0.8241 0.181303 1.06235 0.587618 1.15094 0.91115 1.07739 1.10632 0.852054 1.14564 0.506685 1.02356 0.0899344 0.757278 -0.339485 0.384318 -0.721079
15.005 0.0115455 0.379376 0.693761 0.91041 0.998802 0.946485 0.760829 0.467989 0.109219 -0.264937 -0.60177 -0.853826 -0.985597 -0.978519 -0.833589 -0.571224 -0.228387 0.146625 0.500981 0.78476 0.957983 0.996247 0.894162 0.666109 0.856727 0.986528 0.977349 0.830483 0.56662 0.222932 -0.152161 -0.505819 -0.788218 -0.959574 -0.995747 -0.891641 -0.661923 -0.338954 0.0317664 0.398011 0.708185 0.918591 0.999588 0.939764 0.747549 0.45002 0.089093 -0.284385 0.30046 1.10326 0.688967 1.14665 0.980413 1.0285 1.13374 0.765454 1.12735 0.394576 0.962138 -0.0318898 0.661384 -0.453863 0.267454 -0.811896 -0.164154 -1.05555 -0.572636 -1.1505 -0.900446 -1.08337 -1.1014 -0.86362 -1.1472 -0.522202 -1.03138 -0.107217 -0.770256 0.322873 -0.400624 0.707477 0.0254469 0.992413 0.447933 1.13754 0.807315 1.12241 1.05296 0.94916 1.15027 0.642194 1.08553 0.244756 0.867868 -0.187163 0.527937 -0.592715
15.055 -0.124185 0.250377 0.589667 0.845885 0.982937 0.981514 0.841817 0.583527 0.243031 -0.131703 -0.487883 -0.775331 -0.953552 -0.997438 -0.900807 -0.677272 -0.358324 0.0111038 0.378967 0.693443 0.910227 0.998781 0.946628 0.761116 0.778855 0.955224 0.997022 0.898362 0.673142 0.353091 -0.0167021 -0.384143 -0.697466 -0.912532 -0.999041 -0.944808 -0.757472 -0.463425 -0.104091 0.269907 0.605881 0.856499 0.986456 0.977442 0.830729 0.566984 0.223363 -0.151725 0.146967 1.04851 0.557524 1.1498 0.889538 1.08911 1.09624 0.87499 1.1485 0.5376 1.03896 0.124474 0.783058 -0.306187 0.41684 -0.693714 -0.00810283 -0.983511 -0.431904 -1.13475 -0.794859 -1.12613 -1.04584 -0.958866 -1.14948 -0.656516 -1.09118 -0.261677 -0.879164 0.170027 -0.543291 0.577778 -0.13088 0.904132 0.29997 1.10311 0.68856 1.14669 0.980147 1.02873 1.13365 0.765834 1.12745 0.395053 0.962417 -0.0313816 0.6618 -0.453396
15.105 -0.25762 0.116751 0.474675 0.765727 0.948905 0.998403 0.907248 0.688281 0.372351 0.00396478 -0.36498 -0.682507 -0.903884 -0.997923 -0.951377 -0.770803 -0.481639 -0.124623 0.24995 0.58931 0.845649 0.982855 0.981598 0.842056 0.686589 0.906265 0.998268 0.949638 0.767224 0.476725 0.119066 -0.255367 -0.593824 -0.848625 -0.983872 -0.980514 -0.839023 -0.579331 -0.238025 0.136814 0.492379 0.778578 0.955093 0.997056 0.898556 0.673469 0.353505 -0.0162605 -0.00924304 0.974386 0.415776 1.13171 0.782222 1.1296 1.03847 0.968355 1.14842 0.670689 1.09658 0.278538 0.890261 -0.152853 0.558521 -0.56271 0.148098 -0.893294 -0.283189 -1.09803 -0.674581 -1.14808 -0.97094 -1.03639 -1.13051 -0.778697 -1.13082 -0.4113 -0.971824 0.0140391 -0.675917 0.437401 -0.284787 0.799142 0.146463 1.0483 0.557079 1.14978 0.889215 1.08928 1.09608 0.87532 1.14853 0.53805 1.03918 0.12498 0.783431 -0.305697
15.155 -0.386294 -0.0190325 0.35091 0.671417 0.897336 0.99684 0.955911 0.780315 0.49479 0.13956 -0.235331 -0.577069 -0.837511 -0.979965 -0.984364 -0.850088 -0.596053 -0.258046 0.116313 0.474286 0.765443 0.948765 0.998428 0.907433 0.581633 0.840557 0.981065 0.983363 0.847126 0.591548 0.252633 -0.121872 -0.479208 -0.769034 -0.95052 -0.998098 -0.905067 -0.684531 -0.36756 0.00119239 0.369777 0.686267 0.906078 0.998242 0.949776 0.767507 0.477113 0.119504 -0.165282 0.882253 0.266345 1.0927 0.66045 1.14921 0.961512 1.04382 1.12712 0.791383 1.13394 0.427454 0.98101 0.0033066 0.68988 -0.421307 0.301561 -0.786567 -0.129241 -1.04102 -0.541837 -1.14881 -0.878099 -1.09476 -1.09066 -0.886486 -1.14956 -0.553323 -1.04652 -0.142209 -0.796051 0.28894 -0.433432 0.679383 -0.00975146 0.974116 0.415302 1.13162 0.781849 1.1297 1.03825 0.96863 1.14839 0.671102 1.09674 0.279031 0.890583 -0.152349
15.205 -0.507828 -0.154465 0.22066 0.564698 0.829182 0.976853 0.986907 0.857927 0.608084 0.272575 -0.101333 -0.460966 -0.755659 -0.943896 -0.999159 -0.913662 -0.69945 -0.386701 -0.0194741 0.350496 0.671089 0.897141 0.996804 0.95604 0.465928 0.759314 0.94573 0.998914 0.911372 0.695438 0.381532 0.013876 -0.355734 -0.67523 -0.8996 -0.997236 -0.954383 -0.777079 -0.490302 -0.134451 0.240341 0.581274 0.840318 0.98098 0.983443 0.847361 0.591904 0.253061 -0.318266 0.773813 0.111991 1.0335 0.526472 1.14758 0.866784 1.1 1.08498 0.89745 1.15034 0.56847 1.05363 0.159405 0.808489 -0.272117 0.449451 -0.665303 0.0270951 -0.964763 -0.399078 -1.12831 -0.76903 -1.1329 -1.03064 -0.977891 -1.14706 -0.685119 -1.10188 -0.295828 -0.901472 0.135139 -0.574065 0.547067 -0.165785 0.881926 0.26585 1.09254 0.660033 1.14924 0.961232 1.04404 1.12701 0.791752 1.13403 0.427926 0.981276 0.00381504
15.255 -0.619977 -0.287042 0.0863313 0.447542 0.745704 0.938813 0.999663 0.919683 0.71014 0.400553 0.0345372 -0.336344 -0.659842 -0.890382 -0.995488 -0.96035 -0.789921 -0.508208 -0.154901 0.220229 0.564333 0.828935 0.976759 0.986978 0.341611 0.664039 0.892917 0.996003 0.958774 0.786475 0.503379 0.149367 -0.225687 -0.568946 -0.832054 -0.977943 -0.986062 -0.855266 -0.603982 -0.26761 0.106463 0.465537 0.759027 0.945587 0.998934 0.911554 0.695755 0.38194 -0.465369 0.651073 -0.0444326 0.955192 0.382763 1.12474 0.756036 1.13585 1.0228 0.986931 1.14547 0.69898 1.10678 0.312557 0.912156 -0.117898 0.589035 -0.531744 0.182931 -0.870678 -0.248944 -1.08695 -0.645748 -1.1501 -0.95158 -1.05122 -1.12336 -0.804253 -1.13687 -0.44398 -0.990233 -0.0211599 -0.704089 0.404641 -0.318755 0.773437 0.111485 1.03327 0.526019 1.14754 0.866449 1.10015 1.08481 0.897768 1.15035 0.568912 1.05383 0.159908
15.305 -0.720668 -0.414314 -0.0495926 0.322116 0.648445 0.883422 0.993945 0.964442 0.799071 0.521128 0.16977 -0.205506 -0.55183 -0.820413 -0.973418 -0.98929 -0.865792 -0.620324 -0.287465 0.0858913 0.447147 0.74541 0.938661 0.999675 0.210982 0.55649 0.823601 0.974685 0.988457 0.862977 0.615922 0.282098 -0.0914681 -0.452148 -0.74913 -0.940577 -0.999516 -0.917646 -0.706499 -0.395822 -0.0293827 0.341196 0.663708 0.892718 0.995964 0.9589 0.786748 0.50376 -0.60387 0.5163 -0.200035 0.859233 0.231981 1.08112 0.631315 1.1507 0.941711 1.05817 1.11944 0.816571 1.13947 0.459933 0.998965 0.0384999 0.717732 -0.388357 0.335386 -0.760502 -0.0942086 -1.02551 -0.510531 -1.14605 -0.854931 -1.10513 -1.07889 -0.908523 -1.15086 -0.583926 -1.06069 -0.177067 -0.821101 0.254736 -0.465834 0.650654 -0.0449407 0.954908 0.382284 1.12464 0.755652 1.13593 1.02257 0.987193 1.14542 0.699384 1.10691 0.313046
15.355 -0.80804 -0.533929 -0.1846 0.190736 0.539201 0.811704 0.969856 0.991377 0.873234 0.632072 0.301865 -0.0708689 -0.433619 -0.735281 -0.933358 -0.999946 -0.925663 -0.720974 -0.414716 -0.0500337 0.321697 0.648108 0.883215 0.993896 0.0764526 0.438657 0.739064 0.935353 0.999871 0.92353 0.717083 0.409615 0.0444411 -0.326994 -0.652362 -0.885827 -0.994498 -0.963066 -0.79596 -0.51672 -0.164685 0.21055 0.556123 0.823351 0.974586 0.988524 0.8632 0.61627 -0.731211 0.371984 -0.351941 0.747395 0.0769107 1.01751 0.494927 1.14429 0.843219 1.10986 1.07272 0.919071 1.1511 0.598808 1.06731 0.194186 0.833164 -0.237792 0.481642 -0.636271 0.0622677 -0.945113 -0.365879 -1.12081 -0.742482 -1.13861 -1.01448 -0.996002 -1.14357 -0.713081 -1.11155 -0.329703 -0.922937 0.100124 -0.604303 0.515845 -0.200536 0.858895 0.231483 1.08095 0.63089 1.15071 0.941419 1.05837 1.11932 0.816929 1.13954 0.460399
15.405 -0.880478 -0.643677 -0.316196 0.0558305 0.419991 0.724985 0.927843 0.999989 0.931259 0.731334 0.42838 0.0650774 -0.307394 -0.63656 -0.876048 -0.992121 -0.968425 -0.8083 -0.534303 -0.185034 0.190302 0.538829 0.811446 0.969748 -0.0594894 0.312716 0.640868 0.878734 0.992807 0.967014 0.804991 0.529562 0.179529 -0.195796 -0.543537 -0.814705 -0.9711 -0.990688 -0.870709 -0.628067 -0.296944 0.0760122 0.43826 0.738766 0.935197 0.999878 0.923699 0.717391 -0.845038 0.220794 -0.497342 0.621744 -0.0795807 0.935104 0.349392 1.11673 0.729142 1.14103 1.00617 1.00459 1.14146 0.726617 1.11593 0.346284 0.933199 -0.0828329 0.618997 -0.50028 0.217593 -0.847249 -0.214465 -1.07486 -0.61631 -1.15104 -0.93133 -1.06507 -1.11515 -0.829057 -1.14186 -0.476244 -1.00772 -0.0563391 -0.731604 0.371503 -0.352425 0.747008 0.0764033 1.01728 0.494468 1.14423 0.842873 1.10999 1.07254 0.919377 1.1511 0.599242
15.455 -0.936643 -0.741528 -0.441947 -0.0801063 0.29302 0.624866 0.868682 0.99012 0.972072 0.81708 0.546979 0.199821 -0.175487 -0.526074 -0.802548 -0.96596 -0.99329 -0.880687 -0.644015 -0.316615 0.0553895 0.41959 0.72468 0.927678 -0.194332 0.180997 0.530827 0.805875 0.967393 0.992627 0.878021 0.639721 0.311299 -0.0609789 -0.424666 -0.728527 -0.929754 -1 -0.929367 -0.727807 -0.423715 -0.0599303 0.312297 0.640528 0.878523 0.992754 0.967127 0.805253 -0.943248 0.0655231 -0.633551 0.484602 -0.234601 0.835411 0.197399 1.06853 0.60159 1.15111 0.92103 1.07153 1.11072 0.840996 1.14393 0.491981 1.01599 0.0736573 0.744912 -0.355044 0.368897 -0.733726 -0.0590875 -1.00904 -0.478748 -1.14221 -0.830964 -1.11446 -1.06611 -0.92971 -1.15107 -0.613984 -1.07387 -0.211761 -0.845384 0.220295 -0.4978 0.621316 -0.0800879 0.934807 0.348907 1.1166 0.728749 1.1411 1.00593 1.00483 1.14139 0.727011
15.505 -0.975498 -0.825674 -0.559531 -0.214563 0.160633 0.513199 0.793467 0.961952 0.99492 0.887725 0.655469 0.330872 -0.0403381 -0.405865 -0.714215 -0.921947 -0.999797 -0.936798 -0.741824 -0.442344 -0.0805466 0.292598 0.624521 0.868464 -0.325583 0.0459318 0.410976 0.718122 0.924101 0.999894 0.934824 0.738058 0.437315 0.0749647 -0.297947 -0.628884 -0.871226 -0.99083 -0.970849 -0.814096 -0.542655 -0.194765 0.180562 0.530453 0.805614 0.967281 0.99268 0.878232 -1.02402 -0.0909588 -0.758052 0.338503 -0.385286 0.720278 0.0417583 1.00058 0.46292 1.13992 0.818866 1.11868 1.05945 0.939833 1.15078 0.628586 1.08 0.228786 0.85706 -0.203245 0.513383 -0.606644 0.0973821 -0.924579 -0.332338 -1.11226 -0.715239 -1.14325 -0.997379 -1.01318 -1.13901 -0.740377 -1.12018 -0.363269 -0.943539 0.0650154 -0.633976 0.484141 -0.235099 0.835061 0.196898 1.06834 0.601157 1.15111 0.920725 1.07172 1.11058 0.841343
15.555 -0.996324 -0.894561 -0.666774 -0.345054 0.0252775 0.392048 0.703587 0.916006 0.99938 0.941963 0.751845 0.455807 0.0955568 -0.278156 -0.612682 -0.860895 -0.987826 -0.975595 -0.825923 -0.559897 -0.214994 0.160197 0.51282 0.793198 -0.450817 -0.089982 0.283529 0.617097 0.86373 0.988682 0.97435 0.822754 0.55525 0.209523 -0.165721 -0.517619 -0.796595 -0.963349 -0.994387 -0.885339 -0.651565 -0.326001 0.0454905 0.410573 0.717815 0.923932 0.999888 0.934981 -1.08588 -0.24576 -0.868542 0.186149 -0.52885 0.591833 -0.114654 0.914141 0.315694 1.10767 0.701567 1.14515 0.988606 1.0213 1.13637 0.753574 1.12405 0.379687 0.953368 -0.0476904 0.648382 -0.468349 0.252052 -0.823027 -0.179786 -1.06176 -0.586296 -1.15091 -0.91021 -1.07793 -1.1059 -0.853086 -1.14578 -0.508063 -1.02426 -0.0914656 -0.758434 0.338017 -0.385765 0.719881 0.0412502 1.00033 0.462454 1.13985 0.818508 1.1188 1.05925 0.940126
15.605 -0.998736 -0.946915 -0.761694 -0.469167 -0.110545 0.26365 0.600704 0.853131 0.98537 0.978793 0.834325 0.572319 0.229686 -0.145305 -0.499826 -0.783932 -0.957599 -0.996362 -0.894758 -0.667103 -0.345468 0.024836 0.391641 0.703273 -0.567719 -0.224233 0.150842 0.504667 0.787396 0.959197 0.995869 0.892244 0.662922 0.340209 -0.0304327 -0.396787 -0.707242 -0.918063 -0.999548 -0.940219 -0.748434 -0.451211 -0.0904219 0.283106 0.61675 0.863507 0.988616 0.97445 -1.12766 -0.396018 -0.962981 0.0303545 -0.66264 0.452451 -0.268948 0.810807 0.162633 1.05494 0.571303 1.15045 0.899488 1.08389 1.10096 0.864635 1.14732 0.52357 1.03206 0.108746 0.771397 -0.321398 0.402064 -0.706265 -0.0239113 -0.991633 -0.446518 -1.1373 -0.806219 -1.12275 -1.05234 -0.950029 -1.15021 -0.643468 -1.08604 -0.246256 -0.868876 0.185647 -0.529302 0.591397 -0.11516 0.913832 0.315205 1.10753 0.701164 1.1452 0.988345 1.02153
15.655 -0.98269 -0.981768 -0.842537 -0.58461 -0.244325 0.130381 0.486718 0.774488 0.953149 0.997533 0.901386 0.678253 0.359569 -0.00976957 -0.377732 -0.692481 -0.909674 -0.998714 -0.947057 -0.76198 -0.469557 -0.110984 0.263224 0.60035 -0.674128 -0.354339 0.015368 0.38291 0.696509 0.911985 0.998982 0.945245 0.758343 0.464607 0.105418 -0.268622 -0.604819 -0.85581 -0.986236 -0.977723 -0.831471 -0.568082 -0.224663 0.150406 0.504286 0.787123 0.959072 0.995909 -1.1486 -0.538958 -1.03962 -0.126001 -0.784183 0.304706 -0.418271 0.692487 0.00656692 0.982712 0.43048 1.13449 0.793747 1.12645 1.04519 0.959715 1.14939 0.657777 1.09167 0.263172 0.880155 -0.168508 0.544644 -0.576449 0.132405 -0.903181 -0.298486 -1.10267 -0.687328 -1.14683 -0.97934 -1.02941 -1.13339 -0.76698 -1.12776 -0.396496 -0.963259 0.0298462 -0.663056 0.451983 -0.269442 0.810446 0.16213 1.05473 0.570861 1.15043 0.899171 1.08406
15.705 -0.948483 -0.998477 -0.907808 -0.689249 -0.373589 -0.00529907 0.363738 0.681531 0.903312 0.997837 0.951787 0.771652 0.482808 0.125947 -0.248658 -0.588232 -0.844937 -0.982608 -0.981852 -0.842775 -0.584969 -0.244753 0.129943 0.486332 -0.768079 -0.477897 -0.120391 0.254077 0.59275 0.847918 0.983633 0.980775 0.839748 0.580418 0.239321 -0.135492 -0.491217 -0.77774 -0.954697 -0.997157 -0.899141 -0.674454 -0.354752 0.0149264 0.382502 0.696192 0.911804 0.998962 -1.14831 -0.671937 -1.09705 -0.280028 -0.891234 0.15133 -0.559864 0.56137 -0.149621 0.892324 0.2817 1.09757 0.673336 1.14819 0.970114 1.03706 1.13022 0.779827 1.13111 0.412735 0.972647 -0.0125032 0.677159 -0.43598 0.286275 -0.798036 -0.144939 -1.04767 -0.555734 -1.1497 -0.888239 -1.08977 -1.09561 -0.876317 -1.14863 -0.539407 -1.03984 -0.126507 -0.784556 0.304216 -0.418745 0.692081 0.00605849 0.982447 0.430008 1.13441 0.793379 1.12656
15.755 -0.896746 -0.996733 -0.956302 -0.781149 -0.495949 -0.140881 0.234034 0.575979 0.836781 0.979699 0.984599 0.85079 0.597123 0.259335 -0.114987 -0.473111 -0.764583 -0.948343 -0.998502 -0.907993 -0.689569 -0.373999 -0.00574075 0.363326 -0.847834 -0.592623 -0.253924 0.120547 0.478036 0.76818 0.950104 0.99818 0.905633 0.685503 0.3688 0.000141913 -0.368537 -0.685296 -0.905513 -0.998162 -0.950193 -0.768362 -0.478285 -0.120829 0.253649 0.592394 0.847684 0.983553 -1.1268 -0.792497 -1.1342 -0.42888 -0.981813 -0.00484253 -0.691109 0.419877 -0.303043 0.785445 0.127715 1.04036 0.540481 1.14871 0.877105 1.09524 1.09016 0.887465 1.14964 0.554669 1.04716 0.143733 0.797159 -0.287453 0.434854 -0.678142 0.0112873 -0.973296 -0.413869 -1.13133 -0.780721 -1.12999 -1.03759 -0.969459 -1.14828 -0.67235 -1.0972 -0.280521 -0.891556 0.150826 -0.560308 0.560926 -0.150125 0.892003 0.281207 1.09742 0.672924 1.14823
15.805 -0.828436 -0.976567 -0.987121 -0.858612 -0.609143 -0.273859 0.100006 0.459782 0.754785 0.943455 0.999213 0.914204 0.700403 0.387931 0.0208081 -0.349246 -0.670099 -0.89655 -0.996697 -0.956431 -0.781424 -0.496332 -0.141318 0.233605 -0.91192 -0.696396 -0.382765 -0.0152101 0.354487 0.674245 0.899016 0.997136 0.954781 0.777918 0.491464 0.135773 -0.239045 -0.580187 -0.839594 -0.98072 -0.983684 -0.848068 -0.592979 -0.254351 0.120109 0.477648 0.767897 0.949966 -1.08447 -0.898411 -1.15039 -0.569805 -1.05425 -0.160926 -0.809582 0.270624 -0.450865 0.664049 -0.0286306 0.963924 0.397637 1.128 0.767886 1.13317 1.02996 0.978701 1.14693 0.686352 1.10232 0.297312 0.902426 -0.133613 0.575396 -0.545715 0.167305 -0.880938 -0.264356 -1.09206 -0.658774 -1.14933 -0.960386 -1.04468 -1.1267 -0.792866 -1.13429 -0.429352 -0.982078 -0.00535097 -0.691516 0.419404 -0.303534 0.785073 0.12721 1.04014 0.540032 1.14868
15.855 -0.744815 -0.938353 -0.999697 -0.920206 -0.711078 -0.401775 -0.0358707 0.335087 0.658839 0.889774 0.99536 0.960721 0.790738 0.509357 0.156219 -0.218927 -0.563231 -0.828188 -0.976472 -0.987192 -0.858838 -0.609493 -0.274283 0.0995665 -0.959153 -0.787298 -0.504531 -0.150686 0.224387 0.567849 0.831313 0.977664 0.986283 0.855957 0.605045 0.268895 -0.105136 -0.464356 -0.758158 -0.945152 -0.998995 -0.912101 -0.696713 -0.383173 -0.0156518 0.354074 0.673919 0.898823 -1.02209 -0.987721 -1.14532 -0.700199 -1.1072 -0.314035 -0.913092 0.11637 -0.590354 0.530381 -0.184447 0.869673 0.247444 1.08645 0.644476 1.15016 0.950715 1.05185 1.12302 0.805351 1.13711 0.445397 0.991015 0.0226956 0.705304 -0.403203 0.320231 -0.772299 -0.109956 -1.03259 -0.524653 -1.14742 -0.865437 -1.1006 -1.0843 -0.898729 -1.15041 -0.570247 -1.05445 -0.161429 -0.809943 0.27013 -0.451333 0.663634 -0.0291389 0.963646 0.39716 1.1279
15.905 -0.647428 -0.882796 -0.993797 -0.964794 -0.799872 -0.522266 -0.171084 0.2042 0.550716 0.819649 0.973111 0.989484 0.866459 0.62137 0.288743 -0.0845618 -0.445953 -0.74452 -0.9382 -0.999708 -0.920379 -0.711389 -0.40218 -0.0363121 -0.988658 -0.86365 -0.616973 -0.283378 0.0901393 0.450958 0.748246 0.940123 0.999557 0.918175 0.707443 0.397047 0.0307164 -0.339942 -0.66271 -0.892116 -0.995843 -0.959277 -0.787571 -0.504912 -0.151123 0.223956 0.567485 0.831068 -0.940827 -1.05878 -1.11908 -0.817653 -1.13968 -0.46134 -0.999727 -0.040035 -0.718932 0.38691 -0.336855 0.759349 0.0926777 1.02481 0.509154 1.1459 0.853902 1.10556 1.07835 0.909465 1.15089 0.58525 1.06129 0.178585 0.822177 -0.253238 0.467238 -0.649386 0.0464754 -0.954049 -0.380834 -1.12431 -0.754493 -1.13618 -1.02186 -0.987982 -1.14527 -0.700603 -1.10734 -0.314524 -0.913402 0.115864 -0.59079 0.52993 -0.184949 0.86934 0.246947 1.08628
15.955 -0.538076 -0.810924 -0.96953 -0.991551 -0.873884 -0.633105 -0.303136 0.0695379 0.432416 0.734376 0.932878 0.999959 0.926167 0.721898 0.41593 0.0513663 -0.320434 -0.647092 -0.882588 -0.993748 -0.96491 -0.800137 -0.522643 -0.17152 -0.999892 -0.924041 -0.718012 -0.410832 -0.0457741 0.325732 0.65135 0.885207 0.994357 0.963425 0.796767 0.517862 0.166001 -0.209245 -0.555014 -0.822593 -0.974286 -0.988724 -0.863873 -0.617321 -0.283801 0.0896994 0.450563 0.747953 -0.842173 -1.11026 -1.07216 -0.919995 -1.15111 -0.600119 -1.06789 -0.1957 -0.834223 0.236289 -0.483037 0.63499 -0.0638014 0.944235 0.364423 1.12046 0.741307 1.13883 1.01376 0.996771 1.14339 0.714286 1.11195 0.331174 0.923854 -0.0985937 0.60561 -0.514471 0.202048 -0.857872 -0.229978 -1.08042 -0.629605 -1.15075 -0.940534 -1.05898 -1.11896 -0.818011 -1.13975 -0.461806 -0.999979 -0.0405431 -0.719329 0.386432 -0.337341 0.758966 0.0921709 1.02458
16.005 -0.41878 -0.724065 -0.927345 -0.999982 -0.931744 -0.732243 -0.429586 -0.0664088 0.306124 0.63553 0.875404 0.991953 0.968757 0.809085 0.53543 0.186345 -0.188992 -0.537704 -0.810665 -0.969422 -0.991608 -0.874098 -0.633447 -0.303557 -0.992646 -0.967353 -0.805782 -0.530693 -0.180841 0.194487 0.542416 0.813931 0.970781 0.990869 0.871365 0.629105 0.298218 -0.0746817 -0.43706 -0.737866 -0.934723 -0.999898 -0.924209 -0.71832 -0.411234 -0.0462153 0.325315 0.651015 -0.727953 -1.14123 -1.00543 -1.00533 -1.14126 -0.727807 -1.11631 -0.347748 -0.934097 0.0813008 -0.620292 0.498896 -0.219101 0.846208 0.212956 1.07431 0.615012 1.15106 0.930427 1.06566 1.11476 0.830122 1.14206 0.477642 1.00846 0.0578731 0.732789 -0.370049 0.353887 -0.745839 -0.0748707 -1.01656 -0.49308 -1.14406 -0.841826 -1.1104 -1.07198 -0.920301 -1.15111 -0.600553 -1.06808 -0.196201 -0.834574 0.235792 -0.483499 0.634566 -0.064309 0.943944
16.055 -0.291744 -0.623824 -0.868021 -0.989932 -0.972384 -0.817848 -0.548096 -0.201128 0.174174 0.524938 0.801751 0.965614 0.993443 0.881318 0.645035 0.31788 -0.0540572 -0.418379 -0.72376 -0.927179 -0.999979 -0.931904 -0.732544 -0.429985 -0.967055 -0.992788 -0.878659 -0.640746 -0.312567 0.059647 0.423458 0.727612 0.929262 1 0.929859 0.728721 0.424923 0.0612622 -0.311029 -0.639503 -0.877885 -0.992593 -0.967465 -0.806043 -0.531067 -0.181276 0.194054 0.542045 -0.60028 -1.15111 -0.920108 -1.07209 -1.11031 -0.842044 -1.1441 -0.49337 -1.01671 -0.07519 -0.746083 0.353582 -0.370352 0.732542 0.0575536 1.0083 0.477351 1.14202 0.8299 1.11484 1.06553 0.930615 1.15106 0.615283 1.07442 0.21327 0.846425 -0.218787 0.499185 -0.620022 0.08162 -0.93391 -0.347443 -1.11623 -0.727559 -1.1413 -1.00518 -1.00558 -1.14119 -0.728201 -1.11643 -0.348233 -0.934394 0.0807937 -0.62072 0.498438 -0.2196 0.845864
16.105 -0.159316 -0.512054 -0.792654 -0.961587 -0.995053 -0.888338 -0.656476 -0.332131 0.0390049 0.404645 0.71328 0.921429 0.999769 0.937264 0.742718 0.44354 0.0818765 -0.291321 -0.623479 -0.867801 -0.98987 -0.972487 -0.818103 -0.548465 -0.92359 -0.999874 -0.935297 -0.738958 -0.438515 -0.0762952 0.296673 0.627846 0.87057 0.990649 0.971168 0.81487 0.543775 0.196074 -0.17925 -0.529321 -0.804822 -0.966942 -0.992841 -0.87887 -0.641085 -0.312986 0.0592061 0.423057 -0.461513 -1.13971 -0.817786 -1.11904 -1.05885 -0.940719 -1.15075 -0.629873 -1.08053 -0.230291 -0.858085 0.201733 -0.514758 0.605338 -0.0989125 0.923663 0.330867 1.11187 0.714035 1.14343 0.996611 1.01391 1.13879 0.741552 1.12053 0.364726 0.944418 -0.0634819 0.635257 -0.482747 0.236602 -0.834003 -0.195385 -1.06777 -0.599846 -1.15111 -0.919803 -1.07228 -1.11018 -0.842391 -1.14416 -0.493829 -1.01695 -0.0756974 -0.74647 0.353098 -0.370833 0.73215
16.155 -0.0239436 -0.39082 -0.702638 -0.91547 -0.999332 -0.94241 -0.752724 -0.456995 -0.0968849 0.276874 0.611627 0.860215 0.987618 0.975887 0.826675 0.561002 0.216297 -0.15888 -0.511674 -0.792385 -0.961466 -0.995097 -0.888541 -0.656809 -0.863057 -0.988481 -0.97465 -0.823512 -0.556359 -0.210827 0.164405 0.516477 0.795788 0.96299 0.994528 0.885958 0.652577 0.327262 -0.0441576 -0.409356 -0.716885 -0.923421 -0.999867 -0.935453 -0.739255 -0.438912 -0.0767356 0.296251 -0.314216 -1.10725 -0.700349 -1.1453 -0.987818 -1.02201 -1.13612 -0.754735 -1.12438 -0.381136 -0.954228 0.0461557 -0.64965 0.466945 -0.25355 0.821953 0.178269 1.06116 0.584974 1.15088 0.909269 1.07847 1.10547 0.854116 1.14593 0.509441 1.02496 0.0929966 0.759589 -0.336549 0.387212 -0.718682 -0.0397152 -0.999569 -0.461047 -1.13964 -0.817428 -1.11916 -1.05865 -0.941012 -1.15073 -0.630298 -1.0807 -0.230789 -0.858424 0.201232 -0.515212 0.604905
16.205 0.111871 -0.262363 -0.599636 -0.852434 -0.985142 -0.979065 -0.83506 -0.573413 -0.230984 0.143985 0.49867 0.783103 0.957214 0.996474 0.895354 0.668097 0.34672 -0.0235021 -0.390413 -0.702324 -0.915292 -0.999316 -0.942558 -0.753014 -0.786572 -0.958819 -0.995989 -0.892846 -0.66392 -0.341463 0.029099 0.395562 0.706298 0.917533 0.999507 0.940673 0.749318 0.452401 0.0917507 -0.281826 -0.615699 -0.862834 -0.988414 -0.974748 -0.823762 -0.556726 -0.211259 0.163969 -0.161112 -1.05432 -0.569969 -1.1504 -0.898529 -1.08441 -1.10051 -0.865648 -1.14745 -0.524937 -1.03274 -0.110275 -0.772536 0.319923 -0.403502 0.705051 0.0223756 0.990853 0.445101 1.13706 0.805122 1.12309 1.05172 0.950895 1.15015 0.644741 1.08655 0.247756 0.869883 -0.184131 0.530665 -0.590079 0.116688 -0.912897 -0.313727 -1.10711 -0.699945 -1.14535 -0.987557 -1.02224 -1.13604 -0.755118 -1.12449 -0.381616 -0.954512 0.0456477 -0.65007 0.466481
16.255 0.245619 -0.129057 -0.485552 -0.773643 -0.952745 -0.997625 -0.901963 -0.679233 -0.360814 0.00843533 0.376497 0.691518 0.909119 0.998645 0.947485 0.762844 0.470735 0.11231 -0.261937 -0.599283 -0.852203 -0.985066 -0.979155 -0.835303 -0.695551 -0.911437 -0.998921 -0.945679 -0.759212 -0.465788 -0.106745 0.267336 0.603755 0.855119 0.986015 0.978003 0.832211 0.56918 0.225963 -0.149087 -0.503133 -0.7863 -0.958694 -0.996029 -0.893045 -0.664251 -0.341878 0.0286575 -0.00503099 -0.981911 -0.429055 -1.13423 -0.792634 -1.12677 -1.04455 -0.960563 -1.14931 -0.659037 -1.09216 -0.264667 -0.881144 0.166988 -0.545997 0.575119 -0.133931 0.902228 0.297003 1.10223 0.686096 1.14696 0.978532 1.0301 1.13312 0.768125 1.12807 0.397937 0.964099 -0.0283107 0.664311 -0.45057 0.270935 -0.809354 -0.160609 -1.05412 -0.569527 -1.15038 -0.898211 -1.08458 -1.10036 -0.865983 -1.14749 -0.52539 -1.03296 -0.110781 -0.772913 0.319435
16.305 0.374826 0.00663335 -0.362494 -0.680554 -0.902739 -0.997748 -0.952196 -0.7725 -0.483976 -0.12727 0.247365 0.587152 0.844222 0.98236 0.982105 0.843492 0.58605 0.246047 -0.128619 -0.485166 -0.773363 -0.95261 -0.997656 -0.902153 -0.591675 -0.84721 -0.983391 -0.981035 -0.840472 -0.581504 -0.240616 0.13417 0.490054 0.776901 0.954299 0.997257 0.899724 0.675439 0.356 -0.0135922 -0.381269 -0.695234 -0.911255 -0.9989 -0.945823 -0.759499 -0.466179 -0.107184 0.151143 -0.891353 -0.280211 -1.09711 -0.67209 -1.1483 -0.969286 -1.03772 -1.12993 -0.780956 -1.13139 -0.414168 -0.973467 0.0109674 -0.678401 0.434558 -0.287763 0.796928 0.143415 1.04703 0.554389 1.14963 0.887261 1.09027 1.09514 0.877312 1.14873 0.540764 1.0405 0.128033 0.785679 -0.302734 0.420175 -0.690853 -0.00452256 -0.981646 -0.428583 -1.13415 -0.792265 -1.12687 -1.04433 -0.960843 -1.14928 -0.659454 -1.09232 -0.265162 -0.881471 0.166485
16.355 0.497107 0.142202 -0.232737 -0.574888 -0.83605 -0.979431 -0.984831 -0.85149 -0.598193 -0.260624 0.113662 0.471935 0.763723 0.947919 0.998574 0.908552 0.690534 0.375236 0.00707503 -0.362083 -0.680231 -0.902549 -0.997718 -0.952331 -0.476864 -0.767325 -0.949687 -0.998259 -0.906198 -0.686474 -0.37004 -0.00147622 0.367296 0.684324 0.904946 0.998081 0.950608 0.769215 0.479457 0.122153 -0.252359 -0.591319 -0.846975 -0.983311 -0.98112 -0.840711 -0.581864 -0.241045 0.304525 -0.784321 -0.126189 -1.0397 -0.539124 -1.14861 -0.87611 -1.09571 -1.08967 -0.888442 -1.14972 -0.556014 -1.0478 -0.145256 -0.798267 0.285965 -0.436276 0.676901 -0.0128232 0.972475 0.412436 1.13105 0.779592 1.13028 1.03692 0.970286 1.14817 0.673596 1.09767 0.282011 0.892526 -0.149303 0.561649 -0.559584 0.151648 -0.891031 -0.279718 -1.09695 -0.671677 -1.14834 -0.969012 -1.03794 -1.12983 -0.78133 -1.13149 -0.414642 -0.973738 0.010459
16.405 0.6102 0.275142 -0.0986783 -0.458597 -0.753909 -0.943012 -0.999265 -0.914743 -0.701355 -0.389161 -0.0221421 0.347996 0.669108 0.895959 0.996588 0.956819 0.782256 0.49749 0.142639 -0.232307 -0.574526 -0.835807 -0.979341 -0.984907 -0.353239 -0.673259 -0.898431 -0.997034 -0.955177 -0.778756 -0.492626 -0.137095 0.237749 0.5791 0.838868 0.980458 0.983923 0.848775 0.594053 0.255641 -0.118784 -0.476475 -0.767042 -0.949549 -0.998285 -0.906385 -0.686795 -0.370451 0.452278 -0.662794 0.0301661 -0.963084 -0.396195 -1.1277 -0.766741 -1.13344 -1.02927 -0.979509 -1.1468 -0.687585 -1.10277 -0.298796 -0.903379 0.132088 -0.576726 0.544362 -0.168824 0.879949 0.262861 1.09157 0.657514 1.14941 0.959539 1.04533 1.12639 0.793979 1.13455 0.430776 0.982879 0.00688689 0.692743 -0.417973 0.305015 -0.783949 -0.125683 -1.03948 -0.538675 -1.14858 -0.87578 -1.09586 -1.08951 -0.888766 -1.14974 -0.55646 -1.04801 -0.145761
16.455 0.712016 0.402997 0.0372041 -0.33383 -0.657834 -0.889164 -0.995231 -0.961091 -0.791554 -0.510505 -0.157537 0.217625 0.562128 0.82744 0.976183 0.987404 0.859521 0.61055 0.275566 -0.0982387 -0.458204 -0.753618 -0.942865 -0.999282 -0.223086 -0.56675 -0.830571 -0.977382 -0.986502 -0.856646 -0.606106 -0.27018 0.103809 0.463173 0.757287 0.944715 0.999054 0.912648 0.697669 0.384405 0.0169859 -0.352826 -0.672932 -0.898237 -0.997 -0.955308 -0.779033 -0.49301 0.591672 -0.529017 0.185963 -0.868666 -0.245944 -1.08594 -0.643202 -1.15023 -0.949848 -1.05247 -1.12268 -0.806448 -1.13735 -0.446812 -0.991796 -0.0242312 -0.706517 0.401764 -0.321706 0.771159 0.108427 1.03191 0.523285 1.1473 0.864423 1.10105 1.08378 0.899688 1.15046 0.571581 1.05507 0.16295 0.811034 -0.268637 0.452745 -0.662378 0.0306743 -0.962805 -0.395718 -1.12759 -0.766362 -1.13353 -1.02904 -0.979776 -1.14675 -0.687993 -1.10291 -0.299287
16.505 0.800673 0.523404 0.172399 -0.202893 -0.549602 -0.818884 -0.972803 -0.989676 -0.867125 -0.622414 -0.29002 0.0832322 0.444759 0.743628 0.937737 0.999739 0.9209 0.712326 0.403401 0.0376455 -0.333413 -0.657502 -0.888962 -0.995188 -0.0888103 -0.449766 -0.74736 -0.939667 -0.999596 -0.918703 -0.708385 -0.398272 -0.0320501 0.338687 0.66171 0.891512 0.995721 0.959653 0.788392 0.506064 0.152442 -0.222656 -0.566386 -0.830325 -0.977289 -0.986575 -0.856873 -0.606458 0.720131 -0.385464 0.338323 -0.758194 -0.0911466 -1.02411 -0.507776 -1.14575 -0.852871 -1.10598 -1.07781 -0.910406 -1.15092 -0.586572 -1.06188 -0.180102 -0.823251 0.25174 -0.468641 0.648117 -0.0480101 0.953189 0.379385 1.12398 0.753332 1.13642 1.02115 0.988769 1.14511 0.701821 1.10775 0.316001 0.914336 -0.114336 0.592108 -0.528566 0.186465 -0.868332 -0.245447 -1.08577 -0.642781 -1.15025 -0.949561 -1.05268 -1.12257 -0.80681 -1.13743 -0.447281
16.555 0.874531 0.634138 0.304408 -0.0682068 -0.431212 -0.733469 -0.932397 -0.99997 -0.926669 -0.722821 -0.417143 -0.0526988 0.319169 0.646074 0.88196 0.993598 0.96526 0.800937 0.52378 0.172834 -0.202461 -0.549233 -0.81863 -0.972701 0.0471069 -0.32447 -0.650337 -0.884585 -0.994215 -0.963781 -0.797572 -0.519003 -0.167317 0.20794 0.553903 0.821833 0.973985 0.988923 0.864544 0.61837 0.285081 -0.0883704 -0.449372 -0.747067 -0.939516 -0.999608 -0.918877 -0.708697 0.835281 -0.234786 0.484431 -0.633709 0.0653349 -0.943356 -0.362965 -1.12011 -0.740132 -1.13906 -1.01303 -0.997539 -1.14321 -0.71549 -1.11234 -0.332645 -0.92477 0.0970633 -0.606915 0.513097 -0.20356 0.856847 0.228473 1.07989 0.628318 1.15079 0.939648 1.05958 1.1186 0.819091 1.13997 0.463213 1.00074 0.0420781 0.720528 -0.384984 0.338809 -0.757811 -0.0906398 -1.02388 -0.50732 -1.1457 -0.852529 -1.10612 -1.07764 -0.910717 -1.15093 -0.587009
16.605 0.932228 0.733151 0.43079 0.0677401 -0.304853 -0.634499 -0.874758 -0.991783 -0.969087 -0.809868 -0.536557 -0.187656 0.187681 0.536579 0.809884 0.969094 0.99178 0.874746 0.634479 0.304828 -0.0677661 -0.430814 -0.733169 -0.932237 0.182154 -0.193178 -0.541295 -0.813155 -0.97046 -0.991048 -0.872019 -0.630142 -0.299491 0.073351 0.43586 0.736965 0.934248 0.999916 0.924718 0.719247 0.41245 0.0475481 -0.324053 -0.650001 -0.884379 -0.994167 -0.963899 -0.797839 0.934994 -0.0797687 0.621585 -0.497512 0.220609 -0.845166 -0.211446 -1.07376 -0.613713 -1.15108 -0.929522 -1.06624 -1.11438 -0.831185 -1.14225 -0.479039 -1.0092 -0.0594071 -0.733973 0.368594 -0.355348 0.744668 0.073338 1.01584 0.491692 1.14389 0.840778 1.1108 1.07142 0.921222 1.15112 0.601863 1.06865 0.197714 0.835631 -0.234288 0.484892 -0.633284 0.0658425 -0.943065 -0.362483 -1.11999 -0.739742 -1.13913 -1.01279 -0.997792 -1.14315 -0.715888
16.655 0.972695 0.818616 0.549211 0.202435 -0.17286 -0.523802 -0.800953 -0.965266 -0.993595 -0.881948 -0.646054 -0.319145 0.0527248 0.417167 0.722839 0.926679 0.99997 0.932387 0.733452 0.431189 0.0681808 -0.304432 -0.634158 -0.874544 0.313834 -0.058315 -0.422248 -0.726696 -0.928769 -0.999998 -0.930349 -0.729634 -0.42613 -0.0625939 0.309761 0.638477 0.877246 0.99243 0.967802 0.806832 0.532198 0.182588 -0.192744 -0.540923 -0.812898 -0.970353 -0.991107 -0.872235 1.01743 0.0767226 0.747252 -0.35212 0.371806 -0.731357 -0.0560195 -1.00756 -0.475953 -1.14182 -0.828835 -1.11523 -1.06495 -0.931518 -1.15104 -0.61658 -1.07497 -0.21478 -0.847466 0.217279 -0.500568 0.618728 -0.083152 0.933011 0.345979 1.11585 0.726368 1.1415 1.00443 1.00633 1.14099 0.72939 1.11681 0.349697 0.93529 -0.0792614 0.622013 -0.497053 0.221108 -0.844821 -0.210946 -1.07357 -0.613283 -1.15108 -0.929222 -1.06643 -1.11425 -0.831537
16.705 0.995185 0.88895 0.657482 0.333389 -0.0376715 -0.403425 -0.712344 -0.92091 -0.99974 -0.937728 -0.743611 -0.444735 -0.0832063 0.290045 0.622435 0.867137 0.989679 0.972797 0.818869 0.54958 0.202868 -0.172425 -0.523426 -0.800688 0.439714 0.0776255 -0.295398 -0.626807 -0.869913 -0.990466 -0.971485 -0.815643 -0.544894 -0.197382 0.177937 0.528188 0.80403 0.966601 0.992999 0.879506 0.642109 0.314253 -0.0578741 -0.421848 -0.726393 -0.928605 -0.999997 -0.930511 1.08106 0.231796 0.859108 -0.200221 0.516131 -0.604031 0.100443 -0.922746 -0.329396 -1.11147 -0.71283 -1.14361 -0.995842 -1.01464 -1.13856 -0.742726 -1.12088 -0.366183 -0.945296 0.0619482 -0.636538 0.481352 -0.238105 0.832943 0.193871 1.06719 0.598535 1.1511 0.918878 1.07284 1.10977 0.843437 1.14432 0.495216 1.01766 0.0772299 0.747638 -0.351636 0.372287 -0.730964 -0.0555116 -1.00732 -0.47549 -1.14176 -0.828482 -1.11535 -1.06476 -0.931817
16.755 0.999283 0.942856 0.753601 0.458181 0.0982128 -0.275591 -0.610571 -0.859534 -0.987408 -0.976177 -0.827425 -0.562107 -0.2176 0.157562 0.510527 0.79157 0.961098 0.995228 0.889153 0.657815 0.333805 -0.0372302 -0.403021 -0.712034 0.557467 0.212131 -0.163089 -0.515334 -0.794979 -0.962629 -0.994666 -0.886576 -0.653587 -0.328522 0.0428245 0.408138 0.715954 0.922908 0.999844 0.935924 0.740153 0.44011 0.0780659 -0.294976 -0.626463 -0.869695 -0.990405 -0.97159 1.1247 0.382585 0.955086 -0.0446209 0.650917 -0.465541 0.255048 -0.820877 -0.176751 -1.06057 -0.583651 -1.15085 -0.908326 -1.079 -1.10504 -0.855145 -1.14608 -0.510818 -1.02566 -0.0945275 -0.760743 0.33508 -0.388658 0.717482 0.0381801 0.998806 0.459639 1.13942 0.816346 1.11952 1.05805 0.941895 1.15069 0.631583 1.08123 0.232294 0.859446 -0.19972 0.516585 -0.603598 0.100949 -0.922442 -0.328909 -1.11133 -0.712431 -1.14366 -0.995587 -1.01488
16.805 0.984912 0.979336 0.835793 0.574505 0.232282 -0.142665 -0.497513 -0.782272 -0.956827 -0.996585 -0.895947 -0.669089 -0.347971 0.0221681 0.389185 0.701373 0.914754 0.999266 0.943003 0.753892 0.458573 0.0986524 -0.275167 -0.610221 0.664918 0.342717 -0.0277652 -0.394336 -0.705353 -0.917002 -0.999465 -0.941125 -0.750201 -0.453591 -0.0930793 0.280545 0.614647 0.862158 0.988211 0.975045 0.824518 0.557834 0.212563 -0.162653 -0.514955 -0.794711 -0.96251 -0.994712 1.14757 0.526304 1.03341 0.111804 0.773674 -0.318448 0.404941 -0.703836 -0.02084 -0.99007 -0.443685 -1.13682 -0.804024 -1.12343 -1.05109 -0.95176 -1.15009 -0.646013 -1.08706 -0.249256 -0.870888 0.182615 -0.532028 0.58876 -0.118216 0.911961 0.312249 1.10669 0.698725 1.14551 0.986767 1.02295 1.13579 0.756277 1.12481 0.383065 0.95537 -0.0441129 0.651337 -0.465076 0.255544 -0.82052 -0.176249 -1.06037 -0.583212 -1.15084 -0.908014 -1.07918
16.855 0.952339 0.997716 0.902538 0.680212 0.362058 -0.00710106 -0.37526 -0.690553 -0.908562 -0.998575 -0.94791 -0.763706 -0.471912 -0.113636 0.260649 0.598214 0.851504 0.984835 0.979425 0.836035 0.574867 0.232712 -0.142227 -0.49713 0.760079 0.466968 0.108072 -0.26605 -0.602691 -0.854426 -0.985791 -0.97828 -0.83295 -0.570276 -0.227263 0.147767 0.50198 0.785475 0.958313 0.996146 0.893644 0.665248 0.343132 -0.0273237 -0.39393 -0.70504 -0.916825 -0.99945 1.14922 0.660296 1.09264 0.266162 0.882132 -0.165469 0.547349 -0.573788 0.135456 -0.901273 -0.295519 -1.10179 -0.684862 -1.14709 -0.977723 -1.03078 -1.13284 -0.769268 -1.12837 -0.399378 -0.964938 0.0267752 -0.665564 0.449157 -0.272428 0.808262 0.159088 1.0535 0.568192 1.15032 0.89725 1.08509 1.0999 0.866994 1.14761 0.526756 1.03364 0.11231 0.77405 -0.317959 0.405416 -0.703434 -0.0203316 -0.98981 -0.443215 -1.13674 -0.80366 -1.12354
16.905 0.902164 0.997658 0.952603 0.773347 0.485143 0.128594 -0.246072 -0.586071 -0.843506 -0.982109 -0.982355 -0.844208 -0.587131 -0.24734 0.127296 0.483999 0.772517 0.952204 0.997746 0.902728 0.680535 0.36247 -0.00665938 -0.374851 0.841194 0.582589 0.241911 -0.132847 -0.488891 -0.77606 -0.953899 -0.997355 -0.900305 -0.676422 -0.357246 0.012258 0.380035 0.694274 0.910705 0.998837 0.946255 0.760366 0.467359 0.108511 -0.265624 -0.602339 -0.854197 -0.985717 1.12964 0.782084 1.13168 0.415601 0.974286 -0.00943149 0.679641 -0.433135 0.28925 -0.795819 -0.141891 -1.04639 -0.553042 -1.14955 -0.886282 -1.09076 -1.09466 -0.878306 -1.14883 -0.542119 -1.04115 -0.129559 -0.786801 0.301252 -0.421604 0.689624 0.00298662 0.980843 0.427157 1.13388 0.79115 1.12718 1.04369 0.961688 1.14919 0.660712 1.0928 0.266656 0.882458 -0.164965 0.547796 -0.573347 0.135961 -0.900957 -0.295027 -1.10164 -0.684453 -1.14713
16.955 0.835317 0.97916 0.985062 0.852189 0.599262 0.261912 -0.112336 -0.470758 -0.762861 -0.947493 -0.998644 -0.909108 -0.691499 -0.376472 -0.00840929 0.360839 0.679252 0.901974 0.997627 0.952737 0.773627 0.485529 0.129032 -0.245644 0.906762 0.687443 0.37128 0.00281052 -0.366054 -0.68335 -0.904377 -0.997997 -0.951021 -0.770067 -0.480627 -0.123478 0.251067 0.590242 0.846265 0.983068 0.981377 0.841433 0.582948 0.24234 -0.13241 -0.488505 -0.775781 -0.953766 1.08917 0.889418 1.14979 0.557359 1.04843 0.14678 0.799373 -0.284477 0.437697 -0.675658 0.014359 -0.971653 -0.411002 -1.13076 -0.778461 -1.13057 -1.03625 -0.971111 -1.14806 -0.674841 -1.09813 -0.2835 -0.893496 0.14778 -0.562989 0.558241 -0.15317 0.890058 0.278228 1.09649 0.670429 1.14844 0.968182 1.03861 1.12954 0.782457 1.13177 0.416075 0.974557 -0.00892307 0.680051 -0.432664 0.289742 -0.795452 -0.141386 -1.04618 -0.552596 -1.14952
17.005 0.753031 0.942567 0.999315 0.915282 0.702305 0.390389 0.0234761 -0.346744 -0.668116 -0.895365 -0.996477 -0.957206 -0.783087 -0.498647 -0.143959 0.231009 0.573434 0.835074 0.979071 0.985138 0.85242 0.599615 0.262338 -0.111897 0.955571 0.779592 0.493786 0.138417 -0.236453 -0.578012 -0.838141 -0.980195 -0.98416 -0.849479 -0.595125 -0.256931 0.117459 0.475302 0.766185 0.949129 0.998362 0.906948 0.687764 0.37169 0.00325221 -0.365643 -0.683028 -0.904189 1.02858 0.980315 1.14666 0.688816 1.10321 0.300279 0.90433 -0.130562 0.578055 -0.543009 0.170344 -0.878958 -0.261365 -1.09108 -0.656253 -1.14949 -0.958689 -1.04597 -1.12607 -0.79509 -1.13481 -0.4322 -0.983677 -0.00842281 -0.693969 0.416541 -0.306496 0.782824 0.124156 1.03882 0.537317 1.14848 0.874782 1.09633 1.08901 0.889741 1.14982 0.557804 1.04864 0.147284 0.799738 -0.283984 0.438167 -0.675246 0.0148674 -0.97138 -0.410527 -1.13067
17.055 0.656829 0.888553 0.9951 0.961459 0.792369 0.511652 0.158854 -0.216322 -0.561024 -0.82669 -0.975893 -0.987614 -0.860202 -0.611606 -0.276849 0.0969108 0.457018 0.752741 0.942419 0.999331 0.91546 0.70262 0.390796 0.0239176 0.98672 0.857333 0.607167 0.271464 -0.102482 -0.46199 -0.756415 -0.944277 -0.999111 -0.913192 -0.698625 -0.385636 -0.01832 0.351577 0.671945 0.89765 0.996896 0.955701 0.779869 0.49417 0.138854 -0.236024 -0.577651 -0.8379 0.948979 1.05309 1.12234 0.807543 1.13759 0.448228 0.992575 0.0257668 0.707729 -0.400324 0.32318 -0.770018 -0.106898 -1.03123 -0.521917 -1.14717 -0.863408 -1.1015 -1.08326 -0.900645 -1.15051 -0.572913 -1.05568 -0.16447 -0.812123 0.267143 -0.454157 0.661122 -0.0322097 0.961963 0.394275 1.12728 0.765215 1.1338 1.02835 0.980581 1.14662 0.689223 1.10335 0.300769 0.904645 -0.130057 0.578494 -0.54256 0.170847 -0.878629 -0.26087 -1.09092
17.105 0.548487 0.818118 0.972493 0.989866 0.867788 0.623458 0.291297 -0.0819025 -0.443563 -0.742736 -0.937273 -0.999769 -0.921419 -0.713262 -0.404622 -0.0389788 0.332155 0.656496 0.88835 0.995056 0.96158 0.792638 0.512031 0.15929 0.999633 0.919229 0.709326 0.399495 0.0333837 -0.337431 -0.660709 -0.890907 -0.995596 -0.960028 -0.789212 -0.507214 -0.15376 0.221355 0.565286 0.82958 0.977005 0.986792 0.857561 0.607518 0.271889 -0.102042 -0.461599 -0.756126 0.851839 1.10641 1.07727 0.911345 1.15095 0.587893 1.06247 0.181619 0.824324 -0.250241 0.470044 -0.646847 0.0495446 -0.952327 -0.377934 -1.12364 -0.75217 -1.13667 -1.02044 -0.989555 -1.14496 -0.703038 -1.10817 -0.317478 -0.915268 0.112807 -0.593425 0.527201 -0.18798 0.867323 0.243946 1.08526 0.641506 1.1503 0.948692 1.0533 1.12223 0.807905 1.13767 0.448696 0.992832 0.0262751 0.70813 -0.399847 0.323668 -0.76964 -0.106392 -1.03101
17.155 0.430008 0.732562 0.931914 0.999979 0.92717 0.723742 0.418355 0.0540312 -0.317905 -0.645055 -0.881331 -0.993446 -0.965607 -0.801735 -0.524916 -0.174148 0.201154 0.548117 0.817863 0.97239 0.989929 0.868008 0.623804 0.291719 0.994071 0.964136 0.798376 0.520143 0.168632 -0.206635 -0.552792 -0.821072 -0.973682 -0.989121 -0.865214 -0.619418 -0.286359 0.0870412 0.448179 0.746179 0.939058 0.999645 0.919403 0.709638 0.3999 0.0338251 -0.337015 -0.660377 0.738955 1.13928 1.0123 0.998304 1.14303 0.716693 1.11274 0.334115 0.925684 -0.0955327 0.60822 -0.511722 0.205072 -0.85582 -0.226967 -1.07935 -0.627031 -1.15083 -0.93876 -1.06018 -1.11824 -0.820169 -1.14018 -0.464618 -1.0015 -0.043613 -0.721725 0.383537 -0.340277 0.756654 0.0891085 1.02318 0.505941 1.14555 0.851497 1.10655 1.0771 0.911656 1.15096 0.58833 1.06267 0.182121 0.824679 -0.249744 0.470508 -0.646427 0.0500526 -0.952041
17.205 0.303582 0.633467 0.874111 0.991611 0.969416 0.81065 0.537682 0.188966 -0.186371 -0.535452 -0.8091 -0.968764 -0.991949 -0.875391 -0.63551 -0.306099 0.0664348 0.429609 0.732261 0.931753 0.999982 0.927335 0.724047 0.418756 0.970137 0.991225 0.872671 0.631177 0.300764 -0.0720203 -0.434658 -0.736063 -0.933772 -0.999933 -0.925225 -0.720174 -0.413666 -0.0488809 0.32279 0.648987 0.883756 0.994023 0.964254 0.798642 0.52052 0.169067 -0.206203 -0.552424 0.612413 1.15109 0.928615 1.06681 1.11399 0.832247 1.14244 0.480435 1.00994 0.0609409 0.735156 -0.367139 0.356809 -0.743497 -0.0718051 -1.01511 -0.490303 -1.14372 -0.839728 -1.1112 -1.07085 -0.922143 -1.15112 -0.603172 -1.06922 -0.199227 -0.836686 0.232784 -0.486285 0.632001 -0.0673759 0.942183 0.361025 1.11963 0.738565 1.13935 1.01206 0.998557 1.14297 0.71709 1.11287 0.334601 0.925986 -0.095026 0.608652 -0.511266 0.205572 -0.85548
17.255 0.171545 0.522665 0.800153 0.964917 0.993745 0.882576 0.647072 0.320409 -0.0513923 -0.415954 -0.721916 -0.926176 -0.999959 -0.932869 -0.734358 -0.432392 -0.069512 0.303161 0.633125 0.873896 0.991554 0.969524 0.810909 0.538054 0.928273 0.999994 0.930837 0.730546 0.427337 0.0639256 -0.308492 -0.637449 -0.876604 -0.992265 -0.968137 -0.80762 -0.533327 -0.1839 0.191435 0.539801 0.81212 0.97003 0.991283 0.872887 0.63152 0.301185 -0.0715797 -0.434261 0.474554 1.14163 0.827768 1.11561 1.06437 0.93242 1.15102 0.617877 1.07552 0.216288 0.848504 -0.21577 0.501951 -0.617432 0.0846839 -0.932111 -0.344513 -1.11548 -0.725176 -1.14169 -1.00368 -1.00707 -1.14078 -0.730578 -1.11718 -0.35116 -0.936185 0.0777291 -0.623305 0.495667 -0.222615 0.843777 0.209436 1.07302 0.611983 1.15109 0.928314 1.067 1.11387 0.832598 1.1425 0.480897 1.01018 0.0614487 0.735547 -0.366657 0.357292 -0.743108
17.305 0.0363381 0.402204 0.711407 0.920389 0.999709 0.938191 0.744502 0.44593 0.0845359 -0.288768 -0.62139 -0.866472 -0.989487 -0.973105 -0.819634 -0.550695 -0.204174 0.17111 0.522289 0.799888 0.964801 0.993794 0.882784 0.647408 0.869254 0.990282 0.9718 0.816414 0.546013 0.19869 -0.176624 -0.527055 -0.803236 -0.966258 -0.993156 -0.88014 -0.643131 -0.315519 0.056542 0.420638 0.725475 0.928109 0.999992 0.930999 0.730848 0.427736 0.0643663 -0.308072 0.327924 1.11107 0.711623 1.14378 0.99507 1.01536 1.13833 0.743899 1.12123 0.367638 0.946171 -0.0604144 0.637817 -0.479956 0.239608 -0.831883 -0.192357 -1.06661 -0.597222 -1.15108 -0.917952 -1.07339 -1.10936 -0.844481 -1.14449 -0.496602 -1.01838 -0.0787623 -0.748806 0.350173 -0.37374 0.729777 0.0539774 1.00657 0.474091 1.14156 0.827415 1.11573 1.06417 0.932718 1.15102 0.618306 1.0757 0.216788 0.848848 -0.215271 0.502409 -0.617003
17.355 -0.0995406 0.274308 0.609513 0.858851 0.987196 0.976466 0.828174 0.56321 0.218902 -0.156245 -0.50938 -0.790754 -0.960729 -0.995358 -0.889762 -0.658819 -0.335063 0.0358967 0.401799 0.711097 0.920216 0.999698 0.938344 0.744797 0.794169 0.962267 0.994803 0.887193 0.654597 0.329782 -0.0414914 -0.40692 -0.715022 -0.922393 -0.99982 -0.936393 -0.74105 -0.441308 -0.079396 0.293701 0.625422 0.869035 0.99022 0.971904 0.816669 0.546383 0.199123 -0.176189 0.175233 1.05997 0.582326 1.15082 0.907382 1.07954 1.10461 0.856173 1.14622 0.512194 1.02635 0.0960581 0.761895 -0.33361 0.390103 -0.71628 -0.036645 -0.998042 -0.458231 -1.1392 -0.815262 -1.11987 -1.05744 -0.942778 -1.15065 -0.632866 -1.08176 -0.233798 -0.860467 0.198207 -0.517958 0.602289 -0.102479 0.921522 0.327437 1.11093 0.711223 1.14384 0.994815 1.0156 1.13826 0.744287 1.12135 0.36812 0.946461 -0.0599067 0.63824 -0.479494
17.405 -0.23358 0.141344 0.496355 0.781441 0.956438 0.996695 0.896539 0.67008 0.349222 -0.0208341 -0.387955 -0.700422 -0.914214 -0.999214 -0.943446 -0.754768 -0.459759 -0.0999801 0.273884 0.609163 0.858625 0.987125 0.976561 0.828421 0.704407 0.916469 0.99942 0.941575 0.751083 0.45478 0.0944077 -0.279264 -0.613594 -0.861482 -0.988005 -0.975341 -0.825272 -0.558941 -0.213867 0.161336 0.513811 0.7939 0.962147 0.994848 0.887397 0.654931 0.330199 -0.0410501 0.0193043 0.989286 0.442267 1.13658 0.802924 1.12376 1.05047 0.952623 1.15002 0.647283 1.08756 0.250755 0.871891 -0.181098 0.533389 -0.587439 0.119744 -0.911023 -0.31077 -1.10626 -0.697504 -1.14566 -0.985975 -1.02365 -1.13554 -0.757434 -1.12514 -0.384513 -0.956226 0.042578 -0.652603 0.463671 -0.257042 0.819442 0.174731 1.05977 0.581888 1.1508 0.907069 1.07971 1.10446 0.856512 1.14626 0.512649 1.02658 0.0965648 0.762276 -0.333123
17.455 -0.363302 0.00576678 0.374023 0.689587 0.908004 0.998503 0.948335 0.764567 0.473088 0.114961 -0.259361 -0.597144 -0.850803 -0.984603 -0.979694 -0.836767 -0.575958 -0.234009 0.140906 0.495971 0.781165 0.956309 0.996731 0.896734 0.601626 0.853732 0.985566 0.978556 0.833688 0.571372 0.228562 -0.146447 -0.500825 -0.784648 -0.957931 -0.996263 -0.894242 -0.666243 -0.344385 0.0259899 0.392703 0.704093 0.916292 0.999405 0.941724 0.751375 0.455173 0.0948474 -0.136982 0.900317 0.294034 1.10134 0.683626 1.14721 0.976911 1.03147 1.13257 0.77041 1.12868 0.400818 0.965774 -0.0252397 0.666817 -0.447742 0.27392 -0.807167 -0.157567 -1.05288 -0.566855 -1.15027 -0.896287 -1.0856 -1.09945 -0.868004 -1.14773 -0.528121 -1.03431 -0.113838 -0.775186 0.316482 -0.406854 0.702217 0.0187959 0.989025 0.441797 1.1365 0.802559 1.12387 1.05026 0.952908 1.15 0.647704 1.08773 0.251252 0.872223 -0.180596
17.505 -0.48631 -0.129917 0.244778 0.58499 0.842789 0.981857 0.982604 0.844923 0.58821 0.248632 -0.125973 -0.482831 -0.771669 -0.951795 -0.997835 -0.903301 -0.681512 -0.363713 0.0053251 0.373613 0.689267 0.907819 0.998479 0.948475 0.487726 0.775218 0.953498 0.997451 0.900885 0.677404 0.358492 -0.0109238 -0.378801 -0.693313 -0.910153 -0.998772 -0.946686 -0.761232 -0.468538 -0.109837 0.264338 0.601273 0.853502 0.985491 0.978647 0.833932 0.571734 0.228992 -0.290736 0.794709 0.140367 1.04575 0.551695 1.14947 0.885301 1.09125 1.09419 0.879298 1.14893 0.543473 1.04181 0.131086 0.787921 -0.29977 0.423033 -0.688394 -0.00145068 -0.980038 -0.42573 -1.13362 -0.790034 -1.12749 -1.04304 -0.962531 -1.1491 -0.661969 -1.09328 -0.26815 -0.883444 0.163445 -0.549146 0.572015 -0.137486 0.9 0.293542 1.10119 0.683217 1.14726 0.976642 1.03169 1.13248 0.770787 1.12877 0.401295 0.966051 -0.0247313
17.555 -0.60033 -0.263199 0.11101 0.46958 0.761997 0.947065 0.998713 0.909663 0.692462 0.377708 0.00974354 -0.359594 -0.678272 -0.901397 -0.997535 -0.953141 -0.774471 -0.486695 -0.130355 0.24435 0.584631 0.842551 0.981773 0.982686 0.364812 0.682376 0.903807 0.997912 0.951433 0.770917 0.481797 0.124802 -0.249775 -0.589165 -0.845553 -0.982822 -0.981633 -0.842153 -0.584032 -0.243634 0.131087 0.487341 0.774938 0.953365 0.997482 0.901077 0.677729 0.358904 -0.439117 0.674413 -0.0158949 0.970828 0.409566 1.13047 0.777329 1.13086 1.03558 0.971935 1.14795 0.676084 1.09859 0.284988 0.894463 -0.146257 0.564328 -0.556898 0.154692 -0.889083 -0.276737 -1.09602 -0.66918 -1.14855 -0.96735 -1.03927 -1.12924 -0.783583 -1.13205 -0.417507 -0.975373 0.00738716 -0.68129 0.43124 -0.291228 0.794341 0.139862 1.04554 0.551248 1.14944 0.884976 1.09141 1.09403 0.879626 1.14896 0.543922 1.04202 0.131591
17.605 -0.703254 -0.391617 -0.02481 0.345493 0.667123 0.89477 0.996364 0.957592 0.783916 0.499803 0.14528 -0.229711 -0.57234 -0.834339 -0.978798 -0.985366 -0.853117 -0.600683 -0.263625 0.110571 0.46919 0.761711 0.946923 0.998735 0.235156 0.576922 0.837413 0.97993 0.984396 0.850183 0.596197 0.25822 -0.116134 -0.474127 -0.765327 -0.948708 -0.998438 -0.907509 -0.688732 -0.372928 -0.0045865 0.364401 0.682053 0.903618 0.997883 0.951569 0.771199 0.482184 -0.579382 0.541654 -0.171863 0.877965 0.259869 1.09059 0.654991 1.14957 0.957838 1.04661 1.12575 0.7962 1.13506 0.433623 0.984474 0.0099587 0.695194 -0.415109 0.307976 -0.781697 -0.122629 -1.03816 -0.535958 -1.14837 -0.873783 -1.0968 -1.08851 -0.890715 -1.14989 -0.559147 -1.04928 -0.148807 -0.800842 0.282496 -0.439587 0.674001 -0.0164032 0.970555 0.409091 1.13038 0.776954 1.13096 1.03536 0.972208 1.14791 0.676496 1.09874 0.285481
17.655 -0.793182 -0.512798 -0.160171 0.21502 0.559919 0.825938 0.975601 0.987822 0.860882 0.612661 0.278131 -0.0955827 -0.45583 -0.751862 -0.941972 -0.999379 -0.915996 -0.703568 -0.392024 -0.0252515 0.345078 0.666794 0.894573 0.996326 0.101154 0.460807 0.755541 0.943837 0.999166 0.913735 0.699579 0.386867 0.0196541 -0.350328 -0.670956 -0.897061 -0.99679 -0.956093 -0.780703 -0.49533 -0.140175 0.234727 0.576562 0.837171 0.979841 0.984474 0.850415 0.596552 -0.70894 0.398884 -0.324654 0.768876 0.105369 1.03055 0.520547 1.14704 0.862392 1.10194 1.08274 0.901601 1.15056 0.574245 1.05629 0.16599 0.813211 -0.265649 0.455568 -0.659864 0.033745 -0.961118 -0.392832 -1.12697 -0.764067 -1.13406 -1.02766 -0.981385 -1.14648 -0.690453 -1.10379 -0.302252 -0.905594 0.12853 -0.579822 0.541205 -0.172365 0.877636 0.259374 1.09043 0.654572 1.1496 0.957556 1.04682 1.12564 0.796567 1.13515 0.434094
17.705 -0.868451 -0.624501 -0.292573 0.0805726 0.442367 0.741842 0.936807 0.999797 0.921937 0.714196 0.405841 0.0403121 -0.330896 -0.655489 -0.887737 -0.994923 -0.961945 -0.793451 -0.513177 -0.160607 0.214588 0.559553 0.825689 0.975504 -0.0347172 0.336175 0.659707 0.8903 0.99547 0.9604 0.790031 0.508364 0.155079 -0.220053 -0.564185 -0.828835 -0.97672 -0.987007 -0.858246 -0.608577 -0.273173 0.100715 0.460415 0.755252 0.943691 0.999184 0.913915 0.699894 -0.825395 0.248741 -0.471445 0.645576 -0.0510791 0.951463 0.376483 1.12331 0.751007 1.13691 1.01973 0.990339 1.1448 0.704253 1.10859 0.318954 0.916199 -0.111279 0.59474 -0.525835 0.189496 -0.866313 -0.242445 -1.08475 -0.64023 -1.15036 -0.947821 -1.05392 -1.12188 -0.808999 -1.1379 -0.45011 -0.993609 -0.0278106 -0.70934 0.398407 -0.325142 0.768497 0.104862 1.03032 0.520094 1.147 0.862055 1.10209 1.08257 0.901917 1.15058 0.574686
17.755 -0.927669 -0.724662 -0.419567 -0.0553635 0.316639 0.644035 0.880699 0.993293 0.965953 0.802532 0.526052 0.175462 -0.199847 -0.547001 -0.817095 -0.972078 -0.990117 -0.86867 -0.624846 -0.292995 0.0801323 0.441971 0.741545 0.936652 -0.169947 0.205329 0.551679 0.82031 0.973377 0.989316 0.865882 0.620465 0.287637 -0.0857119 -0.446986 -0.74529 -0.938599 -0.999679 -0.919927 -0.710577 -0.401123 -0.0351586 0.335758 0.659375 0.890099 0.995428 0.960523 0.790302 -0.926596 0.094002 -0.609524 0.510345 -0.206583 0.854792 0.225461 1.07882 0.625742 1.15086 0.93787 1.06077 1.11787 0.821246 1.14039 0.466023 1.00225 0.0451478 0.722921 -0.382088 0.341744 -0.755496 -0.0875771 -1.02247 -0.50456 -1.1454 -0.850462 -1.10697 -1.07655 -0.912593 -1.15098 -0.589649 -1.06326 -0.183638 -0.825749 0.248245 -0.471909 0.645155 -0.051587 0.951177 0.376002 1.1232 0.750621 1.13699 1.01949 0.990598 1.14474 0.704656
17.805 -0.969742 -0.811431 -0.538807 -0.190276 0.18506 0.534325 0.808315 0.968432 0.992118 0.876036 0.636539 0.307369 -0.0651034 -0.428404 -0.731352 -0.931268 -0.999989 -0.927834 -0.724967 -0.419968 -0.0558045 0.31622 0.643697 0.88049 -0.302036 0.0706893 0.433456 0.735159 0.933293 0.999947 0.925731 0.721099 0.41488 0.0502135 -0.321527 -0.647971 -0.883131 -0.993876 -0.964606 -0.799445 -0.521659 -0.170382 0.204897 0.551311 0.820057 0.973275 0.98938 0.866103 -1.01067 -0.0624747 -0.736337 0.365683 -0.358268 0.742323 0.0702721 1.01439 0.488913 1.14355 0.838676 1.1116 1.07029 0.923061 1.15112 0.604479 1.06979 0.20074 0.837741 -0.231279 0.487676 -0.630717 0.0689091 -0.9413 -0.359566 -1.11927 -0.737386 -1.13957 -1.01132 -0.999321 -1.14279 -0.718291 -1.11326 -0.336071 -0.926897 0.0934952 -0.609955 0.50989 -0.207083 0.854452 0.224962 1.07864 0.625315 1.15087 0.937575 1.06097 1.11775 0.821602
17.855 -0.993893 -0.883203 -0.648088 -0.321673 0.0500597 0.41474 0.720992 0.925672 0.999946 0.933349 0.735263 0.433595 0.070843 -0.301889 -0.632092 -0.873247 -0.99138 -0.96985 -0.811689 -0.539179 -0.19071 0.184626 0.533951 0.808055 -0.428543 -0.0652571 0.307222 0.636421 0.875961 0.992098 0.96847 0.808406 0.534455 0.185211 -0.190125 -0.538677 -0.811341 -0.969705 -0.991458 -0.873537 -0.632554 -0.302457 0.0702488 0.433058 0.734859 0.933135 0.999952 0.925898 -1.07607 -0.217797 -0.849541 0.214262 -0.503333 0.616135 -0.0862156 0.931209 0.343048 1.1151 0.723983 1.14189 1.00292 1.00782 1.14058 0.731764 1.11755 0.352622 0.937078 -0.0761966 0.624596 -0.494281 0.224122 -0.842732 -0.207926 -1.07246 -0.610681 -1.1511 -0.927405 -1.06758 -1.11348 -0.833658 -1.14269 -0.482292 -1.01091 -0.0629824 -0.736728 0.365201 -0.358752 0.741935 0.0697646 1.01415 0.488452 1.14349 0.838328 1.11174 1.0701 0.923365
17.905 -0.999675 -0.938652 -0.745393 -0.447124 -0.0858653 0.28749 0.620344 0.865805 0.989293 0.973412 0.820398 0.551808 0.20548 -0.169795 -0.52115 -0.799087 -0.964449 -0.993942 -0.88341 -0.648425 -0.322091 0.0496186 0.414338 0.720686 -0.54713 -0.199997 0.17531 0.525921 0.80244 0.965914 0.993311 0.880772 0.644152 0.316785 -0.0552098 -0.419427 -0.724556 -0.927611 -0.999986 -0.931485 -0.731758 -0.428942 -0.0656978 0.306802 0.63608 0.875748 0.992043 0.96858 -1.12158 -0.369094 -0.947045 0.0588806 -0.639095 0.47856 -0.24111 0.83082 0.190842 1.06604 0.595909 1.15107 0.917025 1.07395 1.10895 0.845524 1.14465 0.497987 1.0191 0.0802946 0.749972 -0.34871 0.375192 -0.728589 -0.0524431 -1.00583 -0.472691 -1.14136 -0.826346 -1.11611 -1.06359 -0.933617 -1.15099 -0.619601 -1.07625 -0.218296 -0.849884 0.213762 -0.50379 0.615706 -0.0867226 0.93091 0.342562 1.11497 0.723587 1.14195 1.00268 1.00806
17.955 -0.986982 -0.976753 -0.828921 -0.564312 -0.220203 0.154927 0.508231 0.789937 0.960357 0.995485 0.890371 0.659822 0.33632 -0.0345633 -0.400577 -0.710158 -0.919693 -0.999664 -0.938804 -0.745687 -0.447519 -0.0863054 0.287067 0.619998 -0.655605 -0.331042 0.0401582 0.405701 0.714089 0.921877 0.999794 0.936861 0.741945 0.442505 0.0807261 -0.292425 -0.624381 -0.868374 -0.990033 -0.972218 -0.817438 -0.5475 -0.20043 0.174875 0.525545 0.802177 0.965799 0.993362 -1.14636 -0.513569 -1.02705 -0.0975886 -0.763045 0.33214 -0.391548 0.715077 0.0351098 0.997275 0.456821 1.13898 0.814177 1.12023 1.05683 0.943658 1.1506 0.634149 1.08228 0.235302 0.861487 -0.196694 0.519329 -0.60098 0.104009 -0.920601 -0.325964 -1.11053 -0.710015 -1.14401 -0.994041 -1.01632 -1.13803 -0.745458 -1.12169 -0.369575 -0.947334 0.0583728 -0.639518 0.478097 -0.241607 0.830468 0.190341 1.06584 0.595474 1.15107 0.916717 1.07413
18.005 -0.956048 -0.996802 -0.897129 -0.67107 -0.350472 0.0195001 0.386725 0.699469 0.913673 0.99916 0.943888 0.755642 0.460943 0.101308 -0.2726 -0.608105 -0.85794 -0.986911 -0.976848 -0.829168 -0.564676 -0.220634 0.15449 0.50785 -0.751963 -0.455968 -0.095736 0.277983 0.61254 0.860803 0.987798 0.975634 0.826025 0.560047 0.21517 -0.160019 -0.512666 -0.793088 -0.961782 -0.994982 -0.888011 -0.655938 -0.331458 0.0397169 0.405297 0.713779 0.921706 0.999784 -1.14995 -0.648553 -1.08807 -0.252254 -0.872893 0.179581 -0.53475 0.586118 -0.121271 0.910083 0.309291 1.10584 0.696282 1.1458 0.985181 1.02435 1.13529 0.75859 1.12546 0.38596 0.95708 -0.0410431 0.653867 -0.462264 0.258539 -0.818363 -0.173213 -1.05917 -0.580562 -1.15077 -0.906123 -1.08024 -1.10403 -0.857538 -1.1464 -0.514024 -1.02728 -0.0980952 -0.763426 0.331653 -0.392026 0.714678 0.0346016 0.997021 0.456355 1.13891 0.813817 1.12034
18.055 -0.907444 -0.998429 -0.948757 -0.765426 -0.474263 -0.116287 0.258072 0.596073 0.850102 0.984369 0.97996 0.837497 0.577048 0.235306 -0.139585 -0.494812 -0.780331 -0.955918 -0.996837 -0.897324 -0.671397 -0.350886 0.0190585 0.386318 -0.834424 -0.572466 -0.229861 0.145127 0.49967 0.78382 0.957547 0.996377 0.894839 0.667238 0.345637 -0.024656 -0.391476 -0.703145 -0.915757 -0.999358 -0.942172 -0.752254 -0.456361 -0.0961756 0.277558 0.61219 0.860578 0.98773 -1.13229 -0.77155 -1.12898 -0.402258 -0.966609 0.0237041 -0.668068 0.446327 -0.275411 0.806071 0.156045 1.05226 0.565518 1.15021 0.895322 1.08611 1.09899 0.869012 1.14784 0.529486 1.03499 0.115366 0.776321 -0.315005 0.40829 -0.701 -0.0172601 -0.988239 -0.440379 -1.13626 -0.801458 -1.1242 -1.04963 -0.953769 -1.14993 -0.648973 -1.08823 -0.25275 -0.873225 0.179079 -0.5352 0.58568 -0.121777 0.909772 0.308802 1.1057 0.695877 1.14585
18.105 -0.84207 -0.981603 -0.982851 -0.845636 -0.589289 -0.249925 0.124649 0.481662 0.770819 0.951385 0.997922 0.903873 0.682488 0.364956 -0.00399081 -0.372375 -0.6883 -0.907259 -0.998404 -0.948897 -0.76571 -0.474652 -0.116726 0.257645 -0.901464 -0.678385 -0.359737 0.00958954 0.377566 0.692351 0.909599 0.998705 0.947115 0.762097 0.469716 0.111163 -0.263051 -0.600206 -0.852806 -0.985264 -0.97892 -0.834667 -0.572829 -0.230291 0.14469 0.499287 0.783546 0.95742 -1.09371 -0.880288 -1.14902 -0.544827 -1.04246 -0.132611 -0.78904 0.298286 -0.424461 0.687162 -8.52704e-05 0.979232 0.424303 1.13335 0.788916 1.1278 1.04239 0.963373 1.14901 0.663225 1.09376 0.269644 0.884427 -0.161925 0.550496 -0.570681 0.139011 -0.899042 -0.292057 -1.10075 -0.681981 -1.14738 -0.975828 -1.03237 -1.1322 -0.771928 -1.12908 -0.402734 -0.966885 0.0231957 -0.668482 0.445858 -0.275905 0.805708 0.155541 1.05205 0.565075 1.15018
18.155 -0.761133 -0.946636 -0.998779 -0.910217 -0.693424 -0.378943 -0.0110778 0.358348 0.677291 0.900818 0.99744 0.953544 0.775315 0.487861 0.131677 -0.243056 -0.583548 -0.841831 -0.981519 -0.982932 -0.845871 -0.589646 -0.250352 0.124211 -0.951843 -0.771767 -0.482966 -0.126125 0.248483 0.588086 0.84484 0.982575 0.981886 0.842872 0.585115 0.244928 -0.129764 -0.486175 -0.774094 -0.952961 -0.997576 -0.901655 -0.67871 -0.36015 0.00914787 0.377157 0.692032 0.909416 -1.03491 -0.972757 -1.14783 -0.677327 -1.09905 -0.286476 -0.895429 0.144733 -0.565667 0.555553 -0.156214 0.888107 0.275246 1.09555 0.66793 1.14865 0.966517 1.03993 1.12894 0.784707 1.13233 0.418938 0.976188 -0.00585124 0.682527 -0.429816 0.292714 -0.793229 -0.138337 -1.04489 -0.549899 -1.14935 -0.883993 -1.0919 -1.09355 -0.880616 -1.14905 -0.545275 -1.04268 -0.133116 -0.78941 0.297795 -0.424934 0.686754 -0.000593711 0.978964 0.42383 1.13326
18.205 -0.666128 -0.894174 -0.996249 -0.957975 -0.784744 -0.500959 -0.1466 0.228412 0.571246 0.833603 0.978524 0.985592 0.853812 0.601749 0.264912 -0.109245 -0.468012 -0.760846 -0.946494 -0.998801 -0.910399 -0.693742 -0.379352 -0.0115194 -0.98463 -0.850884 -0.597268 -0.259509 0.114808 0.472952 0.764467 0.948286 0.998511 0.908069 0.689699 0.374166 0.00592079 -0.363158 -0.681076 -0.903046 -0.997796 -0.951978 -0.772047 -0.483352 -0.126563 0.248055 0.587729 0.844604 -0.956986 -1.04725 -1.12543 -0.797309 -1.13532 -0.435046 -0.985269 -0.0114946 -0.696417 0.413676 -0.309456 0.780569 0.121102 1.0375 0.534599 1.14826 0.872782 1.09727 1.08801 0.891687 1.14996 0.560489 1.04991 0.15033 0.801945 -0.281007 0.441006 -0.672756 0.017939 -0.969728 -0.407655 -1.13009 -0.77582 -1.13124 -1.03469 -0.973029 -1.14779 -0.677738 -1.0992 -0.286968 -0.895749 0.144229 -0.566109 0.555107 -0.156718 0.887783 0.274752 1.09539
18.255 -0.558813 -0.825185 -0.975307 -0.988029 -0.86156 -0.613715 -0.279412 0.0942544 0.454642 0.750981 0.941523 0.999425 0.91653 0.704516 0.393251 0.0265854 -0.343825 -0.665799 -0.893976 -0.996211 -0.958102 -0.785017 -0.501341 -0.147036 -0.99922 -0.914276 -0.700532 -0.388097 -0.0209881 0.349078 0.669966 0.896471 0.996682 0.956483 0.781537 0.496489 0.141496 -0.23343 -0.575471 -0.836441 -0.979574 -0.984707 -0.851116 -0.597622 -0.259936 0.11437 0.472563 0.764182 -0.861374 -1.10238 -1.08222 -0.902555 -1.15061 -0.575576 -1.0569 -0.16751 -0.814297 0.264154 -0.456978 0.658605 -0.0352803 0.960272 0.391388 1.12666 0.762918 1.13432 1.02697 0.982187 1.14634 0.691681 1.10422 0.303733 0.906541 -0.127004 0.581148 -0.539849 0.173884 -0.876641 -0.257877 -1.08993 -0.653308 -1.14968 -0.956703 -1.04746 -1.12532 -0.797675 -1.1354 -0.435517 -0.985532 -0.012003 -0.696822 0.413202 -0.309945 0.780195 0.120596 1.03728
18.305 -0.44117 -0.740946 -0.936339 -0.999823 -0.922453 -0.71513 -0.40706 -0.0416453 0.329637 0.65448 0.887122 0.994787 0.962309 0.794262 0.514322 0.161924 -0.213285 -0.558447 -0.824936 -0.975209 -0.988097 -0.861784 -0.614064 -0.279836 -0.995343 -0.960771 -0.790848 -0.509512 -0.156397 0.218751 0.563082 0.828087 0.976433 0.98722 0.85893 0.609636 0.274457 -0.0993873 -0.45923 -0.754377 -0.943249 -0.999237 -0.914455 -0.700847 -0.388504 -0.0214297 0.348664 0.669638 -0.749842 -1.13715 -1.01902 -0.991121 -1.14463 -0.705468 -1.109 -0.32043 -0.917128 0.10975 -0.596055 0.524468 -0.19101 0.8653 0.240943 1.08423 0.638953 1.15042 0.946948 1.05453 1.12154 0.810091 1.13813 0.451523 0.994383 0.0293461 0.710549 -0.396965 0.326615 -0.767353 -0.103333 -1.02964 -0.518723 -1.14687 -0.861036 -1.10253 -1.08205 -0.902871 -1.15062 -0.576016 -1.0571 -0.168013 -0.814657 0.263659 -0.457445 0.658187 -0.0357885 0.959992
18.355 -0.315373 -0.643013 -0.880067 -0.993138 -0.966298 -0.803327 -0.527186 -0.176775 0.198539 0.545884 0.816325 0.971764 0.990303 0.86933 0.625887 0.294271 -0.0788022 -0.440773 -0.740649 -0.936184 -0.999831 -0.922623 -0.715438 -0.407464 -0.97307 -0.98951 -0.866549 -0.621511 -0.288915 0.0843824 0.445792 0.7444 0.938137 0.999712 0.920449 0.711515 0.402345 0.036492 -0.334501 -0.658371 -0.88949 -0.9953 -0.960894 -0.791119 -0.509892 -0.156833 0.21832 0.562717 -0.624452 -1.15089 -0.936979 -1.06137 -1.11751 -0.822322 -1.1406 -0.467427 -1.00301 -0.0466825 -0.724115 0.380639 -0.34321 0.754336 0.0860455 1.02176 0.503179 1.14525 0.849426 1.10739 1.07601 0.913528 1.151 0.590968 1.06385 0.185154 0.826819 -0.246745 0.47331 -0.643882 0.0531214 -0.950311 -0.37455 -1.12286 -0.749456 -1.13723 -1.01878 -0.991379 -1.14458 -0.705869 -1.10913 -0.320918 -0.917435 0.109244 -0.59649 0.524016 -0.191512 0.864965
18.405 -0.183748 -0.533196 -0.807529 -0.968098 -0.992284 -0.876678 -0.637568 -0.308638 0.0637719 0.427198 0.730441 0.930781 0.999994 0.92833 0.725885 0.421178 0.0571367 -0.314954 -0.642675 -0.879857 -0.993086 -0.966411 -0.80359 -0.527561 -0.932813 -0.99996 -0.926235 -0.722023 -0.416094 -0.0515461 0.320263 0.646954 0.882504 0.993728 0.964957 0.800245 0.522797 0.171697 -0.203591 -0.550197 -0.819293 -0.972968 -0.989573 -0.866769 -0.621857 -0.289338 0.0839423 0.445397 -0.487522 -1.14337 -0.837624 -1.112 -1.06972 -0.923978 -1.15112 -0.605786 -1.07035 -0.202252 -0.838793 0.229775 -0.489067 0.629431 -0.0704423 0.940415 0.358106 1.11891 0.736206 1.13978 1.01059 1.00008 1.1426 0.719491 1.11365 0.337539 0.927807 -0.0919643 0.611257 -0.508512 0.208594 -0.853422 -0.223456 -1.0781 -0.624025 -1.1509 -0.936683 -1.06157 -1.11738 -0.822677 -1.14067 -0.467892 -1.00326 -0.0471905 -0.724511 0.380159 -0.343696 0.753952
18.455 -0.0487271 -0.413525 -0.720067 -0.925167 -0.999931 -0.933827 -0.736167 -0.434797 -0.0721739 0.300617 0.631058 0.872596 0.991205 0.970174 0.812468 0.540302 0.19202 -0.183314 -0.532823 -0.807268 -0.967988 -0.992339 -0.876891 -0.637908 -0.875317 -0.99193 -0.968802 -0.809191 -0.535582 -0.186522 0.188815 0.537552 0.81056 0.969378 0.991631 0.874186 0.633586 0.303729 -0.0689177 -0.431855 -0.733954 -0.932654 -0.999964 -0.926401 -0.722328 -0.416495 -0.0519872 0.319845 -0.341581 -1.11471 -0.722788 -1.14208 -1.00217 -1.00856 -1.14037 -0.732949 -1.11791 -0.354084 -0.937969 0.0746639 -0.625885 0.492893 -0.225628 0.841685 0.206415 1.0719 0.609379 1.15111 0.926495 1.06815 1.11309 0.834716 1.14287 0.483687 1.01165 0.064516 0.737907 -0.363744 0.360211 -0.74076 -0.0682314 -1.01342 -0.487061 -1.14331 -0.837275 -1.11213 -1.06953 -0.924281 -1.15112 -0.606218 -1.07054 -0.202753 -0.839141 0.229276 -0.489527 0.629005
18.505 0.0871946 -0.286212 -0.619297 -0.865137 -0.989098 -0.973717 -0.82116 -0.55292 -0.206786 0.16848 0.520011 0.798284 0.964096 0.994088 0.884034 0.64944 0.323354 -0.0482859 -0.413123 -0.71976 -0.924999 -0.999926 -0.933985 -0.736466 -0.801643 -0.965567 -0.993464 -0.881403 -0.645172 -0.318051 0.0538774 0.418215 0.723636 0.927112 0.999978 0.93197 0.732667 0.430147 0.0670292 -0.305532 -0.63505 -0.875103 -0.991874 -0.968911 -0.80945 -0.535955 -0.186956 0.188381 -0.189327 -1.06546 -0.594594 -1.15106 -0.916096 -1.0745 -1.10854 -0.846566 -1.14481 -0.499372 -1.01981 -0.0818267 -0.751136 0.347246 -0.376644 0.727399 0.0509087 1.00508 0.47129 1.14116 0.825276 1.11648 1.063 0.934515 1.15097 0.620895 1.07679 0.219804 0.85092 -0.212253 0.505171 -0.614407 0.0882541 -0.930005 -0.341095 -1.11459 -0.722392 -1.14215 -1.00192 -1.0088 -1.1403 -0.733341 -1.11803 -0.354568 -0.938264 0.0741565 -0.626312 0.492434
18.555 0.221505 -0.153608 -0.507081 -0.789118 -0.959985 -0.995611 -0.890977 -0.660824 -0.337576 0.0332297 0.399354 0.709218 0.919169 0.999629 0.939263 0.746575 0.448712 0.0876346 -0.285788 -0.61895 -0.864915 -0.989033 -0.973817 -0.821412 -0.713154 -0.921359 -0.999766 -0.937327 -0.742839 -0.443701 -0.0820559 0.291149 0.623338 0.867712 0.989844 0.972529 0.818206 0.548616 0.201737 -0.173561 -0.524409 -0.801379 -0.965452 -0.993514 -0.881612 -0.64551 -0.318469 0.0534364 -0.0335745 -0.996507 -0.455411 -1.13876 -0.81309 -1.12058 -1.05622 -0.944537 -1.15056 -0.63543 -1.0828 -0.236805 -0.862505 0.19518 -0.520699 0.599669 -0.105538 0.919678 0.32449 1.11012 0.708806 1.14418 0.993266 1.01704 1.1378 0.746628 1.12204 0.371029 0.948206 -0.0568388 0.640794 -0.4767 0.243109 -0.829404 -0.188826 -1.06526 -0.594159 -1.15105 -0.915788 -1.07468 -1.1084 -0.84691 -1.14487 -0.49983 -1.02005 -0.0823339 -0.751521 0.346761
18.605 0.351721 -0.018166 -0.385494 -0.698514 -0.913129 -0.999104 -0.944328 -0.756516 -0.462127 -0.102635 0.271316 0.607045 0.857254 0.986695 0.977132 0.829913 0.565777 0.221935 -0.153172 -0.506701 -0.788846 -0.959861 -0.995652 -0.891178 -0.611484 -0.860123 -0.98759 -0.975926 -0.826776 -0.561152 -0.216473 0.158702 0.51152 0.792275 0.961416 0.995115 0.888624 0.656945 0.332717 -0.0383836 -0.404077 -0.712844 -0.921188 -0.999756 -0.93748 -0.743134 -0.444097 -0.0824961 0.122799 -0.909142 -0.307812 -1.10541 -0.695058 -1.14595 -0.984386 -1.02505 -1.13504 -0.759745 -1.12578 -0.387407 -0.957933 0.0395081 -0.655131 0.460857 -0.260035 0.817282 0.171694 1.05857 0.579235 1.15073 0.905175 1.08077 1.10359 0.858562 1.14654 0.515398 1.02797 0.0996255 0.764575 -0.330182 0.39347 -0.713474 -0.0330663 -0.996253 -0.454944 -1.13868 -0.81273 -1.1207 -1.05602 -0.944827 -1.15054 -0.635854 -1.08297 -0.237303 -0.862841 0.194679
18.655 0.475437 0.117612 -0.256782 -0.595002 -0.849398 -0.984133 -0.980225 -0.838225 -0.578137 -0.236603 0.138264 0.493652 0.779496 0.955526 0.996943 0.897912 0.672386 0.352135 -0.0177244 -0.385086 -0.698198 -0.912949 -0.999086 -0.944473 -0.498514 -0.782991 -0.957162 -0.99649 -0.895434 -0.668231 -0.346889 0.0233221 0.390248 0.702196 0.91522 0.999309 0.942618 0.753133 0.457547 0.0975037 -0.276276 -0.611135 -0.859898 -0.98752 -0.976023 -0.827025 -0.561517 -0.216904 0.276903 -0.804974 -0.154523 -1.05163 -0.56418 -1.15014 -0.894356 -1.08662 -1.09854 -0.870018 -1.14796 -0.530849 -1.03566 -0.116894 -0.777455 0.313528 -0.409726 0.699781 0.0157243 0.98745 0.438959 1.13601 0.800354 1.12453 1.049 0.954628 1.14986 0.650241 1.08873 0.254249 0.874225 -0.177562 0.536559 -0.584357 0.123304 -0.90883 -0.307322 -1.10527 -0.694653 -1.146 -0.984122 -1.02528 -1.13495 -0.760127 -1.12589 -0.387886 -0.958215 0.0389999
18.705 0.590367 0.251216 -0.123325 -0.480492 -0.769969 -0.950973 -0.998007 -0.904443 -0.683463 -0.366198 0.00265651 0.371137 0.687332 0.906697 0.998328 0.949317 0.766568 0.475826 0.118051 -0.256355 -0.594647 -0.849165 -0.984055 -0.980313 -0.37633 -0.691388 -0.909044 -0.998636 -0.947542 -0.76296 -0.470894 -0.112489 0.261763 0.599139 0.852109 0.985035 0.979192 0.835402 0.573922 0.231589 -0.14337 -0.498131 -0.782716 -0.957034 -0.996526 -0.89563 -0.668559 -0.347303 0.425889 -0.685929 0.00162122 -0.978423 -0.422875 -1.13308 -0.787797 -1.12811 -1.04174 -0.964213 -1.14892 -0.66448 -1.09424 -0.271137 -0.88541 0.160404 -0.551844 0.569347 -0.140536 0.898081 0.290571 1.1003 0.680743 1.1475 0.975013 1.03305 1.13192 0.773066 1.12937 0.404173 0.967718 -0.0216601 0.669732 -0.444441 0.277396 -0.804611 -0.154019 -1.05143 -0.563737 -1.15012 -0.894036 -1.08679 -1.09838 -0.870351 -1.148 -0.5313 -1.03588 -0.1174
18.755 0.694385 0.380178 0.012412 -0.357102 -0.676309 -0.900238 -0.997344 -0.953945 -0.776157 -0.489025 -0.133 0.241762 0.582464 0.841111 0.981263 0.983176 0.846582 0.590723 0.251644 -0.122886 -0.480105 -0.769687 -0.950837 -0.998035 -0.247191 -0.587006 -0.844126 -0.982326 -0.982138 -0.843589 -0.586196 -0.246221 0.128441 0.485009 0.773249 0.952556 0.997668 0.902231 0.679689 0.361394 -0.00781361 -0.37592 -0.691068 -0.90886 -0.998613 -0.947683 -0.763246 -0.471284 0.567004 -0.554207 0.157736 -0.887129 -0.273754 -1.09507 -0.666678 -1.14875 -0.965681 -1.04059 -1.12864 -0.78583 -1.1326 -0.420368 -0.977001 0.00431531 -0.683764 0.428391 -0.294199 0.792115 0.136812 1.04425 0.54855 1.14927 0.883008 1.09238 1.09307 0.881604 1.14914 0.546627 1.04333 0.134642 0.790528 -0.296311 0.426361 -0.685521 0.00212966 -0.978155 -0.422402 -1.13299 -0.787426 -1.12821 -1.04152 -0.96449 -1.14889 -0.664895 -1.0944 -0.271631
18.805 0.78557 0.502113 0.147919 -0.227113 -0.57015 -0.832865 -0.978248 -0.985817 -0.854506 -0.602814 -0.266199 0.107918 0.466832 0.759979 0.946062 0.998866 0.910951 0.694703 0.380586 0.0128536 -0.35669 -0.675983 -0.900046 -0.997311 -0.113483 -0.471776 -0.763606 -0.947861 -0.998583 -0.908627 -0.690665 -0.375403 -0.00725506 0.361915 0.680099 0.902472 0.997706 0.952386 0.772895 0.48452 0.127887 -0.246763 -0.586649 -0.843889 -0.982243 -0.982221 -0.843826 -0.586554 0.69764 -0.412242 0.310935 -0.779439 -0.119574 -1.03683 -0.533238 -1.14815 -0.87178 -1.09773 -1.08751 -0.892657 -1.15003 -0.56183 -1.05054 -0.151853 -0.803046 0.279517 -0.442424 0.671509 -0.0194748 0.9689 0.406218 1.12979 0.774684 1.13153 1.03401 0.973849 1.14767 0.678979 1.09965 0.288455 0.896713 -0.142705 0.567446 -0.553761 0.158239 -0.886805 -0.27326 -1.09492 -0.666263 -1.14878 -0.965405 -1.0408 -1.12854 -0.786202 -1.13269 -0.420841
18.855 0.862236 0.614768 0.280693 -0.0929259 -0.453454 -0.7501 -0.941073 -0.99947 -0.917063 -0.705462 -0.394477 -0.0279192 0.342572 0.664803 0.893377 0.996094 0.958483 0.785843 0.502495 0.148356 -0.226683 -0.569787 -0.832621 -0.978156 0.0223221 -0.347827 -0.668975 -0.895879 -0.996573 -0.956872 -0.782368 -0.497646 -0.142817 0.232132 0.574379 0.835708 0.979305 0.984939 0.851816 0.598691 0.261224 -0.113044 -0.471387 -0.763321 -0.94772 -0.998607 -0.908811 -0.690984 0.815382 -0.262659 0.458387 -0.657344 0.0368155 -0.959424 -0.389943 -1.12634 -0.761767 -1.13458 -1.02627 -0.982987 -1.1462 -0.692909 -1.10466 -0.305215 -0.907487 0.125477 -0.582473 0.538492 -0.175402 0.875645 0.25638 1.08944 0.652043 1.14975 0.955848 1.0481 1.12499 0.798782 1.13565 0.436938 0.986325 0.0135388 0.698044 -0.411768 0.311424 -0.779065 -0.119069 -1.03661 -0.532787 -1.14812 -0.871448 -1.09788 -1.08734 -0.892978 -1.15005 -0.562274
18.905 0.922967 0.716062 0.408279 0.0429784 -0.328377 -0.653471 -0.886505 -0.99465 -0.962671 -0.795072 -0.515466 -0.163241 0.211981 0.557339 0.824181 0.974913 0.988302 0.86246 0.615117 0.281117 -0.0924862 -0.45306 -0.749807 -0.940923 0.157715 -0.217449 -0.561979 -0.827339 -0.976144 -0.987432 -0.859613 -0.610693 -0.275739 0.0980596 0.458044 0.7535 0.942805 0.999288 0.914994 0.701798 0.389733 0.0227637 -0.347413 -0.668646 -0.895682 -0.996536 -0.957 -0.782643 0.918055 -0.108221 0.597368 -0.5231 0.192525 -0.864287 -0.239441 -1.08371 -0.637675 -1.15047 -0.946074 -1.05515 -1.12119 -0.811181 -1.13836 -0.452936 -0.995156 -0.0308815 -0.711757 0.395523 -0.328087 0.766207 0.101803 1.02895 0.517351 1.14674 0.860016 1.10297 1.08152 0.903823 1.15067 0.577345 1.05771 0.169532 0.815741 -0.262164 0.458854 -0.656927 0.0373236 -0.959143 -0.389464 -1.12624 -0.761385 -1.13467 -1.02604 -0.983251 -1.14616 -0.693314
18.955 0.96664 0.804121 0.528319 0.178088 -0.197231 -0.544765 -0.815554 -0.971448 -0.990487 -0.869988 -0.626927 -0.295546 0.077472 0.439575 0.739752 0.935714 0.999855 0.923137 0.71637 0.408682 0.0434197 -0.32796 -0.653136 -0.886301 0.290192 -0.0830528 -0.444597 -0.743508 -0.937675 -0.999743 -0.92097 -0.712452 -0.403566 -0.0378254 0.333244 0.657366 0.88888 0.99517 0.961262 0.791934 0.511039 0.158151 -0.217018 -0.561614 -0.82709 -0.976048 -0.987502 -0.859838 1.00376 0.0482171 0.725309 -0.379189 0.344676 -0.753176 -0.0845138 -1.02106 -0.501798 -1.14509 -0.848389 -1.10781 -1.07546 -0.914462 -1.15102 -0.592286 -1.06443 -0.186669 -0.827887 0.245244 -0.474709 0.642609 -0.0546557 0.949443 0.373098 1.12252 0.74829 1.13746 1.01806 0.992159 1.14442 0.707082 1.10954 0.322393 0.918362 -0.107715 0.597803 -0.522647 0.193026 -0.863951 -0.238944 -1.08354 -0.637251 -1.15049 -0.945784 -1.05535 -1.12108 -0.811542
19.005 0.992448 0.877319 0.638595 0.309907 -0.0624402 -0.425991 -0.729529 -0.930293 -0.999998 -0.928826 -0.726802 -0.422388 -0.0584688 0.313687 0.641652 0.879222 0.992929 0.966753 0.804384 0.528694 0.178523 -0.196798 -0.544395 -0.815298 0.417307 0.0528786 -0.318999 -0.645936 -0.881875 -0.993578 -0.965307 -0.801045 -0.523933 -0.173011 0.202284 0.549083 0.818527 0.972659 0.989765 0.867434 0.622901 0.290615 -0.0826126 -0.444202 -0.743213 -0.937521 -0.999753 -0.921142 1.07092 0.203764 0.839844 -0.228269 0.490457 -0.628145 0.0719753 -0.939528 -0.356646 -1.11855 -0.735024 -1.14 -1.00985 -1.00084 -1.14242 -0.720689 -1.11404 -0.339007 -0.928716 0.0904332 -0.612558 0.507134 -0.210104 0.85239 0.221949 1.07756 0.622734 1.15093 0.93579 1.06216 1.11701 0.823751 1.14087 0.469295 1.00401 0.0487251 0.725703 -0.378709 0.345161 -0.752791 -0.0840067 -1.02082 -0.50134 -1.14504 -0.848045 -1.10795 -1.07528 -0.91477
19.055 0.999914 0.934303 0.737069 0.435998 0.0735046 -0.299344 -0.630022 -0.871943 -0.991027 -0.970497 -0.813245 -0.541424 -0.193329 0.182002 0.531693 0.80648 0.967652 0.992503 0.877531 0.638935 0.310327 -0.0619994 -0.425591 -0.729227 0.536709 0.187833 -0.187505 -0.536427 -0.809778 -0.969049 -0.991803 -0.874833 -0.634618 -0.305 0.0675865 0.430651 0.733047 0.932172 0.999974 0.926903 0.72325 0.417708 0.0533197 -0.31858 -0.645599 -0.881667 -0.993528 -0.965422 1.11828 0.355545 0.938858 -0.0731311 0.627174 -0.491505 0.227134 -0.840636 -0.204904 -1.07134 -0.608075 -1.15112 -0.925582 -1.06872 -1.11269 -0.835773 -1.14305 -0.48508 -1.01238 -0.0660494 -0.739085 0.362286 -0.361669 0.739583 0.0666981 1.01269 0.485669 1.14313 0.83622 1.11253 1.06897 0.925196 1.15112 0.607523 1.0711 0.204264 0.840192 -0.227771 0.490917 -0.627719 0.0724827 -0.939234 -0.356163 -1.11843 -0.734633 -1.14007 -1.00961 -1.00109
19.105 0.988901 0.97402 0.821921 0.554031 0.208091 -0.167165 -0.518871 -0.797479 -0.96374 -0.994232 -0.884657 -0.650454 -0.324616 0.0469531 0.411908 0.718833 0.924491 0.999909 0.934461 0.737368 0.436396 0.0739451 -0.298923 -0.629679 0.646191 0.319315 -0.052545 -0.417003 -0.722714 -0.926611 -0.999969 -0.932452 -0.733574 -0.431351 -0.0683604 0.304261 0.634018 0.874457 0.991703 0.96924 0.810233 0.537081 0.188267 -0.187071 -0.536054 -0.809519 -0.96894 -0.991859 1.14497 0.500755 1.02052 0.0833587 0.752299 -0.345781 0.378095 -0.726208 -0.0493742 -1.00433 -0.469888 -1.14096 -0.824205 -1.11686 -1.06241 -0.935411 -1.15094 -0.622187 -1.07733 -0.221311 -0.851953 0.210743 -0.50655 0.613108 -0.0897854 0.929099 0.339628 1.1142 0.721196 1.14234 1.00116 1.00954 1.14009 0.734524 1.1184 0.356029 0.939153 -0.0726237 0.6276 -0.491045 0.227633 -0.840289 -0.204403 -1.07115 -0.607643 -1.15112 -0.92528 -1.06891
19.155 0.95961 0.995735 0.891582 0.661825 0.338832 -0.0318961 -0.39813 -0.708277 -0.918642 -0.999591 -0.93972 -0.747462 -0.449904 -0.0889637 0.284509 0.617902 0.864245 0.988835 0.97412 0.822172 0.554399 0.208523 -0.166729 -0.518493 0.743731 0.444897 0.0833857 -0.289872 -0.622294 -0.867048 -0.989654 -0.972839 -0.818972 -0.549731 -0.203044 0.172247 0.523273 0.80058 0.965104 0.993665 0.882241 0.646528 0.319734 -0.0521039 -0.416601 -0.722409 -0.926445 -0.999965 1.15051 0.63671 1.08332 0.238308 0.863521 -0.193667 0.522068 -0.598358 0.107068 -0.918754 -0.323016 -1.10972 -0.707595 -1.14435 -0.992488 -1.01776 -1.13756 -0.747796 -1.12238 -0.372483 -0.949076 0.0553046 -0.64207 0.475301 -0.24461 0.828338 0.18731 1.06468 0.592843 1.15103 0.914856 1.07523 1.10799 0.84795 1.14503 0.501213 1.02076 0.0838658 0.752684 -0.345296 0.378575 -0.725813 -0.0488663 -1.00408 -0.469424 -1.14089 -0.82385 -1.11698
19.205 0.912585 0.999047 0.944766 0.757387 0.46331 0.103962 -0.270032 -0.605984 -0.856566 -0.986477 -0.977415 -0.830656 -0.566877 -0.223236 0.151853 0.50555 0.788026 0.959486 0.995775 0.891782 0.662156 0.339247 -0.0314547 -0.397725 0.827526 0.562255 0.217775 -0.157385 -0.510373 -0.79146 -0.961048 -0.995246 -0.889235 -0.65795 -0.333975 0.0370502 0.402856 0.711908 0.920668 0.999725 0.937944 0.744027 0.445292 0.0838258 -0.28945 -0.621948 -0.866828 -0.98959 1.13478 0.760898 1.1261 0.388853 0.958784 -0.037973 0.656393 -0.459449 0.261531 -0.816199 -0.170175 -1.05796 -0.577907 -1.15069 -0.904225 -1.0813 -1.10316 -0.859584 -1.14668 -0.516771 -1.02866 -0.101156 -0.765722 0.32871 -0.394913 0.712268 0.031531 0.995482 0.453533 1.13846 0.811642 1.12105 1.05541 0.945704 1.15049 0.637134 1.08349 0.238805 0.863857 -0.193165 0.522522 -0.597923 0.107574 -0.918447 -0.322528 -1.10958 -0.707194 -1.1444
19.255 0.848693 0.983895 0.980488 0.838952 0.579226 0.237899 -0.136942 -0.492492 -0.778659 -0.955131 -0.997046 -0.898499 -0.673373 -0.353383 0.0163903 0.383855 0.697242 0.912404 0.999028 0.94491 0.757676 0.463701 0.104401 -0.269606 0.896027 0.669223 0.34814 -0.0219881 -0.389019 -0.701245 -0.914681 -0.999259 -0.943063 -0.75401 -0.458733 -0.0988315 0.274994 0.610078 0.859216 0.987309 0.976312 0.827774 0.562621 0.218206 -0.156948 -0.509993 -0.79119 -0.960926 1.09808 0.871023 1.14807 0.532211 1.03633 0.118422 0.778587 -0.31205 0.411161 -0.698561 -0.0141885 -0.98666 -0.437539 -1.13576 -0.79925 -1.12486 -1.04836 -0.955486 -1.14979 -0.651508 -1.08923 -0.255746 -0.875223 0.176044 -0.537918 0.583034 -0.124831 0.907887 0.305841 1.10484 0.693427 1.14614 0.983325 1.02598 1.13469 0.761279 1.12621 0.389331 0.959065 -0.0374648 0.656811 -0.458983 0.262026 -0.815841 -0.169672 -1.05776 -0.577467 -1.15067
19.305 0.769117 0.95056 0.99809 0.905011 0.684436 0.367439 -0.00132221 -0.369897 -0.686362 -0.906133 -0.99825 -0.949735 -0.767424 -0.476999 -0.119375 0.255065 0.593573 0.848459 0.983816 0.980575 0.839192 0.579586 0.238328 -0.136505 0.947968 0.763822 0.472071 0.113815 -0.260475 -0.59807 -0.851409 -0.984804 -0.979462 -0.836134 -0.575014 -0.232887 0.142049 0.496973 0.781885 0.956646 0.996637 0.896223 0.669551 0.348554 -0.0215465 -0.388612 -0.70093 -0.914503 1.04108 0.965051 1.14882 0.665734 1.09472 0.272629 0.886391 -0.158883 0.553192 -0.568011 0.14206 -0.89712 -0.289084 -1.09984 -0.679503 -1.14762 -0.974195 -1.03373 -1.13164 -0.774204 -1.12967 -0.40561 -0.968549 0.0201244 -0.670981 0.443024 -0.278886 0.803511 0.152497 1.0508 0.562397 1.15006 0.893067 1.08729 1.09792 0.871356 1.14811 0.532662 1.03655 0.118928 0.778961 -0.31156 0.411636 -0.698157 -0.0136801 -0.986398 -0.437069 -1.13568
19.355 0.675325 0.899656 0.997246 0.954345 0.776997 0.490188 0.134322 -0.240467 -0.581379 -0.840388 -0.981005 -0.983419 -0.847292 -0.591799 -0.252935 0.121562 0.478934 0.768834 0.950423 0.998117 0.905199 0.684758 0.36785 -0.000880521 0.982389 0.844305 0.587277 0.247514 -0.127118 -0.483841 -0.772402 -0.952149 -0.997758 -0.902806 -0.680667 -0.362638 0.00647934 0.374684 0.690103 0.908302 0.998542 0.948108 0.764107 0.47246 0.114254 -0.260049 -0.597716 -0.851178 0.964845 1.04124 1.12834 0.786952 1.13287 0.421797 0.977813 -0.00277937 0.684999 -0.426965 0.295683 -0.791 -0.135287 -1.0436 -0.547199 -1.14918 -0.882022 -1.09287 -1.09259 -0.882591 -1.14923 -0.547978 -1.04397 -0.136167 -0.791643 0.294827 -0.427787 0.684286 -0.0036656 0.977345 0.420973 1.13272 0.786305 1.12851 1.04086 0.965328 1.14879 0.666148 1.09487 0.273123 0.886715 -0.158379 0.553638 -0.567569 0.142565 -0.896801 -0.288592 -1.09969
19.405 0.569053 0.832126 0.97797 0.98604 0.855199 0.603878 0.267485 -0.106592 -0.465652 -0.759112 -0.945629 -0.998928 -0.9115 -0.695662 -0.38182 -0.0141878 0.355443 0.675 0.899464 0.997213 0.954477 0.777275 0.490573 0.13476 0.998653 0.909183 0.691629 0.376639 0.00858932 -0.360671 -0.67912 -0.901896 -0.997615 -0.952792 -0.773741 -0.485687 -0.12921 0.245469 0.585567 0.843172 0.981992 0.982471 0.844541 0.587634 0.247942 -0.126679 -0.483455 -0.772122 0.870776 1.09819 1.087 0.893626 1.15009 0.56317 1.05116 0.153375 0.804146 -0.278027 0.443842 -0.670261 0.0210105 -0.96807 -0.404781 -1.1295 -0.773548 -1.13181 -1.03334 -0.974667 -1.14755 -0.680219 -1.1001 -0.289942 -0.897675 0.141181 -0.568782 0.552414 -0.15976 0.885825 0.271768 1.09444 0.66501 1.14888 0.964567 1.04146 1.12824 0.787323 1.13296 0.42227 0.978081 -0.00227093 0.685407 -0.426492 0.296175 -0.79063 -0.134782 -1.04339
19.455 0.452264 0.749216 0.940621 0.999512 0.917594 0.706407 0.395703 0.0292529 -0.341318 -0.663805 -0.892777 -0.995975 -0.958863 -0.786668 -0.503648 -0.149676 0.225383 0.56869 0.831881 0.977878 0.986114 0.855427 0.60423 0.26791 0.996461 0.957258 0.783199 0.498803 0.144137 -0.230834 -0.573286 -0.834975 -0.979034 -0.985168 -0.852514 -0.599759 -0.262512 0.111718 0.470209 0.762459 0.947294 0.998676 0.909367 0.691948 0.377048 0.009031 -0.360259 -0.678796 0.760615 1.13484 1.02558 0.983785 1.14606 0.694134 1.10509 0.306695 0.908431 -0.12395 0.583798 -0.537134 0.17692 -0.874647 -0.254882 -1.08894 -0.650777 -1.14983 -0.954991 -1.04873 -1.12467 -0.799887 -1.1359 -0.438359 -0.987116 -0.0150747 -0.699265 0.410333 -0.312903 0.777934 0.117541 1.03594 0.531425 1.14801 0.870444 1.09834 1.08684 0.893947 1.15012 0.563613 1.05137 0.153879 0.80451 -0.277533 0.444311 -0.669847 0.0215188 -0.967794
19.505 0.327116 0.65246 0.885887 0.994512 0.963031 0.795881 0.516608 0.164557 -0.210677 -0.556231 -0.823424 -0.974615 -0.988504 -0.863135 -0.616168 -0.282397 0.0911575 0.45187 0.748924 0.940471 0.999526 0.91777 0.70672 0.396109 0.975853 0.987642 0.860294 0.611749 0.277022 -0.0967316 -0.456858 -0.752622 -0.942359 -0.999338 -0.915532 -0.702748 -0.390962 -0.0240976 0.346161 0.667654 0.895088 0.996424 0.957386 0.783473 0.499186 0.144575 -0.230404 -0.572924 0.636395 1.15052 0.945198 1.05576 1.12084 0.81227 1.13859 0.454347 0.995927 0.0324169 0.712964 -0.39408 0.329559 -0.76506 -0.100273 -1.02826 -0.515979 -1.1466 -0.858994 -1.10341 -1.081 -0.904773 -1.15071 -0.578673 -1.05831 -0.171051 -0.816824 0.260668 -0.460262 0.655665 -0.0388587 0.958293 0.388019 1.12592 0.760233 1.13493 1.02535 0.984049 1.14601 0.69454 1.10523 0.307185 0.908743 -0.123445 0.584236 -0.536684 0.177422 -0.874317
19.555 0.195923 0.543646 0.814781 0.971131 0.99067 0.870646 0.627966 0.29682 -0.0761416 -0.438377 -0.738854 -0.935243 -0.999876 -0.923649 -0.7173 -0.409899 -0.0447527 0.326699 0.652126 0.885682 0.994465 0.96315 0.796148 0.516987 0.93721 0.999773 0.921489 0.713388 0.404786 0.0391587 -0.331985 -0.65636 -0.888268 -0.995038 -0.961629 -0.792748 -0.512186 -0.159468 0.215715 0.560509 0.82634 0.975757 0.987711 0.860519 0.612098 0.277446 -0.096292 -0.456465 0.500415 1.14493 0.84735 1.10823 1.07491 0.915394 1.15104 0.593602 1.06502 0.188185 0.828953 -0.243744 0.476108 -0.641334 0.0561898 -0.948574 -0.371644 -1.12218 -0.747122 -1.1377 -1.01735 -0.992937 -1.14425 -0.708293 -1.10995 -0.323867 -0.919287 0.106185 -0.599115 0.521279 -0.19454 0.862935 0.237441 1.08302 0.635972 1.15054 0.944908 1.05596 1.12073 0.81263 1.13866 0.454814 0.996182 0.0329251 0.713363 -0.393603 0.330046 -0.76468
19.605 0.0611085 0.424784 0.728616 0.929802 1 0.929319 0.727718 0.423597 0.0598008 -0.31242 -0.640628 -0.878585 -0.992769 -0.967094 -0.805176 -0.529826 -0.179836 0.19549 0.543275 0.814525 0.971026 0.99073 0.870863 0.62831 0.881246 0.993426 0.965654 0.801843 0.52507 0.174325 -0.200977 -0.547967 -0.81776 -0.972348 -0.989954 -0.868097 -0.623944 -0.291891 0.0812828 0.443006 0.742319 0.937056 0.999782 0.921661 0.713698 0.40519 0.0396001 -0.331569 0.355186 1.11819 0.733842 1.14021 1.00912 1.0016 1.14223 0.721886 1.11442 0.340475 0.929622 -0.0889019 0.613858 -0.505754 0.211614 -0.851357 -0.220442 -1.07702 -0.621442 -1.15096 -0.934894 -1.06275 -1.11664 -0.824823 -1.14108 -0.470697 -1.00476 -0.0502596 -0.726895 0.377258 -0.346626 0.751628 0.0824748 1.02011 0.499957 1.14488 0.847006 1.10836 1.07473 0.915702 1.15105 0.594038 1.06521 0.188686 0.829306 -0.243247 0.476571 -0.640911
19.655 -0.0748352 0.298071 0.628985 0.871289 0.990848 0.970818 0.81402 0.542546 0.194638 -0.18069 -0.530563 -0.805691 -0.967314 -0.992665 -0.87817 -0.639961 -0.311595 0.0606676 0.424384 0.728313 0.92964 1 0.929482 0.728021 0.808994 0.968719 0.991972 0.875478 0.635649 0.30627 -0.0662552 -0.429447 -0.732138 -0.931688 -0.999983 -0.927402 -0.724171 -0.41892 -0.054652 0.317315 0.644579 0.881037 0.993375 0.965769 0.802107 0.525445 0.17476 -0.200545 0.203392 1.07078 0.606771 1.15112 0.924668 1.06929 1.1123 0.836829 1.14323 0.486472 1.01311 0.0675828 0.740262 -0.360828 0.363127 -0.738406 -0.0651646 -1.01196 -0.484276 -1.14295 -0.835164 -1.11292 -1.06839 -0.926109 -1.15111 -0.608828 -1.07166 -0.205776 -0.841241 0.226265 -0.492306 0.626431 -0.0740155 0.938345 0.354702 1.11807 0.73345 1.14028 1.00887 1.00185 1.14216 0.722282 1.11455 0.340961 0.929922 -0.088395 0.614288 -0.505298
19.705 -0.209396 0.165849 0.51773 0.796674 0.963383 0.994374 0.885279 0.651467 0.325878 -0.0456202 -0.410691 -0.717905 -0.923982 -0.99989 -0.934935 -0.738268 -0.437596 -0.0752757 0.297649 0.628642 0.871072 0.990788 0.970923 0.814277 0.721792 0.926109 0.999957 0.932934 0.73448 0.432555 0.0696916 -0.30299 -0.632986 -0.873809 -0.991531 -0.969568 -0.811014 -0.538206 -0.189577 0.18576 0.534927 0.808735 0.968609 0.992028 0.875692 0.63599 0.306691 -0.0658145 0.0478397 1.00358 0.468485 1.14076 0.823132 1.11723 1.06182 0.936305 1.15092 0.623479 1.07787 0.222818 0.852985 -0.209233 0.507929 -0.611807 0.0913166 -0.928192 -0.33816 -1.11381 -0.719998 -1.14252 -1.0004 -1.01028 -1.13987 -0.735706 -1.11876 -0.357489 -0.94004 0.0710908 -0.628887 0.489655 -0.229138 0.839238 0.202892 1.07059 0.606338 1.15112 0.924365 1.06948 1.11217 0.837178 1.14329 0.486933 1.01335 0.0680903 0.740651 -0.360345
19.755 -0.340087 0.0305625 0.396906 0.707334 0.918114 0.999552 0.940175 0.748348 0.451095 0.0902926 -0.28323 -0.616852 -0.863573 -0.988635 -0.97442 -0.822931 -0.555509 -0.209828 0.165414 0.517352 0.796407 0.963265 0.99442 0.885484 0.621249 0.866382 0.989461 0.973147 0.819737 0.550845 0.20435 -0.170933 -0.522135 -0.79978 -0.964753 -0.993814 -0.882868 -0.647546 -0.320998 0.0507714 0.415388 0.721486 0.925942 0.999953 0.933093 0.73478 0.432953 0.0701322 -0.108597 0.917827 0.321542 1.10931 0.706383 1.14451 0.991709 1.01848 1.13733 0.748963 1.12272 0.373936 0.949944 -0.0537704 0.643344 -0.473902 0.24611 -0.827271 -0.185795 -1.0641 -0.591526 -1.15101 -0.913923 -1.07578 -1.10757 -0.848988 -1.14518 -0.502595 -1.02147 -0.0853976 -0.753846 0.34383 -0.380026 0.72462 0.0473317 1.00333 0.468021 1.14069 0.822776 1.11735 1.06162 0.936601 1.15091 0.623907 1.07805 0.223317 0.853327 -0.208733
19.805 -0.464492 -0.105289 0.268747 0.604922 0.855877 0.986258 0.977696 0.831399 0.567975 0.224537 -0.150534 -0.504398 -0.787203 -0.959109 -0.995897 -0.892385 -0.663156 -0.340502 0.030121 0.396501 0.707022 0.917939 0.999539 0.940326 0.509225 0.790644 0.960679 0.995375 0.889844 0.658955 0.335232 -0.0357168 -0.401634 -0.71097 -0.920146 -0.999693 -0.938406 -0.744917 -0.446486 -0.0851554 0.288172 0.620903 0.866162 0.989397 0.973248 0.81999 0.551213 0.204783 -0.263027 0.815116 0.168656 1.05736 0.576578 1.15064 0.903274 1.08183 1.10272 0.860605 1.14681 0.518143 1.02935 0.102686 0.766868 -0.327238 0.396355 -0.711061 -0.0299956 -0.99471 -0.452121 -1.13823 -0.810552 -1.12139 -1.05479 -0.946579 -1.15044 -0.638412 -1.08401 -0.240308 -0.864872 0.191651 -0.52389 0.59661 -0.109103 0.91752 0.321054 1.10917 0.705981 1.14457 0.991451 1.01871 1.13725 0.749349 1.12283 0.374417 0.950231 -0.0532625
19.855 -0.580313 -0.239195 0.135621 0.49133 0.777822 0.954735 0.997148 0.899084 0.674359 0.354631 -0.0150562 -0.382622 -0.696285 -0.911857 -0.998968 -0.945346 -0.758546 -0.464883 -0.105728 0.268321 0.60457 0.855648 0.986184 0.977789 0.387789 0.700293 0.914141 0.999207 0.943506 0.754886 0.459919 0.100159 -0.273711 -0.60902 -0.858533 -0.987096 -0.9766 -0.828522 -0.563723 -0.219508 0.155631 0.508844 0.790373 0.960556 0.995417 0.890046 0.659287 0.335648 -0.412595 0.697339 0.0126527 0.985868 0.436118 1.13551 0.798144 1.12518 1.04773 0.956341 1.14971 0.652773 1.08972 0.257244 0.87622 -0.174526 0.539275 -0.581709 0.126358 -0.906941 -0.30436 -1.10441 -0.692201 -1.14628 -0.982525 -1.02668 -1.13443 -0.762431 -1.12652 -0.390777 -0.959914 0.0359297 -0.658072 0.457574 -0.263522 0.814757 0.168153 1.05716 0.576138 1.15063 0.902958 1.082 1.10257 0.860943 1.14686 0.518597 1.02957 0.103192
19.905 -0.685408 -0.36868 -1.20916e-05 0.368657 0.685391 0.905568 0.99817 0.950152 0.768279 0.478171 0.1207 -0.253775 -0.592499 -0.847753 -0.983576 -0.980836 -0.839917 -0.580672 -0.239624 0.135183 0.490945 0.777544 0.954604 0.997181 0.259187 0.597 0.850709 0.984572 0.97973 0.836865 0.576105 0.234184 -0.140728 -0.495815 -0.781052 -0.956257 -0.996745 -0.896814 -0.670542 -0.349804 0.0202125 0.387382 0.699978 0.913962 0.999189 0.943652 0.755175 0.460311 -0.554538 0.566675 -0.143584 0.896157 0.287597 1.09939 0.678263 1.14774 0.973376 1.0344 1.13136 0.77534 1.12996 0.407048 0.969378 -0.0185887 0.672228 -0.441606 0.280376 -0.802411 -0.150974 -1.05017 -0.561056 -1.14999 -0.892098 -1.0878 -1.09746 -0.872359 -1.14822 -0.534023 -1.03721 -0.120456 -0.780091 0.310081 -0.41307 0.696935 0.0121443 0.985605 0.435647 1.13543 0.797777 1.12529 1.04752 0.956624 1.14969 0.653192 1.08989 0.257739
19.955 -0.777837 -0.491351 -0.135644 0.239171 0.580293 0.839664 0.980745 0.98366 0.848 0.592874 0.254226 -0.120238 -0.477762 -0.76798 -0.950007 -0.998198 -0.905765 -0.68573 -0.36909 -0.000453783 0.368247 0.685069 0.90538 0.998143 0.125794 0.482673 0.771554 0.95174 0.997847 0.903379 0.681644 0.363881 -0.00514506 -0.373446 -0.689137 -0.907744 -0.998469 -0.948532 -0.764967 -0.473636 -0.115579 0.25876 0.596645 0.850477 0.984494 0.979818 0.837107 0.576466 -0.686232 0.425538 -0.297168 0.789883 0.133762 1.04295 0.545847 1.14909 0.881034 1.09335 1.0921 0.883576 1.14932 0.549329 1.04462 0.137692 0.792758 -0.293342 0.429213 -0.683051 0.00520153 -0.976532 -0.419543 -1.13244 -0.785183 -1.12882 -1.04021 -0.966164 -1.14869 -0.6674 -1.09535 -0.274615 -0.887694 0.156858 -0.554984 0.566232 -0.144089 0.895837 0.287105 1.09924 0.677852 1.14778 0.973105 1.03463 1.13127 0.775715 1.13006 0.407523
