10.005 0.602088 -0.142245 0.822176 -0.445596 0.959249 -0.703954 0.999467 -0.891234 0.938769 -0.988527 0.783283 -0.986008 0.54871 -0.883931 2.07198 -0.902278 2.00057 -0.871183 1.92916 -0.840088 1.85776 -0.808993 2.13886 -1.31772 2.05337 -1.26505 1.96787 -1.21238 2.00255 -1.5177 1.91159 -1.44876 1.82064 -1.37983 1.65884 -1.48775 1.57161 -1.40951 1.48438 -1.33128 1.19641 -1.27548 1.12171 -1.19585 1.04701 -1.11621 0.711001 -0.950145 0.656379 -0.877151 0.601756 -0.804156 0.547134 -0.731162 0.261771 -0.531841 0.232739 -0.472857 0.203707 -0.413872 0.174675 -0.354888
10.055 0.486467 -0.00465749 0.736006 -0.31814 0.91123 -0.599501 0.994448 -0.82033 0.977256 -0.95833 0.861391 -0.999568 0.658551 -0.939879 1.82699 -0.599011 1.76402 -0.578368 1.70106 -0.557724 1.6381 -0.53708 2.01123 -1.09754 1.93083 -1.05367 1.85044 -1.0098 1.97512 -1.37981 1.88541 -1.31714 1.7957 -1.25447 1.71087 -1.42895 1.6209 -1.35381 1.53094 -1.27867 1.29959 -1.28175 1.21845 -1.20172 1.13731 -1.1217 0.834624 -1.00007 0.770504 -0.923236 0.706384 -0.846406 0.642265 -0.769577 0.366307 -0.59398 0.325681 -0.528104 0.285055 -0.462228 0.24443 -0.396352
10.105 0.361587 0.133019 0.635827 -0.18463 0.845867 -0.483637 0.970501 -0.733811 0.997143 -0.909892 0.923103 -0.994102 0.755858 -0.977937 1.54722 -0.284343 1.4939 -0.274543 1.44058 -0.264744 1.38726 -0.254945 1.84531 -0.856466 1.77155 -0.82223 1.69779 -0.787994 1.9101 -1.21566 1.82334 -1.16045 1.73659 -1.10523 1.73034 -1.34296 1.63935 -1.27234 1.54836 -1.20172 1.37803 -1.26362 1.29199 -1.18473 1.20595 -1.10583 0.94236 -1.03095 0.869964 -0.951749 0.797567 -0.872546 0.725171 -0.793344 0.46387 -0.644813 0.412424 -0.5733 0.360978 -0.501786 0.309532 -0.430272
10.155 0.229824 0.268164 0.523546 -0.0476052 0.764404 -0.358568 0.928081 -0.633326 0.99805 -0.844137 0.967246 -0.969715 0.838779 -0.997382 1.23801 0.0357381 1.19534 0.0345064 1.15268 0.0332748 1.11001 0.0320432 1.64427 -0.59909 1.57855 -0.575142 1.51282 -0.551195 1.80872 -1.02837 1.72657 -0.981666 1.64442 -0.934957 1.71688 -1.23141 1.62659 -1.16665 1.53631 -1.1019 1.43024 -1.22144 1.34095 -1.14518 1.25165 -1.06892 1.03216 -1.04221 0.952865 -0.962146 0.873569 -0.882079 0.794274 -0.802011 0.552604 -0.683373 0.491317 -0.607583 0.43003 -0.531793 0.368743 -0.456003
10.205 0.0936876 0.398205 0.401299 0.0903256 0.668392 -0.226674 0.867997 -0.520786 0.979961 -0.762314 0.992978 -0.926871 0.905734 -0.997843 0.905232 0.355139 0.874035 0.342899 0.842838 0.33066 0.811641 0.318421 1.41194 -0.330311 1.3555 -0.317108 1.29906 -0.303904 1.67292 -0.821513 1.59693 -0.7842 1.52095 -0.746887 1.67073 -1.09641 1.58288 -1.03876 1.49502 -0.981101 1.45523 -1.15602 1.36438 -1.08384 1.27352 -1.01167 1.10231 -1.03364 1.01763 -0.954231 0.932944 -0.874822 0.848259 -0.795413 0.63082 -0.708926 0.560858 -0.630302 0.490897 -0.551678 0.420935 -0.473054
10.255 -0.0442324 0.520666 0.271415 0.226537 0.559658 -0.0904651 0.791392 -0.398333 0.943219 -0.665981 0.99981 -0.866386 0.95545 -0.979311 0.555225 0.667779 0.536091 0.644766 0.516956 0.621752 0.497821 0.598738 1.15273 -0.0552455 1.10665 -0.0530372 1.06057 -0.0508288 1.50527 -0.599016 1.4369 -0.571808 1.36853 -0.544601 1.59279 -0.94055 1.50903 -0.891091 1.42527 -0.841632 1.45253 -1.06859 1.36184 -1.00187 1.27115 -0.935153 1.15149 -1.00539 1.06302 -0.928153 0.974562 -0.850914 0.886099 -0.773675 0.69703 -0.720986 0.619725 -0.641024 0.54242 -0.561063 0.465115 -0.481101
10.305 -0.181311 0.633217 0.136365 0.358437 0.440271 0.0474653 0.699724 -0.268299 0.888525 -0.556973 0.987612 -0.789409 0.98698 -0.942139 0.19465 0.96771 0.187942 0.93436 0.181234 0.90101 0.174526 0.86766 0.871578 0.220872 0.836738 0.212043 0.801898 0.203214 1.30897 -0.365116 1.24952 -0.348533 1.19007 -0.331949 1.48453 -0.766786 1.40646 -0.726464 1.3284 -0.686143 1.42217 -0.960819 1.33338 -0.90083 1.24459 -0.840841 1.17874 -0.958007 1.08819 -0.884408 0.99763 -0.81081 0.907074 -0.737211 0.749972 -0.719323 0.666795 -0.639546 0.583619 -0.559768 0.500443 -0.479991
10.355 -0.314938 0.733716 -0.00128112 0.483514 0.312505 0.184492 0.594737 -0.133158 0.816919 -0.437363 0.956616 -0.697408 0.999725 -0.887036 -0.16963 1.24922 -0.163784 1.20617 -0.157938 1.16312 -0.152092 1.12007 0.573838 0.492785 0.5509 0.473087 0.527962 0.453388 1.08776 -0.124268 1.03836 -0.118624 0.98895 -0.112979 1.34801 -0.578428 1.27713 -0.548011 1.20624 -0.517594 1.36475 -0.834762 1.27954 -0.782643 1.19433 -0.730525 1.18356 -0.892388 1.09264 -0.823831 1.00171 -0.755273 0.910783 -0.686716 0.788639 -0.703968 0.701175 -0.625894 0.61371 -0.54782 0.526245 -0.469745
10.405 -0.44257 0.820249 -0.138903 0.599389 0.17879 0.318008 0.478431 0.00451738 0.729764 -0.309429 0.907413 -0.592132 0.993441 -0.815048 -0.530681 1.50696 -0.512392 1.45502 -0.494103 1.40309 -0.475814 1.35115 0.265176 0.755319 0.254576 0.725126 0.243976 0.694933 0.845848 0.118946 0.807429 0.113543 0.769011 0.108141 1.18584 -0.37906 1.12348 -0.359127 1.06112 -0.339194 1.28135 -0.692816 1.20135 -0.64956 1.12135 -0.606304 1.16586 -0.809784 1.07629 -0.747572 0.986724 -0.685361 0.897157 -0.62315 0.812296 -0.675214 0.722208 -0.600329 0.632119 -0.525444 0.542031 -0.450559
10.455 -0.561779 0.891171 -0.27388 0.703854 0.0416725 0.44547 0.353018 0.142107 0.628719 -0.175605 0.840938 -0.475586 0.968248 -0.727547 -0.881631 1.73601 -0.851248 1.67618 -0.820864 1.61635 -0.79048 1.55652 -0.0485329 1.00348 -0.0465929 0.963364 -0.0446529 0.923251 0.587833 0.359896 0.561133 0.343549 0.534434 0.327203 1.0011 -0.172477 0.948453 -0.163407 0.895809 -0.154337 1.17356 -0.537684 1.10029 -0.504113 1.02702 -0.470543 1.12596 -0.711766 1.03946 -0.657085 0.952956 -0.602404 0.866455 -0.547723 0.820493 -0.633609 0.729495 -0.563338 0.638497 -0.493067 0.5475 -0.422796
10.505 -0.670296 0.94513 -0.403645 0.794923 -0.0962383 0.564454 0.220886 0.276991 0.515707 -0.0384388 0.758457 -0.349988 0.924626 -0.626199 -1.2158 1.93202 -1.1739 1.86543 -1.132 1.79885 -1.0901 1.73227 -0.361318 1.23253 -0.346875 1.18326 -0.332432 1.134 0.318629 0.593996 0.304157 0.567016 0.289685 0.540037 0.797297 0.0373894 0.755371 0.0354232 0.713444 0.0334571 1.04344 -0.372317 0.97829 -0.349071 0.913143 -0.325826 1.06463 -0.600201 0.982841 -0.554091 0.901051 -0.507981 0.819261 -0.461871 0.813072 -0.579944 0.722897 -0.515624 0.632723 -0.451305 0.542548 -0.386986
10.555 -0.766054 0.981099 -0.525727 0.870862 -0.232317 0.672694 0.0845493 0.406604 0.392879 0.099459 0.66154 -0.217728 0.863405 -0.512931 -1.52683 2.09125 -1.47421 2.01918 -1.42159 1.94711 -1.36897 1.87504 -0.667227 1.43813 -0.640556 1.38064 -0.613884 1.32316 0.0433611 0.81679 0.0413917 0.779691 0.0394222 0.742592 0.578323 0.246544 0.547911 0.233579 0.5175 0.220614 0.893452 -0.199864 0.837669 -0.187386 0.781886 -0.174907 0.983038 -0.477213 0.907517 -0.440551 0.831995 -0.403889 0.756473 -0.367227 0.790175 -0.51524 0.70254 -0.458097 0.614905 -0.400953 0.52727 -0.34381
10.605 -0.847231 0.998395 -0.637802 0.930225 -0.363975 0.76813 -0.0533963 0.528477 0.262573 0.235464 0.552031 -0.0813241 0.78575 -0.389901 -1.8088 2.21068 -1.74646 2.1345 -1.68412 2.05831 -1.62179 1.98212 -0.960435 1.61636 -0.922044 1.55175 -0.883652 1.48713 -0.232732 1.02404 -0.222162 0.977525 -0.211591 0.931013 0.348341 0.451005 0.330023 0.427289 0.311706 0.403573 0.72646 -0.023607 0.681104 -0.0221331 0.635747 -0.0206592 0.882735 -0.345141 0.814919 -0.318625 0.747103 -0.29211 0.679287 -0.265595 0.752238 -0.440729 0.668811 -0.39185 0.585383 -0.34297 0.501955 -0.294091
10.655 -0.912283 0.996688 -0.737738 0.971882 -0.488704 0.848946 -0.190326 0.640292 0.12727 0.366987 0.432015 0.0566277 0.69314 -0.259449 -2.05634 2.28804 -1.98547 2.20919 -1.9146 2.13033 -1.84373 2.05148 -1.23536 1.76382 -1.18598 1.69331 -1.1366 1.62281 -0.504396 1.21179 -0.481486 1.15675 -0.458577 1.10171 0.111729 0.646883 0.105854 0.612866 0.0999784 0.578849 0.545642 0.1531 0.511575 0.143541 0.477508 0.133982 0.76563 -0.206499 0.706811 -0.190635 0.647991 -0.174771 0.589172 -0.158907 0.699984 -0.35783 0.622352 -0.318144 0.544719 -0.278459 0.467087 -0.238773
10.705 -0.95997 0.97601 -0.823632 0.995041 -0.604132 0.913603 -0.323632 0.739919 -0.0104558 0.491525 0.303776 0.193502 0.587336 -0.124059 -2.26474 2.32184 -2.18669 2.24183 -2.10864 2.16181 -2.03059 2.08179 -1.48678 1.8777 -1.42735 1.80265 -1.36791 1.72759 -0.766459 1.37648 -0.731647 1.31396 -0.696834 1.25144 -0.127009 0.830447 -0.120331 0.786778 -0.113652 0.743108 0.354438 0.326892 0.332309 0.306482 0.31018 0.286073 0.633952 -0.0639276 0.585249 -0.0590164 0.536546 -0.0541052 0.487843 -0.049194 0.634407 -0.26812 0.564047 -0.238384 0.493688 -0.208648 0.423328 -0.178911
10.755 -0.989386 0.936755 -0.893849 0.999261 -0.70806 0.960872 -0.450779 0.825463 -0.147983 0.606707 0.169756 0.326693 0.470354 0.0136919 -2.43003 2.31145 -2.34628 2.23179 -2.26254 2.15214 -2.17879 2.07248 -1.70989 1.95585 -1.64154 1.87767 -1.57319 1.79949 -1.01393 1.51498 -0.967881 1.44617 -0.921828 1.37736 -0.363331 0.998206 -0.344225 0.945715 -0.325119 0.893224 0.156488 0.494462 0.146718 0.463591 0.136948 0.432719 0.490208 0.0798608 0.452548 0.0737255 0.414888 0.0675903 0.377228 0.061455 0.556754 -0.173306 0.495007 -0.154086 0.433259 -0.134865 0.371512 -0.115644
10.805 -0.99997 0.879671 -0.947053 0.984461 -0.798512 0.989851 -0.569346 0.895295 -0.282693 0.710342 0.032504 0.453666 0.344419 0.151182 -2.54907 2.25707 -2.46122 2.17929 -2.37338 2.1015 -2.28553 2.02371 -1.90046 1.99677 -1.8245 1.91696 -1.74853 1.83714 -1.24211 1.62463 -1.18569 1.55084 -1.12928 1.47705 -0.592736 1.14696 -0.561567 1.08665 -0.530398 1.02634 -0.0444405 0.652622 -0.0416658 0.611875 -0.0388912 0.571129 0.337134 0.222129 0.311234 0.205064 0.285333 0.187999 0.259433 0.170934 0.468504 -0.0751941 0.416544 -0.0668546 0.364584 -0.0585152 0.312624 -0.0501757
10.855 -0.991521 0.805843 -0.982231 0.950924 -0.873766 0.99999 -0.677076 0.948087 -0.412022 0.800456 -0.105366 0.572003 0.211928 0.285795 -2.6196 2.15973 -2.52932 2.0853 -2.43904 2.01087 -2.34876 1.93643 -2.05486 1.99969 -1.97272 1.91976 -1.89058 1.83982 -1.44664 1.70337 -1.38094 1.626 -1.31523 1.54863 -0.81086 1.27389 -0.76822 1.2069 -0.725581 1.13992 -0.244523 0.798359 -0.229256 0.748513 -0.21399 0.698668 0.177642 0.36017 0.163995 0.3325 0.150348 0.30483 0.1367 0.27716 0.371337 0.0243492 0.330154 0.0216487 0.28897 0.0189482 0.247787 0.0162478
10.905 -0.9642 0.716676 -0.998714 0.899286 -0.932388 0.991095 -0.771919 0.982833 -0.533509 0.875335 -0.241231 0.679454 0.0754038 0.414969 -2.64026 2.02127 -2.54927 1.95162 -2.45828 1.88196 -2.36729 1.8123 -2.17015 1.96454 -2.0834 1.88602 -1.99665 1.80749 -1.62364 1.74968 -1.5499 1.67021 -1.47615 1.59074 -1.01355 1.37657 -0.960252 1.30419 -0.906954 1.2318 -0.439952 0.9289 -0.412483 0.870905 -0.385015 0.812909 0.0147699 0.491355 0.0136352 0.453607 0.0125005 0.415859 0.0113658 0.37811 0.267102 0.123429 0.237479 0.10974 0.207856 0.096051 0.178233 0.082362
10.955 -0.918526 0.613869 -0.996187 0.830532 -0.973264 0.963337 -0.852069 0.998873 -0.644842 0.933553 -0.372505 0.773972 -0.0625558 0.536244 -2.61067 1.84435 -2.5207 1.78079 -2.43073 1.71723 -2.34075 1.65367 -2.24413 1.89201 -2.15442 1.81638 -2.06472 1.74075 -1.76974 1.76269 -1.68936 1.68263 -1.60897 1.60257 -1.19695 1.45305 -1.13401 1.37664 -1.07106 1.30023 -0.627007 1.04176 -0.587859 0.976719 -0.548712 0.911677 -0.148384 0.613188 -0.136984 0.56608 -0.125585 0.518972 -0.114185 0.471864 0.157783 0.22016 0.140284 0.195743 0.122785 0.171326 0.105286 0.146909
11.005 -0.85537 0.499378 -0.9747 0.74597 -0.995614 0.917242 -0.916002 0.9959 -0.743901 0.974002 -0.496688 0.853759 -0.199325 0.647312 -2.53139 1.63232 -2.44415 1.57607 -2.35691 1.51981 -2.26967 1.46356 -2.27539 1.78346 -2.18444 1.71217 -2.09348 1.64088 -1.88215 1.74215 -1.79666 1.66302 -1.71117 1.58389 -1.35756 1.50188 -1.28618 1.4229 -1.21479 1.34392 -0.802127 1.13479 -0.752046 1.06394 -0.701965 0.993093 -0.308713 0.72335 -0.284996 0.667778 -0.26128 0.612207 -0.237563 0.556636 0.0454614 0.3127 0.0404194 0.278019 0.0353775 0.243339 0.0303356 0.208659
11.055 -0.775933 0.375382 -0.93466 0.64721 -0.999015 0.853689 -0.9625 0.973971 -0.8288 0.995912 -0.611417 0.917295 -0.3323 0.74606 -2.40392 1.38923 -2.32108 1.34135 -2.23823 1.29347 -2.15539 1.24559 -2.26335 1.64096 -2.17288 1.57537 -2.0824 1.50977 -1.95874 1.68845 -1.86977 1.61176 -1.7808 1.53507 -1.49234 1.52211 -1.41387 1.44207 -1.33539 1.36203 -0.96198 1.20623 -0.901919 1.13092 -0.841858 1.05561 -0.463167 0.819743 -0.427584 0.756767 -0.392001 0.69379 -0.356419 0.630814 -0.0677259 0.399288 -0.0602147 0.355005 -0.0527035 0.310721 -0.0451923 0.266438
11.105 -0.681727 0.244241 -0.876831 0.536131 -0.983401 0.773887 -0.990677 0.933505 -0.897925 0.998866 -0.714509 0.963372 -0.45895 0.830607 -2.23071 1.11969 -2.15383 1.0811 -2.07695 1.04251 -2.00008 1.00392 -2.20823 1.46723 -2.11996 1.40858 -2.03169 1.34993 -1.99804 1.60261 -1.90729 1.52982 -1.81654 1.45703 -1.59871 1.51338 -1.51464 1.4338 -1.43058 1.35422 -1.10352 1.2547 -1.03462 1.17637 -0.965726 1.09803 -0.608804 0.900534 -0.562033 0.831351 -0.515262 0.762168 -0.468491 0.692984 -0.179624 0.478276 -0.159703 0.425233 -0.139781 0.372189 -0.11986 0.319145
11.155 -0.574545 0.108451 -0.802312 0.414847 -0.949069 0.679356 -0.999999 0.87527 -0.949959 0.982809 -0.804002 0.991113 -0.576865 0.899345 -2.01503 0.828835 -1.94559 0.800271 -1.87614 0.771706 -1.8067 0.743142 -2.11108 1.26558 -2.02669 1.21499 -1.9423 1.1644 -1.99932 1.48627 -1.90851 1.41876 -1.8177 1.35126 -1.67466 1.47584 -1.58659 1.39823 -1.49853 1.32062 -1.22406 1.2793 -1.14764 1.19942 -1.07121 1.11955 -0.742854 0.964185 -0.685785 0.890112 -0.628715 0.816039 -0.571646 0.741965 -0.288104 0.548161 -0.256151 0.487367 -0.224199 0.426573 -0.192246 0.365778
11.205 -0.456428 -0.0294031 -0.712522 0.285667 -0.896673 0.571894 -0.990287 0.800376 -0.983912 0.948045 -0.878191 0.999989 -0.683799 0.950965 -1.761 0.522208 -1.70031 0.504211 -1.63962 0.486214 -1.57893 0.468217 -1.97374 1.03983 -1.89484 0.998267 -1.81595 0.956701 -1.96254 1.34164 -1.8734 1.2807 -1.78426 1.21977 -1.71872 1.41021 -1.62834 1.33605 -1.53796 1.2619 -1.3213 1.27954 -1.23881 1.19965 -1.15631 1.11976 -0.862765 1.00948 -0.796483 0.93193 -0.730202 0.854377 -0.66392 0.776824 -0.391099 0.607613 -0.347724 0.540225 -0.304349 0.472837 -0.260974 0.405449
11.255 -0.329623 -0.166698 -0.609171 0.15105 -0.82721 0.453546 -0.961726 0.710248 -0.999137 0.895236 -0.935665 0.989832 -0.777719 0.984485 -1.47345 0.205641 -1.42267 0.198554 -1.37189 0.191467 -1.32111 0.18438 -1.79884 0.794297 -1.72693 0.762546 -1.65503 0.730795 -1.8884 1.17147 -1.80263 1.11827 -1.71686 1.06506 -1.73008 1.31774 -1.6391 1.24844 -1.54813 1.17915 -1.39339 1.25543 -1.3064 1.17705 -1.2194 1.09866 -0.966254 1.03557 -0.892022 0.956011 -0.81779 0.876454 -0.743558 0.796897 -0.486651 0.6555 -0.432678 0.582801 -0.378706 0.510102 -0.324733 0.437403
11.305 -0.196544 -0.300819 -0.494224 0.0135579 -0.742002 0.326566 -0.91486 0.606601 -0.995345 0.825387 -0.97533 0.960834 -0.856836 0.999266 -1.15786 -0.114839 -1.11796 -0.110881 -1.07805 -0.106924 -1.03815 -0.102966 -1.5897 0.533642 -1.52615 0.512311 -1.46261 0.490979 -1.77833 0.979011 -1.69755 0.934544 -1.61678 0.890077 -1.7085 1.20019 -1.61866 1.13707 -1.52882 1.07396 -1.43897 1.20742 -1.34912 1.13204 -1.25928 1.05665 -1.05135 1.04194 -0.970582 0.961895 -0.889812 0.881848 -0.809043 0.801801 -0.57294 0.690909 -0.509397 0.614284 -0.445855 0.537658 -0.382313 0.461032
11.355 -0.0597248 -0.429215 -0.369871 -0.124192 -0.642671 0.19337 -0.850581 0.491408 -0.972608 0.739829 -0.996431 0.913549 -0.919644 0.995028 -0.820228 -0.433134 -0.79196 -0.418207 -0.763693 -0.40328 -0.735425 -0.388352 -1.3503 0.262831 -1.29633 0.252325 -1.24235 0.241818 -1.6344 0.767913 -1.56017 0.733034 -1.48593 0.698155 -1.65441 1.05979 -1.56741 1.00406 -1.48041 0.94833 -1.45715 1.13643 -1.36617 1.06548 -1.27519 0.994528 -1.11644 1.02848 -1.03067 0.949471 -0.944899 0.870458 -0.859129 0.791445 -0.648324 0.713169 -0.576421 0.634074 -0.504518 0.55498 -0.432615 0.475885
11.405 0.0782317 -0.549441 -0.238478 -0.259579 -0.531108 0.056494 -0.770113 0.366862 -0.931359 0.640189 -0.998566 0.848875 -0.964948 0.971851 -0.466984 -0.743184 -0.450891 -0.717572 -0.434797 -0.69196 -0.418703 -0.666347 -1.0852 -0.0129832 -1.04182 -0.0124642 -0.998444 -0.0119452 -1.45937 0.542199 -1.39308 0.517572 -1.3268 0.492945 -1.56883 0.899221 -1.48633 0.851935 -1.40383 0.804649 -1.44759 1.04382 -1.35721 0.978646 -1.26683 0.913475 -1.16028 0.99545 -1.07114 0.918975 -0.982 0.8425 -0.892862 0.766025 -0.711368 0.721854 -0.632473 0.641796 -0.553578 0.561738 -0.474683 0.48168
11.455 0.214699 -0.65921 -0.102546 -0.390024 -0.409436 -0.0814576 -0.674986 0.235334 -0.872383 0.528363 -0.981695 0.768044 -0.991886 0.930176 -0.104853 -1.03909 -0.101239 -1.00328 -0.0976255 -0.967469 -0.094012 -0.931659 -0.799448 -0.28855 -0.767491 -0.277016 -0.735534 -0.265482 -1.25656 0.306165 -1.19948 0.292259 -1.14241 0.278353 -1.45338 0.721537 -1.37696 0.683594 -1.30053 0.645652 -1.41049 0.93133 -1.32242 0.873183 -1.23436 0.815035 -1.18203 0.943469 -1.09122 0.870988 -1.00041 0.798506 -0.909602 0.726024 -0.760871 0.7168 -0.676486 0.637303 -0.592101 0.557805 -0.507716 0.478308
11.505 0.34708 -0.756431 0.0353386 -0.513046 -0.279971 -0.217859 -0.567012 0.0993258 -0.796802 0.406481 -0.946139 0.672595 -0.999944 0.870796 0.259275 -1.31522 0.25034 -1.26989 0.241404 -1.22456 0.232469 -1.17924 -0.498477 -0.558625 -0.478551 -0.536295 -0.458625 -0.513965 -1.02983 0.0643037 -0.983055 0.061383 -0.93628 0.0584624 -1.31028 0.53012 -1.24137 0.502243 -1.17247 0.474366 -1.34653 0.801118 -1.26246 0.7511 -1.17839 0.701082 -1.18128 0.873531 -1.09053 0.806422 -0.99978 0.739313 -0.909028 0.672205 -0.795893 0.698102 -0.707624 0.620679 -0.619355 0.543255 -0.531085 0.465831
11.555 0.472855 -0.839255 0.17255 -0.626303 -0.145177 -0.350113 -0.448246 -0.0385727 -0.706055 0.276863 -0.892574 0.564343 -0.98897 0.794842 0.618467 -1.56631 0.597153 -1.51233 0.575839 -1.45835 0.554525 -1.40437 -0.188018 -0.818067 -0.180502 -0.785366 -0.172986 -0.752665 -0.783502 -0.178782 -0.747915 -0.170661 -0.712328 -0.162541 -1.14223 0.328612 -1.08216 0.311332 -1.0221 0.294052 -1.25695 0.655657 -1.17847 0.614721 -1.1 0.573785 -1.15805 0.786966 -1.06909 0.726508 -0.980119 0.666049 -0.891152 0.605591 -0.815766 0.666117 -0.725293 0.592241 -0.63482 0.518365 -0.544346 0.444488
11.605 0.589629 -0.906105 0.306477 -0.727639 -0.00761966 -0.475704 -0.320947 -0.175737 -0.601869 0.141974 -0.82202 0.44535 -0.959172 0.703759 0.965888 -1.78759 0.932601 -1.72599 0.899314 -1.66438 0.866026 -1.60278 0.12602 -1.06194 0.120982 -1.01949 0.115945 -0.97704 -0.52226 -0.418464 -0.498539 -0.399457 -0.474818 -0.380451 -0.952441 0.12085 -0.902357 0.114495 -0.852272 0.10814 -1.14344 0.497717 -1.07205 0.466642 -1.00066 0.435567 -1.11278 0.685422 -1.02729 0.632765 -0.941803 0.580108 -0.856314 0.52745 -0.820112 0.621454 -0.729157 0.552531 -0.638202 0.483608 -0.547246 0.414685
11.655 0.695181 -0.955708 0.434571 -0.815126 0.130083 -0.59224 -0.18754 -0.309556 -0.486228 0.00438344 -0.73582 0.317881 -0.911117 0.599281 1.29492 -1.97485 1.2503 -1.90679 1.20567 -1.83873 1.16104 -1.77067 0.437659 -1.2856 0.420164 -1.23421 0.402669 -1.18282 -0.251078 -0.650182 -0.239674 -0.62065 -0.22827 -0.591119 -0.744526 -0.0892121 -0.705374 -0.0845209 -0.666223 -0.0798296 -1.00817 0.330303 -0.945229 0.309681 -0.882283 0.289058 -1.04633 0.570832 -0.965946 0.526978 -0.885562 0.483124 -0.805178 0.43927 -0.808849 0.564962 -0.719143 0.502304 -0.629436 0.439646 -0.53973 0.376989
11.705 0.787501 -0.987121 0.554394 -0.887097 0.265309 -0.697504 -0.0505639 -0.437484 -0.361331 -0.133291 -0.635615 0.184361 -0.845721 0.483397 1.59931 -2.12452 1.5442 -2.0513 1.48908 -1.97808 1.43396 -1.90487 0.740967 -1.48479 0.711348 -1.42543 0.681729 -1.36608 0.0248828 -0.869524 0.0237527 -0.83003 0.0226225 -0.790536 -0.522439 -0.297576 -0.494966 -0.281928 -0.467493 -0.26628 -0.853714 0.156603 -0.800413 0.146825 -0.747111 0.137048 -0.959962 0.445378 -0.886213 0.411162 -0.812465 0.376946 -0.738716 0.34273 -0.78219 0.497716 -0.69544 0.442517 -0.608691 0.387317 -0.521941 0.332117
11.755 0.864832 -0.999745 0.663664 -0.942184 0.395486 -0.789492 0.0873751 -0.557084 -0.229558 -0.268428 -0.523312 0.0473315 -0.764228 0.358312 1.87326 -2.23375 1.8087 -2.15677 1.74415 -2.07979 1.67959 -2.0028 1.03017 -1.65572 0.988993 -1.58953 0.947814 -1.52335 0.30037 -1.07232 0.286727 -1.02361 0.273084 -0.974906 -0.290408 -0.500277 -0.275137 -0.473969 -0.259866 -0.447662 -0.683005 -0.0200782 -0.640362 -0.0188246 -0.597718 -0.017571 -0.855323 0.311446 -0.789613 0.287519 -0.723903 0.263592 -0.658193 0.239665 -0.740643 0.420997 -0.658501 0.374306 -0.576359 0.327615 -0.494218 0.280924
11.805 0.925702 -0.99334 0.760302 -0.979338 0.518135 -0.866453 0.223651 -0.666081 -0.0934148 -0.398456 -0.401048 -0.0905985 -0.668188 0.226407 2.11156 -2.30046 2.03879 -2.22118 1.96602 -2.1419 1.89324 -2.06262 1.29977 -1.79513 1.24781 -1.72337 1.19586 -1.65161 0.57014 -1.2547 0.544245 -1.19771 0.518349 -1.14072 -0.0528502 -0.693455 -0.050071 -0.656989 -0.0472918 -0.620524 -0.499296 -0.196377 -0.468123 -0.184116 -0.436949 -0.171856 -0.734404 0.171586 -0.677984 0.158404 -0.621564 0.145222 -0.565143 0.13204 -0.684999 0.336266 -0.609028 0.298972 -0.533058 0.261678 -0.457088 0.224384
11.855 0.968953 -0.968029 0.842469 -0.997852 0.630922 -0.926922 0.35567 -0.762401 0.0445062 -0.5209 -0.271151 -0.226804 -0.559431 0.0901922 2.30966 -2.32339 2.23006 -2.24332 2.15046 -2.16325 2.07087 -2.08318 1.54463 -1.90038 1.48288 -1.82441 1.42114 -1.74845 0.829059 -1.4132 0.791403 -1.34901 0.753747 -1.28482 0.185714 -0.873434 0.175948 -0.827504 0.166182 -0.781574 -0.306083 -0.368938 -0.286973 -0.345904 -0.267863 -0.322869 -0.599507 0.0284598 -0.55345 0.0262734 -0.507393 0.024087 -0.461336 0.0219006 -0.616317 0.245133 -0.547964 0.217947 -0.47961 0.19076 -0.411257 0.163573
11.905 0.993761 -0.924292 0.908601 -0.997372 0.7317 -0.969748 0.480919 -0.844208 0.18158 -0.633429 -0.136093 -0.358693 -0.440025 -0.047739 2.4638 -2.3021 2.37889 -2.22276 2.29398 -2.14342 2.20907 -2.06409 1.76009 -1.96945 1.68973 -1.89073 1.61937 -1.812 1.0722 -1.5448 1.0235 -1.47464 0.974798 -1.40447 0.420743 -1.03679 0.398618 -0.982269 0.376493 -0.927749 -0.107045 -0.534477 -0.100362 -0.501107 -0.0936783 -0.467737 -0.453199 -0.115208 -0.418382 -0.106357 -0.383565 -0.0975061 -0.348749 -0.0886553 -0.535904 0.149335 -0.476469 0.132773 -0.417034 0.116211 -0.357599 0.0996488
11.955 0.999654 -0.862963 0.957439 -0.977909 0.818551 -0.994117 0.597015 -0.909948 0.315198 -0.733902 0.00155517 -0.483754 -0.312244 -0.184762 2.57105 -2.23699 2.48244 -2.15989 2.39384 -2.0828 2.30523 -2.00571 1.94204 -2.00104 1.86441 -1.92105 1.78678 -1.84106 1.29493 -1.647 1.23611 -1.57219 1.1773 -1.49739 0.647764 -1.18041 0.613701 -1.11834 0.579638 -1.05626 0.094031 -0.689843 0.0881601 -0.646773 0.0822893 -0.603703 -0.298265 -0.256682 -0.275351 -0.236963 -0.252437 -0.217243 -0.229523 -0.197524 -0.445291 0.050695 -0.395906 0.0450726 -0.34652 0.0394503 -0.297135 0.0338279
12.005 0.98652 -0.785208 0.988053 -0.939833 0.889823 -0.999564 0.701747 -0.958368 0.442816 -0.820406 0.139174 -0.599608 -0.178521 -0.318267 2.62936 -2.1293 2.53874 -2.05592 2.44813 -1.98253 2.35751 -1.90915 2.08704 -1.99454 2.00361 -1.91481 1.92019 -1.83509 1.49301 -1.71785 1.4252 -1.63983 1.35739 -1.5618 0.862456 -1.30156 0.817103 -1.23312 0.771751 -1.16468 0.293317 -0.832079 0.275004 -0.780128 0.256691 -0.728177 -0.137654 -0.393272 -0.127079 -0.363059 -0.116504 -0.332846 -0.105928 -0.302633 -0.346203 -0.0489103 -0.307807 -0.0434858 -0.269411 -0.0380614 -0.231015 -0.032637
12.055 0.954609 -0.692508 0.999861 -0.883869 0.944158 -0.985985 0.793123 -0.988547 0.562006 -0.891295 0.274144 -0.704049 -0.0413987 -0.445715 2.63762 -1.98108 2.54672 -1.91281 2.45582 -1.84453 2.36492 -1.77626 2.19231 -1.95008 2.10467 -1.87213 2.01704 -1.79418 1.66268 -1.756 1.58716 -1.67625 1.51164 -1.59649 1.06073 -1.39794 1.00495 -1.32443 0.949174 -1.25092 0.48702 -0.958477 0.456613 -0.898635 0.426206 -0.838792 0.0255772 -0.522375 0.0236122 -0.482244 0.0216473 -0.442113 0.0196823 -0.401981 -0.240525 -0.147585 -0.213849 -0.131217 -0.187173 -0.114849 -0.160498 -0.0984806
12.105 0.904528 -0.586627 0.992638 -0.811081 0.980522 -0.95364 0.869402 -0.99991 0.670499 -0.945219 0.403896 -0.79509 0.0965111 -0.56468 2.59568 -1.79516 2.50623 -1.73329 2.41677 -1.67142 2.32732 -1.60956 2.25585 -1.8685 2.16567 -1.79381 2.0755 -1.71912 1.8007 -1.76073 1.71891 -1.68076 1.63712 -1.60079 1.23882 -1.46771 1.17367 -1.39053 1.10853 -1.31335 0.671454 -1.06663 0.629532 -1.00004 0.58761 -0.933442 0.188322 -0.641536 0.173854 -0.59225 0.159386 -0.542965 0.144918 -0.493679 -0.130269 -0.24345 -0.115821 -0.21645 -0.101374 -0.18945 -0.086926 -0.16245
12.155 0.837231 -0.469581 0.966522 -0.722856 0.998223 -0.903143 0.929134 -0.992241 0.76623 -0.981152 0.52596 -0.870997 0.232584 -0.672897 2.50434 -1.57506 2.41803 -1.52078 2.33172 -1.4665 2.24542 -1.41222 2.27645 -1.75136 2.18546 -1.68135 2.09446 -1.61135 1.90444 -1.73195 1.81794 -1.65329 1.73144 -1.57462 1.39333 -1.50955 1.32006 -1.43017 1.24679 -1.35079 0.843107 -1.15449 0.790468 -1.0824 0.737828 -1.01032 0.347481 -0.748487 0.320786 -0.690984 0.294091 -0.633482 0.267396 -0.57598 -0.0175332 -0.334681 -0.0155887 -0.297563 -0.0136441 -0.260445 -0.0116996 -0.223327
12.205 0.753998 -0.343597 0.922009 -0.620871 0.996924 -0.835457 0.971181 -0.965686 0.847377 -0.998411 0.638013 -0.930326 0.36423 -0.768305 2.36533 -1.32499 2.28381 -1.27933 2.20229 -1.23367 2.12078 -1.188 2.25373 -1.60088 2.16364 -1.53689 2.07355 -1.4729 1.97194 -1.6702 1.88237 -1.59434 1.79281 -1.51848 1.52131 -1.52265 1.44131 -1.44258 1.36131 -1.36252 0.998713 -1.22036 0.936359 -1.14417 0.874004 -1.06798 0.500028 -0.84119 0.461613 -0.776566 0.423199 -0.711942 0.384784 -0.647318 0.095536 -0.419543 0.0849405 -0.373013 0.074345 -0.326483 0.0637495 -0.279953
12.255 0.656414 -0.211072 0.859947 -0.50707 0.976651 -0.751869 0.994742 -0.920751 0.912395 -0.996666 0.737923 -0.971947 0.488943 -0.849091 2.1813 -1.0497 2.10612 -1.01352 2.03095 -0.977349 1.95577 -0.941173 2.18811 -1.41994 2.10064 -1.36318 2.01318 -1.30642 2.0019 -1.57667 1.91098 -1.50505 1.82005 -1.43344 1.62034 -1.50678 1.53514 -1.42754 1.44993 -1.34831 1.13531 -1.26302 1.06443 -1.18416 0.993544 -1.1053 0.643056 -0.917883 0.593654 -0.847367 0.544251 -0.776851 0.494848 -0.706335 0.206787 -0.496419 0.183853 -0.441363 0.160919 -0.386307 0.137985 -0.331251
12.305 0.546336 -0.0745307 0.781517 -0.383617 0.937788 -0.653969 0.999371 -0.858291 0.960047 -0.97595 0.823787 -0.995069 0.60435 -0.913715 1.95575 -0.754429 1.88834 -0.728429 1.82094 -0.702429 1.75354 -0.676429 2.08084 -1.21196 1.99766 -1.16352 1.91448 -1.11507 1.99376 -1.45312 1.90321 -1.38712 1.81265 -1.32112 1.68853 -1.46222 1.59974 -1.38533 1.51095 -1.30844 1.2503 -1.28163 1.17224 -1.20161 1.09417 -1.12159 0.773845 -0.977106 0.714395 -0.90204 0.654944 -0.826974 0.595494 -0.751908 0.314102 -0.563846 0.279266 -0.501312 0.24443 -0.438778 0.209595 -0.376244
12.355 0.42586 0.0634296 0.688212 -0.252862 0.881076 -0.543623 0.984977 -0.779494 0.989426 -0.936659 0.893972 -0.999251 0.708254 -0.960947 1.69297 -0.444798 1.63463 -0.429469 1.57628 -0.41414 1.51794 -0.398811 1.93396 -0.980919 1.85666 -0.941708 1.77935 -0.902498 1.94767 -1.30191 1.85921 -1.24278 1.77075 -1.18365 1.72459 -1.38983 1.6339 -1.31675 1.54321 -1.24366 1.34149 -1.27584 1.25773 -1.19619 1.17398 -1.11653 0.889905 -1.01773 0.821539 -0.939543 0.753172 -0.861356 0.684805 -0.78317 0.415438 -0.620541 0.369364 -0.55172 0.323289 -0.482898 0.277214 -0.414076
12.405 0.297277 0.200183 0.581808 -0.117295 0.807593 -0.422929 0.951836 -0.68586 0.999972 -0.87954 0.947141 -0.984413 0.798677 -0.98989 1.39797 -0.126702 1.34979 -0.122335 1.30162 -0.117969 1.25344 -0.113602 1.75028 -0.731206 1.68032 -0.701977 1.61035 -0.672749 1.86452 -1.12593 1.77983 -1.07479 1.69514 -1.02365 1.72781 -1.29099 1.63695 -1.2231 1.5461 -1.15521 1.40714 -1.24578 1.31929 -1.168 1.23143 -1.09022 0.989027 -1.03898 0.913045 -0.959164 0.837064 -0.879344 0.761082 -0.799525 0.508867 -0.665425 0.452431 -0.591626 0.395995 -0.517826 0.339558 -0.444026
12.455 0.163037 0.333125 0.46433 0.0205051 0.718739 -0.294186 0.900578 -0.579172 0.991485 -0.80568 0.982283 -0.950839 0.873899 -0.999991 1.07637 0.193807 1.03927 0.187128 1.00218 0.180448 0.965081 0.173769 1.53328 -0.467576 1.47199 -0.448885 1.4107 -0.430195 1.74587 -0.928511 1.66657 -0.886338 1.58727 -0.844165 1.69815 -1.16757 1.60885 -1.10618 1.51955 -1.04478 1.44602 -1.192 1.35574 -1.11758 1.26545 -1.04315 1.06932 -1.04046 0.987174 -0.960528 0.905023 -0.880595 0.822873 -0.800662 0.592611 -0.697644 0.526887 -0.620271 0.461163 -0.542898 0.395439 -0.465525
12.505 0.0256927 0.459728 0.338013 0.157915 0.616205 -0.159843 0.832179 -0.461461 0.964127 -0.716485 0.998728 -0.899166 0.932487 -0.991059 0.734271 0.510626 0.708966 0.493029 0.683661 0.475431 0.658356 0.457833 1.2871 -0.195046 1.23565 -0.187249 1.1842 -0.179452 1.59399 -0.713422 1.52159 -0.681018 1.44919 -0.648614 1.63617 -1.02194 1.55013 -0.968197 1.46409 -0.914458 1.45737 -1.11553 1.36638 -1.04588 1.27539 -0.976236 1.12927 -1.02214 1.04251 -0.94361 0.955757 -0.865085 0.869001 -0.786559 0.665075 -0.716584 0.591314 -0.63711 0.517553 -0.557637 0.443793 -0.478164
12.555 -0.11214 0.577579 0.205264 0.292319 0.501942 -0.0224573 0.74794 -0.334966 0.918418 -0.613653 0.996164 -0.83038 0.973326 -0.963263 0.378202 0.817727 0.365168 0.789545 0.352134 0.761364 0.3391 0.733183 1.01642 0.0811969 0.975787 0.0779512 0.935158 0.0747055 1.41177 -0.484753 1.34765 -0.462736 1.28353 -0.440718 1.54304 -0.856848 1.4619 -0.81179 1.38076 -0.766732 1.44098 -1.01783 1.35101 -0.954285 1.26105 -0.890737 1.16772 -0.984354 1.07801 -0.908731 0.988299 -0.833109 0.898589 -0.757486 0.72488 -0.721885 0.644487 -0.641823 0.564093 -0.561762 0.4837 -0.481701
12.605 -0.247839 0.684438 0.0686073 0.421159 0.378126 0.115355 0.649465 -0.202095 0.855228 -0.499141 0.974639 -0.745788 0.99564 -0.917133 0.0149332 1.10926 0.0144186 1.07103 0.013904 1.03281 0.0133893 0.994577 0.72639 0.355894 0.697353 0.341668 0.668317 0.327441 1.20268 -0.246858 1.14806 -0.235646 1.09343 -0.224434 1.42055 -0.67545 1.34585 -0.639931 1.27115 -0.604412 1.39716 -0.900761 1.30993 -0.844522 1.2227 -0.788283 1.18394 -0.927837 1.09299 -0.856556 1.00203 -0.785276 0.911074 -0.713995 0.770888 -0.713445 0.685392 -0.63432 0.599896 -0.555195 0.5144 -0.476069
12.655 -0.37882 0.778269 -0.0693551 0.541983 0.247112 0.250973 0.538629 -0.0653783 0.77576 -0.375128 0.934563 -0.647001 0.999003 -0.853546 -0.348619 1.37969 -0.336605 1.33214 -0.32459 1.28459 -0.312576 1.23704 0.422537 0.623817 0.405646 0.598881 0.388756 0.573945 0.970703 -0.00426499 0.926613 -0.00407127 0.882524 -0.00387756 1.27102 -0.481196 1.20418 -0.455892 1.13734 -0.430588 1.32676 -0.766545 1.24392 -0.718685 1.16108 -0.670826 1.17763 -0.85366 1.08716 -0.788078 0.996689 -0.722496 0.906218 -0.656914 0.802224 -0.691426 0.713252 -0.614743 0.624281 -0.53806 0.535309 -0.461377
12.705 -0.502591 0.857287 -0.205997 0.652491 0.111395 0.381813 0.41754 0.0725832 0.681527 -0.243975 0.876699 -0.535899 0.983351 -0.773714 -0.705536 1.62385 -0.681222 1.56789 -0.656907 1.51192 -0.632592 1.45596 0.110641 0.879867 0.106218 0.844695 0.101796 0.809524 0.720247 0.23841 0.687533 0.227581 0.654819 0.216752 1.09729 -0.277783 1.03959 -0.263176 0.981889 -0.248569 1.23109 -0.617738 1.15423 -0.579169 1.07737 -0.540601 1.14891 -0.763235 1.06064 -0.7046 0.972377 -0.645965 0.884113 -0.587329 0.81829 -0.656247 0.727536 -0.583466 0.636783 -0.510684 0.54603 -0.437902
12.755 -0.616795 0.919988 -0.338719 0.75058 -0.026442 0.505386 0.288505 0.209163 0.574321 -0.108179 0.802148 -0.414598 0.948983 -0.679155 -1.04902 1.8371 -1.01287 1.77379 -0.97672 1.71048 -0.940567 1.64717 -0.20336 1.11917 -0.195231 1.07443 -0.187102 1.0297 0.456082 0.476547 0.435366 0.454902 0.414651 0.433257 0.902682 -0.0690835 0.855214 -0.0654507 0.807746 -0.0618179 1.112 -0.457173 1.04257 -0.428629 0.973145 -0.400086 1.09831 -0.658283 1.01394 -0.60771 0.929558 -0.557138 0.84518 -0.506566 0.818781 -0.608577 0.727973 -0.541083 0.637165 -0.473588 0.546358 -0.406093
12.805 -0.71926 0.965177 -0.464993 0.834382 -0.163776 0.619339 0.153978 0.341762 0.456184 0.029677 0.71233 -0.285404 0.896552 -0.571669 -1.37255 2.01539 -1.32524 1.94593 -1.27794 1.87648 -1.23064 1.80702 -0.513491 1.33717 -0.492965 1.28372 -0.472439 1.23027 0.183236 0.705613 0.174913 0.673564 0.16659 0.641515 0.69089 0.140931 0.65456 0.13352 0.618229 0.12611 0.971742 -0.287906 0.911071 -0.269931 0.8504 -0.251956 1.02681 -0.540801 0.94793 -0.499254 0.869045 -0.457707 0.79016 -0.41616 0.803687 -0.549324 0.714554 -0.488401 0.62542 -0.427477 0.536286 -0.366554
12.855 -0.808035 0.991996 -0.582417 0.902303 -0.297993 0.721505 0.0165198 0.467856 0.329364 0.166968 0.608953 -0.150779 0.827056 -0.453302 -1.66994 2.15532 -1.61239 2.08104 -1.55484 2.00676 -1.49729 1.93248 -0.813848 1.52972 -0.781316 1.46857 -0.748783 1.40742 -0.0930979 0.921249 -0.0888694 0.879406 -0.0846409 0.837563 0.465949 0.348264 0.441447 0.32995 0.416945 0.311637 0.812987 -0.11316 0.762228 -0.106095 0.711469 -0.0990298 0.935773 -0.413026 0.863882 -0.381295 0.791992 -0.349565 0.720101 -0.317834 0.773297 -0.479615 0.687534 -0.426423 0.601771 -0.373231 0.516007 -0.320039
12.905 -0.88143 0.999934 -0.688756 0.95305 -0.426538 0.809937 -0.121252 0.585045 0.196276 0.301081 0.493986 -0.0132839 0.741819 -0.326307 -1.93555 2.25422 -1.86885 2.17654 -1.80214 2.09885 -1.73544 2.02116 -1.09871 1.69315 -1.0548 1.62547 -1.01088 1.55779 -0.36766 1.11935 -0.35096 1.06851 -0.334261 1.01767 0.232139 0.548968 0.219931 0.5201 0.207724 0.491232 0.638758 0.06374 0.598877 0.0597604 0.558996 0.0557808 0.826919 -0.277389 0.763391 -0.256079 0.699864 -0.234769 0.636336 -0.213458 0.728188 -0.400777 0.647428 -0.356329 0.566667 -0.31188 0.485907 -0.267432
12.955 -0.938048 0.98884 -0.781984 0.985658 -0.546964 0.882954 -0.256717 0.691098 0.0594512 0.429463 0.369616 0.124464 0.642461 -0.193101 -2.16433 2.31022 -2.08974 2.2306 -2.01515 2.15099 -1.94056 2.07137 -1.36267 1.82436 -1.3082 1.75143 -1.25373 1.67851 -0.635223 1.29615 -0.606371 1.23728 -0.577519 1.1784 -0.0060901 0.739223 -0.00576985 0.70035 -0.0054496 0.661478 0.452371 0.239427 0.424127 0.224478 0.395883 0.20953 0.702327 -0.136473 0.648371 -0.125988 0.594415 -0.115504 0.540459 -0.105019 0.669219 -0.314311 0.594999 -0.279452 0.520778 -0.244593 0.446558 -0.209734
13.005 -0.976812 0.958924 -0.860329 0.999504 -0.65698 0.939164 -0.387295 0.783997 -0.0785049 0.54967 0.238212 0.259843 0.530876 -0.0562204 -2.3519 2.32225 -2.27085 2.24222 -2.18979 2.16218 -2.10874 2.08215 -1.60069 1.92084 -1.5367 1.84406 -1.47272 1.76728 -0.890696 1.44827 -0.850241 1.38249 -0.809785 1.31671 -0.244203 0.915407 -0.231361 0.86727 -0.21852 0.819133 0.257374 0.410557 0.241304 0.384924 0.225235 0.359291 0.564366 0.00704104 0.521009 0.00650011 0.477652 0.00595919 0.434295 0.00541826 0.597512 -0.221863 0.531245 -0.197257 0.464977 -0.172651 0.398709 -0.148045
13.055 -0.996983 0.910756 -0.922299 0.994326 -0.754491 0.977499 -0.510501 0.861974 -0.214967 0.659416 0.102273 0.390276 0.409186 0.0817308 -2.49471 2.29007 -2.40874 2.21115 -2.32276 2.13223 -2.23679 2.0533 -1.80824 1.98076 -1.73596 1.90159 -1.66367 1.82241 -1.12922 1.57283 -1.07793 1.50139 -1.02664 1.42996 -0.477668 1.07417 -0.452549 1.01768 -0.427431 0.961197 0.0574776 0.573872 0.053889 0.538042 0.0503003 0.502213 0.415664 0.150421 0.383731 0.138865 0.351798 0.127309 0.319864 0.115753 0.514433 -0.125191 0.457379 -0.111307 0.400325 -0.0974224 0.343272 -0.0835379
13.105 -0.998178 0.845254 -0.966714 0.970223 -0.837641 0.997229 -0.623991 0.923545 -0.347337 0.756611 -0.0356125 0.513281 0.279708 0.218126 -2.59004 2.21431 -2.50078 2.138 -2.41152 2.06169 -2.32226 1.98537 -1.98137 2.00298 -1.90217 1.92292 -1.82297 1.84285 -1.34624 1.66746 -1.2851 1.59172 -1.22395 1.51598 -0.702041 1.21248 -0.665123 1.14873 -0.628206 1.08497 -0.143512 0.726265 -0.134552 0.68092 -0.125592 0.635576 0.25905 0.290938 0.239149 0.268587 0.219247 0.246235 0.199346 0.223884 0.421561 -0.0261371 0.374808 -0.0232383 0.328054 -0.0203396 0.2813 -0.0174408
13.155 -0.980374 0.763663 -0.992729 0.927653 -0.904848 0.997978 -0.725604 0.967537 -0.473096 0.839404 -0.17282 0.626517 0.144906 0.35037 -2.63607 2.0964 -2.54522 2.02415 -2.45438 1.9519 -2.36353 1.87966 -2.11679 1.98708 -2.03218 1.90765 -1.94756 1.82822 -1.53765 1.73034 -1.46781 1.65175 -1.39797 1.57316 -0.913051 1.32772 -0.865038 1.2579 -0.817025 1.18808 -0.341771 0.864834 -0.320432 0.810838 -0.299094 0.756842 0.0975058 0.425917 0.090015 0.393196 0.0825241 0.360475 0.0750333 0.327754 0.320667 0.0734146 0.285103 0.0652725 0.249539 0.0571304 0.213975 0.0489883
13.205 -0.94391 0.667537 -0.999848 0.867426 -0.954832 0.979731 -0.813406 0.993113 -0.589851 0.906221 -0.306738 0.727827 0.00734562 0.475945 -2.63193 1.93859 -2.54122 1.87178 -2.45052 1.80497 -2.35981 1.73816 -2.21192 1.93336 -2.1235 1.85607 -2.03509 1.77879 -1.69978 1.76029 -1.62258 1.68034 -1.54537 1.60039 -1.10668 1.41769 -1.04849 1.34314 -0.990292 1.26859 -0.533524 0.986942 -0.500213 0.925322 -0.466903 0.863703 -0.0658946 0.552789 -0.0608323 0.510322 -0.0557699 0.467854 -0.0507076 0.425386 0.213668 0.171569 0.189971 0.152541 0.166274 0.133513 0.142577 0.114485
13.255 -0.889481 0.558705 -0.987937 0.790689 -0.986642 0.942837 -0.885726 0.999787 -0.695378 0.955789 -0.434818 0.815284 -0.130354 0.592461 -2.57769 1.74388 -2.48885 1.68378 -2.40002 1.62368 -2.31118 1.56358 -2.26495 1.84283 -2.17441 1.76917 -2.08388 1.6955 -1.82956 1.75674 -1.74647 1.67695 -1.66337 1.59715 -1.27925 1.48067 -1.21198 1.40281 -1.14471 1.32495 -0.715122 1.09027 -0.670474 1.02219 -0.625825 0.954124 -0.228041 0.66914 -0.210522 0.617734 -0.193002 0.566327 -0.175483 0.514921 0.102603 0.266458 0.0912236 0.236906 0.0798443 0.207354 0.0684651 0.177803
13.305 -0.818121 0.439239 -0.957222 0.698902 -0.999673 0.887997 -0.941188 0.987431 -0.78767 0.987164 -0.554622 0.887224 -0.265573 0.6977 -2.47438 1.51598 -2.38911 1.46373 -2.30384 1.41149 -2.21856 1.35924 -2.27487 1.71723 -2.18394 1.64859 -2.093 1.57995 -1.92452 1.71975 -1.83711 1.64164 -1.7497 1.56352 -1.42747 1.51547 -1.35241 1.43578 -1.27734 1.35609 -0.883109 1.17284 -0.827972 1.09961 -0.772835 1.02638 -0.385847 0.772755 -0.356204 0.713388 -0.326561 0.654022 -0.296919 0.594655 -0.0104153 0.356275 -0.00926018 0.316762 -0.00810507 0.277249 -0.00694995 0.237736
13.355 -0.731189 0.311413 -0.908288 0.593813 -0.993677 0.816255 -0.978735 0.956281 -0.86497 0.999751 -0.663869 0.942276 -0.395737 0.78966 -2.32399 1.25922 -2.24389 1.21582 -2.1638 1.17243 -2.08371 1.12903 -2.24149 1.55895 -2.15189 1.49663 -2.06229 1.43432 -1.98285 1.65002 -1.89279 1.57508 -1.80273 1.50013 -1.54852 1.52143 -1.46709 1.44142 -1.38566 1.36142 -1.03429 1.23308 -0.969712 1.1561 -0.905136 1.07911 -0.536308 0.861661 -0.495107 0.795465 -0.453905 0.729268 -0.412703 0.663071 -0.123235 0.439311 -0.109568 0.390589 -0.0959002 0.341866 -0.0822327 0.293144
13.405 -0.63034 0.177659 -0.842065 0.477421 -0.968767 0.728977 -0.997653 0.906929 -0.925806 0.993308 -0.76048 0.979394 -0.518369 0.866589 -2.12935 0.978497 -2.05597 0.944775 -1.98259 0.911053 -1.9092 0.877331 -2.16545 1.37099 -2.07889 1.31619 -1.99233 1.26139 -2.00344 1.54889 -1.91244 1.47854 -1.82145 1.40819 -1.64009 1.49842 -1.55385 1.41963 -1.4676 1.34083 -1.16578 1.26986 -1.09299 1.19058 -1.02021 1.11129 -0.676562 0.934167 -0.624585 0.8624 -0.572609 0.790633 -0.520632 0.718866 -0.23371 0.513985 -0.20779 0.456981 -0.18187 0.399977 -0.15595 0.342973
13.455 -0.517493 0.0405239 -0.759815 0.351942 -0.925419 0.627824 -0.997583 0.840315 -0.969021 0.96796 -0.842617 0.99787 -0.631134 0.927024 -1.89419 0.679148 -1.82891 0.655743 -1.76363 0.632337 -1.69835 0.608932 -2.04819 1.15694 -1.96631 1.11069 -1.88444 1.06445 -1.9859 1.41828 -1.8957 1.35386 -1.8055 1.28944 -1.70045 1.4469 -1.61103 1.37082 -1.52161 1.29473 -1.27508 1.28247 -1.19547 1.2024 -1.11586 1.12233 -0.803938 0.988893 -0.742176 0.912921 -0.680414 0.83695 -0.618651 0.760978 -0.339736 0.578876 -0.302057 0.514675 -0.264378 0.450475 -0.226699 0.386274
13.505 -0.394797 -0.0973825 -0.663103 0.219764 -0.864456 0.514721 -0.978524 0.757707 -0.993791 0.924187 -0.908716 0.997352 -0.731887 0.969815 -1.62298 0.366873 -1.56704 0.354229 -1.51111 0.341586 -1.45518 0.328942 -1.89194 0.920867 -1.81632 0.884057 -1.74069 0.847247 -1.93055 1.26068 -1.84287 1.20342 -1.75518 1.14615 -1.72844 1.36784 -1.63755 1.29591 -1.54666 1.22398 -1.36012 1.27067 -1.2752 1.19133 -1.19028 1.112 -0.916013 1.0248 -0.845641 0.946066 -0.775268 0.867336 -0.704896 0.788607 -0.439295 0.632749 -0.390575 0.562574 -0.341854 0.492398 -0.293134 0.422222
13.555 -0.264586 -0.233435 -0.55377 0.0834037 -0.787039 0.391821 -0.940841 0.660677 -0.999647 0.862824 -0.957518 0.977852 -0.818709 0.994146 -1.32087 0.0476149 -1.27535 0.045974 -1.22983 0.044333 -1.18431 0.0426921 -1.69969 0.667267 -1.63175 0.640594 -1.5638 0.613921 -1.83846 1.07907 -1.75496 1.03006 -1.67146 0.98105 -1.72354 1.26274 -1.6329 1.19634 -1.54227 1.12994 -1.41926 1.23468 -1.33065 1.15759 -1.24204 1.08051 -1.01065 1.04119 -0.933009 0.961204 -0.855366 0.881214 -0.777723 0.801225 -0.530493 0.674579 -0.471658 0.599764 -0.412824 0.524949 -0.353989 0.450135
13.605 -0.129339 -0.365045 -0.433896 -0.0545443 -0.694642 0.261464 -0.88525 0.551072 -0.986475 0.785038 -0.988095 0.93974 -0.889948 0.999555 -0.993623 -0.272549 -0.959379 -0.263157 -0.925136 -0.253764 -0.890893 -0.244371 -1.47508 0.400966 -1.41612 0.384938 -1.35715 0.36891 -1.71138 0.876934 -1.63365 0.837103 -1.55592 0.797273 -1.68583 1.13361 -1.59718 1.074 -1.50853 1.01438 -1.45139 1.17519 -1.36078 1.10182 -1.27016 1.02845 -1.08606 1.03777 -1.00262 0.958046 -0.919184 0.87832 -0.835748 0.798593 -0.611594 0.703569 -0.543765 0.625539 -0.475935 0.547509 -0.408106 0.469479
13.655 0.00836927 -0.489707 -0.305764 -0.191454 -0.589024 0.12613 -0.81281 0.430978 -0.954527 0.692311 -0.999866 0.883741 -0.944248 0.985939 -0.647463 -0.587526 -0.62515 -0.567278 -0.602836 -0.54703 -0.580523 -0.526783 -1.2224 0.127034 -1.17354 0.121956 -1.12467 0.116878 -1.55173 0.658103 -1.48125 0.628211 -1.41077 0.59832 -1.61603 0.982898 -1.53105 0.931212 -1.44607 0.879526 -1.4559 1.09334 -1.365 1.02507 -1.2741 0.956811 -1.14079 1.0146 -1.05315 0.936654 -0.965506 0.858707 -0.877865 0.780761 -0.681054 0.719167 -0.605521 0.639407 -0.529988 0.559648 -0.454455 0.479888
13.705 0.145919 -0.605047 -0.171812 -0.32472 -0.472194 -0.0116054 -0.724899 0.302681 -0.904411 0.586405 -0.992605 0.810921 -0.980576 0.953557 -0.28898 -0.89132 -0.279021 -0.860603 -0.269062 -0.829885 -0.259103 -0.799168 -0.946452 -0.149316 -0.908619 -0.143348 -0.870786 -0.137379 -1.36254 0.426745 -1.30065 0.407362 -1.23876 0.38798 -1.51547 0.813481 -1.43578 0.770703 -1.35609 0.727926 -1.4327 0.99067 -1.34325 0.928817 -1.25379 0.866965 -1.17381 0.972116 -1.08363 0.897433 -0.993451 0.822751 -0.903274 0.748068 -0.737552 0.721077 -0.655753 0.641106 -0.573954 0.561134 -0.492155 0.481162
13.755 0.280691 -0.708872 -0.0345894 -0.451805 -0.346377 -0.149119 -0.623191 0.168623 -0.837081 0.469339 -0.966452 0.722666 -0.998239 0.903026 0.0750034 -1.17815 0.0724186 -1.13755 0.0698338 -1.09694 0.0672489 -1.05634 -0.652489 -0.422825 -0.626406 -0.405923 -0.600324 -0.389021 -1.14741 0.187265 -1.0953 0.17876 -1.04318 0.170254 -1.38607 0.62858 -1.31318 0.595526 -1.24029 0.562471 -1.38222 0.869147 -1.29592 0.814882 -1.20962 0.760617 -1.18448 0.911129 -1.09348 0.841131 -1.00249 0.771134 -0.911489 0.701137 -0.780011 0.709263 -0.693503 0.630601 -0.606995 0.55194 -0.520487 0.473278
13.805 0.41012 -0.799204 0.103291 -0.570291 -0.213967 -0.283795 -0.509621 0.0313549 -0.753818 0.343339 -0.921903 0.620657 -0.996903 0.835306 0.437559 -1.44255 0.42248 -1.39284 0.4074 -1.34312 0.39232 -1.29341 -0.346106 -0.688285 -0.332271 -0.660772 -0.318436 -0.633259 -0.910449 -0.0557787 -0.869096 -0.0532452 -0.827743 -0.0507117 -1.23028 0.431715 -1.16559 0.409013 -1.10089 0.386311 -1.30544 0.731082 -1.22393 0.685437 -1.14243 0.639792 -1.17261 0.832799 -1.08253 0.76882 -0.992442 0.70484 -0.902356 0.640861 -0.807623 0.683948 -0.718053 0.608094 -0.628483 0.53224 -0.538912 0.456387
13.855 0.531743 -0.874324 0.239206 -0.677922 -0.0774843 -0.413069 -0.386351 -0.10651 -0.656208 0.210804 -0.859807 0.506834 -0.976592 0.751688 0.791787 -1.6795 0.764499 -1.62162 0.737212 -1.56374 0.709925 -1.50586 -0.0331361 -0.940645 -0.0318115 -0.903044 -0.0304869 -0.865443 -0.656156 -0.297761 -0.626353 -0.284237 -0.59655 -0.270712 -1.05108 0.226632 -0.99581 0.214715 -0.940539 0.202797 -1.20381 0.579101 -1.12865 0.542945 -1.05349 0.506789 -1.13843 0.738619 -1.05097 0.681875 -0.963507 0.62513 -0.876048 0.568386 -0.819863 0.645616 -0.728936 0.574013 -0.638008 0.502411 -0.54708 0.430808
13.905 0.643246 -0.932803 0.370567 -0.772649 0.0604731 -0.534481 -0.255727 -0.242347 -0.546107 0.0742574 -0.781346 0.383364 -0.937693 0.653762 1.13094 -1.88448 1.09197 -1.81954 1.05299 -1.75459 1.01402 -1.68965 0.280465 -1.1751 0.269254 -1.12813 0.258042 -1.08116 -0.389374 -0.534076 -0.371688 -0.509818 -0.354003 -0.485561 -0.851875 0.0172367 -0.807079 0.0163303 -0.762282 0.0154239 -1.07927 0.416098 -1.01188 0.390119 -0.944498 0.36414 -1.08257 0.63038 -0.999401 0.581951 -0.916233 0.533522 -0.833065 0.485093 -0.816499 0.594995 -0.725944 0.529006 -0.63539 0.463018 -0.544835 0.397029
13.955 0.742505 -0.973527 0.494876 -0.852671 0.197279 -0.64572 -0.120236 -0.373571 -0.425612 -0.0637031 -0.688013 0.252597 -0.880946 0.543393 1.44857 -2.05359 1.39865 -1.98282 1.34873 -1.91205 1.29881 -1.84127 0.588727 -1.38719 0.565194 -1.33174 0.54166 -1.27629 -0.11518 -0.760226 -0.109949 -0.725696 -0.104717 -0.691167 -0.636454 -0.192487 -0.602985 -0.182365 -0.569517 -0.172243 -0.934182 0.245175 -0.875856 0.229868 -0.81753 0.21456 -1.00611 0.510142 -0.928814 0.470951 -0.85152 0.431759 -0.774226 0.392568 -0.797594 0.533049 -0.709136 0.473931 -0.620678 0.414812 -0.53222 0.355694
14.005 0.827631 -0.995721 0.609765 -0.916462 0.330331 -0.744669 0.0175434 -0.497685 -0.297015 -0.200451 -0.581585 0.117023 -0.807431 0.422681 1.73863 -2.18362 1.67872 -2.10836 1.6188 -2.03311 1.55888 -1.95786 0.885784 -1.57288 0.850376 -1.51 0.814969 -1.44713 0.161205 -0.971906 0.153883 -0.927761 0.146561 -0.883617 -0.408918 -0.398547 -0.387415 -0.377589 -0.365912 -0.356632 -0.771316 0.069586 -0.723159 0.0652414 -0.675001 0.0608968 -0.910497 0.380195 -0.840548 0.350986 -0.7706 0.321778 -0.700651 0.29257 -0.763507 0.460957 -0.67883 0.409835 -0.594152 0.358712 -0.509475 0.307589
14.055 0.897005 -0.998964 0.713048 -0.962811 0.457095 -0.829443 0.154989 -0.612327 -0.162766 -0.333384 -0.464087 -0.0207791 -0.718549 0.293924 1.9956 -2.27208 1.92683 -2.19378 1.85805 -2.11548 1.78928 -2.03717 1.16598 -1.72863 1.11937 -1.65953 1.07276 -1.59043 0.434522 -1.16509 0.414786 -1.11217 0.39505 -1.05925 -0.1736 -0.597022 -0.164471 -0.565627 -0.155342 -0.534232 -0.593769 -0.107328 -0.556697 -0.100627 -0.519625 -0.0939259 -0.797556 0.243011 -0.736284 0.224342 -0.675012 0.205672 -0.61374 0.187003 -0.714888 0.380092 -0.635603 0.337938 -0.556317 0.295783 -0.477032 0.253629
14.105 0.949305 -0.983192 0.802759 -0.990833 0.575159 -0.898431 0.289485 -0.715313 -0.0254187 -0.459971 -0.337756 -0.158185 -0.615989 0.159572 2.21458 -2.3173 2.13826 -2.23744 2.06194 -2.15758 1.98562 -2.07771 1.42399 -1.85147 1.36706 -1.77746 1.31014 -1.70345 0.699569 -1.33609 0.667794 -1.27541 0.63602 -1.21472 0.0650233 -0.784132 0.061604 -0.742898 0.0581847 -0.701664 -0.40492 -0.282199 -0.379639 -0.26458 -0.354358 -0.246961 -0.669434 0.101202 -0.618005 0.0934269 -0.566576 0.0856522 -0.515147 0.0778774 -0.652662 0.291992 -0.580278 0.259608 -0.507894 0.227225 -0.43551 0.194841
14.155 0.983537 -0.948706 0.877191 -0.999997 0.682275 -0.950317 0.41847 -0.804685 0.112413 -0.577803 -0.204996 -0.292581 -0.501705 0.0221834 2.39142 -2.31841 2.309 -2.23851 2.22659 -2.15861 2.14417 -2.07871 1.65489 -1.93908 1.58874 -1.86157 1.52258 -1.78406 0.9513 -1.48167 0.908092 -1.41437 0.864884 -1.34707 0.302408 -0.956318 0.286506 -0.90603 0.270604 -0.855741 -0.208365 -0.451699 -0.195356 -0.423497 -0.182346 -0.395295 -0.528571 -0.0425337 -0.487964 -0.0392661 -0.447356 -0.0359984 -0.406749 -0.0327308 -0.578014 0.198335 -0.513909 0.176338 -0.449804 0.154342 -0.385698 0.132345
14.205 0.999048 -0.896164 0.934927 -0.990127 0.776406 -0.984116 0.539491 -0.87874 0.248104 -0.684638 -0.0683339 -0.421407 -0.377872 -0.115628 2.52273 -2.27539 2.43579 -2.19697 2.34885 -2.11856 2.26191 -2.04014 1.85429 -1.98978 1.78017 -1.91024 1.70604 -1.8307 1.18492 -1.59904 1.13111 -1.52641 1.07729 -1.45378 0.534038 -1.1103 0.505955 -1.05192 0.477872 -0.993531 -0.00784345 -0.612601 -0.00735375 -0.574353 -0.00686404 -0.536106 -0.377647 -0.18546 -0.348634 -0.171212 -0.319622 -0.156964 -0.290609 -0.142716 -0.492364 0.100902 -0.437758 0.0897113 -0.383152 0.0785207 -0.328546 0.0673301
14.255 0.995544 -0.826564 0.974867 -0.961411 0.855758 -0.999184 0.650243 -0.93607 0.379073 -0.778441 0.0696285 -0.542213 -0.246847 -0.251238 2.60603 -2.18906 2.51622 -2.11362 2.4264 -2.03818 2.33659 -1.96274 2.0184 -2.0026 1.93772 -1.92255 1.85703 -1.8425 1.396 -1.68598 1.33259 -1.6094 1.26918 -1.53282 0.755502 -1.24315 0.715774 -1.17778 0.676045 -1.11241 0.192827 -0.761843 0.180788 -0.714278 0.168749 -0.666712 -0.219535 -0.324856 -0.202669 -0.299899 -0.185804 -0.274942 -0.168938 -0.249985 -0.397343 0.00154882 -0.353275 0.00137705 -0.309207 0.00120527 -0.26514 0.0010335
14.305 0.973091 -0.741231 0.996253 -0.914396 0.918822 -0.995234 0.748619 -0.975583 0.502828 -0.857428 0.206266 -0.652699 -0.111123 -0.382066 2.63972 -2.06107 2.54875 -1.99004 2.45778 -1.91901 2.36681 -1.84798 2.14409 -1.97731 2.05838 -1.89827 1.97268 -1.81923 1.5805 -1.74082 1.50871 -1.66175 1.43692 -1.58269 0.962587 -1.35234 0.911969 -1.28123 0.861351 -1.21011 0.389828 -0.896585 0.365489 -0.840607 0.34115 -0.784629 -0.0572445 -0.458068 -0.0528467 -0.422877 -0.0484489 -0.387686 -0.0440511 -0.352495 -0.294758 -0.0978338 -0.262068 -0.0869834 -0.229377 -0.0761331 -0.196687 -0.0652827
14.355 0.932117 -0.64179 0.998676 -0.849976 0.964398 -0.97234 0.832746 -0.996527 0.617011 -0.920095 0.338977 -0.750761 0.026716 -0.505622 2.62318 -1.89385 2.53277 -1.82858 2.44237 -1.76331 2.35197 -1.69805 2.22897 -1.91439 2.13987 -1.83786 2.05077 -1.76134 1.73491 -1.76254 1.65611 -1.68248 1.57731 -1.60243 1.15135 -1.43579 1.09081 -1.36029 1.03026 -1.28479 0.579408 -1.01426 0.543233 -0.950936 0.507058 -0.887611 0.106136 -0.582562 0.0979817 -0.537807 0.0898279 -0.493052 0.0816741 -0.448297 -0.186564 -0.195354 -0.165873 -0.173688 -0.145182 -0.152022 -0.124491 -0.130356
14.405 0.873401 -0.530134 0.98209 -0.769379 0.991618 -0.93094 0.901022 -0.998504 0.719451 -0.965249 0.465236 -0.834533 0.164046 -0.619555 2.5567 -1.69058 2.46859 -1.63232 2.38048 -1.57405 2.29236 -1.51579 2.27143 -1.81502 2.18063 -1.74247 2.08983 -1.66992 1.85631 -1.7507 1.772 -1.67118 1.68768 -1.59167 1.3182 -1.49191 1.24888 -1.41346 1.17956 -1.33501 0.757961 -1.11263 0.710638 -1.04317 0.663314 -0.973698 0.267495 -0.695968 0.246945 -0.642501 0.226395 -0.589033 0.205845 -0.535565 -0.074818 -0.289156 -0.0665202 -0.257087 -0.0582225 -0.225018 -0.0499247 -0.192949
14.455 0.798061 -0.408387 0.946812 -0.674137 0.999964 -0.87182 0.952149 -0.981475 0.808196 -0.992031 0.58264 -0.902421 0.298254 -0.721695 2.44156 -1.45513 2.35742 -1.40498 2.27327 -1.35484 2.18913 -1.30469 2.27065 -1.68111 2.17988 -1.61391 2.08912 -1.54671 1.94237 -1.70554 1.85415 -1.62808 1.76593 -1.55061 1.45996 -1.51964 1.38318 -1.43972 1.30641 -1.35981 0.922087 -1.18983 0.864516 -1.11554 0.806946 -1.04125 0.423764 -0.796127 0.391208 -0.734965 0.358653 -0.673803 0.326097 -0.61264 0.0383517 -0.377455 0.0340983 -0.335593 0.0298449 -0.293731 0.0255914 -0.251869
14.505 0.707531 -0.278867 0.893513 -0.566065 0.989277 -0.796107 0.985153 -0.945766 0.881559 -0.999931 0.688954 -0.953133 0.426786 -0.810098 2.27995 -1.19199 2.20137 -1.15091 2.1228 -1.10983 2.04423 -1.06875 2.22665 -1.5152 2.13764 -1.45464 2.04864 -1.39407 1.99147 -1.62793 1.90101 -1.55398 1.81056 -1.48004 1.57393 -1.51844 1.49116 -1.43859 1.4084 -1.35874 1.06866 -1.24437 1.00194 -1.16668 0.935218 -1.08899 0.571967 -0.881133 0.528026 -0.81344 0.484084 -0.745747 0.440143 -0.678055 0.150791 -0.458569 0.134068 -0.407711 0.117344 -0.356853 0.10062 -0.305995
14.555 0.603534 -0.144039 0.823207 -0.447218 0.95976 -0.70524 0.999406 -0.892055 0.938143 -0.988799 0.782155 -0.985704 0.547193 -0.883082 2.07494 -0.906158 2.00343 -0.874929 1.93192 -0.8437 1.86041 -0.812471 2.14027 -1.32046 2.05472 -1.26767 1.96917 -1.21489 2.00266 -1.51932 1.91169 -1.45031 1.82073 -1.38131 1.65794 -1.48833 1.57076 -1.41007 1.48357 -1.3318 1.1949 -1.27524 1.12029 -1.19562 1.04569 -1.116 0.709283 -0.949367 0.654792 -0.876433 0.600302 -0.803498 0.545812 -0.730563 0.260361 -0.530955 0.231486 -0.472069 0.20261 -0.413183 0.173734 -0.354297
14.605 0.48805 -0.00647007 0.737232 -0.319858 0.911975 -0.600951 0.994637 -0.821365 0.97687 -0.958846 0.860469 -0.999513 0.657186 -0.939259 1.83044 -0.603079 1.76736 -0.582295 1.70427 -0.561511 1.64119 -0.540728 2.01316 -1.10058 1.93269 -1.05658 1.85221 -1.01259 1.97573 -1.3818 1.88599 -1.31904 1.79625 -1.25627 1.7104 -1.4299 1.62045 -1.35471 1.53051 -1.27952 1.29839 -1.28183 1.21732 -1.2018 1.13626 -1.12176 0.833099 -0.999532 0.769096 -0.922743 0.705094 -0.845955 0.641091 -0.769166 0.364975 -0.593235 0.324497 -0.527442 0.284019 -0.461648 0.243541 -0.395855
14.655 0.363276 0.131222 0.637225 -0.186411 0.846833 -0.485223 0.970936 -0.735041 0.997004 -0.910643 0.922405 -0.994297 0.75467 -0.977557 1.5511 -0.288522 1.49764 -0.278579 1.44419 -0.268635 1.39073 -0.258692 1.84773 -0.859747 1.77387 -0.82538 1.70001 -0.791013 1.91119 -1.21797 1.82439 -1.16265 1.73758 -1.10733 1.7303 -1.34426 1.63931 -1.27357 1.54832 -1.20288 1.37717 -1.26402 1.29118 -1.1851 1.2052 -1.10618 0.941058 -1.03067 0.868761 -0.951491 0.796465 -0.87231 0.724168 -0.793129 0.462642 -0.644223 0.411333 -0.572775 0.360023 -0.501327 0.308713 -0.429879
14.705 0.231588 0.266417 0.525089 -0.0494157 0.765572 -0.360259 0.928755 -0.634727 0.998162 -0.845107 0.966784 -0.970156 0.83779 -0.997249 1.24223 0.0315271 1.19942 0.0304406 1.15661 0.0293541 1.1138 0.0282676 1.64713 -0.602554 1.58128 -0.578468 1.51544 -0.554381 1.81028 -1.03097 1.72806 -0.984142 1.64583 -0.937315 1.71727 -1.23303 1.62696 -1.16819 1.53666 -1.10335 1.42973 -1.22215 1.34047 -1.14585 1.2512 -1.06954 1.03111 -1.04219 0.951891 -0.962128 0.872676 -0.882062 0.793462 -0.801996 0.551504 -0.68295 0.490339 -0.607207 0.429174 -0.531464 0.368009 -0.45572
14.755 0.0954921 0.396541 0.402959 0.0885202 0.669739 -0.228439 0.868896 -0.522332 0.98032 -0.763486 0.992762 -0.92755 0.904964 -0.99796 0.909727 0.350976 0.878375 0.33888 0.847023 0.326785 0.815671 0.314689 1.41517 -0.333892 1.3586 -0.320545 1.30203 -0.307198 1.67491 -0.824339 1.59884 -0.786898 1.52276 -0.749456 1.67155 -1.09833 1.58365 -1.04057 1.49575 -0.982813 1.45508 -1.15702 1.36424 -1.08478 1.27339 -1.01255 1.10153 -1.03388 1.0169 -0.954453 0.932278 -0.875025 0.847653 -0.795598 0.629868 -0.708678 0.560012 -0.630081 0.490156 -0.551484 0.4203 -0.472888
14.805 -0.0424215 0.519118 0.273159 0.224771 0.561159 -0.0922701 0.792499 -0.399995 0.94382 -0.667332 0.999844 -0.867289 0.954913 -0.979676 0.559903 0.663745 0.540608 0.64087 0.521312 0.617995 0.502016 0.595121 1.15629 -0.0588749 1.11006 -0.0565215 1.06384 -0.0541681 1.50767 -0.60202 1.43919 -0.574676 1.37071 -0.547332 1.59401 -0.942719 1.51019 -0.893146 1.42637 -0.843572 1.45274 -1.06987 1.36204 -1.00307 1.27134 -0.936276 1.15098 -1.00589 1.06256 -0.928611 0.974135 -0.851334 0.885711 -0.774057 0.696244 -0.720916 0.619026 -0.640963 0.541809 -0.561009 0.464591 -0.481055
14.855 -0.179528 0.631813 0.13816 0.356744 0.441898 0.0456546 0.701017 -0.270045 0.889355 -0.558477 0.987895 -0.790521 0.986687 -0.942746 0.199423 0.96388 0.19255 0.930662 0.185678 0.897443 0.178805 0.864225 0.875389 0.217263 0.840396 0.208578 0.805404 0.199893 1.31172 -0.368242 1.25214 -0.351516 1.19256 -0.334791 1.48614 -0.76917 1.40799 -0.728722 1.32984 -0.688275 1.42275 -0.962357 1.33392 -0.902272 1.24509 -0.842187 1.17853 -0.958749 1.08799 -0.885094 0.99745 -0.811438 0.90691 -0.737783 0.749367 -0.719434 0.666258 -0.639644 0.583149 -0.559855 0.500039 -0.480065
14.905 -0.313217 0.732483 0.000531487 0.481927 0.314226 0.18271 0.596193 -0.134954 0.817963 -0.438993 0.957143 -0.698706 0.99968 -0.887871 -0.164853 1.24567 -0.159172 1.20274 -0.15349 1.15981 -0.147809 1.11688 0.577831 0.489265 0.554733 0.469707 0.531635 0.45015 1.09081 -0.127455 1.04127 -0.121666 0.991721 -0.115877 1.34998 -0.58098 1.27899 -0.550429 1.208 -0.519878 1.36567 -0.836525 1.28041 -0.784296 1.19514 -0.732068 1.18365 -0.893363 1.09271 -0.82473 1.00178 -0.756098 0.910847 -0.687466 0.788228 -0.704257 0.700809 -0.626151 0.613389 -0.548045 0.52597 -0.469938
14.955 -0.440944 0.819211 -0.137107 0.597937 0.180573 0.316289 0.480021 0.00270478 0.731002 -0.311152 0.908173 -0.593592 0.993646 -0.816097 -0.525991 1.50375 -0.507864 1.45192 -0.489737 1.4001 -0.47161 1.34828 0.269274 0.751955 0.25851 0.721896 0.247747 0.691838 0.849138 0.115758 0.81057 0.1105 0.772002 0.105242 1.18812 -0.381732 1.12564 -0.361659 1.06317 -0.341585 1.28261 -0.694771 1.20253 -0.651393 1.12245 -0.608015 1.16623 -0.810972 1.07664 -0.748669 0.987043 -0.686366 0.897448 -0.624064 0.812085 -0.675677 0.72202 -0.60074 0.631955 -0.525804 0.54189 -0.450867
15.005 -0.560279 0.890347 -0.272137 0.702566 0.0434835 0.443847 0.354713 0.140312 0.630127 -0.177389 0.841917 -0.47718 0.968699 -0.72879 -0.877118 1.73321 -0.84689 1.67347 -0.816662 1.61374 -0.786434 1.55401 -0.0444075 1.00033 -0.0426323 0.960345 -0.0408572 0.920359 0.591304 0.356767 0.564446 0.340563 0.537589 0.324358 1.00365 -0.175219 0.950875 -0.166005 0.898097 -0.156791 1.17513 -0.539793 1.10176 -0.506091 1.02839 -0.472389 1.12662 -0.713145 1.04007 -0.658358 0.953519 -0.603571 0.866966 -0.548784 0.820486 -0.634235 0.729489 -0.563895 0.638492 -0.493554 0.547496 -0.423214
15.055 -0.668949 0.944536 -0.401986 0.793822 -0.0944339 0.562957 0.222653 0.275249 0.517259 -0.0402501 0.759637 -0.351685 0.925315 -0.627611 -1.21155 1.92967 -1.1698 1.86317 -1.12804 1.79667 -1.08629 1.73017 -0.357244 1.22967 -0.342964 1.18052 -0.328683 1.13136 0.322214 0.590986 0.307579 0.564143 0.292944 0.537301 0.80008 0.0346301 0.758007 0.032809 0.715934 0.030988 1.04528 -0.374541 0.980018 -0.351157 0.914756 -0.327772 1.06557 -0.601745 0.983708 -0.555516 0.901846 -0.509287 0.819984 -0.463058 0.81327 -0.580722 0.723073 -0.516317 0.632877 -0.451911 0.54268 -0.387505
15.105 -0.764887 0.980747 -0.524184 0.86997 -0.230554 0.671352 0.0863552 0.404947 0.394545 0.0976552 0.662898 -0.219497 0.864318 -0.514486 -1.52292 2.08941 -1.47044 2.01741 -1.41795 1.9454 -1.36547 1.87339 -0.663281 1.4356 -0.636767 1.37822 -0.610253 1.32083 0.0469917 0.813956 0.0448573 0.776986 0.042723 0.740016 0.581278 0.24382 0.550711 0.230998 0.520145 0.218177 0.895537 -0.20216 0.839625 -0.189538 0.783712 -0.176916 0.984234 -0.478891 0.908621 -0.442101 0.833007 -0.40531 0.757394 -0.368519 0.790574 -0.516156 0.702895 -0.458911 0.615215 -0.401666 0.527536 -0.344421
15.155 -0.846267 0.998291 -0.636405 0.929558 -0.362286 0.766968 -0.0515862 0.526937 0.264322 0.233702 0.553541 -0.0831306 0.78687 -0.391569 -1.80531 2.20938 -1.74309 2.13324 -1.68088 2.0571 -1.61866 1.98096 -0.956693 1.61421 -0.91845 1.54968 -0.880208 1.48516 -0.229125 1.02143 -0.218718 0.975041 -0.208311 0.928647 0.351413 0.448368 0.332934 0.424791 0.314454 0.401213 0.72875 -0.0259312 0.68325 -0.0243121 0.637751 -0.0226931 0.884165 -0.346923 0.816239 -0.32027 0.748314 -0.293618 0.680388 -0.266966 0.752831 -0.441765 0.669338 -0.392771 0.585844 -0.343776 0.502351 -0.294782
15.205 -0.911539 0.996834 -0.736513 0.971454 -0.487122 0.847987 -0.188546 0.638898 0.129068 0.3653 0.433649 0.0548179 0.694445 -0.261199 -2.05333 2.2873 -1.98257 2.20848 -1.9118 2.12965 -1.84104 2.05082 -1.2319 1.76209 -1.18265 1.69166 -1.13341 1.62122 -0.500881 1.20947 -0.478131 1.15454 -0.455381 1.0996 0.114859 0.644383 0.108819 0.610498 0.102779 0.576613 0.548091 0.150791 0.513871 0.141377 0.479651 0.131962 0.767267 -0.208351 0.708322 -0.192344 0.649377 -0.176338 0.590432 -0.160331 0.700759 -0.358966 0.623041 -0.319154 0.545322 -0.279343 0.467604 -0.239531
15.255 -0.959461 0.976403 -0.822603 0.994859 -0.602686 0.912865 -0.321917 0.738698 -0.00864331 0.489946 0.305503 0.191723 0.588802 -0.125858 -2.26227 2.32168 -2.18431 2.24167 -2.10634 2.16166 -2.02838 2.08165 -1.48365 1.87644 -1.42434 1.80143 -1.36504 1.72642 -0.763103 1.37449 -0.728443 1.31206 -0.693782 1.24963 -0.123881 0.828133 -0.117367 0.784585 -0.110852 0.741037 0.357 0.324644 0.334711 0.304374 0.312422 0.284105 0.635765 -0.0658132 0.586922 -0.0607571 0.53808 -0.055701 0.489238 -0.050645 0.635349 -0.269334 0.564885 -0.239464 0.494421 -0.209593 0.423957 -0.179722
15.305 -0.989121 0.937388 -0.893035 0.999329 -0.706779 0.960368 -0.44916 0.824438 -0.14619 0.605266 0.171542 0.324979 0.471953 0.0118794 -2.42815 2.31188 -2.34447 2.2322 -2.26079 2.15253 -2.17711 2.07285 -1.70717 1.95507 -1.63893 1.87692 -1.57068 1.79876 -1.0108 1.51334 -0.96489 1.4446 -0.918979 1.37587 -0.360263 0.99612 -0.341319 0.943738 -0.322374 0.891357 0.159115 0.492317 0.14918 0.461579 0.139246 0.430841 0.492162 0.077977 0.454352 0.0719865 0.416542 0.0659959 0.378731 0.0600054 0.557845 -0.174576 0.495977 -0.155215 0.434109 -0.135853 0.37224 -0.116492
15.355 -0.999954 0.880531 -0.94647 0.984778 -0.79742 0.989592 -0.567855 0.894486 -0.280954 0.709065 0.0343156 0.452049 0.34612 0.14939 -2.54782 2.25807 -2.46001 2.18025 -2.37221 2.10243 -2.2844 2.02461 -1.89819 1.99648 -1.82231 1.91668 -1.74644 1.83687 -1.23926 1.62339 -1.18297 1.54966 -1.12668 1.47592 -0.589788 1.14515 -0.558774 1.08493 -0.52776 1.02471 -0.0417998 0.650619 -0.03919 0.609998 -0.0365802 0.569376 0.339191 0.220283 0.313133 0.20336 0.287075 0.186437 0.261017 0.169514 0.469724 -0.0764955 0.417629 -0.0680117 0.365534 -0.0595279 0.313439 -0.0510441
15.405 -0.991755 0.806915 -0.981889 0.951483 -0.872883 0.99998 -0.675741 0.947509 -0.41037 0.799369 -0.103564 0.570516 0.213699 0.284058 -2.61899 2.16128 -2.52873 2.08679 -2.43847 2.01231 -2.34822 1.93782 -2.05308 1.9999 -1.97101 1.91996 -1.88895 1.84001 -1.44413 1.70254 -1.37854 1.62521 -1.31294 1.54788 -0.808088 1.27238 -0.765594 1.20547 -0.7231 1.13856 -0.241918 0.796538 -0.226814 0.746806 -0.21171 0.697074 0.179765 0.358396 0.165955 0.330863 0.152144 0.303329 0.138334 0.275795 0.372663 0.0230412 0.331332 0.0204858 0.290002 0.0179304 0.248671 0.015375
15.455 -0.964679 0.717939 -0.99862 0.900078 -0.931731 0.991335 -0.770765 0.982497 -0.531975 0.874457 -0.239472 0.678123 0.0772111 0.413319 -2.64031 2.02335 -2.54932 1.95362 -2.45833 1.88389 -2.36733 1.81416 -2.1689 1.96525 -2.0822 1.88669 -1.9955 1.80814 -1.62151 1.74929 -1.54786 1.66983 -1.47421 1.59038 -1.01101 1.37539 -0.957842 1.30307 -0.904677 1.23074 -0.437433 0.927296 -0.410121 0.8694 -0.38281 0.811505 0.0169168 0.489688 0.0156171 0.452068 0.0143175 0.414448 0.0130179 0.376828 0.268508 0.122139 0.238729 0.108593 0.20895 0.0950475 0.179171 0.0815015
15.505 -0.919241 0.615299 -0.996344 0.831541 -0.972846 0.963821 -0.851119 0.998785 -0.643455 0.932902 -0.370822 0.772823 -0.0607466 0.534713 -2.61138 1.84691 -2.52139 1.78326 -2.43139 1.71961 -2.34139 1.65596 -2.24343 1.8932 -2.15375 1.81752 -2.06408 1.74184 -1.76803 1.76274 -1.68773 1.68267 -1.60742 1.60261 -1.19468 1.45223 -1.13186 1.37586 -1.06904 1.29949 -0.624621 1.0404 -0.585622 0.975447 -0.546624 0.910489 -0.146253 0.611659 -0.135018 0.564669 -0.123782 0.517678 -0.112546 0.470688 0.159243 0.218913 0.141582 0.194634 0.123921 0.170355 0.10626 0.146077
15.555 -0.856308 0.500948 -0.975103 0.747176 -0.995443 0.917963 -0.915273 0.996062 -0.742688 0.97359 -0.495114 0.852814 -0.197548 0.645929 -2.53274 1.63532 -2.44546 1.57896 -2.35817 1.5226 -2.27089 1.46624 -2.27526 1.78511 -2.18431 1.71375 -2.09336 1.64239 -1.8809 1.74263 -1.79547 1.66348 -1.71004 1.58433 -1.35562 1.50142 -1.28433 1.42247 -1.21305 1.34351 -0.79992 1.13371 -0.749977 1.06293 -0.700034 0.992143 -0.30664 0.721988 -0.283082 0.666522 -0.259525 0.611055 -0.235967 0.555589 0.0469463 0.31152 0.0417396 0.27697 0.036533 0.242421 0.0313264 0.207871
15.605 -0.777075 0.377061 -0.935303 0.648591 -0.999094 0.854632 -0.962006 0.974381 -0.827785 0.995747 -0.609982 0.916572 -0.33059 0.744851 -2.4059 1.3926 -2.32299 1.34461 -2.24007 1.29661 -2.15716 1.24862 -2.26379 1.64304 -2.1733 1.57736 -2.08281 1.51169 -1.95797 1.68936 -1.86904 1.61263 -1.78011 1.5359 -1.49075 1.52204 -1.41236 1.442 -1.33397 1.36196 -0.959994 1.20544 -0.900057 1.13018 -0.84012 1.05491 -0.46119 0.818575 -0.425759 0.755688 -0.390328 0.692802 -0.354897 0.629915 -0.0662437 0.398197 -0.0588968 0.354035 -0.05155 0.309872 -0.0442032 0.26571
15.655 -0.683052 0.245998 -0.877701 0.53766 -0.983728 0.775034 -0.990429 0.934153 -0.897126 0.998951 -0.71324 0.962885 -0.457339 0.829596 -2.23326 1.12337 -2.1563 1.08466 -2.07933 1.04594 -2.00237 1.00723 -2.20923 1.4697 -2.12092 1.41095 -2.03261 1.3522 -1.99777 1.60394 -1.90703 1.53109 -1.81629 1.45824 -1.59751 1.51368 -1.5135 1.43408 -1.4295 1.35449 -1.1018 1.25422 -1.03301 1.17591 -0.964215 1.09761 -0.606962 0.899582 -0.560332 0.830472 -0.513702 0.761362 -0.467073 0.692251 -0.178173 0.477295 -0.158412 0.42436 -0.138652 0.371426 -0.118891 0.318491
15.705 -0.576028 0.110253 -0.803393 0.416496 -0.949639 0.680685 -1 0.876145 -0.949391 0.983142 -0.802923 0.99087 -0.575383 0.898551 -2.01812 0.832768 -1.94857 0.804068 -1.87902 0.775368 -1.80947 0.746669 -2.11262 1.26839 -2.02817 1.21769 -1.94372 1.16699 -1.99955 1.48799 -1.90873 1.4204 -1.81791 1.35282 -1.67386 1.47652 -1.58584 1.39887 -1.49782 1.32123 -1.22263 1.27913 -1.14629 1.19927 -1.06996 1.11941 -0.741181 0.963466 -0.68424 0.889448 -0.627299 0.81543 -0.570358 0.741412 -0.286711 0.547309 -0.254913 0.486609 -0.223115 0.425909 -0.191317 0.365209
15.755 -0.45804 -0.0275912 -0.713793 0.287404 -0.897474 0.57338 -0.990537 0.801461 -0.983586 0.94862 -0.877323 0.999996 -0.682476 0.950403 -1.76456 0.526311 -1.70375 0.508172 -1.64294 0.490034 -1.58213 0.471896 -1.97579 1.04293 -1.89682 1.00124 -1.81784 0.959555 -1.96326 1.34371 -1.87409 1.28268 -1.78492 1.22165 -1.71836 1.41125 -1.628 1.33704 -1.53764 1.26283 -1.32019 1.27969 -1.23776 1.1998 -1.15533 1.1199 -0.861292 1.00901 -0.795124 0.931495 -0.728955 0.853978 -0.662787 0.776461 -0.389791 0.606905 -0.346561 0.539596 -0.303331 0.472286 -0.260101 0.404977
15.805 -0.331334 -0.16491 -0.610607 0.152842 -0.828227 0.455161 -0.962221 0.711523 -0.99906 0.896042 -0.935024 0.990088 -0.776578 0.984165 -1.47742 0.209836 -1.42651 0.202604 -1.37559 0.195373 -1.32467 0.188141 -1.80137 0.797629 -1.72936 0.765745 -1.65735 0.733861 -1.88961 1.17386 -1.80379 1.12054 -1.71796 1.06723 -1.73014 1.31912 -1.63916 1.24975 -1.54818 1.18039 -1.39262 1.2559 -1.30567 1.17749 -1.21872 1.09908 -0.965011 1.03535 -0.890874 0.955812 -0.816737 0.876271 -0.742601 0.796731 -0.485453 0.65495 -0.431613 0.582312 -0.377774 0.509674 -0.323934 0.437036
15.855 -0.198321 -0.29909 -0.495799 0.0153704 -0.743216 0.328279 -0.915591 0.608041 -0.995518 0.826409 -0.974928 0.961335 -0.8559 0.999195 -1.16216 -0.110633 -1.12211 -0.10682 -1.08206 -0.103007 -1.042 -0.0991944 -1.59265 0.537141 -1.52899 0.51567 -1.46532 0.494198 -1.78 0.981667 -1.69915 0.937079 -1.6183 0.892492 -1.709 1.20188 -1.61913 1.13868 -1.52926 1.07548 -1.43854 1.2082 -1.34873 1.13277 -1.25891 1.05734 -1.05036 1.04199 -0.969668 0.961937 -0.888974 0.881886 -0.80828 0.801836 -0.571874 0.690529 -0.50845 0.613945 -0.445026 0.537361 -0.381602 0.460777
15.905 -0.0615341 -0.427577 -0.371554 -0.122393 -0.644059 0.195148 -0.851533 0.492986 -0.973028 0.741047 -0.996276 0.914285 -0.918931 0.995207 -0.824776 -0.428995 -0.796351 -0.414211 -0.767927 -0.399426 -0.739503 -0.384642 -1.35362 0.26643 -1.29951 0.25578 -1.2454 0.24513 -1.6365 0.770788 -1.56217 0.735779 -1.48784 0.700769 -1.65533 1.06177 -1.56828 1.00594 -1.48123 0.950102 -1.45709 1.13751 -1.36611 1.06649 -1.27514 0.995469 -1.11572 1.02879 -1.03 0.949752 -0.94429 0.870716 -0.858575 0.791679 -0.647411 0.712964 -0.575609 0.633892 -0.503808 0.55482 -0.432006 0.475748
15.955 0.0764245 -0.547926 -0.240238 -0.257828 -0.532643 0.0583036 -0.771268 0.368548 -0.932017 0.64158 -0.998661 0.849832 -0.964471 0.972276 -0.471694 -0.739193 -0.455438 -0.713718 -0.439182 -0.688243 -0.422926 -0.662768 -1.08883 -0.00935239 -1.0453 -0.00897855 -1.00178 -0.0086047 -1.46185 0.545239 -1.39546 0.520474 -1.32906 0.495709 -1.57015 0.901447 -1.48758 0.854043 -1.40501 0.80664 -1.4479 1.04517 -1.3575 0.97991 -1.2671 0.914655 -1.15984 0.996008 -1.07074 0.91949 -0.981633 0.842972 -0.892528 0.766454 -0.710625 0.721829 -0.631813 0.641774 -0.553 0.561719 -0.474188 0.481664
16.005 0.212928 -0.657846 -0.104348 -0.388354 -0.411089 -0.0796509 -0.676322 0.237095 -0.873267 0.529901 -0.982039 0.769204 -0.991653 0.93084 -0.109635 -1.03532 -0.105856 -0.999641 -0.102078 -0.96396 -0.0982997 -0.92828 -0.80331 -0.284957 -0.771199 -0.273566 -0.739088 -0.262175 -1.25938 0.309311 -1.20218 0.295263 -1.14498 0.281214 -1.45508 0.723966 -1.37857 0.685896 -1.30205 0.647826 -1.41115 0.932927 -1.32304 0.87468 -1.23494 0.816432 -1.18189 0.944271 -1.09109 0.871727 -1.00029 0.799184 -0.909494 0.726641 -0.760314 0.716955 -0.67599 0.637441 -0.591667 0.557926 -0.507344 0.478411
16.055 0.34538 -0.755245 0.0335271 -0.511489 -0.281711 -0.216089 -0.568504 0.101129 -0.797896 0.408137 -0.946724 0.673935 -0.999961 0.871686 0.254511 -1.31174 0.24574 -1.26654 0.236969 -1.22133 0.228198 -1.17612 -0.502502 -0.555137 -0.482415 -0.532947 -0.462329 -0.510756 -1.03294 0.0674969 -0.986027 0.0644312 -0.939111 0.0613655 -1.31232 0.532706 -1.24331 0.504693 -1.1743 0.476681 -1.34754 0.802932 -1.26341 0.752801 -1.17928 0.70267 -1.18144 0.87456 -1.09068 0.807372 -0.999911 0.740184 -0.909148 0.672997 -0.79553 0.698435 -0.707301 0.620974 -0.619072 0.543514 -0.530843 0.466053
16.105 0.471257 -0.838268 0.170764 -0.624889 -0.14697 -0.348415 -0.449865 -0.0367614 -0.707337 0.278604 -0.89339 0.565839 -0.989237 0.795941 0.613813 -1.5632 0.59266 -1.50933 0.571506 -1.45545 0.550352 -1.40158 -0.19213 -0.814752 -0.18445 -0.782183 -0.17677 -0.749615 -0.786843 -0.175602 -0.751104 -0.167626 -0.715366 -0.159651 -1.14458 0.331307 -1.08439 0.313885 -1.02421 0.296463 -1.25829 0.657654 -1.17973 0.616593 -1.10116 0.575533 -1.1585 0.788203 -1.0695 0.72765 -0.980499 0.667096 -0.891498 0.606543 -0.815606 0.666621 -0.72515 0.592689 -0.634694 0.518757 -0.544239 0.444824
16.155 0.588164 -0.905336 0.304752 -0.726395 -0.0094322 -0.474109 -0.322664 -0.173952 -0.603316 0.143768 -0.823051 0.446972 -0.959683 0.705046 0.961432 -1.7849 0.928298 -1.72339 0.895165 -1.66187 0.862031 -1.60036 0.121899 -1.05886 0.117027 -1.01653 0.112154 -0.974206 -0.525765 -0.415359 -0.501885 -0.396494 -0.478005 -0.377628 -0.955059 0.123601 -0.904836 0.117102 -0.854614 0.110602 -1.14508 0.499859 -1.07359 0.46865 -1.00209 0.437441 -1.11352 0.686844 -1.02797 0.634078 -0.942424 0.581311 -0.856879 0.528545 -0.820157 0.622119 -0.729196 0.553122 -0.638236 0.484125 -0.547276 0.415129
16.205 0.693877 -0.955173 0.432938 -0.814074 0.128285 -0.590779 -0.189321 -0.307832 -0.487811 0.00619603 -0.737047 0.319599 -0.911863 0.600731 1.29075 -1.97263 1.24627 -1.90464 1.20179 -1.83666 1.1573 -1.76868 0.433608 -1.28281 0.416276 -1.23153 0.398943 -1.18025 -0.254681 -0.64721 -0.243113 -0.617814 -0.231545 -0.588418 -0.747356 -0.0864567 -0.708056 -0.0819103 -0.668756 -0.077364 -1.01008 0.332549 -0.947016 0.311786 -0.883952 0.291024 -1.04733 0.572412 -0.966873 0.528437 -0.886412 0.484461 -0.805951 0.440486 -0.809097 0.565775 -0.719363 0.503028 -0.62963 0.44028 -0.539896 0.377532
16.255 0.786383 -0.986829 0.552884 -0.886259 0.263561 -0.696204 -0.0523741 -0.435853 -0.363021 -0.131494 -0.637014 0.186142 -0.846687 0.484983 1.5955 -2.12281 1.54052 -2.04965 1.48553 -1.97649 1.43055 -1.90333 0.737064 -1.48235 0.707601 -1.42309 0.678138 -1.36384 0.0212516 -0.866743 0.0202863 -0.827375 0.0193211 -0.788007 -0.525428 -0.294869 -0.497798 -0.279363 -0.470169 -0.263857 -0.855854 0.15891 -0.802419 0.148988 -0.748984 0.139067 -0.961218 0.447085 -0.887373 0.412738 -0.813528 0.378391 -0.739682 0.344043 -0.782638 0.498663 -0.695838 0.443359 -0.609039 0.388054 -0.52224 0.332749
16.305 0.863921 -0.999702 0.662307 -0.941575 0.39382 -0.788378 0.0855692 -0.555578 -0.231322 -0.266681 -0.524856 0.049142 -0.765395 0.360003 1.86989 -2.23259 1.80544 -2.15565 1.741 -2.0787 1.67656 -2.00176 1.02649 -1.65367 0.985459 -1.58757 0.944427 -1.52146 0.296779 -1.06978 0.283299 -1.02119 0.26982 -0.972599 -0.2935 -0.497669 -0.278066 -0.471499 -0.262632 -0.445329 -0.685338 -0.0177538 -0.642549 -0.0166453 -0.59976 -0.0155369 -0.856807 0.313248 -0.790983 0.289183 -0.725159 0.265118 -0.659335 0.241052 -0.741282 0.42206 -0.659069 0.375251 -0.576857 0.328442 -0.494644 0.281633
16.355 0.925015 -0.993547 0.759124 -0.97897 0.516583 -0.865546 0.221884 -0.664728 -0.0952193 -0.396793 -0.402708 -0.0887932 -0.669536 0.228172 2.10868 -2.29987 2.03601 -2.22061 1.96334 -2.14135 1.89067 -2.06209 1.29638 -1.79352 1.24456 -1.72182 1.19274 -1.65013 0.566658 -1.25245 0.54092 -1.19556 0.515183 -1.13868 -0.0559853 -0.690997 -0.0530413 -0.65466 -0.0500973 -0.618324 -0.501777 -0.19408 -0.470449 -0.181962 -0.43912 -0.169845 -0.736088 0.173449 -0.679538 0.160124 -0.622988 0.146798 -0.566439 0.133473 -0.685816 0.337423 -0.609755 0.300001 -0.533694 0.262579 -0.457633 0.225156
16.405 0.968503 -0.968482 0.841491 -0.997731 0.629514 -0.92624 0.353975 -0.761226 0.0426953 -0.519352 -0.272896 -0.225038 -0.560932 0.0919972 2.30734 -2.32338 2.22782 -2.24331 2.1483 -2.16324 2.06878 -2.08317 1.54159 -1.89922 1.47997 -1.82331 1.41835 -1.74739 0.825751 -1.41129 0.788246 -1.34718 0.75074 -1.28308 0.182595 -0.871172 0.172993 -0.825361 0.163391 -0.77955 -0.308666 -0.366711 -0.289394 -0.343816 -0.270123 -0.32092 -0.601358 0.0303483 -0.555159 0.0280168 -0.50896 0.0256853 -0.462761 0.0233538 -0.617298 0.246364 -0.548836 0.219041 -0.480374 0.191717 -0.411912 0.164394
16.455 0.993557 -0.924982 0.907843 -0.997502 0.730463 -0.969304 0.479329 -0.843235 0.179797 -0.632026 -0.137889 -0.357 -0.441652 -0.0459284 2.46208 -2.30266 2.37723 -2.22331 2.29238 -2.14395 2.20752 -2.06459 1.75747 -1.96878 1.68721 -1.89009 1.61696 -1.81139 1.06913 -1.54326 1.02057 -1.47316 0.972008 -1.40307 0.4177 -1.03477 0.395735 -0.980352 0.37377 -0.925938 -0.10968 -0.532363 -0.102832 -0.499125 -0.0959838 -0.465887 -0.455182 -0.11333 -0.420213 -0.104623 -0.385244 -0.0959168 -0.350274 -0.0872103 -0.537029 0.150616 -0.47747 0.133911 -0.41791 0.117207 -0.35835 0.100503
16.505 0.9997 -0.863877 0.956914 -0.978287 0.817509 -0.993919 0.59556 -0.909195 0.313477 -0.73267 -0.000257439 -0.482167 -0.313966 -0.18298 2.56995 -2.23812 2.48139 -2.16099 2.39282 -2.08386 2.30425 -2.00673 1.93989 -2.00087 1.86234 -1.92089 1.7848 -1.84091 1.29215 -1.64586 1.23346 -1.5711 1.17477 -1.49635 0.644854 -1.17866 0.610944 -1.11668 0.577034 -1.0547 0.0913945 -0.687883 0.0856883 -0.644935 0.079982 -0.601987 -0.300342 -0.254851 -0.277269 -0.235272 -0.254195 -0.215693 -0.231121 -0.196114 -0.44654 0.0520004 -0.397016 0.0462332 -0.347492 0.0404661 -0.297968 0.0346989
16.555 0.986815 -0.786329 0.987772 -0.940451 0.888994 -0.999615 0.700455 -0.957849 0.44119 -0.819368 0.137379 -0.598156 -0.180304 -0.316549 2.62892 -2.13098 2.53832 -2.05754 2.44772 -1.9841 2.35712 -1.91066 2.08539 -1.99487 2.00203 -1.91513 1.91867 -1.83539 1.49059 -1.71713 1.42288 -1.63914 1.35518 -1.56115 0.859735 -1.30013 0.814525 -1.23176 0.769316 -1.16339 0.290729 -0.830309 0.272577 -0.778468 0.254426 -0.726628 -0.139786 -0.391521 -0.129047 -0.361443 -0.118308 -0.331364 -0.107569 -0.301286 -0.347551 -0.0476046 -0.309005 -0.0423249 -0.27046 -0.0370453 -0.231914 -0.0317657
16.605 0.955147 -0.693815 0.999829 -0.884715 0.943559 -0.986286 0.792017 -0.988272 0.560506 -0.890472 0.2724 -0.702761 -0.0432097 -0.444092 2.63784 -1.98328 2.54693 -1.91493 2.45602 -1.84658 2.36512 -1.77823 2.19119 -1.95091 2.1036 -1.87292 2.01601 -1.79494 1.66065 -1.75572 1.58522 -1.67597 1.50979 -1.59623 1.05825 -1.39685 1.0026 -1.32339 0.946954 -1.24994 0.48453 -0.956931 0.454278 -0.897185 0.424026 -0.837439 0.0234306 -0.52074 0.0216306 -0.480734 0.0198305 -0.440728 0.0180305 -0.400723 -0.241946 -0.146303 -0.215113 -0.130077 -0.18828 -0.113852 -0.161446 -0.0976256
16.655 0.9053 -0.588094 0.992856 -0.81214 0.980164 -0.954184 0.868505 -0.999884 0.669153 -0.944626 0.402237 -0.793989 0.0947068 -0.563183 2.59656 -1.79783 2.50707 -1.73587 2.41759 -1.67391 2.3281 -1.61195 2.25529 -1.86981 2.16514 -1.79507 2.07499 -1.72032 1.7991 -1.76089 1.71739 -1.68091 1.63567 -1.60093 1.23663 -1.46698 1.1716 -1.38984 1.10657 -1.31269 0.669108 -1.06534 0.627332 -0.998825 0.585557 -0.932311 0.186201 -0.640046 0.171897 -0.590875 0.157592 -0.541704 0.143287 -0.492532 -0.131737 -0.242218 -0.117126 -0.215354 -0.102516 -0.188491 -0.0879057 -0.161627
16.705 0.838221 -0.47118 0.966985 -0.724107 0.998113 -0.90392 0.928462 -0.992465 0.765064 -0.9808 0.524417 -0.870105 0.230821 -0.671555 2.50585 -1.57816 2.41949 -1.52377 2.33313 -1.46938 2.24677 -1.41499 2.27646 -1.75312 2.18547 -1.68304 2.09447 -1.61296 1.90331 -1.73255 1.81686 -1.65385 1.73041 -1.57516 1.39146 -1.50919 1.31829 -1.42982 1.24512 -1.35046 0.840951 -1.15347 0.788446 -1.08145 0.735941 -1.00944 0.345428 -0.747171 0.318891 -0.689769 0.292353 -0.632368 0.265816 -0.574967 -0.0190201 -0.333521 -0.0169106 -0.296532 -0.0148012 -0.259542 -0.0126918 -0.222553
16.755 0.755188 -0.345298 0.922709 -0.622291 0.997065 -0.836452 0.970747 -0.966156 0.846413 -0.998307 0.636617 -0.929659 0.362541 -0.767144 2.36745 -1.32845 2.28586 -1.28267 2.20427 -1.23688 2.12268 -1.1911 2.25431 -1.60306 2.16419 -1.53898 2.07408 -1.4749 1.97129 -1.67122 1.88176 -1.59532 1.79222 -1.51941 1.51982 -1.52267 1.4399 -1.4426 1.35997 -1.36253 0.996788 -1.21965 0.934553 -1.1435 0.872319 -1.06735 0.49808 -0.840074 0.459815 -0.775535 0.421551 -0.710997 0.383286 -0.646458 0.0940587 -0.418477 0.0836271 -0.372065 0.0731954 -0.325654 0.0627637 -0.279242
16.805 0.657781 -0.212844 0.860871 -0.508631 0.977039 -0.753062 0.994555 -0.921457 0.911651 -0.996812 0.736698 -0.971519 0.487361 -0.848132 2.18399 -1.05346 2.10872 -1.01715 2.03346 -0.980845 1.95819 -0.94454 2.18924 -1.42249 2.10173 -1.36563 2.01422 -1.30877 2.00176 -1.57809 1.91084 -1.50642 1.81992 -1.43474 1.61924 -1.50717 1.53409 -1.42792 1.44894 -1.34866 1.13365 -1.26261 1.06287 -1.18378 0.992092 -1.10495 0.641252 -0.916987 0.591988 -0.84654 0.542724 -0.776092 0.49346 -0.705645 0.205347 -0.495468 0.182573 -0.440517 0.159799 -0.385567 0.137025 -0.330617
16.855 0.547854 -0.0763381 0.782647 -0.38529 0.938416 -0.65534 0.999433 -0.859219 0.959538 -0.976344 0.822758 -0.994887 0.602905 -0.912977 1.95896 -0.758411 1.89145 -0.732274 1.82393 -0.706137 1.75642 -0.68 2.08251 -1.21485 1.99926 -1.16629 1.91602 -1.11773 1.99412 -1.45493 1.90354 -1.38884 1.81297 -1.32276 1.68784 -1.46299 1.59909 -1.38605 1.51033 -1.30912 1.24894 -1.28154 1.17096 -1.20153 1.09298 -1.12151 0.772219 -0.976447 0.712893 -0.901431 0.653568 -0.826416 0.594242 -0.751401 0.312727 -0.563028 0.278044 -0.500585 0.243361 -0.438141 0.208677 -0.375698
16.905 0.427499 0.0616205 0.689526 -0.254616 0.881931 -0.545143 0.985288 -0.780628 0.989161 -0.937293 0.893158 -0.999319 0.706973 -0.960444 1.69664 -0.448931 1.63817 -0.43346 1.5797 -0.417988 1.52123 -0.402517 1.93614 -0.984083 1.85874 -0.944746 1.78135 -0.905409 1.94852 -1.30407 1.86002 -1.24483 1.77152 -1.1856 1.72432 -1.39096 1.63365 -1.31781 1.54297 -1.24467 1.34045 -1.27608 1.25676 -1.19641 1.17307 -1.11673 0.888487 -1.01732 0.820229 -0.939166 0.751971 -0.86101 0.683714 -0.782855 0.414155 -0.619871 0.368223 -0.551124 0.32229 -0.482376 0.276358 -0.413629
16.955 0.299007 0.198406 0.583281 -0.119095 0.808661 -0.424571 0.95239 -0.687178 0.999957 -0.880401 0.946558 -0.98473 0.797585 -0.989631 1.40203 -0.130907 1.35371 -0.126395 1.30539 -0.121884 1.25708 -0.117372 1.75292 -0.734585 1.68285 -0.705221 1.61278 -0.675857 1.86584 -1.12838 1.78109 -1.07713 1.69635 -1.02588 1.72798 -1.29245 1.63712 -1.22449 1.54625 -1.15652 1.40645 -1.24633 1.31864 -1.16851 1.23083 -1.0907 0.987844 -1.03883 0.911953 -0.959024 0.836062 -0.879216 0.760172 -0.799408 0.5077 -0.664917 0.451393 -0.591173 0.395086 -0.51743 0.338779 -0.443687
17.005 0.164825 0.331416 0.465934 0.0186928 0.719998 -0.295918 0.901364 -0.580649 0.99172 -0.806753 0.981941 -0.951398 0.873016 -0.999982 1.08073 0.18961 1.04349 0.183075 1.00624 0.176541 0.968998 0.170006 1.53633 -0.471105 1.47492 -0.452274 1.4135 -0.433442 1.74765 -0.931226 1.66827 -0.888929 1.58889 -0.846633 1.69875 -1.16934 1.60942 -1.10785 1.52009 -1.04636 1.44569 -1.19285 1.35542 -1.11838 1.26516 -1.0439 1.0684 -1.04057 0.986319 -0.960629 0.90424 -0.880687 0.822161 -0.800746 0.591581 -0.697306 0.525971 -0.619971 0.460362 -0.542635 0.394752 -0.4653
17.055 0.0275046 0.458117 0.339719 0.156125 0.617632 -0.161632 0.833182 -0.463068 0.964607 -0.717749 0.998635 -0.899958 0.931831 -0.991299 0.738867 0.506517 0.713404 0.489061 0.68794 0.471605 0.662477 0.454149 1.2905 -0.198659 1.23891 -0.190718 1.18733 -0.182777 1.59619 -0.716343 1.52369 -0.683806 1.45119 -0.65127 1.63719 -1.02398 1.55109 -0.970134 1.465 -0.916288 1.4574 -1.11668 1.36641 -1.04696 1.27541 -0.977238 1.12862 -1.0225 1.04191 -0.943949 0.955207 -0.865396 0.868501 -0.786842 0.664203 -0.716423 0.590539 -0.636968 0.516875 -0.557512 0.443211 -0.478056
17.105 -0.110339 0.576099 0.207038 0.290585 0.503509 -0.0242694 0.749142 -0.336673 0.919134 -0.615083 0.99632 -0.831388 0.972909 -0.963748 0.382938 0.813783 0.369741 0.785738 0.356543 0.757693 0.343346 0.729647 1.02011 0.0775689 0.97933 0.0744682 0.938553 0.0713675 1.41435 -0.487825 1.35011 -0.465668 1.28587 -0.443511 1.54446 -0.859128 1.46324 -0.81395 1.38203 -0.768773 1.44137 -1.01925 1.35138 -0.955609 1.26139 -0.891973 1.16736 -0.984973 1.07767 -0.909303 0.987992 -0.833633 0.898311 -0.757963 0.724182 -0.721904 0.643866 -0.641841 0.56355 -0.561777 0.483234 -0.481714
17.155 -0.246082 0.683115 0.0704155 0.419514 0.379803 0.113555 0.650842 -0.20387 0.856166 -0.500711 0.975043 -0.746994 0.995469 -0.917854 0.0197193 1.10556 0.0190397 1.06746 0.0183601 1.02936 0.0176805 0.991258 0.730299 0.35232 0.701106 0.338237 0.671914 0.324153 1.20559 -0.250022 1.15083 -0.238666 1.09607 -0.22731 1.42234 -0.677923 1.34754 -0.642274 1.27275 -0.606625 1.39791 -0.902415 1.31064 -0.846072 1.22336 -0.78973 1.18387 -0.928696 1.09292 -0.85735 1.00197 -0.786003 0.911022 -0.714656 0.770378 -0.713645 0.684938 -0.634497 0.599499 -0.55535 0.514059 -0.476202
17.205 -0.377142 0.77713 -0.0675468 0.540459 0.248868 0.249218 0.540155 -0.0671869 0.776903 -0.376808 0.935206 -0.648382 0.999082 -0.854489 -0.343875 1.37629 -0.332024 1.32886 -0.320173 1.28143 -0.308322 1.234 0.42659 0.620366 0.409538 0.595568 0.392486 0.570769 0.973878 -0.00746043 0.929644 -0.00712158 0.88541 -0.00678272 1.27314 -0.483814 1.20619 -0.458372 1.13925 -0.432931 1.32785 -0.768407 1.24494 -0.720432 1.16204 -0.672456 1.17786 -0.854743 1.08737 -0.789077 0.996882 -0.723412 0.906394 -0.657747 0.80191 -0.691802 0.712973 -0.615077 0.624037 -0.538352 0.5351 -0.461627
17.255 -0.501023 0.856352 -0.204223 0.651116 0.113196 0.380137 0.419187 0.0707753 0.682852 -0.245733 0.87757 -0.537429 0.983679 -0.774861 -0.700923 1.62083 -0.676767 1.56497 -0.652611 1.50912 -0.628455 1.45326 0.114762 0.876603 0.110175 0.841562 0.105588 0.806522 0.723634 0.235243 0.690766 0.224558 0.657899 0.213874 1.09972 -0.280497 1.04189 -0.265747 0.984057 -0.250997 1.23251 -0.619774 1.15556 -0.581078 1.0786 -0.542383 1.14943 -0.76452 1.06112 -0.705786 0.972818 -0.647052 0.884513 -0.588318 0.818179 -0.656792 0.727438 -0.58395 0.636697 -0.511108 0.545956 -0.438265
17.305 -0.615368 0.919276 -0.337013 0.749381 -0.02463 0.503821 0.29024 0.20739 0.575804 -0.10998 0.803229 -0.416246 0.949553 -0.680484 -1.04463 1.83452 -1.00863 1.7713 -0.972628 1.70808 -0.936627 1.64485 -0.19925 1.11616 -0.191285 1.07154 -0.183321 1.02692 0.459617 0.473469 0.438741 0.451964 0.417865 0.430459 0.905356 -0.0718406 0.857748 -0.0680628 0.810139 -0.064285 1.11371 -0.459344 1.04417 -0.430665 0.974638 -0.401986 1.09911 -0.659746 1.01468 -0.609062 0.930236 -0.558377 0.845797 -0.507692 0.818876 -0.60928 0.728057 -0.541708 0.637239 -0.474135 0.546421 -0.406562
17.355 -0.718 0.964702 -0.463388 0.833382 -0.161988 0.617915 0.155768 0.340058 0.457796 0.0278652 0.713601 -0.287141 0.897353 -0.573155 -1.36846 2.01329 -1.32129 1.94391 -1.27413 1.87452 -1.22697 1.80514 -0.50947 1.33446 -0.489105 1.28112 -0.468739 1.22778 0.186852 0.702684 0.178365 0.670768 0.169878 0.638852 0.693765 0.138183 0.657283 0.130917 0.620801 0.12365 0.973709 -0.290171 0.912915 -0.272054 0.852122 -0.253938 1.02788 -0.542415 0.948916 -0.500744 0.86995 -0.459073 0.790983 -0.417403 0.803986 -0.550172 0.714819 -0.489155 0.625652 -0.428138 0.536485 -0.36712
17.405 -0.806966 0.991766 -0.580943 0.90152 -0.296262 0.720249 0.0183322 0.466253 0.331075 0.16518 0.61039 -0.152571 0.828074 -0.454917 -1.66623 2.15374 -1.60881 2.07952 -1.55139 2.00529 -1.49396 1.93107 -0.809993 1.52737 -0.777615 1.46632 -0.745237 1.40526 -0.0894702 0.918523 -0.0854065 0.876804 -0.0813427 0.835084 0.468969 0.345576 0.444308 0.327404 0.419647 0.309232 0.815178 -0.115476 0.764282 -0.108266 0.713387 -0.101056 0.937087 -0.41476 0.865096 -0.382896 0.793104 -0.351032 0.721113 -0.319168 0.773793 -0.480592 0.687975 -0.427292 0.602156 -0.373991 0.516338 -0.320691
17.455 -0.880572 0.999953 -0.68744 0.9525 -0.424898 0.808873 -0.119453 0.583574 0.198053 0.299352 0.495561 -0.0150964 0.743033 -0.32802 -1.9323 2.2532 -1.8657 2.17555 -1.79911 2.0979 -1.73252 2.02024 -1.0951 1.69121 -1.05132 1.62361 -1.00755 1.556 -0.364089 1.11688 -0.347552 1.06615 -0.331015 1.01542 0.235247 0.546392 0.222876 0.51766 0.210505 0.488928 0.641131 0.0614182 0.601102 0.0575835 0.561073 0.0537489 0.828455 -0.27921 0.764809 -0.25776 0.701164 -0.236309 0.637518 -0.214859 0.728872 -0.401865 0.648036 -0.357296 0.5672 -0.312727 0.486363 -0.268157
17.505 -0.937418 0.989108 -0.780853 0.98535 -0.545446 0.882101 -0.254964 0.689787 0.0612605 0.427825 0.3713 0.122665 0.643849 -0.19488 -2.16158 2.30977 -2.08709 2.23017 -2.01259 2.15057 -1.9381 2.07096 -1.35936 1.82286 -1.30502 1.74999 -1.25068 1.67713 -0.631778 1.29398 -0.603083 1.23521 -0.574387 1.17643 -0.00295343 0.736808 -0.00279812 0.698063 -0.00264281 0.659317 0.454881 0.237143 0.426481 0.222337 0.39808 0.207531 0.704055 -0.138346 0.649966 -0.127717 0.595877 -0.117089 0.541788 -0.106461 0.670078 -0.315489 0.595763 -0.280499 0.521447 -0.24551 0.447131 -0.21052
17.555 -0.976422 0.959436 -0.859404 0.999445 -0.655612 0.93854 -0.385623 0.782871 -0.0766977 0.548155 0.239972 0.258092 0.532411 -0.05803 -2.34972 2.32238 -2.26874 2.24234 -2.18777 2.1623 -2.10679 2.08227 -1.59775 1.91981 -1.53388 1.84307 -1.47001 1.76633 -0.887442 1.44645 -0.847134 1.38075 -0.806826 1.31505 -0.241097 0.9132 -0.228419 0.865179 -0.215741 0.817158 0.259973 0.408354 0.243742 0.382858 0.227511 0.357363 0.566253 0.00515186 0.522751 0.00475607 0.479249 0.00436028 0.435747 0.00396449 0.59853 -0.223108 0.53215 -0.198364 0.465769 -0.17362 0.399389 -0.148876
17.605 -0.996841 0.911503 -0.921597 0.994517 -0.7533 0.977115 -0.508942 0.861054 -0.213196 0.658052 0.104076 0.388607 0.410839 0.0799241 -2.49314 2.29078 -2.40722 2.21183 -2.3213 2.13289 -2.23538 2.05394 -1.80573 1.98022 -1.73355 1.90106 -1.66136 1.82191 -1.12621 1.57139 -1.07506 1.50001 -1.02391 1.42864 -0.474652 1.07221 -0.449692 1.01583 -0.424732 0.959445 0.0601173 0.571792 0.0563638 0.536092 0.0526104 0.500393 0.417674 0.148551 0.385586 0.137139 0.353499 0.125726 0.321411 0.114314 0.51559 -0.12648 0.458408 -0.112453 0.401226 -0.0984252 0.344044 -0.0843978
17.655 -0.998286 0.846221 -0.966249 0.97066 -0.836649 0.997092 -0.622574 0.922848 -0.345637 0.755424 -0.033801 0.511725 0.281448 0.216357 -2.58911 2.21558 -2.49988 2.13923 -2.41065 2.06287 -2.32142 1.98652 -1.97933 2.00294 -1.90021 1.92287 -1.82109 1.84281 -1.34355 1.66642 -1.28253 1.59073 -1.2215 1.51504 -0.699172 1.21081 -0.662406 1.14714 -0.62564 1.08347 -0.140883 0.724348 -0.132087 0.679123 -0.123291 0.633898 0.261145 0.289123 0.241083 0.266911 0.22102 0.2447 0.200958 0.222488 0.422837 -0.0274448 0.375942 -0.024401 0.329046 -0.0213572 0.282151 -0.0183134
17.705 -0.98073 0.764832 -0.992509 0.928328 -0.904074 0.998091 -0.724356 0.967077 -0.471499 0.838418 -0.171034 0.625103 0.146699 0.348672 -2.63579 2.09821 -2.54495 2.0259 -2.45412 1.95359 -2.36328 1.88128 -2.11527 1.98754 -2.03071 1.90809 -1.94616 1.82864 -1.53532 1.72973 -1.46558 1.65116 -1.39585 1.5726 -0.910385 1.32637 -0.862512 1.25662 -0.814639 1.18687 -0.339202 0.863116 -0.318024 0.809227 -0.296846 0.755339 0.0996454 0.424192 0.0919902 0.391604 0.0843349 0.359015 0.0766797 0.326427 0.322035 0.0721126 0.286319 0.0641149 0.250604 0.0561172 0.214888 0.0481195
17.755 -0.944507 0.668885 -0.999878 0.868326 -0.954292 0.980093 -0.81235 0.992899 -0.588386 0.905453 -0.305013 0.726583 0.00915817 0.47435 -2.63231 1.94091 -2.54159 1.87402 -2.45087 1.80713 -2.36015 1.74024 -2.21094 1.9343 -2.12256 1.85698 -2.03418 1.77966 -1.69786 1.76011 -1.62074 1.68017 -1.54362 1.60023 -1.10427 1.41668 -1.0462 1.34218 -0.988133 1.26769 -0.531065 0.985456 -0.497908 0.923929 -0.464751 0.862402 -0.0637508 0.551187 -0.0588532 0.508842 -0.0539555 0.466497 -0.0490579 0.424153 0.215104 0.170298 0.191247 0.151411 0.167391 0.132524 0.143535 0.113637
17.805 -0.890307 0.560207 -0.988216 0.791797 -0.986345 0.943439 -0.884883 0.999823 -0.694074 0.955254 -0.433185 0.814233 -0.128557 0.591 -2.57872 1.74666 -2.48985 1.68646 -2.40098 1.62627 -2.31211 1.56607 -2.26453 1.84425 -2.17401 1.77053 -2.08349 1.69681 -1.82808 1.757 -1.74505 1.6772 -1.66202 1.59739 -1.27714 1.48003 -1.20998 1.4022 -1.14282 1.32437 -0.712819 1.08904 -0.668314 1.02105 -0.623809 0.953051 -0.225934 0.667691 -0.208576 0.616396 -0.191219 0.565101 -0.173862 0.513805 0.104078 0.265241 0.0925354 0.235824 0.0809925 0.206407 0.0694496 0.176991
17.855 -0.819162 0.440866 -0.957745 0.700197 -0.999625 0.888829 -0.940574 0.987716 -0.786552 0.986873 -0.553113 0.886386 -0.263825 0.696401 -2.47605 1.51917 -2.39072 1.46681 -2.30539 1.41446 -2.22005 1.3621 -2.27502 1.7191 -2.18408 1.65038 -2.09314 1.58166 -1.92351 1.72045 -1.83615 1.6423 -1.74878 1.56416 -1.42569 1.5152 -1.35072 1.43552 -1.27575 1.35585 -0.881006 1.17189 -0.826001 1.09873 -0.770995 1.02556 -0.383816 0.771486 -0.354329 0.712217 -0.324843 0.652948 -0.295356 0.593679 -0.00892816 0.355136 -0.00793798 0.315749 -0.00694779 0.276363 -0.0059576 0.236976
17.905 -0.732424 0.313134 -0.909045 0.59527 -0.993879 0.817301 -0.978361 0.956809 -0.864059 0.999709 -0.662512 0.941668 -0.394072 0.788546 -2.32625 1.26276 -2.24608 1.21924 -2.16591 1.17572 -2.08574 1.1322 -2.24221 1.56123 -2.15258 1.49882 -2.06295 1.43641 -1.98233 1.65114 -1.89229 1.57615 -1.80225 1.50115 -1.54712 1.52154 -1.46576 1.44153 -1.3844 1.36152 -1.03242 1.23244 -0.967965 1.1555 -0.903506 1.07855 -0.534393 0.860597 -0.493338 0.794482 -0.452284 0.728367 -0.411229 0.662252 -0.121765 0.438272 -0.10826 0.389665 -0.0947558 0.341058 -0.0812514 0.292451
17.955 -0.631746 0.179442 -0.843042 0.479013 -0.969215 0.730217 -0.997527 0.907691 -0.925119 0.993516 -0.759302 0.979026 -0.516818 0.865683 -2.13218 0.982315 -2.0587 0.948461 -1.98522 0.914608 -1.91174 0.880754 -2.16672 1.37364 -2.08011 1.31873 -1.99349 1.26382 -2.00342 1.55042 -1.91242 1.48 -1.82143 1.40958 -1.63909 1.49891 -1.5529 1.42009 -1.46671 1.34127 -1.16419 1.26954 -1.09151 1.19027 -1.01882 1.11101 -0.674799 0.933328 -0.622957 0.861625 -0.571116 0.789923 -0.519275 0.71822 -0.232284 0.513065 -0.206522 0.456163 -0.18076 0.399261 -0.154999 0.342359
18.005 -0.519043 0.0423349 -0.760992 0.353638 -0.926104 0.629234 -0.997707 0.841297 -0.968571 0.968413 -0.841639 0.99775 -0.629727 0.926343 -1.89752 0.683175 -1.83213 0.65963 -1.76673 0.636086 -1.70134 0.612542 -2.04999 1.1599 -1.96804 1.11354 -1.8861 1.06717 -1.98637 1.42018 -1.89615 1.35567 -1.80593 1.29117 -1.69987 1.44776 -1.61048 1.37163 -1.52109 1.2955 -1.2738 1.28246 -1.19427 1.20239 -1.11474 1.12232 -0.80236 0.988294 -0.740719 0.912369 -0.679078 0.836443 -0.617437 0.760518 -0.338381 0.578093 -0.300853 0.513979 -0.263324 0.449865 -0.225796 0.385751
18.055 -0.396462 -0.0955783 -0.664459 0.221532 -0.865365 0.516275 -0.978896 0.758889 -0.993588 0.924878 -0.907957 0.997483 -0.73065 0.969371 -1.62675 0.371031 -1.57069 0.358244 -1.51462 0.345457 -1.45856 0.332671 -1.89423 0.92409 -1.81852 0.887151 -1.7428 0.850212 -1.93152 1.26291 -1.84379 1.20555 -1.75606 1.14818 -1.72829 1.36905 -1.63741 1.29706 -1.54652 1.22506 -1.35916 1.27098 -1.2743 1.19163 -1.18945 1.11227 -0.91465 1.02445 -0.844383 0.945747 -0.774115 0.867043 -0.703847 0.78834 -0.438038 0.632118 -0.389457 0.562013 -0.340876 0.491907 -0.292295 0.421801
18.105 -0.266334 -0.231672 -0.555278 0.0852099 -0.788156 0.393489 -0.941454 0.662037 -0.999693 0.863739 -0.956994 0.97823 -0.817667 0.993949 -1.32501 0.0518254 -1.27935 0.0500393 -1.23368 0.0482533 -1.18802 0.0464672 -1.70243 0.670689 -1.63438 0.64388 -1.56633 0.61707 -1.8399 1.0816 -1.75634 1.03247 -1.67277 0.983346 -1.72382 1.26428 -1.63317 1.1978 -1.54252 1.13131 -1.41866 1.23531 -1.33008 1.15818 -1.24151 1.08105 -1.00953 1.04111 -0.931974 0.961123 -0.854417 0.881141 -0.77686 0.801158 -0.529358 0.674112 -0.470649 0.599349 -0.41194 0.524586 -0.353231 0.449823
18.155 -0.131137 -0.363357 -0.435528 -0.0527343 -0.695945 0.263213 -0.886092 0.552584 -0.986771 0.78616 -0.987815 0.940358 -0.88912 0.999608 -0.998055 -0.268367 -0.963659 -0.259118 -0.929263 -0.249869 -0.894867 -0.240621 -1.47822 0.404523 -1.41913 0.388353 -1.36004 0.372183 -1.71327 0.879704 -1.63545 0.839748 -1.55763 0.799792 -1.68653 1.13545 -1.59784 1.07574 -1.50916 1.01603 -1.45115 1.17612 -1.36055 1.10269 -1.26994 1.02926 -1.0852 1.03795 -1.00183 0.958206 -0.918457 0.878466 -0.835087 0.798727 -0.610602 0.703274 -0.542882 0.625277 -0.475163 0.54728 -0.407444 0.469282
18.205 0.00655671 -0.488125 -0.307489 -0.189675 -0.590488 0.127928 -0.813865 0.432613 -0.955066 0.693617 -0.999834 0.884587 -0.94365 0.986241 -0.652102 -0.583451 -0.629629 -0.563343 -0.607155 -0.543236 -0.584682 -0.523128 -1.22588 0.130657 -1.17688 0.125435 -1.12787 0.120212 -1.55402 0.661066 -1.48344 0.63104 -1.41285 0.601014 -1.61715 0.985004 -1.53211 0.933207 -1.44707 0.881411 -1.45602 1.09455 -1.36511 1.02621 -1.27421 0.957873 -1.14021 1.01503 -1.05261 0.937051 -0.965015 0.859072 -0.877419 0.781092 -0.680224 0.719051 -0.604783 0.639304 -0.529342 0.559557 -0.453901 0.47981
18.255 0.144125 -0.603603 -0.173597 -0.323005 -0.473791 -0.00979287 -0.726147 0.304408 -0.905183 0.587873 -0.992823 0.81198 -0.980218 0.954102 -0.293737 -0.88743 -0.283614 -0.856846 -0.273491 -0.826263 -0.263368 -0.795679 -0.950203 -0.145695 -0.91222 -0.139871 -0.874237 -0.134047 -1.3652 0.429845 -1.30319 0.410321 -1.24118 0.390798 -1.51698 0.815812 -1.43721 0.772913 -1.35744 0.730013 -1.43318 0.992145 -1.3437 0.9302 -1.25422 0.868255 -1.17352 0.972795 -1.08336 0.898061 -0.993206 0.823326 -0.903051 0.748591 -0.736899 0.721142 -0.655172 0.641163 -0.573446 0.561184 -0.491719 0.481205
18.305 0.27895 -0.707592 -0.0364009 -0.450187 -0.348077 -0.147327 -0.624607 0.170409 -0.838071 0.470939 -0.966915 0.723918 -0.99813 0.903803 0.0702191 -1.17452 0.0677992 -1.13404 0.0653792 -1.09356 0.0629592 -1.05309 -0.656441 -0.419275 -0.630201 -0.402515 -0.60396 -0.385755 -1.15039 0.190443 -1.09814 0.181793 -1.04589 0.173143 -1.38794 0.631093 -1.31496 0.597906 -1.24197 0.56472 -1.38306 0.870855 -1.29671 0.816483 -1.21035 0.762112 -1.18449 0.912044 -1.09349 0.841977 -1.00249 0.771909 -0.911494 0.701842 -0.779548 0.709506 -0.693091 0.630818 -0.606635 0.552129 -0.520178 0.473441
18.355 0.408466 -0.798113 0.101488 -0.568801 -0.215737 -0.282057 -0.51118 0.0331666 -0.755008 0.345041 -0.922604 0.622077 -0.997044 0.836301 0.432839 -1.43925 0.417922 -1.38965 0.403005 -1.34005 0.388088 -1.29045 -0.350184 -0.684874 -0.336186 -0.657497 -0.322188 -0.630121 -0.913682 -0.0525847 -0.872182 -0.0501963 -0.830683 -0.0478079 -1.23249 0.434361 -1.16768 0.41152 -1.10287 0.388679 -1.30661 0.732991 -1.22503 0.687226 -1.14345 0.641462 -1.17291 0.833934 -1.08281 0.769867 -0.992697 0.7058 -0.902588 0.641734 -0.807359 0.684366 -0.717818 0.608466 -0.628277 0.532566 -0.538736 0.456665
18.405 0.530207 -0.873443 0.237445 -0.676588 -0.0792914 -0.411418 -0.388022 -0.104707 -0.657574 0.212576 -0.860731 0.508395 -0.97698 0.752882 0.78722 -1.67659 0.76009 -1.61881 0.73296 -1.56103 0.70583 -1.50325 -0.0372619 -0.937438 -0.0357724 -0.899965 -0.0342829 -0.862493 -0.659586 -0.294611 -0.629627 -0.28123 -0.599669 -0.267849 -1.05357 0.229361 -0.998169 0.2173 -0.942767 0.205239 -1.2053 0.581175 -1.13004 0.544889 -1.05479 0.508603 -1.13902 0.73995 -1.05151 0.683104 -0.964007 0.626257 -0.876503 0.569411 -0.819804 0.646201 -0.728883 0.574533 -0.637961 0.502866 -0.54704 0.431198
18.455 0.641857 -0.932148 0.368883 -0.771497 0.0586637 -0.532948 -0.257479 -0.240588 -0.547624 0.0760649 -0.782476 0.385037 -0.938321 0.655133 1.12662 -1.88202 1.08779 -1.81716 1.04896 -1.7523 1.01014 -1.68744 0.276369 -1.17216 0.265322 -1.1253 0.254275 -1.07845 -0.392935 -0.53103 -0.375088 -0.506911 -0.357241 -0.482791 -0.854604 0.0199965 -0.809664 0.018945 -0.764724 0.0178935 -1.08104 0.418297 -1.01355 0.39218 -0.946051 0.366064 -1.08344 0.631883 -1.0002 0.583339 -0.916969 0.534795 -0.833734 0.48625 -0.816644 0.595735 -0.726074 0.529665 -0.635503 0.463594 -0.544932 0.397523
18.505 0.741289 -0.973111 0.4933 -0.851722 0.195502 -0.644335 -0.122035 -0.371889 -0.427251 -0.0618941 -0.689327 0.254351 -0.881802 0.544914 1.44457 -2.05162 1.39479 -1.98092 1.345 -1.91021 1.29522 -1.83951 0.58474 -1.38457 0.561366 -1.32922 0.537992 -1.27388 -0.118806 -0.757341 -0.11341 -0.722943 -0.108013 -0.688544 -0.639369 -0.189749 -0.605748 -0.179771 -0.572126 -0.169793 -0.936208 0.247457 -0.877756 0.232007 -0.819303 0.216557 -1.00724 0.511789 -0.929859 0.472471 -0.852478 0.433153 -0.775097 0.393835 -0.797941 0.533931 -0.709445 0.474715 -0.620948 0.415499 -0.532452 0.356283
18.555 0.826612 -0.995552 0.608327 -0.915736 0.328619 -0.743457 0.015731 -0.496112 -0.298746 -0.198675 -0.583058 0.118823 -0.808499 0.424323 1.73503 -2.18218 1.67523 -2.10697 1.61544 -2.03177 1.55565 -1.95656 0.881982 -1.57063 0.846726 -1.50784 0.81147 -1.44506 0.157585 -0.969238 0.150427 -0.925215 0.14327 -0.881192 -0.411965 -0.395883 -0.390302 -0.375065 -0.368638 -0.354247 -0.773556 0.0719071 -0.725259 0.0674176 -0.676962 0.0629281 -0.911869 0.381953 -0.841815 0.35261 -0.771761 0.323266 -0.701707 0.293923 -0.76405 0.461964 -0.679313 0.410729 -0.594575 0.359495 -0.509837 0.30826
18.605 0.896202 -0.999044 0.711776 -0.962319 0.455482 -0.828429 0.153198 -0.610893 -0.164554 -0.331674 -0.465692 -0.0189668 -0.719808 0.295656 1.99246 -2.2712 1.9238 -2.19292 1.85513 -2.11465 1.78646 -2.03638 1.16244 -1.72679 1.11597 -1.65776 1.0695 -1.58874 0.430976 -1.16269 0.411401 -1.10988 0.391826 -1.05707 -0.17672 -0.594482 -0.167427 -0.563221 -0.158134 -0.531959 -0.59618 -0.105011 -0.558958 -0.0984549 -0.521735 -0.0918985 -0.799142 0.244848 -0.737748 0.226037 -0.676354 0.207227 -0.61496 0.188417 -0.715617 0.381204 -0.636251 0.338926 -0.556885 0.296648 -0.477518 0.254371
18.655 0.948734 -0.983521 0.801677 -0.990587 0.573675 -0.897633 0.287749 -0.714045 -0.0272307 -0.458361 -0.339461 -0.156395 -0.617416 0.161361 2.21197 -2.31699 2.13574 -2.23714 2.05951 -2.15729 1.98328 -2.07744 1.42076 -1.85008 1.36397 -1.77613 1.30718 -1.70218 0.696165 -1.334 0.664545 -1.27341 0.632925 -1.21282 0.0618887 -0.781765 0.0586343 -0.740656 0.0553798 -0.699546 -0.407458 -0.279931 -0.382018 -0.262453 -0.356578 -0.244976 -0.671204 0.103082 -0.619639 0.0951626 -0.568074 0.0872434 -0.516509 0.0793242 -0.653563 0.293189 -0.581079 0.260672 -0.508595 0.228156 -0.436111 0.195639
18.705 0.983208 -0.949278 0.876319 -1 0.680949 -0.949752 0.416823 -0.803607 0.110611 -0.576323 -0.206769 -0.290847 -0.503273 0.0239955 2.38938 -2.31868 2.30704 -2.23877 2.22469 -2.15886 2.14235 -2.07895 1.65205 -1.93816 1.58601 -1.86069 1.51997 -1.78321 0.948103 -1.47993 0.90504 -1.41271 0.861977 -1.34549 0.29932 -0.954169 0.28358 -0.903994 0.26784 -0.853818 -0.210979 -0.449522 -0.197807 -0.421456 -0.184634 -0.393391 -0.530491 -0.040646 -0.489737 -0.0375234 -0.448982 -0.0344008 -0.408227 -0.0312782 -0.579069 0.199593 -0.514847 0.177457 -0.450624 0.155321 -0.386402 0.133185
18.755 0.998967 -0.896966 0.934282 -0.990379 0.775262 -0.983793 0.537964 -0.877874 0.246348 -0.683315 -0.0701421 -0.419763 -0.37955 -0.113827 2.52131 -2.27624 2.43442 -2.19779 2.34753 -2.11935 2.26064 -2.0409 1.85189 -1.98936 1.77787 -1.90983 1.70384 -1.83031 1.18199 -1.59769 1.12831 -1.52512 1.07462 -1.45256 0.531053 -1.10841 0.503128 -1.05013 0.475202 -0.991839 -0.0104853 -0.610558 -0.00983061 -0.572438 -0.00917596 -0.534317 -0.379681 -0.1836 -0.350512 -0.169495 -0.321343 -0.15539 -0.292175 -0.141285 -0.493553 0.102198 -0.438815 0.0908633 -0.384077 0.079529 -0.329339 0.0681946
18.805 0.995713 -0.827582 0.974462 -0.961908 0.854819 -0.999109 0.648865 -0.935431 0.377395 -0.777302 0.0678202 -0.540689 -0.248603 -0.249483 2.60525 -2.19047 2.51547 -2.11498 2.42568 -2.03949 2.3359 -1.964 2.01649 -2.00268 1.93588 -1.92263 1.85527 -1.84257 1.39339 -1.68504 1.3301 -1.6085 1.26681 -1.53197 0.752679 -1.24156 0.713099 -1.17627 0.673519 -1.11098 0.190208 -0.759972 0.178333 -0.712523 0.166457 -0.665074 -0.221644 -0.32306 -0.204617 -0.298241 -0.187589 -0.273422 -0.170561 -0.248603 -0.398643 0.00285747 -0.354431 0.00254056 -0.310219 0.00222365 -0.266007 0.00190674
18.855 0.973507 -0.742447 0.996094 -0.915128 0.918106 -0.995409 0.747416 -0.975183 0.50126 -0.856494 0.204492 -0.651324 -0.112924 -0.38039 2.63961 -2.06301 2.54864 -1.99191 2.45767 -1.92082 2.3667 -1.84972 2.1427 -1.97789 2.05705 -1.89883 1.9714 -1.81976 1.57826 -1.74032 1.50658 -1.66127 1.43489 -1.58223 0.959979 -1.35107 0.909498 -1.28002 0.859017 -1.20898 0.387282 -0.894922 0.363102 -0.839047 0.338922 -0.783173 -0.0593889 -0.456371 -0.0548264 -0.42131 -0.0502638 -0.386249 -0.0457013 -0.351189 -0.296146 -0.096537 -0.263301 -0.0858305 -0.230457 -0.075124 -0.197613 -0.0644174
18.905 0.932772 -0.643179 0.998767 -0.85093 0.963917 -0.972762 0.831741 -0.996375 0.615584 -0.919383 0.337271 -0.749562 0.024904 -0.504058 2.62372 -1.89628 2.5333 -1.83093 2.44288 -1.76558 2.35245 -1.70023 2.22813 -1.91545 2.13906 -1.83889 2.05 -1.76232 1.7331 -1.76247 1.65438 -1.68242 1.57566 -1.60236 1.14901 -1.43487 1.08859 -1.35942 1.02816 -1.28396 0.576983 -1.01284 0.540959 -0.949601 0.504935 -0.886364 0.103997 -0.580995 0.0960075 -0.53636 0.0880179 -0.491725 0.0800284 -0.447091 -0.188012 -0.194094 -0.16716 -0.172568 -0.146308 -0.151042 -0.125457 -0.129516
18.955 0.874282 -0.53167 0.98243 -0.770535 0.991382 -0.9316 0.900235 -0.998601 0.71819 -0.964774 0.463631 -0.833533 0.162258 -0.618131 2.55789 -1.69347 2.46974 -1.6351 2.38159 -1.57674 2.29343 -1.51838 2.27115 -1.81656 2.18036 -1.74394 2.08958 -1.67133 1.85494 -1.75107 1.77069 -1.67154 1.68644 -1.59201 1.31616 -1.49136 1.24695 -1.41293 1.17774 -1.33451 0.755703 -1.11148 0.708521 -1.04208 0.661338 -0.972685 0.265403 -0.694561 0.245014 -0.641201 0.224624 -0.587842 0.204235 -0.534482 -0.0762989 -0.287957 -0.0678369 -0.256021 -0.0593749 -0.224085 -0.0509129 -0.192148
19.005 0.799152 -0.410041 0.947394 -0.675475 0.999978 -0.872707 0.951594 -0.981821 0.807128 -0.991801 0.581166 -0.901639 0.296524 -0.720439 2.44338 -1.45841 2.35917 -1.40815 2.27497 -1.35789 2.19076 -1.30763 2.27094 -1.68308 2.18016 -1.61581 2.08938 -1.54853 1.94148 -1.70635 1.8533 -1.62885 1.76512 -1.55135 1.45827 -1.51946 1.38159 -1.43956 1.3049 -1.35966 0.920039 -1.18896 0.862597 -1.11472 0.805154 -1.04049 0.421758 -0.794906 0.389357 -0.733838 0.356955 -0.67277 0.324554 -0.611701 0.0368661 -0.376339 0.0327774 -0.334601 0.0286887 -0.292862 0.0246001 -0.251124
19.055 0.708811 -0.280607 0.894325 -0.567558 0.98954 -0.797202 0.984841 -0.946353 0.880702 -0.999951 0.687639 -0.952583 0.425146 -0.809034 2.28236 -1.1956 2.2037 -1.1544 2.12504 -1.11319 2.04639 -1.07199 2.22751 -1.51758 2.13847 -1.45691 2.04942 -1.39625 1.99107 -1.62915 1.90063 -1.55515 1.8102 -1.48116 1.57262 -1.51864 1.48992 -1.43878 1.40723 -1.35892 1.06686 -1.24381 1.00025 -1.16615 0.933644 -1.08849 0.570086 -0.880122 0.526289 -0.812507 0.482492 -0.744892 0.438696 -0.677277 0.149329 -0.457558 0.132768 -0.406812 0.116206 -0.356066 0.0996448 -0.30532
19.105 0.604978 -0.145833 0.824234 -0.448838 0.960267 -0.706524 0.999342 -0.892873 0.937514 -0.989068 0.781025 -0.985397 0.545675 -0.88223 2.0779 -0.910034 2.00629 -0.878672 1.93468 -0.847309 1.86307 -0.815947 2.14168 -1.32318 2.05607 -1.27029 1.97046 -1.2174 2.00276 -1.52094 1.91179 -1.45186 1.82082 -1.38278 1.65704 -1.48891 1.5699 -1.41062 1.48277 -1.33232 1.19338 -1.27499 1.11887 -1.19538 1.04436 -1.11578 0.707562 -0.948586 0.653204 -0.875711 0.598846 -0.802837 0.544487 -0.729962 0.25895 -0.530067 0.230231 -0.47128 0.201512 -0.412492 0.172793 -0.353704
19.155 0.489631 -0.00828264 0.738455 -0.321575 0.912718 -0.602398 0.994823 -0.822397 0.976481 -0.959359 0.859544 -0.999454 0.655819 -0.938635 1.83389 -0.607145 1.77068 -0.586221 1.70748 -0.565297 1.64428 -0.544373 2.01508 -1.10361 1.93453 -1.05949 1.85398 -1.01538 1.97633 -1.38378 1.88656 -1.32093 1.7968 -1.25808 1.70992 -1.43085 1.62 -1.35561 1.53008 -1.28037 1.29719 -1.2819 1.2162 -1.20186 1.13521 -1.12183 0.831571 -0.998995 0.767686 -0.922248 0.703801 -0.8455 0.639916 -0.768753 0.363643 -0.592488 0.323312 -0.526778 0.282982 -0.461067 0.242652 -0.395357
19.205 0.364964 0.129425 0.638621 -0.188192 0.847795 -0.486807 0.971368 -0.736269 0.996862 -0.91139 0.921703 -0.994489 0.75348 -0.977174 1.55497 -0.2927 1.50138 -0.282613 1.44779 -0.272526 1.3942 -0.262438 1.85013 -0.863025 1.77618 -0.828527 1.70222 -0.794029 1.91228 -1.22028 1.82542 -1.16486 1.73857 -1.10943 1.73025 -1.34555 1.63926 -1.2748 1.54828 -1.20404 1.3763 -1.26441 1.29037 -1.18547 1.20444 -1.10652 0.939752 -1.03039 0.867556 -0.95123 0.79536 -0.872071 0.723164 -0.792911 0.461413 -0.643632 0.41024 -0.572249 0.359066 -0.500866 0.307893 -0.429484
19.255 0.233351 0.26467 0.526631 -0.051226 0.766737 -0.361949 0.929425 -0.636127 0.99827 -0.846075 0.966319 -0.970594 0.836799 -0.997113 1.24646 0.027316 1.2035 0.0263746 1.16054 0.0254332 1.11759 0.0244918 1.64997 -0.606015 1.58402 -0.581791 1.51806 -0.557566 1.81183 -1.03356 1.72954 -0.986614 1.64725 -0.93967 1.71765 -1.23464 1.62733 -1.16972 1.537 -1.1048 1.42922 -1.22285 1.33998 -1.1465 1.25075 -1.07016 1.03005 -1.04217 0.950914 -0.962107 0.871781 -0.882043 0.792648 -0.801978 0.550402 -0.682524 0.489359 -0.606828 0.428316 -0.531132 0.367273 -0.455436
19.305 0.0972963 0.394877 0.404617 0.0867146 0.671084 -0.230203 0.869792 -0.523877 0.980676 -0.764655 0.992542 -0.928226 0.904192 -0.998074 0.914218 0.346812 0.882712 0.33486 0.851205 0.322908 0.819698 0.310956 1.4184 -0.337471 1.3617 -0.323982 1.30501 -0.310492 1.6769 -0.827162 1.60074 -0.789593 1.52457 -0.752023 1.67236 -1.10024 1.58441 -1.04238 1.49647 -0.984522 1.45493 -1.15802 1.36409 -1.08572 1.27325 -1.01342 1.10074 -1.03412 1.01617 -0.954672 0.931608 -0.875226 0.847045 -0.795781 0.628914 -0.708426 0.559164 -0.629858 0.489413 -0.551289 0.419663 -0.47272
19.355 -0.0406104 0.517567 0.274902 0.223005 0.562658 -0.0940749 0.793603 -0.401656 0.944417 -0.668681 0.999874 -0.86819 0.954374 -0.980038 0.56458 0.659708 0.545123 0.636972 0.525666 0.614237 0.506209 0.591501 1.15984 -0.0625041 1.11347 -0.0600056 1.06711 -0.0575071 1.51005 -0.605022 1.44147 -0.577542 1.37288 -0.550062 1.59523 -0.944885 1.51134 -0.895198 1.42746 -0.845511 1.45295 -1.07115 1.36224 -1.00427 1.27152 -0.937397 1.15047 -1.00638 1.06209 -0.929066 0.973704 -0.851751 0.885319 -0.774436 0.695456 -0.720844 0.618326 -0.640899 0.541195 -0.560953 0.464065 -0.481007
19.405 -0.177744 0.630407 0.139955 0.35505 0.443523 0.0438438 0.702309 -0.271789 0.890183 -0.55998 0.988175 -0.79163 0.986391 -0.943348 0.204195 0.960046 0.197158 0.92696 0.190121 0.893874 0.183084 0.860788 0.879196 0.213653 0.844052 0.205112 0.808907 0.196572 1.31446 -0.371366 1.25476 -0.354499 1.19506 -0.337631 1.48774 -0.77155 1.40951 -0.730978 1.33128 -0.690406 1.42332 -0.963892 1.33445 -0.903711 1.24559 -0.84353 1.17831 -0.959489 1.08779 -0.885776 0.997266 -0.812064 0.906743 -0.738352 0.74876 -0.719542 0.665718 -0.639741 0.582676 -0.559939 0.499634 -0.480138
19.455 -0.311495 0.731248 0.0023441 0.480338 0.315946 0.180928 0.597648 -0.13675 0.819004 -0.44062 0.957666 -0.700001 0.999633 -0.888703 -0.160076 1.24211 -0.154559 1.1993 -0.149043 1.1565 -0.143526 1.11369 0.581821 0.485743 0.558563 0.466326 0.535306 0.44691 1.09386 -0.130642 1.04417 -0.124708 0.994489 -0.118774 1.35194 -0.58353 1.28085 -0.552845 1.20975 -0.52216 1.3666 -0.838286 1.28127 -0.785947 1.19595 -0.733609 1.18373 -0.894334 1.09279 -0.825627 1.00185 -0.75692 0.910908 -0.688213 0.787814 -0.704544 0.70044 -0.626406 0.613067 -0.548268 0.525694 -0.47013
19.505 -0.439317 0.81817 -0.135312 0.596483 0.182356 0.314568 0.481611 0.000892174 0.732238 -0.312874 0.90893 -0.59505 0.993849 -0.817143 -0.5213 1.50054 -0.503335 1.44882 -0.485369 1.39711 -0.467404 1.3454 0.273371 0.748588 0.262444 0.718664 0.251516 0.688741 0.852426 0.112569 0.813709 0.107456 0.774991 0.102343 1.1904 -0.384403 1.1278 -0.364189 1.06521 -0.343975 1.28386 -0.696724 1.2037 -0.653224 1.12354 -0.609724 1.16661 -0.812157 1.07698 -0.749763 0.987359 -0.68737 0.897735 -0.624976 0.811872 -0.676137 0.72183 -0.601149 0.631789 -0.526161 0.541747 -0.451174
19.555 -0.558777 0.88952 -0.270392 0.701275 0.0452943 0.442222 0.356407 0.138517 0.631534 -0.179173 0.842894 -0.478772 0.969148 -0.73003 -0.872603 1.7304 -0.84253 1.67076 -0.812458 1.61113 -0.782385 1.55149 -0.0402818 0.997185 -0.0386716 0.957324 -0.0370614 0.917463 0.594772 0.353637 0.567758 0.337575 0.540743 0.321513 1.00621 -0.17796 0.953294 -0.168602 0.900382 -0.159244 1.17669 -0.541901 1.10322 -0.508067 1.02975 -0.474234 1.12729 -0.714522 1.04068 -0.659629 0.954078 -0.604736 0.867475 -0.549843 0.820477 -0.63486 0.729481 -0.56445 0.638485 -0.49404 0.54749 -0.42363
19.605 -0.667601 0.943939 -0.400326 0.792719 -0.0926293 0.561458 0.22442 0.273506 0.518809 -0.0420611 0.760815 -0.353382 0.926 -0.629021 -1.2073 1.92733 -1.16569 1.8609 -1.12408 1.79448 -1.08247 1.72806 -0.353168 1.2268 -0.339051 1.17776 -0.324933 1.12872 0.325798 0.587975 0.311 0.561269 0.296202 0.534563 0.80286 0.0318707 0.760641 0.0301948 0.718422 0.0285188 1.04712 -0.376764 0.981742 -0.35324 0.916365 -0.329717 1.06651 -0.603287 0.984572 -0.556939 0.902638 -0.510592 0.820704 -0.464245 0.813466 -0.581499 0.723247 -0.517007 0.633029 -0.452515 0.542811 -0.388024
19.655 -0.763719 0.980391 -0.52264 0.869074 -0.22879 0.670007 0.0881609 0.403289 0.39621 0.0958511 0.664254 -0.221265 0.865228 -0.51604 -1.51901 2.08757 -1.46666 2.01562 -1.41431 1.94368 -1.36196 1.87174 -0.659332 1.43307 -0.632976 1.37578 -0.606621 1.3185 0.0506222 0.811121 0.0483229 0.774279 0.0460236 0.737438 0.584232 0.241095 0.55351 0.228417 0.522787 0.215739 0.89762 -0.204455 0.841577 -0.19169 0.785534 -0.178925 0.985427 -0.480569 0.909722 -0.443649 0.834017 -0.406729 0.758312 -0.36981 0.790971 -0.51707 0.703248 -0.459724 0.615524 -0.402378 0.527801 -0.345031
19.705 -0.8453 0.998183 -0.635006 0.928888 -0.360596 0.765804 -0.0497759 0.525396 0.26607 0.231939 0.55505 -0.0849368 0.787987 -0.393237 -1.80181 2.20808 -1.73972 2.13198 -1.67762 2.05588 -1.61552 1.97979 -0.952947 1.61206 -0.914854 1.54762 -0.876762 1.48318 -0.225517 1.01883 -0.215274 0.972553 -0.205031 0.926277 0.354484 0.44573 0.335843 0.422291 0.317202 0.398852 0.731036 -0.0282553 0.685394 -0.0264911 0.639752 -0.024727 0.885592 -0.348704 0.817557 -0.321915 0.749522 -0.295125 0.681486 -0.268336 0.753421 -0.442799 0.669862 -0.39369 0.586303 -0.344581 0.502745 -0.295472
19.755 -0.910792 0.996976 -0.735286 0.971022 -0.485538 0.847025 -0.186765 0.637503 0.130865 0.363612 0.435282 0.0530079 0.695748 -0.262949 -2.05032 2.28656 -1.97966 2.20776 -1.909 2.12896 -1.83834 2.05015 -1.22842 1.76036 -1.17932 1.69 -1.13022 1.61963 -0.497364 1.20714 -0.474773 1.15231 -0.452183 1.09749 0.117989 0.641881 0.111784 0.608128 0.10558 0.574374 0.550538 0.148483 0.516165 0.139212 0.481792 0.129941 0.768901 -0.210201 0.709831 -0.194053 0.65076 -0.177904 0.59169 -0.161755 0.701531 -0.360101 0.623727 -0.320163 0.545923 -0.280226 0.468119 -0.240289
19.805 -0.958948 0.976793 -0.821571 0.994674 -0.601239 0.912123 -0.3202 0.737475 -0.00683075 0.488365 0.307228 0.189944 0.590266 -0.127656 -2.2598 2.32152 -2.18192 2.24151 -2.10404 2.16151 -2.02616 2.0815 -1.48052 1.87516 -1.42134 1.80021 -1.36216 1.72525 -0.759744 1.37248 -0.725236 1.31014 -0.690728 1.24781 -0.120752 0.825815 -0.114402 0.782389 -0.108053 0.738963 0.359561 0.322394 0.337112 0.302265 0.314663 0.282137 0.637575 -0.0676985 0.588594 -0.0624976 0.539612 -0.0572967 0.490631 -0.0520958 0.636289 -0.270548 0.56572 -0.240543 0.495152 -0.210537 0.424584 -0.180532
19.855 -0.988853 0.938018 -0.892218 0.999394 -0.705496 0.959861 -0.44754 0.823411 -0.144396 0.603822 0.173327 0.323264 0.47355 0.0100669 -2.42627 2.31229 -2.34265 2.2326 -2.25904 2.15292 -2.17542 2.07323 -1.70443 1.95427 -1.6363 1.87615 -1.56817 1.79803 -1.00766 1.5117 -0.961895 1.44304 -0.916127 1.37438 -0.357195 0.994031 -0.338411 0.941759 -0.319628 0.889488 0.16174 0.490169 0.151642 0.459566 0.141544 0.428962 0.494114 0.076093 0.456154 0.0702472 0.418194 0.0644014 0.380234 0.0585555 0.558935 -0.175846 0.496946 -0.156344 0.434957 -0.136841 0.372967 -0.117339
19.905 -0.999935 0.881389 -0.945883 0.985091 -0.796325 0.989329 -0.566362 0.893675 -0.279214 0.707786 0.0361271 0.450432 0.34782 0.147598 -2.54656 2.25905 -2.4588 2.1812 -2.37104 2.10335 -2.28327 2.02549 -1.89591 1.99618 -1.82012 1.91639 -1.74434 1.8366 -1.2364 1.62214 -1.18025 1.54846 -1.12409 1.47479 -0.586838 1.14333 -0.555979 1.0832 -0.52512 1.02308 -0.0391589 0.648615 -0.036714 0.608119 -0.0342691 0.567622 0.341248 0.218436 0.315032 0.201655 0.288815 0.184874 0.262599 0.168092 0.470943 -0.0777967 0.418713 -0.0691686 0.366482 -0.0605405 0.314252 -0.0519123
19.955 -0.991986 0.807984 -0.981544 0.952039 -0.871997 0.999967 -0.674404 0.946928 -0.408716 0.798278 -0.101761 0.569026 0.21547 0.28232 -2.61838 2.16282 -2.52814 2.08828 -2.4379 2.01374 -2.34767 1.93921 -2.0513 2.0001 -1.9693 1.92015 -1.8873 1.8402 -1.44161 1.70171 -1.37613 1.62442 -1.31065 1.54713 -0.805313 1.27086 -0.762965 1.20403 -0.720617 1.1372 -0.239313 0.794715 -0.224371 0.745097 -0.20943 0.695479 0.181887 0.356622 0.167913 0.329224 0.15394 0.301827 0.139967 0.27443 0.373987 0.0217332 0.33251 0.0193229 0.291032 0.0169125 0.249555 0.0145022
