50.01 -5.03933 -10.0376 -9.33924 -8.73367 -9.34621 -4.04999 -7.61892 -8.85008 -7.12502 -4.90086 -8.81409 -8.65666 -4.26026 -6.42117 -7.08687 -7.92273 -4.97785 -7.98495 -8.54592 -4.43526 -9.28794 -7.53342 -7.58628 -5.18712 -7.97772 -8.46853 -4.45477 -8.07286 -7.32111 -7.66403 -5.19325 -8.01066 -8.51338 -4.57944 -8.35931 -7.31453 -7.08979 -5.37599 -8.04625 -8.52742 -3.30456 -8.19301 -6.50806 -9.51057 -3.63241 -7.77931 -8.60245 -2.36431 -8.12274
50.06 -5.03933 -10.0376 -9.33924 -8.73367 -9.34621 -4.04999 -7.61892 -8.85008 -7.12502 -4.90086 -8.81409 -8.65666 -4.26026 -6.42117 -7.08687 -7.92273 -4.97785 -7.98495 -8.54592 -4.43526 -9.28794 -7.53342 -7.58628 -5.18712 -7.97772 -8.46853 -4.45477 -8.07286 -7.32111 -7.66403 -5.19325 -8.01066 -8.51338 -4.57944 -8.35931 -7.31453 -7.08979 -5.37599 -8.04625 -8.52742 -3.30456 -8.19301 -6.50806 -9.51057 -3.63241 -7.77931 -8.60245 -2.36431 -8.12274
50.11 -5.03933 -10.0376 -9.33924 -8.73367 -9.34621 -4.04999 -7.61892 -8.85008 -7.12502 -4.90086 -8.81409 -8.65666 -4.26026 -6.42117 -7.08687 -7.92273 -4.97785 -7.98495 -8.54592 -4.43526 -9.28794 -7.53342 -7.58628 -5.18712 -7.97772 -8.46853 -4.45477 -8.07286 -7.32111 -7.66403 -5.19325 -8.01066 -8.51338 -4.57944 -8.35931 -7.31453 -7.08979 -5.37599 -8.04625 -8.52742 -3.30456 -8.19301 -6.50806 -9.51057 -3.63241 -7.77931 -8.60245 -2.36431 -8.12274
50.16 -5.03933 -10.0376 -9.33924 -8.73367 -9.34621 -4.04999 -7.61892 -8.85008 -7.12502 -4.90086 -8.81409 -8.65666 -4.26026 -6.42117 -7.08687 -7.92273 -4.97785 -7.98495 -8.54592 -4.43526 -9.28794 -7.53342 -7.58628 -5.18712 -7.97772 -8.46853 -4.45477 -8.07286 -7.32111 -7.66403 -5.19325 -8.01066 -8.51338 -4.57944 -8.35931 -7.31453 -7.08979 -5.37599 -8.04625 -8.52742 -3.30456 -8.19301 -6.50806 -9.51057 -3.63241 -7.77931 -8.60245 -2.36431 -8.12274
50.21 -5.03933 -10.0376 -9.33924 -8.73367 -9.34621 -4.04999 -7.61892 -8.85008 -7.12502 -4.90086 -8.81409 -8.65666 -4.26026 -6.42117 -7.08687 -7.92273 -4.97785 -7.98495 -8.54592 -4.43526 -9.28794 -7.53342 -7.58628 -5.18712 -7.97772 -8.46853 -4.45477 -8.07286 -7.32111 -7.66403 -5.19325 -8.01066 -8.51338 -4.57944 -8.35931 -7.31453 -7.08979 -5.37599 -8.04625 -8.52742 -3.30456 -8.19301 -6.50806 -9.51057 -3.63241 -7.77931 -8.60245 -2.36431 -8.12274
50.26 -5.03933 -10.0376 -9.33924 -8.73367 -9.34621 -4.04999 -7.61892 -8.85008 -7.12502 -4.90086 -8.81409 -8.65666 -4.26026 -6.42117 -7.08687 -7.92273 -4.97785 -7.98495 -8.54592 -4.43526 -9.28794 -7.53342 -7.58628 -5.18712 -7.97772 -8.46853 -4.45477 -8.07286 -7.32111 -7.66403 -5.19325 -8.01066 -8.51338 -4.57944 -8.35931 -7.31453 -7.08979 -5.37599 -8.04625 -8.52742 -3.30456 -8.19301 -6.50806 -9.51057 -3.63241 -7.77931 -8.60245 -2.36431 -8.12274
50.31 -5.03933 -10.0376 -9.33924 -8.73367 -9.34621 -4.04999 -7.61892 -8.85008 -7.12502 -4.90086 -8.81409 -8.65666 -4.26026 -6.42117 -7.08687 -7.92273 -4.97785 -7.98495 -8.54592 -4.43526 -9.28794 -7.53342 -7.58628 -5.18712 -7.97772 -8.46853 -4.45477 -8.07286 -7.32111 -7.66403 -5.19325 -8.01066 -8.51338 -4.57944 -8.35931 -7.31453 -7.08979 -5.37599 -8.04625 -8.52742 -3.30456 -8.19301 -6.50806 -9.51057 -3.63241 -7.77931 -8.60245 -2.36431 -8.12274
50.36 -5.03933 -10.0376 -9.33924 -8.73367 -9.34621 -4.04999 -7.61892 -8.85008 -7.12502 -4.90086 -8.81409 -8.65666 -4.26026 -6.42117 -7.08687 -7.92273 -4.97785 -7.98495 -8.54592 -4.43526 -9.28794 -7.53342 -7.58628 -5.18712 -7.97772 -8.46853 -4.45477 -8.07286 -7.32111 -7.66403 -5.19325 -8.01066 -8.51338 -4.57944 -8.35931 -7.31453 -7.08979 -5.37599 -8.04625 -8.52742 -3.30456 -8.19301 -6.50806 -9.51057 -3.63241 -7.77931 -8.60245 -2.36431 -8.12274
50.41 -5.03933 -10.0376 -9.33924 -8.73367 -9.34621 -4.04999 -7.61892 -8.85008 -7.12502 -4.90086 -8.81409 -8.65666 -4.26026 -6.42117 -7.08687 -7.92273 -4.97785 -7.98495 -8.54592 -4.43526 -9.28794 -7.53342 -7.58628 -5.18712 -7.97772 -8.46853 -4.45477 -8.07286 -7.32111 -7.66403 -5.19325 -8.01066 -8.51338 -4.57944 -8.35931 -7.31453 -7.08979 -5.37599 -8.04625 -8.52742 -3.30456 -8.19301 -6.50806 -9.51057 -3.63241 -7.77931 -8.60245 -2.36431 -8.12274
50.46 -5.03933 -10.0376 -9.33924 -8.73367 -9.34621 -4.04999 -7.61892 -8.85008 -7.12502 -4.90086 -8.81409 -8.65666 -4.26026 -6.42117 -7.08687 -7.92273 -4.97785 -7.98495 -8.54592 -4.43526 -9.28794 -7.53342 -7.58628 -5.18712 -7.97772 -8.46853 -4.45477 -8.07286 -7.32111 -7.66403 -5.19325 -8.01066 -8.51338 -4.57944 -8.35931 -7.31453 -7.08979 -5.37599 -8.04625 -8.52742 -3.30456 -8.19301 -6.50806 -9.51057 -3.63241 -7.77931 -8.60245 -2.36431 -8.12274
50.51 -5.03933 -10.0376 -9.33924 -8.73367 -9.34621 -4.04999 -7.61892 -8.85008 -7.12502 -4.90086 -8.81409 -8.65666 -4.26026 -6.42117 -7.08687 -7.92273 -4.97785 -7.98495 -8.54592 -4.43526 -9.28794 -7.53342 -7.58628 -5.18712 -7.97772 -8.46853 -4.45477 -8.07286 -7.32111 -7.66403 -5.19325 -8.01066 -8.51338 -4.57944 -8.35931 -7.31453 -7.08979 -5.37599 -8.04625 -8.52742 -3.30456 -8.19301 -6.50806 -9.51057 -3.63241 -7.77931 -8.60245 -2.36431 -8.12274
50.56 -5.03933 -10.0376 -9.33924 -8.73367 -9.34621 -4.04999 -7.61892 -8.85008 -7.12502 -4.90086 -8.81409 -8.65666 -4.26026 -6.42117 -7.08687 -7.92273 -4.97785 -7.98495 -8.54592 -4.43526 -9.28794 -7.53342 -7.58628 -5.18712 -7.97772 -8.46853 -4.45477 -8.07286 -7.32111 -7.66403 -5.19325 -8.01066 -8.51338 -4.57944 -8.35931 -7.31453 -7.08979 -5.37599 -8.04625 -8.52742 -3.30456 -8.19301 -6.50806 -9.51057 -3.63241 -7.77931 -8.60245 -2.36431 -8.12274
50.61 -5.03933 -10.0376 -9.33924 -8.73367 -9.34621 -4.04999 -7.61892 -8.85008 -7.12502 -4.90086 -8.81409 -8.65666 -4.26026 -6.42117 -7.08687 -7.92273 -4.97785 -7.98495 -8.54592 -4.43526 -9.28794 -7.53342 -7.58628 -5.18712 -7.97772 -8.46853 -4.45477 -8.07286 -7.32111 -7.66403 -5.19325 -8.01066 -8.51338 -4.57944 -8.35931 -7.31453 -7.08979 -5.37599 -8.04625 -8.52742 -3.30456 -8.19301 -6.50806 -9.51057 -3.63241 -7.77931 -8.60245 -2.36431 -8.12274
50.66 -5.03933 -10.0376 -9.33924 -8.73367 -9.34621 -4.04999 -7.61892 -8.85008 -7.12502 -4.90086 -8.81409 -8.65666 -4.26026 -6.42117 -7.08687 -7.92273 -4.97785 -7.98495 -8.54592 -4.43526 -9.28794 -7.53342 -7.58628 -5.18712 -7.97772 -8.46853 -4.45477 -8.07286 -7.32111 -7.66403 -5.19325 -8.01066 -8.51338 -4.57944 -8.35931 -7.31453 -7.08979 -5.37599 -8.04625 -8.52742 -3.30456 -8.19301 -6.50806 -9.51057 -3.63241 -7.77931 -8.60245 -2.36431 -8.12274
50.71 -5.03933 -10.0376 -9.33924 -8.73367 -9.34621 -4.04999 -7.61892 -8.85008 -7.12502 -4.90086 -8.81409 -8.65666 -4.26026 -6.42117 -7.08687 -7.92273 -4.97785 -7.98495 -8.54592 -4.43526 -9.28794 -7.53342 -7.58628 -5.18712 -7.97772 -8.46853 -4.45477 -8.07286 -7.32111 -7.66403 -5.19325 -8.01066 -8.51338 -4.57944 -8.35931 -7.31453 -7.08979 -5.37599 -8.04625 -8.52742 -3.30456 -8.19301 -6.50806 -9.51057 -3.63241 -7.77931 -8.60245 -2.36431 -8.12274
50.76 -5.03933 -10.0376 -9.33924 -8.73367 -9.34621 -4.04999 -7.61892 -8.85008 -7.12502 -4.90086 -8.81409 -8.65666 -4.26026 -6.42117 -7.08687 -7.92273 -4.97785 -7.98495 -8.54592 -4.43526 -9.28794 -7.53342 -7.58628 -5.18712 -7.97772 -8.46853 -4.45477 -8.07286 -7.32111 -7.66403 -5.19325 -8.01066 -8.51338 -4.57944 -8.35931 -7.31453 -7.08979 -5.37599 -8.04625 -8.52742 -3.30456 -8.19301 -6.50806 -9.51057 -3.63241 -7.77931 -8.60245 -2.36431 -8.12274
50.81 -5.03933 -10.0376 -9.33924 -8.73367 -9.34621 -4.04999 -7.61892 -8.85008 -7.12502 -4.90086 -8.81409 -8.65666 -4.26026 -6.42117 -7.08687 -7.92273 -4.97785 -7.98495 -8.54592 -4.43526 -9.28794 -7.53342 -7.58628 -5.18712 -7.97772 -8.46853 -4.45477 -8.07286 -7.32111 -7.66403 -5.19325 -8.01066 -8.51338 -4.57944 -8.35931 -7.31453 -7.08979 -5.37599 -8.04625 -8.52742 -3.30456 -8.19301 -6.50806 -9.51057 -3.63241 -7.77931 -8.60245 -2.36431 -8.12274
50.86 -5.03933 -10.0376 -9.33924 -8.73367 -9.34621 -4.04999 -7.61892 -8.85008 -7.12502 -4.90086 -8.81409 -8.65666 -4.26026 -6.42117 -7.08687 -7.92273 -4.97785 -7.98495 -8.54592 -4.43526 -9.28794 -7.53342 -7.58628 -5.18712 -7.97772 -8.46853 -4.45477 -8.07286 -7.32111 -7.66403 -5.19325 -8.01066 -8.51338 -4.57944 -8.35931 -7.31453 -7.08979 -5.37599 -8.04625 -8.52742 -3.30456 -8.19301 -6.50806 -9.51057 -3.63241 -7.77931 -8.60245 -2.36431 -8.12274
50.91 -5.03933 -10.0376 -9.33924 -8.73367 -9.34621 -4.04999 -7.61892 -8.85008 -7.12502 -4.90086 -8.81409 -8.65666 -4.26026 -6.42117 -7.08687 -7.92273 -4.97785 -7.98495 -8.54592 -4.43526 -9.28794 -7.53342 -7.58628 -5.18712 -7.97772 -8.46853 -4.45477 -8.07286 -7.32111 -7.66403 -5.19325 -8.01066 -8.51338 -4.57944 -8.35931 -7.31453 -7.08979 -5.37599 -8.04625 -8.52742 -3.30456 -8.19301 -6.50806 -9.51057 -3.63241 -7.77931 -8.60245 -2.36431 -8.12274
50.96 -5.03933 -10.0376 -9.33924 -8.73367 -9.34621 -4.04999 -7.61892 -8.85008 -7.12502 -4.90086 -8.81409 -8.65666 -4.26026 -6.42117 -7.08687 -7.92273 -4.97785 -7.98495 -8.54592 -4.43526 -9.28794 -7.53342 -7.58628 -5.18712 -7.97772 -8.46853 -4.45477 -8.07286 -7.32111 -7.66403 -5.19325 -8.01066 -8.51338 -4.57944 -8.35931 -7.31453 -7.08979 -5.37599 -8.04625 -8.52742 -3.30456 -8.19301 -6.50806 -9.51057 -3.63241 -7.77931 -8.60245 -2.36431 -8.12274
51.01 -5.03933 -10.0376 -9.33924 -8.73367 -9.34621 -4.04999 -7.61892 -8.85008 -7.12502 -4.90086 -8.81409 -8.65666 -4.26026 -6.42117 -7.08687 -7.92273 -4.97785 -7.98495 -8.54592 -4.43526 -9.28794 -7.53342 -7.58628 -5.18712 -7.97772 -8.46853 -4.45477 -8.07286 -7.32111 -7.66403 -5.19325 -8.01066 -8.51338 -4.57944 -8.35931 -7.31453 -7.08979 -5.37599 -8.04625 -8.52742 -3.30456 -8.19301 -6.50806 -9.51057 -3.63241 -7.77931 -8.60245 -2.36431 -8.12274
51.06 -5.03933 -10.0376 -9.33924 -8.73367 -9.34621 -4.04999 -7.61892 -8.85008 -7.12502 -4.90086 -8.81409 -8.65666 -4.26026 -6.42117 -7.08687 -7.92273 -4.97785 -7.98495 -8.54592 -4.43526 -9.28794 -7.53342 -7.58628 -5.18712 -7.97772 -8.46853 -4.45477 -8.07286 -7.32111 -7.66403 -5.19325 -8.01066 -8.51338 -4.57944 -8.35931 -7.31453 -7.08979 -5.37599 -8.04625 -8.52742 -3.30456 -8.19301 -6.50806 -9.51057 -3.63241 -7.77931 -8.60245 -2.36431 -8.12274
51.11 -5.03933 -10.0376 -9.33924 -8.73367 -9.34621 -4.04999 -7.61892 -8.85008 -7.12502 -4.90086 -8.81409 -8.65666 -4.26026 -6.42117 -7.08687 -7.92273 -4.97785 -7.98495 -8.54592 -4.43526 -9.28794 -7.53342 -7.58628 -5.18712 -7.97772 -8.46853 -4.45477 -8.07286 -7.32111 -7.66403 -5.19325 -8.01066 -8.51338 -4.57944 -8.35931 -7.31453 -7.08979 -5.37599 -8.04625 -8.52742 -3.30456 -8.19301 -6.50806 -9.51057 -3.63241 -7.77931 -8.60245 -2.36431 -8.12274
51.16 -5.03933 -10.0376 -9.33924 -8.73367 -9.34621 -4.04999 -7.61892 -8.85008 -7.12502 -4.90086 -8.81409 -8.65666 -4.26026 -6.42117 -7.08687 -7.92273 -4.97785 -7.98495 -8.54592 -4.43526 -9.28794 -7.53342 -7.58628 -5.18712 -7.97772 -8.46853 -4.45477 -8.07286 -7.32111 -7.66403 -5.19325 -8.01066 -8.51338 -4.57944 -8.35931 -7.31453 -7.08979 -5.37599 -8.04625 -8.52742 -3.30456 -8.19301 -6.50806 -9.51057 -3.63241 -7.77931 -8.60245 -2.36431 -8.12274
51.21 -5.03933 -10.0376 -9.33924 -8.73367 -9.34621 -4.04999 -7.61892 -8.85008 -7.12502 -4.90086 -8.81409 -8.65666 -4.26026 -6.42117 -7.08687 -7.92273 -4.97785 -7.98495 -8.54592 -4.43526 -9.28794 -7.53342 -7.58628 -5.18712 -7.97772 -8.46853 -4.45477 -8.07286 -7.32111 -7.66403 -5.19325 -8.01066 -8.51338 -4.57944 -8.35931 -7.31453 -7.08979 -5.37599 -8.04625 -8.52742 -3.30456 -8.19301 -6.50806 -9.51057 -3.63241 -7.77931 -8.60245 -2.36431 -8.12274
51.26 -5.03933 -10.0376 -9.33924 -8.73367 -9.34621 -4.04999 -7.61892 -8.85008 -7.12502 -4.90086 -8.81409 -8.65666 -4.26026 -6.42117 -7.08687 -7.92273 -4.97785 -7.98495 -8.54592 -4.43526 -9.28794 -7.53342 -7.58628 -5.18712 -7.97772 -8.46853 -4.45477 -8.07286 -7.32111 -7.66403 -5.19325 -8.01066 -8.51338 -4.57944 -8.35931 -7.31453 -7.08979 -5.37599 -8.04625 -8.52742 -3.30456 -8.19301 -6.50806 -9.51057 -3.63241 -7.77931 -8.60245 -2.36431 -8.12274
51.31 -5.03933 -10.0376 -9.33924 -8.73367 -9.34621 -4.04999 -7.61892 -8.85008 -7.12502 -4.90086 -8.81409 -8.65666 -4.26026 -6.42117 -7.08687 -7.92273 -4.97785 -7.98495 -8.54592 -4.43526 -9.28794 -7.53342 -7.58628 -5.18712 -7.97772 -8.46853 -4.45477 -8.07286 -7.32111 -7.66403 -5.19325 -8.01066 -8.51338 -4.57944 -8.35931 -7.31453 -7.08979 -5.37599 -8.04625 -8.52742 -3.30456 -8.19301 -6.50806 -9.51057 -3.63241 -7.77931 -8.60245 -2.36431 -8.12274
51.36 -5.03933 -10.0376 -9.33924 -8.73367 -9.34621 -4.04999 -7.61892 -8.85008 -7.12502 -4.90086 -8.81409 -8.65666 -4.26026 -6.42117 -7.08687 -7.92273 -4.97785 -7.98495 -8.54592 -4.43526 -9.28794 -7.53342 -7.58628 -5.18712 -7.97772 -8.46853 -4.45477 -8.07286 -7.32111 -7.66403 -5.19325 -8.01066 -8.51338 -4.57944 -8.35931 -7.31453 -7.08979 -5.37599 -8.04625 -8.52742 -3.30456 -8.19301 -6.50806 -9.51057 -3.63241 -7.77931 -8.60245 -2.36431 -8.12274
51.41 -5.03933 -10.0376 -9.33924 -8.73367 -9.34621 -4.04999 -7.61892 -8.85008 -7.12502 -4.90086 -8.81409 -8.65666 -4.26026 -6.42117 -7.08687 -7.92273 -4.97785 -7.98495 -8.54592 -4.43526 -9.28794 -7.53342 -7.58628 -5.18712 -7.97772 -8.46853 -4.45477 -8.07286 -7.32111 -7.66403 -5.19325 -8.01066 -8.51338 -4.57944 -8.35931 -7.31453 -7.08979 -5.37599 -8.04625 -8.52742 -3.30456 -8.19301 -6.50806 -9.51057 -3.63241 -7.77931 -8.60245 -2.36431 -8.12274
51.46 -5.03933 -10.0376 -9.33924 -8.73367 -9.34621 -4.04999 -7.61892 -8.85008 -7.12502 -4.90086 -8.81409 -8.65666 -4.26026 -6.42117 -7.08687 -7.92273 -4.97785 -7.98495 -8.54592 -4.43526 -9.28794 -7.53342 -7.58628 -5.18712 -7.97772 -8.46853 -4.45477 -8.07286 -7.32111 -7.66403 -5.19325 -8.01066 -8.51338 -4.57944 -8.35931 -7.31453 -7.08979 -5.37599 -8.04625 -8.52742 -3.30456 -8.19301 -6.50806 -9.51057 -3.63241 -7.77931 -8.60245 -2.36431 -8.12274
51.51 -5.03933 -10.0376 -9.33924 -8.73367 -9.34621 -4.04999 -7.61892 -8.85008 -7.12502 -4.90086 -8.81409 -8.65666 -4.26026 -6.42117 -7.08687 -7.92273 -4.97785 -7.98495 -8.54592 -4.43526 -9.28794 -7.53342 -7.58628 -5.18712 -7.97772 -8.46853 -4.45477 -8.07286 -7.32111 -7.66403 -5.19325 -8.01066 -8.51338 -4.57944 -8.35931 -7.31453 -7.08979 -5.37599 -8.04625 -8.52742 -3.30456 -8.19301 -6.50806 -9.51057 -3.63241 -7.77931 -8.60245 -2.36431 -8.12274
51.56 -5.03933 -10.0376 -9.33924 -8.73367 -9.34621 -4.04999 -7.61892 -8.85008 -7.12502 -4.90086 -8.81409 -8.65666 -4.26026 -6.42117 -7.08687 -7.92273 -4.97785 -7.98495 -8.54592 -4.43526 -9.28794 -7.53342 -7.58628 -5.18712 -7.97772 -8.46853 -4.45477 -8.07286 -7.32111 -7.66403 -5.19325 -8.01066 -8.51338 -4.57944 -8.35931 -7.31453 -7.08979 -5.37599 -8.04625 -8.52742 -3.30456 -8.19301 -6.50806 -9.51057 -3.63241 -7.77931 -8.60245 -2.36431 -8.12274
51.61 -5.03933 -10.0376 -9.33924 -8.73367 -9.34621 -4.04999 -7.61892 -8.85008 -7.12502 -4.90086 -8.81409 -8.65666 -4.26026 -6.42117 -7.08687 -7.92273 -4.97785 -7.98495 -8.54592 -4.43526 -9.28794 -7.53342 -7.58628 -5.18712 -7.97772 -8.46853 -4.45477 -8.07286 -7.32111 -7.66403 -5.19325 -8.01066 -8.51338 -4.57944 -8.35931 -7.31453 -7.08979 -5.37599 -8.04625 -8.52742 -3.30456 -8.19301 -6.50806 -9.51057 -3.63241 -7.77931 -8.60245 -2.36431 -8.12274
51.66 -5.03933 -10.0376 -9.33924 -8.73367 -9.34621 -4.04999 -7.61892 -8.85008 -7.12502 -4.90086 -8.81409 -8.65666 -4.26026 -6.42117 -7.08687 -7.92273 -4.97785 -7.98495 -8.54592 -4.43526 -9.28794 -7.53342 -7.58628 -5.18712 -7.97772 -8.46853 -4.45477 -8.07286 -7.32111 -7.66403 -5.19325 -8.01066 -8.51338 -4.57944 -8.35931 -7.31453 -7.08979 -5.37599 -8.04625 -8.52742 -3.30456 -8.19301 -6.50806 -9.51057 -3.63241 -7.77931 -8.60245 -2.36431 -8.12274
51.71 -5.03933 -10.0376 -9.33924 -8.73367 -9.34621 -4.04999 -7.61892 -8.85008 -7.12502 -4.90086 -8.81409 -8.65666 -4.26026 -6.42117 -7.08687 -7.92273 -4.97785 -7.98495 -8.54592 -4.43526 -9.28794 -7.53342 -7.58628 -5.18712 -7.97772 -8.46853 -4.45477 -8.07286 -7.32111 -7.66403 -5.19325 -8.01066 -8.51338 -4.57944 -8.35931 -7.31453 -7.08979 -5.37599 -8.04625 -8.52742 -3.30456 -8.19301 -6.50806 -9.51057 -3.63241 -7.77931 -8.60245 -2.36431 -8.12274
51.76 -5.03933 -10.0376 -9.33924 -8.73367 -9.34621 -4.04999 -7.61892 -8.85008 -7.12502 -4.90086 -8.81409 -8.65666 -4.26026 -6.42117 -7.08687 -7.92273 -4.97785 -7.98495 -8.54592 -4.43526 -9.28794 -7.53342 -7.58628 -5.18712 -7.97772 -8.46853 -4.45477 -8.07286 -7.32111 -7.66403 -5.19325 -8.01066 -8.51338 -4.57944 -8.35931 -7.31453 -7.08979 -5.37599 -8.04625 -8.52742 -3.30456 -8.19301 -6.50806 -9.51057 -3.63241 -7.77931 -8.60245 -2.36431 -8.12274
51.81 -5.03933 -10.0376 -9.33924 -8.73367 -9.34621 -4.04999 -7.61892 -8.85008 -7.12502 -4.90086 -8.81409 -8.65666 -4.26026 -6.42117 -7.08687 -7.92273 -4.97785 -7.98495 -8.54592 -4.43526 -9.28794 -7.53342 -7.58628 -5.18712 -7.97772 -8.46853 -4.45477 -8.07286 -7.32111 -7.66403 -5.19325 -8.01066 -8.51338 -4.57944 -8.35931 -7.31453 -7.08979 -5.37599 -8.04625 -8.52742 -3.30456 -8.19301 -6.50806 -9.51057 -3.63241 -7.77931 -8.60245 -2.36431 -8.12274
51.86 -5.03933 -10.0376 -9.33924 -8.73367 -9.34621 -4.04999 -7.61892 -8.85008 -7.12502 -4.90086 -8.81409 -8.65666 -4.26026 -6.42117 -7.08687 -7.92273 -4.97785 -7.98495 -8.54592 -4.43526 -9.28794 -7.53342 -7.58628 -5.18712 -7.97772 -8.46853 -4.45477 -8.07286 -7.32111 -7.66403 -5.19325 -8.01066 -8.51338 -4.57944 -8.35931 -7.31453 -7.08979 -5.37599 -8.04625 -8.52742 -3.30456 -8.19301 -6.50806 -9.51057 -3.63241 -7.77931 -8.60245 -2.36431 -8.12274
51.91 -5.03933 -10.0376 -9.33924 -8.73367 -9.34621 -4.04999 -7.61892 -8.85008 -7.12502 -4.90086 -8.81409 -8.65666 -4.26026 -6.42117 -7.08687 -7.92273 -4.97785 -7.98495 -8.54592 -4.43526 -9.28794 -7.53342 -7.58628 -5.18712 -7.97772 -8.46853 -4.45477 -8.07286 -7.32111 -7.66403 -5.19325 -8.01066 -8.51338 -4.57944 -8.35931 -7.31453 -7.08979 -5.37599 -8.04625 -8.52742 -3.30456 -8.19301 -6.50806 -9.51057 -3.63241 -7.77931 -8.60245 -2.36431 -8.12274
51.96 -5.03933 -10.0376 -9.33924 -8.73367 -9.34621 -4.04999 -7.61892 -8.85008 -7.12502 -4.90086 -8.81409 -8.65666 -4.26026 -6.42117 -7.08687 -7.92273 -4.97785 -7.98495 -8.54592 -4.43526 -9.28794 -7.53342 -7.58628 -5.18712 -7.97772 -8.46853 -4.45477 -8.07286 -7.32111 -7.66403 -5.19325 -8.01066 -8.51338 -4.57944 -8.35931 -7.31453 -7.08979 -5.37599 -8.04625 -8.52742 -3.30456 -8.19301 -6.50806 -9.51057 -3.63241 -7.77931 -8.60245 -2.36431 -8.12274
52.01 -5.03933 -10.0376 -9.33924 -8.73367 -9.34621 -4.04999 -7.61892 -8.85008 -7.12502 -4.90086 -8.81409 -8.65666 -4.26026 -6.42117 -7.08687 -7.92273 -4.97785 -7.98495 -8.54592 -4.43526 -9.28794 -7.53342 -7.58628 -5.18712 -7.97772 -8.46853 -4.45477 -8.07286 -7.32111 -7.66403 -5.19325 -8.01066 -8.51338 -4.57944 -8.35931 -7.31453 -7.08979 -5.37599 -8.04625 -8.52742 -3.30456 -8.19301 -6.50806 -9.51057 -3.63241 -7.77931 -8.60245 -2.36431 -8.12274
52.06 -5.03933 -10.0376 -9.33924 -8.73367 -9.34621 -4.04999 -7.61892 -8.85008 -7.12502 -4.90086 -8.81409 -8.65666 -4.26026 -6.42117 -7.08687 -7.92273 -4.97785 -7.98495 -8.54592 -4.43526 -9.28794 -7.53342 -7.58628 -5.18712 -7.97772 -8.46853 -4.45477 -8.07286 -7.32111 -7.66403 -5.19325 -8.01066 -8.51338 -4.57944 -8.35931 -7.31453 -7.08979 -5.37599 -8.04625 -8.52742 -3.30456 -8.19301 -6.50806 -9.51057 -3.63241 -7.77931 -8.60245 -2.36431 -8.12274
52.11 -5.03933 -10.0376 -9.33924 -8.73367 -9.34621 -4.04999 -7.61892 -8.85008 -7.12502 -4.90086 -8.81409 -8.65666 -4.26026 -6.42117 -7.08687 -7.92273 -4.97785 -7.98495 -8.54592 -4.43526 -9.28794 -7.53342 -7.58628 -5.18712 -7.97772 -8.46853 -4.45477 -8.07286 -7.32111 -7.66403 -5.19325 -8.01066 -8.51338 -4.57944 -8.35931 -7.31453 -7.08979 -5.37599 -8.04625 -8.52742 -3.30456 -8.19301 -6.50806 -9.51057 -3.63241 -7.77931 -8.60245 -2.36431 -8.12274
52.16 -5.03933 -10.0376 -9.33924 -8.73367 -9.34621 -4.04999 -7.61892 -8.85008 -7.12502 -4.90086 -8.81409 -8.65666 -4.26026 -6.42117 -7.08687 -7.92273 -4.97785 -7.98495 -8.54592 -4.43526 -9.28794 -7.53342 -7.58628 -5.18712 -7.97772 -8.46853 -4.45477 -8.07286 -7.32111 -7.66403 -5.19325 -8.01066 -8.51338 -4.57944 -8.35931 -7.31453 -7.08979 -5.37599 -8.04625 -8.52742 -3.30456 -8.19301 -6.50806 -9.51057 -3.63241 -7.77931 -8.60245 -2.36431 -8.12274
52.21 -5.03933 -10.0376 -9.33924 -8.73367 -9.34621 -4.04999 -7.61892 -8.85008 -7.12502 -4.90086 -8.81409 -8.65666 -4.26026 -6.42117 -7.08687 -7.92273 -4.97785 -7.98495 -8.54592 -4.43526 -9.28794 -7.53342 -7.58628 -5.18712 -7.97772 -8.46853 -4.45477 -8.07286 -7.32111 -7.66403 -5.19325 -8.01066 -8.51338 -4.57944 -8.35931 -7.31453 -7.08979 -5.37599 -8.04625 -8.52742 -3.30456 -8.19301 -6.50806 -9.51057 -3.63241 -7.77931 -8.60245 -2.36431 -8.12274
52.26 -5.03933 -10.0376 -9.33924 -8.73367 -9.34621 -4.04999 -7.61892 -8.85008 -7.12502 -4.90086 -8.81409 -8.65666 -4.26026 -6.42117 -7.08687 -7.92273 -4.97785 -7.98495 -8.54592 -4.43526 -9.28794 -7.53342 -7.58628 -5.18712 -7.97772 -8.46853 -4.45477 -8.07286 -7.32111 -7.66403 -5.19325 -8.01066 -8.51338 -4.57944 -8.35931 -7.31453 -7.08979 -5.37599 -8.04625 -8.52742 -3.30456 -8.19301 -6.50806 -9.51057 -3.63241 -7.77931 -8.60245 -2.36431 -8.12274
52.31 -5.03933 -10.0376 -9.33924 -8.73367 -9.34621 -4.04999 -7.61892 -8.85008 -7.12502 -4.90086 -8.81409 -8.65666 -4.26026 -6.42117 -7.08687 -7.92273 -4.97785 -7.98495 -8.54592 -4.43526 -9.28794 -7.53342 -7.58628 -5.18712 -7.97772 -8.46853 -4.45477 -8.07286 -7.32111 -7.66403 -5.19325 -8.01066 -8.51338 -4.57944 -8.35931 -7.31453 -7.08979 -5.37599 -8.04625 -8.52742 -3.30456 -8.19301 -6.50806 -9.51057 -3.63241 -7.77931 -8.60245 -2.36431 -8.12274
52.36 -5.03933 -10.0376 -9.33924 -8.73367 -9.34621 -4.04999 -7.61892 -8.85008 -7.12502 -4.90086 -8.81409 -8.65666 -4.26026 -6.42117 -7.08687 -7.92273 -4.97785 -7.98495 -8.54592 -4.43526 -9.28794 -7.53342 -7.58628 -5.18712 -7.97772 -8.46853 -4.45477 -8.07286 -7.32111 -7.66403 -5.19325 -8.01066 -8.51338 -4.57944 -8.35931 -7.31453 -7.08979 -5.37599 -8.04625 -8.52742 -3.30456 -8.19301 -6.50806 -9.51057 -3.63241 -7.77931 -8.60245 -2.36431 -8.12274
52.41 -5.03933 -10.0376 -9.33924 -8.73367 -9.34621 -4.04999 -7.61892 -8.85008 -7.12502 -4.90086 -8.81409 -8.65666 -4.26026 -6.42117 -7.08687 -7.92273 -4.97785 -7.98495 -8.54592 -4.43526 -9.28794 -7.53342 -7.58628 -5.18712 -7.97772 -8.46853 -4.45477 -8.07286 -7.32111 -7.66403 -5.19325 -8.01066 -8.51338 -4.57944 -8.35931 -7.31453 -7.08979 -5.37599 -8.04625 -8.52742 -3.30456 -8.19301 -6.50806 -9.51057 -3.63241 -7.77931 -8.60245 -2.36431 -8.12274
52.46 -5.03933 -10.0376 -9.33924 -8.73367 -9.34621 -4.04999 -7.61892 -8.85008 -7.12502 -4.90086 -8.81409 -8.65666 -4.26026 -6.42117 -7.08687 -7.92273 -4.97785 -7.98495 -8.54592 -4.43526 -9.28794 -7.53342 -7.58628 -5.18712 -7.97772 -8.46853 -4.45477 -8.07286 -7.32111 -7.66403 -5.19325 -8.01066 -8.51338 -4.57944 -8.35931 -7.31453 -7.08979 -5.37599 -8.04625 -8.52742 -3.30456 -8.19301 -6.50806 -9.51057 -3.63241 -7.77931 -8.60245 -2.36431 -8.12274
52.51 -5.03933 -10.0376 -9.33924 -8.73367 -9.34621 -4.04999 -7.61892 -8.85008 -7.12502 -4.90086 -8.81409 -8.65666 -4.26026 -6.42117 -7.08687 -7.92273 -4.97785 -7.98495 -8.54592 -4.43526 -9.28794 -7.53342 -7.58628 -5.18712 -7.97772 -8.46853 -4.45477 -8.07286 -7.32111 -7.66403 -5.19325 -8.01066 -8.51338 -4.57944 -8.35931 -7.31453 -7.08979 -5.37599 -8.04625 -8.52742 -3.30456 -8.19301 -6.50806 -9.51057 -3.63241 -7.77931 -8.60245 -2.36431 -8.12274
52.56 -5.03933 -10.0376 -9.33924 -8.73367 -9.34621 -4.04999 -7.61892 -8.85008 -7.12502 -4.90086 -8.81409 -8.65666 -4.26026 -6.42117 -7.08687 -7.92273 -4.97785 -7.98495 -8.54592 -4.43526 -9.28794 -7.53342 -7.58628 -5.18712 -7.97772 -8.46853 -4.45477 -8.07286 -7.32111 -7.66403 -5.19325 -8.01066 -8.51338 -4.57944 -8.35931 -7.31453 -7.08979 -5.37599 -8.04625 -8.52742 -3.30456 -8.19301 -6.50806 -9.51057 -3.63241 -7.77931 -8.60245 -2.36431 -8.12274
52.61 -5.03933 -10.0376 -9.33924 -8.73367 -9.34621 -4.04999 -7.61892 -8.85008 -7.12502 -4.90086 -8.81409 -8.65666 -4.26026 -6.42117 -7.08687 -7.92273 -4.97785 -7.98495 -8.54592 -4.43526 -9.28794 -7.53342 -7.58628 -5.18712 -7.97772 -8.46853 -4.45477 -8.07286 -7.32111 -7.66403 -5.19325 -8.01066 -8.51338 -4.57944 -8.35931 -7.31453 -7.08979 -5.37599 -8.04625 -8.52742 -3.30456 -8.19301 -6.50806 -9.51057 -3.63241 -7.77931 -8.60245 -2.36431 -8.12274
52.66 -5.03933 -10.0376 -9.33924 -8.73367 -9.34621 -4.04999 -7.61892 -8.85008 -7.12502 -4.90086 -8.81409 -8.65666 -4.26026 -6.42117 -7.08687 -7.92273 -4.97785 -7.98495 -8.54592 -4.43526 -9.28794 -7.53342 -7.58628 -5.18712 -7.97772 -8.46853 -4.45477 -8.07286 -7.32111 -7.66403 -5.19325 -8.01066 -8.51338 -4.57944 -8.35931 -7.31453 -7.08979 -5.37599 -8.04625 -8.52742 -3.30456 -8.19301 -6.50806 -9.51057 -3.63241 -7.77931 -8.60245 -2.36431 -8.12274
52.71 -5.03933 -10.0376 -9.33924 -8.73367 -9.34621 -4.04999 -7.61892 -8.85008 -7.12502 -4.90086 -8.81409 -8.65666 -4.26026 -6.42117 -7.08687 -7.92273 -4.97785 -7.98495 -8.54592 -4.43526 -9.28794 -7.53342 -7.58628 -5.18712 -7.97772 -8.46853 -4.45477 -8.07286 -7.32111 -7.66403 -5.19325 -8.01066 -8.51338 -4.57944 -8.35931 -7.31453 -7.08979 -5.37599 -8.04625 -8.52742 -3.30456 -8.19301 -6.50806 -9.51057 -3.63241 -7.77931 -8.60245 -2.36431 -8.12274
52.76 -5.03933 -10.0376 -9.33924 -8.73367 -9.34621 -4.04999 -7.61892 -8.85008 -7.12502 -4.90086 -8.81409 -8.65666 -4.26026 -6.42117 -7.08687 -7.92273 -4.97785 -7.98495 -8.54592 -4.43526 -9.28794 -7.53342 -7.58628 -5.18712 -7.97772 -8.46853 -4.45477 -8.07286 -7.32111 -7.66403 -5.19325 -8.01066 -8.51338 -4.57944 -8.35931 -7.31453 -7.08979 -5.37599 -8.04625 -8.52742 -3.30456 -8.19301 -6.50806 -9.51057 -3.63241 -7.77931 -8.60245 -2.36431 -8.12274
52.81 -5.03933 -10.0376 -9.33924 -8.73367 -9.34621 -4.04999 -7.61892 -8.85008 -7.12502 -4.90086 -8.81409 -8.65666 -4.26026 -6.42117 -7.08687 -7.92273 -4.97785 -7.98495 -8.54592 -4.43526 -9.28794 -7.53342 -7.58628 -5.18712 -7.97772 -8.46853 -4.45477 -8.07286 -7.32111 -7.66403 -5.19325 -8.01066 -8.51338 -4.57944 -8.35931 -7.31453 -7.08979 -5.37599 -8.04625 -8.52742 -3.30456 -8.19301 -6.50806 -9.51057 -3.63241 -7.77931 -8.60245 -2.36431 -8.12274
52.86 -5.03933 -10.0376 -9.33924 -8.73367 -9.34621 -4.04999 -7.61892 -8.85008 -7.12502 -4.90086 -8.81409 -8.65666 -4.26026 -6.42117 -7.08687 -7.92273 -4.97785 -7.98495 -8.54592 -4.43526 -9.28794 -7.53342 -7.58628 -5.18712 -7.97772 -8.46853 -4.45477 -8.07286 -7.32111 -7.66403 -5.19325 -8.01066 -8.51338 -4.57944 -8.35931 -7.31453 -7.08979 -5.37599 -8.04625 -8.52742 -3.30456 -8.19301 -6.50806 -9.51057 -3.63241 -7.77931 -8.60245 -2.36431 -8.12274
52.91 -5.03933 -10.0376 -9.33924 -8.73367 -9.34621 -4.04999 -7.61892 -8.85008 -7.12502 -4.90086 -8.81409 -8.65666 -4.26026 -6.42117 -7.08687 -7.92273 -4.97785 -7.98495 -8.54592 -4.43526 -9.28794 -7.53342 -7.58628 -5.18712 -7.97772 -8.46853 -4.45477 -8.07286 -7.32111 -7.66403 -5.19325 -8.01066 -8.51338 -4.57944 -8.35931 -7.31453 -7.08979 -5.37599 -8.04625 -8.52742 -3.30456 -8.19301 -6.50806 -9.51057 -3.63241 -7.77931 -8.60245 -2.36431 -8.12274
52.96 -5.03933 -10.0376 -9.33924 -8.73367 -9.34621 -4.04999 -7.61892 -8.85008 -7.12502 -4.90086 -8.81409 -8.65666 -4.26026 -6.42117 -7.08687 -7.92273 -4.97785 -7.98495 -8.54592 -4.43526 -9.28794 -7.53342 -7.58628 -5.18712 -7.97772 -8.46853 -4.45477 -8.07286 -7.32111 -7.66403 -5.19325 -8.01066 -8.51338 -4.57944 -8.35931 -7.31453 -7.08979 -5.37599 -8.04625 -8.52742 -3.30456 -8.19301 -6.50806 -9.51057 -3.63241 -7.77931 -8.60245 -2.36431 -8.12274
53.01 -5.03933 -10.0376 -9.33924 -8.73367 -9.34621 -4.04999 -7.61892 -8.85008 -7.12502 -4.90086 -8.81409 -8.65666 -4.26026 -6.42117 -7.08687 -7.92273 -4.97785 -7.98495 -8.54592 -4.43526 -9.28794 -7.53342 -7.58628 -5.18712 -7.97772 -8.46853 -4.45477 -8.07286 -7.32111 -7.66403 -5.19325 -8.01066 -8.51338 -4.57944 -8.35931 -7.31453 -7.08979 -5.37599 -8.04625 -8.52742 -3.30456 -8.19301 -6.50806 -9.51057 -3.63241 -7.77931 -8.60245 -2.36431 -8.12274
53.06 -5.03933 -10.0376 -9.33924 -8.73367 -9.34621 -4.04999 -7.61892 -8.85008 -7.12502 -4.90086 -8.81409 -8.65666 -4.26026 -6.42117 -7.08687 -7.92273 -4.97785 -7.98495 -8.54592 -4.43526 -9.28794 -7.53342 -7.58628 -5.18712 -7.97772 -8.46853 -4.45477 -8.07286 -7.32111 -7.66403 -5.19325 -8.01066 -8.51338 -4.57944 -8.35931 -7.31453 -7.08979 -5.37599 -8.04625 -8.52742 -3.30456 -8.19301 -6.50806 -9.51057 -3.63241 -7.77931 -8.60245 -2.36431 -8.12274
53.11 -5.03933 -10.0376 -9.33924 -8.73367 -9.34621 -4.04999 -7.61892 -8.85008 -7.12502 -4.90086 -8.81409 -8.65666 -4.26026 -6.42117 -7.08687 -7.92273 -4.97785 -7.98495 -8.54592 -4.43526 -9.28794 -7.53342 -7.58628 -5.18712 -7.97772 -8.46853 -4.45477 -8.07286 -7.32111 -7.66403 -5.19325 -8.01066 -8.51338 -4.57944 -8.35931 -7.31453 -7.08979 -5.37599 -8.04625 -8.52742 -3.30456 -8.19301 -6.50806 -9.51057 -3.63241 -7.77931 -8.60245 -2.36431 -8.12274
53.16 -5.03933 -10.0376 -9.33924 -8.73367 -9.34621 -4.04999 -7.61892 -8.85008 -7.12502 -4.90086 -8.81409 -8.65666 -4.26026 -6.42117 -7.08687 -7.92273 -4.97785 -7.98495 -8.54592 -4.43526 -9.28794 -7.53342 -7.58628 -5.18712 -7.97772 -8.46853 -4.45477 -8.07286 -7.32111 -7.66403 -5.19325 -8.01066 -8.51338 -4.57944 -8.35931 -7.31453 -7.08979 -5.37599 -8.04625 -8.52742 -3.30456 -8.19301 -6.50806 -9.51057 -3.63241 -7.77931 -8.60245 -2.36431 -8.12274
53.21 -5.03933 -10.0376 -9.33924 -8.73367 -9.34621 -4.04999 -7.61892 -8.85008 -7.12502 -4.90086 -8.81409 -8.65666 -4.26026 -6.42117 -7.08687 -7.92273 -4.97785 -7.98495 -8.54592 -4.43526 -9.28794 -7.53342 -7.58628 -5.18712 -7.97772 -8.46853 -4.45477 -8.07286 -7.32111 -7.66403 -5.19325 -8.01066 -8.51338 -4.57944 -8.35931 -7.31453 -7.08979 -5.37599 -8.04625 -8.52742 -3.30456 -8.19301 -6.50806 -9.51057 -3.63241 -7.77931 -8.60245 -2.36431 -8.12274
53.26 -5.03933 -10.0376 -9.33924 -8.73367 -9.34621 -4.04999 -7.61892 -8.85008 -7.12502 -4.90086 -8.81409 -8.65666 -4.26026 -6.42117 -7.08687 -7.92273 -4.97785 -7.98495 -8.54592 -4.43526 -9.28794 -7.53342 -7.58628 -5.18712 -7.97772 -8.46853 -4.45477 -8.07286 -7.32111 -7.66403 -5.19325 -8.01066 -8.51338 -4.57944 -8.35931 -7.31453 -7.08979 -5.37599 -8.04625 -8.52742 -3.30456 -8.19301 -6.50806 -9.51057 -3.63241 -7.77931 -8.60245 -2.36431 -8.12274
53.31 -5.03933 -10.0376 -9.33924 -8.73367 -9.34621 -4.04999 -7.61892 -8.85008 -7.12502 -4.90086 -8.81409 -8.65666 -4.26026 -6.42117 -7.08687 -7.92273 -4.97785 -7.98495 -8.54592 -4.43526 -9.28794 -7.53342 -7.58628 -5.18712 -7.97772 -8.46853 -4.45477 -8.07286 -7.32111 -7.66403 -5.19325 -8.01066 -8.51338 -4.57944 -8.35931 -7.31453 -7.08979 -5.37599 -8.04625 -8.52742 -3.30456 -8.19301 -6.50806 -9.51057 -3.63241 -7.77931 -8.60245 -2.36431 -8.12274
53.36 -5.03933 -10.0376 -9.33924 -8.73367 -9.34621 -4.04999 -7.61892 -8.85008 -7.12502 -4.90086 -8.81409 -8.65666 -4.26026 -6.42117 -7.08687 -7.92273 -4.97785 -7.98495 -8.54592 -4.43526 -9.28794 -7.53342 -7.58628 -5.18712 -7.97772 -8.46853 -4.45477 -8.07286 -7.32111 -7.66403 -5.19325 -8.01066 -8.51338 -4.57944 -8.35931 -7.31453 -7.08979 -5.37599 -8.04625 -8.52742 -3.30456 -8.19301 -6.50806 -9.51057 -3.63241 -7.77931 -8.60245 -2.36431 -8.12274
53.41 -5.03933 -10.0376 -9.33924 -8.73367 -9.34621 -4.04999 -7.61892 -8.85008 -7.12502 -4.90086 -8.81409 -8.65666 -4.26026 -6.42117 -7.08687 -7.92273 -4.97785 -7.98495 -8.54592 -4.43526 -9.28794 -7.53342 -7.58628 -5.18712 -7.97772 -8.46853 -4.45477 -8.07286 -7.32111 -7.66403 -5.19325 -8.01066 -8.51338 -4.57944 -8.35931 -7.31453 -7.08979 -5.37599 -8.04625 -8.52742 -3.30456 -8.19301 -6.50806 -9.51057 -3.63241 -7.77931 -8.60245 -2.36431 -8.12274
53.46 -5.03933 -10.0376 -9.33924 -8.73367 -9.34621 -4.04999 -7.61892 -8.85008 -7.12502 -4.90086 -8.81409 -8.65666 -4.26026 -6.42117 -7.08687 -7.92273 -4.97785 -7.98495 -8.54592 -4.43526 -9.28794 -7.53342 -7.58628 -5.18712 -7.97772 -8.46853 -4.45477 -8.07286 -7.32111 -7.66403 -5.19325 -8.01066 -8.51338 -4.57944 -8.35931 -7.31453 -7.08979 -5.37599 -8.04625 -8.52742 -3.30456 -8.19301 -6.50806 -9.51057 -3.63241 -7.77931 -8.60245 -2.36431 -8.12274
53.51 -5.03933 -10.0376 -9.33924 -8.73367 -9.34621 -4.04999 -7.61892 -8.85008 -7.12502 -4.90086 -8.81409 -8.65666 -4.26026 -6.42117 -7.08687 -7.92273 -4.97785 -7.98495 -8.54592 -4.43526 -9.28794 -7.53342 -7.58628 -5.18712 -7.97772 -8.46853 -4.45477 -8.07286 -7.32111 -7.66403 -5.19325 -8.01066 -8.51338 -4.57944 -8.35931 -7.31453 -7.08979 -5.37599 -8.04625 -8.52742 -3.30456 -8.19301 -6.50806 -9.51057 -3.63241 -7.77931 -8.60245 -2.36431 -8.12274
53.56 -5.03933 -10.0376 -9.33924 -8.73367 -9.34621 -4.04999 -7.61892 -8.85008 -7.12502 -4.90086 -8.81409 -8.65666 -4.26026 -6.42117 -7.08687 -7.92273 -4.97785 -7.98495 -8.54592 -4.43526 -9.28794 -7.53342 -7.58628 -5.18712 -7.97772 -8.46853 -4.45477 -8.07286 -7.32111 -7.66403 -5.19325 -8.01066 -8.51338 -4.57944 -8.35931 -7.31453 -7.08979 -5.37599 -8.04625 -8.52742 -3.30456 -8.19301 -6.50806 -9.51057 -3.63241 -7.77931 -8.60245 -2.36431 -8.12274
53.61 -5.03933 -10.0376 -9.33924 -8.73367 -9.34621 -4.04999 -7.61892 -8.85008 -7.12502 -4.90086 -8.81409 -8.65666 -4.26026 -6.42117 -7.08687 -7.92273 -4.97785 -7.98495 -8.54592 -4.43526 -9.28794 -7.53342 -7.58628 -5.18712 -7.97772 -8.46853 -4.45477 -8.07286 -7.32111 -7.66403 -5.19325 -8.01066 -8.51338 -4.57944 -8.35931 -7.31453 -7.08979 -5.37599 -8.04625 -8.52742 -3.30456 -8.19301 -6.50806 -9.51057 -3.63241 -7.77931 -8.60245 -2.36431 -8.12274
53.66 -5.03933 -10.0376 -9.33924 -8.73367 -9.34621 -4.04999 -7.61892 -8.85008 -7.12502 -4.90086 -8.81409 -8.65666 -4.26026 -6.42117 -7.08687 -7.92273 -4.97785 -7.98495 -8.54592 -4.43526 -9.28794 -7.53342 -7.58628 -5.18712 -7.97772 -8.46853 -4.45477 -8.07286 -7.32111 -7.66403 -5.19325 -8.01066 -8.51338 -4.57944 -8.35931 -7.31453 -7.08979 -5.37599 -8.04625 -8.52742 -3.30456 -8.19301 -6.50806 -9.51057 -3.63241 -7.77931 -8.60245 -2.36431 -8.12274
53.71 -5.03933 -10.0376 -9.33924 -8.73367 -9.34621 -4.04999 -7.61892 -8.85008 -7.12502 -4.90086 -8.81409 -8.65666 -4.26026 -6.42117 -7.08687 -7.92273 -4.97785 -7.98495 -8.54592 -4.43526 -9.28794 -7.53342 -7.58628 -5.18712 -7.97772 -8.46853 -4.45477 -8.07286 -7.32111 -7.66403 -5.19325 -8.01066 -8.51338 -4.57944 -8.35931 -7.31453 -7.08979 -5.37599 -8.04625 -8.52742 -3.30456 -8.19301 -6.50806 -9.51057 -3.63241 -7.77931 -8.60245 -2.36431 -8.12274
53.76 -5.03933 -10.0376 -9.33924 -8.73367 -9.34621 -4.04999 -7.61892 -8.85008 -7.12502 -4.90086 -8.81409 -8.65666 -4.26026 -6.42117 -7.08687 -7.92273 -4.97785 -7.98495 -8.54592 -4.43526 -9.28794 -7.53342 -7.58628 -5.18712 -7.97772 -8.46853 -4.45477 -8.07286 -7.32111 -7.66403 -5.19325 -8.01066 -8.51338 -4.57944 -8.35931 -7.31453 -7.08979 -5.37599 -8.04625 -8.52742 -3.30456 -8.19301 -6.50806 -9.51057 -3.63241 -7.77931 -8.60245 -2.36431 -8.12274
53.81 -5.03933 -10.0376 -9.33924 -8.73367 -9.34621 -4.04999 -7.61892 -8.85008 -7.12502 -4.90086 -8.81409 -8.65666 -4.26026 -6.42117 -7.08687 -7.92273 -4.97785 -7.98495 -8.54592 -4.43526 -9.28794 -7.53342 -7.58628 -5.18712 -7.97772 -8.46853 -4.45477 -8.07286 -7.32111 -7.66403 -5.19325 -8.01066 -8.51338 -4.57944 -8.35931 -7.31453 -7.08979 -5.37599 -8.04625 -8.52742 -3.30456 -8.19301 -6.50806 -9.51057 -3.63241 -7.77931 -8.60245 -2.36431 -8.12274
53.86 -5.03933 -10.0376 -9.33924 -8.73367 -9.34621 -4.04999 -7.61892 -8.85008 -7.12502 -4.90086 -8.81409 -8.65666 -4.26026 -6.42117 -7.08687 -7.92273 -4.97785 -7.98495 -8.54592 -4.43526 -9.28794 -7.53342 -7.58628 -5.18712 -7.97772 -8.46853 -4.45477 -8.07286 -7.32111 -7.66403 -5.19325 -8.01066 -8.51338 -4.57944 -8.35931 -7.31453 -7.08979 -5.37599 -8.04625 -8.52742 -3.30456 -8.19301 -6.50806 -9.51057 -3.63241 -7.77931 -8.60245 -2.36431 -8.12274
53.91 -5.03933 -10.0376 -9.33924 -8.73367 -9.34621 -4.04999 -7.61892 -8.85008 -7.12502 -4.90086 -8.81409 -8.65666 -4.26026 -6.42117 -7.08687 -7.92273 -4.97785 -7.98495 -8.54592 -4.43526 -9.28794 -7.53342 -7.58628 -5.18712 -7.97772 -8.46853 -4.45477 -8.07286 -7.32111 -7.66403 -5.19325 -8.01066 -8.51338 -4.57944 -8.35931 -7.31453 -7.08979 -5.37599 -8.04625 -8.52742 -3.30456 -8.19301 -6.50806 -9.51057 -3.63241 -7.77931 -8.60245 -2.36431 -8.12274
53.96 -5.03933 -10.0376 -9.33924 -8.73367 -9.34621 -4.04999 -7.61892 -8.85008 -7.12502 -4.90086 -8.81409 -8.65666 -4.26026 -6.42117 -7.08687 -7.92273 -4.97785 -7.98495 -8.54592 -4.43526 -9.28794 -7.53342 -7.58628 -5.18712 -7.97772 -8.46853 -4.45477 -8.07286 -7.32111 -7.66403 -5.19325 -8.01066 -8.51338 -4.57944 -8.35931 -7.31453 -7.08979 -5.37599 -8.04625 -8.52742 -3.30456 -8.19301 -6.50806 -9.51057 -3.63241 -7.77931 -8.60245 -2.36431 -8.12274
54.01 -5.03933 -10.0376 -9.33924 -8.73367 -9.34621 -4.04999 -7.61892 -8.85008 -7.12502 -4.90086 -8.81409 -8.65666 -4.26026 -6.42117 -7.08687 -7.92273 -4.97785 -7.98495 -8.54592 -4.43526 -9.28794 -7.53342 -7.58628 -5.18712 -7.97772 -8.46853 -4.45477 -8.07286 -7.32111 -7.66403 -5.19325 -8.01066 -8.51338 -4.57944 -8.35931 -7.31453 -7.08979 -5.37599 -8.04625 -8.52742 -3.30456 -8.19301 -6.50806 -9.51057 -3.63241 -7.77931 -8.60245 -2.36431 -8.12274
54.06 -5.03933 -10.0376 -9.33924 -8.73367 -9.34621 -4.04999 -7.61892 -8.85008 -7.12502 -4.90086 -8.81409 -8.65666 -4.26026 -6.42117 -7.08687 -7.92273 -4.97785 -7.98495 -8.54592 -4.43526 -9.28794 -7.53342 -7.58628 -5.18712 -7.97772 -8.46853 -4.45477 -8.07286 -7.32111 -7.66403 -5.19325 -8.01066 -8.51338 -4.57944 -8.35931 -7.31453 -7.08979 -5.37599 -8.04625 -8.52742 -3.30456 -8.19301 -6.50806 -9.51057 -3.63241 -7.77931 -8.60245 -2.36431 -8.12274
54.11 -5.03933 -10.0376 -9.33924 -8.73367 -9.34621 -4.04999 -7.61892 -8.85008 -7.12502 -4.90086 -8.81409 -8.65666 -4.26026 -6.42117 -7.08687 -7.92273 -4.97785 -7.98495 -8.54592 -4.43526 -9.28794 -7.53342 -7.58628 -5.18712 -7.97772 -8.46853 -4.45477 -8.07286 -7.32111 -7.66403 -5.19325 -8.01066 -8.51338 -4.57944 -8.35931 -7.31453 -7.08979 -5.37599 -8.04625 -8.52742 -3.30456 -8.19301 -6.50806 -9.51057 -3.63241 -7.77931 -8.60245 -2.36431 -8.12274
54.16 -5.03933 -10.0376 -9.33924 -8.73367 -9.34621 -4.04999 -7.61892 -8.85008 -7.12502 -4.90086 -8.81409 -8.65666 -4.26026 -6.42117 -7.08687 -7.92273 -4.97785 -7.98495 -8.54592 -4.43526 -9.28794 -7.53342 -7.58628 -5.18712 -7.97772 -8.46853 -4.45477 -8.07286 -7.32111 -7.66403 -5.19325 -8.01066 -8.51338 -4.57944 -8.35931 -7.31453 -7.08979 -5.37599 -8.04625 -8.52742 -3.30456 -8.19301 -6.50806 -9.51057 -3.63241 -7.77931 -8.60245 -2.36431 -8.12274
54.21 -5.03933 -10.0376 -9.33924 -8.73367 -9.34621 -4.04999 -7.61892 -8.85008 -7.12502 -4.90086 -8.81409 -8.65666 -4.26026 -6.42117 -7.08687 -7.92273 -4.97785 -7.98495 -8.54592 -4.43526 -9.28794 -7.53342 -7.58628 -5.18712 -7.97772 -8.46853 -4.45477 -8.07286 -7.32111 -7.66403 -5.19325 -8.01066 -8.51338 -4.57944 -8.35931 -7.31453 -7.08979 -5.37599 -8.04625 -8.52742 -3.30456 -8.19301 -6.50806 -9.51057 -3.63241 -7.77931 -8.60245 -2.36431 -8.12274
54.26 -5.03933 -10.0376 -9.33924 -8.73367 -9.34621 -4.04999 -7.61892 -8.85008 -7.12502 -4.90086 -8.81409 -8.65666 -4.26026 -6.42117 -7.08687 -7.92273 -4.97785 -7.98495 -8.54592 -4.43526 -9.28794 -7.53342 -7.58628 -5.18712 -7.97772 -8.46853 -4.45477 -8.07286 -7.32111 -7.66403 -5.19325 -8.01066 -8.51338 -4.57944 -8.35931 -7.31453 -7.08979 -5.37599 -8.04625 -8.52742 -3.30456 -8.19301 -6.50806 -9.51057 -3.63241 -7.77931 -8.60245 -2.36431 -8.12274
54.31 -5.03933 -10.0376 -9.33924 -8.73367 -9.34621 -4.04999 -7.61892 -8.85008 -7.12502 -4.90086 -8.81409 -8.65666 -4.26026 -6.42117 -7.08687 -7.92273 -4.97785 -7.98495 -8.54592 -4.43526 -9.28794 -7.53342 -7.58628 -5.18712 -7.97772 -8.46853 -4.45477 -8.07286 -7.32111 -7.66403 -5.19325 -8.01066 -8.51338 -4.57944 -8.35931 -7.31453 -7.08979 -5.37599 -8.04625 -8.52742 -3.30456 -8.19301 -6.50806 -9.51057 -3.63241 -7.77931 -8.60245 -2.36431 -8.12274
54.36 -5.03933 -10.0376 -9.33924 -8.73367 -9.34621 -4.04999 -7.61892 -8.85008 -7.12502 -4.90086 -8.81409 -8.65666 -4.26026 -6.42117 -7.08687 -7.92273 -4.97785 -7.98495 -8.54592 -4.43526 -9.28794 -7.53342 -7.58628 -5.18712 -7.97772 -8.46853 -4.45477 -8.07286 -7.32111 -7.66403 -5.19325 -8.01066 -8.51338 -4.57944 -8.35931 -7.31453 -7.08979 -5.37599 -8.04625 -8.52742 -3.30456 -8.19301 -6.50806 -9.51057 -3.63241 -7.77931 -8.60245 -2.36431 -8.12274
54.41 -5.03933 -10.0376 -9.33924 -8.73367 -9.34621 -4.04999 -7.61892 -8.85008 -7.12502 -4.90086 -8.81409 -8.65666 -4.26026 -6.42117 -7.08687 -7.92273 -4.97785 -7.98495 -8.54592 -4.43526 -9.28794 -7.53342 -7.58628 -5.18712 -7.97772 -8.46853 -4.45477 -8.07286 -7.32111 -7.66403 -5.19325 -8.01066 -8.51338 -4.57944 -8.35931 -7.31453 -7.08979 -5.37599 -8.04625 -8.52742 -3.30456 -8.19301 -6.50806 -9.51057 -3.63241 -7.77931 -8.60245 -2.36431 -8.12274
54.46 -5.03933 -10.0376 -9.33924 -8.73367 -9.34621 -4.04999 -7.61892 -8.85008 -7.12502 -4.90086 -8.81409 -8.65666 -4.26026 -6.42117 -7.08687 -7.92273 -4.97785 -7.98495 -8.54592 -4.43526 -9.28794 -7.53342 -7.58628 -5.18712 -7.97772 -8.46853 -4.45477 -8.07286 -7.32111 -7.66403 -5.19325 -8.01066 -8.51338 -4.57944 -8.35931 -7.31453 -7.08979 -5.37599 -8.04625 -8.52742 -3.30456 -8.19301 -6.50806 -9.51057 -3.63241 -7.77931 -8.60245 -2.36431 -8.12274
54.51 -5.03933 -10.0376 -9.33924 -8.73367 -9.34621 -4.04999 -7.61892 -8.85008 -7.12502 -4.90086 -8.81409 -8.65666 -4.26026 -6.42117 -7.08687 -7.92273 -4.97785 -7.98495 -8.54592 -4.43526 -9.28794 -7.53342 -7.58628 -5.18712 -7.97772 -8.46853 -4.45477 -8.07286 -7.32111 -7.66403 -5.19325 -8.01066 -8.51338 -4.57944 -8.35931 -7.31453 -7.08979 -5.37599 -8.04625 -8.52742 -3.30456 -8.19301 -6.50806 -9.51057 -3.63241 -7.77931 -8.60245 -2.36431 -8.12274
54.56 -5.03933 -10.0376 -9.33924 -8.73367 -9.34621 -4.04999 -7.61892 -8.85008 -7.12502 -4.90086 -8.81409 -8.65666 -4.26026 -6.42117 -7.08687 -7.92273 -4.97785 -7.98495 -8.54592 -4.43526 -9.28794 -7.53342 -7.58628 -5.18712 -7.97772 -8.46853 -4.45477 -8.07286 -7.32111 -7.66403 -5.19325 -8.01066 -8.51338 -4.57944 -8.35931 -7.31453 -7.08979 -5.37599 -8.04625 -8.52742 -3.30456 -8.19301 -6.50806 -9.51057 -3.63241 -7.77931 -8.60245 -2.36431 -8.12274
54.61 -5.03933 -10.0376 -9.33924 -8.73367 -9.34621 -4.04999 -7.61892 -8.85008 -7.12502 -4.90086 -8.81409 -8.65666 -4.26026 -6.42117 -7.08687 -7.92273 -4.97785 -7.98495 -8.54592 -4.43526 -9.28794 -7.53342 -7.58628 -5.18712 -7.97772 -8.46853 -4.45477 -8.07286 -7.32111 -7.66403 -5.19325 -8.01066 -8.51338 -4.57944 -8.35931 -7.31453 -7.08979 -5.37599 -8.04625 -8.52742 -3.30456 -8.19301 -6.50806 -9.51057 -3.63241 -7.77931 -8.60245 -2.36431 -8.12274
54.66 -5.03933 -10.0376 -9.33924 -8.73367 -9.34621 -4.04999 -7.61892 -8.85008 -7.12502 -4.90086 -8.81409 -8.65666 -4.26026 -6.42117 -7.08687 -7.92273 -4.97785 -7.98495 -8.54592 -4.43526 -9.28794 -7.53342 -7.58628 -5.18712 -7.97772 -8.46853 -4.45477 -8.07286 -7.32111 -7.66403 -5.19325 -8.01066 -8.51338 -4.57944 -8.35931 -7.31453 -7.08979 -5.37599 -8.04625 -8.52742 -3.30456 -8.19301 -6.50806 -9.51057 -3.63241 -7.77931 -8.60245 -2.36431 -8.12274
54.71 -5.03933 -10.0376 -9.33924 -8.73367 -9.34621 -4.04999 -7.61892 -8.85008 -7.12502 -4.90086 -8.81409 -8.65666 -4.26026 -6.42117 -7.08687 -7.92273 -4.97785 -7.98495 -8.54592 -4.43526 -9.28794 -7.53342 -7.58628 -5.18712 -7.97772 -8.46853 -4.45477 -8.07286 -7.32111 -7.66403 -5.19325 -8.01066 -8.51338 -4.57944 -8.35931 -7.31453 -7.08979 -5.37599 -8.04625 -8.52742 -3.30456 -8.19301 -6.50806 -9.51057 -3.63241 -7.77931 -8.60245 -2.36431 -8.12274
54.76 -5.03933 -10.0376 -9.33924 -8.73367 -9.34621 -4.04999 -7.61892 -8.85008 -7.12502 -4.90086 -8.81409 -8.65666 -4.26026 -6.42117 -7.08687 -7.92273 -4.97785 -7.98495 -8.54592 -4.43526 -9.28794 -7.53342 -7.58628 -5.18712 -7.97772 -8.46853 -4.45477 -8.07286 -7.32111 -7.66403 -5.19325 -8.01066 -8.51338 -4.57944 -8.35931 -7.31453 -7.08979 -5.37599 -8.04625 -8.52742 -3.30456 -8.19301 -6.50806 -9.51057 -3.63241 -7.77931 -8.60245 -2.36431 -8.12274
54.81 -5.03933 -10.0376 -9.33924 -8.73367 -9.34621 -4.04999 -7.61892 -8.85008 -7.12502 -4.90086 -8.81409 -8.65666 -4.26026 -6.42117 -7.08687 -7.92273 -4.97785 -7.98495 -8.54592 -4.43526 -9.28794 -7.53342 -7.58628 -5.18712 -7.97772 -8.46853 -4.45477 -8.07286 -7.32111 -7.66403 -5.19325 -8.01066 -8.51338 -4.57944 -8.35931 -7.31453 -7.08979 -5.37599 -8.04625 -8.52742 -3.30456 -8.19301 -6.50806 -9.51057 -3.63241 -7.77931 -8.60245 -2.36431 -8.12274
54.86 -5.03933 -10.0376 -9.33924 -8.73367 -9.34621 -4.04999 -7.61892 -8.85008 -7.12502 -4.90086 -8.81409 -8.65666 -4.26026 -6.42117 -7.08687 -7.92273 -4.97785 -7.98495 -8.54592 -4.43526 -9.28794 -7.53342 -7.58628 -5.18712 -7.97772 -8.46853 -4.45477 -8.07286 -7.32111 -7.66403 -5.19325 -8.01066 -8.51338 -4.57944 -8.35931 -7.31453 -7.08979 -5.37599 -8.04625 -8.52742 -3.30456 -8.19301 -6.50806 -9.51057 -3.63241 -7.77931 -8.60245 -2.36431 -8.12274
54.91 -5.03933 -10.0376 -9.33924 -8.73367 -9.34621 -4.04999 -7.61892 -8.85008 -7.12502 -4.90086 -8.81409 -8.65666 -4.26026 -6.42117 -7.08687 -7.92273 -4.97785 -7.98495 -8.54592 -4.43526 -9.28794 -7.53342 -7.58628 -5.18712 -7.97772 -8.46853 -4.45477 -8.07286 -7.32111 -7.66403 -5.19325 -8.01066 -8.51338 -4.57944 -8.35931 -7.31453 -7.08979 -5.37599 -8.04625 -8.52742 -3.30456 -8.19301 -6.50806 -9.51057 -3.63241 -7.77931 -8.60245 -2.36431 -8.12274
54.96 -5.03933 -10.0376 -9.33924 -8.73367 -9.34621 -4.04999 -7.61892 -8.85008 -7.12502 -4.90086 -8.81409 -8.65666 -4.26026 -6.42117 -7.08687 -7.92273 -4.97785 -7.98495 -8.54592 -4.43526 -9.28794 -7.53342 -7.58628 -5.18712 -7.97772 -8.46853 -4.45477 -8.07286 -7.32111 -7.66403 -5.19325 -8.01066 -8.51338 -4.57944 -8.35931 -7.31453 -7.08979 -5.37599 -8.04625 -8.52742 -3.30456 -8.19301 -6.50806 -9.51057 -3.63241 -7.77931 -8.60245 -2.36431 -8.12274
55.01 -5.03933 -10.0376 -9.33924 -8.73367 -9.34621 -4.04999 -7.61892 -8.85008 -7.12502 -4.90086 -8.81409 -8.65666 -4.26026 -6.42117 -7.08687 -7.92273 -4.97785 -7.98495 -8.54592 -4.43526 -9.28794 -7.53342 -7.58628 -5.18712 -7.97772 -8.46853 -4.45477 -8.07286 -7.32111 -7.66403 -5.19325 -8.01066 -8.51338 -4.57944 -8.35931 -7.31453 -7.08979 -5.37599 -8.04625 -8.52742 -3.30456 -8.19301 -6.50806 -9.51057 -3.63241 -7.77931 -8.60245 -2.36431 -8.12274
55.06 -5.03933 -10.0376 -9.33924 -8.73367 -9.34621 -4.04999 -7.61892 -8.85008 -7.12502 -4.90086 -8.81409 -8.65666 -4.26026 -6.42117 -7.08687 -7.92273 -4.97785 -7.98495 -8.54592 -4.43526 -9.28794 -7.53342 -7.58628 -5.18712 -7.97772 -8.46853 -4.45477 -8.07286 -7.32111 -7.66403 -5.19325 -8.01066 -8.51338 -4.57944 -8.35931 -7.31453 -7.08979 -5.37599 -8.04625 -8.52742 -3.30456 -8.19301 -6.50806 -9.51057 -3.63241 -7.77931 -8.60245 -2.36431 -8.12274
55.11 -5.03933 -10.0376 -9.33924 -8.73367 -9.34621 -4.04999 -7.61892 -8.85008 -7.12502 -4.90086 -8.81409 -8.65666 -4.26026 -6.42117 -7.08687 -7.92273 -4.97785 -7.98495 -8.54592 -4.43526 -9.28794 -7.53342 -7.58628 -5.18712 -7.97772 -8.46853 -4.45477 -8.07286 -7.32111 -7.66403 -5.19325 -8.01066 -8.51338 -4.57944 -8.35931 -7.31453 -7.08979 -5.37599 -8.04625 -8.52742 -3.30456 -8.19301 -6.50806 -9.51057 -3.63241 -7.77931 -8.60245 -2.36431 -8.12274
55.16 -5.03933 -10.0376 -9.33924 -8.73367 -9.34621 -4.04999 -7.61892 -8.85008 -7.12502 -4.90086 -8.81409 -8.65666 -4.26026 -6.42117 -7.08687 -7.92273 -4.97785 -7.98495 -8.54592 -4.43526 -9.28794 -7.53342 -7.58628 -5.18712 -7.97772 -8.46853 -4.45477 -8.07286 -7.32111 -7.66403 -5.19325 -8.01066 -8.51338 -4.57944 -8.35931 -7.31453 -7.08979 -5.37599 -8.04625 -8.52742 -3.30456 -8.19301 -6.50806 -9.51057 -3.63241 -7.77931 -8.60245 -2.36431 -8.12274
55.21 -5.03933 -10.0376 -9.33924 -8.73367 -9.34621 -4.04999 -7.61892 -8.85008 -7.12502 -4.90086 -8.81409 -8.65666 -4.26026 -6.42117 -7.08687 -7.92273 -4.97785 -7.98495 -8.54592 -4.43526 -9.28794 -7.53342 -7.58628 -5.18712 -7.97772 -8.46853 -4.45477 -8.07286 -7.32111 -7.66403 -5.19325 -8.01066 -8.51338 -4.57944 -8.35931 -7.31453 -7.08979 -5.37599 -8.04625 -8.52742 -3.30456 -8.19301 -6.50806 -9.51057 -3.63241 -7.77931 -8.60245 -2.36431 -8.12274
55.26 -5.03933 -10.0376 -9.33924 -8.73367 -9.34621 -4.04999 -7.61892 -8.85008 -7.12502 -4.90086 -8.81409 -8.65666 -4.26026 -6.42117 -7.08687 -7.92273 -4.97785 -7.98495 -8.54592 -4.43526 -9.28794 -7.53342 -7.58628 -5.18712 -7.97772 -8.46853 -4.45477 -8.07286 -7.32111 -7.66403 -5.19325 -8.01066 -8.51338 -4.57944 -8.35931 -7.31453 -7.08979 -5.37599 -8.04625 -8.52742 -3.30456 -8.19301 -6.50806 -9.51057 -3.63241 -7.77931 -8.60245 -2.36431 -8.12274
55.31 -5.03933 -10.0376 -9.33924 -8.73367 -9.34621 -4.04999 -7.61892 -8.85008 -7.12502 -4.90086 -8.81409 -8.65666 -4.26026 -6.42117 -7.08687 -7.92273 -4.97785 -7.98495 -8.54592 -4.43526 -9.28794 -7.53342 -7.58628 -5.18712 -7.97772 -8.46853 -4.45477 -8.07286 -7.32111 -7.66403 -5.19325 -8.01066 -8.51338 -4.57944 -8.35931 -7.31453 -7.08979 -5.37599 -8.04625 -8.52742 -3.30456 -8.19301 -6.50806 -9.51057 -3.63241 -7.77931 -8.60245 -2.36431 -8.12274
55.36 -5.03933 -10.0376 -9.33924 -8.73367 -9.34621 -4.04999 -7.61892 -8.85008 -7.12502 -4.90086 -8.81409 -8.65666 -4.26026 -6.42117 -7.08687 -7.92273 -4.97785 -7.98495 -8.54592 -4.43526 -9.28794 -7.53342 -7.58628 -5.18712 -7.97772 -8.46853 -4.45477 -8.07286 -7.32111 -7.66403 -5.19325 -8.01066 -8.51338 -4.57944 -8.35931 -7.31453 -7.08979 -5.37599 -8.04625 -8.52742 -3.30456 -8.19301 -6.50806 -9.51057 -3.63241 -7.77931 -8.60245 -2.36431 -8.12274
55.41 -5.03933 -10.0376 -9.33924 -8.73367 -9.34621 -4.04999 -7.61892 -8.85008 -7.12502 -4.90086 -8.81409 -8.65666 -4.26026 -6.42117 -7.08687 -7.92273 -4.97785 -7.98495 -8.54592 -4.43526 -9.28794 -7.53342 -7.58628 -5.18712 -7.97772 -8.46853 -4.45477 -8.07286 -7.32111 -7.66403 -5.19325 -8.01066 -8.51338 -4.57944 -8.35931 -7.31453 -7.08979 -5.37599 -8.04625 -8.52742 -3.30456 -8.19301 -6.50806 -9.51057 -3.63241 -7.77931 -8.60245 -2.36431 -8.12274
55.46 -5.03933 -10.0376 -9.33924 -8.73367 -9.34621 -4.04999 -7.61892 -8.85008 -7.12502 -4.90086 -8.81409 -8.65666 -4.26026 -6.42117 -7.08687 -7.92273 -4.97785 -7.98495 -8.54592 -4.43526 -9.28794 -7.53342 -7.58628 -5.18712 -7.97772 -8.46853 -4.45477 -8.07286 -7.32111 -7.66403 -5.19325 -8.01066 -8.51338 -4.57944 -8.35931 -7.31453 -7.08979 -5.37599 -8.04625 -8.52742 -3.30456 -8.19301 -6.50806 -9.51057 -3.63241 -7.77931 -8.60245 -2.36431 -8.12274
55.51 -5.03933 -10.0376 -9.33924 -8.73367 -9.34621 -4.04999 -7.61892 -8.85008 -7.12502 -4.90086 -8.81409 -8.65666 -4.26026 -6.42117 -7.08687 -7.92273 -4.97785 -7.98495 -8.54592 -4.43526 -9.28794 -7.53342 -7.58628 -5.18712 -7.97772 -8.46853 -4.45477 -8.07286 -7.32111 -7.66403 -5.19325 -8.01066 -8.51338 -4.57944 -8.35931 -7.31453 -7.08979 -5.37599 -8.04625 -8.52742 -3.30456 -8.19301 -6.50806 -9.51057 -3.63241 -7.77931 -8.60245 -2.36431 -8.12274
55.56 -5.03933 -10.0376 -9.33924 -8.73367 -9.34621 -4.04999 -7.61892 -8.85008 -7.12502 -4.90086 -8.81409 -8.65666 -4.26026 -6.42117 -7.08687 -7.92273 -4.97785 -7.98495 -8.54592 -4.43526 -9.28794 -7.53342 -7.58628 -5.18712 -7.97772 -8.46853 -4.45477 -8.07286 -7.32111 -7.66403 -5.19325 -8.01066 -8.51338 -4.57944 -8.35931 -7.31453 -7.08979 -5.37599 -8.04625 -8.52742 -3.30456 -8.19301 -6.50806 -9.51057 -3.63241 -7.77931 -8.60245 -2.36431 -8.12274
55.61 -5.03933 -10.0376 -9.33924 -8.73367 -9.34621 -4.04999 -7.61892 -8.85008 -7.12502 -4.90086 -8.81409 -8.65666 -4.26026 -6.42117 -7.08687 -7.92273 -4.97785 -7.98495 -8.54592 -4.43526 -9.28794 -7.53342 -7.58628 -5.18712 -7.97772 -8.46853 -4.45477 -8.07286 -7.32111 -7.66403 -5.19325 -8.01066 -8.51338 -4.57944 -8.35931 -7.31453 -7.08979 -5.37599 -8.04625 -8.52742 -3.30456 -8.19301 -6.50806 -9.51057 -3.63241 -7.77931 -8.60245 -2.36431 -8.12274
55.66 -5.03933 -10.0376 -9.33924 -8.73367 -9.34621 -4.04999 -7.61892 -8.85008 -7.12502 -4.90086 -8.81409 -8.65666 -4.26026 -6.42117 -7.08687 -7.92273 -4.97785 -7.98495 -8.54592 -4.43526 -9.28794 -7.53342 -7.58628 -5.18712 -7.97772 -8.46853 -4.45477 -8.07286 -7.32111 -7.66403 -5.19325 -8.01066 -8.51338 -4.57944 -8.35931 -7.31453 -7.08979 -5.37599 -8.04625 -8.52742 -3.30456 -8.19301 -6.50806 -9.51057 -3.63241 -7.77931 -8.60245 -2.36431 -8.12274
55.71 -5.03933 -10.0376 -9.33924 -8.73367 -9.34621 -4.04999 -7.61892 -8.85008 -7.12502 -4.90086 -8.81409 -8.65666 -4.26026 -6.42117 -7.08687 -7.92273 -4.97785 -7.98495 -8.54592 -4.43526 -9.28794 -7.53342 -7.58628 -5.18712 -7.97772 -8.46853 -4.45477 -8.07286 -7.32111 -7.66403 -5.19325 -8.01066 -8.51338 -4.57944 -8.35931 -7.31453 -7.08979 -5.37599 -8.04625 -8.52742 -3.30456 -8.19301 -6.50806 -9.51057 -3.63241 -7.77931 -8.60245 -2.36431 -8.12274
55.76 -5.03933 -10.0376 -9.33924 -8.73367 -9.34621 -4.04999 -7.61892 -8.85008 -7.12502 -4.90086 -8.81409 -8.65666 -4.26026 -6.42117 -7.08687 -7.92273 -4.97785 -7.98495 -8.54592 -4.43526 -9.28794 -7.53342 -7.58628 -5.18712 -7.97772 -8.46853 -4.45477 -8.07286 -7.32111 -7.66403 -5.19325 -8.01066 -8.51338 -4.57944 -8.35931 -7.31453 -7.08979 -5.37599 -8.04625 -8.52742 -3.30456 -8.19301 -6.50806 -9.51057 -3.63241 -7.77931 -8.60245 -2.36431 -8.12274
55.81 -5.03933 -10.0376 -9.33924 -8.73367 -9.34621 -4.04999 -7.61892 -8.85008 -7.12502 -4.90086 -8.81409 -8.65666 -4.26026 -6.42117 -7.08687 -7.92273 -4.97785 -7.98495 -8.54592 -4.43526 -9.28794 -7.53342 -7.58628 -5.18712 -7.97772 -8.46853 -4.45477 -8.07286 -7.32111 -7.66403 -5.19325 -8.01066 -8.51338 -4.57944 -8.35931 -7.31453 -7.08979 -5.37599 -8.04625 -8.52742 -3.30456 -8.19301 -6.50806 -9.51057 -3.63241 -7.77931 -8.60245 -2.36431 -8.12274
55.86 -5.03933 -10.0376 -9.33924 -8.73367 -9.34621 -4.04999 -7.61892 -8.85008 -7.12502 -4.90086 -8.81409 -8.65666 -4.26026 -6.42117 -7.08687 -7.92273 -4.97785 -7.98495 -8.54592 -4.43526 -9.28794 -7.53342 -7.58628 -5.18712 -7.97772 -8.46853 -4.45477 -8.07286 -7.32111 -7.66403 -5.19325 -8.01066 -8.51338 -4.57944 -8.35931 -7.31453 -7.08979 -5.37599 -8.04625 -8.52742 -3.30456 -8.19301 -6.50806 -9.51057 -3.63241 -7.77931 -8.60245 -2.36431 -8.12274
55.91 -5.03933 -10.0376 -9.33924 -8.73367 -9.34621 -4.04999 -7.61892 -8.85008 -7.12502 -4.90086 -8.81409 -8.65666 -4.26026 -6.42117 -7.08687 -7.92273 -4.97785 -7.98495 -8.54592 -4.43526 -9.28794 -7.53342 -7.58628 -5.18712 -7.97772 -8.46853 -4.45477 -8.07286 -7.32111 -7.66403 -5.19325 -8.01066 -8.51338 -4.57944 -8.35931 -7.31453 -7.08979 -5.37599 -8.04625 -8.52742 -3.30456 -8.19301 -6.50806 -9.51057 -3.63241 -7.77931 -8.60245 -2.36431 -8.12274
55.96 -5.03933 -10.0376 -9.33924 -8.73367 -9.34621 -4.04999 -7.61892 -8.85008 -7.12502 -4.90086 -8.81409 -8.65666 -4.26026 -6.42117 -7.08687 -7.92273 -4.97785 -7.98495 -8.54592 -4.43526 -9.28794 -7.53342 -7.58628 -5.18712 -7.97772 -8.46853 -4.45477 -8.07286 -7.32111 -7.66403 -5.19325 -8.01066 -8.51338 -4.57944 -8.35931 -7.31453 -7.08979 -5.37599 -8.04625 -8.52742 -3.30456 -8.19301 -6.50806 -9.51057 -3.63241 -7.77931 -8.60245 -2.36431 -8.12274
56.01 -5.03933 -10.0376 -9.33924 -8.73367 -9.34621 -4.04999 -7.61892 -8.85008 -7.12502 -4.90086 -8.81409 -8.65666 -4.26026 -6.42117 -7.08687 -7.92273 -4.97785 -7.98495 -8.54592 -4.43526 -9.28794 -7.53342 -7.58628 -5.18712 -7.97772 -8.46853 -4.45477 -8.07286 -7.32111 -7.66403 -5.19325 -8.01066 -8.51338 -4.57944 -8.35931 -7.31453 -7.08979 -5.37599 -8.04625 -8.52742 -3.30456 -8.19301 -6.50806 -9.51057 -3.63241 -7.77931 -8.60245 -2.36431 -8.12274
56.06 -5.03933 -10.0376 -9.33924 -8.73367 -9.34621 -4.04999 -7.61892 -8.85008 -7.12502 -4.90086 -8.81409 -8.65666 -4.26026 -6.42117 -7.08687 -7.92273 -4.97785 -7.98495 -8.54592 -4.43526 -9.28794 -7.53342 -7.58628 -5.18712 -7.97772 -8.46853 -4.45477 -8.07286 -7.32111 -7.66403 -5.19325 -8.01066 -8.51338 -4.57944 -8.35931 -7.31453 -7.08979 -5.37599 -8.04625 -8.52742 -3.30456 -8.19301 -6.50806 -9.51057 -3.63241 -7.77931 -8.60245 -2.36431 -8.12274
56.11 -5.03933 -10.0376 -9.33924 -8.73367 -9.34621 -4.04999 -7.61892 -8.85008 -7.12502 -4.90086 -8.81409 -8.65666 -4.26026 -6.42117 -7.08687 -7.92273 -4.97785 -7.98495 -8.54592 -4.43526 -9.28794 -7.53342 -7.58628 -5.18712 -7.97772 -8.46853 -4.45477 -8.07286 -7.32111 -7.66403 -5.19325 -8.01066 -8.51338 -4.57944 -8.35931 -7.31453 -7.08979 -5.37599 -8.04625 -8.52742 -3.30456 -8.19301 -6.50806 -9.51057 -3.63241 -7.77931 -8.60245 -2.36431 -8.12274
56.16 -5.03933 -10.0376 -9.33924 -8.73367 -9.34621 -4.04999 -7.61892 -8.85008 -7.12502 -4.90086 -8.81409 -8.65666 -4.26026 -6.42117 -7.08687 -7.92273 -4.97785 -7.98495 -8.54592 -4.43526 -9.28794 -7.53342 -7.58628 -5.18712 -7.97772 -8.46853 -4.45477 -8.07286 -7.32111 -7.66403 -5.19325 -8.01066 -8.51338 -4.57944 -8.35931 -7.31453 -7.08979 -5.37599 -8.04625 -8.52742 -3.30456 -8.19301 -6.50806 -9.51057 -3.63241 -7.77931 -8.60245 -2.36431 -8.12274
56.21 -5.03933 -10.0376 -9.33924 -8.73367 -9.34621 -4.04999 -7.61892 -8.85008 -7.12502 -4.90086 -8.81409 -8.65666 -4.26026 -6.42117 -7.08687 -7.92273 -4.97785 -7.98495 -8.54592 -4.43526 -9.28794 -7.53342 -7.58628 -5.18712 -7.97772 -8.46853 -4.45477 -8.07286 -7.32111 -7.66403 -5.19325 -8.01066 -8.51338 -4.57944 -8.35931 -7.31453 -7.08979 -5.37599 -8.04625 -8.52742 -3.30456 -8.19301 -6.50806 -9.51057 -3.63241 -7.77931 -8.60245 -2.36431 -8.12274
56.26 -5.03933 -10.0376 -9.33924 -8.73367 -9.34621 -4.04999 -7.61892 -8.85008 -7.12502 -4.90086 -8.81409 -8.65666 -4.26026 -6.42117 -7.08687 -7.92273 -4.97785 -7.98495 -8.54592 -4.43526 -9.28794 -7.53342 -7.58628 -5.18712 -7.97772 -8.46853 -4.45477 -8.07286 -7.32111 -7.66403 -5.19325 -8.01066 -8.51338 -4.57944 -8.35931 -7.31453 -7.08979 -5.37599 -8.04625 -8.52742 -3.30456 -8.19301 -6.50806 -9.51057 -3.63241 -7.77931 -8.60245 -2.36431 -8.12274
56.31 -5.03933 -10.0376 -9.33924 -8.73367 -9.34621 -4.04999 -7.61892 -8.85008 -7.12502 -4.90086 -8.81409 -8.65666 -4.26026 -6.42117 -7.08687 -7.92273 -4.97785 -7.98495 -8.54592 -4.43526 -9.28794 -7.53342 -7.58628 -5.18712 -7.97772 -8.46853 -4.45477 -8.07286 -7.32111 -7.66403 -5.19325 -8.01066 -8.51338 -4.57944 -8.35931 -7.31453 -7.08979 -5.37599 -8.04625 -8.52742 -3.30456 -8.19301 -6.50806 -9.51057 -3.63241 -7.77931 -8.60245 -2.36431 -8.12274
56.36 -5.03933 -10.0376 -9.33924 -8.73367 -9.34621 -4.04999 -7.61892 -8.85008 -7.12502 -4.90086 -8.81409 -8.65666 -4.26026 -6.42117 -7.08687 -7.92273 -4.97785 -7.98495 -8.54592 -4.43526 -9.28794 -7.53342 -7.58628 -5.18712 -7.97772 -8.46853 -4.45477 -8.07286 -7.32111 -7.66403 -5.19325 -8.01066 -8.51338 -4.57944 -8.35931 -7.31453 -7.08979 -5.37599 -8.04625 -8.52742 -3.30456 -8.19301 -6.50806 -9.51057 -3.63241 -7.77931 -8.60245 -2.36431 -8.12274
56.41 -5.03933 -10.0376 -9.33924 -8.73367 -9.34621 -4.04999 -7.61892 -8.85008 -7.12502 -4.90086 -8.81409 -8.65666 -4.26026 -6.42117 -7.08687 -7.92273 -4.97785 -7.98495 -8.54592 -4.43526 -9.28794 -7.53342 -7.58628 -5.18712 -7.97772 -8.46853 -4.45477 -8.07286 -7.32111 -7.66403 -5.19325 -8.01066 -8.51338 -4.57944 -8.35931 -7.31453 -7.08979 -5.37599 -8.04625 -8.52742 -3.30456 -8.19301 -6.50806 -9.51057 -3.63241 -7.77931 -8.60245 -2.36431 -8.12274
56.46 -5.03933 -10.0376 -9.33924 -8.73367 -9.34621 -4.04999 -7.61892 -8.85008 -7.12502 -4.90086 -8.81409 -8.65666 -4.26026 -6.42117 -7.08687 -7.92273 -4.97785 -7.98495 -8.54592 -4.43526 -9.28794 -7.53342 -7.58628 -5.18712 -7.97772 -8.46853 -4.45477 -8.07286 -7.32111 -7.66403 -5.19325 -8.01066 -8.51338 -4.57944 -8.35931 -7.31453 -7.08979 -5.37599 -8.04625 -8.52742 -3.30456 -8.19301 -6.50806 -9.51057 -3.63241 -7.77931 -8.60245 -2.36431 -8.12274
56.51 -5.03933 -10.0376 -9.33924 -8.73367 -9.34621 -4.04999 -7.61892 -8.85008 -7.12502 -4.90086 -8.81409 -8.65666 -4.26026 -6.42117 -7.08687 -7.92273 -4.97785 -7.98495 -8.54592 -4.43526 -9.28794 -7.53342 -7.58628 -5.18712 -7.97772 -8.46853 -4.45477 -8.07286 -7.32111 -7.66403 -5.19325 -8.01066 -8.51338 -4.57944 -8.35931 -7.31453 -7.08979 -5.37599 -8.04625 -8.52742 -3.30456 -8.19301 -6.50806 -9.51057 -3.63241 -7.77931 -8.60245 -2.36431 -8.12274
56.56 -5.03933 -10.0376 -9.33924 -8.73367 -9.34621 -4.04999 -7.61892 -8.85008 -7.12502 -4.90086 -8.81409 -8.65666 -4.26026 -6.42117 -7.08687 -7.92273 -4.97785 -7.98495 -8.54592 -4.43526 -9.28794 -7.53342 -7.58628 -5.18712 -7.97772 -8.46853 -4.45477 -8.07286 -7.32111 -7.66403 -5.19325 -8.01066 -8.51338 -4.57944 -8.35931 -7.31453 -7.08979 -5.37599 -8.04625 -8.52742 -3.30456 -8.19301 -6.50806 -9.51057 -3.63241 -7.77931 -8.60245 -2.36431 -8.12274
56.61 -5.03933 -10.0376 -9.33924 -8.73367 -9.34621 -4.04999 -7.61892 -8.85008 -7.12502 -4.90086 -8.81409 -8.65666 -4.26026 -6.42117 -7.08687 -7.92273 -4.97785 -7.98495 -8.54592 -4.43526 -9.28794 -7.53342 -7.58628 -5.18712 -7.97772 -8.46853 -4.45477 -8.07286 -7.32111 -7.66403 -5.19325 -8.01066 -8.51338 -4.57944 -8.35931 -7.31453 -7.08979 -5.37599 -8.04625 -8.52742 -3.30456 -8.19301 -6.50806 -9.51057 -3.63241 -7.77931 -8.60245 -2.36431 -8.12274
56.66 -5.03933 -10.0376 -9.33924 -8.73367 -9.34621 -4.04999 -7.61892 -8.85008 -7.12502 -4.90086 -8.81409 -8.65666 -4.26026 -6.42117 -7.08687 -7.92273 -4.97785 -7.98495 -8.54592 -4.43526 -9.28794 -7.53342 -7.58628 -5.18712 -7.97772 -8.46853 -4.45477 -8.07286 -7.32111 -7.66403 -5.19325 -8.01066 -8.51338 -4.57944 -8.35931 -7.31453 -7.08979 -5.37599 -8.04625 -8.52742 -3.30456 -8.19301 -6.50806 -9.51057 -3.63241 -7.77931 -8.60245 -2.36431 -8.12274
56.71 -5.03933 -10.0376 -9.33924 -8.73367 -9.34621 -4.04999 -7.61892 -8.85008 -7.12502 -4.90086 -8.81409 -8.65666 -4.26026 -6.42117 -7.08687 -7.92273 -4.97785 -7.98495 -8.54592 -4.43526 -9.28794 -7.53342 -7.58628 -5.18712 -7.97772 -8.46853 -4.45477 -8.07286 -7.32111 -7.66403 -5.19325 -8.01066 -8.51338 -4.57944 -8.35931 -7.31453 -7.08979 -5.37599 -8.04625 -8.52742 -3.30456 -8.19301 -6.50806 -9.51057 -3.63241 -7.77931 -8.60245 -2.36431 -8.12274
56.76 -5.03933 -10.0376 -9.33924 -8.73367 -9.34621 -4.04999 -7.61892 -8.85008 -7.12502 -4.90086 -8.81409 -8.65666 -4.26026 -6.42117 -7.08687 -7.92273 -4.97785 -7.98495 -8.54592 -4.43526 -9.28794 -7.53342 -7.58628 -5.18712 -7.97772 -8.46853 -4.45477 -8.07286 -7.32111 -7.66403 -5.19325 -8.01066 -8.51338 -4.57944 -8.35931 -7.31453 -7.08979 -5.37599 -8.04625 -8.52742 -3.30456 -8.19301 -6.50806 -9.51057 -3.63241 -7.77931 -8.60245 -2.36431 -8.12274
56.81 -5.03933 -10.0376 -9.33924 -8.73367 -9.34621 -4.04999 -7.61892 -8.85008 -7.12502 -4.90086 -8.81409 -8.65666 -4.26026 -6.42117 -7.08687 -7.92273 -4.97785 -7.98495 -8.54592 -4.43526 -9.28794 -7.53342 -7.58628 -5.18712 -7.97772 -8.46853 -4.45477 -8.07286 -7.32111 -7.66403 -5.19325 -8.01066 -8.51338 -4.57944 -8.35931 -7.31453 -7.08979 -5.37599 -8.04625 -8.52742 -3.30456 -8.19301 -6.50806 -9.51057 -3.63241 -7.77931 -8.60245 -2.36431 -8.12274
56.86 -5.03933 -10.0376 -9.33924 -8.73367 -9.34621 -4.04999 -7.61892 -8.85008 -7.12502 -4.90086 -8.81409 -8.65666 -4.26026 -6.42117 -7.08687 -7.92273 -4.97785 -7.98495 -8.54592 -4.43526 -9.28794 -7.53342 -7.58628 -5.18712 -7.97772 -8.46853 -4.45477 -8.07286 -7.32111 -7.66403 -5.19325 -8.01066 -8.51338 -4.57944 -8.35931 -7.31453 -7.08979 -5.37599 -8.04625 -8.52742 -3.30456 -8.19301 -6.50806 -9.51057 -3.63241 -7.77931 -8.60245 -2.36431 -8.12274
56.91 -5.03933 -10.0376 -9.33924 -8.73367 -9.34621 -4.04999 -7.61892 -8.85008 -7.12502 -4.90086 -8.81409 -8.65666 -4.26026 -6.42117 -7.08687 -7.92273 -4.97785 -7.98495 -8.54592 -4.43526 -9.28794 -7.53342 -7.58628 -5.18712 -7.97772 -8.46853 -4.45477 -8.07286 -7.32111 -7.66403 -5.19325 -8.01066 -8.51338 -4.57944 -8.35931 -7.31453 -7.08979 -5.37599 -8.04625 -8.52742 -3.30456 -8.19301 -6.50806 -9.51057 -3.63241 -7.77931 -8.60245 -2.36431 -8.12274
56.96 -5.03933 -10.0376 -9.33924 -8.73367 -9.34621 -4.04999 -7.61892 -8.85008 -7.12502 -4.90086 -8.81409 -8.65666 -4.26026 -6.42117 -7.08687 -7.92273 -4.97785 -7.98495 -8.54592 -4.43526 -9.28794 -7.53342 -7.58628 -5.18712 -7.97772 -8.46853 -4.45477 -8.07286 -7.32111 -7.66403 -5.19325 -8.01066 -8.51338 -4.57944 -8.35931 -7.31453 -7.08979 -5.37599 -8.04625 -8.52742 -3.30456 -8.19301 -6.50806 -9.51057 -3.63241 -7.77931 -8.60245 -2.36431 -8.12274
57.01 -5.03933 -10.0376 -9.33924 -8.73367 -9.34621 -4.04999 -7.61892 -8.85008 -7.12502 -4.90086 -8.81409 -8.65666 -4.26026 -6.42117 -7.08687 -7.92273 -4.97785 -7.98495 -8.54592 -4.43526 -9.28794 -7.53342 -7.58628 -5.18712 -7.97772 -8.46853 -4.45477 -8.07286 -7.32111 -7.66403 -5.19325 -8.01066 -8.51338 -4.57944 -8.35931 -7.31453 -7.08979 -5.37599 -8.04625 -8.52742 -3.30456 -8.19301 -6.50806 -9.51057 -3.63241 -7.77931 -8.60245 -2.36431 -8.12274
57.06 -5.03933 -10.0376 -9.33924 -8.73367 -9.34621 -4.04999 -7.61892 -8.85008 -7.12502 -4.90086 -8.81409 -8.65666 -4.26026 -6.42117 -7.08687 -7.92273 -4.97785 -7.98495 -8.54592 -4.43526 -9.28794 -7.53342 -7.58628 -5.18712 -7.97772 -8.46853 -4.45477 -8.07286 -7.32111 -7.66403 -5.19325 -8.01066 -8.51338 -4.57944 -8.35931 -7.31453 -7.08979 -5.37599 -8.04625 -8.52742 -3.30456 -8.19301 -6.50806 -9.51057 -3.63241 -7.77931 -8.60245 -2.36431 -8.12274
57.11 -5.03933 -10.0376 -9.33924 -8.73367 -9.34621 -4.04999 -7.61892 -8.85008 -7.12502 -4.90086 -8.81409 -8.65666 -4.26026 -6.42117 -7.08687 -7.92273 -4.97785 -7.98495 -8.54592 -4.43526 -9.28794 -7.53342 -7.58628 -5.18712 -7.97772 -8.46853 -4.45477 -8.07286 -7.32111 -7.66403 -5.19325 -8.01066 -8.51338 -4.57944 -8.35931 -7.31453 -7.08979 -5.37599 -8.04625 -8.52742 -3.30456 -8.19301 -6.50806 -9.51057 -3.63241 -7.77931 -8.60245 -2.36431 -8.12274
57.16 -5.03933 -10.0376 -9.33924 -8.73367 -9.34621 -4.04999 -7.61892 -8.85008 -7.12502 -4.90086 -8.81409 -8.65666 -4.26026 -6.42117 -7.08687 -7.92273 -4.97785 -7.98495 -8.54592 -4.43526 -9.28794 -7.53342 -7.58628 -5.18712 -7.97772 -8.46853 -4.45477 -8.07286 -7.32111 -7.66403 -5.19325 -8.01066 -8.51338 -4.57944 -8.35931 -7.31453 -7.08979 -5.37599 -8.04625 -8.52742 -3.30456 -8.19301 -6.50806 -9.51057 -3.63241 -7.77931 -8.60245 -2.36431 -8.12274
57.21 -5.03933 -10.0376 -9.33924 -8.73367 -9.34621 -4.04999 -7.61892 -8.85008 -7.12502 -4.90086 -8.81409 -8.65666 -4.26026 -6.42117 -7.08687 -7.92273 -4.97785 -7.98495 -8.54592 -4.43526 -9.28794 -7.53342 -7.58628 -5.18712 -7.97772 -8.46853 -4.45477 -8.07286 -7.32111 -7.66403 -5.19325 -8.01066 -8.51338 -4.57944 -8.35931 -7.31453 -7.08979 -5.37599 -8.04625 -8.52742 -3.30456 -8.19301 -6.50806 -9.51057 -3.63241 -7.77931 -8.60245 -2.36431 -8.12274
57.26 -5.03933 -10.0376 -9.33924 -8.73367 -9.34621 -4.04999 -7.61892 -8.85008 -7.12502 -4.90086 -8.81409 -8.65666 -4.26026 -6.42117 -7.08687 -7.92273 -4.97785 -7.98495 -8.54592 -4.43526 -9.28794 -7.53342 -7.58628 -5.18712 -7.97772 -8.46853 -4.45477 -8.07286 -7.32111 -7.66403 -5.19325 -8.01066 -8.51338 -4.57944 -8.35931 -7.31453 -7.08979 -5.37599 -8.04625 -8.52742 -3.30456 -8.19301 -6.50806 -9.51057 -3.63241 -7.77931 -8.60245 -2.36431 -8.12274
57.31 -5.03933 -10.0376 -9.33924 -8.73367 -9.34621 -4.04999 -7.61892 -8.85008 -7.12502 -4.90086 -8.81409 -8.65666 -4.26026 -6.42117 -7.08687 -7.92273 -4.97785 -7.98495 -8.54592 -4.43526 -9.28794 -7.53342 -7.58628 -5.18712 -7.97772 -8.46853 -4.45477 -8.07286 -7.32111 -7.66403 -5.19325 -8.01066 -8.51338 -4.57944 -8.35931 -7.31453 -7.08979 -5.37599 -8.04625 -8.52742 -3.30456 -8.19301 -6.50806 -9.51057 -3.63241 -7.77931 -8.60245 -2.36431 -8.12274
57.36 -5.03933 -10.0376 -9.33924 -8.73367 -9.34621 -4.04999 -7.61892 -8.85008 -7.12502 -4.90086 -8.81409 -8.65666 -4.26026 -6.42117 -7.08687 -7.92273 -4.97785 -7.98495 -8.54592 -4.43526 -9.28794 -7.53342 -7.58628 -5.18712 -7.97772 -8.46853 -4.45477 -8.07286 -7.32111 -7.66403 -5.19325 -8.01066 -8.51338 -4.57944 -8.35931 -7.31453 -7.08979 -5.37599 -8.04625 -8.52742 -3.30456 -8.19301 -6.50806 -9.51057 -3.63241 -7.77931 -8.60245 -2.36431 -8.12274
57.41 -5.03933 -10.0376 -9.33924 -8.73367 -9.34621 -4.04999 -7.61892 -8.85008 -7.12502 -4.90086 -8.81409 -8.65666 -4.26026 -6.42117 -7.08687 -7.92273 -4.97785 -7.98495 -8.54592 -4.43526 -9.28794 -7.53342 -7.58628 -5.18712 -7.97772 -8.46853 -4.45477 -8.07286 -7.32111 -7.66403 -5.19325 -8.01066 -8.51338 -4.57944 -8.35931 -7.31453 -7.08979 -5.37599 -8.04625 -8.52742 -3.30456 -8.19301 -6.50806 -9.51057 -3.63241 -7.77931 -8.60245 -2.36431 -8.12274
57.46 -5.03933 -10.0376 -9.33924 -8.73367 -9.34621 -4.04999 -7.61892 -8.85008 -7.12502 -4.90086 -8.81409 -8.65666 -4.26026 -6.42117 -7.08687 -7.92273 -4.97785 -7.98495 -8.54592 -4.43526 -9.28794 -7.53342 -7.58628 -5.18712 -7.97772 -8.46853 -4.45477 -8.07286 -7.32111 -7.66403 -5.19325 -8.01066 -8.51338 -4.57944 -8.35931 -7.31453 -7.08979 -5.37599 -8.04625 -8.52742 -3.30456 -8.19301 -6.50806 -9.51057 -3.63241 -7.77931 -8.60245 -2.36431 -8.12274
57.51 -5.03933 -10.0376 -9.33924 -8.73367 -9.34621 -4.04999 -7.61892 -8.85008 -7.12502 -4.90086 -8.81409 -8.65666 -4.26026 -6.42117 -7.08687 -7.92273 -4.97785 -7.98495 -8.54592 -4.43526 -9.28794 -7.53342 -7.58628 -5.18712 -7.97772 -8.46853 -4.45477 -8.07286 -7.32111 -7.66403 -5.19325 -8.01066 -8.51338 -4.57944 -8.35931 -7.31453 -7.08979 -5.37599 -8.04625 -8.52742 -3.30456 -8.19301 -6.50806 -9.51057 -3.63241 -7.77931 -8.60245 -2.36431 -8.12274
57.56 -5.03933 -10.0376 -9.33924 -8.73367 -9.34621 -4.04999 -7.61892 -8.85008 -7.12502 -4.90086 -8.81409 -8.65666 -4.26026 -6.42117 -7.08687 -7.92273 -4.97785 -7.98495 -8.54592 -4.43526 -9.28794 -7.53342 -7.58628 -5.18712 -7.97772 -8.46853 -4.45477 -8.07286 -7.32111 -7.66403 -5.19325 -8.01066 -8.51338 -4.57944 -8.35931 -7.31453 -7.08979 -5.37599 -8.04625 -8.52742 -3.30456 -8.19301 -6.50806 -9.51057 -3.63241 -7.77931 -8.60245 -2.36431 -8.12274
57.61 -5.03933 -10.0376 -9.33924 -8.73367 -9.34621 -4.04999 -7.61892 -8.85008 -7.12502 -4.90086 -8.81409 -8.65666 -4.26026 -6.42117 -7.08687 -7.92273 -4.97785 -7.98495 -8.54592 -4.43526 -9.28794 -7.53342 -7.58628 -5.18712 -7.97772 -8.46853 -4.45477 -8.07286 -7.32111 -7.66403 -5.19325 -8.01066 -8.51338 -4.57944 -8.35931 -7.31453 -7.08979 -5.37599 -8.04625 -8.52742 -3.30456 -8.19301 -6.50806 -9.51057 -3.63241 -7.77931 -8.60245 -2.36431 -8.12274
57.66 -5.03933 -10.0376 -9.33924 -8.73367 -9.34621 -4.04999 -7.61892 -8.85008 -7.12502 -4.90086 -8.81409 -8.65666 -4.26026 -6.42117 -7.08687 -7.92273 -4.97785 -7.98495 -8.54592 -4.43526 -9.28794 -7.53342 -7.58628 -5.18712 -7.97772 -8.46853 -4.45477 -8.07286 -7.32111 -7.66403 -5.19325 -8.01066 -8.51338 -4.57944 -8.35931 -7.31453 -7.08979 -5.37599 -8.04625 -8.52742 -3.30456 -8.19301 -6.50806 -9.51057 -3.63241 -7.77931 -8.60245 -2.36431 -8.12274
57.71 -5.03933 -10.0376 -9.33924 -8.73367 -9.34621 -4.04999 -7.61892 -8.85008 -7.12502 -4.90086 -8.81409 -8.65666 -4.26026 -6.42117 -7.08687 -7.92273 -4.97785 -7.98495 -8.54592 -4.43526 -9.28794 -7.53342 -7.58628 -5.18712 -7.97772 -8.46853 -4.45477 -8.07286 -7.32111 -7.66403 -5.19325 -8.01066 -8.51338 -4.57944 -8.35931 -7.31453 -7.08979 -5.37599 -8.04625 -8.52742 -3.30456 -8.19301 -6.50806 -9.51057 -3.63241 -7.77931 -8.60245 -2.36431 -8.12274
57.76 -5.03933 -10.0376 -9.33924 -8.73367 -9.34621 -4.04999 -7.61892 -8.85008 -7.12502 -4.90086 -8.81409 -8.65666 -4.26026 -6.42117 -7.08687 -7.92273 -4.97785 -7.98495 -8.54592 -4.43526 -9.28794 -7.53342 -7.58628 -5.18712 -7.97772 -8.46853 -4.45477 -8.07286 -7.32111 -7.66403 -5.19325 -8.01066 -8.51338 -4.57944 -8.35931 -7.31453 -7.08979 -5.37599 -8.04625 -8.52742 -3.30456 -8.19301 -6.50806 -9.51057 -3.63241 -7.77931 -8.60245 -2.36431 -8.12274
57.81 -5.03933 -10.0376 -9.33924 -8.73367 -9.34621 -4.04999 -7.61892 -8.85008 -7.12502 -4.90086 -8.81409 -8.65666 -4.26026 -6.42117 -7.08687 -7.92273 -4.97785 -7.98495 -8.54592 -4.43526 -9.28794 -7.53342 -7.58628 -5.18712 -7.97772 -8.46853 -4.45477 -8.07286 -7.32111 -7.66403 -5.19325 -8.01066 -8.51338 -4.57944 -8.35931 -7.31453 -7.08979 -5.37599 -8.04625 -8.52742 -3.30456 -8.19301 -6.50806 -9.51057 -3.63241 -7.77931 -8.60245 -2.36431 -8.12274
57.86 -5.03933 -10.0376 -9.33924 -8.73367 -9.34621 -4.04999 -7.61892 -8.85008 -7.12502 -4.90086 -8.81409 -8.65666 -4.26026 -6.42117 -7.08687 -7.92273 -4.97785 -7.98495 -8.54592 -4.43526 -9.28794 -7.53342 -7.58628 -5.18712 -7.97772 -8.46853 -4.45477 -8.07286 -7.32111 -7.66403 -5.19325 -8.01066 -8.51338 -4.57944 -8.35931 -7.31453 -7.08979 -5.37599 -8.04625 -8.52742 -3.30456 -8.19301 -6.50806 -9.51057 -3.63241 -7.77931 -8.60245 -2.36431 -8.12274
57.91 -5.03933 -10.0376 -9.33924 -8.73367 -9.34621 -4.04999 -7.61892 -8.85008 -7.12502 -4.90086 -8.81409 -8.65666 -4.26026 -6.42117 -7.08687 -7.92273 -4.97785 -7.98495 -8.54592 -4.43526 -9.28794 -7.53342 -7.58628 -5.18712 -7.97772 -8.46853 -4.45477 -8.07286 -7.32111 -7.66403 -5.19325 -8.01066 -8.51338 -4.57944 -8.35931 -7.31453 -7.08979 -5.37599 -8.04625 -8.52742 -3.30456 -8.19301 -6.50806 -9.51057 -3.63241 -7.77931 -8.60245 -2.36431 -8.12274
57.96 -5.03933 -10.0376 -9.33924 -8.73367 -9.34621 -4.04999 -7.61892 -8.85008 -7.12502 -4.90086 -8.81409 -8.65666 -4.26026 -6.42117 -7.08687 -7.92273 -4.97785 -7.98495 -8.54592 -4.43526 -9.28794 -7.53342 -7.58628 -5.18712 -7.97772 -8.46853 -4.45477 -8.07286 -7.32111 -7.66403 -5.19325 -8.01066 -8.51338 -4.57944 -8.35931 -7.31453 -7.08979 -5.37599 -8.04625 -8.52742 -3.30456 -8.19301 -6.50806 -9.51057 -3.63241 -7.77931 -8.60245 -2.36431 -8.12274
58.01 -5.03933 -10.0376 -9.33924 -8.73367 -9.34621 -4.04999 -7.61892 -8.85008 -7.12502 -4.90086 -8.81409 -8.65666 -4.26026 -6.42117 -7.08687 -7.92273 -4.97785 -7.98495 -8.54592 -4.43526 -9.28794 -7.53342 -7.58628 -5.18712 -7.97772 -8.46853 -4.45477 -8.07286 -7.32111 -7.66403 -5.19325 -8.01066 -8.51338 -4.57944 -8.35931 -7.31453 -7.08979 -5.37599 -8.04625 -8.52742 -3.30456 -8.19301 -6.50806 -9.51057 -3.63241 -7.77931 -8.60245 -2.36431 -8.12274
58.06 -5.03933 -10.0376 -9.33924 -8.73367 -9.34621 -4.04999 -7.61892 -8.85008 -7.12502 -4.90086 -8.81409 -8.65666 -4.26026 -6.42117 -7.08687 -7.92273 -4.97785 -7.98495 -8.54592 -4.43526 -9.28794 -7.53342 -7.58628 -5.18712 -7.97772 -8.46853 -4.45477 -8.07286 -7.32111 -7.66403 -5.19325 -8.01066 -8.51338 -4.57944 -8.35931 -7.31453 -7.08979 -5.37599 -8.04625 -8.52742 -3.30456 -8.19301 -6.50806 -9.51057 -3.63241 -7.77931 -8.60245 -2.36431 -8.12274
58.11 -5.03933 -10.0376 -9.33924 -8.73367 -9.34621 -4.04999 -7.61892 -8.85008 -7.12502 -4.90086 -8.81409 -8.65666 -4.26026 -6.42117 -7.08687 -7.92273 -4.97785 -7.98495 -8.54592 -4.43526 -9.28794 -7.53342 -7.58628 -5.18712 -7.97772 -8.46853 -4.45477 -8.07286 -7.32111 -7.66403 -5.19325 -8.01066 -8.51338 -4.57944 -8.35931 -7.31453 -7.08979 -5.37599 -8.04625 -8.52742 -3.30456 -8.19301 -6.50806 -9.51057 -3.63241 -7.77931 -8.60245 -2.36431 -8.12274
58.16 -5.03933 -10.0376 -9.33924 -8.73367 -9.34621 -4.04999 -7.61892 -8.85008 -7.12502 -4.90086 -8.81409 -8.65666 -4.26026 -6.42117 -7.08687 -7.92273 -4.97785 -7.98495 -8.54592 -4.43526 -9.28794 -7.53342 -7.58628 -5.18712 -7.97772 -8.46853 -4.45477 -8.07286 -7.32111 -7.66403 -5.19325 -8.01066 -8.51338 -4.57944 -8.35931 -7.31453 -7.08979 -5.37599 -8.04625 -8.52742 -3.30456 -8.19301 -6.50806 -9.51057 -3.63241 -7.77931 -8.60245 -2.36431 -8.12274
58.21 -5.03933 -10.0376 -9.33924 -8.73367 -9.34621 -4.04999 -7.61892 -8.85008 -7.12502 -4.90086 -8.81409 -8.65666 -4.26026 -6.42117 -7.08687 -7.92273 -4.97785 -7.98495 -8.54592 -4.43526 -9.28794 -7.53342 -7.58628 -5.18712 -7.97772 -8.46853 -4.45477 -8.07286 -7.32111 -7.66403 -5.19325 -8.01066 -8.51338 -4.57944 -8.35931 -7.31453 -7.08979 -5.37599 -8.04625 -8.52742 -3.30456 -8.19301 -6.50806 -9.51057 -3.63241 -7.77931 -8.60245 -2.36431 -8.12274
58.26 -5.03933 -10.0376 -9.33924 -8.73367 -9.34621 -4.04999 -7.61892 -8.85008 -7.12502 -4.90086 -8.81409 -8.65666 -4.26026 -6.42117 -7.08687 -7.92273 -4.97785 -7.98495 -8.54592 -4.43526 -9.28794 -7.53342 -7.58628 -5.18712 -7.97772 -8.46853 -4.45477 -8.07286 -7.32111 -7.66403 -5.19325 -8.01066 -8.51338 -4.57944 -8.35931 -7.31453 -7.08979 -5.37599 -8.04625 -8.52742 -3.30456 -8.19301 -6.50806 -9.51057 -3.63241 -7.77931 -8.60245 -2.36431 -8.12274
58.31 -5.03933 -10.0376 -9.33924 -8.73367 -9.34621 -4.04999 -7.61892 -8.85008 -7.12502 -4.90086 -8.81409 -8.65666 -4.26026 -6.42117 -7.08687 -7.92273 -4.97785 -7.98495 -8.54592 -4.43526 -9.28794 -7.53342 -7.58628 -5.18712 -7.97772 -8.46853 -4.45477 -8.07286 -7.32111 -7.66403 -5.19325 -8.01066 -8.51338 -4.57944 -8.35931 -7.31453 -7.08979 -5.37599 -8.04625 -8.52742 -3.30456 -8.19301 -6.50806 -9.51057 -3.63241 -7.77931 -8.60245 -2.36431 -8.12274
58.36 -5.03933 -10.0376 -9.33924 -8.73367 -9.34621 -4.04999 -7.61892 -8.85008 -7.12502 -4.90086 -8.81409 -8.65666 -4.26026 -6.42117 -7.08687 -7.92273 -4.97785 -7.98495 -8.54592 -4.43526 -9.28794 -7.53342 -7.58628 -5.18712 -7.97772 -8.46853 -4.45477 -8.07286 -7.32111 -7.66403 -5.19325 -8.01066 -8.51338 -4.57944 -8.35931 -7.31453 -7.08979 -5.37599 -8.04625 -8.52742 -3.30456 -8.19301 -6.50806 -9.51057 -3.63241 -7.77931 -8.60245 -2.36431 -8.12274
58.41 -5.03933 -10.0376 -9.33924 -8.73367 -9.34621 -4.04999 -7.61892 -8.85008 -7.12502 -4.90086 -8.81409 -8.65666 -4.26026 -6.42117 -7.08687 -7.92273 -4.97785 -7.98495 -8.54592 -4.43526 -9.28794 -7.53342 -7.58628 -5.18712 -7.97772 -8.46853 -4.45477 -8.07286 -7.32111 -7.66403 -5.19325 -8.01066 -8.51338 -4.57944 -8.35931 -7.31453 -7.08979 -5.37599 -8.04625 -8.52742 -3.30456 -8.19301 -6.50806 -9.51057 -3.63241 -7.77931 -8.60245 -2.36431 -8.12274
58.46 -5.03933 -10.0376 -9.33924 -8.73367 -9.34621 -4.04999 -7.61892 -8.85008 -7.12502 -4.90086 -8.81409 -8.65666 -4.26026 -6.42117 -7.08687 -7.92273 -4.97785 -7.98495 -8.54592 -4.43526 -9.28794 -7.53342 -7.58628 -5.18712 -7.97772 -8.46853 -4.45477 -8.07286 -7.32111 -7.66403 -5.19325 -8.01066 -8.51338 -4.57944 -8.35931 -7.31453 -7.08979 -5.37599 -8.04625 -8.52742 -3.30456 -8.19301 -6.50806 -9.51057 -3.63241 -7.77931 -8.60245 -2.36431 -8.12274
58.51 -5.03933 -10.0376 -9.33924 -8.73367 -9.34621 -4.04999 -7.61892 -8.85008 -7.12502 -4.90086 -8.81409 -8.65666 -4.26026 -6.42117 -7.08687 -7.92273 -4.97785 -7.98495 -8.54592 -4.43526 -9.28794 -7.53342 -7.58628 -5.18712 -7.97772 -8.46853 -4.45477 -8.07286 -7.32111 -7.66403 -5.19325 -8.01066 -8.51338 -4.57944 -8.35931 -7.31453 -7.08979 -5.37599 -8.04625 -8.52742 -3.30456 -8.19301 -6.50806 -9.51057 -3.63241 -7.77931 -8.60245 -2.36431 -8.12274
58.56 -5.03933 -10.0376 -9.33924 -8.73367 -9.34621 -4.04999 -7.61892 -8.85008 -7.12502 -4.90086 -8.81409 -8.65666 -4.26026 -6.42117 -7.08687 -7.92273 -4.97785 -7.98495 -8.54592 -4.43526 -9.28794 -7.53342 -7.58628 -5.18712 -7.97772 -8.46853 -4.45477 -8.07286 -7.32111 -7.66403 -5.19325 -8.01066 -8.51338 -4.57944 -8.35931 -7.31453 -7.08979 -5.37599 -8.04625 -8.52742 -3.30456 -8.19301 -6.50806 -9.51057 -3.63241 -7.77931 -8.60245 -2.36431 -8.12274
58.61 -5.03933 -10.0376 -9.33924 -8.73367 -9.34621 -4.04999 -7.61892 -8.85008 -7.12502 -4.90086 -8.81409 -8.65666 -4.26026 -6.42117 -7.08687 -7.92273 -4.97785 -7.98495 -8.54592 -4.43526 -9.28794 -7.53342 -7.58628 -5.18712 -7.97772 -8.46853 -4.45477 -8.07286 -7.32111 -7.66403 -5.19325 -8.01066 -8.51338 -4.57944 -8.35931 -7.31453 -7.08979 -5.37599 -8.04625 -8.52742 -3.30456 -8.19301 -6.50806 -9.51057 -3.63241 -7.77931 -8.60245 -2.36431 -8.12274
58.66 -5.03933 -10.0376 -9.33924 -8.73367 -9.34621 -4.04999 -7.61892 -8.85008 -7.12502 -4.90086 -8.81409 -8.65666 -4.26026 -6.42117 -7.08687 -7.92273 -4.97785 -7.98495 -8.54592 -4.43526 -9.28794 -7.53342 -7.58628 -5.18712 -7.97772 -8.46853 -4.45477 -8.07286 -7.32111 -7.66403 -5.19325 -8.01066 -8.51338 -4.57944 -8.35931 -7.31453 -7.08979 -5.37599 -8.04625 -8.52742 -3.30456 -8.19301 -6.50806 -9.51057 -3.63241 -7.77931 -8.60245 -2.36431 -8.12274
58.71 -5.03933 -10.0376 -9.33924 -8.73367 -9.34621 -4.04999 -7.61892 -8.85008 -7.12502 -4.90086 -8.81409 -8.65666 -4.26026 -6.42117 -7.08687 -7.92273 -4.97785 -7.98495 -8.54592 -4.43526 -9.28794 -7.53342 -7.58628 -5.18712 -7.97772 -8.46853 -4.45477 -8.07286 -7.32111 -7.66403 -5.19325 -8.01066 -8.51338 -4.57944 -8.35931 -7.31453 -7.08979 -5.37599 -8.04625 -8.52742 -3.30456 -8.19301 -6.50806 -9.51057 -3.63241 -7.77931 -8.60245 -2.36431 -8.12274
58.76 -5.03933 -10.0376 -9.33924 -8.73367 -9.34621 -4.04999 -7.61892 -8.85008 -7.12502 -4.90086 -8.81409 -8.65666 -4.26026 -6.42117 -7.08687 -7.92273 -4.97785 -7.98495 -8.54592 -4.43526 -9.28794 -7.53342 -7.58628 -5.18712 -7.97772 -8.46853 -4.45477 -8.07286 -7.32111 -7.66403 -5.19325 -8.01066 -8.51338 -4.57944 -8.35931 -7.31453 -7.08979 -5.37599 -8.04625 -8.52742 -3.30456 -8.19301 -6.50806 -9.51057 -3.63241 -7.77931 -8.60245 -2.36431 -8.12274
58.81 -5.03933 -10.0376 -9.33924 -8.73367 -9.34621 -4.04999 -7.61892 -8.85008 -7.12502 -4.90086 -8.81409 -8.65666 -4.26026 -6.42117 -7.08687 -7.92273 -4.97785 -7.98495 -8.54592 -4.43526 -9.28794 -7.53342 -7.58628 -5.18712 -7.97772 -8.46853 -4.45477 -8.07286 -7.32111 -7.66403 -5.19325 -8.01066 -8.51338 -4.57944 -8.35931 -7.31453 -7.08979 -5.37599 -8.04625 -8.52742 -3.30456 -8.19301 -6.50806 -9.51057 -3.63241 -7.77931 -8.60245 -2.36431 -8.12274
58.86 -5.03933 -10.0376 -9.33924 -8.73367 -9.34621 -4.04999 -7.61892 -8.85008 -7.12502 -4.90086 -8.81409 -8.65666 -4.26026 -6.42117 -7.08687 -7.92273 -4.97785 -7.98495 -8.54592 -4.43526 -9.28794 -7.53342 -7.58628 -5.18712 -7.97772 -8.46853 -4.45477 -8.07286 -7.32111 -7.66403 -5.19325 -8.01066 -8.51338 -4.57944 -8.35931 -7.31453 -7.08979 -5.37599 -8.04625 -8.52742 -3.30456 -8.19301 -6.50806 -9.51057 -3.63241 -7.77931 -8.60245 -2.36431 -8.12274
58.91 -5.03933 -10.0376 -9.33924 -8.73367 -9.34621 -4.04999 -7.61892 -8.85008 -7.12502 -4.90086 -8.81409 -8.65666 -4.26026 -6.42117 -7.08687 -7.92273 -4.97785 -7.98495 -8.54592 -4.43526 -9.28794 -7.53342 -7.58628 -5.18712 -7.97772 -8.46853 -4.45477 -8.07286 -7.32111 -7.66403 -5.19325 -8.01066 -8.51338 -4.57944 -8.35931 -7.31453 -7.08979 -5.37599 -8.04625 -8.52742 -3.30456 -8.19301 -6.50806 -9.51057 -3.63241 -7.77931 -8.60245 -2.36431 -8.12274
58.96 -5.03933 -10.0376 -9.33924 -8.73367 -9.34621 -4.04999 -7.61892 -8.85008 -7.12502 -4.90086 -8.81409 -8.65666 -4.26026 -6.42117 -7.08687 -7.92273 -4.97785 -7.98495 -8.54592 -4.43526 -9.28794 -7.53342 -7.58628 -5.18712 -7.97772 -8.46853 -4.45477 -8.07286 -7.32111 -7.66403 -5.19325 -8.01066 -8.51338 -4.57944 -8.35931 -7.31453 -7.08979 -5.37599 -8.04625 -8.52742 -3.30456 -8.19301 -6.50806 -9.51057 -3.63241 -7.77931 -8.60245 -2.36431 -8.12274
59.01 -5.03933 -10.0376 -9.33924 -8.73367 -9.34621 -4.04999 -7.61892 -8.85008 -7.12502 -4.90086 -8.81409 -8.65666 -4.26026 -6.42117 -7.08687 -7.92273 -4.97785 -7.98495 -8.54592 -4.43526 -9.28794 -7.53342 -7.58628 -5.18712 -7.97772 -8.46853 -4.45477 -8.07286 -7.32111 -7.66403 -5.19325 -8.01066 -8.51338 -4.57944 -8.35931 -7.31453 -7.08979 -5.37599 -8.04625 -8.52742 -3.30456 -8.19301 -6.50806 -9.51057 -3.63241 -7.77931 -8.60245 -2.36431 -8.12274
59.06 -5.03933 -10.0376 -9.33924 -8.73367 -9.34621 -4.04999 -7.61892 -8.85008 -7.12502 -4.90086 -8.81409 -8.65666 -4.26026 -6.42117 -7.08687 -7.92273 -4.97785 -7.98495 -8.54592 -4.43526 -9.28794 -7.53342 -7.58628 -5.18712 -7.97772 -8.46853 -4.45477 -8.07286 -7.32111 -7.66403 -5.19325 -8.01066 -8.51338 -4.57944 -8.35931 -7.31453 -7.08979 -5.37599 -8.04625 -8.52742 -3.30456 -8.19301 -6.50806 -9.51057 -3.63241 -7.77931 -8.60245 -2.36431 -8.12274
59.11 -5.03933 -10.0376 -9.33924 -8.73367 -9.34621 -4.04999 -7.61892 -8.85008 -7.12502 -4.90086 -8.81409 -8.65666 -4.26026 -6.42117 -7.08687 -7.92273 -4.97785 -7.98495 -8.54592 -4.43526 -9.28794 -7.53342 -7.58628 -5.18712 -7.97772 -8.46853 -4.45477 -8.07286 -7.32111 -7.66403 -5.19325 -8.01066 -8.51338 -4.57944 -8.35931 -7.31453 -7.08979 -5.37599 -8.04625 -8.52742 -3.30456 -8.19301 -6.50806 -9.51057 -3.63241 -7.77931 -8.60245 -2.36431 -8.12274
59.16 -5.03933 -10.0376 -9.33924 -8.73367 -9.34621 -4.04999 -7.61892 -8.85008 -7.12502 -4.90086 -8.81409 -8.65666 -4.26026 -6.42117 -7.08687 -7.92273 -4.97785 -7.98495 -8.54592 -4.43526 -9.28794 -7.53342 -7.58628 -5.18712 -7.97772 -8.46853 -4.45477 -8.07286 -7.32111 -7.66403 -5.19325 -8.01066 -8.51338 -4.57944 -8.35931 -7.31453 -7.08979 -5.37599 -8.04625 -8.52742 -3.30456 -8.19301 -6.50806 -9.51057 -3.63241 -7.77931 -8.60245 -2.36431 -8.12274
59.21 -5.03933 -10.0376 -9.33924 -8.73367 -9.34621 -4.04999 -7.61892 -8.85008 -7.12502 -4.90086 -8.81409 -8.65666 -4.26026 -6.42117 -7.08687 -7.92273 -4.97785 -7.98495 -8.54592 -4.43526 -9.28794 -7.53342 -7.58628 -5.18712 -7.97772 -8.46853 -4.45477 -8.07286 -7.32111 -7.66403 -5.19325 -8.01066 -8.51338 -4.57944 -8.35931 -7.31453 -7.08979 -5.37599 -8.04625 -8.52742 -3.30456 -8.19301 -6.50806 -9.51057 -3.63241 -7.77931 -8.60245 -2.36431 -8.12274
59.26 -5.03933 -10.0376 -9.33924 -8.73367 -9.34621 -4.04999 -7.61892 -8.85008 -7.12502 -4.90086 -8.81409 -8.65666 -4.26026 -6.42117 -7.08687 -7.92273 -4.97785 -7.98495 -8.54592 -4.43526 -9.28794 -7.53342 -7.58628 -5.18712 -7.97772 -8.46853 -4.45477 -8.07286 -7.32111 -7.66403 -5.19325 -8.01066 -8.51338 -4.57944 -8.35931 -7.31453 -7.08979 -5.37599 -8.04625 -8.52742 -3.30456 -8.19301 -6.50806 -9.51057 -3.63241 -7.77931 -8.60245 -2.36431 -8.12274
59.31 -5.03933 -10.0376 -9.33924 -8.73367 -9.34621 -4.04999 -7.61892 -8.85008 -7.12502 -4.90086 -8.81409 -8.65666 -4.26026 -6.42117 -7.08687 -7.92273 -4.97785 -7.98495 -8.54592 -4.43526 -9.28794 -7.53342 -7.58628 -5.18712 -7.97772 -8.46853 -4.45477 -8.07286 -7.32111 -7.66403 -5.19325 -8.01066 -8.51338 -4.57944 -8.35931 -7.31453 -7.08979 -5.37599 -8.04625 -8.52742 -3.30456 -8.19301 -6.50806 -9.51057 -3.63241 -7.77931 -8.60245 -2.36431 -8.12274
59.36 -5.03933 -10.0376 -9.33924 -8.73367 -9.34621 -4.04999 -7.61892 -8.85008 -7.12502 -4.90086 -8.81409 -8.65666 -4.26026 -6.42117 -7.08687 -7.92273 -4.97785 -7.98495 -8.54592 -4.43526 -9.28794 -7.53342 -7.58628 -5.18712 -7.97772 -8.46853 -4.45477 -8.07286 -7.32111 -7.66403 -5.19325 -8.01066 -8.51338 -4.57944 -8.35931 -7.31453 -7.08979 -5.37599 -8.04625 -8.52742 -3.30456 -8.19301 -6.50806 -9.51057 -3.63241 -7.77931 -8.60245 -2.36431 -8.12274
59.41 -5.03933 -10.0376 -9.33924 -8.73367 -9.34621 -4.04999 -7.61892 -8.85008 -7.12502 -4.90086 -8.81409 -8.65666 -4.26026 -6.42117 -7.08687 -7.92273 -4.97785 -7.98495 -8.54592 -4.43526 -9.28794 -7.53342 -7.58628 -5.18712 -7.97772 -8.46853 -4.45477 -8.07286 -7.32111 -7.66403 -5.19325 -8.01066 -8.51338 -4.57944 -8.35931 -7.31453 -7.08979 -5.37599 -8.04625 -8.52742 -3.30456 -8.19301 -6.50806 -9.51057 -3.63241 -7.77931 -8.60245 -2.36431 -8.12274
59.46 -5.03933 -10.0376 -9.33924 -8.73367 -9.34621 -4.04999 -7.61892 -8.85008 -7.12502 -4.90086 -8.81409 -8.65666 -4.26026 -6.42117 -7.08687 -7.92273 -4.97785 -7.98495 -8.54592 -4.43526 -9.28794 -7.53342 -7.58628 -5.18712 -7.97772 -8.46853 -4.45477 -8.07286 -7.32111 -7.66403 -5.19325 -8.01066 -8.51338 -4.57944 -8.35931 -7.31453 -7.08979 -5.37599 -8.04625 -8.52742 -3.30456 -8.19301 -6.50806 -9.51057 -3.63241 -7.77931 -8.60245 -2.36431 -8.12274
59.51 -5.03933 -10.0376 -9.33924 -8.73367 -9.34621 -4.04999 -7.61892 -8.85008 -7.12502 -4.90086 -8.81409 -8.65666 -4.26026 -6.42117 -7.08687 -7.92273 -4.97785 -7.98495 -8.54592 -4.43526 -9.28794 -7.53342 -7.58628 -5.18712 -7.97772 -8.46853 -4.45477 -8.07286 -7.32111 -7.66403 -5.19325 -8.01066 -8.51338 -4.57944 -8.35931 -7.31453 -7.08979 -5.37599 -8.04625 -8.52742 -3.30456 -8.19301 -6.50806 -9.51057 -3.63241 -7.77931 -8.60245 -2.36431 -8.12274
59.56 -5.03933 -10.0376 -9.33924 -8.73367 -9.34621 -4.04999 -7.61892 -8.85008 -7.12502 -4.90086 -8.81409 -8.65666 -4.26026 -6.42117 -7.08687 -7.92273 -4.97785 -7.98495 -8.54592 -4.43526 -9.28794 -7.53342 -7.58628 -5.18712 -7.97772 -8.46853 -4.45477 -8.07286 -7.32111 -7.66403 -5.19325 -8.01066 -8.51338 -4.57944 -8.35931 -7.31453 -7.08979 -5.37599 -8.04625 -8.52742 -3.30456 -8.19301 -6.50806 -9.51057 -3.63241 -7.77931 -8.60245 -2.36431 -8.12274
59.61 -5.03933 -10.0376 -9.33924 -8.73367 -9.34621 -4.04999 -7.61892 -8.85008 -7.12502 -4.90086 -8.81409 -8.65666 -4.26026 -6.42117 -7.08687 -7.92273 -4.97785 -7.98495 -8.54592 -4.43526 -9.28794 -7.53342 -7.58628 -5.18712 -7.97772 -8.46853 -4.45477 -8.07286 -7.32111 -7.66403 -5.19325 -8.01066 -8.51338 -4.57944 -8.35931 -7.31453 -7.08979 -5.37599 -8.04625 -8.52742 -3.30456 -8.19301 -6.50806 -9.51057 -3.63241 -7.77931 -8.60245 -2.36431 -8.12274
59.66 -5.03933 -10.0376 -9.33924 -8.73367 -9.34621 -4.04999 -7.61892 -8.85008 -7.12502 -4.90086 -8.81409 -8.65666 -4.26026 -6.42117 -7.08687 -7.92273 -4.97785 -7.98495 -8.54592 -4.43526 -9.28794 -7.53342 -7.58628 -5.18712 -7.97772 -8.46853 -4.45477 -8.07286 -7.32111 -7.66403 -5.19325 -8.01066 -8.51338 -4.57944 -8.35931 -7.31453 -7.08979 -5.37599 -8.04625 -8.52742 -3.30456 -8.19301 -6.50806 -9.51057 -3.63241 -7.77931 -8.60245 -2.36431 -8.12274
59.71 -5.03933 -10.0376 -9.33924 -8.73367 -9.34621 -4.04999 -7.61892 -8.85008 -7.12502 -4.90086 -8.81409 -8.65666 -4.26026 -6.42117 -7.08687 -7.92273 -4.97785 -7.98495 -8.54592 -4.43526 -9.28794 -7.53342 -7.58628 -5.18712 -7.97772 -8.46853 -4.45477 -8.07286 -7.32111 -7.66403 -5.19325 -8.01066 -8.51338 -4.57944 -8.35931 -7.31453 -7.08979 -5.37599 -8.04625 -8.52742 -3.30456 -8.19301 -6.50806 -9.51057 -3.63241 -7.77931 -8.60245 -2.36431 -8.12274
59.76 -5.03933 -10.0376 -9.33924 -8.73367 -9.34621 -4.04999 -7.61892 -8.85008 -7.12502 -4.90086 -8.81409 -8.65666 -4.26026 -6.42117 -7.08687 -7.92273 -4.97785 -7.98495 -8.54592 -4.43526 -9.28794 -7.53342 -7.58628 -5.18712 -7.97772 -8.46853 -4.45477 -8.07286 -7.32111 -7.66403 -5.19325 -8.01066 -8.51338 -4.57944 -8.35931 -7.31453 -7.08979 -5.37599 -8.04625 -8.52742 -3.30456 -8.19301 -6.50806 -9.51057 -3.63241 -7.77931 -8.60245 -2.36431 -8.12274
59.81 -5.03933 -10.0376 -9.33924 -8.73367 -9.34621 -4.04999 -7.61892 -8.85008 -7.12502 -4.90086 -8.81409 -8.65666 -4.26026 -6.42117 -7.08687 -7.92273 -4.97785 -7.98495 -8.54592 -4.43526 -9.28794 -7.53342 -7.58628 -5.18712 -7.97772 -8.46853 -4.45477 -8.07286 -7.32111 -7.66403 -5.19325 -8.01066 -8.51338 -4.57944 -8.35931 -7.31453 -7.08979 -5.37599 -8.04625 -8.52742 -3.30456 -8.19301 -6.50806 -9.51057 -3.63241 -7.77931 -8.60245 -2.36431 -8.12274
59.86 -5.03933 -10.0376 -9.33924 -8.73367 -9.34621 -4.04999 -7.61892 -8.85008 -7.12502 -4.90086 -8.81409 -8.65666 -4.26026 -6.42117 -7.08687 -7.92273 -4.97785 -7.98495 -8.54592 -4.43526 -9.28794 -7.53342 -7.58628 -5.18712 -7.97772 -8.46853 -4.45477 -8.07286 -7.32111 -7.66403 -5.19325 -8.01066 -8.51338 -4.57944 -8.35931 -7.31453 -7.08979 -5.37599 -8.04625 -8.52742 -3.30456 -8.19301 -6.50806 -9.51057 -3.63241 -7.77931 -8.60245 -2.36431 -8.12274
59.91 -5.03933 -10.0376 -9.33924 -8.73367 -9.34621 -4.04999 -7.61892 -8.85008 -7.12502 -4.90086 -8.81409 -8.65666 -4.26026 -6.42117 -7.08687 -7.92273 -4.97785 -7.98495 -8.54592 -4.43526 -9.28794 -7.53342 -7.58628 -5.18712 -7.97772 -8.46853 -4.45477 -8.07286 -7.32111 -7.66403 -5.19325 -8.01066 -8.51338 -4.57944 -8.35931 -7.31453 -7.08979 -5.37599 -8.04625 -8.52742 -3.30456 -8.19301 -6.50806 -9.51057 -3.63241 -7.77931 -8.60245 -2.36431 -8.12274
59.96 -5.03933 -10.0376 -9.33924 -8.73367 -9.34621 -4.04999 -7.61892 -8.85008 -7.12502 -4.90086 -8.81409 -8.65666 -4.26026 -6.42117 -7.08687 -7.92273 -4.97785 -7.98495 -8.54592 -4.43526 -9.28794 -7.53342 -7.58628 -5.18712 -7.97772 -8.46853 -4.45477 -8.07286 -7.32111 -7.66403 -5.19325 -8.01066 -8.51338 -4.57944 -8.35931 -7.31453 -7.08979 -5.37599 -8.04625 -8.52742 -3.30456 -8.19301 -6.50806 -9.51057 -3.63241 -7.77931 -8.60245 -2.36431 -8.12274
60.01 -5.03933 -10.0376 -9.33924 -8.73367 -9.34621 -4.04999 -7.61892 -8.85008 -7.12502 -4.90086 -8.81409 -8.65666 -4.26026 -6.42117 -7.08687 -7.92273 -4.97785 -7.98495 -8.54592 -4.43526 -9.28794 -7.53342 -7.58628 -5.18712 -7.97772 -8.46853 -4.45477 -8.07286 -7.32111 -7.66403 -5.19325 -8.01066 -8.51338 -4.57944 -8.35931 -7.31453 -7.08979 -5.37599 -8.04625 -8.52742 -3.30456 -8.19301 -6.50806 -9.51057 -3.63241 -7.77931 -8.60245 -2.36431 -8.12274
60.06 -5.03933 -10.0376 -9.33924 -8.73367 -9.34621 -4.04999 -7.61892 -8.85008 -7.12502 -4.90086 -8.81409 -8.65666 -4.26026 -6.42117 -7.08687 -7.92273 -4.97785 -7.98495 -8.54592 -4.43526 -9.28794 -7.53342 -7.58628 -5.18712 -7.97772 -8.46853 -4.45477 -8.07286 -7.32111 -7.66403 -5.19325 -8.01066 -8.51338 -4.57944 -8.35931 -7.31453 -7.08979 -5.37599 -8.04625 -8.52742 -3.30456 -8.19301 -6.50806 -9.51057 -3.63241 -7.77931 -8.60245 -2.36431 -8.12274
60.11 -5.03933 -10.0376 -9.33924 -8.73367 -9.34621 -4.04999 -7.61892 -8.85008 -7.12502 -4.90086 -8.81409 -8.65666 -4.26026 -6.42117 -7.08687 -7.92273 -4.97785 -7.98495 -8.54592 -4.43526 -9.28794 -7.53342 -7.58628 -5.18712 -7.97772 -8.46853 -4.45477 -8.07286 -7.32111 -7.66403 -5.19325 -8.01066 -8.51338 -4.57944 -8.35931 -7.31453 -7.08979 -5.37599 -8.04625 -8.52742 -3.30456 -8.19301 -6.50806 -9.51057 -3.63241 -7.77931 -8.60245 -2.36431 -8.12274
60.16 -5.03933 -10.0376 -9.33924 -8.73367 -9.34621 -4.04999 -7.61892 -8.85008 -7.12502 -4.90086 -8.81409 -8.65666 -4.26026 -6.42117 -7.08687 -7.92273 -4.97785 -7.98495 -8.54592 -4.43526 -9.28794 -7.53342 -7.58628 -5.18712 -7.97772 -8.46853 -4.45477 -8.07286 -7.32111 -7.66403 -5.19325 -8.01066 -8.51338 -4.57944 -8.35931 -7.31453 -7.08979 -5.37599 -8.04625 -8.52742 -3.30456 -8.19301 -6.50806 -9.51057 -3.63241 -7.77931 -8.60245 -2.36431 -8.12274
60.21 -5.03933 -10.0376 -9.33924 -8.73367 -9.34621 -4.04999 -7.61892 -8.85008 -7.12502 -4.90086 -8.81409 -8.65666 -4.26026 -6.42117 -7.08687 -7.92273 -4.97785 -7.98495 -8.54592 -4.43526 -9.28794 -7.53342 -7.58628 -5.18712 -7.97772 -8.46853 -4.45477 -8.07286 -7.32111 -7.66403 -5.19325 -8.01066 -8.51338 -4.57944 -8.35931 -7.31453 -7.08979 -5.37599 -8.04625 -8.52742 -3.30456 -8.19301 -6.50806 -9.51057 -3.63241 -7.77931 -8.60245 -2.36431 -8.12274
60.26 -5.03933 -10.0376 -9.33924 -8.73367 -9.34621 -4.04999 -7.61892 -8.85008 -7.12502 -4.90086 -8.81409 -8.65666 -4.26026 -6.42117 -7.08687 -7.92273 -4.97785 -7.98495 -8.54592 -4.43526 -9.28794 -7.53342 -7.58628 -5.18712 -7.97772 -8.46853 -4.45477 -8.07286 -7.32111 -7.66403 -5.19325 -8.01066 -8.51338 -4.57944 -8.35931 -7.31453 -7.08979 -5.37599 -8.04625 -8.52742 -3.30456 -8.19301 -6.50806 -9.51057 -3.63241 -7.77931 -8.60245 -2.36431 -8.12274
60.31 -5.03933 -10.0376 -9.33924 -8.73367 -9.34621 -4.04999 -7.61892 -8.85008 -7.12502 -4.90086 -8.81409 -8.65666 -4.26026 -6.42117 -7.08687 -7.92273 -4.97785 -7.98495 -8.54592 -4.43526 -9.28794 -7.53342 -7.58628 -5.18712 -7.97772 -8.46853 -4.45477 -8.07286 -7.32111 -7.66403 -5.19325 -8.01066 -8.51338 -4.57944 -8.35931 -7.31453 -7.08979 -5.37599 -8.04625 -8.52742 -3.30456 -8.19301 -6.50806 -9.51057 -3.63241 -7.77931 -8.60245 -2.36431 -8.12274
60.36 -5.03933 -10.0376 -9.33924 -8.73367 -9.34621 -4.04999 -7.61892 -8.85008 -7.12502 -4.90086 -8.81409 -8.65666 -4.26026 -6.42117 -7.08687 -7.92273 -4.97785 -7.98495 -8.54592 -4.43526 -9.28794 -7.53342 -7.58628 -5.18712 -7.97772 -8.46853 -4.45477 -8.07286 -7.32111 -7.66403 -5.19325 -8.01066 -8.51338 -4.57944 -8.35931 -7.31453 -7.08979 -5.37599 -8.04625 -8.52742 -3.30456 -8.19301 -6.50806 -9.51057 -3.63241 -7.77931 -8.60245 -2.36431 -8.12274
60.41 -5.03933 -10.0376 -9.33924 -8.73367 -9.34621 -4.04999 -7.61892 -8.85008 -7.12502 -4.90086 -8.81409 -8.65666 -4.26026 -6.42117 -7.08687 -7.92273 -4.97785 -7.98495 -8.54592 -4.43526 -9.28794 -7.53342 -7.58628 -5.18712 -7.97772 -8.46853 -4.45477 -8.07286 -7.32111 -7.66403 -5.19325 -8.01066 -8.51338 -4.57944 -8.35931 -7.31453 -7.08979 -5.37599 -8.04625 -8.52742 -3.30456 -8.19301 -6.50806 -9.51057 -3.63241 -7.77931 -8.60245 -2.36431 -8.12274
60.46 -5.03933 -10.0376 -9.33924 -8.73367 -9.34621 -4.04999 -7.61892 -8.85008 -7.12502 -4.90086 -8.81409 -8.65666 -4.26026 -6.42117 -7.08687 -7.92273 -4.97785 -7.98495 -8.54592 -4.43526 -9.28794 -7.53342 -7.58628 -5.18712 -7.97772 -8.46853 -4.45477 -8.07286 -7.32111 -7.66403 -5.19325 -8.01066 -8.51338 -4.57944 -8.35931 -7.31453 -7.08979 -5.37599 -8.04625 -8.52742 -3.30456 -8.19301 -6.50806 -9.51057 -3.63241 -7.77931 -8.60245 -2.36431 -8.12274
60.51 -5.03933 -10.0376 -9.33924 -8.73367 -9.34621 -4.04999 -7.61892 -8.85008 -7.12502 -4.90086 -8.81409 -8.65666 -4.26026 -6.42117 -7.08687 -7.92273 -4.97785 -7.98495 -8.54592 -4.43526 -9.28794 -7.53342 -7.58628 -5.18712 -7.97772 -8.46853 -4.45477 -8.07286 -7.32111 -7.66403 -5.19325 -8.01066 -8.51338 -4.57944 -8.35931 -7.31453 -7.08979 -5.37599 -8.04625 -8.52742 -3.30456 -8.19301 -6.50806 -9.51057 -3.63241 -7.77931 -8.60245 -2.36431 -8.12274
60.56 -5.03933 -10.0376 -9.33924 -8.73367 -9.34621 -4.04999 -7.61892 -8.85008 -7.12502 -4.90086 -8.81409 -8.65666 -4.26026 -6.42117 -7.08687 -7.92273 -4.97785 -7.98495 -8.54592 -4.43526 -9.28794 -7.53342 -7.58628 -5.18712 -7.97772 -8.46853 -4.45477 -8.07286 -7.32111 -7.66403 -5.19325 -8.01066 -8.51338 -4.57944 -8.35931 -7.31453 -7.08979 -5.37599 -8.04625 -8.52742 -3.30456 -8.19301 -6.50806 -9.51057 -3.63241 -7.77931 -8.60245 -2.36431 -8.12274
60.61 -5.03933 -10.0376 -9.33924 -8.73367 -9.34621 -4.04999 -7.61892 -8.85008 -7.12502 -4.90086 -8.81409 -8.65666 -4.26026 -6.42117 -7.08687 -7.92273 -4.97785 -7.98495 -8.54592 -4.43526 -9.28794 -7.53342 -7.58628 -5.18712 -7.97772 -8.46853 -4.45477 -8.07286 -7.32111 -7.66403 -5.19325 -8.01066 -8.51338 -4.57944 -8.35931 -7.31453 -7.08979 -5.37599 -8.04625 -8.52742 -3.30456 -8.19301 -6.50806 -9.51057 -3.63241 -7.77931 -8.60245 -2.36431 -8.12274
60.66 -5.03933 -10.0376 -9.33924 -8.73367 -9.34621 -4.04999 -7.61892 -8.85008 -7.12502 -4.90086 -8.81409 -8.65666 -4.26026 -6.42117 -7.08687 -7.92273 -4.97785 -7.98495 -8.54592 -4.43526 -9.28794 -7.53342 -7.58628 -5.18712 -7.97772 -8.46853 -4.45477 -8.07286 -7.32111 -7.66403 -5.19325 -8.01066 -8.51338 -4.57944 -8.35931 -7.31453 -7.08979 -5.37599 -8.04625 -8.52742 -3.30456 -8.19301 -6.50806 -9.51057 -3.63241 -7.77931 -8.60245 -2.36431 -8.12274
60.71 -5.03933 -10.0376 -9.33924 -8.73367 -9.34621 -4.04999 -7.61892 -8.85008 -7.12502 -4.90086 -8.81409 -8.65666 -4.26026 -6.42117 -7.08687 -7.92273 -4.97785 -7.98495 -8.54592 -4.43526 -9.28794 -7.53342 -7.58628 -5.18712 -7.97772 -8.46853 -4.45477 -8.07286 -7.32111 -7.66403 -5.19325 -8.01066 -8.51338 -4.57944 -8.35931 -7.31453 -7.08979 -5.37599 -8.04625 -8.52742 -3.30456 -8.19301 -6.50806 -9.51057 -3.63241 -7.77931 -8.60245 -2.36431 -8.12274
60.76 -5.03933 -10.0376 -9.33924 -8.73367 -9.34621 -4.04999 -7.61892 -8.85008 -7.12502 -4.90086 -8.81409 -8.65666 -4.26026 -6.42117 -7.08687 -7.92273 -4.97785 -7.98495 -8.54592 -4.43526 -9.28794 -7.53342 -7.58628 -5.18712 -7.97772 -8.46853 -4.45477 -8.07286 -7.32111 -7.66403 -5.19325 -8.01066 -8.51338 -4.57944 -8.35931 -7.31453 -7.08979 -5.37599 -8.04625 -8.52742 -3.30456 -8.19301 -6.50806 -9.51057 -3.63241 -7.77931 -8.60245 -2.36431 -8.12274
60.81 -5.03933 -10.0376 -9.33924 -8.73367 -9.34621 -4.04999 -7.61892 -8.85008 -7.12502 -4.90086 -8.81409 -8.65666 -4.26026 -6.42117 -7.08687 -7.92273 -4.97785 -7.98495 -8.54592 -4.43526 -9.28794 -7.53342 -7.58628 -5.18712 -7.97772 -8.46853 -4.45477 -8.07286 -7.32111 -7.66403 -5.19325 -8.01066 -8.51338 -4.57944 -8.35931 -7.31453 -7.08979 -5.37599 -8.04625 -8.52742 -3.30456 -8.19301 -6.50806 -9.51057 -3.63241 -7.77931 -8.60245 -2.36431 -8.12274
60.86 -5.03933 -10.0376 -9.33924 -8.73367 -9.34621 -4.04999 -7.61892 -8.85008 -7.12502 -4.90086 -8.81409 -8.65666 -4.26026 -6.42117 -7.08687 -7.92273 -4.97785 -7.98495 -8.54592 -4.43526 -9.28794 -7.53342 -7.58628 -5.18712 -7.97772 -8.46853 -4.45477 -8.07286 -7.32111 -7.66403 -5.19325 -8.01066 -8.51338 -4.57944 -8.35931 -7.31453 -7.08979 -5.37599 -8.04625 -8.52742 -3.30456 -8.19301 -6.50806 -9.51057 -3.63241 -7.77931 -8.60245 -2.36431 -8.12274
60.91 -5.03933 -10.0376 -9.33924 -8.73367 -9.34621 -4.04999 -7.61892 -8.85008 -7.12502 -4.90086 -8.81409 -8.65666 -4.26026 -6.42117 -7.08687 -7.92273 -4.97785 -7.98495 -8.54592 -4.43526 -9.28794 -7.53342 -7.58628 -5.18712 -7.97772 -8.46853 -4.45477 -8.07286 -7.32111 -7.66403 -5.19325 -8.01066 -8.51338 -4.57944 -8.35931 -7.31453 -7.08979 -5.37599 -8.04625 -8.52742 -3.30456 -8.19301 -6.50806 -9.51057 -3.63241 -7.77931 -8.60245 -2.36431 -8.12274
60.96 -5.03933 -10.0376 -9.33924 -8.73367 -9.34621 -4.04999 -7.61892 -8.85008 -7.12502 -4.90086 -8.81409 -8.65666 -4.26026 -6.42117 -7.08687 -7.92273 -4.97785 -7.98495 -8.54592 -4.43526 -9.28794 -7.53342 -7.58628 -5.18712 -7.97772 -8.46853 -4.45477 -8.07286 -7.32111 -7.66403 -5.19325 -8.01066 -8.51338 -4.57944 -8.35931 -7.31453 -7.08979 -5.37599 -8.04625 -8.52742 -3.30456 -8.19301 -6.50806 -9.51057 -3.63241 -7.77931 -8.60245 -2.36431 -8.12274
61.01 -5.03933 -10.0376 -9.33924 -8.73367 -9.34621 -4.04999 -7.61892 -8.85008 -7.12502 -4.90086 -8.81409 -8.65666 -4.26026 -6.42117 -7.08687 -7.92273 -4.97785 -7.98495 -8.54592 -4.43526 -9.28794 -7.53342 -7.58628 -5.18712 -7.97772 -8.46853 -4.45477 -8.07286 -7.32111 -7.66403 -5.19325 -8.01066 -8.51338 -4.57944 -8.35931 -7.31453 -7.08979 -5.37599 -8.04625 -8.52742 -3.30456 -8.19301 -6.50806 -9.51057 -3.63241 -7.77931 -8.60245 -2.36431 -8.12274
61.06 -5.03933 -10.0376 -9.33924 -8.73367 -9.34621 -4.04999 -7.61892 -8.85008 -7.12502 -4.90086 -8.81409 -8.65666 -4.26026 -6.42117 -7.08687 -7.92273 -4.97785 -7.98495 -8.54592 -4.43526 -9.28794 -7.53342 -7.58628 -5.18712 -7.97772 -8.46853 -4.45477 -8.07286 -7.32111 -7.66403 -5.19325 -8.01066 -8.51338 -4.57944 -8.35931 -7.31453 -7.08979 -5.37599 -8.04625 -8.52742 -3.30456 -8.19301 -6.50806 -9.51057 -3.63241 -7.77931 -8.60245 -2.36431 -8.12274
61.11 -5.03933 -10.0376 -9.33924 -8.73367 -9.34621 -4.04999 -7.61892 -8.85008 -7.12502 -4.90086 -8.81409 -8.65666 -4.26026 -6.42117 -7.08687 -7.92273 -4.97785 -7.98495 -8.54592 -4.43526 -9.28794 -7.53342 -7.58628 -5.18712 -7.97772 -8.46853 -4.45477 -8.07286 -7.32111 -7.66403 -5.19325 -8.01066 -8.51338 -4.57944 -8.35931 -7.31453 -7.08979 -5.37599 -8.04625 -8.52742 -3.30456 -8.19301 -6.50806 -9.51057 -3.63241 -7.77931 -8.60245 -2.36431 -8.12274
61.16 -5.03933 -10.0376 -9.33924 -8.73367 -9.34621 -4.04999 -7.61892 -8.85008 -7.12502 -4.90086 -8.81409 -8.65666 -4.26026 -6.42117 -7.08687 -7.92273 -4.97785 -7.98495 -8.54592 -4.43526 -9.28794 -7.53342 -7.58628 -5.18712 -7.97772 -8.46853 -4.45477 -8.07286 -7.32111 -7.66403 -5.19325 -8.01066 -8.51338 -4.57944 -8.35931 -7.31453 -7.08979 -5.37599 -8.04625 -8.52742 -3.30456 -8.19301 -6.50806 -9.51057 -3.63241 -7.77931 -8.60245 -2.36431 -8.12274
61.21 -5.03933 -10.0376 -9.33924 -8.73367 -9.34621 -4.04999 -7.61892 -8.85008 -7.12502 -4.90086 -8.81409 -8.65666 -4.26026 -6.42117 -7.08687 -7.92273 -4.97785 -7.98495 -8.54592 -4.43526 -9.28794 -7.53342 -7.58628 -5.18712 -7.97772 -8.46853 -4.45477 -8.07286 -7.32111 -7.66403 -5.19325 -8.01066 -8.51338 -4.57944 -8.35931 -7.31453 -7.08979 -5.37599 -8.04625 -8.52742 -3.30456 -8.19301 -6.50806 -9.51057 -3.63241 -7.77931 -8.60245 -2.36431 -8.12274
61.26 -5.03933 -10.0376 -9.33924 -8.73367 -9.34621 -4.04999 -7.61892 -8.85008 -7.12502 -4.90086 -8.81409 -8.65666 -4.26026 -6.42117 -7.08687 -7.92273 -4.97785 -7.98495 -8.54592 -4.43526 -9.28794 -7.53342 -7.58628 -5.18712 -7.97772 -8.46853 -4.45477 -8.07286 -7.32111 -7.66403 -5.19325 -8.01066 -8.51338 -4.57944 -8.35931 -7.31453 -7.08979 -5.37599 -8.04625 -8.52742 -3.30456 -8.19301 -6.50806 -9.51057 -3.63241 -7.77931 -8.60245 -2.36431 -8.12274
61.31 -5.03933 -10.0376 -9.33924 -8.73367 -9.34621 -4.04999 -7.61892 -8.85008 -7.12502 -4.90086 -8.81409 -8.65666 -4.26026 -6.42117 -7.08687 -7.92273 -4.97785 -7.98495 -8.54592 -4.43526 -9.28794 -7.53342 -7.58628 -5.18712 -7.97772 -8.46853 -4.45477 -8.07286 -7.32111 -7.66403 -5.19325 -8.01066 -8.51338 -4.57944 -8.35931 -7.31453 -7.08979 -5.37599 -8.04625 -8.52742 -3.30456 -8.19301 -6.50806 -9.51057 -3.63241 -7.77931 -8.60245 -2.36431 -8.12274
61.36 -5.03933 -10.0376 -9.33924 -8.73367 -9.34621 -4.04999 -7.61892 -8.85008 -7.12502 -4.90086 -8.81409 -8.65666 -4.26026 -6.42117 -7.08687 -7.92273 -4.97785 -7.98495 -8.54592 -4.43526 -9.28794 -7.53342 -7.58628 -5.18712 -7.97772 -8.46853 -4.45477 -8.07286 -7.32111 -7.66403 -5.19325 -8.01066 -8.51338 -4.57944 -8.35931 -7.31453 -7.08979 -5.37599 -8.04625 -8.52742 -3.30456 -8.19301 -6.50806 -9.51057 -3.63241 -7.77931 -8.60245 -2.36431 -8.12274
61.41 -5.03933 -10.0376 -9.33924 -8.73367 -9.34621 -4.04999 -7.61892 -8.85008 -7.12502 -4.90086 -8.81409 -8.65666 -4.26026 -6.42117 -7.08687 -7.92273 -4.97785 -7.98495 -8.54592 -4.43526 -9.28794 -7.53342 -7.58628 -5.18712 -7.97772 -8.46853 -4.45477 -8.07286 -7.32111 -7.66403 -5.19325 -8.01066 -8.51338 -4.57944 -8.35931 -7.31453 -7.08979 -5.37599 -8.04625 -8.52742 -3.30456 -8.19301 -6.50806 -9.51057 -3.63241 -7.77931 -8.60245 -2.36431 -8.12274
61.46 -5.03933 -10.0376 -9.33924 -8.73367 -9.34621 -4.04999 -7.61892 -8.85008 -7.12502 -4.90086 -8.81409 -8.65666 -4.26026 -6.42117 -7.08687 -7.92273 -4.97785 -7.98495 -8.54592 -4.43526 -9.28794 -7.53342 -7.58628 -5.18712 -7.97772 -8.46853 -4.45477 -8.07286 -7.32111 -7.66403 -5.19325 -8.01066 -8.51338 -4.57944 -8.35931 -7.31453 -7.08979 -5.37599 -8.04625 -8.52742 -3.30456 -8.19301 -6.50806 -9.51057 -3.63241 -7.77931 -8.60245 -2.36431 -8.12274
61.51 -5.03933 -10.0376 -9.33924 -8.73367 -9.34621 -4.04999 -7.61892 -8.85008 -7.12502 -4.90086 -8.81409 -8.65666 -4.26026 -6.42117 -7.08687 -7.92273 -4.97785 -7.98495 -8.54592 -4.43526 -9.28794 -7.53342 -7.58628 -5.18712 -7.97772 -8.46853 -4.45477 -8.07286 -7.32111 -7.66403 -5.19325 -8.01066 -8.51338 -4.57944 -8.35931 -7.31453 -7.08979 -5.37599 -8.04625 -8.52742 -3.30456 -8.19301 -6.50806 -9.51057 -3.63241 -7.77931 -8.60245 -2.36431 -8.12274
61.56 -5.03933 -10.0376 -9.33924 -8.73367 -9.34621 -4.04999 -7.61892 -8.85008 -7.12502 -4.90086 -8.81409 -8.65666 -4.26026 -6.42117 -7.08687 -7.92273 -4.97785 -7.98495 -8.54592 -4.43526 -9.28794 -7.53342 -7.58628 -5.18712 -7.97772 -8.46853 -4.45477 -8.07286 -7.32111 -7.66403 -5.19325 -8.01066 -8.51338 -4.57944 -8.35931 -7.31453 -7.08979 -5.37599 -8.04625 -8.52742 -3.30456 -8.19301 -6.50806 -9.51057 -3.63241 -7.77931 -8.60245 -2.36431 -8.12274
61.61 -5.03933 -10.0376 -9.33924 -8.73367 -9.34621 -4.04999 -7.61892 -8.85008 -7.12502 -4.90086 -8.81409 -8.65666 -4.26026 -6.42117 -7.08687 -7.92273 -4.97785 -7.98495 -8.54592 -4.43526 -9.28794 -7.53342 -7.58628 -5.18712 -7.97772 -8.46853 -4.45477 -8.07286 -7.32111 -7.66403 -5.19325 -8.01066 -8.51338 -4.57944 -8.35931 -7.31453 -7.08979 -5.37599 -8.04625 -8.52742 -3.30456 -8.19301 -6.50806 -9.51057 -3.63241 -7.77931 -8.60245 -2.36431 -8.12274
61.66 -5.03933 -10.0376 -9.33924 -8.73367 -9.34621 -4.04999 -7.61892 -8.85008 -7.12502 -4.90086 -8.81409 -8.65666 -4.26026 -6.42117 -7.08687 -7.92273 -4.97785 -7.98495 -8.54592 -4.43526 -9.28794 -7.53342 -7.58628 -5.18712 -7.97772 -8.46853 -4.45477 -8.07286 -7.32111 -7.66403 -5.19325 -8.01066 -8.51338 -4.57944 -8.35931 -7.31453 -7.08979 -5.37599 -8.04625 -8.52742 -3.30456 -8.19301 -6.50806 -9.51057 -3.63241 -7.77931 -8.60245 -2.36431 -8.12274
61.71 -5.03933 -10.0376 -9.33924 -8.73367 -9.34621 -4.04999 -7.61892 -8.85008 -7.12502 -4.90086 -8.81409 -8.65666 -4.26026 -6.42117 -7.08687 -7.92273 -4.97785 -7.98495 -8.54592 -4.43526 -9.28794 -7.53342 -7.58628 -5.18712 -7.97772 -8.46853 -4.45477 -8.07286 -7.32111 -7.66403 -5.19325 -8.01066 -8.51338 -4.57944 -8.35931 -7.31453 -7.08979 -5.37599 -8.04625 -8.52742 -3.30456 -8.19301 -6.50806 -9.51057 -3.63241 -7.77931 -8.60245 -2.36431 -8.12274
61.76 -5.03933 -10.0376 -9.33924 -8.73367 -9.34621 -4.04999 -7.61892 -8.85008 -7.12502 -4.90086 -8.81409 -8.65666 -4.26026 -6.42117 -7.08687 -7.92273 -4.97785 -7.98495 -8.54592 -4.43526 -9.28794 -7.53342 -7.58628 -5.18712 -7.97772 -8.46853 -4.45477 -8.07286 -7.32111 -7.66403 -5.19325 -8.01066 -8.51338 -4.57944 -8.35931 -7.31453 -7.08979 -5.37599 -8.04625 -8.52742 -3.30456 -8.19301 -6.50806 -9.51057 -3.63241 -7.77931 -8.60245 -2.36431 -8.12274
61.81 -5.03933 -10.0376 -9.33924 -8.73367 -9.34621 -4.04999 -7.61892 -8.85008 -7.12502 -4.90086 -8.81409 -8.65666 -4.26026 -6.42117 -7.08687 -7.92273 -4.97785 -7.98495 -8.54592 -4.43526 -9.28794 -7.53342 -7.58628 -5.18712 -7.97772 -8.46853 -4.45477 -8.07286 -7.32111 -7.66403 -5.19325 -8.01066 -8.51338 -4.57944 -8.35931 -7.31453 -7.08979 -5.37599 -8.04625 -8.52742 -3.30456 -8.19301 -6.50806 -9.51057 -3.63241 -7.77931 -8.60245 -2.36431 -8.12274
61.86 -5.03933 -10.0376 -9.33924 -8.73367 -9.34621 -4.04999 -7.61892 -8.85008 -7.12502 -4.90086 -8.81409 -8.65666 -4.26026 -6.42117 -7.08687 -7.92273 -4.97785 -7.98495 -8.54592 -4.43526 -9.28794 -7.53342 -7.58628 -5.18712 -7.97772 -8.46853 -4.45477 -8.07286 -7.32111 -7.66403 -5.19325 -8.01066 -8.51338 -4.57944 -8.35931 -7.31453 -7.08979 -5.37599 -8.04625 -8.52742 -3.30456 -8.19301 -6.50806 -9.51057 -3.63241 -7.77931 -8.60245 -2.36431 -8.12274
61.91 -5.03933 -10.0376 -9.33924 -8.73367 -9.34621 -4.04999 -7.61892 -8.85008 -7.12502 -4.90086 -8.81409 -8.65666 -4.26026 -6.42117 -7.08687 -7.92273 -4.97785 -7.98495 -8.54592 -4.43526 -9.28794 -7.53342 -7.58628 -5.18712 -7.97772 -8.46853 -4.45477 -8.07286 -7.32111 -7.66403 -5.19325 -8.01066 -8.51338 -4.57944 -8.35931 -7.31453 -7.08979 -5.37599 -8.04625 -8.52742 -3.30456 -8.19301 -6.50806 -9.51057 -3.63241 -7.77931 -8.60245 -2.36431 -8.12274
61.96 -5.03933 -10.0376 -9.33924 -8.73367 -9.34621 -4.04999 -7.61892 -8.85008 -7.12502 -4.90086 -8.81409 -8.65666 -4.26026 -6.42117 -7.08687 -7.92273 -4.97785 -7.98495 -8.54592 -4.43526 -9.28794 -7.53342 -7.58628 -5.18712 -7.97772 -8.46853 -4.45477 -8.07286 -7.32111 -7.66403 -5.19325 -8.01066 -8.51338 -4.57944 -8.35931 -7.31453 -7.08979 -5.37599 -8.04625 -8.52742 -3.30456 -8.19301 -6.50806 -9.51057 -3.63241 -7.77931 -8.60245 -2.36431 -8.12274
62.01 -5.03933 -10.0376 -9.33924 -8.73367 -9.34621 -4.04999 -7.61892 -8.85008 -7.12502 -4.90086 -8.81409 -8.65666 -4.26026 -6.42117 -7.08687 -7.92273 -4.97785 -7.98495 -8.54592 -4.43526 -9.28794 -7.53342 -7.58628 -5.18712 -7.97772 -8.46853 -4.45477 -8.07286 -7.32111 -7.66403 -5.19325 -8.01066 -8.51338 -4.57944 -8.35931 -7.31453 -7.08979 -5.37599 -8.04625 -8.52742 -3.30456 -8.19301 -6.50806 -9.51057 -3.63241 -7.77931 -8.60245 -2.36431 -8.12274
62.06 -5.03933 -10.0376 -9.33924 -8.73367 -9.34621 -4.04999 -7.61892 -8.85008 -7.12502 -4.90086 -8.81409 -8.65666 -4.26026 -6.42117 -7.08687 -7.92273 -4.97785 -7.98495 -8.54592 -4.43526 -9.28794 -7.53342 -7.58628 -5.18712 -7.97772 -8.46853 -4.45477 -8.07286 -7.32111 -7.66403 -5.19325 -8.01066 -8.51338 -4.57944 -8.35931 -7.31453 -7.08979 -5.37599 -8.04625 -8.52742 -3.30456 -8.19301 -6.50806 -9.51057 -3.63241 -7.77931 -8.60245 -2.36431 -8.12274
62.11 -5.03933 -10.0376 -9.33924 -8.73367 -9.34621 -4.04999 -7.61892 -8.85008 -7.12502 -4.90086 -8.81409 -8.65666 -4.26026 -6.42117 -7.08687 -7.92273 -4.97785 -7.98495 -8.54592 -4.43526 -9.28794 -7.53342 -7.58628 -5.18712 -7.97772 -8.46853 -4.45477 -8.07286 -7.32111 -7.66403 -5.19325 -8.01066 -8.51338 -4.57944 -8.35931 -7.31453 -7.08979 -5.37599 -8.04625 -8.52742 -3.30456 -8.19301 -6.50806 -9.51057 -3.63241 -7.77931 -8.60245 -2.36431 -8.12274
62.16 -5.03933 -10.0376 -9.33924 -8.73367 -9.34621 -4.04999 -7.61892 -8.85008 -7.12502 -4.90086 -8.81409 -8.65666 -4.26026 -6.42117 -7.08687 -7.92273 -4.97785 -7.98495 -8.54592 -4.43526 -9.28794 -7.53342 -7.58628 -5.18712 -7.97772 -8.46853 -4.45477 -8.07286 -7.32111 -7.66403 -5.19325 -8.01066 -8.51338 -4.57944 -8.35931 -7.31453 -7.08979 -5.37599 -8.04625 -8.52742 -3.30456 -8.19301 -6.50806 -9.51057 -3.63241 -7.77931 -8.60245 -2.36431 -8.12274
62.21 -5.03933 -10.0376 -9.33924 -8.73367 -9.34621 -4.04999 -7.61892 -8.85008 -7.12502 -4.90086 -8.81409 -8.65666 -4.26026 -6.42117 -7.08687 -7.92273 -4.97785 -7.98495 -8.54592 -4.43526 -9.28794 -7.53342 -7.58628 -5.18712 -7.97772 -8.46853 -4.45477 -8.07286 -7.32111 -7.66403 -5.19325 -8.01066 -8.51338 -4.57944 -8.35931 -7.31453 -7.08979 -5.37599 -8.04625 -8.52742 -3.30456 -8.19301 -6.50806 -9.51057 -3.63241 -7.77931 -8.60245 -2.36431 -8.12274
62.26 -5.03933 -10.0376 -9.33924 -8.73367 -9.34621 -4.04999 -7.61892 -8.85008 -7.12502 -4.90086 -8.81409 -8.65666 -4.26026 -6.42117 -7.08687 -7.92273 -4.97785 -7.98495 -8.54592 -4.43526 -9.28794 -7.53342 -7.58628 -5.18712 -7.97772 -8.46853 -4.45477 -8.07286 -7.32111 -7.66403 -5.19325 -8.01066 -8.51338 -4.57944 -8.35931 -7.31453 -7.08979 -5.37599 -8.04625 -8.52742 -3.30456 -8.19301 -6.50806 -9.51057 -3.63241 -7.77931 -8.60245 -2.36431 -8.12274
62.31 -5.03933 -10.0376 -9.33924 -8.73367 -9.34621 -4.04999 -7.61892 -8.85008 -7.12502 -4.90086 -8.81409 -8.65666 -4.26026 -6.42117 -7.08687 -7.92273 -4.97785 -7.98495 -8.54592 -4.43526 -9.28794 -7.53342 -7.58628 -5.18712 -7.97772 -8.46853 -4.45477 -8.07286 -7.32111 -7.66403 -5.19325 -8.01066 -8.51338 -4.57944 -8.35931 -7.31453 -7.08979 -5.37599 -8.04625 -8.52742 -3.30456 -8.19301 -6.50806 -9.51057 -3.63241 -7.77931 -8.60245 -2.36431 -8.12274
62.36 -5.03933 -10.0376 -9.33924 -8.73367 -9.34621 -4.04999 -7.61892 -8.85008 -7.12502 -4.90086 -8.81409 -8.65666 -4.26026 -6.42117 -7.08687 -7.92273 -4.97785 -7.98495 -8.54592 -4.43526 -9.28794 -7.53342 -7.58628 -5.18712 -7.97772 -8.46853 -4.45477 -8.07286 -7.32111 -7.66403 -5.19325 -8.01066 -8.51338 -4.57944 -8.35931 -7.31453 -7.08979 -5.37599 -8.04625 -8.52742 -3.30456 -8.19301 -6.50806 -9.51057 -3.63241 -7.77931 -8.60245 -2.36431 -8.12274
62.41 -5.03933 -10.0376 -9.33924 -8.73367 -9.34621 -4.04999 -7.61892 -8.85008 -7.12502 -4.90086 -8.81409 -8.65666 -4.26026 -6.42117 -7.08687 -7.92273 -4.97785 -7.98495 -8.54592 -4.43526 -9.28794 -7.53342 -7.58628 -5.18712 -7.97772 -8.46853 -4.45477 -8.07286 -7.32111 -7.66403 -5.19325 -8.01066 -8.51338 -4.57944 -8.35931 -7.31453 -7.08979 -5.37599 -8.04625 -8.52742 -3.30456 -8.19301 -6.50806 -9.51057 -3.63241 -7.77931 -8.60245 -2.36431 -8.12274
62.46 -5.03933 -10.0376 -9.33924 -8.73367 -9.34621 -4.04999 -7.61892 -8.85008 -7.12502 -4.90086 -8.81409 -8.65666 -4.26026 -6.42117 -7.08687 -7.92273 -4.97785 -7.98495 -8.54592 -4.43526 -9.28794 -7.53342 -7.58628 -5.18712 -7.97772 -8.46853 -4.45477 -8.07286 -7.32111 -7.66403 -5.19325 -8.01066 -8.51338 -4.57944 -8.35931 -7.31453 -7.08979 -5.37599 -8.04625 -8.52742 -3.30456 -8.19301 -6.50806 -9.51057 -3.63241 -7.77931 -8.60245 -2.36431 -8.12274
62.51 -5.03933 -10.0376 -9.33924 -8.73367 -9.34621 -4.04999 -7.61892 -8.85008 -7.12502 -4.90086 -8.81409 -8.65666 -4.26026 -6.42117 -7.08687 -7.92273 -4.97785 -7.98495 -8.54592 -4.43526 -9.28794 -7.53342 -7.58628 -5.18712 -7.97772 -8.46853 -4.45477 -8.07286 -7.32111 -7.66403 -5.19325 -8.01066 -8.51338 -4.57944 -8.35931 -7.31453 -7.08979 -5.37599 -8.04625 -8.52742 -3.30456 -8.19301 -6.50806 -9.51057 -3.63241 -7.77931 -8.60245 -2.36431 -8.12274
62.56 -5.03933 -10.0376 -9.33924 -8.73367 -9.34621 -4.04999 -7.61892 -8.85008 -7.12502 -4.90086 -8.81409 -8.65666 -4.26026 -6.42117 -7.08687 -7.92273 -4.97785 -7.98495 -8.54592 -4.43526 -9.28794 -7.53342 -7.58628 -5.18712 -7.97772 -8.46853 -4.45477 -8.07286 -7.32111 -7.66403 -5.19325 -8.01066 -8.51338 -4.57944 -8.35931 -7.31453 -7.08979 -5.37599 -8.04625 -8.52742 -3.30456 -8.19301 -6.50806 -9.51057 -3.63241 -7.77931 -8.60245 -2.36431 -8.12274
62.61 -5.03933 -10.0376 -9.33924 -8.73367 -9.34621 -4.04999 -7.61892 -8.85008 -7.12502 -4.90086 -8.81409 -8.65666 -4.26026 -6.42117 -7.08687 -7.92273 -4.97785 -7.98495 -8.54592 -4.43526 -9.28794 -7.53342 -7.58628 -5.18712 -7.97772 -8.46853 -4.45477 -8.07286 -7.32111 -7.66403 -5.19325 -8.01066 -8.51338 -4.57944 -8.35931 -7.31453 -7.08979 -5.37599 -8.04625 -8.52742 -3.30456 -8.19301 -6.50806 -9.51057 -3.63241 -7.77931 -8.60245 -2.36431 -8.12274
62.66 -5.03933 -10.0376 -9.33924 -8.73367 -9.34621 -4.04999 -7.61892 -8.85008 -7.12502 -4.90086 -8.81409 -8.65666 -4.26026 -6.42117 -7.08687 -7.92273 -4.97785 -7.98495 -8.54592 -4.43526 -9.28794 -7.53342 -7.58628 -5.18712 -7.97772 -8.46853 -4.45477 -8.07286 -7.32111 -7.66403 -5.19325 -8.01066 -8.51338 -4.57944 -8.35931 -7.31453 -7.08979 -5.37599 -8.04625 -8.52742 -3.30456 -8.19301 -6.50806 -9.51057 -3.63241 -7.77931 -8.60245 -2.36431 -8.12274
62.71 -5.03933 -10.0376 -9.33924 -8.73367 -9.34621 -4.04999 -7.61892 -8.85008 -7.12502 -4.90086 -8.81409 -8.65666 -4.26026 -6.42117 -7.08687 -7.92273 -4.97785 -7.98495 -8.54592 -4.43526 -9.28794 -7.53342 -7.58628 -5.18712 -7.97772 -8.46853 -4.45477 -8.07286 -7.32111 -7.66403 -5.19325 -8.01066 -8.51338 -4.57944 -8.35931 -7.31453 -7.08979 -5.37599 -8.04625 -8.52742 -3.30456 -8.19301 -6.50806 -9.51057 -3.63241 -7.77931 -8.60245 -2.36431 -8.12274
62.76 -5.03933 -10.0376 -9.33924 -8.73367 -9.34621 -4.04999 -7.61892 -8.85008 -7.12502 -4.90086 -8.81409 -8.65666 -4.26026 -6.42117 -7.08687 -7.92273 -4.97785 -7.98495 -8.54592 -4.43526 -9.28794 -7.53342 -7.58628 -5.18712 -7.97772 -8.46853 -4.45477 -8.07286 -7.32111 -7.66403 -5.19325 -8.01066 -8.51338 -4.57944 -8.35931 -7.31453 -7.08979 -5.37599 -8.04625 -8.52742 -3.30456 -8.19301 -6.50806 -9.51057 -3.63241 -7.77931 -8.60245 -2.36431 -8.12274
62.81 -5.03933 -10.0376 -9.33924 -8.73367 -9.34621 -4.04999 -7.61892 -8.85008 -7.12502 -4.90086 -8.81409 -8.65666 -4.26026 -6.42117 -7.08687 -7.92273 -4.97785 -7.98495 -8.54592 -4.43526 -9.28794 -7.53342 -7.58628 -5.18712 -7.97772 -8.46853 -4.45477 -8.07286 -7.32111 -7.66403 -5.19325 -8.01066 -8.51338 -4.57944 -8.35931 -7.31453 -7.08979 -5.37599 -8.04625 -8.52742 -3.30456 -8.19301 -6.50806 -9.51057 -3.63241 -7.77931 -8.60245 -2.36431 -8.12274
62.86 -5.03933 -10.0376 -9.33924 -8.73367 -9.34621 -4.04999 -7.61892 -8.85008 -7.12502 -4.90086 -8.81409 -8.65666 -4.26026 -6.42117 -7.08687 -7.92273 -4.97785 -7.98495 -8.54592 -4.43526 -9.28794 -7.53342 -7.58628 -5.18712 -7.97772 -8.46853 -4.45477 -8.07286 -7.32111 -7.66403 -5.19325 -8.01066 -8.51338 -4.57944 -8.35931 -7.31453 -7.08979 -5.37599 -8.04625 -8.52742 -3.30456 -8.19301 -6.50806 -9.51057 -3.63241 -7.77931 -8.60245 -2.36431 -8.12274
62.91 -5.03933 -10.0376 -9.33924 -8.73367 -9.34621 -4.04999 -7.61892 -8.85008 -7.12502 -4.90086 -8.81409 -8.65666 -4.26026 -6.42117 -7.08687 -7.92273 -4.97785 -7.98495 -8.54592 -4.43526 -9.28794 -7.53342 -7.58628 -5.18712 -7.97772 -8.46853 -4.45477 -8.07286 -7.32111 -7.66403 -5.19325 -8.01066 -8.51338 -4.57944 -8.35931 -7.31453 -7.08979 -5.37599 -8.04625 -8.52742 -3.30456 -8.19301 -6.50806 -9.51057 -3.63241 -7.77931 -8.60245 -2.36431 -8.12274
62.96 -5.03933 -10.0376 -9.33924 -8.73367 -9.34621 -4.04999 -7.61892 -8.85008 -7.12502 -4.90086 -8.81409 -8.65666 -4.26026 -6.42117 -7.08687 -7.92273 -4.97785 -7.98495 -8.54592 -4.43526 -9.28794 -7.53342 -7.58628 -5.18712 -7.97772 -8.46853 -4.45477 -8.07286 -7.32111 -7.66403 -5.19325 -8.01066 -8.51338 -4.57944 -8.35931 -7.31453 -7.08979 -5.37599 -8.04625 -8.52742 -3.30456 -8.19301 -6.50806 -9.51057 -3.63241 -7.77931 -8.60245 -2.36431 -8.12274
63.01 -5.03933 -10.0376 -9.33924 -8.73367 -9.34621 -4.04999 -7.61892 -8.85008 -7.12502 -4.90086 -8.81409 -8.65666 -4.26026 -6.42117 -7.08687 -7.92273 -4.97785 -7.98495 -8.54592 -4.43526 -9.28794 -7.53342 -7.58628 -5.18712 -7.97772 -8.46853 -4.45477 -8.07286 -7.32111 -7.66403 -5.19325 -8.01066 -8.51338 -4.57944 -8.35931 -7.31453 -7.08979 -5.37599 -8.04625 -8.52742 -3.30456 -8.19301 -6.50806 -9.51057 -3.63241 -7.77931 -8.60245 -2.36431 -8.12274
63.06 -5.03933 -10.0376 -9.33924 -8.73367 -9.34621 -4.04999 -7.61892 -8.85008 -7.12502 -4.90086 -8.81409 -8.65666 -4.26026 -6.42117 -7.08687 -7.92273 -4.97785 -7.98495 -8.54592 -4.43526 -9.28794 -7.53342 -7.58628 -5.18712 -7.97772 -8.46853 -4.45477 -8.07286 -7.32111 -7.66403 -5.19325 -8.01066 -8.51338 -4.57944 -8.35931 -7.31453 -7.08979 -5.37599 -8.04625 -8.52742 -3.30456 -8.19301 -6.50806 -9.51057 -3.63241 -7.77931 -8.60245 -2.36431 -8.12274
63.11 -5.03933 -10.0376 -9.33924 -8.73367 -9.34621 -4.04999 -7.61892 -8.85008 -7.12502 -4.90086 -8.81409 -8.65666 -4.26026 -6.42117 -7.08687 -7.92273 -4.97785 -7.98495 -8.54592 -4.43526 -9.28794 -7.53342 -7.58628 -5.18712 -7.97772 -8.46853 -4.45477 -8.07286 -7.32111 -7.66403 -5.19325 -8.01066 -8.51338 -4.57944 -8.35931 -7.31453 -7.08979 -5.37599 -8.04625 -8.52742 -3.30456 -8.19301 -6.50806 -9.51057 -3.63241 -7.77931 -8.60245 -2.36431 -8.12274
63.16 -5.03933 -10.0376 -9.33924 -8.73367 -9.34621 -4.04999 -7.61892 -8.85008 -7.12502 -4.90086 -8.81409 -8.65666 -4.26026 -6.42117 -7.08687 -7.92273 -4.97785 -7.98495 -8.54592 -4.43526 -9.28794 -7.53342 -7.58628 -5.18712 -7.97772 -8.46853 -4.45477 -8.07286 -7.32111 -7.66403 -5.19325 -8.01066 -8.51338 -4.57944 -8.35931 -7.31453 -7.08979 -5.37599 -8.04625 -8.52742 -3.30456 -8.19301 -6.50806 -9.51057 -3.63241 -7.77931 -8.60245 -2.36431 -8.12274
63.21 -5.03933 -10.0376 -9.33924 -8.73367 -9.34621 -4.04999 -7.61892 -8.85008 -7.12502 -4.90086 -8.81409 -8.65666 -4.26026 -6.42117 -7.08687 -7.92273 -4.97785 -7.98495 -8.54592 -4.43526 -9.28794 -7.53342 -7.58628 -5.18712 -7.97772 -8.46853 -4.45477 -8.07286 -7.32111 -7.66403 -5.19325 -8.01066 -8.51338 -4.57944 -8.35931 -7.31453 -7.08979 -5.37599 -8.04625 -8.52742 -3.30456 -8.19301 -6.50806 -9.51057 -3.63241 -7.77931 -8.60245 -2.36431 -8.12274
63.26 -5.03933 -10.0376 -9.33924 -8.73367 -9.34621 -4.04999 -7.61892 -8.85008 -7.12502 -4.90086 -8.81409 -8.65666 -4.26026 -6.42117 -7.08687 -7.92273 -4.97785 -7.98495 -8.54592 -4.43526 -9.28794 -7.53342 -7.58628 -5.18712 -7.97772 -8.46853 -4.45477 -8.07286 -7.32111 -7.66403 -5.19325 -8.01066 -8.51338 -4.57944 -8.35931 -7.31453 -7.08979 -5.37599 -8.04625 -8.52742 -3.30456 -8.19301 -6.50806 -9.51057 -3.63241 -7.77931 -8.60245 -2.36431 -8.12274
63.31 -5.03933 -10.0376 -9.33924 -8.73367 -9.34621 -4.04999 -7.61892 -8.85008 -7.12502 -4.90086 -8.81409 -8.65666 -4.26026 -6.42117 -7.08687 -7.92273 -4.97785 -7.98495 -8.54592 -4.43526 -9.28794 -7.53342 -7.58628 -5.18712 -7.97772 -8.46853 -4.45477 -8.07286 -7.32111 -7.66403 -5.19325 -8.01066 -8.51338 -4.57944 -8.35931 -7.31453 -7.08979 -5.37599 -8.04625 -8.52742 -3.30456 -8.19301 -6.50806 -9.51057 -3.63241 -7.77931 -8.60245 -2.36431 -8.12274
63.36 -5.03933 -10.0376 -9.33924 -8.73367 -9.34621 -4.04999 -7.61892 -8.85008 -7.12502 -4.90086 -8.81409 -8.65666 -4.26026 -6.42117 -7.08687 -7.92273 -4.97785 -7.98495 -8.54592 -4.43526 -9.28794 -7.53342 -7.58628 -5.18712 -7.97772 -8.46853 -4.45477 -8.07286 -7.32111 -7.66403 -5.19325 -8.01066 -8.51338 -4.57944 -8.35931 -7.31453 -7.08979 -5.37599 -8.04625 -8.52742 -3.30456 -8.19301 -6.50806 -9.51057 -3.63241 -7.77931 -8.60245 -2.36431 -8.12274
63.41 -5.03933 -10.0376 -9.33924 -8.73367 -9.34621 -4.04999 -7.61892 -8.85008 -7.12502 -4.90086 -8.81409 -8.65666 -4.26026 -6.42117 -7.08687 -7.92273 -4.97785 -7.98495 -8.54592 -4.43526 -9.28794 -7.53342 -7.58628 -5.18712 -7.97772 -8.46853 -4.45477 -8.07286 -7.32111 -7.66403 -5.19325 -8.01066 -8.51338 -4.57944 -8.35931 -7.31453 -7.08979 -5.37599 -8.04625 -8.52742 -3.30456 -8.19301 -6.50806 -9.51057 -3.63241 -7.77931 -8.60245 -2.36431 -8.12274
63.46 -5.03933 -10.0376 -9.33924 -8.73367 -9.34621 -4.04999 -7.61892 -8.85008 -7.12502 -4.90086 -8.81409 -8.65666 -4.26026 -6.42117 -7.08687 -7.92273 -4.97785 -7.98495 -8.54592 -4.43526 -9.28794 -7.53342 -7.58628 -5.18712 -7.97772 -8.46853 -4.45477 -8.07286 -7.32111 -7.66403 -5.19325 -8.01066 -8.51338 -4.57944 -8.35931 -7.31453 -7.08979 -5.37599 -8.04625 -8.52742 -3.30456 -8.19301 -6.50806 -9.51057 -3.63241 -7.77931 -8.60245 -2.36431 -8.12274
63.51 -5.03933 -10.0376 -9.33924 -8.73367 -9.34621 -4.04999 -7.61892 -8.85008 -7.12502 -4.90086 -8.81409 -8.65666 -4.26026 -6.42117 -7.08687 -7.92273 -4.97785 -7.98495 -8.54592 -4.43526 -9.28794 -7.53342 -7.58628 -5.18712 -7.97772 -8.46853 -4.45477 -8.07286 -7.32111 -7.66403 -5.19325 -8.01066 -8.51338 -4.57944 -8.35931 -7.31453 -7.08979 -5.37599 -8.04625 -8.52742 -3.30456 -8.19301 -6.50806 -9.51057 -3.63241 -7.77931 -8.60245 -2.36431 -8.12274
63.56 -5.03933 -10.0376 -9.33924 -8.73367 -9.34621 -4.04999 -7.61892 -8.85008 -7.12502 -4.90086 -8.81409 -8.65666 -4.26026 -6.42117 -7.08687 -7.92273 -4.97785 -7.98495 -8.54592 -4.43526 -9.28794 -7.53342 -7.58628 -5.18712 -7.97772 -8.46853 -4.45477 -8.07286 -7.32111 -7.66403 -5.19325 -8.01066 -8.51338 -4.57944 -8.35931 -7.31453 -7.08979 -5.37599 -8.04625 -8.52742 -3.30456 -8.19301 -6.50806 -9.51057 -3.63241 -7.77931 -8.60245 -2.36431 -8.12274
63.61 -5.03933 -10.0376 -9.33924 -8.73367 -9.34621 -4.04999 -7.61892 -8.85008 -7.12502 -4.90086 -8.81409 -8.65666 -4.26026 -6.42117 -7.08687 -7.92273 -4.97785 -7.98495 -8.54592 -4.43526 -9.28794 -7.53342 -7.58628 -5.18712 -7.97772 -8.46853 -4.45477 -8.07286 -7.32111 -7.66403 -5.19325 -8.01066 -8.51338 -4.57944 -8.35931 -7.31453 -7.08979 -5.37599 -8.04625 -8.52742 -3.30456 -8.19301 -6.50806 -9.51057 -3.63241 -7.77931 -8.60245 -2.36431 -8.12274
63.66 -5.03933 -10.0376 -9.33924 -8.73367 -9.34621 -4.04999 -7.61892 -8.85008 -7.12502 -4.90086 -8.81409 -8.65666 -4.26026 -6.42117 -7.08687 -7.92273 -4.97785 -7.98495 -8.54592 -4.43526 -9.28794 -7.53342 -7.58628 -5.18712 -7.97772 -8.46853 -4.45477 -8.07286 -7.32111 -7.66403 -5.19325 -8.01066 -8.51338 -4.57944 -8.35931 -7.31453 -7.08979 -5.37599 -8.04625 -8.52742 -3.30456 -8.19301 -6.50806 -9.51057 -3.63241 -7.77931 -8.60245 -2.36431 -8.12274
63.71 -5.03933 -10.0376 -9.33924 -8.73367 -9.34621 -4.04999 -7.61892 -8.85008 -7.12502 -4.90086 -8.81409 -8.65666 -4.26026 -6.42117 -7.08687 -7.92273 -4.97785 -7.98495 -8.54592 -4.43526 -9.28794 -7.53342 -7.58628 -5.18712 -7.97772 -8.46853 -4.45477 -8.07286 -7.32111 -7.66403 -5.19325 -8.01066 -8.51338 -4.57944 -8.35931 -7.31453 -7.08979 -5.37599 -8.04625 -8.52742 -3.30456 -8.19301 -6.50806 -9.51057 -3.63241 -7.77931 -8.60245 -2.36431 -8.12274
63.76 -5.03933 -10.0376 -9.33924 -8.73367 -9.34621 -4.04999 -7.61892 -8.85008 -7.12502 -4.90086 -8.81409 -8.65666 -4.26026 -6.42117 -7.08687 -7.92273 -4.97785 -7.98495 -8.54592 -4.43526 -9.28794 -7.53342 -7.58628 -5.18712 -7.97772 -8.46853 -4.45477 -8.07286 -7.32111 -7.66403 -5.19325 -8.01066 -8.51338 -4.57944 -8.35931 -7.31453 -7.08979 -5.37599 -8.04625 -8.52742 -3.30456 -8.19301 -6.50806 -9.51057 -3.63241 -7.77931 -8.60245 -2.36431 -8.12274
63.81 -5.03933 -10.0376 -9.33924 -8.73367 -9.34621 -4.04999 -7.61892 -8.85008 -7.12502 -4.90086 -8.81409 -8.65666 -4.26026 -6.42117 -7.08687 -7.92273 -4.97785 -7.98495 -8.54592 -4.43526 -9.28794 -7.53342 -7.58628 -5.18712 -7.97772 -8.46853 -4.45477 -8.07286 -7.32111 -7.66403 -5.19325 -8.01066 -8.51338 -4.57944 -8.35931 -7.31453 -7.08979 -5.37599 -8.04625 -8.52742 -3.30456 -8.19301 -6.50806 -9.51057 -3.63241 -7.77931 -8.60245 -2.36431 -8.12274
63.86 -5.03933 -10.0376 -9.33924 -8.73367 -9.34621 -4.04999 -7.61892 -8.85008 -7.12502 -4.90086 -8.81409 -8.65666 -4.26026 -6.42117 -7.08687 -7.92273 -4.97785 -7.98495 -8.54592 -4.43526 -9.28794 -7.53342 -7.58628 -5.18712 -7.97772 -8.46853 -4.45477 -8.07286 -7.32111 -7.66403 -5.19325 -8.01066 -8.51338 -4.57944 -8.35931 -7.31453 -7.08979 -5.37599 -8.04625 -8.52742 -3.30456 -8.19301 -6.50806 -9.51057 -3.63241 -7.77931 -8.60245 -2.36431 -8.12274
63.91 -5.03933 -10.0376 -9.33924 -8.73367 -9.34621 -4.04999 -7.61892 -8.85008 -7.12502 -4.90086 -8.81409 -8.65666 -4.26026 -6.42117 -7.08687 -7.92273 -4.97785 -7.98495 -8.54592 -4.43526 -9.28794 -7.53342 -7.58628 -5.18712 -7.97772 -8.46853 -4.45477 -8.07286 -7.32111 -7.66403 -5.19325 -8.01066 -8.51338 -4.57944 -8.35931 -7.31453 -7.08979 -5.37599 -8.04625 -8.52742 -3.30456 -8.19301 -6.50806 -9.51057 -3.63241 -7.77931 -8.60245 -2.36431 -8.12274
63.96 -5.03933 -10.0376 -9.33924 -8.73367 -9.34621 -4.04999 -7.61892 -8.85008 -7.12502 -4.90086 -8.81409 -8.65666 -4.26026 -6.42117 -7.08687 -7.92273 -4.97785 -7.98495 -8.54592 -4.43526 -9.28794 -7.53342 -7.58628 -5.18712 -7.97772 -8.46853 -4.45477 -8.07286 -7.32111 -7.66403 -5.19325 -8.01066 -8.51338 -4.57944 -8.35931 -7.31453 -7.08979 -5.37599 -8.04625 -8.52742 -3.30456 -8.19301 -6.50806 -9.51057 -3.63241 -7.77931 -8.60245 -2.36431 -8.12274
64.01 -5.03933 -10.0376 -9.33924 -8.73367 -9.34621 -4.04999 -7.61892 -8.85008 -7.12502 -4.90086 -8.81409 -8.65666 -4.26026 -6.42117 -7.08687 -7.92273 -4.97785 -7.98495 -8.54592 -4.43526 -9.28794 -7.53342 -7.58628 -5.18712 -7.97772 -8.46853 -4.45477 -8.07286 -7.32111 -7.66403 -5.19325 -8.01066 -8.51338 -4.57944 -8.35931 -7.31453 -7.08979 -5.37599 -8.04625 -8.52742 -3.30456 -8.19301 -6.50806 -9.51057 -3.63241 -7.77931 -8.60245 -2.36431 -8.12274
64.06 -5.03933 -10.0376 -9.33924 -8.73367 -9.34621 -4.04999 -7.61892 -8.85008 -7.12502 -4.90086 -8.81409 -8.65666 -4.26026 -6.42117 -7.08687 -7.92273 -4.97785 -7.98495 -8.54592 -4.43526 -9.28794 -7.53342 -7.58628 -5.18712 -7.97772 -8.46853 -4.45477 -8.07286 -7.32111 -7.66403 -5.19325 -8.01066 -8.51338 -4.57944 -8.35931 -7.31453 -7.08979 -5.37599 -8.04625 -8.52742 -3.30456 -8.19301 -6.50806 -9.51057 -3.63241 -7.77931 -8.60245 -2.36431 -8.12274
64.11 -5.03933 -10.0376 -9.33924 -8.73367 -9.34621 -4.04999 -7.61892 -8.85008 -7.12502 -4.90086 -8.81409 -8.65666 -4.26026 -6.42117 -7.08687 -7.92273 -4.97785 -7.98495 -8.54592 -4.43526 -9.28794 -7.53342 -7.58628 -5.18712 -7.97772 -8.46853 -4.45477 -8.07286 -7.32111 -7.66403 -5.19325 -8.01066 -8.51338 -4.57944 -8.35931 -7.31453 -7.08979 -5.37599 -8.04625 -8.52742 -3.30456 -8.19301 -6.50806 -9.51057 -3.63241 -7.77931 -8.60245 -2.36431 -8.12274
64.16 -5.03933 -10.0376 -9.33924 -8.73367 -9.34621 -4.04999 -7.61892 -8.85008 -7.12502 -4.90086 -8.81409 -8.65666 -4.26026 -6.42117 -7.08687 -7.92273 -4.97785 -7.98495 -8.54592 -4.43526 -9.28794 -7.53342 -7.58628 -5.18712 -7.97772 -8.46853 -4.45477 -8.07286 -7.32111 -7.66403 -5.19325 -8.01066 -8.51338 -4.57944 -8.35931 -7.31453 -7.08979 -5.37599 -8.04625 -8.52742 -3.30456 -8.19301 -6.50806 -9.51057 -3.63241 -7.77931 -8.60245 -2.36431 -8.12274
64.21 -5.03933 -10.0376 -9.33924 -8.73367 -9.34621 -4.04999 -7.61892 -8.85008 -7.12502 -4.90086 -8.81409 -8.65666 -4.26026 -6.42117 -7.08687 -7.92273 -4.97785 -7.98495 -8.54592 -4.43526 -9.28794 -7.53342 -7.58628 -5.18712 -7.97772 -8.46853 -4.45477 -8.07286 -7.32111 -7.66403 -5.19325 -8.01066 -8.51338 -4.57944 -8.35931 -7.31453 -7.08979 -5.37599 -8.04625 -8.52742 -3.30456 -8.19301 -6.50806 -9.51057 -3.63241 -7.77931 -8.60245 -2.36431 -8.12274
64.26 -5.03933 -10.0376 -9.33924 -8.73367 -9.34621 -4.04999 -7.61892 -8.85008 -7.12502 -4.90086 -8.81409 -8.65666 -4.26026 -6.42117 -7.08687 -7.92273 -4.97785 -7.98495 -8.54592 -4.43526 -9.28794 -7.53342 -7.58628 -5.18712 -7.97772 -8.46853 -4.45477 -8.07286 -7.32111 -7.66403 -5.19325 -8.01066 -8.51338 -4.57944 -8.35931 -7.31453 -7.08979 -5.37599 -8.04625 -8.52742 -3.30456 -8.19301 -6.50806 -9.51057 -3.63241 -7.77931 -8.60245 -2.36431 -8.12274
64.31 -5.03933 -10.0376 -9.33924 -8.73367 -9.34621 -4.04999 -7.61892 -8.85008 -7.12502 -4.90086 -8.81409 -8.65666 -4.26026 -6.42117 -7.08687 -7.92273 -4.97785 -7.98495 -8.54592 -4.43526 -9.28794 -7.53342 -7.58628 -5.18712 -7.97772 -8.46853 -4.45477 -8.07286 -7.32111 -7.66403 -5.19325 -8.01066 -8.51338 -4.57944 -8.35931 -7.31453 -7.08979 -5.37599 -8.04625 -8.52742 -3.30456 -8.19301 -6.50806 -9.51057 -3.63241 -7.77931 -8.60245 -2.36431 -8.12274
64.36 -5.03933 -10.0376 -9.33924 -8.73367 -9.34621 -4.04999 -7.61892 -8.85008 -7.12502 -4.90086 -8.81409 -8.65666 -4.26026 -6.42117 -7.08687 -7.92273 -4.97785 -7.98495 -8.54592 -4.43526 -9.28794 -7.53342 -7.58628 -5.18712 -7.97772 -8.46853 -4.45477 -8.07286 -7.32111 -7.66403 -5.19325 -8.01066 -8.51338 -4.57944 -8.35931 -7.31453 -7.08979 -5.37599 -8.04625 -8.52742 -3.30456 -8.19301 -6.50806 -9.51057 -3.63241 -7.77931 -8.60245 -2.36431 -8.12274
64.41 -5.03933 -10.0376 -9.33924 -8.73367 -9.34621 -4.04999 -7.61892 -8.85008 -7.12502 -4.90086 -8.81409 -8.65666 -4.26026 -6.42117 -7.08687 -7.92273 -4.97785 -7.98495 -8.54592 -4.43526 -9.28794 -7.53342 -7.58628 -5.18712 -7.97772 -8.46853 -4.45477 -8.07286 -7.32111 -7.66403 -5.19325 -8.01066 -8.51338 -4.57944 -8.35931 -7.31453 -7.08979 -5.37599 -8.04625 -8.52742 -3.30456 -8.19301 -6.50806 -9.51057 -3.63241 -7.77931 -8.60245 -2.36431 -8.12274
64.46 -5.03933 -10.0376 -9.33924 -8.73367 -9.34621 -4.04999 -7.61892 -8.85008 -7.12502 -4.90086 -8.81409 -8.65666 -4.26026 -6.42117 -7.08687 -7.92273 -4.97785 -7.98495 -8.54592 -4.43526 -9.28794 -7.53342 -7.58628 -5.18712 -7.97772 -8.46853 -4.45477 -8.07286 -7.32111 -7.66403 -5.19325 -8.01066 -8.51338 -4.57944 -8.35931 -7.31453 -7.08979 -5.37599 -8.04625 -8.52742 -3.30456 -8.19301 -6.50806 -9.51057 -3.63241 -7.77931 -8.60245 -2.36431 -8.12274
64.51 -5.03933 -10.0376 -9.33924 -8.73367 -9.34621 -4.04999 -7.61892 -8.85008 -7.12502 -4.90086 -8.81409 -8.65666 -4.26026 -6.42117 -7.08687 -7.92273 -4.97785 -7.98495 -8.54592 -4.43526 -9.28794 -7.53342 -7.58628 -5.18712 -7.97772 -8.46853 -4.45477 -8.07286 -7.32111 -7.66403 -5.19325 -8.01066 -8.51338 -4.57944 -8.35931 -7.31453 -7.08979 -5.37599 -8.04625 -8.52742 -3.30456 -8.19301 -6.50806 -9.51057 -3.63241 -7.77931 -8.60245 -2.36431 -8.12274
64.56 -5.03933 -10.0376 -9.33924 -8.73367 -9.34621 -4.04999 -7.61892 -8.85008 -7.12502 -4.90086 -8.81409 -8.65666 -4.26026 -6.42117 -7.08687 -7.92273 -4.97785 -7.98495 -8.54592 -4.43526 -9.28794 -7.53342 -7.58628 -5.18712 -7.97772 -8.46853 -4.45477 -8.07286 -7.32111 -7.66403 -5.19325 -8.01066 -8.51338 -4.57944 -8.35931 -7.31453 -7.08979 -5.37599 -8.04625 -8.52742 -3.30456 -8.19301 -6.50806 -9.51057 -3.63241 -7.77931 -8.60245 -2.36431 -8.12274
64.61 -5.03933 -10.0376 -9.33924 -8.73367 -9.34621 -4.04999 -7.61892 -8.85008 -7.12502 -4.90086 -8.81409 -8.65666 -4.26026 -6.42117 -7.08687 -7.92273 -4.97785 -7.98495 -8.54592 -4.43526 -9.28794 -7.53342 -7.58628 -5.18712 -7.97772 -8.46853 -4.45477 -8.07286 -7.32111 -7.66403 -5.19325 -8.01066 -8.51338 -4.57944 -8.35931 -7.31453 -7.08979 -5.37599 -8.04625 -8.52742 -3.30456 -8.19301 -6.50806 -9.51057 -3.63241 -7.77931 -8.60245 -2.36431 -8.12274
64.66 -5.03933 -10.0376 -9.33924 -8.73367 -9.34621 -4.04999 -7.61892 -8.85008 -7.12502 -4.90086 -8.81409 -8.65666 -4.26026 -6.42117 -7.08687 -7.92273 -4.97785 -7.98495 -8.54592 -4.43526 -9.28794 -7.53342 -7.58628 -5.18712 -7.97772 -8.46853 -4.45477 -8.07286 -7.32111 -7.66403 -5.19325 -8.01066 -8.51338 -4.57944 -8.35931 -7.31453 -7.08979 -5.37599 -8.04625 -8.52742 -3.30456 -8.19301 -6.50806 -9.51057 -3.63241 -7.77931 -8.60245 -2.36431 -8.12274
64.71 -5.03933 -10.0376 -9.33924 -8.73367 -9.34621 -4.04999 -7.61892 -8.85008 -7.12502 -4.90086 -8.81409 -8.65666 -4.26026 -6.42117 -7.08687 -7.92273 -4.97785 -7.98495 -8.54592 -4.43526 -9.28794 -7.53342 -7.58628 -5.18712 -7.97772 -8.46853 -4.45477 -8.07286 -7.32111 -7.66403 -5.19325 -8.01066 -8.51338 -4.57944 -8.35931 -7.31453 -7.08979 -5.37599 -8.04625 -8.52742 -3.30456 -8.19301 -6.50806 -9.51057 -3.63241 -7.77931 -8.60245 -2.36431 -8.12274
64.76 -5.03933 -10.0376 -9.33924 -8.73367 -9.34621 -4.04999 -7.61892 -8.85008 -7.12502 -4.90086 -8.81409 -8.65666 -4.26026 -6.42117 -7.08687 -7.92273 -4.97785 -7.98495 -8.54592 -4.43526 -9.28794 -7.53342 -7.58628 -5.18712 -7.97772 -8.46853 -4.45477 -8.07286 -7.32111 -7.66403 -5.19325 -8.01066 -8.51338 -4.57944 -8.35931 -7.31453 -7.08979 -5.37599 -8.04625 -8.52742 -3.30456 -8.19301 -6.50806 -9.51057 -3.63241 -7.77931 -8.60245 -2.36431 -8.12274
64.81 -5.03933 -10.0376 -9.33924 -8.73367 -9.34621 -4.04999 -7.61892 -8.85008 -7.12502 -4.90086 -8.81409 -8.65666 -4.26026 -6.42117 -7.08687 -7.92273 -4.97785 -7.98495 -8.54592 -4.43526 -9.28794 -7.53342 -7.58628 -5.18712 -7.97772 -8.46853 -4.45477 -8.07286 -7.32111 -7.66403 -5.19325 -8.01066 -8.51338 -4.57944 -8.35931 -7.31453 -7.08979 -5.37599 -8.04625 -8.52742 -3.30456 -8.19301 -6.50806 -9.51057 -3.63241 -7.77931 -8.60245 -2.36431 -8.12274
64.86 -5.03933 -10.0376 -9.33924 -8.73367 -9.34621 -4.04999 -7.61892 -8.85008 -7.12502 -4.90086 -8.81409 -8.65666 -4.26026 -6.42117 -7.08687 -7.92273 -4.97785 -7.98495 -8.54592 -4.43526 -9.28794 -7.53342 -7.58628 -5.18712 -7.97772 -8.46853 -4.45477 -8.07286 -7.32111 -7.66403 -5.19325 -8.01066 -8.51338 -4.57944 -8.35931 -7.31453 -7.08979 -5.37599 -8.04625 -8.52742 -3.30456 -8.19301 -6.50806 -9.51057 -3.63241 -7.77931 -8.60245 -2.36431 -8.12274
64.91 -5.03933 -10.0376 -9.33924 -8.73367 -9.34621 -4.04999 -7.61892 -8.85008 -7.12502 -4.90086 -8.81409 -8.65666 -4.26026 -6.42117 -7.08687 -7.92273 -4.97785 -7.98495 -8.54592 -4.43526 -9.28794 -7.53342 -7.58628 -5.18712 -7.97772 -8.46853 -4.45477 -8.07286 -7.32111 -7.66403 -5.19325 -8.01066 -8.51338 -4.57944 -8.35931 -7.31453 -7.08979 -5.37599 -8.04625 -8.52742 -3.30456 -8.19301 -6.50806 -9.51057 -3.63241 -7.77931 -8.60245 -2.36431 -8.12274
64.96 -5.03933 -10.0376 -9.33924 -8.73367 -9.34621 -4.04999 -7.61892 -8.85008 -7.12502 -4.90086 -8.81409 -8.65666 -4.26026 -6.42117 -7.08687 -7.92273 -4.97785 -7.98495 -8.54592 -4.43526 -9.28794 -7.53342 -7.58628 -5.18712 -7.97772 -8.46853 -4.45477 -8.07286 -7.32111 -7.66403 -5.19325 -8.01066 -8.51338 -4.57944 -8.35931 -7.31453 -7.08979 -5.37599 -8.04625 -8.52742 -3.30456 -8.19301 -6.50806 -9.51057 -3.63241 -7.77931 -8.60245 -2.36431 -8.12274
65.01 -5.03933 -10.0376 -9.33924 -8.73367 -9.34621 -4.04999 -7.61892 -8.85008 -7.12502 -4.90086 -8.81409 -8.65666 -4.26026 -6.42117 -7.08687 -7.92273 -4.97785 -7.98495 -8.54592 -4.43526 -9.28794 -7.53342 -7.58628 -5.18712 -7.97772 -8.46853 -4.45477 -8.07286 -7.32111 -7.66403 -5.19325 -8.01066 -8.51338 -4.57944 -8.35931 -7.31453 -7.08979 -5.37599 -8.04625 -8.52742 -3.30456 -8.19301 -6.50806 -9.51057 -3.63241 -7.77931 -8.60245 -2.36431 -8.12274
65.06 -5.03933 -10.0376 -9.33924 -8.73367 -9.34621 -4.04999 -7.61892 -8.85008 -7.12502 -4.90086 -8.81409 -8.65666 -4.26026 -6.42117 -7.08687 -7.92273 -4.97785 -7.98495 -8.54592 -4.43526 -9.28794 -7.53342 -7.58628 -5.18712 -7.97772 -8.46853 -4.45477 -8.07286 -7.32111 -7.66403 -5.19325 -8.01066 -8.51338 -4.57944 -8.35931 -7.31453 -7.08979 -5.37599 -8.04625 -8.52742 -3.30456 -8.19301 -6.50806 -9.51057 -3.63241 -7.77931 -8.60245 -2.36431 -8.12274
65.11 -5.03933 -10.0376 -9.33924 -8.73367 -9.34621 -4.04999 -7.61892 -8.85008 -7.12502 -4.90086 -8.81409 -8.65666 -4.26026 -6.42117 -7.08687 -7.92273 -4.97785 -7.98495 -8.54592 -4.43526 -9.28794 -7.53342 -7.58628 -5.18712 -7.97772 -8.46853 -4.45477 -8.07286 -7.32111 -7.66403 -5.19325 -8.01066 -8.51338 -4.57944 -8.35931 -7.31453 -7.08979 -5.37599 -8.04625 -8.52742 -3.30456 -8.19301 -6.50806 -9.51057 -3.63241 -7.77931 -8.60245 -2.36431 -8.12274
65.16 -5.03933 -10.0376 -9.33924 -8.73367 -9.34621 -4.04999 -7.61892 -8.85008 -7.12502 -4.90086 -8.81409 -8.65666 -4.26026 -6.42117 -7.08687 -7.92273 -4.97785 -7.98495 -8.54592 -4.43526 -9.28794 -7.53342 -7.58628 -5.18712 -7.97772 -8.46853 -4.45477 -8.07286 -7.32111 -7.66403 -5.19325 -8.01066 -8.51338 -4.57944 -8.35931 -7.31453 -7.08979 -5.37599 -8.04625 -8.52742 -3.30456 -8.19301 -6.50806 -9.51057 -3.63241 -7.77931 -8.60245 -2.36431 -8.12274
65.21 -5.03933 -10.0376 -9.33924 -8.73367 -9.34621 -4.04999 -7.61892 -8.85008 -7.12502 -4.90086 -8.81409 -8.65666 -4.26026 -6.42117 -7.08687 -7.92273 -4.97785 -7.98495 -8.54592 -4.43526 -9.28794 -7.53342 -7.58628 -5.18712 -7.97772 -8.46853 -4.45477 -8.07286 -7.32111 -7.66403 -5.19325 -8.01066 -8.51338 -4.57944 -8.35931 -7.31453 -7.08979 -5.37599 -8.04625 -8.52742 -3.30456 -8.19301 -6.50806 -9.51057 -3.63241 -7.77931 -8.60245 -2.36431 -8.12274
65.26 -5.03933 -10.0376 -9.33924 -8.73367 -9.34621 -4.04999 -7.61892 -8.85008 -7.12502 -4.90086 -8.81409 -8.65666 -4.26026 -6.42117 -7.08687 -7.92273 -4.97785 -7.98495 -8.54592 -4.43526 -9.28794 -7.53342 -7.58628 -5.18712 -7.97772 -8.46853 -4.45477 -8.07286 -7.32111 -7.66403 -5.19325 -8.01066 -8.51338 -4.57944 -8.35931 -7.31453 -7.08979 -5.37599 -8.04625 -8.52742 -3.30456 -8.19301 -6.50806 -9.51057 -3.63241 -7.77931 -8.60245 -2.36431 -8.12274
65.31 -5.03933 -10.0376 -9.33924 -8.73367 -9.34621 -4.04999 -7.61892 -8.85008 -7.12502 -4.90086 -8.81409 -8.65666 -4.26026 -6.42117 -7.08687 -7.92273 -4.97785 -7.98495 -8.54592 -4.43526 -9.28794 -7.53342 -7.58628 -5.18712 -7.97772 -8.46853 -4.45477 -8.07286 -7.32111 -7.66403 -5.19325 -8.01066 -8.51338 -4.57944 -8.35931 -7.31453 -7.08979 -5.37599 -8.04625 -8.52742 -3.30456 -8.19301 -6.50806 -9.51057 -3.63241 -7.77931 -8.60245 -2.36431 -8.12274
65.36 -5.03933 -10.0376 -9.33924 -8.73367 -9.34621 -4.04999 -7.61892 -8.85008 -7.12502 -4.90086 -8.81409 -8.65666 -4.26026 -6.42117 -7.08687 -7.92273 -4.97785 -7.98495 -8.54592 -4.43526 -9.28794 -7.53342 -7.58628 -5.18712 -7.97772 -8.46853 -4.45477 -8.07286 -7.32111 -7.66403 -5.19325 -8.01066 -8.51338 -4.57944 -8.35931 -7.31453 -7.08979 -5.37599 -8.04625 -8.52742 -3.30456 -8.19301 -6.50806 -9.51057 -3.63241 -7.77931 -8.60245 -2.36431 -8.12274
65.41 -5.03933 -10.0376 -9.33924 -8.73367 -9.34621 -4.04999 -7.61892 -8.85008 -7.12502 -4.90086 -8.81409 -8.65666 -4.26026 -6.42117 -7.08687 -7.92273 -4.97785 -7.98495 -8.54592 -4.43526 -9.28794 -7.53342 -7.58628 -5.18712 -7.97772 -8.46853 -4.45477 -8.07286 -7.32111 -7.66403 -5.19325 -8.01066 -8.51338 -4.57944 -8.35931 -7.31453 -7.08979 -5.37599 -8.04625 -8.52742 -3.30456 -8.19301 -6.50806 -9.51057 -3.63241 -7.77931 -8.60245 -2.36431 -8.12274
65.46 -5.03933 -10.0376 -9.33924 -8.73367 -9.34621 -4.04999 -7.61892 -8.85008 -7.12502 -4.90086 -8.81409 -8.65666 -4.26026 -6.42117 -7.08687 -7.92273 -4.97785 -7.98495 -8.54592 -4.43526 -9.28794 -7.53342 -7.58628 -5.18712 -7.97772 -8.46853 -4.45477 -8.07286 -7.32111 -7.66403 -5.19325 -8.01066 -8.51338 -4.57944 -8.35931 -7.31453 -7.08979 -5.37599 -8.04625 -8.52742 -3.30456 -8.19301 -6.50806 -9.51057 -3.63241 -7.77931 -8.60245 -2.36431 -8.12274
65.51 -5.03933 -10.0376 -9.33924 -8.73367 -9.34621 -4.04999 -7.61892 -8.85008 -7.12502 -4.90086 -8.81409 -8.65666 -4.26026 -6.42117 -7.08687 -7.92273 -4.97785 -7.98495 -8.54592 -4.43526 -9.28794 -7.53342 -7.58628 -5.18712 -7.97772 -8.46853 -4.45477 -8.07286 -7.32111 -7.66403 -5.19325 -8.01066 -8.51338 -4.57944 -8.35931 -7.31453 -7.08979 -5.37599 -8.04625 -8.52742 -3.30456 -8.19301 -6.50806 -9.51057 -3.63241 -7.77931 -8.60245 -2.36431 -8.12274
65.56 -5.03933 -10.0376 -9.33924 -8.73367 -9.34621 -4.04999 -7.61892 -8.85008 -7.12502 -4.90086 -8.81409 -8.65666 -4.26026 -6.42117 -7.08687 -7.92273 -4.97785 -7.98495 -8.54592 -4.43526 -9.28794 -7.53342 -7.58628 -5.18712 -7.97772 -8.46853 -4.45477 -8.07286 -7.32111 -7.66403 -5.19325 -8.01066 -8.51338 -4.57944 -8.35931 -7.31453 -7.08979 -5.37599 -8.04625 -8.52742 -3.30456 -8.19301 -6.50806 -9.51057 -3.63241 -7.77931 -8.60245 -2.36431 -8.12274
65.61 -5.03933 -10.0376 -9.33924 -8.73367 -9.34621 -4.04999 -7.61892 -8.85008 -7.12502 -4.90086 -8.81409 -8.65666 -4.26026 -6.42117 -7.08687 -7.92273 -4.97785 -7.98495 -8.54592 -4.43526 -9.28794 -7.53342 -7.58628 -5.18712 -7.97772 -8.46853 -4.45477 -8.07286 -7.32111 -7.66403 -5.19325 -8.01066 -8.51338 -4.57944 -8.35931 -7.31453 -7.08979 -5.37599 -8.04625 -8.52742 -3.30456 -8.19301 -6.50806 -9.51057 -3.63241 -7.77931 -8.60245 -2.36431 -8.12274
65.66 -5.03933 -10.0376 -9.33924 -8.73367 -9.34621 -4.04999 -7.61892 -8.85008 -7.12502 -4.90086 -8.81409 -8.65666 -4.26026 -6.42117 -7.08687 -7.92273 -4.97785 -7.98495 -8.54592 -4.43526 -9.28794 -7.53342 -7.58628 -5.18712 -7.97772 -8.46853 -4.45477 -8.07286 -7.32111 -7.66403 -5.19325 -8.01066 -8.51338 -4.57944 -8.35931 -7.31453 -7.08979 -5.37599 -8.04625 -8.52742 -3.30456 -8.19301 -6.50806 -9.51057 -3.63241 -7.77931 -8.60245 -2.36431 -8.12274
65.71 -5.03933 -10.0376 -9.33924 -8.73367 -9.34621 -4.04999 -7.61892 -8.85008 -7.12502 -4.90086 -8.81409 -8.65666 -4.26026 -6.42117 -7.08687 -7.92273 -4.97785 -7.98495 -8.54592 -4.43526 -9.28794 -7.53342 -7.58628 -5.18712 -7.97772 -8.46853 -4.45477 -8.07286 -7.32111 -7.66403 -5.19325 -8.01066 -8.51338 -4.57944 -8.35931 -7.31453 -7.08979 -5.37599 -8.04625 -8.52742 -3.30456 -8.19301 -6.50806 -9.51057 -3.63241 -7.77931 -8.60245 -2.36431 -8.12274
65.76 -5.03933 -10.0376 -9.33924 -8.73367 -9.34621 -4.04999 -7.61892 -8.85008 -7.12502 -4.90086 -8.81409 -8.65666 -4.26026 -6.42117 -7.08687 -7.92273 -4.97785 -7.98495 -8.54592 -4.43526 -9.28794 -7.53342 -7.58628 -5.18712 -7.97772 -8.46853 -4.45477 -8.07286 -7.32111 -7.66403 -5.19325 -8.01066 -8.51338 -4.57944 -8.35931 -7.31453 -7.08979 -5.37599 -8.04625 -8.52742 -3.30456 -8.19301 -6.50806 -9.51057 -3.63241 -7.77931 -8.60245 -2.36431 -8.12274
65.81 -5.03933 -10.0376 -9.33924 -8.73367 -9.34621 -4.04999 -7.61892 -8.85008 -7.12502 -4.90086 -8.81409 -8.65666 -4.26026 -6.42117 -7.08687 -7.92273 -4.97785 -7.98495 -8.54592 -4.43526 -9.28794 -7.53342 -7.58628 -5.18712 -7.97772 -8.46853 -4.45477 -8.07286 -7.32111 -7.66403 -5.19325 -8.01066 -8.51338 -4.57944 -8.35931 -7.31453 -7.08979 -5.37599 -8.04625 -8.52742 -3.30456 -8.19301 -6.50806 -9.51057 -3.63241 -7.77931 -8.60245 -2.36431 -8.12274
65.86 -5.03933 -10.0376 -9.33924 -8.73367 -9.34621 -4.04999 -7.61892 -8.85008 -7.12502 -4.90086 -8.81409 -8.65666 -4.26026 -6.42117 -7.08687 -7.92273 -4.97785 -7.98495 -8.54592 -4.43526 -9.28794 -7.53342 -7.58628 -5.18712 -7.97772 -8.46853 -4.45477 -8.07286 -7.32111 -7.66403 -5.19325 -8.01066 -8.51338 -4.57944 -8.35931 -7.31453 -7.08979 -5.37599 -8.04625 -8.52742 -3.30456 -8.19301 -6.50806 -9.51057 -3.63241 -7.77931 -8.60245 -2.36431 -8.12274
65.91 -5.03933 -10.0376 -9.33924 -8.73367 -9.34621 -4.04999 -7.61892 -8.85008 -7.12502 -4.90086 -8.81409 -8.65666 -4.26026 -6.42117 -7.08687 -7.92273 -4.97785 -7.98495 -8.54592 -4.43526 -9.28794 -7.53342 -7.58628 -5.18712 -7.97772 -8.46853 -4.45477 -8.07286 -7.32111 -7.66403 -5.19325 -8.01066 -8.51338 -4.57944 -8.35931 -7.31453 -7.08979 -5.37599 -8.04625 -8.52742 -3.30456 -8.19301 -6.50806 -9.51057 -3.63241 -7.77931 -8.60245 -2.36431 -8.12274
65.96 -5.03933 -10.0376 -9.33924 -8.73367 -9.34621 -4.04999 -7.61892 -8.85008 -7.12502 -4.90086 -8.81409 -8.65666 -4.26026 -6.42117 -7.08687 -7.92273 -4.97785 -7.98495 -8.54592 -4.43526 -9.28794 -7.53342 -7.58628 -5.18712 -7.97772 -8.46853 -4.45477 -8.07286 -7.32111 -7.66403 -5.19325 -8.01066 -8.51338 -4.57944 -8.35931 -7.31453 -7.08979 -5.37599 -8.04625 -8.52742 -3.30456 -8.19301 -6.50806 -9.51057 -3.63241 -7.77931 -8.60245 -2.36431 -8.12274
66.01 -5.03933 -10.0376 -9.33924 -8.73367 -9.34621 -4.04999 -7.61892 -8.85008 -7.12502 -4.90086 -8.81409 -8.65666 -4.26026 -6.42117 -7.08687 -7.92273 -4.97785 -7.98495 -8.54592 -4.43526 -9.28794 -7.53342 -7.58628 -5.18712 -7.97772 -8.46853 -4.45477 -8.07286 -7.32111 -7.66403 -5.19325 -8.01066 -8.51338 -4.57944 -8.35931 -7.31453 -7.08979 -5.37599 -8.04625 -8.52742 -3.30456 -8.19301 -6.50806 -9.51057 -3.63241 -7.77931 -8.60245 -2.36431 -8.12274
66.06 -5.03933 -10.0376 -9.33924 -8.73367 -9.34621 -4.04999 -7.61892 -8.85008 -7.12502 -4.90086 -8.81409 -8.65666 -4.26026 -6.42117 -7.08687 -7.92273 -4.97785 -7.98495 -8.54592 -4.43526 -9.28794 -7.53342 -7.58628 -5.18712 -7.97772 -8.46853 -4.45477 -8.07286 -7.32111 -7.66403 -5.19325 -8.01066 -8.51338 -4.57944 -8.35931 -7.31453 -7.08979 -5.37599 -8.04625 -8.52742 -3.30456 -8.19301 -6.50806 -9.51057 -3.63241 -7.77931 -8.60245 -2.36431 -8.12274
66.11 -5.03933 -10.0376 -9.33924 -8.73367 -9.34621 -4.04999 -7.61892 -8.85008 -7.12502 -4.90086 -8.81409 -8.65666 -4.26026 -6.42117 -7.08687 -7.92273 -4.97785 -7.98495 -8.54592 -4.43526 -9.28794 -7.53342 -7.58628 -5.18712 -7.97772 -8.46853 -4.45477 -8.07286 -7.32111 -7.66403 -5.19325 -8.01066 -8.51338 -4.57944 -8.35931 -7.31453 -7.08979 -5.37599 -8.04625 -8.52742 -3.30456 -8.19301 -6.50806 -9.51057 -3.63241 -7.77931 -8.60245 -2.36431 -8.12274
66.16 -5.03933 -10.0376 -9.33924 -8.73367 -9.34621 -4.04999 -7.61892 -8.85008 -7.12502 -4.90086 -8.81409 -8.65666 -4.26026 -6.42117 -7.08687 -7.92273 -4.97785 -7.98495 -8.54592 -4.43526 -9.28794 -7.53342 -7.58628 -5.18712 -7.97772 -8.46853 -4.45477 -8.07286 -7.32111 -7.66403 -5.19325 -8.01066 -8.51338 -4.57944 -8.35931 -7.31453 -7.08979 -5.37599 -8.04625 -8.52742 -3.30456 -8.19301 -6.50806 -9.51057 -3.63241 -7.77931 -8.60245 -2.36431 -8.12274
66.21 -5.03933 -10.0376 -9.33924 -8.73367 -9.34621 -4.04999 -7.61892 -8.85008 -7.12502 -4.90086 -8.81409 -8.65666 -4.26026 -6.42117 -7.08687 -7.92273 -4.97785 -7.98495 -8.54592 -4.43526 -9.28794 -7.53342 -7.58628 -5.18712 -7.97772 -8.46853 -4.45477 -8.07286 -7.32111 -7.66403 -5.19325 -8.01066 -8.51338 -4.57944 -8.35931 -7.31453 -7.08979 -5.37599 -8.04625 -8.52742 -3.30456 -8.19301 -6.50806 -9.51057 -3.63241 -7.77931 -8.60245 -2.36431 -8.12274
66.26 -5.03933 -10.0376 -9.33924 -8.73367 -9.34621 -4.04999 -7.61892 -8.85008 -7.12502 -4.90086 -8.81409 -8.65666 -4.26026 -6.42117 -7.08687 -7.92273 -4.97785 -7.98495 -8.54592 -4.43526 -9.28794 -7.53342 -7.58628 -5.18712 -7.97772 -8.46853 -4.45477 -8.07286 -7.32111 -7.66403 -5.19325 -8.01066 -8.51338 -4.57944 -8.35931 -7.31453 -7.08979 -5.37599 -8.04625 -8.52742 -3.30456 -8.19301 -6.50806 -9.51057 -3.63241 -7.77931 -8.60245 -2.36431 -8.12274
66.31 -5.03933 -10.0376 -9.33924 -8.73367 -9.34621 -4.04999 -7.61892 -8.85008 -7.12502 -4.90086 -8.81409 -8.65666 -4.26026 -6.42117 -7.08687 -7.92273 -4.97785 -7.98495 -8.54592 -4.43526 -9.28794 -7.53342 -7.58628 -5.18712 -7.97772 -8.46853 -4.45477 -8.07286 -7.32111 -7.66403 -5.19325 -8.01066 -8.51338 -4.57944 -8.35931 -7.31453 -7.08979 -5.37599 -8.04625 -8.52742 -3.30456 -8.19301 -6.50806 -9.51057 -3.63241 -7.77931 -8.60245 -2.36431 -8.12274
66.36 -5.03933 -10.0376 -9.33924 -8.73367 -9.34621 -4.04999 -7.61892 -8.85008 -7.12502 -4.90086 -8.81409 -8.65666 -4.26026 -6.42117 -7.08687 -7.92273 -4.97785 -7.98495 -8.54592 -4.43526 -9.28794 -7.53342 -7.58628 -5.18712 -7.97772 -8.46853 -4.45477 -8.07286 -7.32111 -7.66403 -5.19325 -8.01066 -8.51338 -4.57944 -8.35931 -7.31453 -7.08979 -5.37599 -8.04625 -8.52742 -3.30456 -8.19301 -6.50806 -9.51057 -3.63241 -7.77931 -8.60245 -2.36431 -8.12274
66.41 -5.03933 -10.0376 -9.33924 -8.73367 -9.34621 -4.04999 -7.61892 -8.85008 -7.12502 -4.90086 -8.81409 -8.65666 -4.26026 -6.42117 -7.08687 -7.92273 -4.97785 -7.98495 -8.54592 -4.43526 -9.28794 -7.53342 -7.58628 -5.18712 -7.97772 -8.46853 -4.45477 -8.07286 -7.32111 -7.66403 -5.19325 -8.01066 -8.51338 -4.57944 -8.35931 -7.31453 -7.08979 -5.37599 -8.04625 -8.52742 -3.30456 -8.19301 -6.50806 -9.51057 -3.63241 -7.77931 -8.60245 -2.36431 -8.12274
66.46 -5.03933 -10.0376 -9.33924 -8.73367 -9.34621 -4.04999 -7.61892 -8.85008 -7.12502 -4.90086 -8.81409 -8.65666 -4.26026 -6.42117 -7.08687 -7.92273 -4.97785 -7.98495 -8.54592 -4.43526 -9.28794 -7.53342 -7.58628 -5.18712 -7.97772 -8.46853 -4.45477 -8.07286 -7.32111 -7.66403 -5.19325 -8.01066 -8.51338 -4.57944 -8.35931 -7.31453 -7.08979 -5.37599 -8.04625 -8.52742 -3.30456 -8.19301 -6.50806 -9.51057 -3.63241 -7.77931 -8.60245 -2.36431 -8.12274
66.51 -5.03933 -10.0376 -9.33924 -8.73367 -9.34621 -4.04999 -7.61892 -8.85008 -7.12502 -4.90086 -8.81409 -8.65666 -4.26026 -6.42117 -7.08687 -7.92273 -4.97785 -7.98495 -8.54592 -4.43526 -9.28794 -7.53342 -7.58628 -5.18712 -7.97772 -8.46853 -4.45477 -8.07286 -7.32111 -7.66403 -5.19325 -8.01066 -8.51338 -4.57944 -8.35931 -7.31453 -7.08979 -5.37599 -8.04625 -8.52742 -3.30456 -8.19301 -6.50806 -9.51057 -3.63241 -7.77931 -8.60245 -2.36431 -8.12274
66.56 -5.03933 -10.0376 -9.33924 -8.73367 -9.34621 -4.04999 -7.61892 -8.85008 -7.12502 -4.90086 -8.81409 -8.65666 -4.26026 -6.42117 -7.08687 -7.92273 -4.97785 -7.98495 -8.54592 -4.43526 -9.28794 -7.53342 -7.58628 -5.18712 -7.97772 -8.46853 -4.45477 -8.07286 -7.32111 -7.66403 -5.19325 -8.01066 -8.51338 -4.57944 -8.35931 -7.31453 -7.08979 -5.37599 -8.04625 -8.52742 -3.30456 -8.19301 -6.50806 -9.51057 -3.63241 -7.77931 -8.60245 -2.36431 -8.12274
66.61 -5.03933 -10.0376 -9.33924 -8.73367 -9.34621 -4.04999 -7.61892 -8.85008 -7.12502 -4.90086 -8.81409 -8.65666 -4.26026 -6.42117 -7.08687 -7.92273 -4.97785 -7.98495 -8.54592 -4.43526 -9.28794 -7.53342 -7.58628 -5.18712 -7.97772 -8.46853 -4.45477 -8.07286 -7.32111 -7.66403 -5.19325 -8.01066 -8.51338 -4.57944 -8.35931 -7.31453 -7.08979 -5.37599 -8.04625 -8.52742 -3.30456 -8.19301 -6.50806 -9.51057 -3.63241 -7.77931 -8.60245 -2.36431 -8.12274
66.66 -5.03933 -10.0376 -9.33924 -8.73367 -9.34621 -4.04999 -7.61892 -8.85008 -7.12502 -4.90086 -8.81409 -8.65666 -4.26026 -6.42117 -7.08687 -7.92273 -4.97785 -7.98495 -8.54592 -4.43526 -9.28794 -7.53342 -7.58628 -5.18712 -7.97772 -8.46853 -4.45477 -8.07286 -7.32111 -7.66403 -5.19325 -8.01066 -8.51338 -4.57944 -8.35931 -7.31453 -7.08979 -5.37599 -8.04625 -8.52742 -3.30456 -8.19301 -6.50806 -9.51057 -3.63241 -7.77931 -8.60245 -2.36431 -8.12274
66.71 -5.03933 -10.0376 -9.33924 -8.73367 -9.34621 -4.04999 -7.61892 -8.85008 -7.12502 -4.90086 -8.81409 -8.65666 -4.26026 -6.42117 -7.08687 -7.92273 -4.97785 -7.98495 -8.54592 -4.43526 -9.28794 -7.53342 -7.58628 -5.18712 -7.97772 -8.46853 -4.45477 -8.07286 -7.32111 -7.66403 -5.19325 -8.01066 -8.51338 -4.57944 -8.35931 -7.31453 -7.08979 -5.37599 -8.04625 -8.52742 -3.30456 -8.19301 -6.50806 -9.51057 -3.63241 -7.77931 -8.60245 -2.36431 -8.12274
66.76 -5.03933 -10.0376 -9.33924 -8.73367 -9.34621 -4.04999 -7.61892 -8.85008 -7.12502 -4.90086 -8.81409 -8.65666 -4.26026 -6.42117 -7.08687 -7.92273 -4.97785 -7.98495 -8.54592 -4.43526 -9.28794 -7.53342 -7.58628 -5.18712 -7.97772 -8.46853 -4.45477 -8.07286 -7.32111 -7.66403 -5.19325 -8.01066 -8.51338 -4.57944 -8.35931 -7.31453 -7.08979 -5.37599 -8.04625 -8.52742 -3.30456 -8.19301 -6.50806 -9.51057 -3.63241 -7.77931 -8.60245 -2.36431 -8.12274
66.81 -5.03933 -10.0376 -9.33924 -8.73367 -9.34621 -4.04999 -7.61892 -8.85008 -7.12502 -4.90086 -8.81409 -8.65666 -4.26026 -6.42117 -7.08687 -7.92273 -4.97785 -7.98495 -8.54592 -4.43526 -9.28794 -7.53342 -7.58628 -5.18712 -7.97772 -8.46853 -4.45477 -8.07286 -7.32111 -7.66403 -5.19325 -8.01066 -8.51338 -4.57944 -8.35931 -7.31453 -7.08979 -5.37599 -8.04625 -8.52742 -3.30456 -8.19301 -6.50806 -9.51057 -3.63241 -7.77931 -8.60245 -2.36431 -8.12274
66.86 -5.03933 -10.0376 -9.33924 -8.73367 -9.34621 -4.04999 -7.61892 -8.85008 -7.12502 -4.90086 -8.81409 -8.65666 -4.26026 -6.42117 -7.08687 -7.92273 -4.97785 -7.98495 -8.54592 -4.43526 -9.28794 -7.53342 -7.58628 -5.18712 -7.97772 -8.46853 -4.45477 -8.07286 -7.32111 -7.66403 -5.19325 -8.01066 -8.51338 -4.57944 -8.35931 -7.31453 -7.08979 -5.37599 -8.04625 -8.52742 -3.30456 -8.19301 -6.50806 -9.51057 -3.63241 -7.77931 -8.60245 -2.36431 -8.12274
66.91 -5.03933 -10.0376 -9.33924 -8.73367 -9.34621 -4.04999 -7.61892 -8.85008 -7.12502 -4.90086 -8.81409 -8.65666 -4.26026 -6.42117 -7.08687 -7.92273 -4.97785 -7.98495 -8.54592 -4.43526 -9.28794 -7.53342 -7.58628 -5.18712 -7.97772 -8.46853 -4.45477 -8.07286 -7.32111 -7.66403 -5.19325 -8.01066 -8.51338 -4.57944 -8.35931 -7.31453 -7.08979 -5.37599 -8.04625 -8.52742 -3.30456 -8.19301 -6.50806 -9.51057 -3.63241 -7.77931 -8.60245 -2.36431 -8.12274
66.96 -5.03933 -10.0376 -9.33924 -8.73367 -9.34621 -4.04999 -7.61892 -8.85008 -7.12502 -4.90086 -8.81409 -8.65666 -4.26026 -6.42117 -7.08687 -7.92273 -4.97785 -7.98495 -8.54592 -4.43526 -9.28794 -7.53342 -7.58628 -5.18712 -7.97772 -8.46853 -4.45477 -8.07286 -7.32111 -7.66403 -5.19325 -8.01066 -8.51338 -4.57944 -8.35931 -7.31453 -7.08979 -5.37599 -8.04625 -8.52742 -3.30456 -8.19301 -6.50806 -9.51057 -3.63241 -7.77931 -8.60245 -2.36431 -8.12274
67.01 -5.03933 -10.0376 -9.33924 -8.73367 -9.34621 -4.04999 -7.61892 -8.85008 -7.12502 -4.90086 -8.81409 -8.65666 -4.26026 -6.42117 -7.08687 -7.92273 -4.97785 -7.98495 -8.54592 -4.43526 -9.28794 -7.53342 -7.58628 -5.18712 -7.97772 -8.46853 -4.45477 -8.07286 -7.32111 -7.66403 -5.19325 -8.01066 -8.51338 -4.57944 -8.35931 -7.31453 -7.08979 -5.37599 -8.04625 -8.52742 -3.30456 -8.19301 -6.50806 -9.51057 -3.63241 -7.77931 -8.60245 -2.36431 -8.12274
67.06 -5.03933 -10.0376 -9.33924 -8.73367 -9.34621 -4.04999 -7.61892 -8.85008 -7.12502 -4.90086 -8.81409 -8.65666 -4.26026 -6.42117 -7.08687 -7.92273 -4.97785 -7.98495 -8.54592 -4.43526 -9.28794 -7.53342 -7.58628 -5.18712 -7.97772 -8.46853 -4.45477 -8.07286 -7.32111 -7.66403 -5.19325 -8.01066 -8.51338 -4.57944 -8.35931 -7.31453 -7.08979 -5.37599 -8.04625 -8.52742 -3.30456 -8.19301 -6.50806 -9.51057 -3.63241 -7.77931 -8.60245 -2.36431 -8.12274
67.11 -5.03933 -10.0376 -9.33924 -8.73367 -9.34621 -4.04999 -7.61892 -8.85008 -7.12502 -4.90086 -8.81409 -8.65666 -4.26026 -6.42117 -7.08687 -7.92273 -4.97785 -7.98495 -8.54592 -4.43526 -9.28794 -7.53342 -7.58628 -5.18712 -7.97772 -8.46853 -4.45477 -8.07286 -7.32111 -7.66403 -5.19325 -8.01066 -8.51338 -4.57944 -8.35931 -7.31453 -7.08979 -5.37599 -8.04625 -8.52742 -3.30456 -8.19301 -6.50806 -9.51057 -3.63241 -7.77931 -8.60245 -2.36431 -8.12274
67.16 -5.03933 -10.0376 -9.33924 -8.73367 -9.34621 -4.04999 -7.61892 -8.85008 -7.12502 -4.90086 -8.81409 -8.65666 -4.26026 -6.42117 -7.08687 -7.92273 -4.97785 -7.98495 -8.54592 -4.43526 -9.28794 -7.53342 -7.58628 -5.18712 -7.97772 -8.46853 -4.45477 -8.07286 -7.32111 -7.66403 -5.19325 -8.01066 -8.51338 -4.57944 -8.35931 -7.31453 -7.08979 -5.37599 -8.04625 -8.52742 -3.30456 -8.19301 -6.50806 -9.51057 -3.63241 -7.77931 -8.60245 -2.36431 -8.12274
67.21 -5.03933 -10.0376 -9.33924 -8.73367 -9.34621 -4.04999 -7.61892 -8.85008 -7.12502 -4.90086 -8.81409 -8.65666 -4.26026 -6.42117 -7.08687 -7.92273 -4.97785 -7.98495 -8.54592 -4.43526 -9.28794 -7.53342 -7.58628 -5.18712 -7.97772 -8.46853 -4.45477 -8.07286 -7.32111 -7.66403 -5.19325 -8.01066 -8.51338 -4.57944 -8.35931 -7.31453 -7.08979 -5.37599 -8.04625 -8.52742 -3.30456 -8.19301 -6.50806 -9.51057 -3.63241 -7.77931 -8.60245 -2.36431 -8.12274
67.26 -5.03933 -10.0376 -9.33924 -8.73367 -9.34621 -4.04999 -7.61892 -8.85008 -7.12502 -4.90086 -8.81409 -8.65666 -4.26026 -6.42117 -7.08687 -7.92273 -4.97785 -7.98495 -8.54592 -4.43526 -9.28794 -7.53342 -7.58628 -5.18712 -7.97772 -8.46853 -4.45477 -8.07286 -7.32111 -7.66403 -5.19325 -8.01066 -8.51338 -4.57944 -8.35931 -7.31453 -7.08979 -5.37599 -8.04625 -8.52742 -3.30456 -8.19301 -6.50806 -9.51057 -3.63241 -7.77931 -8.60245 -2.36431 -8.12274
67.31 -5.03933 -10.0376 -9.33924 -8.73367 -9.34621 -4.04999 -7.61892 -8.85008 -7.12502 -4.90086 -8.81409 -8.65666 -4.26026 -6.42117 -7.08687 -7.92273 -4.97785 -7.98495 -8.54592 -4.43526 -9.28794 -7.53342 -7.58628 -5.18712 -7.97772 -8.46853 -4.45477 -8.07286 -7.32111 -7.66403 -5.19325 -8.01066 -8.51338 -4.57944 -8.35931 -7.31453 -7.08979 -5.37599 -8.04625 -8.52742 -3.30456 -8.19301 -6.50806 -9.51057 -3.63241 -7.77931 -8.60245 -2.36431 -8.12274
67.36 -5.03933 -10.0376 -9.33924 -8.73367 -9.34621 -4.04999 -7.61892 -8.85008 -7.12502 -4.90086 -8.81409 -8.65666 -4.26026 -6.42117 -7.08687 -7.92273 -4.97785 -7.98495 -8.54592 -4.43526 -9.28794 -7.53342 -7.58628 -5.18712 -7.97772 -8.46853 -4.45477 -8.07286 -7.32111 -7.66403 -5.19325 -8.01066 -8.51338 -4.57944 -8.35931 -7.31453 -7.08979 -5.37599 -8.04625 -8.52742 -3.30456 -8.19301 -6.50806 -9.51057 -3.63241 -7.77931 -8.60245 -2.36431 -8.12274
67.41 -5.03933 -10.0376 -9.33924 -8.73367 -9.34621 -4.04999 -7.61892 -8.85008 -7.12502 -4.90086 -8.81409 -8.65666 -4.26026 -6.42117 -7.08687 -7.92273 -4.97785 -7.98495 -8.54592 -4.43526 -9.28794 -7.53342 -7.58628 -5.18712 -7.97772 -8.46853 -4.45477 -8.07286 -7.32111 -7.66403 -5.19325 -8.01066 -8.51338 -4.57944 -8.35931 -7.31453 -7.08979 -5.37599 -8.04625 -8.52742 -3.30456 -8.19301 -6.50806 -9.51057 -3.63241 -7.77931 -8.60245 -2.36431 -8.12274
67.46 -5.03933 -10.0376 -9.33924 -8.73367 -9.34621 -4.04999 -7.61892 -8.85008 -7.12502 -4.90086 -8.81409 -8.65666 -4.26026 -6.42117 -7.08687 -7.92273 -4.97785 -7.98495 -8.54592 -4.43526 -9.28794 -7.53342 -7.58628 -5.18712 -7.97772 -8.46853 -4.45477 -8.07286 -7.32111 -7.66403 -5.19325 -8.01066 -8.51338 -4.57944 -8.35931 -7.31453 -7.08979 -5.37599 -8.04625 -8.52742 -3.30456 -8.19301 -6.50806 -9.51057 -3.63241 -7.77931 -8.60245 -2.36431 -8.12274
67.51 -5.03933 -10.0376 -9.33924 -8.73367 -9.34621 -4.04999 -7.61892 -8.85008 -7.12502 -4.90086 -8.81409 -8.65666 -4.26026 -6.42117 -7.08687 -7.92273 -4.97785 -7.98495 -8.54592 -4.43526 -9.28794 -7.53342 -7.58628 -5.18712 -7.97772 -8.46853 -4.45477 -8.07286 -7.32111 -7.66403 -5.19325 -8.01066 -8.51338 -4.57944 -8.35931 -7.31453 -7.08979 -5.37599 -8.04625 -8.52742 -3.30456 -8.19301 -6.50806 -9.51057 -3.63241 -7.77931 -8.60245 -2.36431 -8.12274
67.56 -5.03933 -10.0376 -9.33924 -8.73367 -9.34621 -4.04999 -7.61892 -8.85008 -7.12502 -4.90086 -8.81409 -8.65666 -4.26026 -6.42117 -7.08687 -7.92273 -4.97785 -7.98495 -8.54592 -4.43526 -9.28794 -7.53342 -7.58628 -5.18712 -7.97772 -8.46853 -4.45477 -8.07286 -7.32111 -7.66403 -5.19325 -8.01066 -8.51338 -4.57944 -8.35931 -7.31453 -7.08979 -5.37599 -8.04625 -8.52742 -3.30456 -8.19301 -6.50806 -9.51057 -3.63241 -7.77931 -8.60245 -2.36431 -8.12274
67.61 -5.03933 -10.0376 -9.33924 -8.73367 -9.34621 -4.04999 -7.61892 -8.85008 -7.12502 -4.90086 -8.81409 -8.65666 -4.26026 -6.42117 -7.08687 -7.92273 -4.97785 -7.98495 -8.54592 -4.43526 -9.28794 -7.53342 -7.58628 -5.18712 -7.97772 -8.46853 -4.45477 -8.07286 -7.32111 -7.66403 -5.19325 -8.01066 -8.51338 -4.57944 -8.35931 -7.31453 -7.08979 -5.37599 -8.04625 -8.52742 -3.30456 -8.19301 -6.50806 -9.51057 -3.63241 -7.77931 -8.60245 -2.36431 -8.12274
67.66 -5.03933 -10.0376 -9.33924 -8.73367 -9.34621 -4.04999 -7.61892 -8.85008 -7.12502 -4.90086 -8.81409 -8.65666 -4.26026 -6.42117 -7.08687 -7.92273 -4.97785 -7.98495 -8.54592 -4.43526 -9.28794 -7.53342 -7.58628 -5.18712 -7.97772 -8.46853 -4.45477 -8.07286 -7.32111 -7.66403 -5.19325 -8.01066 -8.51338 -4.57944 -8.35931 -7.31453 -7.08979 -5.37599 -8.04625 -8.52742 -3.30456 -8.19301 -6.50806 -9.51057 -3.63241 -7.77931 -8.60245 -2.36431 -8.12274
67.71 -5.03933 -10.0376 -9.33924 -8.73367 -9.34621 -4.04999 -7.61892 -8.85008 -7.12502 -4.90086 -8.81409 -8.65666 -4.26026 -6.42117 -7.08687 -7.92273 -4.97785 -7.98495 -8.54592 -4.43526 -9.28794 -7.53342 -7.58628 -5.18712 -7.97772 -8.46853 -4.45477 -8.07286 -7.32111 -7.66403 -5.19325 -8.01066 -8.51338 -4.57944 -8.35931 -7.31453 -7.08979 -5.37599 -8.04625 -8.52742 -3.30456 -8.19301 -6.50806 -9.51057 -3.63241 -7.77931 -8.60245 -2.36431 -8.12274
67.76 -5.03933 -10.0376 -9.33924 -8.73367 -9.34621 -4.04999 -7.61892 -8.85008 -7.12502 -4.90086 -8.81409 -8.65666 -4.26026 -6.42117 -7.08687 -7.92273 -4.97785 -7.98495 -8.54592 -4.43526 -9.28794 -7.53342 -7.58628 -5.18712 -7.97772 -8.46853 -4.45477 -8.07286 -7.32111 -7.66403 -5.19325 -8.01066 -8.51338 -4.57944 -8.35931 -7.31453 -7.08979 -5.37599 -8.04625 -8.52742 -3.30456 -8.19301 -6.50806 -9.51057 -3.63241 -7.77931 -8.60245 -2.36431 -8.12274
67.81 -5.03933 -10.0376 -9.33924 -8.73367 -9.34621 -4.04999 -7.61892 -8.85008 -7.12502 -4.90086 -8.81409 -8.65666 -4.26026 -6.42117 -7.08687 -7.92273 -4.97785 -7.98495 -8.54592 -4.43526 -9.28794 -7.53342 -7.58628 -5.18712 -7.97772 -8.46853 -4.45477 -8.07286 -7.32111 -7.66403 -5.19325 -8.01066 -8.51338 -4.57944 -8.35931 -7.31453 -7.08979 -5.37599 -8.04625 -8.52742 -3.30456 -8.19301 -6.50806 -9.51057 -3.63241 -7.77931 -8.60245 -2.36431 -8.12274
67.86 -5.03933 -10.0376 -9.33924 -8.73367 -9.34621 -4.04999 -7.61892 -8.85008 -7.12502 -4.90086 -8.81409 -8.65666 -4.26026 -6.42117 -7.08687 -7.92273 -4.97785 -7.98495 -8.54592 -4.43526 -9.28794 -7.53342 -7.58628 -5.18712 -7.97772 -8.46853 -4.45477 -8.07286 -7.32111 -7.66403 -5.19325 -8.01066 -8.51338 -4.57944 -8.35931 -7.31453 -7.08979 -5.37599 -8.04625 -8.52742 -3.30456 -8.19301 -6.50806 -9.51057 -3.63241 -7.77931 -8.60245 -2.36431 -8.12274
67.91 -5.03933 -10.0376 -9.33924 -8.73367 -9.34621 -4.04999 -7.61892 -8.85008 -7.12502 -4.90086 -8.81409 -8.65666 -4.26026 -6.42117 -7.08687 -7.92273 -4.97785 -7.98495 -8.54592 -4.43526 -9.28794 -7.53342 -7.58628 -5.18712 -7.97772 -8.46853 -4.45477 -8.07286 -7.32111 -7.66403 -5.19325 -8.01066 -8.51338 -4.57944 -8.35931 -7.31453 -7.08979 -5.37599 -8.04625 -8.52742 -3.30456 -8.19301 -6.50806 -9.51057 -3.63241 -7.77931 -8.60245 -2.36431 -8.12274
67.96 -5.03933 -10.0376 -9.33924 -8.73367 -9.34621 -4.04999 -7.61892 -8.85008 -7.12502 -4.90086 -8.81409 -8.65666 -4.26026 -6.42117 -7.08687 -7.92273 -4.97785 -7.98495 -8.54592 -4.43526 -9.28794 -7.53342 -7.58628 -5.18712 -7.97772 -8.46853 -4.45477 -8.07286 -7.32111 -7.66403 -5.19325 -8.01066 -8.51338 -4.57944 -8.35931 -7.31453 -7.08979 -5.37599 -8.04625 -8.52742 -3.30456 -8.19301 -6.50806 -9.51057 -3.63241 -7.77931 -8.60245 -2.36431 -8.12274
68.01 -5.03933 -10.0376 -9.33924 -8.73367 -9.34621 -4.04999 -7.61892 -8.85008 -7.12502 -4.90086 -8.81409 -8.65666 -4.26026 -6.42117 -7.08687 -7.92273 -4.97785 -7.98495 -8.54592 -4.43526 -9.28794 -7.53342 -7.58628 -5.18712 -7.97772 -8.46853 -4.45477 -8.07286 -7.32111 -7.66403 -5.19325 -8.01066 -8.51338 -4.57944 -8.35931 -7.31453 -7.08979 -5.37599 -8.04625 -8.52742 -3.30456 -8.19301 -6.50806 -9.51057 -3.63241 -7.77931 -8.60245 -2.36431 -8.12274
68.06 -5.03933 -10.0376 -9.33924 -8.73367 -9.34621 -4.04999 -7.61892 -8.85008 -7.12502 -4.90086 -8.81409 -8.65666 -4.26026 -6.42117 -7.08687 -7.92273 -4.97785 -7.98495 -8.54592 -4.43526 -9.28794 -7.53342 -7.58628 -5.18712 -7.97772 -8.46853 -4.45477 -8.07286 -7.32111 -7.66403 -5.19325 -8.01066 -8.51338 -4.57944 -8.35931 -7.31453 -7.08979 -5.37599 -8.04625 -8.52742 -3.30456 -8.19301 -6.50806 -9.51057 -3.63241 -7.77931 -8.60245 -2.36431 -8.12274
68.11 -5.03933 -10.0376 -9.33924 -8.73367 -9.34621 -4.04999 -7.61892 -8.85008 -7.12502 -4.90086 -8.81409 -8.65666 -4.26026 -6.42117 -7.08687 -7.92273 -4.97785 -7.98495 -8.54592 -4.43526 -9.28794 -7.53342 -7.58628 -5.18712 -7.97772 -8.46853 -4.45477 -8.07286 -7.32111 -7.66403 -5.19325 -8.01066 -8.51338 -4.57944 -8.35931 -7.31453 -7.08979 -5.37599 -8.04625 -8.52742 -3.30456 -8.19301 -6.50806 -9.51057 -3.63241 -7.77931 -8.60245 -2.36431 -8.12274
68.16 -5.03933 -10.0376 -9.33924 -8.73367 -9.34621 -4.04999 -7.61892 -8.85008 -7.12502 -4.90086 -8.81409 -8.65666 -4.26026 -6.42117 -7.08687 -7.92273 -4.97785 -7.98495 -8.54592 -4.43526 -9.28794 -7.53342 -7.58628 -5.18712 -7.97772 -8.46853 -4.45477 -8.07286 -7.32111 -7.66403 -5.19325 -8.01066 -8.51338 -4.57944 -8.35931 -7.31453 -7.08979 -5.37599 -8.04625 -8.52742 -3.30456 -8.19301 -6.50806 -9.51057 -3.63241 -7.77931 -8.60245 -2.36431 -8.12274
68.21 -5.03933 -10.0376 -9.33924 -8.73367 -9.34621 -4.04999 -7.61892 -8.85008 -7.12502 -4.90086 -8.81409 -8.65666 -4.26026 -6.42117 -7.08687 -7.92273 -4.97785 -7.98495 -8.54592 -4.43526 -9.28794 -7.53342 -7.58628 -5.18712 -7.97772 -8.46853 -4.45477 -8.07286 -7.32111 -7.66403 -5.19325 -8.01066 -8.51338 -4.57944 -8.35931 -7.31453 -7.08979 -5.37599 -8.04625 -8.52742 -3.30456 -8.19301 -6.50806 -9.51057 -3.63241 -7.77931 -8.60245 -2.36431 -8.12274
68.26 -5.03933 -10.0376 -9.33924 -8.73367 -9.34621 -4.04999 -7.61892 -8.85008 -7.12502 -4.90086 -8.81409 -8.65666 -4.26026 -6.42117 -7.08687 -7.92273 -4.97785 -7.98495 -8.54592 -4.43526 -9.28794 -7.53342 -7.58628 -5.18712 -7.97772 -8.46853 -4.45477 -8.07286 -7.32111 -7.66403 -5.19325 -8.01066 -8.51338 -4.57944 -8.35931 -7.31453 -7.08979 -5.37599 -8.04625 -8.52742 -3.30456 -8.19301 -6.50806 -9.51057 -3.63241 -7.77931 -8.60245 -2.36431 -8.12274
68.31 -5.03933 -10.0376 -9.33924 -8.73367 -9.34621 -4.04999 -7.61892 -8.85008 -7.12502 -4.90086 -8.81409 -8.65666 -4.26026 -6.42117 -7.08687 -7.92273 -4.97785 -7.98495 -8.54592 -4.43526 -9.28794 -7.53342 -7.58628 -5.18712 -7.97772 -8.46853 -4.45477 -8.07286 -7.32111 -7.66403 -5.19325 -8.01066 -8.51338 -4.57944 -8.35931 -7.31453 -7.08979 -5.37599 -8.04625 -8.52742 -3.30456 -8.19301 -6.50806 -9.51057 -3.63241 -7.77931 -8.60245 -2.36431 -8.12274
68.36 -5.03933 -10.0376 -9.33924 -8.73367 -9.34621 -4.04999 -7.61892 -8.85008 -7.12502 -4.90086 -8.81409 -8.65666 -4.26026 -6.42117 -7.08687 -7.92273 -4.97785 -7.98495 -8.54592 -4.43526 -9.28794 -7.53342 -7.58628 -5.18712 -7.97772 -8.46853 -4.45477 -8.07286 -7.32111 -7.66403 -5.19325 -8.01066 -8.51338 -4.57944 -8.35931 -7.31453 -7.08979 -5.37599 -8.04625 -8.52742 -3.30456 -8.19301 -6.50806 -9.51057 -3.63241 -7.77931 -8.60245 -2.36431 -8.12274
68.41 -5.03933 -10.0376 -9.33924 -8.73367 -9.34621 -4.04999 -7.61892 -8.85008 -7.12502 -4.90086 -8.81409 -8.65666 -4.26026 -6.42117 -7.08687 -7.92273 -4.97785 -7.98495 -8.54592 -4.43526 -9.28794 -7.53342 -7.58628 -5.18712 -7.97772 -8.46853 -4.45477 -8.07286 -7.32111 -7.66403 -5.19325 -8.01066 -8.51338 -4.57944 -8.35931 -7.31453 -7.08979 -5.37599 -8.04625 -8.52742 -3.30456 -8.19301 -6.50806 -9.51057 -3.63241 -7.77931 -8.60245 -2.36431 -8.12274
68.46 -5.03933 -10.0376 -9.33924 -8.73367 -9.34621 -4.04999 -7.61892 -8.85008 -7.12502 -4.90086 -8.81409 -8.65666 -4.26026 -6.42117 -7.08687 -7.92273 -4.97785 -7.98495 -8.54592 -4.43526 -9.28794 -7.53342 -7.58628 -5.18712 -7.97772 -8.46853 -4.45477 -8.07286 -7.32111 -7.66403 -5.19325 -8.01066 -8.51338 -4.57944 -8.35931 -7.31453 -7.08979 -5.37599 -8.04625 -8.52742 -3.30456 -8.19301 -6.50806 -9.51057 -3.63241 -7.77931 -8.60245 -2.36431 -8.12274
68.51 -5.03933 -10.0376 -9.33924 -8.73367 -9.34621 -4.04999 -7.61892 -8.85008 -7.12502 -4.90086 -8.81409 -8.65666 -4.26026 -6.42117 -7.08687 -7.92273 -4.97785 -7.98495 -8.54592 -4.43526 -9.28794 -7.53342 -7.58628 -5.18712 -7.97772 -8.46853 -4.45477 -8.07286 -7.32111 -7.66403 -5.19325 -8.01066 -8.51338 -4.57944 -8.35931 -7.31453 -7.08979 -5.37599 -8.04625 -8.52742 -3.30456 -8.19301 -6.50806 -9.51057 -3.63241 -7.77931 -8.60245 -2.36431 -8.12274
68.56 -5.03933 -10.0376 -9.33924 -8.73367 -9.34621 -4.04999 -7.61892 -8.85008 -7.12502 -4.90086 -8.81409 -8.65666 -4.26026 -6.42117 -7.08687 -7.92273 -4.97785 -7.98495 -8.54592 -4.43526 -9.28794 -7.53342 -7.58628 -5.18712 -7.97772 -8.46853 -4.45477 -8.07286 -7.32111 -7.66403 -5.19325 -8.01066 -8.51338 -4.57944 -8.35931 -7.31453 -7.08979 -5.37599 -8.04625 -8.52742 -3.30456 -8.19301 -6.50806 -9.51057 -3.63241 -7.77931 -8.60245 -2.36431 -8.12274
68.61 -5.03933 -10.0376 -9.33924 -8.73367 -9.34621 -4.04999 -7.61892 -8.85008 -7.12502 -4.90086 -8.81409 -8.65666 -4.26026 -6.42117 -7.08687 -7.92273 -4.97785 -7.98495 -8.54592 -4.43526 -9.28794 -7.53342 -7.58628 -5.18712 -7.97772 -8.46853 -4.45477 -8.07286 -7.32111 -7.66403 -5.19325 -8.01066 -8.51338 -4.57944 -8.35931 -7.31453 -7.08979 -5.37599 -8.04625 -8.52742 -3.30456 -8.19301 -6.50806 -9.51057 -3.63241 -7.77931 -8.60245 -2.36431 -8.12274
68.66 -5.03933 -10.0376 -9.33924 -8.73367 -9.34621 -4.04999 -7.61892 -8.85008 -7.12502 -4.90086 -8.81409 -8.65666 -4.26026 -6.42117 -7.08687 -7.92273 -4.97785 -7.98495 -8.54592 -4.43526 -9.28794 -7.53342 -7.58628 -5.18712 -7.97772 -8.46853 -4.45477 -8.07286 -7.32111 -7.66403 -5.19325 -8.01066 -8.51338 -4.57944 -8.35931 -7.31453 -7.08979 -5.37599 -8.04625 -8.52742 -3.30456 -8.19301 -6.50806 -9.51057 -3.63241 -7.77931 -8.60245 -2.36431 -8.12274
68.71 -5.03933 -10.0376 -9.33924 -8.73367 -9.34621 -4.04999 -7.61892 -8.85008 -7.12502 -4.90086 -8.81409 -8.65666 -4.26026 -6.42117 -7.08687 -7.92273 -4.97785 -7.98495 -8.54592 -4.43526 -9.28794 -7.53342 -7.58628 -5.18712 -7.97772 -8.46853 -4.45477 -8.07286 -7.32111 -7.66403 -5.19325 -8.01066 -8.51338 -4.57944 -8.35931 -7.31453 -7.08979 -5.37599 -8.04625 -8.52742 -3.30456 -8.19301 -6.50806 -9.51057 -3.63241 -7.77931 -8.60245 -2.36431 -8.12274
68.76 -5.03933 -10.0376 -9.33924 -8.73367 -9.34621 -4.04999 -7.61892 -8.85008 -7.12502 -4.90086 -8.81409 -8.65666 -4.26026 -6.42117 -7.08687 -7.92273 -4.97785 -7.98495 -8.54592 -4.43526 -9.28794 -7.53342 -7.58628 -5.18712 -7.97772 -8.46853 -4.45477 -8.07286 -7.32111 -7.66403 -5.19325 -8.01066 -8.51338 -4.57944 -8.35931 -7.31453 -7.08979 -5.37599 -8.04625 -8.52742 -3.30456 -8.19301 -6.50806 -9.51057 -3.63241 -7.77931 -8.60245 -2.36431 -8.12274
68.81 -5.03933 -10.0376 -9.33924 -8.73367 -9.34621 -4.04999 -7.61892 -8.85008 -7.12502 -4.90086 -8.81409 -8.65666 -4.26026 -6.42117 -7.08687 -7.92273 -4.97785 -7.98495 -8.54592 -4.43526 -9.28794 -7.53342 -7.58628 -5.18712 -7.97772 -8.46853 -4.45477 -8.07286 -7.32111 -7.66403 -5.19325 -8.01066 -8.51338 -4.57944 -8.35931 -7.31453 -7.08979 -5.37599 -8.04625 -8.52742 -3.30456 -8.19301 -6.50806 -9.51057 -3.63241 -7.77931 -8.60245 -2.36431 -8.12274
68.86 -5.03933 -10.0376 -9.33924 -8.73367 -9.34621 -4.04999 -7.61892 -8.85008 -7.12502 -4.90086 -8.81409 -8.65666 -4.26026 -6.42117 -7.08687 -7.92273 -4.97785 -7.98495 -8.54592 -4.43526 -9.28794 -7.53342 -7.58628 -5.18712 -7.97772 -8.46853 -4.45477 -8.07286 -7.32111 -7.66403 -5.19325 -8.01066 -8.51338 -4.57944 -8.35931 -7.31453 -7.08979 -5.37599 -8.04625 -8.52742 -3.30456 -8.19301 -6.50806 -9.51057 -3.63241 -7.77931 -8.60245 -2.36431 -8.12274
68.91 -5.03933 -10.0376 -9.33924 -8.73367 -9.34621 -4.04999 -7.61892 -8.85008 -7.12502 -4.90086 -8.81409 -8.65666 -4.26026 -6.42117 -7.08687 -7.92273 -4.97785 -7.98495 -8.54592 -4.43526 -9.28794 -7.53342 -7.58628 -5.18712 -7.97772 -8.46853 -4.45477 -8.07286 -7.32111 -7.66403 -5.19325 -8.01066 -8.51338 -4.57944 -8.35931 -7.31453 -7.08979 -5.37599 -8.04625 -8.52742 -3.30456 -8.19301 -6.50806 -9.51057 -3.63241 -7.77931 -8.60245 -2.36431 -8.12274
68.96 -5.03933 -10.0376 -9.33924 -8.73367 -9.34621 -4.04999 -7.61892 -8.85008 -7.12502 -4.90086 -8.81409 -8.65666 -4.26026 -6.42117 -7.08687 -7.92273 -4.97785 -7.98495 -8.54592 -4.43526 -9.28794 -7.53342 -7.58628 -5.18712 -7.97772 -8.46853 -4.45477 -8.07286 -7.32111 -7.66403 -5.19325 -8.01066 -8.51338 -4.57944 -8.35931 -7.31453 -7.08979 -5.37599 -8.04625 -8.52742 -3.30456 -8.19301 -6.50806 -9.51057 -3.63241 -7.77931 -8.60245 -2.36431 -8.12274
69.01 -5.03933 -10.0376 -9.33924 -8.73367 -9.34621 -4.04999 -7.61892 -8.85008 -7.12502 -4.90086 -8.81409 -8.65666 -4.26026 -6.42117 -7.08687 -7.92273 -4.97785 -7.98495 -8.54592 -4.43526 -9.28794 -7.53342 -7.58628 -5.18712 -7.97772 -8.46853 -4.45477 -8.07286 -7.32111 -7.66403 -5.19325 -8.01066 -8.51338 -4.57944 -8.35931 -7.31453 -7.08979 -5.37599 -8.04625 -8.52742 -3.30456 -8.19301 -6.50806 -9.51057 -3.63241 -7.77931 -8.60245 -2.36431 -8.12274
69.06 -5.03933 -10.0376 -9.33924 -8.73367 -9.34621 -4.04999 -7.61892 -8.85008 -7.12502 -4.90086 -8.81409 -8.65666 -4.26026 -6.42117 -7.08687 -7.92273 -4.97785 -7.98495 -8.54592 -4.43526 -9.28794 -7.53342 -7.58628 -5.18712 -7.97772 -8.46853 -4.45477 -8.07286 -7.32111 -7.66403 -5.19325 -8.01066 -8.51338 -4.57944 -8.35931 -7.31453 -7.08979 -5.37599 -8.04625 -8.52742 -3.30456 -8.19301 -6.50806 -9.51057 -3.63241 -7.77931 -8.60245 -2.36431 -8.12274
69.11 -5.03933 -10.0376 -9.33924 -8.73367 -9.34621 -4.04999 -7.61892 -8.85008 -7.12502 -4.90086 -8.81409 -8.65666 -4.26026 -6.42117 -7.08687 -7.92273 -4.97785 -7.98495 -8.54592 -4.43526 -9.28794 -7.53342 -7.58628 -5.18712 -7.97772 -8.46853 -4.45477 -8.07286 -7.32111 -7.66403 -5.19325 -8.01066 -8.51338 -4.57944 -8.35931 -7.31453 -7.08979 -5.37599 -8.04625 -8.52742 -3.30456 -8.19301 -6.50806 -9.51057 -3.63241 -7.77931 -8.60245 -2.36431 -8.12274
69.16 -5.03933 -10.0376 -9.33924 -8.73367 -9.34621 -4.04999 -7.61892 -8.85008 -7.12502 -4.90086 -8.81409 -8.65666 -4.26026 -6.42117 -7.08687 -7.92273 -4.97785 -7.98495 -8.54592 -4.43526 -9.28794 -7.53342 -7.58628 -5.18712 -7.97772 -8.46853 -4.45477 -8.07286 -7.32111 -7.66403 -5.19325 -8.01066 -8.51338 -4.57944 -8.35931 -7.31453 -7.08979 -5.37599 -8.04625 -8.52742 -3.30456 -8.19301 -6.50806 -9.51057 -3.63241 -7.77931 -8.60245 -2.36431 -8.12274
69.21 -5.03933 -10.0376 -9.33924 -8.73367 -9.34621 -4.04999 -7.61892 -8.85008 -7.12502 -4.90086 -8.81409 -8.65666 -4.26026 -6.42117 -7.08687 -7.92273 -4.97785 -7.98495 -8.54592 -4.43526 -9.28794 -7.53342 -7.58628 -5.18712 -7.97772 -8.46853 -4.45477 -8.07286 -7.32111 -7.66403 -5.19325 -8.01066 -8.51338 -4.57944 -8.35931 -7.31453 -7.08979 -5.37599 -8.04625 -8.52742 -3.30456 -8.19301 -6.50806 -9.51057 -3.63241 -7.77931 -8.60245 -2.36431 -8.12274
69.26 -5.03933 -10.0376 -9.33924 -8.73367 -9.34621 -4.04999 -7.61892 -8.85008 -7.12502 -4.90086 -8.81409 -8.65666 -4.26026 -6.42117 -7.08687 -7.92273 -4.97785 -7.98495 -8.54592 -4.43526 -9.28794 -7.53342 -7.58628 -5.18712 -7.97772 -8.46853 -4.45477 -8.07286 -7.32111 -7.66403 -5.19325 -8.01066 -8.51338 -4.57944 -8.35931 -7.31453 -7.08979 -5.37599 -8.04625 -8.52742 -3.30456 -8.19301 -6.50806 -9.51057 -3.63241 -7.77931 -8.60245 -2.36431 -8.12274
69.31 -5.03933 -10.0376 -9.33924 -8.73367 -9.34621 -4.04999 -7.61892 -8.85008 -7.12502 -4.90086 -8.81409 -8.65666 -4.26026 -6.42117 -7.08687 -7.92273 -4.97785 -7.98495 -8.54592 -4.43526 -9.28794 -7.53342 -7.58628 -5.18712 -7.97772 -8.46853 -4.45477 -8.07286 -7.32111 -7.66403 -5.19325 -8.01066 -8.51338 -4.57944 -8.35931 -7.31453 -7.08979 -5.37599 -8.04625 -8.52742 -3.30456 -8.19301 -6.50806 -9.51057 -3.63241 -7.77931 -8.60245 -2.36431 -8.12274
69.36 -5.03933 -10.0376 -9.33924 -8.73367 -9.34621 -4.04999 -7.61892 -8.85008 -7.12502 -4.90086 -8.81409 -8.65666 -4.26026 -6.42117 -7.08687 -7.92273 -4.97785 -7.98495 -8.54592 -4.43526 -9.28794 -7.53342 -7.58628 -5.18712 -7.97772 -8.46853 -4.45477 -8.07286 -7.32111 -7.66403 -5.19325 -8.01066 -8.51338 -4.57944 -8.35931 -7.31453 -7.08979 -5.37599 -8.04625 -8.52742 -3.30456 -8.19301 -6.50806 -9.51057 -3.63241 -7.77931 -8.60245 -2.36431 -8.12274
69.41 -5.03933 -10.0376 -9.33924 -8.73367 -9.34621 -4.04999 -7.61892 -8.85008 -7.12502 -4.90086 -8.81409 -8.65666 -4.26026 -6.42117 -7.08687 -7.92273 -4.97785 -7.98495 -8.54592 -4.43526 -9.28794 -7.53342 -7.58628 -5.18712 -7.97772 -8.46853 -4.45477 -8.07286 -7.32111 -7.66403 -5.19325 -8.01066 -8.51338 -4.57944 -8.35931 -7.31453 -7.08979 -5.37599 -8.04625 -8.52742 -3.30456 -8.19301 -6.50806 -9.51057 -3.63241 -7.77931 -8.60245 -2.36431 -8.12274
69.46 -5.03933 -10.0376 -9.33924 -8.73367 -9.34621 -4.04999 -7.61892 -8.85008 -7.12502 -4.90086 -8.81409 -8.65666 -4.26026 -6.42117 -7.08687 -7.92273 -4.97785 -7.98495 -8.54592 -4.43526 -9.28794 -7.53342 -7.58628 -5.18712 -7.97772 -8.46853 -4.45477 -8.07286 -7.32111 -7.66403 -5.19325 -8.01066 -8.51338 -4.57944 -8.35931 -7.31453 -7.08979 -5.37599 -8.04625 -8.52742 -3.30456 -8.19301 -6.50806 -9.51057 -3.63241 -7.77931 -8.60245 -2.36431 -8.12274
69.51 -5.03933 -10.0376 -9.33924 -8.73367 -9.34621 -4.04999 -7.61892 -8.85008 -7.12502 -4.90086 -8.81409 -8.65666 -4.26026 -6.42117 -7.08687 -7.92273 -4.97785 -7.98495 -8.54592 -4.43526 -9.28794 -7.53342 -7.58628 -5.18712 -7.97772 -8.46853 -4.45477 -8.07286 -7.32111 -7.66403 -5.19325 -8.01066 -8.51338 -4.57944 -8.35931 -7.31453 -7.08979 -5.37599 -8.04625 -8.52742 -3.30456 -8.19301 -6.50806 -9.51057 -3.63241 -7.77931 -8.60245 -2.36431 -8.12274
69.56 -5.03933 -10.0376 -9.33924 -8.73367 -9.34621 -4.04999 -7.61892 -8.85008 -7.12502 -4.90086 -8.81409 -8.65666 -4.26026 -6.42117 -7.08687 -7.92273 -4.97785 -7.98495 -8.54592 -4.43526 -9.28794 -7.53342 -7.58628 -5.18712 -7.97772 -8.46853 -4.45477 -8.07286 -7.32111 -7.66403 -5.19325 -8.01066 -8.51338 -4.57944 -8.35931 -7.31453 -7.08979 -5.37599 -8.04625 -8.52742 -3.30456 -8.19301 -6.50806 -9.51057 -3.63241 -7.77931 -8.60245 -2.36431 -8.12274
69.61 -5.03933 -10.0376 -9.33924 -8.73367 -9.34621 -4.04999 -7.61892 -8.85008 -7.12502 -4.90086 -8.81409 -8.65666 -4.26026 -6.42117 -7.08687 -7.92273 -4.97785 -7.98495 -8.54592 -4.43526 -9.28794 -7.53342 -7.58628 -5.18712 -7.97772 -8.46853 -4.45477 -8.07286 -7.32111 -7.66403 -5.19325 -8.01066 -8.51338 -4.57944 -8.35931 -7.31453 -7.08979 -5.37599 -8.04625 -8.52742 -3.30456 -8.19301 -6.50806 -9.51057 -3.63241 -7.77931 -8.60245 -2.36431 -8.12274
69.66 -5.03933 -10.0376 -9.33924 -8.73367 -9.34621 -4.04999 -7.61892 -8.85008 -7.12502 -4.90086 -8.81409 -8.65666 -4.26026 -6.42117 -7.08687 -7.92273 -4.97785 -7.98495 -8.54592 -4.43526 -9.28794 -7.53342 -7.58628 -5.18712 -7.97772 -8.46853 -4.45477 -8.07286 -7.32111 -7.66403 -5.19325 -8.01066 -8.51338 -4.57944 -8.35931 -7.31453 -7.08979 -5.37599 -8.04625 -8.52742 -3.30456 -8.19301 -6.50806 -9.51057 -3.63241 -7.77931 -8.60245 -2.36431 -8.12274
69.71 -5.03933 -10.0376 -9.33924 -8.73367 -9.34621 -4.04999 -7.61892 -8.85008 -7.12502 -4.90086 -8.81409 -8.65666 -4.26026 -6.42117 -7.08687 -7.92273 -4.97785 -7.98495 -8.54592 -4.43526 -9.28794 -7.53342 -7.58628 -5.18712 -7.97772 -8.46853 -4.45477 -8.07286 -7.32111 -7.66403 -5.19325 -8.01066 -8.51338 -4.57944 -8.35931 -7.31453 -7.08979 -5.37599 -8.04625 -8.52742 -3.30456 -8.19301 -6.50806 -9.51057 -3.63241 -7.77931 -8.60245 -2.36431 -8.12274
69.76 -5.03933 -10.0376 -9.33924 -8.73367 -9.34621 -4.04999 -7.61892 -8.85008 -7.12502 -4.90086 -8.81409 -8.65666 -4.26026 -6.42117 -7.08687 -7.92273 -4.97785 -7.98495 -8.54592 -4.43526 -9.28794 -7.53342 -7.58628 -5.18712 -7.97772 -8.46853 -4.45477 -8.07286 -7.32111 -7.66403 -5.19325 -8.01066 -8.51338 -4.57944 -8.35931 -7.31453 -7.08979 -5.37599 -8.04625 -8.52742 -3.30456 -8.19301 -6.50806 -9.51057 -3.63241 -7.77931 -8.60245 -2.36431 -8.12274
69.81 -5.03933 -10.0376 -9.33924 -8.73367 -9.34621 -4.04999 -7.61892 -8.85008 -7.12502 -4.90086 -8.81409 -8.65666 -4.26026 -6.42117 -7.08687 -7.92273 -4.97785 -7.98495 -8.54592 -4.43526 -9.28794 -7.53342 -7.58628 -5.18712 -7.97772 -8.46853 -4.45477 -8.07286 -7.32111 -7.66403 -5.19325 -8.01066 -8.51338 -4.57944 -8.35931 -7.31453 -7.08979 -5.37599 -8.04625 -8.52742 -3.30456 -8.19301 -6.50806 -9.51057 -3.63241 -7.77931 -8.60245 -2.36431 -8.12274
69.86 -5.03933 -10.0376 -9.33924 -8.73367 -9.34621 -4.04999 -7.61892 -8.85008 -7.12502 -4.90086 -8.81409 -8.65666 -4.26026 -6.42117 -7.08687 -7.92273 -4.97785 -7.98495 -8.54592 -4.43526 -9.28794 -7.53342 -7.58628 -5.18712 -7.97772 -8.46853 -4.45477 -8.07286 -7.32111 -7.66403 -5.19325 -8.01066 -8.51338 -4.57944 -8.35931 -7.31453 -7.08979 -5.37599 -8.04625 -8.52742 -3.30456 -8.19301 -6.50806 -9.51057 -3.63241 -7.77931 -8.60245 -2.36431 -8.12274
69.91 -5.03933 -10.0376 -9.33924 -8.73367 -9.34621 -4.04999 -7.61892 -8.85008 -7.12502 -4.90086 -8.81409 -8.65666 -4.26026 -6.42117 -7.08687 -7.92273 -4.97785 -7.98495 -8.54592 -4.43526 -9.28794 -7.53342 -7.58628 -5.18712 -7.97772 -8.46853 -4.45477 -8.07286 -7.32111 -7.66403 -5.19325 -8.01066 -8.51338 -4.57944 -8.35931 -7.31453 -7.08979 -5.37599 -8.04625 -8.52742 -3.30456 -8.19301 -6.50806 -9.51057 -3.63241 -7.77931 -8.60245 -2.36431 -8.12274
69.96 -5.03933 -10.0376 -9.33924 -8.73367 -9.34621 -4.04999 -7.61892 -8.85008 -7.12502 -4.90086 -8.81409 -8.65666 -4.26026 -6.42117 -7.08687 -7.92273 -4.97785 -7.98495 -8.54592 -4.43526 -9.28794 -7.53342 -7.58628 -5.18712 -7.97772 -8.46853 -4.45477 -8.07286 -7.32111 -7.66403 -5.19325 -8.01066 -8.51338 -4.57944 -8.35931 -7.31453 -7.08979 -5.37599 -8.04625 -8.52742 -3.30456 -8.19301 -6.50806 -9.51057 -3.63241 -7.77931 -8.60245 -2.36431 -8.12274
70.01 -5.03933 -10.0376 -9.33924 -8.73367 -9.34621 -4.04999 -7.61892 -8.85008 -7.12502 -4.90086 -8.81409 -8.65666 -4.26026 -6.42117 -7.08687 -7.92273 -4.97785 -7.98495 -8.54592 -4.43526 -9.28794 -7.53342 -7.58628 -5.18712 -7.97772 -8.46853 -4.45477 -8.07286 -7.32111 -7.66403 -5.19325 -8.01066 -8.51338 -4.57944 -8.35931 -7.31453 -7.08979 -5.37599 -8.04625 -8.52742 -3.30456 -8.19301 -6.50806 -9.51057 -3.63241 -7.77931 -8.60245 -2.36431 -8.12274
70.06 -5.03933 -10.0376 -9.33924 -8.73367 -9.34621 -4.04999 -7.61892 -8.85008 -7.12502 -4.90086 -8.81409 -8.65666 -4.26026 -6.42117 -7.08687 -7.92273 -4.97785 -7.98495 -8.54592 -4.43526 -9.28794 -7.53342 -7.58628 -5.18712 -7.97772 -8.46853 -4.45477 -8.07286 -7.32111 -7.66403 -5.19325 -8.01066 -8.51338 -4.57944 -8.35931 -7.31453 -7.08979 -5.37599 -8.04625 -8.52742 -3.30456 -8.19301 -6.50806 -9.51057 -3.63241 -7.77931 -8.60245 -2.36431 -8.12274
70.11 -5.03933 -10.0376 -9.33924 -8.73367 -9.34621 -4.04999 -7.61892 -8.85008 -7.12502 -4.90086 -8.81409 -8.65666 -4.26026 -6.42117 -7.08687 -7.92273 -4.97785 -7.98495 -8.54592 -4.43526 -9.28794 -7.53342 -7.58628 -5.18712 -7.97772 -8.46853 -4.45477 -8.07286 -7.32111 -7.66403 -5.19325 -8.01066 -8.51338 -4.57944 -8.35931 -7.31453 -7.08979 -5.37599 -8.04625 -8.52742 -3.30456 -8.19301 -6.50806 -9.51057 -3.63241 -7.77931 -8.60245 -2.36431 -8.12274
70.16 -5.03933 -10.0376 -9.33924 -8.73367 -9.34621 -4.04999 -7.61892 -8.85008 -7.12502 -4.90086 -8.81409 -8.65666 -4.26026 -6.42117 -7.08687 -7.92273 -4.97785 -7.98495 -8.54592 -4.43526 -9.28794 -7.53342 -7.58628 -5.18712 -7.97772 -8.46853 -4.45477 -8.07286 -7.32111 -7.66403 -5.19325 -8.01066 -8.51338 -4.57944 -8.35931 -7.31453 -7.08979 -5.37599 -8.04625 -8.52742 -3.30456 -8.19301 -6.50806 -9.51057 -3.63241 -7.77931 -8.60245 -2.36431 -8.12274
70.21 -5.03933 -10.0376 -9.33924 -8.73367 -9.34621 -4.04999 -7.61892 -8.85008 -7.12502 -4.90086 -8.81409 -8.65666 -4.26026 -6.42117 -7.08687 -7.92273 -4.97785 -7.98495 -8.54592 -4.43526 -9.28794 -7.53342 -7.58628 -5.18712 -7.97772 -8.46853 -4.45477 -8.07286 -7.32111 -7.66403 -5.19325 -8.01066 -8.51338 -4.57944 -8.35931 -7.31453 -7.08979 -5.37599 -8.04625 -8.52742 -3.30456 -8.19301 -6.50806 -9.51057 -3.63241 -7.77931 -8.60245 -2.36431 -8.12274
70.26 -5.03933 -10.0376 -9.33924 -8.73367 -9.34621 -4.04999 -7.61892 -8.85008 -7.12502 -4.90086 -8.81409 -8.65666 -4.26026 -6.42117 -7.08687 -7.92273 -4.97785 -7.98495 -8.54592 -4.43526 -9.28794 -7.53342 -7.58628 -5.18712 -7.97772 -8.46853 -4.45477 -8.07286 -7.32111 -7.66403 -5.19325 -8.01066 -8.51338 -4.57944 -8.35931 -7.31453 -7.08979 -5.37599 -8.04625 -8.52742 -3.30456 -8.19301 -6.50806 -9.51057 -3.63241 -7.77931 -8.60245 -2.36431 -8.12274
70.31 -5.03933 -10.0376 -9.33924 -8.73367 -9.34621 -4.04999 -7.61892 -8.85008 -7.12502 -4.90086 -8.81409 -8.65666 -4.26026 -6.42117 -7.08687 -7.92273 -4.97785 -7.98495 -8.54592 -4.43526 -9.28794 -7.53342 -7.58628 -5.18712 -7.97772 -8.46853 -4.45477 -8.07286 -7.32111 -7.66403 -5.19325 -8.01066 -8.51338 -4.57944 -8.35931 -7.31453 -7.08979 -5.37599 -8.04625 -8.52742 -3.30456 -8.19301 -6.50806 -9.51057 -3.63241 -7.77931 -8.60245 -2.36431 -8.12274
70.36 -5.03933 -10.0376 -9.33924 -8.73367 -9.34621 -4.04999 -7.61892 -8.85008 -7.12502 -4.90086 -8.81409 -8.65666 -4.26026 -6.42117 -7.08687 -7.92273 -4.97785 -7.98495 -8.54592 -4.43526 -9.28794 -7.53342 -7.58628 -5.18712 -7.97772 -8.46853 -4.45477 -8.07286 -7.32111 -7.66403 -5.19325 -8.01066 -8.51338 -4.57944 -8.35931 -7.31453 -7.08979 -5.37599 -8.04625 -8.52742 -3.30456 -8.19301 -6.50806 -9.51057 -3.63241 -7.77931 -8.60245 -2.36431 -8.12274
70.41 -5.03933 -10.0376 -9.33924 -8.73367 -9.34621 -4.04999 -7.61892 -8.85008 -7.12502 -4.90086 -8.81409 -8.65666 -4.26026 -6.42117 -7.08687 -7.92273 -4.97785 -7.98495 -8.54592 -4.43526 -9.28794 -7.53342 -7.58628 -5.18712 -7.97772 -8.46853 -4.45477 -8.07286 -7.32111 -7.66403 -5.19325 -8.01066 -8.51338 -4.57944 -8.35931 -7.31453 -7.08979 -5.37599 -8.04625 -8.52742 -3.30456 -8.19301 -6.50806 -9.51057 -3.63241 -7.77931 -8.60245 -2.36431 -8.12274
70.46 -5.03933 -10.0376 -9.33924 -8.73367 -9.34621 -4.04999 -7.61892 -8.85008 -7.12502 -4.90086 -8.81409 -8.65666 -4.26026 -6.42117 -7.08687 -7.92273 -4.97785 -7.98495 -8.54592 -4.43526 -9.28794 -7.53342 -7.58628 -5.18712 -7.97772 -8.46853 -4.45477 -8.07286 -7.32111 -7.66403 -5.19325 -8.01066 -8.51338 -4.57944 -8.35931 -7.31453 -7.08979 -5.37599 -8.04625 -8.52742 -3.30456 -8.19301 -6.50806 -9.51057 -3.63241 -7.77931 -8.60245 -2.36431 -8.12274
70.51 -5.03933 -10.0376 -9.33924 -8.73367 -9.34621 -4.04999 -7.61892 -8.85008 -7.12502 -4.90086 -8.81409 -8.65666 -4.26026 -6.42117 -7.08687 -7.92273 -4.97785 -7.98495 -8.54592 -4.43526 -9.28794 -7.53342 -7.58628 -5.18712 -7.97772 -8.46853 -4.45477 -8.07286 -7.32111 -7.66403 -5.19325 -8.01066 -8.51338 -4.57944 -8.35931 -7.31453 -7.08979 -5.37599 -8.04625 -8.52742 -3.30456 -8.19301 -6.50806 -9.51057 -3.63241 -7.77931 -8.60245 -2.36431 -8.12274
70.56 -5.03933 -10.0376 -9.33924 -8.73367 -9.34621 -4.04999 -7.61892 -8.85008 -7.12502 -4.90086 -8.81409 -8.65666 -4.26026 -6.42117 -7.08687 -7.92273 -4.97785 -7.98495 -8.54592 -4.43526 -9.28794 -7.53342 -7.58628 -5.18712 -7.97772 -8.46853 -4.45477 -8.07286 -7.32111 -7.66403 -5.19325 -8.01066 -8.51338 -4.57944 -8.35931 -7.31453 -7.08979 -5.37599 -8.04625 -8.52742 -3.30456 -8.19301 -6.50806 -9.51057 -3.63241 -7.77931 -8.60245 -2.36431 -8.12274
70.61 -5.03933 -10.0376 -9.33924 -8.73367 -9.34621 -4.04999 -7.61892 -8.85008 -7.12502 -4.90086 -8.81409 -8.65666 -4.26026 -6.42117 -7.08687 -7.92273 -4.97785 -7.98495 -8.54592 -4.43526 -9.28794 -7.53342 -7.58628 -5.18712 -7.97772 -8.46853 -4.45477 -8.07286 -7.32111 -7.66403 -5.19325 -8.01066 -8.51338 -4.57944 -8.35931 -7.31453 -7.08979 -5.37599 -8.04625 -8.52742 -3.30456 -8.19301 -6.50806 -9.51057 -3.63241 -7.77931 -8.60245 -2.36431 -8.12274
70.66 -5.03933 -10.0376 -9.33924 -8.73367 -9.34621 -4.04999 -7.61892 -8.85008 -7.12502 -4.90086 -8.81409 -8.65666 -4.26026 -6.42117 -7.08687 -7.92273 -4.97785 -7.98495 -8.54592 -4.43526 -9.28794 -7.53342 -7.58628 -5.18712 -7.97772 -8.46853 -4.45477 -8.07286 -7.32111 -7.66403 -5.19325 -8.01066 -8.51338 -4.57944 -8.35931 -7.31453 -7.08979 -5.37599 -8.04625 -8.52742 -3.30456 -8.19301 -6.50806 -9.51057 -3.63241 -7.77931 -8.60245 -2.36431 -8.12274
70.71 -5.03933 -10.0376 -9.33924 -8.73367 -9.34621 -4.04999 -7.61892 -8.85008 -7.12502 -4.90086 -8.81409 -8.65666 -4.26026 -6.42117 -7.08687 -7.92273 -4.97785 -7.98495 -8.54592 -4.43526 -9.28794 -7.53342 -7.58628 -5.18712 -7.97772 -8.46853 -4.45477 -8.07286 -7.32111 -7.66403 -5.19325 -8.01066 -8.51338 -4.57944 -8.35931 -7.31453 -7.08979 -5.37599 -8.04625 -8.52742 -3.30456 -8.19301 -6.50806 -9.51057 -3.63241 -7.77931 -8.60245 -2.36431 -8.12274
70.76 -5.03933 -10.0376 -9.33924 -8.73367 -9.34621 -4.04999 -7.61892 -8.85008 -7.12502 -4.90086 -8.81409 -8.65666 -4.26026 -6.42117 -7.08687 -7.92273 -4.97785 -7.98495 -8.54592 -4.43526 -9.28794 -7.53342 -7.58628 -5.18712 -7.97772 -8.46853 -4.45477 -8.07286 -7.32111 -7.66403 -5.19325 -8.01066 -8.51338 -4.57944 -8.35931 -7.31453 -7.08979 -5.37599 -8.04625 -8.52742 -3.30456 -8.19301 -6.50806 -9.51057 -3.63241 -7.77931 -8.60245 -2.36431 -8.12274
70.81 -5.03933 -10.0376 -9.33924 -8.73367 -9.34621 -4.04999 -7.61892 -8.85008 -7.12502 -4.90086 -8.81409 -8.65666 -4.26026 -6.42117 -7.08687 -7.92273 -4.97785 -7.98495 -8.54592 -4.43526 -9.28794 -7.53342 -7.58628 -5.18712 -7.97772 -8.46853 -4.45477 -8.07286 -7.32111 -7.66403 -5.19325 -8.01066 -8.51338 -4.57944 -8.35931 -7.31453 -7.08979 -5.37599 -8.04625 -8.52742 -3.30456 -8.19301 -6.50806 -9.51057 -3.63241 -7.77931 -8.60245 -2.36431 -8.12274
70.86 -5.03933 -10.0376 -9.33924 -8.73367 -9.34621 -4.04999 -7.61892 -8.85008 -7.12502 -4.90086 -8.81409 -8.65666 -4.26026 -6.42117 -7.08687 -7.92273 -4.97785 -7.98495 -8.54592 -4.43526 -9.28794 -7.53342 -7.58628 -5.18712 -7.97772 -8.46853 -4.45477 -8.07286 -7.32111 -7.66403 -5.19325 -8.01066 -8.51338 -4.57944 -8.35931 -7.31453 -7.08979 -5.37599 -8.04625 -8.52742 -3.30456 -8.19301 -6.50806 -9.51057 -3.63241 -7.77931 -8.60245 -2.36431 -8.12274
70.91 -5.03933 -10.0376 -9.33924 -8.73367 -9.34621 -4.04999 -7.61892 -8.85008 -7.12502 -4.90086 -8.81409 -8.65666 -4.26026 -6.42117 -7.08687 -7.92273 -4.97785 -7.98495 -8.54592 -4.43526 -9.28794 -7.53342 -7.58628 -5.18712 -7.97772 -8.46853 -4.45477 -8.07286 -7.32111 -7.66403 -5.19325 -8.01066 -8.51338 -4.57944 -8.35931 -7.31453 -7.08979 -5.37599 -8.04625 -8.52742 -3.30456 -8.19301 -6.50806 -9.51057 -3.63241 -7.77931 -8.60245 -2.36431 -8.12274
70.96 -5.03933 -10.0376 -9.33924 -8.73367 -9.34621 -4.04999 -7.61892 -8.85008 -7.12502 -4.90086 -8.81409 -8.65666 -4.26026 -6.42117 -7.08687 -7.92273 -4.97785 -7.98495 -8.54592 -4.43526 -9.28794 -7.53342 -7.58628 -5.18712 -7.97772 -8.46853 -4.45477 -8.07286 -7.32111 -7.66403 -5.19325 -8.01066 -8.51338 -4.57944 -8.35931 -7.31453 -7.08979 -5.37599 -8.04625 -8.52742 -3.30456 -8.19301 -6.50806 -9.51057 -3.63241 -7.77931 -8.60245 -2.36431 -8.12274
71.01 -5.03933 -10.0376 -9.33924 -8.73367 -9.34621 -4.04999 -7.61892 -8.85008 -7.12502 -4.90086 -8.81409 -8.65666 -4.26026 -6.42117 -7.08687 -7.92273 -4.97785 -7.98495 -8.54592 -4.43526 -9.28794 -7.53342 -7.58628 -5.18712 -7.97772 -8.46853 -4.45477 -8.07286 -7.32111 -7.66403 -5.19325 -8.01066 -8.51338 -4.57944 -8.35931 -7.31453 -7.08979 -5.37599 -8.04625 -8.52742 -3.30456 -8.19301 -6.50806 -9.51057 -3.63241 -7.77931 -8.60245 -2.36431 -8.12274
71.06 -5.03933 -10.0376 -9.33924 -8.73367 -9.34621 -4.04999 -7.61892 -8.85008 -7.12502 -4.90086 -8.81409 -8.65666 -4.26026 -6.42117 -7.08687 -7.92273 -4.97785 -7.98495 -8.54592 -4.43526 -9.28794 -7.53342 -7.58628 -5.18712 -7.97772 -8.46853 -4.45477 -8.07286 -7.32111 -7.66403 -5.19325 -8.01066 -8.51338 -4.57944 -8.35931 -7.31453 -7.08979 -5.37599 -8.04625 -8.52742 -3.30456 -8.19301 -6.50806 -9.51057 -3.63241 -7.77931 -8.60245 -2.36431 -8.12274
71.11 -5.03933 -10.0376 -9.33924 -8.73367 -9.34621 -4.04999 -7.61892 -8.85008 -7.12502 -4.90086 -8.81409 -8.65666 -4.26026 -6.42117 -7.08687 -7.92273 -4.97785 -7.98495 -8.54592 -4.43526 -9.28794 -7.53342 -7.58628 -5.18712 -7.97772 -8.46853 -4.45477 -8.07286 -7.32111 -7.66403 -5.19325 -8.01066 -8.51338 -4.57944 -8.35931 -7.31453 -7.08979 -5.37599 -8.04625 -8.52742 -3.30456 -8.19301 -6.50806 -9.51057 -3.63241 -7.77931 -8.60245 -2.36431 -8.12274
71.16 -5.03933 -10.0376 -9.33924 -8.73367 -9.34621 -4.04999 -7.61892 -8.85008 -7.12502 -4.90086 -8.81409 -8.65666 -4.26026 -6.42117 -7.08687 -7.92273 -4.97785 -7.98495 -8.54592 -4.43526 -9.28794 -7.53342 -7.58628 -5.18712 -7.97772 -8.46853 -4.45477 -8.07286 -7.32111 -7.66403 -5.19325 -8.01066 -8.51338 -4.57944 -8.35931 -7.31453 -7.08979 -5.37599 -8.04625 -8.52742 -3.30456 -8.19301 -6.50806 -9.51057 -3.63241 -7.77931 -8.60245 -2.36431 -8.12274
71.21 -5.03933 -10.0376 -9.33924 -8.73367 -9.34621 -4.04999 -7.61892 -8.85008 -7.12502 -4.90086 -8.81409 -8.65666 -4.26026 -6.42117 -7.08687 -7.92273 -4.97785 -7.98495 -8.54592 -4.43526 -9.28794 -7.53342 -7.58628 -5.18712 -7.97772 -8.46853 -4.45477 -8.07286 -7.32111 -7.66403 -5.19325 -8.01066 -8.51338 -4.57944 -8.35931 -7.31453 -7.08979 -5.37599 -8.04625 -8.52742 -3.30456 -8.19301 -6.50806 -9.51057 -3.63241 -7.77931 -8.60245 -2.36431 -8.12274
71.26 -5.03933 -10.0376 -9.33924 -8.73367 -9.34621 -4.04999 -7.61892 -8.85008 -7.12502 -4.90086 -8.81409 -8.65666 -4.26026 -6.42117 -7.08687 -7.92273 -4.97785 -7.98495 -8.54592 -4.43526 -9.28794 -7.53342 -7.58628 -5.18712 -7.97772 -8.46853 -4.45477 -8.07286 -7.32111 -7.66403 -5.19325 -8.01066 -8.51338 -4.57944 -8.35931 -7.31453 -7.08979 -5.37599 -8.04625 -8.52742 -3.30456 -8.19301 -6.50806 -9.51057 -3.63241 -7.77931 -8.60245 -2.36431 -8.12274
71.31 -5.03933 -10.0376 -9.33924 -8.73367 -9.34621 -4.04999 -7.61892 -8.85008 -7.12502 -4.90086 -8.81409 -8.65666 -4.26026 -6.42117 -7.08687 -7.92273 -4.97785 -7.98495 -8.54592 -4.43526 -9.28794 -7.53342 -7.58628 -5.18712 -7.97772 -8.46853 -4.45477 -8.07286 -7.32111 -7.66403 -5.19325 -8.01066 -8.51338 -4.57944 -8.35931 -7.31453 -7.08979 -5.37599 -8.04625 -8.52742 -3.30456 -8.19301 -6.50806 -9.51057 -3.63241 -7.77931 -8.60245 -2.36431 -8.12274
71.36 -5.03933 -10.0376 -9.33924 -8.73367 -9.34621 -4.04999 -7.61892 -8.85008 -7.12502 -4.90086 -8.81409 -8.65666 -4.26026 -6.42117 -7.08687 -7.92273 -4.97785 -7.98495 -8.54592 -4.43526 -9.28794 -7.53342 -7.58628 -5.18712 -7.97772 -8.46853 -4.45477 -8.07286 -7.32111 -7.66403 -5.19325 -8.01066 -8.51338 -4.57944 -8.35931 -7.31453 -7.08979 -5.37599 -8.04625 -8.52742 -3.30456 -8.19301 -6.50806 -9.51057 -3.63241 -7.77931 -8.60245 -2.36431 -8.12274
71.41 -5.03933 -10.0376 -9.33924 -8.73367 -9.34621 -4.04999 -7.61892 -8.85008 -7.12502 -4.90086 -8.81409 -8.65666 -4.26026 -6.42117 -7.08687 -7.92273 -4.97785 -7.98495 -8.54592 -4.43526 -9.28794 -7.53342 -7.58628 -5.18712 -7.97772 -8.46853 -4.45477 -8.07286 -7.32111 -7.66403 -5.19325 -8.01066 -8.51338 -4.57944 -8.35931 -7.31453 -7.08979 -5.37599 -8.04625 -8.52742 -3.30456 -8.19301 -6.50806 -9.51057 -3.63241 -7.77931 -8.60245 -2.36431 -8.12274
71.46 -5.03933 -10.0376 -9.33924 -8.73367 -9.34621 -4.04999 -7.61892 -8.85008 -7.12502 -4.90086 -8.81409 -8.65666 -4.26026 -6.42117 -7.08687 -7.92273 -4.97785 -7.98495 -8.54592 -4.43526 -9.28794 -7.53342 -7.58628 -5.18712 -7.97772 -8.46853 -4.45477 -8.07286 -7.32111 -7.66403 -5.19325 -8.01066 -8.51338 -4.57944 -8.35931 -7.31453 -7.08979 -5.37599 -8.04625 -8.52742 -3.30456 -8.19301 -6.50806 -9.51057 -3.63241 -7.77931 -8.60245 -2.36431 -8.12274
71.51 -5.03933 -10.0376 -9.33924 -8.73367 -9.34621 -4.04999 -7.61892 -8.85008 -7.12502 -4.90086 -8.81409 -8.65666 -4.26026 -6.42117 -7.08687 -7.92273 -4.97785 -7.98495 -8.54592 -4.43526 -9.28794 -7.53342 -7.58628 -5.18712 -7.97772 -8.46853 -4.45477 -8.07286 -7.32111 -7.66403 -5.19325 -8.01066 -8.51338 -4.57944 -8.35931 -7.31453 -7.08979 -5.37599 -8.04625 -8.52742 -3.30456 -8.19301 -6.50806 -9.51057 -3.63241 -7.77931 -8.60245 -2.36431 -8.12274
71.56 -5.03933 -10.0376 -9.33924 -8.73367 -9.34621 -4.04999 -7.61892 -8.85008 -7.12502 -4.90086 -8.81409 -8.65666 -4.26026 -6.42117 -7.08687 -7.92273 -4.97785 -7.98495 -8.54592 -4.43526 -9.28794 -7.53342 -7.58628 -5.18712 -7.97772 -8.46853 -4.45477 -8.07286 -7.32111 -7.66403 -5.19325 -8.01066 -8.51338 -4.57944 -8.35931 -7.31453 -7.08979 -5.37599 -8.04625 -8.52742 -3.30456 -8.19301 -6.50806 -9.51057 -3.63241 -7.77931 -8.60245 -2.36431 -8.12274
71.61 -5.03933 -10.0376 -9.33924 -8.73367 -9.34621 -4.04999 -7.61892 -8.85008 -7.12502 -4.90086 -8.81409 -8.65666 -4.26026 -6.42117 -7.08687 -7.92273 -4.97785 -7.98495 -8.54592 -4.43526 -9.28794 -7.53342 -7.58628 -5.18712 -7.97772 -8.46853 -4.45477 -8.07286 -7.32111 -7.66403 -5.19325 -8.01066 -8.51338 -4.57944 -8.35931 -7.31453 -7.08979 -5.37599 -8.04625 -8.52742 -3.30456 -8.19301 -6.50806 -9.51057 -3.63241 -7.77931 -8.60245 -2.36431 -8.12274
71.66 -5.03933 -10.0376 -9.33924 -8.73367 -9.34621 -4.04999 -7.61892 -8.85008 -7.12502 -4.90086 -8.81409 -8.65666 -4.26026 -6.42117 -7.08687 -7.92273 -4.97785 -7.98495 -8.54592 -4.43526 -9.28794 -7.53342 -7.58628 -5.18712 -7.97772 -8.46853 -4.45477 -8.07286 -7.32111 -7.66403 -5.19325 -8.01066 -8.51338 -4.57944 -8.35931 -7.31453 -7.08979 -5.37599 -8.04625 -8.52742 -3.30456 -8.19301 -6.50806 -9.51057 -3.63241 -7.77931 -8.60245 -2.36431 -8.12274
71.71 -5.03933 -10.0376 -9.33924 -8.73367 -9.34621 -4.04999 -7.61892 -8.85008 -7.12502 -4.90086 -8.81409 -8.65666 -4.26026 -6.42117 -7.08687 -7.92273 -4.97785 -7.98495 -8.54592 -4.43526 -9.28794 -7.53342 -7.58628 -5.18712 -7.97772 -8.46853 -4.45477 -8.07286 -7.32111 -7.66403 -5.19325 -8.01066 -8.51338 -4.57944 -8.35931 -7.31453 -7.08979 -5.37599 -8.04625 -8.52742 -3.30456 -8.19301 -6.50806 -9.51057 -3.63241 -7.77931 -8.60245 -2.36431 -8.12274
71.76 -5.03933 -10.0376 -9.33924 -8.73367 -9.34621 -4.04999 -7.61892 -8.85008 -7.12502 -4.90086 -8.81409 -8.65666 -4.26026 -6.42117 -7.08687 -7.92273 -4.97785 -7.98495 -8.54592 -4.43526 -9.28794 -7.53342 -7.58628 -5.18712 -7.97772 -8.46853 -4.45477 -8.07286 -7.32111 -7.66403 -5.19325 -8.01066 -8.51338 -4.57944 -8.35931 -7.31453 -7.08979 -5.37599 -8.04625 -8.52742 -3.30456 -8.19301 -6.50806 -9.51057 -3.63241 -7.77931 -8.60245 -2.36431 -8.12274
71.81 -5.03933 -10.0376 -9.33924 -8.73367 -9.34621 -4.04999 -7.61892 -8.85008 -7.12502 -4.90086 -8.81409 -8.65666 -4.26026 -6.42117 -7.08687 -7.92273 -4.97785 -7.98495 -8.54592 -4.43526 -9.28794 -7.53342 -7.58628 -5.18712 -7.97772 -8.46853 -4.45477 -8.07286 -7.32111 -7.66403 -5.19325 -8.01066 -8.51338 -4.57944 -8.35931 -7.31453 -7.08979 -5.37599 -8.04625 -8.52742 -3.30456 -8.19301 -6.50806 -9.51057 -3.63241 -7.77931 -8.60245 -2.36431 -8.12274
71.86 -5.03933 -10.0376 -9.33924 -8.73367 -9.34621 -4.04999 -7.61892 -8.85008 -7.12502 -4.90086 -8.81409 -8.65666 -4.26026 -6.42117 -7.08687 -7.92273 -4.97785 -7.98495 -8.54592 -4.43526 -9.28794 -7.53342 -7.58628 -5.18712 -7.97772 -8.46853 -4.45477 -8.07286 -7.32111 -7.66403 -5.19325 -8.01066 -8.51338 -4.57944 -8.35931 -7.31453 -7.08979 -5.37599 -8.04625 -8.52742 -3.30456 -8.19301 -6.50806 -9.51057 -3.63241 -7.77931 -8.60245 -2.36431 -8.12274
71.91 -5.03933 -10.0376 -9.33924 -8.73367 -9.34621 -4.04999 -7.61892 -8.85008 -7.12502 -4.90086 -8.81409 -8.65666 -4.26026 -6.42117 -7.08687 -7.92273 -4.97785 -7.98495 -8.54592 -4.43526 -9.28794 -7.53342 -7.58628 -5.18712 -7.97772 -8.46853 -4.45477 -8.07286 -7.32111 -7.66403 -5.19325 -8.01066 -8.51338 -4.57944 -8.35931 -7.31453 -7.08979 -5.37599 -8.04625 -8.52742 -3.30456 -8.19301 -6.50806 -9.51057 -3.63241 -7.77931 -8.60245 -2.36431 -8.12274
71.96 -5.03933 -10.0376 -9.33924 -8.73367 -9.34621 -4.04999 -7.61892 -8.85008 -7.12502 -4.90086 -8.81409 -8.65666 -4.26026 -6.42117 -7.08687 -7.92273 -4.97785 -7.98495 -8.54592 -4.43526 -9.28794 -7.53342 -7.58628 -5.18712 -7.97772 -8.46853 -4.45477 -8.07286 -7.32111 -7.66403 -5.19325 -8.01066 -8.51338 -4.57944 -8.35931 -7.31453 -7.08979 -5.37599 -8.04625 -8.52742 -3.30456 -8.19301 -6.50806 -9.51057 -3.63241 -7.77931 -8.60245 -2.36431 -8.12274
72.01 -5.03933 -10.0376 -9.33924 -8.73367 -9.34621 -4.04999 -7.61892 -8.85008 -7.12502 -4.90086 -8.81409 -8.65666 -4.26026 -6.42117 -7.08687 -7.92273 -4.97785 -7.98495 -8.54592 -4.43526 -9.28794 -7.53342 -7.58628 -5.18712 -7.97772 -8.46853 -4.45477 -8.07286 -7.32111 -7.66403 -5.19325 -8.01066 -8.51338 -4.57944 -8.35931 -7.31453 -7.08979 -5.37599 -8.04625 -8.52742 -3.30456 -8.19301 -6.50806 -9.51057 -3.63241 -7.77931 -8.60245 -2.36431 -8.12274
72.06 -5.03933 -10.0376 -9.33924 -8.73367 -9.34621 -4.04999 -7.61892 -8.85008 -7.12502 -4.90086 -8.81409 -8.65666 -4.26026 -6.42117 -7.08687 -7.92273 -4.97785 -7.98495 -8.54592 -4.43526 -9.28794 -7.53342 -7.58628 -5.18712 -7.97772 -8.46853 -4.45477 -8.07286 -7.32111 -7.66403 -5.19325 -8.01066 -8.51338 -4.57944 -8.35931 -7.31453 -7.08979 -5.37599 -8.04625 -8.52742 -3.30456 -8.19301 -6.50806 -9.51057 -3.63241 -7.77931 -8.60245 -2.36431 -8.12274
72.11 -5.03933 -10.0376 -9.33924 -8.73367 -9.34621 -4.04999 -7.61892 -8.85008 -7.12502 -4.90086 -8.81409 -8.65666 -4.26026 -6.42117 -7.08687 -7.92273 -4.97785 -7.98495 -8.54592 -4.43526 -9.28794 -7.53342 -7.58628 -5.18712 -7.97772 -8.46853 -4.45477 -8.07286 -7.32111 -7.66403 -5.19325 -8.01066 -8.51338 -4.57944 -8.35931 -7.31453 -7.08979 -5.37599 -8.04625 -8.52742 -3.30456 -8.19301 -6.50806 -9.51057 -3.63241 -7.77931 -8.60245 -2.36431 -8.12274
72.16 -5.03933 -10.0376 -9.33924 -8.73367 -9.34621 -4.04999 -7.61892 -8.85008 -7.12502 -4.90086 -8.81409 -8.65666 -4.26026 -6.42117 -7.08687 -7.92273 -4.97785 -7.98495 -8.54592 -4.43526 -9.28794 -7.53342 -7.58628 -5.18712 -7.97772 -8.46853 -4.45477 -8.07286 -7.32111 -7.66403 -5.19325 -8.01066 -8.51338 -4.57944 -8.35931 -7.31453 -7.08979 -5.37599 -8.04625 -8.52742 -3.30456 -8.19301 -6.50806 -9.51057 -3.63241 -7.77931 -8.60245 -2.36431 -8.12274
72.21 -5.03933 -10.0376 -9.33924 -8.73367 -9.34621 -4.04999 -7.61892 -8.85008 -7.12502 -4.90086 -8.81409 -8.65666 -4.26026 -6.42117 -7.08687 -7.92273 -4.97785 -7.98495 -8.54592 -4.43526 -9.28794 -7.53342 -7.58628 -5.18712 -7.97772 -8.46853 -4.45477 -8.07286 -7.32111 -7.66403 -5.19325 -8.01066 -8.51338 -4.57944 -8.35931 -7.31453 -7.08979 -5.37599 -8.04625 -8.52742 -3.30456 -8.19301 -6.50806 -9.51057 -3.63241 -7.77931 -8.60245 -2.36431 -8.12274
72.26 -5.03933 -10.0376 -9.33924 -8.73367 -9.34621 -4.04999 -7.61892 -8.85008 -7.12502 -4.90086 -8.81409 -8.65666 -4.26026 -6.42117 -7.08687 -7.92273 -4.97785 -7.98495 -8.54592 -4.43526 -9.28794 -7.53342 -7.58628 -5.18712 -7.97772 -8.46853 -4.45477 -8.07286 -7.32111 -7.66403 -5.19325 -8.01066 -8.51338 -4.57944 -8.35931 -7.31453 -7.08979 -5.37599 -8.04625 -8.52742 -3.30456 -8.19301 -6.50806 -9.51057 -3.63241 -7.77931 -8.60245 -2.36431 -8.12274
72.31 -5.03933 -10.0376 -9.33924 -8.73367 -9.34621 -4.04999 -7.61892 -8.85008 -7.12502 -4.90086 -8.81409 -8.65666 -4.26026 -6.42117 -7.08687 -7.92273 -4.97785 -7.98495 -8.54592 -4.43526 -9.28794 -7.53342 -7.58628 -5.18712 -7.97772 -8.46853 -4.45477 -8.07286 -7.32111 -7.66403 -5.19325 -8.01066 -8.51338 -4.57944 -8.35931 -7.31453 -7.08979 -5.37599 -8.04625 -8.52742 -3.30456 -8.19301 -6.50806 -9.51057 -3.63241 -7.77931 -8.60245 -2.36431 -8.12274
72.36 -5.03933 -10.0376 -9.33924 -8.73367 -9.34621 -4.04999 -7.61892 -8.85008 -7.12502 -4.90086 -8.81409 -8.65666 -4.26026 -6.42117 -7.08687 -7.92273 -4.97785 -7.98495 -8.54592 -4.43526 -9.28794 -7.53342 -7.58628 -5.18712 -7.97772 -8.46853 -4.45477 -8.07286 -7.32111 -7.66403 -5.19325 -8.01066 -8.51338 -4.57944 -8.35931 -7.31453 -7.08979 -5.37599 -8.04625 -8.52742 -3.30456 -8.19301 -6.50806 -9.51057 -3.63241 -7.77931 -8.60245 -2.36431 -8.12274
72.41 -5.03933 -10.0376 -9.33924 -8.73367 -9.34621 -4.04999 -7.61892 -8.85008 -7.12502 -4.90086 -8.81409 -8.65666 -4.26026 -6.42117 -7.08687 -7.92273 -4.97785 -7.98495 -8.54592 -4.43526 -9.28794 -7.53342 -7.58628 -5.18712 -7.97772 -8.46853 -4.45477 -8.07286 -7.32111 -7.66403 -5.19325 -8.01066 -8.51338 -4.57944 -8.35931 -7.31453 -7.08979 -5.37599 -8.04625 -8.52742 -3.30456 -8.19301 -6.50806 -9.51057 -3.63241 -7.77931 -8.60245 -2.36431 -8.12274
72.46 -5.03933 -10.0376 -9.33924 -8.73367 -9.34621 -4.04999 -7.61892 -8.85008 -7.12502 -4.90086 -8.81409 -8.65666 -4.26026 -6.42117 -7.08687 -7.92273 -4.97785 -7.98495 -8.54592 -4.43526 -9.28794 -7.53342 -7.58628 -5.18712 -7.97772 -8.46853 -4.45477 -8.07286 -7.32111 -7.66403 -5.19325 -8.01066 -8.51338 -4.57944 -8.35931 -7.31453 -7.08979 -5.37599 -8.04625 -8.52742 -3.30456 -8.19301 -6.50806 -9.51057 -3.63241 -7.77931 -8.60245 -2.36431 -8.12274
72.51 -5.03933 -10.0376 -9.33924 -8.73367 -9.34621 -4.04999 -7.61892 -8.85008 -7.12502 -4.90086 -8.81409 -8.65666 -4.26026 -6.42117 -7.08687 -7.92273 -4.97785 -7.98495 -8.54592 -4.43526 -9.28794 -7.53342 -7.58628 -5.18712 -7.97772 -8.46853 -4.45477 -8.07286 -7.32111 -7.66403 -5.19325 -8.01066 -8.51338 -4.57944 -8.35931 -7.31453 -7.08979 -5.37599 -8.04625 -8.52742 -3.30456 -8.19301 -6.50806 -9.51057 -3.63241 -7.77931 -8.60245 -2.36431 -8.12274
72.56 -5.03933 -10.0376 -9.33924 -8.73367 -9.34621 -4.04999 -7.61892 -8.85008 -7.12502 -4.90086 -8.81409 -8.65666 -4.26026 -6.42117 -7.08687 -7.92273 -4.97785 -7.98495 -8.54592 -4.43526 -9.28794 -7.53342 -7.58628 -5.18712 -7.97772 -8.46853 -4.45477 -8.07286 -7.32111 -7.66403 -5.19325 -8.01066 -8.51338 -4.57944 -8.35931 -7.31453 -7.08979 -5.37599 -8.04625 -8.52742 -3.30456 -8.19301 -6.50806 -9.51057 -3.63241 -7.77931 -8.60245 -2.36431 -8.12274
72.61 -5.03933 -10.0376 -9.33924 -8.73367 -9.34621 -4.04999 -7.61892 -8.85008 -7.12502 -4.90086 -8.81409 -8.65666 -4.26026 -6.42117 -7.08687 -7.92273 -4.97785 -7.98495 -8.54592 -4.43526 -9.28794 -7.53342 -7.58628 -5.18712 -7.97772 -8.46853 -4.45477 -8.07286 -7.32111 -7.66403 -5.19325 -8.01066 -8.51338 -4.57944 -8.35931 -7.31453 -7.08979 -5.37599 -8.04625 -8.52742 -3.30456 -8.19301 -6.50806 -9.51057 -3.63241 -7.77931 -8.60245 -2.36431 -8.12274
72.66 -5.03933 -10.0376 -9.33924 -8.73367 -9.34621 -4.04999 -7.61892 -8.85008 -7.12502 -4.90086 -8.81409 -8.65666 -4.26026 -6.42117 -7.08687 -7.92273 -4.97785 -7.98495 -8.54592 -4.43526 -9.28794 -7.53342 -7.58628 -5.18712 -7.97772 -8.46853 -4.45477 -8.07286 -7.32111 -7.66403 -5.19325 -8.01066 -8.51338 -4.57944 -8.35931 -7.31453 -7.08979 -5.37599 -8.04625 -8.52742 -3.30456 -8.19301 -6.50806 -9.51057 -3.63241 -7.77931 -8.60245 -2.36431 -8.12274
72.71 -5.03933 -10.0376 -9.33924 -8.73367 -9.34621 -4.04999 -7.61892 -8.85008 -7.12502 -4.90086 -8.81409 -8.65666 -4.26026 -6.42117 -7.08687 -7.92273 -4.97785 -7.98495 -8.54592 -4.43526 -9.28794 -7.53342 -7.58628 -5.18712 -7.97772 -8.46853 -4.45477 -8.07286 -7.32111 -7.66403 -5.19325 -8.01066 -8.51338 -4.57944 -8.35931 -7.31453 -7.08979 -5.37599 -8.04625 -8.52742 -3.30456 -8.19301 -6.50806 -9.51057 -3.63241 -7.77931 -8.60245 -2.36431 -8.12274
72.76 -5.03933 -10.0376 -9.33924 -8.73367 -9.34621 -4.04999 -7.61892 -8.85008 -7.12502 -4.90086 -8.81409 -8.65666 -4.26026 -6.42117 -7.08687 -7.92273 -4.97785 -7.98495 -8.54592 -4.43526 -9.28794 -7.53342 -7.58628 -5.18712 -7.97772 -8.46853 -4.45477 -8.07286 -7.32111 -7.66403 -5.19325 -8.01066 -8.51338 -4.57944 -8.35931 -7.31453 -7.08979 -5.37599 -8.04625 -8.52742 -3.30456 -8.19301 -6.50806 -9.51057 -3.63241 -7.77931 -8.60245 -2.36431 -8.12274
72.81 -5.03933 -10.0376 -9.33924 -8.73367 -9.34621 -4.04999 -7.61892 -8.85008 -7.12502 -4.90086 -8.81409 -8.65666 -4.26026 -6.42117 -7.08687 -7.92273 -4.97785 -7.98495 -8.54592 -4.43526 -9.28794 -7.53342 -7.58628 -5.18712 -7.97772 -8.46853 -4.45477 -8.07286 -7.32111 -7.66403 -5.19325 -8.01066 -8.51338 -4.57944 -8.35931 -7.31453 -7.08979 -5.37599 -8.04625 -8.52742 -3.30456 -8.19301 -6.50806 -9.51057 -3.63241 -7.77931 -8.60245 -2.36431 -8.12274
72.86 -5.03933 -10.0376 -9.33924 -8.73367 -9.34621 -4.04999 -7.61892 -8.85008 -7.12502 -4.90086 -8.81409 -8.65666 -4.26026 -6.42117 -7.08687 -7.92273 -4.97785 -7.98495 -8.54592 -4.43526 -9.28794 -7.53342 -7.58628 -5.18712 -7.97772 -8.46853 -4.45477 -8.07286 -7.32111 -7.66403 -5.19325 -8.01066 -8.51338 -4.57944 -8.35931 -7.31453 -7.08979 -5.37599 -8.04625 -8.52742 -3.30456 -8.19301 -6.50806 -9.51057 -3.63241 -7.77931 -8.60245 -2.36431 -8.12274
72.91 -5.03933 -10.0376 -9.33924 -8.73367 -9.34621 -4.04999 -7.61892 -8.85008 -7.12502 -4.90086 -8.81409 -8.65666 -4.26026 -6.42117 -7.08687 -7.92273 -4.97785 -7.98495 -8.54592 -4.43526 -9.28794 -7.53342 -7.58628 -5.18712 -7.97772 -8.46853 -4.45477 -8.07286 -7.32111 -7.66403 -5.19325 -8.01066 -8.51338 -4.57944 -8.35931 -7.31453 -7.08979 -5.37599 -8.04625 -8.52742 -3.30456 -8.19301 -6.50806 -9.51057 -3.63241 -7.77931 -8.60245 -2.36431 -8.12274
72.96 -5.03933 -10.0376 -9.33924 -8.73367 -9.34621 -4.04999 -7.61892 -8.85008 -7.12502 -4.90086 -8.81409 -8.65666 -4.26026 -6.42117 -7.08687 -7.92273 -4.97785 -7.98495 -8.54592 -4.43526 -9.28794 -7.53342 -7.58628 -5.18712 -7.97772 -8.46853 -4.45477 -8.07286 -7.32111 -7.66403 -5.19325 -8.01066 -8.51338 -4.57944 -8.35931 -7.31453 -7.08979 -5.37599 -8.04625 -8.52742 -3.30456 -8.19301 -6.50806 -9.51057 -3.63241 -7.77931 -8.60245 -2.36431 -8.12274
73.01 -5.03933 -10.0376 -9.33924 -8.73367 -9.34621 -4.04999 -7.61892 -8.85008 -7.12502 -4.90086 -8.81409 -8.65666 -4.26026 -6.42117 -7.08687 -7.92273 -4.97785 -7.98495 -8.54592 -4.43526 -9.28794 -7.53342 -7.58628 -5.18712 -7.97772 -8.46853 -4.45477 -8.07286 -7.32111 -7.66403 -5.19325 -8.01066 -8.51338 -4.57944 -8.35931 -7.31453 -7.08979 -5.37599 -8.04625 -8.52742 -3.30456 -8.19301 -6.50806 -9.51057 -3.63241 -7.77931 -8.60245 -2.36431 -8.12274
73.06 -5.03933 -10.0376 -9.33924 -8.73367 -9.34621 -4.04999 -7.61892 -8.85008 -7.12502 -4.90086 -8.81409 -8.65666 -4.26026 -6.42117 -7.08687 -7.92273 -4.97785 -7.98495 -8.54592 -4.43526 -9.28794 -7.53342 -7.58628 -5.18712 -7.97772 -8.46853 -4.45477 -8.07286 -7.32111 -7.66403 -5.19325 -8.01066 -8.51338 -4.57944 -8.35931 -7.31453 -7.08979 -5.37599 -8.04625 -8.52742 -3.30456 -8.19301 -6.50806 -9.51057 -3.63241 -7.77931 -8.60245 -2.36431 -8.12274
73.11 -5.03933 -10.0376 -9.33924 -8.73367 -9.34621 -4.04999 -7.61892 -8.85008 -7.12502 -4.90086 -8.81409 -8.65666 -4.26026 -6.42117 -7.08687 -7.92273 -4.97785 -7.98495 -8.54592 -4.43526 -9.28794 -7.53342 -7.58628 -5.18712 -7.97772 -8.46853 -4.45477 -8.07286 -7.32111 -7.66403 -5.19325 -8.01066 -8.51338 -4.57944 -8.35931 -7.31453 -7.08979 -5.37599 -8.04625 -8.52742 -3.30456 -8.19301 -6.50806 -9.51057 -3.63241 -7.77931 -8.60245 -2.36431 -8.12274
73.16 -5.03933 -10.0376 -9.33924 -8.73367 -9.34621 -4.04999 -7.61892 -8.85008 -7.12502 -4.90086 -8.81409 -8.65666 -4.26026 -6.42117 -7.08687 -7.92273 -4.97785 -7.98495 -8.54592 -4.43526 -9.28794 -7.53342 -7.58628 -5.18712 -7.97772 -8.46853 -4.45477 -8.07286 -7.32111 -7.66403 -5.19325 -8.01066 -8.51338 -4.57944 -8.35931 -7.31453 -7.08979 -5.37599 -8.04625 -8.52742 -3.30456 -8.19301 -6.50806 -9.51057 -3.63241 -7.77931 -8.60245 -2.36431 -8.12274
73.21 -5.03933 -10.0376 -9.33924 -8.73367 -9.34621 -4.04999 -7.61892 -8.85008 -7.12502 -4.90086 -8.81409 -8.65666 -4.26026 -6.42117 -7.08687 -7.92273 -4.97785 -7.98495 -8.54592 -4.43526 -9.28794 -7.53342 -7.58628 -5.18712 -7.97772 -8.46853 -4.45477 -8.07286 -7.32111 -7.66403 -5.19325 -8.01066 -8.51338 -4.57944 -8.35931 -7.31453 -7.08979 -5.37599 -8.04625 -8.52742 -3.30456 -8.19301 -6.50806 -9.51057 -3.63241 -7.77931 -8.60245 -2.36431 -8.12274
73.26 -5.03933 -10.0376 -9.33924 -8.73367 -9.34621 -4.04999 -7.61892 -8.85008 -7.12502 -4.90086 -8.81409 -8.65666 -4.26026 -6.42117 -7.08687 -7.92273 -4.97785 -7.98495 -8.54592 -4.43526 -9.28794 -7.53342 -7.58628 -5.18712 -7.97772 -8.46853 -4.45477 -8.07286 -7.32111 -7.66403 -5.19325 -8.01066 -8.51338 -4.57944 -8.35931 -7.31453 -7.08979 -5.37599 -8.04625 -8.52742 -3.30456 -8.19301 -6.50806 -9.51057 -3.63241 -7.77931 -8.60245 -2.36431 -8.12274
73.31 -5.03933 -10.0376 -9.33924 -8.73367 -9.34621 -4.04999 -7.61892 -8.85008 -7.12502 -4.90086 -8.81409 -8.65666 -4.26026 -6.42117 -7.08687 -7.92273 -4.97785 -7.98495 -8.54592 -4.43526 -9.28794 -7.53342 -7.58628 -5.18712 -7.97772 -8.46853 -4.45477 -8.07286 -7.32111 -7.66403 -5.19325 -8.01066 -8.51338 -4.57944 -8.35931 -7.31453 -7.08979 -5.37599 -8.04625 -8.52742 -3.30456 -8.19301 -6.50806 -9.51057 -3.63241 -7.77931 -8.60245 -2.36431 -8.12274
73.36 -5.03933 -10.0376 -9.33924 -8.73367 -9.34621 -4.04999 -7.61892 -8.85008 -7.12502 -4.90086 -8.81409 -8.65666 -4.26026 -6.42117 -7.08687 -7.92273 -4.97785 -7.98495 -8.54592 -4.43526 -9.28794 -7.53342 -7.58628 -5.18712 -7.97772 -8.46853 -4.45477 -8.07286 -7.32111 -7.66403 -5.19325 -8.01066 -8.51338 -4.57944 -8.35931 -7.31453 -7.08979 -5.37599 -8.04625 -8.52742 -3.30456 -8.19301 -6.50806 -9.51057 -3.63241 -7.77931 -8.60245 -2.36431 -8.12274
73.41 -5.03933 -10.0376 -9.33924 -8.73367 -9.34621 -4.04999 -7.61892 -8.85008 -7.12502 -4.90086 -8.81409 -8.65666 -4.26026 -6.42117 -7.08687 -7.92273 -4.97785 -7.98495 -8.54592 -4.43526 -9.28794 -7.53342 -7.58628 -5.18712 -7.97772 -8.46853 -4.45477 -8.07286 -7.32111 -7.66403 -5.19325 -8.01066 -8.51338 -4.57944 -8.35931 -7.31453 -7.08979 -5.37599 -8.04625 -8.52742 -3.30456 -8.19301 -6.50806 -9.51057 -3.63241 -7.77931 -8.60245 -2.36431 -8.12274
73.46 -5.03933 -10.0376 -9.33924 -8.73367 -9.34621 -4.04999 -7.61892 -8.85008 -7.12502 -4.90086 -8.81409 -8.65666 -4.26026 -6.42117 -7.08687 -7.92273 -4.97785 -7.98495 -8.54592 -4.43526 -9.28794 -7.53342 -7.58628 -5.18712 -7.97772 -8.46853 -4.45477 -8.07286 -7.32111 -7.66403 -5.19325 -8.01066 -8.51338 -4.57944 -8.35931 -7.31453 -7.08979 -5.37599 -8.04625 -8.52742 -3.30456 -8.19301 -6.50806 -9.51057 -3.63241 -7.77931 -8.60245 -2.36431 -8.12274
73.51 -5.03933 -10.0376 -9.33924 -8.73367 -9.34621 -4.04999 -7.61892 -8.85008 -7.12502 -4.90086 -8.81409 -8.65666 -4.26026 -6.42117 -7.08687 -7.92273 -4.97785 -7.98495 -8.54592 -4.43526 -9.28794 -7.53342 -7.58628 -5.18712 -7.97772 -8.46853 -4.45477 -8.07286 -7.32111 -7.66403 -5.19325 -8.01066 -8.51338 -4.57944 -8.35931 -7.31453 -7.08979 -5.37599 -8.04625 -8.52742 -3.30456 -8.19301 -6.50806 -9.51057 -3.63241 -7.77931 -8.60245 -2.36431 -8.12274
73.56 -5.03933 -10.0376 -9.33924 -8.73367 -9.34621 -4.04999 -7.61892 -8.85008 -7.12502 -4.90086 -8.81409 -8.65666 -4.26026 -6.42117 -7.08687 -7.92273 -4.97785 -7.98495 -8.54592 -4.43526 -9.28794 -7.53342 -7.58628 -5.18712 -7.97772 -8.46853 -4.45477 -8.07286 -7.32111 -7.66403 -5.19325 -8.01066 -8.51338 -4.57944 -8.35931 -7.31453 -7.08979 -5.37599 -8.04625 -8.52742 -3.30456 -8.19301 -6.50806 -9.51057 -3.63241 -7.77931 -8.60245 -2.36431 -8.12274
73.61 -5.03933 -10.0376 -9.33924 -8.73367 -9.34621 -4.04999 -7.61892 -8.85008 -7.12502 -4.90086 -8.81409 -8.65666 -4.26026 -6.42117 -7.08687 -7.92273 -4.97785 -7.98495 -8.54592 -4.43526 -9.28794 -7.53342 -7.58628 -5.18712 -7.97772 -8.46853 -4.45477 -8.07286 -7.32111 -7.66403 -5.19325 -8.01066 -8.51338 -4.57944 -8.35931 -7.31453 -7.08979 -5.37599 -8.04625 -8.52742 -3.30456 -8.19301 -6.50806 -9.51057 -3.63241 -7.77931 -8.60245 -2.36431 -8.12274
73.66 -5.03933 -10.0376 -9.33924 -8.73367 -9.34621 -4.04999 -7.61892 -8.85008 -7.12502 -4.90086 -8.81409 -8.65666 -4.26026 -6.42117 -7.08687 -7.92273 -4.97785 -7.98495 -8.54592 -4.43526 -9.28794 -7.53342 -7.58628 -5.18712 -7.97772 -8.46853 -4.45477 -8.07286 -7.32111 -7.66403 -5.19325 -8.01066 -8.51338 -4.57944 -8.35931 -7.31453 -7.08979 -5.37599 -8.04625 -8.52742 -3.30456 -8.19301 -6.50806 -9.51057 -3.63241 -7.77931 -8.60245 -2.36431 -8.12274
73.71 -5.03933 -10.0376 -9.33924 -8.73367 -9.34621 -4.04999 -7.61892 -8.85008 -7.12502 -4.90086 -8.81409 -8.65666 -4.26026 -6.42117 -7.08687 -7.92273 -4.97785 -7.98495 -8.54592 -4.43526 -9.28794 -7.53342 -7.58628 -5.18712 -7.97772 -8.46853 -4.45477 -8.07286 -7.32111 -7.66403 -5.19325 -8.01066 -8.51338 -4.57944 -8.35931 -7.31453 -7.08979 -5.37599 -8.04625 -8.52742 -3.30456 -8.19301 -6.50806 -9.51057 -3.63241 -7.77931 -8.60245 -2.36431 -8.12274
73.76 -5.03933 -10.0376 -9.33924 -8.73367 -9.34621 -4.04999 -7.61892 -8.85008 -7.12502 -4.90086 -8.81409 -8.65666 -4.26026 -6.42117 -7.08687 -7.92273 -4.97785 -7.98495 -8.54592 -4.43526 -9.28794 -7.53342 -7.58628 -5.18712 -7.97772 -8.46853 -4.45477 -8.07286 -7.32111 -7.66403 -5.19325 -8.01066 -8.51338 -4.57944 -8.35931 -7.31453 -7.08979 -5.37599 -8.04625 -8.52742 -3.30456 -8.19301 -6.50806 -9.51057 -3.63241 -7.77931 -8.60245 -2.36431 -8.12274
73.81 -5.03933 -10.0376 -9.33924 -8.73367 -9.34621 -4.04999 -7.61892 -8.85008 -7.12502 -4.90086 -8.81409 -8.65666 -4.26026 -6.42117 -7.08687 -7.92273 -4.97785 -7.98495 -8.54592 -4.43526 -9.28794 -7.53342 -7.58628 -5.18712 -7.97772 -8.46853 -4.45477 -8.07286 -7.32111 -7.66403 -5.19325 -8.01066 -8.51338 -4.57944 -8.35931 -7.31453 -7.08979 -5.37599 -8.04625 -8.52742 -3.30456 -8.19301 -6.50806 -9.51057 -3.63241 -7.77931 -8.60245 -2.36431 -8.12274
73.86 -5.03933 -10.0376 -9.33924 -8.73367 -9.34621 -4.04999 -7.61892 -8.85008 -7.12502 -4.90086 -8.81409 -8.65666 -4.26026 -6.42117 -7.08687 -7.92273 -4.97785 -7.98495 -8.54592 -4.43526 -9.28794 -7.53342 -7.58628 -5.18712 -7.97772 -8.46853 -4.45477 -8.07286 -7.32111 -7.66403 -5.19325 -8.01066 -8.51338 -4.57944 -8.35931 -7.31453 -7.08979 -5.37599 -8.04625 -8.52742 -3.30456 -8.19301 -6.50806 -9.51057 -3.63241 -7.77931 -8.60245 -2.36431 -8.12274
73.91 -5.03933 -10.0376 -9.33924 -8.73367 -9.34621 -4.04999 -7.61892 -8.85008 -7.12502 -4.90086 -8.81409 -8.65666 -4.26026 -6.42117 -7.08687 -7.92273 -4.97785 -7.98495 -8.54592 -4.43526 -9.28794 -7.53342 -7.58628 -5.18712 -7.97772 -8.46853 -4.45477 -8.07286 -7.32111 -7.66403 -5.19325 -8.01066 -8.51338 -4.57944 -8.35931 -7.31453 -7.08979 -5.37599 -8.04625 -8.52742 -3.30456 -8.19301 -6.50806 -9.51057 -3.63241 -7.77931 -8.60245 -2.36431 -8.12274
73.96 -5.03933 -10.0376 -9.33924 -8.73367 -9.34621 -4.04999 -7.61892 -8.85008 -7.12502 -4.90086 -8.81409 -8.65666 -4.26026 -6.42117 -7.08687 -7.92273 -4.97785 -7.98495 -8.54592 -4.43526 -9.28794 -7.53342 -7.58628 -5.18712 -7.97772 -8.46853 -4.45477 -8.07286 -7.32111 -7.66403 -5.19325 -8.01066 -8.51338 -4.57944 -8.35931 -7.31453 -7.08979 -5.37599 -8.04625 -8.52742 -3.30456 -8.19301 -6.50806 -9.51057 -3.63241 -7.77931 -8.60245 -2.36431 -8.12274
74.01 -5.03933 -10.0376 -9.33924 -8.73367 -9.34621 -4.04999 -7.61892 -8.85008 -7.12502 -4.90086 -8.81409 -8.65666 -4.26026 -6.42117 -7.08687 -7.92273 -4.97785 -7.98495 -8.54592 -4.43526 -9.28794 -7.53342 -7.58628 -5.18712 -7.97772 -8.46853 -4.45477 -8.07286 -7.32111 -7.66403 -5.19325 -8.01066 -8.51338 -4.57944 -8.35931 -7.31453 -7.08979 -5.37599 -8.04625 -8.52742 -3.30456 -8.19301 -6.50806 -9.51057 -3.63241 -7.77931 -8.60245 -2.36431 -8.12274
74.06 -5.03933 -10.0376 -9.33924 -8.73367 -9.34621 -4.04999 -7.61892 -8.85008 -7.12502 -4.90086 -8.81409 -8.65666 -4.26026 -6.42117 -7.08687 -7.92273 -4.97785 -7.98495 -8.54592 -4.43526 -9.28794 -7.53342 -7.58628 -5.18712 -7.97772 -8.46853 -4.45477 -8.07286 -7.32111 -7.66403 -5.19325 -8.01066 -8.51338 -4.57944 -8.35931 -7.31453 -7.08979 -5.37599 -8.04625 -8.52742 -3.30456 -8.19301 -6.50806 -9.51057 -3.63241 -7.77931 -8.60245 -2.36431 -8.12274
74.11 -5.03933 -10.0376 -9.33924 -8.73367 -9.34621 -4.04999 -7.61892 -8.85008 -7.12502 -4.90086 -8.81409 -8.65666 -4.26026 -6.42117 -7.08687 -7.92273 -4.97785 -7.98495 -8.54592 -4.43526 -9.28794 -7.53342 -7.58628 -5.18712 -7.97772 -8.46853 -4.45477 -8.07286 -7.32111 -7.66403 -5.19325 -8.01066 -8.51338 -4.57944 -8.35931 -7.31453 -7.08979 -5.37599 -8.04625 -8.52742 -3.30456 -8.19301 -6.50806 -9.51057 -3.63241 -7.77931 -8.60245 -2.36431 -8.12274
74.16 -5.03933 -10.0376 -9.33924 -8.73367 -9.34621 -4.04999 -7.61892 -8.85008 -7.12502 -4.90086 -8.81409 -8.65666 -4.26026 -6.42117 -7.08687 -7.92273 -4.97785 -7.98495 -8.54592 -4.43526 -9.28794 -7.53342 -7.58628 -5.18712 -7.97772 -8.46853 -4.45477 -8.07286 -7.32111 -7.66403 -5.19325 -8.01066 -8.51338 -4.57944 -8.35931 -7.31453 -7.08979 -5.37599 -8.04625 -8.52742 -3.30456 -8.19301 -6.50806 -9.51057 -3.63241 -7.77931 -8.60245 -2.36431 -8.12274
74.21 -5.03933 -10.0376 -9.33924 -8.73367 -9.34621 -4.04999 -7.61892 -8.85008 -7.12502 -4.90086 -8.81409 -8.65666 -4.26026 -6.42117 -7.08687 -7.92273 -4.97785 -7.98495 -8.54592 -4.43526 -9.28794 -7.53342 -7.58628 -5.18712 -7.97772 -8.46853 -4.45477 -8.07286 -7.32111 -7.66403 -5.19325 -8.01066 -8.51338 -4.57944 -8.35931 -7.31453 -7.08979 -5.37599 -8.04625 -8.52742 -3.30456 -8.19301 -6.50806 -9.51057 -3.63241 -7.77931 -8.60245 -2.36431 -8.12274
74.26 -5.03933 -10.0376 -9.33924 -8.73367 -9.34621 -4.04999 -7.61892 -8.85008 -7.12502 -4.90086 -8.81409 -8.65666 -4.26026 -6.42117 -7.08687 -7.92273 -4.97785 -7.98495 -8.54592 -4.43526 -9.28794 -7.53342 -7.58628 -5.18712 -7.97772 -8.46853 -4.45477 -8.07286 -7.32111 -7.66403 -5.19325 -8.01066 -8.51338 -4.57944 -8.35931 -7.31453 -7.08979 -5.37599 -8.04625 -8.52742 -3.30456 -8.19301 -6.50806 -9.51057 -3.63241 -7.77931 -8.60245 -2.36431 -8.12274
74.31 -5.03933 -10.0376 -9.33924 -8.73367 -9.34621 -4.04999 -7.61892 -8.85008 -7.12502 -4.90086 -8.81409 -8.65666 -4.26026 -6.42117 -7.08687 -7.92273 -4.97785 -7.98495 -8.54592 -4.43526 -9.28794 -7.53342 -7.58628 -5.18712 -7.97772 -8.46853 -4.45477 -8.07286 -7.32111 -7.66403 -5.19325 -8.01066 -8.51338 -4.57944 -8.35931 -7.31453 -7.08979 -5.37599 -8.04625 -8.52742 -3.30456 -8.19301 -6.50806 -9.51057 -3.63241 -7.77931 -8.60245 -2.36431 -8.12274
74.36 -5.03933 -10.0376 -9.33924 -8.73367 -9.34621 -4.04999 -7.61892 -8.85008 -7.12502 -4.90086 -8.81409 -8.65666 -4.26026 -6.42117 -7.08687 -7.92273 -4.97785 -7.98495 -8.54592 -4.43526 -9.28794 -7.53342 -7.58628 -5.18712 -7.97772 -8.46853 -4.45477 -8.07286 -7.32111 -7.66403 -5.19325 -8.01066 -8.51338 -4.57944 -8.35931 -7.31453 -7.08979 -5.37599 -8.04625 -8.52742 -3.30456 -8.19301 -6.50806 -9.51057 -3.63241 -7.77931 -8.60245 -2.36431 -8.12274
74.41 -5.03933 -10.0376 -9.33924 -8.73367 -9.34621 -4.04999 -7.61892 -8.85008 -7.12502 -4.90086 -8.81409 -8.65666 -4.26026 -6.42117 -7.08687 -7.92273 -4.97785 -7.98495 -8.54592 -4.43526 -9.28794 -7.53342 -7.58628 -5.18712 -7.97772 -8.46853 -4.45477 -8.07286 -7.32111 -7.66403 -5.19325 -8.01066 -8.51338 -4.57944 -8.35931 -7.31453 -7.08979 -5.37599 -8.04625 -8.52742 -3.30456 -8.19301 -6.50806 -9.51057 -3.63241 -7.77931 -8.60245 -2.36431 -8.12274
74.46 -5.03933 -10.0376 -9.33924 -8.73367 -9.34621 -4.04999 -7.61892 -8.85008 -7.12502 -4.90086 -8.81409 -8.65666 -4.26026 -6.42117 -7.08687 -7.92273 -4.97785 -7.98495 -8.54592 -4.43526 -9.28794 -7.53342 -7.58628 -5.18712 -7.97772 -8.46853 -4.45477 -8.07286 -7.32111 -7.66403 -5.19325 -8.01066 -8.51338 -4.57944 -8.35931 -7.31453 -7.08979 -5.37599 -8.04625 -8.52742 -3.30456 -8.19301 -6.50806 -9.51057 -3.63241 -7.77931 -8.60245 -2.36431 -8.12274
74.51 -5.03933 -10.0376 -9.33924 -8.73367 -9.34621 -4.04999 -7.61892 -8.85008 -7.12502 -4.90086 -8.81409 -8.65666 -4.26026 -6.42117 -7.08687 -7.92273 -4.97785 -7.98495 -8.54592 -4.43526 -9.28794 -7.53342 -7.58628 -5.18712 -7.97772 -8.46853 -4.45477 -8.07286 -7.32111 -7.66403 -5.19325 -8.01066 -8.51338 -4.57944 -8.35931 -7.31453 -7.08979 -5.37599 -8.04625 -8.52742 -3.30456 -8.19301 -6.50806 -9.51057 -3.63241 -7.77931 -8.60245 -2.36431 -8.12274
74.56 -5.03933 -10.0376 -9.33924 -8.73367 -9.34621 -4.04999 -7.61892 -8.85008 -7.12502 -4.90086 -8.81409 -8.65666 -4.26026 -6.42117 -7.08687 -7.92273 -4.97785 -7.98495 -8.54592 -4.43526 -9.28794 -7.53342 -7.58628 -5.18712 -7.97772 -8.46853 -4.45477 -8.07286 -7.32111 -7.66403 -5.19325 -8.01066 -8.51338 -4.57944 -8.35931 -7.31453 -7.08979 -5.37599 -8.04625 -8.52742 -3.30456 -8.19301 -6.50806 -9.51057 -3.63241 -7.77931 -8.60245 -2.36431 -8.12274
74.61 -5.03933 -10.0376 -9.33924 -8.73367 -9.34621 -4.04999 -7.61892 -8.85008 -7.12502 -4.90086 -8.81409 -8.65666 -4.26026 -6.42117 -7.08687 -7.92273 -4.97785 -7.98495 -8.54592 -4.43526 -9.28794 -7.53342 -7.58628 -5.18712 -7.97772 -8.46853 -4.45477 -8.07286 -7.32111 -7.66403 -5.19325 -8.01066 -8.51338 -4.57944 -8.35931 -7.31453 -7.08979 -5.37599 -8.04625 -8.52742 -3.30456 -8.19301 -6.50806 -9.51057 -3.63241 -7.77931 -8.60245 -2.36431 -8.12274
74.66 -5.03933 -10.0376 -9.33924 -8.73367 -9.34621 -4.04999 -7.61892 -8.85008 -7.12502 -4.90086 -8.81409 -8.65666 -4.26026 -6.42117 -7.08687 -7.92273 -4.97785 -7.98495 -8.54592 -4.43526 -9.28794 -7.53342 -7.58628 -5.18712 -7.97772 -8.46853 -4.45477 -8.07286 -7.32111 -7.66403 -5.19325 -8.01066 -8.51338 -4.57944 -8.35931 -7.31453 -7.08979 -5.37599 -8.04625 -8.52742 -3.30456 -8.19301 -6.50806 -9.51057 -3.63241 -7.77931 -8.60245 -2.36431 -8.12274
74.71 -5.03933 -10.0376 -9.33924 -8.73367 -9.34621 -4.04999 -7.61892 -8.85008 -7.12502 -4.90086 -8.81409 -8.65666 -4.26026 -6.42117 -7.08687 -7.92273 -4.97785 -7.98495 -8.54592 -4.43526 -9.28794 -7.53342 -7.58628 -5.18712 -7.97772 -8.46853 -4.45477 -8.07286 -7.32111 -7.66403 -5.19325 -8.01066 -8.51338 -4.57944 -8.35931 -7.31453 -7.08979 -5.37599 -8.04625 -8.52742 -3.30456 -8.19301 -6.50806 -9.51057 -3.63241 -7.77931 -8.60245 -2.36431 -8.12274
74.76 -5.03933 -10.0376 -9.33924 -8.73367 -9.34621 -4.04999 -7.61892 -8.85008 -7.12502 -4.90086 -8.81409 -8.65666 -4.26026 -6.42117 -7.08687 -7.92273 -4.97785 -7.98495 -8.54592 -4.43526 -9.28794 -7.53342 -7.58628 -5.18712 -7.97772 -8.46853 -4.45477 -8.07286 -7.32111 -7.66403 -5.19325 -8.01066 -8.51338 -4.57944 -8.35931 -7.31453 -7.08979 -5.37599 -8.04625 -8.52742 -3.30456 -8.19301 -6.50806 -9.51057 -3.63241 -7.77931 -8.60245 -2.36431 -8.12274
74.81 -5.03933 -10.0376 -9.33924 -8.73367 -9.34621 -4.04999 -7.61892 -8.85008 -7.12502 -4.90086 -8.81409 -8.65666 -4.26026 -6.42117 -7.08687 -7.92273 -4.97785 -7.98495 -8.54592 -4.43526 -9.28794 -7.53342 -7.58628 -5.18712 -7.97772 -8.46853 -4.45477 -8.07286 -7.32111 -7.66403 -5.19325 -8.01066 -8.51338 -4.57944 -8.35931 -7.31453 -7.08979 -5.37599 -8.04625 -8.52742 -3.30456 -8.19301 -6.50806 -9.51057 -3.63241 -7.77931 -8.60245 -2.36431 -8.12274
74.86 -5.03933 -10.0376 -9.33924 -8.73367 -9.34621 -4.04999 -7.61892 -8.85008 -7.12502 -4.90086 -8.81409 -8.65666 -4.26026 -6.42117 -7.08687 -7.92273 -4.97785 -7.98495 -8.54592 -4.43526 -9.28794 -7.53342 -7.58628 -5.18712 -7.97772 -8.46853 -4.45477 -8.07286 -7.32111 -7.66403 -5.19325 -8.01066 -8.51338 -4.57944 -8.35931 -7.31453 -7.08979 -5.37599 -8.04625 -8.52742 -3.30456 -8.19301 -6.50806 -9.51057 -3.63241 -7.77931 -8.60245 -2.36431 -8.12274
74.91 -5.03933 -10.0376 -9.33924 -8.73367 -9.34621 -4.04999 -7.61892 -8.85008 -7.12502 -4.90086 -8.81409 -8.65666 -4.26026 -6.42117 -7.08687 -7.92273 -4.97785 -7.98495 -8.54592 -4.43526 -9.28794 -7.53342 -7.58628 -5.18712 -7.97772 -8.46853 -4.45477 -8.07286 -7.32111 -7.66403 -5.19325 -8.01066 -8.51338 -4.57944 -8.35931 -7.31453 -7.08979 -5.37599 -8.04625 -8.52742 -3.30456 -8.19301 -6.50806 -9.51057 -3.63241 -7.77931 -8.60245 -2.36431 -8.12274
74.96 -5.03933 -10.0376 -9.33924 -8.73367 -9.34621 -4.04999 -7.61892 -8.85008 -7.12502 -4.90086 -8.81409 -8.65666 -4.26026 -6.42117 -7.08687 -7.92273 -4.97785 -7.98495 -8.54592 -4.43526 -9.28794 -7.53342 -7.58628 -5.18712 -7.97772 -8.46853 -4.45477 -8.07286 -7.32111 -7.66403 -5.19325 -8.01066 -8.51338 -4.57944 -8.35931 -7.31453 -7.08979 -5.37599 -8.04625 -8.52742 -3.30456 -8.19301 -6.50806 -9.51057 -3.63241 -7.77931 -8.60245 -2.36431 -8.12274
75.01 -5.03933 -10.0376 -9.33924 -8.73367 -9.34621 -4.04999 -7.61892 -8.85008 -7.12502 -4.90086 -8.81409 -8.65666 -4.26026 -6.42117 -7.08687 -7.92273 -4.97785 -7.98495 -8.54592 -4.43526 -9.28794 -7.53342 -7.58628 -5.18712 -7.97772 -8.46853 -4.45477 -8.07286 -7.32111 -7.66403 -5.19325 -8.01066 -8.51338 -4.57944 -8.35931 -7.31453 -7.08979 -5.37599 -8.04625 -8.52742 -3.30456 -8.19301 -6.50806 -9.51057 -3.63241 -7.77931 -8.60245 -2.36431 -8.12274
75.06 -5.03933 -10.0376 -9.33924 -8.73367 -9.34621 -4.04999 -7.61892 -8.85008 -7.12502 -4.90086 -8.81409 -8.65666 -4.26026 -6.42117 -7.08687 -7.92273 -4.97785 -7.98495 -8.54592 -4.43526 -9.28794 -7.53342 -7.58628 -5.18712 -7.97772 -8.46853 -4.45477 -8.07286 -7.32111 -7.66403 -5.19325 -8.01066 -8.51338 -4.57944 -8.35931 -7.31453 -7.08979 -5.37599 -8.04625 -8.52742 -3.30456 -8.19301 -6.50806 -9.51057 -3.63241 -7.77931 -8.60245 -2.36431 -8.12274
75.11 -5.03933 -10.0376 -9.33924 -8.73367 -9.34621 -4.04999 -7.61892 -8.85008 -7.12502 -4.90086 -8.81409 -8.65666 -4.26026 -6.42117 -7.08687 -7.92273 -4.97785 -7.98495 -8.54592 -4.43526 -9.28794 -7.53342 -7.58628 -5.18712 -7.97772 -8.46853 -4.45477 -8.07286 -7.32111 -7.66403 -5.19325 -8.01066 -8.51338 -4.57944 -8.35931 -7.31453 -7.08979 -5.37599 -8.04625 -8.52742 -3.30456 -8.19301 -6.50806 -9.51057 -3.63241 -7.77931 -8.60245 -2.36431 -8.12274
75.16 -5.03933 -10.0376 -9.33924 -8.73367 -9.34621 -4.04999 -7.61892 -8.85008 -7.12502 -4.90086 -8.81409 -8.65666 -4.26026 -6.42117 -7.08687 -7.92273 -4.97785 -7.98495 -8.54592 -4.43526 -9.28794 -7.53342 -7.58628 -5.18712 -7.97772 -8.46853 -4.45477 -8.07286 -7.32111 -7.66403 -5.19325 -8.01066 -8.51338 -4.57944 -8.35931 -7.31453 -7.08979 -5.37599 -8.04625 -8.52742 -3.30456 -8.19301 -6.50806 -9.51057 -3.63241 -7.77931 -8.60245 -2.36431 -8.12274
75.21 -5.03933 -10.0376 -9.33924 -8.73367 -9.34621 -4.04999 -7.61892 -8.85008 -7.12502 -4.90086 -8.81409 -8.65666 -4.26026 -6.42117 -7.08687 -7.92273 -4.97785 -7.98495 -8.54592 -4.43526 -9.28794 -7.53342 -7.58628 -5.18712 -7.97772 -8.46853 -4.45477 -8.07286 -7.32111 -7.66403 -5.19325 -8.01066 -8.51338 -4.57944 -8.35931 -7.31453 -7.08979 -5.37599 -8.04625 -8.52742 -3.30456 -8.19301 -6.50806 -9.51057 -3.63241 -7.77931 -8.60245 -2.36431 -8.12274
75.26 -5.03933 -10.0376 -9.33924 -8.73367 -9.34621 -4.04999 -7.61892 -8.85008 -7.12502 -4.90086 -8.81409 -8.65666 -4.26026 -6.42117 -7.08687 -7.92273 -4.97785 -7.98495 -8.54592 -4.43526 -9.28794 -7.53342 -7.58628 -5.18712 -7.97772 -8.46853 -4.45477 -8.07286 -7.32111 -7.66403 -5.19325 -8.01066 -8.51338 -4.57944 -8.35931 -7.31453 -7.08979 -5.37599 -8.04625 -8.52742 -3.30456 -8.19301 -6.50806 -9.51057 -3.63241 -7.77931 -8.60245 -2.36431 -8.12274
75.31 -5.03933 -10.0376 -9.33924 -8.73367 -9.34621 -4.04999 -7.61892 -8.85008 -7.12502 -4.90086 -8.81409 -8.65666 -4.26026 -6.42117 -7.08687 -7.92273 -4.97785 -7.98495 -8.54592 -4.43526 -9.28794 -7.53342 -7.58628 -5.18712 -7.97772 -8.46853 -4.45477 -8.07286 -7.32111 -7.66403 -5.19325 -8.01066 -8.51338 -4.57944 -8.35931 -7.31453 -7.08979 -5.37599 -8.04625 -8.52742 -3.30456 -8.19301 -6.50806 -9.51057 -3.63241 -7.77931 -8.60245 -2.36431 -8.12274
75.36 -5.03933 -10.0376 -9.33924 -8.73367 -9.34621 -4.04999 -7.61892 -8.85008 -7.12502 -4.90086 -8.81409 -8.65666 -4.26026 -6.42117 -7.08687 -7.92273 -4.97785 -7.98495 -8.54592 -4.43526 -9.28794 -7.53342 -7.58628 -5.18712 -7.97772 -8.46853 -4.45477 -8.07286 -7.32111 -7.66403 -5.19325 -8.01066 -8.51338 -4.57944 -8.35931 -7.31453 -7.08979 -5.37599 -8.04625 -8.52742 -3.30456 -8.19301 -6.50806 -9.51057 -3.63241 -7.77931 -8.60245 -2.36431 -8.12274
75.41 -5.03933 -10.0376 -9.33924 -8.73367 -9.34621 -4.04999 -7.61892 -8.85008 -7.12502 -4.90086 -8.81409 -8.65666 -4.26026 -6.42117 -7.08687 -7.92273 -4.97785 -7.98495 -8.54592 -4.43526 -9.28794 -7.53342 -7.58628 -5.18712 -7.97772 -8.46853 -4.45477 -8.07286 -7.32111 -7.66403 -5.19325 -8.01066 -8.51338 -4.57944 -8.35931 -7.31453 -7.08979 -5.37599 -8.04625 -8.52742 -3.30456 -8.19301 -6.50806 -9.51057 -3.63241 -7.77931 -8.60245 -2.36431 -8.12274
75.46 -5.03933 -10.0376 -9.33924 -8.73367 -9.34621 -4.04999 -7.61892 -8.85008 -7.12502 -4.90086 -8.81409 -8.65666 -4.26026 -6.42117 -7.08687 -7.92273 -4.97785 -7.98495 -8.54592 -4.43526 -9.28794 -7.53342 -7.58628 -5.18712 -7.97772 -8.46853 -4.45477 -8.07286 -7.32111 -7.66403 -5.19325 -8.01066 -8.51338 -4.57944 -8.35931 -7.31453 -7.08979 -5.37599 -8.04625 -8.52742 -3.30456 -8.19301 -6.50806 -9.51057 -3.63241 -7.77931 -8.60245 -2.36431 -8.12274
75.51 -5.03933 -10.0376 -9.33924 -8.73367 -9.34621 -4.04999 -7.61892 -8.85008 -7.12502 -4.90086 -8.81409 -8.65666 -4.26026 -6.42117 -7.08687 -7.92273 -4.97785 -7.98495 -8.54592 -4.43526 -9.28794 -7.53342 -7.58628 -5.18712 -7.97772 -8.46853 -4.45477 -8.07286 -7.32111 -7.66403 -5.19325 -8.01066 -8.51338 -4.57944 -8.35931 -7.31453 -7.08979 -5.37599 -8.04625 -8.52742 -3.30456 -8.19301 -6.50806 -9.51057 -3.63241 -7.77931 -8.60245 -2.36431 -8.12274
75.56 -5.03933 -10.0376 -9.33924 -8.73367 -9.34621 -4.04999 -7.61892 -8.85008 -7.12502 -4.90086 -8.81409 -8.65666 -4.26026 -6.42117 -7.08687 -7.92273 -4.97785 -7.98495 -8.54592 -4.43526 -9.28794 -7.53342 -7.58628 -5.18712 -7.97772 -8.46853 -4.45477 -8.07286 -7.32111 -7.66403 -5.19325 -8.01066 -8.51338 -4.57944 -8.35931 -7.31453 -7.08979 -5.37599 -8.04625 -8.52742 -3.30456 -8.19301 -6.50806 -9.51057 -3.63241 -7.77931 -8.60245 -2.36431 -8.12274
75.61 -5.03933 -10.0376 -9.33924 -8.73367 -9.34621 -4.04999 -7.61892 -8.85008 -7.12502 -4.90086 -8.81409 -8.65666 -4.26026 -6.42117 -7.08687 -7.92273 -4.97785 -7.98495 -8.54592 -4.43526 -9.28794 -7.53342 -7.58628 -5.18712 -7.97772 -8.46853 -4.45477 -8.07286 -7.32111 -7.66403 -5.19325 -8.01066 -8.51338 -4.57944 -8.35931 -7.31453 -7.08979 -5.37599 -8.04625 -8.52742 -3.30456 -8.19301 -6.50806 -9.51057 -3.63241 -7.77931 -8.60245 -2.36431 -8.12274
75.66 -5.03933 -10.0376 -9.33924 -8.73367 -9.34621 -4.04999 -7.61892 -8.85008 -7.12502 -4.90086 -8.81409 -8.65666 -4.26026 -6.42117 -7.08687 -7.92273 -4.97785 -7.98495 -8.54592 -4.43526 -9.28794 -7.53342 -7.58628 -5.18712 -7.97772 -8.46853 -4.45477 -8.07286 -7.32111 -7.66403 -5.19325 -8.01066 -8.51338 -4.57944 -8.35931 -7.31453 -7.08979 -5.37599 -8.04625 -8.52742 -3.30456 -8.19301 -6.50806 -9.51057 -3.63241 -7.77931 -8.60245 -2.36431 -8.12274
75.71 -5.03933 -10.0376 -9.33924 -8.73367 -9.34621 -4.04999 -7.61892 -8.85008 -7.12502 -4.90086 -8.81409 -8.65666 -4.26026 -6.42117 -7.08687 -7.92273 -4.97785 -7.98495 -8.54592 -4.43526 -9.28794 -7.53342 -7.58628 -5.18712 -7.97772 -8.46853 -4.45477 -8.07286 -7.32111 -7.66403 -5.19325 -8.01066 -8.51338 -4.57944 -8.35931 -7.31453 -7.08979 -5.37599 -8.04625 -8.52742 -3.30456 -8.19301 -6.50806 -9.51057 -3.63241 -7.77931 -8.60245 -2.36431 -8.12274
75.76 -5.03933 -10.0376 -9.33924 -8.73367 -9.34621 -4.04999 -7.61892 -8.85008 -7.12502 -4.90086 -8.81409 -8.65666 -4.26026 -6.42117 -7.08687 -7.92273 -4.97785 -7.98495 -8.54592 -4.43526 -9.28794 -7.53342 -7.58628 -5.18712 -7.97772 -8.46853 -4.45477 -8.07286 -7.32111 -7.66403 -5.19325 -8.01066 -8.51338 -4.57944 -8.35931 -7.31453 -7.08979 -5.37599 -8.04625 -8.52742 -3.30456 -8.19301 -6.50806 -9.51057 -3.63241 -7.77931 -8.60245 -2.36431 -8.12274
75.81 -5.03933 -10.0376 -9.33924 -8.73367 -9.34621 -4.04999 -7.61892 -8.85008 -7.12502 -4.90086 -8.81409 -8.65666 -4.26026 -6.42117 -7.08687 -7.92273 -4.97785 -7.98495 -8.54592 -4.43526 -9.28794 -7.53342 -7.58628 -5.18712 -7.97772 -8.46853 -4.45477 -8.07286 -7.32111 -7.66403 -5.19325 -8.01066 -8.51338 -4.57944 -8.35931 -7.31453 -7.08979 -5.37599 -8.04625 -8.52742 -3.30456 -8.19301 -6.50806 -9.51057 -3.63241 -7.77931 -8.60245 -2.36431 -8.12274
75.86 -5.03933 -10.0376 -9.33924 -8.73367 -9.34621 -4.04999 -7.61892 -8.85008 -7.12502 -4.90086 -8.81409 -8.65666 -4.26026 -6.42117 -7.08687 -7.92273 -4.97785 -7.98495 -8.54592 -4.43526 -9.28794 -7.53342 -7.58628 -5.18712 -7.97772 -8.46853 -4.45477 -8.07286 -7.32111 -7.66403 -5.19325 -8.01066 -8.51338 -4.57944 -8.35931 -7.31453 -7.08979 -5.37599 -8.04625 -8.52742 -3.30456 -8.19301 -6.50806 -9.51057 -3.63241 -7.77931 -8.60245 -2.36431 -8.12274
75.91 -5.03933 -10.0376 -9.33924 -8.73367 -9.34621 -4.04999 -7.61892 -8.85008 -7.12502 -4.90086 -8.81409 -8.65666 -4.26026 -6.42117 -7.08687 -7.92273 -4.97785 -7.98495 -8.54592 -4.43526 -9.28794 -7.53342 -7.58628 -5.18712 -7.97772 -8.46853 -4.45477 -8.07286 -7.32111 -7.66403 -5.19325 -8.01066 -8.51338 -4.57944 -8.35931 -7.31453 -7.08979 -5.37599 -8.04625 -8.52742 -3.30456 -8.19301 -6.50806 -9.51057 -3.63241 -7.77931 -8.60245 -2.36431 -8.12274
75.96 -5.03933 -10.0376 -9.33924 -8.73367 -9.34621 -4.04999 -7.61892 -8.85008 -7.12502 -4.90086 -8.81409 -8.65666 -4.26026 -6.42117 -7.08687 -7.92273 -4.97785 -7.98495 -8.54592 -4.43526 -9.28794 -7.53342 -7.58628 -5.18712 -7.97772 -8.46853 -4.45477 -8.07286 -7.32111 -7.66403 -5.19325 -8.01066 -8.51338 -4.57944 -8.35931 -7.31453 -7.08979 -5.37599 -8.04625 -8.52742 -3.30456 -8.19301 -6.50806 -9.51057 -3.63241 -7.77931 -8.60245 -2.36431 -8.12274
76.01 -5.03933 -10.0376 -9.33924 -8.73367 -9.34621 -4.04999 -7.61892 -8.85008 -7.12502 -4.90086 -8.81409 -8.65666 -4.26026 -6.42117 -7.08687 -7.92273 -4.97785 -7.98495 -8.54592 -4.43526 -9.28794 -7.53342 -7.58628 -5.18712 -7.97772 -8.46853 -4.45477 -8.07286 -7.32111 -7.66403 -5.19325 -8.01066 -8.51338 -4.57944 -8.35931 -7.31453 -7.08979 -5.37599 -8.04625 -8.52742 -3.30456 -8.19301 -6.50806 -9.51057 -3.63241 -7.77931 -8.60245 -2.36431 -8.12274
76.06 -5.03933 -10.0376 -9.33924 -8.73367 -9.34621 -4.04999 -7.61892 -8.85008 -7.12502 -4.90086 -8.81409 -8.65666 -4.26026 -6.42117 -7.08687 -7.92273 -4.97785 -7.98495 -8.54592 -4.43526 -9.28794 -7.53342 -7.58628 -5.18712 -7.97772 -8.46853 -4.45477 -8.07286 -7.32111 -7.66403 -5.19325 -8.01066 -8.51338 -4.57944 -8.35931 -7.31453 -7.08979 -5.37599 -8.04625 -8.52742 -3.30456 -8.19301 -6.50806 -9.51057 -3.63241 -7.77931 -8.60245 -2.36431 -8.12274
76.11 -5.03933 -10.0376 -9.33924 -8.73367 -9.34621 -4.04999 -7.61892 -8.85008 -7.12502 -4.90086 -8.81409 -8.65666 -4.26026 -6.42117 -7.08687 -7.92273 -4.97785 -7.98495 -8.54592 -4.43526 -9.28794 -7.53342 -7.58628 -5.18712 -7.97772 -8.46853 -4.45477 -8.07286 -7.32111 -7.66403 -5.19325 -8.01066 -8.51338 -4.57944 -8.35931 -7.31453 -7.08979 -5.37599 -8.04625 -8.52742 -3.30456 -8.19301 -6.50806 -9.51057 -3.63241 -7.77931 -8.60245 -2.36431 -8.12274
76.16 -5.03933 -10.0376 -9.33924 -8.73367 -9.34621 -4.04999 -7.61892 -8.85008 -7.12502 -4.90086 -8.81409 -8.65666 -4.26026 -6.42117 -7.08687 -7.92273 -4.97785 -7.98495 -8.54592 -4.43526 -9.28794 -7.53342 -7.58628 -5.18712 -7.97772 -8.46853 -4.45477 -8.07286 -7.32111 -7.66403 -5.19325 -8.01066 -8.51338 -4.57944 -8.35931 -7.31453 -7.08979 -5.37599 -8.04625 -8.52742 -3.30456 -8.19301 -6.50806 -9.51057 -3.63241 -7.77931 -8.60245 -2.36431 -8.12274
76.21 -5.03933 -10.0376 -9.33924 -8.73367 -9.34621 -4.04999 -7.61892 -8.85008 -7.12502 -4.90086 -8.81409 -8.65666 -4.26026 -6.42117 -7.08687 -7.92273 -4.97785 -7.98495 -8.54592 -4.43526 -9.28794 -7.53342 -7.58628 -5.18712 -7.97772 -8.46853 -4.45477 -8.07286 -7.32111 -7.66403 -5.19325 -8.01066 -8.51338 -4.57944 -8.35931 -7.31453 -7.08979 -5.37599 -8.04625 -8.52742 -3.30456 -8.19301 -6.50806 -9.51057 -3.63241 -7.77931 -8.60245 -2.36431 -8.12274
76.26 -5.03933 -10.0376 -9.33924 -8.73367 -9.34621 -4.04999 -7.61892 -8.85008 -7.12502 -4.90086 -8.81409 -8.65666 -4.26026 -6.42117 -7.08687 -7.92273 -4.97785 -7.98495 -8.54592 -4.43526 -9.28794 -7.53342 -7.58628 -5.18712 -7.97772 -8.46853 -4.45477 -8.07286 -7.32111 -7.66403 -5.19325 -8.01066 -8.51338 -4.57944 -8.35931 -7.31453 -7.08979 -5.37599 -8.04625 -8.52742 -3.30456 -8.19301 -6.50806 -9.51057 -3.63241 -7.77931 -8.60245 -2.36431 -8.12274
76.31 -5.03933 -10.0376 -9.33924 -8.73367 -9.34621 -4.04999 -7.61892 -8.85008 -7.12502 -4.90086 -8.81409 -8.65666 -4.26026 -6.42117 -7.08687 -7.92273 -4.97785 -7.98495 -8.54592 -4.43526 -9.28794 -7.53342 -7.58628 -5.18712 -7.97772 -8.46853 -4.45477 -8.07286 -7.32111 -7.66403 -5.19325 -8.01066 -8.51338 -4.57944 -8.35931 -7.31453 -7.08979 -5.37599 -8.04625 -8.52742 -3.30456 -8.19301 -6.50806 -9.51057 -3.63241 -7.77931 -8.60245 -2.36431 -8.12274
76.36 -5.03933 -10.0376 -9.33924 -8.73367 -9.34621 -4.04999 -7.61892 -8.85008 -7.12502 -4.90086 -8.81409 -8.65666 -4.26026 -6.42117 -7.08687 -7.92273 -4.97785 -7.98495 -8.54592 -4.43526 -9.28794 -7.53342 -7.58628 -5.18712 -7.97772 -8.46853 -4.45477 -8.07286 -7.32111 -7.66403 -5.19325 -8.01066 -8.51338 -4.57944 -8.35931 -7.31453 -7.08979 -5.37599 -8.04625 -8.52742 -3.30456 -8.19301 -6.50806 -9.51057 -3.63241 -7.77931 -8.60245 -2.36431 -8.12274
76.41 -5.03933 -10.0376 -9.33924 -8.73367 -9.34621 -4.04999 -7.61892 -8.85008 -7.12502 -4.90086 -8.81409 -8.65666 -4.26026 -6.42117 -7.08687 -7.92273 -4.97785 -7.98495 -8.54592 -4.43526 -9.28794 -7.53342 -7.58628 -5.18712 -7.97772 -8.46853 -4.45477 -8.07286 -7.32111 -7.66403 -5.19325 -8.01066 -8.51338 -4.57944 -8.35931 -7.31453 -7.08979 -5.37599 -8.04625 -8.52742 -3.30456 -8.19301 -6.50806 -9.51057 -3.63241 -7.77931 -8.60245 -2.36431 -8.12274
76.46 -5.03933 -10.0376 -9.33924 -8.73367 -9.34621 -4.04999 -7.61892 -8.85008 -7.12502 -4.90086 -8.81409 -8.65666 -4.26026 -6.42117 -7.08687 -7.92273 -4.97785 -7.98495 -8.54592 -4.43526 -9.28794 -7.53342 -7.58628 -5.18712 -7.97772 -8.46853 -4.45477 -8.07286 -7.32111 -7.66403 -5.19325 -8.01066 -8.51338 -4.57944 -8.35931 -7.31453 -7.08979 -5.37599 -8.04625 -8.52742 -3.30456 -8.19301 -6.50806 -9.51057 -3.63241 -7.77931 -8.60245 -2.36431 -8.12274
76.51 -5.03933 -10.0376 -9.33924 -8.73367 -9.34621 -4.04999 -7.61892 -8.85008 -7.12502 -4.90086 -8.81409 -8.65666 -4.26026 -6.42117 -7.08687 -7.92273 -4.97785 -7.98495 -8.54592 -4.43526 -9.28794 -7.53342 -7.58628 -5.18712 -7.97772 -8.46853 -4.45477 -8.07286 -7.32111 -7.66403 -5.19325 -8.01066 -8.51338 -4.57944 -8.35931 -7.31453 -7.08979 -5.37599 -8.04625 -8.52742 -3.30456 -8.19301 -6.50806 -9.51057 -3.63241 -7.77931 -8.60245 -2.36431 -8.12274
76.56 -5.03933 -10.0376 -9.33924 -8.73367 -9.34621 -4.04999 -7.61892 -8.85008 -7.12502 -4.90086 -8.81409 -8.65666 -4.26026 -6.42117 -7.08687 -7.92273 -4.97785 -7.98495 -8.54592 -4.43526 -9.28794 -7.53342 -7.58628 -5.18712 -7.97772 -8.46853 -4.45477 -8.07286 -7.32111 -7.66403 -5.19325 -8.01066 -8.51338 -4.57944 -8.35931 -7.31453 -7.08979 -5.37599 -8.04625 -8.52742 -3.30456 -8.19301 -6.50806 -9.51057 -3.63241 -7.77931 -8.60245 -2.36431 -8.12274
76.61 -5.03933 -10.0376 -9.33924 -8.73367 -9.34621 -4.04999 -7.61892 -8.85008 -7.12502 -4.90086 -8.81409 -8.65666 -4.26026 -6.42117 -7.08687 -7.92273 -4.97785 -7.98495 -8.54592 -4.43526 -9.28794 -7.53342 -7.58628 -5.18712 -7.97772 -8.46853 -4.45477 -8.07286 -7.32111 -7.66403 -5.19325 -8.01066 -8.51338 -4.57944 -8.35931 -7.31453 -7.08979 -5.37599 -8.04625 -8.52742 -3.30456 -8.19301 -6.50806 -9.51057 -3.63241 -7.77931 -8.60245 -2.36431 -8.12274
76.66 -5.03933 -10.0376 -9.33924 -8.73367 -9.34621 -4.04999 -7.61892 -8.85008 -7.12502 -4.90086 -8.81409 -8.65666 -4.26026 -6.42117 -7.08687 -7.92273 -4.97785 -7.98495 -8.54592 -4.43526 -9.28794 -7.53342 -7.58628 -5.18712 -7.97772 -8.46853 -4.45477 -8.07286 -7.32111 -7.66403 -5.19325 -8.01066 -8.51338 -4.57944 -8.35931 -7.31453 -7.08979 -5.37599 -8.04625 -8.52742 -3.30456 -8.19301 -6.50806 -9.51057 -3.63241 -7.77931 -8.60245 -2.36431 -8.12274
76.71 -5.03933 -10.0376 -9.33924 -8.73367 -9.34621 -4.04999 -7.61892 -8.85008 -7.12502 -4.90086 -8.81409 -8.65666 -4.26026 -6.42117 -7.08687 -7.92273 -4.97785 -7.98495 -8.54592 -4.43526 -9.28794 -7.53342 -7.58628 -5.18712 -7.97772 -8.46853 -4.45477 -8.07286 -7.32111 -7.66403 -5.19325 -8.01066 -8.51338 -4.57944 -8.35931 -7.31453 -7.08979 -5.37599 -8.04625 -8.52742 -3.30456 -8.19301 -6.50806 -9.51057 -3.63241 -7.77931 -8.60245 -2.36431 -8.12274
76.76 -5.03933 -10.0376 -9.33924 -8.73367 -9.34621 -4.04999 -7.61892 -8.85008 -7.12502 -4.90086 -8.81409 -8.65666 -4.26026 -6.42117 -7.08687 -7.92273 -4.97785 -7.98495 -8.54592 -4.43526 -9.28794 -7.53342 -7.58628 -5.18712 -7.97772 -8.46853 -4.45477 -8.07286 -7.32111 -7.66403 -5.19325 -8.01066 -8.51338 -4.57944 -8.35931 -7.31453 -7.08979 -5.37599 -8.04625 -8.52742 -3.30456 -8.19301 -6.50806 -9.51057 -3.63241 -7.77931 -8.60245 -2.36431 -8.12274
76.81 -5.03933 -10.0376 -9.33924 -8.73367 -9.34621 -4.04999 -7.61892 -8.85008 -7.12502 -4.90086 -8.81409 -8.65666 -4.26026 -6.42117 -7.08687 -7.92273 -4.97785 -7.98495 -8.54592 -4.43526 -9.28794 -7.53342 -7.58628 -5.18712 -7.97772 -8.46853 -4.45477 -8.07286 -7.32111 -7.66403 -5.19325 -8.01066 -8.51338 -4.57944 -8.35931 -7.31453 -7.08979 -5.37599 -8.04625 -8.52742 -3.30456 -8.19301 -6.50806 -9.51057 -3.63241 -7.77931 -8.60245 -2.36431 -8.12274
76.86 -5.03933 -10.0376 -9.33924 -8.73367 -9.34621 -4.04999 -7.61892 -8.85008 -7.12502 -4.90086 -8.81409 -8.65666 -4.26026 -6.42117 -7.08687 -7.92273 -4.97785 -7.98495 -8.54592 -4.43526 -9.28794 -7.53342 -7.58628 -5.18712 -7.97772 -8.46853 -4.45477 -8.07286 -7.32111 -7.66403 -5.19325 -8.01066 -8.51338 -4.57944 -8.35931 -7.31453 -7.08979 -5.37599 -8.04625 -8.52742 -3.30456 -8.19301 -6.50806 -9.51057 -3.63241 -7.77931 -8.60245 -2.36431 -8.12274
76.91 -5.03933 -10.0376 -9.33924 -8.73367 -9.34621 -4.04999 -7.61892 -8.85008 -7.12502 -4.90086 -8.81409 -8.65666 -4.26026 -6.42117 -7.08687 -7.92273 -4.97785 -7.98495 -8.54592 -4.43526 -9.28794 -7.53342 -7.58628 -5.18712 -7.97772 -8.46853 -4.45477 -8.07286 -7.32111 -7.66403 -5.19325 -8.01066 -8.51338 -4.57944 -8.35931 -7.31453 -7.08979 -5.37599 -8.04625 -8.52742 -3.30456 -8.19301 -6.50806 -9.51057 -3.63241 -7.77931 -8.60245 -2.36431 -8.12274
76.96 -5.03933 -10.0376 -9.33924 -8.73367 -9.34621 -4.04999 -7.61892 -8.85008 -7.12502 -4.90086 -8.81409 -8.65666 -4.26026 -6.42117 -7.08687 -7.92273 -4.97785 -7.98495 -8.54592 -4.43526 -9.28794 -7.53342 -7.58628 -5.18712 -7.97772 -8.46853 -4.45477 -8.07286 -7.32111 -7.66403 -5.19325 -8.01066 -8.51338 -4.57944 -8.35931 -7.31453 -7.08979 -5.37599 -8.04625 -8.52742 -3.30456 -8.19301 -6.50806 -9.51057 -3.63241 -7.77931 -8.60245 -2.36431 -8.12274
77.01 -5.03933 -10.0376 -9.33924 -8.73367 -9.34621 -4.04999 -7.61892 -8.85008 -7.12502 -4.90086 -8.81409 -8.65666 -4.26026 -6.42117 -7.08687 -7.92273 -4.97785 -7.98495 -8.54592 -4.43526 -9.28794 -7.53342 -7.58628 -5.18712 -7.97772 -8.46853 -4.45477 -8.07286 -7.32111 -7.66403 -5.19325 -8.01066 -8.51338 -4.57944 -8.35931 -7.31453 -7.08979 -5.37599 -8.04625 -8.52742 -3.30456 -8.19301 -6.50806 -9.51057 -3.63241 -7.77931 -8.60245 -2.36431 -8.12274
77.06 -5.03933 -10.0376 -9.33924 -8.73367 -9.34621 -4.04999 -7.61892 -8.85008 -7.12502 -4.90086 -8.81409 -8.65666 -4.26026 -6.42117 -7.08687 -7.92273 -4.97785 -7.98495 -8.54592 -4.43526 -9.28794 -7.53342 -7.58628 -5.18712 -7.97772 -8.46853 -4.45477 -8.07286 -7.32111 -7.66403 -5.19325 -8.01066 -8.51338 -4.57944 -8.35931 -7.31453 -7.08979 -5.37599 -8.04625 -8.52742 -3.30456 -8.19301 -6.50806 -9.51057 -3.63241 -7.77931 -8.60245 -2.36431 -8.12274
77.11 -5.03933 -10.0376 -9.33924 -8.73367 -9.34621 -4.04999 -7.61892 -8.85008 -7.12502 -4.90086 -8.81409 -8.65666 -4.26026 -6.42117 -7.08687 -7.92273 -4.97785 -7.98495 -8.54592 -4.43526 -9.28794 -7.53342 -7.58628 -5.18712 -7.97772 -8.46853 -4.45477 -8.07286 -7.32111 -7.66403 -5.19325 -8.01066 -8.51338 -4.57944 -8.35931 -7.31453 -7.08979 -5.37599 -8.04625 -8.52742 -3.30456 -8.19301 -6.50806 -9.51057 -3.63241 -7.77931 -8.60245 -2.36431 -8.12274
77.16 -5.03933 -10.0376 -9.33924 -8.73367 -9.34621 -4.04999 -7.61892 -8.85008 -7.12502 -4.90086 -8.81409 -8.65666 -4.26026 -6.42117 -7.08687 -7.92273 -4.97785 -7.98495 -8.54592 -4.43526 -9.28794 -7.53342 -7.58628 -5.18712 -7.97772 -8.46853 -4.45477 -8.07286 -7.32111 -7.66403 -5.19325 -8.01066 -8.51338 -4.57944 -8.35931 -7.31453 -7.08979 -5.37599 -8.04625 -8.52742 -3.30456 -8.19301 -6.50806 -9.51057 -3.63241 -7.77931 -8.60245 -2.36431 -8.12274
77.21 -5.03933 -10.0376 -9.33924 -8.73367 -9.34621 -4.04999 -7.61892 -8.85008 -7.12502 -4.90086 -8.81409 -8.65666 -4.26026 -6.42117 -7.08687 -7.92273 -4.97785 -7.98495 -8.54592 -4.43526 -9.28794 -7.53342 -7.58628 -5.18712 -7.97772 -8.46853 -4.45477 -8.07286 -7.32111 -7.66403 -5.19325 -8.01066 -8.51338 -4.57944 -8.35931 -7.31453 -7.08979 -5.37599 -8.04625 -8.52742 -3.30456 -8.19301 -6.50806 -9.51057 -3.63241 -7.77931 -8.60245 -2.36431 -8.12274
77.26 -5.03933 -10.0376 -9.33924 -8.73367 -9.34621 -4.04999 -7.61892 -8.85008 -7.12502 -4.90086 -8.81409 -8.65666 -4.26026 -6.42117 -7.08687 -7.92273 -4.97785 -7.98495 -8.54592 -4.43526 -9.28794 -7.53342 -7.58628 -5.18712 -7.97772 -8.46853 -4.45477 -8.07286 -7.32111 -7.66403 -5.19325 -8.01066 -8.51338 -4.57944 -8.35931 -7.31453 -7.08979 -5.37599 -8.04625 -8.52742 -3.30456 -8.19301 -6.50806 -9.51057 -3.63241 -7.77931 -8.60245 -2.36431 -8.12274
77.31 -5.03933 -10.0376 -9.33924 -8.73367 -9.34621 -4.04999 -7.61892 -8.85008 -7.12502 -4.90086 -8.81409 -8.65666 -4.26026 -6.42117 -7.08687 -7.92273 -4.97785 -7.98495 -8.54592 -4.43526 -9.28794 -7.53342 -7.58628 -5.18712 -7.97772 -8.46853 -4.45477 -8.07286 -7.32111 -7.66403 -5.19325 -8.01066 -8.51338 -4.57944 -8.35931 -7.31453 -7.08979 -5.37599 -8.04625 -8.52742 -3.30456 -8.19301 -6.50806 -9.51057 -3.63241 -7.77931 -8.60245 -2.36431 -8.12274
77.36 -5.03933 -10.0376 -9.33924 -8.73367 -9.34621 -4.04999 -7.61892 -8.85008 -7.12502 -4.90086 -8.81409 -8.65666 -4.26026 -6.42117 -7.08687 -7.92273 -4.97785 -7.98495 -8.54592 -4.43526 -9.28794 -7.53342 -7.58628 -5.18712 -7.97772 -8.46853 -4.45477 -8.07286 -7.32111 -7.66403 -5.19325 -8.01066 -8.51338 -4.57944 -8.35931 -7.31453 -7.08979 -5.37599 -8.04625 -8.52742 -3.30456 -8.19301 -6.50806 -9.51057 -3.63241 -7.77931 -8.60245 -2.36431 -8.12274
77.41 -5.03933 -10.0376 -9.33924 -8.73367 -9.34621 -4.04999 -7.61892 -8.85008 -7.12502 -4.90086 -8.81409 -8.65666 -4.26026 -6.42117 -7.08687 -7.92273 -4.97785 -7.98495 -8.54592 -4.43526 -9.28794 -7.53342 -7.58628 -5.18712 -7.97772 -8.46853 -4.45477 -8.07286 -7.32111 -7.66403 -5.19325 -8.01066 -8.51338 -4.57944 -8.35931 -7.31453 -7.08979 -5.37599 -8.04625 -8.52742 -3.30456 -8.19301 -6.50806 -9.51057 -3.63241 -7.77931 -8.60245 -2.36431 -8.12274
77.46 -5.03933 -10.0376 -9.33924 -8.73367 -9.34621 -4.04999 -7.61892 -8.85008 -7.12502 -4.90086 -8.81409 -8.65666 -4.26026 -6.42117 -7.08687 -7.92273 -4.97785 -7.98495 -8.54592 -4.43526 -9.28794 -7.53342 -7.58628 -5.18712 -7.97772 -8.46853 -4.45477 -8.07286 -7.32111 -7.66403 -5.19325 -8.01066 -8.51338 -4.57944 -8.35931 -7.31453 -7.08979 -5.37599 -8.04625 -8.52742 -3.30456 -8.19301 -6.50806 -9.51057 -3.63241 -7.77931 -8.60245 -2.36431 -8.12274
77.51 -5.03933 -10.0376 -9.33924 -8.73367 -9.34621 -4.04999 -7.61892 -8.85008 -7.12502 -4.90086 -8.81409 -8.65666 -4.26026 -6.42117 -7.08687 -7.92273 -4.97785 -7.98495 -8.54592 -4.43526 -9.28794 -7.53342 -7.58628 -5.18712 -7.97772 -8.46853 -4.45477 -8.07286 -7.32111 -7.66403 -5.19325 -8.01066 -8.51338 -4.57944 -8.35931 -7.31453 -7.08979 -5.37599 -8.04625 -8.52742 -3.30456 -8.19301 -6.50806 -9.51057 -3.63241 -7.77931 -8.60245 -2.36431 -8.12274
77.56 -5.03933 -10.0376 -9.33924 -8.73367 -9.34621 -4.04999 -7.61892 -8.85008 -7.12502 -4.90086 -8.81409 -8.65666 -4.26026 -6.42117 -7.08687 -7.92273 -4.97785 -7.98495 -8.54592 -4.43526 -9.28794 -7.53342 -7.58628 -5.18712 -7.97772 -8.46853 -4.45477 -8.07286 -7.32111 -7.66403 -5.19325 -8.01066 -8.51338 -4.57944 -8.35931 -7.31453 -7.08979 -5.37599 -8.04625 -8.52742 -3.30456 -8.19301 -6.50806 -9.51057 -3.63241 -7.77931 -8.60245 -2.36431 -8.12274
77.61 -5.03933 -10.0376 -9.33924 -8.73367 -9.34621 -4.04999 -7.61892 -8.85008 -7.12502 -4.90086 -8.81409 -8.65666 -4.26026 -6.42117 -7.08687 -7.92273 -4.97785 -7.98495 -8.54592 -4.43526 -9.28794 -7.53342 -7.58628 -5.18712 -7.97772 -8.46853 -4.45477 -8.07286 -7.32111 -7.66403 -5.19325 -8.01066 -8.51338 -4.57944 -8.35931 -7.31453 -7.08979 -5.37599 -8.04625 -8.52742 -3.30456 -8.19301 -6.50806 -9.51057 -3.63241 -7.77931 -8.60245 -2.36431 -8.12274
77.66 -5.03933 -10.0376 -9.33924 -8.73367 -9.34621 -4.04999 -7.61892 -8.85008 -7.12502 -4.90086 -8.81409 -8.65666 -4.26026 -6.42117 -7.08687 -7.92273 -4.97785 -7.98495 -8.54592 -4.43526 -9.28794 -7.53342 -7.58628 -5.18712 -7.97772 -8.46853 -4.45477 -8.07286 -7.32111 -7.66403 -5.19325 -8.01066 -8.51338 -4.57944 -8.35931 -7.31453 -7.08979 -5.37599 -8.04625 -8.52742 -3.30456 -8.19301 -6.50806 -9.51057 -3.63241 -7.77931 -8.60245 -2.36431 -8.12274
77.71 -5.03933 -10.0376 -9.33924 -8.73367 -9.34621 -4.04999 -7.61892 -8.85008 -7.12502 -4.90086 -8.81409 -8.65666 -4.26026 -6.42117 -7.08687 -7.92273 -4.97785 -7.98495 -8.54592 -4.43526 -9.28794 -7.53342 -7.58628 -5.18712 -7.97772 -8.46853 -4.45477 -8.07286 -7.32111 -7.66403 -5.19325 -8.01066 -8.51338 -4.57944 -8.35931 -7.31453 -7.08979 -5.37599 -8.04625 -8.52742 -3.30456 -8.19301 -6.50806 -9.51057 -3.63241 -7.77931 -8.60245 -2.36431 -8.12274
77.76 -5.03933 -10.0376 -9.33924 -8.73367 -9.34621 -4.04999 -7.61892 -8.85008 -7.12502 -4.90086 -8.81409 -8.65666 -4.26026 -6.42117 -7.08687 -7.92273 -4.97785 -7.98495 -8.54592 -4.43526 -9.28794 -7.53342 -7.58628 -5.18712 -7.97772 -8.46853 -4.45477 -8.07286 -7.32111 -7.66403 -5.19325 -8.01066 -8.51338 -4.57944 -8.35931 -7.31453 -7.08979 -5.37599 -8.04625 -8.52742 -3.30456 -8.19301 -6.50806 -9.51057 -3.63241 -7.77931 -8.60245 -2.36431 -8.12274
77.81 -5.03933 -10.0376 -9.33924 -8.73367 -9.34621 -4.04999 -7.61892 -8.85008 -7.12502 -4.90086 -8.81409 -8.65666 -4.26026 -6.42117 -7.08687 -7.92273 -4.97785 -7.98495 -8.54592 -4.43526 -9.28794 -7.53342 -7.58628 -5.18712 -7.97772 -8.46853 -4.45477 -8.07286 -7.32111 -7.66403 -5.19325 -8.01066 -8.51338 -4.57944 -8.35931 -7.31453 -7.08979 -5.37599 -8.04625 -8.52742 -3.30456 -8.19301 -6.50806 -9.51057 -3.63241 -7.77931 -8.60245 -2.36431 -8.12274
77.86 -5.03933 -10.0376 -9.33924 -8.73367 -9.34621 -4.04999 -7.61892 -8.85008 -7.12502 -4.90086 -8.81409 -8.65666 -4.26026 -6.42117 -7.08687 -7.92273 -4.97785 -7.98495 -8.54592 -4.43526 -9.28794 -7.53342 -7.58628 -5.18712 -7.97772 -8.46853 -4.45477 -8.07286 -7.32111 -7.66403 -5.19325 -8.01066 -8.51338 -4.57944 -8.35931 -7.31453 -7.08979 -5.37599 -8.04625 -8.52742 -3.30456 -8.19301 -6.50806 -9.51057 -3.63241 -7.77931 -8.60245 -2.36431 -8.12274
77.91 -5.03933 -10.0376 -9.33924 -8.73367 -9.34621 -4.04999 -7.61892 -8.85008 -7.12502 -4.90086 -8.81409 -8.65666 -4.26026 -6.42117 -7.08687 -7.92273 -4.97785 -7.98495 -8.54592 -4.43526 -9.28794 -7.53342 -7.58628 -5.18712 -7.97772 -8.46853 -4.45477 -8.07286 -7.32111 -7.66403 -5.19325 -8.01066 -8.51338 -4.57944 -8.35931 -7.31453 -7.08979 -5.37599 -8.04625 -8.52742 -3.30456 -8.19301 -6.50806 -9.51057 -3.63241 -7.77931 -8.60245 -2.36431 -8.12274
77.96 -5.03933 -10.0376 -9.33924 -8.73367 -9.34621 -4.04999 -7.61892 -8.85008 -7.12502 -4.90086 -8.81409 -8.65666 -4.26026 -6.42117 -7.08687 -7.92273 -4.97785 -7.98495 -8.54592 -4.43526 -9.28794 -7.53342 -7.58628 -5.18712 -7.97772 -8.46853 -4.45477 -8.07286 -7.32111 -7.66403 -5.19325 -8.01066 -8.51338 -4.57944 -8.35931 -7.31453 -7.08979 -5.37599 -8.04625 -8.52742 -3.30456 -8.19301 -6.50806 -9.51057 -3.63241 -7.77931 -8.60245 -2.36431 -8.12274
78.01 -5.03933 -10.0376 -9.33924 -8.73367 -9.34621 -4.04999 -7.61892 -8.85008 -7.12502 -4.90086 -8.81409 -8.65666 -4.26026 -6.42117 -7.08687 -7.92273 -4.97785 -7.98495 -8.54592 -4.43526 -9.28794 -7.53342 -7.58628 -5.18712 -7.97772 -8.46853 -4.45477 -8.07286 -7.32111 -7.66403 -5.19325 -8.01066 -8.51338 -4.57944 -8.35931 -7.31453 -7.08979 -5.37599 -8.04625 -8.52742 -3.30456 -8.19301 -6.50806 -9.51057 -3.63241 -7.77931 -8.60245 -2.36431 -8.12274
78.06 -5.03933 -10.0376 -9.33924 -8.73367 -9.34621 -4.04999 -7.61892 -8.85008 -7.12502 -4.90086 -8.81409 -8.65666 -4.26026 -6.42117 -7.08687 -7.92273 -4.97785 -7.98495 -8.54592 -4.43526 -9.28794 -7.53342 -7.58628 -5.18712 -7.97772 -8.46853 -4.45477 -8.07286 -7.32111 -7.66403 -5.19325 -8.01066 -8.51338 -4.57944 -8.35931 -7.31453 -7.08979 -5.37599 -8.04625 -8.52742 -3.30456 -8.19301 -6.50806 -9.51057 -3.63241 -7.77931 -8.60245 -2.36431 -8.12274
78.11 -5.03933 -10.0376 -9.33924 -8.73367 -9.34621 -4.04999 -7.61892 -8.85008 -7.12502 -4.90086 -8.81409 -8.65666 -4.26026 -6.42117 -7.08687 -7.92273 -4.97785 -7.98495 -8.54592 -4.43526 -9.28794 -7.53342 -7.58628 -5.18712 -7.97772 -8.46853 -4.45477 -8.07286 -7.32111 -7.66403 -5.19325 -8.01066 -8.51338 -4.57944 -8.35931 -7.31453 -7.08979 -5.37599 -8.04625 -8.52742 -3.30456 -8.19301 -6.50806 -9.51057 -3.63241 -7.77931 -8.60245 -2.36431 -8.12274
78.16 -5.03933 -10.0376 -9.33924 -8.73367 -9.34621 -4.04999 -7.61892 -8.85008 -7.12502 -4.90086 -8.81409 -8.65666 -4.26026 -6.42117 -7.08687 -7.92273 -4.97785 -7.98495 -8.54592 -4.43526 -9.28794 -7.53342 -7.58628 -5.18712 -7.97772 -8.46853 -4.45477 -8.07286 -7.32111 -7.66403 -5.19325 -8.01066 -8.51338 -4.57944 -8.35931 -7.31453 -7.08979 -5.37599 -8.04625 -8.52742 -3.30456 -8.19301 -6.50806 -9.51057 -3.63241 -7.77931 -8.60245 -2.36431 -8.12274
78.21 -5.03933 -10.0376 -9.33924 -8.73367 -9.34621 -4.04999 -7.61892 -8.85008 -7.12502 -4.90086 -8.81409 -8.65666 -4.26026 -6.42117 -7.08687 -7.92273 -4.97785 -7.98495 -8.54592 -4.43526 -9.28794 -7.53342 -7.58628 -5.18712 -7.97772 -8.46853 -4.45477 -8.07286 -7.32111 -7.66403 -5.19325 -8.01066 -8.51338 -4.57944 -8.35931 -7.31453 -7.08979 -5.37599 -8.04625 -8.52742 -3.30456 -8.19301 -6.50806 -9.51057 -3.63241 -7.77931 -8.60245 -2.36431 -8.12274
78.26 -5.03933 -10.0376 -9.33924 -8.73367 -9.34621 -4.04999 -7.61892 -8.85008 -7.12502 -4.90086 -8.81409 -8.65666 -4.26026 -6.42117 -7.08687 -7.92273 -4.97785 -7.98495 -8.54592 -4.43526 -9.28794 -7.53342 -7.58628 -5.18712 -7.97772 -8.46853 -4.45477 -8.07286 -7.32111 -7.66403 -5.19325 -8.01066 -8.51338 -4.57944 -8.35931 -7.31453 -7.08979 -5.37599 -8.04625 -8.52742 -3.30456 -8.19301 -6.50806 -9.51057 -3.63241 -7.77931 -8.60245 -2.36431 -8.12274
78.31 -5.03933 -10.0376 -9.33924 -8.73367 -9.34621 -4.04999 -7.61892 -8.85008 -7.12502 -4.90086 -8.81409 -8.65666 -4.26026 -6.42117 -7.08687 -7.92273 -4.97785 -7.98495 -8.54592 -4.43526 -9.28794 -7.53342 -7.58628 -5.18712 -7.97772 -8.46853 -4.45477 -8.07286 -7.32111 -7.66403 -5.19325 -8.01066 -8.51338 -4.57944 -8.35931 -7.31453 -7.08979 -5.37599 -8.04625 -8.52742 -3.30456 -8.19301 -6.50806 -9.51057 -3.63241 -7.77931 -8.60245 -2.36431 -8.12274
78.36 -5.03933 -10.0376 -9.33924 -8.73367 -9.34621 -4.04999 -7.61892 -8.85008 -7.12502 -4.90086 -8.81409 -8.65666 -4.26026 -6.42117 -7.08687 -7.92273 -4.97785 -7.98495 -8.54592 -4.43526 -9.28794 -7.53342 -7.58628 -5.18712 -7.97772 -8.46853 -4.45477 -8.07286 -7.32111 -7.66403 -5.19325 -8.01066 -8.51338 -4.57944 -8.35931 -7.31453 -7.08979 -5.37599 -8.04625 -8.52742 -3.30456 -8.19301 -6.50806 -9.51057 -3.63241 -7.77931 -8.60245 -2.36431 -8.12274
78.41 -5.03933 -10.0376 -9.33924 -8.73367 -9.34621 -4.04999 -7.61892 -8.85008 -7.12502 -4.90086 -8.81409 -8.65666 -4.26026 -6.42117 -7.08687 -7.92273 -4.97785 -7.98495 -8.54592 -4.43526 -9.28794 -7.53342 -7.58628 -5.18712 -7.97772 -8.46853 -4.45477 -8.07286 -7.32111 -7.66403 -5.19325 -8.01066 -8.51338 -4.57944 -8.35931 -7.31453 -7.08979 -5.37599 -8.04625 -8.52742 -3.30456 -8.19301 -6.50806 -9.51057 -3.63241 -7.77931 -8.60245 -2.36431 -8.12274
78.46 -5.03933 -10.0376 -9.33924 -8.73367 -9.34621 -4.04999 -7.61892 -8.85008 -7.12502 -4.90086 -8.81409 -8.65666 -4.26026 -6.42117 -7.08687 -7.92273 -4.97785 -7.98495 -8.54592 -4.43526 -9.28794 -7.53342 -7.58628 -5.18712 -7.97772 -8.46853 -4.45477 -8.07286 -7.32111 -7.66403 -5.19325 -8.01066 -8.51338 -4.57944 -8.35931 -7.31453 -7.08979 -5.37599 -8.04625 -8.52742 -3.30456 -8.19301 -6.50806 -9.51057 -3.63241 -7.77931 -8.60245 -2.36431 -8.12274
78.51 -5.03933 -10.0376 -9.33924 -8.73367 -9.34621 -4.04999 -7.61892 -8.85008 -7.12502 -4.90086 -8.81409 -8.65666 -4.26026 -6.42117 -7.08687 -7.92273 -4.97785 -7.98495 -8.54592 -4.43526 -9.28794 -7.53342 -7.58628 -5.18712 -7.97772 -8.46853 -4.45477 -8.07286 -7.32111 -7.66403 -5.19325 -8.01066 -8.51338 -4.57944 -8.35931 -7.31453 -7.08979 -5.37599 -8.04625 -8.52742 -3.30456 -8.19301 -6.50806 -9.51057 -3.63241 -7.77931 -8.60245 -2.36431 -8.12274
78.56 -5.03933 -10.0376 -9.33924 -8.73367 -9.34621 -4.04999 -7.61892 -8.85008 -7.12502 -4.90086 -8.81409 -8.65666 -4.26026 -6.42117 -7.08687 -7.92273 -4.97785 -7.98495 -8.54592 -4.43526 -9.28794 -7.53342 -7.58628 -5.18712 -7.97772 -8.46853 -4.45477 -8.07286 -7.32111 -7.66403 -5.19325 -8.01066 -8.51338 -4.57944 -8.35931 -7.31453 -7.08979 -5.37599 -8.04625 -8.52742 -3.30456 -8.19301 -6.50806 -9.51057 -3.63241 -7.77931 -8.60245 -2.36431 -8.12274
78.61 -5.03933 -10.0376 -9.33924 -8.73367 -9.34621 -4.04999 -7.61892 -8.85008 -7.12502 -4.90086 -8.81409 -8.65666 -4.26026 -6.42117 -7.08687 -7.92273 -4.97785 -7.98495 -8.54592 -4.43526 -9.28794 -7.53342 -7.58628 -5.18712 -7.97772 -8.46853 -4.45477 -8.07286 -7.32111 -7.66403 -5.19325 -8.01066 -8.51338 -4.57944 -8.35931 -7.31453 -7.08979 -5.37599 -8.04625 -8.52742 -3.30456 -8.19301 -6.50806 -9.51057 -3.63241 -7.77931 -8.60245 -2.36431 -8.12274
78.66 -5.03933 -10.0376 -9.33924 -8.73367 -9.34621 -4.04999 -7.61892 -8.85008 -7.12502 -4.90086 -8.81409 -8.65666 -4.26026 -6.42117 -7.08687 -7.92273 -4.97785 -7.98495 -8.54592 -4.43526 -9.28794 -7.53342 -7.58628 -5.18712 -7.97772 -8.46853 -4.45477 -8.07286 -7.32111 -7.66403 -5.19325 -8.01066 -8.51338 -4.57944 -8.35931 -7.31453 -7.08979 -5.37599 -8.04625 -8.52742 -3.30456 -8.19301 -6.50806 -9.51057 -3.63241 -7.77931 -8.60245 -2.36431 -8.12274
78.71 -5.03933 -10.0376 -9.33924 -8.73367 -9.34621 -4.04999 -7.61892 -8.85008 -7.12502 -4.90086 -8.81409 -8.65666 -4.26026 -6.42117 -7.08687 -7.92273 -4.97785 -7.98495 -8.54592 -4.43526 -9.28794 -7.53342 -7.58628 -5.18712 -7.97772 -8.46853 -4.45477 -8.07286 -7.32111 -7.66403 -5.19325 -8.01066 -8.51338 -4.57944 -8.35931 -7.31453 -7.08979 -5.37599 -8.04625 -8.52742 -3.30456 -8.19301 -6.50806 -9.51057 -3.63241 -7.77931 -8.60245 -2.36431 -8.12274
78.76 -5.03933 -10.0376 -9.33924 -8.73367 -9.34621 -4.04999 -7.61892 -8.85008 -7.12502 -4.90086 -8.81409 -8.65666 -4.26026 -6.42117 -7.08687 -7.92273 -4.97785 -7.98495 -8.54592 -4.43526 -9.28794 -7.53342 -7.58628 -5.18712 -7.97772 -8.46853 -4.45477 -8.07286 -7.32111 -7.66403 -5.19325 -8.01066 -8.51338 -4.57944 -8.35931 -7.31453 -7.08979 -5.37599 -8.04625 -8.52742 -3.30456 -8.19301 -6.50806 -9.51057 -3.63241 -7.77931 -8.60245 -2.36431 -8.12274
78.81 -5.03933 -10.0376 -9.33924 -8.73367 -9.34621 -4.04999 -7.61892 -8.85008 -7.12502 -4.90086 -8.81409 -8.65666 -4.26026 -6.42117 -7.08687 -7.92273 -4.97785 -7.98495 -8.54592 -4.43526 -9.28794 -7.53342 -7.58628 -5.18712 -7.97772 -8.46853 -4.45477 -8.07286 -7.32111 -7.66403 -5.19325 -8.01066 -8.51338 -4.57944 -8.35931 -7.31453 -7.08979 -5.37599 -8.04625 -8.52742 -3.30456 -8.19301 -6.50806 -9.51057 -3.63241 -7.77931 -8.60245 -2.36431 -8.12274
78.86 -5.03933 -10.0376 -9.33924 -8.73367 -9.34621 -4.04999 -7.61892 -8.85008 -7.12502 -4.90086 -8.81409 -8.65666 -4.26026 -6.42117 -7.08687 -7.92273 -4.97785 -7.98495 -8.54592 -4.43526 -9.28794 -7.53342 -7.58628 -5.18712 -7.97772 -8.46853 -4.45477 -8.07286 -7.32111 -7.66403 -5.19325 -8.01066 -8.51338 -4.57944 -8.35931 -7.31453 -7.08979 -5.37599 -8.04625 -8.52742 -3.30456 -8.19301 -6.50806 -9.51057 -3.63241 -7.77931 -8.60245 -2.36431 -8.12274
78.91 -5.03933 -10.0376 -9.33924 -8.73367 -9.34621 -4.04999 -7.61892 -8.85008 -7.12502 -4.90086 -8.81409 -8.65666 -4.26026 -6.42117 -7.08687 -7.92273 -4.97785 -7.98495 -8.54592 -4.43526 -9.28794 -7.53342 -7.58628 -5.18712 -7.97772 -8.46853 -4.45477 -8.07286 -7.32111 -7.66403 -5.19325 -8.01066 -8.51338 -4.57944 -8.35931 -7.31453 -7.08979 -5.37599 -8.04625 -8.52742 -3.30456 -8.19301 -6.50806 -9.51057 -3.63241 -7.77931 -8.60245 -2.36431 -8.12274
78.96 -5.03933 -10.0376 -9.33924 -8.73367 -9.34621 -4.04999 -7.61892 -8.85008 -7.12502 -4.90086 -8.81409 -8.65666 -4.26026 -6.42117 -7.08687 -7.92273 -4.97785 -7.98495 -8.54592 -4.43526 -9.28794 -7.53342 -7.58628 -5.18712 -7.97772 -8.46853 -4.45477 -8.07286 -7.32111 -7.66403 -5.19325 -8.01066 -8.51338 -4.57944 -8.35931 -7.31453 -7.08979 -5.37599 -8.04625 -8.52742 -3.30456 -8.19301 -6.50806 -9.51057 -3.63241 -7.77931 -8.60245 -2.36431 -8.12274
79.01 -5.03933 -10.0376 -9.33924 -8.73367 -9.34621 -4.04999 -7.61892 -8.85008 -7.12502 -4.90086 -8.81409 -8.65666 -4.26026 -6.42117 -7.08687 -7.92273 -4.97785 -7.98495 -8.54592 -4.43526 -9.28794 -7.53342 -7.58628 -5.18712 -7.97772 -8.46853 -4.45477 -8.07286 -7.32111 -7.66403 -5.19325 -8.01066 -8.51338 -4.57944 -8.35931 -7.31453 -7.08979 -5.37599 -8.04625 -8.52742 -3.30456 -8.19301 -6.50806 -9.51057 -3.63241 -7.77931 -8.60245 -2.36431 -8.12274
79.06 -5.03933 -10.0376 -9.33924 -8.73367 -9.34621 -4.04999 -7.61892 -8.85008 -7.12502 -4.90086 -8.81409 -8.65666 -4.26026 -6.42117 -7.08687 -7.92273 -4.97785 -7.98495 -8.54592 -4.43526 -9.28794 -7.53342 -7.58628 -5.18712 -7.97772 -8.46853 -4.45477 -8.07286 -7.32111 -7.66403 -5.19325 -8.01066 -8.51338 -4.57944 -8.35931 -7.31453 -7.08979 -5.37599 -8.04625 -8.52742 -3.30456 -8.19301 -6.50806 -9.51057 -3.63241 -7.77931 -8.60245 -2.36431 -8.12274
79.11 -5.03933 -10.0376 -9.33924 -8.73367 -9.34621 -4.04999 -7.61892 -8.85008 -7.12502 -4.90086 -8.81409 -8.65666 -4.26026 -6.42117 -7.08687 -7.92273 -4.97785 -7.98495 -8.54592 -4.43526 -9.28794 -7.53342 -7.58628 -5.18712 -7.97772 -8.46853 -4.45477 -8.07286 -7.32111 -7.66403 -5.19325 -8.01066 -8.51338 -4.57944 -8.35931 -7.31453 -7.08979 -5.37599 -8.04625 -8.52742 -3.30456 -8.19301 -6.50806 -9.51057 -3.63241 -7.77931 -8.60245 -2.36431 -8.12274
79.16 -5.03933 -10.0376 -9.33924 -8.73367 -9.34621 -4.04999 -7.61892 -8.85008 -7.12502 -4.90086 -8.81409 -8.65666 -4.26026 -6.42117 -7.08687 -7.92273 -4.97785 -7.98495 -8.54592 -4.43526 -9.28794 -7.53342 -7.58628 -5.18712 -7.97772 -8.46853 -4.45477 -8.07286 -7.32111 -7.66403 -5.19325 -8.01066 -8.51338 -4.57944 -8.35931 -7.31453 -7.08979 -5.37599 -8.04625 -8.52742 -3.30456 -8.19301 -6.50806 -9.51057 -3.63241 -7.77931 -8.60245 -2.36431 -8.12274
79.21 -5.03933 -10.0376 -9.33924 -8.73367 -9.34621 -4.04999 -7.61892 -8.85008 -7.12502 -4.90086 -8.81409 -8.65666 -4.26026 -6.42117 -7.08687 -7.92273 -4.97785 -7.98495 -8.54592 -4.43526 -9.28794 -7.53342 -7.58628 -5.18712 -7.97772 -8.46853 -4.45477 -8.07286 -7.32111 -7.66403 -5.19325 -8.01066 -8.51338 -4.57944 -8.35931 -7.31453 -7.08979 -5.37599 -8.04625 -8.52742 -3.30456 -8.19301 -6.50806 -9.51057 -3.63241 -7.77931 -8.60245 -2.36431 -8.12274
79.26 -5.03933 -10.0376 -9.33924 -8.73367 -9.34621 -4.04999 -7.61892 -8.85008 -7.12502 -4.90086 -8.81409 -8.65666 -4.26026 -6.42117 -7.08687 -7.92273 -4.97785 -7.98495 -8.54592 -4.43526 -9.28794 -7.53342 -7.58628 -5.18712 -7.97772 -8.46853 -4.45477 -8.07286 -7.32111 -7.66403 -5.19325 -8.01066 -8.51338 -4.57944 -8.35931 -7.31453 -7.08979 -5.37599 -8.04625 -8.52742 -3.30456 -8.19301 -6.50806 -9.51057 -3.63241 -7.77931 -8.60245 -2.36431 -8.12274
79.31 -5.03933 -10.0376 -9.33924 -8.73367 -9.34621 -4.04999 -7.61892 -8.85008 -7.12502 -4.90086 -8.81409 -8.65666 -4.26026 -6.42117 -7.08687 -7.92273 -4.97785 -7.98495 -8.54592 -4.43526 -9.28794 -7.53342 -7.58628 -5.18712 -7.97772 -8.46853 -4.45477 -8.07286 -7.32111 -7.66403 -5.19325 -8.01066 -8.51338 -4.57944 -8.35931 -7.31453 -7.08979 -5.37599 -8.04625 -8.52742 -3.30456 -8.19301 -6.50806 -9.51057 -3.63241 -7.77931 -8.60245 -2.36431 -8.12274
79.36 -5.03933 -10.0376 -9.33924 -8.73367 -9.34621 -4.04999 -7.61892 -8.85008 -7.12502 -4.90086 -8.81409 -8.65666 -4.26026 -6.42117 -7.08687 -7.92273 -4.97785 -7.98495 -8.54592 -4.43526 -9.28794 -7.53342 -7.58628 -5.18712 -7.97772 -8.46853 -4.45477 -8.07286 -7.32111 -7.66403 -5.19325 -8.01066 -8.51338 -4.57944 -8.35931 -7.31453 -7.08979 -5.37599 -8.04625 -8.52742 -3.30456 -8.19301 -6.50806 -9.51057 -3.63241 -7.77931 -8.60245 -2.36431 -8.12274
79.41 -5.03933 -10.0376 -9.33924 -8.73367 -9.34621 -4.04999 -7.61892 -8.85008 -7.12502 -4.90086 -8.81409 -8.65666 -4.26026 -6.42117 -7.08687 -7.92273 -4.97785 -7.98495 -8.54592 -4.43526 -9.28794 -7.53342 -7.58628 -5.18712 -7.97772 -8.46853 -4.45477 -8.07286 -7.32111 -7.66403 -5.19325 -8.01066 -8.51338 -4.57944 -8.35931 -7.31453 -7.08979 -5.37599 -8.04625 -8.52742 -3.30456 -8.19301 -6.50806 -9.51057 -3.63241 -7.77931 -8.60245 -2.36431 -8.12274
79.46 -5.03933 -10.0376 -9.33924 -8.73367 -9.34621 -4.04999 -7.61892 -8.85008 -7.12502 -4.90086 -8.81409 -8.65666 -4.26026 -6.42117 -7.08687 -7.92273 -4.97785 -7.98495 -8.54592 -4.43526 -9.28794 -7.53342 -7.58628 -5.18712 -7.97772 -8.46853 -4.45477 -8.07286 -7.32111 -7.66403 -5.19325 -8.01066 -8.51338 -4.57944 -8.35931 -7.31453 -7.08979 -5.37599 -8.04625 -8.52742 -3.30456 -8.19301 -6.50806 -9.51057 -3.63241 -7.77931 -8.60245 -2.36431 -8.12274
79.51 -5.03933 -10.0376 -9.33924 -8.73367 -9.34621 -4.04999 -7.61892 -8.85008 -7.12502 -4.90086 -8.81409 -8.65666 -4.26026 -6.42117 -7.08687 -7.92273 -4.97785 -7.98495 -8.54592 -4.43526 -9.28794 -7.53342 -7.58628 -5.18712 -7.97772 -8.46853 -4.45477 -8.07286 -7.32111 -7.66403 -5.19325 -8.01066 -8.51338 -4.57944 -8.35931 -7.31453 -7.08979 -5.37599 -8.04625 -8.52742 -3.30456 -8.19301 -6.50806 -9.51057 -3.63241 -7.77931 -8.60245 -2.36431 -8.12274
79.56 -5.03933 -10.0376 -9.33924 -8.73367 -9.34621 -4.04999 -7.61892 -8.85008 -7.12502 -4.90086 -8.81409 -8.65666 -4.26026 -6.42117 -7.08687 -7.92273 -4.97785 -7.98495 -8.54592 -4.43526 -9.28794 -7.53342 -7.58628 -5.18712 -7.97772 -8.46853 -4.45477 -8.07286 -7.32111 -7.66403 -5.19325 -8.01066 -8.51338 -4.57944 -8.35931 -7.31453 -7.08979 -5.37599 -8.04625 -8.52742 -3.30456 -8.19301 -6.50806 -9.51057 -3.63241 -7.77931 -8.60245 -2.36431 -8.12274
79.61 -5.03933 -10.0376 -9.33924 -8.73367 -9.34621 -4.04999 -7.61892 -8.85008 -7.12502 -4.90086 -8.81409 -8.65666 -4.26026 -6.42117 -7.08687 -7.92273 -4.97785 -7.98495 -8.54592 -4.43526 -9.28794 -7.53342 -7.58628 -5.18712 -7.97772 -8.46853 -4.45477 -8.07286 -7.32111 -7.66403 -5.19325 -8.01066 -8.51338 -4.57944 -8.35931 -7.31453 -7.08979 -5.37599 -8.04625 -8.52742 -3.30456 -8.19301 -6.50806 -9.51057 -3.63241 -7.77931 -8.60245 -2.36431 -8.12274
79.66 -5.03933 -10.0376 -9.33924 -8.73367 -9.34621 -4.04999 -7.61892 -8.85008 -7.12502 -4.90086 -8.81409 -8.65666 -4.26026 -6.42117 -7.08687 -7.92273 -4.97785 -7.98495 -8.54592 -4.43526 -9.28794 -7.53342 -7.58628 -5.18712 -7.97772 -8.46853 -4.45477 -8.07286 -7.32111 -7.66403 -5.19325 -8.01066 -8.51338 -4.57944 -8.35931 -7.31453 -7.08979 -5.37599 -8.04625 -8.52742 -3.30456 -8.19301 -6.50806 -9.51057 -3.63241 -7.77931 -8.60245 -2.36431 -8.12274
79.71 -5.03933 -10.0376 -9.33924 -8.73367 -9.34621 -4.04999 -7.61892 -8.85008 -7.12502 -4.90086 -8.81409 -8.65666 -4.26026 -6.42117 -7.08687 -7.92273 -4.97785 -7.98495 -8.54592 -4.43526 -9.28794 -7.53342 -7.58628 -5.18712 -7.97772 -8.46853 -4.45477 -8.07286 -7.32111 -7.66403 -5.19325 -8.01066 -8.51338 -4.57944 -8.35931 -7.31453 -7.08979 -5.37599 -8.04625 -8.52742 -3.30456 -8.19301 -6.50806 -9.51057 -3.63241 -7.77931 -8.60245 -2.36431 -8.12274
79.76 -5.03933 -10.0376 -9.33924 -8.73367 -9.34621 -4.04999 -7.61892 -8.85008 -7.12502 -4.90086 -8.81409 -8.65666 -4.26026 -6.42117 -7.08687 -7.92273 -4.97785 -7.98495 -8.54592 -4.43526 -9.28794 -7.53342 -7.58628 -5.18712 -7.97772 -8.46853 -4.45477 -8.07286 -7.32111 -7.66403 -5.19325 -8.01066 -8.51338 -4.57944 -8.35931 -7.31453 -7.08979 -5.37599 -8.04625 -8.52742 -3.30456 -8.19301 -6.50806 -9.51057 -3.63241 -7.77931 -8.60245 -2.36431 -8.12274
79.81 -5.03933 -10.0376 -9.33924 -8.73367 -9.34621 -4.04999 -7.61892 -8.85008 -7.12502 -4.90086 -8.81409 -8.65666 -4.26026 -6.42117 -7.08687 -7.92273 -4.97785 -7.98495 -8.54592 -4.43526 -9.28794 -7.53342 -7.58628 -5.18712 -7.97772 -8.46853 -4.45477 -8.07286 -7.32111 -7.66403 -5.19325 -8.01066 -8.51338 -4.57944 -8.35931 -7.31453 -7.08979 -5.37599 -8.04625 -8.52742 -3.30456 -8.19301 -6.50806 -9.51057 -3.63241 -7.77931 -8.60245 -2.36431 -8.12274
79.86 -5.03933 -10.0376 -9.33924 -8.73367 -9.34621 -4.04999 -7.61892 -8.85008 -7.12502 -4.90086 -8.81409 -8.65666 -4.26026 -6.42117 -7.08687 -7.92273 -4.97785 -7.98495 -8.54592 -4.43526 -9.28794 -7.53342 -7.58628 -5.18712 -7.97772 -8.46853 -4.45477 -8.07286 -7.32111 -7.66403 -5.19325 -8.01066 -8.51338 -4.57944 -8.35931 -7.31453 -7.08979 -5.37599 -8.04625 -8.52742 -3.30456 -8.19301 -6.50806 -9.51057 -3.63241 -7.77931 -8.60245 -2.36431 -8.12274
79.91 -5.03933 -10.0376 -9.33924 -8.73367 -9.34621 -4.04999 -7.61892 -8.85008 -7.12502 -4.90086 -8.81409 -8.65666 -4.26026 -6.42117 -7.08687 -7.92273 -4.97785 -7.98495 -8.54592 -4.43526 -9.28794 -7.53342 -7.58628 -5.18712 -7.97772 -8.46853 -4.45477 -8.07286 -7.32111 -7.66403 -5.19325 -8.01066 -8.51338 -4.57944 -8.35931 -7.31453 -7.08979 -5.37599 -8.04625 -8.52742 -3.30456 -8.19301 -6.50806 -9.51057 -3.63241 -7.77931 -8.60245 -2.36431 -8.12274
79.96 -5.03933 -10.0376 -9.33924 -8.73367 -9.34621 -4.04999 -7.61892 -8.85008 -7.12502 -4.90086 -8.81409 -8.65666 -4.26026 -6.42117 -7.08687 -7.92273 -4.97785 -7.98495 -8.54592 -4.43526 -9.28794 -7.53342 -7.58628 -5.18712 -7.97772 -8.46853 -4.45477 -8.07286 -7.32111 -7.66403 -5.19325 -8.01066 -8.51338 -4.57944 -8.35931 -7.31453 -7.08979 -5.37599 -8.04625 -8.52742 -3.30456 -8.19301 -6.50806 -9.51057 -3.63241 -7.77931 -8.60245 -2.36431 -8.12274
80.01 -5.03933 -10.0376 -9.33924 -8.73367 -9.34621 -4.04999 -7.61892 -8.85008 -7.12502 -4.90086 -8.81409 -8.65666 -4.26026 -6.42117 -7.08687 -7.92273 -4.97785 -7.98495 -8.54592 -4.43526 -9.28794 -7.53342 -7.58628 -5.18712 -7.97772 -8.46853 -4.45477 -8.07286 -7.32111 -7.66403 -5.19325 -8.01066 -8.51338 -4.57944 -8.35931 -7.31453 -7.08979 -5.37599 -8.04625 -8.52742 -3.30456 -8.19301 -6.50806 -9.51057 -3.63241 -7.77931 -8.60245 -2.36431 -8.12274
80.06 -5.03933 -10.0376 -9.33924 -8.73367 -9.34621 -4.04999 -7.61892 -8.85008 -7.12502 -4.90086 -8.81409 -8.65666 -4.26026 -6.42117 -7.08687 -7.92273 -4.97785 -7.98495 -8.54592 -4.43526 -9.28794 -7.53342 -7.58628 -5.18712 -7.97772 -8.46853 -4.45477 -8.07286 -7.32111 -7.66403 -5.19325 -8.01066 -8.51338 -4.57944 -8.35931 -7.31453 -7.08979 -5.37599 -8.04625 -8.52742 -3.30456 -8.19301 -6.50806 -9.51057 -3.63241 -7.77931 -8.60245 -2.36431 -8.12274
80.11 -5.03933 -10.0376 -9.33924 -8.73367 -9.34621 -4.04999 -7.61892 -8.85008 -7.12502 -4.90086 -8.81409 -8.65666 -4.26026 -6.42117 -7.08687 -7.92273 -4.97785 -7.98495 -8.54592 -4.43526 -9.28794 -7.53342 -7.58628 -5.18712 -7.97772 -8.46853 -4.45477 -8.07286 -7.32111 -7.66403 -5.19325 -8.01066 -8.51338 -4.57944 -8.35931 -7.31453 -7.08979 -5.37599 -8.04625 -8.52742 -3.30456 -8.19301 -6.50806 -9.51057 -3.63241 -7.77931 -8.60245 -2.36431 -8.12274
80.16 -5.03933 -10.0376 -9.33924 -8.73367 -9.34621 -4.04999 -7.61892 -8.85008 -7.12502 -4.90086 -8.81409 -8.65666 -4.26026 -6.42117 -7.08687 -7.92273 -4.97785 -7.98495 -8.54592 -4.43526 -9.28794 -7.53342 -7.58628 -5.18712 -7.97772 -8.46853 -4.45477 -8.07286 -7.32111 -7.66403 -5.19325 -8.01066 -8.51338 -4.57944 -8.35931 -7.31453 -7.08979 -5.37599 -8.04625 -8.52742 -3.30456 -8.19301 -6.50806 -9.51057 -3.63241 -7.77931 -8.60245 -2.36431 -8.12274
80.21 -5.03933 -10.0376 -9.33924 -8.73367 -9.34621 -4.04999 -7.61892 -8.85008 -7.12502 -4.90086 -8.81409 -8.65666 -4.26026 -6.42117 -7.08687 -7.92273 -4.97785 -7.98495 -8.54592 -4.43526 -9.28794 -7.53342 -7.58628 -5.18712 -7.97772 -8.46853 -4.45477 -8.07286 -7.32111 -7.66403 -5.19325 -8.01066 -8.51338 -4.57944 -8.35931 -7.31453 -7.08979 -5.37599 -8.04625 -8.52742 -3.30456 -8.19301 -6.50806 -9.51057 -3.63241 -7.77931 -8.60245 -2.36431 -8.12274
80.26 -5.03933 -10.0376 -9.33924 -8.73367 -9.34621 -4.04999 -7.61892 -8.85008 -7.12502 -4.90086 -8.81409 -8.65666 -4.26026 -6.42117 -7.08687 -7.92273 -4.97785 -7.98495 -8.54592 -4.43526 -9.28794 -7.53342 -7.58628 -5.18712 -7.97772 -8.46853 -4.45477 -8.07286 -7.32111 -7.66403 -5.19325 -8.01066 -8.51338 -4.57944 -8.35931 -7.31453 -7.08979 -5.37599 -8.04625 -8.52742 -3.30456 -8.19301 -6.50806 -9.51057 -3.63241 -7.77931 -8.60245 -2.36431 -8.12274
80.31 -5.03933 -10.0376 -9.33924 -8.73367 -9.34621 -4.04999 -7.61892 -8.85008 -7.12502 -4.90086 -8.81409 -8.65666 -4.26026 -6.42117 -7.08687 -7.92273 -4.97785 -7.98495 -8.54592 -4.43526 -9.28794 -7.53342 -7.58628 -5.18712 -7.97772 -8.46853 -4.45477 -8.07286 -7.32111 -7.66403 -5.19325 -8.01066 -8.51338 -4.57944 -8.35931 -7.31453 -7.08979 -5.37599 -8.04625 -8.52742 -3.30456 -8.19301 -6.50806 -9.51057 -3.63241 -7.77931 -8.60245 -2.36431 -8.12274
80.36 -5.03933 -10.0376 -9.33924 -8.73367 -9.34621 -4.04999 -7.61892 -8.85008 -7.12502 -4.90086 -8.81409 -8.65666 -4.26026 -6.42117 -7.08687 -7.92273 -4.97785 -7.98495 -8.54592 -4.43526 -9.28794 -7.53342 -7.58628 -5.18712 -7.97772 -8.46853 -4.45477 -8.07286 -7.32111 -7.66403 -5.19325 -8.01066 -8.51338 -4.57944 -8.35931 -7.31453 -7.08979 -5.37599 -8.04625 -8.52742 -3.30456 -8.19301 -6.50806 -9.51057 -3.63241 -7.77931 -8.60245 -2.36431 -8.12274
80.41 -5.03933 -10.0376 -9.33924 -8.73367 -9.34621 -4.04999 -7.61892 -8.85008 -7.12502 -4.90086 -8.81409 -8.65666 -4.26026 -6.42117 -7.08687 -7.92273 -4.97785 -7.98495 -8.54592 -4.43526 -9.28794 -7.53342 -7.58628 -5.18712 -7.97772 -8.46853 -4.45477 -8.07286 -7.32111 -7.66403 -5.19325 -8.01066 -8.51338 -4.57944 -8.35931 -7.31453 -7.08979 -5.37599 -8.04625 -8.52742 -3.30456 -8.19301 -6.50806 -9.51057 -3.63241 -7.77931 -8.60245 -2.36431 -8.12274
80.46 -5.03933 -10.0376 -9.33924 -8.73367 -9.34621 -4.04999 -7.61892 -8.85008 -7.12502 -4.90086 -8.81409 -8.65666 -4.26026 -6.42117 -7.08687 -7.92273 -4.97785 -7.98495 -8.54592 -4.43526 -9.28794 -7.53342 -7.58628 -5.18712 -7.97772 -8.46853 -4.45477 -8.07286 -7.32111 -7.66403 -5.19325 -8.01066 -8.51338 -4.57944 -8.35931 -7.31453 -7.08979 -5.37599 -8.04625 -8.52742 -3.30456 -8.19301 -6.50806 -9.51057 -3.63241 -7.77931 -8.60245 -2.36431 -8.12274
80.51 -5.03933 -10.0376 -9.33924 -8.73367 -9.34621 -4.04999 -7.61892 -8.85008 -7.12502 -4.90086 -8.81409 -8.65666 -4.26026 -6.42117 -7.08687 -7.92273 -4.97785 -7.98495 -8.54592 -4.43526 -9.28794 -7.53342 -7.58628 -5.18712 -7.97772 -8.46853 -4.45477 -8.07286 -7.32111 -7.66403 -5.19325 -8.01066 -8.51338 -4.57944 -8.35931 -7.31453 -7.08979 -5.37599 -8.04625 -8.52742 -3.30456 -8.19301 -6.50806 -9.51057 -3.63241 -7.77931 -8.60245 -2.36431 -8.12274
80.56 -5.03933 -10.0376 -9.33924 -8.73367 -9.34621 -4.04999 -7.61892 -8.85008 -7.12502 -4.90086 -8.81409 -8.65666 -4.26026 -6.42117 -7.08687 -7.92273 -4.97785 -7.98495 -8.54592 -4.43526 -9.28794 -7.53342 -7.58628 -5.18712 -7.97772 -8.46853 -4.45477 -8.07286 -7.32111 -7.66403 -5.19325 -8.01066 -8.51338 -4.57944 -8.35931 -7.31453 -7.08979 -5.37599 -8.04625 -8.52742 -3.30456 -8.19301 -6.50806 -9.51057 -3.63241 -7.77931 -8.60245 -2.36431 -8.12274
80.61 -5.03933 -10.0376 -9.33924 -8.73367 -9.34621 -4.04999 -7.61892 -8.85008 -7.12502 -4.90086 -8.81409 -8.65666 -4.26026 -6.42117 -7.08687 -7.92273 -4.97785 -7.98495 -8.54592 -4.43526 -9.28794 -7.53342 -7.58628 -5.18712 -7.97772 -8.46853 -4.45477 -8.07286 -7.32111 -7.66403 -5.19325 -8.01066 -8.51338 -4.57944 -8.35931 -7.31453 -7.08979 -5.37599 -8.04625 -8.52742 -3.30456 -8.19301 -6.50806 -9.51057 -3.63241 -7.77931 -8.60245 -2.36431 -8.12274
80.66 -5.03933 -10.0376 -9.33924 -8.73367 -9.34621 -4.04999 -7.61892 -8.85008 -7.12502 -4.90086 -8.81409 -8.65666 -4.26026 -6.42117 -7.08687 -7.92273 -4.97785 -7.98495 -8.54592 -4.43526 -9.28794 -7.53342 -7.58628 -5.18712 -7.97772 -8.46853 -4.45477 -8.07286 -7.32111 -7.66403 -5.19325 -8.01066 -8.51338 -4.57944 -8.35931 -7.31453 -7.08979 -5.37599 -8.04625 -8.52742 -3.30456 -8.19301 -6.50806 -9.51057 -3.63241 -7.77931 -8.60245 -2.36431 -8.12274
80.71 -5.03933 -10.0376 -9.33924 -8.73367 -9.34621 -4.04999 -7.61892 -8.85008 -7.12502 -4.90086 -8.81409 -8.65666 -4.26026 -6.42117 -7.08687 -7.92273 -4.97785 -7.98495 -8.54592 -4.43526 -9.28794 -7.53342 -7.58628 -5.18712 -7.97772 -8.46853 -4.45477 -8.07286 -7.32111 -7.66403 -5.19325 -8.01066 -8.51338 -4.57944 -8.35931 -7.31453 -7.08979 -5.37599 -8.04625 -8.52742 -3.30456 -8.19301 -6.50806 -9.51057 -3.63241 -7.77931 -8.60245 -2.36431 -8.12274
80.76 -5.03933 -10.0376 -9.33924 -8.73367 -9.34621 -4.04999 -7.61892 -8.85008 -7.12502 -4.90086 -8.81409 -8.65666 -4.26026 -6.42117 -7.08687 -7.92273 -4.97785 -7.98495 -8.54592 -4.43526 -9.28794 -7.53342 -7.58628 -5.18712 -7.97772 -8.46853 -4.45477 -8.07286 -7.32111 -7.66403 -5.19325 -8.01066 -8.51338 -4.57944 -8.35931 -7.31453 -7.08979 -5.37599 -8.04625 -8.52742 -3.30456 -8.19301 -6.50806 -9.51057 -3.63241 -7.77931 -8.60245 -2.36431 -8.12274
80.81 -5.03933 -10.0376 -9.33924 -8.73367 -9.34621 -4.04999 -7.61892 -8.85008 -7.12502 -4.90086 -8.81409 -8.65666 -4.26026 -6.42117 -7.08687 -7.92273 -4.97785 -7.98495 -8.54592 -4.43526 -9.28794 -7.53342 -7.58628 -5.18712 -7.97772 -8.46853 -4.45477 -8.07286 -7.32111 -7.66403 -5.19325 -8.01066 -8.51338 -4.57944 -8.35931 -7.31453 -7.08979 -5.37599 -8.04625 -8.52742 -3.30456 -8.19301 -6.50806 -9.51057 -3.63241 -7.77931 -8.60245 -2.36431 -8.12274
80.86 -5.03933 -10.0376 -9.33924 -8.73367 -9.34621 -4.04999 -7.61892 -8.85008 -7.12502 -4.90086 -8.81409 -8.65666 -4.26026 -6.42117 -7.08687 -7.92273 -4.97785 -7.98495 -8.54592 -4.43526 -9.28794 -7.53342 -7.58628 -5.18712 -7.97772 -8.46853 -4.45477 -8.07286 -7.32111 -7.66403 -5.19325 -8.01066 -8.51338 -4.57944 -8.35931 -7.31453 -7.08979 -5.37599 -8.04625 -8.52742 -3.30456 -8.19301 -6.50806 -9.51057 -3.63241 -7.77931 -8.60245 -2.36431 -8.12274
80.91 -5.03933 -10.0376 -9.33924 -8.73367 -9.34621 -4.04999 -7.61892 -8.85008 -7.12502 -4.90086 -8.81409 -8.65666 -4.26026 -6.42117 -7.08687 -7.92273 -4.97785 -7.98495 -8.54592 -4.43526 -9.28794 -7.53342 -7.58628 -5.18712 -7.97772 -8.46853 -4.45477 -8.07286 -7.32111 -7.66403 -5.19325 -8.01066 -8.51338 -4.57944 -8.35931 -7.31453 -7.08979 -5.37599 -8.04625 -8.52742 -3.30456 -8.19301 -6.50806 -9.51057 -3.63241 -7.77931 -8.60245 -2.36431 -8.12274
80.96 -5.03933 -10.0376 -9.33924 -8.73367 -9.34621 -4.04999 -7.61892 -8.85008 -7.12502 -4.90086 -8.81409 -8.65666 -4.26026 -6.42117 -7.08687 -7.92273 -4.97785 -7.98495 -8.54592 -4.43526 -9.28794 -7.53342 -7.58628 -5.18712 -7.97772 -8.46853 -4.45477 -8.07286 -7.32111 -7.66403 -5.19325 -8.01066 -8.51338 -4.57944 -8.35931 -7.31453 -7.08979 -5.37599 -8.04625 -8.52742 -3.30456 -8.19301 -6.50806 -9.51057 -3.63241 -7.77931 -8.60245 -2.36431 -8.12274
81.01 -5.03933 -10.0376 -9.33924 -8.73367 -9.34621 -4.04999 -7.61892 -8.85008 -7.12502 -4.90086 -8.81409 -8.65666 -4.26026 -6.42117 -7.08687 -7.92273 -4.97785 -7.98495 -8.54592 -4.43526 -9.28794 -7.53342 -7.58628 -5.18712 -7.97772 -8.46853 -4.45477 -8.07286 -7.32111 -7.66403 -5.19325 -8.01066 -8.51338 -4.57944 -8.35931 -7.31453 -7.08979 -5.37599 -8.04625 -8.52742 -3.30456 -8.19301 -6.50806 -9.51057 -3.63241 -7.77931 -8.60245 -2.36431 -8.12274
81.06 -5.03933 -10.0376 -9.33924 -8.73367 -9.34621 -4.04999 -7.61892 -8.85008 -7.12502 -4.90086 -8.81409 -8.65666 -4.26026 -6.42117 -7.08687 -7.92273 -4.97785 -7.98495 -8.54592 -4.43526 -9.28794 -7.53342 -7.58628 -5.18712 -7.97772 -8.46853 -4.45477 -8.07286 -7.32111 -7.66403 -5.19325 -8.01066 -8.51338 -4.57944 -8.35931 -7.31453 -7.08979 -5.37599 -8.04625 -8.52742 -3.30456 -8.19301 -6.50806 -9.51057 -3.63241 -7.77931 -8.60245 -2.36431 -8.12274
81.11 -5.03933 -10.0376 -9.33924 -8.73367 -9.34621 -4.04999 -7.61892 -8.85008 -7.12502 -4.90086 -8.81409 -8.65666 -4.26026 -6.42117 -7.08687 -7.92273 -4.97785 -7.98495 -8.54592 -4.43526 -9.28794 -7.53342 -7.58628 -5.18712 -7.97772 -8.46853 -4.45477 -8.07286 -7.32111 -7.66403 -5.19325 -8.01066 -8.51338 -4.57944 -8.35931 -7.31453 -7.08979 -5.37599 -8.04625 -8.52742 -3.30456 -8.19301 -6.50806 -9.51057 -3.63241 -7.77931 -8.60245 -2.36431 -8.12274
81.16 -5.03933 -10.0376 -9.33924 -8.73367 -9.34621 -4.04999 -7.61892 -8.85008 -7.12502 -4.90086 -8.81409 -8.65666 -4.26026 -6.42117 -7.08687 -7.92273 -4.97785 -7.98495 -8.54592 -4.43526 -9.28794 -7.53342 -7.58628 -5.18712 -7.97772 -8.46853 -4.45477 -8.07286 -7.32111 -7.66403 -5.19325 -8.01066 -8.51338 -4.57944 -8.35931 -7.31453 -7.08979 -5.37599 -8.04625 -8.52742 -3.30456 -8.19301 -6.50806 -9.51057 -3.63241 -7.77931 -8.60245 -2.36431 -8.12274
81.21 -5.03933 -10.0376 -9.33924 -8.73367 -9.34621 -4.04999 -7.61892 -8.85008 -7.12502 -4.90086 -8.81409 -8.65666 -4.26026 -6.42117 -7.08687 -7.92273 -4.97785 -7.98495 -8.54592 -4.43526 -9.28794 -7.53342 -7.58628 -5.18712 -7.97772 -8.46853 -4.45477 -8.07286 -7.32111 -7.66403 -5.19325 -8.01066 -8.51338 -4.57944 -8.35931 -7.31453 -7.08979 -5.37599 -8.04625 -8.52742 -3.30456 -8.19301 -6.50806 -9.51057 -3.63241 -7.77931 -8.60245 -2.36431 -8.12274
81.26 -5.03933 -10.0376 -9.33924 -8.73367 -9.34621 -4.04999 -7.61892 -8.85008 -7.12502 -4.90086 -8.81409 -8.65666 -4.26026 -6.42117 -7.08687 -7.92273 -4.97785 -7.98495 -8.54592 -4.43526 -9.28794 -7.53342 -7.58628 -5.18712 -7.97772 -8.46853 -4.45477 -8.07286 -7.32111 -7.66403 -5.19325 -8.01066 -8.51338 -4.57944 -8.35931 -7.31453 -7.08979 -5.37599 -8.04625 -8.52742 -3.30456 -8.19301 -6.50806 -9.51057 -3.63241 -7.77931 -8.60245 -2.36431 -8.12274
81.31 -5.03933 -10.0376 -9.33924 -8.73367 -9.34621 -4.04999 -7.61892 -8.85008 -7.12502 -4.90086 -8.81409 -8.65666 -4.26026 -6.42117 -7.08687 -7.92273 -4.97785 -7.98495 -8.54592 -4.43526 -9.28794 -7.53342 -7.58628 -5.18712 -7.97772 -8.46853 -4.45477 -8.07286 -7.32111 -7.66403 -5.19325 -8.01066 -8.51338 -4.57944 -8.35931 -7.31453 -7.08979 -5.37599 -8.04625 -8.52742 -3.30456 -8.19301 -6.50806 -9.51057 -3.63241 -7.77931 -8.60245 -2.36431 -8.12274
81.36 -5.03933 -10.0376 -9.33924 -8.73367 -9.34621 -4.04999 -7.61892 -8.85008 -7.12502 -4.90086 -8.81409 -8.65666 -4.26026 -6.42117 -7.08687 -7.92273 -4.97785 -7.98495 -8.54592 -4.43526 -9.28794 -7.53342 -7.58628 -5.18712 -7.97772 -8.46853 -4.45477 -8.07286 -7.32111 -7.66403 -5.19325 -8.01066 -8.51338 -4.57944 -8.35931 -7.31453 -7.08979 -5.37599 -8.04625 -8.52742 -3.30456 -8.19301 -6.50806 -9.51057 -3.63241 -7.77931 -8.60245 -2.36431 -8.12274
81.41 -5.03933 -10.0376 -9.33924 -8.73367 -9.34621 -4.04999 -7.61892 -8.85008 -7.12502 -4.90086 -8.81409 -8.65666 -4.26026 -6.42117 -7.08687 -7.92273 -4.97785 -7.98495 -8.54592 -4.43526 -9.28794 -7.53342 -7.58628 -5.18712 -7.97772 -8.46853 -4.45477 -8.07286 -7.32111 -7.66403 -5.19325 -8.01066 -8.51338 -4.57944 -8.35931 -7.31453 -7.08979 -5.37599 -8.04625 -8.52742 -3.30456 -8.19301 -6.50806 -9.51057 -3.63241 -7.77931 -8.60245 -2.36431 -8.12274
81.46 -5.03933 -10.0376 -9.33924 -8.73367 -9.34621 -4.04999 -7.61892 -8.85008 -7.12502 -4.90086 -8.81409 -8.65666 -4.26026 -6.42117 -7.08687 -7.92273 -4.97785 -7.98495 -8.54592 -4.43526 -9.28794 -7.53342 -7.58628 -5.18712 -7.97772 -8.46853 -4.45477 -8.07286 -7.32111 -7.66403 -5.19325 -8.01066 -8.51338 -4.57944 -8.35931 -7.31453 -7.08979 -5.37599 -8.04625 -8.52742 -3.30456 -8.19301 -6.50806 -9.51057 -3.63241 -7.77931 -8.60245 -2.36431 -8.12274
81.51 -5.03933 -10.0376 -9.33924 -8.73367 -9.34621 -4.04999 -7.61892 -8.85008 -7.12502 -4.90086 -8.81409 -8.65666 -4.26026 -6.42117 -7.08687 -7.92273 -4.97785 -7.98495 -8.54592 -4.43526 -9.28794 -7.53342 -7.58628 -5.18712 -7.97772 -8.46853 -4.45477 -8.07286 -7.32111 -7.66403 -5.19325 -8.01066 -8.51338 -4.57944 -8.35931 -7.31453 -7.08979 -5.37599 -8.04625 -8.52742 -3.30456 -8.19301 -6.50806 -9.51057 -3.63241 -7.77931 -8.60245 -2.36431 -8.12274
81.56 -5.03933 -10.0376 -9.33924 -8.73367 -9.34621 -4.04999 -7.61892 -8.85008 -7.12502 -4.90086 -8.81409 -8.65666 -4.26026 -6.42117 -7.08687 -7.92273 -4.97785 -7.98495 -8.54592 -4.43526 -9.28794 -7.53342 -7.58628 -5.18712 -7.97772 -8.46853 -4.45477 -8.07286 -7.32111 -7.66403 -5.19325 -8.01066 -8.51338 -4.57944 -8.35931 -7.31453 -7.08979 -5.37599 -8.04625 -8.52742 -3.30456 -8.19301 -6.50806 -9.51057 -3.63241 -7.77931 -8.60245 -2.36431 -8.12274
81.61 -5.03933 -10.0376 -9.33924 -8.73367 -9.34621 -4.04999 -7.61892 -8.85008 -7.12502 -4.90086 -8.81409 -8.65666 -4.26026 -6.42117 -7.08687 -7.92273 -4.97785 -7.98495 -8.54592 -4.43526 -9.28794 -7.53342 -7.58628 -5.18712 -7.97772 -8.46853 -4.45477 -8.07286 -7.32111 -7.66403 -5.19325 -8.01066 -8.51338 -4.57944 -8.35931 -7.31453 -7.08979 -5.37599 -8.04625 -8.52742 -3.30456 -8.19301 -6.50806 -9.51057 -3.63241 -7.77931 -8.60245 -2.36431 -8.12274
81.66 -5.03933 -10.0376 -9.33924 -8.73367 -9.34621 -4.04999 -7.61892 -8.85008 -7.12502 -4.90086 -8.81409 -8.65666 -4.26026 -6.42117 -7.08687 -7.92273 -4.97785 -7.98495 -8.54592 -4.43526 -9.28794 -7.53342 -7.58628 -5.18712 -7.97772 -8.46853 -4.45477 -8.07286 -7.32111 -7.66403 -5.19325 -8.01066 -8.51338 -4.57944 -8.35931 -7.31453 -7.08979 -5.37599 -8.04625 -8.52742 -3.30456 -8.19301 -6.50806 -9.51057 -3.63241 -7.77931 -8.60245 -2.36431 -8.12274
81.71 -5.03933 -10.0376 -9.33924 -8.73367 -9.34621 -4.04999 -7.61892 -8.85008 -7.12502 -4.90086 -8.81409 -8.65666 -4.26026 -6.42117 -7.08687 -7.92273 -4.97785 -7.98495 -8.54592 -4.43526 -9.28794 -7.53342 -7.58628 -5.18712 -7.97772 -8.46853 -4.45477 -8.07286 -7.32111 -7.66403 -5.19325 -8.01066 -8.51338 -4.57944 -8.35931 -7.31453 -7.08979 -5.37599 -8.04625 -8.52742 -3.30456 -8.19301 -6.50806 -9.51057 -3.63241 -7.77931 -8.60245 -2.36431 -8.12274
81.76 -5.03933 -10.0376 -9.33924 -8.73367 -9.34621 -4.04999 -7.61892 -8.85008 -7.12502 -4.90086 -8.81409 -8.65666 -4.26026 -6.42117 -7.08687 -7.92273 -4.97785 -7.98495 -8.54592 -4.43526 -9.28794 -7.53342 -7.58628 -5.18712 -7.97772 -8.46853 -4.45477 -8.07286 -7.32111 -7.66403 -5.19325 -8.01066 -8.51338 -4.57944 -8.35931 -7.31453 -7.08979 -5.37599 -8.04625 -8.52742 -3.30456 -8.19301 -6.50806 -9.51057 -3.63241 -7.77931 -8.60245 -2.36431 -8.12274
81.81 -5.03933 -10.0376 -9.33924 -8.73367 -9.34621 -4.04999 -7.61892 -8.85008 -7.12502 -4.90086 -8.81409 -8.65666 -4.26026 -6.42117 -7.08687 -7.92273 -4.97785 -7.98495 -8.54592 -4.43526 -9.28794 -7.53342 -7.58628 -5.18712 -7.97772 -8.46853 -4.45477 -8.07286 -7.32111 -7.66403 -5.19325 -8.01066 -8.51338 -4.57944 -8.35931 -7.31453 -7.08979 -5.37599 -8.04625 -8.52742 -3.30456 -8.19301 -6.50806 -9.51057 -3.63241 -7.77931 -8.60245 -2.36431 -8.12274
81.86 -5.03933 -10.0376 -9.33924 -8.73367 -9.34621 -4.04999 -7.61892 -8.85008 -7.12502 -4.90086 -8.81409 -8.65666 -4.26026 -6.42117 -7.08687 -7.92273 -4.97785 -7.98495 -8.54592 -4.43526 -9.28794 -7.53342 -7.58628 -5.18712 -7.97772 -8.46853 -4.45477 -8.07286 -7.32111 -7.66403 -5.19325 -8.01066 -8.51338 -4.57944 -8.35931 -7.31453 -7.08979 -5.37599 -8.04625 -8.52742 -3.30456 -8.19301 -6.50806 -9.51057 -3.63241 -7.77931 -8.60245 -2.36431 -8.12274
81.91 -5.03933 -10.0376 -9.33924 -8.73367 -9.34621 -4.04999 -7.61892 -8.85008 -7.12502 -4.90086 -8.81409 -8.65666 -4.26026 -6.42117 -7.08687 -7.92273 -4.97785 -7.98495 -8.54592 -4.43526 -9.28794 -7.53342 -7.58628 -5.18712 -7.97772 -8.46853 -4.45477 -8.07286 -7.32111 -7.66403 -5.19325 -8.01066 -8.51338 -4.57944 -8.35931 -7.31453 -7.08979 -5.37599 -8.04625 -8.52742 -3.30456 -8.19301 -6.50806 -9.51057 -3.63241 -7.77931 -8.60245 -2.36431 -8.12274
81.96 -5.03933 -10.0376 -9.33924 -8.73367 -9.34621 -4.04999 -7.61892 -8.85008 -7.12502 -4.90086 -8.81409 -8.65666 -4.26026 -6.42117 -7.08687 -7.92273 -4.97785 -7.98495 -8.54592 -4.43526 -9.28794 -7.53342 -7.58628 -5.18712 -7.97772 -8.46853 -4.45477 -8.07286 -7.32111 -7.66403 -5.19325 -8.01066 -8.51338 -4.57944 -8.35931 -7.31453 -7.08979 -5.37599 -8.04625 -8.52742 -3.30456 -8.19301 -6.50806 -9.51057 -3.63241 -7.77931 -8.60245 -2.36431 -8.12274
82.01 -5.03933 -10.0376 -9.33924 -8.73367 -9.34621 -4.04999 -7.61892 -8.85008 -7.12502 -4.90086 -8.81409 -8.65666 -4.26026 -6.42117 -7.08687 -7.92273 -4.97785 -7.98495 -8.54592 -4.43526 -9.28794 -7.53342 -7.58628 -5.18712 -7.97772 -8.46853 -4.45477 -8.07286 -7.32111 -7.66403 -5.19325 -8.01066 -8.51338 -4.57944 -8.35931 -7.31453 -7.08979 -5.37599 -8.04625 -8.52742 -3.30456 -8.19301 -6.50806 -9.51057 -3.63241 -7.77931 -8.60245 -2.36431 -8.12274
82.06 -5.03933 -10.0376 -9.33924 -8.73367 -9.34621 -4.04999 -7.61892 -8.85008 -7.12502 -4.90086 -8.81409 -8.65666 -4.26026 -6.42117 -7.08687 -7.92273 -4.97785 -7.98495 -8.54592 -4.43526 -9.28794 -7.53342 -7.58628 -5.18712 -7.97772 -8.46853 -4.45477 -8.07286 -7.32111 -7.66403 -5.19325 -8.01066 -8.51338 -4.57944 -8.35931 -7.31453 -7.08979 -5.37599 -8.04625 -8.52742 -3.30456 -8.19301 -6.50806 -9.51057 -3.63241 -7.77931 -8.60245 -2.36431 -8.12274
82.11 -5.03933 -10.0376 -9.33924 -8.73367 -9.34621 -4.04999 -7.61892 -8.85008 -7.12502 -4.90086 -8.81409 -8.65666 -4.26026 -6.42117 -7.08687 -7.92273 -4.97785 -7.98495 -8.54592 -4.43526 -9.28794 -7.53342 -7.58628 -5.18712 -7.97772 -8.46853 -4.45477 -8.07286 -7.32111 -7.66403 -5.19325 -8.01066 -8.51338 -4.57944 -8.35931 -7.31453 -7.08979 -5.37599 -8.04625 -8.52742 -3.30456 -8.19301 -6.50806 -9.51057 -3.63241 -7.77931 -8.60245 -2.36431 -8.12274
82.16 -5.03933 -10.0376 -9.33924 -8.73367 -9.34621 -4.04999 -7.61892 -8.85008 -7.12502 -4.90086 -8.81409 -8.65666 -4.26026 -6.42117 -7.08687 -7.92273 -4.97785 -7.98495 -8.54592 -4.43526 -9.28794 -7.53342 -7.58628 -5.18712 -7.97772 -8.46853 -4.45477 -8.07286 -7.32111 -7.66403 -5.19325 -8.01066 -8.51338 -4.57944 -8.35931 -7.31453 -7.08979 -5.37599 -8.04625 -8.52742 -3.30456 -8.19301 -6.50806 -9.51057 -3.63241 -7.77931 -8.60245 -2.36431 -8.12274
82.21 -5.03933 -10.0376 -9.33924 -8.73367 -9.34621 -4.04999 -7.61892 -8.85008 -7.12502 -4.90086 -8.81409 -8.65666 -4.26026 -6.42117 -7.08687 -7.92273 -4.97785 -7.98495 -8.54592 -4.43526 -9.28794 -7.53342 -7.58628 -5.18712 -7.97772 -8.46853 -4.45477 -8.07286 -7.32111 -7.66403 -5.19325 -8.01066 -8.51338 -4.57944 -8.35931 -7.31453 -7.08979 -5.37599 -8.04625 -8.52742 -3.30456 -8.19301 -6.50806 -9.51057 -3.63241 -7.77931 -8.60245 -2.36431 -8.12274
82.26 -5.03933 -10.0376 -9.33924 -8.73367 -9.34621 -4.04999 -7.61892 -8.85008 -7.12502 -4.90086 -8.81409 -8.65666 -4.26026 -6.42117 -7.08687 -7.92273 -4.97785 -7.98495 -8.54592 -4.43526 -9.28794 -7.53342 -7.58628 -5.18712 -7.97772 -8.46853 -4.45477 -8.07286 -7.32111 -7.66403 -5.19325 -8.01066 -8.51338 -4.57944 -8.35931 -7.31453 -7.08979 -5.37599 -8.04625 -8.52742 -3.30456 -8.19301 -6.50806 -9.51057 -3.63241 -7.77931 -8.60245 -2.36431 -8.12274
82.31 -5.03933 -10.0376 -9.33924 -8.73367 -9.34621 -4.04999 -7.61892 -8.85008 -7.12502 -4.90086 -8.81409 -8.65666 -4.26026 -6.42117 -7.08687 -7.92273 -4.97785 -7.98495 -8.54592 -4.43526 -9.28794 -7.53342 -7.58628 -5.18712 -7.97772 -8.46853 -4.45477 -8.07286 -7.32111 -7.66403 -5.19325 -8.01066 -8.51338 -4.57944 -8.35931 -7.31453 -7.08979 -5.37599 -8.04625 -8.52742 -3.30456 -8.19301 -6.50806 -9.51057 -3.63241 -7.77931 -8.60245 -2.36431 -8.12274
82.36 -5.03933 -10.0376 -9.33924 -8.73367 -9.34621 -4.04999 -7.61892 -8.85008 -7.12502 -4.90086 -8.81409 -8.65666 -4.26026 -6.42117 -7.08687 -7.92273 -4.97785 -7.98495 -8.54592 -4.43526 -9.28794 -7.53342 -7.58628 -5.18712 -7.97772 -8.46853 -4.45477 -8.07286 -7.32111 -7.66403 -5.19325 -8.01066 -8.51338 -4.57944 -8.35931 -7.31453 -7.08979 -5.37599 -8.04625 -8.52742 -3.30456 -8.19301 -6.50806 -9.51057 -3.63241 -7.77931 -8.60245 -2.36431 -8.12274
82.41 -5.03933 -10.0376 -9.33924 -8.73367 -9.34621 -4.04999 -7.61892 -8.85008 -7.12502 -4.90086 -8.81409 -8.65666 -4.26026 -6.42117 -7.08687 -7.92273 -4.97785 -7.98495 -8.54592 -4.43526 -9.28794 -7.53342 -7.58628 -5.18712 -7.97772 -8.46853 -4.45477 -8.07286 -7.32111 -7.66403 -5.19325 -8.01066 -8.51338 -4.57944 -8.35931 -7.31453 -7.08979 -5.37599 -8.04625 -8.52742 -3.30456 -8.19301 -6.50806 -9.51057 -3.63241 -7.77931 -8.60245 -2.36431 -8.12274
82.46 -5.03933 -10.0376 -9.33924 -8.73367 -9.34621 -4.04999 -7.61892 -8.85008 -7.12502 -4.90086 -8.81409 -8.65666 -4.26026 -6.42117 -7.08687 -7.92273 -4.97785 -7.98495 -8.54592 -4.43526 -9.28794 -7.53342 -7.58628 -5.18712 -7.97772 -8.46853 -4.45477 -8.07286 -7.32111 -7.66403 -5.19325 -8.01066 -8.51338 -4.57944 -8.35931 -7.31453 -7.08979 -5.37599 -8.04625 -8.52742 -3.30456 -8.19301 -6.50806 -9.51057 -3.63241 -7.77931 -8.60245 -2.36431 -8.12274
82.51 -5.03933 -10.0376 -9.33924 -8.73367 -9.34621 -4.04999 -7.61892 -8.85008 -7.12502 -4.90086 -8.81409 -8.65666 -4.26026 -6.42117 -7.08687 -7.92273 -4.97785 -7.98495 -8.54592 -4.43526 -9.28794 -7.53342 -7.58628 -5.18712 -7.97772 -8.46853 -4.45477 -8.07286 -7.32111 -7.66403 -5.19325 -8.01066 -8.51338 -4.57944 -8.35931 -7.31453 -7.08979 -5.37599 -8.04625 -8.52742 -3.30456 -8.19301 -6.50806 -9.51057 -3.63241 -7.77931 -8.60245 -2.36431 -8.12274
82.56 -5.03933 -10.0376 -9.33924 -8.73367 -9.34621 -4.04999 -7.61892 -8.85008 -7.12502 -4.90086 -8.81409 -8.65666 -4.26026 -6.42117 -7.08687 -7.92273 -4.97785 -7.98495 -8.54592 -4.43526 -9.28794 -7.53342 -7.58628 -5.18712 -7.97772 -8.46853 -4.45477 -8.07286 -7.32111 -7.66403 -5.19325 -8.01066 -8.51338 -4.57944 -8.35931 -7.31453 -7.08979 -5.37599 -8.04625 -8.52742 -3.30456 -8.19301 -6.50806 -9.51057 -3.63241 -7.77931 -8.60245 -2.36431 -8.12274
82.61 -5.03933 -10.0376 -9.33924 -8.73367 -9.34621 -4.04999 -7.61892 -8.85008 -7.12502 -4.90086 -8.81409 -8.65666 -4.26026 -6.42117 -7.08687 -7.92273 -4.97785 -7.98495 -8.54592 -4.43526 -9.28794 -7.53342 -7.58628 -5.18712 -7.97772 -8.46853 -4.45477 -8.07286 -7.32111 -7.66403 -5.19325 -8.01066 -8.51338 -4.57944 -8.35931 -7.31453 -7.08979 -5.37599 -8.04625 -8.52742 -3.30456 -8.19301 -6.50806 -9.51057 -3.63241 -7.77931 -8.60245 -2.36431 -8.12274
82.66 -5.03933 -10.0376 -9.33924 -8.73367 -9.34621 -4.04999 -7.61892 -8.85008 -7.12502 -4.90086 -8.81409 -8.65666 -4.26026 -6.42117 -7.08687 -7.92273 -4.97785 -7.98495 -8.54592 -4.43526 -9.28794 -7.53342 -7.58628 -5.18712 -7.97772 -8.46853 -4.45477 -8.07286 -7.32111 -7.66403 -5.19325 -8.01066 -8.51338 -4.57944 -8.35931 -7.31453 -7.08979 -5.37599 -8.04625 -8.52742 -3.30456 -8.19301 -6.50806 -9.51057 -3.63241 -7.77931 -8.60245 -2.36431 -8.12274
82.71 -5.03933 -10.0376 -9.33924 -8.73367 -9.34621 -4.04999 -7.61892 -8.85008 -7.12502 -4.90086 -8.81409 -8.65666 -4.26026 -6.42117 -7.08687 -7.92273 -4.97785 -7.98495 -8.54592 -4.43526 -9.28794 -7.53342 -7.58628 -5.18712 -7.97772 -8.46853 -4.45477 -8.07286 -7.32111 -7.66403 -5.19325 -8.01066 -8.51338 -4.57944 -8.35931 -7.31453 -7.08979 -5.37599 -8.04625 -8.52742 -3.30456 -8.19301 -6.50806 -9.51057 -3.63241 -7.77931 -8.60245 -2.36431 -8.12274
82.76 -5.03933 -10.0376 -9.33924 -8.73367 -9.34621 -4.04999 -7.61892 -8.85008 -7.12502 -4.90086 -8.81409 -8.65666 -4.26026 -6.42117 -7.08687 -7.92273 -4.97785 -7.98495 -8.54592 -4.43526 -9.28794 -7.53342 -7.58628 -5.18712 -7.97772 -8.46853 -4.45477 -8.07286 -7.32111 -7.66403 -5.19325 -8.01066 -8.51338 -4.57944 -8.35931 -7.31453 -7.08979 -5.37599 -8.04625 -8.52742 -3.30456 -8.19301 -6.50806 -9.51057 -3.63241 -7.77931 -8.60245 -2.36431 -8.12274
82.81 -5.03933 -10.0376 -9.33924 -8.73367 -9.34621 -4.04999 -7.61892 -8.85008 -7.12502 -4.90086 -8.81409 -8.65666 -4.26026 -6.42117 -7.08687 -7.92273 -4.97785 -7.98495 -8.54592 -4.43526 -9.28794 -7.53342 -7.58628 -5.18712 -7.97772 -8.46853 -4.45477 -8.07286 -7.32111 -7.66403 -5.19325 -8.01066 -8.51338 -4.57944 -8.35931 -7.31453 -7.08979 -5.37599 -8.04625 -8.52742 -3.30456 -8.19301 -6.50806 -9.51057 -3.63241 -7.77931 -8.60245 -2.36431 -8.12274
82.86 -5.03933 -10.0376 -9.33924 -8.73367 -9.34621 -4.04999 -7.61892 -8.85008 -7.12502 -4.90086 -8.81409 -8.65666 -4.26026 -6.42117 -7.08687 -7.92273 -4.97785 -7.98495 -8.54592 -4.43526 -9.28794 -7.53342 -7.58628 -5.18712 -7.97772 -8.46853 -4.45477 -8.07286 -7.32111 -7.66403 -5.19325 -8.01066 -8.51338 -4.57944 -8.35931 -7.31453 -7.08979 -5.37599 -8.04625 -8.52742 -3.30456 -8.19301 -6.50806 -9.51057 -3.63241 -7.77931 -8.60245 -2.36431 -8.12274
82.91 -5.03933 -10.0376 -9.33924 -8.73367 -9.34621 -4.04999 -7.61892 -8.85008 -7.12502 -4.90086 -8.81409 -8.65666 -4.26026 -6.42117 -7.08687 -7.92273 -4.97785 -7.98495 -8.54592 -4.43526 -9.28794 -7.53342 -7.58628 -5.18712 -7.97772 -8.46853 -4.45477 -8.07286 -7.32111 -7.66403 -5.19325 -8.01066 -8.51338 -4.57944 -8.35931 -7.31453 -7.08979 -5.37599 -8.04625 -8.52742 -3.30456 -8.19301 -6.50806 -9.51057 -3.63241 -7.77931 -8.60245 -2.36431 -8.12274
82.96 -5.03933 -10.0376 -9.33924 -8.73367 -9.34621 -4.04999 -7.61892 -8.85008 -7.12502 -4.90086 -8.81409 -8.65666 -4.26026 -6.42117 -7.08687 -7.92273 -4.97785 -7.98495 -8.54592 -4.43526 -9.28794 -7.53342 -7.58628 -5.18712 -7.97772 -8.46853 -4.45477 -8.07286 -7.32111 -7.66403 -5.19325 -8.01066 -8.51338 -4.57944 -8.35931 -7.31453 -7.08979 -5.37599 -8.04625 -8.52742 -3.30456 -8.19301 -6.50806 -9.51057 -3.63241 -7.77931 -8.60245 -2.36431 -8.12274
83.01 -5.03933 -10.0376 -9.33924 -8.73367 -9.34621 -4.04999 -7.61892 -8.85008 -7.12502 -4.90086 -8.81409 -8.65666 -4.26026 -6.42117 -7.08687 -7.92273 -4.97785 -7.98495 -8.54592 -4.43526 -9.28794 -7.53342 -7.58628 -5.18712 -7.97772 -8.46853 -4.45477 -8.07286 -7.32111 -7.66403 -5.19325 -8.01066 -8.51338 -4.57944 -8.35931 -7.31453 -7.08979 -5.37599 -8.04625 -8.52742 -3.30456 -8.19301 -6.50806 -9.51057 -3.63241 -7.77931 -8.60245 -2.36431 -8.12274
83.06 -5.03933 -10.0376 -9.33924 -8.73367 -9.34621 -4.04999 -7.61892 -8.85008 -7.12502 -4.90086 -8.81409 -8.65666 -4.26026 -6.42117 -7.08687 -7.92273 -4.97785 -7.98495 -8.54592 -4.43526 -9.28794 -7.53342 -7.58628 -5.18712 -7.97772 -8.46853 -4.45477 -8.07286 -7.32111 -7.66403 -5.19325 -8.01066 -8.51338 -4.57944 -8.35931 -7.31453 -7.08979 -5.37599 -8.04625 -8.52742 -3.30456 -8.19301 -6.50806 -9.51057 -3.63241 -7.77931 -8.60245 -2.36431 -8.12274
83.11 -5.03933 -10.0376 -9.33924 -8.73367 -9.34621 -4.04999 -7.61892 -8.85008 -7.12502 -4.90086 -8.81409 -8.65666 -4.26026 -6.42117 -7.08687 -7.92273 -4.97785 -7.98495 -8.54592 -4.43526 -9.28794 -7.53342 -7.58628 -5.18712 -7.97772 -8.46853 -4.45477 -8.07286 -7.32111 -7.66403 -5.19325 -8.01066 -8.51338 -4.57944 -8.35931 -7.31453 -7.08979 -5.37599 -8.04625 -8.52742 -3.30456 -8.19301 -6.50806 -9.51057 -3.63241 -7.77931 -8.60245 -2.36431 -8.12274
83.16 -5.03933 -10.0376 -9.33924 -8.73367 -9.34621 -4.04999 -7.61892 -8.85008 -7.12502 -4.90086 -8.81409 -8.65666 -4.26026 -6.42117 -7.08687 -7.92273 -4.97785 -7.98495 -8.54592 -4.43526 -9.28794 -7.53342 -7.58628 -5.18712 -7.97772 -8.46853 -4.45477 -8.07286 -7.32111 -7.66403 -5.19325 -8.01066 -8.51338 -4.57944 -8.35931 -7.31453 -7.08979 -5.37599 -8.04625 -8.52742 -3.30456 -8.19301 -6.50806 -9.51057 -3.63241 -7.77931 -8.60245 -2.36431 -8.12274
83.21 -5.03933 -10.0376 -9.33924 -8.73367 -9.34621 -4.04999 -7.61892 -8.85008 -7.12502 -4.90086 -8.81409 -8.65666 -4.26026 -6.42117 -7.08687 -7.92273 -4.97785 -7.98495 -8.54592 -4.43526 -9.28794 -7.53342 -7.58628 -5.18712 -7.97772 -8.46853 -4.45477 -8.07286 -7.32111 -7.66403 -5.19325 -8.01066 -8.51338 -4.57944 -8.35931 -7.31453 -7.08979 -5.37599 -8.04625 -8.52742 -3.30456 -8.19301 -6.50806 -9.51057 -3.63241 -7.77931 -8.60245 -2.36431 -8.12274
83.26 -5.03933 -10.0376 -9.33924 -8.73367 -9.34621 -4.04999 -7.61892 -8.85008 -7.12502 -4.90086 -8.81409 -8.65666 -4.26026 -6.42117 -7.08687 -7.92273 -4.97785 -7.98495 -8.54592 -4.43526 -9.28794 -7.53342 -7.58628 -5.18712 -7.97772 -8.46853 -4.45477 -8.07286 -7.32111 -7.66403 -5.19325 -8.01066 -8.51338 -4.57944 -8.35931 -7.31453 -7.08979 -5.37599 -8.04625 -8.52742 -3.30456 -8.19301 -6.50806 -9.51057 -3.63241 -7.77931 -8.60245 -2.36431 -8.12274
83.31 -5.03933 -10.0376 -9.33924 -8.73367 -9.34621 -4.04999 -7.61892 -8.85008 -7.12502 -4.90086 -8.81409 -8.65666 -4.26026 -6.42117 -7.08687 -7.92273 -4.97785 -7.98495 -8.54592 -4.43526 -9.28794 -7.53342 -7.58628 -5.18712 -7.97772 -8.46853 -4.45477 -8.07286 -7.32111 -7.66403 -5.19325 -8.01066 -8.51338 -4.57944 -8.35931 -7.31453 -7.08979 -5.37599 -8.04625 -8.52742 -3.30456 -8.19301 -6.50806 -9.51057 -3.63241 -7.77931 -8.60245 -2.36431 -8.12274
83.36 -5.03933 -10.0376 -9.33924 -8.73367 -9.34621 -4.04999 -7.61892 -8.85008 -7.12502 -4.90086 -8.81409 -8.65666 -4.26026 -6.42117 -7.08687 -7.92273 -4.97785 -7.98495 -8.54592 -4.43526 -9.28794 -7.53342 -7.58628 -5.18712 -7.97772 -8.46853 -4.45477 -8.07286 -7.32111 -7.66403 -5.19325 -8.01066 -8.51338 -4.57944 -8.35931 -7.31453 -7.08979 -5.37599 -8.04625 -8.52742 -3.30456 -8.19301 -6.50806 -9.51057 -3.63241 -7.77931 -8.60245 -2.36431 -8.12274
83.41 -5.03933 -10.0376 -9.33924 -8.73367 -9.34621 -4.04999 -7.61892 -8.85008 -7.12502 -4.90086 -8.81409 -8.65666 -4.26026 -6.42117 -7.08687 -7.92273 -4.97785 -7.98495 -8.54592 -4.43526 -9.28794 -7.53342 -7.58628 -5.18712 -7.97772 -8.46853 -4.45477 -8.07286 -7.32111 -7.66403 -5.19325 -8.01066 -8.51338 -4.57944 -8.35931 -7.31453 -7.08979 -5.37599 -8.04625 -8.52742 -3.30456 -8.19301 -6.50806 -9.51057 -3.63241 -7.77931 -8.60245 -2.36431 -8.12274
83.46 -5.03933 -10.0376 -9.33924 -8.73367 -9.34621 -4.04999 -7.61892 -8.85008 -7.12502 -4.90086 -8.81409 -8.65666 -4.26026 -6.42117 -7.08687 -7.92273 -4.97785 -7.98495 -8.54592 -4.43526 -9.28794 -7.53342 -7.58628 -5.18712 -7.97772 -8.46853 -4.45477 -8.07286 -7.32111 -7.66403 -5.19325 -8.01066 -8.51338 -4.57944 -8.35931 -7.31453 -7.08979 -5.37599 -8.04625 -8.52742 -3.30456 -8.19301 -6.50806 -9.51057 -3.63241 -7.77931 -8.60245 -2.36431 -8.12274
83.51 -5.03933 -10.0376 -9.33924 -8.73367 -9.34621 -4.04999 -7.61892 -8.85008 -7.12502 -4.90086 -8.81409 -8.65666 -4.26026 -6.42117 -7.08687 -7.92273 -4.97785 -7.98495 -8.54592 -4.43526 -9.28794 -7.53342 -7.58628 -5.18712 -7.97772 -8.46853 -4.45477 -8.07286 -7.32111 -7.66403 -5.19325 -8.01066 -8.51338 -4.57944 -8.35931 -7.31453 -7.08979 -5.37599 -8.04625 -8.52742 -3.30456 -8.19301 -6.50806 -9.51057 -3.63241 -7.77931 -8.60245 -2.36431 -8.12274
83.56 -5.03933 -10.0376 -9.33924 -8.73367 -9.34621 -4.04999 -7.61892 -8.85008 -7.12502 -4.90086 -8.81409 -8.65666 -4.26026 -6.42117 -7.08687 -7.92273 -4.97785 -7.98495 -8.54592 -4.43526 -9.28794 -7.53342 -7.58628 -5.18712 -7.97772 -8.46853 -4.45477 -8.07286 -7.32111 -7.66403 -5.19325 -8.01066 -8.51338 -4.57944 -8.35931 -7.31453 -7.08979 -5.37599 -8.04625 -8.52742 -3.30456 -8.19301 -6.50806 -9.51057 -3.63241 -7.77931 -8.60245 -2.36431 -8.12274
83.61 -5.03933 -10.0376 -9.33924 -8.73367 -9.34621 -4.04999 -7.61892 -8.85008 -7.12502 -4.90086 -8.81409 -8.65666 -4.26026 -6.42117 -7.08687 -7.92273 -4.97785 -7.98495 -8.54592 -4.43526 -9.28794 -7.53342 -7.58628 -5.18712 -7.97772 -8.46853 -4.45477 -8.07286 -7.32111 -7.66403 -5.19325 -8.01066 -8.51338 -4.57944 -8.35931 -7.31453 -7.08979 -5.37599 -8.04625 -8.52742 -3.30456 -8.19301 -6.50806 -9.51057 -3.63241 -7.77931 -8.60245 -2.36431 -8.12274
83.66 -5.03933 -10.0376 -9.33924 -8.73367 -9.34621 -4.04999 -7.61892 -8.85008 -7.12502 -4.90086 -8.81409 -8.65666 -4.26026 -6.42117 -7.08687 -7.92273 -4.97785 -7.98495 -8.54592 -4.43526 -9.28794 -7.53342 -7.58628 -5.18712 -7.97772 -8.46853 -4.45477 -8.07286 -7.32111 -7.66403 -5.19325 -8.01066 -8.51338 -4.57944 -8.35931 -7.31453 -7.08979 -5.37599 -8.04625 -8.52742 -3.30456 -8.19301 -6.50806 -9.51057 -3.63241 -7.77931 -8.60245 -2.36431 -8.12274
83.71 -5.03933 -10.0376 -9.33924 -8.73367 -9.34621 -4.04999 -7.61892 -8.85008 -7.12502 -4.90086 -8.81409 -8.65666 -4.26026 -6.42117 -7.08687 -7.92273 -4.97785 -7.98495 -8.54592 -4.43526 -9.28794 -7.53342 -7.58628 -5.18712 -7.97772 -8.46853 -4.45477 -8.07286 -7.32111 -7.66403 -5.19325 -8.01066 -8.51338 -4.57944 -8.35931 -7.31453 -7.08979 -5.37599 -8.04625 -8.52742 -3.30456 -8.19301 -6.50806 -9.51057 -3.63241 -7.77931 -8.60245 -2.36431 -8.12274
83.76 -5.03933 -10.0376 -9.33924 -8.73367 -9.34621 -4.04999 -7.61892 -8.85008 -7.12502 -4.90086 -8.81409 -8.65666 -4.26026 -6.42117 -7.08687 -7.92273 -4.97785 -7.98495 -8.54592 -4.43526 -9.28794 -7.53342 -7.58628 -5.18712 -7.97772 -8.46853 -4.45477 -8.07286 -7.32111 -7.66403 -5.19325 -8.01066 -8.51338 -4.57944 -8.35931 -7.31453 -7.08979 -5.37599 -8.04625 -8.52742 -3.30456 -8.19301 -6.50806 -9.51057 -3.63241 -7.77931 -8.60245 -2.36431 -8.12274
83.81 -5.03933 -10.0376 -9.33924 -8.73367 -9.34621 -4.04999 -7.61892 -8.85008 -7.12502 -4.90086 -8.81409 -8.65666 -4.26026 -6.42117 -7.08687 -7.92273 -4.97785 -7.98495 -8.54592 -4.43526 -9.28794 -7.53342 -7.58628 -5.18712 -7.97772 -8.46853 -4.45477 -8.07286 -7.32111 -7.66403 -5.19325 -8.01066 -8.51338 -4.57944 -8.35931 -7.31453 -7.08979 -5.37599 -8.04625 -8.52742 -3.30456 -8.19301 -6.50806 -9.51057 -3.63241 -7.77931 -8.60245 -2.36431 -8.12274
83.86 -5.03933 -10.0376 -9.33924 -8.73367 -9.34621 -4.04999 -7.61892 -8.85008 -7.12502 -4.90086 -8.81409 -8.65666 -4.26026 -6.42117 -7.08687 -7.92273 -4.97785 -7.98495 -8.54592 -4.43526 -9.28794 -7.53342 -7.58628 -5.18712 -7.97772 -8.46853 -4.45477 -8.07286 -7.32111 -7.66403 -5.19325 -8.01066 -8.51338 -4.57944 -8.35931 -7.31453 -7.08979 -5.37599 -8.04625 -8.52742 -3.30456 -8.19301 -6.50806 -9.51057 -3.63241 -7.77931 -8.60245 -2.36431 -8.12274
83.91 -5.03933 -10.0376 -9.33924 -8.73367 -9.34621 -4.04999 -7.61892 -8.85008 -7.12502 -4.90086 -8.81409 -8.65666 -4.26026 -6.42117 -7.08687 -7.92273 -4.97785 -7.98495 -8.54592 -4.43526 -9.28794 -7.53342 -7.58628 -5.18712 -7.97772 -8.46853 -4.45477 -8.07286 -7.32111 -7.66403 -5.19325 -8.01066 -8.51338 -4.57944 -8.35931 -7.31453 -7.08979 -5.37599 -8.04625 -8.52742 -3.30456 -8.19301 -6.50806 -9.51057 -3.63241 -7.77931 -8.60245 -2.36431 -8.12274
83.96 -5.03933 -10.0376 -9.33924 -8.73367 -9.34621 -4.04999 -7.61892 -8.85008 -7.12502 -4.90086 -8.81409 -8.65666 -4.26026 -6.42117 -7.08687 -7.92273 -4.97785 -7.98495 -8.54592 -4.43526 -9.28794 -7.53342 -7.58628 -5.18712 -7.97772 -8.46853 -4.45477 -8.07286 -7.32111 -7.66403 -5.19325 -8.01066 -8.51338 -4.57944 -8.35931 -7.31453 -7.08979 -5.37599 -8.04625 -8.52742 -3.30456 -8.19301 -6.50806 -9.51057 -3.63241 -7.77931 -8.60245 -2.36431 -8.12274
84.01 -5.03933 -10.0376 -9.33924 -8.73367 -9.34621 -4.04999 -7.61892 -8.85008 -7.12502 -4.90086 -8.81409 -8.65666 -4.26026 -6.42117 -7.08687 -7.92273 -4.97785 -7.98495 -8.54592 -4.43526 -9.28794 -7.53342 -7.58628 -5.18712 -7.97772 -8.46853 -4.45477 -8.07286 -7.32111 -7.66403 -5.19325 -8.01066 -8.51338 -4.57944 -8.35931 -7.31453 -7.08979 -5.37599 -8.04625 -8.52742 -3.30456 -8.19301 -6.50806 -9.51057 -3.63241 -7.77931 -8.60245 -2.36431 -8.12274
84.06 -5.03933 -10.0376 -9.33924 -8.73367 -9.34621 -4.04999 -7.61892 -8.85008 -7.12502 -4.90086 -8.81409 -8.65666 -4.26026 -6.42117 -7.08687 -7.92273 -4.97785 -7.98495 -8.54592 -4.43526 -9.28794 -7.53342 -7.58628 -5.18712 -7.97772 -8.46853 -4.45477 -8.07286 -7.32111 -7.66403 -5.19325 -8.01066 -8.51338 -4.57944 -8.35931 -7.31453 -7.08979 -5.37599 -8.04625 -8.52742 -3.30456 -8.19301 -6.50806 -9.51057 -3.63241 -7.77931 -8.60245 -2.36431 -8.12274
84.11 -5.03933 -10.0376 -9.33924 -8.73367 -9.34621 -4.04999 -7.61892 -8.85008 -7.12502 -4.90086 -8.81409 -8.65666 -4.26026 -6.42117 -7.08687 -7.92273 -4.97785 -7.98495 -8.54592 -4.43526 -9.28794 -7.53342 -7.58628 -5.18712 -7.97772 -8.46853 -4.45477 -8.07286 -7.32111 -7.66403 -5.19325 -8.01066 -8.51338 -4.57944 -8.35931 -7.31453 -7.08979 -5.37599 -8.04625 -8.52742 -3.30456 -8.19301 -6.50806 -9.51057 -3.63241 -7.77931 -8.60245 -2.36431 -8.12274
84.16 -5.03933 -10.0376 -9.33924 -8.73367 -9.34621 -4.04999 -7.61892 -8.85008 -7.12502 -4.90086 -8.81409 -8.65666 -4.26026 -6.42117 -7.08687 -7.92273 -4.97785 -7.98495 -8.54592 -4.43526 -9.28794 -7.53342 -7.58628 -5.18712 -7.97772 -8.46853 -4.45477 -8.07286 -7.32111 -7.66403 -5.19325 -8.01066 -8.51338 -4.57944 -8.35931 -7.31453 -7.08979 -5.37599 -8.04625 -8.52742 -3.30456 -8.19301 -6.50806 -9.51057 -3.63241 -7.77931 -8.60245 -2.36431 -8.12274
84.21 -5.03933 -10.0376 -9.33924 -8.73367 -9.34621 -4.04999 -7.61892 -8.85008 -7.12502 -4.90086 -8.81409 -8.65666 -4.26026 -6.42117 -7.08687 -7.92273 -4.97785 -7.98495 -8.54592 -4.43526 -9.28794 -7.53342 -7.58628 -5.18712 -7.97772 -8.46853 -4.45477 -8.07286 -7.32111 -7.66403 -5.19325 -8.01066 -8.51338 -4.57944 -8.35931 -7.31453 -7.08979 -5.37599 -8.04625 -8.52742 -3.30456 -8.19301 -6.50806 -9.51057 -3.63241 -7.77931 -8.60245 -2.36431 -8.12274
84.26 -5.03933 -10.0376 -9.33924 -8.73367 -9.34621 -4.04999 -7.61892 -8.85008 -7.12502 -4.90086 -8.81409 -8.65666 -4.26026 -6.42117 -7.08687 -7.92273 -4.97785 -7.98495 -8.54592 -4.43526 -9.28794 -7.53342 -7.58628 -5.18712 -7.97772 -8.46853 -4.45477 -8.07286 -7.32111 -7.66403 -5.19325 -8.01066 -8.51338 -4.57944 -8.35931 -7.31453 -7.08979 -5.37599 -8.04625 -8.52742 -3.30456 -8.19301 -6.50806 -9.51057 -3.63241 -7.77931 -8.60245 -2.36431 -8.12274
84.31 -5.03933 -10.0376 -9.33924 -8.73367 -9.34621 -4.04999 -7.61892 -8.85008 -7.12502 -4.90086 -8.81409 -8.65666 -4.26026 -6.42117 -7.08687 -7.92273 -4.97785 -7.98495 -8.54592 -4.43526 -9.28794 -7.53342 -7.58628 -5.18712 -7.97772 -8.46853 -4.45477 -8.07286 -7.32111 -7.66403 -5.19325 -8.01066 -8.51338 -4.57944 -8.35931 -7.31453 -7.08979 -5.37599 -8.04625 -8.52742 -3.30456 -8.19301 -6.50806 -9.51057 -3.63241 -7.77931 -8.60245 -2.36431 -8.12274
84.36 -5.03933 -10.0376 -9.33924 -8.73367 -9.34621 -4.04999 -7.61892 -8.85008 -7.12502 -4.90086 -8.81409 -8.65666 -4.26026 -6.42117 -7.08687 -7.92273 -4.97785 -7.98495 -8.54592 -4.43526 -9.28794 -7.53342 -7.58628 -5.18712 -7.97772 -8.46853 -4.45477 -8.07286 -7.32111 -7.66403 -5.19325 -8.01066 -8.51338 -4.57944 -8.35931 -7.31453 -7.08979 -5.37599 -8.04625 -8.52742 -3.30456 -8.19301 -6.50806 -9.51057 -3.63241 -7.77931 -8.60245 -2.36431 -8.12274
84.41 -5.03933 -10.0376 -9.33924 -8.73367 -9.34621 -4.04999 -7.61892 -8.85008 -7.12502 -4.90086 -8.81409 -8.65666 -4.26026 -6.42117 -7.08687 -7.92273 -4.97785 -7.98495 -8.54592 -4.43526 -9.28794 -7.53342 -7.58628 -5.18712 -7.97772 -8.46853 -4.45477 -8.07286 -7.32111 -7.66403 -5.19325 -8.01066 -8.51338 -4.57944 -8.35931 -7.31453 -7.08979 -5.37599 -8.04625 -8.52742 -3.30456 -8.19301 -6.50806 -9.51057 -3.63241 -7.77931 -8.60245 -2.36431 -8.12274
84.46 -5.03933 -10.0376 -9.33924 -8.73367 -9.34621 -4.04999 -7.61892 -8.85008 -7.12502 -4.90086 -8.81409 -8.65666 -4.26026 -6.42117 -7.08687 -7.92273 -4.97785 -7.98495 -8.54592 -4.43526 -9.28794 -7.53342 -7.58628 -5.18712 -7.97772 -8.46853 -4.45477 -8.07286 -7.32111 -7.66403 -5.19325 -8.01066 -8.51338 -4.57944 -8.35931 -7.31453 -7.08979 -5.37599 -8.04625 -8.52742 -3.30456 -8.19301 -6.50806 -9.51057 -3.63241 -7.77931 -8.60245 -2.36431 -8.12274
84.51 -5.03933 -10.0376 -9.33924 -8.73367 -9.34621 -4.04999 -7.61892 -8.85008 -7.12502 -4.90086 -8.81409 -8.65666 -4.26026 -6.42117 -7.08687 -7.92273 -4.97785 -7.98495 -8.54592 -4.43526 -9.28794 -7.53342 -7.58628 -5.18712 -7.97772 -8.46853 -4.45477 -8.07286 -7.32111 -7.66403 -5.19325 -8.01066 -8.51338 -4.57944 -8.35931 -7.31453 -7.08979 -5.37599 -8.04625 -8.52742 -3.30456 -8.19301 -6.50806 -9.51057 -3.63241 -7.77931 -8.60245 -2.36431 -8.12274
84.56 -5.03933 -10.0376 -9.33924 -8.73367 -9.34621 -4.04999 -7.61892 -8.85008 -7.12502 -4.90086 -8.81409 -8.65666 -4.26026 -6.42117 -7.08687 -7.92273 -4.97785 -7.98495 -8.54592 -4.43526 -9.28794 -7.53342 -7.58628 -5.18712 -7.97772 -8.46853 -4.45477 -8.07286 -7.32111 -7.66403 -5.19325 -8.01066 -8.51338 -4.57944 -8.35931 -7.31453 -7.08979 -5.37599 -8.04625 -8.52742 -3.30456 -8.19301 -6.50806 -9.51057 -3.63241 -7.77931 -8.60245 -2.36431 -8.12274
84.61 -5.03933 -10.0376 -9.33924 -8.73367 -9.34621 -4.04999 -7.61892 -8.85008 -7.12502 -4.90086 -8.81409 -8.65666 -4.26026 -6.42117 -7.08687 -7.92273 -4.97785 -7.98495 -8.54592 -4.43526 -9.28794 -7.53342 -7.58628 -5.18712 -7.97772 -8.46853 -4.45477 -8.07286 -7.32111 -7.66403 -5.19325 -8.01066 -8.51338 -4.57944 -8.35931 -7.31453 -7.08979 -5.37599 -8.04625 -8.52742 -3.30456 -8.19301 -6.50806 -9.51057 -3.63241 -7.77931 -8.60245 -2.36431 -8.12274
84.66 -5.03933 -10.0376 -9.33924 -8.73367 -9.34621 -4.04999 -7.61892 -8.85008 -7.12502 -4.90086 -8.81409 -8.65666 -4.26026 -6.42117 -7.08687 -7.92273 -4.97785 -7.98495 -8.54592 -4.43526 -9.28794 -7.53342 -7.58628 -5.18712 -7.97772 -8.46853 -4.45477 -8.07286 -7.32111 -7.66403 -5.19325 -8.01066 -8.51338 -4.57944 -8.35931 -7.31453 -7.08979 -5.37599 -8.04625 -8.52742 -3.30456 -8.19301 -6.50806 -9.51057 -3.63241 -7.77931 -8.60245 -2.36431 -8.12274
84.71 -5.03933 -10.0376 -9.33924 -8.73367 -9.34621 -4.04999 -7.61892 -8.85008 -7.12502 -4.90086 -8.81409 -8.65666 -4.26026 -6.42117 -7.08687 -7.92273 -4.97785 -7.98495 -8.54592 -4.43526 -9.28794 -7.53342 -7.58628 -5.18712 -7.97772 -8.46853 -4.45477 -8.07286 -7.32111 -7.66403 -5.19325 -8.01066 -8.51338 -4.57944 -8.35931 -7.31453 -7.08979 -5.37599 -8.04625 -8.52742 -3.30456 -8.19301 -6.50806 -9.51057 -3.63241 -7.77931 -8.60245 -2.36431 -8.12274
84.76 -5.03933 -10.0376 -9.33924 -8.73367 -9.34621 -4.04999 -7.61892 -8.85008 -7.12502 -4.90086 -8.81409 -8.65666 -4.26026 -6.42117 -7.08687 -7.92273 -4.97785 -7.98495 -8.54592 -4.43526 -9.28794 -7.53342 -7.58628 -5.18712 -7.97772 -8.46853 -4.45477 -8.07286 -7.32111 -7.66403 -5.19325 -8.01066 -8.51338 -4.57944 -8.35931 -7.31453 -7.08979 -5.37599 -8.04625 -8.52742 -3.30456 -8.19301 -6.50806 -9.51057 -3.63241 -7.77931 -8.60245 -2.36431 -8.12274
84.81 -5.03933 -10.0376 -9.33924 -8.73367 -9.34621 -4.04999 -7.61892 -8.85008 -7.12502 -4.90086 -8.81409 -8.65666 -4.26026 -6.42117 -7.08687 -7.92273 -4.97785 -7.98495 -8.54592 -4.43526 -9.28794 -7.53342 -7.58628 -5.18712 -7.97772 -8.46853 -4.45477 -8.07286 -7.32111 -7.66403 -5.19325 -8.01066 -8.51338 -4.57944 -8.35931 -7.31453 -7.08979 -5.37599 -8.04625 -8.52742 -3.30456 -8.19301 -6.50806 -9.51057 -3.63241 -7.77931 -8.60245 -2.36431 -8.12274
84.86 -5.03933 -10.0376 -9.33924 -8.73367 -9.34621 -4.04999 -7.61892 -8.85008 -7.12502 -4.90086 -8.81409 -8.65666 -4.26026 -6.42117 -7.08687 -7.92273 -4.97785 -7.98495 -8.54592 -4.43526 -9.28794 -7.53342 -7.58628 -5.18712 -7.97772 -8.46853 -4.45477 -8.07286 -7.32111 -7.66403 -5.19325 -8.01066 -8.51338 -4.57944 -8.35931 -7.31453 -7.08979 -5.37599 -8.04625 -8.52742 -3.30456 -8.19301 -6.50806 -9.51057 -3.63241 -7.77931 -8.60245 -2.36431 -8.12274
84.91 -5.03933 -10.0376 -9.33924 -8.73367 -9.34621 -4.04999 -7.61892 -8.85008 -7.12502 -4.90086 -8.81409 -8.65666 -4.26026 -6.42117 -7.08687 -7.92273 -4.97785 -7.98495 -8.54592 -4.43526 -9.28794 -7.53342 -7.58628 -5.18712 -7.97772 -8.46853 -4.45477 -8.07286 -7.32111 -7.66403 -5.19325 -8.01066 -8.51338 -4.57944 -8.35931 -7.31453 -7.08979 -5.37599 -8.04625 -8.52742 -3.30456 -8.19301 -6.50806 -9.51057 -3.63241 -7.77931 -8.60245 -2.36431 -8.12274
84.96 -5.03933 -10.0376 -9.33924 -8.73367 -9.34621 -4.04999 -7.61892 -8.85008 -7.12502 -4.90086 -8.81409 -8.65666 -4.26026 -6.42117 -7.08687 -7.92273 -4.97785 -7.98495 -8.54592 -4.43526 -9.28794 -7.53342 -7.58628 -5.18712 -7.97772 -8.46853 -4.45477 -8.07286 -7.32111 -7.66403 -5.19325 -8.01066 -8.51338 -4.57944 -8.35931 -7.31453 -7.08979 -5.37599 -8.04625 -8.52742 -3.30456 -8.19301 -6.50806 -9.51057 -3.63241 -7.77931 -8.60245 -2.36431 -8.12274
85.01 -5.03933 -10.0376 -9.33924 -8.73367 -9.34621 -4.04999 -7.61892 -8.85008 -7.12502 -4.90086 -8.81409 -8.65666 -4.26026 -6.42117 -7.08687 -7.92273 -4.97785 -7.98495 -8.54592 -4.43526 -9.28794 -7.53342 -7.58628 -5.18712 -7.97772 -8.46853 -4.45477 -8.07286 -7.32111 -7.66403 -5.19325 -8.01066 -8.51338 -4.57944 -8.35931 -7.31453 -7.08979 -5.37599 -8.04625 -8.52742 -3.30456 -8.19301 -6.50806 -9.51057 -3.63241 -7.77931 -8.60245 -2.36431 -8.12274
85.06 -5.03933 -10.0376 -9.33924 -8.73367 -9.34621 -4.04999 -7.61892 -8.85008 -7.12502 -4.90086 -8.81409 -8.65666 -4.26026 -6.42117 -7.08687 -7.92273 -4.97785 -7.98495 -8.54592 -4.43526 -9.28794 -7.53342 -7.58628 -5.18712 -7.97772 -8.46853 -4.45477 -8.07286 -7.32111 -7.66403 -5.19325 -8.01066 -8.51338 -4.57944 -8.35931 -7.31453 -7.08979 -5.37599 -8.04625 -8.52742 -3.30456 -8.19301 -6.50806 -9.51057 -3.63241 -7.77931 -8.60245 -2.36431 -8.12274
85.11 -5.03933 -10.0376 -9.33924 -8.73367 -9.34621 -4.04999 -7.61892 -8.85008 -7.12502 -4.90086 -8.81409 -8.65666 -4.26026 -6.42117 -7.08687 -7.92273 -4.97785 -7.98495 -8.54592 -4.43526 -9.28794 -7.53342 -7.58628 -5.18712 -7.97772 -8.46853 -4.45477 -8.07286 -7.32111 -7.66403 -5.19325 -8.01066 -8.51338 -4.57944 -8.35931 -7.31453 -7.08979 -5.37599 -8.04625 -8.52742 -3.30456 -8.19301 -6.50806 -9.51057 -3.63241 -7.77931 -8.60245 -2.36431 -8.12274
85.16 -5.03933 -10.0376 -9.33924 -8.73367 -9.34621 -4.04999 -7.61892 -8.85008 -7.12502 -4.90086 -8.81409 -8.65666 -4.26026 -6.42117 -7.08687 -7.92273 -4.97785 -7.98495 -8.54592 -4.43526 -9.28794 -7.53342 -7.58628 -5.18712 -7.97772 -8.46853 -4.45477 -8.07286 -7.32111 -7.66403 -5.19325 -8.01066 -8.51338 -4.57944 -8.35931 -7.31453 -7.08979 -5.37599 -8.04625 -8.52742 -3.30456 -8.19301 -6.50806 -9.51057 -3.63241 -7.77931 -8.60245 -2.36431 -8.12274
85.21 -5.03933 -10.0376 -9.33924 -8.73367 -9.34621 -4.04999 -7.61892 -8.85008 -7.12502 -4.90086 -8.81409 -8.65666 -4.26026 -6.42117 -7.08687 -7.92273 -4.97785 -7.98495 -8.54592 -4.43526 -9.28794 -7.53342 -7.58628 -5.18712 -7.97772 -8.46853 -4.45477 -8.07286 -7.32111 -7.66403 -5.19325 -8.01066 -8.51338 -4.57944 -8.35931 -7.31453 -7.08979 -5.37599 -8.04625 -8.52742 -3.30456 -8.19301 -6.50806 -9.51057 -3.63241 -7.77931 -8.60245 -2.36431 -8.12274
85.26 -5.03933 -10.0376 -9.33924 -8.73367 -9.34621 -4.04999 -7.61892 -8.85008 -7.12502 -4.90086 -8.81409 -8.65666 -4.26026 -6.42117 -7.08687 -7.92273 -4.97785 -7.98495 -8.54592 -4.43526 -9.28794 -7.53342 -7.58628 -5.18712 -7.97772 -8.46853 -4.45477 -8.07286 -7.32111 -7.66403 -5.19325 -8.01066 -8.51338 -4.57944 -8.35931 -7.31453 -7.08979 -5.37599 -8.04625 -8.52742 -3.30456 -8.19301 -6.50806 -9.51057 -3.63241 -7.77931 -8.60245 -2.36431 -8.12274
85.31 -5.03933 -10.0376 -9.33924 -8.73367 -9.34621 -4.04999 -7.61892 -8.85008 -7.12502 -4.90086 -8.81409 -8.65666 -4.26026 -6.42117 -7.08687 -7.92273 -4.97785 -7.98495 -8.54592 -4.43526 -9.28794 -7.53342 -7.58628 -5.18712 -7.97772 -8.46853 -4.45477 -8.07286 -7.32111 -7.66403 -5.19325 -8.01066 -8.51338 -4.57944 -8.35931 -7.31453 -7.08979 -5.37599 -8.04625 -8.52742 -3.30456 -8.19301 -6.50806 -9.51057 -3.63241 -7.77931 -8.60245 -2.36431 -8.12274
85.36 -5.03933 -10.0376 -9.33924 -8.73367 -9.34621 -4.04999 -7.61892 -8.85008 -7.12502 -4.90086 -8.81409 -8.65666 -4.26026 -6.42117 -7.08687 -7.92273 -4.97785 -7.98495 -8.54592 -4.43526 -9.28794 -7.53342 -7.58628 -5.18712 -7.97772 -8.46853 -4.45477 -8.07286 -7.32111 -7.66403 -5.19325 -8.01066 -8.51338 -4.57944 -8.35931 -7.31453 -7.08979 -5.37599 -8.04625 -8.52742 -3.30456 -8.19301 -6.50806 -9.51057 -3.63241 -7.77931 -8.60245 -2.36431 -8.12274
85.41 -5.03933 -10.0376 -9.33924 -8.73367 -9.34621 -4.04999 -7.61892 -8.85008 -7.12502 -4.90086 -8.81409 -8.65666 -4.26026 -6.42117 -7.08687 -7.92273 -4.97785 -7.98495 -8.54592 -4.43526 -9.28794 -7.53342 -7.58628 -5.18712 -7.97772 -8.46853 -4.45477 -8.07286 -7.32111 -7.66403 -5.19325 -8.01066 -8.51338 -4.57944 -8.35931 -7.31453 -7.08979 -5.37599 -8.04625 -8.52742 -3.30456 -8.19301 -6.50806 -9.51057 -3.63241 -7.77931 -8.60245 -2.36431 -8.12274
85.46 -5.03933 -10.0376 -9.33924 -8.73367 -9.34621 -4.04999 -7.61892 -8.85008 -7.12502 -4.90086 -8.81409 -8.65666 -4.26026 -6.42117 -7.08687 -7.92273 -4.97785 -7.98495 -8.54592 -4.43526 -9.28794 -7.53342 -7.58628 -5.18712 -7.97772 -8.46853 -4.45477 -8.07286 -7.32111 -7.66403 -5.19325 -8.01066 -8.51338 -4.57944 -8.35931 -7.31453 -7.08979 -5.37599 -8.04625 -8.52742 -3.30456 -8.19301 -6.50806 -9.51057 -3.63241 -7.77931 -8.60245 -2.36431 -8.12274
85.51 -5.03933 -10.0376 -9.33924 -8.73367 -9.34621 -4.04999 -7.61892 -8.85008 -7.12502 -4.90086 -8.81409 -8.65666 -4.26026 -6.42117 -7.08687 -7.92273 -4.97785 -7.98495 -8.54592 -4.43526 -9.28794 -7.53342 -7.58628 -5.18712 -7.97772 -8.46853 -4.45477 -8.07286 -7.32111 -7.66403 -5.19325 -8.01066 -8.51338 -4.57944 -8.35931 -7.31453 -7.08979 -5.37599 -8.04625 -8.52742 -3.30456 -8.19301 -6.50806 -9.51057 -3.63241 -7.77931 -8.60245 -2.36431 -8.12274
85.56 -5.03933 -10.0376 -9.33924 -8.73367 -9.34621 -4.04999 -7.61892 -8.85008 -7.12502 -4.90086 -8.81409 -8.65666 -4.26026 -6.42117 -7.08687 -7.92273 -4.97785 -7.98495 -8.54592 -4.43526 -9.28794 -7.53342 -7.58628 -5.18712 -7.97772 -8.46853 -4.45477 -8.07286 -7.32111 -7.66403 -5.19325 -8.01066 -8.51338 -4.57944 -8.35931 -7.31453 -7.08979 -5.37599 -8.04625 -8.52742 -3.30456 -8.19301 -6.50806 -9.51057 -3.63241 -7.77931 -8.60245 -2.36431 -8.12274
85.61 -5.03933 -10.0376 -9.33924 -8.73367 -9.34621 -4.04999 -7.61892 -8.85008 -7.12502 -4.90086 -8.81409 -8.65666 -4.26026 -6.42117 -7.08687 -7.92273 -4.97785 -7.98495 -8.54592 -4.43526 -9.28794 -7.53342 -7.58628 -5.18712 -7.97772 -8.46853 -4.45477 -8.07286 -7.32111 -7.66403 -5.19325 -8.01066 -8.51338 -4.57944 -8.35931 -7.31453 -7.08979 -5.37599 -8.04625 -8.52742 -3.30456 -8.19301 -6.50806 -9.51057 -3.63241 -7.77931 -8.60245 -2.36431 -8.12274
85.66 -5.03933 -10.0376 -9.33924 -8.73367 -9.34621 -4.04999 -7.61892 -8.85008 -7.12502 -4.90086 -8.81409 -8.65666 -4.26026 -6.42117 -7.08687 -7.92273 -4.97785 -7.98495 -8.54592 -4.43526 -9.28794 -7.53342 -7.58628 -5.18712 -7.97772 -8.46853 -4.45477 -8.07286 -7.32111 -7.66403 -5.19325 -8.01066 -8.51338 -4.57944 -8.35931 -7.31453 -7.08979 -5.37599 -8.04625 -8.52742 -3.30456 -8.19301 -6.50806 -9.51057 -3.63241 -7.77931 -8.60245 -2.36431 -8.12274
85.71 -5.03933 -10.0376 -9.33924 -8.73367 -9.34621 -4.04999 -7.61892 -8.85008 -7.12502 -4.90086 -8.81409 -8.65666 -4.26026 -6.42117 -7.08687 -7.92273 -4.97785 -7.98495 -8.54592 -4.43526 -9.28794 -7.53342 -7.58628 -5.18712 -7.97772 -8.46853 -4.45477 -8.07286 -7.32111 -7.66403 -5.19325 -8.01066 -8.51338 -4.57944 -8.35931 -7.31453 -7.08979 -5.37599 -8.04625 -8.52742 -3.30456 -8.19301 -6.50806 -9.51057 -3.63241 -7.77931 -8.60245 -2.36431 -8.12274
85.76 -5.03933 -10.0376 -9.33924 -8.73367 -9.34621 -4.04999 -7.61892 -8.85008 -7.12502 -4.90086 -8.81409 -8.65666 -4.26026 -6.42117 -7.08687 -7.92273 -4.97785 -7.98495 -8.54592 -4.43526 -9.28794 -7.53342 -7.58628 -5.18712 -7.97772 -8.46853 -4.45477 -8.07286 -7.32111 -7.66403 -5.19325 -8.01066 -8.51338 -4.57944 -8.35931 -7.31453 -7.08979 -5.37599 -8.04625 -8.52742 -3.30456 -8.19301 -6.50806 -9.51057 -3.63241 -7.77931 -8.60245 -2.36431 -8.12274
85.81 -5.03933 -10.0376 -9.33924 -8.73367 -9.34621 -4.04999 -7.61892 -8.85008 -7.12502 -4.90086 -8.81409 -8.65666 -4.26026 -6.42117 -7.08687 -7.92273 -4.97785 -7.98495 -8.54592 -4.43526 -9.28794 -7.53342 -7.58628 -5.18712 -7.97772 -8.46853 -4.45477 -8.07286 -7.32111 -7.66403 -5.19325 -8.01066 -8.51338 -4.57944 -8.35931 -7.31453 -7.08979 -5.37599 -8.04625 -8.52742 -3.30456 -8.19301 -6.50806 -9.51057 -3.63241 -7.77931 -8.60245 -2.36431 -8.12274
85.86 -5.03933 -10.0376 -9.33924 -8.73367 -9.34621 -4.04999 -7.61892 -8.85008 -7.12502 -4.90086 -8.81409 -8.65666 -4.26026 -6.42117 -7.08687 -7.92273 -4.97785 -7.98495 -8.54592 -4.43526 -9.28794 -7.53342 -7.58628 -5.18712 -7.97772 -8.46853 -4.45477 -8.07286 -7.32111 -7.66403 -5.19325 -8.01066 -8.51338 -4.57944 -8.35931 -7.31453 -7.08979 -5.37599 -8.04625 -8.52742 -3.30456 -8.19301 -6.50806 -9.51057 -3.63241 -7.77931 -8.60245 -2.36431 -8.12274
85.91 -5.03933 -10.0376 -9.33924 -8.73367 -9.34621 -4.04999 -7.61892 -8.85008 -7.12502 -4.90086 -8.81409 -8.65666 -4.26026 -6.42117 -7.08687 -7.92273 -4.97785 -7.98495 -8.54592 -4.43526 -9.28794 -7.53342 -7.58628 -5.18712 -7.97772 -8.46853 -4.45477 -8.07286 -7.32111 -7.66403 -5.19325 -8.01066 -8.51338 -4.57944 -8.35931 -7.31453 -7.08979 -5.37599 -8.04625 -8.52742 -3.30456 -8.19301 -6.50806 -9.51057 -3.63241 -7.77931 -8.60245 -2.36431 -8.12274
85.96 -5.03933 -10.0376 -9.33924 -8.73367 -9.34621 -4.04999 -7.61892 -8.85008 -7.12502 -4.90086 -8.81409 -8.65666 -4.26026 -6.42117 -7.08687 -7.92273 -4.97785 -7.98495 -8.54592 -4.43526 -9.28794 -7.53342 -7.58628 -5.18712 -7.97772 -8.46853 -4.45477 -8.07286 -7.32111 -7.66403 -5.19325 -8.01066 -8.51338 -4.57944 -8.35931 -7.31453 -7.08979 -5.37599 -8.04625 -8.52742 -3.30456 -8.19301 -6.50806 -9.51057 -3.63241 -7.77931 -8.60245 -2.36431 -8.12274
86.01 -5.03933 -10.0376 -9.33924 -8.73367 -9.34621 -4.04999 -7.61892 -8.85008 -7.12502 -4.90086 -8.81409 -8.65666 -4.26026 -6.42117 -7.08687 -7.92273 -4.97785 -7.98495 -8.54592 -4.43526 -9.28794 -7.53342 -7.58628 -5.18712 -7.97772 -8.46853 -4.45477 -8.07286 -7.32111 -7.66403 -5.19325 -8.01066 -8.51338 -4.57944 -8.35931 -7.31453 -7.08979 -5.37599 -8.04625 -8.52742 -3.30456 -8.19301 -6.50806 -9.51057 -3.63241 -7.77931 -8.60245 -2.36431 -8.12274
86.06 -5.03933 -10.0376 -9.33924 -8.73367 -9.34621 -4.04999 -7.61892 -8.85008 -7.12502 -4.90086 -8.81409 -8.65666 -4.26026 -6.42117 -7.08687 -7.92273 -4.97785 -7.98495 -8.54592 -4.43526 -9.28794 -7.53342 -7.58628 -5.18712 -7.97772 -8.46853 -4.45477 -8.07286 -7.32111 -7.66403 -5.19325 -8.01066 -8.51338 -4.57944 -8.35931 -7.31453 -7.08979 -5.37599 -8.04625 -8.52742 -3.30456 -8.19301 -6.50806 -9.51057 -3.63241 -7.77931 -8.60245 -2.36431 -8.12274
86.11 -5.03933 -10.0376 -9.33924 -8.73367 -9.34621 -4.04999 -7.61892 -8.85008 -7.12502 -4.90086 -8.81409 -8.65666 -4.26026 -6.42117 -7.08687 -7.92273 -4.97785 -7.98495 -8.54592 -4.43526 -9.28794 -7.53342 -7.58628 -5.18712 -7.97772 -8.46853 -4.45477 -8.07286 -7.32111 -7.66403 -5.19325 -8.01066 -8.51338 -4.57944 -8.35931 -7.31453 -7.08979 -5.37599 -8.04625 -8.52742 -3.30456 -8.19301 -6.50806 -9.51057 -3.63241 -7.77931 -8.60245 -2.36431 -8.12274
86.16 -5.03933 -10.0376 -9.33924 -8.73367 -9.34621 -4.04999 -7.61892 -8.85008 -7.12502 -4.90086 -8.81409 -8.65666 -4.26026 -6.42117 -7.08687 -7.92273 -4.97785 -7.98495 -8.54592 -4.43526 -9.28794 -7.53342 -7.58628 -5.18712 -7.97772 -8.46853 -4.45477 -8.07286 -7.32111 -7.66403 -5.19325 -8.01066 -8.51338 -4.57944 -8.35931 -7.31453 -7.08979 -5.37599 -8.04625 -8.52742 -3.30456 -8.19301 -6.50806 -9.51057 -3.63241 -7.77931 -8.60245 -2.36431 -8.12274
86.21 -5.03933 -10.0376 -9.33924 -8.73367 -9.34621 -4.04999 -7.61892 -8.85008 -7.12502 -4.90086 -8.81409 -8.65666 -4.26026 -6.42117 -7.08687 -7.92273 -4.97785 -7.98495 -8.54592 -4.43526 -9.28794 -7.53342 -7.58628 -5.18712 -7.97772 -8.46853 -4.45477 -8.07286 -7.32111 -7.66403 -5.19325 -8.01066 -8.51338 -4.57944 -8.35931 -7.31453 -7.08979 -5.37599 -8.04625 -8.52742 -3.30456 -8.19301 -6.50806 -9.51057 -3.63241 -7.77931 -8.60245 -2.36431 -8.12274
86.26 -5.03933 -10.0376 -9.33924 -8.73367 -9.34621 -4.04999 -7.61892 -8.85008 -7.12502 -4.90086 -8.81409 -8.65666 -4.26026 -6.42117 -7.08687 -7.92273 -4.97785 -7.98495 -8.54592 -4.43526 -9.28794 -7.53342 -7.58628 -5.18712 -7.97772 -8.46853 -4.45477 -8.07286 -7.32111 -7.66403 -5.19325 -8.01066 -8.51338 -4.57944 -8.35931 -7.31453 -7.08979 -5.37599 -8.04625 -8.52742 -3.30456 -8.19301 -6.50806 -9.51057 -3.63241 -7.77931 -8.60245 -2.36431 -8.12274
86.31 -5.03933 -10.0376 -9.33924 -8.73367 -9.34621 -4.04999 -7.61892 -8.85008 -7.12502 -4.90086 -8.81409 -8.65666 -4.26026 -6.42117 -7.08687 -7.92273 -4.97785 -7.98495 -8.54592 -4.43526 -9.28794 -7.53342 -7.58628 -5.18712 -7.97772 -8.46853 -4.45477 -8.07286 -7.32111 -7.66403 -5.19325 -8.01066 -8.51338 -4.57944 -8.35931 -7.31453 -7.08979 -5.37599 -8.04625 -8.52742 -3.30456 -8.19301 -6.50806 -9.51057 -3.63241 -7.77931 -8.60245 -2.36431 -8.12274
86.36 -5.03933 -10.0376 -9.33924 -8.73367 -9.34621 -4.04999 -7.61892 -8.85008 -7.12502 -4.90086 -8.81409 -8.65666 -4.26026 -6.42117 -7.08687 -7.92273 -4.97785 -7.98495 -8.54592 -4.43526 -9.28794 -7.53342 -7.58628 -5.18712 -7.97772 -8.46853 -4.45477 -8.07286 -7.32111 -7.66403 -5.19325 -8.01066 -8.51338 -4.57944 -8.35931 -7.31453 -7.08979 -5.37599 -8.04625 -8.52742 -3.30456 -8.19301 -6.50806 -9.51057 -3.63241 -7.77931 -8.60245 -2.36431 -8.12274
86.41 -5.03933 -10.0376 -9.33924 -8.73367 -9.34621 -4.04999 -7.61892 -8.85008 -7.12502 -4.90086 -8.81409 -8.65666 -4.26026 -6.42117 -7.08687 -7.92273 -4.97785 -7.98495 -8.54592 -4.43526 -9.28794 -7.53342 -7.58628 -5.18712 -7.97772 -8.46853 -4.45477 -8.07286 -7.32111 -7.66403 -5.19325 -8.01066 -8.51338 -4.57944 -8.35931 -7.31453 -7.08979 -5.37599 -8.04625 -8.52742 -3.30456 -8.19301 -6.50806 -9.51057 -3.63241 -7.77931 -8.60245 -2.36431 -8.12274
86.46 -5.03933 -10.0376 -9.33924 -8.73367 -9.34621 -4.04999 -7.61892 -8.85008 -7.12502 -4.90086 -8.81409 -8.65666 -4.26026 -6.42117 -7.08687 -7.92273 -4.97785 -7.98495 -8.54592 -4.43526 -9.28794 -7.53342 -7.58628 -5.18712 -7.97772 -8.46853 -4.45477 -8.07286 -7.32111 -7.66403 -5.19325 -8.01066 -8.51338 -4.57944 -8.35931 -7.31453 -7.08979 -5.37599 -8.04625 -8.52742 -3.30456 -8.19301 -6.50806 -9.51057 -3.63241 -7.77931 -8.60245 -2.36431 -8.12274
86.51 -5.03933 -10.0376 -9.33924 -8.73367 -9.34621 -4.04999 -7.61892 -8.85008 -7.12502 -4.90086 -8.81409 -8.65666 -4.26026 -6.42117 -7.08687 -7.92273 -4.97785 -7.98495 -8.54592 -4.43526 -9.28794 -7.53342 -7.58628 -5.18712 -7.97772 -8.46853 -4.45477 -8.07286 -7.32111 -7.66403 -5.19325 -8.01066 -8.51338 -4.57944 -8.35931 -7.31453 -7.08979 -5.37599 -8.04625 -8.52742 -3.30456 -8.19301 -6.50806 -9.51057 -3.63241 -7.77931 -8.60245 -2.36431 -8.12274
86.56 -5.03933 -10.0376 -9.33924 -8.73367 -9.34621 -4.04999 -7.61892 -8.85008 -7.12502 -4.90086 -8.81409 -8.65666 -4.26026 -6.42117 -7.08687 -7.92273 -4.97785 -7.98495 -8.54592 -4.43526 -9.28794 -7.53342 -7.58628 -5.18712 -7.97772 -8.46853 -4.45477 -8.07286 -7.32111 -7.66403 -5.19325 -8.01066 -8.51338 -4.57944 -8.35931 -7.31453 -7.08979 -5.37599 -8.04625 -8.52742 -3.30456 -8.19301 -6.50806 -9.51057 -3.63241 -7.77931 -8.60245 -2.36431 -8.12274
86.61 -5.03933 -10.0376 -9.33924 -8.73367 -9.34621 -4.04999 -7.61892 -8.85008 -7.12502 -4.90086 -8.81409 -8.65666 -4.26026 -6.42117 -7.08687 -7.92273 -4.97785 -7.98495 -8.54592 -4.43526 -9.28794 -7.53342 -7.58628 -5.18712 -7.97772 -8.46853 -4.45477 -8.07286 -7.32111 -7.66403 -5.19325 -8.01066 -8.51338 -4.57944 -8.35931 -7.31453 -7.08979 -5.37599 -8.04625 -8.52742 -3.30456 -8.19301 -6.50806 -9.51057 -3.63241 -7.77931 -8.60245 -2.36431 -8.12274
86.66 -5.03933 -10.0376 -9.33924 -8.73367 -9.34621 -4.04999 -7.61892 -8.85008 -7.12502 -4.90086 -8.81409 -8.65666 -4.26026 -6.42117 -7.08687 -7.92273 -4.97785 -7.98495 -8.54592 -4.43526 -9.28794 -7.53342 -7.58628 -5.18712 -7.97772 -8.46853 -4.45477 -8.07286 -7.32111 -7.66403 -5.19325 -8.01066 -8.51338 -4.57944 -8.35931 -7.31453 -7.08979 -5.37599 -8.04625 -8.52742 -3.30456 -8.19301 -6.50806 -9.51057 -3.63241 -7.77931 -8.60245 -2.36431 -8.12274
86.71 -5.03933 -10.0376 -9.33924 -8.73367 -9.34621 -4.04999 -7.61892 -8.85008 -7.12502 -4.90086 -8.81409 -8.65666 -4.26026 -6.42117 -7.08687 -7.92273 -4.97785 -7.98495 -8.54592 -4.43526 -9.28794 -7.53342 -7.58628 -5.18712 -7.97772 -8.46853 -4.45477 -8.07286 -7.32111 -7.66403 -5.19325 -8.01066 -8.51338 -4.57944 -8.35931 -7.31453 -7.08979 -5.37599 -8.04625 -8.52742 -3.30456 -8.19301 -6.50806 -9.51057 -3.63241 -7.77931 -8.60245 -2.36431 -8.12274
86.76 -5.03933 -10.0376 -9.33924 -8.73367 -9.34621 -4.04999 -7.61892 -8.85008 -7.12502 -4.90086 -8.81409 -8.65666 -4.26026 -6.42117 -7.08687 -7.92273 -4.97785 -7.98495 -8.54592 -4.43526 -9.28794 -7.53342 -7.58628 -5.18712 -7.97772 -8.46853 -4.45477 -8.07286 -7.32111 -7.66403 -5.19325 -8.01066 -8.51338 -4.57944 -8.35931 -7.31453 -7.08979 -5.37599 -8.04625 -8.52742 -3.30456 -8.19301 -6.50806 -9.51057 -3.63241 -7.77931 -8.60245 -2.36431 -8.12274
86.81 -5.03933 -10.0376 -9.33924 -8.73367 -9.34621 -4.04999 -7.61892 -8.85008 -7.12502 -4.90086 -8.81409 -8.65666 -4.26026 -6.42117 -7.08687 -7.92273 -4.97785 -7.98495 -8.54592 -4.43526 -9.28794 -7.53342 -7.58628 -5.18712 -7.97772 -8.46853 -4.45477 -8.07286 -7.32111 -7.66403 -5.19325 -8.01066 -8.51338 -4.57944 -8.35931 -7.31453 -7.08979 -5.37599 -8.04625 -8.52742 -3.30456 -8.19301 -6.50806 -9.51057 -3.63241 -7.77931 -8.60245 -2.36431 -8.12274
86.86 -5.03933 -10.0376 -9.33924 -8.73367 -9.34621 -4.04999 -7.61892 -8.85008 -7.12502 -4.90086 -8.81409 -8.65666 -4.26026 -6.42117 -7.08687 -7.92273 -4.97785 -7.98495 -8.54592 -4.43526 -9.28794 -7.53342 -7.58628 -5.18712 -7.97772 -8.46853 -4.45477 -8.07286 -7.32111 -7.66403 -5.19325 -8.01066 -8.51338 -4.57944 -8.35931 -7.31453 -7.08979 -5.37599 -8.04625 -8.52742 -3.30456 -8.19301 -6.50806 -9.51057 -3.63241 -7.77931 -8.60245 -2.36431 -8.12274
86.91 -5.03933 -10.0376 -9.33924 -8.73367 -9.34621 -4.04999 -7.61892 -8.85008 -7.12502 -4.90086 -8.81409 -8.65666 -4.26026 -6.42117 -7.08687 -7.92273 -4.97785 -7.98495 -8.54592 -4.43526 -9.28794 -7.53342 -7.58628 -5.18712 -7.97772 -8.46853 -4.45477 -8.07286 -7.32111 -7.66403 -5.19325 -8.01066 -8.51338 -4.57944 -8.35931 -7.31453 -7.08979 -5.37599 -8.04625 -8.52742 -3.30456 -8.19301 -6.50806 -9.51057 -3.63241 -7.77931 -8.60245 -2.36431 -8.12274
86.96 -5.03933 -10.0376 -9.33924 -8.73367 -9.34621 -4.04999 -7.61892 -8.85008 -7.12502 -4.90086 -8.81409 -8.65666 -4.26026 -6.42117 -7.08687 -7.92273 -4.97785 -7.98495 -8.54592 -4.43526 -9.28794 -7.53342 -7.58628 -5.18712 -7.97772 -8.46853 -4.45477 -8.07286 -7.32111 -7.66403 -5.19325 -8.01066 -8.51338 -4.57944 -8.35931 -7.31453 -7.08979 -5.37599 -8.04625 -8.52742 -3.30456 -8.19301 -6.50806 -9.51057 -3.63241 -7.77931 -8.60245 -2.36431 -8.12274
87.01 -5.03933 -10.0376 -9.33924 -8.73367 -9.34621 -4.04999 -7.61892 -8.85008 -7.12502 -4.90086 -8.81409 -8.65666 -4.26026 -6.42117 -7.08687 -7.92273 -4.97785 -7.98495 -8.54592 -4.43526 -9.28794 -7.53342 -7.58628 -5.18712 -7.97772 -8.46853 -4.45477 -8.07286 -7.32111 -7.66403 -5.19325 -8.01066 -8.51338 -4.57944 -8.35931 -7.31453 -7.08979 -5.37599 -8.04625 -8.52742 -3.30456 -8.19301 -6.50806 -9.51057 -3.63241 -7.77931 -8.60245 -2.36431 -8.12274
87.06 -5.03933 -10.0376 -9.33924 -8.73367 -9.34621 -4.04999 -7.61892 -8.85008 -7.12502 -4.90086 -8.81409 -8.65666 -4.26026 -6.42117 -7.08687 -7.92273 -4.97785 -7.98495 -8.54592 -4.43526 -9.28794 -7.53342 -7.58628 -5.18712 -7.97772 -8.46853 -4.45477 -8.07286 -7.32111 -7.66403 -5.19325 -8.01066 -8.51338 -4.57944 -8.35931 -7.31453 -7.08979 -5.37599 -8.04625 -8.52742 -3.30456 -8.19301 -6.50806 -9.51057 -3.63241 -7.77931 -8.60245 -2.36431 -8.12274
87.11 -5.03933 -10.0376 -9.33924 -8.73367 -9.34621 -4.04999 -7.61892 -8.85008 -7.12502 -4.90086 -8.81409 -8.65666 -4.26026 -6.42117 -7.08687 -7.92273 -4.97785 -7.98495 -8.54592 -4.43526 -9.28794 -7.53342 -7.58628 -5.18712 -7.97772 -8.46853 -4.45477 -8.07286 -7.32111 -7.66403 -5.19325 -8.01066 -8.51338 -4.57944 -8.35931 -7.31453 -7.08979 -5.37599 -8.04625 -8.52742 -3.30456 -8.19301 -6.50806 -9.51057 -3.63241 -7.77931 -8.60245 -2.36431 -8.12274
87.16 -5.03933 -10.0376 -9.33924 -8.73367 -9.34621 -4.04999 -7.61892 -8.85008 -7.12502 -4.90086 -8.81409 -8.65666 -4.26026 -6.42117 -7.08687 -7.92273 -4.97785 -7.98495 -8.54592 -4.43526 -9.28794 -7.53342 -7.58628 -5.18712 -7.97772 -8.46853 -4.45477 -8.07286 -7.32111 -7.66403 -5.19325 -8.01066 -8.51338 -4.57944 -8.35931 -7.31453 -7.08979 -5.37599 -8.04625 -8.52742 -3.30456 -8.19301 -6.50806 -9.51057 -3.63241 -7.77931 -8.60245 -2.36431 -8.12274
87.21 -5.03933 -10.0376 -9.33924 -8.73367 -9.34621 -4.04999 -7.61892 -8.85008 -7.12502 -4.90086 -8.81409 -8.65666 -4.26026 -6.42117 -7.08687 -7.92273 -4.97785 -7.98495 -8.54592 -4.43526 -9.28794 -7.53342 -7.58628 -5.18712 -7.97772 -8.46853 -4.45477 -8.07286 -7.32111 -7.66403 -5.19325 -8.01066 -8.51338 -4.57944 -8.35931 -7.31453 -7.08979 -5.37599 -8.04625 -8.52742 -3.30456 -8.19301 -6.50806 -9.51057 -3.63241 -7.77931 -8.60245 -2.36431 -8.12274
87.26 -5.03933 -10.0376 -9.33924 -8.73367 -9.34621 -4.04999 -7.61892 -8.85008 -7.12502 -4.90086 -8.81409 -8.65666 -4.26026 -6.42117 -7.08687 -7.92273 -4.97785 -7.98495 -8.54592 -4.43526 -9.28794 -7.53342 -7.58628 -5.18712 -7.97772 -8.46853 -4.45477 -8.07286 -7.32111 -7.66403 -5.19325 -8.01066 -8.51338 -4.57944 -8.35931 -7.31453 -7.08979 -5.37599 -8.04625 -8.52742 -3.30456 -8.19301 -6.50806 -9.51057 -3.63241 -7.77931 -8.60245 -2.36431 -8.12274
87.31 -5.03933 -10.0376 -9.33924 -8.73367 -9.34621 -4.04999 -7.61892 -8.85008 -7.12502 -4.90086 -8.81409 -8.65666 -4.26026 -6.42117 -7.08687 -7.92273 -4.97785 -7.98495 -8.54592 -4.43526 -9.28794 -7.53342 -7.58628 -5.18712 -7.97772 -8.46853 -4.45477 -8.07286 -7.32111 -7.66403 -5.19325 -8.01066 -8.51338 -4.57944 -8.35931 -7.31453 -7.08979 -5.37599 -8.04625 -8.52742 -3.30456 -8.19301 -6.50806 -9.51057 -3.63241 -7.77931 -8.60245 -2.36431 -8.12274
87.36 -5.03933 -10.0376 -9.33924 -8.73367 -9.34621 -4.04999 -7.61892 -8.85008 -7.12502 -4.90086 -8.81409 -8.65666 -4.26026 -6.42117 -7.08687 -7.92273 -4.97785 -7.98495 -8.54592 -4.43526 -9.28794 -7.53342 -7.58628 -5.18712 -7.97772 -8.46853 -4.45477 -8.07286 -7.32111 -7.66403 -5.19325 -8.01066 -8.51338 -4.57944 -8.35931 -7.31453 -7.08979 -5.37599 -8.04625 -8.52742 -3.30456 -8.19301 -6.50806 -9.51057 -3.63241 -7.77931 -8.60245 -2.36431 -8.12274
87.41 -5.03933 -10.0376 -9.33924 -8.73367 -9.34621 -4.04999 -7.61892 -8.85008 -7.12502 -4.90086 -8.81409 -8.65666 -4.26026 -6.42117 -7.08687 -7.92273 -4.97785 -7.98495 -8.54592 -4.43526 -9.28794 -7.53342 -7.58628 -5.18712 -7.97772 -8.46853 -4.45477 -8.07286 -7.32111 -7.66403 -5.19325 -8.01066 -8.51338 -4.57944 -8.35931 -7.31453 -7.08979 -5.37599 -8.04625 -8.52742 -3.30456 -8.19301 -6.50806 -9.51057 -3.63241 -7.77931 -8.60245 -2.36431 -8.12274
87.46 -5.03933 -10.0376 -9.33924 -8.73367 -9.34621 -4.04999 -7.61892 -8.85008 -7.12502 -4.90086 -8.81409 -8.65666 -4.26026 -6.42117 -7.08687 -7.92273 -4.97785 -7.98495 -8.54592 -4.43526 -9.28794 -7.53342 -7.58628 -5.18712 -7.97772 -8.46853 -4.45477 -8.07286 -7.32111 -7.66403 -5.19325 -8.01066 -8.51338 -4.57944 -8.35931 -7.31453 -7.08979 -5.37599 -8.04625 -8.52742 -3.30456 -8.19301 -6.50806 -9.51057 -3.63241 -7.77931 -8.60245 -2.36431 -8.12274
87.51 -5.03933 -10.0376 -9.33924 -8.73367 -9.34621 -4.04999 -7.61892 -8.85008 -7.12502 -4.90086 -8.81409 -8.65666 -4.26026 -6.42117 -7.08687 -7.92273 -4.97785 -7.98495 -8.54592 -4.43526 -9.28794 -7.53342 -7.58628 -5.18712 -7.97772 -8.46853 -4.45477 -8.07286 -7.32111 -7.66403 -5.19325 -8.01066 -8.51338 -4.57944 -8.35931 -7.31453 -7.08979 -5.37599 -8.04625 -8.52742 -3.30456 -8.19301 -6.50806 -9.51057 -3.63241 -7.77931 -8.60245 -2.36431 -8.12274
87.56 -5.03933 -10.0376 -9.33924 -8.73367 -9.34621 -4.04999 -7.61892 -8.85008 -7.12502 -4.90086 -8.81409 -8.65666 -4.26026 -6.42117 -7.08687 -7.92273 -4.97785 -7.98495 -8.54592 -4.43526 -9.28794 -7.53342 -7.58628 -5.18712 -7.97772 -8.46853 -4.45477 -8.07286 -7.32111 -7.66403 -5.19325 -8.01066 -8.51338 -4.57944 -8.35931 -7.31453 -7.08979 -5.37599 -8.04625 -8.52742 -3.30456 -8.19301 -6.50806 -9.51057 -3.63241 -7.77931 -8.60245 -2.36431 -8.12274
87.61 -5.03933 -10.0376 -9.33924 -8.73367 -9.34621 -4.04999 -7.61892 -8.85008 -7.12502 -4.90086 -8.81409 -8.65666 -4.26026 -6.42117 -7.08687 -7.92273 -4.97785 -7.98495 -8.54592 -4.43526 -9.28794 -7.53342 -7.58628 -5.18712 -7.97772 -8.46853 -4.45477 -8.07286 -7.32111 -7.66403 -5.19325 -8.01066 -8.51338 -4.57944 -8.35931 -7.31453 -7.08979 -5.37599 -8.04625 -8.52742 -3.30456 -8.19301 -6.50806 -9.51057 -3.63241 -7.77931 -8.60245 -2.36431 -8.12274
87.66 -5.03933 -10.0376 -9.33924 -8.73367 -9.34621 -4.04999 -7.61892 -8.85008 -7.12502 -4.90086 -8.81409 -8.65666 -4.26026 -6.42117 -7.08687 -7.92273 -4.97785 -7.98495 -8.54592 -4.43526 -9.28794 -7.53342 -7.58628 -5.18712 -7.97772 -8.46853 -4.45477 -8.07286 -7.32111 -7.66403 -5.19325 -8.01066 -8.51338 -4.57944 -8.35931 -7.31453 -7.08979 -5.37599 -8.04625 -8.52742 -3.30456 -8.19301 -6.50806 -9.51057 -3.63241 -7.77931 -8.60245 -2.36431 -8.12274
87.71 -5.03933 -10.0376 -9.33924 -8.73367 -9.34621 -4.04999 -7.61892 -8.85008 -7.12502 -4.90086 -8.81409 -8.65666 -4.26026 -6.42117 -7.08687 -7.92273 -4.97785 -7.98495 -8.54592 -4.43526 -9.28794 -7.53342 -7.58628 -5.18712 -7.97772 -8.46853 -4.45477 -8.07286 -7.32111 -7.66403 -5.19325 -8.01066 -8.51338 -4.57944 -8.35931 -7.31453 -7.08979 -5.37599 -8.04625 -8.52742 -3.30456 -8.19301 -6.50806 -9.51057 -3.63241 -7.77931 -8.60245 -2.36431 -8.12274
87.76 -5.03933 -10.0376 -9.33924 -8.73367 -9.34621 -4.04999 -7.61892 -8.85008 -7.12502 -4.90086 -8.81409 -8.65666 -4.26026 -6.42117 -7.08687 -7.92273 -4.97785 -7.98495 -8.54592 -4.43526 -9.28794 -7.53342 -7.58628 -5.18712 -7.97772 -8.46853 -4.45477 -8.07286 -7.32111 -7.66403 -5.19325 -8.01066 -8.51338 -4.57944 -8.35931 -7.31453 -7.08979 -5.37599 -8.04625 -8.52742 -3.30456 -8.19301 -6.50806 -9.51057 -3.63241 -7.77931 -8.60245 -2.36431 -8.12274
87.81 -5.03933 -10.0376 -9.33924 -8.73367 -9.34621 -4.04999 -7.61892 -8.85008 -7.12502 -4.90086 -8.81409 -8.65666 -4.26026 -6.42117 -7.08687 -7.92273 -4.97785 -7.98495 -8.54592 -4.43526 -9.28794 -7.53342 -7.58628 -5.18712 -7.97772 -8.46853 -4.45477 -8.07286 -7.32111 -7.66403 -5.19325 -8.01066 -8.51338 -4.57944 -8.35931 -7.31453 -7.08979 -5.37599 -8.04625 -8.52742 -3.30456 -8.19301 -6.50806 -9.51057 -3.63241 -7.77931 -8.60245 -2.36431 -8.12274
87.86 -5.03933 -10.0376 -9.33924 -8.73367 -9.34621 -4.04999 -7.61892 -8.85008 -7.12502 -4.90086 -8.81409 -8.65666 -4.26026 -6.42117 -7.08687 -7.92273 -4.97785 -7.98495 -8.54592 -4.43526 -9.28794 -7.53342 -7.58628 -5.18712 -7.97772 -8.46853 -4.45477 -8.07286 -7.32111 -7.66403 -5.19325 -8.01066 -8.51338 -4.57944 -8.35931 -7.31453 -7.08979 -5.37599 -8.04625 -8.52742 -3.30456 -8.19301 -6.50806 -9.51057 -3.63241 -7.77931 -8.60245 -2.36431 -8.12274
87.91 -5.03933 -10.0376 -9.33924 -8.73367 -9.34621 -4.04999 -7.61892 -8.85008 -7.12502 -4.90086 -8.81409 -8.65666 -4.26026 -6.42117 -7.08687 -7.92273 -4.97785 -7.98495 -8.54592 -4.43526 -9.28794 -7.53342 -7.58628 -5.18712 -7.97772 -8.46853 -4.45477 -8.07286 -7.32111 -7.66403 -5.19325 -8.01066 -8.51338 -4.57944 -8.35931 -7.31453 -7.08979 -5.37599 -8.04625 -8.52742 -3.30456 -8.19301 -6.50806 -9.51057 -3.63241 -7.77931 -8.60245 -2.36431 -8.12274
87.96 -5.03933 -10.0376 -9.33924 -8.73367 -9.34621 -4.04999 -7.61892 -8.85008 -7.12502 -4.90086 -8.81409 -8.65666 -4.26026 -6.42117 -7.08687 -7.92273 -4.97785 -7.98495 -8.54592 -4.43526 -9.28794 -7.53342 -7.58628 -5.18712 -7.97772 -8.46853 -4.45477 -8.07286 -7.32111 -7.66403 -5.19325 -8.01066 -8.51338 -4.57944 -8.35931 -7.31453 -7.08979 -5.37599 -8.04625 -8.52742 -3.30456 -8.19301 -6.50806 -9.51057 -3.63241 -7.77931 -8.60245 -2.36431 -8.12274
88.01 -5.03933 -10.0376 -9.33924 -8.73367 -9.34621 -4.04999 -7.61892 -8.85008 -7.12502 -4.90086 -8.81409 -8.65666 -4.26026 -6.42117 -7.08687 -7.92273 -4.97785 -7.98495 -8.54592 -4.43526 -9.28794 -7.53342 -7.58628 -5.18712 -7.97772 -8.46853 -4.45477 -8.07286 -7.32111 -7.66403 -5.19325 -8.01066 -8.51338 -4.57944 -8.35931 -7.31453 -7.08979 -5.37599 -8.04625 -8.52742 -3.30456 -8.19301 -6.50806 -9.51057 -3.63241 -7.77931 -8.60245 -2.36431 -8.12274
88.06 -5.03933 -10.0376 -9.33924 -8.73367 -9.34621 -4.04999 -7.61892 -8.85008 -7.12502 -4.90086 -8.81409 -8.65666 -4.26026 -6.42117 -7.08687 -7.92273 -4.97785 -7.98495 -8.54592 -4.43526 -9.28794 -7.53342 -7.58628 -5.18712 -7.97772 -8.46853 -4.45477 -8.07286 -7.32111 -7.66403 -5.19325 -8.01066 -8.51338 -4.57944 -8.35931 -7.31453 -7.08979 -5.37599 -8.04625 -8.52742 -3.30456 -8.19301 -6.50806 -9.51057 -3.63241 -7.77931 -8.60245 -2.36431 -8.12274
88.11 -5.03933 -10.0376 -9.33924 -8.73367 -9.34621 -4.04999 -7.61892 -8.85008 -7.12502 -4.90086 -8.81409 -8.65666 -4.26026 -6.42117 -7.08687 -7.92273 -4.97785 -7.98495 -8.54592 -4.43526 -9.28794 -7.53342 -7.58628 -5.18712 -7.97772 -8.46853 -4.45477 -8.07286 -7.32111 -7.66403 -5.19325 -8.01066 -8.51338 -4.57944 -8.35931 -7.31453 -7.08979 -5.37599 -8.04625 -8.52742 -3.30456 -8.19301 -6.50806 -9.51057 -3.63241 -7.77931 -8.60245 -2.36431 -8.12274
88.16 -5.03933 -10.0376 -9.33924 -8.73367 -9.34621 -4.04999 -7.61892 -8.85008 -7.12502 -4.90086 -8.81409 -8.65666 -4.26026 -6.42117 -7.08687 -7.92273 -4.97785 -7.98495 -8.54592 -4.43526 -9.28794 -7.53342 -7.58628 -5.18712 -7.97772 -8.46853 -4.45477 -8.07286 -7.32111 -7.66403 -5.19325 -8.01066 -8.51338 -4.57944 -8.35931 -7.31453 -7.08979 -5.37599 -8.04625 -8.52742 -3.30456 -8.19301 -6.50806 -9.51057 -3.63241 -7.77931 -8.60245 -2.36431 -8.12274
88.21 -5.03933 -10.0376 -9.33924 -8.73367 -9.34621 -4.04999 -7.61892 -8.85008 -7.12502 -4.90086 -8.81409 -8.65666 -4.26026 -6.42117 -7.08687 -7.92273 -4.97785 -7.98495 -8.54592 -4.43526 -9.28794 -7.53342 -7.58628 -5.18712 -7.97772 -8.46853 -4.45477 -8.07286 -7.32111 -7.66403 -5.19325 -8.01066 -8.51338 -4.57944 -8.35931 -7.31453 -7.08979 -5.37599 -8.04625 -8.52742 -3.30456 -8.19301 -6.50806 -9.51057 -3.63241 -7.77931 -8.60245 -2.36431 -8.12274
88.26 -5.03933 -10.0376 -9.33924 -8.73367 -9.34621 -4.04999 -7.61892 -8.85008 -7.12502 -4.90086 -8.81409 -8.65666 -4.26026 -6.42117 -7.08687 -7.92273 -4.97785 -7.98495 -8.54592 -4.43526 -9.28794 -7.53342 -7.58628 -5.18712 -7.97772 -8.46853 -4.45477 -8.07286 -7.32111 -7.66403 -5.19325 -8.01066 -8.51338 -4.57944 -8.35931 -7.31453 -7.08979 -5.37599 -8.04625 -8.52742 -3.30456 -8.19301 -6.50806 -9.51057 -3.63241 -7.77931 -8.60245 -2.36431 -8.12274
88.31 -5.03933 -10.0376 -9.33924 -8.73367 -9.34621 -4.04999 -7.61892 -8.85008 -7.12502 -4.90086 -8.81409 -8.65666 -4.26026 -6.42117 -7.08687 -7.92273 -4.97785 -7.98495 -8.54592 -4.43526 -9.28794 -7.53342 -7.58628 -5.18712 -7.97772 -8.46853 -4.45477 -8.07286 -7.32111 -7.66403 -5.19325 -8.01066 -8.51338 -4.57944 -8.35931 -7.31453 -7.08979 -5.37599 -8.04625 -8.52742 -3.30456 -8.19301 -6.50806 -9.51057 -3.63241 -7.77931 -8.60245 -2.36431 -8.12274
88.36 -5.03933 -10.0376 -9.33924 -8.73367 -9.34621 -4.04999 -7.61892 -8.85008 -7.12502 -4.90086 -8.81409 -8.65666 -4.26026 -6.42117 -7.08687 -7.92273 -4.97785 -7.98495 -8.54592 -4.43526 -9.28794 -7.53342 -7.58628 -5.18712 -7.97772 -8.46853 -4.45477 -8.07286 -7.32111 -7.66403 -5.19325 -8.01066 -8.51338 -4.57944 -8.35931 -7.31453 -7.08979 -5.37599 -8.04625 -8.52742 -3.30456 -8.19301 -6.50806 -9.51057 -3.63241 -7.77931 -8.60245 -2.36431 -8.12274
88.41 -5.03933 -10.0376 -9.33924 -8.73367 -9.34621 -4.04999 -7.61892 -8.85008 -7.12502 -4.90086 -8.81409 -8.65666 -4.26026 -6.42117 -7.08687 -7.92273 -4.97785 -7.98495 -8.54592 -4.43526 -9.28794 -7.53342 -7.58628 -5.18712 -7.97772 -8.46853 -4.45477 -8.07286 -7.32111 -7.66403 -5.19325 -8.01066 -8.51338 -4.57944 -8.35931 -7.31453 -7.08979 -5.37599 -8.04625 -8.52742 -3.30456 -8.19301 -6.50806 -9.51057 -3.63241 -7.77931 -8.60245 -2.36431 -8.12274
88.46 -5.03933 -10.0376 -9.33924 -8.73367 -9.34621 -4.04999 -7.61892 -8.85008 -7.12502 -4.90086 -8.81409 -8.65666 -4.26026 -6.42117 -7.08687 -7.92273 -4.97785 -7.98495 -8.54592 -4.43526 -9.28794 -7.53342 -7.58628 -5.18712 -7.97772 -8.46853 -4.45477 -8.07286 -7.32111 -7.66403 -5.19325 -8.01066 -8.51338 -4.57944 -8.35931 -7.31453 -7.08979 -5.37599 -8.04625 -8.52742 -3.30456 -8.19301 -6.50806 -9.51057 -3.63241 -7.77931 -8.60245 -2.36431 -8.12274
88.51 -5.03933 -10.0376 -9.33924 -8.73367 -9.34621 -4.04999 -7.61892 -8.85008 -7.12502 -4.90086 -8.81409 -8.65666 -4.26026 -6.42117 -7.08687 -7.92273 -4.97785 -7.98495 -8.54592 -4.43526 -9.28794 -7.53342 -7.58628 -5.18712 -7.97772 -8.46853 -4.45477 -8.07286 -7.32111 -7.66403 -5.19325 -8.01066 -8.51338 -4.57944 -8.35931 -7.31453 -7.08979 -5.37599 -8.04625 -8.52742 -3.30456 -8.19301 -6.50806 -9.51057 -3.63241 -7.77931 -8.60245 -2.36431 -8.12274
88.56 -5.03933 -10.0376 -9.33924 -8.73367 -9.34621 -4.04999 -7.61892 -8.85008 -7.12502 -4.90086 -8.81409 -8.65666 -4.26026 -6.42117 -7.08687 -7.92273 -4.97785 -7.98495 -8.54592 -4.43526 -9.28794 -7.53342 -7.58628 -5.18712 -7.97772 -8.46853 -4.45477 -8.07286 -7.32111 -7.66403 -5.19325 -8.01066 -8.51338 -4.57944 -8.35931 -7.31453 -7.08979 -5.37599 -8.04625 -8.52742 -3.30456 -8.19301 -6.50806 -9.51057 -3.63241 -7.77931 -8.60245 -2.36431 -8.12274
88.61 -5.03933 -10.0376 -9.33924 -8.73367 -9.34621 -4.04999 -7.61892 -8.85008 -7.12502 -4.90086 -8.81409 -8.65666 -4.26026 -6.42117 -7.08687 -7.92273 -4.97785 -7.98495 -8.54592 -4.43526 -9.28794 -7.53342 -7.58628 -5.18712 -7.97772 -8.46853 -4.45477 -8.07286 -7.32111 -7.66403 -5.19325 -8.01066 -8.51338 -4.57944 -8.35931 -7.31453 -7.08979 -5.37599 -8.04625 -8.52742 -3.30456 -8.19301 -6.50806 -9.51057 -3.63241 -7.77931 -8.60245 -2.36431 -8.12274
88.66 -5.03933 -10.0376 -9.33924 -8.73367 -9.34621 -4.04999 -7.61892 -8.85008 -7.12502 -4.90086 -8.81409 -8.65666 -4.26026 -6.42117 -7.08687 -7.92273 -4.97785 -7.98495 -8.54592 -4.43526 -9.28794 -7.53342 -7.58628 -5.18712 -7.97772 -8.46853 -4.45477 -8.07286 -7.32111 -7.66403 -5.19325 -8.01066 -8.51338 -4.57944 -8.35931 -7.31453 -7.08979 -5.37599 -8.04625 -8.52742 -3.30456 -8.19301 -6.50806 -9.51057 -3.63241 -7.77931 -8.60245 -2.36431 -8.12274
88.71 -5.03933 -10.0376 -9.33924 -8.73367 -9.34621 -4.04999 -7.61892 -8.85008 -7.12502 -4.90086 -8.81409 -8.65666 -4.26026 -6.42117 -7.08687 -7.92273 -4.97785 -7.98495 -8.54592 -4.43526 -9.28794 -7.53342 -7.58628 -5.18712 -7.97772 -8.46853 -4.45477 -8.07286 -7.32111 -7.66403 -5.19325 -8.01066 -8.51338 -4.57944 -8.35931 -7.31453 -7.08979 -5.37599 -8.04625 -8.52742 -3.30456 -8.19301 -6.50806 -9.51057 -3.63241 -7.77931 -8.60245 -2.36431 -8.12274
88.76 -5.03933 -10.0376 -9.33924 -8.73367 -9.34621 -4.04999 -7.61892 -8.85008 -7.12502 -4.90086 -8.81409 -8.65666 -4.26026 -6.42117 -7.08687 -7.92273 -4.97785 -7.98495 -8.54592 -4.43526 -9.28794 -7.53342 -7.58628 -5.18712 -7.97772 -8.46853 -4.45477 -8.07286 -7.32111 -7.66403 -5.19325 -8.01066 -8.51338 -4.57944 -8.35931 -7.31453 -7.08979 -5.37599 -8.04625 -8.52742 -3.30456 -8.19301 -6.50806 -9.51057 -3.63241 -7.77931 -8.60245 -2.36431 -8.12274
88.81 -5.03933 -10.0376 -9.33924 -8.73367 -9.34621 -4.04999 -7.61892 -8.85008 -7.12502 -4.90086 -8.81409 -8.65666 -4.26026 -6.42117 -7.08687 -7.92273 -4.97785 -7.98495 -8.54592 -4.43526 -9.28794 -7.53342 -7.58628 -5.18712 -7.97772 -8.46853 -4.45477 -8.07286 -7.32111 -7.66403 -5.19325 -8.01066 -8.51338 -4.57944 -8.35931 -7.31453 -7.08979 -5.37599 -8.04625 -8.52742 -3.30456 -8.19301 -6.50806 -9.51057 -3.63241 -7.77931 -8.60245 -2.36431 -8.12274
88.86 -5.03933 -10.0376 -9.33924 -8.73367 -9.34621 -4.04999 -7.61892 -8.85008 -7.12502 -4.90086 -8.81409 -8.65666 -4.26026 -6.42117 -7.08687 -7.92273 -4.97785 -7.98495 -8.54592 -4.43526 -9.28794 -7.53342 -7.58628 -5.18712 -7.97772 -8.46853 -4.45477 -8.07286 -7.32111 -7.66403 -5.19325 -8.01066 -8.51338 -4.57944 -8.35931 -7.31453 -7.08979 -5.37599 -8.04625 -8.52742 -3.30456 -8.19301 -6.50806 -9.51057 -3.63241 -7.77931 -8.60245 -2.36431 -8.12274
88.91 -5.03933 -10.0376 -9.33924 -8.73367 -9.34621 -4.04999 -7.61892 -8.85008 -7.12502 -4.90086 -8.81409 -8.65666 -4.26026 -6.42117 -7.08687 -7.92273 -4.97785 -7.98495 -8.54592 -4.43526 -9.28794 -7.53342 -7.58628 -5.18712 -7.97772 -8.46853 -4.45477 -8.07286 -7.32111 -7.66403 -5.19325 -8.01066 -8.51338 -4.57944 -8.35931 -7.31453 -7.08979 -5.37599 -8.04625 -8.52742 -3.30456 -8.19301 -6.50806 -9.51057 -3.63241 -7.77931 -8.60245 -2.36431 -8.12274
88.96 -5.03933 -10.0376 -9.33924 -8.73367 -9.34621 -4.04999 -7.61892 -8.85008 -7.12502 -4.90086 -8.81409 -8.65666 -4.26026 -6.42117 -7.08687 -7.92273 -4.97785 -7.98495 -8.54592 -4.43526 -9.28794 -7.53342 -7.58628 -5.18712 -7.97772 -8.46853 -4.45477 -8.07286 -7.32111 -7.66403 -5.19325 -8.01066 -8.51338 -4.57944 -8.35931 -7.31453 -7.08979 -5.37599 -8.04625 -8.52742 -3.30456 -8.19301 -6.50806 -9.51057 -3.63241 -7.77931 -8.60245 -2.36431 -8.12274
89.01 -5.03933 -10.0376 -9.33924 -8.73367 -9.34621 -4.04999 -7.61892 -8.85008 -7.12502 -4.90086 -8.81409 -8.65666 -4.26026 -6.42117 -7.08687 -7.92273 -4.97785 -7.98495 -8.54592 -4.43526 -9.28794 -7.53342 -7.58628 -5.18712 -7.97772 -8.46853 -4.45477 -8.07286 -7.32111 -7.66403 -5.19325 -8.01066 -8.51338 -4.57944 -8.35931 -7.31453 -7.08979 -5.37599 -8.04625 -8.52742 -3.30456 -8.19301 -6.50806 -9.51057 -3.63241 -7.77931 -8.60245 -2.36431 -8.12274
89.06 -5.03933 -10.0376 -9.33924 -8.73367 -9.34621 -4.04999 -7.61892 -8.85008 -7.12502 -4.90086 -8.81409 -8.65666 -4.26026 -6.42117 -7.08687 -7.92273 -4.97785 -7.98495 -8.54592 -4.43526 -9.28794 -7.53342 -7.58628 -5.18712 -7.97772 -8.46853 -4.45477 -8.07286 -7.32111 -7.66403 -5.19325 -8.01066 -8.51338 -4.57944 -8.35931 -7.31453 -7.08979 -5.37599 -8.04625 -8.52742 -3.30456 -8.19301 -6.50806 -9.51057 -3.63241 -7.77931 -8.60245 -2.36431 -8.12274
89.11 -5.03933 -10.0376 -9.33924 -8.73367 -9.34621 -4.04999 -7.61892 -8.85008 -7.12502 -4.90086 -8.81409 -8.65666 -4.26026 -6.42117 -7.08687 -7.92273 -4.97785 -7.98495 -8.54592 -4.43526 -9.28794 -7.53342 -7.58628 -5.18712 -7.97772 -8.46853 -4.45477 -8.07286 -7.32111 -7.66403 -5.19325 -8.01066 -8.51338 -4.57944 -8.35931 -7.31453 -7.08979 -5.37599 -8.04625 -8.52742 -3.30456 -8.19301 -6.50806 -9.51057 -3.63241 -7.77931 -8.60245 -2.36431 -8.12274
89.16 -5.03933 -10.0376 -9.33924 -8.73367 -9.34621 -4.04999 -7.61892 -8.85008 -7.12502 -4.90086 -8.81409 -8.65666 -4.26026 -6.42117 -7.08687 -7.92273 -4.97785 -7.98495 -8.54592 -4.43526 -9.28794 -7.53342 -7.58628 -5.18712 -7.97772 -8.46853 -4.45477 -8.07286 -7.32111 -7.66403 -5.19325 -8.01066 -8.51338 -4.57944 -8.35931 -7.31453 -7.08979 -5.37599 -8.04625 -8.52742 -3.30456 -8.19301 -6.50806 -9.51057 -3.63241 -7.77931 -8.60245 -2.36431 -8.12274
89.21 -5.03933 -10.0376 -9.33924 -8.73367 -9.34621 -4.04999 -7.61892 -8.85008 -7.12502 -4.90086 -8.81409 -8.65666 -4.26026 -6.42117 -7.08687 -7.92273 -4.97785 -7.98495 -8.54592 -4.43526 -9.28794 -7.53342 -7.58628 -5.18712 -7.97772 -8.46853 -4.45477 -8.07286 -7.32111 -7.66403 -5.19325 -8.01066 -8.51338 -4.57944 -8.35931 -7.31453 -7.08979 -5.37599 -8.04625 -8.52742 -3.30456 -8.19301 -6.50806 -9.51057 -3.63241 -7.77931 -8.60245 -2.36431 -8.12274
89.26 -5.03933 -10.0376 -9.33924 -8.73367 -9.34621 -4.04999 -7.61892 -8.85008 -7.12502 -4.90086 -8.81409 -8.65666 -4.26026 -6.42117 -7.08687 -7.92273 -4.97785 -7.98495 -8.54592 -4.43526 -9.28794 -7.53342 -7.58628 -5.18712 -7.97772 -8.46853 -4.45477 -8.07286 -7.32111 -7.66403 -5.19325 -8.01066 -8.51338 -4.57944 -8.35931 -7.31453 -7.08979 -5.37599 -8.04625 -8.52742 -3.30456 -8.19301 -6.50806 -9.51057 -3.63241 -7.77931 -8.60245 -2.36431 -8.12274
89.31 -5.03933 -10.0376 -9.33924 -8.73367 -9.34621 -4.04999 -7.61892 -8.85008 -7.12502 -4.90086 -8.81409 -8.65666 -4.26026 -6.42117 -7.08687 -7.92273 -4.97785 -7.98495 -8.54592 -4.43526 -9.28794 -7.53342 -7.58628 -5.18712 -7.97772 -8.46853 -4.45477 -8.07286 -7.32111 -7.66403 -5.19325 -8.01066 -8.51338 -4.57944 -8.35931 -7.31453 -7.08979 -5.37599 -8.04625 -8.52742 -3.30456 -8.19301 -6.50806 -9.51057 -3.63241 -7.77931 -8.60245 -2.36431 -8.12274
89.36 -5.03933 -10.0376 -9.33924 -8.73367 -9.34621 -4.04999 -7.61892 -8.85008 -7.12502 -4.90086 -8.81409 -8.65666 -4.26026 -6.42117 -7.08687 -7.92273 -4.97785 -7.98495 -8.54592 -4.43526 -9.28794 -7.53342 -7.58628 -5.18712 -7.97772 -8.46853 -4.45477 -8.07286 -7.32111 -7.66403 -5.19325 -8.01066 -8.51338 -4.57944 -8.35931 -7.31453 -7.08979 -5.37599 -8.04625 -8.52742 -3.30456 -8.19301 -6.50806 -9.51057 -3.63241 -7.77931 -8.60245 -2.36431 -8.12274
89.41 -5.03933 -10.0376 -9.33924 -8.73367 -9.34621 -4.04999 -7.61892 -8.85008 -7.12502 -4.90086 -8.81409 -8.65666 -4.26026 -6.42117 -7.08687 -7.92273 -4.97785 -7.98495 -8.54592 -4.43526 -9.28794 -7.53342 -7.58628 -5.18712 -7.97772 -8.46853 -4.45477 -8.07286 -7.32111 -7.66403 -5.19325 -8.01066 -8.51338 -4.57944 -8.35931 -7.31453 -7.08979 -5.37599 -8.04625 -8.52742 -3.30456 -8.19301 -6.50806 -9.51057 -3.63241 -7.77931 -8.60245 -2.36431 -8.12274
89.46 -5.03933 -10.0376 -9.33924 -8.73367 -9.34621 -4.04999 -7.61892 -8.85008 -7.12502 -4.90086 -8.81409 -8.65666 -4.26026 -6.42117 -7.08687 -7.92273 -4.97785 -7.98495 -8.54592 -4.43526 -9.28794 -7.53342 -7.58628 -5.18712 -7.97772 -8.46853 -4.45477 -8.07286 -7.32111 -7.66403 -5.19325 -8.01066 -8.51338 -4.57944 -8.35931 -7.31453 -7.08979 -5.37599 -8.04625 -8.52742 -3.30456 -8.19301 -6.50806 -9.51057 -3.63241 -7.77931 -8.60245 -2.36431 -8.12274
89.51 -5.03933 -10.0376 -9.33924 -8.73367 -9.34621 -4.04999 -7.61892 -8.85008 -7.12502 -4.90086 -8.81409 -8.65666 -4.26026 -6.42117 -7.08687 -7.92273 -4.97785 -7.98495 -8.54592 -4.43526 -9.28794 -7.53342 -7.58628 -5.18712 -7.97772 -8.46853 -4.45477 -8.07286 -7.32111 -7.66403 -5.19325 -8.01066 -8.51338 -4.57944 -8.35931 -7.31453 -7.08979 -5.37599 -8.04625 -8.52742 -3.30456 -8.19301 -6.50806 -9.51057 -3.63241 -7.77931 -8.60245 -2.36431 -8.12274
89.56 -5.03933 -10.0376 -9.33924 -8.73367 -9.34621 -4.04999 -7.61892 -8.85008 -7.12502 -4.90086 -8.81409 -8.65666 -4.26026 -6.42117 -7.08687 -7.92273 -4.97785 -7.98495 -8.54592 -4.43526 -9.28794 -7.53342 -7.58628 -5.18712 -7.97772 -8.46853 -4.45477 -8.07286 -7.32111 -7.66403 -5.19325 -8.01066 -8.51338 -4.57944 -8.35931 -7.31453 -7.08979 -5.37599 -8.04625 -8.52742 -3.30456 -8.19301 -6.50806 -9.51057 -3.63241 -7.77931 -8.60245 -2.36431 -8.12274
89.61 -5.03933 -10.0376 -9.33924 -8.73367 -9.34621 -4.04999 -7.61892 -8.85008 -7.12502 -4.90086 -8.81409 -8.65666 -4.26026 -6.42117 -7.08687 -7.92273 -4.97785 -7.98495 -8.54592 -4.43526 -9.28794 -7.53342 -7.58628 -5.18712 -7.97772 -8.46853 -4.45477 -8.07286 -7.32111 -7.66403 -5.19325 -8.01066 -8.51338 -4.57944 -8.35931 -7.31453 -7.08979 -5.37599 -8.04625 -8.52742 -3.30456 -8.19301 -6.50806 -9.51057 -3.63241 -7.77931 -8.60245 -2.36431 -8.12274
89.66 -5.03933 -10.0376 -9.33924 -8.73367 -9.34621 -4.04999 -7.61892 -8.85008 -7.12502 -4.90086 -8.81409 -8.65666 -4.26026 -6.42117 -7.08687 -7.92273 -4.97785 -7.98495 -8.54592 -4.43526 -9.28794 -7.53342 -7.58628 -5.18712 -7.97772 -8.46853 -4.45477 -8.07286 -7.32111 -7.66403 -5.19325 -8.01066 -8.51338 -4.57944 -8.35931 -7.31453 -7.08979 -5.37599 -8.04625 -8.52742 -3.30456 -8.19301 -6.50806 -9.51057 -3.63241 -7.77931 -8.60245 -2.36431 -8.12274
89.71 -5.03933 -10.0376 -9.33924 -8.73367 -9.34621 -4.04999 -7.61892 -8.85008 -7.12502 -4.90086 -8.81409 -8.65666 -4.26026 -6.42117 -7.08687 -7.92273 -4.97785 -7.98495 -8.54592 -4.43526 -9.28794 -7.53342 -7.58628 -5.18712 -7.97772 -8.46853 -4.45477 -8.07286 -7.32111 -7.66403 -5.19325 -8.01066 -8.51338 -4.57944 -8.35931 -7.31453 -7.08979 -5.37599 -8.04625 -8.52742 -3.30456 -8.19301 -6.50806 -9.51057 -3.63241 -7.77931 -8.60245 -2.36431 -8.12274
89.76 -5.03933 -10.0376 -9.33924 -8.73367 -9.34621 -4.04999 -7.61892 -8.85008 -7.12502 -4.90086 -8.81409 -8.65666 -4.26026 -6.42117 -7.08687 -7.92273 -4.97785 -7.98495 -8.54592 -4.43526 -9.28794 -7.53342 -7.58628 -5.18712 -7.97772 -8.46853 -4.45477 -8.07286 -7.32111 -7.66403 -5.19325 -8.01066 -8.51338 -4.57944 -8.35931 -7.31453 -7.08979 -5.37599 -8.04625 -8.52742 -3.30456 -8.19301 -6.50806 -9.51057 -3.63241 -7.77931 -8.60245 -2.36431 -8.12274
89.81 -5.03933 -10.0376 -9.33924 -8.73367 -9.34621 -4.04999 -7.61892 -8.85008 -7.12502 -4.90086 -8.81409 -8.65666 -4.26026 -6.42117 -7.08687 -7.92273 -4.97785 -7.98495 -8.54592 -4.43526 -9.28794 -7.53342 -7.58628 -5.18712 -7.97772 -8.46853 -4.45477 -8.07286 -7.32111 -7.66403 -5.19325 -8.01066 -8.51338 -4.57944 -8.35931 -7.31453 -7.08979 -5.37599 -8.04625 -8.52742 -3.30456 -8.19301 -6.50806 -9.51057 -3.63241 -7.77931 -8.60245 -2.36431 -8.12274
89.86 -5.03933 -10.0376 -9.33924 -8.73367 -9.34621 -4.04999 -7.61892 -8.85008 -7.12502 -4.90086 -8.81409 -8.65666 -4.26026 -6.42117 -7.08687 -7.92273 -4.97785 -7.98495 -8.54592 -4.43526 -9.28794 -7.53342 -7.58628 -5.18712 -7.97772 -8.46853 -4.45477 -8.07286 -7.32111 -7.66403 -5.19325 -8.01066 -8.51338 -4.57944 -8.35931 -7.31453 -7.08979 -5.37599 -8.04625 -8.52742 -3.30456 -8.19301 -6.50806 -9.51057 -3.63241 -7.77931 -8.60245 -2.36431 -8.12274
89.91 -5.03933 -10.0376 -9.33924 -8.73367 -9.34621 -4.04999 -7.61892 -8.85008 -7.12502 -4.90086 -8.81409 -8.65666 -4.26026 -6.42117 -7.08687 -7.92273 -4.97785 -7.98495 -8.54592 -4.43526 -9.28794 -7.53342 -7.58628 -5.18712 -7.97772 -8.46853 -4.45477 -8.07286 -7.32111 -7.66403 -5.19325 -8.01066 -8.51338 -4.57944 -8.35931 -7.31453 -7.08979 -5.37599 -8.04625 -8.52742 -3.30456 -8.19301 -6.50806 -9.51057 -3.63241 -7.77931 -8.60245 -2.36431 -8.12274
89.96 -5.03933 -10.0376 -9.33924 -8.73367 -9.34621 -4.04999 -7.61892 -8.85008 -7.12502 -4.90086 -8.81409 -8.65666 -4.26026 -6.42117 -7.08687 -7.92273 -4.97785 -7.98495 -8.54592 -4.43526 -9.28794 -7.53342 -7.58628 -5.18712 -7.97772 -8.46853 -4.45477 -8.07286 -7.32111 -7.66403 -5.19325 -8.01066 -8.51338 -4.57944 -8.35931 -7.31453 -7.08979 -5.37599 -8.04625 -8.52742 -3.30456 -8.19301 -6.50806 -9.51057 -3.63241 -7.77931 -8.60245 -2.36431 -8.12274
90.01 -5.03933 -10.0376 -9.33924 -8.73367 -9.34621 -4.04999 -7.61892 -8.85008 -7.12502 -4.90086 -8.81409 -8.65666 -4.26026 -6.42117 -7.08687 -7.92273 -4.97785 -7.98495 -8.54592 -4.43526 -9.28794 -7.53342 -7.58628 -5.18712 -7.97772 -8.46853 -4.45477 -8.07286 -7.32111 -7.66403 -5.19325 -8.01066 -8.51338 -4.57944 -8.35931 -7.31453 -7.08979 -5.37599 -8.04625 -8.52742 -3.30456 -8.19301 -6.50806 -9.51057 -3.63241 -7.77931 -8.60245 -2.36431 -8.12274
90.06 -5.03933 -10.0376 -9.33924 -8.73367 -9.34621 -4.04999 -7.61892 -8.85008 -7.12502 -4.90086 -8.81409 -8.65666 -4.26026 -6.42117 -7.08687 -7.92273 -4.97785 -7.98495 -8.54592 -4.43526 -9.28794 -7.53342 -7.58628 -5.18712 -7.97772 -8.46853 -4.45477 -8.07286 -7.32111 -7.66403 -5.19325 -8.01066 -8.51338 -4.57944 -8.35931 -7.31453 -7.08979 -5.37599 -8.04625 -8.52742 -3.30456 -8.19301 -6.50806 -9.51057 -3.63241 -7.77931 -8.60245 -2.36431 -8.12274
90.11 -5.03933 -10.0376 -9.33924 -8.73367 -9.34621 -4.04999 -7.61892 -8.85008 -7.12502 -4.90086 -8.81409 -8.65666 -4.26026 -6.42117 -7.08687 -7.92273 -4.97785 -7.98495 -8.54592 -4.43526 -9.28794 -7.53342 -7.58628 -5.18712 -7.97772 -8.46853 -4.45477 -8.07286 -7.32111 -7.66403 -5.19325 -8.01066 -8.51338 -4.57944 -8.35931 -7.31453 -7.08979 -5.37599 -8.04625 -8.52742 -3.30456 -8.19301 -6.50806 -9.51057 -3.63241 -7.77931 -8.60245 -2.36431 -8.12274
90.16 -5.03933 -10.0376 -9.33924 -8.73367 -9.34621 -4.04999 -7.61892 -8.85008 -7.12502 -4.90086 -8.81409 -8.65666 -4.26026 -6.42117 -7.08687 -7.92273 -4.97785 -7.98495 -8.54592 -4.43526 -9.28794 -7.53342 -7.58628 -5.18712 -7.97772 -8.46853 -4.45477 -8.07286 -7.32111 -7.66403 -5.19325 -8.01066 -8.51338 -4.57944 -8.35931 -7.31453 -7.08979 -5.37599 -8.04625 -8.52742 -3.30456 -8.19301 -6.50806 -9.51057 -3.63241 -7.77931 -8.60245 -2.36431 -8.12274
90.21 -5.03933 -10.0376 -9.33924 -8.73367 -9.34621 -4.04999 -7.61892 -8.85008 -7.12502 -4.90086 -8.81409 -8.65666 -4.26026 -6.42117 -7.08687 -7.92273 -4.97785 -7.98495 -8.54592 -4.43526 -9.28794 -7.53342 -7.58628 -5.18712 -7.97772 -8.46853 -4.45477 -8.07286 -7.32111 -7.66403 -5.19325 -8.01066 -8.51338 -4.57944 -8.35931 -7.31453 -7.08979 -5.37599 -8.04625 -8.52742 -3.30456 -8.19301 -6.50806 -9.51057 -3.63241 -7.77931 -8.60245 -2.36431 -8.12274
90.26 -5.03933 -10.0376 -9.33924 -8.73367 -9.34621 -4.04999 -7.61892 -8.85008 -7.12502 -4.90086 -8.81409 -8.65666 -4.26026 -6.42117 -7.08687 -7.92273 -4.97785 -7.98495 -8.54592 -4.43526 -9.28794 -7.53342 -7.58628 -5.18712 -7.97772 -8.46853 -4.45477 -8.07286 -7.32111 -7.66403 -5.19325 -8.01066 -8.51338 -4.57944 -8.35931 -7.31453 -7.08979 -5.37599 -8.04625 -8.52742 -3.30456 -8.19301 -6.50806 -9.51057 -3.63241 -7.77931 -8.60245 -2.36431 -8.12274
90.31 -5.03933 -10.0376 -9.33924 -8.73367 -9.34621 -4.04999 -7.61892 -8.85008 -7.12502 -4.90086 -8.81409 -8.65666 -4.26026 -6.42117 -7.08687 -7.92273 -4.97785 -7.98495 -8.54592 -4.43526 -9.28794 -7.53342 -7.58628 -5.18712 -7.97772 -8.46853 -4.45477 -8.07286 -7.32111 -7.66403 -5.19325 -8.01066 -8.51338 -4.57944 -8.35931 -7.31453 -7.08979 -5.37599 -8.04625 -8.52742 -3.30456 -8.19301 -6.50806 -9.51057 -3.63241 -7.77931 -8.60245 -2.36431 -8.12274
90.36 -5.03933 -10.0376 -9.33924 -8.73367 -9.34621 -4.04999 -7.61892 -8.85008 -7.12502 -4.90086 -8.81409 -8.65666 -4.26026 -6.42117 -7.08687 -7.92273 -4.97785 -7.98495 -8.54592 -4.43526 -9.28794 -7.53342 -7.58628 -5.18712 -7.97772 -8.46853 -4.45477 -8.07286 -7.32111 -7.66403 -5.19325 -8.01066 -8.51338 -4.57944 -8.35931 -7.31453 -7.08979 -5.37599 -8.04625 -8.52742 -3.30456 -8.19301 -6.50806 -9.51057 -3.63241 -7.77931 -8.60245 -2.36431 -8.12274
90.41 -5.03933 -10.0376 -9.33924 -8.73367 -9.34621 -4.04999 -7.61892 -8.85008 -7.12502 -4.90086 -8.81409 -8.65666 -4.26026 -6.42117 -7.08687 -7.92273 -4.97785 -7.98495 -8.54592 -4.43526 -9.28794 -7.53342 -7.58628 -5.18712 -7.97772 -8.46853 -4.45477 -8.07286 -7.32111 -7.66403 -5.19325 -8.01066 -8.51338 -4.57944 -8.35931 -7.31453 -7.08979 -5.37599 -8.04625 -8.52742 -3.30456 -8.19301 -6.50806 -9.51057 -3.63241 -7.77931 -8.60245 -2.36431 -8.12274
90.46 -5.03933 -10.0376 -9.33924 -8.73367 -9.34621 -4.04999 -7.61892 -8.85008 -7.12502 -4.90086 -8.81409 -8.65666 -4.26026 -6.42117 -7.08687 -7.92273 -4.97785 -7.98495 -8.54592 -4.43526 -9.28794 -7.53342 -7.58628 -5.18712 -7.97772 -8.46853 -4.45477 -8.07286 -7.32111 -7.66403 -5.19325 -8.01066 -8.51338 -4.57944 -8.35931 -7.31453 -7.08979 -5.37599 -8.04625 -8.52742 -3.30456 -8.19301 -6.50806 -9.51057 -3.63241 -7.77931 -8.60245 -2.36431 -8.12274
90.51 -5.03933 -10.0376 -9.33924 -8.73367 -9.34621 -4.04999 -7.61892 -8.85008 -7.12502 -4.90086 -8.81409 -8.65666 -4.26026 -6.42117 -7.08687 -7.92273 -4.97785 -7.98495 -8.54592 -4.43526 -9.28794 -7.53342 -7.58628 -5.18712 -7.97772 -8.46853 -4.45477 -8.07286 -7.32111 -7.66403 -5.19325 -8.01066 -8.51338 -4.57944 -8.35931 -7.31453 -7.08979 -5.37599 -8.04625 -8.52742 -3.30456 -8.19301 -6.50806 -9.51057 -3.63241 -7.77931 -8.60245 -2.36431 -8.12274
90.56 -5.03933 -10.0376 -9.33924 -8.73367 -9.34621 -4.04999 -7.61892 -8.85008 -7.12502 -4.90086 -8.81409 -8.65666 -4.26026 -6.42117 -7.08687 -7.92273 -4.97785 -7.98495 -8.54592 -4.43526 -9.28794 -7.53342 -7.58628 -5.18712 -7.97772 -8.46853 -4.45477 -8.07286 -7.32111 -7.66403 -5.19325 -8.01066 -8.51338 -4.57944 -8.35931 -7.31453 -7.08979 -5.37599 -8.04625 -8.52742 -3.30456 -8.19301 -6.50806 -9.51057 -3.63241 -7.77931 -8.60245 -2.36431 -8.12274
90.61 -5.03933 -10.0376 -9.33924 -8.73367 -9.34621 -4.04999 -7.61892 -8.85008 -7.12502 -4.90086 -8.81409 -8.65666 -4.26026 -6.42117 -7.08687 -7.92273 -4.97785 -7.98495 -8.54592 -4.43526 -9.28794 -7.53342 -7.58628 -5.18712 -7.97772 -8.46853 -4.45477 -8.07286 -7.32111 -7.66403 -5.19325 -8.01066 -8.51338 -4.57944 -8.35931 -7.31453 -7.08979 -5.37599 -8.04625 -8.52742 -3.30456 -8.19301 -6.50806 -9.51057 -3.63241 -7.77931 -8.60245 -2.36431 -8.12274
90.66 -5.03933 -10.0376 -9.33924 -8.73367 -9.34621 -4.04999 -7.61892 -8.85008 -7.12502 -4.90086 -8.81409 -8.65666 -4.26026 -6.42117 -7.08687 -7.92273 -4.97785 -7.98495 -8.54592 -4.43526 -9.28794 -7.53342 -7.58628 -5.18712 -7.97772 -8.46853 -4.45477 -8.07286 -7.32111 -7.66403 -5.19325 -8.01066 -8.51338 -4.57944 -8.35931 -7.31453 -7.08979 -5.37599 -8.04625 -8.52742 -3.30456 -8.19301 -6.50806 -9.51057 -3.63241 -7.77931 -8.60245 -2.36431 -8.12274
90.71 -5.03933 -10.0376 -9.33924 -8.73367 -9.34621 -4.04999 -7.61892 -8.85008 -7.12502 -4.90086 -8.81409 -8.65666 -4.26026 -6.42117 -7.08687 -7.92273 -4.97785 -7.98495 -8.54592 -4.43526 -9.28794 -7.53342 -7.58628 -5.18712 -7.97772 -8.46853 -4.45477 -8.07286 -7.32111 -7.66403 -5.19325 -8.01066 -8.51338 -4.57944 -8.35931 -7.31453 -7.08979 -5.37599 -8.04625 -8.52742 -3.30456 -8.19301 -6.50806 -9.51057 -3.63241 -7.77931 -8.60245 -2.36431 -8.12274
90.76 -5.03933 -10.0376 -9.33924 -8.73367 -9.34621 -4.04999 -7.61892 -8.85008 -7.12502 -4.90086 -8.81409 -8.65666 -4.26026 -6.42117 -7.08687 -7.92273 -4.97785 -7.98495 -8.54592 -4.43526 -9.28794 -7.53342 -7.58628 -5.18712 -7.97772 -8.46853 -4.45477 -8.07286 -7.32111 -7.66403 -5.19325 -8.01066 -8.51338 -4.57944 -8.35931 -7.31453 -7.08979 -5.37599 -8.04625 -8.52742 -3.30456 -8.19301 -6.50806 -9.51057 -3.63241 -7.77931 -8.60245 -2.36431 -8.12274
90.81 -5.03933 -10.0376 -9.33924 -8.73367 -9.34621 -4.04999 -7.61892 -8.85008 -7.12502 -4.90086 -8.81409 -8.65666 -4.26026 -6.42117 -7.08687 -7.92273 -4.97785 -7.98495 -8.54592 -4.43526 -9.28794 -7.53342 -7.58628 -5.18712 -7.97772 -8.46853 -4.45477 -8.07286 -7.32111 -7.66403 -5.19325 -8.01066 -8.51338 -4.57944 -8.35931 -7.31453 -7.08979 -5.37599 -8.04625 -8.52742 -3.30456 -8.19301 -6.50806 -9.51057 -3.63241 -7.77931 -8.60245 -2.36431 -8.12274
90.86 -5.03933 -10.0376 -9.33924 -8.73367 -9.34621 -4.04999 -7.61892 -8.85008 -7.12502 -4.90086 -8.81409 -8.65666 -4.26026 -6.42117 -7.08687 -7.92273 -4.97785 -7.98495 -8.54592 -4.43526 -9.28794 -7.53342 -7.58628 -5.18712 -7.97772 -8.46853 -4.45477 -8.07286 -7.32111 -7.66403 -5.19325 -8.01066 -8.51338 -4.57944 -8.35931 -7.31453 -7.08979 -5.37599 -8.04625 -8.52742 -3.30456 -8.19301 -6.50806 -9.51057 -3.63241 -7.77931 -8.60245 -2.36431 -8.12274
90.91 -5.03933 -10.0376 -9.33924 -8.73367 -9.34621 -4.04999 -7.61892 -8.85008 -7.12502 -4.90086 -8.81409 -8.65666 -4.26026 -6.42117 -7.08687 -7.92273 -4.97785 -7.98495 -8.54592 -4.43526 -9.28794 -7.53342 -7.58628 -5.18712 -7.97772 -8.46853 -4.45477 -8.07286 -7.32111 -7.66403 -5.19325 -8.01066 -8.51338 -4.57944 -8.35931 -7.31453 -7.08979 -5.37599 -8.04625 -8.52742 -3.30456 -8.19301 -6.50806 -9.51057 -3.63241 -7.77931 -8.60245 -2.36431 -8.12274
90.96 -5.03933 -10.0376 -9.33924 -8.73367 -9.34621 -4.04999 -7.61892 -8.85008 -7.12502 -4.90086 -8.81409 -8.65666 -4.26026 -6.42117 -7.08687 -7.92273 -4.97785 -7.98495 -8.54592 -4.43526 -9.28794 -7.53342 -7.58628 -5.18712 -7.97772 -8.46853 -4.45477 -8.07286 -7.32111 -7.66403 -5.19325 -8.01066 -8.51338 -4.57944 -8.35931 -7.31453 -7.08979 -5.37599 -8.04625 -8.52742 -3.30456 -8.19301 -6.50806 -9.51057 -3.63241 -7.77931 -8.60245 -2.36431 -8.12274
91.01 -5.03933 -10.0376 -9.33924 -8.73367 -9.34621 -4.04999 -7.61892 -8.85008 -7.12502 -4.90086 -8.81409 -8.65666 -4.26026 -6.42117 -7.08687 -7.92273 -4.97785 -7.98495 -8.54592 -4.43526 -9.28794 -7.53342 -7.58628 -5.18712 -7.97772 -8.46853 -4.45477 -8.07286 -7.32111 -7.66403 -5.19325 -8.01066 -8.51338 -4.57944 -8.35931 -7.31453 -7.08979 -5.37599 -8.04625 -8.52742 -3.30456 -8.19301 -6.50806 -9.51057 -3.63241 -7.77931 -8.60245 -2.36431 -8.12274
91.06 -5.03933 -10.0376 -9.33924 -8.73367 -9.34621 -4.04999 -7.61892 -8.85008 -7.12502 -4.90086 -8.81409 -8.65666 -4.26026 -6.42117 -7.08687 -7.92273 -4.97785 -7.98495 -8.54592 -4.43526 -9.28794 -7.53342 -7.58628 -5.18712 -7.97772 -8.46853 -4.45477 -8.07286 -7.32111 -7.66403 -5.19325 -8.01066 -8.51338 -4.57944 -8.35931 -7.31453 -7.08979 -5.37599 -8.04625 -8.52742 -3.30456 -8.19301 -6.50806 -9.51057 -3.63241 -7.77931 -8.60245 -2.36431 -8.12274
91.11 -5.03933 -10.0376 -9.33924 -8.73367 -9.34621 -4.04999 -7.61892 -8.85008 -7.12502 -4.90086 -8.81409 -8.65666 -4.26026 -6.42117 -7.08687 -7.92273 -4.97785 -7.98495 -8.54592 -4.43526 -9.28794 -7.53342 -7.58628 -5.18712 -7.97772 -8.46853 -4.45477 -8.07286 -7.32111 -7.66403 -5.19325 -8.01066 -8.51338 -4.57944 -8.35931 -7.31453 -7.08979 -5.37599 -8.04625 -8.52742 -3.30456 -8.19301 -6.50806 -9.51057 -3.63241 -7.77931 -8.60245 -2.36431 -8.12274
91.16 -5.03933 -10.0376 -9.33924 -8.73367 -9.34621 -4.04999 -7.61892 -8.85008 -7.12502 -4.90086 -8.81409 -8.65666 -4.26026 -6.42117 -7.08687 -7.92273 -4.97785 -7.98495 -8.54592 -4.43526 -9.28794 -7.53342 -7.58628 -5.18712 -7.97772 -8.46853 -4.45477 -8.07286 -7.32111 -7.66403 -5.19325 -8.01066 -8.51338 -4.57944 -8.35931 -7.31453 -7.08979 -5.37599 -8.04625 -8.52742 -3.30456 -8.19301 -6.50806 -9.51057 -3.63241 -7.77931 -8.60245 -2.36431 -8.12274
91.21 -5.03933 -10.0376 -9.33924 -8.73367 -9.34621 -4.04999 -7.61892 -8.85008 -7.12502 -4.90086 -8.81409 -8.65666 -4.26026 -6.42117 -7.08687 -7.92273 -4.97785 -7.98495 -8.54592 -4.43526 -9.28794 -7.53342 -7.58628 -5.18712 -7.97772 -8.46853 -4.45477 -8.07286 -7.32111 -7.66403 -5.19325 -8.01066 -8.51338 -4.57944 -8.35931 -7.31453 -7.08979 -5.37599 -8.04625 -8.52742 -3.30456 -8.19301 -6.50806 -9.51057 -3.63241 -7.77931 -8.60245 -2.36431 -8.12274
91.26 -5.03933 -10.0376 -9.33924 -8.73367 -9.34621 -4.04999 -7.61892 -8.85008 -7.12502 -4.90086 -8.81409 -8.65666 -4.26026 -6.42117 -7.08687 -7.92273 -4.97785 -7.98495 -8.54592 -4.43526 -9.28794 -7.53342 -7.58628 -5.18712 -7.97772 -8.46853 -4.45477 -8.07286 -7.32111 -7.66403 -5.19325 -8.01066 -8.51338 -4.57944 -8.35931 -7.31453 -7.08979 -5.37599 -8.04625 -8.52742 -3.30456 -8.19301 -6.50806 -9.51057 -3.63241 -7.77931 -8.60245 -2.36431 -8.12274
91.31 -5.03933 -10.0376 -9.33924 -8.73367 -9.34621 -4.04999 -7.61892 -8.85008 -7.12502 -4.90086 -8.81409 -8.65666 -4.26026 -6.42117 -7.08687 -7.92273 -4.97785 -7.98495 -8.54592 -4.43526 -9.28794 -7.53342 -7.58628 -5.18712 -7.97772 -8.46853 -4.45477 -8.07286 -7.32111 -7.66403 -5.19325 -8.01066 -8.51338 -4.57944 -8.35931 -7.31453 -7.08979 -5.37599 -8.04625 -8.52742 -3.30456 -8.19301 -6.50806 -9.51057 -3.63241 -7.77931 -8.60245 -2.36431 -8.12274
91.36 -5.03933 -10.0376 -9.33924 -8.73367 -9.34621 -4.04999 -7.61892 -8.85008 -7.12502 -4.90086 -8.81409 -8.65666 -4.26026 -6.42117 -7.08687 -7.92273 -4.97785 -7.98495 -8.54592 -4.43526 -9.28794 -7.53342 -7.58628 -5.18712 -7.97772 -8.46853 -4.45477 -8.07286 -7.32111 -7.66403 -5.19325 -8.01066 -8.51338 -4.57944 -8.35931 -7.31453 -7.08979 -5.37599 -8.04625 -8.52742 -3.30456 -8.19301 -6.50806 -9.51057 -3.63241 -7.77931 -8.60245 -2.36431 -8.12274
91.41 -5.03933 -10.0376 -9.33924 -8.73367 -9.34621 -4.04999 -7.61892 -8.85008 -7.12502 -4.90086 -8.81409 -8.65666 -4.26026 -6.42117 -7.08687 -7.92273 -4.97785 -7.98495 -8.54592 -4.43526 -9.28794 -7.53342 -7.58628 -5.18712 -7.97772 -8.46853 -4.45477 -8.07286 -7.32111 -7.66403 -5.19325 -8.01066 -8.51338 -4.57944 -8.35931 -7.31453 -7.08979 -5.37599 -8.04625 -8.52742 -3.30456 -8.19301 -6.50806 -9.51057 -3.63241 -7.77931 -8.60245 -2.36431 -8.12274
91.46 -5.03933 -10.0376 -9.33924 -8.73367 -9.34621 -4.04999 -7.61892 -8.85008 -7.12502 -4.90086 -8.81409 -8.65666 -4.26026 -6.42117 -7.08687 -7.92273 -4.97785 -7.98495 -8.54592 -4.43526 -9.28794 -7.53342 -7.58628 -5.18712 -7.97772 -8.46853 -4.45477 -8.07286 -7.32111 -7.66403 -5.19325 -8.01066 -8.51338 -4.57944 -8.35931 -7.31453 -7.08979 -5.37599 -8.04625 -8.52742 -3.30456 -8.19301 -6.50806 -9.51057 -3.63241 -7.77931 -8.60245 -2.36431 -8.12274
91.51 -5.03933 -10.0376 -9.33924 -8.73367 -9.34621 -4.04999 -7.61892 -8.85008 -7.12502 -4.90086 -8.81409 -8.65666 -4.26026 -6.42117 -7.08687 -7.92273 -4.97785 -7.98495 -8.54592 -4.43526 -9.28794 -7.53342 -7.58628 -5.18712 -7.97772 -8.46853 -4.45477 -8.07286 -7.32111 -7.66403 -5.19325 -8.01066 -8.51338 -4.57944 -8.35931 -7.31453 -7.08979 -5.37599 -8.04625 -8.52742 -3.30456 -8.19301 -6.50806 -9.51057 -3.63241 -7.77931 -8.60245 -2.36431 -8.12274
91.56 -5.03933 -10.0376 -9.33924 -8.73367 -9.34621 -4.04999 -7.61892 -8.85008 -7.12502 -4.90086 -8.81409 -8.65666 -4.26026 -6.42117 -7.08687 -7.92273 -4.97785 -7.98495 -8.54592 -4.43526 -9.28794 -7.53342 -7.58628 -5.18712 -7.97772 -8.46853 -4.45477 -8.07286 -7.32111 -7.66403 -5.19325 -8.01066 -8.51338 -4.57944 -8.35931 -7.31453 -7.08979 -5.37599 -8.04625 -8.52742 -3.30456 -8.19301 -6.50806 -9.51057 -3.63241 -7.77931 -8.60245 -2.36431 -8.12274
91.61 -5.03933 -10.0376 -9.33924 -8.73367 -9.34621 -4.04999 -7.61892 -8.85008 -7.12502 -4.90086 -8.81409 -8.65666 -4.26026 -6.42117 -7.08687 -7.92273 -4.97785 -7.98495 -8.54592 -4.43526 -9.28794 -7.53342 -7.58628 -5.18712 -7.97772 -8.46853 -4.45477 -8.07286 -7.32111 -7.66403 -5.19325 -8.01066 -8.51338 -4.57944 -8.35931 -7.31453 -7.08979 -5.37599 -8.04625 -8.52742 -3.30456 -8.19301 -6.50806 -9.51057 -3.63241 -7.77931 -8.60245 -2.36431 -8.12274
91.66 -5.03933 -10.0376 -9.33924 -8.73367 -9.34621 -4.04999 -7.61892 -8.85008 -7.12502 -4.90086 -8.81409 -8.65666 -4.26026 -6.42117 -7.08687 -7.92273 -4.97785 -7.98495 -8.54592 -4.43526 -9.28794 -7.53342 -7.58628 -5.18712 -7.97772 -8.46853 -4.45477 -8.07286 -7.32111 -7.66403 -5.19325 -8.01066 -8.51338 -4.57944 -8.35931 -7.31453 -7.08979 -5.37599 -8.04625 -8.52742 -3.30456 -8.19301 -6.50806 -9.51057 -3.63241 -7.77931 -8.60245 -2.36431 -8.12274
91.71 -5.03933 -10.0376 -9.33924 -8.73367 -9.34621 -4.04999 -7.61892 -8.85008 -7.12502 -4.90086 -8.81409 -8.65666 -4.26026 -6.42117 -7.08687 -7.92273 -4.97785 -7.98495 -8.54592 -4.43526 -9.28794 -7.53342 -7.58628 -5.18712 -7.97772 -8.46853 -4.45477 -8.07286 -7.32111 -7.66403 -5.19325 -8.01066 -8.51338 -4.57944 -8.35931 -7.31453 -7.08979 -5.37599 -8.04625 -8.52742 -3.30456 -8.19301 -6.50806 -9.51057 -3.63241 -7.77931 -8.60245 -2.36431 -8.12274
91.76 -5.03933 -10.0376 -9.33924 -8.73367 -9.34621 -4.04999 -7.61892 -8.85008 -7.12502 -4.90086 -8.81409 -8.65666 -4.26026 -6.42117 -7.08687 -7.92273 -4.97785 -7.98495 -8.54592 -4.43526 -9.28794 -7.53342 -7.58628 -5.18712 -7.97772 -8.46853 -4.45477 -8.07286 -7.32111 -7.66403 -5.19325 -8.01066 -8.51338 -4.57944 -8.35931 -7.31453 -7.08979 -5.37599 -8.04625 -8.52742 -3.30456 -8.19301 -6.50806 -9.51057 -3.63241 -7.77931 -8.60245 -2.36431 -8.12274
91.81 -5.03933 -10.0376 -9.33924 -8.73367 -9.34621 -4.04999 -7.61892 -8.85008 -7.12502 -4.90086 -8.81409 -8.65666 -4.26026 -6.42117 -7.08687 -7.92273 -4.97785 -7.98495 -8.54592 -4.43526 -9.28794 -7.53342 -7.58628 -5.18712 -7.97772 -8.46853 -4.45477 -8.07286 -7.32111 -7.66403 -5.19325 -8.01066 -8.51338 -4.57944 -8.35931 -7.31453 -7.08979 -5.37599 -8.04625 -8.52742 -3.30456 -8.19301 -6.50806 -9.51057 -3.63241 -7.77931 -8.60245 -2.36431 -8.12274
91.86 -5.03933 -10.0376 -9.33924 -8.73367 -9.34621 -4.04999 -7.61892 -8.85008 -7.12502 -4.90086 -8.81409 -8.65666 -4.26026 -6.42117 -7.08687 -7.92273 -4.97785 -7.98495 -8.54592 -4.43526 -9.28794 -7.53342 -7.58628 -5.18712 -7.97772 -8.46853 -4.45477 -8.07286 -7.32111 -7.66403 -5.19325 -8.01066 -8.51338 -4.57944 -8.35931 -7.31453 -7.08979 -5.37599 -8.04625 -8.52742 -3.30456 -8.19301 -6.50806 -9.51057 -3.63241 -7.77931 -8.60245 -2.36431 -8.12274
91.91 -5.03933 -10.0376 -9.33924 -8.73367 -9.34621 -4.04999 -7.61892 -8.85008 -7.12502 -4.90086 -8.81409 -8.65666 -4.26026 -6.42117 -7.08687 -7.92273 -4.97785 -7.98495 -8.54592 -4.43526 -9.28794 -7.53342 -7.58628 -5.18712 -7.97772 -8.46853 -4.45477 -8.07286 -7.32111 -7.66403 -5.19325 -8.01066 -8.51338 -4.57944 -8.35931 -7.31453 -7.08979 -5.37599 -8.04625 -8.52742 -3.30456 -8.19301 -6.50806 -9.51057 -3.63241 -7.77931 -8.60245 -2.36431 -8.12274
91.96 -5.03933 -10.0376 -9.33924 -8.73367 -9.34621 -4.04999 -7.61892 -8.85008 -7.12502 -4.90086 -8.81409 -8.65666 -4.26026 -6.42117 -7.08687 -7.92273 -4.97785 -7.98495 -8.54592 -4.43526 -9.28794 -7.53342 -7.58628 -5.18712 -7.97772 -8.46853 -4.45477 -8.07286 -7.32111 -7.66403 -5.19325 -8.01066 -8.51338 -4.57944 -8.35931 -7.31453 -7.08979 -5.37599 -8.04625 -8.52742 -3.30456 -8.19301 -6.50806 -9.51057 -3.63241 -7.77931 -8.60245 -2.36431 -8.12274
92.01 -5.03933 -10.0376 -9.33924 -8.73367 -9.34621 -4.04999 -7.61892 -8.85008 -7.12502 -4.90086 -8.81409 -8.65666 -4.26026 -6.42117 -7.08687 -7.92273 -4.97785 -7.98495 -8.54592 -4.43526 -9.28794 -7.53342 -7.58628 -5.18712 -7.97772 -8.46853 -4.45477 -8.07286 -7.32111 -7.66403 -5.19325 -8.01066 -8.51338 -4.57944 -8.35931 -7.31453 -7.08979 -5.37599 -8.04625 -8.52742 -3.30456 -8.19301 -6.50806 -9.51057 -3.63241 -7.77931 -8.60245 -2.36431 -8.12274
92.06 -5.03933 -10.0376 -9.33924 -8.73367 -9.34621 -4.04999 -7.61892 -8.85008 -7.12502 -4.90086 -8.81409 -8.65666 -4.26026 -6.42117 -7.08687 -7.92273 -4.97785 -7.98495 -8.54592 -4.43526 -9.28794 -7.53342 -7.58628 -5.18712 -7.97772 -8.46853 -4.45477 -8.07286 -7.32111 -7.66403 -5.19325 -8.01066 -8.51338 -4.57944 -8.35931 -7.31453 -7.08979 -5.37599 -8.04625 -8.52742 -3.30456 -8.19301 -6.50806 -9.51057 -3.63241 -7.77931 -8.60245 -2.36431 -8.12274
92.11 -5.03933 -10.0376 -9.33924 -8.73367 -9.34621 -4.04999 -7.61892 -8.85008 -7.12502 -4.90086 -8.81409 -8.65666 -4.26026 -6.42117 -7.08687 -7.92273 -4.97785 -7.98495 -8.54592 -4.43526 -9.28794 -7.53342 -7.58628 -5.18712 -7.97772 -8.46853 -4.45477 -8.07286 -7.32111 -7.66403 -5.19325 -8.01066 -8.51338 -4.57944 -8.35931 -7.31453 -7.08979 -5.37599 -8.04625 -8.52742 -3.30456 -8.19301 -6.50806 -9.51057 -3.63241 -7.77931 -8.60245 -2.36431 -8.12274
92.16 -5.03933 -10.0376 -9.33924 -8.73367 -9.34621 -4.04999 -7.61892 -8.85008 -7.12502 -4.90086 -8.81409 -8.65666 -4.26026 -6.42117 -7.08687 -7.92273 -4.97785 -7.98495 -8.54592 -4.43526 -9.28794 -7.53342 -7.58628 -5.18712 -7.97772 -8.46853 -4.45477 -8.07286 -7.32111 -7.66403 -5.19325 -8.01066 -8.51338 -4.57944 -8.35931 -7.31453 -7.08979 -5.37599 -8.04625 -8.52742 -3.30456 -8.19301 -6.50806 -9.51057 -3.63241 -7.77931 -8.60245 -2.36431 -8.12274
92.21 -5.03933 -10.0376 -9.33924 -8.73367 -9.34621 -4.04999 -7.61892 -8.85008 -7.12502 -4.90086 -8.81409 -8.65666 -4.26026 -6.42117 -7.08687 -7.92273 -4.97785 -7.98495 -8.54592 -4.43526 -9.28794 -7.53342 -7.58628 -5.18712 -7.97772 -8.46853 -4.45477 -8.07286 -7.32111 -7.66403 -5.19325 -8.01066 -8.51338 -4.57944 -8.35931 -7.31453 -7.08979 -5.37599 -8.04625 -8.52742 -3.30456 -8.19301 -6.50806 -9.51057 -3.63241 -7.77931 -8.60245 -2.36431 -8.12274
92.26 -5.03933 -10.0376 -9.33924 -8.73367 -9.34621 -4.04999 -7.61892 -8.85008 -7.12502 -4.90086 -8.81409 -8.65666 -4.26026 -6.42117 -7.08687 -7.92273 -4.97785 -7.98495 -8.54592 -4.43526 -9.28794 -7.53342 -7.58628 -5.18712 -7.97772 -8.46853 -4.45477 -8.07286 -7.32111 -7.66403 -5.19325 -8.01066 -8.51338 -4.57944 -8.35931 -7.31453 -7.08979 -5.37599 -8.04625 -8.52742 -3.30456 -8.19301 -6.50806 -9.51057 -3.63241 -7.77931 -8.60245 -2.36431 -8.12274
92.31 -5.03933 -10.0376 -9.33924 -8.73367 -9.34621 -4.04999 -7.61892 -8.85008 -7.12502 -4.90086 -8.81409 -8.65666 -4.26026 -6.42117 -7.08687 -7.92273 -4.97785 -7.98495 -8.54592 -4.43526 -9.28794 -7.53342 -7.58628 -5.18712 -7.97772 -8.46853 -4.45477 -8.07286 -7.32111 -7.66403 -5.19325 -8.01066 -8.51338 -4.57944 -8.35931 -7.31453 -7.08979 -5.37599 -8.04625 -8.52742 -3.30456 -8.19301 -6.50806 -9.51057 -3.63241 -7.77931 -8.60245 -2.36431 -8.12274
92.36 -5.03933 -10.0376 -9.33924 -8.73367 -9.34621 -4.04999 -7.61892 -8.85008 -7.12502 -4.90086 -8.81409 -8.65666 -4.26026 -6.42117 -7.08687 -7.92273 -4.97785 -7.98495 -8.54592 -4.43526 -9.28794 -7.53342 -7.58628 -5.18712 -7.97772 -8.46853 -4.45477 -8.07286 -7.32111 -7.66403 -5.19325 -8.01066 -8.51338 -4.57944 -8.35931 -7.31453 -7.08979 -5.37599 -8.04625 -8.52742 -3.30456 -8.19301 -6.50806 -9.51057 -3.63241 -7.77931 -8.60245 -2.36431 -8.12274
92.41 -5.03933 -10.0376 -9.33924 -8.73367 -9.34621 -4.04999 -7.61892 -8.85008 -7.12502 -4.90086 -8.81409 -8.65666 -4.26026 -6.42117 -7.08687 -7.92273 -4.97785 -7.98495 -8.54592 -4.43526 -9.28794 -7.53342 -7.58628 -5.18712 -7.97772 -8.46853 -4.45477 -8.07286 -7.32111 -7.66403 -5.19325 -8.01066 -8.51338 -4.57944 -8.35931 -7.31453 -7.08979 -5.37599 -8.04625 -8.52742 -3.30456 -8.19301 -6.50806 -9.51057 -3.63241 -7.77931 -8.60245 -2.36431 -8.12274
92.46 -5.03933 -10.0376 -9.33924 -8.73367 -9.34621 -4.04999 -7.61892 -8.85008 -7.12502 -4.90086 -8.81409 -8.65666 -4.26026 -6.42117 -7.08687 -7.92273 -4.97785 -7.98495 -8.54592 -4.43526 -9.28794 -7.53342 -7.58628 -5.18712 -7.97772 -8.46853 -4.45477 -8.07286 -7.32111 -7.66403 -5.19325 -8.01066 -8.51338 -4.57944 -8.35931 -7.31453 -7.08979 -5.37599 -8.04625 -8.52742 -3.30456 -8.19301 -6.50806 -9.51057 -3.63241 -7.77931 -8.60245 -2.36431 -8.12274
92.51 -5.03933 -10.0376 -9.33924 -8.73367 -9.34621 -4.04999 -7.61892 -8.85008 -7.12502 -4.90086 -8.81409 -8.65666 -4.26026 -6.42117 -7.08687 -7.92273 -4.97785 -7.98495 -8.54592 -4.43526 -9.28794 -7.53342 -7.58628 -5.18712 -7.97772 -8.46853 -4.45477 -8.07286 -7.32111 -7.66403 -5.19325 -8.01066 -8.51338 -4.57944 -8.35931 -7.31453 -7.08979 -5.37599 -8.04625 -8.52742 -3.30456 -8.19301 -6.50806 -9.51057 -3.63241 -7.77931 -8.60245 -2.36431 -8.12274
92.56 -5.03933 -10.0376 -9.33924 -8.73367 -9.34621 -4.04999 -7.61892 -8.85008 -7.12502 -4.90086 -8.81409 -8.65666 -4.26026 -6.42117 -7.08687 -7.92273 -4.97785 -7.98495 -8.54592 -4.43526 -9.28794 -7.53342 -7.58628 -5.18712 -7.97772 -8.46853 -4.45477 -8.07286 -7.32111 -7.66403 -5.19325 -8.01066 -8.51338 -4.57944 -8.35931 -7.31453 -7.08979 -5.37599 -8.04625 -8.52742 -3.30456 -8.19301 -6.50806 -9.51057 -3.63241 -7.77931 -8.60245 -2.36431 -8.12274
92.61 -5.03933 -10.0376 -9.33924 -8.73367 -9.34621 -4.04999 -7.61892 -8.85008 -7.12502 -4.90086 -8.81409 -8.65666 -4.26026 -6.42117 -7.08687 -7.92273 -4.97785 -7.98495 -8.54592 -4.43526 -9.28794 -7.53342 -7.58628 -5.18712 -7.97772 -8.46853 -4.45477 -8.07286 -7.32111 -7.66403 -5.19325 -8.01066 -8.51338 -4.57944 -8.35931 -7.31453 -7.08979 -5.37599 -8.04625 -8.52742 -3.30456 -8.19301 -6.50806 -9.51057 -3.63241 -7.77931 -8.60245 -2.36431 -8.12274
92.66 -5.03933 -10.0376 -9.33924 -8.73367 -9.34621 -4.04999 -7.61892 -8.85008 -7.12502 -4.90086 -8.81409 -8.65666 -4.26026 -6.42117 -7.08687 -7.92273 -4.97785 -7.98495 -8.54592 -4.43526 -9.28794 -7.53342 -7.58628 -5.18712 -7.97772 -8.46853 -4.45477 -8.07286 -7.32111 -7.66403 -5.19325 -8.01066 -8.51338 -4.57944 -8.35931 -7.31453 -7.08979 -5.37599 -8.04625 -8.52742 -3.30456 -8.19301 -6.50806 -9.51057 -3.63241 -7.77931 -8.60245 -2.36431 -8.12274
92.71 -5.03933 -10.0376 -9.33924 -8.73367 -9.34621 -4.04999 -7.61892 -8.85008 -7.12502 -4.90086 -8.81409 -8.65666 -4.26026 -6.42117 -7.08687 -7.92273 -4.97785 -7.98495 -8.54592 -4.43526 -9.28794 -7.53342 -7.58628 -5.18712 -7.97772 -8.46853 -4.45477 -8.07286 -7.32111 -7.66403 -5.19325 -8.01066 -8.51338 -4.57944 -8.35931 -7.31453 -7.08979 -5.37599 -8.04625 -8.52742 -3.30456 -8.19301 -6.50806 -9.51057 -3.63241 -7.77931 -8.60245 -2.36431 -8.12274
92.76 -5.03933 -10.0376 -9.33924 -8.73367 -9.34621 -4.04999 -7.61892 -8.85008 -7.12502 -4.90086 -8.81409 -8.65666 -4.26026 -6.42117 -7.08687 -7.92273 -4.97785 -7.98495 -8.54592 -4.43526 -9.28794 -7.53342 -7.58628 -5.18712 -7.97772 -8.46853 -4.45477 -8.07286 -7.32111 -7.66403 -5.19325 -8.01066 -8.51338 -4.57944 -8.35931 -7.31453 -7.08979 -5.37599 -8.04625 -8.52742 -3.30456 -8.19301 -6.50806 -9.51057 -3.63241 -7.77931 -8.60245 -2.36431 -8.12274
92.81 -5.03933 -10.0376 -9.33924 -8.73367 -9.34621 -4.04999 -7.61892 -8.85008 -7.12502 -4.90086 -8.81409 -8.65666 -4.26026 -6.42117 -7.08687 -7.92273 -4.97785 -7.98495 -8.54592 -4.43526 -9.28794 -7.53342 -7.58628 -5.18712 -7.97772 -8.46853 -4.45477 -8.07286 -7.32111 -7.66403 -5.19325 -8.01066 -8.51338 -4.57944 -8.35931 -7.31453 -7.08979 -5.37599 -8.04625 -8.52742 -3.30456 -8.19301 -6.50806 -9.51057 -3.63241 -7.77931 -8.60245 -2.36431 -8.12274
92.86 -5.03933 -10.0376 -9.33924 -8.73367 -9.34621 -4.04999 -7.61892 -8.85008 -7.12502 -4.90086 -8.81409 -8.65666 -4.26026 -6.42117 -7.08687 -7.92273 -4.97785 -7.98495 -8.54592 -4.43526 -9.28794 -7.53342 -7.58628 -5.18712 -7.97772 -8.46853 -4.45477 -8.07286 -7.32111 -7.66403 -5.19325 -8.01066 -8.51338 -4.57944 -8.35931 -7.31453 -7.08979 -5.37599 -8.04625 -8.52742 -3.30456 -8.19301 -6.50806 -9.51057 -3.63241 -7.77931 -8.60245 -2.36431 -8.12274
92.91 -5.03933 -10.0376 -9.33924 -8.73367 -9.34621 -4.04999 -7.61892 -8.85008 -7.12502 -4.90086 -8.81409 -8.65666 -4.26026 -6.42117 -7.08687 -7.92273 -4.97785 -7.98495 -8.54592 -4.43526 -9.28794 -7.53342 -7.58628 -5.18712 -7.97772 -8.46853 -4.45477 -8.07286 -7.32111 -7.66403 -5.19325 -8.01066 -8.51338 -4.57944 -8.35931 -7.31453 -7.08979 -5.37599 -8.04625 -8.52742 -3.30456 -8.19301 -6.50806 -9.51057 -3.63241 -7.77931 -8.60245 -2.36431 -8.12274
92.96 -5.03933 -10.0376 -9.33924 -8.73367 -9.34621 -4.04999 -7.61892 -8.85008 -7.12502 -4.90086 -8.81409 -8.65666 -4.26026 -6.42117 -7.08687 -7.92273 -4.97785 -7.98495 -8.54592 -4.43526 -9.28794 -7.53342 -7.58628 -5.18712 -7.97772 -8.46853 -4.45477 -8.07286 -7.32111 -7.66403 -5.19325 -8.01066 -8.51338 -4.57944 -8.35931 -7.31453 -7.08979 -5.37599 -8.04625 -8.52742 -3.30456 -8.19301 -6.50806 -9.51057 -3.63241 -7.77931 -8.60245 -2.36431 -8.12274
93.01 -5.03933 -10.0376 -9.33924 -8.73367 -9.34621 -4.04999 -7.61892 -8.85008 -7.12502 -4.90086 -8.81409 -8.65666 -4.26026 -6.42117 -7.08687 -7.92273 -4.97785 -7.98495 -8.54592 -4.43526 -9.28794 -7.53342 -7.58628 -5.18712 -7.97772 -8.46853 -4.45477 -8.07286 -7.32111 -7.66403 -5.19325 -8.01066 -8.51338 -4.57944 -8.35931 -7.31453 -7.08979 -5.37599 -8.04625 -8.52742 -3.30456 -8.19301 -6.50806 -9.51057 -3.63241 -7.77931 -8.60245 -2.36431 -8.12274
93.06 -5.03933 -10.0376 -9.33924 -8.73367 -9.34621 -4.04999 -7.61892 -8.85008 -7.12502 -4.90086 -8.81409 -8.65666 -4.26026 -6.42117 -7.08687 -7.92273 -4.97785 -7.98495 -8.54592 -4.43526 -9.28794 -7.53342 -7.58628 -5.18712 -7.97772 -8.46853 -4.45477 -8.07286 -7.32111 -7.66403 -5.19325 -8.01066 -8.51338 -4.57944 -8.35931 -7.31453 -7.08979 -5.37599 -8.04625 -8.52742 -3.30456 -8.19301 -6.50806 -9.51057 -3.63241 -7.77931 -8.60245 -2.36431 -8.12274
93.11 -5.03933 -10.0376 -9.33924 -8.73367 -9.34621 -4.04999 -7.61892 -8.85008 -7.12502 -4.90086 -8.81409 -8.65666 -4.26026 -6.42117 -7.08687 -7.92273 -4.97785 -7.98495 -8.54592 -4.43526 -9.28794 -7.53342 -7.58628 -5.18712 -7.97772 -8.46853 -4.45477 -8.07286 -7.32111 -7.66403 -5.19325 -8.01066 -8.51338 -4.57944 -8.35931 -7.31453 -7.08979 -5.37599 -8.04625 -8.52742 -3.30456 -8.19301 -6.50806 -9.51057 -3.63241 -7.77931 -8.60245 -2.36431 -8.12274
93.16 -5.03933 -10.0376 -9.33924 -8.73367 -9.34621 -4.04999 -7.61892 -8.85008 -7.12502 -4.90086 -8.81409 -8.65666 -4.26026 -6.42117 -7.08687 -7.92273 -4.97785 -7.98495 -8.54592 -4.43526 -9.28794 -7.53342 -7.58628 -5.18712 -7.97772 -8.46853 -4.45477 -8.07286 -7.32111 -7.66403 -5.19325 -8.01066 -8.51338 -4.57944 -8.35931 -7.31453 -7.08979 -5.37599 -8.04625 -8.52742 -3.30456 -8.19301 -6.50806 -9.51057 -3.63241 -7.77931 -8.60245 -2.36431 -8.12274
93.21 -5.03933 -10.0376 -9.33924 -8.73367 -9.34621 -4.04999 -7.61892 -8.85008 -7.12502 -4.90086 -8.81409 -8.65666 -4.26026 -6.42117 -7.08687 -7.92273 -4.97785 -7.98495 -8.54592 -4.43526 -9.28794 -7.53342 -7.58628 -5.18712 -7.97772 -8.46853 -4.45477 -8.07286 -7.32111 -7.66403 -5.19325 -8.01066 -8.51338 -4.57944 -8.35931 -7.31453 -7.08979 -5.37599 -8.04625 -8.52742 -3.30456 -8.19301 -6.50806 -9.51057 -3.63241 -7.77931 -8.60245 -2.36431 -8.12274
93.26 -5.03933 -10.0376 -9.33924 -8.73367 -9.34621 -4.04999 -7.61892 -8.85008 -7.12502 -4.90086 -8.81409 -8.65666 -4.26026 -6.42117 -7.08687 -7.92273 -4.97785 -7.98495 -8.54592 -4.43526 -9.28794 -7.53342 -7.58628 -5.18712 -7.97772 -8.46853 -4.45477 -8.07286 -7.32111 -7.66403 -5.19325 -8.01066 -8.51338 -4.57944 -8.35931 -7.31453 -7.08979 -5.37599 -8.04625 -8.52742 -3.30456 -8.19301 -6.50806 -9.51057 -3.63241 -7.77931 -8.60245 -2.36431 -8.12274
93.31 -5.03933 -10.0376 -9.33924 -8.73367 -9.34621 -4.04999 -7.61892 -8.85008 -7.12502 -4.90086 -8.81409 -8.65666 -4.26026 -6.42117 -7.08687 -7.92273 -4.97785 -7.98495 -8.54592 -4.43526 -9.28794 -7.53342 -7.58628 -5.18712 -7.97772 -8.46853 -4.45477 -8.07286 -7.32111 -7.66403 -5.19325 -8.01066 -8.51338 -4.57944 -8.35931 -7.31453 -7.08979 -5.37599 -8.04625 -8.52742 -3.30456 -8.19301 -6.50806 -9.51057 -3.63241 -7.77931 -8.60245 -2.36431 -8.12274
93.36 -5.03933 -10.0376 -9.33924 -8.73367 -9.34621 -4.04999 -7.61892 -8.85008 -7.12502 -4.90086 -8.81409 -8.65666 -4.26026 -6.42117 -7.08687 -7.92273 -4.97785 -7.98495 -8.54592 -4.43526 -9.28794 -7.53342 -7.58628 -5.18712 -7.97772 -8.46853 -4.45477 -8.07286 -7.32111 -7.66403 -5.19325 -8.01066 -8.51338 -4.57944 -8.35931 -7.31453 -7.08979 -5.37599 -8.04625 -8.52742 -3.30456 -8.19301 -6.50806 -9.51057 -3.63241 -7.77931 -8.60245 -2.36431 -8.12274
93.41 -5.03933 -10.0376 -9.33924 -8.73367 -9.34621 -4.04999 -7.61892 -8.85008 -7.12502 -4.90086 -8.81409 -8.65666 -4.26026 -6.42117 -7.08687 -7.92273 -4.97785 -7.98495 -8.54592 -4.43526 -9.28794 -7.53342 -7.58628 -5.18712 -7.97772 -8.46853 -4.45477 -8.07286 -7.32111 -7.66403 -5.19325 -8.01066 -8.51338 -4.57944 -8.35931 -7.31453 -7.08979 -5.37599 -8.04625 -8.52742 -3.30456 -8.19301 -6.50806 -9.51057 -3.63241 -7.77931 -8.60245 -2.36431 -8.12274
93.46 -5.03933 -10.0376 -9.33924 -8.73367 -9.34621 -4.04999 -7.61892 -8.85008 -7.12502 -4.90086 -8.81409 -8.65666 -4.26026 -6.42117 -7.08687 -7.92273 -4.97785 -7.98495 -8.54592 -4.43526 -9.28794 -7.53342 -7.58628 -5.18712 -7.97772 -8.46853 -4.45477 -8.07286 -7.32111 -7.66403 -5.19325 -8.01066 -8.51338 -4.57944 -8.35931 -7.31453 -7.08979 -5.37599 -8.04625 -8.52742 -3.30456 -8.19301 -6.50806 -9.51057 -3.63241 -7.77931 -8.60245 -2.36431 -8.12274
93.51 -5.03933 -10.0376 -9.33924 -8.73367 -9.34621 -4.04999 -7.61892 -8.85008 -7.12502 -4.90086 -8.81409 -8.65666 -4.26026 -6.42117 -7.08687 -7.92273 -4.97785 -7.98495 -8.54592 -4.43526 -9.28794 -7.53342 -7.58628 -5.18712 -7.97772 -8.46853 -4.45477 -8.07286 -7.32111 -7.66403 -5.19325 -8.01066 -8.51338 -4.57944 -8.35931 -7.31453 -7.08979 -5.37599 -8.04625 -8.52742 -3.30456 -8.19301 -6.50806 -9.51057 -3.63241 -7.77931 -8.60245 -2.36431 -8.12274
93.56 -5.03933 -10.0376 -9.33924 -8.73367 -9.34621 -4.04999 -7.61892 -8.85008 -7.12502 -4.90086 -8.81409 -8.65666 -4.26026 -6.42117 -7.08687 -7.92273 -4.97785 -7.98495 -8.54592 -4.43526 -9.28794 -7.53342 -7.58628 -5.18712 -7.97772 -8.46853 -4.45477 -8.07286 -7.32111 -7.66403 -5.19325 -8.01066 -8.51338 -4.57944 -8.35931 -7.31453 -7.08979 -5.37599 -8.04625 -8.52742 -3.30456 -8.19301 -6.50806 -9.51057 -3.63241 -7.77931 -8.60245 -2.36431 -8.12274
93.61 -5.03933 -10.0376 -9.33924 -8.73367 -9.34621 -4.04999 -7.61892 -8.85008 -7.12502 -4.90086 -8.81409 -8.65666 -4.26026 -6.42117 -7.08687 -7.92273 -4.97785 -7.98495 -8.54592 -4.43526 -9.28794 -7.53342 -7.58628 -5.18712 -7.97772 -8.46853 -4.45477 -8.07286 -7.32111 -7.66403 -5.19325 -8.01066 -8.51338 -4.57944 -8.35931 -7.31453 -7.08979 -5.37599 -8.04625 -8.52742 -3.30456 -8.19301 -6.50806 -9.51057 -3.63241 -7.77931 -8.60245 -2.36431 -8.12274
93.66 -5.03933 -10.0376 -9.33924 -8.73367 -9.34621 -4.04999 -7.61892 -8.85008 -7.12502 -4.90086 -8.81409 -8.65666 -4.26026 -6.42117 -7.08687 -7.92273 -4.97785 -7.98495 -8.54592 -4.43526 -9.28794 -7.53342 -7.58628 -5.18712 -7.97772 -8.46853 -4.45477 -8.07286 -7.32111 -7.66403 -5.19325 -8.01066 -8.51338 -4.57944 -8.35931 -7.31453 -7.08979 -5.37599 -8.04625 -8.52742 -3.30456 -8.19301 -6.50806 -9.51057 -3.63241 -7.77931 -8.60245 -2.36431 -8.12274
93.71 -5.03933 -10.0376 -9.33924 -8.73367 -9.34621 -4.04999 -7.61892 -8.85008 -7.12502 -4.90086 -8.81409 -8.65666 -4.26026 -6.42117 -7.08687 -7.92273 -4.97785 -7.98495 -8.54592 -4.43526 -9.28794 -7.53342 -7.58628 -5.18712 -7.97772 -8.46853 -4.45477 -8.07286 -7.32111 -7.66403 -5.19325 -8.01066 -8.51338 -4.57944 -8.35931 -7.31453 -7.08979 -5.37599 -8.04625 -8.52742 -3.30456 -8.19301 -6.50806 -9.51057 -3.63241 -7.77931 -8.60245 -2.36431 -8.12274
93.76 -5.03933 -10.0376 -9.33924 -8.73367 -9.34621 -4.04999 -7.61892 -8.85008 -7.12502 -4.90086 -8.81409 -8.65666 -4.26026 -6.42117 -7.08687 -7.92273 -4.97785 -7.98495 -8.54592 -4.43526 -9.28794 -7.53342 -7.58628 -5.18712 -7.97772 -8.46853 -4.45477 -8.07286 -7.32111 -7.66403 -5.19325 -8.01066 -8.51338 -4.57944 -8.35931 -7.31453 -7.08979 -5.37599 -8.04625 -8.52742 -3.30456 -8.19301 -6.50806 -9.51057 -3.63241 -7.77931 -8.60245 -2.36431 -8.12274
93.81 -5.03933 -10.0376 -9.33924 -8.73367 -9.34621 -4.04999 -7.61892 -8.85008 -7.12502 -4.90086 -8.81409 -8.65666 -4.26026 -6.42117 -7.08687 -7.92273 -4.97785 -7.98495 -8.54592 -4.43526 -9.28794 -7.53342 -7.58628 -5.18712 -7.97772 -8.46853 -4.45477 -8.07286 -7.32111 -7.66403 -5.19325 -8.01066 -8.51338 -4.57944 -8.35931 -7.31453 -7.08979 -5.37599 -8.04625 -8.52742 -3.30456 -8.19301 -6.50806 -9.51057 -3.63241 -7.77931 -8.60245 -2.36431 -8.12274
93.86 -5.03933 -10.0376 -9.33924 -8.73367 -9.34621 -4.04999 -7.61892 -8.85008 -7.12502 -4.90086 -8.81409 -8.65666 -4.26026 -6.42117 -7.08687 -7.92273 -4.97785 -7.98495 -8.54592 -4.43526 -9.28794 -7.53342 -7.58628 -5.18712 -7.97772 -8.46853 -4.45477 -8.07286 -7.32111 -7.66403 -5.19325 -8.01066 -8.51338 -4.57944 -8.35931 -7.31453 -7.08979 -5.37599 -8.04625 -8.52742 -3.30456 -8.19301 -6.50806 -9.51057 -3.63241 -7.77931 -8.60245 -2.36431 -8.12274
93.91 -5.03933 -10.0376 -9.33924 -8.73367 -9.34621 -4.04999 -7.61892 -8.85008 -7.12502 -4.90086 -8.81409 -8.65666 -4.26026 -6.42117 -7.08687 -7.92273 -4.97785 -7.98495 -8.54592 -4.43526 -9.28794 -7.53342 -7.58628 -5.18712 -7.97772 -8.46853 -4.45477 -8.07286 -7.32111 -7.66403 -5.19325 -8.01066 -8.51338 -4.57944 -8.35931 -7.31453 -7.08979 -5.37599 -8.04625 -8.52742 -3.30456 -8.19301 -6.50806 -9.51057 -3.63241 -7.77931 -8.60245 -2.36431 -8.12274
93.96 -5.03933 -10.0376 -9.33924 -8.73367 -9.34621 -4.04999 -7.61892 -8.85008 -7.12502 -4.90086 -8.81409 -8.65666 -4.26026 -6.42117 -7.08687 -7.92273 -4.97785 -7.98495 -8.54592 -4.43526 -9.28794 -7.53342 -7.58628 -5.18712 -7.97772 -8.46853 -4.45477 -8.07286 -7.32111 -7.66403 -5.19325 -8.01066 -8.51338 -4.57944 -8.35931 -7.31453 -7.08979 -5.37599 -8.04625 -8.52742 -3.30456 -8.19301 -6.50806 -9.51057 -3.63241 -7.77931 -8.60245 -2.36431 -8.12274
94.01 -5.03933 -10.0376 -9.33924 -8.73367 -9.34621 -4.04999 -7.61892 -8.85008 -7.12502 -4.90086 -8.81409 -8.65666 -4.26026 -6.42117 -7.08687 -7.92273 -4.97785 -7.98495 -8.54592 -4.43526 -9.28794 -7.53342 -7.58628 -5.18712 -7.97772 -8.46853 -4.45477 -8.07286 -7.32111 -7.66403 -5.19325 -8.01066 -8.51338 -4.57944 -8.35931 -7.31453 -7.08979 -5.37599 -8.04625 -8.52742 -3.30456 -8.19301 -6.50806 -9.51057 -3.63241 -7.77931 -8.60245 -2.36431 -8.12274
94.06 -5.03933 -10.0376 -9.33924 -8.73367 -9.34621 -4.04999 -7.61892 -8.85008 -7.12502 -4.90086 -8.81409 -8.65666 -4.26026 -6.42117 -7.08687 -7.92273 -4.97785 -7.98495 -8.54592 -4.43526 -9.28794 -7.53342 -7.58628 -5.18712 -7.97772 -8.46853 -4.45477 -8.07286 -7.32111 -7.66403 -5.19325 -8.01066 -8.51338 -4.57944 -8.35931 -7.31453 -7.08979 -5.37599 -8.04625 -8.52742 -3.30456 -8.19301 -6.50806 -9.51057 -3.63241 -7.77931 -8.60245 -2.36431 -8.12274
94.11 -5.03933 -10.0376 -9.33924 -8.73367 -9.34621 -4.04999 -7.61892 -8.85008 -7.12502 -4.90086 -8.81409 -8.65666 -4.26026 -6.42117 -7.08687 -7.92273 -4.97785 -7.98495 -8.54592 -4.43526 -9.28794 -7.53342 -7.58628 -5.18712 -7.97772 -8.46853 -4.45477 -8.07286 -7.32111 -7.66403 -5.19325 -8.01066 -8.51338 -4.57944 -8.35931 -7.31453 -7.08979 -5.37599 -8.04625 -8.52742 -3.30456 -8.19301 -6.50806 -9.51057 -3.63241 -7.77931 -8.60245 -2.36431 -8.12274
94.16 -5.03933 -10.0376 -9.33924 -8.73367 -9.34621 -4.04999 -7.61892 -8.85008 -7.12502 -4.90086 -8.81409 -8.65666 -4.26026 -6.42117 -7.08687 -7.92273 -4.97785 -7.98495 -8.54592 -4.43526 -9.28794 -7.53342 -7.58628 -5.18712 -7.97772 -8.46853 -4.45477 -8.07286 -7.32111 -7.66403 -5.19325 -8.01066 -8.51338 -4.57944 -8.35931 -7.31453 -7.08979 -5.37599 -8.04625 -8.52742 -3.30456 -8.19301 -6.50806 -9.51057 -3.63241 -7.77931 -8.60245 -2.36431 -8.12274
94.21 -5.03933 -10.0376 -9.33924 -8.73367 -9.34621 -4.04999 -7.61892 -8.85008 -7.12502 -4.90086 -8.81409 -8.65666 -4.26026 -6.42117 -7.08687 -7.92273 -4.97785 -7.98495 -8.54592 -4.43526 -9.28794 -7.53342 -7.58628 -5.18712 -7.97772 -8.46853 -4.45477 -8.07286 -7.32111 -7.66403 -5.19325 -8.01066 -8.51338 -4.57944 -8.35931 -7.31453 -7.08979 -5.37599 -8.04625 -8.52742 -3.30456 -8.19301 -6.50806 -9.51057 -3.63241 -7.77931 -8.60245 -2.36431 -8.12274
94.26 -5.03933 -10.0376 -9.33924 -8.73367 -9.34621 -4.04999 -7.61892 -8.85008 -7.12502 -4.90086 -8.81409 -8.65666 -4.26026 -6.42117 -7.08687 -7.92273 -4.97785 -7.98495 -8.54592 -4.43526 -9.28794 -7.53342 -7.58628 -5.18712 -7.97772 -8.46853 -4.45477 -8.07286 -7.32111 -7.66403 -5.19325 -8.01066 -8.51338 -4.57944 -8.35931 -7.31453 -7.08979 -5.37599 -8.04625 -8.52742 -3.30456 -8.19301 -6.50806 -9.51057 -3.63241 -7.77931 -8.60245 -2.36431 -8.12274
94.31 -5.03933 -10.0376 -9.33924 -8.73367 -9.34621 -4.04999 -7.61892 -8.85008 -7.12502 -4.90086 -8.81409 -8.65666 -4.26026 -6.42117 -7.08687 -7.92273 -4.97785 -7.98495 -8.54592 -4.43526 -9.28794 -7.53342 -7.58628 -5.18712 -7.97772 -8.46853 -4.45477 -8.07286 -7.32111 -7.66403 -5.19325 -8.01066 -8.51338 -4.57944 -8.35931 -7.31453 -7.08979 -5.37599 -8.04625 -8.52742 -3.30456 -8.19301 -6.50806 -9.51057 -3.63241 -7.77931 -8.60245 -2.36431 -8.12274
94.36 -5.03933 -10.0376 -9.33924 -8.73367 -9.34621 -4.04999 -7.61892 -8.85008 -7.12502 -4.90086 -8.81409 -8.65666 -4.26026 -6.42117 -7.08687 -7.92273 -4.97785 -7.98495 -8.54592 -4.43526 -9.28794 -7.53342 -7.58628 -5.18712 -7.97772 -8.46853 -4.45477 -8.07286 -7.32111 -7.66403 -5.19325 -8.01066 -8.51338 -4.57944 -8.35931 -7.31453 -7.08979 -5.37599 -8.04625 -8.52742 -3.30456 -8.19301 -6.50806 -9.51057 -3.63241 -7.77931 -8.60245 -2.36431 -8.12274
94.41 -5.03933 -10.0376 -9.33924 -8.73367 -9.34621 -4.04999 -7.61892 -8.85008 -7.12502 -4.90086 -8.81409 -8.65666 -4.26026 -6.42117 -7.08687 -7.92273 -4.97785 -7.98495 -8.54592 -4.43526 -9.28794 -7.53342 -7.58628 -5.18712 -7.97772 -8.46853 -4.45477 -8.07286 -7.32111 -7.66403 -5.19325 -8.01066 -8.51338 -4.57944 -8.35931 -7.31453 -7.08979 -5.37599 -8.04625 -8.52742 -3.30456 -8.19301 -6.50806 -9.51057 -3.63241 -7.77931 -8.60245 -2.36431 -8.12274
94.46 -5.03933 -10.0376 -9.33924 -8.73367 -9.34621 -4.04999 -7.61892 -8.85008 -7.12502 -4.90086 -8.81409 -8.65666 -4.26026 -6.42117 -7.08687 -7.92273 -4.97785 -7.98495 -8.54592 -4.43526 -9.28794 -7.53342 -7.58628 -5.18712 -7.97772 -8.46853 -4.45477 -8.07286 -7.32111 -7.66403 -5.19325 -8.01066 -8.51338 -4.57944 -8.35931 -7.31453 -7.08979 -5.37599 -8.04625 -8.52742 -3.30456 -8.19301 -6.50806 -9.51057 -3.63241 -7.77931 -8.60245 -2.36431 -8.12274
94.51 -5.03933 -10.0376 -9.33924 -8.73367 -9.34621 -4.04999 -7.61892 -8.85008 -7.12502 -4.90086 -8.81409 -8.65666 -4.26026 -6.42117 -7.08687 -7.92273 -4.97785 -7.98495 -8.54592 -4.43526 -9.28794 -7.53342 -7.58628 -5.18712 -7.97772 -8.46853 -4.45477 -8.07286 -7.32111 -7.66403 -5.19325 -8.01066 -8.51338 -4.57944 -8.35931 -7.31453 -7.08979 -5.37599 -8.04625 -8.52742 -3.30456 -8.19301 -6.50806 -9.51057 -3.63241 -7.77931 -8.60245 -2.36431 -8.12274
94.56 -5.03933 -10.0376 -9.33924 -8.73367 -9.34621 -4.04999 -7.61892 -8.85008 -7.12502 -4.90086 -8.81409 -8.65666 -4.26026 -6.42117 -7.08687 -7.92273 -4.97785 -7.98495 -8.54592 -4.43526 -9.28794 -7.53342 -7.58628 -5.18712 -7.97772 -8.46853 -4.45477 -8.07286 -7.32111 -7.66403 -5.19325 -8.01066 -8.51338 -4.57944 -8.35931 -7.31453 -7.08979 -5.37599 -8.04625 -8.52742 -3.30456 -8.19301 -6.50806 -9.51057 -3.63241 -7.77931 -8.60245 -2.36431 -8.12274
94.61 -5.03933 -10.0376 -9.33924 -8.73367 -9.34621 -4.04999 -7.61892 -8.85008 -7.12502 -4.90086 -8.81409 -8.65666 -4.26026 -6.42117 -7.08687 -7.92273 -4.97785 -7.98495 -8.54592 -4.43526 -9.28794 -7.53342 -7.58628 -5.18712 -7.97772 -8.46853 -4.45477 -8.07286 -7.32111 -7.66403 -5.19325 -8.01066 -8.51338 -4.57944 -8.35931 -7.31453 -7.08979 -5.37599 -8.04625 -8.52742 -3.30456 -8.19301 -6.50806 -9.51057 -3.63241 -7.77931 -8.60245 -2.36431 -8.12274
94.66 -5.03933 -10.0376 -9.33924 -8.73367 -9.34621 -4.04999 -7.61892 -8.85008 -7.12502 -4.90086 -8.81409 -8.65666 -4.26026 -6.42117 -7.08687 -7.92273 -4.97785 -7.98495 -8.54592 -4.43526 -9.28794 -7.53342 -7.58628 -5.18712 -7.97772 -8.46853 -4.45477 -8.07286 -7.32111 -7.66403 -5.19325 -8.01066 -8.51338 -4.57944 -8.35931 -7.31453 -7.08979 -5.37599 -8.04625 -8.52742 -3.30456 -8.19301 -6.50806 -9.51057 -3.63241 -7.77931 -8.60245 -2.36431 -8.12274
94.71 -5.03933 -10.0376 -9.33924 -8.73367 -9.34621 -4.04999 -7.61892 -8.85008 -7.12502 -4.90086 -8.81409 -8.65666 -4.26026 -6.42117 -7.08687 -7.92273 -4.97785 -7.98495 -8.54592 -4.43526 -9.28794 -7.53342 -7.58628 -5.18712 -7.97772 -8.46853 -4.45477 -8.07286 -7.32111 -7.66403 -5.19325 -8.01066 -8.51338 -4.57944 -8.35931 -7.31453 -7.08979 -5.37599 -8.04625 -8.52742 -3.30456 -8.19301 -6.50806 -9.51057 -3.63241 -7.77931 -8.60245 -2.36431 -8.12274
94.76 -5.03933 -10.0376 -9.33924 -8.73367 -9.34621 -4.04999 -7.61892 -8.85008 -7.12502 -4.90086 -8.81409 -8.65666 -4.26026 -6.42117 -7.08687 -7.92273 -4.97785 -7.98495 -8.54592 -4.43526 -9.28794 -7.53342 -7.58628 -5.18712 -7.97772 -8.46853 -4.45477 -8.07286 -7.32111 -7.66403 -5.19325 -8.01066 -8.51338 -4.57944 -8.35931 -7.31453 -7.08979 -5.37599 -8.04625 -8.52742 -3.30456 -8.19301 -6.50806 -9.51057 -3.63241 -7.77931 -8.60245 -2.36431 -8.12274
94.81 -5.03933 -10.0376 -9.33924 -8.73367 -9.34621 -4.04999 -7.61892 -8.85008 -7.12502 -4.90086 -8.81409 -8.65666 -4.26026 -6.42117 -7.08687 -7.92273 -4.97785 -7.98495 -8.54592 -4.43526 -9.28794 -7.53342 -7.58628 -5.18712 -7.97772 -8.46853 -4.45477 -8.07286 -7.32111 -7.66403 -5.19325 -8.01066 -8.51338 -4.57944 -8.35931 -7.31453 -7.08979 -5.37599 -8.04625 -8.52742 -3.30456 -8.19301 -6.50806 -9.51057 -3.63241 -7.77931 -8.60245 -2.36431 -8.12274
94.86 -5.03933 -10.0376 -9.33924 -8.73367 -9.34621 -4.04999 -7.61892 -8.85008 -7.12502 -4.90086 -8.81409 -8.65666 -4.26026 -6.42117 -7.08687 -7.92273 -4.97785 -7.98495 -8.54592 -4.43526 -9.28794 -7.53342 -7.58628 -5.18712 -7.97772 -8.46853 -4.45477 -8.07286 -7.32111 -7.66403 -5.19325 -8.01066 -8.51338 -4.57944 -8.35931 -7.31453 -7.08979 -5.37599 -8.04625 -8.52742 -3.30456 -8.19301 -6.50806 -9.51057 -3.63241 -7.77931 -8.60245 -2.36431 -8.12274
94.91 -5.03933 -10.0376 -9.33924 -8.73367 -9.34621 -4.04999 -7.61892 -8.85008 -7.12502 -4.90086 -8.81409 -8.65666 -4.26026 -6.42117 -7.08687 -7.92273 -4.97785 -7.98495 -8.54592 -4.43526 -9.28794 -7.53342 -7.58628 -5.18712 -7.97772 -8.46853 -4.45477 -8.07286 -7.32111 -7.66403 -5.19325 -8.01066 -8.51338 -4.57944 -8.35931 -7.31453 -7.08979 -5.37599 -8.04625 -8.52742 -3.30456 -8.19301 -6.50806 -9.51057 -3.63241 -7.77931 -8.60245 -2.36431 -8.12274
94.96 -5.03933 -10.0376 -9.33924 -8.73367 -9.34621 -4.04999 -7.61892 -8.85008 -7.12502 -4.90086 -8.81409 -8.65666 -4.26026 -6.42117 -7.08687 -7.92273 -4.97785 -7.98495 -8.54592 -4.43526 -9.28794 -7.53342 -7.58628 -5.18712 -7.97772 -8.46853 -4.45477 -8.07286 -7.32111 -7.66403 -5.19325 -8.01066 -8.51338 -4.57944 -8.35931 -7.31453 -7.08979 -5.37599 -8.04625 -8.52742 -3.30456 -8.19301 -6.50806 -9.51057 -3.63241 -7.77931 -8.60245 -2.36431 -8.12274
95.01 -5.03933 -10.0376 -9.33924 -8.73367 -9.34621 -4.04999 -7.61892 -8.85008 -7.12502 -4.90086 -8.81409 -8.65666 -4.26026 -6.42117 -7.08687 -7.92273 -4.97785 -7.98495 -8.54592 -4.43526 -9.28794 -7.53342 -7.58628 -5.18712 -7.97772 -8.46853 -4.45477 -8.07286 -7.32111 -7.66403 -5.19325 -8.01066 -8.51338 -4.57944 -8.35931 -7.31453 -7.08979 -5.37599 -8.04625 -8.52742 -3.30456 -8.19301 -6.50806 -9.51057 -3.63241 -7.77931 -8.60245 -2.36431 -8.12274
95.06 -5.03933 -10.0376 -9.33924 -8.73367 -9.34621 -4.04999 -7.61892 -8.85008 -7.12502 -4.90086 -8.81409 -8.65666 -4.26026 -6.42117 -7.08687 -7.92273 -4.97785 -7.98495 -8.54592 -4.43526 -9.28794 -7.53342 -7.58628 -5.18712 -7.97772 -8.46853 -4.45477 -8.07286 -7.32111 -7.66403 -5.19325 -8.01066 -8.51338 -4.57944 -8.35931 -7.31453 -7.08979 -5.37599 -8.04625 -8.52742 -3.30456 -8.19301 -6.50806 -9.51057 -3.63241 -7.77931 -8.60245 -2.36431 -8.12274
95.11 -5.03933 -10.0376 -9.33924 -8.73367 -9.34621 -4.04999 -7.61892 -8.85008 -7.12502 -4.90086 -8.81409 -8.65666 -4.26026 -6.42117 -7.08687 -7.92273 -4.97785 -7.98495 -8.54592 -4.43526 -9.28794 -7.53342 -7.58628 -5.18712 -7.97772 -8.46853 -4.45477 -8.07286 -7.32111 -7.66403 -5.19325 -8.01066 -8.51338 -4.57944 -8.35931 -7.31453 -7.08979 -5.37599 -8.04625 -8.52742 -3.30456 -8.19301 -6.50806 -9.51057 -3.63241 -7.77931 -8.60245 -2.36431 -8.12274
95.16 -5.03933 -10.0376 -9.33924 -8.73367 -9.34621 -4.04999 -7.61892 -8.85008 -7.12502 -4.90086 -8.81409 -8.65666 -4.26026 -6.42117 -7.08687 -7.92273 -4.97785 -7.98495 -8.54592 -4.43526 -9.28794 -7.53342 -7.58628 -5.18712 -7.97772 -8.46853 -4.45477 -8.07286 -7.32111 -7.66403 -5.19325 -8.01066 -8.51338 -4.57944 -8.35931 -7.31453 -7.08979 -5.37599 -8.04625 -8.52742 -3.30456 -8.19301 -6.50806 -9.51057 -3.63241 -7.77931 -8.60245 -2.36431 -8.12274
95.21 -5.03933 -10.0376 -9.33924 -8.73367 -9.34621 -4.04999 -7.61892 -8.85008 -7.12502 -4.90086 -8.81409 -8.65666 -4.26026 -6.42117 -7.08687 -7.92273 -4.97785 -7.98495 -8.54592 -4.43526 -9.28794 -7.53342 -7.58628 -5.18712 -7.97772 -8.46853 -4.45477 -8.07286 -7.32111 -7.66403 -5.19325 -8.01066 -8.51338 -4.57944 -8.35931 -7.31453 -7.08979 -5.37599 -8.04625 -8.52742 -3.30456 -8.19301 -6.50806 -9.51057 -3.63241 -7.77931 -8.60245 -2.36431 -8.12274
95.26 -5.03933 -10.0376 -9.33924 -8.73367 -9.34621 -4.04999 -7.61892 -8.85008 -7.12502 -4.90086 -8.81409 -8.65666 -4.26026 -6.42117 -7.08687 -7.92273 -4.97785 -7.98495 -8.54592 -4.43526 -9.28794 -7.53342 -7.58628 -5.18712 -7.97772 -8.46853 -4.45477 -8.07286 -7.32111 -7.66403 -5.19325 -8.01066 -8.51338 -4.57944 -8.35931 -7.31453 -7.08979 -5.37599 -8.04625 -8.52742 -3.30456 -8.19301 -6.50806 -9.51057 -3.63241 -7.77931 -8.60245 -2.36431 -8.12274
95.31 -5.03933 -10.0376 -9.33924 -8.73367 -9.34621 -4.04999 -7.61892 -8.85008 -7.12502 -4.90086 -8.81409 -8.65666 -4.26026 -6.42117 -7.08687 -7.92273 -4.97785 -7.98495 -8.54592 -4.43526 -9.28794 -7.53342 -7.58628 -5.18712 -7.97772 -8.46853 -4.45477 -8.07286 -7.32111 -7.66403 -5.19325 -8.01066 -8.51338 -4.57944 -8.35931 -7.31453 -7.08979 -5.37599 -8.04625 -8.52742 -3.30456 -8.19301 -6.50806 -9.51057 -3.63241 -7.77931 -8.60245 -2.36431 -8.12274
95.36 -5.03933 -10.0376 -9.33924 -8.73367 -9.34621 -4.04999 -7.61892 -8.85008 -7.12502 -4.90086 -8.81409 -8.65666 -4.26026 -6.42117 -7.08687 -7.92273 -4.97785 -7.98495 -8.54592 -4.43526 -9.28794 -7.53342 -7.58628 -5.18712 -7.97772 -8.46853 -4.45477 -8.07286 -7.32111 -7.66403 -5.19325 -8.01066 -8.51338 -4.57944 -8.35931 -7.31453 -7.08979 -5.37599 -8.04625 -8.52742 -3.30456 -8.19301 -6.50806 -9.51057 -3.63241 -7.77931 -8.60245 -2.36431 -8.12274
95.41 -5.03933 -10.0376 -9.33924 -8.73367 -9.34621 -4.04999 -7.61892 -8.85008 -7.12502 -4.90086 -8.81409 -8.65666 -4.26026 -6.42117 -7.08687 -7.92273 -4.97785 -7.98495 -8.54592 -4.43526 -9.28794 -7.53342 -7.58628 -5.18712 -7.97772 -8.46853 -4.45477 -8.07286 -7.32111 -7.66403 -5.19325 -8.01066 -8.51338 -4.57944 -8.35931 -7.31453 -7.08979 -5.37599 -8.04625 -8.52742 -3.30456 -8.19301 -6.50806 -9.51057 -3.63241 -7.77931 -8.60245 -2.36431 -8.12274
95.46 -5.03933 -10.0376 -9.33924 -8.73367 -9.34621 -4.04999 -7.61892 -8.85008 -7.12502 -4.90086 -8.81409 -8.65666 -4.26026 -6.42117 -7.08687 -7.92273 -4.97785 -7.98495 -8.54592 -4.43526 -9.28794 -7.53342 -7.58628 -5.18712 -7.97772 -8.46853 -4.45477 -8.07286 -7.32111 -7.66403 -5.19325 -8.01066 -8.51338 -4.57944 -8.35931 -7.31453 -7.08979 -5.37599 -8.04625 -8.52742 -3.30456 -8.19301 -6.50806 -9.51057 -3.63241 -7.77931 -8.60245 -2.36431 -8.12274
95.51 -5.03933 -10.0376 -9.33924 -8.73367 -9.34621 -4.04999 -7.61892 -8.85008 -7.12502 -4.90086 -8.81409 -8.65666 -4.26026 -6.42117 -7.08687 -7.92273 -4.97785 -7.98495 -8.54592 -4.43526 -9.28794 -7.53342 -7.58628 -5.18712 -7.97772 -8.46853 -4.45477 -8.07286 -7.32111 -7.66403 -5.19325 -8.01066 -8.51338 -4.57944 -8.35931 -7.31453 -7.08979 -5.37599 -8.04625 -8.52742 -3.30456 -8.19301 -6.50806 -9.51057 -3.63241 -7.77931 -8.60245 -2.36431 -8.12274
95.56 -5.03933 -10.0376 -9.33924 -8.73367 -9.34621 -4.04999 -7.61892 -8.85008 -7.12502 -4.90086 -8.81409 -8.65666 -4.26026 -6.42117 -7.08687 -7.92273 -4.97785 -7.98495 -8.54592 -4.43526 -9.28794 -7.53342 -7.58628 -5.18712 -7.97772 -8.46853 -4.45477 -8.07286 -7.32111 -7.66403 -5.19325 -8.01066 -8.51338 -4.57944 -8.35931 -7.31453 -7.08979 -5.37599 -8.04625 -8.52742 -3.30456 -8.19301 -6.50806 -9.51057 -3.63241 -7.77931 -8.60245 -2.36431 -8.12274
95.61 -5.03933 -10.0376 -9.33924 -8.73367 -9.34621 -4.04999 -7.61892 -8.85008 -7.12502 -4.90086 -8.81409 -8.65666 -4.26026 -6.42117 -7.08687 -7.92273 -4.97785 -7.98495 -8.54592 -4.43526 -9.28794 -7.53342 -7.58628 -5.18712 -7.97772 -8.46853 -4.45477 -8.07286 -7.32111 -7.66403 -5.19325 -8.01066 -8.51338 -4.57944 -8.35931 -7.31453 -7.08979 -5.37599 -8.04625 -8.52742 -3.30456 -8.19301 -6.50806 -9.51057 -3.63241 -7.77931 -8.60245 -2.36431 -8.12274
95.66 -5.03933 -10.0376 -9.33924 -8.73367 -9.34621 -4.04999 -7.61892 -8.85008 -7.12502 -4.90086 -8.81409 -8.65666 -4.26026 -6.42117 -7.08687 -7.92273 -4.97785 -7.98495 -8.54592 -4.43526 -9.28794 -7.53342 -7.58628 -5.18712 -7.97772 -8.46853 -4.45477 -8.07286 -7.32111 -7.66403 -5.19325 -8.01066 -8.51338 -4.57944 -8.35931 -7.31453 -7.08979 -5.37599 -8.04625 -8.52742 -3.30456 -8.19301 -6.50806 -9.51057 -3.63241 -7.77931 -8.60245 -2.36431 -8.12274
95.71 -5.03933 -10.0376 -9.33924 -8.73367 -9.34621 -4.04999 -7.61892 -8.85008 -7.12502 -4.90086 -8.81409 -8.65666 -4.26026 -6.42117 -7.08687 -7.92273 -4.97785 -7.98495 -8.54592 -4.43526 -9.28794 -7.53342 -7.58628 -5.18712 -7.97772 -8.46853 -4.45477 -8.07286 -7.32111 -7.66403 -5.19325 -8.01066 -8.51338 -4.57944 -8.35931 -7.31453 -7.08979 -5.37599 -8.04625 -8.52742 -3.30456 -8.19301 -6.50806 -9.51057 -3.63241 -7.77931 -8.60245 -2.36431 -8.12274
95.76 -5.03933 -10.0376 -9.33924 -8.73367 -9.34621 -4.04999 -7.61892 -8.85008 -7.12502 -4.90086 -8.81409 -8.65666 -4.26026 -6.42117 -7.08687 -7.92273 -4.97785 -7.98495 -8.54592 -4.43526 -9.28794 -7.53342 -7.58628 -5.18712 -7.97772 -8.46853 -4.45477 -8.07286 -7.32111 -7.66403 -5.19325 -8.01066 -8.51338 -4.57944 -8.35931 -7.31453 -7.08979 -5.37599 -8.04625 -8.52742 -3.30456 -8.19301 -6.50806 -9.51057 -3.63241 -7.77931 -8.60245 -2.36431 -8.12274
95.81 -5.03933 -10.0376 -9.33924 -8.73367 -9.34621 -4.04999 -7.61892 -8.85008 -7.12502 -4.90086 -8.81409 -8.65666 -4.26026 -6.42117 -7.08687 -7.92273 -4.97785 -7.98495 -8.54592 -4.43526 -9.28794 -7.53342 -7.58628 -5.18712 -7.97772 -8.46853 -4.45477 -8.07286 -7.32111 -7.66403 -5.19325 -8.01066 -8.51338 -4.57944 -8.35931 -7.31453 -7.08979 -5.37599 -8.04625 -8.52742 -3.30456 -8.19301 -6.50806 -9.51057 -3.63241 -7.77931 -8.60245 -2.36431 -8.12274
95.86 -5.03933 -10.0376 -9.33924 -8.73367 -9.34621 -4.04999 -7.61892 -8.85008 -7.12502 -4.90086 -8.81409 -8.65666 -4.26026 -6.42117 -7.08687 -7.92273 -4.97785 -7.98495 -8.54592 -4.43526 -9.28794 -7.53342 -7.58628 -5.18712 -7.97772 -8.46853 -4.45477 -8.07286 -7.32111 -7.66403 -5.19325 -8.01066 -8.51338 -4.57944 -8.35931 -7.31453 -7.08979 -5.37599 -8.04625 -8.52742 -3.30456 -8.19301 -6.50806 -9.51057 -3.63241 -7.77931 -8.60245 -2.36431 -8.12274
95.91 -5.03933 -10.0376 -9.33924 -8.73367 -9.34621 -4.04999 -7.61892 -8.85008 -7.12502 -4.90086 -8.81409 -8.65666 -4.26026 -6.42117 -7.08687 -7.92273 -4.97785 -7.98495 -8.54592 -4.43526 -9.28794 -7.53342 -7.58628 -5.18712 -7.97772 -8.46853 -4.45477 -8.07286 -7.32111 -7.66403 -5.19325 -8.01066 -8.51338 -4.57944 -8.35931 -7.31453 -7.08979 -5.37599 -8.04625 -8.52742 -3.30456 -8.19301 -6.50806 -9.51057 -3.63241 -7.77931 -8.60245 -2.36431 -8.12274
95.96 -5.03933 -10.0376 -9.33924 -8.73367 -9.34621 -4.04999 -7.61892 -8.85008 -7.12502 -4.90086 -8.81409 -8.65666 -4.26026 -6.42117 -7.08687 -7.92273 -4.97785 -7.98495 -8.54592 -4.43526 -9.28794 -7.53342 -7.58628 -5.18712 -7.97772 -8.46853 -4.45477 -8.07286 -7.32111 -7.66403 -5.19325 -8.01066 -8.51338 -4.57944 -8.35931 -7.31453 -7.08979 -5.37599 -8.04625 -8.52742 -3.30456 -8.19301 -6.50806 -9.51057 -3.63241 -7.77931 -8.60245 -2.36431 -8.12274
96.01 -5.03933 -10.0376 -9.33924 -8.73367 -9.34621 -4.04999 -7.61892 -8.85008 -7.12502 -4.90086 -8.81409 -8.65666 -4.26026 -6.42117 -7.08687 -7.92273 -4.97785 -7.98495 -8.54592 -4.43526 -9.28794 -7.53342 -7.58628 -5.18712 -7.97772 -8.46853 -4.45477 -8.07286 -7.32111 -7.66403 -5.19325 -8.01066 -8.51338 -4.57944 -8.35931 -7.31453 -7.08979 -5.37599 -8.04625 -8.52742 -3.30456 -8.19301 -6.50806 -9.51057 -3.63241 -7.77931 -8.60245 -2.36431 -8.12274
96.06 -5.03933 -10.0376 -9.33924 -8.73367 -9.34621 -4.04999 -7.61892 -8.85008 -7.12502 -4.90086 -8.81409 -8.65666 -4.26026 -6.42117 -7.08687 -7.92273 -4.97785 -7.98495 -8.54592 -4.43526 -9.28794 -7.53342 -7.58628 -5.18712 -7.97772 -8.46853 -4.45477 -8.07286 -7.32111 -7.66403 -5.19325 -8.01066 -8.51338 -4.57944 -8.35931 -7.31453 -7.08979 -5.37599 -8.04625 -8.52742 -3.30456 -8.19301 -6.50806 -9.51057 -3.63241 -7.77931 -8.60245 -2.36431 -8.12274
96.11 -5.03933 -10.0376 -9.33924 -8.73367 -9.34621 -4.04999 -7.61892 -8.85008 -7.12502 -4.90086 -8.81409 -8.65666 -4.26026 -6.42117 -7.08687 -7.92273 -4.97785 -7.98495 -8.54592 -4.43526 -9.28794 -7.53342 -7.58628 -5.18712 -7.97772 -8.46853 -4.45477 -8.07286 -7.32111 -7.66403 -5.19325 -8.01066 -8.51338 -4.57944 -8.35931 -7.31453 -7.08979 -5.37599 -8.04625 -8.52742 -3.30456 -8.19301 -6.50806 -9.51057 -3.63241 -7.77931 -8.60245 -2.36431 -8.12274
96.16 -5.03933 -10.0376 -9.33924 -8.73367 -9.34621 -4.04999 -7.61892 -8.85008 -7.12502 -4.90086 -8.81409 -8.65666 -4.26026 -6.42117 -7.08687 -7.92273 -4.97785 -7.98495 -8.54592 -4.43526 -9.28794 -7.53342 -7.58628 -5.18712 -7.97772 -8.46853 -4.45477 -8.07286 -7.32111 -7.66403 -5.19325 -8.01066 -8.51338 -4.57944 -8.35931 -7.31453 -7.08979 -5.37599 -8.04625 -8.52742 -3.30456 -8.19301 -6.50806 -9.51057 -3.63241 -7.77931 -8.60245 -2.36431 -8.12274
96.21 -5.03933 -10.0376 -9.33924 -8.73367 -9.34621 -4.04999 -7.61892 -8.85008 -7.12502 -4.90086 -8.81409 -8.65666 -4.26026 -6.42117 -7.08687 -7.92273 -4.97785 -7.98495 -8.54592 -4.43526 -9.28794 -7.53342 -7.58628 -5.18712 -7.97772 -8.46853 -4.45477 -8.07286 -7.32111 -7.66403 -5.19325 -8.01066 -8.51338 -4.57944 -8.35931 -7.31453 -7.08979 -5.37599 -8.04625 -8.52742 -3.30456 -8.19301 -6.50806 -9.51057 -3.63241 -7.77931 -8.60245 -2.36431 -8.12274
96.26 -5.03933 -10.0376 -9.33924 -8.73367 -9.34621 -4.04999 -7.61892 -8.85008 -7.12502 -4.90086 -8.81409 -8.65666 -4.26026 -6.42117 -7.08687 -7.92273 -4.97785 -7.98495 -8.54592 -4.43526 -9.28794 -7.53342 -7.58628 -5.18712 -7.97772 -8.46853 -4.45477 -8.07286 -7.32111 -7.66403 -5.19325 -8.01066 -8.51338 -4.57944 -8.35931 -7.31453 -7.08979 -5.37599 -8.04625 -8.52742 -3.30456 -8.19301 -6.50806 -9.51057 -3.63241 -7.77931 -8.60245 -2.36431 -8.12274
96.31 -5.03933 -10.0376 -9.33924 -8.73367 -9.34621 -4.04999 -7.61892 -8.85008 -7.12502 -4.90086 -8.81409 -8.65666 -4.26026 -6.42117 -7.08687 -7.92273 -4.97785 -7.98495 -8.54592 -4.43526 -9.28794 -7.53342 -7.58628 -5.18712 -7.97772 -8.46853 -4.45477 -8.07286 -7.32111 -7.66403 -5.19325 -8.01066 -8.51338 -4.57944 -8.35931 -7.31453 -7.08979 -5.37599 -8.04625 -8.52742 -3.30456 -8.19301 -6.50806 -9.51057 -3.63241 -7.77931 -8.60245 -2.36431 -8.12274
96.36 -5.03933 -10.0376 -9.33924 -8.73367 -9.34621 -4.04999 -7.61892 -8.85008 -7.12502 -4.90086 -8.81409 -8.65666 -4.26026 -6.42117 -7.08687 -7.92273 -4.97785 -7.98495 -8.54592 -4.43526 -9.28794 -7.53342 -7.58628 -5.18712 -7.97772 -8.46853 -4.45477 -8.07286 -7.32111 -7.66403 -5.19325 -8.01066 -8.51338 -4.57944 -8.35931 -7.31453 -7.08979 -5.37599 -8.04625 -8.52742 -3.30456 -8.19301 -6.50806 -9.51057 -3.63241 -7.77931 -8.60245 -2.36431 -8.12274
96.41 -5.03933 -10.0376 -9.33924 -8.73367 -9.34621 -4.04999 -7.61892 -8.85008 -7.12502 -4.90086 -8.81409 -8.65666 -4.26026 -6.42117 -7.08687 -7.92273 -4.97785 -7.98495 -8.54592 -4.43526 -9.28794 -7.53342 -7.58628 -5.18712 -7.97772 -8.46853 -4.45477 -8.07286 -7.32111 -7.66403 -5.19325 -8.01066 -8.51338 -4.57944 -8.35931 -7.31453 -7.08979 -5.37599 -8.04625 -8.52742 -3.30456 -8.19301 -6.50806 -9.51057 -3.63241 -7.77931 -8.60245 -2.36431 -8.12274
96.46 -5.03933 -10.0376 -9.33924 -8.73367 -9.34621 -4.04999 -7.61892 -8.85008 -7.12502 -4.90086 -8.81409 -8.65666 -4.26026 -6.42117 -7.08687 -7.92273 -4.97785 -7.98495 -8.54592 -4.43526 -9.28794 -7.53342 -7.58628 -5.18712 -7.97772 -8.46853 -4.45477 -8.07286 -7.32111 -7.66403 -5.19325 -8.01066 -8.51338 -4.57944 -8.35931 -7.31453 -7.08979 -5.37599 -8.04625 -8.52742 -3.30456 -8.19301 -6.50806 -9.51057 -3.63241 -7.77931 -8.60245 -2.36431 -8.12274
96.51 -5.03933 -10.0376 -9.33924 -8.73367 -9.34621 -4.04999 -7.61892 -8.85008 -7.12502 -4.90086 -8.81409 -8.65666 -4.26026 -6.42117 -7.08687 -7.92273 -4.97785 -7.98495 -8.54592 -4.43526 -9.28794 -7.53342 -7.58628 -5.18712 -7.97772 -8.46853 -4.45477 -8.07286 -7.32111 -7.66403 -5.19325 -8.01066 -8.51338 -4.57944 -8.35931 -7.31453 -7.08979 -5.37599 -8.04625 -8.52742 -3.30456 -8.19301 -6.50806 -9.51057 -3.63241 -7.77931 -8.60245 -2.36431 -8.12274
96.56 -5.03933 -10.0376 -9.33924 -8.73367 -9.34621 -4.04999 -7.61892 -8.85008 -7.12502 -4.90086 -8.81409 -8.65666 -4.26026 -6.42117 -7.08687 -7.92273 -4.97785 -7.98495 -8.54592 -4.43526 -9.28794 -7.53342 -7.58628 -5.18712 -7.97772 -8.46853 -4.45477 -8.07286 -7.32111 -7.66403 -5.19325 -8.01066 -8.51338 -4.57944 -8.35931 -7.31453 -7.08979 -5.37599 -8.04625 -8.52742 -3.30456 -8.19301 -6.50806 -9.51057 -3.63241 -7.77931 -8.60245 -2.36431 -8.12274
96.61 -5.03933 -10.0376 -9.33924 -8.73367 -9.34621 -4.04999 -7.61892 -8.85008 -7.12502 -4.90086 -8.81409 -8.65666 -4.26026 -6.42117 -7.08687 -7.92273 -4.97785 -7.98495 -8.54592 -4.43526 -9.28794 -7.53342 -7.58628 -5.18712 -7.97772 -8.46853 -4.45477 -8.07286 -7.32111 -7.66403 -5.19325 -8.01066 -8.51338 -4.57944 -8.35931 -7.31453 -7.08979 -5.37599 -8.04625 -8.52742 -3.30456 -8.19301 -6.50806 -9.51057 -3.63241 -7.77931 -8.60245 -2.36431 -8.12274
96.66 -5.03933 -10.0376 -9.33924 -8.73367 -9.34621 -4.04999 -7.61892 -8.85008 -7.12502 -4.90086 -8.81409 -8.65666 -4.26026 -6.42117 -7.08687 -7.92273 -4.97785 -7.98495 -8.54592 -4.43526 -9.28794 -7.53342 -7.58628 -5.18712 -7.97772 -8.46853 -4.45477 -8.07286 -7.32111 -7.66403 -5.19325 -8.01066 -8.51338 -4.57944 -8.35931 -7.31453 -7.08979 -5.37599 -8.04625 -8.52742 -3.30456 -8.19301 -6.50806 -9.51057 -3.63241 -7.77931 -8.60245 -2.36431 -8.12274
96.71 -5.03933 -10.0376 -9.33924 -8.73367 -9.34621 -4.04999 -7.61892 -8.85008 -7.12502 -4.90086 -8.81409 -8.65666 -4.26026 -6.42117 -7.08687 -7.92273 -4.97785 -7.98495 -8.54592 -4.43526 -9.28794 -7.53342 -7.58628 -5.18712 -7.97772 -8.46853 -4.45477 -8.07286 -7.32111 -7.66403 -5.19325 -8.01066 -8.51338 -4.57944 -8.35931 -7.31453 -7.08979 -5.37599 -8.04625 -8.52742 -3.30456 -8.19301 -6.50806 -9.51057 -3.63241 -7.77931 -8.60245 -2.36431 -8.12274
96.76 -5.03933 -10.0376 -9.33924 -8.73367 -9.34621 -4.04999 -7.61892 -8.85008 -7.12502 -4.90086 -8.81409 -8.65666 -4.26026 -6.42117 -7.08687 -7.92273 -4.97785 -7.98495 -8.54592 -4.43526 -9.28794 -7.53342 -7.58628 -5.18712 -7.97772 -8.46853 -4.45477 -8.07286 -7.32111 -7.66403 -5.19325 -8.01066 -8.51338 -4.57944 -8.35931 -7.31453 -7.08979 -5.37599 -8.04625 -8.52742 -3.30456 -8.19301 -6.50806 -9.51057 -3.63241 -7.77931 -8.60245 -2.36431 -8.12274
96.81 -5.03933 -10.0376 -9.33924 -8.73367 -9.34621 -4.04999 -7.61892 -8.85008 -7.12502 -4.90086 -8.81409 -8.65666 -4.26026 -6.42117 -7.08687 -7.92273 -4.97785 -7.98495 -8.54592 -4.43526 -9.28794 -7.53342 -7.58628 -5.18712 -7.97772 -8.46853 -4.45477 -8.07286 -7.32111 -7.66403 -5.19325 -8.01066 -8.51338 -4.57944 -8.35931 -7.31453 -7.08979 -5.37599 -8.04625 -8.52742 -3.30456 -8.19301 -6.50806 -9.51057 -3.63241 -7.77931 -8.60245 -2.36431 -8.12274
96.86 -5.03933 -10.0376 -9.33924 -8.73367 -9.34621 -4.04999 -7.61892 -8.85008 -7.12502 -4.90086 -8.81409 -8.65666 -4.26026 -6.42117 -7.08687 -7.92273 -4.97785 -7.98495 -8.54592 -4.43526 -9.28794 -7.53342 -7.58628 -5.18712 -7.97772 -8.46853 -4.45477 -8.07286 -7.32111 -7.66403 -5.19325 -8.01066 -8.51338 -4.57944 -8.35931 -7.31453 -7.08979 -5.37599 -8.04625 -8.52742 -3.30456 -8.19301 -6.50806 -9.51057 -3.63241 -7.77931 -8.60245 -2.36431 -8.12274
96.91 -5.03933 -10.0376 -9.33924 -8.73367 -9.34621 -4.04999 -7.61892 -8.85008 -7.12502 -4.90086 -8.81409 -8.65666 -4.26026 -6.42117 -7.08687 -7.92273 -4.97785 -7.98495 -8.54592 -4.43526 -9.28794 -7.53342 -7.58628 -5.18712 -7.97772 -8.46853 -4.45477 -8.07286 -7.32111 -7.66403 -5.19325 -8.01066 -8.51338 -4.57944 -8.35931 -7.31453 -7.08979 -5.37599 -8.04625 -8.52742 -3.30456 -8.19301 -6.50806 -9.51057 -3.63241 -7.77931 -8.60245 -2.36431 -8.12274
96.96 -5.03933 -10.0376 -9.33924 -8.73367 -9.34621 -4.04999 -7.61892 -8.85008 -7.12502 -4.90086 -8.81409 -8.65666 -4.26026 -6.42117 -7.08687 -7.92273 -4.97785 -7.98495 -8.54592 -4.43526 -9.28794 -7.53342 -7.58628 -5.18712 -7.97772 -8.46853 -4.45477 -8.07286 -7.32111 -7.66403 -5.19325 -8.01066 -8.51338 -4.57944 -8.35931 -7.31453 -7.08979 -5.37599 -8.04625 -8.52742 -3.30456 -8.19301 -6.50806 -9.51057 -3.63241 -7.77931 -8.60245 -2.36431 -8.12274
97.01 -5.03933 -10.0376 -9.33924 -8.73367 -9.34621 -4.04999 -7.61892 -8.85008 -7.12502 -4.90086 -8.81409 -8.65666 -4.26026 -6.42117 -7.08687 -7.92273 -4.97785 -7.98495 -8.54592 -4.43526 -9.28794 -7.53342 -7.58628 -5.18712 -7.97772 -8.46853 -4.45477 -8.07286 -7.32111 -7.66403 -5.19325 -8.01066 -8.51338 -4.57944 -8.35931 -7.31453 -7.08979 -5.37599 -8.04625 -8.52742 -3.30456 -8.19301 -6.50806 -9.51057 -3.63241 -7.77931 -8.60245 -2.36431 -8.12274
97.06 -5.03933 -10.0376 -9.33924 -8.73367 -9.34621 -4.04999 -7.61892 -8.85008 -7.12502 -4.90086 -8.81409 -8.65666 -4.26026 -6.42117 -7.08687 -7.92273 -4.97785 -7.98495 -8.54592 -4.43526 -9.28794 -7.53342 -7.58628 -5.18712 -7.97772 -8.46853 -4.45477 -8.07286 -7.32111 -7.66403 -5.19325 -8.01066 -8.51338 -4.57944 -8.35931 -7.31453 -7.08979 -5.37599 -8.04625 -8.52742 -3.30456 -8.19301 -6.50806 -9.51057 -3.63241 -7.77931 -8.60245 -2.36431 -8.12274
97.11 -5.03933 -10.0376 -9.33924 -8.73367 -9.34621 -4.04999 -7.61892 -8.85008 -7.12502 -4.90086 -8.81409 -8.65666 -4.26026 -6.42117 -7.08687 -7.92273 -4.97785 -7.98495 -8.54592 -4.43526 -9.28794 -7.53342 -7.58628 -5.18712 -7.97772 -8.46853 -4.45477 -8.07286 -7.32111 -7.66403 -5.19325 -8.01066 -8.51338 -4.57944 -8.35931 -7.31453 -7.08979 -5.37599 -8.04625 -8.52742 -3.30456 -8.19301 -6.50806 -9.51057 -3.63241 -7.77931 -8.60245 -2.36431 -8.12274
97.16 -5.03933 -10.0376 -9.33924 -8.73367 -9.34621 -4.04999 -7.61892 -8.85008 -7.12502 -4.90086 -8.81409 -8.65666 -4.26026 -6.42117 -7.08687 -7.92273 -4.97785 -7.98495 -8.54592 -4.43526 -9.28794 -7.53342 -7.58628 -5.18712 -7.97772 -8.46853 -4.45477 -8.07286 -7.32111 -7.66403 -5.19325 -8.01066 -8.51338 -4.57944 -8.35931 -7.31453 -7.08979 -5.37599 -8.04625 -8.52742 -3.30456 -8.19301 -6.50806 -9.51057 -3.63241 -7.77931 -8.60245 -2.36431 -8.12274
97.21 -5.03933 -10.0376 -9.33924 -8.73367 -9.34621 -4.04999 -7.61892 -8.85008 -7.12502 -4.90086 -8.81409 -8.65666 -4.26026 -6.42117 -7.08687 -7.92273 -4.97785 -7.98495 -8.54592 -4.43526 -9.28794 -7.53342 -7.58628 -5.18712 -7.97772 -8.46853 -4.45477 -8.07286 -7.32111 -7.66403 -5.19325 -8.01066 -8.51338 -4.57944 -8.35931 -7.31453 -7.08979 -5.37599 -8.04625 -8.52742 -3.30456 -8.19301 -6.50806 -9.51057 -3.63241 -7.77931 -8.60245 -2.36431 -8.12274
97.26 -5.03933 -10.0376 -9.33924 -8.73367 -9.34621 -4.04999 -7.61892 -8.85008 -7.12502 -4.90086 -8.81409 -8.65666 -4.26026 -6.42117 -7.08687 -7.92273 -4.97785 -7.98495 -8.54592 -4.43526 -9.28794 -7.53342 -7.58628 -5.18712 -7.97772 -8.46853 -4.45477 -8.07286 -7.32111 -7.66403 -5.19325 -8.01066 -8.51338 -4.57944 -8.35931 -7.31453 -7.08979 -5.37599 -8.04625 -8.52742 -3.30456 -8.19301 -6.50806 -9.51057 -3.63241 -7.77931 -8.60245 -2.36431 -8.12274
97.31 -5.03933 -10.0376 -9.33924 -8.73367 -9.34621 -4.04999 -7.61892 -8.85008 -7.12502 -4.90086 -8.81409 -8.65666 -4.26026 -6.42117 -7.08687 -7.92273 -4.97785 -7.98495 -8.54592 -4.43526 -9.28794 -7.53342 -7.58628 -5.18712 -7.97772 -8.46853 -4.45477 -8.07286 -7.32111 -7.66403 -5.19325 -8.01066 -8.51338 -4.57944 -8.35931 -7.31453 -7.08979 -5.37599 -8.04625 -8.52742 -3.30456 -8.19301 -6.50806 -9.51057 -3.63241 -7.77931 -8.60245 -2.36431 -8.12274
97.36 -5.03933 -10.0376 -9.33924 -8.73367 -9.34621 -4.04999 -7.61892 -8.85008 -7.12502 -4.90086 -8.81409 -8.65666 -4.26026 -6.42117 -7.08687 -7.92273 -4.97785 -7.98495 -8.54592 -4.43526 -9.28794 -7.53342 -7.58628 -5.18712 -7.97772 -8.46853 -4.45477 -8.07286 -7.32111 -7.66403 -5.19325 -8.01066 -8.51338 -4.57944 -8.35931 -7.31453 -7.08979 -5.37599 -8.04625 -8.52742 -3.30456 -8.19301 -6.50806 -9.51057 -3.63241 -7.77931 -8.60245 -2.36431 -8.12274
97.41 -5.03933 -10.0376 -9.33924 -8.73367 -9.34621 -4.04999 -7.61892 -8.85008 -7.12502 -4.90086 -8.81409 -8.65666 -4.26026 -6.42117 -7.08687 -7.92273 -4.97785 -7.98495 -8.54592 -4.43526 -9.28794 -7.53342 -7.58628 -5.18712 -7.97772 -8.46853 -4.45477 -8.07286 -7.32111 -7.66403 -5.19325 -8.01066 -8.51338 -4.57944 -8.35931 -7.31453 -7.08979 -5.37599 -8.04625 -8.52742 -3.30456 -8.19301 -6.50806 -9.51057 -3.63241 -7.77931 -8.60245 -2.36431 -8.12274
97.46 -5.03933 -10.0376 -9.33924 -8.73367 -9.34621 -4.04999 -7.61892 -8.85008 -7.12502 -4.90086 -8.81409 -8.65666 -4.26026 -6.42117 -7.08687 -7.92273 -4.97785 -7.98495 -8.54592 -4.43526 -9.28794 -7.53342 -7.58628 -5.18712 -7.97772 -8.46853 -4.45477 -8.07286 -7.32111 -7.66403 -5.19325 -8.01066 -8.51338 -4.57944 -8.35931 -7.31453 -7.08979 -5.37599 -8.04625 -8.52742 -3.30456 -8.19301 -6.50806 -9.51057 -3.63241 -7.77931 -8.60245 -2.36431 -8.12274
97.51 -5.03933 -10.0376 -9.33924 -8.73367 -9.34621 -4.04999 -7.61892 -8.85008 -7.12502 -4.90086 -8.81409 -8.65666 -4.26026 -6.42117 -7.08687 -7.92273 -4.97785 -7.98495 -8.54592 -4.43526 -9.28794 -7.53342 -7.58628 -5.18712 -7.97772 -8.46853 -4.45477 -8.07286 -7.32111 -7.66403 -5.19325 -8.01066 -8.51338 -4.57944 -8.35931 -7.31453 -7.08979 -5.37599 -8.04625 -8.52742 -3.30456 -8.19301 -6.50806 -9.51057 -3.63241 -7.77931 -8.60245 -2.36431 -8.12274
97.56 -5.03933 -10.0376 -9.33924 -8.73367 -9.34621 -4.04999 -7.61892 -8.85008 -7.12502 -4.90086 -8.81409 -8.65666 -4.26026 -6.42117 -7.08687 -7.92273 -4.97785 -7.98495 -8.54592 -4.43526 -9.28794 -7.53342 -7.58628 -5.18712 -7.97772 -8.46853 -4.45477 -8.07286 -7.32111 -7.66403 -5.19325 -8.01066 -8.51338 -4.57944 -8.35931 -7.31453 -7.08979 -5.37599 -8.04625 -8.52742 -3.30456 -8.19301 -6.50806 -9.51057 -3.63241 -7.77931 -8.60245 -2.36431 -8.12274
97.61 -5.03933 -10.0376 -9.33924 -8.73367 -9.34621 -4.04999 -7.61892 -8.85008 -7.12502 -4.90086 -8.81409 -8.65666 -4.26026 -6.42117 -7.08687 -7.92273 -4.97785 -7.98495 -8.54592 -4.43526 -9.28794 -7.53342 -7.58628 -5.18712 -7.97772 -8.46853 -4.45477 -8.07286 -7.32111 -7.66403 -5.19325 -8.01066 -8.51338 -4.57944 -8.35931 -7.31453 -7.08979 -5.37599 -8.04625 -8.52742 -3.30456 -8.19301 -6.50806 -9.51057 -3.63241 -7.77931 -8.60245 -2.36431 -8.12274
97.66 -5.03933 -10.0376 -9.33924 -8.73367 -9.34621 -4.04999 -7.61892 -8.85008 -7.12502 -4.90086 -8.81409 -8.65666 -4.26026 -6.42117 -7.08687 -7.92273 -4.97785 -7.98495 -8.54592 -4.43526 -9.28794 -7.53342 -7.58628 -5.18712 -7.97772 -8.46853 -4.45477 -8.07286 -7.32111 -7.66403 -5.19325 -8.01066 -8.51338 -4.57944 -8.35931 -7.31453 -7.08979 -5.37599 -8.04625 -8.52742 -3.30456 -8.19301 -6.50806 -9.51057 -3.63241 -7.77931 -8.60245 -2.36431 -8.12274
97.71 -5.03933 -10.0376 -9.33924 -8.73367 -9.34621 -4.04999 -7.61892 -8.85008 -7.12502 -4.90086 -8.81409 -8.65666 -4.26026 -6.42117 -7.08687 -7.92273 -4.97785 -7.98495 -8.54592 -4.43526 -9.28794 -7.53342 -7.58628 -5.18712 -7.97772 -8.46853 -4.45477 -8.07286 -7.32111 -7.66403 -5.19325 -8.01066 -8.51338 -4.57944 -8.35931 -7.31453 -7.08979 -5.37599 -8.04625 -8.52742 -3.30456 -8.19301 -6.50806 -9.51057 -3.63241 -7.77931 -8.60245 -2.36431 -8.12274
97.76 -5.03933 -10.0376 -9.33924 -8.73367 -9.34621 -4.04999 -7.61892 -8.85008 -7.12502 -4.90086 -8.81409 -8.65666 -4.26026 -6.42117 -7.08687 -7.92273 -4.97785 -7.98495 -8.54592 -4.43526 -9.28794 -7.53342 -7.58628 -5.18712 -7.97772 -8.46853 -4.45477 -8.07286 -7.32111 -7.66403 -5.19325 -8.01066 -8.51338 -4.57944 -8.35931 -7.31453 -7.08979 -5.37599 -8.04625 -8.52742 -3.30456 -8.19301 -6.50806 -9.51057 -3.63241 -7.77931 -8.60245 -2.36431 -8.12274
97.81 -5.03933 -10.0376 -9.33924 -8.73367 -9.34621 -4.04999 -7.61892 -8.85008 -7.12502 -4.90086 -8.81409 -8.65666 -4.26026 -6.42117 -7.08687 -7.92273 -4.97785 -7.98495 -8.54592 -4.43526 -9.28794 -7.53342 -7.58628 -5.18712 -7.97772 -8.46853 -4.45477 -8.07286 -7.32111 -7.66403 -5.19325 -8.01066 -8.51338 -4.57944 -8.35931 -7.31453 -7.08979 -5.37599 -8.04625 -8.52742 -3.30456 -8.19301 -6.50806 -9.51057 -3.63241 -7.77931 -8.60245 -2.36431 -8.12274
97.86 -5.03933 -10.0376 -9.33924 -8.73367 -9.34621 -4.04999 -7.61892 -8.85008 -7.12502 -4.90086 -8.81409 -8.65666 -4.26026 -6.42117 -7.08687 -7.92273 -4.97785 -7.98495 -8.54592 -4.43526 -9.28794 -7.53342 -7.58628 -5.18712 -7.97772 -8.46853 -4.45477 -8.07286 -7.32111 -7.66403 -5.19325 -8.01066 -8.51338 -4.57944 -8.35931 -7.31453 -7.08979 -5.37599 -8.04625 -8.52742 -3.30456 -8.19301 -6.50806 -9.51057 -3.63241 -7.77931 -8.60245 -2.36431 -8.12274
97.91 -5.03933 -10.0376 -9.33924 -8.73367 -9.34621 -4.04999 -7.61892 -8.85008 -7.12502 -4.90086 -8.81409 -8.65666 -4.26026 -6.42117 -7.08687 -7.92273 -4.97785 -7.98495 -8.54592 -4.43526 -9.28794 -7.53342 -7.58628 -5.18712 -7.97772 -8.46853 -4.45477 -8.07286 -7.32111 -7.66403 -5.19325 -8.01066 -8.51338 -4.57944 -8.35931 -7.31453 -7.08979 -5.37599 -8.04625 -8.52742 -3.30456 -8.19301 -6.50806 -9.51057 -3.63241 -7.77931 -8.60245 -2.36431 -8.12274
97.96 -5.03933 -10.0376 -9.33924 -8.73367 -9.34621 -4.04999 -7.61892 -8.85008 -7.12502 -4.90086 -8.81409 -8.65666 -4.26026 -6.42117 -7.08687 -7.92273 -4.97785 -7.98495 -8.54592 -4.43526 -9.28794 -7.53342 -7.58628 -5.18712 -7.97772 -8.46853 -4.45477 -8.07286 -7.32111 -7.66403 -5.19325 -8.01066 -8.51338 -4.57944 -8.35931 -7.31453 -7.08979 -5.37599 -8.04625 -8.52742 -3.30456 -8.19301 -6.50806 -9.51057 -3.63241 -7.77931 -8.60245 -2.36431 -8.12274
98.01 -5.03933 -10.0376 -9.33924 -8.73367 -9.34621 -4.04999 -7.61892 -8.85008 -7.12502 -4.90086 -8.81409 -8.65666 -4.26026 -6.42117 -7.08687 -7.92273 -4.97785 -7.98495 -8.54592 -4.43526 -9.28794 -7.53342 -7.58628 -5.18712 -7.97772 -8.46853 -4.45477 -8.07286 -7.32111 -7.66403 -5.19325 -8.01066 -8.51338 -4.57944 -8.35931 -7.31453 -7.08979 -5.37599 -8.04625 -8.52742 -3.30456 -8.19301 -6.50806 -9.51057 -3.63241 -7.77931 -8.60245 -2.36431 -8.12274
98.06 -5.03933 -10.0376 -9.33924 -8.73367 -9.34621 -4.04999 -7.61892 -8.85008 -7.12502 -4.90086 -8.81409 -8.65666 -4.26026 -6.42117 -7.08687 -7.92273 -4.97785 -7.98495 -8.54592 -4.43526 -9.28794 -7.53342 -7.58628 -5.18712 -7.97772 -8.46853 -4.45477 -8.07286 -7.32111 -7.66403 -5.19325 -8.01066 -8.51338 -4.57944 -8.35931 -7.31453 -7.08979 -5.37599 -8.04625 -8.52742 -3.30456 -8.19301 -6.50806 -9.51057 -3.63241 -7.77931 -8.60245 -2.36431 -8.12274
98.11 -5.03933 -10.0376 -9.33924 -8.73367 -9.34621 -4.04999 -7.61892 -8.85008 -7.12502 -4.90086 -8.81409 -8.65666 -4.26026 -6.42117 -7.08687 -7.92273 -4.97785 -7.98495 -8.54592 -4.43526 -9.28794 -7.53342 -7.58628 -5.18712 -7.97772 -8.46853 -4.45477 -8.07286 -7.32111 -7.66403 -5.19325 -8.01066 -8.51338 -4.57944 -8.35931 -7.31453 -7.08979 -5.37599 -8.04625 -8.52742 -3.30456 -8.19301 -6.50806 -9.51057 -3.63241 -7.77931 -8.60245 -2.36431 -8.12274
98.16 -5.03933 -10.0376 -9.33924 -8.73367 -9.34621 -4.04999 -7.61892 -8.85008 -7.12502 -4.90086 -8.81409 -8.65666 -4.26026 -6.42117 -7.08687 -7.92273 -4.97785 -7.98495 -8.54592 -4.43526 -9.28794 -7.53342 -7.58628 -5.18712 -7.97772 -8.46853 -4.45477 -8.07286 -7.32111 -7.66403 -5.19325 -8.01066 -8.51338 -4.57944 -8.35931 -7.31453 -7.08979 -5.37599 -8.04625 -8.52742 -3.30456 -8.19301 -6.50806 -9.51057 -3.63241 -7.77931 -8.60245 -2.36431 -8.12274
98.21 -5.03933 -10.0376 -9.33924 -8.73367 -9.34621 -4.04999 -7.61892 -8.85008 -7.12502 -4.90086 -8.81409 -8.65666 -4.26026 -6.42117 -7.08687 -7.92273 -4.97785 -7.98495 -8.54592 -4.43526 -9.28794 -7.53342 -7.58628 -5.18712 -7.97772 -8.46853 -4.45477 -8.07286 -7.32111 -7.66403 -5.19325 -8.01066 -8.51338 -4.57944 -8.35931 -7.31453 -7.08979 -5.37599 -8.04625 -8.52742 -3.30456 -8.19301 -6.50806 -9.51057 -3.63241 -7.77931 -8.60245 -2.36431 -8.12274
98.26 -5.03933 -10.0376 -9.33924 -8.73367 -9.34621 -4.04999 -7.61892 -8.85008 -7.12502 -4.90086 -8.81409 -8.65666 -4.26026 -6.42117 -7.08687 -7.92273 -4.97785 -7.98495 -8.54592 -4.43526 -9.28794 -7.53342 -7.58628 -5.18712 -7.97772 -8.46853 -4.45477 -8.07286 -7.32111 -7.66403 -5.19325 -8.01066 -8.51338 -4.57944 -8.35931 -7.31453 -7.08979 -5.37599 -8.04625 -8.52742 -3.30456 -8.19301 -6.50806 -9.51057 -3.63241 -7.77931 -8.60245 -2.36431 -8.12274
98.31 -5.03933 -10.0376 -9.33924 -8.73367 -9.34621 -4.04999 -7.61892 -8.85008 -7.12502 -4.90086 -8.81409 -8.65666 -4.26026 -6.42117 -7.08687 -7.92273 -4.97785 -7.98495 -8.54592 -4.43526 -9.28794 -7.53342 -7.58628 -5.18712 -7.97772 -8.46853 -4.45477 -8.07286 -7.32111 -7.66403 -5.19325 -8.01066 -8.51338 -4.57944 -8.35931 -7.31453 -7.08979 -5.37599 -8.04625 -8.52742 -3.30456 -8.19301 -6.50806 -9.51057 -3.63241 -7.77931 -8.60245 -2.36431 -8.12274
98.36 -5.03933 -10.0376 -9.33924 -8.73367 -9.34621 -4.04999 -7.61892 -8.85008 -7.12502 -4.90086 -8.81409 -8.65666 -4.26026 -6.42117 -7.08687 -7.92273 -4.97785 -7.98495 -8.54592 -4.43526 -9.28794 -7.53342 -7.58628 -5.18712 -7.97772 -8.46853 -4.45477 -8.07286 -7.32111 -7.66403 -5.19325 -8.01066 -8.51338 -4.57944 -8.35931 -7.31453 -7.08979 -5.37599 -8.04625 -8.52742 -3.30456 -8.19301 -6.50806 -9.51057 -3.63241 -7.77931 -8.60245 -2.36431 -8.12274
98.41 -5.03933 -10.0376 -9.33924 -8.73367 -9.34621 -4.04999 -7.61892 -8.85008 -7.12502 -4.90086 -8.81409 -8.65666 -4.26026 -6.42117 -7.08687 -7.92273 -4.97785 -7.98495 -8.54592 -4.43526 -9.28794 -7.53342 -7.58628 -5.18712 -7.97772 -8.46853 -4.45477 -8.07286 -7.32111 -7.66403 -5.19325 -8.01066 -8.51338 -4.57944 -8.35931 -7.31453 -7.08979 -5.37599 -8.04625 -8.52742 -3.30456 -8.19301 -6.50806 -9.51057 -3.63241 -7.77931 -8.60245 -2.36431 -8.12274
98.46 -5.03933 -10.0376 -9.33924 -8.73367 -9.34621 -4.04999 -7.61892 -8.85008 -7.12502 -4.90086 -8.81409 -8.65666 -4.26026 -6.42117 -7.08687 -7.92273 -4.97785 -7.98495 -8.54592 -4.43526 -9.28794 -7.53342 -7.58628 -5.18712 -7.97772 -8.46853 -4.45477 -8.07286 -7.32111 -7.66403 -5.19325 -8.01066 -8.51338 -4.57944 -8.35931 -7.31453 -7.08979 -5.37599 -8.04625 -8.52742 -3.30456 -8.19301 -6.50806 -9.51057 -3.63241 -7.77931 -8.60245 -2.36431 -8.12274
98.51 -5.03933 -10.0376 -9.33924 -8.73367 -9.34621 -4.04999 -7.61892 -8.85008 -7.12502 -4.90086 -8.81409 -8.65666 -4.26026 -6.42117 -7.08687 -7.92273 -4.97785 -7.98495 -8.54592 -4.43526 -9.28794 -7.53342 -7.58628 -5.18712 -7.97772 -8.46853 -4.45477 -8.07286 -7.32111 -7.66403 -5.19325 -8.01066 -8.51338 -4.57944 -8.35931 -7.31453 -7.08979 -5.37599 -8.04625 -8.52742 -3.30456 -8.19301 -6.50806 -9.51057 -3.63241 -7.77931 -8.60245 -2.36431 -8.12274
98.56 -5.03933 -10.0376 -9.33924 -8.73367 -9.34621 -4.04999 -7.61892 -8.85008 -7.12502 -4.90086 -8.81409 -8.65666 -4.26026 -6.42117 -7.08687 -7.92273 -4.97785 -7.98495 -8.54592 -4.43526 -9.28794 -7.53342 -7.58628 -5.18712 -7.97772 -8.46853 -4.45477 -8.07286 -7.32111 -7.66403 -5.19325 -8.01066 -8.51338 -4.57944 -8.35931 -7.31453 -7.08979 -5.37599 -8.04625 -8.52742 -3.30456 -8.19301 -6.50806 -9.51057 -3.63241 -7.77931 -8.60245 -2.36431 -8.12274
98.61 -5.03933 -10.0376 -9.33924 -8.73367 -9.34621 -4.04999 -7.61892 -8.85008 -7.12502 -4.90086 -8.81409 -8.65666 -4.26026 -6.42117 -7.08687 -7.92273 -4.97785 -7.98495 -8.54592 -4.43526 -9.28794 -7.53342 -7.58628 -5.18712 -7.97772 -8.46853 -4.45477 -8.07286 -7.32111 -7.66403 -5.19325 -8.01066 -8.51338 -4.57944 -8.35931 -7.31453 -7.08979 -5.37599 -8.04625 -8.52742 -3.30456 -8.19301 -6.50806 -9.51057 -3.63241 -7.77931 -8.60245 -2.36431 -8.12274
98.66 -5.03933 -10.0376 -9.33924 -8.73367 -9.34621 -4.04999 -7.61892 -8.85008 -7.12502 -4.90086 -8.81409 -8.65666 -4.26026 -6.42117 -7.08687 -7.92273 -4.97785 -7.98495 -8.54592 -4.43526 -9.28794 -7.53342 -7.58628 -5.18712 -7.97772 -8.46853 -4.45477 -8.07286 -7.32111 -7.66403 -5.19325 -8.01066 -8.51338 -4.57944 -8.35931 -7.31453 -7.08979 -5.37599 -8.04625 -8.52742 -3.30456 -8.19301 -6.50806 -9.51057 -3.63241 -7.77931 -8.60245 -2.36431 -8.12274
98.71 -5.03933 -10.0376 -9.33924 -8.73367 -9.34621 -4.04999 -7.61892 -8.85008 -7.12502 -4.90086 -8.81409 -8.65666 -4.26026 -6.42117 -7.08687 -7.92273 -4.97785 -7.98495 -8.54592 -4.43526 -9.28794 -7.53342 -7.58628 -5.18712 -7.97772 -8.46853 -4.45477 -8.07286 -7.32111 -7.66403 -5.19325 -8.01066 -8.51338 -4.57944 -8.35931 -7.31453 -7.08979 -5.37599 -8.04625 -8.52742 -3.30456 -8.19301 -6.50806 -9.51057 -3.63241 -7.77931 -8.60245 -2.36431 -8.12274
98.76 -5.03933 -10.0376 -9.33924 -8.73367 -9.34621 -4.04999 -7.61892 -8.85008 -7.12502 -4.90086 -8.81409 -8.65666 -4.26026 -6.42117 -7.08687 -7.92273 -4.97785 -7.98495 -8.54592 -4.43526 -9.28794 -7.53342 -7.58628 -5.18712 -7.97772 -8.46853 -4.45477 -8.07286 -7.32111 -7.66403 -5.19325 -8.01066 -8.51338 -4.57944 -8.35931 -7.31453 -7.08979 -5.37599 -8.04625 -8.52742 -3.30456 -8.19301 -6.50806 -9.51057 -3.63241 -7.77931 -8.60245 -2.36431 -8.12274
98.81 -5.03933 -10.0376 -9.33924 -8.73367 -9.34621 -4.04999 -7.61892 -8.85008 -7.12502 -4.90086 -8.81409 -8.65666 -4.26026 -6.42117 -7.08687 -7.92273 -4.97785 -7.98495 -8.54592 -4.43526 -9.28794 -7.53342 -7.58628 -5.18712 -7.97772 -8.46853 -4.45477 -8.07286 -7.32111 -7.66403 -5.19325 -8.01066 -8.51338 -4.57944 -8.35931 -7.31453 -7.08979 -5.37599 -8.04625 -8.52742 -3.30456 -8.19301 -6.50806 -9.51057 -3.63241 -7.77931 -8.60245 -2.36431 -8.12274
98.86 -5.03933 -10.0376 -9.33924 -8.73367 -9.34621 -4.04999 -7.61892 -8.85008 -7.12502 -4.90086 -8.81409 -8.65666 -4.26026 -6.42117 -7.08687 -7.92273 -4.97785 -7.98495 -8.54592 -4.43526 -9.28794 -7.53342 -7.58628 -5.18712 -7.97772 -8.46853 -4.45477 -8.07286 -7.32111 -7.66403 -5.19325 -8.01066 -8.51338 -4.57944 -8.35931 -7.31453 -7.08979 -5.37599 -8.04625 -8.52742 -3.30456 -8.19301 -6.50806 -9.51057 -3.63241 -7.77931 -8.60245 -2.36431 -8.12274
98.91 -5.03933 -10.0376 -9.33924 -8.73367 -9.34621 -4.04999 -7.61892 -8.85008 -7.12502 -4.90086 -8.81409 -8.65666 -4.26026 -6.42117 -7.08687 -7.92273 -4.97785 -7.98495 -8.54592 -4.43526 -9.28794 -7.53342 -7.58628 -5.18712 -7.97772 -8.46853 -4.45477 -8.07286 -7.32111 -7.66403 -5.19325 -8.01066 -8.51338 -4.57944 -8.35931 -7.31453 -7.08979 -5.37599 -8.04625 -8.52742 -3.30456 -8.19301 -6.50806 -9.51057 -3.63241 -7.77931 -8.60245 -2.36431 -8.12274
98.96 -5.03933 -10.0376 -9.33924 -8.73367 -9.34621 -4.04999 -7.61892 -8.85008 -7.12502 -4.90086 -8.81409 -8.65666 -4.26026 -6.42117 -7.08687 -7.92273 -4.97785 -7.98495 -8.54592 -4.43526 -9.28794 -7.53342 -7.58628 -5.18712 -7.97772 -8.46853 -4.45477 -8.07286 -7.32111 -7.66403 -5.19325 -8.01066 -8.51338 -4.57944 -8.35931 -7.31453 -7.08979 -5.37599 -8.04625 -8.52742 -3.30456 -8.19301 -6.50806 -9.51057 -3.63241 -7.77931 -8.60245 -2.36431 -8.12274
99.01 -5.03933 -10.0376 -9.33924 -8.73367 -9.34621 -4.04999 -7.61892 -8.85008 -7.12502 -4.90086 -8.81409 -8.65666 -4.26026 -6.42117 -7.08687 -7.92273 -4.97785 -7.98495 -8.54592 -4.43526 -9.28794 -7.53342 -7.58628 -5.18712 -7.97772 -8.46853 -4.45477 -8.07286 -7.32111 -7.66403 -5.19325 -8.01066 -8.51338 -4.57944 -8.35931 -7.31453 -7.08979 -5.37599 -8.04625 -8.52742 -3.30456 -8.19301 -6.50806 -9.51057 -3.63241 -7.77931 -8.60245 -2.36431 -8.12274
99.06 -5.03933 -10.0376 -9.33924 -8.73367 -9.34621 -4.04999 -7.61892 -8.85008 -7.12502 -4.90086 -8.81409 -8.65666 -4.26026 -6.42117 -7.08687 -7.92273 -4.97785 -7.98495 -8.54592 -4.43526 -9.28794 -7.53342 -7.58628 -5.18712 -7.97772 -8.46853 -4.45477 -8.07286 -7.32111 -7.66403 -5.19325 -8.01066 -8.51338 -4.57944 -8.35931 -7.31453 -7.08979 -5.37599 -8.04625 -8.52742 -3.30456 -8.19301 -6.50806 -9.51057 -3.63241 -7.77931 -8.60245 -2.36431 -8.12274
99.11 -5.03933 -10.0376 -9.33924 -8.73367 -9.34621 -4.04999 -7.61892 -8.85008 -7.12502 -4.90086 -8.81409 -8.65666 -4.26026 -6.42117 -7.08687 -7.92273 -4.97785 -7.98495 -8.54592 -4.43526 -9.28794 -7.53342 -7.58628 -5.18712 -7.97772 -8.46853 -4.45477 -8.07286 -7.32111 -7.66403 -5.19325 -8.01066 -8.51338 -4.57944 -8.35931 -7.31453 -7.08979 -5.37599 -8.04625 -8.52742 -3.30456 -8.19301 -6.50806 -9.51057 -3.63241 -7.77931 -8.60245 -2.36431 -8.12274
99.16 -5.03933 -10.0376 -9.33924 -8.73367 -9.34621 -4.04999 -7.61892 -8.85008 -7.12502 -4.90086 -8.81409 -8.65666 -4.26026 -6.42117 -7.08687 -7.92273 -4.97785 -7.98495 -8.54592 -4.43526 -9.28794 -7.53342 -7.58628 -5.18712 -7.97772 -8.46853 -4.45477 -8.07286 -7.32111 -7.66403 -5.19325 -8.01066 -8.51338 -4.57944 -8.35931 -7.31453 -7.08979 -5.37599 -8.04625 -8.52742 -3.30456 -8.19301 -6.50806 -9.51057 -3.63241 -7.77931 -8.60245 -2.36431 -8.12274
99.21 -5.03933 -10.0376 -9.33924 -8.73367 -9.34621 -4.04999 -7.61892 -8.85008 -7.12502 -4.90086 -8.81409 -8.65666 -4.26026 -6.42117 -7.08687 -7.92273 -4.97785 -7.98495 -8.54592 -4.43526 -9.28794 -7.53342 -7.58628 -5.18712 -7.97772 -8.46853 -4.45477 -8.07286 -7.32111 -7.66403 -5.19325 -8.01066 -8.51338 -4.57944 -8.35931 -7.31453 -7.08979 -5.37599 -8.04625 -8.52742 -3.30456 -8.19301 -6.50806 -9.51057 -3.63241 -7.77931 -8.60245 -2.36431 -8.12274
99.26 -5.03933 -10.0376 -9.33924 -8.73367 -9.34621 -4.04999 -7.61892 -8.85008 -7.12502 -4.90086 -8.81409 -8.65666 -4.26026 -6.42117 -7.08687 -7.92273 -4.97785 -7.98495 -8.54592 -4.43526 -9.28794 -7.53342 -7.58628 -5.18712 -7.97772 -8.46853 -4.45477 -8.07286 -7.32111 -7.66403 -5.19325 -8.01066 -8.51338 -4.57944 -8.35931 -7.31453 -7.08979 -5.37599 -8.04625 -8.52742 -3.30456 -8.19301 -6.50806 -9.51057 -3.63241 -7.77931 -8.60245 -2.36431 -8.12274
99.31 -5.03933 -10.0376 -9.33924 -8.73367 -9.34621 -4.04999 -7.61892 -8.85008 -7.12502 -4.90086 -8.81409 -8.65666 -4.26026 -6.42117 -7.08687 -7.92273 -4.97785 -7.98495 -8.54592 -4.43526 -9.28794 -7.53342 -7.58628 -5.18712 -7.97772 -8.46853 -4.45477 -8.07286 -7.32111 -7.66403 -5.19325 -8.01066 -8.51338 -4.57944 -8.35931 -7.31453 -7.08979 -5.37599 -8.04625 -8.52742 -3.30456 -8.19301 -6.50806 -9.51057 -3.63241 -7.77931 -8.60245 -2.36431 -8.12274
99.36 -5.03933 -10.0376 -9.33924 -8.73367 -9.34621 -4.04999 -7.61892 -8.85008 -7.12502 -4.90086 -8.81409 -8.65666 -4.26026 -6.42117 -7.08687 -7.92273 -4.97785 -7.98495 -8.54592 -4.43526 -9.28794 -7.53342 -7.58628 -5.18712 -7.97772 -8.46853 -4.45477 -8.07286 -7.32111 -7.66403 -5.19325 -8.01066 -8.51338 -4.57944 -8.35931 -7.31453 -7.08979 -5.37599 -8.04625 -8.52742 -3.30456 -8.19301 -6.50806 -9.51057 -3.63241 -7.77931 -8.60245 -2.36431 -8.12274
99.41 -5.03933 -10.0376 -9.33924 -8.73367 -9.34621 -4.04999 -7.61892 -8.85008 -7.12502 -4.90086 -8.81409 -8.65666 -4.26026 -6.42117 -7.08687 -7.92273 -4.97785 -7.98495 -8.54592 -4.43526 -9.28794 -7.53342 -7.58628 -5.18712 -7.97772 -8.46853 -4.45477 -8.07286 -7.32111 -7.66403 -5.19325 -8.01066 -8.51338 -4.57944 -8.35931 -7.31453 -7.08979 -5.37599 -8.04625 -8.52742 -3.30456 -8.19301 -6.50806 -9.51057 -3.63241 -7.77931 -8.60245 -2.36431 -8.12274
99.46 -5.03933 -10.0376 -9.33924 -8.73367 -9.34621 -4.04999 -7.61892 -8.85008 -7.12502 -4.90086 -8.81409 -8.65666 -4.26026 -6.42117 -7.08687 -7.92273 -4.97785 -7.98495 -8.54592 -4.43526 -9.28794 -7.53342 -7.58628 -5.18712 -7.97772 -8.46853 -4.45477 -8.07286 -7.32111 -7.66403 -5.19325 -8.01066 -8.51338 -4.57944 -8.35931 -7.31453 -7.08979 -5.37599 -8.04625 -8.52742 -3.30456 -8.19301 -6.50806 -9.51057 -3.63241 -7.77931 -8.60245 -2.36431 -8.12274
99.51 -5.03933 -10.0376 -9.33924 -8.73367 -9.34621 -4.04999 -7.61892 -8.85008 -7.12502 -4.90086 -8.81409 -8.65666 -4.26026 -6.42117 -7.08687 -7.92273 -4.97785 -7.98495 -8.54592 -4.43526 -9.28794 -7.53342 -7.58628 -5.18712 -7.97772 -8.46853 -4.45477 -8.07286 -7.32111 -7.66403 -5.19325 -8.01066 -8.51338 -4.57944 -8.35931 -7.31453 -7.08979 -5.37599 -8.04625 -8.52742 -3.30456 -8.19301 -6.50806 -9.51057 -3.63241 -7.77931 -8.60245 -2.36431 -8.12274
99.56 -5.03933 -10.0376 -9.33924 -8.73367 -9.34621 -4.04999 -7.61892 -8.85008 -7.12502 -4.90086 -8.81409 -8.65666 -4.26026 -6.42117 -7.08687 -7.92273 -4.97785 -7.98495 -8.54592 -4.43526 -9.28794 -7.53342 -7.58628 -5.18712 -7.97772 -8.46853 -4.45477 -8.07286 -7.32111 -7.66403 -5.19325 -8.01066 -8.51338 -4.57944 -8.35931 -7.31453 -7.08979 -5.37599 -8.04625 -8.52742 -3.30456 -8.19301 -6.50806 -9.51057 -3.63241 -7.77931 -8.60245 -2.36431 -8.12274
99.61 -5.03933 -10.0376 -9.33924 -8.73367 -9.34621 -4.04999 -7.61892 -8.85008 -7.12502 -4.90086 -8.81409 -8.65666 -4.26026 -6.42117 -7.08687 -7.92273 -4.97785 -7.98495 -8.54592 -4.43526 -9.28794 -7.53342 -7.58628 -5.18712 -7.97772 -8.46853 -4.45477 -8.07286 -7.32111 -7.66403 -5.19325 -8.01066 -8.51338 -4.57944 -8.35931 -7.31453 -7.08979 -5.37599 -8.04625 -8.52742 -3.30456 -8.19301 -6.50806 -9.51057 -3.63241 -7.77931 -8.60245 -2.36431 -8.12274
99.66 -5.03933 -10.0376 -9.33924 -8.73367 -9.34621 -4.04999 -7.61892 -8.85008 -7.12502 -4.90086 -8.81409 -8.65666 -4.26026 -6.42117 -7.08687 -7.92273 -4.97785 -7.98495 -8.54592 -4.43526 -9.28794 -7.53342 -7.58628 -5.18712 -7.97772 -8.46853 -4.45477 -8.07286 -7.32111 -7.66403 -5.19325 -8.01066 -8.51338 -4.57944 -8.35931 -7.31453 -7.08979 -5.37599 -8.04625 -8.52742 -3.30456 -8.19301 -6.50806 -9.51057 -3.63241 -7.77931 -8.60245 -2.36431 -8.12274
99.71 -5.03933 -10.0376 -9.33924 -8.73367 -9.34621 -4.04999 -7.61892 -8.85008 -7.12502 -4.90086 -8.81409 -8.65666 -4.26026 -6.42117 -7.08687 -7.92273 -4.97785 -7.98495 -8.54592 -4.43526 -9.28794 -7.53342 -7.58628 -5.18712 -7.97772 -8.46853 -4.45477 -8.07286 -7.32111 -7.66403 -5.19325 -8.01066 -8.51338 -4.57944 -8.35931 -7.31453 -7.08979 -5.37599 -8.04625 -8.52742 -3.30456 -8.19301 -6.50806 -9.51057 -3.63241 -7.77931 -8.60245 -2.36431 -8.12274
99.76 -5.03933 -10.0376 -9.33924 -8.73367 -9.34621 -4.04999 -7.61892 -8.85008 -7.12502 -4.90086 -8.81409 -8.65666 -4.26026 -6.42117 -7.08687 -7.92273 -4.97785 -7.98495 -8.54592 -4.43526 -9.28794 -7.53342 -7.58628 -5.18712 -7.97772 -8.46853 -4.45477 -8.07286 -7.32111 -7.66403 -5.19325 -8.01066 -8.51338 -4.57944 -8.35931 -7.31453 -7.08979 -5.37599 -8.04625 -8.52742 -3.30456 -8.19301 -6.50806 -9.51057 -3.63241 -7.77931 -8.60245 -2.36431 -8.12274
99.81 -5.03933 -10.0376 -9.33924 -8.73367 -9.34621 -4.04999 -7.61892 -8.85008 -7.12502 -4.90086 -8.81409 -8.65666 -4.26026 -6.42117 -7.08687 -7.92273 -4.97785 -7.98495 -8.54592 -4.43526 -9.28794 -7.53342 -7.58628 -5.18712 -7.97772 -8.46853 -4.45477 -8.07286 -7.32111 -7.66403 -5.19325 -8.01066 -8.51338 -4.57944 -8.35931 -7.31453 -7.08979 -5.37599 -8.04625 -8.52742 -3.30456 -8.19301 -6.50806 -9.51057 -3.63241 -7.77931 -8.60245 -2.36431 -8.12274
99.86 -5.03933 -10.0376 -9.33924 -8.73367 -9.34621 -4.04999 -7.61892 -8.85008 -7.12502 -4.90086 -8.81409 -8.65666 -4.26026 -6.42117 -7.08687 -7.92273 -4.97785 -7.98495 -8.54592 -4.43526 -9.28794 -7.53342 -7.58628 -5.18712 -7.97772 -8.46853 -4.45477 -8.07286 -7.32111 -7.66403 -5.19325 -8.01066 -8.51338 -4.57944 -8.35931 -7.31453 -7.08979 -5.37599 -8.04625 -8.52742 -3.30456 -8.19301 -6.50806 -9.51057 -3.63241 -7.77931 -8.60245 -2.36431 -8.12274
99.91 -5.03933 -10.0376 -9.33924 -8.73367 -9.34621 -4.04999 -7.61892 -8.85008 -7.12502 -4.90086 -8.81409 -8.65666 -4.26026 -6.42117 -7.08687 -7.92273 -4.97785 -7.98495 -8.54592 -4.43526 -9.28794 -7.53342 -7.58628 -5.18712 -7.97772 -8.46853 -4.45477 -8.07286 -7.32111 -7.66403 -5.19325 -8.01066 -8.51338 -4.57944 -8.35931 -7.31453 -7.08979 -5.37599 -8.04625 -8.52742 -3.30456 -8.19301 -6.50806 -9.51057 -3.63241 -7.77931 -8.60245 -2.36431 -8.12274
99.96 -5.03933 -10.0376 -9.33924 -8.73367 -9.34621 -4.04999 -7.61892 -8.85008 -7.12502 -4.90086 -8.81409 -8.65666 -4.26026 -6.42117 -7.08687 -7.92273 -4.97785 -7.98495 -8.54592 -4.43526 -9.28794 -7.53342 -7.58628 -5.18712 -7.97772 -8.46853 -4.45477 -8.07286 -7.32111 -7.66403 -5.19325 -8.01066 -8.51338 -4.57944 -8.35931 -7.31453 -7.08979 -5.37599 -8.04625 -8.52742 -3.30456 -8.19301 -6.50806 -9.51057 -3.63241 -7.77931 -8.60245 -2.36431 -8.12274
100.01 -5.03933 -10.0376 -9.33924 -8.73367 -9.34621 -4.04999 -7.61892 -8.85008 -7.12502 -4.90086 -8.81409 -8.65666 -4.26026 -6.42117 -7.08687 -7.92273 -4.97785 -7.98495 -8.54592 -4.43526 -9.28794 -7.53342 -7.58628 -5.18712 -7.97772 -8.46853 -4.45477 -8.07286 -7.32111 -7.66403 -5.19325 -8.01066 -8.51338 -4.57944 -8.35931 -7.31453 -7.08979 -5.37599 -8.04625 -8.52742 -3.30456 -8.19301 -6.50806 -9.51057 -3.63241 -7.77931 -8.60245 -2.36431 -8.12274
100.06 -5.03933 -10.0376 -9.33924 -8.73367 -9.34621 -4.04999 -7.61892 -8.85008 -7.12502 -4.90086 -8.81409 -8.65666 -4.26026 -6.42117 -7.08687 -7.92273 -4.97785 -7.98495 -8.54592 -4.43526 -9.28794 -7.53342 -7.58628 -5.18712 -7.97772 -8.46853 -4.45477 -8.07286 -7.32111 -7.66403 -5.19325 -8.01066 -8.51338 -4.57944 -8.35931 -7.31453 -7.08979 -5.37599 -8.04625 -8.52742 -3.30456 -8.19301 -6.50806 -9.51057 -3.63241 -7.77931 -8.60245 -2.36431 -8.12274
100.11 -5.03933 -10.0376 -9.33924 -8.73367 -9.34621 -4.04999 -7.61892 -8.85008 -7.12502 -4.90086 -8.81409 -8.65666 -4.26026 -6.42117 -7.08687 -7.92273 -4.97785 -7.98495 -8.54592 -4.43526 -9.28794 -7.53342 -7.58628 -5.18712 -7.97772 -8.46853 -4.45477 -8.07286 -7.32111 -7.66403 -5.19325 -8.01066 -8.51338 -4.57944 -8.35931 -7.31453 -7.08979 -5.37599 -8.04625 -8.52742 -3.30456 -8.19301 -6.50806 -9.51057 -3.63241 -7.77931 -8.60245 -2.36431 -8.12274
100.16 -5.03933 -10.0376 -9.33924 -8.73367 -9.34621 -4.04999 -7.61892 -8.85008 -7.12502 -4.90086 -8.81409 -8.65666 -4.26026 -6.42117 -7.08687 -7.92273 -4.97785 -7.98495 -8.54592 -4.43526 -9.28794 -7.53342 -7.58628 -5.18712 -7.97772 -8.46853 -4.45477 -8.07286 -7.32111 -7.66403 -5.19325 -8.01066 -8.51338 -4.57944 -8.35931 -7.31453 -7.08979 -5.37599 -8.04625 -8.52742 -3.30456 -8.19301 -6.50806 -9.51057 -3.63241 -7.77931 -8.60245 -2.36431 -8.12274
100.21 -5.03933 -10.0376 -9.33924 -8.73367 -9.34621 -4.04999 -7.61892 -8.85008 -7.12502 -4.90086 -8.81409 -8.65666 -4.26026 -6.42117 -7.08687 -7.92273 -4.97785 -7.98495 -8.54592 -4.43526 -9.28794 -7.53342 -7.58628 -5.18712 -7.97772 -8.46853 -4.45477 -8.07286 -7.32111 -7.66403 -5.19325 -8.01066 -8.51338 -4.57944 -8.35931 -7.31453 -7.08979 -5.37599 -8.04625 -8.52742 -3.30456 -8.19301 -6.50806 -9.51057 -3.63241 -7.77931 -8.60245 -2.36431 -8.12274
100.26 -5.03933 -10.0376 -9.33924 -8.73367 -9.34621 -4.04999 -7.61892 -8.85008 -7.12502 -4.90086 -8.81409 -8.65666 -4.26026 -6.42117 -7.08687 -7.92273 -4.97785 -7.98495 -8.54592 -4.43526 -9.28794 -7.53342 -7.58628 -5.18712 -7.97772 -8.46853 -4.45477 -8.07286 -7.32111 -7.66403 -5.19325 -8.01066 -8.51338 -4.57944 -8.35931 -7.31453 -7.08979 -5.37599 -8.04625 -8.52742 -3.30456 -8.19301 -6.50806 -9.51057 -3.63241 -7.77931 -8.60245 -2.36431 -8.12274
100.31 -5.03933 -10.0376 -9.33924 -8.73367 -9.34621 -4.04999 -7.61892 -8.85008 -7.12502 -4.90086 -8.81409 -8.65666 -4.26026 -6.42117 -7.08687 -7.92273 -4.97785 -7.98495 -8.54592 -4.43526 -9.28794 -7.53342 -7.58628 -5.18712 -7.97772 -8.46853 -4.45477 -8.07286 -7.32111 -7.66403 -5.19325 -8.01066 -8.51338 -4.57944 -8.35931 -7.31453 -7.08979 -5.37599 -8.04625 -8.52742 -3.30456 -8.19301 -6.50806 -9.51057 -3.63241 -7.77931 -8.60245 -2.36431 -8.12274
100.36 -5.03933 -10.0376 -9.33924 -8.73367 -9.34621 -4.04999 -7.61892 -8.85008 -7.12502 -4.90086 -8.81409 -8.65666 -4.26026 -6.42117 -7.08687 -7.92273 -4.97785 -7.98495 -8.54592 -4.43526 -9.28794 -7.53342 -7.58628 -5.18712 -7.97772 -8.46853 -4.45477 -8.07286 -7.32111 -7.66403 -5.19325 -8.01066 -8.51338 -4.57944 -8.35931 -7.31453 -7.08979 -5.37599 -8.04625 -8.52742 -3.30456 -8.19301 -6.50806 -9.51057 -3.63241 -7.77931 -8.60245 -2.36431 -8.12274
100.41 -5.03933 -10.0376 -9.33924 -8.73367 -9.34621 -4.04999 -7.61892 -8.85008 -7.12502 -4.90086 -8.81409 -8.65666 -4.26026 -6.42117 -7.08687 -7.92273 -4.97785 -7.98495 -8.54592 -4.43526 -9.28794 -7.53342 -7.58628 -5.18712 -7.97772 -8.46853 -4.45477 -8.07286 -7.32111 -7.66403 -5.19325 -8.01066 -8.51338 -4.57944 -8.35931 -7.31453 -7.08979 -5.37599 -8.04625 -8.52742 -3.30456 -8.19301 -6.50806 -9.51057 -3.63241 -7.77931 -8.60245 -2.36431 -8.12274
100.46 -5.03933 -10.0376 -9.33924 -8.73367 -9.34621 -4.04999 -7.61892 -8.85008 -7.12502 -4.90086 -8.81409 -8.65666 -4.26026 -6.42117 -7.08687 -7.92273 -4.97785 -7.98495 -8.54592 -4.43526 -9.28794 -7.53342 -7.58628 -5.18712 -7.97772 -8.46853 -4.45477 -8.07286 -7.32111 -7.66403 -5.19325 -8.01066 -8.51338 -4.57944 -8.35931 -7.31453 -7.08979 -5.37599 -8.04625 -8.52742 -3.30456 -8.19301 -6.50806 -9.51057 -3.63241 -7.77931 -8.60245 -2.36431 -8.12274
100.51 -5.03933 -10.0376 -9.33924 -8.73367 -9.34621 -4.04999 -7.61892 -8.85008 -7.12502 -4.90086 -8.81409 -8.65666 -4.26026 -6.42117 -7.08687 -7.92273 -4.97785 -7.98495 -8.54592 -4.43526 -9.28794 -7.53342 -7.58628 -5.18712 -7.97772 -8.46853 -4.45477 -8.07286 -7.32111 -7.66403 -5.19325 -8.01066 -8.51338 -4.57944 -8.35931 -7.31453 -7.08979 -5.37599 -8.04625 -8.52742 -3.30456 -8.19301 -6.50806 -9.51057 -3.63241 -7.77931 -8.60245 -2.36431 -8.12274
100.56 -5.03933 -10.0376 -9.33924 -8.73367 -9.34621 -4.04999 -7.61892 -8.85008 -7.12502 -4.90086 -8.81409 -8.65666 -4.26026 -6.42117 -7.08687 -7.92273 -4.97785 -7.98495 -8.54592 -4.43526 -9.28794 -7.53342 -7.58628 -5.18712 -7.97772 -8.46853 -4.45477 -8.07286 -7.32111 -7.66403 -5.19325 -8.01066 -8.51338 -4.57944 -8.35931 -7.31453 -7.08979 -5.37599 -8.04625 -8.52742 -3.30456 -8.19301 -6.50806 -9.51057 -3.63241 -7.77931 -8.60245 -2.36431 -8.12274
100.61 -5.03933 -10.0376 -9.33924 -8.73367 -9.34621 -4.04999 -7.61892 -8.85008 -7.12502 -4.90086 -8.81409 -8.65666 -4.26026 -6.42117 -7.08687 -7.92273 -4.97785 -7.98495 -8.54592 -4.43526 -9.28794 -7.53342 -7.58628 -5.18712 -7.97772 -8.46853 -4.45477 -8.07286 -7.32111 -7.66403 -5.19325 -8.01066 -8.51338 -4.57944 -8.35931 -7.31453 -7.08979 -5.37599 -8.04625 -8.52742 -3.30456 -8.19301 -6.50806 -9.51057 -3.63241 -7.77931 -8.60245 -2.36431 -8.12274
100.66 -5.03933 -10.0376 -9.33924 -8.73367 -9.34621 -4.04999 -7.61892 -8.85008 -7.12502 -4.90086 -8.81409 -8.65666 -4.26026 -6.42117 -7.08687 -7.92273 -4.97785 -7.98495 -8.54592 -4.43526 -9.28794 -7.53342 -7.58628 -5.18712 -7.97772 -8.46853 -4.45477 -8.07286 -7.32111 -7.66403 -5.19325 -8.01066 -8.51338 -4.57944 -8.35931 -7.31453 -7.08979 -5.37599 -8.04625 -8.52742 -3.30456 -8.19301 -6.50806 -9.51057 -3.63241 -7.77931 -8.60245 -2.36431 -8.12274
100.71 -5.03933 -10.0376 -9.33924 -8.73367 -9.34621 -4.04999 -7.61892 -8.85008 -7.12502 -4.90086 -8.81409 -8.65666 -4.26026 -6.42117 -7.08687 -7.92273 -4.97785 -7.98495 -8.54592 -4.43526 -9.28794 -7.53342 -7.58628 -5.18712 -7.97772 -8.46853 -4.45477 -8.07286 -7.32111 -7.66403 -5.19325 -8.01066 -8.51338 -4.57944 -8.35931 -7.31453 -7.08979 -5.37599 -8.04625 -8.52742 -3.30456 -8.19301 -6.50806 -9.51057 -3.63241 -7.77931 -8.60245 -2.36431 -8.12274
100.76 -5.03933 -10.0376 -9.33924 -8.73367 -9.34621 -4.04999 -7.61892 -8.85008 -7.12502 -4.90086 -8.81409 -8.65666 -4.26026 -6.42117 -7.08687 -7.92273 -4.97785 -7.98495 -8.54592 -4.43526 -9.28794 -7.53342 -7.58628 -5.18712 -7.97772 -8.46853 -4.45477 -8.07286 -7.32111 -7.66403 -5.19325 -8.01066 -8.51338 -4.57944 -8.35931 -7.31453 -7.08979 -5.37599 -8.04625 -8.52742 -3.30456 -8.19301 -6.50806 -9.51057 -3.63241 -7.77931 -8.60245 -2.36431 -8.12274
100.81 -5.03933 -10.0376 -9.33924 -8.73367 -9.34621 -4.04999 -7.61892 -8.85008 -7.12502 -4.90086 -8.81409 -8.65666 -4.26026 -6.42117 -7.08687 -7.92273 -4.97785 -7.98495 -8.54592 -4.43526 -9.28794 -7.53342 -7.58628 -5.18712 -7.97772 -8.46853 -4.45477 -8.07286 -7.32111 -7.66403 -5.19325 -8.01066 -8.51338 -4.57944 -8.35931 -7.31453 -7.08979 -5.37599 -8.04625 -8.52742 -3.30456 -8.19301 -6.50806 -9.51057 -3.63241 -7.77931 -8.60245 -2.36431 -8.12274
100.86 -5.03933 -10.0376 -9.33924 -8.73367 -9.34621 -4.04999 -7.61892 -8.85008 -7.12502 -4.90086 -8.81409 -8.65666 -4.26026 -6.42117 -7.08687 -7.92273 -4.97785 -7.98495 -8.54592 -4.43526 -9.28794 -7.53342 -7.58628 -5.18712 -7.97772 -8.46853 -4.45477 -8.07286 -7.32111 -7.66403 -5.19325 -8.01066 -8.51338 -4.57944 -8.35931 -7.31453 -7.08979 -5.37599 -8.04625 -8.52742 -3.30456 -8.19301 -6.50806 -9.51057 -3.63241 -7.77931 -8.60245 -2.36431 -8.12274
100.91 -5.03933 -10.0376 -9.33924 -8.73367 -9.34621 -4.04999 -7.61892 -8.85008 -7.12502 -4.90086 -8.81409 -8.65666 -4.26026 -6.42117 -7.08687 -7.92273 -4.97785 -7.98495 -8.54592 -4.43526 -9.28794 -7.53342 -7.58628 -5.18712 -7.97772 -8.46853 -4.45477 -8.07286 -7.32111 -7.66403 -5.19325 -8.01066 -8.51338 -4.57944 -8.35931 -7.31453 -7.08979 -5.37599 -8.04625 -8.52742 -3.30456 -8.19301 -6.50806 -9.51057 -3.63241 -7.77931 -8.60245 -2.36431 -8.12274
100.96 -5.03933 -10.0376 -9.33924 -8.73367 -9.34621 -4.04999 -7.61892 -8.85008 -7.12502 -4.90086 -8.81409 -8.65666 -4.26026 -6.42117 -7.08687 -7.92273 -4.97785 -7.98495 -8.54592 -4.43526 -9.28794 -7.53342 -7.58628 -5.18712 -7.97772 -8.46853 -4.45477 -8.07286 -7.32111 -7.66403 -5.19325 -8.01066 -8.51338 -4.57944 -8.35931 -7.31453 -7.08979 -5.37599 -8.04625 -8.52742 -3.30456 -8.19301 -6.50806 -9.51057 -3.63241 -7.77931 -8.60245 -2.36431 -8.12274
101.01 -5.03933 -10.0376 -9.33924 -8.73367 -9.34621 -4.04999 -7.61892 -8.85008 -7.12502 -4.90086 -8.81409 -8.65666 -4.26026 -6.42117 -7.08687 -7.92273 -4.97785 -7.98495 -8.54592 -4.43526 -9.28794 -7.53342 -7.58628 -5.18712 -7.97772 -8.46853 -4.45477 -8.07286 -7.32111 -7.66403 -5.19325 -8.01066 -8.51338 -4.57944 -8.35931 -7.31453 -7.08979 -5.37599 -8.04625 -8.52742 -3.30456 -8.19301 -6.50806 -9.51057 -3.63241 -7.77931 -8.60245 -2.36431 -8.12274
101.06 -5.03933 -10.0376 -9.33924 -8.73367 -9.34621 -4.04999 -7.61892 -8.85008 -7.12502 -4.90086 -8.81409 -8.65666 -4.26026 -6.42117 -7.08687 -7.92273 -4.97785 -7.98495 -8.54592 -4.43526 -9.28794 -7.53342 -7.58628 -5.18712 -7.97772 -8.46853 -4.45477 -8.07286 -7.32111 -7.66403 -5.19325 -8.01066 -8.51338 -4.57944 -8.35931 -7.31453 -7.08979 -5.37599 -8.04625 -8.52742 -3.30456 -8.19301 -6.50806 -9.51057 -3.63241 -7.77931 -8.60245 -2.36431 -8.12274
101.11 -5.03933 -10.0376 -9.33924 -8.73367 -9.34621 -4.04999 -7.61892 -8.85008 -7.12502 -4.90086 -8.81409 -8.65666 -4.26026 -6.42117 -7.08687 -7.92273 -4.97785 -7.98495 -8.54592 -4.43526 -9.28794 -7.53342 -7.58628 -5.18712 -7.97772 -8.46853 -4.45477 -8.07286 -7.32111 -7.66403 -5.19325 -8.01066 -8.51338 -4.57944 -8.35931 -7.31453 -7.08979 -5.37599 -8.04625 -8.52742 -3.30456 -8.19301 -6.50806 -9.51057 -3.63241 -7.77931 -8.60245 -2.36431 -8.12274
101.16 -5.03933 -10.0376 -9.33924 -8.73367 -9.34621 -4.04999 -7.61892 -8.85008 -7.12502 -4.90086 -8.81409 -8.65666 -4.26026 -6.42117 -7.08687 -7.92273 -4.97785 -7.98495 -8.54592 -4.43526 -9.28794 -7.53342 -7.58628 -5.18712 -7.97772 -8.46853 -4.45477 -8.07286 -7.32111 -7.66403 -5.19325 -8.01066 -8.51338 -4.57944 -8.35931 -7.31453 -7.08979 -5.37599 -8.04625 -8.52742 -3.30456 -8.19301 -6.50806 -9.51057 -3.63241 -7.77931 -8.60245 -2.36431 -8.12274
101.21 -5.03933 -10.0376 -9.33924 -8.73367 -9.34621 -4.04999 -7.61892 -8.85008 -7.12502 -4.90086 -8.81409 -8.65666 -4.26026 -6.42117 -7.08687 -7.92273 -4.97785 -7.98495 -8.54592 -4.43526 -9.28794 -7.53342 -7.58628 -5.18712 -7.97772 -8.46853 -4.45477 -8.07286 -7.32111 -7.66403 -5.19325 -8.01066 -8.51338 -4.57944 -8.35931 -7.31453 -7.08979 -5.37599 -8.04625 -8.52742 -3.30456 -8.19301 -6.50806 -9.51057 -3.63241 -7.77931 -8.60245 -2.36431 -8.12274
101.26 -5.03933 -10.0376 -9.33924 -8.73367 -9.34621 -4.04999 -7.61892 -8.85008 -7.12502 -4.90086 -8.81409 -8.65666 -4.26026 -6.42117 -7.08687 -7.92273 -4.97785 -7.98495 -8.54592 -4.43526 -9.28794 -7.53342 -7.58628 -5.18712 -7.97772 -8.46853 -4.45477 -8.07286 -7.32111 -7.66403 -5.19325 -8.01066 -8.51338 -4.57944 -8.35931 -7.31453 -7.08979 -5.37599 -8.04625 -8.52742 -3.30456 -8.19301 -6.50806 -9.51057 -3.63241 -7.77931 -8.60245 -2.36431 -8.12274
101.31 -5.03933 -10.0376 -9.33924 -8.73367 -9.34621 -4.04999 -7.61892 -8.85008 -7.12502 -4.90086 -8.81409 -8.65666 -4.26026 -6.42117 -7.08687 -7.92273 -4.97785 -7.98495 -8.54592 -4.43526 -9.28794 -7.53342 -7.58628 -5.18712 -7.97772 -8.46853 -4.45477 -8.07286 -7.32111 -7.66403 -5.19325 -8.01066 -8.51338 -4.57944 -8.35931 -7.31453 -7.08979 -5.37599 -8.04625 -8.52742 -3.30456 -8.19301 -6.50806 -9.51057 -3.63241 -7.77931 -8.60245 -2.36431 -8.12274
101.36 -5.03933 -10.0376 -9.33924 -8.73367 -9.34621 -4.04999 -7.61892 -8.85008 -7.12502 -4.90086 -8.81409 -8.65666 -4.26026 -6.42117 -7.08687 -7.92273 -4.97785 -7.98495 -8.54592 -4.43526 -9.28794 -7.53342 -7.58628 -5.18712 -7.97772 -8.46853 -4.45477 -8.07286 -7.32111 -7.66403 -5.19325 -8.01066 -8.51338 -4.57944 -8.35931 -7.31453 -7.08979 -5.37599 -8.04625 -8.52742 -3.30456 -8.19301 -6.50806 -9.51057 -3.63241 -7.77931 -8.60245 -2.36431 -8.12274
101.41 -5.03933 -10.0376 -9.33924 -8.73367 -9.34621 -4.04999 -7.61892 -8.85008 -7.12502 -4.90086 -8.81409 -8.65666 -4.26026 -6.42117 -7.08687 -7.92273 -4.97785 -7.98495 -8.54592 -4.43526 -9.28794 -7.53342 -7.58628 -5.18712 -7.97772 -8.46853 -4.45477 -8.07286 -7.32111 -7.66403 -5.19325 -8.01066 -8.51338 -4.57944 -8.35931 -7.31453 -7.08979 -5.37599 -8.04625 -8.52742 -3.30456 -8.19301 -6.50806 -9.51057 -3.63241 -7.77931 -8.60245 -2.36431 -8.12274
101.46 -5.03933 -10.0376 -9.33924 -8.73367 -9.34621 -4.04999 -7.61892 -8.85008 -7.12502 -4.90086 -8.81409 -8.65666 -4.26026 -6.42117 -7.08687 -7.92273 -4.97785 -7.98495 -8.54592 -4.43526 -9.28794 -7.53342 -7.58628 -5.18712 -7.97772 -8.46853 -4.45477 -8.07286 -7.32111 -7.66403 -5.19325 -8.01066 -8.51338 -4.57944 -8.35931 -7.31453 -7.08979 -5.37599 -8.04625 -8.52742 -3.30456 -8.19301 -6.50806 -9.51057 -3.63241 -7.77931 -8.60245 -2.36431 -8.12274
101.51 -5.03933 -10.0376 -9.33924 -8.73367 -9.34621 -4.04999 -7.61892 -8.85008 -7.12502 -4.90086 -8.81409 -8.65666 -4.26026 -6.42117 -7.08687 -7.92273 -4.97785 -7.98495 -8.54592 -4.43526 -9.28794 -7.53342 -7.58628 -5.18712 -7.97772 -8.46853 -4.45477 -8.07286 -7.32111 -7.66403 -5.19325 -8.01066 -8.51338 -4.57944 -8.35931 -7.31453 -7.08979 -5.37599 -8.04625 -8.52742 -3.30456 -8.19301 -6.50806 -9.51057 -3.63241 -7.77931 -8.60245 -2.36431 -8.12274
101.56 -5.03933 -10.0376 -9.33924 -8.73367 -9.34621 -4.04999 -7.61892 -8.85008 -7.12502 -4.90086 -8.81409 -8.65666 -4.26026 -6.42117 -7.08687 -7.92273 -4.97785 -7.98495 -8.54592 -4.43526 -9.28794 -7.53342 -7.58628 -5.18712 -7.97772 -8.46853 -4.45477 -8.07286 -7.32111 -7.66403 -5.19325 -8.01066 -8.51338 -4.57944 -8.35931 -7.31453 -7.08979 -5.37599 -8.04625 -8.52742 -3.30456 -8.19301 -6.50806 -9.51057 -3.63241 -7.77931 -8.60245 -2.36431 -8.12274
101.61 -5.03933 -10.0376 -9.33924 -8.73367 -9.34621 -4.04999 -7.61892 -8.85008 -7.12502 -4.90086 -8.81409 -8.65666 -4.26026 -6.42117 -7.08687 -7.92273 -4.97785 -7.98495 -8.54592 -4.43526 -9.28794 -7.53342 -7.58628 -5.18712 -7.97772 -8.46853 -4.45477 -8.07286 -7.32111 -7.66403 -5.19325 -8.01066 -8.51338 -4.57944 -8.35931 -7.31453 -7.08979 -5.37599 -8.04625 -8.52742 -3.30456 -8.19301 -6.50806 -9.51057 -3.63241 -7.77931 -8.60245 -2.36431 -8.12274
101.66 -5.03933 -10.0376 -9.33924 -8.73367 -9.34621 -4.04999 -7.61892 -8.85008 -7.12502 -4.90086 -8.81409 -8.65666 -4.26026 -6.42117 -7.08687 -7.92273 -4.97785 -7.98495 -8.54592 -4.43526 -9.28794 -7.53342 -7.58628 -5.18712 -7.97772 -8.46853 -4.45477 -8.07286 -7.32111 -7.66403 -5.19325 -8.01066 -8.51338 -4.57944 -8.35931 -7.31453 -7.08979 -5.37599 -8.04625 -8.52742 -3.30456 -8.19301 -6.50806 -9.51057 -3.63241 -7.77931 -8.60245 -2.36431 -8.12274
101.71 -5.03933 -10.0376 -9.33924 -8.73367 -9.34621 -4.04999 -7.61892 -8.85008 -7.12502 -4.90086 -8.81409 -8.65666 -4.26026 -6.42117 -7.08687 -7.92273 -4.97785 -7.98495 -8.54592 -4.43526 -9.28794 -7.53342 -7.58628 -5.18712 -7.97772 -8.46853 -4.45477 -8.07286 -7.32111 -7.66403 -5.19325 -8.01066 -8.51338 -4.57944 -8.35931 -7.31453 -7.08979 -5.37599 -8.04625 -8.52742 -3.30456 -8.19301 -6.50806 -9.51057 -3.63241 -7.77931 -8.60245 -2.36431 -8.12274
101.76 -5.03933 -10.0376 -9.33924 -8.73367 -9.34621 -4.04999 -7.61892 -8.85008 -7.12502 -4.90086 -8.81409 -8.65666 -4.26026 -6.42117 -7.08687 -7.92273 -4.97785 -7.98495 -8.54592 -4.43526 -9.28794 -7.53342 -7.58628 -5.18712 -7.97772 -8.46853 -4.45477 -8.07286 -7.32111 -7.66403 -5.19325 -8.01066 -8.51338 -4.57944 -8.35931 -7.31453 -7.08979 -5.37599 -8.04625 -8.52742 -3.30456 -8.19301 -6.50806 -9.51057 -3.63241 -7.77931 -8.60245 -2.36431 -8.12274
101.81 -5.03933 -10.0376 -9.33924 -8.73367 -9.34621 -4.04999 -7.61892 -8.85008 -7.12502 -4.90086 -8.81409 -8.65666 -4.26026 -6.42117 -7.08687 -7.92273 -4.97785 -7.98495 -8.54592 -4.43526 -9.28794 -7.53342 -7.58628 -5.18712 -7.97772 -8.46853 -4.45477 -8.07286 -7.32111 -7.66403 -5.19325 -8.01066 -8.51338 -4.57944 -8.35931 -7.31453 -7.08979 -5.37599 -8.04625 -8.52742 -3.30456 -8.19301 -6.50806 -9.51057 -3.63241 -7.77931 -8.60245 -2.36431 -8.12274
101.86 -5.03933 -10.0376 -9.33924 -8.73367 -9.34621 -4.04999 -7.61892 -8.85008 -7.12502 -4.90086 -8.81409 -8.65666 -4.26026 -6.42117 -7.08687 -7.92273 -4.97785 -7.98495 -8.54592 -4.43526 -9.28794 -7.53342 -7.58628 -5.18712 -7.97772 -8.46853 -4.45477 -8.07286 -7.32111 -7.66403 -5.19325 -8.01066 -8.51338 -4.57944 -8.35931 -7.31453 -7.08979 -5.37599 -8.04625 -8.52742 -3.30456 -8.19301 -6.50806 -9.51057 -3.63241 -7.77931 -8.60245 -2.36431 -8.12274
101.91 -5.03933 -10.0376 -9.33924 -8.73367 -9.34621 -4.04999 -7.61892 -8.85008 -7.12502 -4.90086 -8.81409 -8.65666 -4.26026 -6.42117 -7.08687 -7.92273 -4.97785 -7.98495 -8.54592 -4.43526 -9.28794 -7.53342 -7.58628 -5.18712 -7.97772 -8.46853 -4.45477 -8.07286 -7.32111 -7.66403 -5.19325 -8.01066 -8.51338 -4.57944 -8.35931 -7.31453 -7.08979 -5.37599 -8.04625 -8.52742 -3.30456 -8.19301 -6.50806 -9.51057 -3.63241 -7.77931 -8.60245 -2.36431 -8.12274
101.96 -5.03933 -10.0376 -9.33924 -8.73367 -9.34621 -4.04999 -7.61892 -8.85008 -7.12502 -4.90086 -8.81409 -8.65666 -4.26026 -6.42117 -7.08687 -7.92273 -4.97785 -7.98495 -8.54592 -4.43526 -9.28794 -7.53342 -7.58628 -5.18712 -7.97772 -8.46853 -4.45477 -8.07286 -7.32111 -7.66403 -5.19325 -8.01066 -8.51338 -4.57944 -8.35931 -7.31453 -7.08979 -5.37599 -8.04625 -8.52742 -3.30456 -8.19301 -6.50806 -9.51057 -3.63241 -7.77931 -8.60245 -2.36431 -8.12274
102.01 -5.03933 -10.0376 -9.33924 -8.73367 -9.34621 -4.04999 -7.61892 -8.85008 -7.12502 -4.90086 -8.81409 -8.65666 -4.26026 -6.42117 -7.08687 -7.92273 -4.97785 -7.98495 -8.54592 -4.43526 -9.28794 -7.53342 -7.58628 -5.18712 -7.97772 -8.46853 -4.45477 -8.07286 -7.32111 -7.66403 -5.19325 -8.01066 -8.51338 -4.57944 -8.35931 -7.31453 -7.08979 -5.37599 -8.04625 -8.52742 -3.30456 -8.19301 -6.50806 -9.51057 -3.63241 -7.77931 -8.60245 -2.36431 -8.12274
102.06 -5.03933 -10.0376 -9.33924 -8.73367 -9.34621 -4.04999 -7.61892 -8.85008 -7.12502 -4.90086 -8.81409 -8.65666 -4.26026 -6.42117 -7.08687 -7.92273 -4.97785 -7.98495 -8.54592 -4.43526 -9.28794 -7.53342 -7.58628 -5.18712 -7.97772 -8.46853 -4.45477 -8.07286 -7.32111 -7.66403 -5.19325 -8.01066 -8.51338 -4.57944 -8.35931 -7.31453 -7.08979 -5.37599 -8.04625 -8.52742 -3.30456 -8.19301 -6.50806 -9.51057 -3.63241 -7.77931 -8.60245 -2.36431 -8.12274
102.11 -5.03933 -10.0376 -9.33924 -8.73367 -9.34621 -4.04999 -7.61892 -8.85008 -7.12502 -4.90086 -8.81409 -8.65666 -4.26026 -6.42117 -7.08687 -7.92273 -4.97785 -7.98495 -8.54592 -4.43526 -9.28794 -7.53342 -7.58628 -5.18712 -7.97772 -8.46853 -4.45477 -8.07286 -7.32111 -7.66403 -5.19325 -8.01066 -8.51338 -4.57944 -8.35931 -7.31453 -7.08979 -5.37599 -8.04625 -8.52742 -3.30456 -8.19301 -6.50806 -9.51057 -3.63241 -7.77931 -8.60245 -2.36431 -8.12274
102.16 -5.03933 -10.0376 -9.33924 -8.73367 -9.34621 -4.04999 -7.61892 -8.85008 -7.12502 -4.90086 -8.81409 -8.65666 -4.26026 -6.42117 -7.08687 -7.92273 -4.97785 -7.98495 -8.54592 -4.43526 -9.28794 -7.53342 -7.58628 -5.18712 -7.97772 -8.46853 -4.45477 -8.07286 -7.32111 -7.66403 -5.19325 -8.01066 -8.51338 -4.57944 -8.35931 -7.31453 -7.08979 -5.37599 -8.04625 -8.52742 -3.30456 -8.19301 -6.50806 -9.51057 -3.63241 -7.77931 -8.60245 -2.36431 -8.12274
102.21 -5.03933 -10.0376 -9.33924 -8.73367 -9.34621 -4.04999 -7.61892 -8.85008 -7.12502 -4.90086 -8.81409 -8.65666 -4.26026 -6.42117 -7.08687 -7.92273 -4.97785 -7.98495 -8.54592 -4.43526 -9.28794 -7.53342 -7.58628 -5.18712 -7.97772 -8.46853 -4.45477 -8.07286 -7.32111 -7.66403 -5.19325 -8.01066 -8.51338 -4.57944 -8.35931 -7.31453 -7.08979 -5.37599 -8.04625 -8.52742 -3.30456 -8.19301 -6.50806 -9.51057 -3.63241 -7.77931 -8.60245 -2.36431 -8.12274
102.26 -5.03933 -10.0376 -9.33924 -8.73367 -9.34621 -4.04999 -7.61892 -8.85008 -7.12502 -4.90086 -8.81409 -8.65666 -4.26026 -6.42117 -7.08687 -7.92273 -4.97785 -7.98495 -8.54592 -4.43526 -9.28794 -7.53342 -7.58628 -5.18712 -7.97772 -8.46853 -4.45477 -8.07286 -7.32111 -7.66403 -5.19325 -8.01066 -8.51338 -4.57944 -8.35931 -7.31453 -7.08979 -5.37599 -8.04625 -8.52742 -3.30456 -8.19301 -6.50806 -9.51057 -3.63241 -7.77931 -8.60245 -2.36431 -8.12274
102.31 -5.03933 -10.0376 -9.33924 -8.73367 -9.34621 -4.04999 -7.61892 -8.85008 -7.12502 -4.90086 -8.81409 -8.65666 -4.26026 -6.42117 -7.08687 -7.92273 -4.97785 -7.98495 -8.54592 -4.43526 -9.28794 -7.53342 -7.58628 -5.18712 -7.97772 -8.46853 -4.45477 -8.07286 -7.32111 -7.66403 -5.19325 -8.01066 -8.51338 -4.57944 -8.35931 -7.31453 -7.08979 -5.37599 -8.04625 -8.52742 -3.30456 -8.19301 -6.50806 -9.51057 -3.63241 -7.77931 -8.60245 -2.36431 -8.12274
102.36 -5.03933 -10.0376 -9.33924 -8.73367 -9.34621 -4.04999 -7.61892 -8.85008 -7.12502 -4.90086 -8.81409 -8.65666 -4.26026 -6.42117 -7.08687 -7.92273 -4.97785 -7.98495 -8.54592 -4.43526 -9.28794 -7.53342 -7.58628 -5.18712 -7.97772 -8.46853 -4.45477 -8.07286 -7.32111 -7.66403 -5.19325 -8.01066 -8.51338 -4.57944 -8.35931 -7.31453 -7.08979 -5.37599 -8.04625 -8.52742 -3.30456 -8.19301 -6.50806 -9.51057 -3.63241 -7.77931 -8.60245 -2.36431 -8.12274
102.41 -5.03933 -10.0376 -9.33924 -8.73367 -9.34621 -4.04999 -7.61892 -8.85008 -7.12502 -4.90086 -8.81409 -8.65666 -4.26026 -6.42117 -7.08687 -7.92273 -4.97785 -7.98495 -8.54592 -4.43526 -9.28794 -7.53342 -7.58628 -5.18712 -7.97772 -8.46853 -4.45477 -8.07286 -7.32111 -7.66403 -5.19325 -8.01066 -8.51338 -4.57944 -8.35931 -7.31453 -7.08979 -5.37599 -8.04625 -8.52742 -3.30456 -8.19301 -6.50806 -9.51057 -3.63241 -7.77931 -8.60245 -2.36431 -8.12274
102.46 -5.03933 -10.0376 -9.33924 -8.73367 -9.34621 -4.04999 -7.61892 -8.85008 -7.12502 -4.90086 -8.81409 -8.65666 -4.26026 -6.42117 -7.08687 -7.92273 -4.97785 -7.98495 -8.54592 -4.43526 -9.28794 -7.53342 -7.58628 -5.18712 -7.97772 -8.46853 -4.45477 -8.07286 -7.32111 -7.66403 -5.19325 -8.01066 -8.51338 -4.57944 -8.35931 -7.31453 -7.08979 -5.37599 -8.04625 -8.52742 -3.30456 -8.19301 -6.50806 -9.51057 -3.63241 -7.77931 -8.60245 -2.36431 -8.12274
102.51 -5.03933 -10.0376 -9.33924 -8.73367 -9.34621 -4.04999 -7.61892 -8.85008 -7.12502 -4.90086 -8.81409 -8.65666 -4.26026 -6.42117 -7.08687 -7.92273 -4.97785 -7.98495 -8.54592 -4.43526 -9.28794 -7.53342 -7.58628 -5.18712 -7.97772 -8.46853 -4.45477 -8.07286 -7.32111 -7.66403 -5.19325 -8.01066 -8.51338 -4.57944 -8.35931 -7.31453 -7.08979 -5.37599 -8.04625 -8.52742 -3.30456 -8.19301 -6.50806 -9.51057 -3.63241 -7.77931 -8.60245 -2.36431 -8.12274
102.56 -5.03933 -10.0376 -9.33924 -8.73367 -9.34621 -4.04999 -7.61892 -8.85008 -7.12502 -4.90086 -8.81409 -8.65666 -4.26026 -6.42117 -7.08687 -7.92273 -4.97785 -7.98495 -8.54592 -4.43526 -9.28794 -7.53342 -7.58628 -5.18712 -7.97772 -8.46853 -4.45477 -8.07286 -7.32111 -7.66403 -5.19325 -8.01066 -8.51338 -4.57944 -8.35931 -7.31453 -7.08979 -5.37599 -8.04625 -8.52742 -3.30456 -8.19301 -6.50806 -9.51057 -3.63241 -7.77931 -8.60245 -2.36431 -8.12274
102.61 -5.03933 -10.0376 -9.33924 -8.73367 -9.34621 -4.04999 -7.61892 -8.85008 -7.12502 -4.90086 -8.81409 -8.65666 -4.26026 -6.42117 -7.08687 -7.92273 -4.97785 -7.98495 -8.54592 -4.43526 -9.28794 -7.53342 -7.58628 -5.18712 -7.97772 -8.46853 -4.45477 -8.07286 -7.32111 -7.66403 -5.19325 -8.01066 -8.51338 -4.57944 -8.35931 -7.31453 -7.08979 -5.37599 -8.04625 -8.52742 -3.30456 -8.19301 -6.50806 -9.51057 -3.63241 -7.77931 -8.60245 -2.36431 -8.12274
102.66 -5.03933 -10.0376 -9.33924 -8.73367 -9.34621 -4.04999 -7.61892 -8.85008 -7.12502 -4.90086 -8.81409 -8.65666 -4.26026 -6.42117 -7.08687 -7.92273 -4.97785 -7.98495 -8.54592 -4.43526 -9.28794 -7.53342 -7.58628 -5.18712 -7.97772 -8.46853 -4.45477 -8.07286 -7.32111 -7.66403 -5.19325 -8.01066 -8.51338 -4.57944 -8.35931 -7.31453 -7.08979 -5.37599 -8.04625 -8.52742 -3.30456 -8.19301 -6.50806 -9.51057 -3.63241 -7.77931 -8.60245 -2.36431 -8.12274
102.71 -5.03933 -10.0376 -9.33924 -8.73367 -9.34621 -4.04999 -7.61892 -8.85008 -7.12502 -4.90086 -8.81409 -8.65666 -4.26026 -6.42117 -7.08687 -7.92273 -4.97785 -7.98495 -8.54592 -4.43526 -9.28794 -7.53342 -7.58628 -5.18712 -7.97772 -8.46853 -4.45477 -8.07286 -7.32111 -7.66403 -5.19325 -8.01066 -8.51338 -4.57944 -8.35931 -7.31453 -7.08979 -5.37599 -8.04625 -8.52742 -3.30456 -8.19301 -6.50806 -9.51057 -3.63241 -7.77931 -8.60245 -2.36431 -8.12274
102.76 -5.03933 -10.0376 -9.33924 -8.73367 -9.34621 -4.04999 -7.61892 -8.85008 -7.12502 -4.90086 -8.81409 -8.65666 -4.26026 -6.42117 -7.08687 -7.92273 -4.97785 -7.98495 -8.54592 -4.43526 -9.28794 -7.53342 -7.58628 -5.18712 -7.97772 -8.46853 -4.45477 -8.07286 -7.32111 -7.66403 -5.19325 -8.01066 -8.51338 -4.57944 -8.35931 -7.31453 -7.08979 -5.37599 -8.04625 -8.52742 -3.30456 -8.19301 -6.50806 -9.51057 -3.63241 -7.77931 -8.60245 -2.36431 -8.12274
102.81 -5.03933 -10.0376 -9.33924 -8.73367 -9.34621 -4.04999 -7.61892 -8.85008 -7.12502 -4.90086 -8.81409 -8.65666 -4.26026 -6.42117 -7.08687 -7.92273 -4.97785 -7.98495 -8.54592 -4.43526 -9.28794 -7.53342 -7.58628 -5.18712 -7.97772 -8.46853 -4.45477 -8.07286 -7.32111 -7.66403 -5.19325 -8.01066 -8.51338 -4.57944 -8.35931 -7.31453 -7.08979 -5.37599 -8.04625 -8.52742 -3.30456 -8.19301 -6.50806 -9.51057 -3.63241 -7.77931 -8.60245 -2.36431 -8.12274
102.86 -5.03933 -10.0376 -9.33924 -8.73367 -9.34621 -4.04999 -7.61892 -8.85008 -7.12502 -4.90086 -8.81409 -8.65666 -4.26026 -6.42117 -7.08687 -7.92273 -4.97785 -7.98495 -8.54592 -4.43526 -9.28794 -7.53342 -7.58628 -5.18712 -7.97772 -8.46853 -4.45477 -8.07286 -7.32111 -7.66403 -5.19325 -8.01066 -8.51338 -4.57944 -8.35931 -7.31453 -7.08979 -5.37599 -8.04625 -8.52742 -3.30456 -8.19301 -6.50806 -9.51057 -3.63241 -7.77931 -8.60245 -2.36431 -8.12274
102.91 -5.03933 -10.0376 -9.33924 -8.73367 -9.34621 -4.04999 -7.61892 -8.85008 -7.12502 -4.90086 -8.81409 -8.65666 -4.26026 -6.42117 -7.08687 -7.92273 -4.97785 -7.98495 -8.54592 -4.43526 -9.28794 -7.53342 -7.58628 -5.18712 -7.97772 -8.46853 -4.45477 -8.07286 -7.32111 -7.66403 -5.19325 -8.01066 -8.51338 -4.57944 -8.35931 -7.31453 -7.08979 -5.37599 -8.04625 -8.52742 -3.30456 -8.19301 -6.50806 -9.51057 -3.63241 -7.77931 -8.60245 -2.36431 -8.12274
102.96 -5.03933 -10.0376 -9.33924 -8.73367 -9.34621 -4.04999 -7.61892 -8.85008 -7.12502 -4.90086 -8.81409 -8.65666 -4.26026 -6.42117 -7.08687 -7.92273 -4.97785 -7.98495 -8.54592 -4.43526 -9.28794 -7.53342 -7.58628 -5.18712 -7.97772 -8.46853 -4.45477 -8.07286 -7.32111 -7.66403 -5.19325 -8.01066 -8.51338 -4.57944 -8.35931 -7.31453 -7.08979 -5.37599 -8.04625 -8.52742 -3.30456 -8.19301 -6.50806 -9.51057 -3.63241 -7.77931 -8.60245 -2.36431 -8.12274
103.01 -5.03933 -10.0376 -9.33924 -8.73367 -9.34621 -4.04999 -7.61892 -8.85008 -7.12502 -4.90086 -8.81409 -8.65666 -4.26026 -6.42117 -7.08687 -7.92273 -4.97785 -7.98495 -8.54592 -4.43526 -9.28794 -7.53342 -7.58628 -5.18712 -7.97772 -8.46853 -4.45477 -8.07286 -7.32111 -7.66403 -5.19325 -8.01066 -8.51338 -4.57944 -8.35931 -7.31453 -7.08979 -5.37599 -8.04625 -8.52742 -3.30456 -8.19301 -6.50806 -9.51057 -3.63241 -7.77931 -8.60245 -2.36431 -8.12274
103.06 -5.03933 -10.0376 -9.33924 -8.73367 -9.34621 -4.04999 -7.61892 -8.85008 -7.12502 -4.90086 -8.81409 -8.65666 -4.26026 -6.42117 -7.08687 -7.92273 -4.97785 -7.98495 -8.54592 -4.43526 -9.28794 -7.53342 -7.58628 -5.18712 -7.97772 -8.46853 -4.45477 -8.07286 -7.32111 -7.66403 -5.19325 -8.01066 -8.51338 -4.57944 -8.35931 -7.31453 -7.08979 -5.37599 -8.04625 -8.52742 -3.30456 -8.19301 -6.50806 -9.51057 -3.63241 -7.77931 -8.60245 -2.36431 -8.12274
103.11 -5.03933 -10.0376 -9.33924 -8.73367 -9.34621 -4.04999 -7.61892 -8.85008 -7.12502 -4.90086 -8.81409 -8.65666 -4.26026 -6.42117 -7.08687 -7.92273 -4.97785 -7.98495 -8.54592 -4.43526 -9.28794 -7.53342 -7.58628 -5.18712 -7.97772 -8.46853 -4.45477 -8.07286 -7.32111 -7.66403 -5.19325 -8.01066 -8.51338 -4.57944 -8.35931 -7.31453 -7.08979 -5.37599 -8.04625 -8.52742 -3.30456 -8.19301 -6.50806 -9.51057 -3.63241 -7.77931 -8.60245 -2.36431 -8.12274
103.16 -5.03933 -10.0376 -9.33924 -8.73367 -9.34621 -4.04999 -7.61892 -8.85008 -7.12502 -4.90086 -8.81409 -8.65666 -4.26026 -6.42117 -7.08687 -7.92273 -4.97785 -7.98495 -8.54592 -4.43526 -9.28794 -7.53342 -7.58628 -5.18712 -7.97772 -8.46853 -4.45477 -8.07286 -7.32111 -7.66403 -5.19325 -8.01066 -8.51338 -4.57944 -8.35931 -7.31453 -7.08979 -5.37599 -8.04625 -8.52742 -3.30456 -8.19301 -6.50806 -9.51057 -3.63241 -7.77931 -8.60245 -2.36431 -8.12274
103.21 -5.03933 -10.0376 -9.33924 -8.73367 -9.34621 -4.04999 -7.61892 -8.85008 -7.12502 -4.90086 -8.81409 -8.65666 -4.26026 -6.42117 -7.08687 -7.92273 -4.97785 -7.98495 -8.54592 -4.43526 -9.28794 -7.53342 -7.58628 -5.18712 -7.97772 -8.46853 -4.45477 -8.07286 -7.32111 -7.66403 -5.19325 -8.01066 -8.51338 -4.57944 -8.35931 -7.31453 -7.08979 -5.37599 -8.04625 -8.52742 -3.30456 -8.19301 -6.50806 -9.51057 -3.63241 -7.77931 -8.60245 -2.36431 -8.12274
103.26 -5.03933 -10.0376 -9.33924 -8.73367 -9.34621 -4.04999 -7.61892 -8.85008 -7.12502 -4.90086 -8.81409 -8.65666 -4.26026 -6.42117 -7.08687 -7.92273 -4.97785 -7.98495 -8.54592 -4.43526 -9.28794 -7.53342 -7.58628 -5.18712 -7.97772 -8.46853 -4.45477 -8.07286 -7.32111 -7.66403 -5.19325 -8.01066 -8.51338 -4.57944 -8.35931 -7.31453 -7.08979 -5.37599 -8.04625 -8.52742 -3.30456 -8.19301 -6.50806 -9.51057 -3.63241 -7.77931 -8.60245 -2.36431 -8.12274
103.31 -5.03933 -10.0376 -9.33924 -8.73367 -9.34621 -4.04999 -7.61892 -8.85008 -7.12502 -4.90086 -8.81409 -8.65666 -4.26026 -6.42117 -7.08687 -7.92273 -4.97785 -7.98495 -8.54592 -4.43526 -9.28794 -7.53342 -7.58628 -5.18712 -7.97772 -8.46853 -4.45477 -8.07286 -7.32111 -7.66403 -5.19325 -8.01066 -8.51338 -4.57944 -8.35931 -7.31453 -7.08979 -5.37599 -8.04625 -8.52742 -3.30456 -8.19301 -6.50806 -9.51057 -3.63241 -7.77931 -8.60245 -2.36431 -8.12274
103.36 -5.03933 -10.0376 -9.33924 -8.73367 -9.34621 -4.04999 -7.61892 -8.85008 -7.12502 -4.90086 -8.81409 -8.65666 -4.26026 -6.42117 -7.08687 -7.92273 -4.97785 -7.98495 -8.54592 -4.43526 -9.28794 -7.53342 -7.58628 -5.18712 -7.97772 -8.46853 -4.45477 -8.07286 -7.32111 -7.66403 -5.19325 -8.01066 -8.51338 -4.57944 -8.35931 -7.31453 -7.08979 -5.37599 -8.04625 -8.52742 -3.30456 -8.19301 -6.50806 -9.51057 -3.63241 -7.77931 -8.60245 -2.36431 -8.12274
103.41 -5.03933 -10.0376 -9.33924 -8.73367 -9.34621 -4.04999 -7.61892 -8.85008 -7.12502 -4.90086 -8.81409 -8.65666 -4.26026 -6.42117 -7.08687 -7.92273 -4.97785 -7.98495 -8.54592 -4.43526 -9.28794 -7.53342 -7.58628 -5.18712 -7.97772 -8.46853 -4.45477 -8.07286 -7.32111 -7.66403 -5.19325 -8.01066 -8.51338 -4.57944 -8.35931 -7.31453 -7.08979 -5.37599 -8.04625 -8.52742 -3.30456 -8.19301 -6.50806 -9.51057 -3.63241 -7.77931 -8.60245 -2.36431 -8.12274
103.46 -5.03933 -10.0376 -9.33924 -8.73367 -9.34621 -4.04999 -7.61892 -8.85008 -7.12502 -4.90086 -8.81409 -8.65666 -4.26026 -6.42117 -7.08687 -7.92273 -4.97785 -7.98495 -8.54592 -4.43526 -9.28794 -7.53342 -7.58628 -5.18712 -7.97772 -8.46853 -4.45477 -8.07286 -7.32111 -7.66403 -5.19325 -8.01066 -8.51338 -4.57944 -8.35931 -7.31453 -7.08979 -5.37599 -8.04625 -8.52742 -3.30456 -8.19301 -6.50806 -9.51057 -3.63241 -7.77931 -8.60245 -2.36431 -8.12274
103.51 -5.03933 -10.0376 -9.33924 -8.73367 -9.34621 -4.04999 -7.61892 -8.85008 -7.12502 -4.90086 -8.81409 -8.65666 -4.26026 -6.42117 -7.08687 -7.92273 -4.97785 -7.98495 -8.54592 -4.43526 -9.28794 -7.53342 -7.58628 -5.18712 -7.97772 -8.46853 -4.45477 -8.07286 -7.32111 -7.66403 -5.19325 -8.01066 -8.51338 -4.57944 -8.35931 -7.31453 -7.08979 -5.37599 -8.04625 -8.52742 -3.30456 -8.19301 -6.50806 -9.51057 -3.63241 -7.77931 -8.60245 -2.36431 -8.12274
103.56 -5.03933 -10.0376 -9.33924 -8.73367 -9.34621 -4.04999 -7.61892 -8.85008 -7.12502 -4.90086 -8.81409 -8.65666 -4.26026 -6.42117 -7.08687 -7.92273 -4.97785 -7.98495 -8.54592 -4.43526 -9.28794 -7.53342 -7.58628 -5.18712 -7.97772 -8.46853 -4.45477 -8.07286 -7.32111 -7.66403 -5.19325 -8.01066 -8.51338 -4.57944 -8.35931 -7.31453 -7.08979 -5.37599 -8.04625 -8.52742 -3.30456 -8.19301 -6.50806 -9.51057 -3.63241 -7.77931 -8.60245 -2.36431 -8.12274
103.61 -5.03933 -10.0376 -9.33924 -8.73367 -9.34621 -4.04999 -7.61892 -8.85008 -7.12502 -4.90086 -8.81409 -8.65666 -4.26026 -6.42117 -7.08687 -7.92273 -4.97785 -7.98495 -8.54592 -4.43526 -9.28794 -7.53342 -7.58628 -5.18712 -7.97772 -8.46853 -4.45477 -8.07286 -7.32111 -7.66403 -5.19325 -8.01066 -8.51338 -4.57944 -8.35931 -7.31453 -7.08979 -5.37599 -8.04625 -8.52742 -3.30456 -8.19301 -6.50806 -9.51057 -3.63241 -7.77931 -8.60245 -2.36431 -8.12274
103.66 -5.03933 -10.0376 -9.33924 -8.73367 -9.34621 -4.04999 -7.61892 -8.85008 -7.12502 -4.90086 -8.81409 -8.65666 -4.26026 -6.42117 -7.08687 -7.92273 -4.97785 -7.98495 -8.54592 -4.43526 -9.28794 -7.53342 -7.58628 -5.18712 -7.97772 -8.46853 -4.45477 -8.07286 -7.32111 -7.66403 -5.19325 -8.01066 -8.51338 -4.57944 -8.35931 -7.31453 -7.08979 -5.37599 -8.04625 -8.52742 -3.30456 -8.19301 -6.50806 -9.51057 -3.63241 -7.77931 -8.60245 -2.36431 -8.12274
103.71 -5.03933 -10.0376 -9.33924 -8.73367 -9.34621 -4.04999 -7.61892 -8.85008 -7.12502 -4.90086 -8.81409 -8.65666 -4.26026 -6.42117 -7.08687 -7.92273 -4.97785 -7.98495 -8.54592 -4.43526 -9.28794 -7.53342 -7.58628 -5.18712 -7.97772 -8.46853 -4.45477 -8.07286 -7.32111 -7.66403 -5.19325 -8.01066 -8.51338 -4.57944 -8.35931 -7.31453 -7.08979 -5.37599 -8.04625 -8.52742 -3.30456 -8.19301 -6.50806 -9.51057 -3.63241 -7.77931 -8.60245 -2.36431 -8.12274
103.76 -5.03933 -10.0376 -9.33924 -8.73367 -9.34621 -4.04999 -7.61892 -8.85008 -7.12502 -4.90086 -8.81409 -8.65666 -4.26026 -6.42117 -7.08687 -7.92273 -4.97785 -7.98495 -8.54592 -4.43526 -9.28794 -7.53342 -7.58628 -5.18712 -7.97772 -8.46853 -4.45477 -8.07286 -7.32111 -7.66403 -5.19325 -8.01066 -8.51338 -4.57944 -8.35931 -7.31453 -7.08979 -5.37599 -8.04625 -8.52742 -3.30456 -8.19301 -6.50806 -9.51057 -3.63241 -7.77931 -8.60245 -2.36431 -8.12274
103.81 -5.03933 -10.0376 -9.33924 -8.73367 -9.34621 -4.04999 -7.61892 -8.85008 -7.12502 -4.90086 -8.81409 -8.65666 -4.26026 -6.42117 -7.08687 -7.92273 -4.97785 -7.98495 -8.54592 -4.43526 -9.28794 -7.53342 -7.58628 -5.18712 -7.97772 -8.46853 -4.45477 -8.07286 -7.32111 -7.66403 -5.19325 -8.01066 -8.51338 -4.57944 -8.35931 -7.31453 -7.08979 -5.37599 -8.04625 -8.52742 -3.30456 -8.19301 -6.50806 -9.51057 -3.63241 -7.77931 -8.60245 -2.36431 -8.12274
103.86 -5.03933 -10.0376 -9.33924 -8.73367 -9.34621 -4.04999 -7.61892 -8.85008 -7.12502 -4.90086 -8.81409 -8.65666 -4.26026 -6.42117 -7.08687 -7.92273 -4.97785 -7.98495 -8.54592 -4.43526 -9.28794 -7.53342 -7.58628 -5.18712 -7.97772 -8.46853 -4.45477 -8.07286 -7.32111 -7.66403 -5.19325 -8.01066 -8.51338 -4.57944 -8.35931 -7.31453 -7.08979 -5.37599 -8.04625 -8.52742 -3.30456 -8.19301 -6.50806 -9.51057 -3.63241 -7.77931 -8.60245 -2.36431 -8.12274
103.91 -5.03933 -10.0376 -9.33924 -8.73367 -9.34621 -4.04999 -7.61892 -8.85008 -7.12502 -4.90086 -8.81409 -8.65666 -4.26026 -6.42117 -7.08687 -7.92273 -4.97785 -7.98495 -8.54592 -4.43526 -9.28794 -7.53342 -7.58628 -5.18712 -7.97772 -8.46853 -4.45477 -8.07286 -7.32111 -7.66403 -5.19325 -8.01066 -8.51338 -4.57944 -8.35931 -7.31453 -7.08979 -5.37599 -8.04625 -8.52742 -3.30456 -8.19301 -6.50806 -9.51057 -3.63241 -7.77931 -8.60245 -2.36431 -8.12274
103.96 -5.03933 -10.0376 -9.33924 -8.73367 -9.34621 -4.04999 -7.61892 -8.85008 -7.12502 -4.90086 -8.81409 -8.65666 -4.26026 -6.42117 -7.08687 -7.92273 -4.97785 -7.98495 -8.54592 -4.43526 -9.28794 -7.53342 -7.58628 -5.18712 -7.97772 -8.46853 -4.45477 -8.07286 -7.32111 -7.66403 -5.19325 -8.01066 -8.51338 -4.57944 -8.35931 -7.31453 -7.08979 -5.37599 -8.04625 -8.52742 -3.30456 -8.19301 -6.50806 -9.51057 -3.63241 -7.77931 -8.60245 -2.36431 -8.12274
104.01 -5.03933 -10.0376 -9.33924 -8.73367 -9.34621 -4.04999 -7.61892 -8.85008 -7.12502 -4.90086 -8.81409 -8.65666 -4.26026 -6.42117 -7.08687 -7.92273 -4.97785 -7.98495 -8.54592 -4.43526 -9.28794 -7.53342 -7.58628 -5.18712 -7.97772 -8.46853 -4.45477 -8.07286 -7.32111 -7.66403 -5.19325 -8.01066 -8.51338 -4.57944 -8.35931 -7.31453 -7.08979 -5.37599 -8.04625 -8.52742 -3.30456 -8.19301 -6.50806 -9.51057 -3.63241 -7.77931 -8.60245 -2.36431 -8.12274
104.06 -5.03933 -10.0376 -9.33924 -8.73367 -9.34621 -4.04999 -7.61892 -8.85008 -7.12502 -4.90086 -8.81409 -8.65666 -4.26026 -6.42117 -7.08687 -7.92273 -4.97785 -7.98495 -8.54592 -4.43526 -9.28794 -7.53342 -7.58628 -5.18712 -7.97772 -8.46853 -4.45477 -8.07286 -7.32111 -7.66403 -5.19325 -8.01066 -8.51338 -4.57944 -8.35931 -7.31453 -7.08979 -5.37599 -8.04625 -8.52742 -3.30456 -8.19301 -6.50806 -9.51057 -3.63241 -7.77931 -8.60245 -2.36431 -8.12274
104.11 -5.03933 -10.0376 -9.33924 -8.73367 -9.34621 -4.04999 -7.61892 -8.85008 -7.12502 -4.90086 -8.81409 -8.65666 -4.26026 -6.42117 -7.08687 -7.92273 -4.97785 -7.98495 -8.54592 -4.43526 -9.28794 -7.53342 -7.58628 -5.18712 -7.97772 -8.46853 -4.45477 -8.07286 -7.32111 -7.66403 -5.19325 -8.01066 -8.51338 -4.57944 -8.35931 -7.31453 -7.08979 -5.37599 -8.04625 -8.52742 -3.30456 -8.19301 -6.50806 -9.51057 -3.63241 -7.77931 -8.60245 -2.36431 -8.12274
104.16 -5.03933 -10.0376 -9.33924 -8.73367 -9.34621 -4.04999 -7.61892 -8.85008 -7.12502 -4.90086 -8.81409 -8.65666 -4.26026 -6.42117 -7.08687 -7.92273 -4.97785 -7.98495 -8.54592 -4.43526 -9.28794 -7.53342 -7.58628 -5.18712 -7.97772 -8.46853 -4.45477 -8.07286 -7.32111 -7.66403 -5.19325 -8.01066 -8.51338 -4.57944 -8.35931 -7.31453 -7.08979 -5.37599 -8.04625 -8.52742 -3.30456 -8.19301 -6.50806 -9.51057 -3.63241 -7.77931 -8.60245 -2.36431 -8.12274
104.21 -5.03933 -10.0376 -9.33924 -8.73367 -9.34621 -4.04999 -7.61892 -8.85008 -7.12502 -4.90086 -8.81409 -8.65666 -4.26026 -6.42117 -7.08687 -7.92273 -4.97785 -7.98495 -8.54592 -4.43526 -9.28794 -7.53342 -7.58628 -5.18712 -7.97772 -8.46853 -4.45477 -8.07286 -7.32111 -7.66403 -5.19325 -8.01066 -8.51338 -4.57944 -8.35931 -7.31453 -7.08979 -5.37599 -8.04625 -8.52742 -3.30456 -8.19301 -6.50806 -9.51057 -3.63241 -7.77931 -8.60245 -2.36431 -8.12274
104.26 -5.03933 -10.0376 -9.33924 -8.73367 -9.34621 -4.04999 -7.61892 -8.85008 -7.12502 -4.90086 -8.81409 -8.65666 -4.26026 -6.42117 -7.08687 -7.92273 -4.97785 -7.98495 -8.54592 -4.43526 -9.28794 -7.53342 -7.58628 -5.18712 -7.97772 -8.46853 -4.45477 -8.07286 -7.32111 -7.66403 -5.19325 -8.01066 -8.51338 -4.57944 -8.35931 -7.31453 -7.08979 -5.37599 -8.04625 -8.52742 -3.30456 -8.19301 -6.50806 -9.51057 -3.63241 -7.77931 -8.60245 -2.36431 -8.12274
104.31 -5.03933 -10.0376 -9.33924 -8.73367 -9.34621 -4.04999 -7.61892 -8.85008 -7.12502 -4.90086 -8.81409 -8.65666 -4.26026 -6.42117 -7.08687 -7.92273 -4.97785 -7.98495 -8.54592 -4.43526 -9.28794 -7.53342 -7.58628 -5.18712 -7.97772 -8.46853 -4.45477 -8.07286 -7.32111 -7.66403 -5.19325 -8.01066 -8.51338 -4.57944 -8.35931 -7.31453 -7.08979 -5.37599 -8.04625 -8.52742 -3.30456 -8.19301 -6.50806 -9.51057 -3.63241 -7.77931 -8.60245 -2.36431 -8.12274
104.36 -5.03933 -10.0376 -9.33924 -8.73367 -9.34621 -4.04999 -7.61892 -8.85008 -7.12502 -4.90086 -8.81409 -8.65666 -4.26026 -6.42117 -7.08687 -7.92273 -4.97785 -7.98495 -8.54592 -4.43526 -9.28794 -7.53342 -7.58628 -5.18712 -7.97772 -8.46853 -4.45477 -8.07286 -7.32111 -7.66403 -5.19325 -8.01066 -8.51338 -4.57944 -8.35931 -7.31453 -7.08979 -5.37599 -8.04625 -8.52742 -3.30456 -8.19301 -6.50806 -9.51057 -3.63241 -7.77931 -8.60245 -2.36431 -8.12274
104.41 -5.03933 -10.0376 -9.33924 -8.73367 -9.34621 -4.04999 -7.61892 -8.85008 -7.12502 -4.90086 -8.81409 -8.65666 -4.26026 -6.42117 -7.08687 -7.92273 -4.97785 -7.98495 -8.54592 -4.43526 -9.28794 -7.53342 -7.58628 -5.18712 -7.97772 -8.46853 -4.45477 -8.07286 -7.32111 -7.66403 -5.19325 -8.01066 -8.51338 -4.57944 -8.35931 -7.31453 -7.08979 -5.37599 -8.04625 -8.52742 -3.30456 -8.19301 -6.50806 -9.51057 -3.63241 -7.77931 -8.60245 -2.36431 -8.12274
104.46 -5.03933 -10.0376 -9.33924 -8.73367 -9.34621 -4.04999 -7.61892 -8.85008 -7.12502 -4.90086 -8.81409 -8.65666 -4.26026 -6.42117 -7.08687 -7.92273 -4.97785 -7.98495 -8.54592 -4.43526 -9.28794 -7.53342 -7.58628 -5.18712 -7.97772 -8.46853 -4.45477 -8.07286 -7.32111 -7.66403 -5.19325 -8.01066 -8.51338 -4.57944 -8.35931 -7.31453 -7.08979 -5.37599 -8.04625 -8.52742 -3.30456 -8.19301 -6.50806 -9.51057 -3.63241 -7.77931 -8.60245 -2.36431 -8.12274
104.51 -5.03933 -10.0376 -9.33924 -8.73367 -9.34621 -4.04999 -7.61892 -8.85008 -7.12502 -4.90086 -8.81409 -8.65666 -4.26026 -6.42117 -7.08687 -7.92273 -4.97785 -7.98495 -8.54592 -4.43526 -9.28794 -7.53342 -7.58628 -5.18712 -7.97772 -8.46853 -4.45477 -8.07286 -7.32111 -7.66403 -5.19325 -8.01066 -8.51338 -4.57944 -8.35931 -7.31453 -7.08979 -5.37599 -8.04625 -8.52742 -3.30456 -8.19301 -6.50806 -9.51057 -3.63241 -7.77931 -8.60245 -2.36431 -8.12274
104.56 -5.03933 -10.0376 -9.33924 -8.73367 -9.34621 -4.04999 -7.61892 -8.85008 -7.12502 -4.90086 -8.81409 -8.65666 -4.26026 -6.42117 -7.08687 -7.92273 -4.97785 -7.98495 -8.54592 -4.43526 -9.28794 -7.53342 -7.58628 -5.18712 -7.97772 -8.46853 -4.45477 -8.07286 -7.32111 -7.66403 -5.19325 -8.01066 -8.51338 -4.57944 -8.35931 -7.31453 -7.08979 -5.37599 -8.04625 -8.52742 -3.30456 -8.19301 -6.50806 -9.51057 -3.63241 -7.77931 -8.60245 -2.36431 -8.12274
104.61 -5.03933 -10.0376 -9.33924 -8.73367 -9.34621 -4.04999 -7.61892 -8.85008 -7.12502 -4.90086 -8.81409 -8.65666 -4.26026 -6.42117 -7.08687 -7.92273 -4.97785 -7.98495 -8.54592 -4.43526 -9.28794 -7.53342 -7.58628 -5.18712 -7.97772 -8.46853 -4.45477 -8.07286 -7.32111 -7.66403 -5.19325 -8.01066 -8.51338 -4.57944 -8.35931 -7.31453 -7.08979 -5.37599 -8.04625 -8.52742 -3.30456 -8.19301 -6.50806 -9.51057 -3.63241 -7.77931 -8.60245 -2.36431 -8.12274
104.66 -5.03933 -10.0376 -9.33924 -8.73367 -9.34621 -4.04999 -7.61892 -8.85008 -7.12502 -4.90086 -8.81409 -8.65666 -4.26026 -6.42117 -7.08687 -7.92273 -4.97785 -7.98495 -8.54592 -4.43526 -9.28794 -7.53342 -7.58628 -5.18712 -7.97772 -8.46853 -4.45477 -8.07286 -7.32111 -7.66403 -5.19325 -8.01066 -8.51338 -4.57944 -8.35931 -7.31453 -7.08979 -5.37599 -8.04625 -8.52742 -3.30456 -8.19301 -6.50806 -9.51057 -3.63241 -7.77931 -8.60245 -2.36431 -8.12274
104.71 -5.03933 -10.0376 -9.33924 -8.73367 -9.34621 -4.04999 -7.61892 -8.85008 -7.12502 -4.90086 -8.81409 -8.65666 -4.26026 -6.42117 -7.08687 -7.92273 -4.97785 -7.98495 -8.54592 -4.43526 -9.28794 -7.53342 -7.58628 -5.18712 -7.97772 -8.46853 -4.45477 -8.07286 -7.32111 -7.66403 -5.19325 -8.01066 -8.51338 -4.57944 -8.35931 -7.31453 -7.08979 -5.37599 -8.04625 -8.52742 -3.30456 -8.19301 -6.50806 -9.51057 -3.63241 -7.77931 -8.60245 -2.36431 -8.12274
104.76 -5.03933 -10.0376 -9.33924 -8.73367 -9.34621 -4.04999 -7.61892 -8.85008 -7.12502 -4.90086 -8.81409 -8.65666 -4.26026 -6.42117 -7.08687 -7.92273 -4.97785 -7.98495 -8.54592 -4.43526 -9.28794 -7.53342 -7.58628 -5.18712 -7.97772 -8.46853 -4.45477 -8.07286 -7.32111 -7.66403 -5.19325 -8.01066 -8.51338 -4.57944 -8.35931 -7.31453 -7.08979 -5.37599 -8.04625 -8.52742 -3.30456 -8.19301 -6.50806 -9.51057 -3.63241 -7.77931 -8.60245 -2.36431 -8.12274
104.81 -5.03933 -10.0376 -9.33924 -8.73367 -9.34621 -4.04999 -7.61892 -8.85008 -7.12502 -4.90086 -8.81409 -8.65666 -4.26026 -6.42117 -7.08687 -7.92273 -4.97785 -7.98495 -8.54592 -4.43526 -9.28794 -7.53342 -7.58628 -5.18712 -7.97772 -8.46853 -4.45477 -8.07286 -7.32111 -7.66403 -5.19325 -8.01066 -8.51338 -4.57944 -8.35931 -7.31453 -7.08979 -5.37599 -8.04625 -8.52742 -3.30456 -8.19301 -6.50806 -9.51057 -3.63241 -7.77931 -8.60245 -2.36431 -8.12274
104.86 -5.03933 -10.0376 -9.33924 -8.73367 -9.34621 -4.04999 -7.61892 -8.85008 -7.12502 -4.90086 -8.81409 -8.65666 -4.26026 -6.42117 -7.08687 -7.92273 -4.97785 -7.98495 -8.54592 -4.43526 -9.28794 -7.53342 -7.58628 -5.18712 -7.97772 -8.46853 -4.45477 -8.07286 -7.32111 -7.66403 -5.19325 -8.01066 -8.51338 -4.57944 -8.35931 -7.31453 -7.08979 -5.37599 -8.04625 -8.52742 -3.30456 -8.19301 -6.50806 -9.51057 -3.63241 -7.77931 -8.60245 -2.36431 -8.12274
104.91 -5.03933 -10.0376 -9.33924 -8.73367 -9.34621 -4.04999 -7.61892 -8.85008 -7.12502 -4.90086 -8.81409 -8.65666 -4.26026 -6.42117 -7.08687 -7.92273 -4.97785 -7.98495 -8.54592 -4.43526 -9.28794 -7.53342 -7.58628 -5.18712 -7.97772 -8.46853 -4.45477 -8.07286 -7.32111 -7.66403 -5.19325 -8.01066 -8.51338 -4.57944 -8.35931 -7.31453 -7.08979 -5.37599 -8.04625 -8.52742 -3.30456 -8.19301 -6.50806 -9.51057 -3.63241 -7.77931 -8.60245 -2.36431 -8.12274
104.96 -5.03933 -10.0376 -9.33924 -8.73367 -9.34621 -4.04999 -7.61892 -8.85008 -7.12502 -4.90086 -8.81409 -8.65666 -4.26026 -6.42117 -7.08687 -7.92273 -4.97785 -7.98495 -8.54592 -4.43526 -9.28794 -7.53342 -7.58628 -5.18712 -7.97772 -8.46853 -4.45477 -8.07286 -7.32111 -7.66403 -5.19325 -8.01066 -8.51338 -4.57944 -8.35931 -7.31453 -7.08979 -5.37599 -8.04625 -8.52742 -3.30456 -8.19301 -6.50806 -9.51057 -3.63241 -7.77931 -8.60245 -2.36431 -8.12274
105.01 -5.03933 -10.0376 -9.33924 -8.73367 -9.34621 -4.04999 -7.61892 -8.85008 -7.12502 -4.90086 -8.81409 -8.65666 -4.26026 -6.42117 -7.08687 -7.92273 -4.97785 -7.98495 -8.54592 -4.43526 -9.28794 -7.53342 -7.58628 -5.18712 -7.97772 -8.46853 -4.45477 -8.07286 -7.32111 -7.66403 -5.19325 -8.01066 -8.51338 -4.57944 -8.35931 -7.31453 -7.08979 -5.37599 -8.04625 -8.52742 -3.30456 -8.19301 -6.50806 -9.51057 -3.63241 -7.77931 -8.60245 -2.36431 -8.12274
105.06 -5.03933 -10.0376 -9.33924 -8.73367 -9.34621 -4.04999 -7.61892 -8.85008 -7.12502 -4.90086 -8.81409 -8.65666 -4.26026 -6.42117 -7.08687 -7.92273 -4.97785 -7.98495 -8.54592 -4.43526 -9.28794 -7.53342 -7.58628 -5.18712 -7.97772 -8.46853 -4.45477 -8.07286 -7.32111 -7.66403 -5.19325 -8.01066 -8.51338 -4.57944 -8.35931 -7.31453 -7.08979 -5.37599 -8.04625 -8.52742 -3.30456 -8.19301 -6.50806 -9.51057 -3.63241 -7.77931 -8.60245 -2.36431 -8.12274
105.11 -5.03933 -10.0376 -9.33924 -8.73367 -9.34621 -4.04999 -7.61892 -8.85008 -7.12502 -4.90086 -8.81409 -8.65666 -4.26026 -6.42117 -7.08687 -7.92273 -4.97785 -7.98495 -8.54592 -4.43526 -9.28794 -7.53342 -7.58628 -5.18712 -7.97772 -8.46853 -4.45477 -8.07286 -7.32111 -7.66403 -5.19325 -8.01066 -8.51338 -4.57944 -8.35931 -7.31453 -7.08979 -5.37599 -8.04625 -8.52742 -3.30456 -8.19301 -6.50806 -9.51057 -3.63241 -7.77931 -8.60245 -2.36431 -8.12274
105.16 -5.03933 -10.0376 -9.33924 -8.73367 -9.34621 -4.04999 -7.61892 -8.85008 -7.12502 -4.90086 -8.81409 -8.65666 -4.26026 -6.42117 -7.08687 -7.92273 -4.97785 -7.98495 -8.54592 -4.43526 -9.28794 -7.53342 -7.58628 -5.18712 -7.97772 -8.46853 -4.45477 -8.07286 -7.32111 -7.66403 -5.19325 -8.01066 -8.51338 -4.57944 -8.35931 -7.31453 -7.08979 -5.37599 -8.04625 -8.52742 -3.30456 -8.19301 -6.50806 -9.51057 -3.63241 -7.77931 -8.60245 -2.36431 -8.12274
105.21 -5.03933 -10.0376 -9.33924 -8.73367 -9.34621 -4.04999 -7.61892 -8.85008 -7.12502 -4.90086 -8.81409 -8.65666 -4.26026 -6.42117 -7.08687 -7.92273 -4.97785 -7.98495 -8.54592 -4.43526 -9.28794 -7.53342 -7.58628 -5.18712 -7.97772 -8.46853 -4.45477 -8.07286 -7.32111 -7.66403 -5.19325 -8.01066 -8.51338 -4.57944 -8.35931 -7.31453 -7.08979 -5.37599 -8.04625 -8.52742 -3.30456 -8.19301 -6.50806 -9.51057 -3.63241 -7.77931 -8.60245 -2.36431 -8.12274
105.26 -5.03933 -10.0376 -9.33924 -8.73367 -9.34621 -4.04999 -7.61892 -8.85008 -7.12502 -4.90086 -8.81409 -8.65666 -4.26026 -6.42117 -7.08687 -7.92273 -4.97785 -7.98495 -8.54592 -4.43526 -9.28794 -7.53342 -7.58628 -5.18712 -7.97772 -8.46853 -4.45477 -8.07286 -7.32111 -7.66403 -5.19325 -8.01066 -8.51338 -4.57944 -8.35931 -7.31453 -7.08979 -5.37599 -8.04625 -8.52742 -3.30456 -8.19301 -6.50806 -9.51057 -3.63241 -7.77931 -8.60245 -2.36431 -8.12274
105.31 -5.03933 -10.0376 -9.33924 -8.73367 -9.34621 -4.04999 -7.61892 -8.85008 -7.12502 -4.90086 -8.81409 -8.65666 -4.26026 -6.42117 -7.08687 -7.92273 -4.97785 -7.98495 -8.54592 -4.43526 -9.28794 -7.53342 -7.58628 -5.18712 -7.97772 -8.46853 -4.45477 -8.07286 -7.32111 -7.66403 -5.19325 -8.01066 -8.51338 -4.57944 -8.35931 -7.31453 -7.08979 -5.37599 -8.04625 -8.52742 -3.30456 -8.19301 -6.50806 -9.51057 -3.63241 -7.77931 -8.60245 -2.36431 -8.12274
105.36 -5.03933 -10.0376 -9.33924 -8.73367 -9.34621 -4.04999 -7.61892 -8.85008 -7.12502 -4.90086 -8.81409 -8.65666 -4.26026 -6.42117 -7.08687 -7.92273 -4.97785 -7.98495 -8.54592 -4.43526 -9.28794 -7.53342 -7.58628 -5.18712 -7.97772 -8.46853 -4.45477 -8.07286 -7.32111 -7.66403 -5.19325 -8.01066 -8.51338 -4.57944 -8.35931 -7.31453 -7.08979 -5.37599 -8.04625 -8.52742 -3.30456 -8.19301 -6.50806 -9.51057 -3.63241 -7.77931 -8.60245 -2.36431 -8.12274
105.41 -5.03933 -10.0376 -9.33924 -8.73367 -9.34621 -4.04999 -7.61892 -8.85008 -7.12502 -4.90086 -8.81409 -8.65666 -4.26026 -6.42117 -7.08687 -7.92273 -4.97785 -7.98495 -8.54592 -4.43526 -9.28794 -7.53342 -7.58628 -5.18712 -7.97772 -8.46853 -4.45477 -8.07286 -7.32111 -7.66403 -5.19325 -8.01066 -8.51338 -4.57944 -8.35931 -7.31453 -7.08979 -5.37599 -8.04625 -8.52742 -3.30456 -8.19301 -6.50806 -9.51057 -3.63241 -7.77931 -8.60245 -2.36431 -8.12274
105.46 -5.03933 -10.0376 -9.33924 -8.73367 -9.34621 -4.04999 -7.61892 -8.85008 -7.12502 -4.90086 -8.81409 -8.65666 -4.26026 -6.42117 -7.08687 -7.92273 -4.97785 -7.98495 -8.54592 -4.43526 -9.28794 -7.53342 -7.58628 -5.18712 -7.97772 -8.46853 -4.45477 -8.07286 -7.32111 -7.66403 -5.19325 -8.01066 -8.51338 -4.57944 -8.35931 -7.31453 -7.08979 -5.37599 -8.04625 -8.52742 -3.30456 -8.19301 -6.50806 -9.51057 -3.63241 -7.77931 -8.60245 -2.36431 -8.12274
105.51 -5.03933 -10.0376 -9.33924 -8.73367 -9.34621 -4.04999 -7.61892 -8.85008 -7.12502 -4.90086 -8.81409 -8.65666 -4.26026 -6.42117 -7.08687 -7.92273 -4.97785 -7.98495 -8.54592 -4.43526 -9.28794 -7.53342 -7.58628 -5.18712 -7.97772 -8.46853 -4.45477 -8.07286 -7.32111 -7.66403 -5.19325 -8.01066 -8.51338 -4.57944 -8.35931 -7.31453 -7.08979 -5.37599 -8.04625 -8.52742 -3.30456 -8.19301 -6.50806 -9.51057 -3.63241 -7.77931 -8.60245 -2.36431 -8.12274
105.56 -5.03933 -10.0376 -9.33924 -8.73367 -9.34621 -4.04999 -7.61892 -8.85008 -7.12502 -4.90086 -8.81409 -8.65666 -4.26026 -6.42117 -7.08687 -7.92273 -4.97785 -7.98495 -8.54592 -4.43526 -9.28794 -7.53342 -7.58628 -5.18712 -7.97772 -8.46853 -4.45477 -8.07286 -7.32111 -7.66403 -5.19325 -8.01066 -8.51338 -4.57944 -8.35931 -7.31453 -7.08979 -5.37599 -8.04625 -8.52742 -3.30456 -8.19301 -6.50806 -9.51057 -3.63241 -7.77931 -8.60245 -2.36431 -8.12274
105.61 -5.03933 -10.0376 -9.33924 -8.73367 -9.34621 -4.04999 -7.61892 -8.85008 -7.12502 -4.90086 -8.81409 -8.65666 -4.26026 -6.42117 -7.08687 -7.92273 -4.97785 -7.98495 -8.54592 -4.43526 -9.28794 -7.53342 -7.58628 -5.18712 -7.97772 -8.46853 -4.45477 -8.07286 -7.32111 -7.66403 -5.19325 -8.01066 -8.51338 -4.57944 -8.35931 -7.31453 -7.08979 -5.37599 -8.04625 -8.52742 -3.30456 -8.19301 -6.50806 -9.51057 -3.63241 -7.77931 -8.60245 -2.36431 -8.12274
105.66 -5.03933 -10.0376 -9.33924 -8.73367 -9.34621 -4.04999 -7.61892 -8.85008 -7.12502 -4.90086 -8.81409 -8.65666 -4.26026 -6.42117 -7.08687 -7.92273 -4.97785 -7.98495 -8.54592 -4.43526 -9.28794 -7.53342 -7.58628 -5.18712 -7.97772 -8.46853 -4.45477 -8.07286 -7.32111 -7.66403 -5.19325 -8.01066 -8.51338 -4.57944 -8.35931 -7.31453 -7.08979 -5.37599 -8.04625 -8.52742 -3.30456 -8.19301 -6.50806 -9.51057 -3.63241 -7.77931 -8.60245 -2.36431 -8.12274
105.71 -5.03933 -10.0376 -9.33924 -8.73367 -9.34621 -4.04999 -7.61892 -8.85008 -7.12502 -4.90086 -8.81409 -8.65666 -4.26026 -6.42117 -7.08687 -7.92273 -4.97785 -7.98495 -8.54592 -4.43526 -9.28794 -7.53342 -7.58628 -5.18712 -7.97772 -8.46853 -4.45477 -8.07286 -7.32111 -7.66403 -5.19325 -8.01066 -8.51338 -4.57944 -8.35931 -7.31453 -7.08979 -5.37599 -8.04625 -8.52742 -3.30456 -8.19301 -6.50806 -9.51057 -3.63241 -7.77931 -8.60245 -2.36431 -8.12274
105.76 -5.03933 -10.0376 -9.33924 -8.73367 -9.34621 -4.04999 -7.61892 -8.85008 -7.12502 -4.90086 -8.81409 -8.65666 -4.26026 -6.42117 -7.08687 -7.92273 -4.97785 -7.98495 -8.54592 -4.43526 -9.28794 -7.53342 -7.58628 -5.18712 -7.97772 -8.46853 -4.45477 -8.07286 -7.32111 -7.66403 -5.19325 -8.01066 -8.51338 -4.57944 -8.35931 -7.31453 -7.08979 -5.37599 -8.04625 -8.52742 -3.30456 -8.19301 -6.50806 -9.51057 -3.63241 -7.77931 -8.60245 -2.36431 -8.12274
105.81 -5.03933 -10.0376 -9.33924 -8.73367 -9.34621 -4.04999 -7.61892 -8.85008 -7.12502 -4.90086 -8.81409 -8.65666 -4.26026 -6.42117 -7.08687 -7.92273 -4.97785 -7.98495 -8.54592 -4.43526 -9.28794 -7.53342 -7.58628 -5.18712 -7.97772 -8.46853 -4.45477 -8.07286 -7.32111 -7.66403 -5.19325 -8.01066 -8.51338 -4.57944 -8.35931 -7.31453 -7.08979 -5.37599 -8.04625 -8.52742 -3.30456 -8.19301 -6.50806 -9.51057 -3.63241 -7.77931 -8.60245 -2.36431 -8.12274
105.86 -5.03933 -10.0376 -9.33924 -8.73367 -9.34621 -4.04999 -7.61892 -8.85008 -7.12502 -4.90086 -8.81409 -8.65666 -4.26026 -6.42117 -7.08687 -7.92273 -4.97785 -7.98495 -8.54592 -4.43526 -9.28794 -7.53342 -7.58628 -5.18712 -7.97772 -8.46853 -4.45477 -8.07286 -7.32111 -7.66403 -5.19325 -8.01066 -8.51338 -4.57944 -8.35931 -7.31453 -7.08979 -5.37599 -8.04625 -8.52742 -3.30456 -8.19301 -6.50806 -9.51057 -3.63241 -7.77931 -8.60245 -2.36431 -8.12274
105.91 -5.03933 -10.0376 -9.33924 -8.73367 -9.34621 -4.04999 -7.61892 -8.85008 -7.12502 -4.90086 -8.81409 -8.65666 -4.26026 -6.42117 -7.08687 -7.92273 -4.97785 -7.98495 -8.54592 -4.43526 -9.28794 -7.53342 -7.58628 -5.18712 -7.97772 -8.46853 -4.45477 -8.07286 -7.32111 -7.66403 -5.19325 -8.01066 -8.51338 -4.57944 -8.35931 -7.31453 -7.08979 -5.37599 -8.04625 -8.52742 -3.30456 -8.19301 -6.50806 -9.51057 -3.63241 -7.77931 -8.60245 -2.36431 -8.12274
105.96 -5.03933 -10.0376 -9.33924 -8.73367 -9.34621 -4.04999 -7.61892 -8.85008 -7.12502 -4.90086 -8.81409 -8.65666 -4.26026 -6.42117 -7.08687 -7.92273 -4.97785 -7.98495 -8.54592 -4.43526 -9.28794 -7.53342 -7.58628 -5.18712 -7.97772 -8.46853 -4.45477 -8.07286 -7.32111 -7.66403 -5.19325 -8.01066 -8.51338 -4.57944 -8.35931 -7.31453 -7.08979 -5.37599 -8.04625 -8.52742 -3.30456 -8.19301 -6.50806 -9.51057 -3.63241 -7.77931 -8.60245 -2.36431 -8.12274
106.01 -5.03933 -10.0376 -9.33924 -8.73367 -9.34621 -4.04999 -7.61892 -8.85008 -7.12502 -4.90086 -8.81409 -8.65666 -4.26026 -6.42117 -7.08687 -7.92273 -4.97785 -7.98495 -8.54592 -4.43526 -9.28794 -7.53342 -7.58628 -5.18712 -7.97772 -8.46853 -4.45477 -8.07286 -7.32111 -7.66403 -5.19325 -8.01066 -8.51338 -4.57944 -8.35931 -7.31453 -7.08979 -5.37599 -8.04625 -8.52742 -3.30456 -8.19301 -6.50806 -9.51057 -3.63241 -7.77931 -8.60245 -2.36431 -8.12274
106.06 -5.03933 -10.0376 -9.33924 -8.73367 -9.34621 -4.04999 -7.61892 -8.85008 -7.12502 -4.90086 -8.81409 -8.65666 -4.26026 -6.42117 -7.08687 -7.92273 -4.97785 -7.98495 -8.54592 -4.43526 -9.28794 -7.53342 -7.58628 -5.18712 -7.97772 -8.46853 -4.45477 -8.07286 -7.32111 -7.66403 -5.19325 -8.01066 -8.51338 -4.57944 -8.35931 -7.31453 -7.08979 -5.37599 -8.04625 -8.52742 -3.30456 -8.19301 -6.50806 -9.51057 -3.63241 -7.77931 -8.60245 -2.36431 -8.12274
106.11 -5.03933 -10.0376 -9.33924 -8.73367 -9.34621 -4.04999 -7.61892 -8.85008 -7.12502 -4.90086 -8.81409 -8.65666 -4.26026 -6.42117 -7.08687 -7.92273 -4.97785 -7.98495 -8.54592 -4.43526 -9.28794 -7.53342 -7.58628 -5.18712 -7.97772 -8.46853 -4.45477 -8.07286 -7.32111 -7.66403 -5.19325 -8.01066 -8.51338 -4.57944 -8.35931 -7.31453 -7.08979 -5.37599 -8.04625 -8.52742 -3.30456 -8.19301 -6.50806 -9.51057 -3.63241 -7.77931 -8.60245 -2.36431 -8.12274
106.16 -5.03933 -10.0376 -9.33924 -8.73367 -9.34621 -4.04999 -7.61892 -8.85008 -7.12502 -4.90086 -8.81409 -8.65666 -4.26026 -6.42117 -7.08687 -7.92273 -4.97785 -7.98495 -8.54592 -4.43526 -9.28794 -7.53342 -7.58628 -5.18712 -7.97772 -8.46853 -4.45477 -8.07286 -7.32111 -7.66403 -5.19325 -8.01066 -8.51338 -4.57944 -8.35931 -7.31453 -7.08979 -5.37599 -8.04625 -8.52742 -3.30456 -8.19301 -6.50806 -9.51057 -3.63241 -7.77931 -8.60245 -2.36431 -8.12274
106.21 -5.03933 -10.0376 -9.33924 -8.73367 -9.34621 -4.04999 -7.61892 -8.85008 -7.12502 -4.90086 -8.81409 -8.65666 -4.26026 -6.42117 -7.08687 -7.92273 -4.97785 -7.98495 -8.54592 -4.43526 -9.28794 -7.53342 -7.58628 -5.18712 -7.97772 -8.46853 -4.45477 -8.07286 -7.32111 -7.66403 -5.19325 -8.01066 -8.51338 -4.57944 -8.35931 -7.31453 -7.08979 -5.37599 -8.04625 -8.52742 -3.30456 -8.19301 -6.50806 -9.51057 -3.63241 -7.77931 -8.60245 -2.36431 -8.12274
106.26 -5.03933 -10.0376 -9.33924 -8.73367 -9.34621 -4.04999 -7.61892 -8.85008 -7.12502 -4.90086 -8.81409 -8.65666 -4.26026 -6.42117 -7.08687 -7.92273 -4.97785 -7.98495 -8.54592 -4.43526 -9.28794 -7.53342 -7.58628 -5.18712 -7.97772 -8.46853 -4.45477 -8.07286 -7.32111 -7.66403 -5.19325 -8.01066 -8.51338 -4.57944 -8.35931 -7.31453 -7.08979 -5.37599 -8.04625 -8.52742 -3.30456 -8.19301 -6.50806 -9.51057 -3.63241 -7.77931 -8.60245 -2.36431 -8.12274
106.31 -5.03933 -10.0376 -9.33924 -8.73367 -9.34621 -4.04999 -7.61892 -8.85008 -7.12502 -4.90086 -8.81409 -8.65666 -4.26026 -6.42117 -7.08687 -7.92273 -4.97785 -7.98495 -8.54592 -4.43526 -9.28794 -7.53342 -7.58628 -5.18712 -7.97772 -8.46853 -4.45477 -8.07286 -7.32111 -7.66403 -5.19325 -8.01066 -8.51338 -4.57944 -8.35931 -7.31453 -7.08979 -5.37599 -8.04625 -8.52742 -3.30456 -8.19301 -6.50806 -9.51057 -3.63241 -7.77931 -8.60245 -2.36431 -8.12274
106.36 -5.03933 -10.0376 -9.33924 -8.73367 -9.34621 -4.04999 -7.61892 -8.85008 -7.12502 -4.90086 -8.81409 -8.65666 -4.26026 -6.42117 -7.08687 -7.92273 -4.97785 -7.98495 -8.54592 -4.43526 -9.28794 -7.53342 -7.58628 -5.18712 -7.97772 -8.46853 -4.45477 -8.07286 -7.32111 -7.66403 -5.19325 -8.01066 -8.51338 -4.57944 -8.35931 -7.31453 -7.08979 -5.37599 -8.04625 -8.52742 -3.30456 -8.19301 -6.50806 -9.51057 -3.63241 -7.77931 -8.60245 -2.36431 -8.12274
106.41 -5.03933 -10.0376 -9.33924 -8.73367 -9.34621 -4.04999 -7.61892 -8.85008 -7.12502 -4.90086 -8.81409 -8.65666 -4.26026 -6.42117 -7.08687 -7.92273 -4.97785 -7.98495 -8.54592 -4.43526 -9.28794 -7.53342 -7.58628 -5.18712 -7.97772 -8.46853 -4.45477 -8.07286 -7.32111 -7.66403 -5.19325 -8.01066 -8.51338 -4.57944 -8.35931 -7.31453 -7.08979 -5.37599 -8.04625 -8.52742 -3.30456 -8.19301 -6.50806 -9.51057 -3.63241 -7.77931 -8.60245 -2.36431 -8.12274
106.46 -5.03933 -10.0376 -9.33924 -8.73367 -9.34621 -4.04999 -7.61892 -8.85008 -7.12502 -4.90086 -8.81409 -8.65666 -4.26026 -6.42117 -7.08687 -7.92273 -4.97785 -7.98495 -8.54592 -4.43526 -9.28794 -7.53342 -7.58628 -5.18712 -7.97772 -8.46853 -4.45477 -8.07286 -7.32111 -7.66403 -5.19325 -8.01066 -8.51338 -4.57944 -8.35931 -7.31453 -7.08979 -5.37599 -8.04625 -8.52742 -3.30456 -8.19301 -6.50806 -9.51057 -3.63241 -7.77931 -8.60245 -2.36431 -8.12274
106.51 -5.03933 -10.0376 -9.33924 -8.73367 -9.34621 -4.04999 -7.61892 -8.85008 -7.12502 -4.90086 -8.81409 -8.65666 -4.26026 -6.42117 -7.08687 -7.92273 -4.97785 -7.98495 -8.54592 -4.43526 -9.28794 -7.53342 -7.58628 -5.18712 -7.97772 -8.46853 -4.45477 -8.07286 -7.32111 -7.66403 -5.19325 -8.01066 -8.51338 -4.57944 -8.35931 -7.31453 -7.08979 -5.37599 -8.04625 -8.52742 -3.30456 -8.19301 -6.50806 -9.51057 -3.63241 -7.77931 -8.60245 -2.36431 -8.12274
106.56 -5.03933 -10.0376 -9.33924 -8.73367 -9.34621 -4.04999 -7.61892 -8.85008 -7.12502 -4.90086 -8.81409 -8.65666 -4.26026 -6.42117 -7.08687 -7.92273 -4.97785 -7.98495 -8.54592 -4.43526 -9.28794 -7.53342 -7.58628 -5.18712 -7.97772 -8.46853 -4.45477 -8.07286 -7.32111 -7.66403 -5.19325 -8.01066 -8.51338 -4.57944 -8.35931 -7.31453 -7.08979 -5.37599 -8.04625 -8.52742 -3.30456 -8.19301 -6.50806 -9.51057 -3.63241 -7.77931 -8.60245 -2.36431 -8.12274
106.61 -5.03933 -10.0376 -9.33924 -8.73367 -9.34621 -4.04999 -7.61892 -8.85008 -7.12502 -4.90086 -8.81409 -8.65666 -4.26026 -6.42117 -7.08687 -7.92273 -4.97785 -7.98495 -8.54592 -4.43526 -9.28794 -7.53342 -7.58628 -5.18712 -7.97772 -8.46853 -4.45477 -8.07286 -7.32111 -7.66403 -5.19325 -8.01066 -8.51338 -4.57944 -8.35931 -7.31453 -7.08979 -5.37599 -8.04625 -8.52742 -3.30456 -8.19301 -6.50806 -9.51057 -3.63241 -7.77931 -8.60245 -2.36431 -8.12274
106.66 -5.03933 -10.0376 -9.33924 -8.73367 -9.34621 -4.04999 -7.61892 -8.85008 -7.12502 -4.90086 -8.81409 -8.65666 -4.26026 -6.42117 -7.08687 -7.92273 -4.97785 -7.98495 -8.54592 -4.43526 -9.28794 -7.53342 -7.58628 -5.18712 -7.97772 -8.46853 -4.45477 -8.07286 -7.32111 -7.66403 -5.19325 -8.01066 -8.51338 -4.57944 -8.35931 -7.31453 -7.08979 -5.37599 -8.04625 -8.52742 -3.30456 -8.19301 -6.50806 -9.51057 -3.63241 -7.77931 -8.60245 -2.36431 -8.12274
106.71 -5.03933 -10.0376 -9.33924 -8.73367 -9.34621 -4.04999 -7.61892 -8.85008 -7.12502 -4.90086 -8.81409 -8.65666 -4.26026 -6.42117 -7.08687 -7.92273 -4.97785 -7.98495 -8.54592 -4.43526 -9.28794 -7.53342 -7.58628 -5.18712 -7.97772 -8.46853 -4.45477 -8.07286 -7.32111 -7.66403 -5.19325 -8.01066 -8.51338 -4.57944 -8.35931 -7.31453 -7.08979 -5.37599 -8.04625 -8.52742 -3.30456 -8.19301 -6.50806 -9.51057 -3.63241 -7.77931 -8.60245 -2.36431 -8.12274
106.76 -5.03933 -10.0376 -9.33924 -8.73367 -9.34621 -4.04999 -7.61892 -8.85008 -7.12502 -4.90086 -8.81409 -8.65666 -4.26026 -6.42117 -7.08687 -7.92273 -4.97785 -7.98495 -8.54592 -4.43526 -9.28794 -7.53342 -7.58628 -5.18712 -7.97772 -8.46853 -4.45477 -8.07286 -7.32111 -7.66403 -5.19325 -8.01066 -8.51338 -4.57944 -8.35931 -7.31453 -7.08979 -5.37599 -8.04625 -8.52742 -3.30456 -8.19301 -6.50806 -9.51057 -3.63241 -7.77931 -8.60245 -2.36431 -8.12274
106.81 -5.03933 -10.0376 -9.33924 -8.73367 -9.34621 -4.04999 -7.61892 -8.85008 -7.12502 -4.90086 -8.81409 -8.65666 -4.26026 -6.42117 -7.08687 -7.92273 -4.97785 -7.98495 -8.54592 -4.43526 -9.28794 -7.53342 -7.58628 -5.18712 -7.97772 -8.46853 -4.45477 -8.07286 -7.32111 -7.66403 -5.19325 -8.01066 -8.51338 -4.57944 -8.35931 -7.31453 -7.08979 -5.37599 -8.04625 -8.52742 -3.30456 -8.19301 -6.50806 -9.51057 -3.63241 -7.77931 -8.60245 -2.36431 -8.12274
106.86 -5.03933 -10.0376 -9.33924 -8.73367 -9.34621 -4.04999 -7.61892 -8.85008 -7.12502 -4.90086 -8.81409 -8.65666 -4.26026 -6.42117 -7.08687 -7.92273 -4.97785 -7.98495 -8.54592 -4.43526 -9.28794 -7.53342 -7.58628 -5.18712 -7.97772 -8.46853 -4.45477 -8.07286 -7.32111 -7.66403 -5.19325 -8.01066 -8.51338 -4.57944 -8.35931 -7.31453 -7.08979 -5.37599 -8.04625 -8.52742 -3.30456 -8.19301 -6.50806 -9.51057 -3.63241 -7.77931 -8.60245 -2.36431 -8.12274
106.91 -5.03933 -10.0376 -9.33924 -8.73367 -9.34621 -4.04999 -7.61892 -8.85008 -7.12502 -4.90086 -8.81409 -8.65666 -4.26026 -6.42117 -7.08687 -7.92273 -4.97785 -7.98495 -8.54592 -4.43526 -9.28794 -7.53342 -7.58628 -5.18712 -7.97772 -8.46853 -4.45477 -8.07286 -7.32111 -7.66403 -5.19325 -8.01066 -8.51338 -4.57944 -8.35931 -7.31453 -7.08979 -5.37599 -8.04625 -8.52742 -3.30456 -8.19301 -6.50806 -9.51057 -3.63241 -7.77931 -8.60245 -2.36431 -8.12274
106.96 -5.03933 -10.0376 -9.33924 -8.73367 -9.34621 -4.04999 -7.61892 -8.85008 -7.12502 -4.90086 -8.81409 -8.65666 -4.26026 -6.42117 -7.08687 -7.92273 -4.97785 -7.98495 -8.54592 -4.43526 -9.28794 -7.53342 -7.58628 -5.18712 -7.97772 -8.46853 -4.45477 -8.07286 -7.32111 -7.66403 -5.19325 -8.01066 -8.51338 -4.57944 -8.35931 -7.31453 -7.08979 -5.37599 -8.04625 -8.52742 -3.30456 -8.19301 -6.50806 -9.51057 -3.63241 -7.77931 -8.60245 -2.36431 -8.12274
107.01 -5.03933 -10.0376 -9.33924 -8.73367 -9.34621 -4.04999 -7.61892 -8.85008 -7.12502 -4.90086 -8.81409 -8.65666 -4.26026 -6.42117 -7.08687 -7.92273 -4.97785 -7.98495 -8.54592 -4.43526 -9.28794 -7.53342 -7.58628 -5.18712 -7.97772 -8.46853 -4.45477 -8.07286 -7.32111 -7.66403 -5.19325 -8.01066 -8.51338 -4.57944 -8.35931 -7.31453 -7.08979 -5.37599 -8.04625 -8.52742 -3.30456 -8.19301 -6.50806 -9.51057 -3.63241 -7.77931 -8.60245 -2.36431 -8.12274
107.06 -5.03933 -10.0376 -9.33924 -8.73367 -9.34621 -4.04999 -7.61892 -8.85008 -7.12502 -4.90086 -8.81409 -8.65666 -4.26026 -6.42117 -7.08687 -7.92273 -4.97785 -7.98495 -8.54592 -4.43526 -9.28794 -7.53342 -7.58628 -5.18712 -7.97772 -8.46853 -4.45477 -8.07286 -7.32111 -7.66403 -5.19325 -8.01066 -8.51338 -4.57944 -8.35931 -7.31453 -7.08979 -5.37599 -8.04625 -8.52742 -3.30456 -8.19301 -6.50806 -9.51057 -3.63241 -7.77931 -8.60245 -2.36431 -8.12274
107.11 -5.03933 -10.0376 -9.33924 -8.73367 -9.34621 -4.04999 -7.61892 -8.85008 -7.12502 -4.90086 -8.81409 -8.65666 -4.26026 -6.42117 -7.08687 -7.92273 -4.97785 -7.98495 -8.54592 -4.43526 -9.28794 -7.53342 -7.58628 -5.18712 -7.97772 -8.46853 -4.45477 -8.07286 -7.32111 -7.66403 -5.19325 -8.01066 -8.51338 -4.57944 -8.35931 -7.31453 -7.08979 -5.37599 -8.04625 -8.52742 -3.30456 -8.19301 -6.50806 -9.51057 -3.63241 -7.77931 -8.60245 -2.36431 -8.12274
107.16 -5.03933 -10.0376 -9.33924 -8.73367 -9.34621 -4.04999 -7.61892 -8.85008 -7.12502 -4.90086 -8.81409 -8.65666 -4.26026 -6.42117 -7.08687 -7.92273 -4.97785 -7.98495 -8.54592 -4.43526 -9.28794 -7.53342 -7.58628 -5.18712 -7.97772 -8.46853 -4.45477 -8.07286 -7.32111 -7.66403 -5.19325 -8.01066 -8.51338 -4.57944 -8.35931 -7.31453 -7.08979 -5.37599 -8.04625 -8.52742 -3.30456 -8.19301 -6.50806 -9.51057 -3.63241 -7.77931 -8.60245 -2.36431 -8.12274
107.21 -5.03933 -10.0376 -9.33924 -8.73367 -9.34621 -4.04999 -7.61892 -8.85008 -7.12502 -4.90086 -8.81409 -8.65666 -4.26026 -6.42117 -7.08687 -7.92273 -4.97785 -7.98495 -8.54592 -4.43526 -9.28794 -7.53342 -7.58628 -5.18712 -7.97772 -8.46853 -4.45477 -8.07286 -7.32111 -7.66403 -5.19325 -8.01066 -8.51338 -4.57944 -8.35931 -7.31453 -7.08979 -5.37599 -8.04625 -8.52742 -3.30456 -8.19301 -6.50806 -9.51057 -3.63241 -7.77931 -8.60245 -2.36431 -8.12274
107.26 -5.03933 -10.0376 -9.33924 -8.73367 -9.34621 -4.04999 -7.61892 -8.85008 -7.12502 -4.90086 -8.81409 -8.65666 -4.26026 -6.42117 -7.08687 -7.92273 -4.97785 -7.98495 -8.54592 -4.43526 -9.28794 -7.53342 -7.58628 -5.18712 -7.97772 -8.46853 -4.45477 -8.07286 -7.32111 -7.66403 -5.19325 -8.01066 -8.51338 -4.57944 -8.35931 -7.31453 -7.08979 -5.37599 -8.04625 -8.52742 -3.30456 -8.19301 -6.50806 -9.51057 -3.63241 -7.77931 -8.60245 -2.36431 -8.12274
107.31 -5.03933 -10.0376 -9.33924 -8.73367 -9.34621 -4.04999 -7.61892 -8.85008 -7.12502 -4.90086 -8.81409 -8.65666 -4.26026 -6.42117 -7.08687 -7.92273 -4.97785 -7.98495 -8.54592 -4.43526 -9.28794 -7.53342 -7.58628 -5.18712 -7.97772 -8.46853 -4.45477 -8.07286 -7.32111 -7.66403 -5.19325 -8.01066 -8.51338 -4.57944 -8.35931 -7.31453 -7.08979 -5.37599 -8.04625 -8.52742 -3.30456 -8.19301 -6.50806 -9.51057 -3.63241 -7.77931 -8.60245 -2.36431 -8.12274
107.36 -5.03933 -10.0376 -9.33924 -8.73367 -9.34621 -4.04999 -7.61892 -8.85008 -7.12502 -4.90086 -8.81409 -8.65666 -4.26026 -6.42117 -7.08687 -7.92273 -4.97785 -7.98495 -8.54592 -4.43526 -9.28794 -7.53342 -7.58628 -5.18712 -7.97772 -8.46853 -4.45477 -8.07286 -7.32111 -7.66403 -5.19325 -8.01066 -8.51338 -4.57944 -8.35931 -7.31453 -7.08979 -5.37599 -8.04625 -8.52742 -3.30456 -8.19301 -6.50806 -9.51057 -3.63241 -7.77931 -8.60245 -2.36431 -8.12274
107.41 -5.03933 -10.0376 -9.33924 -8.73367 -9.34621 -4.04999 -7.61892 -8.85008 -7.12502 -4.90086 -8.81409 -8.65666 -4.26026 -6.42117 -7.08687 -7.92273 -4.97785 -7.98495 -8.54592 -4.43526 -9.28794 -7.53342 -7.58628 -5.18712 -7.97772 -8.46853 -4.45477 -8.07286 -7.32111 -7.66403 -5.19325 -8.01066 -8.51338 -4.57944 -8.35931 -7.31453 -7.08979 -5.37599 -8.04625 -8.52742 -3.30456 -8.19301 -6.50806 -9.51057 -3.63241 -7.77931 -8.60245 -2.36431 -8.12274
107.46 -5.03933 -10.0376 -9.33924 -8.73367 -9.34621 -4.04999 -7.61892 -8.85008 -7.12502 -4.90086 -8.81409 -8.65666 -4.26026 -6.42117 -7.08687 -7.92273 -4.97785 -7.98495 -8.54592 -4.43526 -9.28794 -7.53342 -7.58628 -5.18712 -7.97772 -8.46853 -4.45477 -8.07286 -7.32111 -7.66403 -5.19325 -8.01066 -8.51338 -4.57944 -8.35931 -7.31453 -7.08979 -5.37599 -8.04625 -8.52742 -3.30456 -8.19301 -6.50806 -9.51057 -3.63241 -7.77931 -8.60245 -2.36431 -8.12274
107.51 -5.03933 -10.0376 -9.33924 -8.73367 -9.34621 -4.04999 -7.61892 -8.85008 -7.12502 -4.90086 -8.81409 -8.65666 -4.26026 -6.42117 -7.08687 -7.92273 -4.97785 -7.98495 -8.54592 -4.43526 -9.28794 -7.53342 -7.58628 -5.18712 -7.97772 -8.46853 -4.45477 -8.07286 -7.32111 -7.66403 -5.19325 -8.01066 -8.51338 -4.57944 -8.35931 -7.31453 -7.08979 -5.37599 -8.04625 -8.52742 -3.30456 -8.19301 -6.50806 -9.51057 -3.63241 -7.77931 -8.60245 -2.36431 -8.12274
107.56 -5.03933 -10.0376 -9.33924 -8.73367 -9.34621 -4.04999 -7.61892 -8.85008 -7.12502 -4.90086 -8.81409 -8.65666 -4.26026 -6.42117 -7.08687 -7.92273 -4.97785 -7.98495 -8.54592 -4.43526 -9.28794 -7.53342 -7.58628 -5.18712 -7.97772 -8.46853 -4.45477 -8.07286 -7.32111 -7.66403 -5.19325 -8.01066 -8.51338 -4.57944 -8.35931 -7.31453 -7.08979 -5.37599 -8.04625 -8.52742 -3.30456 -8.19301 -6.50806 -9.51057 -3.63241 -7.77931 -8.60245 -2.36431 -8.12274
107.61 -5.03933 -10.0376 -9.33924 -8.73367 -9.34621 -4.04999 -7.61892 -8.85008 -7.12502 -4.90086 -8.81409 -8.65666 -4.26026 -6.42117 -7.08687 -7.92273 -4.97785 -7.98495 -8.54592 -4.43526 -9.28794 -7.53342 -7.58628 -5.18712 -7.97772 -8.46853 -4.45477 -8.07286 -7.32111 -7.66403 -5.19325 -8.01066 -8.51338 -4.57944 -8.35931 -7.31453 -7.08979 -5.37599 -8.04625 -8.52742 -3.30456 -8.19301 -6.50806 -9.51057 -3.63241 -7.77931 -8.60245 -2.36431 -8.12274
107.66 -5.03933 -10.0376 -9.33924 -8.73367 -9.34621 -4.04999 -7.61892 -8.85008 -7.12502 -4.90086 -8.81409 -8.65666 -4.26026 -6.42117 -7.08687 -7.92273 -4.97785 -7.98495 -8.54592 -4.43526 -9.28794 -7.53342 -7.58628 -5.18712 -7.97772 -8.46853 -4.45477 -8.07286 -7.32111 -7.66403 -5.19325 -8.01066 -8.51338 -4.57944 -8.35931 -7.31453 -7.08979 -5.37599 -8.04625 -8.52742 -3.30456 -8.19301 -6.50806 -9.51057 -3.63241 -7.77931 -8.60245 -2.36431 -8.12274
107.71 -5.03933 -10.0376 -9.33924 -8.73367 -9.34621 -4.04999 -7.61892 -8.85008 -7.12502 -4.90086 -8.81409 -8.65666 -4.26026 -6.42117 -7.08687 -7.92273 -4.97785 -7.98495 -8.54592 -4.43526 -9.28794 -7.53342 -7.58628 -5.18712 -7.97772 -8.46853 -4.45477 -8.07286 -7.32111 -7.66403 -5.19325 -8.01066 -8.51338 -4.57944 -8.35931 -7.31453 -7.08979 -5.37599 -8.04625 -8.52742 -3.30456 -8.19301 -6.50806 -9.51057 -3.63241 -7.77931 -8.60245 -2.36431 -8.12274
107.76 -5.03933 -10.0376 -9.33924 -8.73367 -9.34621 -4.04999 -7.61892 -8.85008 -7.12502 -4.90086 -8.81409 -8.65666 -4.26026 -6.42117 -7.08687 -7.92273 -4.97785 -7.98495 -8.54592 -4.43526 -9.28794 -7.53342 -7.58628 -5.18712 -7.97772 -8.46853 -4.45477 -8.07286 -7.32111 -7.66403 -5.19325 -8.01066 -8.51338 -4.57944 -8.35931 -7.31453 -7.08979 -5.37599 -8.04625 -8.52742 -3.30456 -8.19301 -6.50806 -9.51057 -3.63241 -7.77931 -8.60245 -2.36431 -8.12274
107.81 -5.03933 -10.0376 -9.33924 -8.73367 -9.34621 -4.04999 -7.61892 -8.85008 -7.12502 -4.90086 -8.81409 -8.65666 -4.26026 -6.42117 -7.08687 -7.92273 -4.97785 -7.98495 -8.54592 -4.43526 -9.28794 -7.53342 -7.58628 -5.18712 -7.97772 -8.46853 -4.45477 -8.07286 -7.32111 -7.66403 -5.19325 -8.01066 -8.51338 -4.57944 -8.35931 -7.31453 -7.08979 -5.37599 -8.04625 -8.52742 -3.30456 -8.19301 -6.50806 -9.51057 -3.63241 -7.77931 -8.60245 -2.36431 -8.12274
107.86 -5.03933 -10.0376 -9.33924 -8.73367 -9.34621 -4.04999 -7.61892 -8.85008 -7.12502 -4.90086 -8.81409 -8.65666 -4.26026 -6.42117 -7.08687 -7.92273 -4.97785 -7.98495 -8.54592 -4.43526 -9.28794 -7.53342 -7.58628 -5.18712 -7.97772 -8.46853 -4.45477 -8.07286 -7.32111 -7.66403 -5.19325 -8.01066 -8.51338 -4.57944 -8.35931 -7.31453 -7.08979 -5.37599 -8.04625 -8.52742 -3.30456 -8.19301 -6.50806 -9.51057 -3.63241 -7.77931 -8.60245 -2.36431 -8.12274
107.91 -5.03933 -10.0376 -9.33924 -8.73367 -9.34621 -4.04999 -7.61892 -8.85008 -7.12502 -4.90086 -8.81409 -8.65666 -4.26026 -6.42117 -7.08687 -7.92273 -4.97785 -7.98495 -8.54592 -4.43526 -9.28794 -7.53342 -7.58628 -5.18712 -7.97772 -8.46853 -4.45477 -8.07286 -7.32111 -7.66403 -5.19325 -8.01066 -8.51338 -4.57944 -8.35931 -7.31453 -7.08979 -5.37599 -8.04625 -8.52742 -3.30456 -8.19301 -6.50806 -9.51057 -3.63241 -7.77931 -8.60245 -2.36431 -8.12274
107.96 -5.03933 -10.0376 -9.33924 -8.73367 -9.34621 -4.04999 -7.61892 -8.85008 -7.12502 -4.90086 -8.81409 -8.65666 -4.26026 -6.42117 -7.08687 -7.92273 -4.97785 -7.98495 -8.54592 -4.43526 -9.28794 -7.53342 -7.58628 -5.18712 -7.97772 -8.46853 -4.45477 -8.07286 -7.32111 -7.66403 -5.19325 -8.01066 -8.51338 -4.57944 -8.35931 -7.31453 -7.08979 -5.37599 -8.04625 -8.52742 -3.30456 -8.19301 -6.50806 -9.51057 -3.63241 -7.77931 -8.60245 -2.36431 -8.12274
108.01 -5.03933 -10.0376 -9.33924 -8.73367 -9.34621 -4.04999 -7.61892 -8.85008 -7.12502 -4.90086 -8.81409 -8.65666 -4.26026 -6.42117 -7.08687 -7.92273 -4.97785 -7.98495 -8.54592 -4.43526 -9.28794 -7.53342 -7.58628 -5.18712 -7.97772 -8.46853 -4.45477 -8.07286 -7.32111 -7.66403 -5.19325 -8.01066 -8.51338 -4.57944 -8.35931 -7.31453 -7.08979 -5.37599 -8.04625 -8.52742 -3.30456 -8.19301 -6.50806 -9.51057 -3.63241 -7.77931 -8.60245 -2.36431 -8.12274
108.06 -5.03933 -10.0376 -9.33924 -8.73367 -9.34621 -4.04999 -7.61892 -8.85008 -7.12502 -4.90086 -8.81409 -8.65666 -4.26026 -6.42117 -7.08687 -7.92273 -4.97785 -7.98495 -8.54592 -4.43526 -9.28794 -7.53342 -7.58628 -5.18712 -7.97772 -8.46853 -4.45477 -8.07286 -7.32111 -7.66403 -5.19325 -8.01066 -8.51338 -4.57944 -8.35931 -7.31453 -7.08979 -5.37599 -8.04625 -8.52742 -3.30456 -8.19301 -6.50806 -9.51057 -3.63241 -7.77931 -8.60245 -2.36431 -8.12274
108.11 -5.03933 -10.0376 -9.33924 -8.73367 -9.34621 -4.04999 -7.61892 -8.85008 -7.12502 -4.90086 -8.81409 -8.65666 -4.26026 -6.42117 -7.08687 -7.92273 -4.97785 -7.98495 -8.54592 -4.43526 -9.28794 -7.53342 -7.58628 -5.18712 -7.97772 -8.46853 -4.45477 -8.07286 -7.32111 -7.66403 -5.19325 -8.01066 -8.51338 -4.57944 -8.35931 -7.31453 -7.08979 -5.37599 -8.04625 -8.52742 -3.30456 -8.19301 -6.50806 -9.51057 -3.63241 -7.77931 -8.60245 -2.36431 -8.12274
108.16 -5.03933 -10.0376 -9.33924 -8.73367 -9.34621 -4.04999 -7.61892 -8.85008 -7.12502 -4.90086 -8.81409 -8.65666 -4.26026 -6.42117 -7.08687 -7.92273 -4.97785 -7.98495 -8.54592 -4.43526 -9.28794 -7.53342 -7.58628 -5.18712 -7.97772 -8.46853 -4.45477 -8.07286 -7.32111 -7.66403 -5.19325 -8.01066 -8.51338 -4.57944 -8.35931 -7.31453 -7.08979 -5.37599 -8.04625 -8.52742 -3.30456 -8.19301 -6.50806 -9.51057 -3.63241 -7.77931 -8.60245 -2.36431 -8.12274
108.21 -5.03933 -10.0376 -9.33924 -8.73367 -9.34621 -4.04999 -7.61892 -8.85008 -7.12502 -4.90086 -8.81409 -8.65666 -4.26026 -6.42117 -7.08687 -7.92273 -4.97785 -7.98495 -8.54592 -4.43526 -9.28794 -7.53342 -7.58628 -5.18712 -7.97772 -8.46853 -4.45477 -8.07286 -7.32111 -7.66403 -5.19325 -8.01066 -8.51338 -4.57944 -8.35931 -7.31453 -7.08979 -5.37599 -8.04625 -8.52742 -3.30456 -8.19301 -6.50806 -9.51057 -3.63241 -7.77931 -8.60245 -2.36431 -8.12274
108.26 -5.03933 -10.0376 -9.33924 -8.73367 -9.34621 -4.04999 -7.61892 -8.85008 -7.12502 -4.90086 -8.81409 -8.65666 -4.26026 -6.42117 -7.08687 -7.92273 -4.97785 -7.98495 -8.54592 -4.43526 -9.28794 -7.53342 -7.58628 -5.18712 -7.97772 -8.46853 -4.45477 -8.07286 -7.32111 -7.66403 -5.19325 -8.01066 -8.51338 -4.57944 -8.35931 -7.31453 -7.08979 -5.37599 -8.04625 -8.52742 -3.30456 -8.19301 -6.50806 -9.51057 -3.63241 -7.77931 -8.60245 -2.36431 -8.12274
108.31 -5.03933 -10.0376 -9.33924 -8.73367 -9.34621 -4.04999 -7.61892 -8.85008 -7.12502 -4.90086 -8.81409 -8.65666 -4.26026 -6.42117 -7.08687 -7.92273 -4.97785 -7.98495 -8.54592 -4.43526 -9.28794 -7.53342 -7.58628 -5.18712 -7.97772 -8.46853 -4.45477 -8.07286 -7.32111 -7.66403 -5.19325 -8.01066 -8.51338 -4.57944 -8.35931 -7.31453 -7.08979 -5.37599 -8.04625 -8.52742 -3.30456 -8.19301 -6.50806 -9.51057 -3.63241 -7.77931 -8.60245 -2.36431 -8.12274
108.36 -5.03933 -10.0376 -9.33924 -8.73367 -9.34621 -4.04999 -7.61892 -8.85008 -7.12502 -4.90086 -8.81409 -8.65666 -4.26026 -6.42117 -7.08687 -7.92273 -4.97785 -7.98495 -8.54592 -4.43526 -9.28794 -7.53342 -7.58628 -5.18712 -7.97772 -8.46853 -4.45477 -8.07286 -7.32111 -7.66403 -5.19325 -8.01066 -8.51338 -4.57944 -8.35931 -7.31453 -7.08979 -5.37599 -8.04625 -8.52742 -3.30456 -8.19301 -6.50806 -9.51057 -3.63241 -7.77931 -8.60245 -2.36431 -8.12274
108.41 -5.03933 -10.0376 -9.33924 -8.73367 -9.34621 -4.04999 -7.61892 -8.85008 -7.12502 -4.90086 -8.81409 -8.65666 -4.26026 -6.42117 -7.08687 -7.92273 -4.97785 -7.98495 -8.54592 -4.43526 -9.28794 -7.53342 -7.58628 -5.18712 -7.97772 -8.46853 -4.45477 -8.07286 -7.32111 -7.66403 -5.19325 -8.01066 -8.51338 -4.57944 -8.35931 -7.31453 -7.08979 -5.37599 -8.04625 -8.52742 -3.30456 -8.19301 -6.50806 -9.51057 -3.63241 -7.77931 -8.60245 -2.36431 -8.12274
108.46 -5.03933 -10.0376 -9.33924 -8.73367 -9.34621 -4.04999 -7.61892 -8.85008 -7.12502 -4.90086 -8.81409 -8.65666 -4.26026 -6.42117 -7.08687 -7.92273 -4.97785 -7.98495 -8.54592 -4.43526 -9.28794 -7.53342 -7.58628 -5.18712 -7.97772 -8.46853 -4.45477 -8.07286 -7.32111 -7.66403 -5.19325 -8.01066 -8.51338 -4.57944 -8.35931 -7.31453 -7.08979 -5.37599 -8.04625 -8.52742 -3.30456 -8.19301 -6.50806 -9.51057 -3.63241 -7.77931 -8.60245 -2.36431 -8.12274
108.51 -5.03933 -10.0376 -9.33924 -8.73367 -9.34621 -4.04999 -7.61892 -8.85008 -7.12502 -4.90086 -8.81409 -8.65666 -4.26026 -6.42117 -7.08687 -7.92273 -4.97785 -7.98495 -8.54592 -4.43526 -9.28794 -7.53342 -7.58628 -5.18712 -7.97772 -8.46853 -4.45477 -8.07286 -7.32111 -7.66403 -5.19325 -8.01066 -8.51338 -4.57944 -8.35931 -7.31453 -7.08979 -5.37599 -8.04625 -8.52742 -3.30456 -8.19301 -6.50806 -9.51057 -3.63241 -7.77931 -8.60245 -2.36431 -8.12274
108.56 -5.03933 -10.0376 -9.33924 -8.73367 -9.34621 -4.04999 -7.61892 -8.85008 -7.12502 -4.90086 -8.81409 -8.65666 -4.26026 -6.42117 -7.08687 -7.92273 -4.97785 -7.98495 -8.54592 -4.43526 -9.28794 -7.53342 -7.58628 -5.18712 -7.97772 -8.46853 -4.45477 -8.07286 -7.32111 -7.66403 -5.19325 -8.01066 -8.51338 -4.57944 -8.35931 -7.31453 -7.08979 -5.37599 -8.04625 -8.52742 -3.30456 -8.19301 -6.50806 -9.51057 -3.63241 -7.77931 -8.60245 -2.36431 -8.12274
108.61 -5.03933 -10.0376 -9.33924 -8.73367 -9.34621 -4.04999 -7.61892 -8.85008 -7.12502 -4.90086 -8.81409 -8.65666 -4.26026 -6.42117 -7.08687 -7.92273 -4.97785 -7.98495 -8.54592 -4.43526 -9.28794 -7.53342 -7.58628 -5.18712 -7.97772 -8.46853 -4.45477 -8.07286 -7.32111 -7.66403 -5.19325 -8.01066 -8.51338 -4.57944 -8.35931 -7.31453 -7.08979 -5.37599 -8.04625 -8.52742 -3.30456 -8.19301 -6.50806 -9.51057 -3.63241 -7.77931 -8.60245 -2.36431 -8.12274
108.66 -5.03933 -10.0376 -9.33924 -8.73367 -9.34621 -4.04999 -7.61892 -8.85008 -7.12502 -4.90086 -8.81409 -8.65666 -4.26026 -6.42117 -7.08687 -7.92273 -4.97785 -7.98495 -8.54592 -4.43526 -9.28794 -7.53342 -7.58628 -5.18712 -7.97772 -8.46853 -4.45477 -8.07286 -7.32111 -7.66403 -5.19325 -8.01066 -8.51338 -4.57944 -8.35931 -7.31453 -7.08979 -5.37599 -8.04625 -8.52742 -3.30456 -8.19301 -6.50806 -9.51057 -3.63241 -7.77931 -8.60245 -2.36431 -8.12274
108.71 -5.03933 -10.0376 -9.33924 -8.73367 -9.34621 -4.04999 -7.61892 -8.85008 -7.12502 -4.90086 -8.81409 -8.65666 -4.26026 -6.42117 -7.08687 -7.92273 -4.97785 -7.98495 -8.54592 -4.43526 -9.28794 -7.53342 -7.58628 -5.18712 -7.97772 -8.46853 -4.45477 -8.07286 -7.32111 -7.66403 -5.19325 -8.01066 -8.51338 -4.57944 -8.35931 -7.31453 -7.08979 -5.37599 -8.04625 -8.52742 -3.30456 -8.19301 -6.50806 -9.51057 -3.63241 -7.77931 -8.60245 -2.36431 -8.12274
108.76 -5.03933 -10.0376 -9.33924 -8.73367 -9.34621 -4.04999 -7.61892 -8.85008 -7.12502 -4.90086 -8.81409 -8.65666 -4.26026 -6.42117 -7.08687 -7.92273 -4.97785 -7.98495 -8.54592 -4.43526 -9.28794 -7.53342 -7.58628 -5.18712 -7.97772 -8.46853 -4.45477 -8.07286 -7.32111 -7.66403 -5.19325 -8.01066 -8.51338 -4.57944 -8.35931 -7.31453 -7.08979 -5.37599 -8.04625 -8.52742 -3.30456 -8.19301 -6.50806 -9.51057 -3.63241 -7.77931 -8.60245 -2.36431 -8.12274
108.81 -5.03933 -10.0376 -9.33924 -8.73367 -9.34621 -4.04999 -7.61892 -8.85008 -7.12502 -4.90086 -8.81409 -8.65666 -4.26026 -6.42117 -7.08687 -7.92273 -4.97785 -7.98495 -8.54592 -4.43526 -9.28794 -7.53342 -7.58628 -5.18712 -7.97772 -8.46853 -4.45477 -8.07286 -7.32111 -7.66403 -5.19325 -8.01066 -8.51338 -4.57944 -8.35931 -7.31453 -7.08979 -5.37599 -8.04625 -8.52742 -3.30456 -8.19301 -6.50806 -9.51057 -3.63241 -7.77931 -8.60245 -2.36431 -8.12274
108.86 -5.03933 -10.0376 -9.33924 -8.73367 -9.34621 -4.04999 -7.61892 -8.85008 -7.12502 -4.90086 -8.81409 -8.65666 -4.26026 -6.42117 -7.08687 -7.92273 -4.97785 -7.98495 -8.54592 -4.43526 -9.28794 -7.53342 -7.58628 -5.18712 -7.97772 -8.46853 -4.45477 -8.07286 -7.32111 -7.66403 -5.19325 -8.01066 -8.51338 -4.57944 -8.35931 -7.31453 -7.08979 -5.37599 -8.04625 -8.52742 -3.30456 -8.19301 -6.50806 -9.51057 -3.63241 -7.77931 -8.60245 -2.36431 -8.12274
108.91 -5.03933 -10.0376 -9.33924 -8.73367 -9.34621 -4.04999 -7.61892 -8.85008 -7.12502 -4.90086 -8.81409 -8.65666 -4.26026 -6.42117 -7.08687 -7.92273 -4.97785 -7.98495 -8.54592 -4.43526 -9.28794 -7.53342 -7.58628 -5.18712 -7.97772 -8.46853 -4.45477 -8.07286 -7.32111 -7.66403 -5.19325 -8.01066 -8.51338 -4.57944 -8.35931 -7.31453 -7.08979 -5.37599 -8.04625 -8.52742 -3.30456 -8.19301 -6.50806 -9.51057 -3.63241 -7.77931 -8.60245 -2.36431 -8.12274
108.96 -5.03933 -10.0376 -9.33924 -8.73367 -9.34621 -4.04999 -7.61892 -8.85008 -7.12502 -4.90086 -8.81409 -8.65666 -4.26026 -6.42117 -7.08687 -7.92273 -4.97785 -7.98495 -8.54592 -4.43526 -9.28794 -7.53342 -7.58628 -5.18712 -7.97772 -8.46853 -4.45477 -8.07286 -7.32111 -7.66403 -5.19325 -8.01066 -8.51338 -4.57944 -8.35931 -7.31453 -7.08979 -5.37599 -8.04625 -8.52742 -3.30456 -8.19301 -6.50806 -9.51057 -3.63241 -7.77931 -8.60245 -2.36431 -8.12274
109.01 -5.03933 -10.0376 -9.33924 -8.73367 -9.34621 -4.04999 -7.61892 -8.85008 -7.12502 -4.90086 -8.81409 -8.65666 -4.26026 -6.42117 -7.08687 -7.92273 -4.97785 -7.98495 -8.54592 -4.43526 -9.28794 -7.53342 -7.58628 -5.18712 -7.97772 -8.46853 -4.45477 -8.07286 -7.32111 -7.66403 -5.19325 -8.01066 -8.51338 -4.57944 -8.35931 -7.31453 -7.08979 -5.37599 -8.04625 -8.52742 -3.30456 -8.19301 -6.50806 -9.51057 -3.63241 -7.77931 -8.60245 -2.36431 -8.12274
109.06 -5.03933 -10.0376 -9.33924 -8.73367 -9.34621 -4.04999 -7.61892 -8.85008 -7.12502 -4.90086 -8.81409 -8.65666 -4.26026 -6.42117 -7.08687 -7.92273 -4.97785 -7.98495 -8.54592 -4.43526 -9.28794 -7.53342 -7.58628 -5.18712 -7.97772 -8.46853 -4.45477 -8.07286 -7.32111 -7.66403 -5.19325 -8.01066 -8.51338 -4.57944 -8.35931 -7.31453 -7.08979 -5.37599 -8.04625 -8.52742 -3.30456 -8.19301 -6.50806 -9.51057 -3.63241 -7.77931 -8.60245 -2.36431 -8.12274
109.11 -5.03933 -10.0376 -9.33924 -8.73367 -9.34621 -4.04999 -7.61892 -8.85008 -7.12502 -4.90086 -8.81409 -8.65666 -4.26026 -6.42117 -7.08687 -7.92273 -4.97785 -7.98495 -8.54592 -4.43526 -9.28794 -7.53342 -7.58628 -5.18712 -7.97772 -8.46853 -4.45477 -8.07286 -7.32111 -7.66403 -5.19325 -8.01066 -8.51338 -4.57944 -8.35931 -7.31453 -7.08979 -5.37599 -8.04625 -8.52742 -3.30456 -8.19301 -6.50806 -9.51057 -3.63241 -7.77931 -8.60245 -2.36431 -8.12274
109.16 -5.03933 -10.0376 -9.33924 -8.73367 -9.34621 -4.04999 -7.61892 -8.85008 -7.12502 -4.90086 -8.81409 -8.65666 -4.26026 -6.42117 -7.08687 -7.92273 -4.97785 -7.98495 -8.54592 -4.43526 -9.28794 -7.53342 -7.58628 -5.18712 -7.97772 -8.46853 -4.45477 -8.07286 -7.32111 -7.66403 -5.19325 -8.01066 -8.51338 -4.57944 -8.35931 -7.31453 -7.08979 -5.37599 -8.04625 -8.52742 -3.30456 -8.19301 -6.50806 -9.51057 -3.63241 -7.77931 -8.60245 -2.36431 -8.12274
109.21 -5.03933 -10.0376 -9.33924 -8.73367 -9.34621 -4.04999 -7.61892 -8.85008 -7.12502 -4.90086 -8.81409 -8.65666 -4.26026 -6.42117 -7.08687 -7.92273 -4.97785 -7.98495 -8.54592 -4.43526 -9.28794 -7.53342 -7.58628 -5.18712 -7.97772 -8.46853 -4.45477 -8.07286 -7.32111 -7.66403 -5.19325 -8.01066 -8.51338 -4.57944 -8.35931 -7.31453 -7.08979 -5.37599 -8.04625 -8.52742 -3.30456 -8.19301 -6.50806 -9.51057 -3.63241 -7.77931 -8.60245 -2.36431 -8.12274
109.26 -5.03933 -10.0376 -9.33924 -8.73367 -9.34621 -4.04999 -7.61892 -8.85008 -7.12502 -4.90086 -8.81409 -8.65666 -4.26026 -6.42117 -7.08687 -7.92273 -4.97785 -7.98495 -8.54592 -4.43526 -9.28794 -7.53342 -7.58628 -5.18712 -7.97772 -8.46853 -4.45477 -8.07286 -7.32111 -7.66403 -5.19325 -8.01066 -8.51338 -4.57944 -8.35931 -7.31453 -7.08979 -5.37599 -8.04625 -8.52742 -3.30456 -8.19301 -6.50806 -9.51057 -3.63241 -7.77931 -8.60245 -2.36431 -8.12274
109.31 -5.03933 -10.0376 -9.33924 -8.73367 -9.34621 -4.04999 -7.61892 -8.85008 -7.12502 -4.90086 -8.81409 -8.65666 -4.26026 -6.42117 -7.08687 -7.92273 -4.97785 -7.98495 -8.54592 -4.43526 -9.28794 -7.53342 -7.58628 -5.18712 -7.97772 -8.46853 -4.45477 -8.07286 -7.32111 -7.66403 -5.19325 -8.01066 -8.51338 -4.57944 -8.35931 -7.31453 -7.08979 -5.37599 -8.04625 -8.52742 -3.30456 -8.19301 -6.50806 -9.51057 -3.63241 -7.77931 -8.60245 -2.36431 -8.12274
109.36 -5.03933 -10.0376 -9.33924 -8.73367 -9.34621 -4.04999 -7.61892 -8.85008 -7.12502 -4.90086 -8.81409 -8.65666 -4.26026 -6.42117 -7.08687 -7.92273 -4.97785 -7.98495 -8.54592 -4.43526 -9.28794 -7.53342 -7.58628 -5.18712 -7.97772 -8.46853 -4.45477 -8.07286 -7.32111 -7.66403 -5.19325 -8.01066 -8.51338 -4.57944 -8.35931 -7.31453 -7.08979 -5.37599 -8.04625 -8.52742 -3.30456 -8.19301 -6.50806 -9.51057 -3.63241 -7.77931 -8.60245 -2.36431 -8.12274
109.41 -5.03933 -10.0376 -9.33924 -8.73367 -9.34621 -4.04999 -7.61892 -8.85008 -7.12502 -4.90086 -8.81409 -8.65666 -4.26026 -6.42117 -7.08687 -7.92273 -4.97785 -7.98495 -8.54592 -4.43526 -9.28794 -7.53342 -7.58628 -5.18712 -7.97772 -8.46853 -4.45477 -8.07286 -7.32111 -7.66403 -5.19325 -8.01066 -8.51338 -4.57944 -8.35931 -7.31453 -7.08979 -5.37599 -8.04625 -8.52742 -3.30456 -8.19301 -6.50806 -9.51057 -3.63241 -7.77931 -8.60245 -2.36431 -8.12274
109.46 -5.03933 -10.0376 -9.33924 -8.73367 -9.34621 -4.04999 -7.61892 -8.85008 -7.12502 -4.90086 -8.81409 -8.65666 -4.26026 -6.42117 -7.08687 -7.92273 -4.97785 -7.98495 -8.54592 -4.43526 -9.28794 -7.53342 -7.58628 -5.18712 -7.97772 -8.46853 -4.45477 -8.07286 -7.32111 -7.66403 -5.19325 -8.01066 -8.51338 -4.57944 -8.35931 -7.31453 -7.08979 -5.37599 -8.04625 -8.52742 -3.30456 -8.19301 -6.50806 -9.51057 -3.63241 -7.77931 -8.60245 -2.36431 -8.12274
109.51 -5.03933 -10.0376 -9.33924 -8.73367 -9.34621 -4.04999 -7.61892 -8.85008 -7.12502 -4.90086 -8.81409 -8.65666 -4.26026 -6.42117 -7.08687 -7.92273 -4.97785 -7.98495 -8.54592 -4.43526 -9.28794 -7.53342 -7.58628 -5.18712 -7.97772 -8.46853 -4.45477 -8.07286 -7.32111 -7.66403 -5.19325 -8.01066 -8.51338 -4.57944 -8.35931 -7.31453 -7.08979 -5.37599 -8.04625 -8.52742 -3.30456 -8.19301 -6.50806 -9.51057 -3.63241 -7.77931 -8.60245 -2.36431 -8.12274
109.56 -5.03933 -10.0376 -9.33924 -8.73367 -9.34621 -4.04999 -7.61892 -8.85008 -7.12502 -4.90086 -8.81409 -8.65666 -4.26026 -6.42117 -7.08687 -7.92273 -4.97785 -7.98495 -8.54592 -4.43526 -9.28794 -7.53342 -7.58628 -5.18712 -7.97772 -8.46853 -4.45477 -8.07286 -7.32111 -7.66403 -5.19325 -8.01066 -8.51338 -4.57944 -8.35931 -7.31453 -7.08979 -5.37599 -8.04625 -8.52742 -3.30456 -8.19301 -6.50806 -9.51057 -3.63241 -7.77931 -8.60245 -2.36431 -8.12274
109.61 -5.03933 -10.0376 -9.33924 -8.73367 -9.34621 -4.04999 -7.61892 -8.85008 -7.12502 -4.90086 -8.81409 -8.65666 -4.26026 -6.42117 -7.08687 -7.92273 -4.97785 -7.98495 -8.54592 -4.43526 -9.28794 -7.53342 -7.58628 -5.18712 -7.97772 -8.46853 -4.45477 -8.07286 -7.32111 -7.66403 -5.19325 -8.01066 -8.51338 -4.57944 -8.35931 -7.31453 -7.08979 -5.37599 -8.04625 -8.52742 -3.30456 -8.19301 -6.50806 -9.51057 -3.63241 -7.77931 -8.60245 -2.36431 -8.12274
109.66 -5.03933 -10.0376 -9.33924 -8.73367 -9.34621 -4.04999 -7.61892 -8.85008 -7.12502 -4.90086 -8.81409 -8.65666 -4.26026 -6.42117 -7.08687 -7.92273 -4.97785 -7.98495 -8.54592 -4.43526 -9.28794 -7.53342 -7.58628 -5.18712 -7.97772 -8.46853 -4.45477 -8.07286 -7.32111 -7.66403 -5.19325 -8.01066 -8.51338 -4.57944 -8.35931 -7.31453 -7.08979 -5.37599 -8.04625 -8.52742 -3.30456 -8.19301 -6.50806 -9.51057 -3.63241 -7.77931 -8.60245 -2.36431 -8.12274
109.71 -5.03933 -10.0376 -9.33924 -8.73367 -9.34621 -4.04999 -7.61892 -8.85008 -7.12502 -4.90086 -8.81409 -8.65666 -4.26026 -6.42117 -7.08687 -7.92273 -4.97785 -7.98495 -8.54592 -4.43526 -9.28794 -7.53342 -7.58628 -5.18712 -7.97772 -8.46853 -4.45477 -8.07286 -7.32111 -7.66403 -5.19325 -8.01066 -8.51338 -4.57944 -8.35931 -7.31453 -7.08979 -5.37599 -8.04625 -8.52742 -3.30456 -8.19301 -6.50806 -9.51057 -3.63241 -7.77931 -8.60245 -2.36431 -8.12274
109.76 -5.03933 -10.0376 -9.33924 -8.73367 -9.34621 -4.04999 -7.61892 -8.85008 -7.12502 -4.90086 -8.81409 -8.65666 -4.26026 -6.42117 -7.08687 -7.92273 -4.97785 -7.98495 -8.54592 -4.43526 -9.28794 -7.53342 -7.58628 -5.18712 -7.97772 -8.46853 -4.45477 -8.07286 -7.32111 -7.66403 -5.19325 -8.01066 -8.51338 -4.57944 -8.35931 -7.31453 -7.08979 -5.37599 -8.04625 -8.52742 -3.30456 -8.19301 -6.50806 -9.51057 -3.63241 -7.77931 -8.60245 -2.36431 -8.12274
109.81 -5.03933 -10.0376 -9.33924 -8.73367 -9.34621 -4.04999 -7.61892 -8.85008 -7.12502 -4.90086 -8.81409 -8.65666 -4.26026 -6.42117 -7.08687 -7.92273 -4.97785 -7.98495 -8.54592 -4.43526 -9.28794 -7.53342 -7.58628 -5.18712 -7.97772 -8.46853 -4.45477 -8.07286 -7.32111 -7.66403 -5.19325 -8.01066 -8.51338 -4.57944 -8.35931 -7.31453 -7.08979 -5.37599 -8.04625 -8.52742 -3.30456 -8.19301 -6.50806 -9.51057 -3.63241 -7.77931 -8.60245 -2.36431 -8.12274
109.86 -5.03933 -10.0376 -9.33924 -8.73367 -9.34621 -4.04999 -7.61892 -8.85008 -7.12502 -4.90086 -8.81409 -8.65666 -4.26026 -6.42117 -7.08687 -7.92273 -4.97785 -7.98495 -8.54592 -4.43526 -9.28794 -7.53342 -7.58628 -5.18712 -7.97772 -8.46853 -4.45477 -8.07286 -7.32111 -7.66403 -5.19325 -8.01066 -8.51338 -4.57944 -8.35931 -7.31453 -7.08979 -5.37599 -8.04625 -8.52742 -3.30456 -8.19301 -6.50806 -9.51057 -3.63241 -7.77931 -8.60245 -2.36431 -8.12274
109.91 -5.03933 -10.0376 -9.33924 -8.73367 -9.34621 -4.04999 -7.61892 -8.85008 -7.12502 -4.90086 -8.81409 -8.65666 -4.26026 -6.42117 -7.08687 -7.92273 -4.97785 -7.98495 -8.54592 -4.43526 -9.28794 -7.53342 -7.58628 -5.18712 -7.97772 -8.46853 -4.45477 -8.07286 -7.32111 -7.66403 -5.19325 -8.01066 -8.51338 -4.57944 -8.35931 -7.31453 -7.08979 -5.37599 -8.04625 -8.52742 -3.30456 -8.19301 -6.50806 -9.51057 -3.63241 -7.77931 -8.60245 -2.36431 -8.12274
109.96 -5.03933 -10.0376 -9.33924 -8.73367 -9.34621 -4.04999 -7.61892 -8.85008 -7.12502 -4.90086 -8.81409 -8.65666 -4.26026 -6.42117 -7.08687 -7.92273 -4.97785 -7.98495 -8.54592 -4.43526 -9.28794 -7.53342 -7.58628 -5.18712 -7.97772 -8.46853 -4.45477 -8.07286 -7.32111 -7.66403 -5.19325 -8.01066 -8.51338 -4.57944 -8.35931 -7.31453 -7.08979 -5.37599 -8.04625 -8.52742 -3.30456 -8.19301 -6.50806 -9.51057 -3.63241 -7.77931 -8.60245 -2.36431 -8.12274
