50.01 -2.74535 -4.01331 -2.93085 -5.03544 -7.96422 -7.83685 -6.53493 -3.47994 -1.07592 0.316544 2.73446 3.7068 4.78164 9.48334 11.5749 7.96026 2.79646 0.394181 -0.365662 -3.01096 -7.67492 -9.8787 -9.92956
50.06 -2.17296 -2.75569 -1.57351 -4.04077 -8.0743 -8.34201 -7.09864 -4.51706 -2.29129 -0.783139 1.67803 2.707 4.11482 9.07641 11.3982 8.48161 4.17355 1.92779 1.1036 -1.69136 -6.74451 -9.37717 -9.76533
50.11 -1.4857 -1.40159 -0.118071 -2.76974 -7.88897 -8.71318 -7.51388 -5.51865 -3.60981 -1.87362 0.766441 1.88712 3.52926 8.49197 10.8722 8.70923 5.46173 3.47002 2.55963 -0.368724 -5.71359 -8.67661 -9.3936
50.16 -0.73326 -0.0472085 1.33306 -1.3007 -7.19762 -8.74885 -7.92821 -6.65477 -5.03446 -2.95382 0.0104078 1.29905 3.04849 7.7837 10.0756 8.60201 6.55442 4.97966 3.99387 0.935425 -4.63389 -7.81324 -8.81624
50.21 0.0767639 1.28978 2.74933 0.151139 -6.31984 -8.45822 -8.14177 -7.61201 -6.42575 -4.1587 -0.750617 0.873497 2.61121 6.95009 9.08043 8.19986 7.38934 6.37926 5.37218 2.19024 -3.55953 -6.83491 -8.04892
50.26 0.897105 2.56484 4.08251 1.50903 -5.37531 -7.90416 -8.14586 -8.33696 -7.49424 -5.29293 -1.59021 0.419923 2.11145 6.0256 7.98145 7.61469 7.94826 7.56447 6.60912 3.32917 -2.54828 -5.82158 -7.14687
50.31 1.71261 3.74617 5.22102 2.66451 -4.35743 -7.10148 -7.91319 -8.86961 -8.3137 -6.27553 -2.44771 -0.120699 1.51928 5.06035 6.86408 6.96054 8.26334 8.48558 7.65396 4.33026 -1.5953 -4.81422 -6.18374
50.36 2.47795 4.79228 6.12884 3.61089 -3.29009 -6.09408 -7.4253 -9.22174 -8.96604 -7.08204 -3.2833 -0.754264 0.860609 4.10528 5.79509 6.31716 8.38386 9.13218 8.4722 5.18514 -0.670187 -3.81364 -5.21362
50.41 3.16083 5.68753 6.84033 4.39057 -2.1802 -4.88402 -6.668 -9.41032 -9.52982 -7.71697 -4.08823 -1.51496 0.146177 3.20601 4.82466 5.73066 8.35387 9.51658 9.04787 5.897 0.270822 -2.78005 -4.24455
50.46 3.74555 6.42841 7.38852 5.05458 -1.04125 -3.54419 -5.66322 -9.39948 -10.0143 -8.20353 -4.87524 -2.42358 -0.620347 2.38817 3.98856 5.22545 8.20449 9.65933 9.37455 6.46118 1.24705 -1.67427 -3.25371
50.51 4.22985 7.02307 7.79674 5.63026 0.075777 -2.18587 -4.48681 -9.02066 -10.2048 -8.63798 -5.80231 -3.48279 -1.41794 1.67578 3.34846 4.84318 7.97597 9.59662 9.45894 6.85721 2.21947 -0.515407 -2.23979
50.56 4.61885 7.48728 8.10033 6.16213 1.1879 -0.831764 -3.2723 -8.38133 -10.0776 -8.96404 -6.83505 -4.71229 -2.33451 0.992711 2.86836 4.54283 7.66238 9.35973 9.34102 7.10792 3.1811 0.707346 -1.17553
50.61 4.92188 7.84556 8.33392 6.6809 2.30699 0.5099 -2.02739 -7.55454 -9.68655 -9.15616 -7.90772 -6.08432 -3.41549 0.246249 2.43909 4.22366 7.22402 8.9602 9.05448 7.2379 4.11395 1.98342 -0.0349356
50.66 5.14802 8.11188 8.50706 7.17674 3.41622 1.84138 -0.736093 -6.54105 -9.05531 -9.19691 -8.94745 -7.51907 -4.61709 -0.589029 1.96658 3.80389 6.64136 8.40743 8.61424 7.24347 4.96519 3.2456 1.15257
50.71 5.29991 8.30169 8.64226 7.64215 4.49927 3.17411 0.564491 -5.39847 -8.19301 -9.02782 -9.77197 -8.8882 -5.87702 -1.5263 1.288 3.19604 5.96552 7.74319 8.04289 7.11418 5.67823 4.40467 2.30682
50.76 5.40181 8.4422 8.75204 8.04314 5.49753 4.43441 1.78436 -4.21585 -7.12822 -8.59226 -10.2451 -9.91912 -7.09873 -2.61396 0.417436 2.44685 5.23116 7.01058 7.3712 6.85438 6.22733 5.396 3.33179
50.81 5.48133 8.54759 8.83006 8.3715 6.36796 5.53262 2.86601 -3.02028 -5.88127 -7.89141 -10.4593 -10.6439 -8.12806 -3.75036 -0.61109 1.57448 4.45219 6.23722 6.62613 6.48125 6.62827 6.23371 4.21824
50.86 5.55832 8.64755 8.91421 8.62417 7.06495 6.4253 3.77984 -1.82788 -4.47537 -6.91063 -10.4513 -11.1542 -8.91875 -4.85644 -1.76962 0.595698 3.6381 5.44686 5.83244 6.01418 6.90129 6.93743 4.97491
50.91 5.66502 8.74828 8.98584 8.78553 7.58935 7.09954 4.52459 -0.687375 -3.04959 -5.72029 -10.1249 -11.3525 -9.50083 -5.96761 -3.01205 -0.427013 2.83523 4.70375 5.05103 5.50742 7.08578 7.51625 5.58797
50.96 5.80568 8.80169 8.97868 8.84952 7.97637 7.57604 5.12754 0.39047 -1.68022 -4.46294 -9.46482 -11.2196 -9.88702 -7.07949 -4.33584 -1.48665 2.06965 4.03549 4.32366 5.00591 7.21627 7.99594 6.07881
51.01 5.94553 8.79381 8.90812 8.83437 8.24373 7.91055 5.65454 1.44711 -0.372424 -3.26073 -8.66151 -10.7946 -10.0463 -8.13838 -5.73899 -2.64241 1.26546 3.38171 3.61971 4.49718 7.25275 8.35181 6.48699
51.06 6.06126 8.70731 8.76565 8.74273 8.41166 8.13775 6.1274 2.48798 0.882338 -2.11578 -7.77651 -10.1656 -10.0064 -9.08048 -7.13711 -3.85272 0.408029 2.70203 2.92227 3.98215 7.13263 8.50353 6.7993
51.11 6.12339 8.52017 8.53686 8.57372 8.4978 8.28325 6.54642 3.49876 2.08088 -0.98526 -6.80261 -9.39824 -9.79898 -9.86335 -8.44612 -5.05673 -0.490113 1.99102 2.25313 3.4943 6.82855 8.37273 6.94162
51.16 6.09758 8.20734 8.20294 8.32069 8.51286 8.3665 6.90987 4.47564 3.24204 0.0993292 -5.79667 -8.51757 -9.42539 -10.4427 -9.58878 -6.19545 -1.41354 1.25619 1.65285 3.07535 6.37989 7.96062 6.82989
51.21 5.94759 7.74632 7.74846 7.97963 8.4654 8.40226 7.21593 5.40814 4.35805 1.11962 -4.78612 -7.55576 -8.897 -10.7866 -10.5014 -7.21885 -2.34645 0.503237 1.12534 2.70149 5.83996 7.3754 6.48661
51.26 5.6503 7.12804 7.17019 7.55381 8.35814 8.39228 7.45732 6.27562 5.40314 2.05996 -3.79066 -6.55657 -8.23972 -10.8706 -11.1286 -8.08769 -3.28957 -0.269811 0.658401 2.36684 5.256 6.69087 5.98357
51.31 5.20688 6.36365 6.48225 7.05464 8.18595 8.32438 7.62382 7.05915 6.35856 2.92397 -2.78859 -5.51417 -7.49365 -10.7335 -11.4669 -8.7841 -4.25152 -1.09642 0.19595 2.02987 4.65516 5.96887 5.38781
51.36 4.64264 5.48451 5.71483 6.49678 7.93305 8.17276 7.70031 7.74264 7.22023 3.74335 -1.71765 -4.35506 -6.66678 -10.4541 -11.5803 -9.32912 -5.23133 -2.00554 -0.331349 1.62453 4.00873 5.20871 4.72218
51.41 3.99579 4.53411 4.90574 5.89116 7.57362 7.90105 7.66408 8.3068 7.99206 4.5801 -0.539841 -3.10595 -5.77005 -10.0599 -11.5245 -9.73969 -6.1918 -2.978 -0.9488 1.11264 3.28249 4.38615 3.97915
51.46 3.29901 3.5497 4.08341 5.24132 7.08806 7.487 7.5044 8.72784 8.64596 5.44004 0.774373 -1.73136 -4.76476 -9.55188 -11.3352 -10.0363 -7.10774 -3.98646 -1.65354 0.486527 2.46164 3.48476 3.14815
51.51 2.56837 2.54653 3.25168 4.53919 6.46988 6.93091 7.22588 8.98385 9.14041 6.28277 2.21559 -0.211407 -3.55659 -8.8459 -11.0293 -10.2411 -7.98249 -5.02391 -2.44504 -0.252922 1.54902 2.50655 2.23142
51.56 1.80146 1.5157 2.39178 3.77116 5.73116 6.25691 6.84211 9.05322 9.42745 7.02962 3.74769 1.49463 -2.11137 -7.88638 -10.553 -10.331 -8.8116 -6.08994 -3.32671 -1.102 0.560005 1.46946 1.24585
51.61 0.980917 0.432904 1.47762 2.93032 4.9064 5.51172 6.37016 8.91625 9.46123 7.58182 5.30215 3.40365 -0.481852 -6.6896 -9.80952 -10.2387 -9.56036 -7.16532 -4.28803 -2.04563 -0.481604 0.398381 0.216087
51.66 0.0674917 -0.743766 0.475405 2.01003 4.03923 4.75232 5.82964 8.56959 9.22373 7.86781 6.76989 5.41158 1.26324 -5.25043 -8.70783 -9.87267 -10.1658 -8.20924 -5.30388 -3.06301 -1.55862 -0.690938 -0.837148
51.71 -1.00354 -2.07147 -0.656587 0.994348 3.16269 4.02337 5.2354 8.02909 8.73655 7.87986 8.02194 7.31531 3.00081 -3.59062 -7.16438 -9.10274 -10.5181 -9.14194 -6.31989 -4.12018 -2.66046 -1.79293 -1.89765
51.76 -2.0403 -3.46033 -2.00811 -0.200573 2.25994 3.33106 4.59392 7.3319 8.06401 7.6781 8.944 8.87312 4.56188 -1.82536 -5.19698 -7.78641 -10.4697 -9.84823 -7.2487 -5.16365 -3.7741 -2.90007 -2.94173
51.81 -2.84979 -4.54375 -3.21393 -1.48563 1.20722 2.59254 3.87718 6.51709 7.28805 7.35095 9.48558 9.91613 5.80915 -0.115128 -3.09797 -6.0608 -9.92589 -10.1904 -7.95849 -6.1006 -4.86367 -3.98837 -3.93001
51.86 -3.58214 -5.45279 -4.20605 -2.62924 0.135677 1.76393 3.06508 5.60954 6.45761 6.9516 9.69417 10.4707 6.76454 1.53771 -1.03709 -4.21102 -8.99322 -10.1245 -8.36607 -6.87035 -5.92104 -5.06586 -4.85963
51.91 -4.20465 -6.27773 -5.04391 -3.4979 -0.884504 0.776173 2.14864 4.64309 5.61762 6.50922 9.63091 10.6127 7.46556 3.16351 0.98081 -2.38046 -7.82677 -9.69428 -8.45293 -7.43849 -6.92788 -6.13878 -5.75193
51.96 -4.51264 -6.83359 -5.59647 -4.26582 -2.07371 -0.437655 1.1491 3.70544 4.84095 6.05666 9.34533 10.405 7.89839 4.73514 2.98546 -0.596015 -6.52359 -8.96534 -8.23573 -7.78126 -7.8323 -7.17691 -6.61445
52.01 -4.53504 -7.09729 -5.90321 -4.93626 -3.39993 -1.88412 0.0181382 2.79228 4.11932 5.55915 8.83831 9.88373 8.03015 6.20967 5.01074 1.16452 -5.10424 -7.9596 -7.71894 -7.8766 -8.57971 -8.13668 -7.43807
52.06 -4.36416 -7.0697 -5.96008 -5.49237 -4.78837 -3.51019 -1.26443 1.84122 3.37792 4.92656 8.07274 9.06073 7.83645 7.52755 7.01476 2.87711 -3.59283 -6.66084 -6.86258 -7.6693 -9.10874 -8.97333 -8.20577
52.11 -4.09054 -6.85131 -5.82026 -5.87476 -5.88486 -4.96651 -2.69083 0.710234 2.52757 4.08421 7.0386 7.97527 7.3488 8.59029 8.80033 4.43329 -2.0745 -5.12945 -5.64986 -7.08792 -9.33948 -9.62845 -8.88363
52.16 -3.77744 -6.33416 -5.34633 -6.0242 -6.74596 -6.0755 -4.06322 -0.549281 1.55841 3.05797 5.80663 6.72333 6.66023 9.30715 10.1823 5.73665 -0.614134 -3.48756 -4.17198 -6.14135 -9.22027 -10.0408 -9.42346
52.21 -3.40156 -5.54177 -4.55273 -5.87169 -7.39283 -6.924 -5.269 -1.81212 0.52895 1.94532 4.5014 5.42731 5.87956 9.63123 11.0908 6.79869 0.78923 -1.85831 -2.58598 -4.92541 -8.76516 -10.1753 -9.78316
52.26 -2.96453 -4.52368 -3.47923 -5.37133 -7.83673 -7.58474 -6.20861 -2.99063 -0.568125 0.811717 3.25044 4.20397 5.10443 9.59287 11.5252 7.65125 2.17907 -0.288666 -1.03178 -3.60028 -8.04912 -10.0277 -9.93309
52.31 -2.44118 -3.32877 -2.1919 -4.51898 -8.05717 -8.12826 -6.87507 -4.06812 -1.73996 -0.298618 2.12694 3.12853 4.39966 9.28123 11.5233 8.28305 3.5689 1.24797 0.456215 -2.27487 -7.16923 -9.62544 -9.86392
52.36 -1.80162 -2.00605 -0.765607 -3.36431 -8.02121 -8.58714 -7.33385 -5.0613 -3.01109 -1.39181 1.15194 2.22568 3.77788 8.76928 11.1437 8.64872 4.9089 2.78649 1.91534 -0.95575 -6.18221 -9.00944 -9.58299
52.41 -1.07556 -0.647457 0.69048 -1.96024 -7.54392 -8.77693 -7.76071 -6.14256 -4.3899 -2.46918 0.332637 1.5322 3.25123 8.11245 10.4575 8.69025 6.09902 4.31792 3.36093 0.360046 -5.1156 -8.21402 -9.09689
52.46 -0.286697 0.702758 2.13082 -0.480808 -6.71832 -8.62123 -8.07378 -7.22377 -5.84844 -3.61918 -0.399787 1.05146 2.80517 7.33505 9.54044 8.40833 7.05417 5.78087 4.77513 1.64628 -4.02903 -7.27616 -8.40908
52.51 0.535449 2.00987 3.50349 0.919324 -5.79996 -8.1793 -8.1702 -8.04014 -7.05685 -4.80754 -1.21291 0.63301 2.3459 6.44247 8.47484 7.88838 7.73324 7.07002 6.08194 2.84026 -2.98857 -6.2718 -7.55832
52.56 1.35313 3.23744 4.75026 2.18605 -4.81829 -7.48684 -8.04776 -8.65665 -7.97578 -5.86064 -2.06871 0.129058 1.79117 5.48989 7.35668 7.25283 8.15073 8.1115 7.21743 3.90457 -2.01189 -5.2588 -6.61357
52.61 2.14787 4.34674 5.751 3.21166 -3.76611 -6.56108 -7.67252 -9.08713 -8.69259 -6.74722 -2.91742 -0.460671 1.15913 4.52356 6.25884 6.597 8.35118 8.87908 8.13911 4.82441 -1.07939 -4.25799 -5.6426
52.66 2.86958 5.31038 6.54849 4.06448 -2.67812 -5.44504 -7.03759 -9.34799 -9.28734 -7.45524 -3.73476 -1.15984 0.469418 3.5953 5.23987 5.9815 8.38336 9.37736 8.82329 5.59911 -0.150445 -3.24539 -4.67512
52.71 3.49888 6.11845 7.16286 4.77049 -1.54738 -4.14636 -6.1343 -9.43143 -9.81601 -8.00318 -4.52463 -2.00315 -0.273705 2.74136 4.33989 5.43783 8.28357 9.62416 9.26043 6.23016 0.810582 -2.17461 -3.69734
52.76 4.02729 6.77737 7.63249 5.3853 -0.414998 -2.78664 -5.02124 -9.23906 -10.1591 -8.45033 -5.37344 -2.99456 -1.05844 1.97896 3.60601 4.9965 8.08529 9.64697 9.44936 6.70228 1.79087 -1.03462 -2.69213
52.81 4.45759 7.29586 7.97566 5.92841 0.693546 -1.43119 -3.80993 -8.68518 -10.1705 -8.83683 -6.36923 -4.14676 -1.90805 1.29943 3.06847 4.67235 7.81433 9.48505 9.41541 7.01241 2.75638 0.156666 -1.65627
52.86 4.79738 7.69853 8.23804 6.45315 1.81223 -0.0808323 -2.58819 -7.94859 -9.88826 -9.08635 -7.43081 -5.46266 -2.91727 0.58794 2.62929 4.37318 7.43574 9.15677 9.20088 7.19477 3.70693 1.41458 -0.549446
52.91 5.05691 8.00458 8.43725 6.96054 2.92655 1.25113 -1.31159 -7.00985 -9.36472 -9.19938 -8.49585 -6.88249 -4.07676 -0.209017 2.19144 4.0089 6.91524 8.66928 8.82713 7.25712 4.60196 2.69352 0.624504
52.96 5.24044 8.22428 8.58395 7.44273 4.0281 2.58676 -0.00660593 -5.91298 -8.60178 -9.13716 -9.45818 -8.30282 -5.30628 -1.09341 1.61205 3.48423 6.27374 8.04821 8.31031 7.18836 5.38243 3.9102 1.80728
53.01 5.36064 8.38509 8.70773 7.87472 5.06889 3.89182 1.25883 -4.74213 -7.62399 -8.81781 -10.0712 -9.50708 -6.57598 -2.11923 0.824864 2.79492 5.56246 7.34135 7.67904 6.98432 6.00343 4.97714 2.89535
53.06 5.44758 8.50395 8.79836 8.23426 6.00005 5.0702 2.40602 -3.55024 -6.45333 -8.23393 -10.393 -10.3543 -7.70037 -3.24718 -0.137985 1.97506 4.80212 6.58334 6.96364 6.65928 6.46751 5.88 3.84188
53.11 5.52284 8.60173 8.8743 8.52278 6.77977 6.056 3.39516 -2.35482 -5.11129 -7.37685 -10.483 -10.9512 -8.59969 -4.37445 -1.24287 1.04109 4.00268 5.79699 6.18789 6.23084 6.79458 6.6413 4.65551
53.16 5.60953 8.70757 8.96561 8.72835 7.37369 6.82841 4.21729 -1.18068 -3.67455 -6.26927 -10.3287 -11.3031 -9.26016 -5.47213 -2.45563 0.0233932 3.18135 5.02185 5.39028 5.73166 7.01061 7.27333 5.33483
53.21 5.74207 8.78463 8.98945 8.83127 7.82114 7.3854 4.87258 -0.0830316 -2.27903 -5.01592 -9.78149 -11.3195 -9.74453 -6.58951 -3.73636 -1.00567 2.41041 4.32586 4.6407 5.22782 7.16629 7.79527 5.87276
53.26 5.885 8.80569 8.94734 8.8504 8.13861 7.77735 5.4284 0.980778 -0.944673 -3.78464 -9.02902 -11.0128 -10.002 -7.6801 -5.11228 -2.11988 1.6287 3.67317 3.93066 4.72414 7.25226 8.21365 6.31564
53.31 6.01464 8.75651 8.83825 8.79252 8.3482 8.0486 5.92456 2.03014 0.33419 -2.62063 -8.18095 -10.4633 -10.0451 -8.67988 -6.52383 -3.31367 0.79393 3.00736 3.22998 4.20968 7.20834 8.46721 6.67588
53.36 6.10447 8.61694 8.6499 8.65842 8.46894 8.22759 6.36757 3.05479 1.55498 -1.48165 -7.24016 -9.75362 -9.91151 -9.53934 -7.88252 -4.52807 -0.088303 2.30919 2.5431 3.70374 6.98463 8.46789 6.90592
53.41 6.12223 8.36295 8.36485 8.44336 8.51421 8.33612 6.75582 4.04758 2.73221 -0.374372 -6.24444 -8.91972 -9.61028 -10.2127 -9.10707 -5.70274 -1.00271 1.58547 1.91069 3.25296 6.59119 8.17115 6.91218
53.46 6.03123 7.96973 7.9651 8.14142 8.49369 8.39179 7.08783 5.00184 3.87099 0.677132 -5.2325 -7.9891 -9.14908 -10.6654 -10.1293 -6.78216 -1.93206 0.838318 1.34983 2.86154 6.08817 7.65163 6.66248
53.51 5.80065 7.42104 7.44102 7.75219 8.41306 8.40283 7.35909 5.90086 4.95039 1.65318 -4.2296 -7.00063 -8.54322 -10.865 -10.8882 -7.72405 -2.87011 0.0768293 0.860574 2.51204 5.51679 7.00068 6.22079
53.56 5.42021 6.71869 6.79881 7.28365 8.27056 8.36238 7.5595 6.72325 5.94842 2.55262 -3.23844 -5.99517 -7.8377 -10.813 -11.3472 -8.49411 -3.82088 -0.719828 0.406068 2.18441 4.92492 6.29243 5.66054
53.61 4.90504 5.88534 6.06208 6.75022 8.05662 8.25271 7.67922 7.45343 6.84902 3.38046 -2.20289 -4.87877 -7.04031 -10.5931 -11.5541 -9.10562 -4.79749 -1.59324 -0.0871393 1.81585 4.3032 5.5515 5.0256
53.66 4.29011 4.96112 5.26696 6.16474 7.74734 8.03799 7.69499 8.07305 7.66256 4.20586 -1.07717 -3.6721 -6.17777 -10.2477 -11.5667 -9.57254 -5.77047 -2.54108 -0.663801 1.35375 3.61569 4.75973 4.31864
53.71 3.61229 3.98831 4.44832 5.53477 7.31937 7.68845 7.59041 8.56063 8.37357 5.0579 0.17455 -2.35881 -5.22655 -9.79192 -11.4346 -9.91798 -6.70822 -3.53649 -1.33101 0.777828 2.83701 3.89401 3.52722
53.76 2.89608 2.99347 3.62226 4.85763 6.75976 7.19361 7.36289 8.89174 8.94361 5.9158 1.56446 -0.90109 -4.1274 -9.19543 -11.1778 -10.1592 -7.59786 -4.55933 -2.08242 0.0893294 1.96446 2.94883 2.64742
53.81 2.14633 1.97689 2.77763 4.11999 6.07137 6.56738 7.02404 9.04707 9.32932 6.71706 3.06096 0.711851 -2.77666 -8.34007 -10.7915 -10.3092 -8.45168 -5.61506 -2.92546 -0.713164 1.00602 1.9345 1.68937
53.86 1.35294 0.921217 1.89119 3.31202 5.27946 5.84685 6.58872 9.00295 9.47948 7.36703 4.61712 2.53691 -1.22334 -7.24959 -10.1773 -10.3067 -9.24128 -6.68938 -3.85322 -1.61687 -0.0148176 0.875882 0.67629
53.91 0.487211 -0.207517 0.932739 2.42817 4.42594 5.08692 6.07624 8.74833 9.36197 7.77618 6.13858 4.52123 0.482641 -5.91746 -9.24586 -10.0758 -9.92084 -7.75457 -4.8497 -2.60492 -1.07783 -0.206555 -0.368677
53.96 -0.504826 -1.46094 -0.136429 1.45746 3.55085 4.34083 5.50473 8.29067 8.98012 7.90596 7.50206 6.50004 2.24151 -4.34979 -7.90608 -9.50254 -10.4017 -8.749 -5.87443 -3.64957 -2.16962 -1.30317 -1.42791
54.01 -1.63221 -2.88386 -1.38569 0.364816 2.67397 3.63737 4.88402 7.65605 8.37817 7.78725 8.58237 8.24225 3.90584 -2.6056 -6.10444 -8.43839 -10.5512 -9.57266 -6.85609 -4.70883 -3.28173 -2.41075 -2.484
54.06 -2.50392 -4.0956 -2.71356 -0.92058 1.68773 2.92735 4.20473 6.89057 7.64082 7.50713 9.29069 9.51847 5.29566 -0.863598 -4.02801 -6.85547 -10.2241 -10.0888 -7.67773 -5.7032 -4.38476 -3.50864 -3.50023
54.11 -3.26529 -5.06094 -3.78553 -2.15722 0.599954 2.14747 3.43887 6.0217 6.8296 7.13515 9.63859 10.2805 6.3742 0.810145 -1.94247 -5.03206 -9.443 -10.2021 -8.22506 -6.55251 -5.45694 -4.58872 -4.4537
54.16 -3.949 -5.9244 -4.69782 -3.1428 -0.429238 1.23649 2.56496 5.07473 5.98736 6.70903 9.68926 10.5963 7.1859 2.44631 0.0891233 -3.18679 -8.3649 -9.92515 -8.45272 -7.21277 -6.49045 -5.66498 -5.36005
54.21 -4.43182 -6.61949 -5.37328 -3.93222 -1.5283 0.127601 1.60376 4.11305 5.17402 6.25769 9.4974 10.537 7.74205 4.04906 2.09752 -1.38143 -7.11437 -9.32147 -8.36783 -7.65815 -7.44791 -6.72418 -6.23647
54.26 -4.54963 -7.01902 -5.80068 -4.65311 -2.79867 -1.21649 0.537622 3.19816 4.43682 5.79066 9.09244 10.1524 8.0111 5.57126 4.10988 0.389326 -5.74652 -8.44109 -7.98621 -7.86683 -8.2711 -7.7237 -7.07888
54.31 -4.46192 -7.1139 -5.96286 -5.26218 -4.17995 -2.77458 -0.674908 2.27183 3.7134 5.2288 8.44564 9.46138 7.96232 6.96849 6.1389 2.12777 -4.27059 -7.27155 -7.28702 -7.80341 -8.90593 -8.62104 -7.87403
54.36 -4.21643 -6.97194 -5.9111 -5.72919 -5.43677 -4.37337 -2.05955 1.23591 2.92265 4.48516 7.52737 8.48332 7.59586 8.15778 8.05146 3.77279 -2.7409 -5.82796 -6.22689 -7.39308 -9.27824 -9.36458 -8.5975
54.41 -3.92497 -6.60038 -5.59727 -5.99101 -6.39233 -5.62114 -3.46893 0.0159649 1.99781 3.52891 6.36924 7.29065 6.98284 9.03645 9.6267 5.19183 -1.25385 -4.22155 -4.84974 -6.60007 -9.31668 -9.89123 -9.2044
54.46 -3.57515 -5.92344 -4.94177 -5.97998 -7.13106 -6.57555 -4.76412 -1.26076 0.994073 2.44501 5.07896 5.99857 6.23005 9.53634 10.7477 6.35449 0.173134 -2.57094 -3.29089 -5.48848 -9.00412 -10.1501 -9.64785
54.51 -3.16672 -4.99924 -3.98557 -5.63751 -7.66599 -7.31042 -5.82753 -2.48093 -0.0746972 1.31213 3.7921 4.73087 5.44173 9.64903 11.3895 7.29935 1.56249 -0.978126 -1.71166 -4.19068 -8.39153 -10.1265 -9.89348
54.56 -2.68607 -3.8767 -2.78344 -4.93771 -7.98935 -7.89865 -6.61064 -3.60277 -1.2094 0.189972 2.60623 3.58402 4.70113 9.44722 11.5743 8.03251 2.95509 0.569002 -0.196419 -2.85982 -7.57385 -9.83181 -9.92089
54.61 -2.10035 -2.6046 -1.41045 -3.9085 -8.06994 -8.39428 -7.15056 -4.63028 -2.4365 -0.907479 1.56725 2.60399 4.04394 9.01765 11.3544 8.52357 4.32672 2.103 1.26965 -1.5413 -6.63205 -9.30607 -9.73234
54.66 -1.40362 -1.24714 0.0474787 -2.60783 -7.83036 -8.73417 -7.56528 -5.64342 -3.76697 -1.99552 0.673817 1.80816 3.46939 8.41687 10.7934 8.71381 5.59764 3.64463 2.72417 -0.218945 -5.59177 -8.58524 -9.33725
54.71 -0.643487 0.106965 1.49779 -1.13102 -7.10211 -8.73054 -7.96441 -6.78044 -5.20296 -3.08441 -0.0719155 1.24493 2.99795 7.69486 9.97041 8.56929 6.66347 5.14697 4.15543 1.08226 -4.50971 -7.70555 -8.73678
54.76 0.170333 1.43885 2.90586 0.310761 -6.21487 -8.40743 -8.15263 -7.70461 -6.56291 -4.29497 -0.843713 0.827352 2.5597 6.84765 8.95816 8.13974 7.46649 6.52641 5.52118 2.3261 -3.44128 -6.7202 -7.95092
54.81 0.989117 2.7047 4.22737 1.65664 -5.26423 -7.82561 -8.13216 -8.40709 -7.59843 -5.41305 -1.68803 0.362381 2.04799 5.91664 7.85341 7.54156 7.99544 7.6832 6.73867 3.45037 -2.43732 -5.70611 -7.03839
54.86 1.80303 3.87261 5.33482 2.78111 -4.23709 -6.99538 -7.87018 -8.91845 -8.39491 -6.3766 -2.54457 -0.187797 1.44713 4.94985 6.73848 6.88529 8.28572 8.57289 7.75902 4.43492 -1.48951 -4.70054 -6.07276
54.91 2.55989 4.90213 6.22024 3.70913 -3.16683 -5.9689 -7.35335 -9.25059 -9.03297 -7.16227 -3.37614 -0.83346 0.782269 3.9994 5.67872 6.24677 8.38716 9.18868 8.55003 5.27314 -0.564962 -3.69901 -5.10361
54.96 3.23227 5.77947 6.91019 4.47086 -2.05106 -4.73533 -6.56448 -9.41971 -9.58994 -7.77919 -4.17821 -1.61103 0.0614954 3.10857 4.72189 5.6685 8.34215 9.54437 9.09755 5.96882 0.380093 -2.65851 -4.13347
55.01 3.80543 6.50347 7.44242 5.12531 -0.911287 -3.38839 -5.53645 -9.38268 -10.0513 -8.2519 -4.97209 -2.5373 -0.710652 2.30044 3.90436 5.17464 8.18135 9.66142 9.39585 6.51502 1.35901 -1.54422 -3.13915
55.06 4.27859 7.08188 7.83561 5.69198 0.202089 -2.03116 -4.34805 -8.95652 -10.2058 -8.68217 -5.91604 -3.61408 -1.51429 1.59894 3.28768 4.8066 7.94503 9.5778 9.45465 6.89222 2.32932 -0.380003 -2.12226
55.11 4.65728 7.53288 8.13011 6.22208 1.31577 -0.677317 -3.1336 -8.29791 -10.0448 -8.99208 -6.9561 -4.86248 -2.44953 0.911925 2.81879 4.5091 7.61918 9.322 9.31622 7.12848 3.28943 0.850646 -1.0497
55.16 4.95119 7.88019 8.35656 6.73893 2.43424 0.661813 -1.8814 -7.44697 -9.62665 -9.16908 -8.02947 -6.24662 -3.54794 0.155436 2.38941 4.18229 7.16454 8.90431 9.01158 7.24487 4.21607 2.12936 0.0988714
55.21 5.16871 8.13654 8.52346 7.23187 3.54222 1.99407 -0.586537 -6.41488 -8.96772 -9.19065 -9.06045 -7.68143 -4.75576 -0.689137 1.89952 3.74321 6.56816 8.33628 8.55498 7.23546 5.05424 3.38464 1.28779
55.26 5.31325 8.3197 8.65636 7.69157 4.61833 3.3236 0.709339 -5.26458 -8.08128 -8.99122 -9.84112 -9.02526 -6.02287 -1.64379 1.1981 3.11736 5.88423 7.66221 7.97048 7.09054 5.74869 4.526 2.43074
55.31 5.41146 8.45538 8.76211 8.08409 5.60397 4.56922 1.91545 -4.07973 -6.9943 -8.52529 -10.2813 -10.0152 -7.22725 -2.74298 0.307567 2.35333 5.14437 6.92387 7.28926 6.81694 6.27984 5.49854 3.43942
55.36 5.48958 8.55817 8.8382 8.40462 6.4573 5.64519 2.9789 -2.88389 -5.72764 -7.79324 -10.4694 -10.7115 -8.23066 -3.87912 -0.737139 1.46791 4.36093 6.14732 6.53732 6.43199 6.66511 6.32013 4.31076
55.41 5.56766 8.65938 8.9248 8.64771 7.13253 6.51366 3.87394 -1.69336 -4.31054 -6.78368 -10.4343 -11.1955 -8.99381 -4.98051 -1.90776 0.478961 3.54349 5.35797 5.74086 5.95655 6.92514 7.00896 5.05225
55.46 5.68023 8.75678 8.98798 8.79693 7.64036 7.16283 4.59894 -0.562517 -2.8903 -5.57603 -10.0607 -11.3543 -9.55631 -6.09504 -3.15762 -0.54356 2.74797 4.62468 4.96559 5.44981 7.10325 7.57526 5.64866
55.51 5.82196 8.8039 8.97356 8.85145 8.01244 7.62066 5.19088 0.511763 -1.52803 -4.32223 -9.37831 -11.1838 -9.91596 -7.20403 -4.49297 -1.61367 1.9808 3.96141 4.24283 4.9484 7.22605 8.04346 6.12884
55.56 5.96032 8.78807 8.89542 8.82751 8.26748 7.94144 5.71122 1.56687 -0.226604 -3.12787 -8.56433 -10.7313 -10.0507 -8.25247 -5.9003 -2.77875 1.17032 3.30594 3.53981 4.43833 7.24769 8.38063 6.5278
55.61 6.07154 8.69132 8.74397 8.72721 8.42527 8.15811 6.17802 2.60485 1.02132 -1.98528 -7.66829 -10.0844 -9.99099 -9.17859 -7.29236 -3.99142 0.307445 2.62248 2.8438 3.92418 7.10679 8.5033 6.82547
55.66 6.12549 8.49116 8.50418 8.54895 8.50274 8.29554 6.59082 3.61215 2.21525 -0.858795 -6.68875 -9.30269 -9.76419 -9.94002 -8.58593 -5.19081 -0.594266 1.90866 2.18099 3.44278 6.78321 8.33814 6.94194
55.71 6.08725 8.16244 8.15717 8.28599 8.51029 8.37276 6.94784 4.58468 3.37215 0.219456 -5.681 -8.41097 -9.37236 -10.4942 -9.70548 -6.3186 -1.51938 1.1711 1.58908 3.03079 6.32221 7.90061 6.80043
55.76 5.92126 7.68364 7.68847 7.93495 8.45599 8.40345 7.24695 5.51088 4.48138 1.23101 -4.67165 -7.44258 -8.82728 -10.809 -10.5879 -7.32629 -2.45323 0.416718 1.06996 2.66196 5.77451 7.30033 6.43525
55.81 5.60676 7.04775 7.09668 7.50008 8.3417 8.38761 7.48021 6.36956 5.51713 2.16256 -3.67785 -6.44211 -8.15877 -10.8638 -11.1805 -8.17526 -3.39775 -0.360234 0.607164 2.32999 5.18863 6.60977 5.91899
55.86 5.14789 6.26836 6.39792 6.99355 8.16144 8.3119 7.63756 7.14255 6.46124 3.01797 -2.67061 -5.38627 -7.40215 -10.7079 -11.49 -8.85359 -4.3629 -1.19586 0.140134 1.98831 4.58455 5.88433 5.31502
55.91 4.57228 5.37886 5.62388 6.42979 7.89766 8.14823 7.7021 7.81342 7.31319 3.83742 -1.58948 -4.21755 -6.56834 -10.4143 -11.5811 -9.38194 -5.34219 -2.11353 -0.396842 1.57216 3.93061 5.11848 4.64135
55.96 3.91833 4.42302 4.81222 5.81917 7.52466 7.86104 7.65204 8.3625 8.07342 4.67743 -0.397185 -2.95641 -5.66165 -10.0077 -11.509 -9.77867 -6.29854 -3.09138 -1.02469 1.04718 3.19388 4.28746 3.88873
56.01 3.21729 3.43626 3.98922 5.16405 7.02404 7.43029 7.47821 8.76556 8.71116 5.53824 0.933261 -1.56452 -4.64092 -9.48548 -11.3049 -10.0628 -7.20849 -4.10265 -1.73885 0.40835 2.36237 3.37705 3.04771
56.06 2.48289 2.43067 3.15541 4.455 6.39108 6.85912 7.18699 9.00158 9.18467 6.37468 2.38648 -0.0278379 -3.40224 -8.74799 -10.9853 -10.258 -8.07963 -5.14414 -2.541 -0.344277 1.43982 2.39089 2.12205
56.11 1.71111 1.39547 2.2908 3.67896 5.64049 6.17429 6.79218 9.04809 9.4447 7.10424 3.92562 1.70295 -1.93405 -7.76193 -10.4829 -10.3305 -8.90144 -6.21231 -3.43237 -1.20491 0.443723 1.34882 1.13028
56.16 0.882463 0.304442 1.36849 2.82952 4.80875 5.42463 6.31142 8.88698 9.44775 7.6287 5.47628 3.6307 -0.286894 -6.53763 -9.70342 -10.2124 -9.63778 -7.28678 -4.40165 -2.15824 -0.602674 0.275098 0.0969711
56.21 -0.0452346 -0.886397 0.353686 1.8994 3.93924 4.66695 5.76421 8.51705 9.17985 7.88245 6.92604 5.63837 1.46445 -5.07147 -8.55512 -9.80741 -10.2207 -8.32276 -5.42087 -3.18216 -1.68297 -0.815806 -0.957856
56.26 -1.13885 -2.2349 -0.7957 0.871441 3.06278 3.94287 5.16415 7.95606 8.6672 7.86574 8.1456 7.51532 3.19173 -3.39015 -6.95832 -8.98247 -10.5351 -9.23582 -6.43193 -4.24109 -2.78725 -1.91918 -2.01812
56.31 -2.13877 -3.59821 -2.15982 -0.347532 2.14692 3.24989 4.51616 7.24415 7.97941 7.64571 9.02458 9.01872 4.72033 -1.62664 -4.95897 -7.60403 -10.4316 -9.90696 -7.34256 -5.27719 -3.89981 -3.02516 -3.05759
56.36 -2.93643 -4.65313 -3.33558 -1.6281 1.082 2.50401 3.78995 6.41776 7.19516 7.30819 9.52484 10.0027 5.93189 0.0754465 -2.85992 -5.8515 -9.8354 -10.2026 -8.02069 -6.19742 -4.98582 -4.11135 -4.03856
56.41 -3.66073 -5.55159 -4.31012 -2.74137 0.0186977 1.66019 2.96518 5.50114 6.36113 6.90271 9.69955 10.5064 6.85703 1.72416 -0.805701 -4.00024 -8.86924 -10.092 -8.39141 -6.94541 -6.03891 -5.18858 -4.96284
56.46 -4.26377 -6.3598 -5.11684 -3.58546 -1.01112 0.649366 2.03929 4.53256 5.5242 6.45731 9.60861 10.6056 7.52918 3.34659 1.20982 -2.17436 -7.68344 -9.62455 -8.44252 -7.48896 -7.03717 -6.25973 -5.8519
56.51 -4.52545 -6.87971 -5.64556 -4.34816 -2.21892 -0.591119 1.02768 3.60139 4.7571 6.00361 9.29909 10.3609 7.92919 4.90888 3.21481 -0.394041 -6.3674 -8.86454 -8.19165 -7.80467 -7.92613 -7.291 -6.71058
56.56 -4.525 -7.10807 -5.92182 -5.00589 -3.55786 -2.06225 -0.120342 2.68673 4.03705 5.49531 8.76448 9.8047 8.02452 6.36933 5.24274 1.36299 -4.9356 -7.82581 -7.63881 -7.8691 -8.65206 -8.23911 -7.52887
56.61 -4.33549 -7.05303 -5.95398 -5.54516 -4.93069 -3.69917 -1.42649 1.72407 3.28877 4.84227 7.96786 8.9487 7.79415 7.66369 7.23425 3.06575 -3.41753 -6.4951 -6.7407 -7.62191 -9.15106 -9.05825 -8.28857
56.66 -4.0585 -6.80849 -5.78378 -5.90492 -5.99443 -5.10862 -2.85211 0.570419 2.42168 3.97454 6.90576 7.83846 7.27816 8.69066 8.98049 4.59529 -1.90489 -4.94557 -5.4916 -6.99636 -9.34329 -9.68845 -8.95308
56.71 -3.73752 -6.25669 -5.27157 -6.02343 -6.8303 -6.18408 -4.2115 -0.695497 1.44355 2.93372 5.65871 6.57522 6.57371 9.36399 10.3101 5.86874 -0.451006 -3.29785 -3.9931 -6.01383 -9.18356 -10.0696 -9.47396
56.76 -3.3552 -5.43608 -4.44344 -5.83286 -7.45402 -7.00755 -5.39051 -1.95145 0.406839 1.81568 4.35415 5.28216 5.78906 9.64336 11.1637 6.90641 0.947398 -1.67681 -2.40532 -4.77607 -8.69401 -10.1719 -9.81103
56.81 -2.91013 -4.3954 -3.34173 -5.29136 -7.87382 -7.65165 -6.29783 -3.1186 -0.697358 0.683722 3.11498 4.0729 5.01966 9.56909 11.5457 7.73493 2.3379 -0.112517 -0.859038 -3.44795 -7.95476 -9.99309 -9.93575
56.86 -2.37478 -3.18348 -2.03497 -4.40122 -8.06645 -8.18484 -6.93631 -4.18525 -1.87989 -0.423666 2.0085 3.01677 4.32471 9.23171 11.4976 8.33922 3.72558 1.42261 0.623095 -2.12446 -7.06111 -9.56446 -9.8417
56.91 -1.7217 -1.85008 -0.597942 -3.21614 -7.99813 -8.6301 -7.37839 -5.17321 -3.16237 -1.51658 1.04917 2.13413 3.71168 8.69995 11.0789 8.67044 5.05438 2.96259 2.08135 -0.804444 -6.06242 -8.92617 -9.53715
56.96 -0.989265 -0.493037 0.856123 -1.79074 -7.45933 -8.77674 -7.80713 -6.27372 -4.55384 -2.59246 0.248396 1.46847 3.19791 8.03004 10.3631 8.67331 6.2206 4.48937 3.52404 0.508314 -4.99197 -8.11293 -9.02739
57.01 -0.19407 0.854768 2.29165 -0.31604 -6.61679 -8.58425 -8.09521 -7.32853 -6.00412 -3.75854 -0.487991 1.00438 2.75549 7.23817 9.42431 8.3585 7.14552 5.93844 4.93112 1.78833 -3.90688 -7.16292 -8.31822
57.06 0.628545 2.15422 3.65441 1.07306 -5.69133 -8.1127 -8.16794 -8.12022 -7.17464 -4.93521 -1.30942 0.579884 2.2875 6.33608 8.3483 7.81939 7.79308 7.20189 6.22086 2.96842 -2.87421 -6.15571 -7.45307
57.11 1.446 3.37071 4.87601 2.31352 -4.70068 -7.39163 -8.01774 -8.71488 -8.06636 -5.97076 -2.16658 0.0664379 1.72258 5.37934 7.22908 7.1774 8.18325 8.21268 7.33376 4.01672 -1.90414 -5.14411 -6.50262
57.16 2.23389 4.46401 5.85177 3.31729 -3.64393 -6.44365 -7.61341 -9.12494 -8.7651 -6.83695 -3.01238 -0.53416 1.08326 4.41493 6.13764 6.52378 8.3622 8.94891 8.22921 4.91984 -0.974332 -4.14405 -5.5317
57.21 2.94598 5.41023 6.62681 4.15085 -2.55054 -5.30327 -6.94716 -9.36751 -9.35092 -7.5257 -3.82638 -1.24852 0.387152 3.49354 5.13052 5.91528 8.37776 9.41748 8.88556 5.67835 -0.0429009 -3.12704 -4.56444
57.26 3.56395 6.20075 7.22333 4.84499 -1.41717 -3.99212 -6.01632 -9.42751 -9.87193 -8.0566 -4.61315 -2.10874 -0.361789 2.64938 4.24607 5.38098 8.26464 9.63695 9.29419 6.29246 0.922365 -2.0475 -3.5839
57.31 4.08094 6.84298 7.67686 5.44941 -0.288445 -2.63188 -4.88443 -9.18781 -10.177 -8.50067 -5.48167 -3.11703 -1.1491 1.89983 3.53612 4.95486 8.05825 9.63698 9.45552 6.74483 1.90112 -0.90243 -2.57663
57.36 4.50048 7.34696 8.00902 5.98876 0.820501 -1.27679 -3.67135 -8.60967 -10.1517 -8.87217 -6.48824 -4.28944 -2.01467 1.22145 3.01552 4.63882 7.77713 9.4555 9.39919 7.03902 2.86576 0.296846 -1.53426
57.41 4.83065 7.73786 8.26373 6.5121 1.9397 0.0715655 -2.44473 -7.85062 -9.84058 -9.10686 -7.55381 -5.62105 -3.04284 0.501726 2.58064 4.33614 7.3838 9.1088 9.16578 7.20783 3.81263 1.56051 -0.418505
57.46 5.08164 8.03354 8.45594 7.01645 3.05264 1.40276 -1.16414 -6.89222 -9.28933 -9.20144 -8.61343 -7.0468 -4.21603 -0.305672 2.13907 3.96069 6.84595 8.60362 8.77444 7.25572 4.69747 2.83672 0.760124
57.51 5.25655 8.24479 8.59908 7.49528 4.1509 2.73883 0.141579 -5.78151 -8.50042 -9.11384 -9.54576 -8.45891 -5.4526 -1.20192 1.5323 3.41281 6.19554 7.97092 8.24319 7.17145 5.46133 4.04022 1.93772
57.56 5.37155 8.40018 8.71952 7.91938 5.18149 4.03429 1.39662 -4.60688 -7.49975 -8.76444 -10.1208 -9.61923 -6.71386 -2.24525 0.723131 2.70775 5.47801 7.25686 7.60096 6.9527 6.06351 5.08752 3.00999
57.61 5.45628 8.51523 8.80652 8.27057 6.09748 5.19313 2.52748 -3.41375 -6.30872 -8.15036 -10.414 -10.4332 -7.81495 -3.37708 -0.257174 1.87408 4.71273 6.49456 6.87755 6.61496 6.51093 5.97314 3.94083
57.66 5.53159 8.61297 8.88385 8.55018 6.85664 6.15506 3.49709 -2.21891 -4.94884 -7.26098 -10.4789 -11.0067 -8.68661 -4.50008 -1.37672 0.92837 3.90973 5.70656 6.09658 6.17607 6.82367 6.71936 4.7397
57.71 5.62282 8.71874 8.9723 8.74475 7.43164 6.90231 4.29963 -1.05211 -3.51258 -6.13014 -10.2841 -11.3214 -9.32502 -5.5996 -2.59776 -0.0925719 3.09095 4.9382 5.30164 5.67348 7.03036 7.33713 5.40208
57.76 5.75826 8.78986 8.98746 8.8371 7.86324 7.43728 4.93979 0.0393052 -2.12361 -4.87239 -9.7027 -11.2994 -9.78545 -6.71625 -3.88874 -1.12743 2.32338 4.25062 4.55846 5.17058 7.18016 7.84824 5.92678
57.81 5.90082 8.80381 8.93817 8.84732 8.16736 7.8137 5.48765 1.10106 -0.796322 -3.6483 -8.93561 -10.9605 -10.0171 -7.79996 -5.27322 -2.25295 1.53638 3.59868 3.85059 4.66587 7.25472 8.25191 6.36059
57.86 6.02742 8.74545 8.82074 8.78069 8.36577 8.07304 5.97783 2.14881 0.477044 -2.49143 -8.07978 -10.3887 -10.0376 -8.78535 -6.6828 -3.45209 0.695639 2.9296 3.15063 4.15093 7.19222 8.48102 6.70948
57.91 6.11072 8.59414 8.6224 8.63779 8.47742 8.243 6.41461 3.16968 1.69109 -1.35295 -7.12801 -9.66404 -9.88537 -9.62626 -8.03038 -4.66508 -0.191091 2.22786 2.46738 3.64867 6.94738 8.44849 6.91888
57.96 6.118 8.3255 8.32516 8.41309 8.51471 8.34465 6.79644 4.15848 2.86418 -0.251283 -6.12926 -8.8176 -9.56522 -10.2759 -9.23499 -5.83152 -1.10823 1.5013 1.84317 3.20694 6.53868 8.11969 6.89484
58.01 6.01235 7.91512 7.91149 8.10109 8.48716 8.39505 7.12185 5.10751 3.99762 0.792611 -5.1172 -7.87819 -9.08645 -10.7012 -10.2301 -6.89724 -2.03846 0.752485 1.29089 2.8196 6.02546 7.58261 6.61989
58.06 5.76471 7.34843 7.37333 7.70229 8.39975 8.40083 7.3856 5.99879 5.06854 1.75933 -4.11632 -6.88615 -8.46631 -10.8709 -10.9557 -7.82095 -2.97773 -0.0114601 0.808271 2.47459 5.44996 6.92142 6.16102
58.11 5.36769 6.62963 6.71887 7.22561 8.2498 8.35364 7.57739 6.81141 6.05592 2.64963 -3.12386 -5.87411 -7.75062 -10.7949 -11.3822 -8.57143 -3.93099 -0.814909 0.35329 2.14594 4.8563 6.20959 5.59114
58.16 4.83917 5.78368 5.97355 6.6857 8.02638 8.23393 7.68646 7.52987 6.94613 3.47365 -2.0798 -4.74536 -6.94499 -10.5592 -11.564 -9.16564 -4.90924 -1.69785 -0.148085 1.76878 4.22896 5.46426 4.94852
58.21 4.21534 4.85195 5.17422 6.09495 7.70464 8.00506 7.68909 8.1356 7.74932 4.30162 -0.941383 -3.52843 -6.07437 -10.201 -11.558 -9.61752 -5.87954 -2.6526 -0.735257 1.29411 3.53191 4.66506 4.23266
58.26 3.53224 3.87573 4.35442 5.45998 7.26209 7.63905 7.5703 8.60648 8.4464 5.15623 0.326222 -2.20032 -5.11026 -9.73222 -11.411 -9.95014 -6.81189 -3.65175 -1.41232 0.705153 2.74235 3.79024 3.43119
58.31 2.81231 2.87886 3.52725 4.77675 6.68733 7.12813 7.32938 8.91855 8.99775 6.01151 1.73002 -0.726831 -3.98516 -9.11003 -11.1419 -10.1818 -7.69739 -4.67815 -2.17383 0.0036027 1.85933 2.83639 2.54175
58.36 2.05838 1.85899 2.67916 4.03146 5.98546 6.48884 6.97867 9.05217 9.359 6.80066 3.23677 0.909163 -2.60917 -8.22754 -10.7342 -10.3174 -8.54532 -5.73683 -3.02702 -0.811192 0.892534 1.81573 1.57623
58.41 1.25862 0.797037 1.7862 3.21516 5.18429 5.7609 6.53355 8.98428 9.47968 7.42706 4.79439 2.75719 -1.03526 -7.10995 -10.0884 -10.2932 -9.3253 -6.812 -3.96379 -1.72555 -0.13403 0.753566 0.558495
58.46 0.381747 -0.342995 0.817255 2.32219 4.32657 5.00016 6.01353 8.70574 9.33104 7.80497 6.30442 4.7511 0.682855 -5.75017 -9.11502 -10.0298 -9.98751 -7.87295 -4.96613 -2.72176 -1.20092 -0.330793 -0.488876
58.51 -0.629206 -1.61447 -0.267299 1.34037 3.45083 4.25813 5.43612 8.22627 8.9211 7.90357 7.64151 6.71504 2.43906 -4.15777 -7.72384 -9.40859 -10.4379 -8.85348 -5.99008 -3.77051 -2.29547 -1.42886 -1.54876
58.56 -1.74215 -3.03887 -1.55035 0.22035 2.5714 3.55985 4.81095 7.57485 8.29925 7.76157 8.68267 8.41434 4.08065 -2.40393 -5.8742 -8.27916 -10.5393 -9.64971 -6.96064 -4.82757 -3.40886 -2.53698 -2.60266
58.61 -2.59449 -4.21506 -2.84692 -1.0672 1.56547 2.84234 4.12183 6.79598 7.5509 7.46814 9.34716 9.63021 5.43342 -0.669836 -3.78807 -6.65387 -10.1548 -10.1222 -7.75518 -5.80832 -4.50857 -3.63237 -3.61199
58.66 -3.34822 -5.16315 -3.89639 -2.2843 0.478816 2.05154 3.34474 5.91681 6.73403 7.0885 9.65789 10.3373 6.47933 0.997772 -1.70842 -4.8202 -9.33158 -10.1887 -8.26704 -6.63784 -5.57711 -4.71154 -4.55896
58.71 -4.01805 -6.01762 -4.79359 -3.23804 -0.543556 1.12202 2.45904 4.96369 5.8913 6.65774 9.67827 10.607 7.2625 2.63136 0.318737 -2.97835 -8.22885 -9.871 -8.45802 -7.27468 -6.60456 -5.78736 -5.46144
58.76 -4.45813 -6.67945 -5.43534 -4.02014 -1.66591 -0.0133215 1.48901 4.00723 5.0867 6.20605 9.46182 10.5086 7.78754 4.22708 2.32566 -1.17881 -6.96415 -9.23424 -8.33866 -7.69388 -7.54942 -6.84203 -6.3345
58.81 -4.54963 -7.04492 -5.83193 -4.7281 -2.95159 -1.38452 0.406712 3.09409 4.35496 5.73291 9.03132 10.0886 8.02185 5.73791 4.34132 0.589603 -5.58291 -8.32218 -7.92278 -7.87406 -8.35406 -7.8321 -7.1724
58.86 -4.43958 -7.10639 -5.96567 -5.32475 -4.34211 -2.96269 -0.821664 2.16355 3.62833 5.15439 8.35445 9.36318 7.93555 7.11634 6.36697 2.32263 -4.09686 -7.11911 -7.18411 -7.77509 -8.96303 -8.71478 -7.961
58.91 -4.18399 -6.94598 -5.89394 -5.7709 -5.55679 -4.5332 -2.22258 1.10359 2.82349 4.38573 7.40553 8.35589 7.53624 8.27494 8.25113 3.94746 -2.5682 -5.65046 -6.08338 -7.32099 -9.29999 -9.43669 -8.67368
58.96 -3.8883 -6.53704 -5.53864 -6.00497 -6.48774 -5.74364 -3.62454 -0.128885 1.88592 3.40965 6.22628 7.14575 6.90169 9.11304 9.77833 5.33691 -1.08822 -4.0331 -4.67755 -6.48665 -9.29779 -9.93473 -9.26421
59.01 -3.53165 -5.82947 -4.84696 -5.9584 -7.20229 -6.66942 -4.89921 -1.4043 0.876036 2.3173 4.92952 5.8504 6.13986 9.56753 10.8447 6.47264 0.33203 -2.38628 -3.10878 -5.34556 -8.94723 -10.1615 -9.68656
59.06 -3.11626 -4.88019 -3.85942 -5.57565 -7.71401 -7.38372 -5.9312 -2.61418 -0.200493 1.18294 3.65047 4.59257 5.35354 9.63966 11.4324 7.39371 1.72093 -0.799893 -1.53505 -4.03826 -8.30601 -10.1054 -9.90764
59.11 -2.62537 -3.73814 -2.63387 -4.83576 -8.01147 -7.95948 -6.68328 -3.72441 -1.34411 0.0638046 2.48003 3.46352 4.62178 9.40804 11.5681 8.1014 3.11344 0.74377 -0.0275516 -2.70856 -7.47101 -9.78201 -9.90983
59.16 -2.02608 -2.45216 -1.24606 -3.77287 -8.06225 -8.44565 -7.20063 -4.74269 -2.58289 -1.0319 1.45819 2.50336 3.97409 8.95653 11.3059 8.56131 4.4785 2.27851 1.43599 -1.3907 -6.51809 -9.23236 -9.69693
59.21 -1.32082 -1.0928 0.21301 -2.44336 -7.76427 -8.75128 -7.61713 -5.77025 -3.92546 -2.1171 0.583527 1.73267 3.41125 8.34038 10.7111 8.71367 5.73053 3.81859 2.88843 -0.0693265 -5.46927 -8.49166 -9.27835
59.26 -0.552922 0.260906 1.66195 -0.962112 -7.00515 -8.70809 -7.99715 -6.90101 -5.37192 -3.21881 -0.154824 1.19291 2.94802 7.60444 9.86262 8.53254 6.76879 5.31255 4.31627 1.22869 -4.38526 -7.59604 -8.65481
59.31 0.264018 1.58712 3.06136 0.469245 -6.10902 -8.35325 -8.16097 -7.79485 -6.69601 -4.42951 -0.937687 0.779462 2.50678 6.74445 8.83475 8.07731 7.53978 6.67039 5.66825 2.46062 -3.32349 -6.60464 -7.85101
59.36 1.08215 2.84364 4.36769 1.79905 -5.15127 -7.74317 -8.11516 -8.47496 -7.69982 -5.53133 -1.78601 0.303862 1.98349 5.80727 7.72526 7.46762 8.03924 7.79812 6.86551 3.56981 -2.32685 -5.59038 -6.92889
59.41 1.89272 3.99721 5.4458 2.89528 -4.11628 -6.88676 -7.82388 -8.96515 -8.4743 -6.47552 -2.64118 -0.256155 1.37417 4.83962 6.61363 6.81024 8.30545 8.65633 7.86092 4.53771 -1.3838 -4.58652 -5.96131
59.46 2.64091 5.01 6.30858 3.80419 -3.04222 -5.83878 -7.27734 -9.27837 -9.09955 -7.24073 -3.46893 -0.914713 0.702951 3.89423 5.56364 6.17707 8.38837 9.24154 8.62456 5.35939 -0.459094 -3.5833 -4.99303
59.51 3.30248 5.86937 6.97793 4.54976 -1.9216 -4.58514 -6.4578 -9.42653 -9.64942 -7.83966 -4.26798 -1.70915 -0.023835 3.01235 4.62093 5.60742 8.32881 9.56881 9.14374 6.03861 0.489946 -2.53568 -4.02163
59.56 3.86412 6.57655 7.49414 5.19434 -0.782307 -3.23294 -5.40684 -9.35661 -10.0844 -8.30201 -5.0722 -2.65269 -0.800358 2.21498 3.82325 5.12589 8.15739 9.66076 9.41366 6.56627 1.47046 -1.4138 -3.02423
59.61 4.32618 7.13897 7.87313 5.75323 0.328481 -1.87644 -4.20922 -8.8899 -10.2025 -8.7246 -6.03124 -3.7479 -1.61265 1.52216 3.22889 4.77099 7.91292 9.55662 9.4476 6.92526 2.43904 -0.243575 -2.0037
59.66 4.69467 7.57704 8.15884 6.28179 1.44382 -0.522806 -2.99481 -8.2126 -10.0085 -9.01833 -7.07766 -5.01456 -2.56679 0.830187 2.76976 4.47502 7.5743 9.28207 9.28908 7.1473 3.3972 0.994572 -0.922698
59.71 4.9796 7.91356 8.37822 6.79646 2.56129 0.813686 -1.73499 -7.33723 -9.5636 -9.17997 -8.15078 -6.40976 -3.68205 0.0633844 2.33929 4.13964 7.10309 8.84633 8.96651 7.25 4.31686 2.2749 0.233294
59.76 5.1885 8.16012 8.53911 7.28641 3.66789 2.14688 -0.436667 -6.28679 -8.87699 -9.18197 -9.17189 -7.84301 -4.89449 -0.790479 1.82923 3.67961 6.49369 8.26362 8.49388 7.22547 5.14124 3.52218 1.4226
59.81 5.32606 8.33705 8.66987 7.73987 4.7361 3.47192 0.852944 -5.13032 -7.96699 -8.9513 -9.90612 -9.15684 -6.16766 -1.76356 1.10562 3.03695 5.8023 7.58044 7.89676 7.06508 5.81678 4.64481 2.55264
59.86 5.42094 8.46812 8.77159 8.1238 5.70844 4.70166 2.04463 -3.94343 -6.85797 -8.45489 -10.3144 -10.1076 -7.35326 -2.8725 0.195712 2.25828 5.05707 6.83671 7.20638 6.77795 6.33025 5.59887 3.54505
59.91 5.49793 8.56889 8.84662 8.43634 6.54378 5.75486 3.08932 -2.74751 -5.57142 -7.69098 -10.4769 -10.7769 -8.33039 -4.00758 -0.864942 1.36 4.26932 6.05728 6.44793 6.38147 6.70016 6.40456 4.40133
59.96 5.57732 8.67152 8.93562 8.67002 7.19732 6.59881 3.96565 -1.55981 -4.14598 -6.65439 -10.4134 -11.2304 -9.06641 -5.1061 -2.04722 0.361997 3.44944 5.27009 5.64978 5.89864 6.94789 7.07854 5.12719
60.01 5.69583 8.76474 8.98916 8.80693 7.68918 7.22336 4.67148 -0.438322 -2.73168 -5.4314 -9.99291 -11.3517 -9.60906 -6.22255 -3.30456 -0.660908 2.6611 4.54668 4.88099 5.39238 7.12005 7.63287 5.70752
60.06 5.8383 8.80543 8.96763 8.85215 8.04666 7.66322 5.25316 0.63278 -1.37661 -4.18231 -9.29018 -11.1445 -9.94215 -7.32796 -4.65122 -1.74207 1.89133 3.88746 4.16233 4.89085 7.23456 8.08918 6.17751
60.11 5.97486 8.78142 8.8818 8.8195 8.28964 7.97067 5.76701 1.68636 -0.0813694 -2.99583 -8.46634 -10.6655 -10.0528 -8.36509 -6.0615 -2.91576 1.0745 3.22984 3.46005 4.37951 7.24057 8.40658 6.56702
60.16 6.08116 8.67412 8.7212 8.71056 8.43755 8.17713 6.2277 2.72119 1.15961 -1.85497 -7.55902 -10.0014 -9.9735 -9.27473 -7.44647 -4.13002 0.206348 2.54256 2.76582 3.86676 7.07867 8.49924 6.84902
60.21 6.12647 8.46061 8.47017 8.523 8.50653 8.30674 6.6342 3.72489 2.34908 -0.732969 -6.57453 -9.20573 -9.72738 -10.0142 -8.72362 -5.32409 -0.698824 1.82607 2.11002 3.39243 6.73617 8.29987 6.93857
60.26 6.07531 8.11569 8.10989 8.2501 8.50673 8.37814 6.98477 4.69289 3.50155 0.338701 -5.56529 -8.30336 -9.31741 -10.5428 -9.81927 -6.44033 -1.62539 1.08583 1.52633 2.9868 6.26356 7.83875 6.76801
60.31 5.89302 7.61899 7.62695 7.88917 8.44566 8.4038 7.27683 5.61247 4.60357 1.34127 -4.5574 -7.32895 -8.75597 -10.8282 -10.6708 -7.43182 -2.56026 0.329883 1.01535 2.62302 5.70882 7.22433 6.38195
60.36 5.56136 6.96567 7.02184 7.44542 8.32428 8.38193 7.5018 6.46206 5.62981 2.2643 -3.56502 -6.32769 -8.0771 -10.8542 -11.2286 -8.26061 -3.50623 -0.451418 0.55594 2.29316 5.12129 6.52852 5.85342
60.41 5.08739 6.1717 6.31269 6.93174 8.13579 8.29809 7.64982 7.22432 6.56255 3.11151 -2.55169 -5.25711 -7.3098 -10.6805 -11.5103 -8.92127 -4.4746 -1.29648 0.0833513 1.94581 4.51346 5.7995 5.24149
60.46 4.50091 5.27242 5.53252 6.36224 7.86081 8.12193 7.70215 7.88231 7.40472 3.93169 -1.45987 -4.07884 -6.46895 -10.3731 -11.58 -9.43328 -5.45292 -2.22242 -0.463594 1.51837 3.8515 5.02758 4.55965
60.51 3.84027 4.31159 4.71865 5.74668 7.47402 7.81904 7.63818 8.41599 8.1529 4.77493 -0.252756 -2.80516 -5.55172 -9.95398 -11.4919 -9.81644 -6.40488 -3.20532 -1.10177 0.980248 3.10412 4.18789 3.79732
60.56 3.13515 3.32265 3.89501 5.08616 6.9583 7.37166 7.4503 8.80077 8.77387 5.63597 1.09384 -1.39535 -4.51486 -9.4172 -11.273 -10.0882 -7.30878 -4.21927 -1.82528 0.328754 2.26203 3.26852 2.94634
60.61 2.3969 2.31448 3.05882 4.37 6.31077 6.78579 7.14662 9.01656 9.22583 6.46501 2.55846 0.158448 -3.24502 -8.64701 -10.9389 -10.2735 -8.17638 -5.26489 -2.63823 -0.437068 1.3297 2.27461 2.01197
60.66 1.61998 1.27456 2.18914 3.58587 5.54883 6.09082 6.74104 9.04002 9.45829 7.17591 4.10357 1.91392 -1.7543 -7.6343 -10.4093 -10.3278 -8.99052 -6.33505 -3.53922 -1.30911 0.326792 1.22785 1.01431
60.71 0.782674 0.174718 1.25822 2.72775 4.7107 5.33747 6.25177 8.8548 9.43042 7.67172 5.64891 3.85882 -0.090466 -6.38237 -9.59246 -10.1825 -9.71358 -7.40807 -4.51616 -2.2719 -0.724223 0.151628 -0.0223366
60.76 -0.160205 -1.03108 0.230259 1.78759 3.83928 4.5821 5.69811 8.4619 9.13252 7.89323 7.07889 5.86332 1.66538 -4.88954 -8.39638 -9.73677 -10.2725 -8.43505 -5.53803 -3.30194 -1.80772 -0.940854 -1.0786
60.81 -1.27657 -2.40103 -0.937327 0.746924 2.96297 3.86297 5.0922 7.88085 8.59524 7.84862 8.26456 7.71039 3.38018 -3.1885 -6.74576 -8.85381 -10.5473 -9.32717 -6.54322 -4.36212 -2.91441 -2.04562 -2.13841
60.86 -2.23516 -3.73193 -2.30787 -0.494835 2.03167 3.16801 4.43741 7.15491 7.89349 7.61162 9.09979 9.15708 4.87439 -1.42886 -4.71984 -7.41669 -10.3869 -9.96093 -7.43362 -5.38942 -4.0253 -3.15004 -3.17267
60.91 -3.02214 -4.76038 -3.45461 -1.76867 0.956791 2.41447 3.70162 6.31732 7.10161 7.26444 9.55954 10.0826 6.05074 0.265291 -2.62254 -5.641 -9.74012 -10.2097 -8.07911 -6.29227 -5.1078 -4.23437 -4.14642
60.96 -3.7377 -5.64931 -4.41248 -2.84972 -0.0973572 1.55442 2.86403 5.39212 6.26462 6.85322 9.70123 10.5364 6.94607 1.91023 -0.574839 -3.78986 -8.7425 -10.0549 -8.41284 -7.01811 -6.15636 -5.31144 -5.0657
61.01 -4.31869 -6.43261 -5.18512 -3.67441 -1.14119 0.519064 1.92868 4.42311 5.43207 6.40549 9.58338 10.5937 7.58898 3.52867 1.43858 -1.96893 -7.53849 -9.55113 -8.42842 -7.53677 -7.14532 -6.38039 -5.95161
61.06 -4.53552 -6.92177 -5.69097 -4.42888 -2.36581 -0.747627 0.90447 3.49762 4.67394 5.94987 9.24978 10.3126 7.95576 5.08112 3.44444 -0.192029 -6.20951 -8.76022 -8.14388 -7.82518 -8.01819 -7.40426 -6.80635
61.11 -4.51243 -7.11515 -5.93727 -5.07407 -3.71674 -2.24255 -0.260505 2.58081 3.9545 5.42959 8.68711 9.7215 8.01433 6.52659 5.47423 1.56086 -4.76571 -7.68812 -7.55427 -7.85785 -8.72184 -8.34019 -7.61912
61.16 -4.30597 -7.03495 -5.9464 -5.59601 -5.06777 -3.88144 -1.589 1.6031 3.19756 4.75476 7.85923 8.83309 7.74785 7.79594 7.45004 3.25178 -3.24247 -6.32649 -6.61417 -7.56971 -9.18966 -9.14105 -8.37037
61.21 -4.02559 -6.76097 -5.74243 -5.93207 -6.10132 -5.24655 -3.01251 0.429323 2.31446 3.86272 6.77053 7.69959 7.20492 8.78609 9.15481 4.75374 -1.73605 -4.76027 -5.32989 -6.90012 -9.34278 -9.74558 -9.02097
61.26 -3.69677 -6.17573 -5.19273 -6.01867 -6.91194 -6.28948 -4.35754 -0.841579 1.3284 2.80878 5.51005 6.42673 6.4861 9.41535 10.4313 5.99764 -0.288812 -3.10864 -3.81277 -5.88267 -9.14278 -10.0953 -9.52248
61.31 -3.30796 -5.3275 -4.33061 -5.78953 -7.51271 -7.08887 -5.50847 -2.08959 0.284012 1.68604 4.20788 5.1382 5.69881 9.65065 11.23 7.01121 1.10557 -1.49586 -2.22507 -4.62555 -8.6197 -10.1651 -9.83654
61.36 -2.85445 -4.26484 -3.20158 -5.20691 -7.90813 -7.71733 -6.38358 -3.24527 -0.827577 0.556158 2.98137 3.94396 4.93596 9.5418 11.5604 7.81548 2.49671 0.0633773 -0.686916 -3.29552 -7.8584 -9.9555 -9.93602
61.41 -2.30667 -3.03651 -1.87636 -4.27968 -8.07248 -8.24054 -6.99513 -4.30142 -2.02123 -0.548441 1.89213 2.90733 4.25088 9.17964 11.4669 8.39157 3.88142 1.59743 0.789965 -1.97379 -6.95155 -9.50092 -9.8172
61.46 -1.64086 -1.69423 -0.430964 -3.06467 -7.9686 -8.6643 -7.42413 -5.29007 -3.31611 -1.64097 0.948843 2.04559 3.64693 8.6289 11.01 8.68753 5.1975 3.13856 2.24744 -0.652826 -5.94135 -8.84054 -9.48898
61.51 -0.90185 -0.338479 1.02173 -1.62085 -7.37132 -8.77175 -7.85163 -6.40583 -4.71933 -2.71667 0.165225 1.40748 3.14552 7.94599 10.2656 8.65192 6.33883 4.65989 3.68704 0.656687 -4.86763 -8.00971 -8.95544
61.56 -0.100905 1.00622 2.45149 -0.152595 -6.51439 -8.54382 -8.11416 -7.43015 -6.15502 -3.89774 -0.577726 0.95824 2.70571 7.13968 9.30627 8.30554 7.23291 6.0933 5.08549 1.92914 -3.78525 -7.04872 -8.22532
61.61 0.721523 2.29756 3.80411 1.22555 -5.58207 -8.04308 -8.16305 -8.19798 -7.28902 -5.06118 -1.40642 0.525614 2.22781 6.22903 8.22122 7.74901 7.84932 7.33019 6.3574 3.09503 -2.76034 -6.03919 -7.34654
61.66 1.53855 3.50237 4.99854 2.43795 -4.58218 -7.2935 -7.98457 -8.77092 -8.15463 -6.07879 -2.26434 0.00270112 1.65308 5.26877 7.1019 7.10184 8.21286 8.31001 7.44711 4.12703 -1.79665 -5.02919 -6.39112
61.71 2.31907 4.57942 5.95008 3.42095 -3.52137 -6.32411 -7.55115 -9.1607 -8.83634 -6.92445 -3.10694 -0.609087 1.00676 4.30696 6.01763 6.4512 8.37101 9.01501 8.31597 5.01337 -0.869076 -4.02956 -5.42052
61.76 3.0213 5.50806 6.70284 4.2355 -2.42241 -5.15941 -6.85336 -9.38475 -9.41391 -7.59424 -3.91773 -1.33914 0.30425 3.39288 5.02286 5.8501 8.37046 9.45417 8.94437 5.75563 0.0652157 -3.00757 -4.45322
61.81 3.62784 6.28116 7.28207 4.9186 -1.28662 -3.8369 -5.89567 -9.421 -9.92715 -8.10864 -4.70146 -2.21586 -0.451069 2.55764 4.1544 5.32539 8.24433 9.64667 9.32455 6.35267 1.03468 -1.91891 -3.46946
61.86 4.13348 6.90677 7.71961 5.51269 -0.162041 -2.47708 -4.74682 -9.1328 -10.1907 -8.54995 -5.59167 -3.2418 -1.24093 1.82164 3.46885 4.91479 8.0303 9.62455 9.45868 6.78519 2.01121 -0.769332 -2.46035
61.91 4.54236 7.3966 8.04132 6.0489 0.947687 -1.12239 -3.53281 -8.5322 -10.1294 -8.9059 -6.60815 -4.43432 -2.12352 1.14288 2.9637 4.60551 7.7385 9.42376 9.38053 7.06389 2.97489 0.437995 -1.411
61.96 4.86302 7.77597 8.28852 6.57073 2.06709 0.22376 -2.3005 -7.75009 -9.78999 -9.12583 -7.67694 -5.78082 -3.17038 0.414329 2.53187 4.29817 7.33 9.05875 9.12852 7.21919 3.91744 1.70663 -0.286544
62.01 5.10547 8.06137 8.47385 7.07199 3.17862 1.5546 -1.01616 -6.77238 -9.21093 -9.20176 -8.73038 -7.21113 -4.35541 -0.403086 2.08326 3.90957 6.77569 8.53649 8.71993 7.2525 4.79126 2.97891 0.89585
62.06 5.27212 8.26474 8.61388 7.54667 4.27246 2.89036 0.289083 -5.64911 -8.39603 -9.087 -9.62872 -8.61284 -5.59997 -1.31205 1.45022 3.33951 6.11648 7.89258 8.17456 7.15266 5.53794 4.16806 2.06678
62.11 5.38223 8.41483 8.73074 7.96285 5.2924 4.17486 1.53273 -4.47139 -7.37302 -8.70779 -10.1671 -9.72725 -6.8497 -2.37235 0.619224 2.61897 5.39301 7.17184 7.52186 6.91948 6.12146 5.19563 3.12266
62.16 5.46499 8.52634 8.81435 8.30584 6.19282 5.31331 2.64686 -3.27723 -6.16219 -8.06357 -10.4323 -10.5091 -7.92663 -3.50687 -0.378159 1.77169 4.62293 6.40554 6.79077 6.56933 6.55251 6.0643 4.03787
62.21 5.54065 8.62452 8.89363 8.5763 6.9308 6.25118 3.59689 -2.08318 -4.78532 -7.14203 -10.4719 -11.06 -8.77039 -4.62485 -1.51203 0.814554 3.8166 5.61624 6.005 6.12037 6.85127 6.79563 4.82199
62.26 5.63697 8.72941 8.9776 8.75954 7.48763 6.9731 4.37952 -0.924772 -3.35129 -5.98903 -10.2334 -11.336 -9.38832 -5.7273 -2.74055 -0.20827 3.00168 4.85589 5.21394 5.61554 7.04954 7.39947 5.46721
62.31 5.77468 8.79453 8.98472 8.84178 7.90346 7.48691 5.00573 0.161266 -1.96902 -4.72951 -9.62182 -11.2754 -9.82359 -6.84279 -4.04258 -1.25058 2.23603 4.17591 4.47677 5.11345 7.19319 7.89984 5.97944
62.36 5.91657 8.80117 8.92823 8.84318 8.19454 7.84829 5.54599 1.2211 -0.648686 -3.51288 -8.84121 -10.9054 -10.0297 -7.91875 -5.43463 -2.3871 1.44331 3.52396 3.77066 4.60755 7.25552 8.28795 6.4043
62.41 6.03975 8.73336 8.80234 8.7679 8.38211 8.09609 6.03013 2.26673 0.618513 -2.36132 -7.97602 -10.3127 -10.0286 -8.88951 -6.84126 -3.59088 0.596629 2.85135 3.07147 4.09236 7.17375 8.49146 6.74125
62.46 6.11611 8.56997 8.59375 8.61611 8.48479 8.25729 6.46071 3.284 1.82665 -1.22482 -7.01537 -9.57302 -9.8573 -9.71094 -8.17654 -4.80158 -0.294318 2.14622 2.3925 3.59452 6.90814 8.42532 6.92868
62.51 6.11237 8.28633 8.28407 8.38172 8.51427 8.35231 6.83612 4.26872 2.99559 -0.128936 -6.01389 -8.71434 -9.51839 -10.3365 -9.36042 -5.9591 -1.21392 1.41673 1.77653 3.16123 6.48504 8.06622 6.87426
62.56 5.99168 7.85857 7.85638 8.05969 8.47981 8.39756 7.15485 5.21222 4.1233 0.907002 -5.00209 -7.76667 -9.02215 -10.7339 -10.3277 -7.01065 -2.1451 0.666414 1.23289 2.77838 5.96204 7.51201 6.57501
62.61 5.72686 7.27391 7.30423 7.65146 8.38561 8.39801 7.41094 6.09545 5.18542 1.8644 -4.00324 -6.77164 -8.38838 -10.8736 -11.0194 -7.91574 -3.08567 -0.100354 0.7563 2.4374 5.38312 6.84184 6.10006
62.66 5.31348 6.53897 6.63785 7.16685 8.22815 8.34392 7.59407 6.8981 6.16182 2.74542 -3.00846 -5.7508 -7.66224 -10.7752 -11.4144 -8.64709 -4.04177 -0.911302 0.299717 2.10677 4.78735 6.12657 5.52105
62.71 4.77208 5.68098 5.88442 6.62063 7.99491 8.21366 7.69214 7.6046 7.04191 3.56683 -1.95554 -4.61094 -6.84898 -10.5239 -11.5717 -9.22405 -5.0211 -1.80358 -0.210287 1.72037 4.15388 5.37651 4.87072
62.76 4.13983 4.74227 5.08133 6.0247 7.66043 7.97031 7.68146 8.19615 7.83448 4.39763 -0.803946 -3.38335 -5.96982 -10.1531 -11.5479 -9.66127 -5.98835 -2.76486 -0.80801 1.23291 3.44696 4.56955 4.14576
62.81 3.45172 3.76296 4.26055 5.38469 7.20315 7.58775 7.5485 8.65004 8.51708 5.25446 0.479686 -2.03979 -4.99212 -9.67096 -11.386 -9.98124 -6.91517 -3.76751 -1.49482 0.630969 2.64649 3.68556 3.33418
62.86 2.72808 2.76399 3.43205 4.69514 6.61332 7.06098 7.2944 8.94289 9.0492 6.10622 1.89687 -0.550513 -3.83936 -9.02111 -11.1045 -10.2036 -7.79682 -4.79769 -2.26666 -0.0837387 1.75306 2.72312 2.43522
62.91 1.96981 1.74058 2.58018 3.9421 5.89834 6.40918 6.93205 9.0545 9.3853 6.88193 3.41314 1.10931 -2.43892 -8.11186 -10.674 -10.3239 -8.63852 -5.85915 -3.12989 -0.910659 0.778214 1.69646 1.46251
62.96 1.16326 0.671873 1.68028 3.11739 5.0885 5.67461 6.47742 8.96275 9.47613 7.48358 4.9709 2.97946 -0.845109 -6.967 -9.99546 -10.277 -9.40826 -6.93482 -4.07549 -1.83547 -0.253861 0.630948 0.440369
63.01 0.274475 -0.480168 0.700322 2.21515 4.22709 4.91377 5.95013 8.66048 9.2965 7.82983 6.46781 4.98057 0.883721 -5.57965 -8.97872 -9.97943 -10.0519 -7.99073 -5.08317 -2.8395 -1.32449 -0.455272 -0.609239
63.06 -0.756388 -1.77046 -0.400174 1.22191 3.35095 4.17612 5.36693 8.15958 8.85917 7.8978 7.77681 6.92648 2.63526 -3.96324 -7.53535 -9.30831 -10.4698 -8.95597 -6.10539 -3.89182 -2.42175 -1.5548 -1.66959
63.11 -1.84835 -3.18915 -1.71211 0.0752051 2.46608 3.48141 4.73669 7.49188 8.21866 7.73383 8.77756 8.57946 4.25127 -2.20277 -5.64117 -8.11342 -10.521 -9.72274 -7.06315 -4.94547 -3.5359 -2.6631 -2.72076
63.16 -2.68402 -4.33157 -2.97696 -1.21307 1.44218 2.75666 4.03801 6.70022 7.46015 7.428 9.39877 9.73501 5.56708 -0.476952 -3.54834 -6.44971 -10.08 -10.1506 -7.8293 -5.91179 -4.63223 -3.75605 -3.72299
63.21 -3.43039 -5.26449 -4.0054 -2.40743 0.358981 1.95386 3.24925 5.81103 6.63817 7.04118 9.67324 10.3882 6.58095 1.18498 -1.47509 -4.60843 -9.21675 -10.1706 -8.3052 -6.72101 -5.69708 -4.83454 -4.66375
63.26 -4.0848 -6.10964 -4.88785 -3.3304 -0.657781 1.0054 2.35224 4.85245 5.79562 6.60603 9.66399 10.6127 7.33566 2.81602 0.548309 -2.77026 -8.09069 -9.81291 -8.45969 -7.33424 -6.718 -5.90975 -5.56262
63.31 -4.4804 -6.73646 -5.4945 -4.1067 -1.80533 -0.157209 1.37293 3.9022 5.00054 6.15427 9.42345 10.4759 7.82907 4.40387 2.55391 -0.976508 -6.81246 -9.14368 -8.30605 -7.72699 -7.64949 -6.95929 -6.43222
63.36 -4.54715 -7.06701 -5.85992 -4.80168 -3.10577 -1.55512 0.273998 2.98989 4.27331 5.67388 8.96698 10.0207 8.02821 5.9027 4.57297 0.789351 -5.41791 -8.19949 -7.85548 -7.87815 -8.43492 -7.93942 -7.26545
63.41 -4.41489 -7.09562 -5.96564 -5.38571 -4.50392 -3.15227 -0.970188 2.05459 3.54249 5.07759 8.25967 9.26115 7.90445 7.2612 6.59329 2.51634 -3.92229 -6.96292 -7.07646 -7.74247 -9.01706 -8.80683 -8.04724
63.46 -4.15089 -6.91798 -5.8742 -5.81019 -5.67269 -4.68748 -2.38519 0.969188 2.72261 4.28363 7.28074 8.22582 7.47348 8.38768 8.44576 4.1188 -2.39626 -5.47104 -5.93593 -7.24418 -9.31775 -9.50631 -8.74853
63.51 -3.85081 -6.47024 -5.47612 -6.01551 -6.58017 -5.86217 -3.7784 -0.274196 1.77322 3.28899 6.08188 6.99982 6.81889 9.18442 9.9236 5.47845 -0.923273 -3.84403 -4.50321 -6.36952 -9.27474 -9.9751 -9.32212
63.56 -3.48743 -5.73261 -4.74864 -5.9328 -7.27105 -6.7604 -5.03081 -1.54667 0.756766 2.1889 4.78058 5.70287 6.04942 9.59355 10.9352 6.58792 0.4906 -2.20237 -2.92658 -5.20055 -8.88685 -10.1697 -9.72307
63.61 -3.06485 -4.75882 -3.73045 -5.50939 -7.75944 -7.45524 -6.03112 -2.74605 -0.327067 1.05407 3.51038 4.45609 5.26618 9.62631 11.4692 7.48516 1.87948 -0.622128 -1.35917 -3.88555 -8.21822 -10.0813 -9.91947
63.66 -2.56321 -3.59784 -2.48244 -4.72988 -8.0306 -8.0193 -6.75286 -3.84484 -1.48009 -0.0620153 2.35586 3.34532 4.54362 9.36606 11.5565 8.1669 3.27143 0.918525 0.14097 -2.55728 -7.36673 -9.72969 -9.89654
63.71 -1.95011 -2.29855 -1.08055 -3.63418 -8.05135 -8.49606 -7.24887 -4.85424 -2.7304 -1.15648 1.35072 2.40506 3.90522 8.89324 11.2529 8.59485 4.62877 2.45425 1.60243 -1.23956 -6.40225 -9.15642 -9.65951
63.76 -1.23706 -0.938482 0.378516 -2.27708 -7.6924 -8.76455 -7.66853 -5.89855 -4.08528 -2.23876 0.495164 1.66042 3.35462 8.2625 10.6255 8.70897 5.86044 3.99193 3.05252 0.0802209 -5.34618 -8.39614 -9.2172
63.81 -0.461558 0.414464 1.82529 -0.79422 -6.90679 -8.68155 -8.02664 -7.01705 -5.54085 -3.35655 -0.238278 1.14285 2.89853 7.51245 9.75249 8.49205 6.87043 5.47632 4.47638 1.37471 -4.26065 -7.485 -8.57068
63.86 0.357842 1.7345 3.21573 0.626475 -6.00248 -8.29598 -8.16693 -7.88267 -6.82511 -4.56235 -1.03245 0.730068 2.45245 6.64047 8.71042 8.0129 7.60938 6.8112 5.81335 2.59381 -3.20619 -6.48849 -7.7496
63.91 1.17576 2.98139 4.50384 1.93691 -5.03687 -7.65736 -8.09506 -8.54057 -7.79844 -5.64768 -1.88409 0.24432 1.91792 5.69754 7.59716 7.39311 8.07992 7.90935 6.98964 3.68754 -2.21681 -5.47449 -6.81873
63.96 1.98172 4.11998 5.55403 3.00708 -3.99511 -6.77589 -7.77454 -9.0098 -8.55196 -6.57221 -2.73747 -0.325811 1.30042 4.72973 6.48966 6.73558 8.32277 8.73607 7.95971 4.63868 -1.27806 -4.47214 -5.84964
64.01 2.72101 5.11587 6.39408 3.89655 -2.91661 -5.70494 -7.19766 -9.30465 -9.16566 -7.31736 -3.56157 -0.997956 0.622758 3.78984 5.44998 6.10822 8.38773 9.29095 8.69584 5.4439 -0.35256 -3.46653 -4.88202
64.06 3.37156 5.9573 7.04367 4.62735 -1.79195 -4.43385 -6.34828 -9.43087 -9.70826 -7.89839 -4.35751 -1.80932 -0.109834 2.91733 4.52181 5.54747 8.31402 9.59011 9.18657 6.10645 0.600452 -2.41147 -3.90902
64.11 3.92169 6.64769 7.54368 5.26167 -0.654343 -3.07794 -5.27478 -9.32172 -10.1141 -8.35379 -5.175 -2.76965 -0.889625 2.13166 3.74524 5.0792 8.13276 9.6576 9.42821 6.61507 1.58153 -1.28288 -2.90892
64.16 4.3727 7.19448 7.9094 5.81406 0.454909 -1.7219 -4.07059 -8.82092 -10.1952 -8.76551 -6.14781 -3.88422 -1.71312 1.44526 3.17188 4.73622 7.87966 9.53326 9.43803 6.9565 2.54872 -0.105997 -1.884
64.21 4.73112 7.61995 8.18667 6.34121 1.57172 -0.368833 -2.85515 -8.12435 -9.96944 -9.04337 -7.19994 -5.16855 -2.68633 0.747334 2.72102 4.44042 7.52775 9.2401 9.25981 7.16457 3.50454 1.13925 -0.794389
64.26 5.00718 7.94582 8.399 6.85346 2.68804 0.965416 -1.58836 -7.22546 -9.49752 -9.18896 -8.27158 -6.57359 -3.81775 -0.0299318 2.28863 4.09567 7.03971 8.78641 8.91946 7.25345 4.41638 2.42006 0.368341
64.31 5.20735 8.18275 8.55428 7.34066 3.79326 2.29954 -0.287047 -6.15772 -8.78388 -9.17015 -9.27773 -8.0039 -5.03526 -0.893706 1.75623 3.61375 6.41823 8.18974 8.43118 7.21368 5.22617 3.65792 1.55663
64.36 5.33847 8.35391 8.68291 7.78704 4.85245 3.61883 0.99511 -4.99581 -7.85025 -8.9082 -9.96726 -9.28331 -6.31112 -1.88539 1.0106 2.95477 5.71976 7.49801 7.82193 7.03801 5.88272 4.76132 2.67265
64.41 5.43036 8.4806 8.78067 8.16239 5.81089 4.83159 2.17178 -3.80706 -6.71945 -8.38129 -10.3446 -10.1967 -7.47665 -3.00241 0.0818386 2.16164 4.96926 6.74918 7.12273 6.73761 6.37882 5.69723 3.64887
64.46 5.50651 8.57992 8.85543 8.46676 6.62747 5.86162 3.19734 -2.61122 -5.41321 -7.58513 -10.4817 -10.8399 -8.42715 -4.13562 -0.994496 1.25072 4.17732 5.96716 6.3581 6.32991 6.73367 6.48727 4.49015
64.51 5.58741 8.68414 8.94687 8.69124 7.25932 6.6807 4.05495 -1.42724 -3.9818 -6.52298 -10.3892 -11.2598 -9.13604 -5.23275 -2.1881 0.244596 3.35586 5.18316 5.55924 5.84062 6.96981 7.14653 5.20004
64.56 5.7118 8.77222 8.98962 8.81573 7.73596 7.28126 4.74231 -0.31475 -2.57387 -5.28684 -9.92216 -11.3449 -9.65909 -6.35015 -3.45301 -0.779312 2.57434 4.46957 4.79717 5.33516 7.13632 7.68937 5.76491
64.61 5.85471 8.80634 8.96105 8.85185 8.07922 7.70384 5.3144 0.753499 -1.22606 -4.04336 -9.20075 -11.102 -9.96575 -7.45123 -4.8105 -1.87188 1.8011 3.81347 4.08205 4.83325 7.24184 8.13327 6.22515
64.66 5.98917 8.77388 8.86739 8.81052 8.31041 7.99834 5.82192 1.80555 0.0632228 -2.86475 -8.3678 -10.5975 -10.0526 -8.47621 -6.22248 -3.05339 0.97793 3.15329 3.38039 4.32074 7.23143 8.42979 6.60492
64.71 6.09014 8.65571 8.69743 8.69296 8.44871 8.19494 6.27646 2.83698 1.29718 -1.72503 -7.44898 -9.91693 -9.95413 -9.3689 -7.59935 -4.26847 0.104675 2.46218 2.68829 3.80989 7.04831 8.49154 6.87014
64.76 6.12632 8.42849 8.4349 8.49602 8.50938 8.31699 6.67661 3.83693 2.48228 -0.607902 -6.46013 -9.10761 -9.68873 -10.0858 -8.85914 -5.45655 -0.803875 1.74314 2.04017 3.34322 6.68749 8.25819 6.93181
64.81 6.06176 8.06707 8.06114 8.21316 8.50236 8.38279 7.02072 4.80026 3.63013 0.456948 -5.44969 -8.19498 -9.26076 -10.5885 -9.93011 -6.56062 -1.73164 1.00028 1.46446 2.94324 6.20393 7.77532 6.73306
64.86 5.8629 7.55237 7.56395 7.84241 8.43458 8.40344 7.30565 5.71291 4.72455 1.45036 -4.44346 -7.21513 -8.68336 -10.8442 -10.75 -7.53541 -2.6676 0.242583 0.96132 2.58447 5.64283 7.14758 6.32708
64.91 5.51416 6.88182 6.94575 7.38996 8.30603 8.37536 7.52218 6.55318 5.74117 2.36519 -3.45215 -6.2135 -7.99501 -10.8419 -11.2731 -8.34378 -3.61507 -0.54352 0.504489 2.25611 5.05383 6.44714 5.7871
64.96 5.02548 6.07371 6.22663 6.86933 8.10908 8.28305 7.66068 7.30449 6.66251 3.20468 -2.43185 -5.12691 -7.21685 -10.6516 -11.5281 -8.98723 -4.58664 -1.39835 0.0254108 1.90214 4.44166 5.71429 5.16731
65.01 4.42863 5.16523 5.44082 6.29422 7.82259 8.09399 7.70058 7.94939 7.49482 4.02616 -1.32883 -3.93902 -6.36875 -10.3307 -11.5772 -9.48326 -5.56356 -2.33226 -0.531734 1.46297 3.77122 4.93588 4.47709
65.06 3.76167 4.19986 4.62505 5.6737 7.42179 7.77518 7.62264 8.46738 8.23052 4.87254 -0.106568 -2.65221 -5.44035 -9.89899 -11.4735 -9.85314 -6.51087 -3.31987 -1.18014 0.911688 3.01303 4.08732 3.70488
65.11 3.05259 3.20882 3.8007 5.00764 6.89093 7.31128 7.42089 8.8337 8.83422 5.73313 1.25564 -1.22502 -4.38481 -9.34478 -11.2405 -10.1133 -7.40925 -4.33668 -1.91315 0.247451 2.16036 3.15898 2.84395
65.16 2.31042 2.1979 2.96185 4.28419 6.22904 6.7111 7.10493 9.02892 9.26392 6.55362 2.73142 0.347475 -3.08509 -8.54314 -10.8901 -10.2876 -8.27279 -5.38624 -2.73681 -0.531402 1.21856 2.15762 1.90112
65.21 1.52806 1.15289 2.08671 3.49189 5.45625 6.00667 6.68886 9.02916 9.4683 7.24454 4.28139 2.1274 -1.57225 -7.5036 -10.3322 -10.323 -9.07886 -6.45816 -3.64731 -1.41469 0.209101 1.10643 0.897831
65.26 0.681482 0.043617 1.14671 2.62498 4.6123 5.2504 6.19137 8.81989 9.40941 7.71091 5.81985 4.08772 0.107218 -6.22394 -9.47671 -10.1492 -9.78773 -7.52916 -4.63154 -2.38665 -0.846347 0.0278448 -0.141939
65.31 -0.277539 -1.17795 0.105011 1.6745 3.73934 4.49787 5.63145 8.40433 9.08198 7.90034 7.2283 6.08606 1.86578 -4.70481 -8.23172 -9.66078 -10.321 -8.54599 -5.6553 -3.42235 -1.93293 -1.0662 -1.19948
65.36 -1.40693 -2.57112 -1.08669 0.619435 2.86345 3.78413 5.02014 7.80403 8.52122 7.82893 8.37863 7.89983 3.56545 -2.98658 -6.52755 -8.71674 -10.5542 -9.41586 -6.6536 -4.48311 -3.04187 -2.17223 -2.25847
65.41 -2.32984 -3.86149 -2.45202 -0.642407 1.9143 3.0854 4.35771 7.06434 7.80649 7.57609 9.16983 9.28824 5.02408 -1.2321 -4.48009 -7.22517 -10.336 -10.0102 -7.52179 -5.50024 -4.15056 -3.27474 -3.28701
65.46 -3.10716 -4.86578 -3.57116 -1.90671 0.832064 2.32366 3.61204 6.21584 7.00754 7.21988 9.58997 10.1562 6.1658 0.454451 -2.38597 -5.42988 -9.64059 -10.2118 -8.13383 -6.38513 -5.22959 -4.35748 -4.25365
65.51 -3.81298 -5.74586 -4.51302 -2.95444 -0.212694 1.4465 2.76165 5.28259 6.16823 6.80329 9.69946 10.5611 7.03172 2.09596 -0.344482 -3.58009 -8.61341 -10.0137 -8.43055 -7.08849 -6.27335 -5.43441 -5.16825
65.56 -4.36665 -6.49991 -5.25095 -3.7639 -1.27368 0.385872 1.81704 4.31472 5.34129 6.35384 9.55542 10.5774 7.64496 3.70964 1.66701 -1.76438 -7.39229 -9.47439 -8.41088 -7.58199 -7.25223 -6.50063 -6.05101
65.61 -4.54302 -6.95969 -5.73267 -4.50805 -2.5143 -0.907159 0.779372 3.39398 4.59137 5.89538 9.19753 10.2601 7.97817 5.25183 3.67435 0.00995667 -6.0501 -8.65264 -8.09265 -7.84288 -8.10844 -7.51661 -6.9017
65.66 -4.49747 -7.11854 -5.9495 -5.1408 -3.87651 -2.42493 -0.40236 2.47442 3.87155 5.36191 8.60629 9.63436 7.99971 6.6814 5.705 1.75801 -4.5948 -7.54678 -7.46554 -7.84297 -8.78903 -8.43982 -7.7087
65.71 -4.2758 -7.01525 -5.93682 -5.64467 -5.19998 -4.05743 -1.75182 1.47876 3.10429 4.66415 7.7471 8.71423 7.69784 7.92429 7.66185 3.43497 -3.06791 -6.15539 -6.4834 -7.51294 -9.22461 -9.22163 -8.45099
65.76 -3.99181 -6.70931 -5.69661 -5.95602 -6.20524 -5.38029 -3.17184 0.287091 2.20597 3.74886 6.63316 7.55898 7.12941 8.87665 9.3232 4.9086 -1.56808 -4.57394 -5.16531 -6.7997 -9.33814 -9.79982 -9.08714
65.81 -3.65545 -6.09153 -5.10988 -6.00971 -6.99079 -6.39169 -4.50112 -0.987361 1.21306 2.68331 5.36087 6.2781 6.39766 9.46143 10.5461 6.12361 -0.127921 -2.92088 -3.6316 -5.74811 -9.0983 -10.118 -9.569
65.86 -3.25999 -5.21629 -4.21441 -5.74162 -7.56877 -7.16797 -5.62276 -2.22649 0.160454 1.55644 4.06271 4.9956 5.60901 9.65346 11.2901 7.11313 1.26375 -1.31558 -2.04563 -4.47445 -8.54276 -10.1553 -9.85965
65.91 -2.79755 -4.13223 -3.059 -5.11805 -7.93954 -7.78173 -6.46582 -3.37058 -0.958855 0.428977 2.84964 3.81718 4.85342 9.51135 11.5694 7.89292 2.65544 0.238959 -0.51562 -3.14339 -7.76056 -9.91529 -9.93398
65.96 -2.23695 -2.88811 -1.71628 -4.15454 -8.07517 -8.29524 -7.05154 -4.41659 -2.164 -0.672992 1.77778 2.80014 4.17817 9.12525 11.4314 8.44015 4.03632 1.77239 0.956696 -1.82313 -6.84097 -9.43523 -9.79057
66.01 -1.55921 -1.53864 -0.264562 -2.90984 -7.93208 -8.69205 -7.4706 -5.41049 -3.47177 -1.76499 0.850851 1.96008 3.58368 8.55633 10.9375 8.7001 5.33815 3.31426 2.41338 -0.501279 -5.81956 -8.75303 -9.43874
66.06 -0.813408 -0.183984 1.18706 -1.45089 -7.28027 -8.76189 -7.89389 -6.53856 -4.88623 -2.84189 0.08293 1.34905 3.09385 7.86032 10.1652 8.62633 6.45376 4.82938 3.84981 0.804972 -4.74289 -7.90482 -8.88144
66.11 -0.00733745 1.15689 2.61006 0.00928268 -6.41135 -8.50001 -8.13045 -7.52841 -6.30098 -4.0366 -0.668883 0.912982 2.65576 7.03963 9.18659 8.24981 7.31654 6.24538 5.23804 2.06844 -3.66449 -6.93414 -8.13093
66.16 0.814285 2.43971 3.95237 1.3766 -5.47242 -7.97062 -8.15546 -8.2732 -7.39976 -5.18524 -1.50383 0.470162 2.16679 6.12132 8.09377 7.67753 7.90223 7.45499 6.49148 3.21991 -2.64718 -5.92267 -7.23932
66.21 1.63068 3.63226 5.11778 2.55935 -4.46304 -7.19267 -7.94826 -8.82462 -8.24043 -6.18452 -2.36188 -0.0622047 1.58262 5.15819 6.97525 7.02633 8.23983 8.40366 7.55744 4.23542 -1.68954 -4.91435 -6.27962
66.26 2.40337 4.69291 6.04581 3.52254 -3.39861 -6.20271 -7.4858 -9.1943 -8.90612 -7.00951 -3.20097 -0.685486 0.929581 4.19969 5.89888 6.37939 8.37785 9.0776 8.39944 5.10493 -0.763682 -3.91471 -5.30947
66.31 3.09549 5.60384 6.77654 4.31843 -2.29393 -5.01384 -6.75635 -9.39955 -9.47608 -7.66068 -4.00867 -1.43169 0.220695 3.29331 4.91691 5.78601 8.36163 9.48763 8.99982 5.83095 0.173854 -2.88711 -4.34172
66.36 3.69054 6.35972 7.33904 4.99114 -1.15622 -3.68144 -5.77302 -9.41116 -9.97683 -8.15981 -4.79235 -2.32516 -0.540815 2.46707 4.06521 5.2714 8.22301 9.65361 9.35158 6.41062 1.14705 -1.78943 -3.35454
66.41 4.18488 6.96881 7.7608 5.57519 -0.0358043 -2.32239 -4.60878 -9.07454 -10.2003 -8.59776 -5.70316 -3.36884 -1.33419 1.74409 3.40399 4.87612 8.00143 9.60986 9.45905 6.82351 2.12121 -0.635296 -2.34337
66.46 4.58321 7.44486 8.07261 6.10882 1.07502 -0.968065 -3.39437 -8.45285 -10.1036 -8.93788 -6.72867 -4.5812 -2.23458 1.06359 2.9128 4.57221 7.6984 9.38995 9.35962 7.08714 3.08376 0.580062 -1.28658
66.51 4.89451 7.81293 8.31246 6.629 2.19431 0.37569 -2.15562 -7.64713 -9.73645 -9.14303 -7.79991 -5.94171 -3.29978 0.325699 2.48283 4.25911 7.27432 9.0067 9.08926 7.22897 4.02135 1.85284 -0.153669
66.56 5.12837 8.08815 8.49115 7.12726 3.30453 1.70666 -0.867624 -6.65033 -9.12958 -9.20026 -8.84644 -7.37509 -4.49449 -0.501317 2.02309 3.85494 6.70467 8.4681 8.66382 7.2476 4.8834 3.12007 1.0316
66.61 5.28712 8.28416 8.62841 7.59712 4.39291 3.04118 0.43574 -5.51607 -8.28907 -9.05695 -9.70706 -8.76222 -5.74748 -1.42448 1.36547 3.26426 6.0366 7.81331 8.10461 7.13216 5.61238 4.29366 2.19424
66.66 5.39273 8.42913 8.74155 8.00524 5.40158 4.31336 1.66707 -4.33572 -7.24392 -8.64784 -10.2101 -9.83116 -6.98321 -2.50034 0.513126 2.52847 5.3074 7.08628 7.44184 6.88484 6.17748 5.30169 3.23349
66.71 5.47375 8.53734 8.82203 8.34026 6.28611 5.43069 2.76411 -3.14078 -6.01391 -7.97361 -10.4478 -10.5821 -8.03519 -3.63637 -0.500945 1.66782 4.53264 6.31626 6.70338 6.52253 6.59247 6.1537 4.13318
66.76 5.55004 8.63641 8.90377 8.60133 7.00242 6.34444 3.69467 -1.94765 -4.62099 -7.02021 -10.4622 -11.1111 -8.8509 -4.74851 -1.64835 0.699217 3.72249 5.52623 5.91331 6.06391 6.87757 6.87032 4.90257
66.81 5.6518 8.73954 8.98181 8.77302 7.54171 7.04095 4.45716 -0.798497 -3.19077 -5.84657 -10.1776 -11.3468 -9.44945 -5.85505 -2.88422 -0.324093 2.91323 4.77478 5.12712 5.55784 7.06829 7.46066 5.53058
66.86 5.79127 8.79859 8.98134 8.8455 7.94203 7.53449 5.07051 0.282863 -1.81534 -4.58745 -9.53906 -11.2475 -9.85881 -6.9689 -4.19776 -1.37517 2.14816 4.10148 4.39549 5.05633 7.20537 7.95023 6.03107
66.91 5.93221 8.79769 8.91753 8.83816 8.22037 7.88132 5.60352 1.34089 -0.5018 -3.37846 -8.74596 -10.8477 -10.0398 -8.03621 -5.59627 -2.5222 1.34942 3.44886 3.69075 4.54912 7.25459 8.32184 6.44704
66.96 6.05159 8.72014 8.78302 8.75427 8.3974 8.11796 6.0816 2.38406 0.758846 -2.23091 -7.87051 -10.2352 -10.0178 -8.99195 -6.9989 -3.72986 0.496926 2.77255 2.99244 4.03397 7.15292 8.49858 6.77132
67.01 6.12057 8.54432 8.56392 8.59348 8.49127 8.27067 6.50597 3.3978 1.96164 -1.09734 -6.9024 -9.48063 -9.82724 -9.79316 -8.32075 -4.93743 -0.397983 2.0642 2.31842 3.54122 6.86691 8.39849 6.93551
67.06 6.10531 8.24534 8.24154 8.34932 8.5131 8.35933 6.87497 4.37831 3.1264 -0.00743834 -5.89847 -8.61008 -9.46974 -10.3943 -9.48311 -6.08531 -1.31978 1.33182 1.71076 3.11583 6.43009 8.01077 6.85081
67.11 5.9692 7.8 7.79973 8.01728 8.47178 8.39952 7.18696 5.31601 4.24798 1.02024 -4.88728 -7.65468 -8.95622 -10.7634 -10.4217 -7.1222 -2.25192 0.580065 1.17571 2.7377 5.89789 7.44001 6.52811
67.16 5.68713 7.19745 7.23369 7.59974 8.37076 8.39454 7.43529 6.19092 5.30106 1.96843 -3.89037 -6.65724 -8.30956 -10.8733 -11.0793 -8.00824 -3.19386 -0.189897 0.704516 2.40029 5.31613 6.76195 6.03811
67.21 5.25765 6.44672 6.55574 7.10739 8.20565 8.3333 7.60964 6.98343 6.26629 2.84025 -2.89225 -5.62575 -7.57286 -10.7537 -11.4437 -8.72087 -4.15303 -1.00895 0.245257 2.06671 4.71787 6.04324 5.45033
67.26 4.70387 5.57724 5.79469 6.55499 7.96222 8.192 7.69641 7.67776 7.13647 3.66011 -1.83006 -4.47555 -6.75232 -10.4872 -11.5772 -9.28077 -5.13288 -1.91032 -0.27379 1.67049 4.07775 5.28808 4.79215
67.31 4.06364 4.63209 4.98825 5.95395 7.61472 7.93382 7.67227 8.25487 7.91812 4.49394 -0.664819 -3.23684 -5.86411 -10.1039 -11.5361 -9.70368 -6.09673 -2.87775 -0.882049 1.17008 3.36067 4.47302 4.05786
67.36 3.3708 3.64995 4.16662 5.30881 7.14256 7.53465 7.52516 8.69146 8.58568 5.35256 0.634943 -1.87719 -4.87213 -9.60815 -11.3595 -10.0111 -7.01787 -3.88366 -1.57849 0.555228 2.54934 3.57984 3.23612
67.41 2.64342 2.64879 3.33653 4.61272 6.53772 6.99228 7.25807 8.96487 9.09802 6.1999 2.06502 -0.371868 -3.69046 -8.92908 -11.0652 -10.2241 -7.89584 -4.91774 -2.36079 -0.172673 1.64561 2.60895 2.32775
67.46 1.88063 1.62156 2.48056 3.85181 5.81002 6.32852 6.88431 9.0542 9.40834 6.96082 3.59001 1.31228 -2.26614 -7.99318 -10.6108 -10.3285 -8.731 -5.98178 -3.23395 -1.01152 0.663031 1.57659 1.34813
67.51 1.06684 0.5456 1.57329 3.01861 4.99207 5.58805 6.42044 8.93854 9.46902 7.53662 5.14654 3.20349 -0.653125 -6.8209 -9.89826 -10.2579 -9.48985 -7.05755 -4.18813 -1.94655 -0.374306 0.507962 0.321831
67.56 0.165331 -0.61919 0.58177 2.10691 4.12745 4.82776 5.88611 8.6127 9.2586 7.85094 6.62862 5.20928 1.08492 -5.40609 -8.83694 -9.92448 -10.1137 -8.10752 -5.20053 -2.95798 -1.44852 -0.580031 -0.72983
67.61 -0.886437 -1.92905 -0.535211 1.10193 3.25108 4.09474 5.29715 8.09074 8.79457 7.88891 7.90795 7.13403 2.8298 -3.76645 -7.34075 -9.20157 -10.4973 -9.05605 -6.21999 -4.01327 -2.54839 -1.681 -1.79044
67.66 -1.9516 -3.33507 -1.87066 -0.070685 2.35798 3.40204 4.66128 7.40729 8.13662 7.70431 8.86724 8.73762 4.41761 -2.00231 -5.40597 -7.94171 -10.4963 -9.79139 -7.16316 -5.06221 -3.66268 -2.78903 -2.83824
67.71 -2.77265 -4.44543 -3.104 -1.35808 1.31795 2.67009 3.95314 6.60332 7.36869 7.38689 9.44582 9.83313 5.69674 -0.284922 -3.30905 -6.24352 -9.99992 -10.1738 -7.89978 -6.01331 -4.75555 -3.87958 -3.83322
67.76 -3.51168 -5.36504 -4.11272 -2.52675 0.240203 1.85417 3.15226 5.70438 6.54212 6.99332 9.68496 10.4334 6.67919 1.37184 -1.24249 -4.39698 -9.09882 -10.1478 -8.33935 -6.80176 -5.81659 -4.9576 -4.76804
67.81 -4.14962 -6.19999 -4.97465 -3.42043 -0.775802 0.885548 2.24463 4.74125 5.7006 6.5542 9.64679 10.6138 7.40538 3.00013 0.777656 -2.56286 -7.9508 -9.75106 -8.45763 -7.3911 -6.83038 -6.03186 -5.66347
67.86 -4.49914 -6.79003 -5.55053 -4.19196 -1.94679 -0.304368 1.25515 3.7977 4.91536 6.10225 9.3824 10.4391 7.86676 4.57949 2.78238 -0.774466 -6.65935 -9.04986 -8.26994 -7.75726 -7.74781 -7.07569 -6.52947
67.91 -4.54212 -7.08516 -5.88476 -4.87399 -3.26133 -1.72843 0.139284 2.88534 4.19162 5.61341 8.89946 9.94889 8.0303 6.06562 4.80473 0.988583 -5.25165 -8.07315 -7.78424 -7.87886 -8.51334 -8.04533 -7.35781
67.96 -4.38886 -7.08316 -5.96419 -5.44401 -4.65792 -3.34212 -1.12405 1.94275 3.45563 4.99834 8.16146 9.1556 7.86932 7.403 6.81734 2.70837 -3.74737 -6.80343 -6.96425 -7.70538 -9.06762 -8.89679 -8.13242
68.01 -4.1189 -6.88538 -5.84887 -5.84641 -5.78644 -4.83744 -2.5475 0.832732 2.61994 4.17886 7.15311 8.09333 7.40784 8.49611 8.63532 4.28683 -2.2251 -5.28993 -5.7848 -7.16271 -9.33128 -9.57305 -8.82169
68.06 -3.81258 -6.39988 -5.40957 -6.02241 -6.66981 -5.97714 -3.93047 -0.419968 1.65965 3.16696 5.93617 6.85306 6.73473 9.25074 10.0626 5.61651 -0.759013 -3.65461 -4.32719 -6.24899 -9.24746 -10.012 -9.37774
68.11 -3.44257 -5.63282 -4.64669 -5.90289 -7.3373 -6.84874 -5.15899 -1.68804 0.636369 2.05991 4.63215 5.5561 5.95892 9.61467 11.0193 6.70038 0.64894 -2.01924 -2.74479 -5.05407 -8.82314 -10.1744 -9.75695
68.16 -3.01252 -4.63518 -3.59866 -5.4386 -7.80218 -7.52514 -6.12732 -2.8766 -0.454569 0.925429 3.37181 4.32143 5.17973 9.60928 11.5003 7.57377 2.03809 -0.444908 -1.18434 -3.73302 -8.12845 -10.054 -9.92857
68.21 -2.49962 -3.45589 -2.32924 -4.62004 -8.04657 -8.0781 -6.81947 -3.96412 -1.61747 -0.18762 2.23362 3.22935 4.46663 9.32148 11.5399 8.2291 3.42898 1.09321 0.308915 -2.40634 -7.26134 -9.67488 -9.88072
68.26 -1.87256 -2.1439 -0.914026 -3.49251 -8.03716 -8.54538 -7.29529 -4.96491 -2.87906 -1.28128 1.24469 2.30898 3.83725 8.82785 11.1958 8.62428 4.77744 2.63012 1.7687 -1.08827 -6.28491 -9.07839 -9.61986
68.31 -1.15234 -0.784195 0.543961 -2.10953 -7.61574 -8.77356 -7.7187 -6.02802 -4.24653 -2.36082 0.40837 1.59118 3.29927 8.18317 10.5369 8.69993 5.98741 4.16459 3.21626 0.229372 -5.22289 -8.299 -9.15379
68.36 -0.369539 0.567512 1.98771 -0.6275 -6.80733 -8.65132 -8.05324 -7.12895 -5.70691 -3.49599 -0.323042 1.09411 2.84912 7.41881 9.64021 8.44817 6.96848 5.63805 4.63527 1.51968 -4.13656 -7.37311 -8.48465
68.41 0.451663 1.88088 3.36883 0.782348 -5.89537 -8.23567 -8.1703 -7.96789 -6.95021 -4.69345 -1.12795 0.679225 2.39663 6.53565 8.58529 7.94679 7.67553 6.94888 5.9563 2.72534 -3.08975 -6.37227 -7.64713
68.46 1.26952 3.1177 4.63606 2.07066 -4.92137 -7.56838 -8.07176 -8.60373 -7.89422 -5.76194 -1.9822 0.183659 1.85121 5.58745 7.46919 7.31825 8.11773 8.01702 7.11101 3.80335 -2.10746 -5.3589 -6.7084
68.51 2.06993 4.24086 5.65952 3.11653 -3.87372 -6.6629 -7.72206 -9.05224 -8.62782 -6.66653 -2.83337 -0.396834 1.22582 4.62016 6.36659 6.66142 8.33791 8.81232 8.05539 4.73771 -1.17248 -4.35778 -5.73825
68.56 2.80006 5.21968 6.47688 3.98649 -2.79032 -5.56815 -7.11442 -9.32895 -9.23104 -7.39191 -3.65393 -1.08316 0.541709 3.68624 5.33775 6.04028 8.38539 9.33711 8.76391 5.52655 -0.245588 -3.34905 -4.77104
68.61 3.43945 6.04331 7.10744 4.70367 -1.66223 -4.28166 -6.236 -9.43259 -9.76624 -7.95528 -4.44672 -1.91151 -0.196556 2.82343 4.42444 5.48862 8.29785 9.60846 9.22617 6.17231 0.711461 -2.28613 -3.79601
68.66 3.9781 6.71695 7.59123 5.32758 -0.527154 -2.92327 -5.14088 -9.28034 -10.1401 -8.40574 -5.27991 -2.8884 -0.979083 2.04999 3.67009 5.03438 8.1074 9.65208 9.43973 6.66156 1.69227 -1.15149 -2.79345
68.71 4.41813 7.24851 7.94457 5.87456 0.581375 -1.56758 -3.93217 -8.74985 -10.1841 -8.80462 -6.26537 -4.02284 -1.81574 1.36803 3.11637 4.702 7.84514 9.5078 9.42609 6.98607 2.65834 0.0326065 -1.76335
68.76 4.76665 7.66174 8.21375 6.40034 1.69925 -0.215779 -2.71398 -8.03246 -9.92778 -9.06724 -7.32277 -5.32425 -2.80811 0.663234 2.67232 4.40501 7.47939 9.19609 9.22853 7.18038 3.61142 1.28457 -0.664943
68.81 5.03394 7.97705 8.41904 6.91 2.81447 1.11699 -1.44157 -7.11182 -9.42847 -9.19582 -8.39149 -6.73776 -3.95482 -0.124499 2.23732 4.05021 6.97429 8.72454 8.8705 7.25526 4.51459 2.56468 0.503791
68.86 5.2253 8.20464 8.56931 7.39457 3.91804 2.45189 -0.138004 -6.02809 -8.68843 -9.15458 -9.37664 -8.16363 -5.17845 -0.998948 1.68076 3.54585 6.34179 8.11469 8.367 7.20016 5.30904 3.79171 1.68956
68.91 5.3505 8.37034 8.69561 7.83328 4.96743 3.76417 1.13568 -4.86122 -7.73118 -8.86183 -10.0245 -9.40457 -6.45276 -2.00897 0.913056 2.87073 5.6365 7.41487 7.74602 7.00942 5.94665 4.87567 2.79078
68.96 5.4397 8.49286 8.78952 8.20011 5.91147 4.95899 2.29684 -3.67077 -6.57899 -8.30452 -10.3719 -10.2822 -7.59701 -3.13247 -0.0340213 2.06334 4.88079 6.66118 7.03826 6.69597 6.42566 5.79378 3.75096
69.01 5.51531 8.59125 8.86469 8.49612 6.70865 5.96554 3.30306 -2.47515 -5.25351 -7.47596 -10.4838 -10.9004 -8.52055 -4.26295 -1.12569 1.14005 4.08484 5.87684 6.26775 6.27731 6.76574 6.56841 4.57735
69.06 5.59875 8.69674 8.95712 8.7109 7.31975 6.75982 4.14199 -1.29576 -3.81823 -6.38951 -10.3611 -11.2843 -9.20244 -5.35994 -2.33019 0.126772 3.26269 5.09704 5.46915 5.78245 6.99097 7.21317 5.27104
69.11 5.72806 8.77917 8.98945 8.82359 7.78101 7.33681 4.81162 -0.191806 -2.41705 -5.14274 -9.84854 -11.3335 -9.70616 -6.47761 -3.60291 -0.898898 2.4875 4.39313 4.71392 5.27804 7.15199 7.74486 5.82112
69.16 5.87111 8.8065 8.95382 8.85073 8.11042 7.74278 5.37474 0.873895 -1.07647 -3.90554 -9.11 -11.0561 -9.98654 -7.57353 -4.97058 -2.00301 1.71002 3.73923 4.0018 4.77544 7.2477 8.17569 6.27198
69.21 6.00314 8.76532 8.85214 8.80072 8.33006 8.02472 5.87609 1.92444 0.207104 -2.73474 -8.26871 -10.5273 -10.05 -8.5855 -6.38294 -3.19148 0.880604 3.07618 3.30069 4.2619 7.22005 8.45015 6.64163
69.26 6.09836 8.63596 8.67261 8.67451 8.45899 8.2118 6.32445 2.95226 1.434 -1.59564 -7.33827 -9.83086 -9.93263 -9.46075 -7.75065 -4.40659 0.00245865 2.38127 2.61116 3.75348 7.01558 8.48008 6.88887
69.31 6.12495 8.39468 8.39831 8.4681 8.5115 8.32657 6.71823 3.94835 2.6148 -0.483707 -6.34563 -9.00828 -9.64803 -10.1547 -8.99214 -5.58797 -0.909375 1.65985 1.97144 3.29502 6.63702 8.21308 6.92175
69.36 6.04652 8.01649 8.01087 8.17523 8.49737 8.38696 7.05589 4.90686 3.75787 0.574108 -5.33429 -8.08586 -9.20226 -10.6309 -10.0376 -6.6792 -1.83804 0.914464 1.40339 2.89995 6.1432 7.71026 6.69575
69.41 5.83087 7.48375 7.49943 7.79472 8.42287 8.40258 7.3336 5.81232 4.84436 1.55825 -4.32987 -7.10118 -8.60942 -10.8569 -10.8254 -7.63678 -2.77512 0.154832 0.907776 2.54616 5.57639 7.06997 6.2707
69.46 5.4652 6.79619 6.8684 7.33372 8.28704 8.36805 7.54156 6.64308 5.85127 2.4652 -3.33915 -6.09918 -7.91235 -10.8272 -11.3139 -8.42457 -3.72413 -0.636527 0.452683 2.21861 4.98597 6.36538 5.71996
69.51 4.96221 5.97444 6.13974 6.8063 8.08134 8.26687 7.67033 7.38326 6.76127 3.29761 -2.31101 -4.99561 -7.12324 -10.6212 -11.5432 -9.05121 -4.69874 -1.50136 -0.0337199 1.85713 4.3689 5.6284 5.0923
69.56 4.35551 5.05733 5.34878 6.22569 7.783 8.06448 7.69757 8.01483 7.58362 4.1209 -1.19626 -3.79796 -6.26763 -10.2871 -11.5725 -9.53164 -5.67381 -2.44287 -0.601206 1.40591 3.68956 4.84311 4.39346
69.61 3.68259 4.08782 4.53138 5.60021 7.36796 7.72953 7.60558 8.51682 8.30638 4.9703 0.0414303 -2.49745 -5.32744 -9.8426 -11.4536 -9.88844 -6.6162 -3.43482 -1.2597 0.841489 2.92049 3.98552 3.61122
69.66 2.96965 3.09474 3.70619 4.92839 6.82192 7.24924 7.39014 8.86456 8.8924 5.82972 1.41851 -1.05392 -4.24994 -9.26716 -11.2076 -10.1382 -7.50978 -4.4548 -2.00244 0.164376 2.05722 3.04822 2.74033
69.71 2.22346 2.08089 2.8644 4.1975 6.14591 6.63513 7.06204 9.03882 9.29907 6.64048 2.90535 0.539292 -2.92255 -8.4364 -10.8388 -10.3001 -8.36844 -5.50785 -2.83655 -0.627203 1.10637 2.03979 1.78934
69.76 1.43536 1.03038 1.98344 3.39695 5.36279 5.92192 6.63572 9.01566 9.47489 7.31017 4.45902 2.34329 -1.38807 -7.36991 -10.2513 -10.3155 -9.16598 -6.58126 -3.75639 -1.52151 0.0906717 0.984485 0.780728
69.81 0.57888 -0.0889408 1.03387 2.52112 4.51357 5.16346 6.13025 8.78239 9.38495 7.7464 5.98904 4.31712 0.305904 -6.06247 -9.35603 -10.1119 -9.85968 -7.64954 -4.74744 -2.50227 -0.968975 -0.096283 -0.261932
69.86 -0.397253 -1.32707 -0.0221541 1.56006 3.63938 4.41423 5.56422 8.34447 9.02848 7.90402 7.37425 6.30629 2.06533 -4.51748 -8.06115 -9.57906 -10.3657 -8.65503 -5.7722 -3.54308 -2.05849 -1.19181 -1.32052
69.91 -1.53006 -2.74079 -1.24298 0.487705 2.76361 3.7061 4.94789 7.72571 8.4454 7.80697 8.4879 8.08344 3.74732 -2.78448 -6.30451 -8.57179 -10.5552 -9.50104 -6.76236 -4.6036 -3.1694 -2.29889 -2.37827
69.96 -2.42308 -3.98725 -2.59237 -0.790051 1.79498 3.00199 4.27698 6.97246 7.71853 7.53934 9.23501 9.41245 5.16948 -1.03639 -4.2401 -7.02995 -10.2789 -10.0543 -7.60652 -5.60924 -4.27537 -3.39915 -3.40054
70.01 -3.19163 -4.9699 -3.68574 -2.0412 0.708541 2.23112 3.52092 6.11321 6.913 7.17464 9.61644 10.2237 6.27724 0.642982 -2.15033 -5.21847 -9.53699 -10.2088 -8.1844 -6.47554 -5.35088 -4.48048 -4.3602
70.06 -3.88638 -5.84129 -4.61184 -3.05577 -0.327567 1.33628 2.65797 5.1725 6.07197 6.75297 9.69448 10.5809 7.11414 2.28139 -0.114525 -3.37093 -8.48205 -9.96827 -8.44423 -7.15613 -6.38947 -5.55721 -5.27038
70.11 -4.40469 -6.56464 -5.31662 -3.85354 -1.40784 0.250243 1.70453 4.20738 5.25187 6.30239 9.52491 10.5567 7.69723 3.8895 1.89511 -1.56077 -7.24494 -9.39429 -8.38963 -7.62415 -7.35741 -6.62008 -6.14991
70.16 -4.54804 -6.99337 -5.77059 -4.58579 -2.66443 -1.0698 0.65219 3.29025 4.50918 5.83996 9.14235 10.2037 7.99654 5.42111 3.90465 0.211617 -5.88924 -8.54154 -8.03763 -7.85732 -8.19637 -7.62765 -6.99637
70.21 -4.48011 -7.11817 -5.95839 -5.20609 -4.03716 -2.60943 -0.546019 2.36736 3.78795 5.29205 8.52201 9.54342 7.98085 6.83384 5.93495 1.95438 -4.42292 -7.40179 -7.37235 -7.82394 -8.85304 -8.5375 -7.79732
70.26 -4.245 -6.99363 -5.92479 -5.69097 -5.3277 -4.22757 -1.91493 1.3513 3.00888 4.5704 7.63155 8.59235 7.64442 8.04884 7.86957 3.61523 -2.89395 -5.98203 -6.34842 -7.45129 -9.25536 -9.29943 -8.53003
70.31 -3.95716 -6.65363 -5.64632 -5.97662 -6.30617 -5.50999 -3.33002 0.143755 2.09614 3.63297 6.49373 7.41679 7.05187 8.96247 9.48577 5.05995 -1.40097 -4.38679 -4.99812 -6.69504 -9.32892 -9.85056 -9.15108
70.36 -3.61357 -6.00409 -5.02291 -5.99637 -7.06682 -6.49086 -4.64217 -1.13282 1.09754 2.55736 5.21119 6.12945 6.30854 9.50238 10.6546 6.24672 0.0320074 -2.73439 -3.45007 -5.61068 -9.04987 -10.1371 -9.61284
70.41 -3.21129 -5.10247 -4.09482 -5.68899 -7.62209 -7.24491 -5.73335 -2.36216 0.0360596 1.42683 3.9186 4.85438 5.51973 9.65202 11.3442 7.21234 1.42197 -1.13602 -1.86722 -4.32302 -8.4631 -10.1418 -9.87972
70.46 -2.73942 -3.99765 -2.91405 -5.02472 -7.96787 -7.84485 -6.54458 -3.49459 -1.09132 0.302062 2.7197 3.69251 4.77197 9.47786 11.5731 7.96738 2.81405 0.414202 -0.345278 -2.99175 -7.66125 -9.87211 -9.92896
70.51 -2.16563 -2.73836 -1.55479 -4.02584 -8.07438 -8.34882 -7.10558 -4.53077 -2.30821 -0.797402 1.66535 2.69511 4.10644 9.06856 11.3914 8.48504 4.19022 1.9475 1.12318 -1.67267 -6.72948 -9.36714 -9.76118
70.56 -1.47731 -1.38388 -0.0989795 -2.75121 -7.88273 -8.71654 -7.52071 -5.53357 -3.62819 -1.88772 0.755794 1.878 3.52222 8.48246 10.8616 8.70826 5.47614 3.48932 2.57867 -0.350471 -5.69766 -8.66378 -9.38588
70.61 -0.724 -0.0296184 1.35204 -1.28108 -7.18669 -8.74742 -7.93345 -6.67015 -5.05427 -2.96885 0.00105367 1.2929 3.04269 7.77291 10.0622 8.59677 6.56546 4.99773 4.01214 0.952856 -4.6181 -7.79841 -8.80503
70.66 0.0865394 1.30673 2.76734 0.169626 -6.3077 -8.45282 -8.14393 -7.62357 -6.44219 -4.17464 -0.761267 0.868407 2.60544 6.93795 9.06534 8.19158 7.39655 6.39471 5.38865 2.20601 -3.54488 -6.81946 -8.03498
70.71 0.906761 2.58065 4.09922 1.52625 -5.36242 -7.89536 -8.145 -8.3459 -7.50699 -5.3072 -1.60156 0.413453 2.10433 6.01288 7.96597 7.60512 7.95199 7.57642 6.62306 3.34292 -2.53493 -5.80646 -7.13152
70.76 1.72226 3.76039 5.23402 2.67804 -4.34339 -7.08928 -7.90872 -8.87598 -8.32383 -6.2878 -2.45913 -0.128363 1.51113 5.04756 6.84912 6.95095 8.26431 8.49379 7.66483 4.34183 -1.58294 -4.79984 -6.1683
70.81 2.48675 4.80452 6.13916 3.62224 -3.27571 -6.07953 -7.41727 -9.22564 -8.97449 -7.09205 -3.29443 -0.763435 0.851672 4.09305 5.78134 6.30834 8.3828 9.13684 8.47975 5.19455 -0.658233 -3.79968 -5.19876
70.86 3.16853 5.69763 6.84809 4.3998 -2.16518 -4.86672 -6.65614 -9.41179 -9.53737 -7.72496 -4.09916 -1.52618 0.136428 3.19476 4.81259 5.72295 8.35128 9.51801 9.05205 5.90432 0.282937 -2.7658 -4.23016
70.91 3.75203 6.43649 7.3943 5.06261 -1.02615 -3.52598 -5.64848 -9.39777 -10.0195 -8.20993 -4.88681 -2.43691 -0.630851 2.37798 3.97862 5.2191 8.20074 9.65792 9.37541 6.46627 1.25924 -1.65944 -3.2395
70.96 4.23515 7.0292 7.80064 5.6371 0.0903532 -2.1678 -4.47051 -9.01333 -10.2055 -8.64388 -5.81598 -3.4982 -1.42911 1.66689 3.34128 4.83858 7.97149 9.59295 9.45683 6.85996 2.23115 -0.500374 -2.22582
71.01 4.62305 7.49181 8.10302 6.16859 1.20253 -0.813802 -3.256 -8.3716 -10.0743 -8.96801 -6.84965 -4.72996 -2.34784 0.983427 2.86258 4.53869 7.65668 9.35406 9.33658 7.10887 3.19235 0.722925 -1.16114
71.06 4.92511 7.84879 8.33565 6.68698 2.32142 0.527476 -2.01029 -7.54194 -9.67985 -9.15827 -7.92245 -6.10349 -3.43091 0.23581 2.43338 4.21877 7.21662 8.95263 9.04805 7.23721 4.12431 1.99901 -0.0200744
71.11 5.15034 8.11397 8.50795 7.18231 3.43036 1.85894 -0.718653 -6.52625 -9.04521 -9.19664 -8.96118 -7.53837 -4.63336 -0.60058 1.95897 3.79692 6.63253 8.3983 8.60606 7.24105 4.97389 3.26014 1.16721
71.16 5.30147 8.30304 8.64276 7.64688 4.51247 3.19122 0.58136 -5.38272 -8.17991 -9.02383 -9.7807 -8.90495 -5.89431 -1.53984 1.27779 3.18705 5.9559 7.73313 8.03338 7.11 5.68467 4.41694 2.31985
71.21 5.40302 8.44308 8.75204 8.04671 5.50911 4.44974 1.79955 -4.19994 -7.11247 -8.5845 -10.2498 -9.931 -7.11421 -2.62903 0.40487 2.43621 5.22106 7.00009 7.36083 6.84876 6.23165 5.40584 3.34257
71.26 5.48247 8.5483 8.82981 8.374 6.37737 5.54524 2.87899 -3.00447 -5.86329 -7.87989 -10.4606 -10.6523 -8.14063 -3.76555 -0.625578 1.56236 4.44171 6.2266 6.61525 6.47449 6.63083 6.2415 4.22692
71.31 5.55968 8.64858 8.91432 8.62547 7.07165 6.43493 3.79048 -1.81241 -4.45607 -6.89562 -10.4494 -11.1596 -8.92813 -4.87116 -1.78561 0.582373 3.62733 5.43652 5.82149 6.00673 6.90251 6.94341 4.98154
71.36 5.66712 8.74914 8.98515 8.78541 7.59397 7.10607 4.53278 -0.67315 -3.03103 -5.70321 -10.1174 -11.3531 -9.50782 -5.98278 -3.02896 -0.440366 2.82532 4.69468 5.04102 5.50026 7.08651 7.5208 5.59242
71.41 5.80794 8.80199 8.97733 8.84836 7.97912 7.5802 5.13427 0.404137 -1.66259 -4.44628 -9.45454 -11.2156 -9.89087 -7.09436 -4.35415 -1.50122 2.05961 4.02714 4.31441 4.99906 7.21647 7.99931 6.08184
71.46 5.94762 8.79331 8.90609 8.83231 8.24501 7.91295 5.66034 1.46048 -0.355649 -3.24506 -8.64991 -10.7872 -10.0472 -8.15209 -5.75791 -2.65815 1.25468 3.37325 3.61073 4.49044 7.25165 8.35333 6.48887
71.51 6.06282 8.70571 8.76275 8.73983 8.41177 8.13881 6.13235 2.50089 0.898228 -2.10055 -7.76367 -10.156 -10.0049 -9.09234 -7.15545 -3.86885 0.396571 2.69316 2.91353 3.97569 7.12952 8.50211 6.79958
71.56 6.12398 8.51711 8.53285 8.56993 8.49696 8.28331 6.55053 3.51112 2.09609 -0.97057 -6.78912 -9.38682 -9.79498 -9.87269 -8.46278 -5.07246 -0.502058 1.9818 2.24514 3.48871 6.8235 8.36779 6.93921
71.61 6.09671 8.20247 8.19755 8.31593 8.51126 8.36584 6.91312 4.48735 3.25661 0.113167 -5.78306 -8.50481 -9.41908 -10.449 -9.60281 -6.21003 -1.42577 1.2466 1.64584 3.07069 6.37364 7.9531 6.82445
71.66 5.94483 7.73941 7.74152 7.97388 8.46315 8.40104 7.21831 5.41897 4.37168 1.13231 -4.77278 -7.54223 -8.88858 -10.7894 -10.5119 -7.2317 -2.35885 0.493452 1.1193 2.69745 5.83293 7.36649 6.47911
71.71 5.6455 7.11908 7.16175 7.54716 8.35523 8.39046 7.45872 6.28531 5.41553 2.07149 -3.77768 -6.54296 -8.22986 -10.8698 -11.1351 -8.09828 -3.30218 -0.280069 0.652849 2.36314 5.24882 6.6815 5.975
71.76 5.20022 6.35292 6.47259 7.04726 8.18228 8.32178 7.62417 7.06751 6.36949 2.93437 -2.77523 -5.49925 -7.48257 -10.7303 -11.4699 -8.79257 -4.26454 -1.10774 0.189894 2.02567 4.64766 5.95932 5.37871
71.81 4.63458 5.47253 5.70442 6.48882 7.92831 8.16893 7.69933 7.74946 7.2299 3.75358 -1.70329 -4.33917 -6.65494 -10.4492 -11.5805 -9.33563 -5.24437 -2.01792 -0.33855 1.61908 4.0004 5.19869 4.71253
71.86 3.98684 4.52146 4.89504 5.88272 7.56748 7.8956 7.66158 8.31184 8.00029 4.59057 -0.523965 -3.08886 -5.75716 -10.0534 -11.5227 -9.74454 -6.20445 -2.9911 -0.957274 1.10563 3.27296 4.37528 3.9687
71.91 3.28949 3.53675 4.07265 5.23235 7.08033 7.47977 7.50035 8.73081 8.65225 5.45052 0.791981 -1.71246 -4.75024 -9.54367 -11.3314 -10.0396 -7.11978 -4.00001 -1.66321 0.477974 2.45083 3.47292 3.13678
71.96 2.55836 2.53328 3.2407 4.5295 6.46058 6.92207 7.22046 8.98455 9.14425 6.29245 2.23447 -0.190756 -3.5387 -8.83408 -11.0238 -10.2432 -7.99416 -5.03807 -2.45607 -0.263105 1.53699 2.49381 2.21918
72.01 1.79084 1.50194 2.38029 3.76062 5.72058 6.24694 6.83552 9.05135 9.42817 7.03726 3.76728 1.51799 -2.09097 -7.87155 -10.5443 -10.3309 -8.82243 -6.10449 -3.33903 -1.11366 0.547038 1.4561 1.23298
72.06 0.969345 0.418203 1.46522 2.91884 4.8951 5.50133 6.36266 8.9117 9.45843 7.58621 5.3212 3.42906 -0.459544 -6.67173 -9.79662 -10.2354 -9.56967 -7.17988 -4.30146 -2.05861 -0.495285 0.384612 0.20281
72.11 0.0542818 -0.760087 0.461589 1.99747 4.02772 4.74222 5.8215 8.5625 9.21747 7.86842 6.78675 5.43689 1.28616 -5.22964 -8.68956 -9.86457 -10.1723 -8.22293 -5.3179 -3.07698 -1.57288 -0.705033 -0.850671
72.16 -1.01933 -2.0902 -0.672381 0.980442 3.15127 4.01396 5.22677 8.01982 8.72746 7.87709 8.0349 7.33743 3.02242 -3.56761 -7.14011 -9.08807 -10.5199 -9.15329 -6.3335 -4.1346 -2.67523 -1.80737 -1.91126
72.21 -2.05228 -3.47672 -2.02568 -0.217185 2.24727 3.3218 4.58477 7.32116 8.05329 7.6732 8.95185 8.88884 4.57963 -1.80271 -5.1691 -7.7644 -10.4648 -9.85528 -7.26028 -5.17747 -3.78902 -2.91462 -2.955
72.26 -2.86032 -4.55685 -3.22812 -1.50189 1.19311 2.5826 3.86717 6.50528 7.27659 7.34493 9.48856 9.92479 5.82251 -0.0937053 -3.07036 -6.03569 -9.91459 -10.1917 -7.96627 -6.11259 -4.87837 -4.00289 -3.94262
72.31 -3.59177 -5.46471 -4.2183 -2.64221 0.122456 1.7524 3.0538 5.5969 6.44595 6.945 9.69323 10.4733 6.77418 1.5584 -1.01058 -4.18597 -8.97791 -10.1202 -8.36928 -6.87981 -5.9354 -5.08054 -4.87178
72.36 -4.21224 -6.28842 -5.05279 -3.50781 -0.898703 0.76209 2.13639 4.63029 5.60643 6.50238 9.62685 10.6103 7.47172 3.18361 1.00676 -2.35623 -7.80926 -9.6854 -8.45163 -7.44498 -6.94136 -6.15345 -5.76386
72.41 -4.51475 -6.83982 -5.60287 -4.27555 -2.09023 -0.45485 1.13552 3.69356 4.83104 6.04986 9.33868 10.3984 7.90067 4.75397 3.01117 -0.572579 -6.50477 -8.95268 -8.23014 -7.78439 -7.84405 -7.19097 -6.62612
72.46 -4.53456 -7.09951 -5.90627 -4.94475 -3.4181 -1.90428 0.00259519 2.78033 4.10975 5.55132 8.82872 9.87323 8.02821 6.22669 5.03652 1.18733 -5.08418 -7.9431 -7.70882 -7.87582 -8.58894 -8.14955 -7.44932
72.51 -4.36152 -7.0687 -5.96043 -5.49924 -4.80524 -3.53196 -1.2827 1.8281 3.36773 4.9166 8.05985 9.04664 7.83033 7.54171 7.03892 2.89861 -3.57219 -6.64067 -6.84731 -7.66347 -9.11433 -8.98431 -8.21634
72.56 -4.08749 -6.84742 -5.8174 -5.87933 -5.89812 -4.98311 -2.7092 0.694418 2.51553 4.0715 7.02275 7.95857 7.33953 8.60021 8.81975 4.45155 -2.05473 -5.10729 -5.6301 -7.07642 -9.34023 -9.63656 -8.89291
72.61 -3.77355 -6.32601 -5.33889 -6.02538 -6.75662 -6.08855 -4.08044 -0.566002 1.54535 3.0437 5.78929 6.70561 6.64934 9.31203 10.1955 5.75121 -0.595358 -3.46493 -4.1497 -6.12513 -9.21575 -10.0451 -9.43075
72.66 -3.39697 -5.53014 -4.54109 -5.86848 -7.40097 -6.93443 -5.28353 -1.8283 0.515009 1.93049 4.48431 5.41019 5.86846 9.63104 11.0974 6.81013 0.807176 -1.83687 -2.56356 -4.90628 -8.75597 -10.1754 -9.78786
72.71 -2.9591 -4.50927 -3.46406 -5.36319 -7.84211 -7.59342 -6.21974 -3.00575 -0.582995 0.797062 3.23481 4.18867 5.09421 9.58872 11.5256 7.65962 2.19681 -0.268163 -1.01054 -3.5807 -8.03662 -10.0235 -9.93462
72.76 -2.43446 -3.31229 -2.17425 -4.50622 -8.05926 -8.1358 -6.88314 -4.08222 -1.75621 -0.312995 2.11331 3.11557 4.39075 9.27435 11.5185 8.28801 3.58607 1.26792 0.476387 -2.25568 -7.15475 -9.61735 -9.86201
72.81 -1.79333 -1.98821 -0.746437 -3.34784 -8.01961 -8.59349 -7.33988 -5.07466 -3.02874 -1.40626 1.14008 2.21508 3.77008 8.76037 11.1345 8.6496 4.92444 2.80619 1.93496 -0.936808 -6.16627 -8.99804 -9.57753
72.86 -1.06653 -0.629847 0.709402 -1.94101 -7.53493 -8.77799 -7.76712 -6.15846 -4.40919 -2.4835 0.32293 1.52483 3.24501 8.10229 10.4452 8.68668 6.11149 4.33662 3.37974 0.378196 -5.09937 -8.20006 -9.08774
72.91 -0.276844 0.72007 2.14923 -0.461942 -6.70701 -8.61783 -8.07733 -7.23701 -5.86734 -3.63549 -0.409806 1.04614 2.7995 7.32348 9.52593 8.4011 7.06296 5.79759 4.7927 1.66329 -4.0133 -7.26057 -8.39655
72.96 0.545485 2.02625 3.52072 0.936948 -5.78765 -8.17226 -8.17092 -8.05048 -7.07142 -4.82277 -1.22408 0.627041 2.33933 6.42998 8.45943 7.87917 7.73834 7.08346 6.09713 2.85521 -2.97421 -6.25604 -7.54349
73.01 1.36325 3.25251 4.76469 2.20081 -4.80486 -7.4763 -8.04515 -8.66442 -7.98725 -5.87405 -2.08025 0.121872 1.78338 5.47704 7.34141 7.24313 8.15278 8.12123 7.22967 3.91729 -1.99876 -5.24361 -6.59788
73.06 2.15735 4.35991 5.76241 3.2238 -3.75204 -6.54775 -7.66635 -9.09242 -8.70196 -6.75845 -2.92882 -0.469234 1.15043 4.51097 6.24449 6.5878 8.35094 8.88517 8.14806 4.83485 -1.06701 -4.24342 -5.62709
73.11 2.87807 5.32147 6.5572 4.07434 -2.66342 -5.42878 -7.02762 -9.35101 -9.29561 -7.46435 -3.74595 -1.17027 0.459887 3.58349 5.22699 5.97328 8.38141 9.38011 8.82887 5.6074 -0.138162 -3.23086 -4.66009
73.16 3.50617 6.12744 7.16937 4.77887 -1.53238 -4.12854 -6.12093 -9.43157 -9.8233 -8.01036 -4.53561 -2.01568 -0.283986 2.73069 4.32885 5.43081 8.28029 9.62391 9.26265 6.23627 0.823001 -2.15961 -3.68258
73.21 4.03335 6.78437 7.637 5.39235 -0.400463 -2.76871 -5.0055 -9.2336 -10.1621 -8.45715 -5.38669 -3.00911 -1.06911 1.96969 3.59772 4.99129 8.08124 9.64426 9.44839 6.70593 1.80281 -1.0195 -2.67772
73.26 4.4625 7.30112 7.97873 5.93484 0.707991 -1.41335 -3.79388 -8.67667 -10.1691 -8.8419 -6.3838 -4.16369 -1.92055 1.29034 3.0622 4.66818 7.80929 9.48027 9.41191 7.01407 2.76792 0.172244 -1.64173
73.31 4.80125 7.7024 8.24009 6.45925 1.8266 -0.0632768 -2.57166 -7.93745 -9.88326 -9.08962 -7.44587 -5.48148 -2.93199 0.577919 2.62358 4.36871 7.42917 9.15007 9.19529 7.19478 3.71779 1.43043 -0.534438
73.36 5.05987 8.00727 8.43839 6.9661 2.9406 1.26847 -1.29457 -6.99629 -9.35636 -9.20043 -8.51035 -6.90211 -4.09315 -0.22027 2.18533 4.00322 6.90682 8.66074 8.81967 7.25545 4.61147 2.70872 0.639565
73.41 5.24249 8.22604 8.58458 7.44772 4.04159 2.60402 0.0104509 -5.89775 -8.59025 -9.13515 -9.46926 -8.32162 -5.32361 -1.10607 1.6029 3.476 6.2644 8.03853 8.30136 7.18496 5.38989 3.92358 1.8213
73.46 5.36218 8.38634 8.70796 7.87862 5.08102 3.90788 1.27464 -4.72646 -7.60965 -8.8121 -10.0778 -9.52093 -6.59252 -2.134 0.813129 2.78488 5.55253 7.33105 7.66907 6.97935 6.00865 4.98798 2.90712
73.51 5.44895 8.50491 8.7982 8.23705 6.01023 5.08386 2.41984 -3.5345 -6.43655 -8.22448 -10.396 -10.3643 -7.71438 -3.26255 -0.151789 1.96344 4.79172 6.57275 6.95301 6.65305 6.47085 5.88863 3.85144
73.56 5.5243 8.60286 8.87438 8.52448 6.78741 6.0667 3.40658 -2.33926 -5.09244 -7.36349 -10.4829 -10.9584 -8.61059 -4.38947 -1.25844 1.0281 3.99195 5.78639 6.17692 6.22368 6.79642 6.64809 4.66302
73.61 5.61154 8.70897 8.96567 8.72882 7.37889 6.83598 4.22629 -1.16606 -3.65576 -6.25308 -10.3238 -11.3059 -9.26853 -5.4874 -2.47225 0.00995533 3.17091 5.01212 5.37981 5.72436 7.01159 7.27848 5.34012
73.66 5.74451 8.78551 8.98864 8.83056 7.82444 7.39019 4.87959 -0.0693239 -2.2611 -4.99912 -9.77237 -11.3177 -9.75013 -6.60479 -3.75421 -1.01975 2.40043 4.31723 4.63118 5.22092 7.16693 7.79931 5.87631
73.71 5.88741 8.80586 8.9459 8.8488 8.14032 7.78017 5.4343 0.994081 -0.927697 -3.76871 -9.01808 -11.007 -10.0045 -7.69467 -5.13124 -2.13534 1.61811 3.66472 3.92154 4.71738 7.25198 8.21629 6.31806
73.76 6.01669 8.75569 8.83602 8.79009 8.34866 8.04993 5.92961 2.04311 0.350419 -2.60567 -8.16913 -10.4548 -10.0448 -8.69282 -6.54269 -3.32985 0.782616 2.99855 3.22103 4.20304 7.20632 8.46744 6.67706
73.81 6.10573 8.6148 8.64667 8.65518 8.46844 8.22782 6.37176 3.06714 1.57025 -1.46679 -7.22699 -9.74321 -9.90895 -9.55016 -7.90023 -4.54422 -0.100208 2.29994 2.53456 3.69762 6.98048 8.46476 6.90501
73.86 6.12225 8.35913 8.36033 8.4392 8.51292 8.33556 6.75916 4.05929 2.74682 -0.360282 -6.23097 -8.90774 -9.60533 -10.2207 -9.12256 -5.71806 -1.01502 1.57586 1.90312 3.24798 6.58545 8.16469 6.90822
73.91 6.02951 7.96391 7.95906 8.13628 8.49176 8.39068 7.09034 5.01278 3.88481 0.690211 -5.2191 -7.97602 -9.1419 -10.6701 -10.1417 -6.796 -1.94454 0.828451 1.3432 2.85706 6.0814 7.64349 6.65606
73.96 5.79689 7.41311 7.43341 7.7461 8.41053 8.40122 7.36072 5.91077 4.96306 1.66503 -4.21657 -6.98714 -8.53419 -10.8661 -10.8967 -7.73588 -2.8828 0.0666431 0.854702 2.50809 5.50959 6.99157 6.21284
74.01 5.41445 6.70881 6.78981 7.27674 8.26736 8.36016 7.56017 6.73193 5.95969 2.56325 -3.22546 -5.98104 -7.82737 -10.8111 -11.3519 -8.50371 -3.83392 -0.73082 0.400154 2.18036 4.91753 6.28308 5.65187
74.06 4.89764 5.87394 6.05208 6.74267 8.05253 8.24951 7.67875 7.46069 6.85893 3.39046 -2.1891 -4.86332 -7.02898 -10.5892 -11.5558 -9.11324 -4.81081 -1.60539 -0.0940065 1.81081 4.29518 5.54179 5.01639
74.11 4.28157 4.94879 5.25646 6.15666 7.742 8.03335 7.69311 8.07868 7.67115 4.216 -1.06211 -3.65565 -6.16554 -10.2421 -11.566 -9.57841 -5.78359 -2.55412 -0.67193 1.34724 3.60656 4.74926 4.30869
74.16 3.60305 3.97552 4.43767 5.52618 7.3125 7.68209 7.58701 8.56436 8.3805 5.06821 0.191266 -2.34084 -5.21293 -9.78474 -11.432 -9.92235 -6.72082 -3.55008 -1.34036 0.769746 2.82659 3.88253 3.51632
74.21 2.88633 2.98041 3.6115 4.84841 6.75128 7.18556 7.35808 8.89333 8.94835 5.92571 1.58264 -0.881415 -4.11106 -9.18538 -11.1736 -10.1624 -7.61005 -4.57345 -2.09303 0.0796691 1.95277 2.93637 2.63555
74.26 2.13603 1.96344 2.76648 4.10994 6.06144 6.55796 7.018 9.04627 9.33127 6.72552 3.08016 0.733929 -2.75744 -8.32677 -10.7847 -10.3106 -8.46329 -5.6297 -2.93739 -0.724375 0.993256 1.92125 1.6767
74.31 1.34184 0.907024 1.8793 3.30106 5.26853 5.83667 6.58168 8.99956 9.47809 7.37273 4.63634 2.56146 -1.20184 -7.23317 -10.1666 -10.3054 -9.2518 -6.70428 -3.86639 -1.62947 -0.028383 0.862122 0.663075
74.36 0.4748 -0.223011 0.919661 2.4162 4.41458 5.07674 6.06847 8.74236 9.35709 7.77824 6.15634 4.54675 0.505429 -5.89796 -9.23027 -10.0705 -9.92927 -7.76911 -4.86376 -2.61867 -1.09201 -0.220665 -0.38223
74.41 -0.519425 -1.47851 -0.151257 1.44424 3.53946 4.33121 5.49645 8.2824 8.97214 7.90441 7.51664 6.52371 2.26386 -4.32762 -7.88458 -9.49139 -10.4064 -8.76198 -5.88862 -3.66403 -2.18431 -1.31761 -1.44165
74.46 -1.64557 -2.90196 -1.40434 0.348615 2.66242 3.62849 4.87541 7.64607 8.36807 7.78304 8.59232 8.26082 3.92541 -2.58254 -6.07743 -8.41942 -10.55 -9.5824 -6.86918 -4.72331 -3.29682 -2.42544 -2.49762
74.51 -2.51494 -4.10963 -2.72883 -0.937113 1.67399 2.91778 4.19521 6.87931 7.62968 7.50149 9.29548 9.52984 5.31068 -0.841734 -4.00007 -6.83142 -10.2158 -10.0932 -7.68772 -5.71633 -4.39969 -3.52324 -3.51321
74.56 -3.27543 -5.073 -3.79826 -2.17171 0.586291 2.13683 3.42827 6.0095 6.81805 7.12878 9.6391 10.2853 6.38518 0.830988 -1.91555 -5.00691 -9.42956 -10.2007 -8.2308 -6.56347 -5.47165 -4.60339 -4.46607
74.61 -3.95764 -5.93559 -4.70897 -3.15368 -0.442048 1.22383 2.55312 5.06198 5.97594 6.70229 9.68639 10.5958 7.19338 2.46658 0.115183 -3.16229 -8.34849 -9.91865 -8.45392 -7.22103 -6.50465 -5.6798 -5.3721
74.66 -4.4358 -6.62697 -5.38073 -3.94239 -1.54374 0.111943 1.59098 4.10097 5.16371 6.25105 9.49187 10.532 7.74584 4.0683 2.12311 -1.35786 -7.09633 -9.31083 -8.36468 -7.66329 -7.46082 -6.7387 -6.24829
74.71 -4.55051 -7.02291 -5.80485 -4.66196 -2.816 -1.2353 0.523047 3.18641 4.4273 5.78351 9.08422 10.1435 8.01088 5.58896 4.13552 0.412348 -5.72706 -8.42662 -7.97871 -7.86846 -8.28195 -7.73733 -7.09036
74.76 -4.46025 -7.11407 -5.964 -5.26984 -4.19854 -2.79583 -0.691328 2.25968 3.70367 5.21996 8.43425 9.44875 7.95784 6.98385 6.1639 2.14992 -4.25012 -7.2531 -7.27456 -7.80061 -8.91378 -8.63319 -7.88497
74.81 -4.21347 -6.96991 -5.9101 -5.73477 -5.45113 -4.39208 -2.07805 1.22113 2.91147 4.47368 7.51277 8.46762 7.58776 8.16952 8.07301 3.79249 -2.72065 -5.80653 -6.2093 -7.38471 -9.28183 -9.37441 -8.60748
74.86 -3.92153 -6.59405 -5.59166 -5.99369 -6.40406 -5.63573 -3.48686 -0.000453714 1.98516 3.51526 6.35247 7.27325 6.9725 9.04352 9.64249 5.20787 -1.23464 -4.19893 -4.82848 -6.58626 -9.31513 -9.89776 -9.2128
74.91 -3.57091 -5.91338 -4.93191 -5.97872 -7.14023 -6.58709 -4.78008 -1.27731 0.980737 2.43047 5.06159 5.98107 6.21895 9.53831 10.757 6.36709 0.191335 -2.54888 -3.26832 -5.47068 -8.99751 -10.1526 -9.65403
74.96 -3.16168 -4.98607 -3.9719 -5.6316 -7.67263 -7.3198 -5.84019 -2.49653 -0.0891152 1.29734 3.77574 4.7147 5.4311 9.64652 11.3924 7.30891 1.58033 -0.957108 -1.68981 -4.17134 -8.38085 -10.1248 -9.89686
75.01 -2.67987 -3.8611 -2.76681 -4.92698 -7.99303 -7.9067 -6.61997 -3.61728 -1.22499 0.175465 2.59167 3.57002 4.69168 9.44151 11.5716 8.03889 2.97257 0.589246 -0.175737 -2.84051 -7.56051 -9.826 -9.92109
75.06 -2.09258 -2.58727 -1.3919 -3.89363 -8.07009 -8.40127 -7.1574 -4.64394 -2.45361 -0.92185 1.55468 2.59233 4.03571 9.00967 11.347 8.52623 4.34308 2.12287 1.28961 -1.52222 -6.617 -9.29666 -9.72913
75.11 -1.39478 -1.2295 0.0663062 -2.5894 -7.82375 -8.73719 -7.57228 -5.65887 -3.78564 -2.00969 0.663348 1.79939 3.46257 8.40736 10.7824 8.71211 5.61149 3.66383 2.74342 -0.200317 -5.57562 -8.57276 -9.33046
75.16 -0.633641 0.124558 1.51652 -1.11186 -7.09157 -8.72896 -7.96936 -6.79547 -5.22296 -3.09998 -0.0814731 1.2389 2.99217 7.684 9.9568 8.5635 6.67389 5.16472 4.17376 1.10005 -4.49351 -7.69072 -8.72632
75.21 0.18069 1.45578 2.92359 0.328807 -6.20308 -8.40202 -8.15472 -7.71613 -6.57905 -4.31081 -0.854599 0.821861 2.55366 6.8355 8.94306 8.13122 7.47313 6.5413 5.53745 2.34205 -3.42618 -6.70448 -7.93747
75.26 0.999505 2.7205 4.24343 1.67301 -5.25149 -7.81675 -8.13126 -8.41605 -7.61102 -5.42721 -1.69952 0.355621 2.04061 5.90389 7.83803 7.53199 7.99876 7.69452 6.75219 3.46413 -2.42351 -5.69052 -7.02322
75.31 1.81321 3.88673 5.34736 2.79414 -4.22328 -6.98326 -7.86573 -8.92491 -8.40504 -6.38874 -2.55607 -0.19577 1.43872 4.93704 6.72367 6.87584 8.28645 8.58051 7.76934 4.44636 -1.47671 -4.68554 -6.05717
75.36 2.56918 4.91425 6.23008 3.71991 -3.15251 -5.95412 -7.34528 -9.25477 -9.04163 -7.1722 -3.38737 -0.843014 0.773053 3.98717 5.66515 6.23813 8.38598 9.19285 8.55699 5.28233 -0.552576 -3.68433 -5.08831
75.41 3.2404 5.78946 6.91753 4.47969 -2.03615 -4.71804 -6.55266 -9.42134 -9.59776 -7.78716 -4.18924 -1.62263 0.0514932 3.09732 4.71 5.66098 8.33951 9.54542 9.10116 5.97585 0.392543 -2.64354 -4.11845
75.46 3.81231 6.51145 7.44783 5.13296 -0.896387 -3.37037 -5.52184 -9.38095 -10.0559 -8.25836 -4.98431 -2.55108 -0.72136 2.29031 3.89472 5.16857 8.17764 9.65975 9.39619 6.51973 1.37132 -1.52885 -3.1243
75.51 4.28427 7.08797 7.8392 5.69851 0.216507 -2.01328 -4.33209 -8.94939 -10.2063 -8.68803 -5.93009 -3.62993 -1.52587 1.5899 3.28065 4.80213 7.94055 9.57396 9.45217 6.89466 2.34107 -0.364498 -2.10762
75.56 4.66184 7.53746 8.13256 6.22825 1.33022 -0.659543 -3.11761 -8.28842 -10.0414 -8.99609 -6.97095 -4.8805 -2.46328 0.90236 2.81295 4.50489 7.61339 9.3162 9.31152 7.12918 3.30066 0.866555 -1.03469
75.61 4.95478 7.88355 8.3581 6.74467 2.44841 0.679173 -1.86455 -7.43453 -9.62002 -9.1713 -8.04438 -6.26601 -3.56368 0.14469 2.38348 4.17717 7.15698 8.89663 9.00497 7.24397 4.22629 2.14506 0.11418
75.66 5.17138 8.13884 8.52425 7.23707 3.55602 2.0114 -0.569334 -6.40022 -8.95771 -9.19054 -9.07428 -7.70077 -4.77214 -0.700973 1.89138 3.73579 6.55921 8.32711 8.54672 7.23287 5.06272 3.39907 1.30262
75.71 5.3152 8.32138 8.65687 7.69589 4.63102 3.34029 0.725815 -5.24906 -8.06831 -8.98735 -9.84973 -9.04156 -6.04013 -1.65771 1.18741 3.108 5.87449 7.65216 7.96097 7.08629 5.75493 4.53801 2.44365
75.76 5.41309 8.45669 8.76222 8.08729 5.61493 4.58394 1.93016 -4.06401 -6.97864 -8.51766 -10.286 -10.0269 -7.24256 -2.75822 0.294589 2.34231 5.13412 6.9134 7.27896 6.81134 6.28406 5.50817 3.44998
75.81 5.49117 8.55943 8.83828 8.40683 6.466 5.65707 2.99131 -2.86826 -5.70965 -7.78173 -10.4709 -10.72 -8.24306 -3.89439 -0.752008 1.45541 4.35027 6.13668 6.52652 6.42532 6.6677 6.32779 4.31919
75.86 5.56947 8.661 8.92534 8.64885 7.13857 6.5225 3.884 -1.67816 -4.2915 -6.76883 -10.4324 -11.2005 -9.00315 -4.99555 -1.92406 0.465361 3.53256 5.34769 5.73007 5.94929 6.92654 7.01492 5.05859
75.91 5.68277 8.75814 8.98767 8.79676 7.64443 7.1686 4.60657 -0.54855 -2.87201 -5.55925 -10.0533 -11.3548 -9.56328 -6.11037 -3.17485 -0.557239 2.73786 4.61561 4.9557 5.44285 7.10426 7.57997 5.65295
75.96 5.8246 8.80464 8.97265 8.85036 8.01478 7.62414 5.19709 0.525167 -1.51069 -4.30596 -9.3683 -11.1799 -9.91987 -7.21903 -4.51157 -1.62862 1.97044 3.95289 4.23356 4.94167 7.22646 8.04707 6.13186
76.01 5.96273 8.78792 8.8938 8.82563 8.26848 7.94327 5.7165 1.5799 -0.210131 -3.11257 -8.55304 -10.7241 -10.0518 -8.26627 -5.91936 -2.79476 1.15922 3.29721 3.5307 4.43162 7.24668 8.38237 6.5298
76.06 6.07335 8.68998 8.74144 8.72453 8.42523 8.15871 6.18244 2.61734 1.03685 -1.97034 -7.65569 -10.075 -9.98968 -9.19053 -7.31073 -4.0077 0.295694 2.6133 2.83491 3.91772 7.10369 8.50206 6.82594
76.11 6.12626 8.48827 8.50047 8.5454 8.50188 8.29525 6.5944 3.62402 2.23006 -0.844455 -6.67553 -9.29158 -9.76052 -9.94944 -8.60251 -5.20658 -0.606469 1.89913 2.17286 3.43715 6.77813 8.33339 6.93976
76.16 6.08647 8.15765 8.15201 8.28149 8.50877 8.37187 6.95061 4.59584 3.38625 0.232915 -5.66764 -8.39851 -9.36641 -10.5006 -9.7194 -6.33315 -1.53182 1.1612 1.58187 3.02595 6.3159 7.89341 6.79536
76.21 5.91853 7.67674 7.68171 7.92946 8.45389 8.40211 7.24891 5.52113 4.49445 1.24329 -4.65853 -7.42935 -8.81924 -10.812 -10.5983 -7.33909 -2.46586 0.406603 1.06367 2.65769 5.7674 7.29173 6.42823
76.26 5.60195 7.03877 7.08839 7.49369 8.33898 8.38576 7.48126 6.37866 5.52892 2.1737 -3.66503 -6.42877 -8.14934 -10.8632 -11.1869 -8.18583 -3.41062 -0.370872 0.601269 2.32596 5.18131 6.60067 5.91091
76.31 5.14123 6.25762 6.38841 6.98642 8.15798 8.3093 7.63763 7.15035 6.47156 3.028 -2.65729 -5.37143 -7.39141 -10.705 -11.4931 -8.86216 -4.37621 -1.2076 0.133627 1.98366 4.5768 5.87492 5.30632
76.36 4.56426 5.36691 5.61363 6.42207 7.89309 8.14441 7.7009 7.81971 7.32224 3.84735 -1.5751 -4.20169 -6.55673 -10.4097 -11.5816 -9.38867 -5.35551 -2.1263 -0.404522 1.56619 3.92192 5.10843 4.63195
76.41 3.90943 4.41041 4.80168 5.81094 7.51866 7.85562 7.64939 8.36706 8.08101 4.68758 -0.381286 -2.93926 -5.64884 -10.0014 -11.5075 -9.78387 -6.31148 -3.10484 -1.03362 1.03966 3.18392 4.27644 3.87838
76.46 3.20781 3.42334 3.97859 5.15524 7.01642 7.42312 7.47409 8.7681 8.7168 5.54831 0.950847 -1.54547 -4.6263 -9.47743 -11.3015 -10.0666 -7.22088 -4.11655 -1.74894 0.399293 2.35112 3.36497 3.03631
76.51 2.47288 2.41742 3.1445 4.44541 6.38188 6.85039 7.18159 9.00192 9.18786 6.38382 2.40522 -0.00699458 -3.38411 -8.7361 -10.9801 -10.2606 -8.09173 -5.15866 -2.55245 -0.354943 1.42735 2.37784 2.10969
76.56 1.70042 1.38165 2.2793 3.66846 5.63004 6.1645 6.78568 9.04595 9.4448 7.11119 3.94488 1.72645 -1.91341 -7.7469 -10.4744 -10.3309 -8.91276 -6.22724 -3.44508 -1.21701 0.430357 1.33514 1.11722
76.61 0.870712 0.289596 1.356 2.81804 4.7976 5.41449 6.30409 8.88226 9.4444 7.63233 5.49477 3.656 -0.264442 -6.51943 -9.69037 -10.2094 -9.64759 -7.30172 -4.41544 -2.17159 -0.616705 0.261013 0.0834506
76.66 -0.0587734 -0.902963 0.339693 1.88679 3.92789 4.65715 5.75629 8.5099 9.17321 7.88238 6.94209 5.66314 1.48728 -5.05031 -8.53643 -9.79946 -10.2277 -8.33682 -5.43519 -3.19641 -1.69752 -0.830195 -0.971635
76.71 -1.15512 -2.25394 -0.811733 0.857404 3.05148 3.93374 5.15573 7.94685 8.65794 7.86252 8.15763 7.53647 3.21296 -3.36683 -6.93345 -8.96763 -10.5372 -9.24747 -6.44579 -4.25573 -2.80225 -1.93387 -2.03196
76.76 -2.15051 -3.61407 -2.17713 -0.364261 2.13405 3.24071 4.50718 7.23358 7.96878 7.64064 9.03153 9.03318 4.73738 -1.60403 -4.93096 -7.58192 -10.4267 -9.91423 -7.35432 -5.29112 -3.91486 -3.03984 -3.07095
76.81 -2.94691 -4.66588 -3.34952 -1.64421 1.06788 2.49404 3.78002 6.40612 7.1839 7.3022 9.52714 10.0102 5.94455 0.096793 -2.83237 -5.82657 -9.82428 -10.2042 -8.02869 -6.20955 -5.00067 -4.12597 -4.05118
76.86 -3.67028 -5.56329 -4.32215 -2.75389 0.0055952 1.64846 2.95388 5.48866 6.34972 6.89624 9.69817 10.508 6.866 1.74473 -0.779262 -3.97545 -8.85419 -10.088 -8.39497 -6.95511 -6.05345 -5.20334 -4.97498
76.91 -4.27098 -6.36929 -5.12506 -3.59546 -1.02573 0.634899 2.02698 4.52005 5.51338 6.45071 9.60431 10.6025 7.53464 3.36642 1.23567 -2.15037 -7.66617 -9.616 -8.4417 -7.49582 -7.05085 -6.27444 -5.86379
76.96 -4.52741 -6.88552 -5.65144 -4.35752 -2.23554 -0.608612 1.01395 3.58964 4.74744 5.99697 9.29226 10.3538 7.93079 4.92732 3.24039 -0.370739 -6.34865 -8.85211 -8.18658 -7.80831 -7.93814 -7.30507 -6.72215
77.01 -4.52441 -7.10998 -5.92446 -5.01402 -3.57598 -2.08256 -0.136015 2.67481 4.02759 5.48748 8.75471 9.79379 8.02195 6.38584 5.26821 1.38557 -4.91553 -7.80931 -7.62909 -7.86887 -8.66162 -8.25203 -7.53998
77.06 -4.33293 -7.05208 -5.95417 -5.55163 -4.94678 -3.7201 -1.44476 1.71055 3.27845 4.83214 7.95479 8.93436 7.78759 7.67722 7.25768 3.08679 -3.39694 -6.47485 -6.72567 -7.6166 -9.15703 -9.06931 -8.29895
77.11 -4.05556 -6.80422 -5.78036 -5.90906 -6.00729 -5.12465 -2.87033 0.554485 2.40954 3.96173 6.88987 7.82176 7.26874 8.69994 8.99893 4.61292 -1.88517 -4.9233 -5.472 -6.98537 -9.34455 -9.69674 -8.96216
77.16 -3.73363 -6.24845 -5.26389 -6.02423 -6.84057 -6.19664 -4.22837 -0.712183 1.43044 2.91941 5.64144 6.55768 6.56291 9.36833 10.3222 5.88266 -0.432223 -3.27509 -3.97096 -5.99813 -9.17966 -10.0743 -9.48114
77.21 -3.35052 -5.42444 -4.43172 -5.82935 -7.46191 -7.01764 -5.40452 -1.96746 0.392767 1.80081 4.33722 5.26531 5.77819 9.64284 11.1694 6.91726 0.96539 -1.65526 -2.38301 -4.75741 -8.68549 -10.1726 -9.81583
77.26 -2.90446 -4.381 -3.3266 -5.28303 -7.87906 -7.66017 -6.30846 -3.13354 -0.712401 0.669006 3.0995 4.05788 5.0097 9.5648 11.5455 7.74274 2.35564 -0.0918546 -0.837775 -3.42866 -7.94288 -9.98959 -9.93766
77.31 -2.36761 -3.16698 -2.01744 -4.38838 -8.06847 -8.19236 -6.94405 -4.19919 -1.89634 -0.438139 1.99498 3.00403 4.31598 9.22479 11.4924 8.34362 3.74262 1.44272 0.643438 -2.10529 -7.04703 -9.55716 -9.84047
77.36 -1.7129 -1.83232 -0.579104 -3.19966 -7.99614 -8.63561 -7.38462 -5.18709 -3.18032 -1.5311 1.03743 2.12376 3.70401 8.69104 11.0694 8.67078 5.0696 2.98235 2.10117 -0.785324 -6.04659 -8.91543 -9.53255
77.41 -0.979584 -0.475397 0.87485 -1.7718 -7.45022 -8.7775 -7.81352 -6.28974 -4.57328 -2.60694 0.238685 1.46127 3.19173 8.01985 10.3506 8.66932 6.23267 4.50798 3.54297 0.526684 -4.97567 -8.09938 -9.01914
77.46 -0.183547 0.872093 2.3098 -0.297611 -6.60568 -8.58074 -8.09872 -7.34147 -6.02251 -3.77489 -0.498303 0.999005 2.7497 7.22651 9.4098 8.35108 7.15391 5.95484 4.94858 1.80542 -3.89101 -7.14754 -8.30651
77.51 0.639227 2.17061 3.67138 1.0903 -5.67922 -8.10564 -8.16867 -8.13042 -7.18884 -4.95027 -1.32074 0.573624 2.28063 6.32354 8.33301 7.81023 7.79792 7.21493 6.23576 2.98337 -2.8596 -6.13992 -7.43888
77.56 1.45676 3.38575 4.88995 2.3277 -4.68737 -7.38109 -8.01514 -8.72258 -8.07761 -5.98392 -2.17816 0.0589782 1.71453 5.36645 7.21398 7.1679 8.1852 8.22204 7.34561 4.02932 -1.89071 -5.12868 -6.4873
77.61 2.24394 4.47713 5.8628 3.32901 -3.63001 -6.4304 -7.60729 -9.13026 -8.77442 -6.84791 -3.02376 -0.543004 1.07432 4.40232 6.12347 6.51482 8.36197 8.95471 8.23773 4.93012 -0.961625 -4.12907 -5.51627
77.66 2.95498 5.42129 6.63518 4.16034 -2.53594 -5.28709 -6.93722 -9.37061 -9.35928 -7.5346 -3.83754 -1.25925 0.37739 3.48173 5.11783 5.90731 8.37589 9.42003 8.89074 5.68644 -0.0303041 -3.11199 -4.54921
77.71 3.57169 6.20975 7.22958 4.85309 -1.40228 -3.97446 -6.00306 -9.42774 -9.87937 -8.06368 -4.6241 -2.12149 -0.372339 2.6386 4.23522 5.37418 8.26145 9.63658 9.29607 6.29834 0.935048 -2.03194 -3.56872
77.76 4.08743 6.85004 7.68116 5.45621 -0.274069 -2.61418 -4.86896 -9.18235 -10.1798 -8.5075 -5.4951 -3.13185 -1.16 1.89053 3.52803 4.94985 8.0543 9.63423 9.45432 6.74828 1.91322 -0.886836 -2.56174
77.81 4.50579 7.35236 8.01199 5.99501 0.834825 -1.25916 -3.65563 -8.60137 -10.1502 -8.87726 -6.50293 -4.30662 -2.0275 1.21216 3.00926 4.63466 7.77209 9.45072 9.39557 7.04058 2.87743 0.31286 -1.51917
77.86 4.8349 7.74196 8.26575 6.51801 1.9539 0.0889024 -2.42841 -7.8396 -9.83569 -9.11024 -7.56895 -5.64002 -3.05783 0.491445 2.57477 4.33151 7.37713 9.1021 9.16016 7.20779 3.82357 1.57666 -0.402995
77.91 5.08498 8.03654 8.45712 7.02181 3.06645 1.41988 -1.14738 -6.87884 -9.28111 -9.20261 -8.62793 -7.06641 -4.23256 -0.317162 2.13272 3.95474 6.83737 8.59508 8.767 7.25404 4.70697 2.85204 0.775523
77.96 5.259 8.24697 8.5999 7.50005 4.16404 2.7558 0.158306 -5.76652 -8.48903 -9.1119 -9.55653 -8.47748 -5.47001 -1.21483 1.52271 3.4042 6.1861 7.96129 8.23434 7.1681 5.46876 4.05357 1.95185
78.01 5.3735 8.40192 8.72001 7.92312 5.19322 4.04989 1.412 -4.59145 -7.48558 -8.75889 -10.1273 -9.63268 -6.73015 -2.26018 0.710988 2.69733 5.46793 7.24661 7.59113 6.94786 6.0688 5.09835 3.02174
78.06 5.45808 8.51675 8.80676 8.27331 6.10723 5.2062 2.54083 -3.39821 -6.29212 -8.14109 -10.4172 -10.4429 -7.82863 -3.39246 -0.27133 1.86208 4.70214 6.48397 6.86704 6.60891 6.51444 5.98188 3.95037
78.11 5.53347 8.61472 8.88449 8.55193 6.86383 6.16514 3.50801 -2.20354 -4.93016 -7.24776 -10.4789 -11.0138 -8.69721 -4.51502 -1.39259 0.915019 3.89877 5.69591 6.0857 6.16911 6.82577 6.72636 4.74724
78.16 5.62531 8.72062 8.97274 8.74533 7.43661 6.90926 4.3081 -1.03779 -3.49411 -6.11416 -10.279 -11.3241 -9.33334 -5.61492 -2.61455 -0.106203 3.08039 4.92847 5.29129 5.66644 7.03173 7.34264 5.40746
78.21 5.76106 8.79116 8.98715 8.83667 7.86637 7.4416 4.94641 0.0527977 -2.106 -4.85605 -9.69384 -11.2976 -9.79095 -6.73155 -3.90683 -1.14187 2.31311 4.24185 4.54892 5.16383 7.18113 7.85274 5.93062
78.26 5.90353 8.80432 8.93721 8.84607 8.16904 7.81616 5.49319 1.11413 -0.779657 -3.63281 -8.92503 -10.9549 -10.0196 -7.8145 -5.29228 -2.26869 1.52546 3.58995 3.84132 4.65913 7.25462 8.25499 6.36344
78.31 6.02971 8.74487 8.81894 8.77865 8.36632 8.07412 5.98252 2.16144 0.49286 -2.47668 -8.06809 -10.3805 -10.0376 -8.79828 -6.70163 -3.46842 0.684014 2.92045 3.14146 4.14423 7.19019 8.48159 6.71119
78.36 6.11216 8.59214 8.61952 8.63494 8.47711 8.24311 6.41848 3.18169 1.70601 -1.33847 -7.11518 -9.65398 -9.88306 -9.63703 -8.04792 -4.68122 -0.203237 2.21828 2.45864 3.64246 6.94313 8.44562 6.91848
78.41 6.11811 8.32173 8.3209 8.4093 8.51369 8.34408 6.79952 4.16984 2.87842 -0.23757 -6.1161 -8.80598 -9.56062 -10.2839 -9.25025 -5.84672 -1.1207 1.49133 1.83531 3.20171 6.53286 8.1136 6.89142
78.46 6.01066 7.90928 7.90564 8.09629 8.48555 8.39403 7.12417 5.11809 4.01102 0.805293 -5.10409 -7.8655 -9.07965 -10.7059 -10.2423 -6.91092 -2.05109 0.742312 1.284 2.81484 6.01849 7.57472 6.61408
78.51 5.76094 7.34044 7.36585 7.69652 8.39756 8.39939 7.38709 6.00834 5.08075 1.77079 -4.10352 -6.87304 -8.45773 -10.8721 -10.964 -7.8326 -2.99057 -0.0219749 0.802077 2.47028 5.44254 6.91255 6.15365
78.56 5.36192 6.61969 6.70999 7.21899 8.24695 8.35162 7.57801 6.81976 6.0667 2.65988 -3.11095 -5.86005 -7.74068 -10.7933 -11.3869 -8.58097 -3.94423 -0.826293 0.346942 2.14142 4.8486 6.20035 5.58295
78.61 4.83179 5.77225 5.96367 6.67842 8.02258 8.23092 7.68597 7.53684 6.95561 3.4834 -2.06603 -4.73005 -6.93404 -10.5556 -11.5658 -9.17328 -4.92272 -1.71036 -0.15542 1.7632 4.22052 5.45448 4.93961
78.66 4.20687 4.83962 5.16385 6.0871 7.69953 8.0006 7.68723 8.14099 7.75751 4.31155 -0.926273 -3.51201 -6.06239 -10.1958 -11.5577 -9.62355 -5.8928 -2.66593 -0.743831 1.28704 3.5223 4.65438 4.22282
78.71 3.52308 3.86297 4.3439 5.45158 7.25539 7.63286 7.56699 8.61003 8.45291 5.1663 0.342998 -2.18226 -5.0967 -9.72533 -11.4088 -9.95479 -6.82466 -3.66558 -1.42207 0.696543 2.73142 3.77846 3.42024
78.76 2.80262 2.8658 3.51654 4.76763 6.67899 7.12025 7.32472 8.92004 9.0021 6.0211 1.74817 -0.707119 -3.96843 -9.09982 -11.1382 -10.1854 -7.70987 -4.69254 -2.18484 -0.00657996 1.84713 2.82353 2.52969
78.81 2.0481 1.84549 2.668 4.02146 5.97565 6.47962 6.97283 9.05131 9.36056 6.80867 3.25584 0.931428 -2.58966 -8.2141 -10.7277 -10.3193 -8.55724 -5.7517 -3.03929 -0.822847 0.879313 1.80209 1.56329
78.86 1.24747 0.78273 1.77422 3.20418 5.17349 5.75099 6.52676 8.98088 9.47795 7.43222 4.81331 2.78182 -1.01354 -7.09329 -10.0779 -10.2923 -9.33615 -6.82711 -3.97722 -1.7385 -0.147977 0.739431 0.544971
78.91 0.369156 -0.35869 0.804008 2.31014 4.31534 4.99028 6.00604 8.69984 9.32594 7.80653 6.32168 4.77638 0.7057 -5.73035 -9.09928 -10.0248 -9.99627 -7.88769 -4.98037 -2.73575 -1.21539 -0.345233 -0.502746
78.96 -0.644139 -1.63233 -0.282373 1.32701 3.43955 4.24881 5.42811 8.21814 8.91308 7.9017 7.65543 6.73808 2.46121 -4.13529 -7.70194 -9.3975 -10.4428 -8.86663 -6.00437 -3.78509 -2.31036 -1.44354 -1.56276
79.01 -1.7551 -3.05645 -1.56881 0.204011 2.5596 3.55103 4.8025 7.56508 8.28932 7.7573 8.69192 8.4319 4.09968 -2.38082 -5.84701 -8.26013 -10.5382 -9.65955 -6.97375 -4.84203 -3.42399 -2.55179 -2.61642
79.06 -2.60548 -4.22878 -2.86185 -1.08371 1.55158 2.83276 4.11241 6.78493 7.54004 7.46264 9.35147 9.64063 5.44789 -0.647977 -3.76021 -6.63005 -10.1468 -10.1268 -7.7652 -5.82139 -4.5235 -3.64699 -3.62498
79.11 -3.35838 -5.17511 -3.90892 -2.29839 0.465243 2.0407 3.33409 5.90476 6.72277 7.08237 9.65815 10.3414 6.48983 1.01863 -1.68157 -4.79542 -9.31847 -10.1876 -8.27293 -6.6488 -5.59183 -4.7262 -4.57127
79.16 -4.02654 -6.02865 -4.80453 -3.24858 -0.556399 1.10906 2.44712 4.95107 5.88018 6.65128 9.67532 10.606 7.26954 2.65161 0.34479 -2.95413 -8.21278 -9.86486 -8.45956 -7.28308 -6.61877 -5.80211 -5.47339
79.21 -4.46174 -6.68664 -5.44244 -4.03011 -1.68154 -0.029352 1.47607 3.99531 5.07671 6.19969 9.45632 10.5033 7.7909 4.24617 2.35123 -1.15544 -6.94636 -9.22398 -8.33599 -7.69931 -7.56234 -6.85639 -6.34614
79.26 -4.55035 -7.04842 -5.83567 -4.73669 -2.969 -1.40363 0.391896 3.08234 4.34559 5.72589 9.0231 10.0795 8.02123 5.75541 4.36692 0.612452 -5.56356 -8.30791 -7.91577 -7.8761 -8.36498 -7.84555 -7.18362
79.31 -4.43778 -7.10629 -5.96643 -5.33209 -4.36063 -2.98408 -0.838271 2.15131 3.61858 5.14549 8.34302 9.35045 7.93079 7.13141 6.39169 2.34456 -4.07642 -7.1007 -7.17203 -7.77273 -8.97102 -8.72676 -7.9716
79.36 -4.18118 -6.94402 -5.89273 -5.77607 -5.57026 -4.55096 -2.24108 1.08848 2.81209 4.37405 7.39089 8.34025 7.52807 8.28633 8.27202 3.96665 -2.5481 -5.62911 -6.06616 -7.31313 -9.30384 -9.44639 -8.68324
79.41 -3.88497 -6.53073 -5.53284 -6.00725 -6.49882 -5.7574 -3.64218 -0.145396 1.8731 3.39584 6.20952 7.12854 6.89149 9.11981 9.79338 5.35242 -1.06907 -4.01052 -4.65667 -6.47348 -9.29669 -9.94128 -9.27217
79.46 -3.52746 -5.81955 -4.83708 -5.95685 -7.21101 -6.68028 -4.91456 -1.42067 0.862368 2.30254 4.91227 5.83316 6.12901 9.56931 10.8534 6.48484 0.350206 -2.36435 -3.08657 -5.32837 -8.94126 -10.1643 -9.69245
79.51 -3.11115 -4.8672 -3.84586 -5.56952 -7.72034 -7.39261 -5.94319 -2.62954 -0.215103 1.16803 3.63421 4.57666 5.34318 9.63712 11.4349 7.40292 1.73883 -0.77887 -1.51346 -4.01952 -8.29608 -10.1042 -9.91097
79.56 -2.6189 -3.72271 -2.61746 -4.82497 -8.01495 -7.96726 -6.69201 -3.73864 -1.35988 0.0491723 2.46554 3.44972 4.61254 9.4024 11.5651 8.10746 3.13094 0.764109 -0.00695141 -2.68963 -7.45836 -9.77697 -9.9103
79.61 -2.01785 -2.43495 -1.22777 -3.75807 -8.06231 -8.4525 -7.20706 -4.75607 -2.60009 -1.04643 1.4456 2.49183 3.96595 8.94861 11.2984 8.56367 4.49478 2.29853 1.45604 -1.37174 -6.50353 -9.22377 -9.69432
79.66 -1.31146 -1.07532 0.231505 -2.42513 -7.75736 -8.75402 -7.62397 -5.78565 -3.94418 -2.13135 0.573096 1.72406 3.40449 8.33092 10.7001 8.71173 5.7442 3.83784 2.90775 -0.0507191 -5.45343 -8.47993 -9.27237
79.71 -0.542475 0.278396 1.68032 -0.943434 -6.99485 -8.7063 -8.00172 -6.91536 -5.39181 -3.23476 -0.164582 1.18689 2.94212 7.5935 9.84908 8.52667 6.77904 5.33025 4.33463 1.24652 -4.36918 -7.58177 -8.64527
79.76 0.274965 1.60395 3.07874 0.486812 -6.09754 -8.3478 -8.16289 -7.80599 -6.71159 -4.44514 -0.948757 0.773613 2.50038 6.73221 8.8198 8.06892 7.54635 6.68514 5.68439 2.47654 -3.30841 -6.5893 -7.83846
79.81 1.09321 2.85938 4.3831 1.81462 -5.13872 -7.73431 -8.11412 -8.48364 -7.71197 -5.54519 -1.79755 0.296808 1.97577 5.7944 7.71004 7.45829 8.04262 7.80931 6.87882 3.5835 -2.31294 -5.57496 -6.91451
79.86 1.90342 4.01123 5.45789 2.90778 -4.10274 -6.87478 -7.8194 -8.97145 -8.48413 -6.48727 -2.65263 -0.264413 1.36546 4.82672 6.59898 6.80108 8.30633 8.66389 7.87103 4.54905 -1.3708 -4.57145 -5.94628
79.91 2.65067 5.02205 6.31799 3.81444 -3.02807 -5.82397 -7.26924 -9.28255 -9.10811 -7.25032 -3.48007 -0.924574 0.693437 3.88192 5.55022 6.16869 8.38737 9.24572 8.63134 5.3685 -0.446416 -3.56833 -4.97796
79.96 3.31102 5.87933 6.98497 4.55823 -1.90692 -4.56811 -6.44606 -9.42814 -9.6572 -7.8473 -4.27887 -1.72102 -0.0340766 3.00105 4.60917 5.60012 8.32635 9.56992 9.14721 6.04556 0.502692 -2.5203 -4.00656
80.01 3.87138 6.58456 7.49924 5.20155 -0.767824 -3.21537 -5.3923 -9.35363 -10.0889 -8.30891 -5.08467 -2.66655 -0.811021 2.20499 3.81388 5.12011 8.1539 9.65922 9.41392 6.57086 1.48293 -1.39811 -3.00922
80.06 4.33219 7.14518 7.87661 5.75954 0.342671 -1.85892 -4.19372 -8.88274 -10.2027 -8.73035 -6.0454 -3.76402 -1.62455 1.51296 3.22194 4.76661 7.90853 9.55292 9.44517 6.92772 2.45102 -0.227623 -1.9887
80.11 4.69955 7.58184 8.16129 6.28781 1.45807 -0.505341 -2.97922 -8.20321 -10.005 -9.02225 -7.09253 -5.03275 -2.58086 0.820341 2.76379 4.47069 7.56848 9.27639 9.28451 7.14812 3.40867 1.0109 -0.907237
80.16 4.9835 7.91722 8.37985 6.80206 2.57522 0.830756 -1.71849 -7.32491 -9.5569 -9.18213 -8.16559 -6.42915 -3.69799 0.0523478 2.3331 4.13424 7.09539 8.83873 8.96006 7.24926 4.32727 2.29092 0.249015
80.21 5.19147 8.16278 8.5401 7.29152 3.68144 2.16394 -0.419781 -6.27228 -8.867 -9.18184 -9.18555 -7.86214 -4.91083 -0.802568 1.82053 3.67168 6.48458 8.25451 8.48579 7.22307 5.14989 3.53683 1.43774
80.26 5.32834 8.33919 8.67071 7.7441 4.74846 3.48821 0.868969 -5.11509 -7.95414 -8.94742 -9.91438 -9.17244 -6.18467 -1.77778 1.09444 3.02716 5.7924 7.57045 7.88745 7.06106 5.82322 4.65698 2.56569
80.31 5.42292 8.46994 8.77212 8.12703 5.71905 4.71585 2.05885 -3.92796 -6.84245 -8.44733 -10.319 -10.1189 -7.36814 -2.88778 0.182329 2.24682 5.04659 6.82623 7.19624 6.7726 6.33477 5.60878 3.5558
80.36 5.49987 8.5707 8.8473 8.43869 6.55212 5.76619 3.10122 -2.7321 -5.55356 -7.67954 -10.4784 -10.7851 -8.34232 -4.02275 -0.880143 1.34707 4.25836 6.04656 6.43722 6.37504 6.70311 6.41263 4.41002
80.41 5.57946 8.67368 8.93681 8.67144 7.2031 6.6071 3.97522 -1.54489 -4.12729 -6.63976 -10.4115 -11.2349 -9.07534 -5.12115 -2.06376 0.348096 3.43826 5.25973 5.63906 5.89163 6.94972 7.08501 5.13384
80.46 5.69866 8.76646 8.98939 8.80712 7.69318 7.2287 4.67872 -0.424584 -2.71374 -5.41503 -9.98556 -11.352 -9.61573 -6.23779 -3.32199 -0.674906 2.6507 4.53745 4.87108 5.38557 7.12146 7.63821 5.71231
80.51 5.84117 8.80645 8.96722 8.85151 8.04908 7.66644 5.25908 0.645989 -1.35961 -4.16652 -9.28045 -11.1406 -9.94585 -7.34281 -4.66991 -1.75733 1.88061 3.87864 4.15288 4.88411 7.2352 8.09339 6.1812
80.56 5.97746 8.78145 8.88061 8.81807 8.29084 7.97236 5.77205 1.69919 -0.0652117 -2.98099 -8.45542 -10.6585 -10.0538 -8.37866 -6.08047 -2.93192 1.06306 3.22074 3.45067 4.37267 7.23957 8.40878 6.56979
80.61 6.0831 8.67286 8.71901 8.70833 8.43781 8.17773 6.23193 2.73343 1.17479 -1.84037 -7.54672 -9.99234 -9.97225 -9.28644 -7.46459 -4.14629 0.194335 2.533 2.75664 3.86012 7.07538 8.49828 6.85023
80.66 6.1273 8.45771 8.46669 8.51986 8.50603 8.30656 6.63765 3.73651 2.36355 -0.719007 -6.56165 -9.19497 -9.72387 -10.0234 -8.73985 -5.33971 -0.711215 1.8162 2.10165 3.3866 6.73082 8.29529 6.93705
80.71 6.07453 8.11082 8.10486 8.24595 8.50561 8.37747 6.98748 4.70383 3.5153 0.35178 -5.55224 -8.29127 -9.31172 -10.549 -9.83279 -6.45463 -1.63793 1.07564 1.51886 2.98161 6.25691 7.83176 6.7636
80.76 5.89024 7.61196 7.62026 7.88399 8.44397 8.40275 7.2788 5.62251 4.61627 1.35319 -4.54455 -7.31611 -8.74828 -10.831 -10.6808 -7.4443 -2.57296 0.319497 1.00877 2.61836 5.70135 7.21583 6.37551
80.81 5.55651 6.95656 7.01359 7.4393 8.32195 8.38038 7.50292 6.47099 5.64125 2.27513 -3.55238 -6.31474 -8.06812 -10.8537 -11.2346 -8.27087 -3.51915 -0.462345 0.549692 2.28868 5.11358 6.51944 5.84581
80.86 5.08072 6.16085 6.30323 6.92485 8.13265 8.29579 7.65 7.23199 6.57257 3.12132 -2.53842 -5.24246 -7.29947 -10.6779 -11.5133 -8.92964 -4.48795 -1.30851 0.076415 1.94061 4.50522 5.78995 5.23307
80.91 4.49293 5.26041 5.52233 6.35472 7.85649 8.11837 7.70109 7.88854 7.41352 3.94148 -1.44545 -4.06311 -6.45767 -10.3688 -11.5806 -9.43991 -5.46623 -2.23541 -0.471693 1.51182 3.84226 5.01724 4.55032
80.96 3.83145 4.29897 4.70817 5.73859 7.4682 7.81382 7.6357 8.42053 8.16026 4.78496 -0.236764 -2.78801 -5.5391 -9.94806 -11.4907 -9.82166 -6.41778 -3.21891 -1.11106 0.972173 3.09358 4.17646 3.78686
81.01 3.12577 3.30972 3.8844 5.07743 6.9508 7.36468 7.44639 8.80334 8.77928 5.64587 1.11151 -1.37619 -4.50027 -9.40938 -11.2699 -10.0921 -7.32113 -4.23324 -1.83567 0.31921 2.25023 3.25598 2.9347
81.06 2.38697 2.30118 3.04788 4.36042 6.30164 6.77726 7.14146 9.01696 9.22881 6.47389 2.5772 0.179477 -3.22682 -8.6352 -10.9339 -10.2763 -8.18849 -5.27945 -2.6499 -0.448148 1.31675 2.26111 1.99928
81.11 1.60934 1.26065 2.17753 3.57532 5.53844 6.08125 6.73482 9.03797 9.4582 7.1825 4.12271 1.93757 -1.73357 -7.61925 -10.4009 -10.3284 -9.00187 -6.34996 -3.55206 -1.32152 0.313034 1.21375 1.00087
81.16 0.77088 0.159705 1.24555 2.71616 4.69961 5.32758 6.24473 8.85021 9.42697 7.67498 5.6671 3.88407 -0.0680132 -6.36405 -9.57941 -10.1798 -9.72344 -7.42295 -4.52996 -2.28542 -0.738526 0.137193 -0.0362205
81.21 -0.173923 -1.0479 0.21601 1.77479 3.82797 4.57255 5.69047 8.45493 9.1259 7.89291 7.09451 5.88769 1.68803 -4.86821 -8.3775 -9.72891 -10.2794 -8.44899 -5.55225 -3.31621 -1.8224 -0.955495 -1.09269
81.26 -1.29205 -2.42048 -0.954221 0.732486 2.95168 3.85405 5.08404 7.87188 8.58617 7.84538 8.2761 7.7308 3.40096 -3.16521 -6.72059 -8.83874 -10.5494 -9.33874 -6.55691 -4.37662 -2.9294 -2.06042 -2.15242
81.31 -2.24656 -3.74704 -2.32473 -0.511815 2.01843 3.15875 4.42849 7.14455 7.88316 7.60675 9.10636 9.17068 4.89086 -1.40635 -4.692 -7.39479 -10.3821 -9.96808 -7.44509 -5.40303 -4.04017 -3.16464 -3.18603
81.36 -3.03247 -4.77265 -3.46816 -1.78467 0.94254 2.40429 3.6916 6.3058 7.09064 7.25874 9.56169 10.0895 6.06295 0.286608 -2.5952 -5.61654 -9.72927 -10.2112 -8.08692 -6.3041 -5.12243 -4.24884 -4.15893
81.41 -3.74703 -5.66063 -4.42415 -2.86187 -0.110505 1.5423 2.85253 5.37969 6.25348 6.84707 9.69988 10.5377 6.9547 1.93083 -0.548518 -3.76553 -8.72787 -10.0512 -8.41641 -7.02759 -6.17066 -5.32598 -5.07766
81.46 -4.32546 -6.441 -5.19267 -3.68444 -1.15619 0.504061 1.91609 4.41071 5.42155 6.39922 9.57921 10.5905 7.59414 3.54846 1.46437 -1.9453 -7.52162 -9.54294 -8.42783 -7.54355 -7.15872 -6.39476 -5.96323
81.51 -4.53721 -6.92693 -5.69621 -4.43794 -2.38259 -0.765571 0.890395 3.48582 4.66443 5.9434 9.24306 10.3053 7.9571 5.09949 3.47004 -0.168917 -6.19101 -8.74814 -8.13918 -7.8289 -8.02994 -7.41793 -6.81755
81.56 -4.51163 -7.11652 -5.9393 -5.08182 -3.73486 -2.26313 -0.276494 2.56873 3.945 5.42173 8.67735 9.71057 8.01156 6.543 5.49963 1.58322 -4.74581 -7.67183 -7.54494 -7.85784 -8.7312 -8.35264 -7.62974
81.61 -4.3034 -7.03379 -5.94614 -5.60195 -5.08313 -3.90168 -1.60741 1.58908 3.18695 4.74438 7.84608 8.8188 7.74123 7.8093 7.47308 3.27241 -3.22209 -6.30642 -6.59953 -7.56471 -9.19553 -9.15163 -8.38013
81.66 -4.02265 -6.75635 -5.73838 -5.93555 -6.11356 -5.26198 -3.03064 0.413143 2.30206 3.84966 6.7546 7.68303 7.19563 8.79522 9.17271 4.7709 -1.71649 -4.73819 -5.31078 -6.88963 -9.34412 -9.75348 -9.02935
81.71 -3.6929 -6.16734 -5.1846 -6.01878 -6.9216 -6.30145 -4.37405 -0.858299 1.31509 2.79428 5.49278 6.40939 6.47555 9.41961 10.4429 6.01121 -0.270185 -3.08622 -3.79118 -5.86758 -9.13924 -10.0998 -9.52899
81.76 -3.30321 -5.31583 -4.31863 -5.78541 -7.52006 -7.09842 -5.52187 -2.10544 0.269711 1.67098 4.19099 5.12158 5.68822 9.65016 11.2354 7.02179 1.12361 -1.47444 -2.20335 -4.60774 -8.61181 -10.1659 -9.84077
81.81 -2.84853 -4.25046 -3.18638 -5.19813 -7.91291 -7.72542 -6.39353 -3.25993 -0.84282 0.541287 2.96594 3.92912 4.92623 9.53765 11.56 7.82311 2.51453 0.0840013 -0.66609 -3.27702 -7.84732 -9.95244 -9.93765
81.86 -2.29909 -3.02005 -1.85889 -4.2666 -8.07409 -8.24772 -7.00228 -4.31504 -2.03783 -0.563047 1.87863 2.8947 4.24227 9.17285 11.4616 8.39585 3.8985 1.6176 0.81007 -1.95519 -6.93826 -9.49432 -9.81605
81.91 -1.63159 -1.67665 -0.412461 -3.048 -7.96599 -8.66889 -7.43012 -5.30411 -3.3342 -1.65556 0.937151 2.03534 3.63932 8.62007 11.0007 8.68776 5.2127 3.15841 2.26714 -0.634082 -5.92618 -8.83063 -9.48483
81.96 -0.891591 -0.320922 1.0402 -1.60213 -7.36194 -8.7719 -7.85762 -6.42165 -4.73876 -2.73126 0.155466 1.40037 3.13927 7.93577 10.2532 8.64792 6.35089 4.67858 3.70591 0.674803 -4.85185 -7.997 -8.94794
82.01 -0.0898126 1.02344 2.46928 -0.134626 -6.50341 -8.53999 -8.11726 -7.44224 -6.17243 -3.91404 -0.588371 0.9527 2.69968 7.12789 9.29192 8.29827 7.24135 6.10967 5.10276 1.94591 -3.76985 -7.0342 -8.21459
82.06 0.73274 2.31386 3.82073 1.24236 -5.57017 -8.03586 -8.16347 -8.20756 -7.30238 -5.07585 -1.41783 0.519007 2.22055 6.21634 8.20609 7.74012 7.85432 7.34324 6.37212 3.10971 -2.74602 -6.02407 -7.33343
82.11 1.54985 3.51729 5.01185 2.45144 -4.56901 -7.28286 -7.98169 -8.77813 -8.1652 -6.09143 -2.27584 -0.00503398 1.64467 5.25573 7.08693 7.09264 8.21504 8.31944 7.45878 4.13941 -1.78335 -5.01422 -6.37681
82.16 2.32955 4.59246 5.96065 3.43217 -3.50765 -6.31091 -7.54485 -9.16566 -8.84514 -6.93482 -3.11811 -0.61816 0.997526 4.29425 6.00359 6.44252 8.37104 9.02095 8.32437 5.02348 -0.856348 -4.01477 -5.40588
82.21 3.03066 5.51906 6.71085 4.24458 -2.40799 -5.14332 -6.8433 -9.38756 -9.42192 -7.60257 -3.92861 -1.35007 0.29426 3.381 5.01029 5.84235 8.36882 9.45689 8.9495 5.76362 0.077947 -2.99248 -4.43848
82.26 3.63591 6.29018 7.2881 4.92643 -1.27191 -3.81944 -5.88241 -9.42103 -9.93432 -8.11522 -4.71209 -2.2287 -0.461845 2.54672 4.14366 5.31874 8.24131 9.64647 9.32645 6.35853 1.04756 -1.90313 -3.45447
82.31 4.14026 6.91393 7.72379 5.51927 -0.147859 -2.45964 -4.73157 -9.12715 -10.193 -8.55636 -5.60495 -3.2567 -1.25201 1.81226 3.46089 4.90989 8.02646 9.62199 9.45759 6.78868 2.02351 -0.753463 -2.44546
82.36 4.54793 7.40221 8.04433 6.05507 0.961883 -1.10499 -3.51738 -8.52394 -10.1276 -8.91061 -6.62259 -4.45152 -2.13657 1.13339 2.95739 4.60125 7.73343 9.41913 9.37709 7.0656 2.98681 0.454367 -1.3957
82.41 4.86754 7.78036 8.29069 6.57661 2.08114 0.240826 -2.28427 -7.73899 -9.78495 -9.12892 -7.69179 -5.79968 -3.18551 0.403802 2.52579 4.29326 7.32318 9.05213 9.12311 7.21937 3.92863 1.72312 -0.27073
82.46 5.10903 8.0647 8.47531 7.07742 3.19236 1.57157 -0.999526 -6.75899 -9.20263 -9.20275 -8.74455 -7.23042 -4.3717 -0.414694 2.07607 3.90295 6.76707 8.52807 8.71273 7.25107 4.801 2.99452 0.911534
82.51 5.27482 8.26735 8.6151 7.5515 4.28543 2.90709 0.305531 -5.63427 -8.38462 -9.08477 -9.63881 -8.63082 -5.61721 -1.32512 1.44016 3.33042 6.10683 7.88297 8.16591 7.14957 5.54564 4.18166 2.0811
82.56 5.38444 8.41702 8.7317 7.96676 5.30397 4.19008 1.54774 -4.45617 -7.35893 -8.70208 -10.1732 -9.73996 -6.86546 -2.38731 0.606689 2.6081 5.38268 7.16155 7.51218 6.91492 6.12709 5.20681 3.13465
82.61 5.46704 8.52831 8.81515 8.3089 6.20246 5.32597 2.65982 -3.26189 -6.14572 -8.05425 -10.4352 -10.5183 -7.93965 -3.52205 -0.392599 1.75928 4.61204 6.39484 6.78033 6.56352 6.55641 6.07351 4.04776
82.66 5.54279 8.62673 8.89492 8.57843 6.93792 6.2609 3.60747 -2.06798 -4.76687 -7.12886 -10.4718 -11.0667 -8.78031 -4.63945 -1.52806 0.800861 3.80533 5.60542 5.9941 6.11357 6.85377 6.80322 4.82999
82.71 5.63972 8.73152 8.97844 8.76054 7.49275 6.97979 4.38766 -0.910683 -3.33317 -5.97324 -10.228 -11.3384 -9.39615 -5.74234 -2.75737 -0.222065 2.99093 4.84604 5.20357 5.60864 7.05133 7.40565 5.47316
82.76 5.77762 8.79598 8.98486 8.84187 7.90686 7.49114 5.01219 0.174631 -1.95173 -4.71358 -9.61305 -11.2732 -9.82857 -6.85776 -4.06069 -1.26526 2.22544 4.16687 4.46707 5.10669 7.19441 7.90501 5.98405
82.81 5.91938 8.80174 8.92763 8.84246 8.19659 7.85081 5.55147 1.23407 -0.632298 -3.49782 -8.83086 -10.8997 -10.0319 -7.93284 -5.45351 -2.40295 1.43209 3.51488 3.76112 4.60066 7.25544 8.29155 6.40804
82.86 6.04208 8.73276 8.80081 8.76636 8.38311 8.09736 6.03482 2.27925 0.63402 -2.34683 -7.96447 -10.3046 -10.0284 -8.90197 -6.85974 -3.60715 0.584783 2.84185 3.06199 4.08543 7.1715 8.49233 6.74384
82.91 6.11754 8.56787 8.59103 8.61369 8.48497 8.25769 6.46463 3.29594 1.84135 -1.21068 -7.00285 -9.56314 -9.85486 -9.72121 -8.19356 -4.81748 -0.306575 2.13635 2.38352 3.58808 6.90355 8.42255 6.92904
82.96 6.11241 8.28239 8.27988 8.37828 8.51376 8.35213 6.83932 4.28003 3.00963 -0.115556 -6.00102 -8.70298 -9.51379 -10.3441 -9.37509 -5.97391 -1.22639 1.40654 1.76845 3.15566 6.47881 8.06023 6.87148
83.01 5.98988 7.85251 7.85053 8.05518 8.47869 8.39699 7.15736 5.22279 4.13649 0.919363 -4.98926 -7.75429 -9.01547 -10.7383 -10.3392 -7.02385 -2.15767 0.656078 1.2258 2.77329 5.95463 7.5041 6.56974
83.06 5.72298 7.2657 7.29671 7.64593 8.38387 8.39703 7.41269 6.10503 5.19744 1.87561 -3.99064 -6.75887 -8.38005 -10.8746 -11.0271 -7.92687 -3.09841 -0.111017 0.749875 2.43271 5.37528 6.83291 6.09313
83.11 5.30764 6.52884 6.62892 7.16043 8.22568 8.34232 7.59497 6.90654 6.17246 2.75547 -2.99558 -5.73684 -7.65257 -10.7736 -11.4187 -8.65617 -4.0549 -0.922851 0.29306 2.10178 4.77917 6.11714 5.51312
83.16 4.7647 5.66942 5.87452 6.61349 7.99139 8.211 7.69194 7.61171 7.05135 3.57655 -1.94171 -4.59576 -6.83833 -10.5204 -11.5732 -9.2313 -5.03437 -1.81617 -0.217934 1.71429 4.1449 5.36641 4.86186
83.21 4.13142 4.72987 5.07096 6.01695 7.6555 7.96611 7.6799 8.20173 7.84266 4.40758 -0.788689 -3.36694 -5.95804 -10.1481 -11.5474 -9.667 -6.00133 -2.77817 -0.816839 1.22536 3.43678 4.55843 4.13578
83.26 3.44266 3.75015 4.25002 5.37633 7.19655 7.58177 7.54548 8.65379 8.52359 5.26455 0.496647 -2.02163 -4.97864 -9.66425 -11.3839 -9.98567 -6.92762 -3.78123 -1.50474 0.621943 2.63503 3.6733 3.32295
83.31 2.7185 2.75087 3.42127 4.68599 6.605 7.05329 7.29004 8.9446 9.05357 6.11578 1.91516 -0.53065 -3.82249 -9.01088 -11.1008 -10.2071 -7.809 -4.81191 -2.27776 -0.0942664 1.74039 2.70979 2.4228
83.36 1.95963 1.72699 2.5689 3.932 5.88852 6.40014 6.92651 9.05386 9.38687 6.88981 3.43229 1.13181 -2.41931 -8.09841 -10.6675 -10.3257 -8.65014 -5.87376 -3.14215 -0.922535 0.764636 1.68239 1.44918
83.41 1.15217 0.657427 1.66812 3.10627 5.0777 5.66489 6.47092 8.95959 9.47445 7.48856 4.98978 3.00421 -0.823329 -6.95028 -9.98491 -10.2761 -9.41882 -6.9496 -4.08877 -1.8485 -0.268028 0.616482 0.426471
83.46 0.26185 -0.496078 0.686818 2.2029 4.21585 4.90409 5.94291 8.65481 9.29152 7.83127 6.4849 5.00572 0.906485 -5.5597 -8.96284 -9.97433 -10.0604 -8.00506 -5.09711 -2.85339 -1.33903 -0.469928 -0.623418
83.51 -0.771485 -1.78861 -0.415573 1.20827 3.33962 4.16695 5.35912 8.15168 8.85135 7.89596 7.7905 6.94909 2.65715 -3.94062 -7.51319 -9.29708 -10.4745 -8.96866 -6.11923 -3.90611 -2.43655 -1.56956 -1.68378
83.56 -1.86085 -3.20629 -1.73039 0.0586211 2.45388 3.47249 4.72828 7.4823 8.20903 7.72981 8.7866 8.59638 4.26982 -2.17972 -5.61402 -8.09434 -10.5197 -9.73209 -7.07566 -4.95943 -3.55074 -2.67779 -2.73452
83.61 -2.69481 -4.34498 -2.99167 -1.22968 1.428 2.74687 4.02851 6.68929 7.4496 7.42285 9.40307 9.74497 5.58119 -0.455087 -3.52067 -6.4262 -10.072 -10.1548 -7.83875 -5.92427 -4.64676 -3.77041 -3.73583
83.66 -3.44038 -5.2763 -4.0178 -2.42126 0.34532 1.94259 3.23833 5.79898 6.62717 7.03542 9.67368 10.3921 6.59126 1.20597 -1.44836 -4.58408 -9.20387 -10.1693 -8.31066 -6.73139 -5.71133 -4.84886 -4.67582
83.71 -4.09296 -6.12042 -4.8986 -3.34075 -0.670855 0.991917 2.34 4.83977 5.7847 6.59988 9.66128 10.6117 7.34262 2.83645 0.574416 -2.74634 -8.07491 -9.80688 -8.46104 -7.34215 -6.73168 -5.92404 -5.57426
83.76 -4.48334 -6.74314 -5.5013 -4.1166 -1.82135 -0.173833 1.35958 3.89025 4.99074 6.14817 9.4182 10.4707 7.83239 4.42311 2.5796 -0.953332 -6.79493 -9.13363 -8.3034 -7.73207 -7.66182 -6.97306 -6.44342
83.81 -4.5474 -7.06981 -5.86322 -4.8101 -3.12343 -1.57475 0.258709 2.97793 4.26392 5.6669 8.95889 10.0117 8.02756 5.92033 4.59874 0.81207 -5.39871 -8.18537 -7.84861 -7.87999 -8.44525 -7.95217 -7.2761
83.86 -4.41281 -7.0951 -5.96608 -5.39264 -4.52162 -3.17385 -0.987566 2.04189 3.53249 5.0685 8.24823 9.24856 7.89974 7.27639 6.61798 2.53807 -3.90199 -6.94463 -7.06457 -7.74002 -9.0245 -8.81802 -8.05712
83.91 -4.14794 -6.91564 -5.87251 -5.81487 -5.68563 -4.70467 -2.40376 0.953613 2.71081 4.27161 7.26601 8.21033 7.46549 8.39915 8.4664 4.13765 -2.37633 -5.4499 -5.91905 -7.23643 -9.32117 -9.51519 -8.7572
83.96 -3.84738 -6.46354 -5.46976 -6.01716 -6.59071 -5.87541 -3.79587 -0.290947 1.76005 3.27486 6.06504 6.98279 6.80896 9.19127 9.93839 5.49366 -0.90421 -3.82168 -4.48285 -6.35676 -9.27348 -9.98093 -9.32909
84.01 -3.48313 -5.72247 -4.73834 -5.93059 -7.27922 -6.77072 -5.04567 -1.56302 0.742727 2.17382 4.76331 5.68582 6.03884 9.59543 10.9437 6.59999 0.508808 -2.18067 -2.90504 -5.18406 -8.88108 -10.1721 -9.72797
84.06 -3.05954 -4.74575 -3.71667 -5.50268 -7.76524 -7.46364 -6.04246 -2.76123 -0.341951 1.03892 3.4941 4.44033 5.25606 9.62394 11.4718 7.49436 1.8975 -0.601235 -1.33819 -3.86767 -8.20883 -10.08 -9.92195
84.11 -2.55639 -3.5824 -2.46601 -4.71868 -8.03358 -8.02666 -6.76093 -3.85879 -1.49609 -0.076842 2.34136 3.33163 4.53452 9.36058 11.5537 8.17304 3.28909 0.938865 0.16113 -2.53913 -7.35482 -9.7249 -9.89646
84.16 -1.94141 -2.28138 -1.06236 -3.61919 -8.051 -8.50253 -7.25474 -4.86726 -2.74769 -1.17118 1.33807 2.39358 3.89709 8.88539 11.2456 8.59731 4.6452 2.47438 1.62218 -1.22118 -6.38832 -9.1484 -9.65676
84.21 -1.22719 -0.921093 0.396811 -2.2589 -7.68502 -8.7667 -7.67491 -5.91371 -4.10399 -2.25309 0.484719 1.65192 3.34784 8.25305 10.6147 8.70714 5.87424 4.01134 3.07168 0.0983413 -5.33107 -8.3852 -9.21147
84.26 -0.450576 0.431867 1.84338 -0.775887 -6.8965 -8.67927 -8.03055 -7.03057 -5.56048 -3.37278 -0.248235 1.13679 2.89244 7.50137 9.73911 8.48637 6.88087 5.4942 4.49463 1.39217 -4.24519 -7.4716 -8.56176
84.31 0.36928 1.75125 3.23282 0.643672 -5.99115 -8.29026 -8.16836 -7.89316 -6.83996 -4.57767 -1.04367 0.723849 2.44564 6.62807 8.69563 8.00479 7.61621 6.82613 5.82939 2.60939 -3.19161 -6.47402 -7.738
84.36 1.18734 2.99706 4.5187 1.9518 -5.02443 -7.64829 -8.09356 -8.54866 -7.80994 -5.6611 -1.89562 0.236969 1.90981 5.68449 7.58207 7.3841 8.08362 7.92076 7.00291 3.70098 -2.20323 -5.4598 -6.80543
84.41 1.9928 4.13393 5.56575 3.01914 -3.9818 -6.7639 -7.76971 -9.01561 -8.56124 -6.58341 -2.74877 -0.334323 1.29138 4.71667 6.47511 6.72671 8.32398 8.74392 7.96983 4.64988 -1.26519 -4.45757 -5.83563
84.46 2.73109 5.12789 6.40318 3.90638 -2.90263 -5.69008 -7.18928 -9.30845 -9.17382 -7.32637 -3.57248 -1.00805 0.612965 3.77742 5.43664 6.10006 8.38702 9.29543 8.70271 5.45297 -0.339848 -3.45178 -4.86776
84.51 3.38037 5.9673 7.05054 4.63557 -1.77749 -4.41702 -6.33642 -9.43214 -9.71568 -7.90547 -4.3681 -1.82134 -0.120277 2.90597 4.51013 5.54033 8.31177 9.59151 9.19019 6.11344 0.613344 -2.3961 -3.89448
84.56 3.92918 6.6558 7.54869 5.26867 -0.64014 -3.06069 -5.26027 -9.31809 -10.1181 -8.36037 -5.18737 -2.78357 -0.900361 2.1217 3.73603 5.07359 8.12945 9.65634 9.42868 6.61975 1.59416 -1.26711 -2.89424
84.61 4.37892 7.20089 7.91298 5.82034 0.468959 -1.70464 -4.05537 -8.81369 -10.1949 -8.77076 -6.16172 -3.90039 -1.72525 1.43589 3.16494 4.73182 7.87531 9.52979 9.43587 6.95919 2.561 -0.0897569 -1.86902
84.66 4.7362 7.62503 8.18935 6.34728 1.58583 -0.351684 -2.83964 -8.11476 -9.96563 -9.04694 -7.21451 -5.18667 -2.70059 0.737244 2.71489 4.43587 7.52181 9.23456 9.25554 7.1657 3.51636 1.15595 -0.778757
84.71 5.01126 7.9498 8.40095 6.85918 2.70191 0.982301 -1.57209 -7.2132 -9.49061 -9.19072 -8.28593 -6.5927 -3.8337 -0.0411712 2.28219 4.08993 7.03178 8.77887 8.91327 7.25303 4.42712 2.43642 0.384303
84.76 5.21045 8.18578 8.55571 7.34603 3.80682 2.31642 -0.270459 -6.14345 -8.77388 -9.16953 -9.29019 -8.02258 -5.0517 -0.906029 1.74709 3.60538 6.40893 8.18067 8.42333 7.2116 5.23514 3.67287 1.57197
84.81 5.3409 8.35646 8.68427 7.79159 4.8648 3.63485 1.01074 -4.98089 -7.83748 -8.90404 -9.9748 -9.29778 -6.32754 -1.89978 0.998976 2.94453 5.70963 7.488 7.8128 7.03431 5.88954 4.77386 2.68592
84.86 5.4325 8.48281 8.78178 8.16604 5.82152 4.84546 2.1856 -3.79186 -6.70407 -8.37359 -10.3488 -10.2072 -7.49072 -3.01755 0.0681551 2.14976 4.95847 6.73858 7.11266 6.73252 6.38377 5.70766 3.66
84.91 5.50859 8.58211 8.85677 8.46961 6.63589 5.87268 3.20888 -2.59603 -5.39553 -7.57363 -10.483 -10.8475 -8.43824 -4.15044 -1.00988 1.23743 4.16604 5.95624 6.34735 6.32364 6.73704 6.49597 4.49939
84.96 5.58967 8.68661 8.9487 8.69325 7.26528 6.68879 4.06422 -1.41257 -3.96349 -6.50849 -10.3871 -11.2635 -9.14413 -5.24752 -2.20469 0.230484 3.34444 5.17264 5.54845 5.8337 6.97203 7.1537 5.20736
85.01 5.71471 8.77407 8.99031 8.81653 7.74032 7.28658 4.74939 -0.3012 -2.55632 -5.2709 -9.91455 -11.3445 -9.66515 -6.36505 -3.47043 -0.793489 2.56373 4.46016 4.78714 5.32837 7.13803 7.69542 5.77053
85.06 5.8576 8.80737 8.96101 8.85181 8.08212 7.70722 5.32032 0.766604 -1.20941 -4.02806 -9.19104 -11.0976 -9.96887 -7.46561 -4.82907 -1.88729 1.79009 3.80434 4.07234 4.82635 7.24253 8.13806 6.22981
85.11 5.99174 8.77384 8.86646 8.80964 8.31215 8.00033 5.82706 1.81833 0.0790934 -2.85036 -8.35705 -10.5903 -10.0531 -8.48919 -6.2411 -3.06953 0.966267 3.14385 3.37069 4.31365 7.2302 8.43232 6.60868
85.16 6.092 8.6543 8.6954 8.69122 8.44955 8.19594 6.28085 2.8492 1.31209 -1.71075 -7.43683 -9.90785 -9.95253 -9.37999 -7.61695 -4.28455 0.0925323 2.45232 2.67883 3.80297 7.04461 8.49063 6.8722
85.21 6.12704 8.42538 8.43148 8.49328 8.50946 8.31731 6.6803 3.84859 2.49655 -0.594264 -6.44749 -9.09694 -9.68499 -10.0944 -8.87471 -5.47181 -0.816296 1.73304 2.03162 3.33713 6.68164 8.25348 6.9309
85.26 6.06082 8.06195 8.05609 8.20932 8.50179 8.38267 7.02375 4.81129 3.64373 0.469728 -5.43689 -8.18309 -9.25497 -10.5941 -9.94288 -6.57442 -1.7441 0.98996 1.45682 2.93769 6.19675 7.7682 6.72916
85.31 5.85996 7.54508 7.55718 7.83746 8.43338 8.40294 7.30798 5.72311 4.73715 1.46202 -4.43083 -7.20256 -8.67573 -10.8465 -10.7593 -7.5473 -2.68014 0.232112 0.954589 2.57947 5.63487 7.13886 6.32098
85.36 5.50919 6.87247 6.93741 7.38401 8.30412 8.37431 7.5237 6.56232 5.75259 2.37588 -3.43962 -6.20085 -7.98626 -10.8411 -11.2785 -8.3534 -3.62778 -0.554515 0.498044 2.25123 5.04562 6.43779 5.77968
85.41 5.01875 6.0627 6.2171 6.86256 8.10625 8.28118 7.66127 7.31244 6.67257 3.21443 -2.41851 -5.11225 -7.20671 -10.649 -11.5306 -8.99503 -4.59973 -1.41045 0.0182092 1.89646 4.43287 5.70435 5.15888
85.46 4.42068 5.15312 5.4306 6.28678 7.81847 8.09075 7.6999 7.95593 7.50374 4.03602 -1.31425 -3.92326 -6.35765 -10.3264 -11.5775 -9.48939 -5.5765 -2.3452 -0.540055 1.45596 3.76139 4.92505 4.46756
85.51 3.75294 4.18719 4.61456 5.66565 7.41606 7.7702 7.62051 8.47225 8.23802 4.88269 -0.0903458 -2.63495 -5.42783 -9.89318 -11.4721 -9.85791 -6.52332 -3.33329 -1.18956 0.903211 3.00194 4.07535 3.69408
85.56 3.04335 3.19587 3.79005 4.99888 6.88345 7.30448 7.41732 8.83661 8.83981 5.74313 1.27348 -1.20587 -4.36992 -9.33665 -11.2376 -10.117 -7.4212 -4.35042 -1.9236 0.237568 2.14806 3.1459 2.83187
85.61 2.30064 2.18456 2.95082 4.27453 6.21989 6.70272 7.10009 9.02964 9.26705 6.56253 2.75037 0.368762 -3.06685 -8.53136 -10.8851 -10.2901 -8.28437 -5.40042 -2.74841 -0.542685 1.20524 2.14366 1.88797
85.66 1.51756 1.1389 2.07498 3.48121 5.44584 5.99725 6.68293 9.0274 9.46836 7.25111 4.30065 2.15129 -1.55152 -7.48859 -10.3237 -10.3233 -9.08967 -6.4726 -3.65995 -1.42716 0.195119 1.09197 0.883979
85.71 0.669782 0.0284721 1.13385 2.61322 4.60119 5.24068 6.18459 8.81557 9.40614 7.71415 5.83807 4.11302 0.129596 -6.20562 -9.46355 -10.1461 -9.79704 -7.54346 -4.64498 -2.40005 -0.860714 0.0131848 -0.156161
85.76 -0.291261 -1.19498 0.0905014 1.66148 3.728 4.48847 5.62401 8.39761 9.0756 7.9001 7.24387 6.11024 1.88821 -4.68343 -8.21266 -9.65267 -10.3274 -8.55927 -5.66897 -3.4363 -1.94751 -1.08092 -1.21378
85.81 -1.42159 -2.59094 -1.10442 0.604579 2.8521 3.77533 5.01213 7.79528 8.51246 7.82594 8.39012 7.91982 3.58584 -2.96338 -6.50224 -8.7013 -10.5558 -9.42673 -6.66659 -4.49709 -3.05659 -2.18693 -2.27254
85.86 -2.34088 -3.87596 -2.46837 -0.659586 1.90067 3.07595 4.34871 7.05409 7.79648 7.57161 9.17646 9.30144 5.04017 -1.20969 -4.45251 -7.20343 -10.3309 -10.0167 -7.53242 -5.51311 -4.16495 -3.28906 -3.30022
85.91 -3.11724 -4.87769 -3.58437 -1.92245 0.817755 2.31311 3.60176 6.2043 6.99683 7.21457 9.59235 10.1629 6.17784 0.475828 -2.35889 -5.40588 -9.62977 -10.2129 -8.14088 -6.39615 -5.24365 -4.37155 -4.26591
85.96 -3.82191 -5.75683 -4.52434 -2.96627 -0.225961 1.43389 2.74982 5.27008 6.15727 6.79748 9.69842 10.5625 7.04036 2.11675 -0.318219 -3.55618 -8.59901 -10.0098 -8.43357 -7.09719 -6.28698 -5.44844 -5.17988
86.01 -4.37197 -6.50748 -5.25835 -3.77412 -1.28899 0.370333 1.80409 4.30236 5.33101 6.3479 9.55159 10.5743 7.65017 3.72964 1.69285 -1.74108 -7.37573 -9.46626 -8.40998 -7.58807 -7.26485 -6.51434 -6.06219
86.06 -4.5443 -6.964 -5.73711 -4.5169 -2.53135 -0.925687 0.764792 3.38201 4.58188 5.88901 9.19102 10.2531 7.9796 5.27047 3.70017 0.0329618 -6.03178 -8.64068 -8.08784 -7.84604 -8.11935 -7.52948 -6.91233
86.11 -4.49628 -7.11915 -5.95074 -5.14819 -3.8947 -2.4459 -0.418804 2.46204 3.86187 5.3539 8.59656 9.6236 7.99705 6.69808 5.7306 1.78028 -4.57504 -7.53059 -7.45621 -7.84251 -8.79754 -8.45134 -7.71861
86.16 -4.27305 -7.01359 -5.93585 -5.65002 -5.2147 -4.07712 -1.77049 1.46416 3.09327 4.6534 7.73383 8.70008 7.6914 7.93787 7.68486 3.45535 -3.04773 -6.13551 -6.46891 -7.50766 -9.22967 -9.23117 -8.45985
86.21 -3.9887 -6.70407 -5.69165 -5.9587 -6.21686 -5.3952 -3.18996 0.270574 2.19318 3.73543 6.6171 7.54256 7.12036 8.88598 9.34101 4.92553 -1.54867 -4.55213 -5.14659 -6.78925 -9.33885 -9.80665 -9.09444
86.26 -3.65143 -6.08271 -5.10097 -6.00889 -6.99974 -6.40309 -4.51731 -1.00418 1.19949 2.66853 5.34348 6.2609 6.38735 9.46584 10.5577 6.1371 -0.109387 -2.89887 -3.61065 -5.73339 -9.09448 -10.1216 -9.57431
86.31 -3.25506 -5.20436 -4.20186 -5.73661 -7.57539 -7.17691 -5.63555 -2.2422 0.145879 1.54113 4.04577 4.97911 5.59864 9.65313 11.2956 7.12379 1.28189 -1.29441 -2.02465 -4.45741 -8.53501 -10.1554 -9.86267
86.36 -2.79132 -4.11771 -3.04347 -5.10852 -7.94359 -7.78926 -6.47503 -3.38496 -0.974307 0.413924 2.8342 3.80246 4.84384 9.50735 11.5692 7.90073 2.67344 0.259472 -0.495424 -3.12577 -7.75 -9.91198 -9.93456
86.41 -2.22892 -2.87158 -1.69867 -4.14094 -8.07609 -8.30187 -7.05799 -4.42982 -2.18072 -0.687719 1.76429 2.78759 4.16961 9.11855 11.4264 8.44464 4.05363 1.79263 0.976379 -1.80531 -6.82841 -9.42879 -9.78868
86.46 -1.54958 -1.52123 -0.246253 -2.8927 -7.92778 -8.69588 -7.4766 -5.42449 -3.48979 -1.77947 0.839317 1.95001 3.57612 8.54756 10.9284 8.70051 5.35355 3.33425 2.43278 -0.483238 -5.80524 -8.74367 -9.43426
86.51 -0.802637 -0.166457 1.20542 -1.4322 -7.2705 -8.76125 -7.89915 -6.55396 -4.90554 -2.85655 0.0731273 1.34199 3.08747 7.84998 10.1531 8.62253 6.46609 4.84833 3.86857 0.822593 -4.72788 -7.89287 -8.87407
86.56 0.00422005 1.17406 2.62764 0.0270081 -6.40034 -8.49568 -8.13287 -7.53969 -6.3173 -4.0525 -0.679777 0.907299 2.64944 7.0276 9.17236 8.24281 7.32526 6.262 5.25517 2.0847 -3.64988 -6.92061 -8.12082
86.61 0.825903 2.45596 3.9688 1.39316 -5.46056 -7.96305 -8.15527 -8.28205 -7.41221 -5.1993 -1.51526 0.463209 2.15909 6.10842 8.07875 7.66894 7.90757 7.46834 6.50617 3.23424 -2.63344 -5.90851 -7.22717
86.66 1.64232 3.64713 5.13076 2.57245 -4.44994 -7.18179 -7.94482 -8.83117 -8.25022 -6.19646 -2.37321 -0.0701756 1.57387 5.14496 6.96036 7.0174 8.24235 8.41343 7.56918 4.24759 -1.6766 -4.90016 -6.26641
86.71 2.41412 4.70592 6.05616 3.53347 -3.38502 -6.18942 -7.47904 -9.19867 -8.91428 -7.01914 -3.21184 -0.694727 0.920102 4.18686 5.88492 6.37093 8.37817 9.08389 8.408 5.11497 -0.751096 -3.90045 -5.29586
86.76 3.10506 5.61486 6.78441 4.32729 -2.27963 -4.99773 -6.74592 -9.40184 -9.48355 -7.66827 -4.01918 -1.44274 0.21053 3.28138 4.90441 5.77842 8.3602 9.49068 9.00516 5.83898 0.186625 -2.87227 -4.32779
86.81 3.69877 6.36883 7.34505 4.99885 -1.14167 -3.66415 -5.75963 -9.41064 -9.9828 -8.16584 -4.80301 -2.33808 -0.551627 2.45618 4.05463 5.26491 8.22015 9.6537 9.35373 6.41658 1.16004 -1.77374 -3.34013
86.86 4.1918 6.97611 7.76508 5.58177 -0.0217158 -2.30511 -4.5936 -9.0685 -10.2018 -8.60353 -5.71614 -3.38374 -1.3454 1.73466 3.39614 4.87128 7.99765 9.60754 9.45826 6.82723 2.13376 -0.619296 -2.32879
86.91 4.58891 7.4507 8.07585 6.11511 1.08921 -0.950794 -3.37908 -8.44441 -10.1012 -8.94196 -6.7427 -4.5983 -2.24777 1.05394 2.90644 4.56784 7.69325 9.38548 9.3565 7.08917 3.09602 0.596719 -1.27131
86.96 4.89913 7.81759 8.31495 6.63507 2.20839 0.392651 -2.13948 -7.63588 -9.73098 -9.14554 -7.81423 -5.9603 -3.31494 0.315016 2.47658 4.25393 7.2673 9.00016 9.08413 7.2295 4.03289 1.86967 -0.137729
87.01 5.13199 8.09178 8.49303 7.13301 3.31838 1.72361 -0.85106 -6.63684 -9.12094 -9.20075 -8.86 -7.39388 -4.51048 -0.51299 2.01524 3.84772 6.69592 8.45973 8.65686 7.24651 4.8935 3.13603 1.04749
87.06 5.28987 8.2871 8.63014 7.60232 4.406 3.05783 0.451966 -5.50136 -8.27751 -9.05418 -9.71619 -8.779 -5.76435 -1.43779 1.35497 3.25476 6.02675 7.80368 8.09613 7.12937 5.62043 4.30761 2.20876
87.11 5.395 8.43163 8.74304 8.0096 5.41327 4.3284 1.68179 -4.32064 -7.22973 -8.64167 -10.2154 -9.84295 -6.99832 -2.51519 0.500319 2.51724 5.29683 7.0759 7.43223 6.88052 6.18351 5.31337 3.24585
87.16 5.47583 8.53958 8.82339 8.34387 6.29595 5.44317 2.7768 -3.12558 -5.99744 -7.96398 -10.4501 -10.5906 -8.0474 -3.65124 -0.515539 1.6551 4.52149 6.3054 6.69291 6.51687 6.59677 6.16353 4.14361
87.21 5.5522 8.63883 8.90564 8.60404 7.00978 6.35408 3.70507 -1.93256 -4.60265 -7.00685 -10.4616 -11.1173 -8.85996 -4.76261 -1.66433 0.685245 3.71085 5.51527 5.90233 6.05718 6.8804 6.87856 4.91124
87.26 5.65456 8.7417 8.98303 8.77461 7.54722 7.04765 4.46517 -0.784561 -3.17291 -5.83086 -10.1717 -11.3482 -9.4564 -5.8697 -2.90096 -0.33795 2.90238 4.76484 5.11669 5.55098 7.07038 7.46754 5.53732
87.31 5.79415 8.79999 8.98179 8.84616 7.94593 7.53894 5.07704 0.29621 -1.7983 -4.57183 -9.53019 -11.2446 -9.8629 -6.98333 -4.21573 -1.38997 2.13736 4.09224 4.3856 5.04945 7.20668 7.95599 6.03663
87.36 5.9349 8.79812 8.91714 8.83796 8.22299 7.8842 5.60919 1.35392 -0.485598 -3.36372 -8.73568 -10.8416 -10.0412 -8.04961 -5.61481 -2.53802 1.33802 3.4395 3.68094 4.542 7.25431 8.32578 6.45176
87.41 6.05377 8.71932 8.78159 8.75319 8.39899 8.11971 6.08656 2.39667 0.774186 -2.21662 -7.859 -10.2269 -10.017 -9.00366 -7.01684 -3.74591 0.485003 2.76281 2.98272 4.02678 7.15025 8.49949 6.77477
87.46 6.12181 8.54195 8.56119 8.59142 8.49203 8.27162 6.51025 3.4099 1.97627 -1.08346 -6.89004 -9.47067 -9.82429 -9.80264 -8.33706 -4.95294 -0.410206 2.05418 2.3093 3.53457 6.86181 8.39551 6.93645
87.51 6.10512 8.24109 8.23726 8.34615 8.51313 8.35974 6.8786 4.38987 3.14043 0.00572273 -5.88579 -8.59875 -9.46477 -10.4011 -9.49696 -6.0996 -1.33211 1.32156 1.70261 3.11 6.42334 8.00454 6.84842
87.56 5.96715 7.79363 7.79373 8.01295 8.47116 8.39954 7.18993 5.32687 4.2612 1.03241 -4.87462 -7.64242 -8.94934 -10.767 -10.4323 -7.13476 -2.26426 0.569748 1.1686 2.73238 5.89 7.43179 6.52308
87.61 5.68303 7.18895 7.22602 7.59433 8.36943 8.3941 7.43751 6.20085 5.31317 1.97953 -3.87789 -6.64466 -8.30122 -10.8737 -11.0861 -8.01864 -3.20631 -0.200514 0.698043 2.39536 5.30787 6.75271 6.03129
87.66 5.25166 6.43635 6.54668 7.10106 8.20348 8.33216 7.61102 6.99226 6.27709 2.85028 -2.87932 -5.61181 -7.56324 -10.7518 -11.4472 -8.72925 -4.16582 -1.02045 0.238488 2.06141 4.70925 6.03345 5.44236
87.71 4.69643 5.56552 5.78471 6.5479 7.95889 8.18968 7.69663 7.68529 7.14616 3.66998 -1.81607 -4.46041 -6.74178 -10.4836 -11.5782 -9.28733 -5.14569 -1.92277 -0.28154 1.66408 4.06831 5.27755 4.7831
87.76 4.05527 4.61961 4.97784 5.94622 7.60986 7.92985 7.67108 8.26087 7.92658 4.50412 -0.649312 -3.22038 -5.85241 -10.0989 -11.5353 -9.70876 -6.10915 -2.89081 -0.890912 1.16224 3.35005 4.46144 4.04756
87.81 3.36184 3.63711 4.15605 5.30041 7.13596 7.52882 7.52248 8.69561 8.59248 5.36289 0.652209 -1.85887 -4.85866 -9.60142 -11.3571 -10.015 -7.02969 -3.89701 -1.58834 0.545996 2.5375 3.56711 3.22449
87.86 2.63398 2.63565 3.32569 4.60348 6.52934 6.98469 7.25402 8.96696 9.10266 6.20965 2.08362 -0.351765 -3.67351 -8.91878 -11.0614 -10.2271 -7.90736 -4.93151 -2.37175 -0.183317 1.63265 2.59523 2.31492
87.91 1.8706 1.60793 2.46917 3.84159 5.80014 6.31959 6.87905 9.0539 9.41016 6.96882 3.60943 1.33508 -2.24648 -7.9797 -10.6041 -10.3298 -8.7419 -5.99585 -3.24595 -1.02339 0.649305 1.56223 1.33443
87.96 1.05589 0.531073 1.56098 3.00733 4.98122 5.57846 6.41419 8.93566 9.46757 7.54168 5.16562 3.22847 -0.631352 -6.80414 -9.88748 -10.2564 -9.49967 -7.07167 -4.20101 -1.95942 -0.388474 0.493341 0.307649
88.01 0.152789 -0.635245 0.568058 2.09446 4.11618 4.81822 5.87909 8.60727 9.25386 7.8525 6.64583 5.23445 1.10757 -5.38609 -8.82081 -9.91891 -10.1214 -8.12107 -5.2139 -2.97153 -1.46291 -0.594708 -0.74418
88.06 -0.901534 -1.9474 -0.55087 1.08804 3.2397 4.08565 5.28945 8.08303 8.78703 7.88731 7.92173 7.15646 2.85146 -3.74376 -7.31831 -9.18989 -10.5013 -9.06788 -6.23308 -4.02704 -2.56288 -1.69564 -1.80466
88.11 -1.9635 -3.35169 -1.88866 -0.0874642 2.3454 3.39298 4.65282 7.39782 8.12731 7.70067 8.87639 8.75421 4.43581 -1.97936 -5.37892 -7.92241 -10.4942 -9.79983 -7.17473 -5.07541 -3.67702 -2.8034 -2.85184
88.16 -2.78302 -4.45846 -3.11843 -1.37471 1.30355 2.66008 3.94347 6.5924 7.3584 7.38214 9.45038 9.84296 5.71069 -0.263015 -3.2816 -6.22023 -9.99147 -10.1772 -7.90824 -6.02489 -4.76947 -3.89353 -3.84578
88.21 -3.52123 -5.3766 -4.12492 -2.54024 0.226504 1.84246 3.14102 5.69224 6.5313 6.98792 9.68574 10.4375 6.68956 1.39305 -1.21585 -4.37299 -9.08591 -10.146 -8.34395 -6.8112 -5.83013 -4.97141 -4.77977
88.26 -4.15726 -6.2103 -4.98387 -3.43055 -0.789831 0.871363 2.23211 4.72853 5.68988 6.54839 9.64446 10.613 7.4125 3.02085 0.803837 -2.53925 -7.93517 -9.74478 -8.45832 -7.39809 -6.84321 -6.0455 -5.67468
88.31 -4.50139 -6.79607 -5.55668 -4.20151 -1.96319 -0.321621 1.24134 3.78564 4.90566 6.09635 9.37745 10.4342 7.87026 4.59908 2.80833 -0.751409 -6.64196 -9.03974 -8.26686 -7.7615 -7.75919 -7.08866 -6.54015
88.36 -4.5418 -7.08725 -5.8874 -4.882 -3.27918 -1.74854 0.123512 2.87312 4.18214 5.60638 8.89148 9.94015 8.02983 6.08365 4.83086 1.01127 -5.23254 -8.05898 -7.77708 -7.87995 -8.52266 -8.05715 -7.36782
88.41 -4.38635 -7.08211 -5.96403 -5.4503 -4.67483 -3.36382 -1.14218 1.92949 3.44538 4.98899 8.14996 9.14316 7.86479 7.41854 6.84226 2.73004 -3.72717 -6.78515 -6.95217 -7.70228 -9.07402 -8.9069 -8.14151
88.46 -4.11594 -6.88217 -5.84607 -5.85031 -5.79904 -4.854 -2.56597 0.816708 2.60771 4.16643 7.13821 8.07795 7.40006 8.50785 8.656 4.30551 -2.20533 -5.26897 -5.76801 -7.15455 -9.33372 -9.58074 -8.82936
88.51 -3.80885 -6.39261 -5.40242 -6.02319 -6.67975 -5.98975 -3.94759 -0.436885 1.64618 3.1525 5.91919 6.83613 6.72502 9.25778 10.0774 5.63164 -0.740004 -3.63251 -4.30723 -6.23622 -9.24547 -10.0166 -9.38352
88.56 -3.43799 -5.62226 -4.63573 -5.89976 -7.34482 -6.85843 -5.17321 -1.70428 0.62206 2.04457 4.61481 5.53917 5.94854 9.61669 11.028 6.71256 0.667243 -1.99781 -2.72387 -5.038 -8.81702 -10.1758 -9.76055
88.61 -3.00686 -4.62183 -3.58441 -5.43104 -7.80727 -7.53295 -6.1379 -2.89151 -0.469628 0.910131 3.35553 4.30581 5.16977 9.60705 11.503 7.58321 2.05633 -0.424153 -1.16398 -3.71583 -8.11915 -10.052 -9.92978
88.66 -2.49235 -3.44028 -2.31254 -4.60816 -8.04883 -8.08489 -6.82678 -3.9777 -1.63358 -0.202538 2.21916 3.21576 4.45762 9.31609 11.5374 8.23552 3.44693 1.11359 0.328621 -2.38891 -7.24986 -9.66978 -9.87955
88.71 -1.86334 -2.12663 -0.895709 -3.47706 -8.03615 -8.5513 -7.30048 -4.97749 -2.89633 -1.29604 1.23206 2.29759 3.82911 8.82002 11.1887 8.62699 4.79418 2.65046 1.78819 -1.07049 -6.27153 -9.07046 -9.61634
88.76 -1.14199 -0.766797 0.562241 -2.09118 -7.6077 -8.77489 -7.72442 -6.04286 -4.26515 -2.37517 0.397985 1.58284 3.29247 8.17366 10.5262 8.69832 6.00153 4.18431 3.2353 0.246973 -5.20847 -8.28848 -9.14768
88.81 -0.358108 0.584896 2.00568 -0.609278 -6.79684 -8.6484 -8.05641 -7.14157 -5.72564 -3.51214 -0.333265 1.08799 2.84284 7.40756 9.62696 8.44272 6.97924 5.65625 4.65347 1.53668 -4.12181 -7.36043 -8.47583
88.86 0.463465 1.89759 3.38578 0.799387 -5.88393 -8.2294 -8.17099 -7.97761 -6.96428 -4.70841 -1.13923 0.672742 2.38947 6.52309 8.57062 7.93897 7.68271 6.96416 5.97239 2.7406 -3.07578 -6.35864 -7.63607
88.91 1.28144 3.13333 4.65055 2.08512 -4.90885 -7.55886 -8.06954 -8.61107 -7.90501 -5.77487 -1.99363 0.176115 1.84281 5.57425 7.4542 7.30952 8.12177 8.02883 7.12441 3.81659 -2.0943 -5.345 -6.69596
88.96 2.08122 4.25478 5.67101 3.12831 -3.86045 -6.65064 -7.71661 -9.05736 -8.63646 -6.67713 -2.84445 -0.405498 1.21656 4.60701 6.35215 6.65278 8.33943 8.82056 8.06573 4.74885 -1.15982 -4.34383 -5.72519
89.01 2.81029 5.23168 6.48582 3.99608 -2.77637 -5.55306 -7.10548 -9.33214 -9.23866 -7.40028 -3.66454 -1.09339 0.531763 3.67379 5.32452 6.03232 8.38492 9.34196 8.77107 5.5357 -0.232878 -3.33466 -4.75764
89.06 3.44836 6.05335 7.11428 4.7118 -1.64785 -4.26482 -6.22376 -9.43327 -9.77314 -7.9617 -4.45693 -1.92359 -0.207081 2.81212 4.4129 5.48161 8.29576 9.61017 9.2301 6.17947 0.724501 -2.27087 -3.78213
89.11 3.98566 6.72514 7.59629 5.33454 -0.513065 -2.90612 -5.12618 -9.27591 -10.1433 -8.41181 -5.29208 -2.90231 -0.989817 2.04013 3.66112 5.02894 8.10422 9.6511 9.44052 6.66647 1.7051 -1.13571 -2.77922
89.16 4.4244 7.25509 7.94835 5.88098 0.595436 -1.55041 -3.917 -8.74229 -10.1831 -8.80923 -6.27893 -4.03899 -1.82802 1.35859 3.10951 4.6976 7.84079 9.50454 9.42429 6.9891 2.67096 0.0490917 -1.74854
89.21 4.77176 7.66703 8.21673 6.40663 1.7134 -0.198748 -2.6984 -8.02249 -9.92346 -9.07023 -7.33691 -5.34222 -2.82245 0.653018 2.66611 4.4003 7.47333 9.19068 9.22458 7.18189 3.62364 1.30163 -0.649249
89.26 5.03802 7.98125 8.42136 6.91602 2.82844 1.13385 -1.42534 -7.09939 -9.42109 -9.19696 -8.40525 -6.75653 -3.97072 -0.135826 2.23074 4.04422 6.96617 8.71704 8.86457 7.2552 4.52572 2.58143 0.519933
89.31 5.22836 8.20793 8.57129 7.40034 3.9317 2.46876 -0.121586 -6.01389 -8.67813 -9.15315 -9.38756 -8.18167 -5.19502 -1.01144 1.67135 3.53722 6.33238 8.10566 8.35936 7.1984 5.31836 3.80699 1.70506
89.36 5.35291 8.37312 8.69746 7.83828 4.97995 3.78008 1.15106 -4.84641 -7.7182 -8.85709 -10.031 -9.41791 -6.46867 -2.02338 0.901166 2.8602 5.62622 7.40485 7.73703 7.00599 5.95387 4.88866 2.80434
89.41 5.4418 8.49526 8.79114 8.2043 5.92234 4.97274 2.31041 -3.65568 -6.56352 -8.29638 -10.3752 -10.2917 -7.61034 -3.14738 -0.0478591 2.05121 4.86984 6.6505 7.02823 6.69107 6.43101 5.80479 3.76259
89.46 5.51732 8.5936 8.86656 8.49955 6.71734 5.97655 3.31438 -2.46005 -5.23579 -7.46409 -10.4844 -10.9072 -8.53079 -4.27737 -1.14112 1.12659 4.0734 5.86581 6.25696 6.27112 6.76946 6.57776 4.58723
89.51 5.60108 8.69921 8.95917 8.71339 7.32621 6.76794 4.15109 -1.2813 -3.80016 -6.37476 -10.3578 -11.2873 -9.21 -5.37433 -2.34658 0.112799 3.25133 5.08651 5.45835 5.7756 6.9935 7.22097 5.27909
89.56 5.73084 8.78089 8.99039 8.82495 7.78587 7.34235 4.81876 -0.178264 -2.39969 -5.12696 -9.84057 -11.3323 -9.71138 -6.49201 -3.62021 -0.913122 2.47681 4.38364 4.7038 5.27119 7.15384 7.7515 5.82763
89.61 5.87383 8.80733 8.95392 8.85119 8.11388 7.74655 5.38088 0.887086 -1.05997 -3.89048 -9.10018 -11.0511 -9.98888 -7.58728 -4.98887 -2.0184 1.6989 3.72994 3.99191 4.76838 7.24829 8.18087 6.27759
89.66 6.00551 8.76502 8.85126 8.80026 8.33238 8.0272 5.88154 1.93737 0.2229 -2.72058 -8.25799 -10.5197 -10.0498 -8.59774 -6.40109 -3.20743 0.86891 3.06658 3.29083 4.25462 7.21849 8.45276 6.64624
89.71 6.09998 8.63424 8.67052 8.67308 8.46041 8.21337 6.32924 2.9647 1.44889 -1.58152 -7.32617 -9.82156 -9.93044 -9.47105 -7.76762 -4.42233 -0.00962516 2.37133 2.60161 3.7464 7.01142 8.47898 6.89153
89.76 6.1254 8.39123 8.39475 8.46557 8.51211 8.32749 6.72237 3.9603 2.62913 -0.47023 -6.3331 -8.99751 -9.6438 -10.1625 -9.00695 -5.60276 -0.921665 1.64974 1.96291 3.28886 6.63071 8.20803 6.92115
89.81 6.04529 8.01101 8.00563 8.17151 8.49726 8.38743 7.05942 4.91826 3.77157 0.586755 -5.32161 -8.07398 -9.19612 -10.6358 -10.0495 -6.69242 -1.85027 0.904211 1.39581 2.89425 6.13561 7.70287 6.69204
89.86 5.82765 7.47611 7.49246 7.78984 8.42205 8.40263 7.33644 5.82292 4.8571 1.56983 -4.31734 -7.08872 -8.6016 -10.8585 -10.8337 -7.64799 -2.78739 0.144461 0.901104 2.54104 5.56809 7.06097 6.26468
89.91 5.46 6.78655 6.85987 7.3278 8.28541 8.36749 7.54359 6.65268 5.86285 2.47577 -3.32658 -6.08624 -7.90339 -10.826 -11.3185 -8.43355 -3.73657 -0.647465 0.446208 2.21354 4.97744 6.35574 5.7125
89.96 4.95536 5.96321 6.13006 6.79954 8.07868 8.26535 7.67136 7.39168 6.77163 3.30751 -2.29751 -4.98093 -7.11313 -10.6183 -11.5451 -9.05833 -4.71143 -1.51332 -0.040965 1.85123 4.35976 5.61812 5.08372
90.01 4.34752 5.0451 5.33847 6.21823 7.77893 8.06145 7.69727 8.02184 7.59289 4.13103 -1.18142 -3.78213 -6.25657 -10.2826 -11.5723 -9.5371 -5.68624 -2.45558 -0.609535 1.39868 3.67939 4.8319 4.38367
90.06 3.67391 4.0751 4.52083 5.5921 7.36219 7.72467 7.60377 8.52214 8.31425 4.98076 0.0579909 -2.48003 -5.31492 -9.8367 -11.4518 -9.89257 -6.62805 -3.44791 -1.26905 0.83286 2.90911 3.97317 3.60009
90.11 2.96052 3.08175 3.69548 4.91953 6.81434 7.2425 7.38687 8.86789 8.89834 5.84001 1.43667 -1.03464 -4.23478 -9.25869 -11.2044 -10.1414 -7.52113 -4.46816 -2.01277 0.1544 2.0447 3.03482 2.72791
90.16 2.21384 2.06752 2.85328 4.1877 6.13664 6.62679 7.05745 9.03989 9.30249 6.64962 2.92465 0.560915 -2.90423 -8.42454 -10.8335 -10.3019 -8.37932 -5.52154 -2.84793 -0.638471 1.09295 2.02561 1.77589
90.21 1.42502 1.01634 1.97158 3.38611 5.35228 5.91257 6.63 9.01419 9.47521 7.31689 4.47858 2.36751 -1.36729 -7.35483 -10.2426 -10.3153 -9.17604 -6.5951 -3.7687 -1.53384 0.0767089 0.969925 0.766654
90.26 0.567315 -0.104188 1.02083 2.50918 4.5024 5.15383 6.12364 8.77829 9.38191 7.74979 6.0075 4.34261 0.32825 -6.04408 -9.34258 -10.1083 -9.8682 -7.66312 -4.7604 -2.5154 -0.983198 -0.110932 -0.276276
90.31 -0.410912 -1.34427 -0.0368941 1.54681 3.62799 4.40491 5.55688 8.33791 9.02235 7.904 7.39001 6.33045 2.08762 -4.49602 -8.04177 -9.5704 -10.3713 -8.66746 -5.78523 -3.5566 -2.07281 -1.2064 -1.33484
90.36 -1.54344 -2.75944 -1.26128 0.471927 2.752 3.69728 4.9399 7.71709 8.43694 7.80434 8.49956 8.10319 3.76737 -2.76142 -6.27898 -8.5557 -10.556 -9.51101 -6.77453 -4.61696 -3.18371 -2.31333 -2.39219
90.41 -2.43363 -4.00129 -2.60805 -0.806979 1.781 2.9923 4.26779 6.96219 7.70875 7.53524 9.24186 9.42549 5.18533 -1.01408 -4.21272 -7.00816 -10.2732 -10.0598 -7.61616 -5.62128 -4.28921 -3.41309 -3.41348
90.46 -3.20129 -4.98158 -3.69856 -2.05639 0.694247 2.2202 3.51034 6.10156 6.90243 7.16967 9.61914 10.2305 6.28928 0.664489 -2.1234 -5.19473 -9.52592 -10.2092 -8.19046 -6.48564 -5.3643 -4.49411 -4.37213
90.51 -3.89474 -5.85196 -4.62283 -3.0671 -0.340884 1.32324 2.64582 5.15987 6.06113 6.74743 9.69377 10.5825 7.12294 2.30249 -0.0882193 -3.34728 -8.46765 -9.96392 -8.44642 -7.16389 -6.40235 -5.57072 -5.28166
90.56 -4.4088 -6.57157 -5.32369 -3.86369 -1.42343 0.234248 1.69128 4.19501 5.24175 6.29669 9.52139 10.5539 7.70264 3.90983 1.92114 -1.53766 -7.22849 -9.38593 -8.38808 -7.6293 -7.36913 -6.63312 -6.16066
90.61 -4.54875 -6.99684 -5.77429 -4.59434 -2.68169 -1.08881 0.637184 3.27811 4.49968 5.83363 9.13599 10.197 7.99817 5.44017 3.93088 0.234527 -5.87098 -8.5294 -8.03233 -7.85962 -8.20631 -7.6397 -7.0065
90.66 -4.47836 -7.11797 -5.95887 -5.2131 -4.0554 -2.63073 -0.562847 2.35473 3.7781 5.28386 8.51224 9.53281 7.97836 6.85094 5.96093 1.97668 -4.40321 -7.38549 -7.36264 -7.82266 -8.86049 -8.54807 -7.80661
90.71 -4.2419 -6.99135 -5.92306 -5.6957 -5.3418 -4.24673 -1.93379 1.3362 2.99749 4.55927 7.61812 8.5783 7.63816 8.06275 7.89274 3.63551 -2.87392 -5.96222 -6.33377 -7.44531 -9.25931 -9.30786 -8.5381
90.76 -3.95368 -6.64762 -5.64038 -5.97845 -6.31717 -5.52441 -3.34811 0.126975 2.08304 3.6192 6.47751 7.40047 7.04303 8.97204 9.50367 5.07681 -1.38165 -4.36519 -4.97955 -6.68422 -9.32865 -9.85618 -9.15739
90.81 -3.60924 -5.99465 -5.0131 -5.99453 -7.07505 -6.50171 -4.65804 -1.14967 1.0838 2.54238 5.19372 6.11235 6.29843 9.50694 10.6664 6.26033 0.0505389 -2.71273 -3.42962 -5.59601 -9.04538 -10.1396 -9.617
90.86 -3.20602 -5.09008 -4.08153 -5.68295 -7.62792 -7.25327 -5.74553 -2.3777 0.0213055 1.41137 3.90169 4.83804 5.50954 9.6518 11.3499 7.22325 1.4403 -1.11508 -1.84686 -4.30648 -8.45512 -10.1409 -9.88151
90.91 -2.73278 -3.98281 -2.89801 -5.01428 -7.97106 -7.85177 -6.55309 -3.50865 -1.10691 0.286945 2.70435 3.67795 4.76254 9.47397 11.5732 7.97551 2.83234 0.434649 -0.325633 -2.97481 -7.65088 -9.86818 -9.92837
90.96 -2.15712 -2.72164 -1.53688 -4.01153 -8.07445 -8.35483 -7.11134 -4.54361 -2.32498 -0.812139 1.65199 2.6827 4.09795 9.06191 11.3866 8.48984 4.20786 1.96787 1.14251 -1.65549 -6.71738 -9.36049 -9.75833
91.01 -1.46734 -1.36651 -0.080658 -2.73351 -7.87692 -8.71914 -7.52635 -5.54768 -3.64621 -1.90206 0.74454 1.86826 3.51485 8.47377 10.8527 8.70891 5.49183 3.50952 2.59779 -0.333107 -5.68404 -8.65462 -9.38076
91.06 -0.712841 -0.0120824 1.37038 -1.26236 -7.17656 -8.74579 -7.93758 -6.68448 -5.07346 -2.98391 -0.00886111 1.28599 3.03629 7.7625 10.0502 8.5932 6.57813 5.01702 4.03082 0.969958 -4.60381 -7.78698 -8.79744
91.11 0.0983855 1.32385 2.78482 0.187249 -6.29647 -8.44764 -8.14534 -7.63406 -6.45775 -4.19024 -0.772275 0.862445 2.59886 6.92583 9.05127 8.18485 7.40563 6.41168 5.40578 2.22184 -3.53099 -6.8067 -8.02512
91.16 0.918567 2.59684 4.11551 1.54265 -5.35046 -7.88711 -8.14382 -8.3539 -7.5187 -5.32084 -1.61297 0.406294 2.09636 5.99988 7.95109 7.59681 7.95768 7.59016 6.63786 3.35697 -2.52176 -5.79314 -7.12004
91.21 1.73401 3.77516 5.24674 2.69085 -4.33024 -7.07788 -7.90436 -8.88169 -8.33291 -6.29918 -2.47029 -0.136476 1.50219 5.03428 6.83437 6.94228 8.26714 8.50396 7.67677 4.35387 -1.57037 -4.7864 -6.15601
91.26 2.49753 4.81747 6.14935 3.63298 -3.26214 -6.06592 -7.40972 -9.22922 -8.98199 -7.101 -3.305 -0.772776 0.842082 4.08025 5.76754 6.3001 8.38338 9.14351 8.48857 5.2046 -0.645803 -3.78599 -5.18611
91.31 3.17809 5.70861 6.85585 4.40849 -2.15085 -4.85029 -6.64503 -9.41333 -9.54424 -7.73187 -4.10932 -1.53731 0.126199 3.1829 4.80026 5.71554 8.35003 9.52139 9.0577 5.9125 0.295754 -2.75126 -4.21703
91.36 3.76021 6.44561 7.40032 5.07024 -1.01168 -3.50865 -5.63468 -9.39645 -10.0239 -8.21529 -4.89764 -2.44993 -0.641604 2.36728 3.96836 5.21288 8.19807 9.65831 9.37786 6.4724 1.27231 -1.64394 -3.22576
91.41 4.24199 7.03656 7.80504 5.64375 0.104448 -2.15052 -4.45521 -9.00674 -10.2061 -8.64878 -5.8287 -3.51312 -1.44042 1.65751 3.33366 4.83389 7.96781 9.59088 9.45637 6.86396 2.24394 -0.484313 -2.21164
91.46 4.62865 7.49776 8.10649 6.17509 1.2168 -0.796524 -3.24067 -8.36278 -10.0711 -8.97121 -6.86322 -4.74695 -2.36113 0.973713 2.85627 4.53429 7.6515 9.34975 9.33379 7.11126 3.20495 0.739815 -1.14602
91.51 4.92962 7.85358 8.33846 6.69334 2.33562 0.544455 -1.99411 -7.53035 -9.67366 -9.15992 -7.93615 -6.12179 -3.44605 0.225058 2.42707 4.21344 7.20947 8.94616 9.04319 7.23809 4.13621 2.01614 -0.00409745
91.56 5.15383 8.11772 8.5102 7.18844 3.44441 1.87597 -0.70206 -6.51251 -9.03596 -9.19629 -8.97397 -7.55663 -4.64909 -0.612261 1.95077 3.78934 6.62368 8.38997 8.59931 7.24027 4.98434 3.27644 1.18326
91.61 5.30408 8.30611 8.64492 7.6525 4.52576 3.20788 0.597464 -5.36798 -8.16791 -9.02021 -9.78872 -8.92057 -5.91076 -1.55325 1.26706 3.17734 5.94596 7.72352 8.02504 7.10747 5.69306 4.43124 2.33454
91.66 5.40516 8.44566 8.75394 8.05155 5.52102 4.46472 1.8141 -4.18486 -7.09793 -8.57757 -10.2541 -9.94182 -7.12863 -2.6437 0.39196 2.42482 5.21041 6.98969 7.3513 6.84463 6.23803 5.418 3.35529
91.71 5.48439 8.55058 8.83164 8.37814 6.38743 5.55768 2.89147 -2.9893 -5.84646 -7.86951 -10.4622 -10.66 -8.15204 -3.78006 -0.640194 1.54954 4.43049 6.2157 6.60479 6.46894 6.63545 6.25189 4.23789
91.76 5.56165 8.65096 8.91655 8.62872 7.07936 6.44461 3.80078 -1.7974 -4.43777 -6.88188 -10.448 -11.1644 -8.93641 -4.88501 -1.80145 0.568465 3.61569 5.42562 5.81055 6.00008 6.90562 6.9522 4.99084
91.81 5.66969 8.75108 8.9865 8.78747 7.59992 7.11294 4.5408 -0.659231 -3.01327 -5.68737 -10.1108 -11.3536 -9.51387 -5.99693 -3.04552 -0.454124 2.81456 4.68482 5.03062 5.49344 7.0888 7.52823 5.59992
91.86 5.81058 8.80309 8.97782 8.84944 7.98353 7.585 5.14101 0.417596 -1.64563 -4.43075 -9.44532 -11.2119 -9.89404 -7.10817 -4.37187 -1.51596 2.04882 4.01788 4.30446 4.99211 7.21778 8.0055 6.08825
91.91 5.95005 8.79338 8.90563 8.83245 8.24815 7.91631 5.66634 1.47371 -0.339467 -3.23043 -8.63945 -10.7805 -10.0477 -8.16473 -5.77602 -2.67379 1.24332 3.36384 3.60084 4.48319 7.25114 8.35743 6.4944
91.96 6.06469 8.7045 8.76117 8.73898 8.41388 8.14111 6.13773 2.51376 0.913585 -2.08628 -7.752 -10.1473 -10.0032 -9.10322 -7.17278 -3.88458 0.384756 2.68341 2.90379 3.96842 7.12647 8.50287 6.80365
92.01 6.12489 8.51433 8.5299 8.56799 8.49818 8.28484 6.55528 3.52357 2.11083 -0.956741 -6.77673 -9.37655 -9.79135 -9.88126 -8.47834 -5.08752 -0.5141 1.97185 2.23612 3.48206 6.818 8.36447 6.94047
92.06 6.09616 8.19779 8.19298 8.3128 8.51169 8.36683 6.91727 4.49932 3.27082 0.12629 -5.77038 -8.49329 -9.41355 -10.4549 -9.61579 -6.22374 -1.43783 1.23648 1.63784 3.06483 6.36654 7.94658 6.8222
92.11 5.94243 7.73261 7.73521 7.96953 8.46283 8.40159 7.22181 5.43029 4.38512 1.14447 -4.76014 -7.52991 -8.88126 -10.7922 -10.5216 -7.24358 -2.37087 0.48332 1.11237 2.69215 5.82479 7.35798 6.47411
92.16 5.64108 7.11019 7.15379 7.54168 8.35412 8.39046 7.46145 6.29573 5.42793 2.08265 -3.76517 -6.5304 -8.22128 -10.8694 -11.141 -8.10792 -3.31427 -0.290498 0.646526 2.35821 5.24038 6.67205 5.96817
92.21 5.194 6.34225 6.46328 7.04083 8.18022 8.32097 7.626 7.07684 6.38065 2.94456 -2.76213 -5.48519 -7.47279 -10.7279 -11.4726 -8.80018 -4.27691 -1.11905 0.1832 2.0203 4.63885 5.94931 5.37065
92.26 4.62702 5.46061 5.69426 6.48162 7.92496 8.1668 7.69992 7.75749 7.24001 3.76376 -1.68903 -4.32392 -6.64431 -10.4452 -11.5808 -9.34142 -5.25665 -2.03011 -0.346225 1.61258 3.99077 5.1879 4.70329
92.31 3.97844 4.50886 4.8845 5.87485 7.56251 7.8917 7.66069 8.3183 8.00919 4.60114 -0.508082 -3.07221 -5.74536 -10.0481 -11.5213 -9.74886 -6.21624 -3.0038 -0.966009 1.09774 3.26216 4.36343 3.95815
92.36 3.28059 3.52385 4.06197 5.22379 7.07355 7.47393 7.4979 8.73538 8.65946 5.46124 0.809681 -1.69385 -4.73663 -9.53674 -11.3285 -10.0426 -7.13088 -4.01292 -1.67287 0.468751 2.43888 3.45998 3.12489
92.41 2.54903 2.52009 3.22974 4.52007 6.452 6.91444 7.21659 8.98698 9.14925 6.30254 2.25351 -0.170288 -3.52157 -8.82354 -11.0195 -10.2454 -8.0049 -5.05133 -2.46678 -0.273675 1.52401 2.47994 2.20613
92.46 1.78096 1.48825 2.36875 3.75018 5.71052 6.23797 6.83039 9.0513 9.43027 7.04551 3.78711 1.54121 -2.07117 -7.8579 -10.5372 -10.3314 -8.83248 -6.11794 -3.35068 -1.12537 0.533397 1.44172 1.21914
92.51 0.958537 0.403585 1.45273 2.90735 4.8841 5.49173 6.3565 8.90899 9.45721 7.59146 5.34063 3.45439 -0.437704 -6.65483 -9.7854 -10.2332 -9.57857 -7.19326 -4.31389 -2.07121 -0.509265 0.370073 0.188585
92.56 0.0418353 -0.776294 0.447651 1.98479 4.01633 4.73269 5.81452 8.55717 9.21293 7.87018 6.80425 5.46223 1.30877 -5.20951 -8.67298 -9.85824 -10.179 -8.2356 -5.33066 -3.09012 -1.58698 -0.719536 -0.864963
92.61 -1.03439 -2.10874 -0.688309 0.966287 3.13977 4.00486 5.21902 8.01212 8.72009 7.87576 8.04892 7.35985 3.04394 -3.54481 -7.11725 -9.07564 -10.5228 -9.16409 -6.34578 -4.14781 -2.68935 -1.82176 -1.92533
92.66 -2.06335 -3.49268 -2.04345 -0.234211 2.23427 3.31253 4.57613 7.31165 8.04417 7.6699 8.96122 8.90529 4.59759 -1.77985 -5.14212 -7.74469 -10.4618 -9.86257 -7.2708 -5.18986 -3.80282 -2.92861 -2.96831
92.71 -2.87005 -4.56935 -3.24231 -1.51852 1.17848 2.5723 3.85723 6.49424 7.26642 7.34051 9.49341 9.93467 5.83644 -0.0717209 -3.0431 -6.01247 -9.90551 -10.194 -7.97358 -6.12321 -4.89166 -4.01639 -3.95483
92.76 -3.60066 -5.47587 -4.2303 -2.65537 0.108699 1.74024 3.04219 5.58458 6.4352 6.93984 9.69432 10.4775 6.78472 1.57989 -0.983972 -4.16221 -8.96474 -10.1177 -8.37278 -6.8882 -5.94821 -5.09385 -4.88316
92.81 -4.21916 -6.29818 -5.06098 -3.51764 -0.913446 0.747253 2.12357 4.61746 5.59581 6.49678 9.62482 10.6098 7.47907 3.2047 1.03309 -2.33281 -7.79358 -9.67859 -8.45137 -7.45087 -6.9533 -6.16648 -5.77469
92.86 -4.51627 -6.84508 -5.60838 -4.28483 -2.10697 -0.472697 1.12125 3.68134 4.82136 6.04403 9.3339 10.3937 7.9044 4.774 3.03747 -0.549537 -6.48735 -8.94222 -8.22628 -7.78754 -7.8544 -7.20318 -6.63634
92.91 -4.53356 -7.10078 -5.90824 -4.95244 -3.43613 -1.92486 -0.01363 2.76785 4.10013 5.54414 8.82072 9.86465 8.02791 6.24517 5.06309 1.21004 -5.06506 -7.92866 -7.70101 -7.87584 -8.59711 -8.16046 -7.45879
92.96 -4.35848 -7.06695 -5.95958 -5.50493 -4.82149 -3.55377 -1.30154 1.8143 3.35721 4.90692 8.04816 9.03426 7.82594 7.55764 7.06415 2.92027 -3.55205 -6.62225 -6.83472 -7.65933 -9.11946 -8.99333 -8.22475
93.01 -4.08422 -6.84296 -5.81327 -5.88247 -5.91041 -4.99934 -2.72783 0.678008 2.50295 4.05867 7.00762 7.94321 7.33189 8.61222 8.84059 4.47016 -2.03507 -5.08641 -5.61312 -7.06746 -9.34141 -9.64299 -8.89972
93.06 -3.76938 -6.31783 -5.33068 -6.02519 -6.76595 -6.10072 -4.09742 -0.583081 1.53163 3.02895 5.77214 6.68872 6.63977 9.3192 10.2104 5.76639 -0.576377 -3.44305 -4.12995 -6.112 -9.21268 -10.0484 -9.43545
93.11 -3.39199 -5.51885 -4.52918 -5.86423 -7.40774 -6.94361 -5.2973 -1.84447 0.500484 1.91497 4.46695 5.39335 5.85821 9.6331 11.1062 6.82253 0.825588 -1.81573 -2.54316 -4.89034 -8.74916 -10.1755 -9.79021
93.16 -2.95303 -4.49537 -3.44905 -5.35453 -7.84635 -7.60068 -6.22967 -3.02043 -0.598195 0.781696 3.21862 4.1732 5.08437 9.58651 11.5285 7.66937 2.21529 -0.247579 -0.990771 -3.56402 -8.02712 -10.0204 -9.93451
93.21 -2.42673 -3.2963 -2.15703 -4.49341 -8.06058 -8.14199 -6.88979 -4.09547 -1.77242 -0.327922 2.099 3.10216 4.38184 9.26897 11.5161 8.29475 3.60432 1.28832 0.495634 -2.23887 -7.14345 -9.6116 -9.8596
93.26 -1.78365 -1.9707 -0.727776 -3.33168 -8.01771 -8.59876 -7.34442 -5.08682 -3.04597 -1.42101 1.12756 2.20387 3.76198 8.75248 11.1276 8.65253 4.9415 2.82673 1.95418 -0.919603 -6.15331 -8.98986 -9.57299
93.31 -1.05582 -0.612354 0.727833 -1.92231 -7.52592 -8.77825 -7.77219 -6.17301 -4.42774 -2.49782 0.312698 1.51676 3.23827 8.0927 10.4347 8.68523 6.12591 4.35664 3.39865 0.395244 -5.08559 -8.1897 -9.08095
93.36 -0.265159 0.737477 2.16722 -0.443663 -6.696 -8.61397 -8.07968 -7.24879 -5.88524 -3.65153 -0.420193 1.04008 2.79313 7.31206 9.51275 8.39582 7.074 5.8161 4.81083 1.67977 -3.9993 -7.24844 -8.38752
93.41 0.557419 2.04294 3.53764 0.953988 -5.77584 -8.16517 -8.17075 -8.0594 -7.08474 -4.83736 -1.23535 0.62042 2.33196 6.41731 8.44485 7.87155 7.7458 7.09908 6.11326 2.8701 -2.96089 -6.24317 -7.53271
93.46 1.37525 3.26808 4.77891 2.21499 -4.79204 -7.46605 -8.04202 -8.67093 -7.99733 -5.88647 -2.09154 0.114244 1.77484 5.46378 7.32653 7.23461 8.15707 8.13338 7.24321 3.9303 -1.98611 -5.23052 -6.5861
93.51 2.16861 4.37376 5.77377 3.23545 -3.73862 -6.53498 -7.66006 -9.09674 -8.70994 -6.76843 -2.93964 -0.477955 1.1411 4.49786 6.23019 6.57936 8.35266 8.89374 8.15862 4.84593 -1.05465 -4.23015 -5.6149
93.56 2.88821 5.33343 6.56606 4.08384 -2.64934 -5.41326 -7.01788 -9.35341 -9.30262 -7.47205 -3.75623 -1.18055 0.449925 3.57115 5.21395 5.9655 8.3811 9.38524 8.83629 5.61662 -0.12554 -3.21694 -4.64754
93.61 3.51496 6.13747 7.17626 4.78702 -1.51793 -4.1115 -6.10809 -9.43148 -9.82957 -8.01611 -4.54543 -2.02777 -0.294471 2.71954 4.31751 5.42397 8.27829 9.62584 9.26684 6.24358 0.836109 -2.1446 -3.6694
93.66 4.04077 6.79259 7.64217 5.3994 -0.386346 -2.7515 -4.99044 -9.22829 -10.1643 -8.46262 -5.39861 -3.02296 -1.07977 1.96003 3.58906 4.98606 8.07815 9.64347 9.44945 6.71104 1.81579 -1.00382 -2.66406
93.71 4.46862 7.30777 7.98276 5.94152 0.722187 -1.39612 -3.77856 -8.66858 -10.1672 -8.84577 -6.39698 -4.17975 -1.93287 1.28095 3.05552 4.66384 7.80492 9.47713 9.41038 7.0174 2.78082 0.188848 -1.62721
93.76 4.8062 7.70779 8.24339 6.46588 1.84092 -0.0462025 -2.55586 -7.92693 -9.87821 -9.09188 -7.45951 -5.49924 -2.94633 0.567698 2.61743 4.36394 7.423 9.14471 9.19158 7.19661 3.73032 1.44771 -0.518831
93.81 5.06379 8.01156 8.44106 6.97252 2.9548 1.28543 -1.27825 -6.9835 -9.3483 -9.20076 -8.52342 -6.92048 -4.10891 -0.23157 2.17877 3.9971 6.89855 8.65323 8.81389 7.25567 4.6229 2.72572 0.655744
93.86 5.24536 8.22942 8.587 7.45392 4.05549 2.62102 0.0268807 -5.88337 -8.57936 -9.1328 -9.47904 -8.339 -5.34002 -1.11855 1.59336 3.46721 6.25493 8.0295 8.29384 7.18341 5.39948 3.93912 1.8369
93.91 5.36439 8.38914 8.71019 7.88411 5.09383 3.92383 1.28994 -4.71157 -7.59622 -8.80653 -10.0833 -9.53329 -6.60786 -2.14831 0.801156 2.77425 5.54221 7.32101 7.66014 6.97608 6.01614 5.00134 2.92092
93.96 5.45084 8.50726 8.80016 8.24178 6.02144 5.09762 2.43331 -3.51938 -6.42077 -8.21562 -10.3985 -10.3728 -7.72695 -3.27715 -0.165618 1.95127 4.78075 6.56205 6.94298 6.64823 6.47644 5.9001 3.86348
94.01 5.5261 8.60512 8.87657 8.52843 6.79645 6.07778 3.41783 -2.32413 -5.0745 -7.351 -10.4827 -10.9644 -8.61999 -4.40343 -1.27378 1.01467 3.98054 5.77537 6.1661 6.2175 6.80032 6.65792 4.67345
94.06 5.61375 8.71116 8.96767 8.73169 7.3859 6.84428 4.23536 -1.15168 -3.63773 -6.23789 -10.3193 -11.308 -9.27544 -5.50138 -2.48836 -0.00373609 3.15978 5.00174 5.36907 5.71755 7.01428 7.28673 5.34876
94.11 5.74702 8.78688 8.98955 8.8323 7.82981 7.39609 4.88695 -0.0556715 -2.24379 -4.9833 -9.76389 -11.3156 -9.75445 -6.61866 -3.77131 -1.03387 2.38985 4.30783 4.62107 5.21404 7.1688 7.80633 5.88354
94.16 5.88983 8.80629 8.94588 8.84955 8.14431 7.78442 5.4408 1.00749 -0.911194 -3.75369 -9.00796 -11.0014 -10.006 -7.70775 -5.1492 -2.15057 1.60708 3.65546 3.91164 4.71023 7.25238 8.22161 6.32439
94.21 6.01873 8.75495 8.83492 8.78981 8.35148 8.05297 5.93551 2.05634 0.366294 -2.59156 -8.15824 -10.4466 -10.0438 -8.70427 -6.56031 -3.34551 0.771064 2.98901 3.21119 4.1957 7.2044 8.46991 6.68224
94.26 6.107 8.61263 8.6443 8.65384 8.4703 8.22997 6.37706 3.07995 1.58529 -1.45268 -7.21477 -9.7335 -9.90603 -9.5596 -7.91653 -4.55955 -0.112093 2.29011 2.52514 3.69058 6.97591 8.46327 6.90794
94.31 6.12231 8.35521 8.35644 8.43667 8.5139 8.33706 6.76386 4.0717 2.76138 -0.346791 -6.21836 -8.89667 -9.60046 -10.2276 -9.13659 -5.73231 -1.02702 1.56585 1.89468 3.24193 6.57894 8.15923 6.90759
94.36 6.02788 7.95797 7.95346 8.13248 8.49194 8.39169 7.09444 5.02468 3.89879 0.702879 -5.2064 -7.96397 -9.1352 -10.6741 -10.1528 -6.8086 -1.95646 0.81842 1.33586 2.85147 6.07355 7.63571 6.65226
94.41 5.7933 7.40505 7.42609 7.74109 8.40991 8.40172 7.3641 5.9219 4.97613 1.67668 -4.20402 -6.97463 -8.52598 -10.8669 -10.9041 -7.74638 -2.89472 0.0565038 0.848269 2.50307 5.50117 6.98232 6.20669
94.46 5.40894 6.69882 6.78097 7.27068 8.26583 8.35994 7.5627 6.74208 5.97162 2.5739 -3.21272 -5.96776 -7.81806 -10.8093 -11.3557 -8.51199 -3.84601 -0.741574 0.393827 2.17534 4.9089 6.27323 5.64427
94.51 4.89059 5.86245 6.04217 6.73576 8.04984 8.24817 7.68017 7.46964 6.86976 3.40067 -2.17536 -4.84853 -7.01871 -10.5858 -11.5569 -9.11959 -4.82302 -1.61711 -0.101126 1.80492 4.28594 5.53129 5.00761
94.56 4.2735 4.9364 5.24598 6.14904 7.73779 8.03039 7.6931 8.08619 7.68093 4.22654 -1.04692 -3.63966 -6.15435 -10.2373 -11.5651 -9.5831 -5.79543 -2.5665 -0.680111 1.34002 3.59629 4.73783 4.29865
94.61 3.59438 3.96272 4.42701 5.5179 7.30653 7.67719 7.58542 8.5701 8.38883 5.07911 0.208262 -2.32316 -5.20026 -9.77855 -11.4296 -9.92569 -6.732 -3.56275 -1.34952 0.76117 2.81515 3.87002 3.50493
94.66 2.87726 2.96737 3.60067 4.83935 6.74346 7.17873 7.35496 8.89703 8.95472 5.93642 1.60122 -0.861969 -4.0954 -9.17631 -11.17 -10.1648 -7.62074 -4.58638 -2.10315 0.0697625 1.94025 2.92285 2.62291
94.71 2.12652 1.95003 2.75522 4.09993 6.05194 6.54952 7.0135 9.0476 9.33503 6.73499 3.09993 0.75596 -2.73885 -8.31459 -10.7789 -10.3117 -8.47337 -5.64284 -2.94848 -0.735492 0.979928 1.90707 1.66312
94.76 1.33164 0.892919 1.86729 3.29001 5.25783 5.82726 6.57602 8.99824 9.47865 7.3797 4.65635 2.5861 -1.18087 -7.21785 -10.1574 -10.3043 -9.26097 -6.71747 -3.87832 -1.64158 -0.0421555 0.847667 0.648978
94.81 0.463352 -0.238369 0.90644 2.40404 4.40327 5.06709 6.06187 8.73832 9.35423 7.78184 6.17519 4.57255 0.527855 -5.87936 -9.21632 -10.0661 -9.9368 -7.7819 -4.87622 -2.63147 -1.10597 -0.235125 -0.396498
94.86 -0.53302 -1.49588 -0.166232 1.43076 3.52796 4.32188 5.48906 8.27581 8.96614 7.90463 7.5327 6.548 2.28611 -4.306 -7.8647 -9.48186 -10.411 -8.77346 -5.90097 -3.67709 -2.1983 -1.33195 -1.45579
94.91 -1.65779 -2.91967 -1.42315 0.332023 2.65055 3.61961 4.86733 7.63741 8.35977 7.78072 8.60421 8.28051 3.94527 -2.5595 -6.05171 -8.40256 -10.5496 -9.59123 -6.88044 -4.73602 -3.31068 -2.43955 -2.51128
94.96 -2.52491 -4.12319 -2.74411 -0.95404 1.65973 2.90786 4.18578 6.86889 7.61999 7.49767 9.30259 9.54287 5.32645 -0.819407 -3.97284 -6.80942 -10.2091 -10.0976 -7.69623 -5.72752 -4.41299 -3.53678 -3.52581
95.01 -3.28457 -5.08442 -3.81086 -2.18652 0.572015 2.12556 3.41735 5.99765 6.80751 7.12404 9.64208 10.2923 6.39736 0.852702 -1.88874 -4.98332 -9.41796 -10.2001 -8.23568 -6.57257 -5.48445 -4.61661 -4.47768
95.06 -3.96531 -5.94592 -4.71972 -3.16471 -0.455462 1.21035 2.54065 5.04917 5.96512 6.6969 9.68593 10.5976 7.20244 2.48805 0.141589 -3.13879 -8.33385 -9.91353 -8.455 -7.22771 -6.51677 -5.69283 -5.38306
95.11 -4.43886 -6.63341 -5.38749 -3.95245 -1.55964 0.0954548 1.57739 4.08854 5.15366 6.24546 9.48853 10.5294 7.75151 4.08906 2.14941 -1.33481 -7.07979 -9.30194 -8.36217 -7.6673 -7.47161 -6.75112 -6.25869
95.16 -4.55052 -7.02563 -5.80803 -4.67035 -2.83351 -1.2548 0.507619 3.17408 4.41774 5.7771 9.07787 10.1369 8.01271 5.60852 4.16222 0.435285 -5.70873 -8.41404 -7.97257 -7.86961 -8.2908 -7.74863 -7.10007
95.21 -4.45781 -7.11309 -5.96388 -5.27661 -4.21693 -2.81749 -0.708539 2.24679 3.69361 5.21147 8.42431 9.43819 7.95547 7.0014 6.19033 2.17233 -4.23036 -7.23649 -7.26411 -7.79814 -8.91998 -8.64282 -7.89376
95.26 -4.20995 -6.96701 -5.90776 -5.73902 -5.46448 -4.41052 -2.09716 1.20553 2.89968 4.46211 7.49906 8.45355 7.58161 8.18374 8.09639 3.8127 -2.70075 -5.78671 -6.19419 -7.37765 -9.28441 -9.38169 -8.61488
95.31 -3.91764 -6.58724 -5.58488 -5.99483 -6.41441 -5.64952 -3.50489 -0.017467 1.97177 3.50114 6.33601 7.25691 6.96374 9.05324 9.66052 5.22473 -1.21542 -4.1775 -4.80985 -6.57469 -9.31355 -9.90206 -9.21824
95.36 -3.56623 -5.90327 -4.92127 -5.97601 -7.14779 -6.59733 -4.7955 -1.29405 0.966604 2.41516 5.04407 5.96402 6.2089 9.54284 10.7689 6.38092 0.209828 -2.52764 -3.24818 -5.45566 -8.99199 -10.1537 -9.65713
95.41 -3.1561 -4.97317 -3.9579 -5.62456 -7.67767 -7.32754 -5.85177 -2.51187 -0.104009 1.28181 3.75888 4.69849 5.42099 9.64623 11.3982 7.32013 1.59881 -0.936452 -1.66997 -4.155 -8.37226 -10.1227 -9.8974
95.46 -2.6729 -3.84591 -2.75025 -4.91562 -7.99535 -7.91302 -6.62779 -3.63104 -1.24066 0.160356 2.57647 3.55564 4.68234 9.43755 11.5718 8.04735 2.99112 0.609584 -0.156574 -2.82402 -7.54997 -9.8211 -9.91921
95.51 -2.08375 -2.57033 -1.37366 -3.87859 -8.06927 -8.40664 -7.16252 -4.65641 -2.47037 -0.936582 1.54146 2.58013 4.02728 9.00292 11.3423 8.53127 4.36101 2.14336 1.30863 -1.50554 -6.60507 -9.28939 -9.72505
95.56 -1.38463 -1.21213 0.0847395 -2.57115 -7.81664 -8.73889 -7.57749 -5.67279 -3.80359 -2.02391 0.652358 1.78998 3.45531 8.39859 10.7736 8.71288 5.62742 3.68425 2.76234 -0.183488 -5.56246 -8.5634 -9.32433
95.61 -0.622343 0.142072 1.53488 -1.09302 -7.0809 -8.7264 -7.97258 -6.80878 -5.24195 -3.11532 -0.0914041 1.23219 2.98577 7.67341 9.94481 8.56001 6.68679 5.18431 4.19239 1.11671 -4.4798 -7.67946 -8.71808
95.66 0.192549 1.47282 2.94103 0.346449 -6.19146 -8.39601 -8.15529 -7.72585 -6.59387 -4.32609 -0.865627 0.815744 2.54688 6.82326 8.92901 8.1246 7.48241 6.55857 5.5546 2.35749 -3.41293 -6.69224 -7.92743
95.71 1.01138 2.73662 4.25931 1.68896 -5.23914 -7.8077 -8.12915 -8.42326 -7.62205 -5.44044 -1.71083 0.348401 2.0325 5.89079 7.82319 7.52381 8.0046 7.70854 6.7671 3.47793 -2.41088 -5.6779 -7.01204
95.76 1.8248 3.90135 5.35988 2.80678 -4.20998 -6.9713 -7.86049 -8.92982 -8.41347 -6.39959 -2.56703 -0.203936 1.4297 4.92376 6.70902 6.86731 8.2894 8.59094 7.78148 4.4583 -1.4645 -4.67278 -6.0455
95.81 2.57976 4.92707 6.24008 3.7304 -3.13875 -5.93978 -7.33685 -9.25767 -9.0486 -7.1806 -3.3977 -0.852447 0.763408 3.97444 5.65148 6.23003 8.38663 9.19973 8.56606 5.29243 -0.540276 -3.67112 -5.07638
95.86 3.24969 5.80032 6.92525 4.48835 -2.02177 -4.70135 -6.54083 -9.42207 -9.60403 -7.79344 -4.19906 -1.6338 0.0412951 3.08564 4.69787 5.65371 8.3383 9.54895 9.10703 5.98415 0.405374 -2.62932 -4.10601
95.91 3.82022 6.52049 7.45384 5.14056 -0.882012 -3.35304 -5.50745 -9.37804 -10.0594 -8.26348 -4.99518 -2.56405 -0.731885 2.27994 3.88483 5.1626 8.17504 9.66027 9.39882 6.52598 1.38441 -1.51361 -3.11119
95.96 4.29083 7.09528 7.84373 5.70532 0.230642 -1.99599 -4.31665 -8.94197 -10.2057 -8.6923 -5.94264 -3.64491 -1.53723 1.58065 3.27333 4.7976 7.93687 9.57198 9.45192 6.89888 2.35405 -0.348441 -2.09385
96.01 4.66717 7.54338 8.13625 6.23501 1.34461 -0.642243 -3.10219 -8.27898 -10.0372 -8.99857 -6.98419 -4.89746 -2.47666 0.892646 2.80677 4.50049 7.60811 9.31192 9.30892 7.13183 3.31352 0.883588 -1.01976
96.06 4.95901 7.8883 8.36115 6.75135 2.46277 0.696204 -1.84826 -7.42241 -9.61293 -9.17214 -8.05756 -6.28411 -3.57883 0.133915 2.3772 4.17173 7.14968 8.89012 9.00023 7.24509 4.23845 2.1624 0.130111
96.11 5.17456 8.14252 8.52678 7.24358 3.57031 2.02855 -0.552645 -6.38606 -8.94765 -9.18931 -9.08636 -7.71859 -4.78766 -0.712648 1.88293 3.72794 6.55025 8.31873 8.54003 7.23226 5.07339 3.4156 1.31872
96.16 5.31752 8.32437 8.65931 7.70188 4.64453 3.357 0.741864 -5.23414 -8.05566 -8.98278 -9.85671 -9.05613 -6.05621 -1.67121 1.17653 3.09818 5.86452 7.64252 7.95266 7.08385 5.76349 4.55253 2.45843
96.21 5.41495 8.45912 8.76433 8.09252 5.62708 4.5989 1.9446 -4.04883 -6.96357 -8.50984 -10.2895 -10.0368 -7.25637 -2.77272 0.281633 2.33087 5.12346 6.90297 7.2694 6.80723 6.2906 5.52065 3.46297
96.26 5.4928 8.56152 8.84031 8.41135 6.47629 5.66953 3.00366 -2.85302 -5.69236 -7.7705 -10.4716 -10.7269 -8.25373 -3.90858 -0.766601 1.44259 4.33908 6.12578 6.51601 6.41972 6.67242 6.33853 4.33056
96.31 5.57115 8.66312 8.92766 8.65244 7.14655 6.53227 3.89426 -1.66316 -4.27314 -6.75455 -10.4301 -11.2041 -9.01067 -5.00919 -1.93979 0.451628 3.5211 5.33691 5.71915 5.94262 6.92971 7.02402 5.06833
96.36 5.68504 8.75966 8.98888 8.79906 7.65075 7.17569 4.6147 -0.53457 -2.85424 -5.54316 -10.0459 -11.3544 -9.56849 -6.1241 -3.19125 -0.570841 2.7273 4.6059 4.94536 5.43599 7.10654 7.58767 5.66098
96.41 5.82689 8.80528 8.97291 8.8516 8.01957 7.62932 5.20412 0.538803 -1.49371 -4.29038 -9.3586 -11.1754 -9.92215 -7.23229 -4.52907 -1.64325 1.95977 3.94371 4.22363 4.93463 7.2276 8.05334 6.13883
96.46 5.96479 8.78751 8.89305 8.82582 8.27198 7.94707 5.72289 1.59339 -0.193874 -3.09793 -8.54227 -10.7167 -10.0515 -8.27821 -5.93707 -2.81019 1.14799 3.28789 3.52084 4.42429 7.24582 8.38628 6.53579
96.51 6.07483 8.68827 8.7395 8.72365 8.42765 8.16148 6.18827 2.63053 1.05231 -1.95596 -7.64371 -10.0658 -9.98727 -9.20063 -7.32752 -4.02312 0.284056 2.60367 2.82528 3.91045 7.10019 8.50235 6.8302
96.56 6.12674 8.48498 8.49711 8.54335 8.50334 8.29725 6.59964 3.63687 2.24501 -0.830557 -6.66297 -9.28088 -9.75614 -9.95716 -8.61739 -5.22122 -0.618294 1.88936 2.16409 3.43064 6.77225 8.32949 6.94087
96.61 6.08549 8.15247 8.14701 8.27817 8.50936 8.37329 6.95525 4.60827 3.40073 0.246104 -5.65486 -8.38668 -9.36019 -10.5056 -9.73158 -6.34635 -1.54361 1.15132 1.57418 3.02021 6.30853 7.88645 6.79285
96.66 5.91569 7.66947 7.67498 7.92488 8.45364 8.40302 7.25287 5.53293 4.50819 1.25552 -4.64583 -7.41683 -8.81136 -10.8138 -10.6071 -7.35036 -2.47758 0.39673 1.05705 2.65257 5.75913 7.28287 6.42293
96.71 5.59716 7.02948 7.08004 7.48796 8.33784 8.386 7.48439 6.38956 5.54167 2.18501 -3.65242 -6.41613 -8.14038 -10.862 -11.1918 -8.19476 -3.42236 -0.381062 0.59521 2.32119 5.17284 6.59098 5.90381
96.76 5.13473 6.24663 6.37879 6.97975 8.15579 8.3086 7.63977 7.16015 6.48312 3.03844 -2.64398 -5.35719 -7.38134 -10.7019 -11.4949 -8.86904 -4.38818 -1.21869 0.127111 1.97838 4.56796 5.8647 5.29799
96.81 4.55652 5.35477 5.60323 6.41464 7.88953 8.14224 7.7017 7.82818 7.3328 3.8579 -1.56053 -4.18628 -6.54589 -10.4052 -11.5812 -9.39371 -5.36728 -2.1382 -0.412031 1.55975 3.91224 5.09745 4.62243
96.86 3.90095 4.39769 4.79098 5.80285 7.51341 7.85158 7.64862 8.37388 8.09034 4.69858 -0.365005 -2.92239 -5.63684 -9.9957 -11.5055 -9.78741 -6.32266 -3.11717 -1.04216 1.03184 3.17312 4.26443 3.86756
96.91 3.19892 3.41038 3.96778 5.14645 7.00932 7.41708 7.47169 8.77294 8.72437 5.55944 0.968998 -1.52656 -4.61249 -9.47016 -11.298 -10.0688 -7.23128 -4.12902 -1.75836 0.390195 2.33923 3.35195 3.02421
96.96 2.46361 2.40418 3.1334 4.43574 6.37298 6.84255 7.17772 9.00452 9.19313 6.39425 2.42471 0.0138589 -3.36678 -8.72522 -10.9752 -10.2619 -8.10171 -5.17142 -2.56289 -0.36535 1.4145 2.36401 2.09651
97.01 1.69063 1.36791 2.26761 3.65779 5.61971 6.15536 6.78051 9.04595 9.44707 7.11967 3.96515 1.75011 -1.89347 -7.733 -10.4666 -10.3305 -8.92195 -6.24011 -3.45641 -1.22849 0.416924 1.32089 1.10337
97.06 0.860004 0.274887 1.34333 2.80631 4.7864 5.40477 6.29785 8.8795 9.44326 7.63774 5.51458 3.6817 -0.242533 -6.50233 -9.67855 -10.2063 -9.65552 -7.3144 -4.42745 -2.1839 -0.630412 0.246687 0.0693211
97.11 -0.0711556 -0.919322 0.325539 1.87387 3.91636 4.64754 5.74919 8.50445 9.1687 7.88427 6.95989 5.68867 1.50985 -5.03002 -8.51927 -9.79214 -10.2333 -8.34861 -5.44738 -3.20918 -1.7113 -0.844432 -0.985744
97.16 -1.17014 -2.27268 -0.827909 0.842999 3.03986 3.92454 5.14779 7.93895 8.65056 7.86133 8.17185 7.5589 3.23435 -3.34393 -6.91008 -8.95422 -10.5389 -9.2572 -6.45731 -4.26843 -2.81601 -1.94796 -2.04577
97.21 -2.16077 -3.62917 -2.19444 -0.38153 2.12062 3.23118 4.49826 7.22384 7.95966 7.63754 9.04102 9.04948 4.7551 -1.58129 -4.90406 -7.56166 -10.4225 -9.92025 -7.36378 -5.30276 -3.92819 -3.05346 -3.08392
97.26 -2.956 -4.67777 -3.36329 -1.66075 1.05311 2.48344 3.76975 6.39481 7.17368 7.29792 9.53213 10.0201 5.95845 0.118805 -2.80531 -5.80331 -9.81437 -10.2053 -8.03479 -6.21926 -5.01342 -4.13911 -4.06307
97.31 -3.6785 -5.57397 -4.33381 -2.76668 -0.00817002 1.6359 2.94192 5.47609 6.3389 6.89116 9.69939 10.5124 6.87667 1.76643 -0.752727 -3.95185 -8.84059 -10.0844 -8.39726 -6.96246 -6.06561 -5.21627 -4.98607
97.36 -4.27689 -6.37754 -5.13263 -3.60551 -1.04093 0.619515 2.01381 4.50715 5.50279 6.44517 9.60236 10.6021 7.54215 3.3878 1.26209 -2.12708 -7.65029 -9.60844 -8.44031 -7.50057 -7.06196 -6.28698 -5.87433
97.41 -4.52816 -6.88993 -5.65635 -4.36662 -2.25253 -0.626946 0.999294 3.57729 4.73772 5.99105 9.28742 10.3492 7.93464 4.94771 3.26701 -0.347671 -6.33108 -8.84108 -8.1817 -7.81026 -7.9475 -7.31666 -6.73206
97.46 -4.52268 -7.11038 -5.92579 -5.02147 -3.59416 -2.10351 -0.152607 2.66212 4.0178 5.48003 8.74648 9.78515 8.02169 6.40468 5.29519 1.40832 -4.89635 -7.79442 -7.62035 -7.86763 -8.66862 -8.26215 -7.54907
97.51 -4.32933 -7.04964 -5.95275 -5.55693 -4.96248 -3.74136 -1.46383 1.69619 3.26757 4.82198 7.94272 8.92183 7.78316 7.69338 7.28311 3.10837 -3.37689 -6.45621 -6.71232 -7.61116 -9.1608 -9.07734 -8.30688
97.56 -4.05176 -6.7987 -5.77519 -5.91152 -6.01915 -5.14049 -2.88902 0.537791 2.39667 3.9485 6.8744 7.80625 7.26106 8.71202 9.01982 4.63146 -1.86565 -4.90246 -5.45462 -6.9753 -9.34428 -9.70197 -8.96832
97.61 -3.729 -6.23935 -5.25464 -6.02309 -6.84933 -6.20841 -4.24519 -0.729346 1.41656 2.90444 5.62409 6.54072 6.55332 9.37539 10.3372 5.89786 -0.413299 -3.25343 -3.95125 -5.98435 -9.17528 -10.0762 -9.48496
97.66 -3.34514 -5.41237 -4.41881 -5.82399 -7.46798 -7.02636 -5.41785 -1.98351 0.378119 1.78519 4.31986 5.24853 5.76797 9.64468 11.1782 6.92984 0.983872 -1.63442 -2.36303 -4.74136 -8.6777 -10.1713 -9.81708
97.71 -2.89799 -4.36649 -3.31078 -5.27324 -7.88244 -7.66695 -6.31783 -3.14799 -0.72768 0.653676 3.08346 4.04258 4.99994 9.56239 11.5484 7.75271 2.3743 -0.0714747 -0.818508 -3.41226 -7.93286 -9.98532 -9.9363
97.76 -2.35951 -3.15055 -1.99962 -4.37458 -8.06882 -8.198 -6.95012 -4.21215 -1.91261 -0.452988 1.9809 2.99084 4.30714 9.21923 11.4899 8.35052 3.76109 1.46309 0.662278 -2.08892 -7.03563 -9.55047 -9.83676
97.81 -1.70302 -1.8147 -0.560283 -3.1826 -7.99281 -8.63937 -7.38896 -5.19958 -3.19768 -1.54571 1.02524 2.11286 3.69603 8.68299 11.0624 8.67373 5.08684 3.00301 2.12011 -0.768606 -6.03383 -8.90666 -9.52679
97.86 -0.968742 -0.457811 0.893481 -1.75265 -7.44015 -8.77662 -7.818 -6.30409 -4.59182 -2.62123 0.228661 1.45355 3.18509 8.01009 10.34 8.66782 6.24722 4.52821 3.56173 0.543256 -4.96234 -8.08885 -9.01137
97.91 -0.171859 0.889483 2.32783 -0.279217 -6.59407 -8.57591 -8.1003 -7.35229 -6.03945 -3.79086 -0.50884 0.993068 2.74331 7.2149 9.39653 8.34576 7.16502 5.9735 4.96656 1.82138 -3.87768 -7.13572 -8.29691
97.96 0.651029 2.18722 3.6883 1.1074 -5.66697 -8.09767 -8.16765 -8.13849 -7.20133 -4.9645 -1.33197 0.566932 2.27313 6.31076 8.31841 7.80264 7.80541 7.23069 6.25186 2.99786 -2.84692 -6.12763 -7.42803
98.01 1.46859 3.40116 4.9038 2.34157 -4.67413 -7.37002 -8.01106 -8.72824 -8.08693 -5.99586 -2.18929 0.0513309 1.70592 5.35317 7.19914 7.15945 8.18948 8.23429 7.35918 4.04208 -1.87857 -5.11629 -6.47589
98.06 2.2549 4.4908 5.87397 3.34053 -3.61634 -6.41701 -7.60008 -9.13374 -8.78172 -6.85731 -3.03432 -0.551738 1.065 4.3893 6.1093 6.50648 8.36366 8.96334 8.24836 4.94107 -0.949593 -4.11643 -5.5047
98.11 2.96477 5.43306 6.64393 4.16977 -2.52167 -5.27104 -6.92661 -9.37215 -9.36566 -7.54169 -3.84751 -1.26956 0.367489 3.46957 5.10499 5.89964 8.37551 9.42518 8.89824 5.69564 -0.0178215 -3.09854 -4.53735
98.16 3.58013 6.21962 7.23646 4.86131 -1.38768 -3.95709 -5.9895 -9.42679 -9.88498 -8.06881 -4.63356 -2.13352 -0.382783 2.62759 4.22416 5.36747 8.25937 9.63847 9.30033 6.3057 0.948153 -2.0172 -3.55616
98.21 4.0945 6.85811 7.68638 5.46337 -0.259845 -2.59678 -4.85345 -9.17609 -10.181 -8.51234 -5.50682 -3.14568 -1.17058 1.88111 3.51973 4.9448 8.05114 9.6334 9.45543 6.75346 1.92624 -0.871327 -2.54861
98.26 4.51156 7.35889 8.01616 6.00194 0.849208 -1.24177 -3.64003 -8.59262 -10.1474 -8.8804 -6.51577 -4.32263 -2.03984 1.20286 3.0028 4.63037 7.76758 9.4475 9.3941 7.04403 2.89046 0.329466 -1.50497
98.31 4.83951 7.74723 8.26923 6.52494 1.9684 0.106062 -2.41216 -7.82831 -9.82983 -9.11177 -7.58214 -5.65763 -3.07217 0.481253 2.56872 4.32667 7.37077 9.09661 9.15646 7.20973 3.83623 1.59402 -0.387554
98.36 5.08854 8.04067 8.45997 7.02856 3.08091 1.43703 -1.13076 -6.86547 -9.27223 -9.20211 -8.64039 -7.08444 -4.24816 -0.328382 2.12607 3.94844 6.82895 8.58742 8.76117 7.25431 4.71849 2.86913 0.791619
98.41 5.26152 8.25019 8.60253 7.50658 4.17818 2.77298 0.174887 -5.75175 -8.47738 -9.10852 -9.56523 -8.49424 -5.48628 -1.22729 1.51306 3.39529 6.17656 7.95216 8.22673 7.16653 5.47839 4.06918 1.96739
98.46 5.37538 8.40449 8.72235 7.92894 5.2063 4.06592 1.42733 -4.57633 -7.47151 -8.75233 -10.1319 -9.64415 -6.74498 -2.27438 0.698979 2.68668 5.45762 7.23651 7.58209 6.94451 6.0763 5.11182 3.03559
98.51 5.45963 8.51881 8.80876 8.27838 6.11872 5.22002 2.55429 -3.38294 -6.27585 -8.13133 -10.4187 -10.4507 -7.84053 -3.40677 -0.285113 1.84996 4.69124 6.47326 6.85691 6.60396 6.52 5.99349 3.96259
98.56 5.53496 8.61667 8.88669 8.55611 6.87311 6.17634 3.5193 -2.18829 -4.91191 -7.2345 -10.4779 -11.0191 -8.70582 -4.52856 -1.40781 0.90172 3.8875 5.68494 6.07481 6.16277 6.82959 6.73632 4.75793
98.61 5.62727 8.72228 8.97434 8.74828 7.444 6.91776 4.31724 -1.02339 -3.47601 -6.09841 -10.2733 -11.3253 -9.33958 -5.62853 -2.63042 -0.119574 3.0696 4.91832 5.28063 5.65957 7.03433 7.35096 5.41636
98.66 5.76321 8.79199 8.9877 8.83846 7.87207 7.44781 4.95403 0.0666241 -2.08863 -4.84005 -9.6847 -11.2945 -9.7944 -6.74495 -3.92375 -1.15583 2.30274 4.23263 4.5389 5.15688 7.1828 7.85973 5.93816
98.71 5.90556 8.8042 8.93678 8.84678 8.17332 7.8208 5.50006 1.1278 -0.763054 -3.6177 -8.91444 -10.9484 -10.0202 -7.82696 -5.30993 -2.28373 1.51461 3.58084 3.8315 4.65191 7.25468 8.26006 6.37003
98.76 6.03133 8.74359 8.81739 8.77825 8.36938 8.07758 5.98885 2.17497 0.508806 -2.46228 -8.05662 -10.3717 -10.0358 -8.80905 -6.71882 -3.48381 0.672668 2.91108 3.13176 4.13689 7.18784 8.48355 6.71643
98.81 6.11299 8.58943 8.61666 8.63338 8.47912 8.24567 6.42424 3.1949 1.72129 -1.32424 -7.10269 -9.64369 -9.87931 -9.64565 -8.06363 -4.69618 -0.21487 2.20868 2.44951 3.63558 6.93819 8.44345 6.92115
98.86 6.1177 8.31728 8.3165 8.40649 8.51474 8.34595 6.80468 4.18271 2.89329 -0.223953 -6.10329 -8.79444 -9.55496 -10.2899 -9.26357 -5.86051 -1.13241 1.48159 1.82723 3.19584 6.52611 8.10759 6.89032
98.91 6.00855 7.90282 7.89955 8.09218 8.48572 8.39534 7.12869 5.13046 4.02533 0.818075 -5.09126 -7.8531 -9.07224 -10.709 -10.2525 -6.92298 -2.06271 0.732593 1.27707 2.80954 6.01053 7.56648 6.6098
98.96 5.75691 7.33192 7.35808 7.69119 8.39684 8.40008 7.39084 6.01994 5.09417 1.78259 -4.09085 -6.86031 -8.44895 -10.8719 -10.9704 -7.84247 -3.00217 -0.0318214 0.796015 2.46555 5.43417 6.90304 6.14711
99.01 5.35605 6.60932 6.70078 7.21263 8.24524 8.35148 7.58082 6.83036 6.07901 2.6707 -3.09798 -5.84637 -7.73087 -10.7908 -11.3898 -8.58858 -3.95599 -0.836812 0.340878 2.1366 4.84004 6.19032 5.57501
99.06 4.82448 5.7605 5.95348 6.67121 8.01963 8.22951 7.68755 7.54619 6.96688 3.49397 -2.05199 -4.71503 -6.92344 -10.5515 -11.566 -9.1789 -4.93449 -1.7218 -0.162316 1.75747 4.21136 5.44386 4.93054
99.11 4.19864 4.82707 5.15318 6.07921 7.69499 7.99744 7.68729 8.14882 7.76771 4.32252 -0.910691 -3.49576 -6.0509 -10.1905 -11.556 -9.62749 -5.90409 -2.67797 -0.751784 1.27998 3.51212 4.64286 4.21252
99.16 3.51434 3.85008 4.33309 5.44304 7.24905 7.62769 7.56539 8.616 8.46161 5.17765 0.360453 -2.16426 -5.08374 -9.71867 -11.4057 -9.95733 -6.83521 -3.67785 -1.43096 0.688147 2.72011 3.76592 3.40865
99.21 2.79354 2.85269 3.50557 4.75831 6.67079 7.11313 7.32153 8.92386 9.00875 6.03219 1.76721 -0.68735 -3.95232 -9.09014 -11.1339 -10.1871 -7.7199 -4.70506 -2.19472 -0.0163023 1.83478 2.81009 2.51696
99.26 2.03862 1.83202 2.6566 4.01119 5.96582 6.47092 6.96822 9.05263 9.36447 6.81841 3.27608 0.953923 -2.57078 -8.20149 -10.7211 -10.3194 -8.56655 -5.76437 -3.0501 -0.833743 0.866229 1.78808 1.54974
99.31 1.23732 0.768549 1.76205 3.1929 5.16255 5.74137 6.52095 8.97945 9.47855 7.43934 4.83373 2.80691 -0.992361 -7.07762 -10.0679 -10.2902 -9.34443 -6.83973 -3.98882 -1.75035 -0.161457 0.725233 0.531006
99.36 0.357747 -0.374175 0.790601 2.29777 4.30386 4.9805 5.99927 8.69561 9.32303 7.8102 6.34085 4.8025 0.728219 -5.71147 -9.08459 -10.0193 -10.0027 -7.89975 -4.9924 -2.74824 -1.22903 -0.359394 -0.516793
99.41 -0.657739 -1.64989 -0.297576 1.31329 3.42793 4.23938 5.42051 8.21129 8.90698 7.90197 7.6717 6.76247 2.48343 -4.11346 -7.68138 -9.38682 -10.4461 -8.87715 -6.01612 -3.79776 -2.32401 -1.45758 -1.57663
99.46 -1.76657 -3.07362 -1.58739 0.187275 2.54734 3.54189 4.79411 7.55611 8.28091 7.75507 8.70387 8.45143 4.11931 -2.35785 -5.82104 -8.24226 -10.5364 -9.66715 -6.98412 -4.85416 -3.43747 -2.56557 -2.62975
99.51 -2.61496 -4.24195 -2.87683 -1.10065 1.53712 2.82263 4.10269 6.77422 7.53022 7.45889 9.35862 9.65357 5.46357 -0.625655 -3.73304 -6.60761 -10.1389 -10.1298 -7.77259 -5.83182 -4.53637 -3.66022 -3.63726
99.56 -3.36705 -5.18634 -3.92136 -2.31285 0.451027 2.02909 3.32283 5.89261 6.7121 7.07764 9.66116 10.3484 6.50208 1.04051 -1.65482 -4.77176 -9.30609 -10.1857 -8.27657 -6.65697 -5.60413 -4.73912 -4.58262
99.61 -4.03356 -6.03872 -4.81514 -3.25937 -0.569899 1.0952 2.43437 4.93805 5.86927 6.64585 9.67483 10.6079 7.27875 2.67338 0.371321 -2.93061 -8.19765 -9.85872 -8.4594 -7.2887 -6.63025 -5.81479 -5.48414
99.66 -4.46371 -6.69261 -5.44905 -4.04016 -1.69775 -0.0462775 1.46221 3.98283 5.06667 6.19406 9.4529 10.5007 7.79666 4.26725 2.37779 -1.13234 -6.92952 -9.21429 -8.33229 -7.70214 -7.57229 -6.86835 -6.35632
99.71 -4.54953 -7.05034 -5.8385 -4.74505 -2.98681 -1.42358 0.376112 3.06986 4.33594 5.71926 9.01651 10.0728 8.02306 5.77529 4.39404 0.635479 -5.54499 -8.29464 -7.9085 -7.87596 -8.37281 -7.85625 -7.19309
99.76 -4.43452 -7.10445 -5.96586 -5.33877 -4.37924 -3.0061 -0.855805 2.13823 3.60831 5.13663 8.33268 9.33968 7.92831 7.14921 6.41846 2.36707 -4.05654 -7.08355 -7.16049 -7.76885 -8.97597 -8.73561 -7.98009
99.81 -4.17707 -6.94032 -5.88982 -5.78001 -5.58328 -4.56894 -2.26031 1.0725 2.79998 4.36204 7.37678 8.32595 7.5218 8.30061 8.29546 3.9868 -2.52828 -5.60908 -6.05025 -7.30468 -9.30497 -9.45265 -8.69021
99.86 -3.88053 -6.52294 -5.52519 -6.00778 -6.50883 -5.77087 -3.66017 -0.162585 1.8595 3.38143 6.19278 7.11203 6.88262 9.12938 9.81136 5.36927 -1.04992 -3.98915 -4.63768 -6.46081 -9.29362 -9.94432 -9.27699
99.91 -3.52231 -5.80855 -4.82553 -5.95329 -7.21812 -6.69022 -4.92968 -1.43735 0.848028 2.28707 4.8947 5.81609 6.11891 9.57353 10.8652 6.49881 0.368729 -2.34334 -3.06651 -5.31273 -8.93443 -10.164 -9.69469
99.96 -3.10515 -4.85356 -3.83104 -5.5615 -7.72475 -7.40004 -5.95435 -2.64476 -0.230093 1.15251 3.61747 4.56058 5.3331 9.63651 11.4406 7.41433 1.75747 -0.758403 -1.49394 -4.00307 -8.28657 -10.1007 -9.91043
100.01 -2.61156 -3.70696 -2.60025 -4.81265 -8.01649 -7.97323 -6.69939 -3.75223 -1.37567 0.0341395 2.45059 3.43558 4.60328 9.39815 11.5651 8.11606 3.1497 0.784385 0.0118896 -2.67332 -7.44733 -9.77083 -9.90716
100.06 -2.00872 -2.41764 -1.20905 -3.74222 -8.06063 -8.45743 -7.21178 -4.76835 -2.61693 -1.06112 1.43263 2.47991 3.9576 8.94161 11.2934 8.56871 4.5129 2.31911 1.47483 -1.35532 -6.49137 -9.21555 -9.68895
100.11 -1.30119 -1.05778 0.250222 -2.40626 -7.74911 -8.75492 -7.62886 -5.79955 -3.96218 -2.14549 0.562401 1.71506 3.3974 8.32196 10.6911 8.71236 5.76021 3.85841 2.92652 -0.034253 -5.44041 -8.46997 -9.26501
100.16 -0.531167 0.295977 1.69882 -0.924363 -6.98358 -8.70286 -8.00421 -6.92795 -5.41069 -3.25039 -0.174483 1.18048 2.93579 7.58271 9.83688 8.523 6.79194 5.35 4.3532 1.26284 -4.35581 -7.5703 -8.63603
100.21 0.286684 1.62097 3.09626 0.504602 -6.08547 -8.341 -8.16274 -7.81515 -6.72584 -4.46017 -0.959784 0.767441 2.49351 6.71986 8.80564 8.06219 7.55555 6.70248 5.70151 2.49165 -3.29562 -6.57725 -7.82784
100.26 1.10494 2.87544 4.39872 1.8303 -5.12592 -7.72446 -8.11117 -8.49022 -7.72251 -5.55812 -1.80879 0.289585 1.96762 5.78127 7.69519 7.45009 8.04835 7.82335 6.89374 3.59705 -2.30075 -5.56276 -6.9032
100.31 1.91467 4.02571 5.47031 2.92038 -4.08919 -6.8622 -7.81331 -8.97569 -8.49211 -6.49775 -2.66345 -0.272604 1.35645 4.81351 6.58442 6.79258 8.30914 8.67429 7.88319 4.56086 -1.3589 -4.55917 -5.93483
100.36 2.66087 5.03471 6.3279 3.82484 -3.01404 -5.80893 -7.25991 -9.28482 -9.11471 -7.25832 -3.49025 -0.934098 0.683825 3.86935 5.53673 6.16066 8.38788 9.25251 8.64044 5.37858 -0.43425 -3.5555 -4.96644
100.41 3.31992 5.89003 6.99272 4.56697 -1.89239 -4.55107 -6.4335 -9.42811 -9.66302 -7.85314 -4.2885 -1.73227 -0.0441992 2.98962 4.5973 5.59296 8.325 9.57332 9.15308 6.05387 0.515498 -2.50635 -3.99458
100.46 3.87889 6.59343 7.50527 5.20923 -0.753418 -3.1979 -5.37728 -9.34938 -10.0915 -8.31386 -5.09561 -2.67955 -0.821355 2.19499 3.8044 5.11437 8.15122 9.65961 9.41651 6.5771 1.496 -1.3831 -2.9966
100.51 4.33837 7.15233 7.88126 5.7666 0.356974 -1.84148 -4.17799 -8.87467 -10.2013 -8.73409 -6.05784 -3.77909 -1.63598 1.50384 3.21492 4.76221 7.90472 9.55079 9.4449 6.93201 2.4641 -0.211602 -1.97525
100.56 4.7045 7.58758 8.16513 6.29488 1.47268 -0.487876 -2.96355 -8.19321 -9.99998 -9.02414 -7.10551 -5.04971 -2.59432 0.810676 2.75778 4.46631 7.56303 9.27194 9.28186 7.15082 3.42163 1.02797 -0.892502
100.61 4.98736 7.92177 8.38304 6.80905 2.58982 0.84796 -1.70196 -7.31226 -9.54904 -9.18229 -8.17837 -6.44712 -3.71316 0.0416012 2.32692 4.12876 7.08789 8.83202 8.95522 7.25038 4.33947 2.30829 0.264833
100.66 5.19426 8.16622 8.54275 7.29838 3.69603 2.18131 -0.402891 -6.25768 -8.8562 -9.17984 -9.19703 -7.87964 -4.92622 -0.814222 1.81192 3.66366 6.47552 8.24597 8.47896 7.22239 5.16053 3.55337 1.45377
100.71 5.33028 8.34191 8.67324 7.75041 4.76224 3.50503 0.88503 -5.09999 -7.94091 -8.94199 -9.92046 -9.18598 -6.20033 -1.79142 1.08346 3.01732 5.78245 7.56074 7.879 7.0585 5.8317 4.67145 2.58035
100.76 5.42442 8.47204 8.77423 8.13253 5.73144 4.73086 2.07325 -3.91266 -6.82688 -8.43868 -10.3216 -10.1281 -7.38134 -2.90214 0.169368 2.23541 5.036 6.81577 7.18655 6.76832 6.34119 5.62127 3.5688
100.81 5.50115 8.57246 8.8493 8.4434 6.56259 5.77872 3.11353 -2.71676 -5.53586 -7.66749 -10.4783 -10.7913 -8.35232 -4.03667 -0.894692 1.33435 4.24731 6.03569 6.42661 6.36925 6.70766 6.42336 4.4215
100.86 5.5808 8.67543 8.939 8.67515 7.21126 6.61696 3.98549 -1.52988 -4.10883 -6.62492 -10.4084 -11.2374 -9.08216 -5.13465 -2.07939 0.334592 3.42708 5.24916 5.62818 5.88483 6.9527 7.09403 5.14368
100.91 5.7006 8.76751 8.99025 8.8094 7.6997 7.23598 4.68698 -0.410545 -2.69597 -5.39872 -9.97725 -11.3505 -9.62033 -6.25128 -3.33829 -0.688306 2.64046 4.52804 4.86089 5.37867 7.12355 7.64578 5.72045
100.96 5.84311 8.8066 8.96709 8.85266 8.05405 7.6719 5.26638 0.659788 -1.34263 -4.15089 -9.27016 -11.1351 -9.94743 -7.35571 -4.6873 -1.77185 1.87013 3.86968 4.14309 4.87703 7.23604 8.09938 6.18827
101.01 5.97914 8.78055 8.87942 8.81809 8.29447 7.97647 5.77878 1.71292 -0.0488769 -2.9663 -8.44423 -10.6503 -10.0527 -8.3901 -6.09793 -2.94718 1.05202 3.21162 3.44099 4.36537 7.23831 8.41217 6.57574
101.06 6.08417 8.67067 8.71661 8.70722 8.44031 8.18081 6.23812 2.74691 1.19037 -1.8258 -7.5343 -9.98247 -9.96912 -9.29595 -7.48103 -4.16149 0.182888 2.52359 2.74727 3.85299 7.07149 8.49786 6.85417
101.11 6.12735 8.45394 8.46286 8.5175 8.5075 8.30883 6.64326 3.7497 2.37871 -0.704978 -6.54879 -9.18372 -9.71875 -10.0304 -8.75423 -5.35407 -0.722849 1.80668 2.09327 3.38038 6.72467 8.29065 6.93755
101.16 6.0731 8.10517 8.0994 8.2423 8.50613 8.3791 6.99246 4.71664 3.53005 0.365085 -5.53926 -8.279 -9.30478 -10.5532 -9.84434 -6.46747 -1.64951 1.06604 1.51158 2.97613 6.24941 7.8243 6.76047
101.21 5.88697 7.60426 7.61309 7.87906 8.44358 8.40377 7.28305 5.63468 4.63029 1.36553 -4.53172 -7.3033 -8.73977 -10.832 -10.6888 -7.45512 -2.58447 0.309885 1.00256 2.61357 5.69313 7.20663 6.36966
101.26 5.55133 6.9469 7.00487 7.43324 8.3206 8.38063 7.50625 6.48223 5.65431 2.28661 -3.53962 -6.30192 -8.0587 -10.8517 -11.2387 -8.27926 -3.53066 -0.472319 0.543952 2.2842 5.10525 6.50959 5.83829
101.31 5.07392 6.14959 6.29332 6.91788 8.13019 8.29498 7.65226 7.2421 6.58446 3.13198 -2.52482 -5.22782 -7.28897 -10.6742 -11.5144 -8.93598 -4.49968 -1.31944 0.0700934 1.93551 4.4965 5.77962 5.2244
101.36 4.485 5.24811 5.51174 6.34702 7.85258 8.11597 7.70189 7.89724 7.42442 3.95238 -1.43053 -4.04737 -6.44649 -10.3637 -11.5795 -9.44436 -5.47765 -2.24711 -0.479035 1.50553 3.83269 5.00619 4.54052
101.41 3.82287 4.28617 4.69735 5.73025 7.46256 7.80948 7.63484 8.4275 8.16989 4.79633 -0.220067 -2.77079 -5.52678 -9.94184 -11.4879 -9.82457 -6.42853 -3.23099 -1.11942 0.964513 3.08291 4.16445 3.77582
101.46 3.11684 3.29673 3.87351 5.06841 6.94331 7.3583 7.44385 8.80821 8.78706 5.65734 1.13011 -1.35688 -4.48616 -9.40168 -11.2657 -10.0936 -7.33104 -4.24542 -1.84491 0.310274 2.23851 3.24303 2.92248
101.51 2.37771 2.28793 3.0367 4.35053 6.29239 6.7691 7.13741 9.01948 9.23416 6.48456 2.59714 0.200778 -3.20919 -8.62388 -10.9283 -10.2768 -8.1979 -5.29191 -2.66018 -0.458393 1.30411 2.24744 1.98611
101.56 1.59957 1.24687 2.16576 3.56447 5.52784 6.07185 6.72944 9.03779 9.46044 7.1911 4.14336 1.9617 -1.71341 -7.60499 -10.3924 -10.3271 -9.01038 -6.36246 -3.56321 -1.33284 0.299857 1.19975 0.987149
101.61 0.760196 0.144924 1.23277 2.70427 4.68825 5.31771 6.23828 8.84718 9.42568 7.68039 5.68722 3.91013 -0.0459707 -6.34666 -9.56682 -10.1756 -9.73053 -7.43515 -4.54175 -2.29755 -0.75197 0.123151 -0.0501329
101.66 -0.186323 -1.0644 0.201698 1.76171 3.81635 4.56286 5.68314 8.44915 9.12118 7.89476 7.11248 5.91338 1.7106 -4.84769 -8.35958 -9.72046 -10.284 -8.46011 -5.5641 -3.32876 -1.83594 -0.969455 -1.10653
101.71 -1.30603 -2.43952 -0.971147 0.717764 2.94002 3.84483 5.07589 7.86365 8.57859 7.84416 8.29034 7.75312 3.42215 -3.14235 -6.69658 -8.82397 -10.5498 -9.34756 -6.56791 -4.38902 -2.94293 -2.07426 -2.16595
101.76 -2.25636 -3.76142 -2.3414 -0.529158 2.00472 3.14902 4.41928 7.13447 7.87385 7.60363 9.11576 9.18674 4.90836 -1.38374 -4.66509 -7.37382 -10.3765 -9.97289 -7.45369 -5.41416 -4.05322 -3.17802 -3.1987
101.81 -3.04117 -4.78412 -3.48146 -1.80095 0.92779 2.39349 3.68105 6.29419 7.08023 7.2544 9.56657 10.0992 6.07678 0.308636 -2.56827 -5.59309 -9.71839 -10.2112 -8.09196 -6.31313 -5.13488 -4.2618 -4.17059
101.86 -3.75473 -5.67101 -4.43547 -2.87422 -0.124168 1.52946 2.84033 5.36691 6.24253 6.8419 9.70095 10.5419 6.96541 1.9527 -0.52201 -3.74194 -8.71365 -10.0465 -8.41754 -7.03409 -6.18242 -5.33873 -5.08861
101.91 -4.33058 -6.44796 -5.19969 -3.69472 -1.17169 0.488241 1.90265 4.39784 5.411 6.39362 9.57708 10.5899 7.60165 3.57005 1.49091 -1.92203 -7.50537 -9.53449 -8.42529 -7.54732 -7.16926 -6.40706 -5.97366
101.96 -4.53735 -6.93056 -5.70049 -4.44692 -2.3998 -0.784297 0.87546 3.47342 4.65467 5.93731 9.23793 10.3006 7.96088 5.12012 3.49695 -0.145754 -6.17316 -8.73636 -8.13319 -7.82974 -8.03855 -7.42917 -6.82737
102.01 -4.50928 -7.11614 -5.94001 -5.08913 -3.7532 -2.28439 -0.293341 2.55594 3.93508 5.41395 8.6687 9.70163 8.01109 6.562 5.52692 1.60606 -4.72646 -7.6563 -7.53509 -7.85532 -8.73723 -8.36228 -7.63873
102.06 -4.29935 -7.03071 -5.94416 -5.60695 -5.09835 -3.9224 -1.62661 1.57431 3.17578 4.73377 7.83352 8.80592 7.73656 7.82545 7.49856 3.29392 -3.20208 -6.2874 -6.5852 -7.55787 -9.19806 -9.15896 -8.38789
102.11 -4.01836 -6.74985 -5.73226 -5.93745 -6.12509 -5.27748 -3.04933 0.396281 2.289 3.83612 6.73878 7.66726 7.18773 8.80709 9.19346 4.78934 -1.69707 -4.71726 -5.29275 -6.87828 -9.34246 -9.75776 -9.03521
102.16 -3.68785 -6.15733 -5.17434 -6.0168 -6.92992 -6.31293 -4.39069 -0.875462 1.3012 2.77922 5.47528 6.39232 6.46579 9.42625 10.4577 6.02645 -0.251396 -3.06484 -3.77127 -5.85279 -9.1335 -10.1006 -9.53233
102.21 -3.29747 -5.30296 -4.30477 -5.77905 -7.52556 -7.10685 -5.53484 -2.12136 0.255034 1.65542 4.17375 5.10488 5.67795 9.65153 11.2439 7.03446 1.14216 -1.45381 -2.18355 -4.59129 -8.60291 -10.1633 -9.84128
102.26 -2.84174 -4.2353 -3.16974 -5.18729 -7.91556 -7.73189 -6.40247 -3.27421 -0.858141 0.526101 2.95017 3.91407 4.91654 9.53484 11.5625 7.83314 2.53332 0.104249 -0.647098 -3.26059 -7.83656 -9.94692 -9.93532
102.31 -2.29071 -3.00315 -1.84044 -4.25184 -8.07358 -8.25298 -7.00796 -4.32784 -2.05419 -0.577747 1.8649 2.88183 4.23356 9.16696 11.4588 8.40269 3.9171 1.63798 0.8287 -1.93895 -6.92645 -9.48654 -9.81121
102.36 -1.62164 -1.65883 -0.393351 -3.03004 -7.96143 -8.67148 -7.43433 -5.31693 -3.35173 -1.67003 0.925334 2.02487 3.63152 8.61179 10.9933 8.69048 5.22994 3.17917 2.28595 -0.617588 -5.9133 -8.82102 -9.47788
102.41 -0.880757 -0.303197 1.05911 -1.5825 -7.35101 -8.77009 -7.86156 -6.43591 -4.75737 -2.74556 0.145679 1.39307 3.13278 7.92579 10.2423 8.6461 6.36534 4.69891 3.72462 0.691132 -4.83864 -7.98594 -8.93905
102.46 -0.0782795 1.04085 2.48745 -0.116008 -6.4913 -8.53441 -8.11822 -7.4525 -6.18844 -3.92966 -0.599005 0.946957 2.69334 7.11609 9.27842 8.29269 7.25224 6.12829 5.12061 1.96149 -3.75695 -7.02231 -8.20415
102.51 0.744253 2.33041 3.83775 1.25964 -5.55749 -8.02715 -8.16174 -8.21509 -7.3142 -5.08961 -1.429 0.51229 2.21299 6.20352 8.1914 7.73237 7.86154 7.35888 6.38813 3.12391 -2.73376 -6.012 -7.32212
102.56 1.56131 3.53256 5.02561 2.4653 -4.5554 -7.27108 -7.9768 -8.7832 -8.174 -6.1029 -2.28681 -0.0126595 1.6361 5.24252 7.07213 7.08413 8.21905 8.33151 7.47228 4.15196 -1.77155 -5.00218 -6.36534
102.61 2.34009 4.60595 5.97179 3.44374 -3.49371 -6.29694 -7.53682 -9.16851 -8.85201 -6.94375 -3.12847 -0.626893 0.98831 4.28142 5.98958 6.4342 8.37247 9.02934 8.33492 5.03431 -0.844521 -4.00249 -5.39451
102.66 3.04001 5.53063 6.71959 4.25409 -2.39346 -5.12677 -6.83186 -9.3884 -9.42789 -7.6092 -3.9384 -1.36043 0.284478 3.36912 4.99769 5.83477 8.3682 9.46176 8.95688 5.77276 0.090352 -2.97929 -4.42692
102.71 3.64389 6.29985 7.29503 4.93481 -1.2571 -3.80171 -5.86814 -9.41932 -9.93948 -8.11993 -4.72135 -2.24074 -0.472221 2.53592 4.13292 5.31217 8.23903 9.64808 9.33056 6.36583 1.06066 -1.88854 -3.44223
102.76 4.14688 6.92178 7.72906 5.52663 -0.133454 -2.44201 -4.71561 -9.12007 -10.1934 -8.56076 -5.61664 -3.27062 -1.26255 1.80312 3.45298 4.90505 8.02316 9.6209 9.45853 6.7938 2.03654 -0.73807 -2.43265
102.81 4.55327 7.40851 8.04859 6.06227 0.976508 -1.08737 -3.50145 -8.51455 -10.124 -8.9132 -6.63527 -4.46758 -2.14898 1.12421 2.9512 4.59706 7.72874 9.41565 9.37545 7.06901 2.99987 0.470947 -1.38172
102.86 4.87173 7.78537 8.29425 6.58381 2.09589 0.258193 -2.26768 -7.72705 -9.77831 -9.12984 -7.7047 -5.81725 -3.1999 0.39368 2.51991 4.28844 7.31662 9.04638 9.11921 7.22123 3.94127 1.74044 -0.25544
102.91 5.11216 8.06852 8.47821 7.0845 3.20713 1.589 -0.982572 -6.74501 -9.19296 -9.2016 -8.75663 -7.24825 -4.38708 -0.425786 2.06902 3.89636 6.75866 8.52026 8.70671 7.25119 4.81241 3.01151 0.927491
102.96 5.27694 8.27025 8.61774 7.55824 4.29979 2.92447 0.322269 -5.61911 -8.37218 -9.08047 -9.64665 -8.64712 -5.63343 -1.33758 1.43046 3.32149 6.0973 7.87371 8.15808 7.14778 5.55507 4.19711 2.09647
103.01 5.38594 8.41921 8.73395 7.97275 5.31724 4.2062 1.5631 -4.44079 -7.34417 -8.6946 -10.177 -9.75077 -6.87993 -2.40145 0.594682 2.59752 5.37247 7.15142 7.50297 6.91133 6.13435 5.22013 3.14835
103.06 5.46823 8.52996 8.81698 8.31409 6.21411 5.33983 2.67329 -3.24643 -6.12891 -8.04361 -10.4359 -10.5255 -7.95108 -3.53618 -0.406338 1.74729 4.60133 6.38419 6.77009 6.55832 6.5617 6.08497 4.0599
103.11 5.54394 8.62828 8.89691 8.58259 6.94727 6.27217 3.6188 -2.05259 -4.74826 -7.1148 -10.47 -11.0714 -8.78836 -4.65271 -1.54318 0.787737 3.79429 5.59462 5.98319 6.10703 6.85729 6.81296 4.84062
103.16 5.64139 8.7327 8.9796 8.76336 7.50023 6.98835 4.39684 -0.89624 -3.31495 -5.95695 -10.2212 -11.3386 -9.4018 -5.75582 -2.77312 -0.235134 2.98057 4.83626 5.19311 5.60174 7.05371 7.41372 5.48195
103.21 5.77943 8.79633 8.98496 8.84346 7.91261 7.49753 5.02002 0.188627 -1.93426 -4.69738 -9.60329 -11.2692 -9.83126 -6.8709 -4.07757 -1.27912 2.21534 4.15796 4.45725 5.09973 7.19582 7.91166 5.9915
103.26 5.92105 8.80114 8.92672 8.8429 8.20088 7.85567 5.55863 1.24798 -0.615566 -3.48256 -8.81982 -10.8924 -10.0317 -7.94491 -5.47101 -2.41786 1.42146 3.50603 3.75151 4.59349 7.25514 8.2961 6.41444
103.31 6.04332 8.73101 8.79877 8.76564 8.38612 8.10103 6.04145 2.29305 0.650091 -2.33214 -7.95247 -10.2952 -10.0259 -8.91226 -6.87666 -3.62236 0.573652 2.83274 3.05258 4.07825 7.16876 8.49356 6.74869
103.36 6.11796 8.5647 8.58769 8.61176 8.48687 8.26042 6.4707 3.30948 1.85687 -1.19628 -6.99002 -9.55224 -9.85035 -9.72921 -8.20888 -4.83221 -0.317994 2.12704 2.37479 3.58152 6.89835 8.4196 6.93101
103.41 6.11157 8.27748 8.275 8.37507 8.51464 8.35411 6.84477 4.29325 3.02478 -0.10178 -5.98795 -8.69091 -9.50738 -10.3494 -9.3879 -5.98741 -1.23789 1.39709 1.76083 3.15013 6.47199 8.05367 6.86961
103.46 5.98733 7.84563 7.84398 8.05067 8.47863 8.39833 7.16211 5.2355 4.15109 0.932276 -4.97624 -7.74147 -9.00734 -10.7405 -10.3487 -7.03556 -2.16909 0.646655 1.21935 2.7684 5.94676 7.49548 6.56478
103.51 5.71853 7.25681 7.28853 7.64022 8.38287 8.39766 7.41658 6.11693 5.21115 1.88756 -3.97781 -6.74585 -8.37068 -10.8736 -11.0328 -7.93628 -3.10981 -0.120622 0.744215 2.42838 5.36715 6.82326 6.08609
103.56 5.30141 6.51817 6.61939 7.15372 8.22365 8.34201 7.59783 6.91738 6.18505 2.76647 -2.98235 -5.72274 -7.64222 -10.7704 -11.4209 -8.66332 -4.06648 -0.933207 0.28727 2.09727 4.77087 6.10709 5.50483
103.61 4.75713 5.65747 5.8641 6.60599 7.98805 8.20931 7.69346 7.62123 7.06292 3.58744 -1.92736 -4.58046 -6.82731 -10.5157 -11.5728 -9.2364 -5.04587 -1.82743 -0.224621 1.70879 4.13598 5.35582 4.85254
103.66 4.12302 4.71722 5.06015 6.00881 7.65055 7.96259 7.6798 8.20963 7.85312 4.41893 -0.772729 -3.35039 -5.94617 -10.1422 -11.5451 -9.67039 -6.01229 -2.79001 -0.824601 1.21851 3.42683 4.547 4.12532
103.71 3.43383 3.73722 4.23913 5.36755 7.18978 7.5762 7.54365 8.65972 8.53245 5.27624 0.514526 -2.00327 -4.96531 -9.65706 -11.3801 -9.9876 -6.93778 -3.79328 -1.51345 0.613756 2.62398 3.66091 3.3113
103.76 2.70936 2.73775 3.41024 4.67645 6.59641 7.04578 7.28659 8.94828 9.06026 6.12713 1.93462 -0.510473 -3.80596 -9.00061 -11.0959 -10.208 -7.8186 -4.82422 -2.2875 -0.103803 1.72831 2.69657 2.41011
103.81 1.95011 1.7135 2.55743 3.92155 5.87839 6.39113 6.92163 9.05493 9.39069 6.89967 3.45292 1.1548 -2.4001 -8.0853 -10.6602 -10.325 -8.65892 -5.88619 -3.15284 -0.93326 0.751849 1.66868 1.4358
103.86 1.14199 0.643191 1.65586 3.09483 5.06655 5.65506 6.46484 8.9578 9.47483 7.49564 5.01051 3.02976 -0.801901 -6.93418 -9.97406 -10.273 -9.42643 -6.9619 -4.10025 -1.86021 -0.281219 0.60262 0.412775
103.91 0.250377 -0.511683 0.673286 2.19038 4.20427 4.89419 5.93587 8.65017 9.2883 7.83481 6.50424 5.0321 0.929127 -5.54047 -8.94726 -9.96769 -10.066 -8.01665 -5.10896 -2.86574 -1.35242 -0.48377 -0.63715
103.96 -0.785198 -1.80636 -0.430945 1.19442 3.32796 4.15747 5.35125 8.1444 8.84492 7.89608 7.80676 6.97349 2.67933 -3.91854 -7.49177 -9.28513 -10.4767 -8.97846 -6.13065 -3.91862 -2.45002 -1.58334 -1.69734
104.01 -1.87175 -3.22295 -1.74863 0.0418343 2.44135 3.46318 4.71959 7.47293 8.20033 7.72744 8.79836 8.61561 4.28921 -2.15679 -5.5877 -8.07534 -10.5165 -9.73864 -7.08542 -4.97125 -3.56403 -2.69135 -2.74753
104.06 -2.70391 -4.3578 -3.00631 -1.2465 1.41348 2.73663 4.01854 6.67825 7.43953 7.41896 9.40997 9.7576 5.59672 -0.432792 -3.4935 -6.40319 -10.0628 -10.1566 -7.84525 -5.93422 -4.65944 -3.7835 -3.74787
104.11 -3.44865 -5.28741 -4.03007 -2.43525 0.331304 1.93079 3.22683 5.78659 6.61631 7.03053 9.67641 10.3988 6.60346 1.22795 -1.42163 -4.56024 -9.19061 -10.1663 -8.31324 -6.73892 -5.72341 -4.86171 -4.68704
104.16 -4.09944 -6.13026 -4.90859 -3.35126 -0.684617 0.977767 2.32714 4.82666 5.77372 6.59431 9.66049 10.6133 7.35177 2.85839 0.601042 -2.72274 -8.05919 -9.79966 -8.45975 -7.34696 -6.74281 -5.93663 -5.58495
104.21 -4.48454 -6.7487 -5.50752 -4.1264 -1.83782 -0.191119 1.34554 3.8778 4.98073 6.1424 9.41445 10.4678 7.838 4.44433 2.60637 -0.930144 -6.77768 -9.12303 -8.29855 -7.73393 -7.67124 -6.98485 -6.45359
104.26 -4.54592 -7.07115 -5.86565 -4.81826 -3.14144 -1.59502 0.242707 2.96542 4.25421 5.66 8.95186 10.0047 8.02912 5.94033 4.62616 0.835198 -5.37984 -8.17128 -7.84015 -7.87869 -8.45235 -7.9626 -7.28558
104.31 -4.409 -7.0928 -5.96525 -5.399 -4.53949 -3.196 -1.00566 2.02858 3.52207 5.05926 8.23738 9.23735 7.89691 7.29414 6.64487 2.56061 -3.88198 -6.92683 -7.05183 -7.73477 -9.02845 -8.82644 -8.06562
104.36 -4.14342 -6.91132 -5.8691 -5.8185 -5.69839 -4.72198 -2.42273 0.937417 2.69848 4.25921 7.25142 8.19563 7.45885 8.41314 8.48964 4.15765 -2.35658 -5.42956 -5.90218 -7.22656 -9.32105 -9.52079 -8.7641
104.41 -3.84248 -6.45492 -5.46137 -6.01715 -6.60048 -5.88848 -3.81354 -0.308141 1.74642 3.26029 6.04806 6.96604 6.79981 9.20033 9.95602 5.5104 -0.88511 -3.80024 -4.46329 -6.34288 -9.26903 -9.98305 -9.33368
104.46 -3.47759 -5.71068 -4.72599 -5.92628 -7.28602 -6.78039 -5.06036 -1.57954 0.728385 2.15838 4.74578 5.66874 6.02859 9.59902 10.9551 6.61394 0.527358 -2.15979 -2.88484 -5.16762 -8.87295 -10.1706 -9.72977
104.51 -3.0532 -4.73144 -3.70109 -5.49377 -7.7692 -7.47087 -6.05317 -2.77626 -0.356911 1.02359 3.47762 4.42445 5.24598 9.62276 11.4769 7.50574 1.91624 -0.580867 -1.31874 -3.85084 -8.19829 -10.0752 -9.92073
104.56 -2.54875 -3.56612 -2.44818 -4.70549 -8.03449 -8.03242 -6.76794 -3.87223 -1.51192 -0.0916781 2.32677 3.31781 4.52537 9.35589 11.5531 8.1815 3.30795 0.959138 0.17989 -2.52267 -7.34304 -9.71757 -9.89242
104.61 -1.93209 -2.26369 -1.04316 -3.60256 -8.04858 -8.50716 -7.25919 -4.87943 -2.76459 -1.18573 1.32544 2.38204 3.88888 8.87804 11.2401 8.60203 4.66332 2.49504 1.64093 -1.20471 -6.3756 -9.1391 -9.65033
104.66 -1.21693 -0.903381 0.415843 -2.23945 -7.6758 -8.76691 -7.67956 -5.9277 -4.12209 -2.26714 0.47438 1.64341 3.34098 8.24385 10.6052 8.70732 5.89008 4.03197 3.09044 0.11474 -5.31785 -8.37437 -9.20293
104.71 -0.43941 0.449509 1.86207 -0.756555 -6.88466 -8.67503 -8.03248 -7.04264 -5.57932 -3.38866 -0.258035 1.13077 2.88628 7.49037 9.72656 8.48226 6.89346 5.51391 4.51319 1.40837 -4.23183 -7.45957 -8.55141
104.76 0.380707 1.76823 3.25045 0.661655 -5.97862 -8.28273 -8.16763 -7.90192 -6.85379 -4.59252 -1.05466 0.717728 2.43878 6.61566 8.6813 7.99778 7.62503 6.84328 5.84643 2.62432 -3.17901 -6.46176 -7.72651
104.81 1.19875 3.013 4.53413 1.96733 -5.01116 -7.63768 -8.0899 -8.55479 -7.82015 -5.67382 -1.90678 0.229812 1.90174 5.67142 7.5672 7.37575 8.08895 7.93451 7.01772 3.71437 -2.19124 -5.44764 -6.7936
104.86 2.0036 4.14821 5.5781 3.03175 -3.96793 -6.75069 -7.76286 -9.01936 -8.56897 -6.59364 -2.7595 -0.342505 1.28249 4.70365 6.46068 6.71819 8.32643 8.75397 7.98186 4.66157 -1.25343 -4.44543 -5.82399
104.91 2.7408 5.1403 6.413 3.91677 -2.88828 -5.67435 -7.17913 -9.3102 -9.18021 -7.33413 -3.5826 -1.01766 0.603468 3.76513 5.42339 6.0921 8.3872 9.30185 8.71163 5.46296 -0.32772 -3.43907 -4.85623
104.96 3.38877 5.97774 7.05826 4.64443 -1.76273 -4.39957 -6.32313 -9.43146 -9.72122 -7.91105 -4.37767 -1.83273 -0.130283 2.89487 4.49858 5.53331 8.31016 9.59452 9.19582 6.12165 0.62616 -2.38222 -3.88261
105.01 3.93621 6.66438 7.55467 5.27643 -0.625609 -3.04297 -5.24463 -9.31272 -10.1201 -8.36526 -5.1985 -2.79669 -0.91054 2.11209 3.72703 5.06812 8.12661 9.65638 9.43099 6.62584 1.60719 -1.25222 -2.88181
105.06 4.38464 7.20775 7.91764 5.82761 0.48348 -1.68697 -4.0393 -8.80499 -10.1928 -8.77416 -6.17421 -3.91566 -1.73677 1.42695 3.15827 4.72758 7.87133 9.52734 9.43534 6.96336 2.57408 -0.0737489 -1.8557
105.11 4.74071 7.63047 8.19319 6.35456 1.60063 -0.334092 -2.82346 -8.10395 -9.96003 -9.0485 -7.22749 -5.20378 -2.71418 0.727638 2.7091 4.43154 7.51617 9.2298 9.25262 7.16827 3.52927 1.17301 -0.7641
105.16 5.01469 7.954 8.40408 6.86636 2.71673 0.999728 -1.55526 -7.19999 -9.48204 -9.19036 -8.29851 -6.6107 -3.84896 -0.0518782 2.27618 4.08448 7.02412 8.77189 8.90814 7.25394 4.43917 2.45369 0.40001
105.21 5.21278 8.18882 8.55831 7.35312 3.82166 2.33399 -0.253423 -6.12856 -8.76248 -9.16666 -9.30025 -8.03994 -5.06758 -0.917835 1.73852 3.59745 6.39992 8.172 8.41624 7.21064 5.24549 3.68912 1.58774
105.26 5.34245 8.35876 8.68663 7.79796 4.87871 3.65175 1.02683 -4.96554 -7.8236 -8.89782 -9.98006 -9.31058 -6.34306 -1.91353 0.987957 2.93479 5.6998 7.47825 7.80415 7.03145 5.89769 4.78804 2.70031
105.31 5.43363 8.48447 8.78363 8.17154 5.83399 4.86048 2.19998 -3.77636 -6.68795 -8.36414 -10.3507 -10.2157 -7.5036 -3.03186 0.0551896 2.13848 4.94807 6.72818 7.10283 6.72795 6.38983 5.71986 3.6728
105.36 5.50954 8.58346 8.85851 8.47421 6.64633 5.88519 3.22114 -2.58055 -5.37734 -7.56076 -10.4822 -10.8532 -8.44784 -4.16424 -1.02442 1.22487 4.15524 5.94554 6.3367 6.3176 6.74122 6.50638 4.51066
105.41 5.59071 8.68796 8.95056 8.69677 7.27336 6.69861 4.07448 -1.39752 -3.94483 -6.49303 -10.3831 -11.2652 -9.15048 -5.26101 -2.22031 0.217219 3.33363 5.16239 5.53771 5.8268 6.9747 7.16233 5.21692
105.46 5.71634 8.77464 8.99068 8.8185 7.74675 7.29388 4.75775 -0.287048 -2.53843 -5.25429 -9.90551 -11.3421 -9.66926 -6.37845 -3.48677 -0.806754 2.55382 4.45112 4.77718 5.32146 7.13983 7.70257 5.7784
105.51 5.85923 8.80707 8.96038 8.85259 8.08696 7.71275 5.32781 0.780586 -1.19232 -4.01226 -9.18022 -11.0914 -9.96991 -7.47832 -4.84646 -1.90175 1.77984 3.79568 4.06279 4.81932 7.24303 8.1435 6.23655
105.56 5.99308 8.77251 8.86477 8.80925 8.3156 8.0045 5.834 1.83229 0.0955904 -2.83551 -8.34544 -10.5815 -10.0515 -8.50033 -6.25845 -3.08468 0.955439 3.13501 3.3613 4.30651 7.22859 8.435 6.61414
105.61 6.09271 8.6517 8.6925 8.68965 8.45182 8.19905 6.28724 2.86291 1.32786 -1.69598 -7.42403 -9.89739 -9.94881 -9.38909 -7.63317 -4.29961 0.0812758 2.4432 2.66985 3.79615 7.04045 8.4894 6.87539
105.66 6.1267 8.4212 8.42716 8.49046 8.51065 8.31956 6.68607 3.86204 2.51195 -0.580068 -6.43433 -9.08515 -9.67922 -10.1009 -8.88877 -5.48601 -0.827782 1.72382 2.02374 3.33135 6.67541 8.24814 6.93048
105.71 6.05896 8.0559 8.05017 8.20521 8.50199 8.38423 7.02884 4.82434 3.65872 0.483171 -5.42368 -8.17035 -9.24739 -10.5977 -9.95399 -6.58704 -1.75555 0.980625 1.45002 2.93263 6.18936 7.76035 6.72521
105.76 5.85625 7.53702 7.54961 7.83211 8.43264 8.40381 7.31227 5.73547 4.75138 1.47448 -4.41783 -7.18941 -8.66661 -10.8469 -10.7667 -7.55783 -2.69155 0.222719 0.948806 2.57512 5.62691 7.12949 6.31451
105.81 5.50363 6.86251 6.92836 7.37758 8.30238 8.37432 7.52697 6.57369 5.76585 2.38752 -3.42669 -6.18779 -7.97637 -10.8384 -11.2819 -8.36145 -3.6392 -0.564349 0.49262 2.24713 5.03762 6.42795 5.77176
105.86 5.01164 6.05122 6.20695 6.85528 8.10338 8.28003 7.66337 7.3226 6.68466 3.22532 -2.40463 -5.09724 -7.19577 -10.6447 -11.5312 -9.00103 -4.61136 -1.4213 0.0120737 1.89163 4.42444 5.6941 5.14994
105.91 4.41252 5.1407 5.41987 6.27882 7.81412 8.08793 7.70046 7.96459 7.51481 4.04721 -1.29899 -3.9072 -6.34606 -10.3209 -11.5758 -9.49348 -5.58777 -2.35681 -0.54726 1.44987 3.75209 4.91412 4.4576
105.96 3.74421 4.17434 4.60366 5.65709 7.40998 7.76539 7.61934 8.47907 8.24772 4.89435 -0.073264 -2.61738 -5.41511 -9.88644 -11.4688 -9.86041 -6.53387 -3.34527 -1.19781 0.895736 2.99153 4.0635 3.68298
106.01 3.0343 3.18285 3.77911 4.98966 6.87555 7.29766 7.41445 8.84125 8.84756 5.75481 1.2924 -1.18635 -4.35507 -9.32801 -11.2329 -10.1182 -7.43098 -4.36258 -1.93281 0.228767 2.13659 3.13318 2.8197
106.06 2.29128 2.17129 2.93959 4.26446 6.2103 6.69417 7.09569 9.03181 9.27222 6.57328 2.77066 0.390535 -3.04883 -8.51949 -10.8787 -10.29 -8.29351 -5.41283 -2.75867 -0.552813 1.19288 2.13029 1.87498
106.11 1.50771 1.12508 2.06315 3.47021 5.43501 5.98758 6.67722 9.02678 9.47028 7.25961 4.32158 2.1759 -1.53102 -7.47382 -10.3144 -10.3212 -9.09779 -6.48502 -3.67112 -1.4384 0.1822 1.07831 0.870529
106.16 0.658989 0.0136007 1.12098 2.60122 4.58971 5.23065 6.17782 8.81204 9.40444 7.71933 5.85832 4.13942 0.151861 -6.18777 -9.45005 -10.141 -9.80354 -7.55547 -4.65678 -2.41215 -0.873954 -0.000544149 -0.169756
106.21 -0.303825 -1.21165 0.0760585 1.64829 3.71635 4.47872 5.61639 8.39131 9.07043 7.90166 7.26178 6.13599 1.91083 -4.66255 -8.1938 -9.64304 -10.3311 -8.56999 -5.68076 -3.44884 -1.96093 -1.09464 -1.22731
106.26 -1.43473 -2.61016 -1.12205 0.589573 2.84046 3.76614 5.00377 7.78661 8.50448 7.82446 8.40408 7.94185 3.60682 -2.94052 -6.47738 -8.68498 -10.555 -9.4349 -6.67737 -4.50946 -3.07007 -2.20062 -2.28578
106.31 -2.35037 -3.88996 -2.48431 -0.67653 1.88679 3.06609 4.33923 7.04361 7.78682 7.56823 9.18543 9.31701 5.05735 -1.1872 -4.42544 -7.18155 -10.324 -10.0205 -7.54044 -5.52402 -4.17796 -3.30235 -3.31265
106.36 -3.12569 -4.88906 -3.59728 -1.93803 0.803277 2.30219 3.591 6.19239 6.98614 7.20998 9.59677 10.1721 6.19145 0.497813 -2.33199 -5.38204 -9.61785 -10.2117 -8.1451 -6.40481 -5.25607 -4.38453 -4.27745
106.41 -3.82919 -5.76712 -4.53539 -2.978 -0.239399 1.42093 2.73752 5.25715 6.14618 6.79208 9.69902 10.5663 7.05087 2.13867 -0.291693 -3.53243 -8.58408 -10.0041 -8.43375 -7.10317 -6.29865 -5.46128 -5.19083
106.46 -4.37561 -6.51397 -5.26537 -3.78444 -1.30455 0.354427 1.7907 4.28963 5.32052 6.34216 9.54902 10.5733 7.6574 3.75122 1.71945 -1.71776 -7.35901 -9.45686 -8.40641 -7.59113 -7.27514 -6.52667 -6.0727
106.51 -4.54396 -6.96704 -5.7409 -4.52572 -2.54868 -0.944639 0.749757 3.36966 4.57215 5.88269 9.18538 10.2478 7.98299 5.29108 3.72728 0.0562793 -6.01351 -8.62803 -8.08075 -7.84601 -8.12755 -7.54069 -6.92229
106.56 -4.49342 -7.11819 -5.95101 -5.15538 -3.91314 -2.46733 -0.435737 2.44928 3.85192 5.34579 8.58734 9.61409 7.99608 6.71696 5.75802 1.8032 -4.55542 -7.51426 -7.44515 -7.83887 -8.80293 -8.46084 -7.72777
106.61 -4.26861 -7.01004 -5.93346 -5.65479 -5.22949 -4.09726 -1.78969 1.44916 3.08195 4.64241 7.72073 8.68668 7.68622 7.95367 7.71012 3.47673 -3.02769 -6.11596 -6.45345 -7.49949 -9.23127 -9.23819 -8.46777
106.66 -3.98396 -6.69676 -5.6848 -5.9602 -6.22814 -5.41037 -3.20856 0.253685 2.1801 3.72171 6.60095 7.52644 7.11205 8.89727 9.36131 4.94378 -1.52929 -4.53095 -5.12772 -6.77658 -9.33603 -9.81038 -9.10037
106.71 -3.646 -6.0719 -5.08991 -6.00628 -7.00777 -6.41436 -4.53376 -1.02124 1.18572 2.65354 5.32594 6.24372 6.37734 9.47173 10.5718 6.15224 -0.09067 -2.87758 -3.59031 -5.7175 -9.08751 -10.1216 -9.57758
106.76 -3.24897 -5.19074 -4.1872 -5.72944 -7.58052 -7.18522 -5.64822 -2.25796 0.131269 1.52576 4.02876 4.96257 5.58832 9.65379 11.3034 7.13634 1.30051 -1.27385 -2.00473 -4.44032 -8.525 -10.1518 -9.86288
106.81 -2.78422 -4.10192 -3.02612 -5.0968 -7.94572 -7.79563 -6.4837 -3.39912 -0.989641 0.398981 2.81882 3.78774 4.83424 9.50398 11.571 7.91055 2.6923 0.27969 -0.476418 -3.10899 -7.73834 -9.90538 -9.93169
106.86 -2.22031 -2.85419 -1.67964 -4.12535 -8.0749 -8.30697 -7.0635 -4.44258 -2.19718 -0.702219 1.75099 2.77512 4.16105 9.11225 11.4228 8.4511 4.0722 1.81305 0.995052 -1.78885 -6.81592 -9.41993 -9.78309
106.91 -1.5397 -1.5033 -0.226904 -2.8739 -7.92135 -8.69753 -7.48127 -5.438 -3.5075 -1.79364 0.828101 1.94017 3.5687 8.53908 10.9204 8.70268 5.37053 3.35497 2.45155 -0.466727 -5.79196 -8.73309 -9.42634
106.96 -0.791891 -0.148582 1.22461 -1.41222 -7.25896 -8.75853 -7.90256 -6.56839 -4.9244 -2.87096 0.0635793 1.33517 3.08122 7.83981 10.1417 8.62013 6.48016 4.8686 3.8873 0.838934 -4.71445 -7.88099 -8.8641
107.01 0.0155032 1.19147 2.64593 0.0457793 -6.38783 -8.4893 -8.13319 -7.54965 -6.33298 -4.06813 -0.690425 0.901883 2.64329 7.01569 9.15858 8.23678 7.33565 6.28034 5.2729 2.10013 -3.63702 -6.90826 -8.10939
107.06 0.837034 2.47242 3.98589 1.41059 -5.44752 -7.95358 -8.15283 -8.28926 -7.42377 -5.21294 -1.52641 0.456529 2.1516 6.09566 8.06399 7.66094 7.91427 7.48358 6.52201 3.24828 -2.62129 -5.89621 -7.21511
107.11 1.65333 3.6622 5.14441 2.58629 -4.43597 -7.16929 -7.93914 -8.83585 -8.25884 -6.20778 -2.38415 -0.0777873 1.56542 5.13193 6.94566 7.0088 8.24588 8.42502 7.58245 4.25998 -1.66491 -4.88808 -6.25447
107.16 2.42417 4.71916 6.06722 3.5451 -3.3708 -6.17483 -7.4702 -9.20105 -8.92101 -7.02789 -3.22216 -0.703518 0.911033 4.17432 5.87114 6.36265 8.37919 9.09178 8.41826 5.12565 -0.739327 -3.88819 -5.28426
107.21 3.11389 5.62611 6.79303 4.3368 -2.26477 -4.98049 -6.73363 -9.40212 -9.48939 -7.67477 -4.02899 -1.45326 0.200858 3.26983 4.89214 5.77096 8.35926 9.49505 9.01219 5.84796 0.199037 -2.85908 -4.31614
107.26 3.70623 6.37817 7.35189 5.0073 -1.12666 -3.64606 -5.74472 -9.40812 -9.98659 -8.17055 -4.81302 -2.35042 -0.561821 2.44583 4.04441 5.25865 8.21768 9.65486 9.35742 6.42363 1.17303 -1.75927 -3.32795
107.31 4.19792 6.98359 7.77025 5.58924 -0.00709749 -2.28716 -4.57721 -9.06077 -10.2015 -8.60758 -5.72808 -3.39795 -1.35601 1.72578 3.3887 4.8667 7.9942 9.60606 9.45882 6.83212 2.14671 -0.603964 -2.31607
107.36 4.59377 7.45662 8.08002 6.12247 1.10407 -0.932904 -3.36281 -8.43447 -10.0969 -8.94414 -6.75548 -4.61462 -2.26035 1.04485 2.90055 4.56379 7.6884 9.38165 9.3545 7.09234 3.10897 0.613244 -1.2574
107.41 4.90287 7.8222 8.31837 6.6424 2.22334 0.410261 -2.12254 -7.62335 -9.72362 -9.14598 -7.82709 -5.97803 -3.32949 0.30492 2.47089 4.24917 7.26059 8.99409 9.07987 7.23107 4.04533 1.88686 -0.12254
107.46 5.13467 8.09515 8.49575 7.14017 3.33335 1.74131 -0.833787 -6.6223 -9.11052 -9.19903 -8.87187 -7.4117 -4.52586 -0.524059 2.00804 3.84103 6.6875 8.45172 8.65051 7.2463 4.90459 3.15277 1.06327
107.51 5.29157 8.28954 8.63255 7.60903 4.42045 3.07537 0.468852 -5.48583 -8.26437 -9.04915 -9.7234 -8.79465 -5.78056 -1.45047 1.34521 3.24592 6.01732 7.79433 8.08803 7.12721 5.62943 4.32264 2.22378
107.56 5.39613 8.43334 8.74495 8.01545 5.42652 4.34452 1.69718 -4.30497 -7.21426 -8.63335 -10.2186 -9.85336 -7.01262 -2.52937 0.488312 2.5068 5.28681 7.0658 7.42285 6.87657 6.19033 5.32627 3.25921
107.61 5.47668 8.54077 8.82482 8.34885 6.3075 5.45695 2.79024 -3.1099 -5.98004 -7.95248 -10.4502 -10.5974 -8.05856 -3.66532 -0.529278 1.64329 4.51105 6.29491 6.6826 6.51138 6.60161 6.17453 4.1554
107.66 5.55305 8.63998 8.90721 8.60787 7.01892 6.36526 3.71639 -1.91699 -4.58363 -6.99201 -10.459 -11.1216 -8.8677 -4.77575 -1.67938 0.67224 3.70001 5.5048 5.89153 6.05048 6.8835 6.88779 4.92148
107.71 5.65598 8.74242 8.98362 8.77698 7.55445 7.05608 4.47432 -0.770043 -3.15451 -5.81404 -10.1641 -11.3478 -9.46173 -5.88322 -2.91675 -0.35079 2.89246 4.75552 5.10652 5.5441 7.07248 7.4751 5.54563
107.76 5.79568 8.79992 8.98134 8.84726 7.95139 7.54525 5.08496 0.310362 -1.78067 -4.55536 -9.51985 -11.2399 -9.86516 -6.99644 -4.23271 -1.40377 2.12753 4.08371 4.37608 5.04258 7.20781 7.96209 6.0436
107.81 5.93628 8.79713 8.91571 8.83788 8.22694 7.88897 5.61646 1.36802 -0.468694 -3.34824 -8.72417 -10.8337 -10.0406 -8.06154 -5.63232 -2.55288 1.32761 3.43098 3.67166 4.535 7.25373 8.32965 6.45758
107.86 6.05468 8.7172 8.77905 8.75193 8.40163 8.12326 6.09328 2.41063 0.790415 -2.20162 -7.84647 -10.2169 -10.014 -9.01373 -7.0337 -3.76106 0.474053 2.75401 2.9737 4.0199 7.14728 8.49993 6.77885
107.91 6.12187 8.53841 8.55736 8.58896 8.49352 8.27419 6.51637 3.42363 1.99201 -1.06882 -6.87684 -9.45922 -9.81925 -9.8103 -8.35221 -4.96758 -0.421485 2.04517 2.30105 3.52846 6.85654 8.39182 6.93746
107.96 6.10388 8.23582 8.23193 8.34243 8.51358 8.36152 6.88404 4.40325 3.15581 0.0196886 -5.87242 -8.58617 -9.45778 -10.406 -9.50951 -6.11299 -1.3435 1.31238 1.69548 3.10491 6.41664 7.99757 6.84562
108.01 5.96418 7.7864 7.78677 8.00797 8.47065 8.40062 7.1946 5.33968 4.27597 1.04546 -4.86138 -7.62918 -8.94061 -10.7687 -10.4414 -7.14631 -2.27564 0.560541 1.1626 2.72799 5.88242 7.42297 6.51741
108.06 5.67817 7.17975 7.2175 7.5882 8.36798 8.39439 7.44123 6.21276 5.32702 1.99162 -3.86487 -6.63132 -8.29132 -10.8721 -11.0913 -8.02785 -3.2177 -0.209993 0.692739 2.39147 5.30013 6.74312 6.02381
108.11 5.24508 6.42544 6.53689 7.094 8.20099 8.33145 7.61363 7.00304 6.28978 2.86143 -2.86582 -5.59728 -7.55239 -10.748 -11.449 -8.73619 -4.17743 -1.03078 0.232903 2.05723 4.70133 6.02356 5.43382
108.16 4.68859 5.55341 5.77412 6.54012 7.95507 8.1875 7.69781 7.69466 7.15781 3.68111 -1.80142 -4.44478 -6.73034 -10.4784 -11.5774 -9.2922 -5.15717 -1.93402 -0.288105 1.65882 4.05972 5.26716 4.77365
108.21 4.04666 4.60688 4.96694 5.93783 7.60443 7.92581 7.67058 8.26853 7.93703 4.51571 -0.632995 -3.20348 -5.8401 -10.0924 -11.5325 -9.7119 -6.12006 -2.90263 -0.898592 1.15558 3.3404 4.45023 4.03707
108.26 3.35284 3.62416 4.14512 5.29144 7.12875 7.52274 7.52021 8.70119 8.60121 5.37476 0.670462 -1.84009 -4.84487 -9.5937 -11.3528 -10.0166 -7.03978 -3.90906 -1.59702 0.537965 2.52673 3.555 3.21292
108.31 2.6247 2.62251 3.31461 4.59376 6.52037 6.97673 7.25014 8.97019 9.10909 6.22106 2.10342 -0.331137 -3.65648 -8.90787 -11.0558 -10.2276 -7.91688 -4.94388 -2.38153 -0.192757 1.62085 2.58233 2.30242
108.36 1.86095 1.59441 2.45766 3.83099 5.78973 6.31022 6.87376 9.05443 9.41356 6.97854 3.63032 1.35857 -2.22684 -7.966 -10.596 -10.3285 -8.75053 -6.00835 -3.25674 -1.03407 0.636777 1.54888 1.32135
108.41 1.04554 0.516757 1.54865 2.99579 4.96992 5.5684 6.40773 8.93328 9.46742 7.54846 5.18646 3.25442 -0.609585 -6.78748 -9.87573 -10.2526 -9.50696 -7.084 -4.21263 -1.97115 -0.401467 0.479811 0.294293
108.46 0.141093 -0.651006 0.554417 2.08186 4.10455 4.80822 5.87172 8.60203 9.25007 7.85563 6.66508 5.26099 1.13039 -5.36636 -8.80422 -9.91123 -10.1264 -8.13254 -5.22587 -2.98396 -1.47619 -0.608294 -0.757578
108.51 -0.915531 -1.96538 -0.566397 1.0741 3.22806 4.07615 5.28129 8.07519 8.78003 7.88699 7.93765 7.18066 2.8736 -3.72133 -7.29588 -9.17663 -10.5025 -9.07729 -6.2445 -4.03964 -2.57636 -1.70928 -1.81794
108.56 -1.97388 -3.36779 -1.90658 -0.104289 2.33266 3.38358 4.64387 7.388 8.11816 7.69792 8.88758 8.77286 4.45487 -1.95646 -5.35218 -7.90224 -10.4897 -9.8056 -7.18421 -5.0872 -3.69036 -2.8169 -2.86461
108.61 -2.79178 -4.4709 -3.13276 -1.39135 1.28907 2.64981 3.93335 6.58104 7.348 7.37792 9.45667 9.85497 5.72591 -0.240784 -3.25437 -6.19661 -9.98119 -10.178 -7.91418 -6.0347 -4.78225 -3.90668 -3.85768
108.66 -3.52916 -5.38754 -4.13701 -2.55371 0.212762 1.83056 3.12942 5.67967 6.52024 6.98274 9.68787 10.4435 6.70148 1.41503 -1.18913 -4.34891 -9.0718 -10.1419 -8.34576 -6.81843 -5.8423 -4.98442 -4.79099
108.71 -4.16328 -6.21986 -4.99272 -3.44071 -0.8041 0.856953 2.21931 4.71548 5.67891 6.54263 9.64312 10.614 7.4213 3.04275 0.830474 -2.51556 -7.91885 -9.73659 -8.45615 -7.40244 -6.85432 -6.05827 -5.6855
108.76 -4.50204 -6.80122 -5.56249 -4.21104 -1.9798 -0.339129 1.22726 3.77331 4.89572 6.09038 9.37313 10.4307 7.87541 4.62021 2.83519 -0.728099 -6.62423 -9.02824 -8.26105 -7.76274 -7.76846 -7.10059 -6.55051
108.81 -4.53983 -7.08815 -5.88949 -4.88999 -3.29729 -1.76899 0.107452 2.86069 4.17245 5.5992 8.88384 9.93243 8.0308 6.10344 4.85837 1.03444 -5.21332 -8.044 -7.76752 -7.87781 -8.52942 -8.06765 -7.37755
108.86 -4.38213 -7.07949 -5.96299 -5.45639 -4.69202 -3.3859 -1.16069 1.91595 3.43496 4.97945 8.13852 9.13131 7.86133 7.43589 6.86898 2.75249 -3.70699 -6.76659 -6.93824 -7.69588 -9.07736 -8.91527 -8.15029
108.91 -4.11137 -6.87675 -5.84158 -5.85357 -5.81186 -4.87104 -2.58491 0.800445 2.59535 4.15379 7.12319 8.06277 7.39288 8.5212 8.67874 4.32527 -2.18558 -5.24818 -5.75009 -7.14339 -9.33272 -9.58611 -8.83652
108.96 -3.80352 -6.38314 -5.39332 -6.02273 -6.68935 -6.00261 -3.9651 -0.454008 1.63265 3.13793 5.90206 6.81916 6.71549 9.26601 10.0944 5.64811 -0.720932 -3.61088 -4.28696 -6.22118 -9.23995 -10.0183 -9.38828
109.01 -3.43206 -5.60966 -4.62262 -5.89481 -7.35142 -6.868 -5.18765 -1.72065 0.607809 2.0293 4.59746 5.52216 5.93813 9.61941 11.0385 6.72629 0.685806 -1.97693 -2.70334 -5.02068 -8.8078 -10.1737 -9.76238
109.06 -3.00017 -4.60678 -3.5681 -5.42135 -7.8109 -7.54018 -6.14837 -2.90641 -0.484541 0.895065 3.33942 4.29022 5.15974 9.60517 11.5073 7.59429 2.07511 -0.403799 -1.14439 -3.69844 -8.10764 -10.0464 -9.92838
109.11 -2.48441 -3.42339 -2.29407 -4.59417 -8.04924 -8.09064 -6.83366 -3.9911 -1.6495 -0.217134 2.20503 3.20236 4.44863 9.31089 11.536 8.24354 3.46575 1.13389 0.347508 -2.37204 -7.23725 -9.66147 -9.8751
109.16 -1.85383 -2.10849 -0.875981 -3.45968 -8.0331 -8.55581 -7.3049 -4.9897 -2.91335 -1.31045 1.21983 2.2865 3.82111 8.81229 11.1824 8.63108 4.81206 2.67116 1.80707 -1.05368 -6.25809 -9.06013 -9.60924
109.21 -1.13173 -0.748829 0.581643 -2.0712 -7.59757 -8.77449 -7.72909 -6.05714 -4.28347 -2.38919 0.388029 1.57492 3.28593 8.16425 10.5162 8.69779 6.01691 4.20485 3.25412 0.263538 -5.1948 -8.27669 -9.13824
109.26 -0.347085 0.602664 2.0246 -0.589687 -6.78447 -8.64356 -8.05814 -7.1534 -5.74404 -3.52805 -0.343119 1.08233 2.8369 7.39643 9.61401 8.43799 6.99122 5.67565 4.67195 1.55288 -4.10826 -7.34766 -8.46448
109.31 0.4746 1.91457 3.40357 0.817591 -5.87092 -8.2212 -8.16992 -7.98623 -6.97788 -4.72315 -1.15019 0.66673 2.38274 6.51072 8.55613 7.93155 7.69088 6.98082 5.98924 2.75545 -3.06311 -6.34588 -7.62365
109.36 1.29251 3.14916 4.66584 2.10058 -4.89507 -7.54753 -8.06535 -8.61701 -7.91511 -5.78749 -2.00475 0.169046 1.83491 5.56135 7.43937 7.30098 8.12649 8.04197 7.13892 3.82985 -2.08232 -5.33256 -6.68341
109.41 2.09158 4.26886 5.68331 3.141 -3.8462 -6.6368 -7.70916 -9.06086 -8.64417 -6.68726 -2.85516 -0.413678 1.20786 4.59428 6.33792 6.64424 8.34137 8.82997 8.07738 4.76038 -1.14806 -4.33152 -5.71304
109.46 2.81954 5.24383 6.49556 4.00653 -2.76164 -5.53666 -7.09462 -9.33355 -9.24508 -7.40799 -3.67472 -1.10312 0.522425 3.66186 5.3116 6.02446 8.38471 9.34775 8.77954 5.54551 -0.220716 -3.32183 -4.74578
109.51 3.45629 6.06348 7.12195 4.72079 -1.63279 -4.24691 -6.20981 -9.43211 -9.77863 -7.96726 -4.4666 -1.93517 -0.216964 2.80142 4.40174 5.47479 8.29385 9.6126 9.23522 6.18744 0.737333 -2.25689 -3.77003
109.56 3.99223 6.73337 7.60216 5.34241 -0.49833 -2.88809 -5.11002 -9.2697 -10.1449 -8.41679 -5.30356 -2.91566 -0.999901 2.03094 3.65265 5.02379 8.10122 9.65066 9.44232 6.67225 1.71804 -1.12082 -2.76672
109.61 4.42968 7.26158 7.95293 5.88841 0.610212 -1.53246 -3.9006 -8.73308 -10.1804 -8.81251 -6.29167 -4.05455 -1.83967 1.34983 3.10324 4.6936 7.83666 9.50168 9.4233 6.99296 2.68393 0.065094 -1.73516
109.66 4.77586 7.67209 8.22044 6.41404 1.72839 -0.180958 -2.68177 -8.01102 -9.91738 -9.07166 -7.35007 -5.3596 -2.83623 0.643481 2.66059 4.3961 7.46754 9.18557 9.22124 7.18414 3.63635 1.3186 -0.634589
109.71 5.04106 7.98503 8.42428 6.92324 2.84343 1.15151 -1.40821 -7.08566 -9.41193 -9.1963 -8.41784 -6.77468 -3.98613 -0.146501 2.22495 4.03887 6.95841 8.70978 8.85904 7.25573 4.53743 2.59844 0.535521
109.76 5.23031 8.21056 8.5737 7.40737 3.94658 2.48655 -0.10434 -5.9986 -8.66612 -9.14973 -9.39709 -8.19904 -5.21118 -1.02333 1.66279 3.52939 6.32347 8.09687 8.35195 7.19703 5.32825 3.8228 1.72052
109.81 5.35413 8.37498 8.69947 7.84449 4.99384 3.79704 1.16723 -4.83074 -7.70369 -8.85027 -10.0359 -9.4304 -6.48416 -2.03725 0.89014 2.85061 5.6166 7.39512 7.72817 7.00274 5.96151 4.90233 2.81833
109.86 5.44264 8.49649 8.79259 8.20955 5.93467 4.98767 2.32478 -3.63994 -6.54681 -8.28624 -10.3768 -10.3001 -7.62311 -3.16173 -0.0608372 2.04011 4.85972 6.64025 7.01832 6.68618 6.43658 5.81646 3.77495
109.91 5.51803 8.59459 8.86792 8.50377 6.7275 5.9889 3.32658 -2.44438 -5.21706 -7.45045 -10.4832 -10.9127 -8.54026 -4.29119 -1.15572 1.11421 4.06294 5.85538 6.24636 6.26486 6.77318 6.58761 4.59802
109.96 5.60209 8.70019 8.96032 8.71632 7.33408 6.77757 4.16121 -1.26626 -3.78131 -6.3586 -10.3526 -11.2887 -9.21652 -5.38803 -2.36216 0.0999179 3.24106 5.07675 5.4479 5.7687 6.99585 7.22901 5.28804
