50.01 -7.31205 2.8792 3.26494 -13.3223 -0.00718361 0.700951 -3.57034 -0.238218 6.21628 4.87432 -14.7473 4.26107 -2.08522 -6.31385 4.76149 5.29578 2.01443 -15.0192 5.03972 -0.595066 -1.95231 4.28981 2.29035 0.345256 -14.7535 3.92646 1.70786 0.319544 -0.541662 0.485867 1.2044 -13.8508 -0.515843 2.26752 0.822944 -2.46306 2.50446 2.15205 -13.5886 0.245139 0.58726 -2.68993 -2.28503 7.97512 6.06679 -10.9742 2.67925 -6.74052 -4.42164
50.06 -6.97894 2.50288 2.77645 -13.3775 -0.208855 1.05146 -3.29683 -1.26188 5.97543 5.02944 -14.5574 3.58192 -2.16207 -6.47612 4.49558 5.62958 2.44451 -14.9802 5.1403 -0.982389 -2.40722 4.59363 2.65223 0.263632 -14.786 4.20562 1.3554 0.0729483 0.0091684 0.490894 1.04973 -13.9588 -0.24658 2.38117 1.06659 -2.20693 2.08378 1.91389 -13.6541 0.0783063 0.999135 -2.286 -2.98943 7.6104 6.19244 -10.8851 2.11895 -6.60212 -4.17623
50.11 -6.53328 2.10567 2.3263 -13.4532 -0.38418 1.39986 -3.04034 -2.14903 5.65106 5.04559 -14.366 2.87044 -2.11855 -6.44985 4.08999 5.94068 2.87633 -14.9228 5.21985 -1.35291 -2.87879 4.861 3.01405 0.222224 -14.8174 4.44141 0.984033 -0.194433 0.629612 0.602881 0.889011 -14.059 0.157672 2.46585 1.28161 -1.9335 1.67901 1.73409 -13.737 -0.0458831 1.40829 -1.89227 -3.58255 7.24914 6.29132 -10.7946 1.64265 -6.40033 -3.85494
50.16 -6.03233 1.70184 1.92402 -13.5442 -0.537081 1.73418 -2.80125 -2.83178 5.29509 4.92724 -14.1853 2.23548 -1.95562 -6.24734 3.56243 6.22538 3.29659 -14.8487 5.27437 -1.69983 -3.34523 5.09379 3.3794 0.235824 -14.847 4.64144 0.598108 -0.482384 1.30988 0.824529 0.725273 -14.1508 0.701634 2.51735 1.45731 -1.63644 1.2992 1.60221 -13.8318 -0.126421 1.8074 -1.50296 -4.07748 6.89893 6.35457 -10.7072 1.24155 -6.16029 -3.49835
50.21 -5.51837 1.30579 1.57439 -13.645 -0.670519 2.04372 -2.57934 -3.32017 4.92658 4.6939 -14.0247 1.70007 -1.70259 -5.92197 2.94011 6.47662 3.6961 -14.7589 5.29308 -2.01706 -3.78615 5.28956 3.74995 0.320556 -14.8721 4.81173 0.201421 -0.791262 1.99943 1.13479 0.562825 -14.2338 1.33838 2.52334 1.57419 -1.3077 0.953239 1.50462 -13.9331 -0.158484 2.18841 -1.11562 -4.48981 6.56261 6.37345 -10.6261 0.902812 -5.90065 -3.13219
50.26 -5.01821 0.929069 1.27748 -13.7505 -0.786641 2.32043 -2.37404 -3.63693 4.55014 4.37332 -13.8902 1.25289 -1.39262 -5.53029 2.24583 6.68064 4.06669 -14.6528 5.25299 -2.29876 -4.18595 5.4402 4.12335 0.490312 -14.8887 4.95714 -0.201204 -1.12074 2.6355 1.49654 0.407368 -14.3074 1.98568 2.465 1.60677 -0.940101 0.650856 1.42578 -14.0361 -0.132378 2.54367 -0.734044 -4.83142 6.24103 6.34052 -10.554 0.615117 -5.6335 -2.76949
50.31 -4.54628 0.580779 1.02988 -13.8568 -0.886885 2.55961 -2.18457 -3.79821 4.16583 3.99869 -13.7851 0.877704 -1.04964 -5.11306 1.48349 6.8125 4.40035 -14.5292 5.11154 -2.53853 -4.53175 5.53142 4.49427 0.750747 -14.8929 5.08156 -0.603391 -1.47039 3.18624 1.87909 0.266151 -14.3715 2.57715 2.32845 1.53948 -0.525793 0.403702 1.3501 -14.1372 -0.0326073 2.86652 -0.366606 -5.10912 5.93423 6.25112 -10.4925 0.369432 -5.36631 -2.41499
50.36 -4.10846 0.268106 0.826255 -13.9611 -0.972066 2.75994 -2.01006 -3.82098 3.77146 3.60455 -13.7107 0.561067 -0.68807 -4.69541 0.63243 6.83401 4.68715 -14.3878 4.80462 -2.72767 -4.80951 5.54366 4.85699 1.09438 -14.8824 5.18813 -0.997794 -1.84153 3.65201 2.26655 0.148304 -14.426 3.08516 2.11605 1.3804 -0.0535508 0.226115 1.26518 -14.2338 0.16225 3.15099 -0.0229346 -5.32443 5.64188 6.1045 -10.4426 0.158665 -5.1036 -2.06835
50.41 -3.70544 -0.0038213 0.660547 -14.0613 -1.04247 2.92292 -1.84962 -3.73295 3.36302 3.22116 -13.667 0.292906 -0.316235 -4.29168 -0.317286 6.70995 4.91194 -14.2316 4.28107 -2.85116 -4.99819 5.45372 5.20686 1.50105 -14.8566 5.27925 -1.37714 -2.23789 4.04564 2.65374 0.0652098 -14.4713 3.51021 1.84305 1.15388 0.488417 0.133858 1.16428 -14.3243 0.475624 3.39079 0.286982 -5.47387 5.36351 5.90425 -10.4046 -0.0228035 -4.84803 -1.72603
50.46 -3.33506 -0.232409 0.526773 -14.1564 -1.09793 3.05205 -1.70234 -3.5703 2.93852 2.87109 -13.653 0.0657778 0.0602822 -3.90945 -1.28385 6.45357 5.05441 -14.0677 3.59311 -2.88322 -5.0646 5.2406 5.54047 1.94473 -14.8165 5.35661 -1.73502 -2.66029 4.3797 3.04089 0.0307121 -14.5083 3.86389 1.52672 0.883744 1.09876 0.137288 1.04605 -14.4078 0.917925 3.57721 0.550537 -5.54983 5.09859 5.65749 -10.3783 -0.179482 -4.60115 -1.38314
50.51 -2.99377 -0.417524 0.419446 -14.2455 -1.1379 3.15198 -1.56738 -3.36591 2.50389 2.56929 -13.6667 -0.125881 0.436194 -3.55222 -2.13254 6.12545 5.09851 -13.9051 2.88522 -2.79841 -4.97993 4.89548 5.85514 2.40217 -14.7635 5.42088 -2.06603 -3.09835 4.66176 3.42932 0.0607776 -14.5384 4.15916 1.18012 0.585152 1.74476 0.229636 0.912336 -14.4839 1.46232 3.69679 0.74932 -5.54309 4.84661 5.37311 -10.3632 -0.315019 -4.36377 -1.03626
50.56 -2.67742 -0.560717 0.333764 -14.3284 -1.16151 3.22785 -1.44391 -3.14247 2.07128 2.32322 -13.705 -0.286259 0.805271 -3.22099 -2.80552 5.77119 5.03917 -13.7526 2.25456 -2.59833 -4.75551 4.42435 6.14806 2.85618 -14.6989 5.47114 -2.3656 -3.53372 4.89338 3.81821 0.171439 -14.5624 4.40704 0.811641 0.265335 2.37066 0.385621 0.766129 -14.5527 2.04339 3.73281 0.861217 -5.44624 4.60706 5.0595 -10.3586 -0.432376 -4.13621 -0.68647
50.61 -2.38165 -0.664386 0.265658 -14.405 -1.16758 3.28468 -1.33119 -2.91444 1.65291 2.13257 -13.7635 -0.418511 1.16009 -2.91524 -3.31164 5.40725 4.8796 -13.6173 1.72181 -2.312 -4.43946 3.84543 6.41509 3.29338 -14.6233 5.50353 -2.62973 -3.94929 5.07104 4.20396 0.374013 -14.58 4.61627 0.426865 -0.0729977 2.93465 0.57762 0.61041 -14.6148 2.59493 3.67458 0.873285 -5.25483 4.37954 4.72364 -10.3635 -0.533918 -3.91854 -0.339262
50.66 -2.10206 -0.731195 0.211755 -14.4754 -1.15462 3.32691 -1.22856 -2.69075 1.2585 1.99102 -13.8369 -0.525045 1.4926 -2.63354 -3.67097 5.0369 4.6289 -13.5045 1.2759 -1.97264 -4.08201 3.18565 6.64892 3.70331 -14.5361 5.50832 -2.85497 -4.33251 5.1884 4.58177 0.669001 -14.5894 4.7936 0.0307322 -0.428595 3.42528 0.788469 0.447959 -14.6716 3.08116 3.52699 0.793839 -4.96638 4.16375 4.37221 -10.3769 -0.621431 -3.71057 -0.00153658
50.71 -1.83426 -0.763669 0.16931 -14.5398 -1.1208 3.35814 -1.13542 -2.47598 0.895541 1.8894 -13.9202 -0.607733 1.79536 -2.37393 -3.89416 4.65999 4.30333 -13.4181 0.900918 -1.60454 -3.71786 2.46979 6.83626 4.07857 -14.4353 5.46501 -3.03856 -4.674 5.23727 4.94746 1.04246 -14.5886 4.94432 -0.37109 -0.79997 3.84962 1.01133 0.281722 -14.725 3.49488 3.30791 0.647172 -4.58086 3.95961 4.013 -10.3977 -0.696018 -3.51205 0.321085
50.76 -1.57369 -0.763864 0.136116 -14.5984 -1.0638 3.38111 -1.05129 -2.27135 0.570237 1.81831 -14.0087 -0.668045 2.06285 -2.13413 -3.98482 4.27575 3.92727 -13.3602 0.583513 -1.22239 -3.3667 1.70431 6.95385 4.41365 -14.3181 5.33531 -3.17834 -4.9652 5.20612 5.29799 1.46783 -14.5765 5.07254 -0.771998 -1.18567 4.21973 1.24518 0.115248 -14.7776 3.84277 3.0382 0.45883 -4.10396 3.76748 3.65445 -10.4249 -0.757785 -3.3226 0.625078
50.81 -1.31556 -0.733112 0.110428 -14.6517 -0.980659 3.39773 -0.975849 -2.07583 0.28779 1.76957 -14.0987 -0.707088 2.29234 -1.91168 -3.95133 3.88247 3.53037 -13.3318 0.313618 -0.83406 -3.03814 0.868434 6.96528 4.70184 -14.1832 5.05849 -3.27158 -5.19583 5.07892 5.63135 1.91285 -14.5534 5.1813 -1.1652 -1.58606 4.54642 1.49121 -0.047042 -14.8328 4.13509 2.73515 0.246577 -3.54952 3.58856 3.30418 -10.4575 -0.80516 -3.14185 0.908727
50.86 -1.05448 -0.671786 0.0908964 -14.6999 -0.867509 3.40925 -0.908928 -1.88703 0.0519162 1.73662 -14.1873 -0.72558 2.48395 -1.70396 -3.81681 3.47662 3.14135 -13.3327 0.0838008 -0.443534 -2.73583 -0.0625904 6.83045 4.9306 -14.0327 4.57209 -3.31119 -5.34998 4.83876 5.94615 2.34833 -14.5208 5.27256 -1.54466 -2.00467 4.8378 1.75076 -0.199794 -14.8935 4.38147 2.41079 0.0189354 -2.93739 3.42572 2.96804 -10.4946 -0.833537 -2.96943 1.17153
50.91 -0.784151 -0.579081 0.0765195 -14.7433 -0.719228 3.41626 -0.850647 -1.70165 -0.135859 1.71448 -14.2727 -0.723768 2.64009 -1.50822 -3.61588 3.05522 2.78296 -13.3622 -0.111443 -0.0534586 -2.46 -1.03803 6.54678 5.07831 -13.8735 3.89445 -3.27935 -5.39967 4.478 6.24109 2.75546 -14.4802 5.3468 -1.90566 -2.44451 5.09955 2.02442 -0.33675 -14.9607 4.58987 2.07253 -0.222486 -2.28631 3.28486 2.65028 -10.5353 -0.832871 -2.80506 1.41365
50.96 -0.496954 -0.452749 0.0666196 -14.7821 -0.529003 3.41877 -0.801554 -1.51568 -0.27618 1.69945 -14.3537 -0.701285 2.76467 -1.32157 -3.38057 2.62207 2.47101 -13.4184 -0.276233 0.332724 -2.20898 -1.92273 6.17001 5.12034 -13.715 3.16003 -3.15018 -5.31091 4.00864 6.51425 3.1292 -14.4324 5.4023 -2.24477 -2.89885 5.33542 2.31215 -0.450704 -15.0331 4.76669 1.72442 -0.479293 -1.60456 3.17736 2.35467 -10.5788 -0.783688 -2.64867 1.6354
51.01 -0.183562 -0.288861 0.0608563 -14.8165 -0.28799 3.41606 -0.76293 -1.32429 -0.370921 1.6888 -14.4296 -0.656921 2.86236 -1.14083 -3.13098 2.18859 2.21442 -13.4983 -0.41363 0.70954 -1.98007 -2.632 5.75654 5.04062 -13.5671 2.4892 -2.91471 -5.07839 3.45676 6.76216 3.4748 -14.3773 5.43367 -2.55947 -3.35056 5.54758 2.61415 -0.533231 -15.1067 4.91706 1.36835 -0.753017 -0.880904 3.12361 2.08635 -10.6237 -0.65106 -2.50069 1.83667
51.06 0.166809 -0.081792 0.0592979 -14.8467 0.014434 3.40634 -0.737364 -1.12154 -0.42203 1.68034 -14.5001 -0.588269 2.9379 -0.962547 -2.87753 1.76797 2.0145 -13.5974 -0.525792 1.0694 -1.76991 -3.15856 5.33264 4.83673 -13.4378 1.91964 -2.59453 -4.74089 2.8455 6.97815 3.7989 -14.3133 5.42922 -2.84757 -3.78109 5.73656 2.93226 -0.574047 -15.1763 5.04518 1.00537 -1.04386 -0.0786296 3.15737 1.85478 -10.6683 -0.378046 -2.36268 2.01596
51.11 0.564343 0.174911 0.0625903 -14.8728 0.388465 3.38604 -0.729839 -0.899939 -0.43066 1.67215 -14.565 -0.491177 2.99556 -0.783019 -2.62583 1.37164 1.8659 -13.7104 -0.614089 1.40366 -1.57478 -3.51509 4.90676 4.52176 -13.3327 1.44445 -2.22275 -4.35084 2.18443 7.14984 4.10371 -14.2373 5.36655 -3.10647 -4.17502 5.90058 3.27115 -0.559744 -15.2363 5.15452 0.63718 -1.35133 0.849707 3.32187 1.67911 -10.7098 0.104389 -2.23928 2.16781
51.16 1.01288 0.485778 0.0722818 -14.8945 0.837686 3.34855 -0.74954 -0.650145 -0.396466 1.66208 -14.6246 -0.358976 3.03866 -0.598791 -2.37837 1.00919 1.75961 -13.8314 -0.679204 1.7045 -1.39057 -3.70771 4.4803 4.12467 -13.2551 1.04701 -1.82575 -3.94818 1.46435 7.25547 4.38677 -14.1447 5.20649 -3.33201 -4.51885 6.03393 3.63669 -0.472133 -15.2812 5.24802 0.267821 -1.67557 1.88151 3.6324 1.59287 -10.7435 0.803388 -2.14298 2.27674
51.21 1.50119 0.848784 0.0913459 -14.9115 1.34922 3.28283 -0.811827 -0.361018 -0.316877 1.64721 -14.6788 -0.181552 3.06932 -0.407868 -2.13468 0.689046 1.68575 -13.9555 -0.721173 1.96668 -1.21279 -3.74168 4.05107 3.68538 -13.2064 0.712661 -1.41966 -3.55634 0.657965 7.26201 4.64172 -14.0314 4.89119 -3.51637 -4.79739 6.12414 4.0285 -0.289005 -15.3062 5.32815 -0.095081 -2.01894 2.86813 4.03786 1.63368 -10.7637 1.5944 -2.09948 2.31116
51.26 1.99989 1.25269 0.124861 -14.9233 1.88909 3.17396 -0.93731 -0.0205075 -0.186564 1.62347 -14.7279 0.0551455 3.08813 -0.211661 -1.89155 0.418246 1.63526 -14.0782 -0.739268 2.18847 -1.03657 -3.63794 3.61463 3.2447 -13.1862 0.430481 -1.01296 -3.18681 -0.250294 7.13785 4.85757 -13.8969 4.37206 -3.64391 -4.98877 6.15061 4.43597 0.00813336 -15.3081 5.39699 -0.440967 -2.38626 3.67504 4.47377 1.81829 -10.7655 2.33494 -2.13981 2.23588
51.31 2.47247 1.68109 0.180725 -14.9289 2.41385 3.00875 -1.14364 0.382165 0.00212946 1.58591 -14.7721 0.367612 3.0936 -0.0167414 -1.64318 0.201561 1.60043 -14.1963 -0.731694 2.3713 -0.856758 -3.43731 3.16797 2.8357 -13.1935 0.192696 -0.609762 -2.84368 -1.19351 6.89245 5.01905 -13.7463 3.68972 -3.68683 -5.05976 6.09105 4.84363 0.422373 -15.2859 5.45625 -0.75893 -2.78004 4.25767 4.90749 2.13157 -10.7471 2.96383 -2.27624 2.04366
51.36 2.89073 2.11974 0.270361 -14.9265 2.89063 2.78382 -1.43364 0.85124 0.256328 1.53055 -14.8117 0.768317 3.08105 0.164278 -1.38136 0.0412496 1.57467 -14.3073 -0.695007 2.51883 -0.668398 -3.18441 2.71527 2.48081 -13.2268 -0.00617615 -0.212228 -2.52666 -2.04521 6.58187 5.11268 -13.5883 2.97802 -3.6146 -4.97918 5.93184 5.23624 0.935164 -15.241 5.50725 -1.04054 -3.19248 4.61141 5.32729 2.5329 -10.7108 3.47915 -2.49406 1.76126
51.41 3.23918 2.55984 0.409401 -14.9139 3.30573 2.50732 -1.7926 1.37492 0.576398 1.45659 -14.8467 1.25258 3.04103 0.312362 -1.09597 -0.0617423 1.55186 -14.4096 -0.623202 2.63592 -0.467796 -2.91124 2.26717 2.19162 -13.2842 -0.169988 0.177833 -2.23281 -2.74207 6.25287 5.13238 -13.4322 2.33779 -3.42154 -4.75302 5.66528 5.60028 1.50905 -15.1768 5.55087 -1.28154 -3.60741 4.74486 5.72917 2.97041 -10.6638 3.89945 -2.7673 1.42431
51.46 3.50915 2.99638 0.617924 -14.8881 3.65961 2.19275 -2.1971 1.92041 0.950485 1.36751 -14.8776 1.78795 2.95902 0.403292 -0.775827 -0.10584 1.52558 -14.5022 -0.506534 2.72752 -0.254334 -2.63484 1.83497 1.96898 -13.363 -0.301368 0.55787 -1.95761 -3.29006 5.92296 5.07777 -13.2859 1.79506 -3.13277 -4.42696 5.28037 5.92459 2.0976 -15.0973 5.58732 -1.4819 -4.00907 4.687 6.11166 3.39697 -10.6176 4.24403 -3.07271 1.05838
51.51 3.69074 3.42522 0.919013 -14.8452 3.95871 1.85264 -2.62451 2.44713 1.35805 1.27044 -14.9049 2.32423 2.82004 0.414888 -0.4093 -0.0871526 1.48882 -14.5848 -0.330389 2.79778 -0.0318031 -2.36157 1.42769 1.80558 -13.4597 -0.401914 0.923877 -1.69556 -3.71295 5.59342 4.95058 -13.1551 1.34057 -2.7825 -4.05254 4.76872 6.20141 2.65936 -15.0062 5.61557 -1.64479 -4.38629 4.49202 6.47407 3.78064 -10.585 4.52766 -3.39356 0.675911
51.56 3.76578 3.84181 1.33405 -14.7812 4.21029 1.49593 -3.05723 2.92704 1.78019 1.17511 -14.9304 2.81935 2.61773 0.338792 0.0158158 0.00137864 1.43527 -14.6577 -0.0751377 2.84918 0.19197 -2.09065 1.05218 1.68999 -13.5695 -0.472186 1.27034 -1.44061 -4.02802 5.25999 4.7532 -13.0443 0.958435 -2.39843 -3.66643 4.14228 6.42645 3.16811 -14.9056 5.63202 -1.77507 -4.73191 4.22386 6.81588 4.10615 -10.5754 4.76052 -3.71871 0.280866
51.61 3.69966 4.24125 1.87456 -14.6925 4.41992 1.12848 -3.48296 3.34987 2.20568 1.09314 -14.9578 3.25352 2.35826 0.183481 0.509921 0.168817 1.36145 -14.7212 0.280326 2.8815 0.406105 -1.81622 0.714273 1.60996 -13.6873 -0.51141 1.59096 -1.1864 -4.24134 4.91839 4.49017 -12.9567 0.634797 -1.99907 -3.2893 3.43639 6.59694 3.61397 -14.7957 5.62785 -1.87792 -5.04102 3.93509 7.13663 4.37088 -10.592 4.94957 -4.04099 -0.125511
51.66 3.43029 4.61776 2.53312 -14.577 4.58912 0.754707 -3.89354 3.7154 2.63021 1.03823 -14.9948 3.62477 2.05491 -0.0367358 1.07153 0.420567 1.26803 -14.7761 0.746232 2.89017 0.59611 -1.52897 0.420003 1.55399 -13.8079 -0.516837 1.87985 -0.927075 -4.35043 4.56654 4.17154 -12.8951 0.358976 -1.59545 -2.93051 2.68855 6.70753 3.99739 -14.6749 5.5845 -1.95788 -5.30918 3.65706 7.43601 4.57964 -10.6326 5.09983 -4.35578 -0.541234
51.71 2.87141 4.96155 3.27885 -14.4352 4.70941 0.379689 -4.28325 4.02469 3.05267 1.02651 -15.0522 3.93919 1.72079 -0.314874 1.67307 0.748787 1.15935 -14.8229 1.30204 2.86421 0.741771 -1.21791 0.176663 1.51133 -13.9269 -0.482743 2.13263 -0.659089 -4.35142 4.20416 3.81498 -12.8607 0.122896 -1.19334 -2.5924 1.91341 6.74518 4.32138 -14.5412 5.46743 -2.01792 -5.53115 3.40105 7.7139 4.74083 -10.692 5.21529 -4.66019 -0.963703
51.76 1.9582 5.24779 4.06108 -14.2711 4.74243 0.0114763 -4.64661 4.27385 3.47151 1.07612 -15.1353 4.20471 1.36542 -0.655674 2.26548 1.13004 1.04224 -14.8622 1.89255 2.78683 0.818143 -0.872193 -0.00666979 1.4714 -14.0412 -0.399208 2.34703 -0.383578 -4.24859 3.83093 3.44373 -12.8543 -0.079552 -0.795194 -2.27322 1.0934 6.68483 4.58464 -14.394 5.22099 -2.05827 -5.69968 3.16289 7.97027 4.86398 -10.765 5.29914 -4.95242 -1.39197
51.81 0.665005 5.40803 4.80973 -14.0923 4.56849 -0.335211 -4.97308 4.44852 3.88331 1.20436 -15.2322 4.42861 0.994872 -1.07095 2.80734 1.53747 0.924963 -14.8946 2.45676 2.64317 0.805919 -0.480996 -0.119174 1.42381 -14.1485 -0.251013 2.52269 -0.106674 -4.05989 3.44477 3.0811 -12.8755 -0.252968 -0.401904 -1.96885 0.1973 6.4937 4.77498 -14.2366 4.7802 -2.07354 -5.80288 2.92679 8.20478 4.95884 -10.8463 5.35335 -5.23135 -1.82856
51.86 -1.01655 5.3375 5.41575 -13.912 4.00915 -0.629296 -5.23194 4.5183 4.2835 1.42327 -15.3193 4.61693 0.613426 -1.57627 3.28222 1.95276 0.816903 -14.9207 2.95768 2.4309 0.703994 -0.032104 -0.148681 1.36009 -14.2478 -0.017441 2.66029 0.162445 -3.8115 3.04312 2.74568 -12.923 -0.400754 -0.0148091 -1.67385 -0.75022 6.16294 4.86438 -14.0763 4.13608 -2.04731 -5.81812 2.67002 8.41606 5.03583 -10.9309 5.37753 -5.49631 -2.27718
51.91 -2.77057 5.09262 5.76477 -13.7456 3.21357 -0.816935 -5.36112 4.45193 4.66761 1.7368 -15.3769 4.77429 0.225391 -2.17553 3.69153 2.36774 0.728984 -14.9417 3.38563 2.16082 0.527501 0.485989 -0.08317 1.27593 -14.3383 0.324139 2.7599 0.412912 -3.52488 2.62872 2.44999 -12.9947 -0.525272 0.362447 -1.38195 -1.62415 5.74024 4.81822 -13.9237 3.39884 -1.95063 -5.71111 2.37217 8.60069 5.10736 -11.0133 5.36746 -5.74669 -2.73377
51.96 -4.24339 4.81333 5.84294 -13.6022 2.47958 -0.863303 -5.32412 4.2435 5.03176 2.13798 -15.3966 4.90375 -0.16346 -2.83576 4.04213 2.78077 0.674539 -14.9594 3.74605 1.84834 0.296026 1.07254 0.083637 1.1716 -14.4199 0.784834 2.81858 0.63095 -3.20916 2.21301 2.20052 -13.0868 -0.627793 0.723278 -1.08692 -2.31073 5.28756 4.62123 -13.7889 2.70233 -1.76144 -5.46283 2.02045 8.75228 5.1874 -11.0869 5.31373 -5.98173 -3.18209
52.01 -5.39489 4.53725 5.70386 -13.4846 1.87534 -0.78346 -5.15156 3.89281 5.37217 2.60395 -15.3785 5.00617 -0.545445 -3.5123 4.33901 3.19234 0.669875 -14.9769 4.049 1.50642 0.0251169 1.69814 0.342278 1.05064 -14.4926 1.34201 2.82759 0.797072 -2.8655 1.81168 1.99651 -13.1947 -0.708168 1.05945 -0.784656 -2.77513 4.83725 4.29233 -13.6792 2.10419 -1.48714 -5.09763 1.60306 8.8602 5.2866 -11.1439 5.20002 -6.20009 -3.60068
52.06 -6.27033 4.26259 5.40598 -13.3938 1.38205 -0.611775 -4.89736 3.39711 5.68362 3.09968 -15.3262 5.07808 -0.911461 -4.1706 4.58212 3.60163 0.733201 -14.9965 4.30425 1.14365 -0.276743 2.31041 0.665585 0.918177 -14.5566 1.93566 2.77252 0.887177 -2.49509 1.44043 1.82938 -13.3131 -0.764343 1.36345 -0.475709 -3.02213 4.39846 3.87725 -13.5985 1.60587 -1.15411 -4.66432 1.10122 8.90759 5.40805 -11.1759 5.00033 -6.39899 -3.96874
52.11 -6.90367 3.98152 4.99814 -13.3303 0.973997 -0.376773 -4.60372 2.76585 5.95646 3.58964 -15.2436 5.10707 -1.25188 -4.78643 4.76581 4.00536 0.88053 -15.0177 4.51999 0.765304 -0.60659 2.86711 1.02274 0.779828 -14.6125 2.50133 2.64145 0.884085 -2.10087 1.1136 1.68538 -13.4367 -0.791767 1.63044 -0.165311 -3.07579 3.96998 3.43032 -13.5478 1.19244 -0.786654 -4.20517 0.487741 8.87018 5.54829 -11.1767 4.67841 -6.57259 -4.26613
52.16 -7.30529 3.68699 4.52071 -13.2944 0.631593 -0.0973957 -4.29684 2.02156 6.17164 4.04544 -15.1324 5.06338 -1.55716 -5.34114 4.87987 4.39908 1.11921 -15.0351 4.70274 0.375364 -0.963628 3.35397 1.3921 0.641411 -14.6606 3.00169 2.43537 0.791008 -1.6843 0.84359 1.5503 -13.5612 -0.782609 1.85898 0.139394 -2.98224 3.54617 2.99737 -13.5266 0.84929 -0.399785 -3.74637 -0.256787 8.72315 5.70029 -11.1457 4.20354 -6.70852 -4.47042
52.21 -7.47162 3.37375 4.0083 -13.2863 0.340897 0.213961 -3.99171 1.17564 6.29458 4.44489 -14.993 4.8896 -1.81736 -5.81658 4.90967 4.77875 1.44255 -15.0412 4.85764 -0.0217191 -1.3476 3.77556 1.76237 0.509284 -14.7021 3.42802 2.16792 0.628824 -1.24246 0.640687 1.41376 -13.6834 -0.724576 2.05045 0.431956 -2.79889 3.12107 2.60811 -13.5334 0.565438 -0.00112111 -3.30099 -1.0982 8.46533 5.85547 -11.088 3.59739 -6.78441 -4.55397
52.26 -7.4071 3.03706 3.49018 -13.3054 0.0918503 0.548017 -3.69662 0.217398 6.27734 4.76516 -14.8275 4.50766 -2.01949 -6.18971 4.83462 5.14127 1.8298 -15.0302 4.98861 -0.420053 -1.75991 4.14229 2.12917 0.390944 -14.7385 3.78657 1.85627 0.421336 -0.766781 0.514451 1.27047 -13.8008 -0.599286 2.20783 0.707425 -2.57132 2.69346 2.27786 -13.5663 0.33308 0.405445 -2.87359 -1.93781 8.13354 6.00479 -11.0117 2.95238 -6.77491 -4.49378
52.31 -7.14418 2.67282 2.98883 -13.3503 -0.123039 0.895742 -3.41595 -0.816716 6.09686 4.97732 -14.6425 3.89679 -2.14161 -6.42619 4.63099 5.48436 2.25271 -14.9999 5.09825 -0.812449 -2.20256 4.46379 2.49214 0.295622 -14.7718 4.08781 1.5142 0.184856 -0.242851 0.476183 1.11913 -13.9119 -0.381002 2.33436 0.961782 -2.32232 2.26873 2.01173 -13.6227 0.146897 0.816638 -2.46332 -2.69147 7.7723 6.13957 -10.9251 2.35676 -6.67286 -4.29714
52.36 -6.74062 2.28336 2.52027 -13.4175 -0.309489 1.24656 -3.15182 -1.77997 5.80079 5.05576 -14.4501 3.18016 -2.1535 -6.48529 4.28613 5.80586 2.68583 -14.9504 5.18734 -1.1913 -2.66917 4.74685 2.85353 0.234709 -14.8036 4.34178 1.15056 -0.073475 0.345919 0.539463 0.960788 -14.0156 -0.0393303 2.43202 1.19041 -2.05707 1.85577 1.80712 -13.6984 0.0038825 1.22781 -2.06583 -3.33287 7.4081 6.25138 -10.8346 1.84364 -6.49582 -4.00371
52.41 -6.25798 1.88057 2.0959 -13.5024 -0.471904 1.58855 -2.90502 -2.55471 5.45493 4.99525 -14.2633 2.5045 -2.04102 -6.35585 3.8095 6.10286 3.11247 -14.8835 5.25378 -1.54947 -3.14066 4.99497 3.21693 0.221984 -14.8342 4.55682 0.770632 -0.352252 1.0035 0.713552 0.797936 -14.1112 0.445115 2.49921 1.38535 -1.77148 1.46381 1.65554 -13.7886 -0.0963371 1.63235 -1.67516 -3.86929 7.05246 6.33152 -10.7453 1.41079 -6.26998 -3.65868
52.46 -5.74561 1.47947 1.72268 -13.5995 -0.613653 1.91024 -2.67555 -3.12621 5.09091 4.80983 -14.0929 1.9254 -1.82352 -6.07736 3.22575 6.37013 3.52222 -14.8006 5.29032 -1.88057 -3.59508 5.20777 3.58522 0.273238 -14.8618 4.73963 0.378204 -0.651854 1.69722 0.988707 0.634297 -14.1981 1.04993 2.52744 1.53129 -1.45772 1.10173 1.54459 -13.8877 -0.150757 2.02237 -1.28687 -4.31647 6.7098 6.37108 -10.6611 1.04595 -6.01718 -3.29451
52.51 -5.2369 1.09293 1.40266 -13.7034 -0.737229 2.20228 -2.46298 -3.51663 4.71781 4.52407 -13.9463 1.44117 -1.53518 -5.70896 2.56142 6.59737 3.90659 -14.7019 5.28019 -2.17874 -4.01476 5.37981 3.95789 0.403994 -14.8827 4.89553 -0.0224872 -0.972285 2.3633 1.33224 0.474946 -14.276 1.70274 2.49997 1.60421 -1.10818 0.778744 1.45942 -13.9905 -0.151969 2.38992 -0.901895 -4.68826 6.38165 6.36188 -10.5847 0.736895 -5.75221 -2.92929
52.56 -4.75133 0.731058 1.13379 -13.8098 -0.844372 2.45844 -2.2666 -3.74503 4.33713 4.16907 -13.8279 1.03597 -1.20454 -5.29913 1.83046 6.76517 4.25765 -14.5862 5.19041 -2.43796 -4.38605 5.49949 4.33064 0.624337 -14.8928 5.02882 -0.42574 -1.31299 2.95328 1.70839 0.326416 -14.3443 2.32465 2.39885 1.58166 -0.715723 0.505521 1.38414 -14.0928 -0.0871403 2.72789 -0.527018 -4.99377 6.06833 6.29784 -10.5184 0.473579 -5.48434 -2.57095
52.61 -4.29807 0.40184 0.911416 -13.9153 -0.93616 2.67595 -2.08558 -3.82651 3.94763 3.77946 -13.7399 0.694825 -0.849903 -4.87937 1.0222 6.84088 4.56669 -14.4526 4.96549 -2.65087 -4.69596 5.54942 4.69765 0.932941 -14.8889 5.14295 -0.824517 -1.67426 3.45543 2.09481 0.196953 -14.403 2.8708 2.21869 1.46079 -0.27074 0.295182 1.30451 -14.1917 0.0626397 3.03008 -0.171629 -5.23686 5.76964 6.17638 -10.4633 0.248114 -5.21922 -2.22111
52.66 -3.87977 0.111384 0.729667 -14.0175 -1.01311 2.85514 -1.91902 -3.78337 3.54595 3.38804 -13.6826 0.406245 -0.481834 -4.4682 0.113174 6.78367 4.82126 -14.3022 4.53977 -2.80595 -4.92746 5.50769 5.0537 1.31477 -14.8699 5.24066 -1.21139 -2.05895 3.87927 2.48231 0.0969034 -14.4523 3.33151 1.9703 1.26086 0.239262 0.163276 1.21114 -14.285 0.320927 3.29054 0.15456 -5.41621 5.48514 5.99918 -10.42 0.0542819 -4.96025 -1.87745
52.71 -3.49531 -0.136553 0.58246 -14.115 -1.07523 2.99874 -1.76602 -3.64924 3.12839 3.02094 -13.6556 0.161723 -0.106764 -4.07582 -0.862999 6.57989 5.00272 -14.1407 3.90926 -2.88226 -5.05267 5.35115 5.39487 1.74525 -14.836 5.32397 -1.5795 -2.47032 4.23844 2.86929 0.039013 -14.4929 3.71516 1.67124 1.00761 0.821196 0.123881 1.10049 -14.3717 0.706701 3.50195 0.440526 -5.52584 5.21433 5.77199 -10.3885 -0.112882 -4.70938 -1.5354
52.76 -3.14162 -0.340812 0.464053 -14.2068 -1.12216 3.11099 -1.6257 -3.45992 2.69696 2.69637 -13.6574 -0.0450592 0.270114 -3.70728 -1.77713 6.27592 5.09168 -13.9764 3.19287 -2.85114 -5.03654 5.06457 5.71825 2.19905 -14.7885 5.39403 -1.92301 -2.90348 4.54298 3.25707 0.0384249 -14.5259 4.0348 1.33677 0.720328 1.45764 0.17909 0.973296 -14.4511 1.21219 3.65313 0.670686 -5.55683 4.95667 5.50316 -10.3686 -0.257381 -4.46773 -1.19047
52.81 -2.81476 -0.502314 0.369327 -14.2925 -1.15314 3.19688 -1.49723 -3.24273 2.26184 2.4252 -13.6853 -0.21885 0.643068 -3.36452 -2.52923 5.92982 5.07815 -13.8184 2.52185 -2.69969 -4.86951 4.6477 6.0212 2.6564 -14.7289 5.45076 -2.23704 -3.34239 4.79713 3.64606 0.111566 -14.5526 4.30247 0.97718 0.409393 2.09926 0.310609 0.832242 -14.523 1.78622 3.72814 0.823613 -5.5006 4.71167 5.20156 -10.3594 -0.382466 -4.2358 -0.841506
52.86 -2.51041 -0.623169 0.293891 -14.3718 -1.16714 3.26156 -1.37984 -3.01534 1.8358 2.21049 -13.7354 -0.363226 1.00518 -3.04762 -3.10659 5.56932 4.96222 -13.6747 1.94616 -2.44721 -4.58727 4.11358 6.30036 3.10252 -14.6582 5.49183 -2.51733 -3.76854 4.99936 4.03377 0.272588 -14.5731 4.52788 0.599019 0.0790805 2.69381 0.489506 0.680386 -14.588 2.35735 3.71208 0.880244 -5.35148 4.47887 4.87475 -10.3603 -0.490758 -4.01375 -0.492303
52.91 -2.2242 -0.705978 0.23407 -14.4449 -1.16282 3.30976 -1.27282 -2.78892 1.42975 2.04823 -13.8029 -0.480894 1.34856 -2.75548 -3.52896 5.20174 4.75035 -13.5514 1.46377 -2.12771 -4.24285 3.48607 6.5501 3.52562 -14.5763 5.51059 -2.76019 -4.16739 5.14432 4.41568 0.527473 -14.5864 4.71861 0.207279 -0.269021 3.21676 0.693363 0.520575 -14.647 2.87477 3.60243 0.838959 -5.10623 4.25791 4.52934 -10.37 -0.584306 -3.80152 -0.14957
52.96 -1.95172 -0.753374 0.186852 -14.512 -1.1385 3.34547 -1.17554 -2.56988 1.05203 1.93011 -13.8824 -0.573942 1.66532 -2.48635 -3.81181 4.8278 4.45541 -13.453 1.05922 -1.77002 -3.87845 2.79281 6.76021 3.91698 -14.4818 5.49208 -2.96251 -4.52841 5.2247 4.78718 0.868811 -14.5904 4.88055 -0.192791 -0.633618 3.66905 0.911271 0.355622 -14.7016 3.32029 3.41241 0.71868 -4.76343 4.0486 4.17254 -10.3876 -0.664536 -3.59885 0.180304
53.01 -1.68852 -0.767656 0.149801 -14.5731 -1.09209 3.37181 -1.08747 -2.36077 0.709339 1.8466 -13.9692 -0.644009 1.94895 -2.23807 -3.96074 4.44694 4.09825 -13.3823 0.717731 -1.39279 -3.51986 2.05026 6.91239 4.27052 -14.3722 5.40681 -3.12196 -4.84299 5.23072 5.14473 1.27503 -14.5833 5.0183 -0.594955 -1.01308 4.06172 1.14017 0.188762 -14.7542 3.69613 3.16269 0.546044 -4.3258 3.85106 3.81268 -10.4121 -0.732055 -3.40543 0.492855
53.06 -1.42994 -0.750505 0.120976 -14.6288 -1.02094 3.39106 -1.00821 -2.16145 0.407341 1.78887 -14.0588 -0.692361 2.19542 -2.00825 -3.98038 4.05799 3.70683 -13.3407 0.427845 -1.00654 -3.18056 1.24959 6.97611 4.58056 -14.2451 5.20387 -3.2363 -5.10195 5.14827 5.48589 1.71533 -14.5649 5.13537 -0.992377 -1.40672 4.40648 1.38062 0.0240131 -14.8079 4.0118 2.87262 0.342812 -3.8035 3.66606 3.45791 -10.4424 -0.786151 -3.22087 0.785636
53.11 -1.17087 -0.702746 0.0988609 -14.6792 -0.92163 3.40472 -0.937522 -1.97003 0.150507 1.74962 -14.1483 -0.719896 2.40364 -1.79433 -3.88677 3.65823 3.31109 -13.3287 0.181052 -0.616632 -2.86644 0.361187 6.90993 4.83778 -14.1009 4.81541 -3.30109 -5.29258 4.95995 5.80907 2.1581 -14.5363 5.23422 -1.37859 -1.81668 4.71267 1.63406 -0.133683 -14.8658 4.27744 2.55654 0.121456 -3.21434 3.49559 3.11491 -10.4776 -0.823789 -3.0448 1.05768
53.16 -0.905494 -0.624127 0.0823032 -14.7246 -0.789641 3.41369 -0.875376 -1.78359 -0.058612 1.72321 -14.2353 -0.727083 2.57508 -1.59363 -3.7108 3.24379 2.93678 -13.3457 -0.0289265 -0.226021 -2.579 -0.608651 6.68809 5.02454 -13.9445 4.21119 -3.30395 -5.39289 4.65242 6.11298 2.57924 -14.4991 5.31605 -1.74826 -2.24716 4.98697 1.90145 -0.278466 -14.9302 4.50179 2.22377 -0.113763 -2.57866 3.34398 2.78854 -10.5169 -0.837718 -2.87689 1.30893
53.21 -0.626816 -0.513072 0.0704828 -14.7654 -0.618963 3.41824 -0.822107 -1.59842 -0.219768 1.70542 -14.3184 -0.71385 2.71309 -1.40333 -3.48747 2.81478 2.60273 -13.3904 -0.206771 0.162426 -2.31728 -1.54981 6.34407 5.11609 -13.7845 3.48269 -3.22073 -5.36878 4.22841 6.3961 2.96756 -14.4545 5.38026 -2.09742 -2.69675 5.23395 2.18296 -0.403568 -15.0006 4.6919 1.87969 -0.363505 -1.91053 3.21982 2.48262 -10.5593 -0.813254 -2.71695 1.53967
53.26 -0.32629 -0.36642 0.0629055 -14.8018 -0.401673 3.41799 -0.778622 -1.41009 -0.33444 1.69313 -14.3966 -0.679395 2.82209 -1.22038 -3.24249 2.37979 2.321 -13.4603 -0.355986 0.544214 -2.07895 -2.34096 5.94196 5.09145 -13.6308 2.7745 -3.03132 -5.19742 3.7097 6.65578 3.32468 -14.4027 5.42331 -2.42321 -3.15202 5.45644 2.47854 -0.501154 -15.0742 4.85342 1.527 -0.62963 -1.20839 3.13898 2.20139 -10.6037 -0.723195 -2.56515 1.75008
53.31 0.0063246 -0.179264 0.0594444 -14.8339 -0.127824 3.41168 -0.746832 -1.2132 -0.404672 1.68394 -14.4695 -0.621895 2.90688 -1.04146 -2.98985 1.95193 2.09629 -13.5515 -0.479115 0.912626 -1.86092 -2.94697 5.52093 4.94191 -13.4924 2.15942 -2.74466 -4.89987 3.12261 6.88703 3.65771 -14.3429 5.43673 -2.72338 -3.59404 5.65575 2.78912 -0.561878 -15.1463 4.99093 1.16694 -0.912939 -0.447047 3.12886 1.9519 -10.6487 -0.520885 -2.4224 1.93946
53.36 0.381929 0.0546866 0.0604603 -14.8618 0.213448 3.39667 -0.730482 -1.00098 -0.432057 1.67587 -14.5369 -0.538055 2.97199 -0.862938 -2.73689 1.54356 1.92593 -13.659 -0.57786 1.25929 -1.65962 -3.37755 5.09547 4.67348 -13.3759 1.64437 -2.39187 -4.52715 2.48353 7.08038 3.97112 -14.2727 5.40354 -2.9956 -4.0059 5.83124 3.11805 -0.573919 -15.2113 5.1082 0.800744 -1.2131 0.42124 3.23048 1.74822 -10.6921 -0.138517 -2.2916 2.10459
53.41 0.808164 0.341306 0.0670492 -14.8854 0.629738 3.36787 -0.736628 -0.764958 -0.417003 1.66694 -14.5989 -0.422429 3.0212 -0.681164 -2.48743 1.16501 1.80212 -13.7771 -0.653201 1.57577 -1.47111 -3.64245 4.66936 4.3083 -13.286 1.2145 -2.00348 -4.12627 1.79205 7.2187 4.26438 -14.1881 5.29276 -3.23659 -4.3736 5.97924 3.47125 -0.52137 -15.2635 5.20839 0.431188 -1.52978 1.41923 3.47877 1.61744 -10.7299 0.472468 -2.18097 2.23543
53.46 1.28149 0.682062 0.0814764 -14.9046 1.11667 3.31633 -0.777727 -0.494719 -0.35801 1.65462 -14.6554 -0.266539 3.0572 -0.493283 -2.24231 0.825155 1.71508 -13.9005 -0.705463 1.8555 -1.29106 -3.74539 4.24181 3.88247 -13.2245 0.853773 -1.6 -3.72763 1.02786 7.27377 4.53283 -14.0843 5.05411 -3.44053 -4.68322 6.09065 3.85217 -0.383327 -15.2978 5.29416 0.064252 -1.86419 2.44757 3.8513 1.59813 -10.7567 1.24335 -2.11011 2.30764
53.51 1.78008 1.06974 0.107799 -14.9188 1.64925 3.2285 -0.872574 -0.178449 -0.251004 1.63539 -14.7068 -0.0580653 3.0813 -0.298943 -1.9995 0.531752 1.65527 -14.0242 -0.734282 2.09517 -1.11477 -3.69861 3.80916 3.43773 -13.1917 0.549608 -1.19287 -3.34737 0.162965 7.20984 4.76769 -13.9589 4.62764 -3.59591 -4.91661 6.14828 4.25449 -0.138235 -15.3102 5.36777 -0.290569 -2.22026 3.34417 4.2797 1.71902 -10.7672 2.01892 -2.11013 2.28417
53.56 2.26847 1.48933 0.152579 -14.9273 2.18579 3.0894 -1.04164 0.195596 -0.0891904 1.60456 -14.7531 0.218825 3.09303 -0.102267 -1.75432 0.290679 1.61437 -14.1447 -0.73839 2.29492 -0.937186 -3.53512 3.36703 3.01129 -13.187 0.29295 -0.787782 -2.99237 -0.779767 7.01298 4.95523 -13.8145 4.0043 -3.68045 -5.04561 6.12918 4.66403 0.225102 -15.2987 5.43109 -0.622144 -2.60255 4.0279 4.71665 1.97907 -10.7577 2.69996 -2.2044 2.14207
53.61 2.71339 1.92484 0.22559 -14.9286 2.68664 2.89052 -1.29546 0.635514 0.135369 1.55742 -14.7947 0.579641 3.08931 0.0868724 -1.49961 0.105242 1.58535 -14.2591 -0.715163 2.45754 -0.753179 -3.30046 2.91595 2.63035 -13.209 0.0774001 -0.387524 -2.66402 -1.68547 6.72375 5.08014 -13.6585 3.28848 -3.66202 -5.03438 6.01514 5.06509 0.697892 -15.2635 5.48561 -0.920653 -3.00842 4.48271 5.14338 2.34751 -10.7287 3.26384 -2.38915 1.8951
53.66 3.09404 2.36507 0.340525 -14.9209 3.12965 2.63534 -1.62651 1.13787 0.426944 1.49153 -14.8317 1.02917 3.06298 0.252303 -1.226 -0.0232535 1.562 -14.3654 -0.659866 2.58748 -0.558304 -3.03336 2.46434 2.31134 -13.256 -0.101553 0.00609672 -2.36038 -2.45299 6.39923 5.13288 -13.5006 2.60961 -3.52085 -4.86879 5.7972 5.44332 1.25021 -15.2074 5.53243 -1.17988 -3.42439 4.71169 5.55347 2.77542 -10.6853 3.72366 -2.64106 1.57835
53.71 3.39976 2.8037 0.515533 -14.9014 3.51005 2.33592 -2.01384 1.67877 0.779337 1.40845 -14.8644 1.54759 3.00158 0.371672 -0.922666 -0.0937513 1.53809 -14.4624 -0.564565 2.68979 -0.350345 -2.75708 2.02383 2.05972 -13.3256 -0.247044 0.390972 -2.07755 -3.06413 6.06892 5.11104 -13.3491 2.0237 -3.27026 -4.58019 5.46629 5.78641 1.83799 -15.1341 5.57209 -1.398 -3.8336 4.73325 5.94467 3.21181 -10.6371 4.09966 -2.93467 1.223
53.76 3.62209 3.23648 0.772723 -14.8666 3.83249 2.0058 -2.43361 2.21836 1.17473 1.31385 -14.8932 2.08971 2.88934 0.420508 -0.578162 -0.103555 1.50684 -14.5494 -0.416912 2.76908 -0.131078 -2.48215 1.60456 1.87134 -13.4149 -0.361115 0.763794 -1.8104 -3.53969 5.73958 5.01574 -13.2108 1.53204 -2.94326 -4.22161 5.01089 6.08498 2.4159 -15.0478 5.60422 -1.57696 -4.22274 4.59116 6.31604 3.6173 -10.597 4.40879 -3.25034 0.847002
53.81 3.74739 3.65908 1.13506 -14.8124 4.10429 1.65557 -2.86578 2.72123 1.5923 1.21642 -14.9192 2.60689 2.71503 0.383085 -0.180514 -0.0470297 1.46138 -14.6266 -0.199379 2.82867 0.0933183 -2.21065 1.21423 1.73609 -13.5195 -0.444804 1.11967 -1.55308 -3.90112 5.40849 4.84909 -13.0907 1.11975 -2.57135 -3.83728 4.43206 6.33332 2.95024 -14.9513 5.62659 -1.72105 -4.58305 4.34786 6.66703 3.96952 -10.5764 4.66312 -3.57467 0.457336
53.86 3.74959 4.06675 1.61959 -14.735 4.332 1.29229 -3.29583 3.16973 2.01718 1.12698 -14.945 3.06912 2.47946 0.261093 0.282159 0.0843682 1.39671 -14.6942 0.10936 2.8697 0.313256 -1.93876 0.858958 1.64179 -13.6345 -0.497985 1.45252 -1.29932 -4.15942 5.07092 4.61432 -12.9925 0.771701 -2.17702 -3.45446 3.7562 6.52837 3.42433 -14.8456 5.63313 -1.83543 -4.90887 4.06304 6.99716 4.26091 -10.5815 4.87087 -3.89892 0.0558126
53.91 3.57998 4.45426 2.22826 -14.6315 4.51934 0.920781 -3.71393 3.56043 2.44237 1.05824 -14.9765 3.46777 2.1938 0.0681019 0.815471 0.298734 1.31163 -14.7528 0.526608 2.88978 0.516056 -1.65849 0.544549 1.57652 -13.7544 -0.518886 1.75612 -1.0429 -4.31529 4.72371 4.3186 -12.9191 0.475832 -1.77431 -3.08691 3.02334 6.66652 3.83502 -14.7298 5.6103 -1.92505 -5.19574 3.77777 7.30603 4.49358 -10.6119 5.03778 -4.21747 -0.356094
53.96 3.16012 4.8143 2.94061 -14.5011 4.6635 0.545554 -4.1135 3.89469 2.86584 1.02524 -15.0236 3.80641 1.8719 -0.184453 1.40461 0.595186 1.20898 -14.8031 1.04768 2.88098 0.684275 -1.35936 0.277639 1.52925 -13.8746 -0.503246 2.0253 -0.778927 -4.36434 4.36598 3.9762 -12.8725 0.223005 -1.37107 -2.73967 2.26057 6.7388 4.1851 -14.6021 5.53145 -1.99368 -5.43892 3.5117 7.59345 4.6747 -10.6637 5.16821 -4.52676 -0.77585
54.01 2.40822 5.13099 3.71396 -14.3462 4.7435 0.173031 -4.48935 4.17149 3.28659 1.0454 -15.0957 4.09263 1.52501 -0.496305 2.00736 0.956439 1.09465 -14.8457 1.63091 2.82859 0.794413 -1.0303 0.066486 1.48943 -13.9913 -0.443155 2.25685 -0.50626 -4.30611 3.99769 3.60844 -12.8537 0.00630653 -0.971011 -2.4125 1.46441 6.72577 4.47596 -14.4608 5.35049 -2.04299 -5.63222 3.26697 7.85936 4.8135 -10.7313 5.26573 -4.82455 -1.20146
54.06 1.28732 5.35979 4.48805 -14.1726 4.68388 -0.185716 -4.83423 4.38188 3.70204 1.13691 -15.189 4.33414 1.1606 -0.876884 2.57515 1.35519 0.976362 -14.8811 2.21316 2.7155 0.822824 -0.660645 -0.0788298 1.44646 -14.1019 -0.325851 2.44962 -0.228968 -4.15245 3.61763 3.23935 -12.8628 -0.179485 -0.575478 -2.10218 0.604542 6.59624 4.70108 -14.3072 5.00256 -2.07058 -5.76634 3.03251 8.10364 4.91967 -10.8095 5.33294 -5.10948 -1.63383
54.11 -0.232787 5.39984 5.17359 -13.991 4.30721 -0.508623 -5.1291 4.5028 4.10795 1.31466 -15.2834 4.53757 0.783493 -1.34032 3.08028 1.76854 0.862981 -14.9099 2.74471 2.53293 0.759481 -0.238911 -0.146659 1.3907 -14.2049 -0.132944 2.60399 0.0448437 -3.92727 3.22299 2.88998 -12.8988 -0.338274 -0.185362 -1.80376 -0.330543 6.32482 4.83957 -14.147 4.44189 -2.06571 -5.8243 2.7878 8.32549 5.0032 -10.8933 5.37069 -5.3807 -2.07692
54.16 -2.01636 5.21113 5.64542 -13.8168 3.57041 -0.750388 -5.32388 4.499 4.4997 1.58636 -15.3558 4.70817 0.397774 -1.89985 3.51787 2.18415 0.764659 -14.9329 3.2049 2.28661 0.613607 0.24749 -0.12456 1.31581 -14.2993 0.158264 2.72055 0.30504 -3.6557 2.81331 2.57551 -12.9602 -0.472873 0.196901 -1.5113 -1.25531 5.93435 4.85712 -13.9896 3.72699 -2.00411 -5.77568 2.51014 8.52252 5.07545 -10.9775 5.37661 -5.63761 -2.53134
54.21 -3.63245 4.93722 5.83879 -13.6626 2.78897 -0.860141 -5.36025 4.35321 4.87314 1.95053 -15.3927 4.84972 0.00844775 -2.53878 3.89364 2.59801 0.693551 -14.9518 3.5941 1.99106 0.404201 0.805354 -0.00262179 1.22013 -14.3848 0.56649 2.79804 0.539451 -3.35247 2.39635 2.30519 -13.0438 -0.585062 0.565975 -1.21835 -2.03338 5.48899 4.72668 -13.8458 3.0003 -1.85691 -5.58968 2.18357 8.68976 5.15006 -11.0559 5.34378 -5.87957 -2.98587
54.26 -4.92165 4.65898 5.78834 -13.5334 2.12769 -0.83221 -5.2412 4.06599 5.22457 2.39163 -15.391 4.96422 -0.377637 -3.21308 4.21399 3.01019 0.664645 -14.9689 3.92123 1.66087 0.149288 1.41936 0.217816 1.10597 -14.4614 1.08652 2.83057 0.731405 -3.02117 1.98666 2.08166 -13.1453 -0.675376 0.914098 -0.919539 -2.59697 5.03551 4.4518 -13.7244 2.35622 -1.6176 -5.27082 1.79705 8.81869 5.23991 -11.1212 5.2592 -6.10555 -3.42029
54.31 -5.91385 4.38457 5.55417 -13.4307 1.58864 -0.697094 -5.01693 3.63442 5.54969 2.8788 -15.3533 5.0505 -0.751904 -3.88297 4.4813 3.42076 0.695612 -14.9875 4.19649 1.30653 -0.13948 2.04415 0.516486 0.977921 -14.5293 1.67272 2.80579 0.858104 -2.66231 1.60022 1.89968 -13.2597 -0.74267 1.23314 -0.613142 -2.93847 4.59135 4.06824 -13.6306 1.81518 -1.30713 -4.86161 1.33555 8.89546 5.35161 -11.1653 5.10153 -6.31355 -3.81321
54.36 -6.65181 4.10732 5.18963 -13.3551 1.14565 -0.487283 -4.73667 3.06087 5.84128 3.37532 -15.2838 5.1009 -1.10485 -4.52013 4.69233 3.82748 0.80415 -15.0084 4.42884 0.934567 -0.457084 2.62887 0.862003 0.841475 -14.5887 2.25736 2.70919 0.897286 -2.27827 1.25206 1.74728 -13.3816 -0.78358 1.5169 -0.302542 -3.07341 4.15883 3.62896 -13.5666 1.36612 -0.95251 -4.40973 0.775123 8.89899 5.48425 -11.1804 4.83861 -6.4994 -4.14444
54.41 -7.15608 3.81949 4.73846 -13.3069 0.776176 -0.22573 -4.43326 2.36387 6.08522 3.84924 -15.1851 5.09464 -1.42687 -5.10407 4.83875 4.22618 1.00227 -15.0283 4.62549 0.549278 -0.802142 3.14687 1.22789 0.702349 -14.6402 2.78916 2.53523 0.842249 -1.87165 0.955491 1.60982 -13.5062 -0.791846 1.76245 0.00556166 -3.03815 3.73377 3.18515 -13.5324 0.993418 -0.572945 -3.94849 0.0888773 8.8028 5.63203 -11.1631 4.43328 -6.65415 -4.39307
54.46 -7.42717 3.51511 4.23759 -13.2865 0.464008 0.0727165 -4.12602 1.56338 6.25445 4.27624 -15.0582 4.98757 -1.70836 -5.61704 4.90803 4.61251 1.28992 -15.0403 4.79217 0.154726 -1.17415 3.59621 1.59863 0.566593 -14.6845 3.24808 2.29284 0.707571 -1.44172 0.721692 1.47488 -13.6297 -0.75733 1.97004 0.304201 -2.88776 3.30978 2.7739 -13.527 0.684429 -0.178887 -3.49619 -0.719037 8.59154 5.78692 -11.1163 3.87725 -6.75998 -4.53372
54.51 -7.46284 3.18942 3.7188 -13.2937 0.197565 0.397787 -3.82576 0.656015 6.30514 4.63477 -14.9038 4.70682 -1.93824 -6.03891 4.88236 4.98295 1.65212 -15.0374 4.93334 -0.243879 -1.57358 3.98593 1.9672 0.441121 -14.7229 3.63544 1.99879 0.517568 -0.98248 0.560257 1.33494 -13.7495 -0.664561 2.1421 0.587769 -2.67562 2.88298 2.41635 -13.5486 0.430053 0.224559 -3.06067 -1.57283 8.28648 5.93993 -11.0472 3.23608 -6.79077 -4.53866
54.56 -7.28178 2.83767 3.2077 -13.3274 -0.0316593 0.740649 -3.53833 -0.356941 6.19543 4.89864 -14.7262 4.19074 -2.0993 -6.34103 4.73834 5.3349 2.06277 -15.0157 5.05222 -0.639843 -2.0028 4.32644 2.33172 0.334334 -14.7573 3.96076 1.66882 0.292551 -0.48201 0.481437 1.18714 -13.8635 -0.491105 2.28194 0.851966 -2.43465 2.45599 2.12172 -13.595 0.223925 0.634164 -2.64317 -2.37106 7.93381 6.08219 -10.9643 2.6112 -6.72879 -4.39901
54.61 -6.93263 2.45841 2.72297 -13.3852 -0.230094 1.09152 -3.26671 -1.3723 5.94133 5.0384 -14.5354 3.49945 -2.16351 -6.48293 4.45621 5.66625 2.49397 -14.9746 5.15046 -1.02562 -2.46052 4.62589 2.69341 0.256622 -14.7896 4.23453 1.31392 0.0434902 0.0762628 0.498056 1.03166 -13.9706 -0.207734 2.39231 1.09269 -2.1767 2.03665 1.8906 -13.6628 0.0620024 1.04605 -2.24071 -3.06252 7.56883 6.20523 -10.8748 2.06047 -6.58181 -4.14255
54.66 -6.47802 2.05967 2.27788 -13.463 -0.402684 1.43891 -3.0122 -2.23739 5.61149 5.03862 -14.3446 2.79318 -2.10562 -6.43488 4.03552 5.97457 2.92502 -14.9152 5.22745 -1.39378 -2.93266 4.88929 3.05546 0.220698 -14.8209 4.4659 0.940698 -0.226215 0.70474 0.622771 0.870426 -14.0699 0.213003 2.47355 1.30391 -1.90097 1.63428 1.71687 -13.7473 -0.0573233 1.45445 -1.84776 -3.64363 7.20857 6.3005 -10.7844 1.59336 -6.37448 -3.81545
54.71 -5.97376 1.65605 1.88146 -13.5553 -0.553232 1.7709 -2.77509 -2.89682 5.25355 4.90599 -14.1658 2.16948 -1.93065 -6.21529 3.49574 6.2559 3.34335 -14.8393 5.27861 -1.73761 -3.39713 5.11807 3.4214 0.241591 -14.8501 4.66225 0.553345 -0.516543 1.3893 0.856069 0.706592 -14.1607 0.770961 2.52065 1.47407 -1.60071 1.25787 1.58963 -13.8431 -0.13266 1.8519 -1.45868 -4.1284 6.85985 6.35912 -10.6976 1.20001 -6.1314 -3.45675
54.76 -5.46027 1.26167 1.53791 -13.6568 -0.684601 2.07705 -2.55511 -3.3646 4.88404 4.66117 -14.0079 1.64494 -1.66958 -5.87974 2.86429 6.50262 3.73996 -14.7476 5.29208 -2.05109 -3.83407 5.30923 3.79246 0.335413 -14.8745 4.82949 0.155708 -0.8278 2.07562 1.17414 0.544626 -14.2426 1.4132 2.5203 1.58262 -1.26788 0.916364 1.49499 -13.9448 -0.158682 2.23035 -1.0717 -4.53215 6.52519 6.37243 -10.6174 0.867621 -5.8704 -3.09052
54.81 -4.9628 0.88777 1.24685 -13.7626 -0.798853 2.34965 -2.35165 -3.66291 4.50674 4.33268 -13.8767 1.20676 -1.35484 -5.48342 2.16254 6.69992 4.10676 -14.6396 5.24301 -2.32835 -4.22834 5.45393 4.16588 0.515439 -14.8899 4.97232 -0.247215 -1.15958 2.70281 1.53953 0.390395 -14.3152 2.0568 2.4535 1.60422 -0.895399 0.619642 1.41727 -14.0478 -0.125075 2.58224 -0.691257 -4.86624 6.20531 6.33323 -10.5465 0.585131 -5.60294 -2.72863
54.86 -4.49459 0.543212 1.00455 -13.8688 -0.897348 2.58441 -2.16393 -3.8074 4.12143 3.95411 -13.7751 0.83886 -1.00916 -5.06512 1.39148 6.82134 4.43564 -14.514 5.08624 -2.56286 -4.56716 5.53722 4.53614 0.786005 -14.8925 5.09456 -0.648894 -1.51157 3.24344 1.92319 0.251342 -14.3782 2.63945 2.30786 1.52559 -0.47512 0.379645 1.34107 -14.1485 -0.0156445 2.901 -0.326041 -5.13684 5.90018 6.23726 -10.4862 0.343755 -5.33607 -2.37512
54.91 -4.06077 0.23497 0.80556 -13.9727 -0.98084 2.78036 -1.99108 -3.8159 3.72568 3.5598 -13.7042 0.528202 -0.646074 -4.64848 0.528677 6.82759 4.71627 -14.3706 4.75616 -2.74545 -4.83604 5.53902 4.8976 1.13803 -14.8802 5.19926 -1.04194 -1.88537 3.70027 2.31074 0.136837 -14.4316 3.13764 2.08765 1.35747 0.00455388 0.211003 1.25455 -14.2444 0.191597 3.18072 0.014306 -5.34491 5.60945 6.08427 -10.4377 0.136588 -5.07406 -2.02919
54.96 -3.66161 -0.0320966 0.643789 -14.0725 -1.04956 2.93927 -1.83218 -3.71748 3.3154 3.17922 -13.6639 0.265055 -0.273447 -4.24691 -0.429301 6.68646 4.93272 -14.2131 4.20853 -2.86001 -5.01265 5.43595 5.24577 1.55026 -14.8527 5.28875 -1.41914 -2.28481 4.08654 2.69786 0.0585378 -14.4759 3.55389 1.80888 1.12492 0.55484 0.12935 1.15166 -14.3342 0.519632 3.41495 0.319659 -5.48642 5.33264 5.8783 -10.401 -0.0418443 -4.81943 -1.68706
55.01 -3.29475 -0.255695 0.513297 -14.1669 -1.10328 3.06482 -1.68635 -3.54859 2.88928 2.83403 -13.6532 0.0422224 0.10328 -3.86742 -1.38857 6.41862 5.0646 -14.0489 3.51076 -2.87975 -5.06282 5.20793 5.57735 1.99656 -14.8111 5.3646 -1.77421 -2.70976 4.4144 3.0851 0.030566 -14.5121 3.90028 1.48854 0.850943 1.17157 0.143675 1.03153 -14.4168 0.975814 3.59452 0.576883 -5.55341 5.06922 5.6268 -10.376 -0.195942 -4.5736 -1.34382
55.06 -2.95652 -0.435928 0.408666 -14.2553 -1.14144 3.16175 -1.55273 -3.34106 2.45421 2.53835 -13.6699 -0.145681 0.478751 -3.51314 -2.21831 6.08587 5.09696 -13.8871 2.80851 -2.78104 -4.9607 4.84789 5.8897 2.45439 -14.7567 5.42735 -2.10185 -3.14849 4.69074 3.47368 0.069047 -14.5415 4.18963 1.13909 0.549682 1.81818 0.244778 0.896238 -14.4921 1.52813 3.70542 0.766856 -5.53671 4.81868 5.33869 -10.3622 -0.329268 -4.33732 -0.996457
55.11 -2.64274 -0.574485 0.32518 -14.3375 -1.16311 3.23521 -1.43053 -3.11649 2.02265 2.29876 -13.7107 -0.302708 0.846596 -3.18486 -2.87124 5.73006 5.02592 -13.7362 2.18895 -2.56937 -4.72306 4.36334 6.17992 2.9071 -14.6908 5.47586 -2.39758 -3.58238 4.91646 3.86244 0.189767 -14.5648 4.43271 0.768502 0.227668 2.43856 0.406125 0.748802 -14.5601 2.10875 3.73099 0.867684 -5.42925 4.58052 5.02221 -10.3587 -0.444713 -4.1109 -0.646621
55.16 -2.34903 -0.673816 0.258851 -14.4133 -1.16709 3.29016 -1.31899 -2.88859 1.60658 2.11411 -13.7712 -0.431918 1.19928 -2.88194 -3.35972 5.36534 4.85539 -13.6032 1.66689 -2.27544 -4.39999 3.77374 6.44361 3.34167 -14.614 5.50574 -2.65744 -3.99481 5.0876 4.24752 0.403108 -14.5815 4.63798 0.382177 -0.112693 2.99427 0.600912 0.592176 -14.6215 2.65401 3.66201 0.86848 -5.22688 4.35435 4.68422 -10.3647 -0.544577 -3.89434 -0.300155
55.21 -2.07102 -0.736589 0.206383 -14.483 -1.15186 3.33097 -1.21747 -2.66576 1.2154 1.9776 -13.846 -0.535646 1.52875 -2.60286 -3.7032 4.99427 4.59518 -13.4933 1.22984 -1.93177 -4.04035 3.10652 6.67296 3.74796 -14.5254 5.50634 -2.87805 -4.37371 5.19761 4.62415 0.708023 -14.5899 4.81204 -0.0149119 -0.470173 3.47679 0.813326 0.429137 -14.6778 3.13194 3.50523 0.779994 -4.92729 4.13989 4.33149 -10.3789 -0.630576 -3.68747 0.0360952
55.26 -1.80427 -0.765289 0.165095 -14.5467 -1.11552 3.36113 -1.12538 -2.45214 0.856441 1.87992 -13.9302 -0.615716 1.82772 -2.34563 -3.91113 4.61656 4.26247 -13.41 0.862036 -1.56149 -3.67692 2.38517 6.85375 4.1189 -14.4228 5.45552 -3.05674 -4.70991 5.23802 4.98824 1.08892 -14.5878 4.96001 -0.416976 -0.84324 3.89433 1.03742 0.262679 -14.731 3.53768 3.27934 0.627385 -4.53092 3.93709 3.97193 -10.4005 -0.703719 -3.49 0.356732
55.31 -1.54423 -0.761905 0.132837 -14.6048 -1.05571 3.38329 -1.04226 -2.24863 0.535782 1.81177 -14.019 -0.673555 2.09096 -2.10794 -3.98699 4.23141 3.8825 -13.3555 0.5505 -1.17833 -3.32798 1.61319 6.96132 4.44904 -14.3036 5.31251 -3.1914 -4.99478 5.1968 5.3369 1.51819 -14.5744 5.08588 -0.817342 -1.23054 4.259 1.27258 0.0964405 -14.7837 3.87871 3.00506 0.4356 -4.04432 3.74638 3.61396 -10.4283 -0.763967 -3.30156 0.658464
55.36 -1.28605 -0.727668 0.107912 -14.6575 -0.969357 3.39929 -0.967789 -2.05402 0.258494 1.76512 -14.1089 -0.710226 2.31608 -1.8873 -3.94051 3.83691 3.48513 -13.3304 0.285508 -0.789592 -3.00232 0.767176 6.95789 4.73125 -14.1667 5.01441 -3.27902 -5.21767 5.05752 5.66821 1.96345 -14.5502 5.19257 -1.20926 -1.63278 4.5813 1.5201 -0.0650494 -14.8394 4.16534 2.69907 0.221321 -3.48225 3.56911 3.26505 -10.4615 -0.809483 -3.12178 0.939745
55.41 -1.02425 -0.66283 0.0890123 -14.7051 -0.852488 3.41027 -0.90184 -1.86579 0.0280717 1.73363 -14.1972 -0.7264 2.50349 -1.68109 -3.79658 3.42937 3.09858 -13.3347 0.0598811 -0.398985 -2.70306 -0.173757 6.80498 4.95202 -14.0148 4.50272 -3.31164 -5.36159 4.80369 5.98081 2.3964 -14.5166 5.28189 -1.58682 -2.05376 4.86906 1.78125 -0.216333 -14.9008 4.40701 2.37282 -0.00787816 -2.86484 3.40839 2.93081 -10.4991 -0.835191 -2.95028 1.20018
55.46 -0.752416 -0.566433 0.0751741 -14.7479 -0.699804 3.41678 -0.844569 -1.68056 -0.154227 1.71246 -14.2821 -0.722263 2.65581 -1.48654 -3.5903 3.00626 2.74482 -13.3673 -0.131704 -0.00914825 -2.43017 -1.14598 6.50721 5.08885 -13.8552 3.81063 -3.26997 -5.39705 4.42954 6.27338 2.79972 -14.4751 5.35413 -1.94548 -2.49584 5.12769 2.05652 -0.35105 -14.9688 4.61152 2.03329 -0.25095 -2.21014 3.27064 2.61538 -10.5402 -0.830205 -2.78682 1.43996
55.51 -0.462736 -0.436052 0.0657562 -14.7862 -0.504275 3.41874 -0.796587 -1.49423 -0.289245 1.69806 -14.3626 -0.697365 2.77708 -1.30073 -3.35257 2.57241 2.43886 -13.4264 -0.293234 0.376286 -2.18183 -2.01306 6.12398 5.11757 -13.6975 3.07897 -3.12854 -5.29126 3.94937 6.54388 3.16988 -14.4265 5.40724 -2.28193 -2.95085 5.36078 2.34585 -0.461874 -15.0415 4.78508 1.6842 -0.509632 -1.52462 3.16801 2.32258 -10.5838 -0.773635 -2.63136 1.65939
55.56 -0.14569 -0.267552 0.0604601 -14.8202 -0.256818 3.41535 -0.759288 -1.30187 -0.378921 1.68776 -14.4379 -0.650381 2.872 -1.12045 -3.10214 2.13975 2.18882 -13.5087 -0.427661 0.751585 -1.95522 -2.70103 5.70848 5.02354 -13.5513 2.41906 -2.88186 -5.04421 3.38974 6.78856 3.51275 -14.3705 5.43527 -2.59371 -3.40103 5.5703 2.64955 -0.540209 -15.1149 4.93272 1.32729 -0.785321 -0.79434 3.12226 2.05784 -10.6288 -0.628326 -2.4844 1.85827
55.61 0.209595 -0.0551471 0.0594088 -14.8499 0.0533056 3.40465 -0.735468 -1.09738 -0.42515 1.67943 -14.5078 -0.578735 2.94531 -0.94221 -2.84867 1.72136 1.99511 -13.6097 -0.537047 1.10897 -1.74698 -3.20761 5.28411 4.80602 -13.4245 1.86099 -2.55416 -4.69817 2.77264 7.00028 3.83463 -14.3053 5.42558 -2.87863 -3.82811 5.75658 2.96973 -0.575494 -15.1837 5.05853 0.963605 -1.07809 0.0201857 3.16875 1.83143 -10.6733 -0.334751 -2.34773 2.03483
55.66 0.612954 0.207582 0.0633313 -14.8755 0.435945 3.3828 -0.730482 -0.873077 -0.428951 1.67115 -14.5721 -0.478034 3.00116 -0.762307 -2.59739 1.32843 1.85183 -13.7239 -0.622678 1.43978 -1.55331 -3.54529 4.85818 4.47995 -13.3224 1.39551 -2.17837 -4.305 2.10568 7.16574 4.13717 -14.2277 5.35415 -3.13397 -4.21701 5.91749 3.3114 -0.553853 -15.2423 5.16593 0.595017 -1.38743 0.963995 3.35029 1.66401 -10.7141 0.174385 -2.22658 2.18284
55.71 1.06695 0.524664 0.0739081 -14.8967 0.893324 3.34274 -0.754136 -0.61939 -0.38976 1.66069 -14.631 -0.34126 3.04276 -0.577371 -2.35043 0.970404 1.74973 -13.8455 -0.685165 1.73641 -1.37007 -3.7194 4.43157 4.07592 -13.2481 1.00594 -1.7797 -3.90265 1.37738 7.26193 4.41742 -14.1329 5.17959 -3.35531 -4.55423 6.04671 3.68015 -0.456502 -15.2851 5.25779 0.225939 -1.71368 1.99963 3.67524 1.59053 -10.7466 0.892119 -2.13474 2.28516
55.76 1.55821 0.893062 0.0943167 -14.9132 1.41015 3.27289 -0.822538 -0.325014 -0.304709 1.64504 -14.6846 -0.157858 3.07207 -0.38569 -2.10702 0.655565 1.67897 -13.9696 -0.724464 1.99401 -1.19272 -3.73618 4.00177 3.6345 -13.2027 0.678023 -1.37321 -3.51295 0.559294 7.25482 4.66857 -14.0171 4.84267 -3.53419 -4.82413 6.13082 4.07444 -0.261118 -15.3076 5.33653 -0.13559 -2.05951 2.9707 4.08692 1.64747 -10.7649 1.68328 -2.09936 2.30861
55.81 2.05574 1.30061 0.129921 -14.9243 1.95046 3.15814 -0.956531 0.0220982 -0.168155 1.61997 -14.7332 0.0866375 3.08948 -0.189189 -1.86363 0.390744 1.63063 -14.092 -0.739748 2.21123 -1.01635 -3.61907 3.56422 3.19595 -13.1857 0.401247 -0.96676 -3.14633 -0.358407 7.11518 4.87902 -13.8804 4.30043 -3.65372 -5.00367 6.14852 4.48274 0.0496004 -15.3068 5.4042 -0.478819 -2.42986 3.75304 4.52367 1.84809 -10.7644 2.41267 -2.15059 2.2196
55.86 2.5233 1.7308 0.188986 -14.929 2.47106 2.98605 -1.17262 0.432333 0.0277084 1.58055 -14.7769 0.408719 3.0932 0.00490019 -1.61418 0.180413 1.59715 -14.2093 -0.729068 2.38982 -0.8358 -3.41037 3.1165 2.79219 -13.196 0.168141 -0.564118 -2.80625 -1.29729 6.85917 5.03334 -13.7284 3.60743 -3.68483 -5.05856 6.07808 4.88943 0.476423 -15.2819 5.46246 -0.792994 -2.82638 4.30951 4.95617 2.17382 -10.7438 3.02804 -2.29742 2.01533
55.91 2.93418 2.16996 0.28338 -14.9256 2.94116 2.75467 -1.47149 0.908632 0.2896 1.52303 -14.8159 0.819663 3.07811 0.183248 -1.35021 0.0265947 1.57203 -14.3194 -0.688739 2.53363 -0.64619 -3.15385 2.66372 2.44442 -13.2322 -0.0265653 -0.167339 -2.49206 -2.13276 6.54474 5.11871 -13.5702 2.90038 -3.59843 -4.96014 5.90703 5.27943 0.998351 -15.2346 5.51259 -1.07011 -3.23999 4.63744 5.37405 2.58194 -10.7058 3.53148 -2.5229 1.725
55.96 3.27407 2.60988 0.42925 -14.9117 3.34908 2.47311 -1.83688 1.43679 0.616665 1.44709 -14.8504 1.31192 3.03411 0.326094 -1.06143 -0.0697924 1.54917 -14.4206 -0.612393 2.64756 -0.444077 -2.87969 2.2169 2.16295 -13.2922 -0.186567 0.221731 -2.20058 -2.81164 6.21519 5.12988 -13.4149 2.271 -3.3928 -4.71985 5.62761 5.63944 1.57628 -15.1684 5.5554 -1.3064 -3.65413 4.74711 5.77377 3.02035 -10.6582 3.94224 -2.80087 1.38372
56.01 3.53456 3.04575 0.647138 -14.8841 3.69634 2.15506 -2.24506 1.98211 0.99567 1.35668 -14.8808 1.85001 2.94628 0.40894 -0.736604 -0.106984 1.52205 -14.5121 -0.489782 2.73654 -0.229304 -2.60348 1.78713 1.94755 -13.3732 -0.314369 0.600401 -1.92717 -3.34417 5.88543 5.0669 -13.2701 1.73908 -3.09534 -4.38587 5.22845 5.95866 2.16365 -15.0874 5.591 -1.50228 -4.05348 4.6705 6.15401 3.44331 -10.613 4.27922 -3.10877 1.01548
56.06 3.70514 3.47343 0.960241 -14.8391 3.98967 1.81267 -2.67386 2.50455 1.40573 1.25928 -14.9079 2.38334 2.80016 0.41061 -0.36402 -0.0807496 1.48366 -14.5936 -0.30569 2.80457 -0.00617253 -2.33064 1.38316 1.79021 -13.4716 -0.411456 0.964481 -1.66625 -3.75411 5.55569 4.93156 -13.1414 1.29364 -2.73999 -4.00859 4.7026 6.22973 2.72036 -14.9952 5.61815 -1.6612 -4.4274 4.46399 6.51409 3.82083 -10.5826 4.55662 -3.43058 0.631477
56.11 3.76625 3.88832 1.38929 -14.7724 4.23624 1.45449 -3.10631 2.97819 1.82866 1.16485 -14.9333 2.87209 2.59081 0.324811 0.0685332 0.016317 1.4279 -14.6654 -0.0400283 2.85387 0.217105 -2.05969 1.01165 1.67929 -13.5826 -0.478257 1.30832 -1.4117 -4.05747 5.22152 4.7264 -13.033 0.918807 -2.3534 -3.62272 4.06502 6.4487 3.22217 -14.8936 5.63282 -1.78809 -4.76908 4.19119 6.85352 4.13936 -10.5759 4.78418 -3.75571 0.23508
56.16 3.6807 4.28547 1.94405 -14.6807 4.44129 1.0861 -3.53067 3.39441 2.25417 1.08523 -14.9613 3.29895 2.32562 0.161419 0.57079 0.193256 1.35174 -14.7279 0.32791 2.88383 0.429308 -1.78432 0.678394 1.60257 -13.701 -0.513812 1.6256 -1.15719 -4.25914 4.87881 4.45639 -12.9484 0.601106 -1.95312 -3.24737 3.3527 6.61273 3.66077 -14.7825 5.62537 -1.88812 -5.07375 3.90248 7.17185 4.39737 -10.5955 4.96858 -4.07732 -0.172488
56.21 3.38284 4.65888 2.61454 -14.5621 4.60564 0.711894 -3.93912 3.75352 2.6785 1.03438 -15.0001 3.66334 2.01816 -0.0655312 1.13892 0.454452 1.2563 -14.7819 0.805846 2.88924 0.615403 -1.49492 0.389532 1.54865 -13.8216 -0.51509 1.91056 -0.896984 -4.35603 4.52575 4.1324 -12.8897 0.330182 -1.54946 -2.89092 2.6016 6.71586 4.0373 -14.6603 5.57573 -1.96569 -5.33693 3.62672 7.46878 4.60025 -10.6385 5.11468 -4.39105 -0.589104
56.26 2.78582 4.99785 3.36731 -14.4175 4.71884 0.337164 -4.32613 4.05628 3.10065 1.02872 -15.0605 3.97179 1.68121 -0.350382 1.74204 0.790113 1.14628 -14.8278 1.36885 2.85833 0.754449 -1.18045 0.152541 1.50684 -13.9403 -0.475951 2.15904 -0.627981 -4.34473 4.16218 3.77293 -12.8586 0.0982131 -1.14772 -2.55512 1.82279 6.74385 4.35457 -14.525 5.44711 -2.02355 -5.55323 3.37319 7.74421 4.75661 -10.6998 5.22639 -4.69415 -1.01223
56.31 1.83055 5.27438 4.14975 -14.2512 4.73654 -0.0295234 -4.68601 4.29794 3.5189 1.08648 -15.1461 4.23222 1.32384 -0.699002 2.33034 1.17562 1.02871 -14.8663 1.95918 2.77398 0.821434 -0.830101 -0.0232932 1.46655 -14.0538 -0.38592 2.369 -0.351923 -4.23095 3.78761 3.40155 -12.8553 -0.100717 -0.750093 -2.23786 0.99548 6.67021 4.61041 -14.3765 5.1816 -2.06146 -5.71505 3.13626 7.99812 4.87604 -10.7739 5.3068 -4.98491 -1.44124
56.36 0.491439 5.41299 4.88855 -14.0715 4.52616 -0.372244 -5.00694 4.4625 3.92961 1.22459 -15.2431 4.45178 0.951858 -1.12371 2.86495 1.58466 0.911988 -14.8979 2.51746 2.62233 0.798647 -0.432974 -0.126968 1.41748 -14.1603 -0.229129 2.54029 -0.0754075 -4.0341 3.39978 3.0412 -12.8796 -0.27106 -0.357414 -1.93485 0.0902588 6.46264 4.79094 -14.2182 4.716 -2.0731 -5.80964 2.899 8.23009 4.96831 -10.8558 5.35766 -5.26228 -1.87907
56.41 -1.22263 5.315 5.46987 -13.8921 3.92304 -0.657146 -5.25448 4.51794 4.32818 1.45426 -15.3276 4.63637 0.569424 -1.64015 3.33209 2.00016 0.805636 -14.9234 3.01014 2.40274 0.687268 0.0233117 -0.146213 1.35156 -14.2585 0.015662 2.67359 0.192167 -3.78047 2.99637 2.70978 -12.93 -0.416092 0.0288003 -1.64054 -0.856392 6.11808 4.86653 -14.0583 4.05379 -2.04044 -5.81275 2.63843 8.43855 5.044 -10.9405 5.37824 -5.5256 -2.32905
56.46 -2.95536 5.06107 5.7866 -13.728 3.12383 -0.829463 -5.36523 4.43529 4.71021 1.77839 -15.3811 4.79042 0.180969 -2.24861 3.73434 2.41493 0.720806 -14.9438 3.42996 2.12705 0.503538 0.549659 -0.0692669 1.26501 -14.348 0.370695 2.76876 0.439715 -3.4903 2.58111 2.41915 -13.0042 -0.538061 0.404565 -1.34858 -1.71316 5.68925 4.80333 -13.9072 3.31554 -1.93388 -5.68988 2.33498 8.6198 5.1158 -11.0223 5.36378 -5.77428 -2.7857
56.51 -4.39016 4.78159 5.83689 -13.5874 2.40424 -0.859955 -5.31028 4.21078 5.07185 2.18842 -15.3964 4.91681 -0.207522 -2.91284 4.07864 2.82776 0.671158 -14.9613 3.7833 1.81064 0.266908 1.14277 0.10887 1.15856 -14.4286 0.844351 2.82235 0.652946 -3.17139 2.16622 2.17506 -13.0984 -0.638095 0.763009 -1.05286 -2.375 5.23578 4.58971 -13.775 2.62883 -1.73405 -5.42625 1.97645 8.76704 5.19762 -11.0944 5.30419 -6.00751 -3.23172
56.56 -5.5078 4.506 5.67691 -13.4729 1.81401 -0.767898 -5.12576 3.8436 5.40927 2.65967 -15.3742 5.01604 -0.588163 -3.58881 4.3695 3.23916 0.673319 -14.979 4.08034 1.46599 -0.00782856 1.76964 0.376489 1.03602 -14.5003 1.40919 2.82483 0.811633 -2.82457 1.76755 1.97582 -13.2078 -0.715856 1.09586 -0.749705 -2.814 4.7866 4.24834 -13.6685 2.04257 -1.45161 -5.05074 1.55056 8.86905 5.29934 -11.1489 5.1822 -6.22382 -3.64558
56.61 -6.35438 4.23102 5.36421 -13.3852 1.33164 -0.587747 -4.86525 3.33162 5.71693 3.15645 -15.3183 5.08392 -0.951748 -4.24334 4.60622 3.64802 0.745515 -14.9989 4.33071 1.10122 -0.312959 2.3772 0.705106 0.902593 -14.5634 2.00257 2.76154 0.89168 -2.45129 1.40067 1.81208 -13.327 -0.769036 1.39582 -0.440262 -3.03734 4.34917 3.82692 -13.5912 1.55475 -1.11359 -4.61265 1.03747 8.90812 5.42321 -11.1776 4.97054 -6.42022 -4.0066
56.66 -6.96117 3.94873 4.94653 -13.3248 0.931946 -0.346885 -4.56904 2.68627 5.98439 3.64379 -15.2323 5.10655 -1.28864 -4.8531 4.78257 4.05084 0.903117 -15.02 4.54238 0.721357 -0.645934 2.92617 1.06453 0.763937 -14.6183 2.56205 2.62157 0.877733 -2.05451 1.07973 1.66977 -13.4509 -0.792756 1.65843 -0.130149 -3.0715 3.92155 3.37955 -13.5439 1.15 -0.743331 -4.1525 0.409513 8.8593 5.56518 -11.1747 4.63228 -6.59032 -4.2946
56.71 -7.33622 3.6523 4.46345 -13.2921 0.596053 -0.0633216 -4.26176 1.93031 6.19115 4.09422 -15.1179 5.05152 -1.5893 -5.39972 4.88785 4.44315 1.15207 -15.0365 4.72172 0.330355 -1.00604 3.40515 1.4344 0.625901 -14.6657 3.054 2.40765 0.775531 -1.6353 0.816889 1.53495 -13.5753 -0.778746 1.88264 0.17347 -2.96483 3.49785 2.95038 -13.526 0.814102 -0.354834 -3.69476 -0.349289 8.69896 5.71799 -11.1403 4.13982 -6.72072 -4.4866
56.76 -7.47561 3.33663 3.94902 -13.2871 0.310557 0.251064 -3.95745 1.07225 6.30059 4.48589 -14.9754 4.85795 -1.84365 -5.86481 4.90686 4.82099 1.48398 -15.0409 4.87372 -0.0671982 -1.39313 3.81994 1.80441 0.494939 -14.7065 3.47214 2.13432 0.607063 -1.19016 0.622234 1.39782 -13.697 -0.714104 2.07006 0.464307 -2.77454 3.07239 2.5673 -13.5358 0.536465 0.0448921 -3.25133 -1.19608 8.43031 5.87296 -11.08 3.52376 -6.78802 -4.55458
56.81 -7.38622 2.99696 3.43182 -13.3093 0.0657443 0.587154 -3.66383 0.101395 6.26476 4.7954 -14.8072 4.44854 -2.038 -6.22436 4.8183 5.18141 1.87675 -15.0278 5.00216 -0.465235 -1.80884 4.18107 2.17072 0.37872 -14.7424 3.82361 1.8186 0.395631 -0.709801 0.505403 1.25362 -13.8138 -0.579649 2.22376 0.737566 -2.5438 2.64473 2.24427 -13.5716 0.309597 0.452165 -2.82601 -2.02905 8.09317 6.02105 -11.0022 2.88087 -6.7678 -4.47772
56.86 -7.10406 2.62954 2.9335 -13.3569 -0.145641 0.935801 -3.38498 -0.933319 6.06751 4.99334 -14.6207 3.81709 -2.14907 -6.44253 4.59882 5.52215 2.30197 -14.9952 5.10946 -0.856468 -2.25482 4.4979 2.53336 0.286702 -14.7755 4.11899 1.4737 0.156446 -0.17927 0.478012 1.10139 -13.9241 -0.348836 2.34694 0.989255 -2.29292 2.22088 1.98541 -13.6304 0.128443 0.863626 -2.41746 -2.77031 7.73061 6.15363 -10.9148 2.29394 -6.65598 -4.26766
56.91 -6.68852 2.23783 2.46948 -13.4264 -0.329149 1.28622 -3.1228 -1.87882 5.76296 5.05575 -14.4283 3.09919 -2.14687 -6.47971 4.23807 5.84103 2.73503 -14.9436 5.19614 -1.23331 -2.72311 4.77687 2.89479 0.230542 -14.8072 4.36813 1.10799 -0.104224 0.417629 0.553671 0.94239 -14.0269 0.00862154 2.44131 1.21454 -2.02567 1.80985 1.78736 -13.7081 -0.00972859 1.27441 -2.02106 -3.39906 7.367 6.26228 -10.8242 1.79043 -6.47206 -3.96623
56.96 -6.2003 1.83449 2.05068 -13.513 -0.489056 1.62645 -2.87798 -2.6298 5.41405 4.98003 -14.2429 2.43334 -2.02091 -6.33053 3.74782 6.13497 3.16021 -14.8749 5.25967 -1.5887 -3.19371 5.02107 3.25865 0.224289 -14.8376 4.57918 0.726451 -0.385352 1.08183 0.740271 0.779235 -14.1216 0.508994 2.50464 1.40485 -1.73728 1.42085 1.6411 -13.7996 -0.104951 1.6777 -1.63081 -3.92449 7.01269 6.33824 -10.7354 1.366 -6.24218 -3.61767
57.01 -5.68694 1.43445 1.68351 -13.6111 -0.628622 1.94518 -2.65048 -3.17944 5.04877 4.78179 -14.0749 1.86567 -1.7936 -6.03883 3.15364 6.39832 3.56747 -14.7902 5.29196 -1.91634 -3.64496 5.22961 3.62754 0.283869 -14.8646 4.75867 0.332844 -0.687344 1.77578 1.02516 0.615803 -14.2075 1.12357 2.5275 1.5438 -1.41981 1.06275 1.53387 -13.8993 -0.153772 2.06555 -1.24273 -4.36245 6.67164 6.37264 -10.6519 1.00811 -5.98737 -3.2527
57.06 -5.18012 1.05026 1.36949 -13.7155 -0.75025 2.23338 -2.43979 -3.55057 4.6748 4.48645 -13.9313 1.39129 -1.49919 -5.6636 2.48141 6.61999 3.94845 -14.6896 5.2748 -2.21038 -4.05978 5.39638 4.00049 0.424497 -14.8844 4.91179 -0.0684576 -1.01012 2.43494 1.37404 0.457327 -14.2842 1.77642 2.49242 1.60674 -1.06575 0.744857 1.45064 -14.0023 -0.148213 2.43007 -0.858476 -4.72632 6.34518 6.35743 -10.5766 0.704727 -5.72168 -2.88801
57.11 -4.69792 0.691739 1.10619 -13.8219 -0.855598 2.48521 -2.2452 -3.76143 4.29321 4.12575 -13.8163 0.994083 -1.16507 -5.25133 1.74267 6.7792 4.29519 -14.5719 5.17286 -2.46474 -4.42474 5.50908 4.37289 0.655229 -14.8931 5.04274 -0.471573 -1.35311 3.01489 1.7522 0.310518 -14.3515 2.39118 2.38222 1.57264 -0.66786 0.478088 1.37551 -14.1043 -0.0747684 2.76426 -0.485332 -5.02462 6.03354 6.2869 -10.5115 0.44609 -5.45389 -2.53065
57.16 -4.24861 0.366672 0.888756 -13.9271 -0.945679 2.69828 -2.06587 -3.82734 3.90253 3.73436 -13.7318 0.65945 -0.808472 -4.8318 0.923902 6.84177 4.59876 -14.4362 4.92813 -2.67177 -4.72671 5.54974 4.73888 0.973181 -14.8875 5.15488 -0.869364 -1.71686 3.50744 2.13902 0.183843 -14.4091 2.92758 2.1935 1.4415 -0.21611 0.275876 1.29467 -14.2026 0.0861523 3.062 -0.132778 -5.2606 5.73649 6.15891 -10.4577 0.22452 -5.18934 -2.18169
57.21 -3.83427 0.0809234 0.71125 -14.0289 -1.02094 2.87324 -1.9009 -3.77197 3.49918 3.34455 -13.678 0.376275 -0.439325 -4.42239 0.00347244 6.76748 4.84605 -14.2842 4.477 -2.81915 -4.94777 5.49604 5.09341 1.3619 -14.8667 5.25086 -1.25442 -2.10449 3.92326 2.52644 0.0879097 -14.4573 3.37891 1.93843 1.23423 0.302011 0.153916 1.19941 -14.2952 0.358278 3.31729 0.189435 -5.43238 5.45358 5.97566 -10.4158 0.0339581 -4.93121 -1.83847
57.26 -3.4535 -0.162046 0.567607 -14.1257 -1.08136 3.01303 -1.74939 -3.62983 3.07977 2.98151 -13.6544 0.136342 -0.0637864 -4.03254 -0.973077 6.54902 5.01783 -14.1219 3.82892 -2.88464 -5.05854 5.32518 5.43269 1.79624 -14.8312 5.33262 -1.62001 -2.51883 4.27579 2.91343 0.0357471 -14.497 3.7546 1.63466 0.976304 0.891692 0.125557 1.08679 -14.3811 0.758863 3.52249 0.469944 -5.53353 5.18429 5.74327 -10.3857 -0.130435 -4.68135 -1.49629
57.31 -3.10308 -0.361354 0.452145 -14.2169 -1.12651 3.12202 -1.61047 -3.43616 2.64729 2.66262 -13.6593 -0.0664644 0.312954 -3.66688 -1.87192 6.23778 5.09538 -13.9579 3.11241 -2.83986 -5.02481 5.02349 5.75387 2.25133 -14.7823 5.40119 -1.96039 -2.9536 4.57449 3.30138 0.0427355 -14.5292 4.06774 1.29689 0.685951 1.53165 0.190754 0.957856 -14.4596 1.27551 3.66586 0.692457 -5.55496 4.92811 5.47027 -10.367 -0.272569 -4.44079 -1.15086
57.36 -2.779 -0.5181 0.359827 -14.3018 -1.15561 3.20523 -1.4833 -3.21706 2.21257 2.39789 -13.69 -0.23674 0.685044 -3.3271 -2.60359 5.8892 5.07003 -13.8012 2.45117 -2.6754 -4.84216 4.59236 6.05431 2.70808 -14.7214 5.45631 -2.27077 -3.39194 4.82288 3.6904 0.125278 -14.5552 4.33014 0.934902 0.372669 2.17018 0.329137 0.815418 -14.5308 1.85273 3.7311 0.835168 -5.48837 4.68452 5.16544 -10.359 -0.395618 -4.20998 -0.80159
57.41 -2.47695 -0.634482 0.286343 -14.3805 -1.1676 3.2678 -1.36713 -2.98931 1.78832 2.18948 -13.7423 -0.377948 1.04543 -3.01309 -3.16219 5.52772 4.94273 -13.6595 1.8867 -2.41354 -4.5502 4.04622 6.33046 3.15212 -14.6494 5.49528 -2.54698 -3.81562 5.01891 4.0777 0.296915 -14.575 4.55125 0.554949 0.040269 2.7572 0.511787 0.662516 -14.595 2.41966 3.70418 0.880279 -5.32842 4.45309 4.83619 -10.3609 -0.502136 -3.98906 -0.452767
57.46 -2.19252 -0.713124 0.228101 -14.4529 -1.16109 3.31439 -1.26125 -2.7635 1.38511 2.03271 -13.8114 -0.492713 1.38616 -2.72367 -3.56808 5.15943 4.72061 -13.5388 1.41402 -2.08842 -4.20169 3.40988 6.57632 3.57198 -14.5662 5.51076 -2.78535 -4.21063 5.15691 4.45864 0.562313 -14.5874 4.73843 0.161978 -0.309787 3.27173 0.717606 0.501972 -14.6534 2.92928 3.58447 0.828743 -5.07207 4.23346 4.48909 -10.3716 -0.594106 -3.77793 -0.111206
57.51 -1.92133 -0.756637 0.182155 -14.5192 -1.13436 3.3489 -1.16504 -2.54552 1.01107 1.91902 -13.8921 -0.583065 1.69943 -2.45703 -3.83551 4.78474 4.41735 -13.4435 1.01734 -1.72774 -3.83694 2.71055 6.78094 3.95929 -14.4701 5.48647 -2.9829 -4.56678 5.22937 4.82871 0.912373 -14.5901 4.8974 -0.238665 -0.676161 3.7166 0.936822 0.336626 -14.7077 3.36651 3.38655 0.701159 -4.71821 4.02548 4.13151 -10.3901 -0.672875 -3.57634 0.216876
57.56 -1.6589 -0.767264 0.146131 -14.5798 -1.08528 3.37433 -1.078 -2.33758 0.672754 1.83887 -13.9793 -0.650599 1.97898 -2.21098 -3.96935 4.40303 4.05478 -13.376 0.682256 -1.34907 -3.48004 1.96236 6.92483 4.30819 -14.3586 5.39081 -3.13732 -4.87552 5.2261 5.18449 1.32413 -14.5818 5.03264 -0.640635 -1.05724 4.10324 1.16698 0.169787 -14.7602 3.73496 3.13134 0.524099 -4.27025 3.82931 3.77183 -10.4153 -0.738932 -3.38395 0.527264
57.61 -1.40053 -0.7466 0.118141 -14.6348 -1.01111 3.39287 -0.999724 -2.13927 0.375709 1.78358 -14.0691 -0.69654 2.22109 -1.9831 -3.97496 4.01303 3.66139 -13.3379 0.397665 -0.962199 -3.14342 1.15329 6.97593 4.6128 -14.2295 5.17022 -3.24633 -5.12744 5.13247 5.52367 1.76623 -14.5621 5.14753 -1.03709 -1.45256 4.44319 1.40883 0.0055751 -14.8142 4.04443 2.83768 0.318346 -3.73931 3.64583 3.4181 -10.4462 -0.791364 -3.20038 0.817708
57.66 -1.14105 -0.695358 0.0967106 -14.6846 -0.908329 3.40597 -0.930002 -1.94859 0.124229 1.74605 -14.1584 -0.72174 2.42499 -1.77083 -3.87018 3.61178 3.26691 -13.3292 0.155352 -0.572085 -2.83232 0.253618 6.89249 4.86306 -14.0836 4.75695 -3.3049 -5.30913 4.93104 5.84472 2.20755 -14.5325 5.2444 -1.42166 -1.86466 4.74545 1.66383 -0.150961 -14.8728 4.30496 2.51931 0.0953205 -3.14386 3.47723 3.07678 -10.4819 -0.826769 -3.02525 1.08738
57.71 -0.874537 -0.613148 0.0807284 -14.7295 -0.772266 3.41443 -0.868843 -1.76249 -0.0793924 1.72082 -14.245 -0.726614 2.59242 -1.57147 -3.68713 3.19553 2.89638 -13.3494 -0.0507516 -0.181557 -2.54789 -0.720255 6.65381 5.04026 -13.9262 4.13151 -3.29933 -5.39711 4.60969 6.14635 2.62524 -14.4944 5.3243 -1.78917 -2.29761 5.01645 1.93283 -0.29386 -14.9379 4.52508 2.18504 -0.141468 -2.50398 3.32822 2.75256 -10.5216 -0.837244 -2.85825 1.33626
57.76 -0.593832 -0.498226 0.0694105 -14.7698 -0.596712 3.41847 -0.81663 -1.5772 -0.235152 1.70379 -14.3276 -0.711017 2.72689 -1.38216 -3.46028 2.76525 2.56781 -13.3971 -0.225175 0.206399 -2.28897 -1.64901 6.30012 5.11943 -13.7664 3.39873 -3.20464 -5.35672 4.17353 6.42696 3.00973 -14.4489 5.38634 -2.13579 -2.74872 5.26051 2.21595 -0.416243 -15.0089 4.71167 1.83988 -0.392992 -1.83243 3.20802 2.44921 -10.5642 -0.806974 -2.69923 1.56469
57.81 -0.290194 -0.347236 0.0623011 -14.8056 -0.37351 3.41761 -0.774357 -1.38819 -0.344656 1.69196 -14.4052 -0.67405 2.83289 -1.19984 -3.21389 2.33039 2.29249 -13.4697 -0.371303 0.587041 -2.05313 -2.41938 5.89448 5.08073 -13.6141 2.69916 -3.00307 -5.16903 3.64578 6.68371 3.36374 -14.3963 5.42656 -2.45877 -3.20344 5.48033 2.51316 -0.510134 -15.0826 4.87024 1.4863 -0.661063 -1.12532 3.13359 2.17116 -10.6088 -0.706909 -2.54838 1.77276
57.86 0.0467834 -0.155078 0.0593213 -14.8373 -0.0925148 3.41048 -0.744092 -1.18992 -0.409938 1.683 -14.4775 -0.613747 2.91521 -1.02115 -2.96092 1.90418 2.07424 -13.563 -0.49158 0.953415 -1.8372 -3.00466 5.47252 4.91704 -13.4779 2.09585 -2.70714 -4.86016 3.05221 6.91123 3.69441 -14.3355 5.43573 -2.75587 -3.6428 5.677 2.82561 -0.565965 -15.1542 5.00526 1.12547 -0.946323 -0.35444 3.13394 1.92599 -10.6538 -0.487774 -2.40679 1.95961
57.91 0.427901 0.0846199 0.0608999 -14.8647 0.257059 3.39421 -0.729868 -0.975455 -0.432493 1.67494 -14.5443 -0.526606 2.97834 -0.842443 -2.70823 1.49872 1.90964 -13.672 -0.587621 1.29705 -1.63756 -3.41603 5.04691 4.63616 -13.3643 1.59138 -2.34891 -4.48214 2.40754 7.09935 4.00563 -14.2639 5.39559 -3.02473 -4.0503 5.84962 3.15697 -0.57154 -15.218 5.12043 0.758699 -1.24837 0.528971 3.2511 1.72896 -10.6967 -0.0804976 -2.27773 2.12154
57.96 0.859988 0.377471 0.0682406 -14.8878 0.681955 3.36336 -0.739249 -0.736087 -0.412548 1.66576 -14.6056 -0.406884 3.02593 -0.660087 -2.45928 1.12415 1.79052 -13.791 -0.660326 1.60961 -1.45023 -3.66228 4.62074 4.26204 -13.2775 1.17015 -1.95796 -4.0803 1.70916 7.22984 4.29636 -14.1773 5.27315 -3.26186 -4.41212 5.99404 3.5133 -0.51038 -15.2684 5.21885 0.389069 -1.56696 1.53818 3.51614 1.60887 -10.7336 0.555046 -2.17037 2.24726
58.01 1.33765 0.724125 0.0837785 -14.9065 1.17577 3.30844 -0.785423 -0.461213 -0.34834 1.65286 -14.6615 -0.245697 3.06054 -0.471421 -2.21457 0.789226 1.70705 -13.9146 -0.709948 1.88487 -1.27086 -3.7472 4.19283 3.83195 -13.2193 0.816434 -1.55362 -3.68315 0.934682 7.27312 4.56152 -14.0711 5.01595 -3.461 -4.7141 6.10035 3.89719 -0.361138 -15.3004 5.30313 0.0229799 -1.9036 2.55888 3.89854 1.60456 -10.7588 1.33423 -2.10592 2.31049
58.06 1.83698 1.11629 0.11182 -14.9201 1.71107 3.21548 -0.887766 -0.138925 -0.235473 1.63256 -14.7123 -0.0302702 3.08329 -0.276505 -1.97178 0.501538 1.6498 -14.0382 -0.736034 2.11993 -1.09468 -3.68505 3.75929 3.38758 -13.1898 0.518085 -1.14651 -3.30555 0.0579448 7.19384 4.79177 -13.9433 4.56556 -3.60968 -4.93725 6.15041 4.30112 -0.102814 -15.3101 5.37548 -0.329754 -2.26248 3.43351 4.32962 1.74199 -10.7671 2.1023 -2.11592 2.27404
58.11 2.3219 1.53844 0.159258 -14.9278 2.24529 3.06979 -1.06627 0.242349 -0.0668945 1.60008 -14.7581 0.255487 3.09347 -0.0800753 -1.72592 0.266689 1.61059 -14.1581 -0.737189 2.31526 -0.916624 -3.51111 3.31596 2.96516 -13.1882 0.266397 -0.741865 -2.9536 -0.887493 6.98347 4.97288 -13.7971 3.92454 -3.68416 -5.05203 6.1212 4.71047 0.273867 -15.2958 5.43772 -0.658003 -2.6478 4.09135 4.76601 2.01642 -10.7554 2.77009 -2.22123 2.11862
58.16 2.7603 1.97495 0.236277 -14.9283 2.74029 2.86409 -1.32962 0.689883 0.165229 1.55086 -14.7992 0.626523 3.08763 0.1073 -1.46957 0.0877016 1.58252 -14.2717 -0.710594 2.47391 -0.731578 -3.27107 2.86428 2.59065 -13.2131 0.0552177 -0.342277 -2.62821 -1.78096 6.68769 5.0899 -13.6405 3.20743 -3.65218 -5.0231 5.99567 5.10962 0.757589 -15.2581 5.49132 -0.952266 -3.05566 4.52006 5.19104 2.3943 -10.7244 3.32114 -2.41499 1.86182
58.21 3.13283 2.41525 0.357059 -14.9193 3.17615 2.60317 -1.66828 1.19826 0.464299 1.48285 -14.8357 1.08547 3.05804 0.268709 -1.19313 -0.0342505 1.55942 -14.3769 -0.651209 2.60045 -0.535261 -3.00203 2.41335 2.27925 -13.2628 -0.119784 0.050469 -2.32717 -2.53031 6.36159 5.13416 -13.4828 2.53778 -3.49726 -4.84114 5.7654 5.48442 1.31633 -15.1998 5.53731 -1.20682 -3.47168 4.72404 5.59905 2.82563 -10.6798 3.7704 -2.67285 1.53932
58.26 3.4295 2.85342 0.540264 -14.8983 3.54961 2.2996 -2.06048 1.74114 0.822654 1.39811 -14.8678 1.60919 2.99164 0.381225 -0.885686 -0.0980111 1.53503 -14.4728 -0.550656 2.69992 -0.325837 -2.72556 1.97479 2.0352 -13.3349 -0.261608 0.434166 -2.04641 -3.12473 6.03133 5.10385 -13.3326 1.96311 -3.23617 -4.54187 5.42082 5.82284 1.90516 -15.1249 5.57615 -1.42032 -3.87918 4.72424 5.98802 3.26018 -10.6319 4.13802 -2.96985 1.18096
58.31 3.64163 3.28526 0.808319 -14.8615 3.8659 1.96672 -2.48257 2.27805 1.22157 1.3027 -14.8962 2.15072 2.8727 0.420729 -0.535741 -0.100599 1.50249 -14.5587 -0.396019 2.77682 -0.105599 -2.45105 1.55847 1.85345 -13.4262 -0.372182 0.805331 -1.78068 -3.58635 5.70201 5.0003 -13.1961 1.48133 -2.90262 -4.17843 4.95087 6.11591 2.47949 -15.0373 5.60733 -1.59506 -4.2654 4.56731 6.3571 3.6604 -10.5935 4.44037 -3.28708 0.803208
58.36 3.75452 3.70641 1.18392 -14.8048 4.13237 1.6147 -2.91514 2.77526 1.64057 1.2056 -14.9221 2.66269 2.69112 0.373249 -0.131248 -0.0360082 1.45503 -14.6348 -0.169193 2.8343 0.118828 -2.17979 1.17184 1.7235 -13.5322 -0.452424 1.1589 -1.52408 -3.93568 5.37041 4.82568 -13.0783 1.07708 -2.5272 -3.79319 4.35918 6.35829 3.00749 -14.9397 5.6283 -1.73549 -4.62203 4.31652 6.70573 4.00584 -10.5756 4.68904 -3.61177 0.412137
58.41 3.74014 4.11206 1.68289 -14.7245 4.35538 1.25027 -3.34425 3.21718 2.06571 1.11784 -14.9482 3.11779 2.44916 0.242391 0.339433 0.104515 1.38802 -14.7013 0.151261 2.87314 0.337519 -1.90741 0.820933 1.63309 -13.648 -0.502052 1.48872 -1.27033 -4.18243 5.03185 4.58348 -12.9828 0.735526 -2.13133 -3.41162 3.6748 6.54709 3.47433 -14.8329 5.63237 -1.84681 -4.94363 4.02999 7.03346 4.2903 -10.5837 4.89188 -3.93561 0.00933291
58.46 3.54646 4.49688 2.30487 -14.6179 4.53812 0.878092 -3.76053 3.60136 2.49075 1.05237 -14.9809 3.50928 2.15868 0.0421981 0.880394 0.328559 1.30072 -14.759 0.581215 2.89045 0.537372 -1.62555 0.511579 1.57042 -13.7682 -0.51906 1.78863 -1.01325 -4.32636 4.68346 4.28157 -12.9124 0.444979 -1.72826 -3.04626 2.93765 6.67834 3.87794 -14.7159 5.60481 -1.93388 -5.22577 3.74629 7.33989 4.51667 -10.6169 5.05442 -4.25325 -0.403608
58.51 3.09234 4.85307 3.02669 -14.4846 4.67658 0.502791 -4.15765 3.92923 2.91398 1.02451 -15.0305 3.84154 1.83344 -0.216898 1.47363 0.633581 1.1964 -14.8084 1.11216 2.87754 0.700253 -1.32355 0.250575 1.52454 -13.8882 -0.498832 2.05364 -0.748249 -4.36303 4.32453 3.9351 -12.8689 0.196584 -1.32526 -2.7014 2.17188 6.74212 4.22128 -14.5867 5.51706 -2.00028 -5.46361 3.48283 7.62485 4.69248 -10.6707 5.18093 -4.56132 -0.824097
58.56 2.29934 5.16285 3.80349 -14.3272 4.74611 0.131153 -4.53043 4.19911 3.3343 1.0519 -15.1055 4.12229 1.48424 -0.535995 2.07462 1.00052 1.08121 -14.8501 1.69852 2.81905 0.802142 -0.990402 0.0463864 1.48489 -14.0043 -0.432965 2.28079 -0.474753 -4.29304 3.95499 3.56599 -12.8533 -0.0163539 -0.925672 -2.37635 1.37026 6.71754 4.50519 -14.4438 5.32055 -2.04734 -5.65073 3.24003 7.88831 4.82707 -10.7398 5.27488 -4.8577 -1.25036
58.61 1.13494 5.37624 4.57283 -14.152 4.66103 -0.224941 -4.87097 4.4008 3.74889 1.1526 -15.2002 4.35915 1.11817 -0.925228 2.63616 1.40191 0.96301 -14.8847 2.27697 2.69821 0.820217 -0.615426 -0.0907085 1.4409 -14.1141 -0.308076 2.46914 -0.197396 -4.12987 3.57343 3.19818 -12.8655 -0.198892 -0.5307 -2.06765 0.501202 6.57262 4.72181 -14.2891 4.94951 -2.07199 -5.77723 3.00557 8.1301 4.93014 -10.8189 5.33874 -5.14111 -1.68373
58.66 -0.430339 5.38812 5.24048 -13.9705 4.23718 -0.541399 -5.15767 4.50928 4.15341 1.34083 -15.2932 4.55859 0.73987 -1.39917 3.13352 1.81595 0.850803 -14.9128 2.80091 2.50783 0.746698 -0.186946 -0.148912 1.3832 -14.2161 -0.105146 2.61919 0.0754024 -3.89826 3.17698 2.85214 -12.9046 -0.354799 -0.141309 -1.77024 -0.439196 6.28525 4.84837 -14.1287 4.36573 -2.06214 -5.82483 2.75819 8.34928 5.01177 -10.903 5.37306 -5.41072 -2.12825
58.71 -2.21543 5.18152 5.68148 -13.7981 3.4779 -0.770187 -5.33666 4.48957 4.54327 1.62336 -15.3619 4.72572 0.353456 -1.96942 3.5637 2.23144 0.754923 -14.9353 3.25273 2.2551 0.592564 0.307506 -0.115817 1.30594 -14.3095 0.198689 2.73141 0.33333 -3.62258 2.7659 2.54235 -12.9686 -0.486774 0.239777 -1.47804 -1.35351 5.88516 4.84998 -13.9724 3.64217 -1.99206 -5.76176 2.47559 8.54321 5.08356 -10.9868 5.37501 -5.66596 -2.58349
58.76 -3.79597 4.90526 5.84423 -13.6466 2.70681 -0.863501 -5.35377 4.32762 4.91439 1.99739 -15.3944 4.86412 -0.0358833 -2.61472 3.93287 2.64508 0.687812 -14.9537 3.63434 1.95493 0.377151 0.873137 0.0177425 1.20798 -14.394 0.62062 2.80419 0.563857 -3.31611 2.34897 2.27737 -13.0545 -0.596469 0.606883 -1.18465 -2.10893 5.43717 4.70221 -13.8307 2.9218 -1.83406 -5.55947 2.14274 8.7066 5.15934 -11.0641 5.33706 -5.90617 -3.03683
58.81 -5.04884 4.62759 5.76982 -13.5204 2.06052 -0.821542 -5.21989 4.02415 5.26307 2.44553 -15.3884 4.97555 -0.42108 -3.29031 4.24715 3.0571 0.664803 -14.9709 3.95505 1.62154 0.117929 1.4911 0.248473 1.09197 -14.4696 1.15124 2.83093 0.749618 -2.98162 1.94113 2.05899 -13.1578 -0.684252 0.952084 -0.884969 -2.64698 4.98427 4.41264 -13.7122 2.28941 -1.58526 -5.22775 1.74858 8.8304 5.2515 -11.1275 5.24542 -6.13023 -3.46757
58.86 -6.01022 4.35326 5.51829 -13.4207 1.53376 -0.676426 -4.98704 3.57599 5.58481 2.93561 -15.3469 5.0583 -0.793404 -3.9577 4.50832 3.46739 0.703768 -14.9898 4.225 1.26492 -0.17428 2.11361 0.554101 0.962682 -14.5365 1.74068 2.79863 0.867311 -2.61973 1.55833 1.88108 -13.2733 -0.748756 1.26736 -0.577832 -2.96382 4.54149 4.01993 -13.6218 1.75964 -1.26848 -4.81146 1.27719 8.90003 5.36576 -11.1686 5.07758 -6.33597 -3.85446
58.91 -6.72096 4.07517 5.14183 -13.3482 1.10016 -0.459739 -4.70279 2.98717 5.87187 3.43101 -15.274 5.10362 -1.14331 -4.58973 4.71249 3.87342 0.822088 -15.0108 4.45295 0.891239 -0.49505 2.69151 0.903077 0.825639 -14.595 2.32131 2.69322 0.895666 -2.23303 1.21541 1.73112 -13.3957 -0.786322 1.54685 -0.267149 -3.07707 4.1101 3.57775 -13.5612 1.32005 -0.910231 -4.35715 0.703633 8.89355 5.50047 -11.18 4.8002 -6.51885 -4.17738
58.96 -7.19888 3.78572 4.68322 -13.3031 0.737941 -0.193346 -4.39817 2.27763 6.10897 3.90069 -15.1721 5.08865 -1.4612 -5.16648 4.85083 4.27093 1.0307 -15.0302 4.64592 0.504677 -0.843201 3.20145 1.27011 0.686581 -14.6456 2.84527 2.51077 0.830484 -1.82387 0.925476 1.5945 -13.5204 -0.790308 1.788 0.0402087 -3.0257 3.68549 3.13609 -13.5304 0.955169 -0.528619 -3.89625 0.00217075 8.78452 5.6495 -11.1592 4.377 -6.66913 -4.41509
59.01 -7.44305 3.47914 4.1788 -13.2859 0.431502 0.108602 -4.09129 1.46564 6.26718 4.321 -15.0419 4.96591 -1.73742 -5.67017 4.9103 4.65561 1.32787 -15.0408 4.80948 0.109371 -1.21828 3.64345 1.64083 0.551626 -14.6891 3.29571 2.2616 0.688248 -1.39101 0.699455 1.45926 -13.6436 -0.750049 1.99139 0.337383 -2.86586 3.26128 2.73016 -13.5281 0.652809 -0.133296 -3.44561 -0.816126 8.56069 5.80463 -11.1094 3.80649 -6.76778 -4.54159
59.06 -7.45248 3.15071 3.65972 -13.2962 0.169686 0.436148 -3.79226 0.545156 6.30117 4.67021 -14.8845 4.66025 -1.9605 -6.08007 4.87239 5.02405 1.69704 -15.0359 4.94797 -0.289296 -1.62096 4.02706 2.00897 0.427826 -14.727 3.67547 1.96273 0.49339 -0.927783 0.546882 1.3185 -13.7628 -0.649357 2.15961 0.618943 -2.64922 2.83419 2.3795 -13.5527 0.40421 0.271009 -3.01218 -1.66818 8.24783 5.95686 -11.0383 3.16237 -6.78849 -4.52984
59.11 -7.24932 2.79576 3.15081 -13.3328 -0.0557347 0.780451 -3.50653 -0.475771 6.17263 4.92134 -14.7048 4.11799 -2.11212 -6.36612 4.71338 5.37376 2.11137 -15.012 5.06445 -0.684486 -2.05369 4.36253 2.37305 0.323788 -14.7611 3.99439 1.62945 0.265253 -0.421605 0.478246 1.16978 -13.8761 -0.46494 2.29597 0.880683 -2.40603 2.40762 2.09222 -13.6018 0.203284 0.6811 -2.59661 -2.45565 7.89236 6.09735 -10.9543 2.54417 -6.71593 -4.37485
59.16 -6.88496 2.41368 2.67001 -13.3932 -0.250997 1.13153 -3.23682 -1.48061 5.9063 5.04553 -14.5134 3.4169 -2.16332 -6.4872 4.41502 5.70262 2.54342 -14.9687 5.16036 -1.06862 -2.51402 4.65768 2.73461 0.250153 -14.7932 4.2629 1.2722 0.0137672 0.144298 0.506635 1.01352 -13.9823 -0.167075 2.40308 1.11842 -2.14626 1.98975 1.86806 -13.6717 0.0462492 1.09291 -2.19554 -3.13415 7.52733 6.21765 -10.8644 2.0031 -6.56071 -4.10797
59.21 -6.42213 2.01361 2.2301 -13.4729 -0.4209 1.47775 -2.98428 -2.32299 5.57159 5.02991 -14.3234 2.71708 -2.09114 -6.41764 3.9795 6.00811 2.97354 -14.9073 5.23473 -1.43433 -2.98642 4.91713 3.09694 0.219909 -14.8243 4.48993 0.897179 -0.258265 0.78065 0.644103 0.851806 -14.0807 0.270183 2.48081 1.32569 -1.86813 1.58989 1.70025 -13.7577 -0.0681958 1.50047 -1.80328 -3.70346 7.16815 6.3092 -10.7743 1.54503 -6.34817 -3.77556
59.26 -5.91508 1.61038 1.83959 -13.5665 -0.569133 1.80729 -2.74915 -2.95936 5.21187 4.88326 -14.1466 2.1048 -1.90457 -6.18174 3.42787 6.28598 3.38982 -14.8296 5.28237 -1.775 -3.44866 5.14188 3.46346 0.24831 -14.8532 4.68269 0.508448 -0.550975 1.46876 0.888727 0.687934 -14.1705 0.841422 2.52334 1.49004 -1.56454 1.217 1.57748 -13.8545 -0.138263 1.89616 -1.41443 -4.17827 6.82096 6.36308 -10.688 1.15926 -6.10228 -3.41506
59.31 -5.40241 1.21782 1.50212 -13.6688 -0.698461 2.10993 -2.53109 -3.40683 4.84139 4.62735 -13.9916 1.59094 -1.63588 -5.83674 2.78758 6.52798 3.78343 -14.7362 5.29028 -2.08464 -3.88142 5.3283 3.83501 0.351401 -14.8768 4.84693 0.109926 -0.864605 2.15099 1.21408 0.526526 -14.2514 1.48802 2.51639 1.58991 -1.22754 0.880069 1.48557 -13.9566 -0.158111 2.27194 -1.02785 -4.5736 6.48797 6.37072 -10.6088 0.833076 -5.84006 -3.0489
59.36 -4.90779 0.846856 1.21685 -13.7748 -0.81086 2.37837 -2.32947 -3.68688 4.46324 4.29139 -13.8636 1.16154 -1.31667 -5.43628 2.07838 6.71824 4.14633 -14.6262 5.23167 -2.35739 -4.27001 5.46686 4.20836 0.541759 -14.8909 4.98724 -0.29321 -1.19869 2.76896 1.58274 0.373617 -14.3229 2.12708 2.44095 1.60033 -0.850079 0.589164 1.40877 -14.0594 -0.116794 2.62037 -0.648667 -4.90024 6.16978 6.3252 -10.539 0.555678 -5.57238 -2.68788
59.41 -4.44336 0.506122 0.97979 -13.8808 -0.907617 2.6087 -2.14349 -3.8148 4.07691 3.90934 -13.7655 0.800758 -0.968454 -5.01721 1.29828 6.82869 4.47031 -14.4985 5.05868 -2.58652 -4.60167 5.54196 4.57789 0.822337 -14.8918 5.10734 -0.694284 -1.55302 3.29954 1.96733 0.236849 -14.3848 2.70063 2.28627 1.51053 -0.423677 0.356514 1.33189 -14.1597 0.00258692 2.93497 -0.2858 -5.16376 5.86631 6.22266 -10.4801 0.31852 -5.30589 -2.33534
59.46 -4.01354 0.202374 0.785351 -13.9843 -0.989421 2.80029 -1.97227 -3.80942 3.67971 3.51523 -13.6981 0.495954 -0.603959 -4.60176 0.423558 6.81918 4.74456 -14.3533 4.70473 -2.76236 -4.86138 5.53301 4.93804 1.18248 -14.8778 5.21019 -1.08587 -1.92954 3.74761 2.35491 0.125838 -14.4371 3.18905 2.05848 1.33372 0.0635915 0.197029 1.2437 -14.255 0.222529 3.20986 0.0510946 -5.36452 5.57719 6.06335 -10.4329 0.114884 -5.04462 -1.99008
59.51 -3.61822 -0.0598026 0.627438 -14.0835 -1.05645 2.95519 -1.81491 -3.7011 3.26757 3.13775 -13.6612 0.237727 -0.230606 -4.20244 -0.541386 6.66126 4.9524 -14.1946 4.13393 -2.86762 -5.02547 5.41654 5.28447 1.5999 -14.8487 5.29806 -1.46085 -2.33208 4.12669 2.74197 0.0525178 -14.4804 3.59666 1.77418 1.09542 0.622167 0.126111 1.13882 -14.344 0.565352 3.4384 0.351716 -5.49799 5.30194 5.85177 -10.3976 -0.0605695 -4.79093 -1.64806
59.56 -3.25481 -0.278413 0.500156 -14.1772 -1.10844 3.07722 -1.67051 -3.52639 2.83992 2.79763 -13.6538 0.0191208 0.146261 -3.82572 -1.49148 6.38286 5.07348 -14.0301 3.42845 -2.87469 -5.05901 5.17352 5.61398 2.04853 -14.8055 5.37242 -1.81304 -2.75941 4.44844 3.12933 0.0312839 -14.5158 3.93593 1.44998 0.817795 1.2448 0.151212 1.01682 -14.4258 1.035 3.61095 0.602361 -5.55589 5.04001 5.59563 -10.3739 -0.212133 -4.54617 -1.30444
59.61 -2.91959 -0.453789 0.398161 -14.265 -1.14476 3.17122 -1.53824 -3.31601 2.40459 2.50816 -13.6734 -0.165078 0.521208 -3.4744 -2.30171 6.04603 5.09406 -13.8692 2.73296 -2.76217 -4.93966 4.79866 5.92397 2.50653 -14.7498 5.43365 -2.13726 -3.19855 4.71907 3.51805 0.0783912 -14.5444 4.2195 1.09779 0.513947 1.89124 0.260702 0.879984 -14.5002 1.5943 3.71293 0.783221 -5.52914 4.7909 5.3039 -10.3613 -0.343286 -4.31101 -0.956612
59.66 -2.60832 -0.587742 0.316818 -14.3464 -1.16448 3.24232 -1.41728 -3.09047 1.97423 2.27502 -13.7167 -0.318796 0.887723 -3.14907 -2.93481 5.68883 5.01138 -13.72 2.12463 -2.53935 -4.68951 4.30095 6.21143 2.95778 -14.6826 5.48033 -2.42908 -3.63075 4.93884 3.90662 0.209311 -14.5671 4.45788 0.725159 0.189764 2.50558 0.427049 0.731356 -14.5674 2.17361 3.72792 0.872823 -5.41103 4.55414 4.98464 -10.3589 -0.456848 -4.08571 -0.606816
59.71 -2.31663 -0.68277 0.252224 -14.4216 -1.16636 3.29545 -1.30692 -2.86282 1.56057 2.09628 -13.7791 -0.444994 1.23816 -2.84895 -3.40593 5.32335 4.83 -13.5894 1.61307 -2.23824 -4.36007 3.70105 6.47169 3.38958 -14.6045 5.50757 -2.68463 -4.0399 5.10337 4.29098 0.43341 -14.583 4.6593 0.337347 -0.152611 3.05291 0.624421 0.573858 -14.6282 2.71217 3.64828 0.862498 -5.19766 4.32931 4.64461 -10.3659 -0.555056 -3.87027 -0.261181
59.76 -2.04012 -0.741539 0.201155 -14.4906 -1.14882 3.33489 -1.2065 -2.6409 1.17272 1.96468 -13.8552 -0.545941 1.5645 -2.57247 -3.73367 4.95155 4.5605 -13.4824 1.18469 -1.89056 -3.99865 3.02671 6.69638 3.79214 -14.5144 5.50372 -2.90058 -4.41436 5.20592 4.66636 0.748046 -14.5902 4.83015 -0.0606216 -0.511954 3.52745 0.838329 0.41027 -14.684 3.18177 3.48256 0.765316 -4.88693 4.11617 4.29068 -10.381 -0.639554 -3.66449 0.0735215
59.81 -1.77437 -0.766494 0.160996 -14.5536 -1.10994 3.36402 -1.11545 -2.42843 0.817841 1.87082 -13.9401 -0.62341 1.85961 -2.31759 -3.92637 4.57305 4.221 -13.4023 0.823883 -1.51827 -3.63617 2.29992 6.87031 4.15871 -14.4101 5.44487 -3.07436 -4.74516 5.23772 5.02882 1.13602 -14.5869 4.97542 -0.46284 -0.886692 3.93836 1.06366 0.243637 -14.737 3.57964 3.25016 0.607098 -4.47979 3.91472 3.93088 -10.4034 -0.711254 -3.46806 0.392132
59.86 -1.5148 -0.759546 0.129652 -14.6111 -1.04727 3.3854 -1.03333 -2.22603 0.501894 1.8055 -14.0292 -0.678788 2.11857 -2.08197 -3.98754 4.18696 3.8375 -13.3511 0.518091 -1.1342 -3.28958 1.52111 6.96736 4.48381 -14.2889 5.28771 -3.20385 -5.02356 5.18621 5.37558 1.56874 -14.5722 5.09896 -0.862574 -1.2756 4.29771 1.30015 0.077694 -14.7899 3.91395 2.97151 0.412089 -3.98369 3.72545 3.5736 -10.4319 -0.76996 -3.28063 0.691583
59.91 -1.25649 -0.721827 0.105474 -14.6631 -0.95766 3.40078 -0.95984 -2.0323 0.22981 1.76087 -14.1191 -0.713097 2.33932 -1.86311 -3.9284 3.79118 3.44003 -13.3294 0.257909 -0.745101 -2.96684 0.664582 6.94851 4.75987 -14.1501 4.96745 -3.28576 -5.23849 5.03462 5.70482 2.01388 -14.5468 5.20361 -1.25313 -1.67974 4.61573 1.54917 -0.0829249 -14.8461 4.195 2.66273 0.195878 -3.41426 3.54986 3.22611 -10.4656 -0.813555 -3.10181 0.970491
59.96 -0.993896 -0.653464 0.0871938 -14.7102 -0.837004 3.41123 -0.894866 -1.84459 0.00485626 1.73077 -14.2071 -0.726957 2.52256 -1.65837 -3.77554 3.38191 3.05625 -13.337 0.0364031 -0.354446 -2.67064 -0.285444 6.77755 4.97234 -13.9968 4.43085 -3.31113 -5.3718 4.76703 6.01521 2.44406 -14.5122 5.291 -1.62874 -2.10313 4.89993 1.81192 -0.232658 -14.9082 4.43208 2.33469 -0.0348691 -2.79182 3.39136 2.89383 -10.5036 -0.836457 -2.93124 1.22855
60.01 -0.720452 -0.553346 0.0738858 -14.7525 -0.679827 3.41724 -0.838611 -1.65945 -0.171977 1.71054 -14.2916 -0.720489 2.67112 -1.46497 -3.56432 2.95716 2.7073 -13.3727 -0.151575 0.0351067 -2.40066 -1.25245 6.46656 5.09798 -13.8369 3.72634 -3.25928 -5.39256 4.37969 6.30538 2.84354 -14.4699 5.36122 -1.98501 -2.54735 5.15551 2.0888 -0.365041 -14.9769 4.63277 1.99393 -0.279618 -2.13359 3.25685 2.58077 -10.545 -0.826886 -2.76869 1.466
60.06 -0.428166 -0.418861 0.0649461 -14.7903 -0.478875 3.41865 -0.791758 -1.47271 -0.30172 1.69672 -14.3714 -0.693159 2.78914 -1.27996 -3.32442 2.52276 2.40746 -13.4347 -0.309883 0.419719 -2.15495 -2.10098 6.07757 5.1132 -13.6801 2.99893 -3.10549 -5.26972 3.88907 6.57318 3.21021 -14.4205 5.41187 -2.31876 -3.00279 5.38583 2.37973 -0.472623 -15.0499 4.80314 1.64388 -0.540193 -1.44413 3.15939 2.29084 -10.5889 -0.762454 -2.61416 1.68311
60.11 -0.107322 -0.245674 0.0601185 -14.8238 -0.224833 3.41455 -0.755819 -1.2793 -0.386357 1.68674 -14.4461 -0.643521 2.88137 -1.10009 -3.07327 2.09109 2.16395 -13.5194 -0.441367 0.793398 -1.93062 -2.76768 5.66032 5.00484 -13.5358 2.35029 -2.84796 -5.00873 3.32199 6.81455 3.55043 -14.3636 5.4364 -2.62759 -3.4512 5.59273 2.68515 -0.546631 -15.1231 4.9481 1.28615 -0.817848 -0.7067 3.12209 2.02982 -10.634 -0.603685 -2.46824 1.87959
60.16 0.253012 -0.0278466 0.0595834 -14.853 0.0931254 3.40282 -0.733812 -1.07297 -0.42772 1.67852 -14.5154 -0.568826 2.95249 -0.921852 -2.81985 1.67509 1.97639 -13.6222 -0.547993 1.14819 -1.72423 -3.25447 5.23558 4.77388 -13.4115 1.80356 -2.51317 -4.65485 2.69914 7.02181 3.87012 -14.2972 5.42115 -2.90929 -3.87463 5.77628 3.00748 -0.576206 -15.191 5.07165 0.921774 -1.11253 0.120767 3.18193 1.80883 -10.6782 -0.28858 -2.33297 2.05334
60.21 0.662239 0.240965 0.0641572 -14.8781 0.484414 3.37932 -0.73149 -0.845836 -0.426685 1.67011 -14.5791 -0.464425 3.00657 -0.741529 -2.569 1.28568 1.8383 -13.7374 -0.630966 1.47545 -1.53197 -3.57336 4.8096 4.43711 -13.3125 1.34756 -2.13371 -4.25905 2.02617 7.18076 4.17034 -14.2178 5.34044 -3.16104 -4.25833 5.934 3.35201 -0.546982 -15.2481 5.17714 0.552844 -1.42375 1.07966 3.38067 1.65012 -10.7183 0.247281 -2.21424 2.1973
60.26 1.12153 0.564228 0.0756599 -14.8988 0.949758 3.33655 -0.759307 -0.588106 -0.38246 1.65924 -14.6374 -0.322942 3.0467 -0.555861 -2.32254 0.932182 1.74026 -13.8596 -0.690824 1.7678 -1.34964 -3.72902 4.3828 4.02668 -13.2415 0.965666 -1.73355 -3.8573 1.28923 7.26705 4.4477 -14.1208 5.15058 -3.37807 -4.58874 6.05892 3.72396 -0.439591 -15.2888 5.26739 0.184152 -1.75204 2.11683 3.71921 1.5899 -10.7495 0.981782 -2.12723 2.29257
60.31 1.61532 0.937852 0.0974819 -14.9147 1.4714 3.26236 -0.834106 -0.288324 -0.291875 1.64275 -14.6904 -0.133374 3.07467 -0.363446 -2.07936 0.622737 1.67248 -13.9837 -0.727445 2.0208 -1.17265 -3.72893 3.95236 3.58366 -13.1993 0.644047 -1.32677 -3.46987 0.459214 7.24585 4.69489 -14.0025 4.79136 -3.55125 -4.84971 6.13665 4.12057 -0.231714 -15.3087 5.34477 -0.175861 -2.1004 3.07072 4.13626 1.66316 -10.7658 1.77126 -2.10039 2.30455
60.36 2.11119 1.34882 0.135282 -14.9252 2.01155 3.14157 -0.976838 0.0655306 -0.148974 1.61629 -14.7384 0.119142 3.09066 -0.166744 -1.83563 0.363954 1.6262 -14.1056 -0.739893 2.23348 -0.996068 -3.59902 3.51367 3.14767 -13.1855 0.372579 -0.920614 -3.1062 -0.466865 7.09095 4.89975 -13.8637 4.22673 -3.66237 -5.01694 6.14528 4.52948 0.0926013 -15.3051 5.41129 -0.516291 -2.47381 3.82808 4.57349 1.87954 -10.7631 2.48886 -2.16264 2.20179
60.41 2.57337 1.78062 0.197701 -14.9291 2.52759 2.96258 -1.20269 0.483378 0.0541539 1.57495 -14.7816 0.451002 3.09257 0.0263429 -1.585 0.160001 1.59398 -14.2223 -0.726059 2.40788 -0.814723 -3.38283 3.06495 2.74941 -13.1989 0.144083 -0.518551 -2.76916 -1.39961 6.82517 5.04672 -13.7105 3.52504 -3.68128 -5.05532 6.0638 4.935 0.531729 -15.2776 5.46857 -0.826572 -2.87296 4.35837 5.00465 2.21715 -10.7402 3.09079 -2.31964 1.98586
60.46 2.97669 2.22019 0.297064 -14.9246 2.99086 2.72485 -1.51021 0.966721 0.323734 1.51527 -14.82 0.872098 3.07479 0.20176 -1.31875 0.0126859 1.56943 -14.3314 -0.682006 2.54803 -0.623816 -3.12308 2.61225 2.40889 -13.2379 -0.0465043 -0.12255 -2.45775 -2.21821 6.50745 5.12376 -13.5522 2.82383 -3.58067 -4.9392 5.88082 5.32222 1.06227 -15.2279 5.51783 -1.09914 -3.28751 4.6606 5.42058 2.63136 -10.7006 3.58261 -2.55243 1.68808
60.51 3.30793 2.65985 0.450031 -14.9093 3.39164 2.43844 -1.88171 1.49889 0.657617 1.4374 -14.8541 1.37187 3.02662 0.339043 -1.02643 -0.0770753 1.54642 -14.4315 -0.600989 2.65888 -0.420188 -2.84813 2.16685 2.13515 -13.3004 -0.202728 0.265494 -2.1686 -2.87929 6.17751 5.12642 -13.3978 2.20551 -3.36286 -4.68546 5.58839 5.67807 1.64363 -15.1598 5.55983 -1.33073 -3.70065 4.74691 5.81813 3.07007 -10.6527 3.98407 -2.83482 1.34278
60.56 3.55882 3.09501 0.67759 -14.88 3.73237 2.11706 -2.29327 2.04349 1.04125 1.34576 -14.8841 1.91198 2.93277 0.413515 -0.696762 -0.107307 1.51837 -14.5219 -0.472236 2.7453 -0.204162 -2.57218 1.73963 1.92688 -13.3836 -0.326971 0.642744 -1.8969 -3.39671 5.8479 5.05508 -13.2545 1.68422 -3.05716 -4.34423 5.17486 5.9921 2.22929 -15.0774 5.59456 -1.52218 -4.09755 4.65229 6.19609 3.48903 -10.6085 4.31364 -3.14499 0.972381
60.61 3.71814 3.52147 1.00299 -14.8326 4.02002 1.77251 -2.72324 2.56131 1.45357 1.24816 -14.9108 2.44184 2.77945 0.405175 -0.31796 -0.073428 1.47827 -14.6023 -0.279933 2.81112 0.0194622 -2.29973 1.33905 1.77545 -13.4837 -0.420606 1.00482 -1.63702 -3.7939 5.51791 4.91164 -13.1279 1.24762 -2.69709 -3.96455 4.63499 6.25738 2.78063 -14.9841 5.62057 -1.67718 -4.46809 4.43511 6.55384 3.86024 -10.5805 4.58493 -3.46763 0.586884
60.66 3.76485 3.93459 1.44617 -14.7632 4.26165 1.41292 -3.15527 3.02858 1.87716 1.15478 -14.9363 2.924 2.56317 0.309817 0.12217 0.0322981 1.42026 -14.673 -0.00357681 2.85831 0.2421 -2.02867 0.971613 1.66904 -13.5959 -0.483924 1.34595 -1.3828 -4.08561 5.18293 4.69875 -13.0221 0.879919 -2.30821 -3.57916 3.98678 6.47024 3.2754 -14.8814 5.63335 -1.80076 -4.80577 4.15834 6.89088 4.17178 -10.5769 4.80728 -3.79265 0.189147
60.71 3.65901 4.32937 2.01508 -14.6685 4.46214 1.04365 -3.57816 3.4382 2.30264 1.0777 -14.965 3.34356 2.29243 0.13854 0.632547 0.218808 1.34177 -14.7345 0.376961 2.88584 0.452178 -1.75223 0.643092 1.59548 -13.7147 -0.515772 1.65982 -1.1279 -4.27557 4.83909 4.4219 -12.9403 0.56802 -1.90713 -3.2057 3.26853 6.62774 3.70678 -14.7691 5.62235 -1.89803 -5.10594 3.87005 7.20678 4.42314 -10.5993 4.98709 -4.11355 -0.219583
60.76 3.33148 4.69956 2.69706 -14.5469 4.62152 0.669074 -3.98442 3.79091 2.72676 1.03112 -15.0057 3.70118 1.98103 -0.0950651 1.20678 0.489324 1.24437 -14.7875 0.866608 2.88784 0.63409 -1.46054 0.359734 1.54346 -13.8353 -0.512822 1.94079 -0.866774 -4.36022 4.48483 4.09279 -12.8848 0.301892 -1.50349 -2.8516 2.51432 6.72323 4.07644 -14.6456 5.56595 -1.97326 -5.36408 3.59668 7.50127 4.62025 -10.6446 5.12909 -4.42619 -0.637056
60.81 2.69551 5.03338 3.45616 -14.3996 4.72712 0.29474 -4.36866 4.0871 3.14859 1.03176 -15.069 4.00377 1.64136 -0.386712 1.8108 0.832088 1.13311 -14.8325 1.43603 2.85174 0.766183 -1.14251 0.129212 1.50237 -13.9535 -0.468503 2.18494 -0.596775 -4.33668 4.12005 3.73073 -12.8568 0.0739583 -1.10216 -2.51807 1.73157 6.7412 4.38698 -14.5087 5.42504 -2.02893 -5.57461 3.34557 7.77425 4.77191 -10.7077 5.23709 -4.72795 -1.06082
60.86 1.69798 5.29926 4.23789 -14.2312 4.72781 -0.0702271 -4.72493 4.32105 3.56619 1.09789 -15.157 4.25919 1.28209 -0.743314 2.39448 1.22149 1.01519 -14.8702 2.02536 2.76024 0.823534 -0.787402 -0.0389797 1.46158 -14.0663 -0.371771 2.39048 -0.320259 -4.21222 3.74412 3.35951 -12.8567 -0.121512 -0.705057 -2.20268 0.896472 6.65382 4.63521 -14.3588 5.13954 -2.06432 -5.72956 3.10963 8.02569 4.88774 -10.783 5.31407 -5.01722 -1.49063
60.91 0.312413 5.4146 4.96534 -14.0507 4.47814 -0.408558 -5.03989 4.47506 3.97576 1.24602 -15.2538 4.4745 0.908708 -1.17766 2.92166 1.63191 0.899147 -14.9011 2.57727 2.60058 0.790206 -0.384182 -0.133664 1.41093 -14.1719 -0.206103 2.55739 -0.0442561 -4.00757 3.35458 3.00168 -12.8841 -0.288823 -0.313005 -1.90097 -0.0174636 6.42973 4.80555 -14.1999 4.64907 -2.0721 -5.81522 2.87091 8.25509 4.97757 -10.8655 5.36159 -5.29302 -1.92975
60.96 -1.42874 5.29047 5.52039 -13.8724 3.8344 -0.683497 -5.2752 4.51575 4.37265 1.48648 -15.3355 4.65541 0.525343 -1.70528 3.3811 2.04754 0.794646 -14.9259 3.06164 2.37385 0.669598 0.0796521 -0.142488 1.34276 -14.2692 0.0502112 2.68639 0.221632 -3.74898 2.94946 2.67442 -12.9373 -0.431132 0.0722771 -1.60725 -0.961342 6.07211 4.86684 -14.0404 3.97053 -2.0326 -5.80572 2.60628 8.46068 5.05212 -10.9501 5.3785 -5.5547 -2.38101
61.01 -3.13592 5.02933 5.80492 -13.7107 3.03542 -0.840082 -5.3671 4.41681 4.75253 1.82112 -15.3848 4.80619 0.136545 -2.32241 3.7764 2.46209 0.713083 -14.9459 3.47342 2.09276 0.478893 0.614232 -0.0540289 1.25383 -14.3577 0.418834 2.77709 0.466079 -3.45535 2.5335 2.38893 -13.014 -0.550566 0.44646 -1.31515 -1.79953 5.63797 4.78645 -13.891 3.23301 -1.91588 -5.66677 2.29708 8.63847 5.12438 -11.0311 5.35951 -5.80167 -2.83749
61.06 -4.53277 4.74993 5.82812 -13.573 2.33063 -0.855001 -5.29474 4.1762 5.11162 2.23968 -15.3957 4.92952 -0.251481 -2.99004 4.11446 2.87474 0.66845 -14.9633 3.81982 1.77258 0.237302 1.21347 0.135288 1.14531 -14.4372 0.905099 2.82546 0.674239 -3.13325 2.11965 2.15019 -13.1102 -0.64811 0.802406 -1.0187 -2.43635 5.18408 4.5565 -13.7615 2.55669 -1.70556 -5.3882 1.93158 8.78122 5.2081 -11.1017 5.29385 -6.03306 -3.28094
61.11 -5.61722 4.47476 5.64799 -13.4615 1.75408 -0.751202 -5.09898 3.79249 5.44599 2.71572 -15.3694 5.02551 -0.630659 -3.66502 4.3993 3.28596 0.677677 -14.9811 4.11108 1.4253 -0.0411637 1.84086 0.411494 1.02125 -14.5079 1.47674 2.82123 0.825161 -2.7833 1.72383 1.95559 -13.221 -0.723227 1.13183 -0.714666 -2.85004 4.73611 4.2033 -13.6582 1.98224 -1.41536 -5.00305 1.49693 8.87709 5.31238 -11.1536 5.16322 -6.2473 -3.68978
61.16 -6.43533 4.19935 5.32109 -13.3769 1.28231 -0.562941 -4.8327 3.26438 5.74972 3.21308 -15.31 5.08919 -0.991688 -4.31549 4.62954 3.69434 0.758951 -15.0014 4.35666 1.05859 -0.349536 2.44319 0.745015 0.886941 -14.5701 2.069 2.74954 0.894935 -2.40719 1.36151 1.79505 -13.341 -0.77335 1.42769 -0.404805 -3.05007 4.30001 3.77626 -13.5843 1.5047 -1.07266 -4.5607 0.972213 8.90752 5.43859 -11.1789 4.9391 -6.44112 -4.04352
61.21 -7.01568 3.91576 4.89407 -13.3197 0.890719 -0.316447 -4.53423 2.60526 6.01156 3.69744 -15.2207 5.10506 -1.32493 -4.91893 4.7984 4.09618 0.926909 -15.0223 4.56436 0.677264 -0.685631 2.9843 1.10644 0.748054 -14.6241 2.62186 2.60071 0.870216 -2.00786 1.04663 1.65425 -13.4651 -0.79326 1.68592 -0.0950725 -3.06536 3.87317 3.32903 -13.5404 1.10846 -0.699778 -4.09988 0.329516 8.84695 5.58221 -11.1723 4.58407 -6.60754 -4.32182
61.26 -7.36408 3.61737 4.40579 -13.2901 0.561166 -0.0288497 -4.22673 1.83778 6.20941 4.14224 -15.1031 5.0379 -1.62085 -5.45724 4.89472 4.48702 1.18604 -15.0377 4.74035 0.285259 -1.0488 3.4555 1.47669 0.610481 -14.6706 3.10534 2.37915 0.759191 -1.58598 0.791076 1.51956 -13.5894 -0.77423 1.90582 0.207378 -2.94635 3.4495 2.90401 -13.5257 0.779669 -0.30974 -3.64335 -0.443018 8.6733 5.73572 -11.1346 4.07439 -6.7321 -4.50117
61.31 -7.47659 3.29921 3.88972 -13.2883 0.280744 0.28845 -3.92333 0.967347 6.30469 4.52583 -14.9575 4.82344 -1.86916 -5.91169 4.90265 4.86301 1.5262 -15.0403 4.88949 -0.112685 -1.43903 3.86363 1.84638 0.480784 -14.7108 3.51539 2.10017 0.584753 -1.1374 0.604791 1.38178 -13.7106 -0.702732 2.08922 0.496428 -2.7497 3.02368 2.52729 -13.5387 0.508149 0.0910031 -3.20191 -1.29373 8.39439 5.89036 -11.0719 3.4498 -6.79046 -4.55328
61.36 -7.3628 2.9565 3.37371 -13.3135 0.0400719 0.626456 -3.63124 -0.0156071 6.24998 4.82418 -14.7866 4.38632 -2.05543 -6.25718 4.80027 5.22129 1.92413 -15.025 5.01543 -0.510329 -1.85819 4.21929 2.21222 0.366808 -14.7463 3.85992 1.78055 0.369575 -0.652172 0.497515 1.23666 -13.8267 -0.558767 2.23929 0.767427 -2.51603 2.59606 2.21151 -13.5772 0.286706 0.49894 -2.77864 -2.11903 8.05248 6.03711 -10.9926 2.81015 -6.75947 -4.45988
61.41 -7.06221 2.58593 2.87862 -13.3638 -0.167882 0.975884 -3.35422 -1.04867 6.03676 5.00756 -14.5988 3.73629 -2.15504 -6.45649 4.56479 5.55965 2.35132 -14.9902 5.1204 -0.9003 -2.30738 4.53153 2.57457 0.278246 -14.7791 4.14956 1.43294 0.127761 -0.114812 0.481185 1.08357 -13.9362 -0.315013 2.35915 1.01639 -2.26331 2.17319 1.95988 -13.6384 0.110545 0.910608 -2.37176 -2.84765 7.68892 6.16739 -10.9046 2.23224 -6.63815 -4.237
61.46 -6.6355 2.19214 2.41928 -13.4355 -0.348504 1.32575 -3.09401 -1.97502 5.7246 5.05392 -14.4066 3.01902 -2.13859 -6.47165 4.1883 5.87587 2.78412 -14.9366 5.20464 -1.27504 -2.77708 4.80645 2.93608 0.227022 -14.8107 4.39398 1.06522 -0.135238 0.49026 0.569345 0.923936 -14.0381 0.0584834 2.4502 1.23823 -1.99399 1.76422 1.76828 -13.7179 -0.022785 1.32091 -1.97636 -3.46389 7.32602 6.27276 -10.8139 1.73826 -6.44771 -3.92815
61.51 -6.14231 1.78845 2.00614 -13.5237 -0.505944 1.66407 -2.85118 -2.70224 5.37298 4.9632 -14.2227 2.36351 -1.99947 -6.30335 3.68479 6.16669 3.20772 -14.866 5.26516 -1.62757 -3.2465 5.04671 3.30043 0.227449 -14.8409 4.60113 0.682112 -0.418724 1.16058 0.768295 0.760529 -14.1318 0.574418 2.50956 1.42369 -1.7027 1.37829 1.62717 -13.8106 -0.112967 1.72285 -1.58648 -3.97855 6.97309 6.34443 -10.7255 1.32208 -6.21407 -3.57646
61.56 -5.62838 1.38964 1.64504 -13.6228 -0.643359 1.97972 -2.62562 -3.23035 5.00652 4.75247 -14.0572 1.80715 -1.76281 -5.99924 3.08054 6.42599 3.61239 -14.7795 5.29299 -1.95167 -3.69437 5.25091 3.66992 0.295561 -14.8673 4.77737 0.287382 -0.723106 1.85386 1.06245 0.597372 -14.2167 1.19772 2.5268 1.55532 -1.38141 1.02428 1.52347 -13.911 -0.156086 2.10843 -1.19862 -4.40747 6.63367 6.37354 -10.6429 0.970969 -5.95743 -3.2109
61.61 -5.12368 1.00793 1.33699 -13.7276 -0.763059 2.264 -2.41681 -3.58244 4.63168 4.44799 -13.9167 1.34241 -1.46269 -5.61777 2.40055 6.64181 3.98986 -14.6771 5.26834 -2.24151 -4.10414 5.41225 4.04309 0.446184 -14.8861 4.92778 -0.114453 -1.04821 2.50549 1.41621 0.439857 -14.2924 1.84956 2.48387 1.60799 -1.02275 0.711632 1.44195 -14.014 -0.143581 2.46983 -0.815199 -4.76354 6.3089 6.35226 -10.5687 0.673139 -5.69113 -2.84683
61.66 -4.64495 0.652859 1.07919 -13.834 -0.866627 2.51148 -2.224 -3.77593 4.24918 4.08202 -13.8052 0.953007 -1.12531 -5.20345 1.65386 6.79199 4.33218 -14.5573 5.15347 -2.49091 -4.46262 5.51774 4.41504 0.68727 -14.8932 5.05642 -0.517337 -1.3935 3.07535 1.79611 0.294879 -14.3586 2.45666 2.36455 1.56233 -0.619301 0.451492 1.3668 -14.1158 -0.0612649 2.80016 -0.443915 -5.05466 5.99895 6.2752 -10.5048 0.419081 -5.42349 -2.49046
61.71 -4.19961 0.332018 0.866616 -13.9389 -0.955005 2.72012 -2.04636 -3.82658 3.85727 3.68929 -13.7241 0.624742 -0.76688 -4.78438 0.824214 6.84086 4.63011 -14.4196 4.88802 -2.69189 -4.75643 5.54883 4.77996 1.01435 -14.8859 5.16659 -0.914045 -1.75977 3.55846 2.18322 0.17113 -14.4151 2.98324 2.16745 1.42121 -0.160612 0.257616 1.28464 -14.2135 0.111115 3.09337 -0.0943202 -5.28351 5.70353 6.14073 -10.4523 0.201327 -5.15954 -2.14234
61.76 -3.78921 0.051022 0.693273 -14.0402 -1.02859 2.89089 -1.88297 -3.75944 3.4522 3.30141 -13.6738 0.346866 -0.396733 -4.37683 -0.107099 6.74932 4.86985 -14.2661 4.4115 -2.83129 -4.96665 5.48286 5.13292 1.40962 -14.8634 5.26087 -1.29721 -2.15038 3.96642 2.57057 0.0794823 -14.4623 3.42532 1.90594 1.20695 0.365719 0.145787 1.18745 -14.3054 0.397331 3.34339 0.223773 -5.44764 5.4222 5.9515 -10.4117 0.0139737 -4.90228 -1.7995
61.81 -3.41208 -0.186969 0.55312 -14.1364 -1.08729 3.02692 -1.73293 -3.60977 3.03097 2.94267 -13.6536 0.111441 -0.0207925 -3.98957 -1.08207 6.51694 5.0317 -14.1031 3.74771 -2.88557 -5.0625 5.2975 5.47027 1.84749 -14.8263 5.34109 -1.66018 -2.56762 4.31244 2.95759 0.0332486 -14.501 3.79322 1.59764 0.94459 0.962881 0.128475 1.07286 -14.3904 0.812588 3.54223 0.498616 -5.54017 5.15443 5.71402 -10.383 -0.147699 -4.65344 -1.45712
61.86 -3.06488 -0.38134 0.440538 -14.2269 -1.13066 3.13271 -1.59539 -3.41208 2.5976 2.62959 -13.6616 -0.0874477 0.355734 -3.62682 -1.96444 6.19921 5.09774 -13.9395 3.03276 -2.82698 -5.01109 4.9807 5.78923 2.30362 -14.7759 5.40818 -1.99738 -3.00376 4.60534 3.3457 0.048031 -14.5325 4.10002 1.2567 0.651282 1.60565 0.203379 0.942239 -14.4681 1.33963 3.67757 0.713188 -5.55194 4.89971 5.43697 -10.3656 -0.28751 -4.41397 -1.11119
61.91 -2.74353 -0.533361 0.350571 -14.3111 -1.15787 3.21332 -1.46952 -3.19128 2.16345 2.37132 -13.6949 -0.254252 0.726868 -3.29001 -2.67567 5.84842 5.06058 -13.7841 2.3818 -2.64983 -4.81337 4.53551 6.0871 2.75959 -14.7137 5.46165 -2.30406 -3.44129 4.84796 3.73473 0.140157 -14.5578 4.35728 0.892392 0.335698 2.24039 0.348229 0.798458 -14.5385 1.91908 3.73285 0.845431 -5.47492 4.65753 5.12901 -10.3588 -0.408555 -4.18429 -0.761677
61.96 -2.44371 -0.645304 0.278994 -14.3891 -1.16782 3.27384 -1.35455 -2.96332 1.74111 2.16913 -13.7494 -0.392326 1.08542 -2.97887 -3.21581 5.48605 4.922 -13.6446 1.82845 -2.37906 -4.51241 3.97768 6.36017 3.20139 -14.6405 5.49844 -2.57613 -3.86233 5.0377 4.12154 0.322477 -14.5768 4.57419 0.510709 0.00122783 2.81962 0.534357 0.644546 -14.602 2.48119 3.69506 0.879034 -5.3041 4.42745 4.79739 -10.3617 -0.513326 -3.9645 -0.413326
62.01 -2.16102 -0.719813 0.22229 -14.4608 -1.1591 3.31887 -1.2498 -2.73818 1.34086 2.01775 -13.8201 -0.504214 1.4234 -2.69216 -3.60541 5.11705 4.68979 -13.5266 1.36525 -2.04868 -4.16034 3.33288 6.602 3.61791 -14.5559 5.51043 -2.80999 -4.25336 5.16864 4.50145 0.598269 -14.5882 4.75789 0.116575 -0.350766 3.32579 0.742017 0.483306 -14.6598 2.98283 3.56547 0.817533 -5.03664 4.20916 4.4487 -10.3734 -0.603736 -3.75447 -0.0730204
62.06 -1.89105 -0.759473 0.177586 -14.5264 -1.12994 3.35221 -1.15466 -2.52129 0.970582 1.90836 -13.9017 -0.591891 1.73311 -2.42798 -3.85747 4.74159 4.37852 -13.4343 0.976263 -1.68523 -3.79553 2.62767 6.80089 4.00111 -14.4583 5.47996 -3.00272 -4.60454 5.23305 4.87005 0.956747 -14.5898 4.91395 -0.284556 -0.718894 3.76339 0.962513 0.31761 -14.7137 3.41183 3.35996 0.683002 -4.67176 4.0025 4.09044 -10.3927 -0.681051 -3.55394 0.253217
62.11 -1.62933 -0.766466 0.142565 -14.5863 -1.07815 3.37676 -1.06863 -2.31451 0.636708 1.83145 -13.9895 -0.656908 2.00851 -2.18413 -3.97628 4.35902 4.01091 -13.3702 0.647435 -1.30525 -3.44049 1.8737 6.93609 4.34529 -14.3448 5.3732 -3.1521 -4.90731 5.22031 5.22404 1.37362 -14.5801 5.04671 -0.686243 -1.10158 4.14417 1.19393 0.150845 -14.7662 3.77303 3.0995 0.501792 -4.21361 3.80773 3.73106 -10.4185 -0.745634 -3.36258 0.561412
62.16 -1.3711 -0.742299 0.11539 -14.6407 -1.00091 3.39462 -0.991345 -2.1172 0.344672 1.77852 -14.0794 -0.700448 2.24625 -1.95816 -3.96809 3.96792 3.61594 -13.3354 0.368032 -0.91782 -3.10661 1.05577 6.97398 4.64434 -14.2137 5.13401 -3.2557 -5.15203 5.11527 5.56122 1.81712 -14.5592 5.15945 -1.08165 -1.49862 4.47941 1.43722 -0.0127641 -14.8206 4.07643 2.80242 0.293665 -3.67429 3.6258 3.37845 -10.45 -0.796359 -3.17999 0.849509
62.21 -1.11114 -0.687569 0.0946307 -14.69 -0.894598 3.40716 -0.922593 -1.9272 0.0985762 1.74264 -14.1684 -0.723319 2.44587 -1.7475 -3.85258 3.56513 3.22306 -13.3301 0.130121 -0.527533 -2.79855 0.144931 6.87295 4.8874 -14.0661 4.69555 -3.30789 -5.32448 4.90056 5.88011 2.25667 -14.5285 5.25437 -1.46451 -1.91292 4.77783 1.69379 -0.168063 -14.8799 4.33196 2.48188 0.0690113 -3.07281 3.45913 3.03888 -10.4863 -0.829433 -3.00581 1.1168
62.26 -0.843398 -0.601745 0.0792139 -14.7343 -0.754379 3.41512 -0.862426 -1.7414 -0.0995487 1.71853 -14.2547 -0.725879 2.60934 -1.54943 -3.66291 3.14707 2.85652 -13.3535 -0.0721662 -0.137124 -2.51712 -0.831252 6.61801 5.0547 -13.908 4.05039 -3.29356 -5.39965 4.56544 6.17944 2.67079 -14.4895 5.33232 -1.8298 -2.3483 5.04557 1.9644 -0.308989 -14.9458 4.54793 2.14617 -0.169363 -2.4289 3.31282 2.71685 -10.5263 -0.836254 -2.83972 1.36334
62.31 -0.560553 -0.482913 0.0683925 -14.7741 -0.573844 3.41863 -0.811282 -1.55593 -0.249935 1.70223 -14.3367 -0.707908 2.74033 -1.36108 -3.43285 2.71566 2.53359 -13.4042 -0.243211 0.250279 -2.26097 -1.74602 6.25553 5.12123 -13.7485 3.31531 -3.18711 -5.34269 4.11746 6.45751 3.0515 -14.4433 5.39214 -2.17386 -2.80074 5.28676 2.24912 -0.42855 -15.0173 4.73107 1.79997 -0.422695 -1.7539 3.19681 2.41613 -10.5693 -0.799809 -2.68161 1.58944
62.36 -0.253665 -0.327519 0.06175 -14.8095 -0.344598 3.41715 -0.770246 -1.36617 -0.354297 1.69083 -14.4137 -0.668403 2.84339 -1.17935 -3.18521 2.28111 2.26473 -13.4793 -0.386285 0.629684 -2.02757 -2.49535 5.84682 5.06837 -13.5976 2.62512 -2.97357 -5.13903 3.58103 6.71126 3.4025 -14.3898 5.42942 -2.49399 -3.25465 5.50392 2.54797 -0.518622 -15.091 4.88674 1.44551 -0.692721 -1.04145 3.12916 2.14135 -10.614 -0.689102 -2.53174 1.79517
62.41 0.0878194 -0.130274 0.0592567 -14.8406 -0.0563105 3.40916 -0.741557 -1.16643 -0.414649 1.68207 -14.4854 -0.605252 2.9233 -1.00085 -2.93201 1.85669 2.05288 -13.5748 -0.503732 0.993908 -1.81368 -3.0601 5.42407 4.89063 -13.4637 2.03358 -2.66881 -4.81957 2.98117 6.93492 3.73085 -14.328 5.43411 -2.78801 -3.69115 5.69793 2.86233 -0.569403 -15.162 5.01933 1.08392 -0.979924 -0.260348 3.14054 1.9007 -10.6589 -0.452202 -2.39134 1.97945
62.46 0.474549 0.11525 0.0614131 -14.8675 0.301662 3.39157 -0.729556 -0.949604 -0.432378 1.67399 -14.5515 -0.514737 2.98449 -0.821899 -2.67962 1.45428 1.89394 -13.6852 -0.597078 1.33439 -1.61566 -3.45237 4.99834 4.59761 -13.353 1.53947 -2.30553 -4.43685 2.33088 7.11759 4.03988 -14.2549 5.38659 -3.05345 -4.09411 5.86763 3.19623 -0.5683 -15.2245 5.13245 0.716613 -1.28385 0.638513 3.27373 1.71068 -10.7013 -0.0193458 -2.26412 2.13804
62.51 0.912426 0.414346 0.0695365 -14.8902 0.735093 3.35854 -0.742341 -0.706756 -0.40752 1.66453 -14.6122 -0.390804 3.0305 -0.638926 -2.43118 1.0838 1.77939 -13.805 -0.667151 1.64296 -1.42947 -3.68001 4.57209 4.21504 -13.2694 1.12668 -1.91227 -4.0344 1.6253 7.23985 4.32802 -14.1662 5.2518 -3.28665 -4.44987 6.00835 3.55572 -0.498246 -15.2731 5.22913 0.346992 -1.60438 1.65733 3.55508 1.60182 -10.7372 0.639583 -2.16031 2.2583
62.56 1.39412 0.766789 0.0862404 -14.9083 1.23543 3.30006 -0.793847 -0.427091 -0.33804 1.651 -14.6676 -0.224154 3.06372 -0.449472 -2.18687 0.753913 1.69937 -13.9288 -0.714127 1.91372 -1.25071 -3.74706 4.14378 3.78124 -13.2145 0.779811 -1.50721 -3.63894 0.840115 7.27086 4.58976 -14.0576 4.97522 -3.48083 -4.74396 6.10932 3.94247 -0.337518 -15.3027 5.31194 -0.0181202 -1.94329 2.66817 3.94638 1.61286 -10.7607 1.42486 -2.1027 2.31203
62.61 1.89369 1.16323 0.11609 -14.9213 1.77287 3.20177 -0.903962 -0.0986292 -0.219219 1.62957 -14.7178 -0.00156022 3.08512 -0.254041 -1.94402 0.472013 1.64455 -14.0521 -0.737462 2.14417 -1.07457 -3.67002 3.70928 3.33773 -13.1882 0.487167 -1.10018 -3.26408 -0.0481014 7.17607 4.8152 -13.9275 4.50085 -3.6225 -4.95649 6.1515 4.34782 -0.0658317 -15.3097 5.38305 -0.36862 -2.30504 3.51997 4.37958 1.76677 -10.7668 2.1843 -2.12299 2.26231
62.66 2.37472 1.58773 0.166317 -14.9283 2.30427 3.04938 -1.09203 0.289978 -0.0437678 1.59539 -14.763 0.293269 3.09372 -0.0579948 -1.69739 0.243428 1.60694 -14.1714 -0.735629 2.33512 -0.895971 -3.48625 3.26477 2.91965 -13.1897 0.240368 -0.696015 -2.91518 -0.994489 6.95285 4.9897 -13.7796 3.8438 -3.68646 -5.05656 6.11196 4.75677 0.324047 -15.2927 5.44425 -0.693417 -2.69336 4.15181 4.8152 2.05513 -10.7527 2.83868 -2.23924 2.09384
62.71 2.80635 2.0251 0.247528 -14.9278 2.79315 2.83694 -1.36477 0.745067 0.195973 1.54406 -14.8036 0.674578 3.08565 0.127397 -1.43926 0.0709021 1.57975 -14.2841 -0.705603 2.48986 -0.709828 -3.24132 2.81261 2.55178 -13.2176 0.0335042 -0.297118 -2.59272 -1.87446 6.65128 5.0987 -13.6224 3.1271 -3.64069 -5.00977 5.97484 5.15383 0.818276 -15.2524 5.49694 -0.983358 -3.10301 4.55447 5.23848 2.44178 -10.7198 3.37711 -2.44166 1.8277
62.76 3.17063 2.4654 0.3744 -14.9176 3.22183 2.57044 -1.71076 1.25912 0.502439 1.47395 -14.8395 1.14264 3.05262 0.284482 -1.15986 -0.0444931 1.55683 -14.3884 -0.642022 2.61306 -0.512044 -2.97062 2.36251 2.24805 -13.2699 -0.137585 0.0947253 -2.29423 -2.60559 6.32392 5.13446 -13.4652 2.46724 -3.47227 -4.81196 5.73212 5.52504 1.38284 -15.192 5.5421 -1.23322 -3.51886 4.73372 5.64438 2.87586 -10.6743 3.81609 -2.70516 1.49985
62.81 3.45816 2.90305 0.566097 -14.8949 3.58842 2.2629 -2.10751 1.80343 0.8665 1.38762 -14.8713 1.67103 2.98101 0.389817 -0.848152 -0.101479 1.53187 -14.4831 -0.536051 2.70975 -0.301184 -2.69408 1.92604 2.0115 -13.3444 -0.275768 0.477199 -2.01545 -3.18361 5.99375 5.0957 -13.3162 1.90375 -3.20116 -4.50272 5.37371 5.85868 1.97212 -15.1154 5.58012 -1.44213 -3.92449 4.71317 6.03112 3.30808 -10.6268 4.17553 -3.00528 1.13869
62.86 3.65989 3.33391 0.845321 -14.8561 3.89866 1.9274 -2.53167 2.3372 1.26867 1.29152 -14.8993 2.21131 2.85524 0.419798 -0.49261 -0.0967734 1.49795 -14.5679 -0.374191 2.78432 -0.0800613 -2.42 1.51277 1.83625 -13.4376 -0.382856 0.846642 -1.75108 -3.63156 5.66441 4.98394 -13.1817 1.43163 -2.86145 -4.13499 4.88923 6.14617 2.54246 -15.0266 5.61032 -1.61271 -4.30767 4.54224 6.39789 3.70278 -10.5903 4.47126 -3.32391 0.759245
62.91 3.76003 3.75354 1.23441 -14.7969 4.1599 1.57368 -2.96445 2.82857 1.6889 1.1949 -14.9249 2.71773 2.66642 0.362316 -0.081115 -0.0239993 1.44843 -14.6428 -0.137787 2.83968 0.144265 -2.14892 1.12992 1.71142 -13.545 -0.459649 1.19783 -1.49513 -3.96893 5.33224 4.80138 -13.0662 1.03522 -2.48278 -3.74917 4.28508 6.38257 3.06393 -14.928 5.62981 -1.74955 -4.66055 4.28473 6.74416 4.04136 -10.5752 4.71436 -3.64886 0.366784
62.96 3.7284 4.1571 1.74781 -14.7138 4.37823 1.20815 -3.3925 3.26388 2.11423 1.10898 -14.9514 3.16562 2.41822 0.222792 0.397644 0.125759 1.37906 -14.7083 0.194612 2.87631 0.361543 -1.87594 0.783448 1.62476 -13.6616 -0.505698 1.52453 -1.2413 -4.20411 4.99265 4.55186 -12.9734 0.700011 -2.08556 -3.36901 3.59274 6.56508 3.5235 -14.8201 5.63122 -1.85788 -4.97787 3.997 7.06947 4.31893 -10.5863 4.91236 -3.97222 -0.03728
63.01 3.50956 4.53914 2.38279 -14.6041 4.55634 0.835359 -3.80687 3.64157 2.53911 1.04698 -14.9855 3.55002 2.12312 0.0155423 0.946032 0.359458 1.28959 -14.765 0.637181 2.89074 0.558215 -1.59234 0.479236 1.56454 -13.782 -0.518754 1.82068 -0.983488 -4.33603 4.64306 4.24395 -12.906 0.414671 -1.68222 -3.00589 2.85162 6.6893 3.92007 -14.7018 5.59856 -1.94244 -5.25523 3.71509 7.37347 4.5391 -10.6221 5.07059 -4.28891 -0.451219
63.06 3.02009 4.89126 3.1135 -14.4678 4.68883 0.46007 -4.20149 3.96302 2.96208 1.02449 -15.0377 3.876 1.79467 -0.250114 1.54276 0.672791 1.18368 -14.8135 1.17739 2.87351 0.715437 -1.28734 0.224247 1.5199 -13.9017 -0.49383 2.08149 -0.717453 -4.36031 4.28294 3.8937 -12.8657 0.170623 -1.27949 -2.66338 2.08276 6.7443 4.2567 -14.5711 5.50128 -2.00663 -5.48765 3.45423 7.65597 4.70972 -10.6779 5.19323 -4.59573 -0.872415
63.11 2.18566 5.19355 3.89296 -14.3079 4.74686 0.0894665 -4.5711 4.22586 3.38193 1.05936 -15.1156 4.15138 1.44325 -0.576593 2.14134 1.04505 1.06773 -14.8544 1.76599 2.80868 0.808763 -0.949964 0.0271572 1.48029 -14.0172 -0.422013 2.30422 -0.443192 -4.27875 3.91214 3.52355 -12.8533 -0.0386206 -0.880393 -2.34041 1.27522 6.70775 4.53356 -14.4267 5.28833 -2.0514 -5.66845 3.21322 7.91698 4.84023 -10.7484 5.28365 -4.89069 -1.29935
63.16 0.97722 5.39003 4.65635 -14.1314 4.63366 -0.26368 -4.90705 4.41853 3.79561 1.16944 -15.2114 4.38367 1.07558 -0.974668 2.69632 1.44877 0.949734 -14.8882 2.34003 2.68 0.816397 -0.569512 -0.101563 1.43517 -14.1261 -0.289291 2.48817 -0.165882 -4.10641 3.52903 3.1573 -12.8687 -0.217953 -0.485993 -2.03328 0.396797 6.54707 4.74139 -14.271 4.89356 -2.07297 -5.78712 2.97847 8.15626 4.94033 -10.8283 5.34417 -5.17255 -1.73378
63.21 -0.631298 5.37325 5.30431 -13.9501 4.16217 -0.573045 -5.18486 4.51407 4.19869 1.36823 -15.3026 4.5792 0.69614 -1.45933 3.18588 1.86336 0.838836 -14.9156 2.85615 2.48192 0.732859 -0.134116 -0.149975 1.37544 -14.2272 -0.0760322 2.6339 0.10577 -3.86868 3.13077 2.81477 -12.9107 -0.371015 -0.0973604 -1.73678 -0.547558 6.24416 4.85553 -14.1105 4.28766 -2.05779 -5.82393 2.72811 8.37274 5.0202 -10.9127 5.37501 -5.44056 -2.17973
63.26 -2.41129 5.15119 5.71381 -13.7796 3.38562 -0.788155 -5.34725 4.47827 4.5866 1.66156 -15.3676 4.7429 0.309098 -2.04 3.60874 2.27871 0.745558 -14.9375 3.29965 2.22297 0.570727 0.368475 -0.105755 1.29579 -14.3196 0.240679 2.74177 0.361268 -3.58908 2.71841 2.50977 -12.9774 -0.500387 0.282474 -1.44476 -1.44953 5.83538 4.84085 -13.9553 3.55748 -1.97884 -5.74598 2.44039 8.56352 5.09173 -10.9961 5.3729 -5.69413 -2.63562
63.31 -3.95511 4.87335 5.84659 -13.6309 2.6264 -0.865069 -5.3453 4.3002 4.95535 2.04524 -15.3956 4.87818 -0.0801627 -2.69105 3.9714 2.69212 0.682643 -14.9557 3.67379 1.91837 0.349539 0.941639 0.0393936 1.19559 -14.4031 0.676215 2.80976 0.58769 -3.27939 2.30171 2.25016 -13.0655 -0.607593 0.647507 -1.15087 -2.18161 5.38531 4.67586 -13.8159 2.84452 -1.81001 -5.52753 2.10113 8.72294 5.16884 -11.0722 5.32966 -5.93256 -3.08749
63.36 -5.17224 4.59624 5.74902 -13.5076 1.99492 -0.809538 -5.19731 3.98041 5.30122 2.49998 -15.3854 4.98651 -0.464356 -3.36741 4.27964 3.10399 0.665767 -14.973 3.98821 1.58191 0.086148 1.56291 0.280114 1.0778 -14.4777 1.21675 2.83052 0.766946 -2.94171 1.89593 2.03685 -13.1705 -0.692828 0.989678 -0.850296 -2.6941 4.93317 4.37213 -13.7004 2.22395 -1.55204 -5.18359 1.69912 8.84142 5.26339 -11.1335 5.23066 -6.15467 -3.51428
63.41 -6.10337 4.3219 5.4808 -13.4111 1.48009 -0.654839 -4.9565 3.51571 5.61949 2.99248 -15.3401 5.06563 -0.834612 -4.03197 4.5346 3.51398 0.712962 -14.9921 4.25297 1.22309 -0.209447 2.18246 0.592271 0.947343 -14.5436 1.80851 2.79051 0.875337 -2.57683 1.51695 1.86284 -13.287 -0.754494 1.30111 -0.542473 -2.98649 4.49178 3.97098 -13.6133 1.70527 -1.2293 -4.76085 1.21751 8.90362 5.38017 -11.1715 5.05221 -6.3581 -3.89489
63.46 -6.78711 4.04287 5.09296 -13.3416 1.0556 -0.431556 -4.66865 2.91189 5.90182 3.48636 -15.2638 5.10559 -1.18135 -4.65862 4.73179 3.91926 0.841214 -15.0132 4.4766 0.847744 -0.533373 2.75324 0.944373 0.809776 -14.6011 2.38448 2.67623 0.892804 -2.18749 1.17945 1.71513 -13.4099 -0.788632 1.57629 -0.2318 -3.07857 4.06146 3.52655 -13.5562 1.27493 -0.867657 -4.30451 0.630444 8.88676 5.51688 -11.1793 4.75986 -6.53789 -4.20922
63.51 -7.23863 3.75172 4.6274 -13.2998 0.700426 -0.160504 -4.36305 2.19009 6.13171 3.9515 -15.1586 5.0813 -1.49498 -5.22794 4.86188 4.31551 1.06029 -15.032 4.66596 0.45996 -0.88461 3.25513 1.31236 0.670865 -14.6509 2.90041 2.48543 0.817709 -1.77579 0.896294 1.57919 -13.5345 -0.788201 1.81306 0.0747218 -3.01185 3.63721 3.08751 -13.5287 0.917729 -0.484121 -3.84415 -0.0861523 8.76469 5.66704 -11.1548 4.31871 -6.68345 -4.43568
63.56 -7.45584 3.44289 4.11983 -13.2857 0.399573 0.14482 -4.05666 1.3665 6.27829 4.36484 -15.0253 4.94187 -1.7658 -5.7221 4.91131 4.69849 1.36677 -15.0411 4.82647 0.0639691 -1.26276 3.68993 1.683 0.536802 -14.6937 3.34242 2.22971 0.668249 -1.33991 0.678171 1.44357 -13.6574 -0.74199 2.01229 0.370361 -2.84325 3.21273 2.68715 -13.5296 0.621885 -0.0875903 -3.39527 -0.913672 8.52867 5.8223 -11.1022 3.73475 -6.77456 -4.54764
63.61 -7.43931 3.11166 3.60079 -13.2991 0.142278 0.474729 -3.75894 0.432837 6.29501 4.70437 -14.865 4.61043 -1.98185 -6.11964 4.86083 5.06491 1.74255 -15.0342 4.96232 -0.334669 -1.66874 4.06756 2.05068 0.414786 -14.731 3.7147 1.92623 0.46879 -0.872533 0.534595 1.30195 -13.776 -0.633072 2.17671 0.649859 -2.6225 2.7854 2.34349 -13.5571 0.378985 0.317536 -2.96393 -1.76262 8.20865 5.97363 -11.0293 3.08907 -6.78496 -4.51911
63.66 -7.21475 2.75349 3.0943 -13.3386 -0.0794197 0.820343 -3.47493 -0.594437 6.14798 4.94236 -14.6834 4.04305 -2.12364 -6.38905 4.68657 5.41235 2.16019 -15.008 5.07641 -0.728984 -2.10495 4.3981 2.41435 0.313634 -14.7648 4.02737 1.58979 0.237659 -0.360421 0.476316 1.15231 -13.8886 -0.437298 2.30963 0.909091 -2.37721 2.35936 2.06355 -13.6087 0.18321 0.72806 -2.55024 -2.53878 7.85081 6.11224 -10.9442 2.4782 -6.70199 -4.34921
63.71 -6.83602 2.36872 2.61759 -13.4014 -0.271571 1.17147 -3.20715 -1.58665 5.87041 5.05081 -14.4914 3.33449 -2.16148 -6.48894 4.37202 5.73869 2.59283 -14.9626 5.16998 -1.11138 -2.56767 4.68901 2.77581 0.244245 -14.7968 4.29073 1.23025 -0.0162202 0.21328 0.516647 0.995309 -13.994 -0.124571 2.41347 1.14375 -2.11558 1.94308 1.84626 -13.6808 0.0310465 1.13973 -2.15049 -3.20435 7.48591 6.22971 -10.8541 1.94682 -6.53887 -4.07254
63.76 -6.36568 1.96751 2.18297 -13.4829 -0.438836 1.51638 -2.9566 -2.40586 5.5314 5.01948 -14.3024 2.6422 -2.07514 -6.3982 3.92196 6.04129 3.02188 -14.8993 5.24167 -1.47455 -3.04004 4.94453 3.13846 0.219881 -14.8278 4.51352 0.853483 -0.290584 0.857285 0.66686 0.833156 -14.0914 0.329172 2.48763 1.34691 -1.83496 1.54585 1.68423 -13.7683 -0.0784958 1.54633 -1.75885 -3.76206 7.1279 6.31741 -10.7642 1.49765 -6.32144 -3.73533
63.81 -5.85634 1.56485 1.79841 -13.5779 -0.58479 1.84332 -2.72343 -3.01945 5.17006 4.85911 -14.1277 2.04142 -1.87742 -6.14678 3.35885 6.31559 3.436 -14.8198 5.28563 -1.81198 -3.4998 5.16519 3.5056 0.256003 -14.8563 4.70276 0.463422 -0.585681 1.54814 0.922448 0.669306 -14.1802 0.912892 2.5254 1.50517 -1.52795 1.17659 1.56573 -13.8659 -0.143219 1.94016 -1.37019 -4.22711 6.78226 6.36644 -10.6786 1.11929 -6.07296 -3.37331
63.86 -5.34478 1.17425 1.46701 -13.6807 -0.712101 2.14237 -2.50729 -3.4469 4.79865 4.59248 -13.9755 1.53803 -1.60154 -5.79304 2.71001 6.55269 3.82651 -14.7245 5.28764 -2.11772 -3.9282 5.34676 3.87758 0.368534 -14.879 4.86406 0.0640814 -0.901675 2.22547 1.25458 0.508534 -14.26 1.5627 2.51158 1.59601 -1.18668 0.84437 1.47635 -13.9683 -0.156751 2.31318 -0.984095 -4.61416 6.45094 6.36832 -10.6004 0.799163 -5.80966 -3.00737
63.91 -4.85317 0.806337 1.18748 -13.7869 -0.822664 2.4066 -2.30749 -3.70888 4.41963 4.2495 -13.8509 1.11721 -1.27813 -5.38891 1.99333 6.73553 4.1854 -14.6126 5.21886 -2.38586 -4.31095 5.47898 4.2508 0.569267 -14.8917 5.00189 -0.33918 -1.23806 2.83394 1.62614 0.357046 -14.3304 2.19646 2.42735 1.5951 -0.804129 0.559439 1.40026 -14.071 -0.107504 2.65806 -0.606289 -4.93342 6.13444 6.31642 -10.5317 0.526746 -5.54184 -2.64724
63.96 -4.39257 0.469514 0.955581 -13.8928 -0.917692 2.63248 -2.12324 -3.82046 4.03224 3.86441 -13.7562 0.763381 -0.927546 -4.96935 1.20383 6.83447 4.50434 -14.4828 5.02875 -2.60949 -4.63526 5.54561 4.61952 0.859716 -14.891 5.11989 -0.73955 -1.59477 3.35456 2.0115 0.222689 -14.3912 2.76068 2.26373 1.49433 -0.371443 0.334333 1.32256 -14.1708 0.0221238 2.96843 -0.245895 -5.18986 5.83263 6.20731 -10.4741 0.29372 -5.27578 -2.29567
64.01 -3.96676 0.170321 0.765615 -13.9959 -0.997811 2.81975 -1.95365 -3.80159 3.63354 3.47089 -13.6923 0.464309 -0.56173 -4.55526 0.317124 6.80877 4.77199 -14.3358 4.65033 -2.77836 -4.8855 5.5256 4.9783 1.22767 -14.8752 5.22093 -1.12959 -1.97406 3.79406 2.39908 0.115327 -14.4425 3.2394 2.02857 1.30917 0.123574 0.184213 1.23263 -14.2655 0.255076 3.2384 0.0874153 -5.38327 5.54512 6.04174 -10.4283 0.0935446 -5.01528 -1.95102
64.06 -3.57523 -0.0869398 0.611485 -14.0945 -1.06314 2.97068 -1.79781 -3.68387 3.21953 3.09677 -13.6589 0.210913 -0.187719 -4.15827 -0.653305 6.63445 4.97095 -14.1759 4.0575 -2.87396 -5.03657 5.39546 5.32294 1.64994 -14.8445 5.3072 -1.50226 -2.37969 4.1661 2.78609 0.0471726 -14.4848 3.63854 1.73896 1.06543 0.690369 0.124143 1.12574 -14.3537 0.612769 3.46113 0.383132 -5.50859 5.27141 5.82465 -10.3943 -0.078985 -4.76256 -1.60905
64.11 -3.21525 -0.300568 0.487343 -14.1876 -1.11338 3.08926 -1.65483 -3.50373 2.79045 2.76189 -13.6547 -0.00353504 0.189219 -3.78436 -1.59245 6.34638 5.08104 -14.0114 3.34637 -2.86805 -5.05315 5.13739 5.65036 2.10062 -14.7998 5.38007 -1.8515 -2.80923 4.48182 3.17358 0.0328905 -14.5194 3.97086 1.41107 0.784315 1.31837 0.159866 1.00191 -14.4346 1.09539 3.62646 0.626935 -5.55727 5.01097 5.564 -10.3719 -0.228059 -4.51886 -1.265
64.16 -2.88297 -0.471111 0.387923 -14.2746 -1.14787 3.18038 -1.52389 -3.29076 2.35503 2.47871 -13.6773 -0.184081 0.563557 -3.436 -2.38277 6.00594 5.08982 -13.8514 2.65861 -2.74184 -4.91689 4.74783 5.95795 2.55858 -14.7427 5.43976 -2.17224 -3.24852 4.74675 3.56242 0.0888313 -14.5473 4.24879 1.05623 0.477951 1.96385 0.277361 0.863576 -14.5082 1.66072 3.71931 0.798385 -5.52038 4.76329 5.26875 -10.3605 -0.357075 -4.28482 -0.916738
64.21 -2.57416 -0.600492 0.308674 -14.3553 -1.16562 3.2492 -1.40418 -3.06444 1.92603 2.252 -13.723 -0.334527 0.928642 -3.1136 -2.99629 5.64749 4.99554 -13.7041 2.06159 -2.50831 -4.65494 4.23722 6.24259 3.0082 -14.6743 5.48456 -2.46012 -3.67882 4.9605 3.95075 0.230081 -14.5692 4.48258 0.681619 0.151624 2.5717 0.448364 0.713794 -14.5746 2.2379 3.72361 0.876637 -5.39156 4.52791 4.9468 -10.3593 -0.468785 -4.06065 -0.567065
64.26 -2.28442 -0.691253 0.245772 -14.4297 -1.16537 3.30057 -1.29498 -2.83712 1.5149 2.07907 -13.7872 -0.457741 1.27674 -2.81627 -3.45029 5.28128 4.80346 -13.5759 1.56034 -2.20044 -4.31975 3.6274 6.49932 3.4371 -14.5949 5.50902 -2.71131 -4.08453 5.11834 4.33431 0.464906 -14.5843 4.68022 0.292384 -0.19275 3.11059 0.648136 0.555461 -14.6348 2.76941 3.63343 0.855373 -5.16717 4.30442 4.60482 -10.3672 -0.565358 -3.84632 -0.222352
64.31 -2.00936 -0.746051 0.196069 -14.4981 -1.14551 3.33867 -1.19566 -2.61616 1.13048 1.95226 -13.8646 -0.55593 1.59984 -2.54236 -3.7624 4.90875 4.5249 -13.4718 1.1404 -1.84905 -3.95695 2.94624 6.71915 3.83586 -14.5033 5.5004 -2.92257 -4.45444 5.21331 4.7084 0.789035 -14.5904 4.84792 -0.106388 -0.553935 3.57729 0.863476 0.391362 -14.6902 3.23065 3.45902 0.749848 -4.84531 4.09261 4.24979 -10.3832 -0.648367 -3.64162 0.110736
64.36 -1.74455 -0.767284 0.157012 -14.5605 -1.10405 3.36681 -1.10565 -2.40486 0.779749 1.86209 -13.9501 -0.630818 1.89102 -2.2898 -3.9399 4.52944 4.17894 -13.395 0.786441 -1.4749 -3.59564 2.21403 6.88588 4.19797 -14.3972 5.43296 -3.0914 -4.77972 5.23634 5.06919 1.18371 -14.5858 4.99054 -0.508671 -0.930327 3.98172 1.09004 0.224604 -14.7429 3.62078 3.22037 0.586344 -4.4275 3.89251 3.88987 -10.4063 -0.718623 -3.44625 0.42728
64.41 -1.48538 -0.756788 0.126561 -14.6173 -1.03848 3.38743 -1.02452 -2.20355 0.468577 1.79949 -14.0395 -0.683749 2.14568 -2.05622 -3.98652 4.14238 3.79233 -13.3472 0.486271 -1.09 -3.25149 1.42803 6.97189 4.51796 -14.274 5.26079 -3.21568 -5.05153 5.17432 5.41403 1.61946 -14.5698 5.11181 -0.907686 -1.32085 4.3359 1.32788 0.0590157 -14.7961 3.94849 2.93758 0.388311 -3.92211 3.7047 3.53337 -10.4354 -0.77576 -3.25982 0.724433
64.46 -1.22688 -0.71559 0.103112 -14.6688 -0.945561 3.4022 -0.952001 -2.01065 0.201742 1.7568 -14.1292 -0.715703 2.36207 -1.8391 -3.91507 3.74528 3.39513 -13.3288 0.23081 -0.70059 -2.93171 0.560655 6.9371 4.78767 -14.1332 4.91756 -3.29178 -5.25827 5.0102 5.74118 2.0641 -14.5433 5.21443 -1.2968 -1.72695 4.64973 1.57842 -0.10066 -14.8529 4.2241 2.62614 0.170253 -3.34558 3.53084 3.18738 -10.4697 -0.817365 -3.08195 1.00097
64.51 -0.963402 -0.643688 0.0854395 -14.7153 -0.821046 3.41214 -0.888004 -1.82342 -0.0177316 1.72804 -14.2169 -0.727249 2.54118 -1.6358 -3.75374 3.33424 3.01438 -13.3396 0.0133595 -0.309919 -2.63856 -0.397444 6.74822 4.99155 -13.9788 4.35666 -3.30963 -5.38055 4.72878 6.04935 2.49132 -14.5078 5.2999 -1.67041 -2.15279 4.93044 1.84277 -0.248758 -14.9158 4.45667 2.29639 -0.0620397 -2.71835 3.37463 2.8571 -10.5081 -0.837312 -2.91231 1.25666
64.56 -0.688245 -0.539814 0.072654 -14.757 -0.659282 3.41764 -0.832775 -1.63833 -0.189115 1.70869 -14.3009 -0.718445 2.68603 -1.44351 -3.53798 2.90792 2.67043 -13.3785 -0.171062 0.0793002 -2.37147 -1.35726 6.42491 5.10565 -13.8187 3.64184 -3.24723 -5.38615 4.32849 6.3371 2.88692 -14.4646 5.36806 -2.02425 -2.59901 5.183 2.12126 -0.378711 -14.9851 4.65362 1.95444 -0.308493 -2.05665 3.24354 2.54647 -10.5499 -0.822872 -2.75066 1.49178
64.61 -0.393226 -0.401168 0.064189 -14.7943 -0.452786 3.41849 -0.787069 -1.4511 -0.313609 1.69543 -14.3802 -0.688665 2.80087 -1.25925 -3.29613 2.47315 2.37679 -13.4433 -0.326185 0.463011 -2.12835 -2.18646 6.03083 5.1072 -13.6628 2.92002 -3.08105 -5.24633 3.82779 6.60213 3.25019 -14.4144 5.41616 -2.35527 -3.05463 5.41059 2.4138 -0.482939 -15.0584 4.82087 1.60346 -0.570979 -1.36305 3.15154 2.25948 -10.594 -0.750074 -2.59707 1.70657
64.66 -0.0684397 -0.223216 0.059832 -14.8273 -0.192016 3.41365 -0.752529 -1.25656 -0.393231 1.68575 -14.4543 -0.636338 2.89046 -1.07976 -3.04437 2.04265 2.13982 -13.5303 -0.45475 0.834967 -1.90625 -2.832 5.61207 4.98453 -13.5205 2.28287 -2.81305 -4.97204 3.25353 6.8401 3.58785 -14.3565 5.43703 -2.66112 -3.50105 5.61486 2.72098 -0.552479 -15.1312 4.9632 1.24491 -0.850596 -0.617903 3.12318 2.00231 -10.6391 -0.577027 -2.45222 1.90062
64.71 0.297072 0.000119674 0.0598234 -14.8561 0.133908 3.40084 -0.732407 -1.04829 -0.429741 1.67761 -14.5229 -0.558533 2.95944 -0.901466 -2.79105 1.62916 1.95831 -13.6348 -0.558632 1.18705 -1.70168 -3.29916 5.18703 4.74035 -13.3989 1.7473 -2.47162 -4.61101 2.62502 7.04272 3.90537 -14.2889 5.4159 -2.93958 -3.92064 5.79565 3.04552 -0.576159 -15.1982 5.08453 0.87988 -1.14718 0.223162 3.19695 1.78702 -10.683 -0.239447 -2.31843 2.07148
64.76 0.712195 0.275066 0.0650715 -14.8807 0.533867 3.3756 -0.732883 -0.818198 -0.42386 1.66904 -14.586 -0.450338 3.01181 -0.72068 -2.54067 1.2434 1.82529 -13.7511 -0.638954 1.51066 -1.51076 -3.5993 4.76101 4.39331 -13.3029 1.30057 -2.08879 -4.21304 1.94584 7.19484 4.20322 -14.2077 5.32533 -3.18765 -4.29895 5.9501 3.39299 -0.5391 -15.2537 5.18815 0.510669 -1.46029 1.19651 3.41295 1.63751 -10.7225 0.322937 -2.20229 2.21114
64.81 1.17657 0.604457 0.0775434 -14.9009 1.00695 3.32995 -0.765083 -0.556277 -0.37456 1.65771 -14.6437 -0.304003 3.05048 -0.534259 -2.2947 0.894534 1.73118 -13.8738 -0.696183 1.79869 -1.32928 -3.7366 4.33399 3.97702 -13.2352 0.926172 -1.68732 -3.81215 1.19986 7.27077 4.47758 -14.1084 5.11935 -3.40027 -4.62237 6.07052 3.7681 -0.421368 -15.2922 5.27682 0.142475 -1.79066 2.23287 3.76419 1.59104 -10.7522 1.07211 -2.1205 2.29889
64.86 1.67247 0.983133 0.100852 -14.9162 1.53289 3.25123 -0.846562 -0.25093 -0.278362 1.64033 -14.6962 -0.108073 3.07711 -0.341139 -2.05169 0.590571 1.66627 -13.9978 -0.730112 2.04707 -1.1526 -3.71996 3.90284 3.53292 -13.1964 0.610719 -1.28034 -3.42711 0.35776 7.23508 4.72066 -13.9877 4.73724 -3.56752 -4.87409 6.14157 4.16686 -0.200776 -15.3095 5.35287 -0.215878 -2.14162 3.16808 4.18583 1.68075 -10.7665 1.8582 -2.10261 2.29897
64.91 2.16618 1.39729 0.14096 -14.926 2.07232 3.12422 -0.998246 0.109803 -0.129008 1.61242 -14.7436 0.152684 3.09165 -0.144339 -1.80755 0.33788 1.62194 -14.1193 -0.739697 2.25524 -0.975729 -3.57784 3.46298 3.09989 -13.1857 0.344468 -0.874521 -3.06642 -0.575456 7.06522 4.91972 -13.8468 4.15114 -3.66983 -5.02853 6.14084 4.57618 0.137119 -15.3032 5.41826 -0.553367 -2.51811 3.90015 4.62322 1.9126 -10.7615 2.5635 -2.17594 2.18246
64.96 2.62267 1.83053 0.206892 -14.929 2.58341 2.93832 -1.23385 0.535296 0.0814725 1.56911 -14.7862 0.494468 3.09169 0.0475632 -1.55561 0.140327 1.59091 -14.2351 -0.72266 2.4255 -0.79352 -3.35473 3.01335 2.70741 -13.2021 0.120516 -0.473062 -2.73241 -1.50034 6.79053 5.05918 -13.6926 3.44275 -3.67613 -5.05002 6.0482 4.98034 0.588243 -15.273 5.47457 -0.859655 -2.91974 4.40426 5.05293 2.26148 -10.7364 3.15209 -2.34285 1.95534
65.01 3.01827 2.27041 0.311439 -14.9235 3.03974 2.6944 -1.54977 1.02547 0.358719 1.50726 -14.8241 0.925591 3.07109 0.219783 -1.28694 -0.000476002 1.56684 -14.3433 -0.674798 2.56205 -0.601273 -3.09212 2.56088 2.37425 -13.2439 -0.065998 -0.0778636 -2.42374 -2.30156 6.47002 5.12784 -13.5342 2.74844 -3.56136 -4.91644 5.85319 5.3646 1.12687 -15.221 5.52298 -1.12763 -3.335 4.68094 5.46687 2.68109 -10.6954 3.63256 -2.58259 1.65057
65.06 3.34075 2.70977 0.471779 -14.9068 3.4334 2.40331 -1.92706 1.56116 0.699224 1.42753 -14.8577 1.43235 3.01853 0.351171 -0.990949 -0.0835874 1.54361 -14.4423 -0.588969 2.66988 -0.396134 -2.81656 2.11704 2.10821 -13.3089 -0.218475 0.309119 -2.13684 -2.94507 6.13986 5.12199 -13.3807 2.1413 -3.33178 -4.64994 5.54758 5.71615 1.71103 -15.1511 5.56417 -1.35453 -3.74695 4.74432 5.86222 3.11952 -10.6472 4.02498 -2.86913 1.30154
65.11 3.58189 3.14415 0.709317 -14.8755 3.7677 2.07876 -2.34172 2.1045 1.08721 1.33476 -14.8873 1.97381 2.91848 0.416994 -0.656281 -0.106801 1.51454 -14.5316 -0.45387 2.75378 -0.178916 -2.54093 1.69247 1.90695 -13.3943 -0.339177 0.684891 -1.86679 -3.44769 5.81037 5.04233 -13.2391 1.63047 -3.01829 -4.30211 5.11959 6.0249 2.29446 -15.0673 5.59802 -1.54161 -4.14128 4.63249 6.23791 3.53412 -10.6043 4.34731 -3.18138 0.929098
65.16 3.72969 3.56933 1.04728 -14.8259 4.04978 1.73215 -2.77264 2.61739 1.50154 1.23709 -14.9137 2.4997 2.7579 0.39859 -0.2711 -0.0651746 1.47265 -14.6108 -0.253085 2.81743 0.0450871 -2.26884 1.29537 1.76128 -13.496 -0.429363 1.04489 -1.60787 -3.83232 5.48006 4.89081 -13.1147 1.20249 -2.65382 -3.92046 4.56595 6.28435 2.84014 -14.9728 5.62282 -1.69276 -4.50834 4.40548 6.59333 3.89887 -10.5788 4.61262 -3.50472 0.542133
65.21 3.7615 3.98063 1.50472 -14.7538 4.28652 1.37122 -3.20412 3.07822 1.92568 1.14493 -14.9393 2.97509 2.5348 0.293833 0.176736 0.0493347 1.41236 -14.6804 0.0342438 2.8625 0.266935 -1.99759 0.932083 1.65922 -13.6092 -0.489185 1.38323 -1.35389 -4.11244 5.14423 4.67026 -13.0116 0.841752 -2.26286 -3.53577 3.90765 6.49107 3.3278 -14.8691 5.63359 -1.81309 -4.84197 4.12536 6.92798 4.20341 -10.5781 4.82983 -3.82954 0.143069
65.26 3.63447 4.37297 2.0876 -14.656 4.48246 1.00112 -3.62543 3.48125 2.35108 1.07056 -14.9688 3.38736 2.25872 0.114863 0.695169 0.245469 1.33155 -14.741 0.427471 2.88753 0.474689 -1.71995 0.608375 1.58866 -13.7285 -0.517284 1.69361 -1.09853 -4.29064 4.79923 4.38671 -12.9326 0.535526 -1.86111 -3.16428 3.18392 6.64195 3.75197 -14.7557 5.61877 -1.90766 -5.13758 3.83784 7.24145 4.4482 -10.6034 5.00511 -4.14968 -0.266793
65.31 3.27606 4.73979 2.78059 -14.5313 4.63674 0.626253 -4.02944 3.82757 2.77499 1.02847 -15.0116 3.73831 1.94353 -0.12534 1.27505 0.525153 1.23227 -14.793 0.928446 2.88595 0.652135 -1.42581 0.33062 1.53842 -13.849 -0.510022 1.97054 -0.836442 -4.36298 4.44377 4.05275 -12.8802 0.274097 -1.45756 -2.81256 2.42672 6.7296 4.11482 -14.6307 5.5551 -1.98057 -5.39061 3.56694 7.53348 4.63966 -10.651 5.14306 -4.46118 -0.685087
65.36 2.60044 5.06808 3.54532 -14.3813 4.73415 0.252429 -4.41084 4.11712 3.19647 1.03565 -15.078 4.03513 1.60126 -0.423882 1.87928 0.874668 1.11985 -14.8372 1.50345 2.84444 0.776935 -1.10409 0.106691 1.4979 -13.9667 -0.46038 2.21034 -0.56548 -4.32731 4.07778 3.68842 -12.8554 0.050124 -1.05665 -2.48127 1.63968 6.7372 4.41858 -14.4923 5.40109 -2.03405 -5.59527 3.31816 7.80401 4.78674 -10.7157 5.24739 -4.76158 -1.10949
65.41 1.56044 5.32225 4.32538 -14.211 4.71596 -0.110605 -4.76333 4.34314 3.61338 1.11038 -15.168 4.28565 1.24014 -0.788632 2.45786 1.26762 1.0017 -14.8741 2.09101 2.74559 0.824431 -0.74408 -0.0537122 1.45648 -14.0788 -0.356731 2.41145 -0.288599 -4.19244 3.70045 3.31766 -12.8585 -0.141942 -0.660085 -2.16769 0.796355 6.63562 4.65902 -14.341 5.09473 -2.06684 -5.74317 3.08297 8.05298 4.89911 -10.7921 5.32097 -5.04936 -1.54014
65.46 0.128077 5.41275 5.0399 -14.03 4.42432 -0.444083 -5.07186 4.48614 4.02174 1.26866 -15.2643 4.49677 0.865427 -1.23285 2.97747 1.67923 0.886454 -14.9042 2.63618 2.57795 0.780615 -0.334602 -0.139243 1.40415 -14.1834 -0.181901 2.57401 -0.0132345 -3.98035 3.30917 2.96256 -12.8889 -0.306262 -0.268681 -1.86719 -0.125708 6.395 4.81874 -14.1815 4.57954 -2.0705 -5.81959 2.84247 8.27978 4.98662 -10.8751 5.36512 -5.32358 -1.9806
65.51 -1.63406 5.26423 5.56724 -13.8529 3.7439 -0.708265 -5.29399 4.5117 4.4169 1.51994 -15.343 4.67405 0.481189 -1.77163 3.42928 2.09491 0.783952 -14.9284 3.11219 2.34425 0.651016 0.136929 -0.137491 1.33368 -14.2797 0.0862362 2.6987 0.250822 -3.71705 2.90239 2.63961 -12.945 -0.445875 0.115613 -1.57399 -1.06485 6.02516 4.86528 -14.0227 3.88653 -2.02374 -5.79698 2.57354 8.48246 5.06021 -10.9596 5.37829 -5.58362 -2.43306
65.56 -3.31215 4.99745 5.81979 -13.6938 2.94849 -0.848803 -5.36676 4.39649 4.79459 1.86496 -15.388 4.82161 0.0921284 -2.39687 3.81772 2.50922 0.705836 -14.948 3.51603 2.05796 0.453593 0.679684 -0.0374591 1.24239 -14.3672 0.468548 2.78488 0.491978 -3.42003 2.48592 2.35933 -13.0241 -0.562788 0.488118 -1.28167 -1.8832 5.58648 4.76758 -13.8751 3.15139 -1.89662 -5.64178 2.25844 8.65669 5.13311 -11.0398 5.35465 -5.82886 -2.88911
65.61 -4.6713 4.71835 5.8167 -13.559 2.25872 -0.848496 -5.2776 4.13977 5.15108 2.29169 -15.3945 4.94188 -0.295328 -3.06733 4.1496 2.9217 0.666439 -14.9652 3.85562 1.73418 0.207225 1.28456 0.162855 1.13186 -14.4457 0.966998 2.8279 0.694793 -3.09475 2.07331 2.12591 -13.1222 -0.657835 0.841457 -0.98443 -2.49477 5.13248 4.52167 -13.7483 2.48591 -1.67601 -5.34874 1.88583 8.7948 5.21885 -11.1087 5.28267 -6.0584 -3.3297
65.66 -5.72319 4.44352 5.61717 -13.4505 1.69551 -0.733418 -5.07131 3.73948 5.48231 2.77205 -15.3642 5.03457 -0.672919 -3.74091 4.42839 3.33271 0.682975 -14.9833 4.14122 1.38436 -0.0748825 1.91173 0.447242 1.00635 -14.5154 1.54455 2.81673 0.837624 -2.74168 1.68055 1.93582 -13.2343 -0.730276 1.16737 -0.679547 -2.88329 4.68579 4.1573 -13.6483 1.92317 -1.37844 -4.95463 1.44215 8.88429 5.32571 -11.158 5.14304 -6.27052 -3.73327
65.71 -6.51322 4.16757 5.27667 -13.369 1.23401 -0.537387 -4.79975 3.19542 5.78199 3.26953 -15.3012 5.09386 -1.03127 -4.38703 4.65207 3.74057 0.773524 -15.0038 4.38213 1.01578 -0.386472 2.50836 0.785274 0.87123 -14.5766 2.13488 2.73652 0.896935 -2.36279 1.32297 1.77828 -13.355 -0.777275 1.45908 -0.369349 -3.06038 4.25097 3.72536 -13.5778 1.45571 -1.03135 -4.50853 0.905414 8.90573 5.45421 -11.1798 4.90596 -6.46166 -4.07945
65.76 -7.06718 3.88259 4.84082 -13.3149 0.850292 -0.285481 -4.49931 2.52288 6.03791 3.75058 -15.2087 5.10253 -1.36074 -4.98393 4.81329 4.14138 0.951902 -15.0244 4.58592 0.633031 -0.725681 3.04151 1.14846 0.732187 -14.6298 2.68074 2.5789 0.861559 -1.96093 1.01429 1.6388 -13.4794 -0.793262 1.71292 -0.060092 -3.05747 3.82483 3.27881 -13.5373 1.06779 -0.656009 -4.04732 0.247754 8.83309 5.59937 -11.1695 4.53377 -6.62423 -4.34777
65.81 -7.38886 3.58218 4.34777 -13.2885 0.526914 0.00600599 -4.19175 1.74393 6.22635 4.18946 -15.0879 5.02239 -1.65178 -5.51368 4.90044 4.5307 1.22107 -15.0388 4.75863 0.240083 -1.09192 3.50502 1.51898 0.595163 -14.6755 3.15571 2.34991 0.74203 -1.53632 0.766163 1.50413 -13.6034 -0.76904 1.92852 0.24111 -2.92689 3.40111 2.85828 -13.5258 0.745977 -0.264511 -3.59215 -0.537838 8.64624 5.75347 -11.1285 4.00738 -6.74263 -4.51407
65.86 -7.47458 3.26147 3.83043 -13.2898 0.251445 0.326105 -3.88936 0.8609 6.3068 4.56468 -14.9391 4.78595 -1.89389 -5.95716 4.89701 4.9048 1.56918 -15.0395 4.90497 -0.158169 -1.4853 3.90664 1.88831 0.466831 -14.715 3.55778 2.0655 0.561924 -1.08418 0.588371 1.36564 -13.7241 -0.690427 2.10795 0.528314 -2.72441 2.97494 2.48807 -13.5418 0.480482 0.137208 -3.15273 -1.391 8.35767 5.90765 -11.0635 3.37569 -6.79172 -4.55004
65.91 -7.33693 2.91567 3.31588 -13.318 0.0148229 0.665909 -3.59885 -0.133419 6.23304 4.85146 -14.7659 4.32113 -2.07174 -6.28811 4.78049 5.26091 1.97187 -15.0221 5.02843 -0.555324 -1.90793 4.25694 2.25368 0.355224 -14.7501 3.89552 1.74215 0.343182 -0.593867 0.490806 1.2196 -13.8395 -0.536592 2.25444 0.797003 -2.48803 2.54744 2.1796 -13.5831 0.264401 0.545766 -2.73149 -2.20768 8.01154 6.05295 -10.9829 2.74031 -6.74994 -4.44033
65.96 -7.01873 2.54201 2.82421 -13.3709 -0.189769 1.01598 -3.32368 -1.16253 6.00474 5.01997 -14.5769 3.65466 -2.15946 -6.468 4.5289 5.59687 2.40073 -14.985 5.13107 -0.943934 -2.36023 4.56468 2.61576 0.270272 -14.7828 4.17955 1.39192 0.098807 -0.0494573 0.485722 1.06566 -13.9482 -0.279487 2.37099 1.04317 -2.2335 2.12568 1.93514 -13.6466 0.0932009 0.957574 -2.32621 -2.92351 7.64726 6.18082 -10.8943 2.17166 -6.61942 -4.20523
66.01 -6.58162 2.14632 2.36969 -13.4448 -0.367558 1.36513 -3.06544 -2.06853 5.68578 5.05029 -14.385 2.93976 -2.12868 -6.46115 4.13688 5.9104 2.83309 -14.9294 5.21284 -1.31648 -2.83105 4.83558 2.97742 0.224171 -14.8143 4.41935 1.02224 -0.166517 0.563789 0.586485 0.905432 -14.0492 0.110254 2.45868 1.26146 -1.96204 1.71889 1.74986 -13.728 -0.0352843 1.36731 -1.93173 -3.5274 7.28518 6.2828 -10.8037 1.68711 -6.42281 -3.88953
66.06 -6.08406 1.74247 1.96228 -13.5345 -0.522573 1.7014 -2.82459 -2.77209 5.33174 4.94481 -14.2027 2.29501 -1.97675 -6.27439 3.62045 6.198 3.25497 -14.8569 5.27023 -1.66607 -3.29901 5.07189 3.34229 0.231491 -14.8441 4.62268 0.637621 -0.452369 1.23967 0.797582 0.741825 -14.1419 0.641295 2.51394 1.44185 -1.66774 1.33615 1.61373 -13.8218 -0.120376 1.7678 -1.54217 -4.03151 6.93368 6.35006 -10.7158 1.279 -6.18566 -3.53509
66.11 -5.56995 1.34506 1.60726 -13.6345 -0.657865 2.01385 -2.60098 -3.27899 4.96416 4.72193 -14.0398 1.74984 -1.73121 -5.95866 3.00647 6.4531 3.65695 -14.7687 5.29335 -1.98656 -3.74328 5.27166 3.71235 0.308332 -14.8699 4.79574 0.241826 -0.759137 1.93137 1.1005 0.579012 -14.2258 1.27222 2.52533 1.5658 -1.34254 0.986357 1.51335 -13.9227 -0.157683 2.151 -1.15457 -4.45155 6.59589 6.37379 -10.6339 0.934519 -5.92736 -3.16913
66.16 -5.06757 0.96594 1.30513 -13.7397 -0.775659 2.29415 -2.39403 -3.61224 4.58847 4.40872 -13.9025 1.2945 -1.42572 -5.57153 2.31886 6.66279 4.03082 -14.6643 5.26074 -2.27212 -4.14784 5.42741 4.08567 0.469062 -14.8875 4.94347 -0.160464 -1.08656 2.57495 1.45869 0.422549 -14.3004 1.92207 2.47432 1.60793 -0.979175 0.679087 1.43335 -14.0257 -0.138048 2.50918 -0.772079 -4.79991 6.27282 6.34636 -10.5608 0.642118 -5.66057 -2.80576
66.21 -4.59242 0.614424 1.05278 -13.8461 -0.877459 2.53723 -2.203 -3.78856 4.20502 4.03795 -13.7944 0.912723 -1.08528 -5.15551 1.56398 6.80348 4.3686 -14.5425 5.13214 -2.51645 -4.49967 5.52544 4.45711 0.720445 -14.8931 5.06986 -0.563021 -1.43416 3.13467 1.84009 0.279514 -14.3655 2.52105 2.34586 1.55076 -0.570028 0.425754 1.35799 -14.1271 -0.0465957 2.83557 -0.402779 -5.0839 5.96454 6.26276 -10.4982 0.392543 -5.39314 -2.45038
66.26 -4.15106 0.297885 0.844986 -13.9507 -0.96414 2.74146 -2.02702 -3.82427 3.81183 3.64429 -13.7168 0.590685 -0.72514 -4.73711 0.723115 6.83807 4.66071 -14.4028 4.84506 -2.71123 -4.78508 5.54666 4.82089 1.05642 -14.8841 5.1781 -0.958549 -1.80299 3.6085 2.22742 0.158832 -14.4209 3.03778 2.14055 1.39997 -0.104226 0.240424 1.27441 -14.2243 0.137564 3.12418 -0.05627 -5.30559 5.67075 6.12183 -10.4471 0.178528 -5.12983 -2.10307
66.31 -3.74459 0.0216824 0.675728 -14.0514 -1.03604 2.90807 -1.8652 -3.74584 3.40499 3.25866 -13.67 0.318006 -0.354066 -4.33154 -0.218362 6.72926 4.89263 -14.2479 4.3434 -2.84233 -4.98406 5.46811 5.17223 1.45789 -14.8599 5.2707 -1.33973 -2.19664 4.00879 2.61469 0.0716426 -14.4671 3.47076 1.87284 1.17906 0.430381 0.138904 1.17527 -14.3155 0.438097 3.36883 0.257554 -5.46197 5.39099 5.92671 -10.4079 -0.0056779 -4.87346 -1.76053
66.36 -3.37106 -0.211323 0.53899 -14.147 -1.09302 3.04042 -1.71664 -3.58909 2.982 2.90443 -13.6531 0.0870143 0.02221 -3.94693 -1.18975 6.48377 5.04431 -14.0843 3.66588 -2.885 -5.0645 5.26809 5.50761 1.89898 -14.8212 5.3494 -1.70003 -2.61667 4.34841 3.00176 0.031542 -14.5049 3.83105 1.5602 0.912483 1.0347 0.132617 1.05873 -14.3997 0.86782 3.56116 0.526512 -5.54577 5.12474 5.68426 -10.3804 -0.16468 -4.62565 -1.4179
66.41 -3.02702 -0.400776 0.429224 -14.2368 -1.13459 3.14307 -1.58047 -3.3877 2.54789 2.59728 -13.6642 -0.108015 0.398446 -3.58711 -2.05464 6.16024 5.09874 -13.9212 2.95406 -2.81252 -4.99541 4.93624 5.82431 2.3559 -14.7694 5.41499 -2.03397 -3.05394 4.63555 3.39005 0.0543352 -14.5357 4.13167 1.21621 0.616329 1.67952 0.21692 0.926452 -14.4765 1.40445 3.68824 0.732843 -5.54777 4.87147 5.40327 -10.3643 -0.302207 -4.38729 -1.07147
66.46 -2.70834 -0.5481 0.341553 -14.3203 -1.1599 3.22114 -1.45587 -3.16542 2.11448 2.34548 -13.7001 -0.271392 0.768531 -3.25325 -2.74552 5.80751 5.04981 -13.7673 2.31373 -2.62303 -4.78324 4.47719 6.11958 2.81091 -14.7059 5.46678 -2.3369 -3.49042 4.87235 3.77902 0.15622 -14.5603 4.3839 0.849658 0.298484 2.30985 0.367846 0.781367 -14.546 1.98517 3.73338 0.854387 -5.46025 4.63069 5.09227 -10.3586 -0.421282 -4.15873 -0.721776
66.51 -2.4107 -0.655639 0.271837 -14.3975 -1.1678 3.27968 -1.3421 -2.93737 1.6942 2.14945 -13.7568 -0.406364 1.12515 -2.94498 -3.26749 5.44429 4.90005 -13.63 1.77138 -2.34381 -4.47397 3.90802 6.38948 3.25034 -14.6314 5.50129 -2.60478 -3.90863 5.05573 4.1653 0.349269 -14.5786 4.59669 0.466307 -0.0380415 2.88107 0.557194 0.62648 -14.6088 2.5419 3.68472 0.876531 -5.27853 4.40198 4.75836 -10.3626 -0.524329 -3.94006 -0.373991
66.56 -2.12968 -0.726049 0.216635 -14.4685 -1.15684 3.3232 -1.23848 -2.71297 1.297 2.00334 -13.829 -0.515401 1.46027 -2.66094 -3.64096 5.07457 4.65795 -13.5147 1.31744 -2.00852 -4.11884 3.25511 6.62714 3.6634 -14.5455 5.50956 -2.83408 -4.29558 5.17951 4.54412 0.635315 -14.5889 4.77698 0.0710807 -0.391955 3.37895 0.766587 0.464582 -14.6661 3.03541 3.54549 0.80537 -4.99994 4.18501 4.40818 -10.3752 -0.613196 -3.73113 -0.0350198
66.61 -1.86088 -0.761885 0.173142 -14.5335 -1.12523 3.3554 -1.1444 -2.4972 0.930565 1.89812 -13.9115 -0.600423 1.76633 -2.3992 -3.8777 4.69835 4.33895 -13.4256 0.935963 -1.64252 -3.75426 2.5442 6.82003 4.04242 -14.4462 5.47249 -3.02198 -4.64167 5.23574 4.9112 1.00189 -14.5892 4.93019 -0.330455 -0.761815 3.80945 0.988343 0.298579 -14.7197 3.45626 3.33265 0.664247 -4.62408 3.97969 4.04937 -10.3953 -0.689062 -3.53167 0.289321
66.66 -1.5998 -0.765265 0.139101 -14.5928 -1.07069 3.3791 -1.05939 -2.29156 0.601206 1.82435 -13.9997 -0.662938 2.03755 -2.15751 -3.98154 4.3149 3.96668 -13.3647 0.613253 -1.26134 -3.40122 1.78423 6.94609 4.38181 -14.3308 5.3539 -3.16628 -4.93835 5.21332 5.26336 1.42346 -14.5782 5.06052 -0.731769 -1.1461 4.1845 1.22104 0.131944 -14.7723 3.81035 3.06718 0.479146 -4.15591 3.78631 3.69038 -10.4219 -0.752159 -3.34133 0.595298
66.71 -1.34165 -0.737601 0.112722 -14.6466 -0.990341 3.3963 -0.983077 -2.09522 0.314234 1.77368 -14.0896 -0.704089 2.27092 -1.93342 -3.95981 3.92266 3.57052 -13.3333 0.338937 -0.873407 -3.07014 0.956979 6.97021 4.67517 -14.1976 5.09516 -3.26442 -5.17568 5.09664 5.59852 1.86794 -14.5562 5.17114 -1.12604 -1.5449 4.51516 1.46578 -0.0309963 -14.8271 4.10781 2.76687 0.268778 -3.60845 3.60596 3.33898 -10.4539 -0.80113 -3.15971 0.881039
66.76 -1.08113 -0.679377 0.09262 -14.6953 -0.880428 3.40829 -0.915296 -1.90587 0.0735496 1.73938 -14.1784 -0.724635 2.46628 -1.72433 -3.83401 3.51828 3.17955 -13.3313 0.105351 -0.482979 -2.76513 0.0352429 6.85132 4.91076 -14.0484 4.63129 -3.31003 -5.33858 4.86848 5.91525 2.30545 -14.5245 5.26411 -1.50712 -1.96146 4.80981 1.72393 -0.18498 -14.8871 4.35844 2.44425 0.042528 -3.00121 3.44129 3.0012 -10.4906 -0.831765 -2.98646 1.14595
66.81 -0.812063 -0.589914 0.0777588 -14.7391 -0.73597 3.41575 -0.856126 -1.72031 -0.119083 1.71634 -14.2642 -0.724878 2.62584 -1.52752 -3.63817 3.09843 2.81724 -13.358 -0.0931758 -0.0927287 -2.48668 -0.941403 6.58081 5.06783 -13.8897 3.96809 -3.28657 -5.40045 4.51971 6.21226 2.7159 -14.4846 5.3401 -1.87016 -2.39923 5.07435 1.99616 -0.323841 -14.9537 4.57036 2.10717 -0.197452 -2.35344 3.29781 2.68142 -10.5311 -0.834717 -2.82129 1.39014
66.86 -0.526963 -0.467126 0.0674284 -14.7783 -0.550345 3.41873 -0.806063 -1.53461 -0.264119 1.70073 -14.3457 -0.70452 2.7534 -1.34009 -3.4052 2.66603 2.50008 -13.4116 -0.260885 0.294057 -2.23327 -1.84078 6.21039 5.12146 -13.7307 3.23259 -3.16816 -5.3267 4.06023 6.48774 3.09288 -14.4376 5.39766 -2.21161 -2.85278 5.31271 2.28247 -0.440475 -15.0256 4.75012 1.75994 -0.452617 -1.6749 3.1862 2.38338 -10.5743 -0.791701 -2.66409 1.61393
66.91 -0.216687 -0.307258 0.0612522 -14.8132 -0.314918 3.41661 -0.766293 -1.34402 -0.363366 1.68974 -14.4222 -0.66245 2.85358 -1.15891 -3.15647 2.23197 2.23771 -13.4893 -0.400935 0.672132 -2.00226 -2.56889 5.799 5.05437 -13.5813 2.55243 -2.94286 -5.10751 3.51546 6.73843 3.44097 -14.3832 5.43186 -2.52888 -3.30563 5.52721 2.58299 -0.526603 -15.0993 4.90295 1.40462 -0.724603 -0.956706 3.12575 2.11198 -10.6191 -0.669681 -2.51522 1.8173
66.96 0.129448 -0.104841 0.0592516 -14.8439 -0.0191958 3.40772 -0.739235 -1.14272 -0.418808 1.68115 -14.4932 -0.596403 2.93115 -0.980538 -2.9031 1.8095 2.03222 -13.5867 -0.515571 1.03409 -1.79038 -3.11331 5.37558 4.8627 -13.4498 1.97259 -2.62972 -4.77816 2.90949 6.95809 3.76705 -14.3203 5.43183 -2.81977 -3.73905 5.71856 2.89931 -0.572172 -15.1696 5.03315 1.04229 -1.01374 -0.16469 3.14873 1.87604 -10.6639 -0.414056 -2.37606 1.99896
67.01 0.521876 0.146582 0.0620026 -14.8703 0.347262 3.38873 -0.729559 -0.923416 -0.431712 1.67302 -14.5587 -0.502436 2.99045 -0.801302 -2.65107 1.41026 1.87882 -13.6985 -0.606234 1.37133 -1.59391 -3.48658 4.94977 4.55788 -13.342 1.48861 -2.26178 -4.39131 2.25352 7.13505 4.07385 -14.2456 5.37648 -3.08176 -4.13731 5.88527 3.23582 -0.564169 -15.2309 5.14425 0.674493 -1.31955 0.7498 3.29837 1.69345 -10.7059 0.0449228 -2.25081 2.15405
67.06 0.965456 0.451926 0.070942 -14.8925 0.789126 3.35339 -0.745929 -0.676948 -0.401915 1.66326 -14.6188 -0.374173 3.0349 -0.617677 -2.40315 1.04399 1.76871 -13.819 -0.673677 1.67582 -1.4088 -3.69563 4.52342 4.16738 -13.2617 1.08405 -1.86644 -3.98861 1.5404 7.24868 4.35934 -14.1549 5.22862 -3.31093 -4.48682 6.02215 3.5985 -0.484932 -15.2775 5.23923 0.304969 -1.64203 1.7764 3.59549 1.59635 -10.7406 0.725824 -2.15083 2.26848
67.11 1.45082 0.810032 0.0888703 -14.91 1.29559 3.29116 -0.803033 -0.392334 -0.327102 1.64904 -14.6736 -0.201888 3.06676 -0.427439 -2.15918 0.719226 1.69201 -13.943 -0.718 1.94205 -1.23058 -3.74503 4.09464 3.73042 -13.21 0.74389 -1.46077 -3.595 0.744134 7.26692 4.61754 -14.0438 4.93185 -3.49999 -4.77278 6.11753 3.988 -0.312441 -15.3047 5.3206 -0.0590314 -1.98328 2.77526 3.99471 1.62306 -10.7624 1.51506 -2.10052 2.3122
67.16 1.95016 1.21053 0.120621 -14.9224 1.83458 3.18734 -0.921185 -0.0575473 -0.202229 1.62641 -14.7232 0.0280898 3.08679 -0.231563 -1.91621 0.443184 1.63953 -14.066 -0.738566 2.16789 -1.05443 -3.65359 3.65914 3.28822 -13.187 0.456842 -1.0539 -3.22294 -0.155027 7.15655 4.83797 -13.9114 4.4336 -3.63432 -4.97428 6.15152 4.39457 -0.0272887 -15.309 5.3905 -0.407149 -2.34796 3.60352 4.42955 1.79332 -10.7662 2.26486 -2.13135 2.24899
67.21 2.42688 1.63719 0.173775 -14.9286 2.36266 3.02818 -1.11891 0.338485 -0.0198002 1.59046 -14.7679 0.33219 3.09375 -0.0360457 -1.6687 0.220897 1.60343 -14.1847 -0.733706 2.35452 -0.875219 -3.46061 3.21347 2.87482 -13.1916 0.214857 -0.650234 -2.8771 -1.10055 6.92122 5.00565 -13.762 3.76231 -3.68732 -5.05913 6.10144 4.80292 0.375606 -15.2892 5.45066 -0.728372 -2.73921 4.20928 4.86423 2.09513 -10.7499 2.90573 -2.25837 2.06777
67.26 2.8515 2.07529 0.259367 -14.9271 2.84521 2.80907 -1.40088 0.801044 0.227597 1.537 -14.8079 0.723793 3.08336 0.147133 -1.40868 0.054845 1.57703 -14.2965 -0.700178 2.50541 -0.687923 -3.21126 2.76096 2.51376 -13.2223 0.0122543 -0.25205 -2.55754 -1.96594 6.61458 5.10655 -13.6043 3.04761 -3.62757 -4.99442 5.95264 5.1977 0.879891 -15.2465 5.50245 -1.01392 -3.15044 4.58596 5.28569 2.48987 -10.7151 3.4318 -2.46912 1.79279
67.31 3.20744 2.51551 0.39258 -14.9157 3.26669 2.53719 -1.75389 1.32038 0.541341 1.46484 -14.8434 1.20062 3.04671 0.299584 -1.12616 -0.0539787 1.55421 -14.3997 -0.632288 2.62534 -0.488651 -2.93915 2.31185 2.21773 -13.2774 -0.15496 0.138861 -2.26154 -2.67886 6.28624 5.13378 -13.4476 2.398 -3.44594 -4.78131 5.69734 5.56517 1.44967 -15.184 5.54679 -1.25908 -3.5659 4.74077 5.68947 2.92605 -10.6687 3.86074 -2.73792 1.45996
67.36 3.4857 2.9526 0.593068 -14.8914 3.62651 2.22585 -2.15489 1.86557 0.910841 1.377 -14.8746 1.73301 2.96967 0.397417 -0.81005 -0.104149 1.52859 -14.4933 -0.520724 2.7193 -0.276392 -2.66264 1.87759 1.9886 -13.3542 -0.289524 0.520065 -1.98469 -3.2408 5.9562 5.08661 -13.3 1.84558 -3.16526 -4.46284 5.32494 5.89391 2.03881 -15.1059 5.58399 -1.46344 -3.96949 4.70012 6.07395 3.35547 -10.6218 4.21222 -3.04095 1.09618
67.41 3.67684 3.38241 0.88376 -14.8504 3.93079 1.88784 -2.58088 2.39578 1.31599 1.28034 -14.9023 2.27143 2.83694 0.417708 -0.448752 -0.0920661 1.4932 -14.5769 -0.351399 2.79157 -0.0544788 -2.38899 1.46746 1.8197 -13.4492 -0.393138 0.887716 -1.72158 -3.67536 5.62678 4.96665 -13.1674 1.38291 -2.81977 -4.09134 4.826 6.17576 2.60477 -15.0158 5.61317 -1.62992 -4.34955 4.51605 6.43841 3.74441 -10.5873 4.50147 -3.36082 0.715116
67.46 3.76385 3.80045 1.28654 -14.7887 4.18687 1.53251 -3.0137 2.88113 1.7373 1.18433 -14.9278 2.77198 2.64093 0.350307 -0.0300992 -0.0109885 1.44157 -14.6508 -0.105126 2.84483 0.169615 -2.11803 1.08848 1.69984 -13.558 -0.466475 1.23643 -1.4662 -4.00085 5.29397 4.77621 -13.0544 0.99415 -2.43813 -3.70524 4.20982 6.40616 3.11955 -14.9162 5.63109 -1.76325 -4.69861 4.25258 6.78232 4.07608 -10.5751 4.7391 -3.68592 0.321279
67.51 3.71427 4.20186 1.81434 -14.7026 4.40057 1.16593 -3.44057 3.30982 2.16274 1.10044 -14.9547 3.21261 2.38668 0.202319 0.456788 0.148106 1.36984 -14.7152 0.239425 2.87919 0.385305 -1.84433 0.74651 1.61677 -13.6752 -0.508918 1.55995 -1.21221 -4.22445 4.95332 4.51947 -12.9644 0.665142 -2.03971 -3.32662 3.51006 6.58231 3.57184 -14.8072 5.62963 -1.86865 -5.0116 3.9641 7.10522 4.34681 -10.5892 4.93232 -4.00873 -0.0840227
67.56 3.46913 4.58101 2.46199 -14.5898 4.57398 0.792592 -3.85296 3.68106 2.58744 1.0421 -14.9903 3.59 2.08713 -0.0118584 1.01233 0.391412 1.27825 -14.771 0.694461 2.89063 0.578553 -1.55886 0.447531 1.55886 -13.7957 -0.517958 1.85227 -0.953617 -4.3443 4.60253 4.20578 -12.9001 0.384898 -1.63619 -2.96578 2.76527 6.69937 3.96142 -14.6876 5.59149 -1.95074 -5.2841 3.68418 7.40676 4.56088 -10.6275 5.0863 -4.32444 -0.498924
67.61 2.94327 4.92883 3.20095 -14.4506 4.70018 0.417404 -4.245 3.99607 3.01015 1.02522 -15.0452 3.9098 1.75561 -0.284111 1.6119 0.712775 1.17083 -14.8186 1.24326 2.86886 0.72979 -1.25071 0.19867 1.51533 -13.9151 -0.488224 2.10884 -0.686545 -4.35621 4.24122 3.85205 -12.8629 0.145112 -1.23378 -2.62562 1.99316 6.7453 4.29135 -14.5553 5.48402 -2.01273 -5.51103 3.42591 7.68682 4.72645 -10.6853 5.20511 -4.62999 -0.920803
67.66 2.06716 5.22294 3.98226 -14.2885 4.74553 0.0479937 -4.61135 4.25172 3.42948 1.06781 -15.126 4.17991 1.40206 -0.618119 2.20747 1.08997 1.05421 -14.8586 1.83325 2.79747 0.81425 -0.908968 0.00881521 1.47561 -14.03 -0.410276 2.32715 -0.411586 -4.26326 3.86914 3.48118 -12.8537 -0.0604997 -0.835175 -2.30468 1.17923 6.69633 4.56106 -14.4094 5.25371 -2.05518 -5.68538 3.1865 7.94537 4.85299 -10.7572 5.29204 -4.92351 -1.34843
67.71 0.814055 5.40093 4.73842 -14.1107 4.6014 -0.301883 -4.94241 4.43501 3.84219 1.18744 -15.2225 4.40772 1.03284 -1.02523 2.75559 1.49577 0.936549 -14.8917 2.40231 2.66087 0.81137 -0.522886 -0.111374 1.42923 -14.1381 -0.269464 2.5067 -0.13444 -4.08209 3.48443 3.11674 -12.8721 -0.236674 -0.441358 -1.99905 0.29139 6.51961 4.75976 -14.2527 4.8347 -2.07349 -5.79596 2.95117 8.18213 4.95026 -10.8378 5.34921 -5.20382 -1.78398
67.76 -0.83486 5.35546 5.36491 -13.9298 4.08271 -0.603465 -5.21054 4.5171 4.24376 1.39688 -15.3116 4.5994 0.652309 -1.52078 3.23736 1.91078 0.827095 -14.9184 2.91043 2.4552 0.717992 -0.0804057 -0.149831 1.36742 -14.2381 -0.0455677 2.64811 0.13593 -3.83858 3.08436 2.7779 -12.9171 -0.386923 -0.0535227 -1.70338 -0.655389 6.20166 4.86099 -14.0923 4.2079 -2.05262 -5.82154 2.69753 8.39586 5.02853 -10.9223 5.37654 -5.47021 -2.23136
67.81 -2.60357 5.1203 5.74246 -13.7615 3.29396 -0.804257 -5.3556 4.46512 4.62968 1.70095 -15.3727 4.75971 0.264709 -2.1115 3.65299 2.32594 0.736585 -14.9397 3.34565 2.19026 0.548126 0.43039 -0.0943653 1.28538 -14.3295 0.284245 2.75162 0.388835 -3.55519 2.67086 2.47779 -12.9864 -0.513713 0.324981 -1.41146 -1.54323 5.7851 4.82973 -13.9384 3.47312 -1.96442 -5.72832 2.40451 8.58342 5.09998 -11.0053 5.37025 -5.72209 -2.68772
67.86 -4.10991 4.84148 5.84594 -13.6155 2.54774 -0.864887 -5.33488 4.27094 4.99601 2.09403 -15.3964 4.8919 -0.124378 -2.76769 4.00922 2.73915 0.67807 -14.9577 3.71245 1.8814 0.321387 1.0108 0.0623105 1.18296 -14.412 0.733225 2.81471 0.610917 -3.2423 2.25459 2.22357 -13.0767 -0.618433 0.687833 -1.11699 -2.25139 5.33345 4.64768 -13.8014 2.76852 -1.78476 -5.49393 2.0587 8.73874 5.17858 -11.0801 5.32154 -5.95874 -3.13783
67.91 -5.29194 4.56494 5.72601 -13.4953 1.93083 -0.796251 -5.17354 3.93479 5.33901 2.55493 -15.3819 4.99711 -0.507452 -3.44436 4.31143 3.15086 0.667565 -14.975 4.02073 1.54199 0.0539555 1.63468 0.312692 1.06346 -14.4856 1.28293 2.82932 0.78335 -2.90145 1.85108 2.01523 -13.1833 -0.701101 1.02687 -0.815523 -2.73835 4.88222 4.33033 -13.689 2.15984 -1.51797 -5.13841 1.64864 8.85171 5.27557 -11.1391 5.21488 -6.17887 -3.56039
67.96 -6.19332 4.29047 5.44177 -13.4018 1.42759 -0.632372 -4.92537 3.45361 5.65372 3.04936 -15.3329 5.07246 -0.875515 -4.10573 4.56014 3.5605 0.723217 -14.9944 4.2804 1.18104 -0.24498 2.25064 0.63095 0.93191 -14.5506 1.87609 2.78141 0.882158 -2.53362 1.47611 1.84495 -13.3008 -0.759879 1.33439 -0.507075 -3.00654 4.44222 3.92148 -13.6053 1.65205 -1.18963 -4.70981 1.15645 8.9062 5.39485 -11.174 5.02537 -6.37993 -3.93445
68.01 -6.85026 4.01041 5.04309 -13.3355 1.01193 -0.402761 -4.6343 2.83509 5.93111 3.54133 -15.2532 5.10675 -1.21896 -4.72675 4.75023 3.96498 0.861536 -15.0156 4.4998 0.804087 -0.572051 2.81404 0.985864 0.793896 -14.6072 2.44683 2.65822 0.888715 -2.14167 1.1442 1.6993 -13.4241 -0.790498 1.60523 -0.196505 -3.07798 4.01291 3.47545 -13.5516 1.23077 -0.824807 -4.25182 0.555528 8.8786 5.53347 -11.1781 4.71755 -6.5565 -4.23993
68.06 -7.27534 3.71749 4.57103 -13.2968 0.663613 -0.12722 -4.32792 2.10127 6.15338 4.00164 -15.1449 5.07248 -1.52821 -5.28843 4.87189 4.35991 1.09104 -15.0337 4.68563 0.415135 -0.926368 3.30794 1.35465 0.655211 -14.6561 2.95456 2.45924 0.803961 -1.7274 0.867958 1.56387 -13.5487 -0.785505 1.83763 0.109092 -2.99669 3.58893 3.03945 -13.5274 0.881083 -0.439458 -3.79221 -0.176016 8.74333 5.68465 -11.1501 4.25846 -6.69707 -4.45478
68.11 -7.46556 3.40635 4.06072 -13.2858 0.368207 0.181357 -4.02216 1.26592 6.28771 4.40774 -15.0084 4.91531 -1.79347 -5.77278 4.91102 4.74115 1.40658 -15.0413 4.84314 0.0185316 -1.3076 3.73567 1.72512 0.522132 -14.6982 3.38822 2.1972 0.647608 -1.28841 0.657855 1.4278 -13.6712 -0.733124 2.03273 0.403128 -2.81998 3.16413 2.64489 -13.5315 0.591646 -0.0417736 -3.34516 -1.0115 8.49553 5.83992 -11.0948 3.66218 -6.78028 -4.55183
68.16 -7.42341 3.07225 3.54203 -13.3023 0.115331 0.513516 -3.7258 0.319135 6.28663 4.73722 -14.8452 4.55735 -2.00226 -6.15756 4.84766 5.10552 1.78861 -15.0322 4.97639 -0.379987 -1.71692 4.10746 2.09233 0.402015 -14.735 3.75315 1.8893 0.44379 -0.816707 0.523414 1.2853 -13.7892 -0.615666 2.19339 0.680511 -2.59548 2.73662 2.30831 -13.5619 0.354369 0.364134 -2.91591 -1.85603 8.16899 5.99024 -11.02 3.01629 -6.78018 -4.50649
68.21 -7.17817 2.71086 3.03817 -13.3446 -0.102722 0.86031 -3.44355 -0.712654 6.12158 4.96167 -14.6617 3.96621 -2.13379 -6.40976 4.65791 5.45066 2.20919 -15.0038 5.08811 -0.773328 -2.15657 4.43316 2.45562 0.303891 -14.7685 4.05971 1.54982 0.209777 -0.298429 0.475669 1.13475 -13.901 -0.408133 2.32291 0.937182 -2.34819 2.31123 2.03571 -13.616 0.163701 0.775038 -2.50406 -2.62043 7.80919 6.12686 -10.9341 2.4133 -6.68699 -4.32218
68.26 -6.7859 2.32353 2.56572 -13.4098 -0.291823 1.21134 -3.1777 -1.6903 5.83378 5.05425 -14.4695 3.25241 -2.15798 -6.48812 4.32724 5.77445 2.64219 -14.9562 5.17931 -1.15388 -2.62146 4.71989 2.81702 0.23892 -14.8004 4.31804 1.18808 -0.0464715 0.283214 0.528105 0.977027 -14.0055 -0.0801957 2.42348 1.16868 -2.08466 1.89665 1.82519 -13.6901 0.0163944 1.18648 -2.10554 -3.27314 7.44459 6.24138 -10.8437 1.89162 -6.51633 -4.03635
68.31 -6.30875 1.9214 2.13649 -13.4932 -0.456496 1.55477 -2.92914 -2.48601 5.49094 5.00736 -14.2816 2.56859 -2.05767 -6.37664 3.86295 6.07411 3.07002 -14.891 5.24826 -1.51444 -3.0935 4.97148 3.18005 0.220639 -14.8312 4.53668 0.809613 -0.323173 0.934579 0.691017 0.814483 -14.1019 0.389918 2.49398 1.36757 -1.80144 1.50217 1.66877 -13.779 -0.0882175 1.59203 -1.71445 -3.81946 7.08781 6.32512 -10.7541 1.45118 -6.29431 -3.69479
68.36 -5.7976 1.51949 1.75793 -13.5893 -0.600205 1.87898 -2.69794 -3.07713 5.12813 4.83357 -14.1091 1.97932 -1.84925 -6.11051 3.28872 6.34474 3.48187 -14.8097 5.28836 -1.84854 -3.55053 5.18801 3.5478 0.264694 -14.8592 4.72247 0.418273 -0.620659 1.62734 0.957173 0.650716 -14.1898 0.985242 2.52679 1.51943 -1.4909 1.13667 1.55436 -13.8775 -0.147515 1.98389 -1.32599 -4.27494 6.74374 6.36918 -10.6692 1.08006 -6.04345 -3.33152
68.41 -5.28744 1.13098 1.43258 -13.6928 -0.725525 2.17435 -2.48369 -3.48482 4.75582 4.55661 -13.9599 1.48619 -1.56659 -5.7487 2.63157 6.57671 3.86917 -14.7126 5.28411 -2.1503 -3.97439 5.36458 3.92017 0.386824 -14.881 4.88088 0.0181845 -0.93901 2.29902 1.29558 0.490662 -14.2685 1.63713 2.50584 1.60091 -1.14529 0.809283 1.46731 -13.9801 -0.154582 2.35405 -0.940444 -4.65385 6.4141 6.36522 -10.592 0.765868 -5.77921 -2.96591
68.46 -4.79897 0.766224 1.15873 -13.7991 -0.834266 2.43432 -2.28572 -3.72891 4.37592 4.20706 -13.8385 1.07374 -1.23924 -5.34136 1.90736 6.75175 4.22396 -14.5987 5.2045 -2.41375 -4.35112 5.49024 4.29318 0.597957 -14.8923 5.01628 -0.385113 -1.27768 2.89775 1.66971 0.340696 -14.3378 2.26489 2.4127 1.58856 -0.757531 0.530489 1.39173 -14.0826 -0.0971761 2.6953 -0.564137 -4.96579 6.09929 6.3069 -10.5246 0.498324 -5.51133 -2.60673
68.51 -4.34225 0.433398 0.931918 -13.9047 -0.927573 2.65576 -2.10318 -3.82441 3.98743 3.81938 -13.7474 0.726711 -0.886444 -4.92158 1.10808 6.83862 4.53771 -14.4669 4.99634 -2.63176 -4.66789 5.54814 4.66102 0.898116 -14.89 5.13222 -0.784681 -1.6368 3.40852 2.05568 0.208877 -14.3975 2.81959 2.24025 1.47701 -0.318397 0.313125 1.31306 -14.1819 0.0430034 3.00137 -0.206342 -5.21515 5.79914 6.19123 -10.4683 0.269346 -5.24575 -2.25608
68.56 -3.92042 0.138816 0.746346 -14.0074 -1.00601 2.83873 -1.9352 -3.79247 3.58718 3.42682 -13.687 0.433254 -0.519396 -4.50898 0.209452 6.79634 4.79853 -14.3181 4.59298 -2.79343 -4.90834 5.51675 5.01837 1.27357 -14.8725 5.23148 -1.17308 -2.01893 3.83963 2.44323 0.105322 -14.4477 3.28871 1.99797 1.28386 0.184511 0.172577 1.22133 -14.2759 0.289266 3.26633 0.123251 -5.40114 5.51323 6.01946 -10.4238 0.0725637 -4.98604 -1.91199
68.61 -3.53266 -0.113507 0.595921 -14.1054 -1.06964 2.98575 -1.78087 -3.66584 3.17127 3.05631 -13.657 0.184603 -0.144794 -4.1144 -0.764812 6.60614 4.98833 -14.1573 3.97947 -2.87897 -5.04592 5.37271 5.36119 1.70035 -14.84 5.31617 -1.54337 -2.42762 4.20479 2.83021 0.0425256 -14.4891 3.67956 1.70325 1.03496 0.759408 0.123445 1.11245 -14.3633 0.661863 3.48311 0.413881 -5.51819 5.24106 5.79696 -10.3912 -0.0970964 -4.7343 -1.57
68.66 -3.17604 -0.322162 0.474851 -14.1978 -1.11813 3.10094 -1.63931 -3.48066 2.74089 2.72683 -13.656 -0.0257515 0.232144 -3.74333 -1.69136 6.30925 5.08728 -13.9928 3.2647 -2.85979 -5.04524 5.09953 5.68648 2.1528 -14.7939 5.38755 -1.8896 -2.85917 4.51455 3.21785 0.0354109 -14.5229 4.00508 1.37181 0.750514 1.39217 0.169601 0.986816 -14.4434 1.15689 3.64104 0.650571 -5.55754 4.9821 5.53193 -10.3701 -0.243725 -4.49168 -1.2255
68.71 -2.84666 -0.487897 0.377946 -14.2841 -1.15076 3.18926 -1.50969 -3.26535 2.30555 2.45 -13.6814 -0.202694 0.605787 -3.39794 -2.46148 5.96565 5.08423 -13.8338 2.58551 -2.72009 -4.89246 4.69541 5.99163 2.61052 -14.7354 5.44568 -2.2068 -3.29837 4.77376 3.60679 0.100388 -14.5501 4.27751 1.01441 0.441699 2.03593 0.29471 0.84702 -14.5161 1.72727 3.72451 0.81232 -5.51042 4.73584 5.23326 -10.3599 -0.37064 -4.25876 -0.876841
68.76 -2.54024 -0.612741 0.300741 -14.3641 -1.16653 3.25585 -1.39121 -3.03839 1.87806 2.22968 -13.7295 -0.349904 0.969341 -3.07846 -3.05569 5.60607 4.97842 -13.6884 1.99982 -2.47631 -4.61943 4.1722 6.27339 3.05836 -14.6658 5.48854 -2.49068 -3.72656 4.98144 3.99481 0.25208 -14.5713 4.50681 0.637888 0.113249 2.63688 0.470038 0.696122 -14.5818 2.30156 3.71804 0.87913 -5.37086 4.50183 4.9087 -10.3597 -0.480525 -4.03572 -0.527378
68.81 -2.2524 -0.699269 0.239492 -14.4378 -1.16413 3.30552 -1.28317 -2.81152 1.46957 2.06245 -13.7954 -0.470164 1.31498 -2.78389 -3.49282 5.23913 4.77578 -13.5628 1.50866 -2.16209 -4.27909 3.55283 6.52647 3.48423 -14.5851 5.51005 -2.73746 -4.12869 5.13249 4.37753 0.497579 -14.5855 4.70075 0.247296 -0.233109 3.16732 0.672043 0.536989 -14.6413 2.82572 3.61747 0.847141 -5.13541 4.27969 4.56486 -10.3686 -0.575485 -3.8225 -0.183676
68.86 -1.97873 -0.750126 0.191121 -14.5055 -1.14191 3.34233 -1.18493 -2.59156 1.08867 1.9403 -13.874 -0.565617 1.63476 -2.51253 -3.78938 4.86585 4.48842 -13.4617 1.09697 -1.80725 -3.91529 2.86514 6.74124 3.8791 -14.492 5.49634 -2.944 -4.49394 5.21977 4.75027 0.830954 -14.5905 4.86537 -0.1522 -0.596113 3.62631 0.888765 0.372419 -14.6963 3.2786 3.43465 0.733631 -4.80243 4.0692 4.20884 -10.3855 -0.657016 -3.61888 0.147734
68.91 -1.7148 -0.767662 0.153139 -14.5672 -1.09784 3.36951 -1.09596 -2.38142 0.742171 1.85372 -13.9602 -0.63794 1.92196 -2.26226 -3.95171 4.48572 4.13636 -13.3881 0.749696 -1.4314 -3.55534 2.12747 6.90042 4.2367 -14.384 5.41972 -3.10787 -4.81359 5.23385 5.10935 1.23193 -14.5845 5.00538 -0.55446 -0.974142 4.02443 1.11656 0.205584 -14.7489 3.6611 3.19002 0.565151 -4.37405 3.87045 3.8489 -10.4094 -0.725822 -3.42455 0.462175
68.96 -1.45597 -0.753631 0.123559 -14.6234 -1.02933 3.38939 -1.01582 -2.18117 0.435839 1.79375 -14.0498 -0.688437 2.17228 -2.03068 -3.98394 4.09768 3.74702 -13.3436 0.45503 -1.04575 -3.21373 1.33388 6.97485 4.55146 -14.2588 5.23164 -3.2269 -5.07865 5.1611 5.45225 1.67028 -14.5673 5.12441 -0.952668 -1.36631 4.37356 1.35578 0.0404132 -14.8023 3.98236 2.90328 0.364283 -3.8596 3.68412 3.49328 -10.4391 -0.781362 -3.23911 0.757015
69.01 -1.19721 -0.708954 0.100825 -14.6743 -0.933052 3.40357 -0.944272 -1.98907 0.174292 1.75292 -14.1394 -0.718044 2.38433 -1.81528 -3.90056 3.69919 3.35044 -13.3286 0.204204 -0.656064 -2.89694 0.455418 6.92361 4.81464 -14.1162 4.8647 -3.29705 -5.27696 4.98424 5.7773 2.11408 -14.5396 5.22502 -1.34028 -1.77442 4.6833 1.60785 -0.118245 -14.8597 4.25263 2.58932 0.144449 -3.27625 3.51204 3.14884 -10.4739 -0.8209 -3.0622 1.03117
69.06 -0.932759 -0.633497 0.0837485 -14.7203 -0.804606 3.41299 -0.881255 -1.80228 -0.0396921 1.72543 -14.2267 -0.727278 2.55935 -1.61337 -3.73125 3.28636 2.973 -13.3427 -0.009256 -0.265409 -2.60682 -0.509531 6.71709 5.00958 -13.9606 4.28034 -3.30709 -5.38779 4.68897 6.08322 2.53814 -14.5032 5.30857 -1.71182 -2.20272 4.96059 1.87381 -0.264624 -14.9234 4.4808 2.25794 -0.0893924 -2.64444 3.35823 2.82062 -10.5128 -0.837731 -2.89348 1.2845
69.11 -0.655782 -0.525832 0.0714779 -14.7615 -0.638158 3.41798 -0.827062 -1.61718 -0.205642 1.70693 -14.3102 -0.716129 2.70055 -1.42216 -3.51132 2.85856 2.63422 -13.3847 -0.190168 0.123424 -2.34259 -1.46026 6.38239 5.11185 -13.8005 3.55734 -3.23379 -5.3778 4.27597 6.36852 2.92988 -14.4593 5.37465 -2.0632 -2.6508 5.21016 2.15391 -0.392048 -14.9933 4.67409 1.91484 -0.337578 -1.97932 3.23073 2.51246 -10.5549 -0.818118 -2.73274 1.5173
69.16 -0.3579 -0.382967 0.0634848 -14.7983 -0.425994 3.41826 -0.782524 -1.42939 -0.324915 1.69419 -14.389 -0.683879 2.81227 -1.23861 -3.26773 2.4236 2.34686 -13.4522 -0.342143 0.506153 -2.10203 -2.2695 5.9838 5.09957 -13.6458 2.84229 -3.05526 -5.22116 3.76556 6.63075 3.28984 -14.4083 5.42011 -2.39145 -3.10636 5.43504 2.44806 -0.492805 -15.0668 4.83828 1.56295 -0.601988 -1.28132 3.1445 2.22849 -10.5992 -0.736416 -2.58009 1.72977
69.21 -0.0290264 -0.200169 0.0596014 -14.8308 -0.158351 3.41266 -0.749423 -1.23364 -0.399546 1.68478 -14.4624 -0.628826 2.89928 -1.05944 -3.01545 1.99442 2.11641 -13.5414 -0.467814 0.876277 -1.88211 -2.894 5.56376 4.96263 -13.5054 2.2168 -2.77718 -4.93422 3.18439 6.8652 3.62502 -14.3494 5.43712 -2.6943 -3.55054 5.63668 2.75702 -0.557735 -15.1393 4.97803 1.2036 -0.883566 -0.527865 3.12558 1.97533 -10.6442 -0.54824 -2.43634 1.92135
69.26 0.341787 0.0287602 0.0601305 -14.8591 0.175662 3.3987 -0.731264 -1.02333 -0.431213 1.67669 -14.5304 -0.547849 2.96619 -0.881048 -2.76231 1.58359 1.94086 -13.6476 -0.568965 1.22554 -1.67929 -3.34169 5.13847 4.70547 -13.3866 1.6922 -2.42954 -4.56671 2.55026 7.063 3.94036 -14.2804 5.40976 -2.96947 -3.96611 5.81468 3.08385 -0.575329 -15.2052 5.09719 0.837929 -1.18205 0.327402 3.21387 1.76605 -10.6878 -0.18728 -2.3041 2.08922
69.31 0.76281 0.309883 0.0660779 -14.8832 0.584293 3.37163 -0.734681 -0.790149 -0.420473 1.66794 -14.5929 -0.435759 3.01687 -0.699755 -2.51241 1.2016 1.81278 -13.7649 -0.646643 1.5454 -1.48968 -3.62313 4.7124 4.3486 -13.2938 1.25452 -2.04363 -4.16701 1.86466 7.20795 4.23579 -14.1974 5.30875 -3.21382 -4.33887 5.96576 3.43433 -0.530173 -15.259 5.19897 0.468503 -1.49705 1.31432 3.44708 1.62624 -10.7264 0.401185 -2.19078 2.22434
69.36 1.23205 0.645338 0.0795652 -14.9029 1.06485 3.32292 -0.771495 -0.523884 -0.366054 1.65611 -14.6499 -0.284424 3.05411 -0.512565 -2.26689 0.857471 1.72248 -13.8879 -0.701239 1.82905 -1.30898 -3.74215 4.28512 3.927 -13.2294 0.887441 -1.64103 -3.76722 1.10921 7.27303 4.50707 -14.0958 5.08581 -3.42189 -4.65507 6.08149 3.81256 -0.401799 -15.2953 5.28609 0.100923 -1.82954 2.34748 3.81005 1.59399 -10.7547 1.16286 -2.1146 2.30406
69.41 1.72958 1.02888 0.104436 -14.9176 1.59456 3.23946 -0.859939 -0.212813 -0.264161 1.63778 -14.7018 -0.0819319 3.0794 -0.318778 -2.02402 0.559074 1.66032 -14.0118 -0.732465 2.07282 -1.13254 -3.70934 3.85321 3.48234 -13.1937 0.578029 -1.23393 -3.38467 0.25499 7.22249 4.74587 -13.9725 4.68033 -3.58296 -4.89722 6.14556 4.21329 -0.168292 -15.31 5.36083 -0.255622 -2.18318 3.26271 4.23556 1.70023 -10.767 1.944 -2.10605 2.29182
69.46 2.22067 1.44601 0.146969 -14.9267 2.1327 3.1061 -1.02077 0.154927 -0.108247 1.60834 -14.7487 0.187287 3.09247 -0.121991 -1.77937 0.312524 1.61785 -14.1328 -0.739158 2.2765 -0.95532 -3.55561 3.41215 3.05264 -13.1862 0.316904 -0.828487 -3.02699 -0.683959 7.03809 4.93891 -13.8297 4.07389 -3.67604 -5.03839 6.1352 4.62282 0.183134 -15.3009 5.42512 -0.590033 -2.56275 3.96923 4.67284 1.9472 -10.7596 2.63657 -2.1905 2.16167
69.51 2.67116 1.88052 0.21658 -14.9289 2.6385 2.9133 -1.26607 0.588075 0.109669 1.56302 -14.7907 0.539119 3.09055 0.0685347 -1.52601 0.12139 1.58793 -14.2479 -0.718863 2.44268 -0.772184 -3.32614 2.9617 2.66618 -13.2056 0.0974351 -0.427655 -2.69599 -1.59934 6.75532 5.07072 -13.6745 3.36073 -3.66937 -5.04264 6.03126 5.02541 0.645913 -15.2681 5.48047 -0.892234 -2.96671 4.44718 5.101 2.30674 -10.7324 3.21197 -2.367 1.92381
69.56 3.05889 2.32063 0.326535 -14.9222 3.08779 2.66334 -1.59013 1.08484 0.394542 1.49902 -14.8282 0.9801 3.06698 0.23728 -1.25478 -0.0128894 1.56427 -14.3551 -0.6671 2.5757 -0.578559 -3.06101 2.50962 2.34049 -13.2501 -0.0850503 -0.0332824 -2.39001 -2.3828 6.4325 5.13095 -13.5163 2.67425 -3.54053 -4.89191 5.82413 5.40655 1.19205 -15.2139 5.52803 -1.15558 -3.38244 4.69847 5.51291 2.73105 -10.6901 3.68137 -2.61335 1.61249
69.61 3.37252 2.75962 0.494528 -14.904 3.4744 2.36775 -1.97289 1.62352 0.741454 1.41748 -14.8613 1.4933 3.00983 0.36244 -0.954961 -0.0893239 1.54072 -14.453 -0.576315 2.68058 -0.371917 -2.785 2.06748 2.08212 -13.3177 -0.233809 0.352601 -2.1053 -3.00902 6.10222 5.11661 -13.3639 2.07837 -3.2996 -4.61338 5.50518 5.75367 1.77841 -15.1422 5.56841 -1.37782 -3.79302 4.73944 5.90607 3.16864 -10.6418 4.06498 -2.90376 1.26
69.66 3.60376 3.19318 0.742353 -14.8709 3.80236 2.04018 -2.39038 2.1651 1.13349 1.32369 -14.8904 2.03541 2.90338 0.419359 -0.615145 -0.105455 1.51053 -14.5411 -0.434655 2.76201 -0.153579 -2.50973 1.64568 1.88775 -13.4051 -0.350988 0.726835 -1.83682 -3.49714 5.77283 5.02864 -13.224 1.5778 -2.97876 -4.25958 5.06267 6.05706 2.35912 -15.057 5.60136 -1.56056 -4.18465 4.61119 6.27947 3.57854 -10.6003 4.38024 -3.2179 0.885632
69.71 3.73975 3.61702 1.09313 -14.8189 4.07894 1.69161 -2.82205 2.67278 1.54963 1.22609 -14.9166 2.55687 2.73552 0.390865 -0.223422 -0.0559752 1.46678 -14.6192 -0.225111 2.8235 0.0706869 -2.23798 1.25213 1.74767 -13.5084 -0.437727 1.08468 -1.57878 -3.8694 5.44214 4.86908 -13.1018 1.15823 -2.61021 -3.87633 4.49553 6.31062 2.89889 -14.9614 5.6249 -1.70794 -4.54816 4.37518 6.63254 3.9367 -10.5774 4.63968 -3.54182 0.497225
69.76 3.75612 4.02642 1.56492 -14.744 4.31088 1.32941 -3.25283 3.12709 1.97421 1.1353 -14.9423 3.02533 2.50575 0.276885 0.232237 0.0674391 1.40418 -14.6878 0.0734587 2.86644 0.291592 -1.96643 0.893066 1.6498 -13.6226 -0.494035 1.42015 -1.32496 -4.13794 5.1054 4.64095 -13.0013 0.804291 -2.21738 -3.49255 3.82766 6.51117 3.37937 -14.8567 5.6335 -1.82508 -4.87768 4.09232 6.96479 4.23425 -10.5797 4.85184 -3.86637 0.0968495
69.81 3.60695 4.41624 2.16158 -14.6431 4.50226 0.958534 -3.67247 3.52357 2.39951 1.06383 -14.9728 3.43036 2.2245 0.0904019 0.758624 0.273235 1.32109 -14.7473 0.479425 2.88888 0.496814 -1.68746 0.574253 1.58211 -13.7422 -0.518339 1.72696 -1.06906 -4.30433 4.75923 4.35087 -12.9253 0.503613 -1.81507 -3.12313 3.09892 6.65535 3.79637 -14.742 5.61457 -1.917 -5.16868 3.80587 7.27583 4.47257 -10.6078 5.02265 -4.18569 -0.314112
69.86 3.21646 4.77954 2.86508 -14.5154 4.65126 0.583441 -4.07416 3.86349 2.82319 1.02646 -15.0178 3.77474 1.90568 -0.156361 1.34366 0.561905 1.21999 -14.7984 0.991281 2.88355 0.669499 -1.39073 0.302204 1.53351 -13.8626 -0.506675 1.9998 -0.80599 -4.36433 4.40257 4.01231 -12.8759 0.246787 -1.41167 -2.77378 2.33876 6.73495 4.15243 -14.6156 5.54309 -1.98763 -5.41651 3.53751 7.56541 4.65849 -10.6577 5.15659 -4.49603 -0.733196
69.91 2.50061 5.10188 3.63471 -14.3628 4.73979 0.210249 -4.45265 4.14632 3.2443 1.04042 -15.0872 4.06589 1.56092 -0.461909 1.9474 0.91781 1.10651 -14.8418 1.57103 2.83638 0.78667 -1.06518 0.0849948 1.49342 -13.9798 -0.451561 2.23523 -0.534102 -4.31663 4.03536 3.64602 -12.8543 0.026703 -1.0112 -2.4447 1.54706 6.73179 4.44938 -14.4756 5.37517 -2.03891 -5.6152 3.29093 7.83349 4.80113 -10.7239 5.25729 -4.79505 -1.15823
69.96 1.41786 5.34317 4.41207 -14.1907 4.70063 -0.150621 -4.80119 4.36418 3.66046 1.12396 -15.1791 4.31159 1.19803 -0.834977 2.52043 1.31398 0.988237 -14.8778 2.15608 2.73004 0.824117 -0.700117 -0.0674726 1.45123 -14.0911 -0.340772 2.43191 -0.256957 -4.17166 3.65661 3.27602 -12.8606 -0.162012 -0.615179 -2.13287 0.695113 6.61557 4.6818 -14.3231 5.04711 -2.069 -5.75588 3.05625 8.07998 4.91015 -10.8013 5.32749 -5.08133 -1.58978
70.01 -0.0612831 5.40742 5.11199 -14.0093 4.36471 -0.478737 -5.10274 4.49568 4.06754 1.29251 -15.2746 4.5186 0.822022 -1.28929 3.0324 1.72659 0.873925 -14.9073 2.69416 2.55445 0.769895 -0.284214 -0.143687 1.39712 -14.1949 -0.156486 2.59013 0.0176414 -3.95247 3.26355 2.92387 -12.894 -0.323381 -0.224447 -1.83351 -0.23429 6.35852 4.83047 -14.1632 4.50755 -2.06826 -5.82267 2.81366 8.30417 4.99548 -10.8848 5.36825 -5.35396 -2.03162
70.06 -1.83781 5.23658 5.61036 -13.8337 3.65217 -0.731372 -5.31077 4.50579 4.46092 1.55463 -15.35 4.69232 0.436971 -1.83914 3.47663 2.14225 0.773572 -14.9308 3.16178 2.31397 0.631551 0.19515 -0.131207 1.32432 -14.2901 0.123764 2.71051 0.279718 -3.68469 2.85519 2.60536 -12.9529 -0.460324 0.158799 -1.54074 -1.16669 5.97734 4.86181 -14.0051 3.80203 -2.01382 -5.78648 2.54019 8.50387 5.06828 -10.9691 5.37762 -5.61234 -2.48517
70.11 -3.48399 4.96551 5.83132 -13.6771 2.86315 -0.85564 -5.36425 4.37435 4.83638 1.90988 -15.3907 4.83667 0.0477309 -2.47191 3.85831 2.55632 0.699089 -14.95 3.55781 2.02268 0.427663 0.745981 -0.0195638 1.23069 -14.3766 0.519818 2.79211 0.517387 -3.38436 2.43838 2.33034 -13.0344 -0.574728 0.529529 -1.24812 -1.9641 5.53482 4.74674 -13.8595 3.07077 -1.87611 -5.61495 2.21907 8.67444 5.14202 -11.0484 5.34917 -5.85585 -2.94053
70.16 -4.80583 4.68683 5.80275 -13.5453 2.1885 -0.840496 -5.25893 4.10147 5.19021 2.3444 -15.3928 4.95388 -0.339047 -3.14465 4.18405 2.96864 0.665155 -14.9672 3.89072 1.69544 0.176691 1.35596 0.191532 1.11821 -14.4541 1.02996 2.82963 0.714571 -3.05589 2.02722 2.10219 -13.1344 -0.667269 0.88015 -0.950058 -2.55027 5.08099 4.48527 -13.7354 2.41652 -1.64546 -5.30796 1.83915 8.80776 5.2299 -11.1155 5.27062 -6.08351 -3.37797
70.21 -5.82579 4.41227 5.58453 -13.4399 1.63826 -0.714594 -5.0428 3.68459 5.51823 2.8286 -15.3586 5.04321 -0.71493 -3.81644 4.45677 3.37943 0.689239 -14.9855 4.17079 1.34318 -0.10898 1.98218 0.483683 0.991322 -14.5228 1.61251 2.81134 0.848986 -2.69973 1.63773 1.91647 -13.2477 -0.736998 1.20246 -0.644355 -2.91377 4.63563 4.11042 -13.6387 1.86535 -1.34088 -4.90555 1.38616 8.89062 5.33932 -11.162 5.1216 -6.29346 -3.77601
70.26 -6.58807 4.13567 5.23103 -13.3615 1.18671 -0.511117 -4.76643 3.12479 5.8137 3.32576 -15.2921 5.09789 -1.07047 -4.45792 4.67379 3.78671 0.789252 -15.0062 4.40711 0.972783 -0.423767 2.57267 0.825847 0.855467 -14.5831 2.20014 2.72248 0.897677 -2.31809 1.28507 1.76174 -13.3691 -0.7808 1.48997 -0.333904 -3.06831 4.20205 3.67428 -13.5717 1.40775 -0.98968 -4.45619 0.837028 8.90271 5.47005 -11.1803 4.87104 -6.48184 -4.11438
70.31 -7.11567 3.84922 4.78684 -13.3105 0.810645 -0.254007 -4.46431 2.43913 6.06341 3.80317 -15.1964 5.09887 -1.39604 -5.04805 4.82723 4.18643 0.978093 -15.0265 4.60709 0.588665 -0.766081 3.0978 1.19056 0.716346 -14.6353 2.73867 2.55614 0.851794 -1.91371 0.982748 1.62341 -13.4936 -0.792747 1.73941 -0.0252178 -3.04792 3.77652 3.22896 -13.5346 1.02797 -0.612037 -3.99485 0.164246 8.8177 5.61665 -11.1663 4.48139 -6.64036 -4.3724
70.36 -7.41055 3.54673 4.28945 -13.2873 0.493281 0.0412314 -4.15685 1.64876 6.2419 4.23587 -15.0723 5.00487 -1.68208 -5.56901 4.905 4.57418 1.25714 -15.0397 4.77657 0.194837 -1.13538 3.55374 1.56124 0.579955 -14.6803 3.20512 2.31995 0.724083 -1.4863 0.742165 1.48864 -13.6174 -0.76315 1.95075 0.274659 -2.90651 3.35269 2.81322 -13.5263 0.713014 -0.219151 -3.54115 -0.633599 8.6178 5.77122 -11.1222 3.93893 -6.75225 -4.52527
70.41 -7.46964 3.2234 3.77119 -13.2917 0.222649 0.364017 -3.85555 0.752908 6.30686 4.60238 -14.9205 4.74537 -1.91779 -6.00118 4.88991 4.94636 1.61288 -15.0385 4.92015 -0.203641 -1.53195 3.94898 1.93018 0.453093 -14.7192 3.59934 2.03033 0.538604 -1.03046 0.572992 1.3494 -13.7376 -0.677153 2.12625 0.559958 -2.6987 2.92617 2.44967 -13.5453 0.453454 0.183502 -3.10379 -1.48774 8.32021 5.92483 -11.055 3.30157 -6.79176 -4.54486
70.46 -7.30869 2.87446 3.25836 -13.3229 -0.0100113 0.705498 -3.56666 -0.251819 6.21399 4.87719 -14.7449 4.25313 -2.0869 -6.31708 4.75893 5.30028 2.01995 -15.0188 5.04116 -0.600207 -1.95808 4.29404 2.29509 0.343984 -14.754 3.93043 1.7034 0.316466 -0.53486 0.485297 1.20243 -13.8523 -0.513078 2.26919 0.826287 -2.45981 2.4989 2.14853 -13.5893 0.242678 0.592636 -2.68455 -2.29496 7.97039 6.06857 -10.9731 2.67139 -6.73923 -4.41912
70.51 -6.9737 2.49779 2.77029 -13.3784 -0.211308 1.05605 -3.29337 -1.27465 5.97157 5.03056 -14.5549 3.57247 -2.16232 -6.47703 4.49116 5.6338 2.45018 -14.9796 5.14148 -0.987357 -2.41332 4.59736 2.65695 0.262801 -14.7864 4.20896 1.35066 0.0695845 0.0168134 0.491643 1.04766 -13.9601 -0.242217 2.38246 1.0696 -2.20347 2.07837 1.91118 -13.6551 0.076409 1.00452 -2.2808 -2.99789 7.60564 6.19392 -10.8839 2.11219 -6.59983 -4.17242
70.56 -6.52698 2.1004 2.32071 -13.4543 -0.386317 1.40434 -3.0371 -2.15931 5.64654 5.04488 -14.3635 2.86152 -2.11715 -6.44825 4.08382 5.94458 2.88192 -14.922 5.22073 -1.35762 -2.88498 4.86426 3.01879 0.222012 -14.8178 4.44425 0.979074 -0.198063 0.638184 0.605087 0.886882 -14.0602 0.163921 2.46676 1.2842 -1.92978 1.67387 1.73209 -13.7381 -0.0472235 1.41358 -1.88717 -3.58961 7.24448 6.29239 -10.7934 1.63695 -6.39739 -3.85043
70.61 -6.02562 1.69659 1.91911 -13.5455 -0.538946 1.73841 -2.79824 -2.83936 5.29033 4.92488 -14.183 2.22784 -1.95282 -6.24375 3.55485 6.2289 3.30197 -14.8476 5.27488 -1.70419 -3.3512 5.0966 3.38422 0.236437 -14.8473 4.64384 0.592983 -0.486286 1.31898 0.828087 0.72313 -14.152 0.709521 2.51776 1.45927 -1.63237 1.29444 1.60075 -13.8331 -0.127168 1.81251 -1.49788 -4.08337 6.89444 6.35512 -10.7061 1.23675 -6.15699 -3.49359
70.66 -5.51169 1.30071 1.57017 -13.6463 -0.672145 2.04756 -2.57655 -3.32538 4.92171 4.6902 -14.0227 1.69369 -1.69884 -5.91717 2.93146 6.47963 3.70115 -14.7576 5.293 -2.02099 -3.79167 5.29184 3.75482 0.322202 -14.8724 4.81378 0.196183 -0.795438 2.00821 1.13927 0.560734 -14.2348 1.34695 2.52303 1.57521 -1.30316 0.948982 1.5035 -13.9344 -0.158545 2.19324 -1.11058 -4.49471 6.55831 6.37337 -10.6251 0.898744 -5.89719 -3.12741
70.71 -5.01184 0.924313 1.27393 -13.7519 -0.788052 2.3238 -2.37146 -3.64001 4.54516 4.3687 -13.8886 1.24755 -1.38831 -5.52493 2.23633 6.6829 4.07131 -14.6513 5.25191 -2.30219 -4.19085 5.44181 4.12823 0.493132 -14.8888 4.9589 -0.206479 -1.12518 2.64327 1.50146 0.405413 -14.3083 1.99388 2.46373 1.60655 -0.935007 0.64724 1.4248 -14.0374 -0.131589 2.54812 -0.729129 -4.83546 6.23692 6.33972 -10.5531 0.611651 -5.63 -2.7648
70.76 -4.54033 0.576447 1.02695 -13.8582 -0.888095 2.56248 -2.18219 -3.79935 4.16074 3.99359 -13.784 0.873211 -1.04501 -5.10756 1.473 6.81359 4.40442 -14.5275 5.10875 -2.54135 -4.53586 5.53214 4.49908 0.754734 -14.8929 5.08307 -0.608614 -1.4751 3.19286 1.88415 0.264437 -14.3723 2.58435 2.32614 1.53795 -0.520021 0.400898 1.34907 -14.1385 -0.0307258 2.87049 -0.36194 -5.11234 5.93032 6.24956 -10.4918 0.366466 -5.36284 -2.41042
70.81 -4.10297 0.264279 0.823857 -13.9624 -0.973082 2.76231 -2.00788 -3.82047 3.76622 3.59941 -13.71 0.557267 -0.683261 -4.69002 0.620604 6.83338 4.69053 -14.3859 4.79921 -2.72975 -4.81262 5.5432 4.86165 1.09934 -14.8821 5.18941 -1.00287 -1.84654 3.65759 2.27162 0.146967 -14.4266 3.09123 2.11284 1.37781 -0.046936 0.224325 1.26397 -14.235 0.165535 3.15443 -0.0186425 -5.32682 5.63816 6.10222 -10.442 0.156115 -5.10021 -2.06386
70.86 -3.70039 -0.00709284 0.658604 -14.0626 -1.04329 2.92482 -1.84761 -3.73122 3.35757 3.21633 -13.6666 0.289686 -0.311332 -4.28653 -0.330119 6.70735 4.91437 -14.2295 4.27287 -2.85223 -4.99993 5.45177 5.21133 1.50667 -14.8562 5.28035 -1.38197 -2.24325 4.05037 2.6588 0.0644125 -14.4718 3.51526 1.83916 1.15059 0.495985 0.133277 1.16285 -14.3254 0.480583 3.3936 0.290759 -5.47536 5.35996 5.9013 -10.4042 -0.0250028 -4.84475 -1.72156
70.91 -3.33041 -0.235109 0.525211 -14.1576 -1.09856 3.05353 -1.7005 -3.56784 2.93288 2.86681 -13.653 0.0630533 0.0652131 -3.90461 -1.29594 6.44961 5.05564 -14.0655 3.58368 -2.8829 -5.0645 5.23694 5.54471 1.95066 -14.8159 5.35753 -1.73953 -2.66595 4.38371 3.04596 0.0306522 -14.5088 3.8681 1.52236 0.880001 1.10708 0.137961 1.0444 -14.4088 0.924494 3.57924 0.553601 -5.5503 5.09522 5.654 -10.378 -0.181383 -4.59799 -1.37863
70.96 -2.98948 -0.419662 0.418196 -14.2466 -1.13832 3.15312 -1.56569 -3.36307 2.49819 2.5657 -13.6671 -0.128172 0.441079 -3.54773 -2.14249 6.12093 5.0984 -13.903 2.87637 -2.7965 -4.97782 4.89011 5.85912 2.40816 -14.7627 5.42163 -2.07015 -3.1041 4.66511 3.4344 0.0616718 -14.5388 4.16268 1.17543 0.581099 1.7532 0.231331 0.910498 -14.4848 1.46985 3.69784 0.751389 -5.54242 4.8434 5.36918 -10.3631 -0.316665 -4.36073 -1.0317
71.01 -2.67343 -0.562322 0.332768 -14.3294 -1.1617 3.22871 -1.44237 -3.13949 2.06569 2.32038 -13.7057 -0.288164 0.810019 -3.21683 -2.81316 5.76648 5.03772 -13.7507 2.24697 -2.59507 -4.75184 4.41743 6.15173 2.86203 -14.698 5.4717 -2.36929 -3.53931 4.89606 3.82329 0.173479 -14.5627 4.41001 0.806706 0.261029 2.37849 0.387949 0.764149 -14.5535 2.05091 3.73266 0.862026 -5.44435 4.60401 5.05524 -10.3586 -0.4338 -4.1333 -0.681899
71.06 -2.3779 -0.665492 0.264868 -14.4059 -1.16753 3.28532 -1.32979 -2.91147 1.64758 2.13043 -13.7643 -0.420066 1.1646 -2.9114 -3.31725 5.40245 4.87689 -13.6156 1.71545 -2.30784 -4.43496 3.83726 6.41838 3.29894 -14.6222 5.5038 -2.63294 -3.95453 5.07298 4.20896 0.377287 -14.5802 4.61878 0.421749 -0.0775373 2.94154 0.580279 0.608324 -14.6156 2.60175 3.67319 0.872795 -5.25169 4.37665 4.71913 -10.3637 -0.535149 -3.91575 -0.334772
71.11 -2.0985 -0.731837 0.211132 -14.4762 -1.15432 3.32738 -1.22728 -2.68788 1.25354 1.98946 -13.838 -0.526276 1.49677 -2.63001 -3.67475 5.03202 4.62509 -13.5032 1.27057 -1.96797 -4.07724 3.17661 6.65171 3.70845 -14.5349 5.50812 -2.85764 -4.33726 5.1895 4.58664 0.673423 -14.5895 4.79573 0.0255027 -0.433351 3.43123 0.791311 0.445804 -14.6723 3.08703 3.52454 0.792296 -4.96197 4.16101 4.36755 -10.3771 -0.622488 -3.70792 0.00278814
71.16 -1.83081 -0.763876 0.168821 -14.5406 -1.12021 3.35849 -1.13426 -2.47324 0.891032 1.88829 -13.9214 -0.608663 1.79909 -2.37067 -3.8962 4.65501 4.29868 -13.4172 0.896423 -1.59962 -3.71316 2.46012 6.83831 4.08322 -14.4339 5.46398 -3.04067 -4.67815 5.23741 4.95215 1.04775 -14.5886 4.94614 -0.376352 -0.804922 3.85478 1.01431 0.279539 -14.7257 3.49983 3.30466 0.64493 -4.57519 3.95702 4.00829 -10.398 -0.69691 -3.50951 0.325185
71.21 -1.57031 -0.763661 0.135735 -14.5992 -1.06289 3.38136 -1.05025 -2.26874 0.566257 1.81755 -14.0099 -0.668691 2.0661 -2.13112 -3.98515 4.27067 3.92215 -13.3597 0.579697 -1.21734 -3.36224 1.69391 6.95478 4.41774 -14.3165 5.33279 -3.17987 -4.96863 5.20511 5.30246 1.47359 -14.5763 5.07408 -0.777202 -1.1908 4.22426 1.24831 0.113089 -14.7783 3.84693 3.03442 0.456181 -4.09717 3.76505 3.6498 -10.4253 -0.758504 -3.32018 0.628919
71.26 -1.31218 -0.732508 0.110135 -14.6524 -0.979383 3.39791 -0.974919 -2.07333 0.2844 1.76905 -14.0998 -0.707462 2.29509 -1.90887 -3.95016 3.87725 3.52518 -13.3316 0.310369 -0.828963 -3.03401 0.856892 6.96454 4.70525 -14.1813 5.05358 -3.27247 -5.19839 5.07655 5.63559 1.91866 -14.5531 5.18261 -1.17026 -1.5914 4.55044 1.49451 -0.049113 -14.8336 4.13859 2.73103 0.243691 -3.54184 3.58632 3.29969 -10.4579 -0.805668 -3.13954 0.912297
71.31 -1.05102 -0.67078 0.090677 -14.7005 -0.86581 3.40937 -0.908109 -1.88459 0.0491501 1.73627 -14.1884 -0.725688 2.48622 -1.70133 -3.81453 3.47121 3.13643 -13.3329 0.0810355 -0.438426 -2.73205 -0.0753032 6.82763 4.93311 -14.0307 4.56427 -3.31129 -5.35138 4.83482 5.95014 2.35386 -14.5203 5.27364 -1.5495 -2.01029 4.8414 1.75425 -0.2017 -14.8943 4.38442 2.40644 0.0158702 -2.9291 3.42371 2.96376 -10.4951 -0.833746 -2.96723 1.17483
71.36 -0.780523 -0.577653 0.0763623 -14.7438 -0.717028 3.41632 -0.849943 -1.69923 -0.137997 1.71424 -14.2738 -0.72361 2.64192 -1.50573 -3.61297 3.04962 2.77856 -13.3628 -0.113786 -0.0483757 -2.45656 -1.05048 6.5423 5.07959 -13.8714 3.88487 -3.27834 -5.39946 4.47252 6.2448 2.76055 -14.4796 5.34765 -1.91024 -2.45038 5.10279 2.02809 -0.338405 -14.9617 4.59237 2.06804 -0.225739 -2.2776 3.28321 2.64626 -10.5359 -0.832597 -2.80296 1.41668
71.41 -0.493047 -0.45086 0.0665179 -14.7825 -0.526201 3.41877 -0.800977 -1.51322 -0.277708 1.69929 -14.3547 -0.70085 2.76611 -1.31918 -3.37736 2.61637 2.46729 -13.4193 -0.2782 0.337725 -2.20586 -1.93321 6.16475 5.12011 -13.713 3.15069 -3.14777 -5.30875 4.0019 6.51766 3.13388 -14.4318 5.40288 -2.24905 -2.90481 5.33834 2.316 -0.452006 -15.034 4.76881 1.71981 -0.48276 -1.59542 3.17625 2.35098 -10.5793 -0.78259 -2.64668 1.63816
71.46 -0.179243 -0.286446 0.0608081 -14.8169 -0.284456 3.41598 -0.762503 -1.32173 -0.371867 1.68867 -14.4305 -0.656188 2.86348 -1.13849 -3.12767 2.18298 2.21145 -13.4995 -0.415255 0.714372 -1.9772 -2.64003 5.75104 5.03874 -13.5653 2.48109 -2.911 -5.07454 3.44911 6.7652 3.47917 -14.3765 5.43388 -2.56342 -3.35636 5.5502 2.6182 -0.534059 -15.1076 4.91887 1.36365 -0.756709 -0.871031 3.1234 2.08305 -10.6243 -0.648547 -2.49881 1.83916
71.51 0.171684 -0.0787698 0.0593075 -14.8471 0.0188438 3.40615 -0.737134 -1.11878 -0.422416 1.68024 -14.501 -0.587195 2.93876 -0.960216 -2.87422 1.76261 2.01224 -13.5988 -0.527099 1.07395 -1.76727 -3.1643 5.32708 4.83329 -13.4362 1.91285 -2.58994 -4.73603 2.83718 6.98072 3.80301 -14.3124 5.42884 -2.85115 -3.7865 5.73887 2.93654 -0.574249 -15.1772 5.04672 1.00058 -1.04778 -0.0673882 3.15858 1.85206 -10.6689 -0.373225 -2.36095 2.01814
71.56 0.569883 0.178621 0.0626711 -14.8731 0.393859 3.38568 -0.729894 -0.896878 -0.430493 1.67204 -14.5659 -0.489694 2.99621 -0.780647 -2.62257 1.36666 1.86426 -13.7119 -0.615089 1.40783 -1.57231 -3.51866 4.90119 4.51702 -13.3315 1.43879 -2.21768 -4.34559 2.17544 7.1517 4.10756 -14.2362 5.36519 -3.10964 -4.17987 5.90254 3.27575 -0.559118 -15.237 5.15584 0.632347 -1.35546 0.862735 3.32503 1.67732 -10.7103 0.112263 -2.23781 2.16956
71.61 1.01905 0.490202 0.0724621 -14.8947 0.844024 3.3479 -0.750039 -0.646645 -0.395728 1.66192 -14.6253 -0.356975 3.03914 -0.596339 -2.37516 1.00471 1.75846 -13.8331 -0.679903 1.70818 -1.38822 -3.70916 4.47472 4.11911 -13.2543 1.04226 -1.82048 -3.94295 1.45443 7.25628 4.39031 -14.1434 5.20351 -3.33471 -4.52295 6.03542 3.64165 -0.470405 -15.2817 5.24915 0.263015 -1.67992 1.89509 3.63725 1.59252 -10.7438 0.813505 -2.142 2.27776
71.66 1.50772 0.853834 0.091677 -14.9117 1.35619 3.28172 -0.813013 -0.356924 -0.315516 1.64697 -14.6795 -0.178875 3.06964 -0.405328 -2.13151 0.685174 1.68496 -13.9571 -0.721566 1.96984 -1.21049 -3.74114 4.04542 3.67955 -13.206 0.708655 -1.41433 -3.55135 0.646725 7.26128 4.64483 -14.0298 4.88577 -3.51845 -4.80051 6.12495 4.03376 -0.285884 -15.3064 5.32912 -0.099737 -2.02357 2.88001 4.04346 1.63516 -10.7638 1.60463 -2.09941 2.31094
71.71 2.00632 1.25817 0.125426 -14.9235 1.89613 3.17218 -0.939459 -0.015664 -0.184492 1.62308 -14.7285 0.0587055 3.08829 -0.209083 -1.88835 0.415057 1.63472 -14.0798 -0.73934 2.1911 -1.03425 -3.63584 3.60886 3.23909 -13.1862 0.4271 -1.00766 -3.18215 -0.262665 7.13533 4.86006 -13.895 4.36396 -3.64509 -4.99056 6.15043 4.44133 0.0128093 -15.3079 5.39782 -0.445326 -2.39124 3.68413 4.4795 1.82162 -10.7654 2.34393 -2.14098 2.2341
71.76 2.47834 1.68679 0.18165 -14.9289 2.42045 3.00619 -1.14691 0.387872 0.00501817 1.58531 -14.7727 0.372265 3.09356 -0.0142502 -1.63986 0.199099 1.60005 -14.1978 -0.731412 2.37344 -0.854361 -3.43426 3.16207 2.83067 -13.1938 0.189855 -0.604525 -2.83937 -1.20548 6.88867 5.02073 -13.7442 3.6803 -3.68668 -5.05973 6.08963 4.84889 0.428505 -15.2855 5.45697 -0.76286 -2.78534 4.26377 4.91308 2.13636 -10.7467 2.97126 -2.27861 2.04047
71.81 2.89576 2.1255 0.271821 -14.9264 2.89646 2.78051 -1.43793 0.857784 0.260099 1.5297 -14.8122 0.774148 3.08073 0.166476 -1.3778 0.0395314 1.57436 -14.3087 -0.694311 2.52055 -0.66586 -3.18092 2.70936 2.4766 -13.2274 -0.0085368 -0.207077 -2.52267 -2.05535 6.57762 5.11342 -13.5862 2.96906 -3.61283 -4.9771 5.92906 5.24121 0.942369 -15.2403 5.50787 -1.04396 -3.19793 4.61454 5.33266 2.5385 -10.7102 3.48521 -2.49733 1.75714
71.86 3.24323 2.56558 0.41163 -14.9137 3.31075 2.50342 -1.79765 1.382 0.580979 1.45551 -14.8471 1.25935 3.04027 0.313976 -1.09203 -0.0627042 1.55155 -14.4108 -0.621992 2.63727 -0.465085 -2.90762 2.2614 2.18829 -13.2851 -0.171911 0.182873 -2.2291 -2.75015 6.24855 5.13214 -13.4302 2.33007 -3.4183 -4.74928 5.66104 5.6048 1.51675 -15.1758 5.5514 -1.28441 -3.61277 4.74524 5.7343 2.97614 -10.6631 3.9044 -2.77113 1.41968
71.91 3.51213 3.00205 0.621212 -14.8876 3.66386 2.18845 -2.20259 1.9275 0.955645 1.36627 -14.8779 1.79507 2.9576 0.403993 -0.771361 -0.106012 1.52518 -14.5033 -0.504653 2.72857 -0.25147 -2.63124 1.82947 1.96648 -13.3642 -0.302878 0.562756 -1.95411 -3.29635 5.91866 5.07657 -13.2841 1.78858 -3.12852 -4.42228 5.2745 5.92853 2.10519 -15.0962 5.58775 -1.48426 -4.01418 4.6852 6.11653 3.40232 -10.617 4.24811 -3.07684 1.05347
71.96 3.69246 3.43075 0.923664 -14.8445 3.96229 1.84807 -2.63017 2.45375 1.36351 1.26916 -14.9053 2.33104 2.8178 0.414457 -0.404148 -0.0864649 1.48824 -14.5858 -0.32761 2.79857 -0.028865 -2.35802 1.42256 1.80378 -13.461 -0.403028 0.928545 -1.69219 -3.71774 5.5891 4.94844 -13.1535 1.33514 -2.77765 -4.04751 4.76122 6.20469 2.66639 -15.0049 5.61587 -1.64669 -4.39103 4.48885 6.47867 3.78529 -10.5847 4.53101 -3.3978 0.670825
72.01 3.76592 3.84716 1.3403 -14.7802 4.21329 1.49119 -3.06286 2.93295 1.78574 1.17392 -14.9307 2.82544 2.61468 0.337242 0.0218134 0.00303863 1.43444 -14.6586 -0.0711799 2.84973 0.194858 -2.0871 1.04751 1.68874 -13.571 -0.472902 1.27471 -1.43729 -4.03147 5.25559 4.75017 -13.043 0.953853 -2.39328 -3.66141 4.13347 6.42903 3.17435 -14.9042 5.63212 -1.77658 -4.7362 4.22012 6.8202 4.11 -10.5754 4.76326 -3.72296 0.275624
72.06 3.69762 4.24634 1.88245 -14.6911 4.4224 1.12363 -3.48844 3.35502 2.21124 1.09222 -14.9582 3.25877 2.35454 0.180994 0.516854 0.171562 1.36035 -14.722 0.285707 2.88178 0.408781 -1.81257 0.71013 1.6091 -13.6889 -0.511707 1.59495 -1.18306 -4.24345 4.91386 4.48634 -12.9558 0.630903 -1.9938 -3.28448 3.42682 6.59879 3.61937 -14.7942 5.62759 -1.87911 -5.0448 3.93134 7.14068 4.37395 -10.5924 4.95177 -4.04516 -0.130891
72.11 3.42505 4.6225 2.5424 -14.5753 4.59104 0.749798 -3.89878 3.71981 2.63575 1.03776 -14.9954 3.62923 2.05072 -0.0399997 1.07923 0.424401 1.26669 -14.7768 0.753006 2.89008 0.598352 -1.52508 0.416475 1.55336 -13.8095 -0.516663 1.8834 -0.923631 -4.35115 4.56187 4.16708 -12.8944 0.355649 -1.59017 -2.92595 2.6786 6.70853 4.00201 -14.6732 5.58354 -1.95879 -5.31239 3.65357 7.43978 4.58204 -10.6332 5.10156 -4.35983 -0.546718
72.16 2.86183 4.96575 3.28897 -14.4332 4.71054 0.374808 -4.28818 4.02835 3.05817 1.02673 -15.0532 3.94296 1.71627 -0.318903 1.68099 0.75349 1.15785 -14.8235 1.30968 2.86357 0.743272 -1.21364 0.173858 1.51081 -13.9285 -0.481997 2.13569 -0.655528 -4.35072 4.19936 3.81017 -12.8605 0.120044 -1.18811 -2.58812 1.90305 6.74509 4.32523 -14.5393 5.46518 -2.01858 -5.53372 3.39784 7.71739 4.74266 -10.6929 5.21658 -4.66409 -0.969263
72.21 1.94381 5.25092 4.07127 -14.2688 4.74189 0.00676059 -4.65116 4.27666 3.47695 1.07725 -15.1365 4.2079 1.36066 -0.660592 2.27295 1.13525 1.04069 -14.8627 1.90021 2.7854 0.818581 -0.867398 -0.00862271 1.47085 -14.0427 -0.397728 2.34957 -0.379949 -4.24662 3.82597 3.43889 -12.8544 -0.0819975 -0.79002 -2.26915 1.08223 6.68324 4.58765 -14.392 5.21661 -2.05865 -5.70149 3.15984 7.97347 4.86538 -10.766 5.30003 -4.95615 -1.39761
72.26 0.645383 5.40876 4.81886 -14.0899 4.56392 -0.339492 -4.97701 4.45019 3.88863 1.20662 -15.2335 4.43129 0.989948 -1.07694 2.81399 1.54288 0.923469 -14.895 2.46376 2.64083 0.805146 -0.475529 -0.120123 1.4231 -14.1499 -0.248561 2.52473 -0.103084 -4.05697 3.43962 3.07651 -12.8759 -0.255059 -0.396799 -1.96494 0.185067 6.49023 4.77688 -14.2345 4.77298 -2.07351 -5.80372 2.92362 8.2077 4.95994 -10.8474 5.35386 -5.23491 -1.83434
72.31 -1.04015 5.33503 5.42213 -13.9097 3.99943 -0.632563 -5.23461 4.51835 4.28863 1.42676 -15.3203 4.61918 0.608385 -1.58353 3.28798 1.95819 0.815598 -14.921 2.96375 2.42771 0.702126 -0.0257974 -0.148461 1.35913 -14.249 -0.0137183 2.66184 0.165865 -3.80797 3.03777 2.74154 -12.9238 -0.402528 -0.00980285 -1.67003 -0.762447 6.15786 4.86472 -14.0742 4.1267 -2.04657 -5.81759 2.66642 8.41865 5.03677 -10.932 5.37763 -5.49967 -2.28312
72.36 -2.79197 5.08902 5.76746 -13.7436 3.20322 -0.818469 -5.3617 4.45011 4.67251 1.74151 -15.3774 4.77616 0.220298 -2.18387 3.69647 2.37315 0.728024 -14.9419 3.39076 2.15697 0.524789 0.493242 -0.0816439 1.27469 -14.3394 0.329396 2.76095 0.416006 -3.52094 2.62326 2.44642 -12.9957 -0.526753 0.367287 -1.37813 -1.63449 5.73441 4.81662 -13.9218 3.38925 -1.94877 -5.70877 2.36794 8.6029 5.10832 -11.0143 5.36707 -5.74986 -2.73973
72.41 -4.26043 4.80969 5.84238 -13.6005 2.47085 -0.863003 -5.32262 4.23985 5.03637 2.14372 -15.3966 4.90526 -0.168517 -2.84459 4.04635 2.78616 0.674118 -14.9596 3.75036 1.84403 0.292714 1.08056 0.0864687 1.17012 -14.4209 0.791593 2.81905 0.633506 -3.20485 2.20763 2.19757 -13.0882 -0.628988 0.727849 -1.08302 -2.31825 5.28162 4.6177 -13.7873 2.69384 -1.75836 -5.45871 2.01545 8.754 5.18856 -11.0878 5.31268 -5.9847 -3.1878
72.46 -5.40801 4.53367 5.70087 -13.4833 1.86823 -0.781735 -5.14865 3.88726 5.37644 2.61032 -15.378 5.00732 -0.550354 -3.52108 4.34254 3.19771 0.670224 -14.9771 4.05262 1.5018 0.02136 1.70635 0.346159 1.04897 -14.4935 1.34969 2.82731 0.798793 -2.86083 1.8066 1.99411 -13.1962 -0.709065 1.06365 -0.780653 -2.77973 4.83143 4.28734 -13.678 2.09706 -1.48311 -5.09229 1.5971 8.86125 5.28805 -11.1445 5.19804 -6.20282 -3.60586
72.51 -6.28013 4.25898 5.40126 -13.3928 1.37621 -0.609061 -4.8937 3.38969 5.68746 3.1062 -15.3253 5.07878 -0.916097 -4.17897 4.58492 3.60695 0.734556 -14.9968 4.30731 1.13879 -0.280877 2.3181 0.670095 0.916394 -14.5574 1.94336 2.77131 0.887756 -2.49009 1.43584 1.82738 -13.3147 -0.7649 1.36719 -0.471646 -3.024 4.3928 3.8715 -13.5977 1.59995 -1.14949 -4.65841 1.09399 8.90771 5.40978 -11.1761 4.99699 -6.40144 -3.97313
72.56 -6.91041 3.97777 4.99227 -13.3297 0.969133 -0.373375 -4.59976 2.7568 5.9597 3.59587 -15.2423 5.10705 -1.25612 -4.79412 4.76778 4.01058 0.883058 -15.018 4.52258 0.760273 -0.611082 2.87392 1.02752 0.778006 -14.6131 2.50833 2.63922 0.883417 -2.09557 1.10968 1.68359 -13.4383 -0.791904 1.63367 -0.161276 -3.07539 3.96442 3.42449 -13.5474 1.18753 -0.781699 -4.19913 0.478862 8.86901 5.55022 -11.1765 4.67323 -6.57465 -4.26946
72.61 -7.30899 3.68302 4.51416 -13.2941 0.627484 -0.0935099 -4.29282 2.01116 6.17394 4.05107 -15.1307 5.0621 -1.56087 -5.34791 4.88084 4.40414 1.12292 -15.0352 4.70493 0.370209 -0.968473 3.35988 1.39695 0.639629 -14.6612 3.00774 2.43223 0.789279 -1.6787 0.840484 1.54854 -13.5628 -0.782199 1.86172 0.143309 -2.9803 3.54063 2.99195 -13.5265 0.845217 -0.394639 -3.74044 -0.267326 8.72045 5.70232 -11.1451 4.19633 -6.70996 -4.47236
72.66 -7.47224 3.36951 4.0015 -13.2864 0.337391 0.2182 -3.98778 1.16386 6.29536 4.44965 -14.991 4.88611 -1.82041 -5.82218 4.90941 4.7836 1.44726 -15.0411 4.85949 -0.0269324 -1.3528 3.78068 1.7672 0.50763 -14.7026 3.43312 2.1641 0.626358 -1.23649 0.638521 1.41194 -13.6849 -0.72342 2.05272 0.435676 -2.79612 3.11549 2.60339 -13.5336 0.562083 0.00414923 -3.29529 -1.10943 8.46136 5.85748 -11.0871 3.58897 -6.78489 -4.55413
72.71 -7.40483 3.03248 3.48347 -13.3059 0.0888346 0.552495 -3.69285 0.204154 6.27601 4.7687 -14.8252 4.50105 -2.02167 -6.19377 4.83283 5.14589 1.83516 -15.03 4.99018 -0.425237 -1.7655 4.14676 2.13393 0.389527 -14.739 3.79085 1.85197 0.418408 -0.76028 0.513356 1.26855 -13.8023 -0.597096 2.20968 0.710895 -2.56818 2.68787 2.27397 -13.5669 0.330358 0.410799 -2.86813 -1.94833 8.12893 6.00666 -11.0106 2.94414 -6.77416 -4.49203
72.76 -7.13967 2.66787 2.98246 -13.351 -0.125649 0.900333 -3.41239 -0.830139 6.09357 4.97925 -14.64 3.88772 -2.14254 -6.42818 4.6274 5.4887 2.25835 -14.9993 5.09955 -0.817505 -2.20854 4.46772 2.49687 0.294577 -14.7722 4.09142 1.50957 0.181613 -0.235605 0.476325 1.1171 -13.9133 -0.377397 2.33582 0.964949 -2.31896 2.26324 2.00867 -13.6235 0.144753 0.822025 -2.45805 -2.70059 7.76752 6.14119 -10.9239 2.3495 -6.67097 -4.29382
72.81 -6.7347 2.27815 2.51441 -13.4185 -0.311759 1.25111 -3.14848 -1.79144 5.79648 5.05585 -14.4476 3.17084 -2.15282 -6.48477 4.28071 5.8099 2.69147 -14.9496 5.18837 -1.19613 -2.67535 4.75031 2.85826 0.2342 -14.804 4.34483 1.14569 -0.0769867 0.354093 0.541018 0.958682 -14.0169 -0.0339295 2.43311 1.1932 -2.05349 1.85049 1.80482 -13.6995 0.00229389 1.23315 -2.06069 -3.34053 7.40338 6.25265 -10.8334 1.83748 -6.49312 -3.99944
72.86 -6.25139 1.87529 2.09068 -13.5036 -0.473885 1.59291 -2.90191 -2.56346 5.45025 4.99358 -14.261 2.49627 -2.03878 -6.35305 3.8025 6.10656 3.11796 -14.8825 5.25448 -1.55398 -3.14675 4.99798 3.22171 0.222206 -14.8346 4.55941 0.765575 -0.356033 1.01246 0.716548 0.795792 -14.1124 0.452358 2.49986 1.38762 -1.76757 1.45886 1.65386 -13.7899 -0.0973548 1.63756 -1.67008 -3.87568 7.04789 6.33232 -10.7442 1.40561 -6.26681 -3.65399
72.91 -5.73888 1.4743 1.71815 -13.6008 -0.615382 1.91427 -2.67267 -3.13243 5.08609 4.80668 -14.0908 1.91849 -1.82014 -6.073 3.21753 6.37339 3.52742 -14.7994 5.29054 -1.88469 -3.60082 5.2103 3.59006 0.274404 -14.8621 4.74183 0.373009 -0.655909 1.70625 0.992843 0.632174 -14.1992 1.05834 2.52749 1.53278 -1.4534 1.09723 1.54334 -13.889 -0.151138 2.02733 -1.28181 -4.32179 6.70541 6.37129 -10.66 1.04158 -6.01377 -3.28971
72.96 -5.23038 1.08803 1.39882 -13.7048 -0.738733 2.20587 -2.46031 -3.52062 4.71289 4.5198 -13.9445 1.4354 -1.53108 -5.70379 2.55229 6.6 3.91141 -14.7005 5.27962 -2.18239 -4.01996 5.38175 3.96277 0.406285 -14.8829 4.89741 -0.0277558 -0.976609 2.37157 1.33702 0.472919 -14.2769 1.71121 2.49915 1.60456 -1.10335 0.774826 1.45841 -13.9918 -0.151582 2.39455 -0.89691 -4.69266 6.37746 6.36141 -10.5838 0.733177 -5.74871 -2.92455
73.01 -4.74518 0.726528 1.1306 -13.8112 -0.845669 2.46154 -2.26414 -3.74701 4.3321 4.16413 -13.8266 1.03112 -1.20003 -5.29365 1.82044 6.76684 4.26198 -14.5846 5.18849 -2.44106 -4.39052 5.50064 4.33549 0.62782 -14.8928 5.03043 -0.430997 -1.31757 2.9604 1.71341 0.32458 -14.3451 2.33233 2.397 1.58069 -0.71027 0.502334 1.38316 -14.0941 -0.0857783 2.73208 -0.522226 -4.99735 6.06433 6.29662 -10.5176 0.470402 -5.48085 -2.56632
73.06 -4.29238 0.397782 0.908791 -13.9166 -0.937262 2.67854 -2.08331 -3.82668 3.94247 3.77429 -13.7389 0.690735 -0.845162 -4.87391 1.011 6.84107 4.57041 -14.4507 4.96135 -2.65331 -4.69954 5.54952 4.70238 0.937506 -14.8888 5.14433 -0.829667 -1.67913 3.46144 2.09988 0.19543 -14.4037 2.87737 2.21585 1.45863 -0.26452 0.292916 1.30339 -14.1929 0.065263 3.03377 -0.167156 -5.23962 5.76583 6.17441 -10.4626 0.245389 -5.21579 -2.21659
73.11 -3.87453 0.107863 0.727532 -14.0188 -1.01401 2.85724 -1.91693 -3.78212 3.5406 3.38303 -13.6821 0.40278 -0.476965 -4.46294 0.100647 6.78191 4.82415 -14.3002 4.53272 -2.80752 -4.92986 5.50643 5.05826 1.32014 -14.8695 5.24184 -1.21633 -2.06415 3.88436 2.48737 0.0958442 -14.4529 3.33699 1.96668 1.25784 0.246408 0.162141 1.20981 -14.2862 0.325124 3.29364 0.158585 -5.41811 5.48151 5.99652 -10.4195 0.0519343 -4.95691 -1.87298
73.16 -3.4905 -0.139505 0.580738 -14.1162 -1.07595 3.0004 -1.7641 -3.64705 3.12282 3.01639 -13.6555 0.158789 -0.101838 -4.07084 -0.875667 6.57642 5.00451 -14.1385 3.9001 -2.88261 -5.05344 5.34826 5.39921 1.75108 -14.8354 5.32497 -1.58416 -2.47587 4.24276 2.87435 0.0386004 -14.4933 3.71973 1.66707 1.00404 0.829241 0.12401 1.09893 -14.3728 0.712601 3.50434 0.443936 -5.52678 5.21087 5.76872 -10.3882 -0.114909 -4.70616 -1.53092
73.21 -3.13719 -0.343196 0.462672 -14.2079 -1.12266 3.11227 -1.62395 -3.45721 2.69127 2.69246 -13.6576 -0.0475349 0.275028 -3.70263 -1.78811 6.27157 5.09217 -13.9742 3.18361 -2.84993 -5.0353 5.05995 5.72234 2.20504 -14.7878 5.39486 -1.92732 -2.90922 4.54663 3.26215 0.0388699 -14.5263 4.03861 1.33221 0.716402 1.46612 0.180377 0.971535 -14.4521 1.21941 3.65464 0.673233 -5.55667 4.95339 5.49941 -10.3684 -0.259135 -4.46463 -1.18594
73.26 -2.81065 -0.504151 0.368225 -14.2935 -1.15343 3.19785 -1.49563 -3.23979 2.25618 2.42203 -13.6858 -0.220921 0.647887 -3.36022 -2.53787 5.92517 5.07729 -13.8164 2.51369 -2.69697 -4.86645 4.64143 6.02501 2.66233 -14.728 5.4514 -2.24093 -3.34808 4.80011 3.65114 0.113079 -14.5529 4.30567 0.972345 0.405195 2.10743 0.312703 0.83032 -14.5239 1.79385 3.72854 0.825003 -5.49926 4.70855 5.19743 -10.3594 -0.383985 -4.23283 -0.83693
73.31 -2.50656 -0.624491 0.293015 -14.3728 -1.1672 3.26228 -1.37838 -3.01235 1.83035 2.20805 -13.7362 -0.364932 1.00981 -3.04364 -3.11307 5.56455 4.96005 -13.6729 1.93928 -2.4434 -4.58306 4.10592 6.30383 3.10822 -14.6572 5.49224 -2.52076 -3.77396 5.00164 4.03881 0.275314 -14.5733 4.53058 0.593975 0.0746426 2.70112 0.492045 0.678343 -14.5888 2.36453 3.71124 0.880314 -5.3489 4.47591 4.87034 -10.3603 -0.492072 -4.01092 -0.487766
73.36 -2.22056 -0.706821 0.233378 -14.4459 -1.16263 3.31029 -1.27149 -2.786 1.42461 2.04642 -13.8038 -0.482265 1.35289 -2.75182 -3.53353 5.19689 4.747 -13.5499 1.45801 -2.12323 -4.23814 3.47738 6.55313 3.53096 -14.5751 5.51063 -2.7631 -4.17237 5.14581 4.42061 0.53141 -14.5865 4.7209 0.202091 -0.273684 3.22311 0.696133 0.518445 -14.6478 2.88107 3.60043 0.837839 -5.10238 4.2551 4.52474 -10.3702 -0.585438 -3.79881 -0.145163
73.41 -1.94823 -0.75377 0.186307 -14.5128 -1.13804 3.34587 -1.17433 -2.56708 1.04731 1.92882 -13.8835 -0.575003 1.66926 -2.48298 -3.81461 4.82287 4.45109 -13.4518 1.05437 -1.76518 -3.87369 2.78341 6.76263 3.92185 -14.4805 5.49148 -2.96488 -4.53284 5.22529 4.79195 0.873763 -14.5904 4.8825 -0.198049 -0.638486 3.67454 0.914193 0.353445 -14.7023 3.32563 3.40948 0.716704 -4.75831 4.04594 4.16784 -10.3879 -0.665501 -3.59626 0.184508
73.46 -1.68512 -0.767631 0.149375 -14.5739 -1.09132 3.37211 -1.08638 -2.35811 0.705117 1.84569 -13.9703 -0.644779 1.95242 -2.23495 -3.96182 4.44191 4.09328 -13.3815 0.71363 -1.38778 -3.51529 2.04022 6.91387 4.27487 -14.3707 5.40505 -3.12375 -4.84676 5.23025 5.1493 1.28064 -14.5831 5.01996 -0.600196 -1.01814 4.06651 1.14324 0.186585 -14.7549 3.70062 3.15913 0.543547 -4.31949 3.84856 3.80799 -10.4125 -0.732852 -3.40296 0.496813
73.51 -1.42657 -0.750077 0.120647 -14.6295 -1.01983 3.39127 -1.00724 -2.1589 0.403685 1.78825 -14.06 -0.692854 2.19839 -2.00536 -3.97984 4.05284 3.70162 -13.3404 0.424357 -1.00146 -3.17629 1.23861 6.97618 4.5843 -14.2433 5.20014 -3.23749 -5.10492 5.14653 5.49024 1.72116 -14.5646 5.13677 -0.997511 -1.41196 4.41071 1.38384 0.0218945 -14.8086 4.01557 2.86863 0.340018 -3.79618 3.66373 3.45333 -10.4428 -0.78676 -3.21852 0.789326
73.56 -1.16746 -0.70192 0.0986107 -14.6798 -0.920127 3.40487 -0.936654 -1.96757 0.147462 1.7492 -14.1495 -0.720121 2.40611 -1.79163 -3.88492 3.65291 3.30601 -13.3287 0.178082 -0.611525 -2.86251 0.348915 6.90803 4.84072 -14.099 4.80886 -3.30156 -5.29454 4.95672 5.81317 2.16379 -14.5359 5.2354 -1.38354 -1.82216 4.71645 1.63746 -0.135672 -14.8666 4.28062 2.55228 0.118468 -3.20629 3.49347 3.11052 -10.4781 -0.824146 -3.04256 1.0611
73.61 -0.901954 -0.62289 0.0821195 -14.7252 -0.787675 3.41378 -0.874621 -1.78117 -0.0610261 1.72293 -14.2364 -0.727043 2.57709 -1.59109 -3.70812 3.23827 2.93212 -13.3461 -0.0314497 -0.220922 -2.57541 -0.621469 6.68425 5.0264 -13.9424 4.20214 -3.30348 -5.39346 4.6476 6.11682 2.58453 -14.4986 5.31701 -1.75296 -2.25293 4.99037 1.90504 -0.280244 -14.931 4.50448 2.21934 -0.11693 -2.57012 3.34216 2.7844 -10.5174 -0.837689 -2.87475 1.31207
73.66 -0.623049 -0.511394 0.0703571 -14.7659 -0.616443 3.41827 -0.821473 -1.59599 -0.221562 1.70523 -14.3194 -0.713539 2.71469 -1.4009 -3.48437 2.80911 2.59869 -13.3911 -0.2089 0.167472 -2.31402 -1.56129 6.33907 5.11655 -13.7824 3.47304 -3.21896 -5.36749 4.22218 6.39965 2.97241 -14.4538 5.38097 -2.10184 -2.7027 5.23701 2.18673 -0.405039 -15.0016 4.69419 1.87513 -0.366875 -1.9016 3.21844 2.47877 -10.5598 -0.812577 -2.71492 1.54255
73.71 -0.322173 -0.364248 0.0628335 -14.8022 -0.398482 3.41795 -0.778125 -1.40759 -0.335641 1.69299 -14.3976 -0.678797 2.82335 -1.21802 -3.23921 2.37412 2.31769 -13.4613 -0.357759 0.549133 -2.07598 -2.35008 5.93652 5.0903 -13.6289 2.7658 -3.02815 -5.19425 3.70242 6.659 3.32917 -14.402 5.4237 -2.42731 -3.15793 5.45919 2.4825 -0.502208 -15.0752 4.85536 1.52234 -0.633222 -1.19891 3.13831 2.1979 -10.6043 -0.721402 -2.56322 1.75269
73.76 0.0109343 -0.176522 0.0594274 -14.8343 -0.123821 3.41155 -0.746508 -1.21054 -0.405304 1.68383 -14.4704 -0.620979 2.90785 -1.03913 -2.98653 1.94644 2.09373 -13.5528 -0.48056 0.917317 -1.85819 -2.9537 5.51538 4.93914 -13.4907 2.15207 -2.74041 -4.89537 3.11457 6.88983 3.66193 -14.3421 5.43665 -2.72712 -3.59965 5.6582 2.79329 -0.562379 -15.1472 4.99259 1.16219 -0.916755 -0.436503 3.12937 1.9489 -10.6493 -0.51721 -2.4206 1.94178
73.81 0.387166 0.0580831 0.060507 -14.8621 0.218398 3.3964 -0.730396 -0.998073 -0.432135 1.67577 -14.5378 -0.536763 2.97272 -0.860591 -2.7336 1.5384 1.92403 -13.6605 -0.578995 1.26364 -1.65708 -3.38207 5.08991 4.66927 -13.3746 1.63823 -2.38697 -4.522 2.47486 7.08259 3.97509 -14.2717 5.40268 -2.99896 -4.01102 5.83337 3.1225 -0.573689 -15.2121 5.10961 0.795926 -1.21713 0.433498 3.23274 1.74596 -10.6926 -0.132024 -2.29 2.10655
73.86 0.814074 0.345416 0.0671806 -14.8857 0.635677 3.36737 -0.736906 -0.761671 -0.416521 1.6668 -14.5996 -0.420674 3.02175 -0.678752 -2.4842 1.1603 1.80076 -13.7787 -0.654033 1.57967 -1.46871 -3.64483 4.66379 4.30304 -13.285 1.20938 -1.99827 -4.121 1.7826 7.22004 4.26806 -14.1869 5.29059 -3.23951 -4.37806 5.98096 3.47605 -0.520167 -15.2641 5.2096 0.426357 -1.53403 1.43285 3.48297 1.61638 -10.7303 0.481828 -2.17973 2.23683
73.91 1.28791 0.686853 0.0817324 -14.9048 1.12341 3.31545 -0.778573 -0.490908 -0.356933 1.65443 -14.6561 -0.264185 3.05759 -0.490781 -2.23913 0.821005 1.71414 -13.9021 -0.705993 1.85889 -1.28874 -3.7457 4.2362 3.87669 -13.2238 0.849455 -1.59468 -3.72252 1.01724 7.27377 4.53614 -14.0828 5.04986 -3.44291 -4.68681 6.0918 3.85732 -0.380854 -15.2981 5.29519 0.059512 -1.8687 2.46043 3.85669 1.59877 -10.757 1.25378 -2.10958 2.30803
73.96 1.78661 1.07506 0.108248 -14.919 1.65634 3.22704 -0.874266 -0.173957 -0.24926 1.63508 -14.7074 -0.0549245 3.08153 -0.296372 -1.99632 0.528254 1.65463 -14.0258 -0.734499 2.09804 -1.11247 -3.69713 3.80345 3.43197 -13.1915 0.545963 -1.18755 -3.34256 0.150981 7.2081 4.77048 -13.9571 4.62066 -3.59754 -4.91905 6.14858 4.25984 -0.134253 -15.3102 5.36866 -0.295077 -2.22509 3.35456 4.28542 1.72156 -10.7672 2.02855 -2.11073 2.28309
74.01 2.27463 1.49495 0.153326 -14.9273 2.19264 3.08719 -1.0444 0.200912 -0.0866762 1.60406 -14.7537 0.222972 3.09309 -0.0997177 -1.75107 0.287892 1.61393 -14.1463 -0.73827 2.29727 -0.934833 -3.53241 3.36118 3.00597 -13.1871 0.289879 -0.782514 -2.98791 -0.792148 7.00966 4.95729 -13.8125 3.99521 -3.68095 -5.04645 6.12833 4.66936 0.23062 -15.2983 5.43185 -0.626278 -2.60772 4.03533 4.72232 1.98328 -10.7575 2.70808 -2.20627 2.13945
74.06 2.71882 1.93058 0.226787 -14.9286 2.69283 2.88753 -1.29932 0.641705 0.138748 1.55668 -14.7952 0.584956 3.08913 0.0892303 -1.49618 0.103194 1.58503 -14.2606 -0.714661 2.45943 -0.75071 -3.29711 2.91003 2.62576 -13.2094 0.074833 -0.382332 -2.65989 -1.69652 6.71963 5.08131 -13.6565 3.27916 -3.66098 -5.03319 6.01298 5.07021 0.704684 -15.2629 5.48627 -0.924304 -3.01383 4.48714 5.14886 2.35284 -10.7282 3.27048 -2.39207 1.89132
74.11 3.09854 2.37083 0.34238 -14.9207 3.13502 2.63168 -1.63126 1.14477 0.431186 1.49054 -14.8322 1.03558 3.06244 0.254215 -1.22225 -0.0245524 1.5617 -14.3667 -0.6589 2.58899 -0.555671 -3.02978 2.45849 2.30761 -13.2567 -0.103665 0.0111896 -2.35656 -2.46196 6.39491 5.13308 -13.4985 2.60131 -3.51822 -4.8657 5.79363 5.44806 1.25777 -15.2065 5.53299 -1.183 -3.42982 4.71324 5.55871 2.78118 -10.6846 3.72907 -2.64467 1.5739
74.16 3.40322 2.80941 0.518313 -14.901 3.51463 2.33178 -2.01916 1.68592 0.784275 1.40727 -14.8648 1.55464 3.00048 0.372815 -0.918454 -0.0942796 1.53775 -14.4636 -0.563005 2.69097 -0.347543 -2.75346 2.01819 2.05687 -13.3267 -0.248734 0.395932 -2.07397 -3.07117 6.06461 5.11026 -13.3472 2.01669 -3.2664 -4.57584 5.46116 5.79062 1.8457 -15.1331 5.57256 -1.40059 -3.83884 4.73233 5.94965 3.21738 -10.6365 4.1041 -2.93869 1.21819
74.21 3.6244 3.24208 0.776733 -14.866 3.83635 2.00133 -2.43921 2.22523 1.18009 1.31257 -14.8935 2.09673 2.88747 0.420592 -0.573334 -0.10326 1.50635 -14.5505 -0.414563 2.76998 -0.128161 -2.47859 1.59925 1.86925 -13.4162 -0.362404 0.768567 -1.80698 -3.54511 5.73528 5.01402 -13.2091 1.52618 -2.93863 -4.21668 5.00409 6.08856 2.42322 -15.0466 5.60458 -1.57906 -4.22765 4.58849 6.32076 3.62228 -10.5966 4.41245 -3.25455 0.84199
74.26 3.74829 3.66452 1.14058 -14.8116 4.10754 1.65089 -2.87144 2.72746 1.59783 1.21518 -14.9195 2.61332 2.71233 0.382013 -0.17491 -0.0458158 1.46066 -14.6275 -0.195979 2.82933 0.0962458 -2.20712 1.20934 1.73462 -13.521 -0.445698 1.12418 -1.54975 -3.90515 5.40413 4.84645 -13.0892 1.11482 -2.56631 -3.83222 4.42377 6.33621 2.95684 -14.95 5.62679 -1.72272 -4.58754 4.34429 6.67148 3.97373 -10.5763 4.66613 -3.57893 0.452162
74.31 3.74862 4.07196 1.62676 -14.7338 4.33471 1.28748 -3.30139 3.17521 2.02274 1.12592 -14.9454 3.07474 2.47602 0.258995 0.288678 0.0866225 1.39573 -14.695 0.11409 2.87011 0.316049 -1.93517 0.854571 1.64077 -13.636 -0.498472 1.45669 -1.296 -4.16213 5.06644 4.61082 -12.9913 0.767519 -2.17178 -3.44953 3.74691 6.53055 3.4301 -14.8441 5.63307 -1.83675 -4.91288 4.05925 7.00133 4.26432 -10.5817 4.87331 -3.90313 0.0504906
74.36 3.5763 4.45917 2.23697 -14.6299 4.52152 0.915889 -3.71929 3.56516 2.44791 1.05754 -14.977 3.47257 2.1898 0.0651707 0.822876 0.302099 1.31039 -14.7536 0.532798 2.88988 0.518523 -1.65473 0.540738 1.5758 -13.756 -0.51893 1.75987 -1.0395 -4.31663 4.7191 4.31438 -12.9183 0.472267 -1.76903 -3.08224 3.01353 6.66792 3.83998 -14.7283 5.60971 -1.92607 -5.19921 3.77415 7.30993 4.49626 -10.6125 5.03971 -4.22158 -0.361536
74.41 3.15257 4.81878 2.95044 -14.4992 4.66504 0.54065 -4.11858 3.89869 2.87136 1.02512 -15.0244 3.81047 1.86751 -0.188134 1.41252 0.599545 1.20755 -14.8038 1.05503 2.88061 0.686146 -1.35527 0.274499 1.52871 -13.8762 -0.502769 2.02858 -0.775416 -4.36426 4.36124 3.9715 -12.8721 0.219952 -1.36582 -2.73527 2.25043 6.73924 4.18929 -14.6003 5.52986 -1.99445 -5.44178 3.50838 7.59706 4.67676 -10.6645 5.16969 -4.53073 -0.781378
74.46 2.39598 5.1347 3.72422 -14.344 4.74389 0.168221 -4.49408 4.1747 3.29207 1.0461 -15.0968 4.09606 1.52035 -0.50081 2.01509 0.96147 1.09311 -14.8462 1.63867 2.82754 0.795355 -1.02575 0.064138 1.48891 -13.9928 -0.442025 2.25962 -0.502651 -4.30467 3.9928 3.60357 -12.8536 0.00368837 -0.96581 -2.40835 1.45366 6.7249 4.47936 -14.4588 5.34717 -2.0435 -5.63438 3.26387 7.86269 4.81507 -10.7323 5.2668 -4.82836 -1.20706
74.51 1.27012 5.36181 4.49782 -14.1702 4.68148 -0.190236 -4.83847 4.38411 3.70742 1.13865 -15.1903 4.33704 1.15574 -0.882371 2.58219 1.36054 0.974828 -14.8815 2.22051 2.71357 0.822587 -0.655496 -0.0802431 1.44583 -14.1033 -0.323863 2.45188 -0.225346 -4.1499 3.61257 3.23461 -12.8631 -0.181728 -0.57034 -2.09821 0.59275 6.59363 4.70352 -14.3051 4.99663 -2.07077 -5.76764 3.02943 8.10669 4.92089 -10.8106 5.33363 -5.11311 -1.63955
74.56 -0.25524 5.39866 5.18141 -13.9887 4.29945 -0.512435 -5.13245 4.50363 4.11317 1.3176 -15.2846 4.54 0.778498 -1.347 3.08642 1.77398 0.861575 -14.9102 2.7512 2.53009 0.75807 -0.232997 -0.146977 1.38985 -14.2062 -0.129823 2.60576 0.0483563 -3.92398 3.21772 2.88562 -12.8995 -0.340184 -0.180306 -1.79992 -0.343007 6.32037 4.84066 -14.1449 4.43326 -2.06534 -5.82443 2.78443 8.32824 5.00419 -10.8944 5.37098 -5.38415 -2.0828
74.61 -2.03933 5.20778 5.64974 -13.8147 3.55981 -0.75275 -5.32546 4.49801 4.50471 1.59054 -15.3565 4.7102 0.392696 -1.90777 3.52317 2.18957 0.763525 -14.9332 3.21043 2.28302 0.611236 0.254322 -0.123624 1.3147 -14.3004 0.16282 2.72182 0.308301 -3.65192 2.80788 2.57168 -12.9611 -0.474482 0.201825 -1.50748 -1.26668 5.92875 4.8564 -13.9876 3.71726 -2.00278 -5.77418 2.50621 8.52491 5.07637 -10.9785 5.37646 -5.64087 -2.53731
74.66 -3.65142 4.93355 5.83958 -13.6608 2.77947 -0.860619 -5.35961 4.35037 4.87788 1.95585 -15.3929 4.85139 0.00336328 -2.54746 3.89818 2.60341 0.692865 -14.952 3.59876 1.98694 0.401129 0.813087 -0.000352963 1.21875 -14.3859 0.57262 2.79877 0.542277 -3.34832 2.39092 2.30197 -13.045 -0.586384 0.570679 -1.21449 -2.04218 5.48305 4.72397 -13.8441 2.99124 -1.85435 -5.58631 2.17893 8.69172 5.15112 -11.0568 5.34304 -5.88263 -2.99172
74.71 -4.93643 4.65538 5.78633 -13.5319 2.11991 -0.831056 -5.23882 4.06129 5.229 2.39778 -15.3907 4.96553 -0.382626 -3.22194 4.21783 3.01557 0.664623 -14.9692 3.92514 1.65638 0.145714 1.42758 0.221279 1.10437 -14.4624 1.0939 2.83065 0.733536 -3.01666 1.98143 2.07903 -13.1468 -0.676408 0.918473 -0.915581 -2.60285 5.02963 4.44738 -13.723 2.34849 -1.61394 -5.26594 1.79154 8.82006 5.24123 -11.122 5.25767 -6.10839 -3.42574
74.76 -5.92506 4.38099 5.55014 -13.4296 1.58229 -0.694773 -5.01354 3.62781 5.55374 2.88531 -15.3526 5.05142 -0.756676 -3.89156 4.48443 3.42611 0.696495 -14.9878 4.19979 1.30177 -0.143451 2.05214 0.520768 0.976179 -14.5301 1.68051 2.80502 0.859219 -2.65744 1.59539 1.89753 -13.2613 -0.743385 1.23709 -0.609097 -2.94151 4.58563 4.06274 -13.6295 1.80875 -1.30273 -4.85588 1.32893 8.89603 5.35322 -11.1657 5.09886 -6.31614 -3.81798
74.81 -6.65989 4.10364 5.18421 -13.3543 1.14039 -0.484159 -4.7328 3.0525 5.84482 3.38172 -15.2827 5.10125 -1.10928 -4.52814 4.69469 3.83275 0.806146 -15.0087 4.43163 0.929608 -0.461418 2.6361 0.8667 0.839661 -14.5894 2.26473 2.70741 0.897164 -2.2731 1.24782 1.74542 -13.3832 -0.783915 1.52036 -0.298482 -3.07395 4.15323 3.62309 -13.566 1.36079 -0.947678 -4.4037 0.767012 8.89843 5.4861 -11.1803 4.8343 -6.50165 -4.14827
74.86 -7.16114 3.81563 4.73216 -13.3064 0.771755 -0.222042 -4.42924 2.35405 6.088 3.85517 -15.1836 5.09402 -1.43083 -5.11127 4.84019 4.23132 1.00547 -15.0285 4.62785 0.544171 -0.806831 3.15317 1.23273 0.700539 -14.6408 2.79564 2.53247 0.840953 -1.86619 0.952008 1.60807 -13.5078 -0.791698 1.7654 0.00954032 -3.0368 3.72823 3.17951 -13.5322 0.988991 -0.567872 -3.94249 0.0790206 8.80078 5.63403 -11.1627 4.42693 -6.6559 -4.39566
74.91 -7.42915 3.511 4.23086 -13.2864 0.460252 0.0768132 -4.12203 1.55225 6.25599 4.28141 -15.0564 4.9852 -1.71173 -5.62319 4.90835 4.61746 1.29422 -15.0404 4.79417 0.149529 -1.17919 3.60166 1.60347 0.56487 -14.685 3.25359 2.28929 0.705391 -1.43592 0.719094 1.47309 -13.6313 -0.756534 1.97251 0.308016 -2.88529 3.30422 2.76885 -13.5271 0.680768 -0.173666 -3.49038 -0.730139 8.58806 5.78895 -11.1155 3.86919 -6.76093 -4.53471
74.96 -7.4618 3.185 3.71202 -13.2939 0.194344 0.402174 -3.82191 0.643382 6.3048 4.6389 -14.9016 4.70164 -1.94083 -6.04371 4.8813 4.98767 1.65724 -15.0373 4.93503 -0.249088 -1.57899 3.99067 1.972 0.439585 -14.7234 3.64007 1.99468 0.514818 -0.976236 0.558669 1.33306 -13.751 -0.662871 2.14413 0.591356 -2.67261 2.87739 2.41209 -13.5491 0.427059 0.229881 -3.05509 -1.5838 8.28208 5.94188 -11.0462 3.22761 -6.79057 -4.53774
75.01 -7.27817 2.83288 3.20116 -13.328 -0.0344394 0.745207 -3.53467 -0.370564 6.19291 4.90133 -14.7237 4.18252 -2.10083 -6.34402 4.73557 5.33937 2.06833 -15.0153 5.05363 -0.644968 -2.00862 4.3306 2.33646 0.333105 -14.7577 3.96465 1.66432 0.289436 -0.475124 0.481008 1.18515 -13.865 -0.488179 2.28357 0.855274 -2.43138 2.45044 2.1183 -13.5958 0.22153 0.639544 -2.63782 -2.38083 7.92907 6.08394 -10.9631 2.60346 -6.72737 -4.39632
75.06 -6.92723 2.45329 2.71687 -13.3861 -0.232507 1.09611 -3.26327 -1.38483 5.93736 5.03931 -14.5329 3.48999 -2.16357 -6.48355 4.45158 5.67044 2.49964 -14.9739 5.15161 -1.03056 -2.46665 4.62956 2.69814 0.255852 -14.79 4.23781 1.30914 0.040096 0.0840149 0.498967 1.02959 -13.972 -0.203165 2.39356 1.09566 -2.17323 2.03126 1.88798 -13.6638 0.0601684 1.05142 -2.23552 -3.0708 7.56407 6.20667 -10.8736 2.05384 -6.57943 -4.13863
75.11 -6.47164 2.05439 2.27237 -13.4641 -0.404787 1.44337 -3.00899 -2.24734 5.60693 5.03771 -14.3422 2.78439 -2.10404 -6.43302 4.02918 5.97843 2.93059 -14.9143 5.2283 -1.39845 -2.93883 4.8925 3.06022 0.22057 -14.8213 4.46868 0.935718 -0.229876 0.713404 0.625144 0.868293 -14.0711 0.219465 2.4744 1.30644 -1.89722 1.62917 1.71493 -13.7485 -0.0585987 1.45973 -1.84265 -3.65055 7.20393 6.30152 -10.7833 1.58777 -6.37149 -3.81089
75.16 -5.96703 1.65081 1.87662 -13.5566 -0.555067 1.77509 -2.7721 -2.90411 5.24878 4.90345 -14.1636 2.162 -1.92772 -6.21152 3.48802 6.25937 3.34869 -14.8382 5.27906 -1.74192 -3.40305 5.12083 3.42622 0.242313 -14.8505 4.66462 0.548205 -0.520477 1.39841 0.859758 0.704451 -14.1619 0.778984 2.52099 1.47594 -1.59658 1.25316 1.58822 -13.8444 -0.133335 1.85699 -1.45361 -4.13417 6.85539 6.3596 -10.6965 1.1953 -6.12807 -3.45197
75.21 -5.45363 1.25663 1.53378 -13.6582 -0.686201 2.08084 -2.55234 -3.36955 4.87915 4.65735 -14.006 1.63869 -1.66575 -5.87485 2.85554 6.50556 3.74496 -14.7463 5.29191 -2.05496 -3.83952 5.31144 3.79734 0.337188 -14.8748 4.8315 0.150463 -0.832006 2.0843 1.17869 0.542546 -14.2436 1.42178 2.51989 1.58351 -1.26328 0.912173 1.4939 -13.9461 -0.158656 2.23514 -1.06667 -4.53695 6.52091 6.37227 -10.6164 0.863628 -5.86692 -3.08574
75.26 -4.95648 0.883059 1.24337 -13.764 -0.80024 2.35296 -2.3491 -3.66576 4.50175 4.32798 -13.8752 1.20153 -1.35048 -5.47803 2.15294 6.70207 4.11132 -14.6381 5.24178 -2.33171 -4.23316 5.45545 4.17075 0.518396 -14.89 4.97405 -0.252489 -1.16405 2.71045 1.54447 0.388461 -14.3161 2.0649 2.45211 1.60384 -0.890234 0.616111 1.41629 -14.0491 -0.124176 2.58663 -0.686363 -4.87018 6.20122 6.33235 -10.5456 0.581728 -5.59943 -2.72395
75.31 -4.4887 0.538936 1.00169 -13.8702 -0.898535 2.58722 -2.16158 -3.80834 4.11634 3.94899 -13.774 0.834454 -1.0045 -5.05962 1.38086 6.82226 4.43965 -14.5122 5.0832 -2.5656 -4.57117 5.53782 4.54093 0.790117 -14.8924 5.09604 -0.654104 -1.51631 3.24993 1.92825 0.249664 -14.379 2.64652 2.30543 1.52393 -0.469262 0.376946 1.34002 -14.1497 -0.0136194 2.90492 -0.321411 -5.13997 5.89628 6.23562 -10.4855 0.340839 -5.33261 -2.37055
75.36 -4.05534 0.231206 0.803219 -13.9741 -0.981833 2.78267 -1.98891 -3.81523 3.72042 3.55468 -13.7035 0.524474 -0.641252 -4.64312 0.516694 6.82673 4.71956 -14.3687 4.75042 -2.74743 -4.83901 5.5384 4.90225 1.14309 -14.8799 5.20052 -1.04698 -1.89041 3.70574 2.3158 0.135552 -14.4322 3.14359 2.08434 1.35479 0.0112749 0.209343 1.25331 -14.2456 0.195062 3.18409 0.018547 -5.3472 5.60574 6.08191 -10.4371 0.134081 -5.07068 -2.0247
75.41 -3.65662 -0.0353017 0.641894 -14.0737 -1.05036 2.94112 -1.83019 -3.71565 3.30993 3.17444 -13.6636 0.261896 -0.268538 -4.2418 -0.442152 6.68365 4.93504 -14.211 4.20008 -2.86094 -5.01421 5.43381 5.25022 1.55593 -14.8523 5.28982 -1.42394 -2.29021 4.09118 2.70291 0.0578141 -14.4764 3.55884 1.80493 1.12156 0.562514 0.128914 1.1502 -14.3353 0.524787 3.41767 0.323366 -5.48779 5.32911 5.87529 -10.4006 -0.044007 -4.81615 -1.68259
75.46 -3.29015 -0.258328 0.511773 -14.168 -1.10389 3.06626 -1.68453 -3.54607 2.88363 2.82983 -13.6532 0.0395511 0.108208 -3.86262 -1.40046 6.41456 5.06568 -14.0467 3.50132 -2.87925 -5.06249 5.20407 5.58156 2.00251 -14.8105 5.3655 -1.77868 -2.71544 4.41833 3.09017 0.0306041 -14.5125 3.9044 1.48414 0.84716 1.17995 0.144481 1.02986 -14.4179 0.982535 3.59645 0.579849 -5.55375 5.06586 5.62325 -10.3758 -0.197812 -4.57045 -1.33931
75.51 -2.95227 -0.438003 0.407448 -14.2564 -1.14183 3.16285 -1.55106 -3.3382 2.44852 2.53486 -13.6703 -0.147925 0.483623 -3.50868 -2.22799 6.08132 5.0967 -13.885 2.79979 -2.77895 -4.95837 4.84233 5.89364 2.46037 -14.7559 5.42808 -2.10593 -3.15423 4.69402 3.47877 0.0700634 -14.5418 4.19308 1.13437 0.545598 1.82658 0.246565 0.894383 -14.493 1.5357 3.70634 0.768792 -5.5359 4.81548 5.33472 -10.3621 -0.330887 -4.3343 -0.99189
75.56 -2.63878 -0.576031 0.32421 -14.3385 -1.16328 3.23603 -1.429 -3.11351 2.01709 2.296 -13.7114 -0.304571 0.851321 -3.18074 -2.87863 5.72534 5.02432 -13.7343 2.18151 -2.56598 -4.71927 4.35625 6.18355 2.91292 -14.6899 5.47638 -2.40121 -3.58794 4.91906 3.86751 0.191946 -14.5651 4.43562 0.763543 0.223335 2.44629 0.408503 0.746808 -14.5609 2.11621 3.7307 0.86834 -5.42722 4.57749 5.01791 -10.3587 -0.446115 -4.108 -0.642055
75.61 -2.34531 -0.674867 0.258082 -14.4143 -1.16702 3.29078 -1.3176 -2.88563 1.60129 2.11204 -13.7721 -0.433434 1.20375 -2.87814 -3.36511 5.36053 4.85254 -13.6016 1.66066 -2.2712 -4.39544 3.76546 6.44685 3.34718 -14.6129 5.50596 -2.66058 -4.00001 5.08945 4.25251 0.406521 -14.5817 4.64045 0.377044 -0.117258 3.00104 0.603596 0.59008 -14.6223 2.66072 3.66049 0.867853 -5.22359 4.35147 4.67969 -10.3648 -0.545787 -3.89157 -0.295679
75.66 -2.06747 -0.737179 0.205776 -14.4839 -1.15153 3.33142 -1.2162 -2.66291 1.21049 1.97609 -13.8471 -0.536842 1.53287 -2.59937 -3.70678 4.98938 4.59125 -13.492 1.22462 -1.92706 -4.03557 3.0974 6.67568 3.75305 -14.5241 5.50607 -2.88066 -4.3784 5.19861 4.629 0.712561 -14.5899 4.81414 -0.0201493 -0.474953 3.48264 0.816185 0.426976 -14.6786 3.1377 3.50267 0.778352 -4.92273 4.13716 4.32682 -10.3792 -0.631614 -3.68483 0.0403966
75.71 -1.80083 -0.765449 0.164619 -14.5475 -1.1149 3.36147 -1.12423 -2.44941 0.85199 1.87886 -13.9313 -0.616613 1.8314 -2.34241 -3.91296 4.61158 4.25775 -13.4091 0.857626 -1.55654 -3.67223 2.37543 6.8557 4.12349 -14.4214 5.45436 -3.05879 -4.71399 5.23804 4.9929 1.09429 -14.5877 4.96179 -0.422236 -0.848212 3.89942 1.04042 0.260495 -14.7317 3.54254 3.27603 0.625084 -4.52511 3.93452 3.96722 -10.4008 -0.704592 -3.48748 0.360803
75.76 -1.54086 -0.761655 0.132467 -14.6055 -1.05476 3.38354 -1.04123 -2.24603 0.531868 1.81103 -14.0202 -0.674168 2.09415 -2.10495 -3.98713 4.22632 3.87735 -13.355 0.546754 -1.17327 -3.32356 1.60268 6.96209 4.45306 -14.302 5.30977 -3.19286 -4.99812 5.19565 5.34134 1.52397 -14.5742 5.08739 -0.822533 -1.2357 4.26346 1.27574 0.094288 -14.7845 3.88279 3.00123 0.432919 -4.03742 3.74397 3.60933 -10.4287 -0.764663 -3.29916 0.662274
75.81 -1.28266 -0.727018 0.107628 -14.6581 -0.968036 3.39946 -0.966872 -2.05153 0.255174 1.76463 -14.11 -0.710569 2.31877 -1.88452 -3.93918 3.83167 3.47995 -13.3303 0.282318 -0.784492 -2.99823 0.755481 6.95692 4.73457 -14.1648 5.00917 -3.27983 -5.22011 5.05497 5.67242 1.96924 -14.5498 5.19385 -1.2143 -1.63815 4.58527 1.52343 -0.0671056 -14.8402 4.16877 2.69491 0.218414 -3.47449 3.56689 3.26058 -10.4619 -0.809963 -3.11948 0.943284
75.86 -1.02078 -0.661777 0.0888006 -14.7057 -0.850736 3.41038 -0.901035 -1.86336 0.0253784 1.73329 -14.1983 -0.726477 2.5057 -1.67847 -3.7942 3.42394 3.09371 -13.3349 0.0571672 -0.393878 -2.69932 -0.186539 6.80193 4.9544 -14.0128 4.4946 -3.31163 -5.36283 4.79956 5.98477 2.40188 -14.5161 5.28295 -1.59164 -2.0594 4.87262 1.78476 -0.218216 -14.9017 4.40991 2.36846 -0.0109636 -2.85649 3.40642 2.92656 -10.4996 -0.835357 -2.9481 1.20345
75.91 -0.748763 -0.564955 0.0750235 -14.7484 -0.697542 3.41683 -0.84388 -1.67814 -0.156293 1.71224 -14.2832 -0.722074 2.65758 -1.48406 -3.58734 3.00064 2.74048 -13.3679 -0.134002 -0.00407168 -2.42677 -1.15826 6.5026 5.08997 -13.8531 3.80098 -3.26881 -5.39663 4.4239 6.27706 2.80476 -14.4745 5.35496 -1.95003 -2.50173 5.1309 2.06021 -0.35267 -14.9697 4.61397 2.02878 -0.254227 -2.20138 3.26903 2.6114 -10.5407 -0.829858 -2.78474 1.44296
75.96 -0.458791 -0.434106 0.0656607 -14.7867 -0.501397 3.41874 -0.796026 -1.49177 -0.290705 1.69791 -14.3636 -0.696898 2.77848 -1.29834 -3.34935 2.56671 2.43523 -13.4273 -0.29516 0.381273 -2.17873 -2.02327 6.11868 5.11715 -13.6955 3.06974 -3.12597 -5.28888 3.94251 6.54725 3.17452 -14.4258 5.40779 -2.28617 -2.95681 5.36367 2.34972 -0.463128 -15.0425 4.78717 1.67958 -0.513124 -1.51542 3.16699 2.31892 -10.5844 -0.772412 -2.62938 1.66212
76.01 -0.141317 -0.265073 0.0604182 -14.8206 -0.253193 3.41526 -0.758882 -1.29929 -0.379802 1.68764 -14.4388 -0.649611 2.87309 -1.11811 -3.09883 2.13416 2.18593 -13.51 -0.429249 0.756391 -1.95239 -2.70879 5.70296 5.02148 -13.5495 2.41111 -2.87803 -5.0402 3.38201 6.79157 3.51708 -14.3697 5.43543 -2.59761 -3.4068 5.57289 2.65362 -0.540974 -15.1158 4.9345 1.32258 -0.789039 -0.784349 3.12218 2.0546 -10.6294 -0.6256 -2.48254 1.86073
76.06 0.21454 -0.0520507 0.0594256 -14.8503 0.0578221 3.40445 -0.735265 -1.0946 -0.425473 1.67933 -14.5086 -0.577618 2.94614 -0.939877 -2.84537 1.71604 1.99293 -13.6111 -0.538317 1.11348 -1.74436 -3.21309 5.27855 4.80241 -13.423 1.85435 -2.54949 -4.69323 2.76424 7.00278 3.83872 -14.3044 5.42511 -2.88216 -3.83347 5.75886 2.97404 -0.575613 -15.1846 5.06005 0.958812 -1.08203 0.0316265 3.17017 1.8288 -10.6738 -0.329605 -2.34603 2.03697
76.11 0.61857 0.211373 0.0634216 -14.8758 0.441452 3.38241 -0.730579 -0.869974 -0.428719 1.67103 -14.5729 -0.476497 3.00179 -0.759929 -2.59413 1.32351 1.85025 -13.7254 -0.623643 1.44389 -1.55085 -3.54861 4.85261 4.47509 -13.3212 1.38997 -2.17327 -4.29973 2.09661 7.16751 4.14098 -14.2266 5.35265 -3.1371 -4.22178 5.91941 3.31604 -0.553116 -15.243 5.16723 0.590182 -1.39158 0.977189 3.35367 1.66235 -10.7146 0.182598 -2.22514 2.18453
76.16 1.07318 0.529166 0.0741025 -14.8969 0.899754 3.34205 -0.754699 -0.61583 -0.388953 1.66053 -14.6317 -0.33919 3.04322 -0.57491 -2.34723 0.965993 1.74863 -13.8471 -0.685829 1.74003 -1.36772 -3.72061 4.42598 4.0703 -13.2474 1.00128 -1.77441 -3.89744 1.36733 7.26259 4.42091 -14.1315 5.17638 -3.35795 -4.55823 6.04814 3.68516 -0.454629 -15.2856 5.2589 0.221143 -1.71806 2.01312 3.68023 1.59037 -10.7469 0.902356 -2.13384 2.28607
76.21 1.56476 0.898171 0.0946695 -14.9134 1.41716 3.27171 -0.82382 -0.320843 -0.303272 1.64479 -14.6853 -0.155092 3.07238 -0.383144 -2.10385 0.651768 1.67821 -13.9712 -0.724822 1.9971 -1.19042 -3.73544 3.99611 3.62866 -13.2023 0.674094 -1.36789 -3.508 0.547891 7.25388 4.67161 -14.0155 4.83693 -3.53618 -4.82712 6.13154 4.07972 -0.257825 -15.3077 5.33748 -0.14022 -2.06418 2.9823 4.09256 1.64917 -10.765 1.69342 -2.09942 2.30822
76.26 2.06212 1.30613 0.13052 -14.9244 1.95748 3.15628 -0.958804 0.0270352 -0.165995 1.61956 -14.7338 0.0903121 3.08962 -0.186615 -1.86042 0.387637 1.63012 -14.0935 -0.739782 2.21381 -1.01402 -3.61683 3.55843 3.19039 -13.1857 0.397932 -0.961467 -3.14171 -0.370828 7.11248 4.88144 -13.8785 4.29208 -3.65477 -5.00527 6.14821 4.4881 0.0544528 -15.3066 5.40502 -0.483135 -2.43488 3.7618 4.52939 1.85161 -10.7643 2.42148 -2.1519 2.21764
76.31 2.52908 1.73651 0.189961 -14.929 2.47758 2.9834 -1.17601 0.438141 0.0306962 1.57992 -14.7774 0.413507 3.09314 0.00736888 -1.61084 0.178036 1.59678 -14.2108 -0.728742 2.39191 -0.83339 -3.40724 3.11059 2.78724 -13.1964 0.165357 -0.55889 -2.80198 -1.3091 6.85531 5.03492 -13.7264 3.59799 -3.68451 -5.0583 6.07651 4.89466 0.482701 -15.2814 5.46317 -0.796869 -2.83171 4.31527 4.96174 2.17873 -10.7434 3.03531 -2.29992 2.012
76.36 2.9391 2.17572 0.284915 -14.9255 2.9469 2.75128 -1.47588 0.915257 0.29347 1.52215 -14.8164 0.82562 3.07774 0.185394 -1.34662 0.0249623 1.57173 -14.3208 -0.687991 2.5353 -0.643633 -3.15033 2.65782 2.4403 -13.2328 -0.028874 -0.162199 -2.48811 -2.14267 6.54047 5.11934 -13.5681 2.89154 -3.59647 -4.95783 5.90409 5.28435 1.00564 -15.2338 5.51319 -1.07346 -3.24544 4.64024 5.3794 2.58758 -10.7052 3.5374 -2.52626 1.7208
76.41 3.278 2.61561 0.431584 -14.9114 3.354 2.46916 -1.84199 1.4439 0.621326 1.44599 -14.8508 1.31876 3.03328 0.327619 -1.05745 -0.0706663 1.54886 -14.4219 -0.611116 2.64888 -0.441346 -2.87607 2.21115 2.15972 -13.2931 -0.188441 0.226755 -2.19691 -2.81949 6.21087 5.12954 -13.4129 2.26343 -3.38942 -4.71597 5.6232 5.6439 1.584 -15.1674 5.55591 -1.30921 -3.65947 4.74721 5.77887 3.02606 -10.6576 3.94708 -2.80474 1.37904
76.46 3.5374 3.0514 0.650565 -14.8837 3.70051 2.15072 -2.25057 1.98916 1.00088 1.35543 -14.8812 1.85712 2.94477 0.40952 -0.732068 -0.107063 1.52163 -14.5132 -0.487811 2.73756 -0.226427 -2.59989 1.78166 1.94514 -13.3744 -0.315834 0.605265 -1.92369 -3.35028 5.88112 5.06559 -13.2683 1.73273 -3.091 -4.38112 5.22239 5.96253 2.1712 -15.0863 5.59141 -1.50459 -4.05855 4.66849 6.15885 3.44858 -10.6124 4.28321 -3.11291 1.01055
76.51 3.7067 3.47894 0.965064 -14.8383 3.99318 1.80808 -2.67951 2.51109 1.41121 1.25801 -14.9082 2.39008 2.79783 0.410045 -0.35878 -0.079957 1.48306 -14.5946 -0.302791 2.80533 -0.00323365 -2.32709 1.37808 1.78849 -13.473 -0.412525 0.96912 -1.6629 -3.75874 5.55137 4.92932 -13.1398 1.28831 -2.73509 -4.00355 4.69492 6.23294 2.72731 -14.9939 5.61843 -1.66305 -4.43209 4.46072 6.51866 3.82539 -10.5823 4.5599 -3.43482 0.626373
76.56 3.76619 3.89364 1.39572 -14.7714 4.23918 1.44973 -3.11192 2.98401 1.83422 1.16369 -14.9336 2.87808 2.58768 0.323143 0.0746356 0.0180961 1.42704 -14.6663 -0.0359178 2.85439 0.219978 -2.05613 1.00703 1.6781 -13.5842 -0.478927 1.31265 -1.40839 -4.06077 5.2171 4.72327 -13.0318 0.914311 -2.34823 -3.61772 4.0561 6.45121 3.22832 -14.8922 5.6329 -1.78956 -4.77331 4.18743 6.85782 4.14312 -10.576 4.78686 -3.75995 0.229821
76.61 3.67836 4.29051 1.95212 -14.6793 4.4437 1.08124 -3.53612 3.39947 2.25973 1.08435 -14.9617 3.30411 2.32184 0.158837 0.577825 0.196129 1.35061 -14.7287 0.333459 2.88407 0.431947 -1.78065 0.674318 1.60175 -13.7026 -0.514059 1.62955 -1.15384 -4.26109 4.87426 4.45247 -12.9474 0.597282 -1.94785 -3.24258 3.34307 6.61449 3.66609 -14.7809 5.62505 -1.88927 -5.07746 3.89875 7.17587 4.40036 -10.5959 4.97073 -4.08148 -0.177882
76.66 3.37716 4.66356 2.62395 -14.5604 4.60749 0.706986 -3.94433 3.75784 2.68403 1.03398 -15.0007 3.66771 2.01392 -0.0688796 1.14667 0.458401 1.25494 -14.7825 0.812756 2.8891 0.617577 -1.49099 0.386081 1.54804 -13.8232 -0.514857 1.91405 -0.893527 -4.35659 4.52107 4.12788 -12.8891 0.326913 -1.54419 -2.8864 2.59161 6.71675 4.04183 -14.6586 5.57466 -1.96657 -5.34007 3.62326 7.47252 4.60257 -10.6392 5.11636 -4.39509 -0.594597
76.71 2.7757 5.00196 3.37747 -14.4155 4.71985 0.332296 -4.33103 4.05986 3.10615 1.02903 -15.0614 3.97549 1.67665 -0.354505 1.74994 0.794893 1.14477 -14.8283 1.37654 2.85761 0.755843 -1.17612 0.149826 1.50632 -13.9418 -0.475131 2.16203 -0.624408 -4.34387 4.15735 3.7681 -12.8584 0.0954108 -1.1425 -2.55086 1.81237 6.74361 4.35833 -14.5232 5.44467 -2.02418 -5.55572 3.37002 7.74767 4.75839 -10.7007 5.22764 -4.69803 -1.01779
76.76 1.8156 5.27732 4.15988 -14.2489 4.73568 -0.0342052 -4.6905 4.30064 3.52433 1.08773 -15.1473 4.23534 1.31907 -0.704032 2.33774 1.18086 1.02716 -14.8667 1.96679 2.77245 0.821735 -0.825236 -0.0251394 1.46599 -14.0553 -0.384342 2.37149 -0.348293 -4.22885 3.78263 3.39672 -12.8555 -0.10312 -0.744927 -2.23382 0.984184 6.66842 4.6133 -14.3745 5.17691 -2.0618 -5.71676 3.13321 8.0013 4.8774 -10.775 5.30765 -4.98862 -1.4469
76.81 0.471191 5.41335 4.89746 -14.0691 4.52095 -0.376444 -5.01077 4.46401 3.93491 1.22698 -15.2443 4.45441 0.946917 -1.12983 2.87149 1.59007 0.910509 -14.8983 2.52436 2.61988 0.797739 -0.427419 -0.127791 1.41675 -14.1616 -0.226547 2.54228 -0.07183 -4.03109 3.39461 3.03665 -12.8801 -0.273113 -0.352318 -1.93096 0.0779404 6.45896 4.79269 -14.2161 4.70846 -2.07301 -5.81034 2.8958 8.23297 4.96938 -10.8569 5.35813 -5.26581 -1.88487
76.86 -1.24627 5.31229 5.47585 -13.8898 3.91299 -0.660245 -5.25695 4.51778 4.33329 1.45789 -15.3285 4.63857 0.564374 -1.64756 3.33775 2.00559 0.804362 -14.9237 3.0161 2.39947 0.685289 0.0297238 -0.14585 1.35057 -14.2598 0.0195491 2.67508 0.195558 -3.77688 2.991 2.7057 -12.9309 -0.417832 0.0337917 -1.63672 -0.868491 6.11286 4.86666 -14.0562 4.04429 -2.03959 -5.81203 2.63478 8.4411 5.04493 -10.9416 5.37829 -5.52895 -2.335
76.91 -2.97628 5.05744 5.78888 -13.726 3.11363 -0.830777 -5.36556 4.43326 4.71507 1.78324 -15.3816 4.79225 0.175876 -2.25704 3.7392 2.42034 0.719897 -14.944 3.43499 2.12315 0.500747 0.557016 -0.0675876 1.26374 -14.3491 0.376133 2.76975 0.44276 -3.48631 2.57565 2.41566 -13.0053 -0.539509 0.40938 -1.34475 -1.72319 5.68338 4.8015 -13.9054 3.30603 -1.93188 -5.68733 2.33067 8.62196 5.11678 -11.0233 5.36332 -5.77743 -2.79164
76.96 -4.40672 4.77796 5.83602 -13.5858 2.39571 -0.859467 -5.30858 4.20691 5.07642 2.19426 -15.3963 4.91828 -0.212567 -2.92168 4.08278 2.83315 0.670813 -14.9616 3.78753 1.80629 0.263538 1.15086 0.111839 1.15705 -14.4296 0.851255 2.82274 0.655423 -3.16704 2.16087 2.17218 -13.0998 -0.639258 0.767543 -1.04895 -2.38218 5.22985 4.58599 -13.7734 2.62049 -1.73083 -5.42196 1.97135 8.7687 5.1988 -11.0952 5.30304 -6.01045 -3.23739
77.01 -5.52052 4.50242 5.67369 -13.4716 1.80707 -0.766041 -5.12273 3.83783 5.4135 2.66608 -15.3736 5.01715 -0.593046 -3.59756 4.37295 3.24453 0.673772 -14.9792 4.08389 1.46134 -0.0116308 1.77782 0.380463 1.03433 -14.5012 1.41692 2.82447 0.813237 -2.81986 1.76252 1.97347 -13.2093 -0.716717 1.10001 -0.745692 -2.81827 4.7808 4.24322 -13.6673 2.03559 -1.44749 -5.04531 1.54447 8.87001 5.30082 -11.1495 5.18008 -6.22653 -3.65068
77.06 -6.36382 4.22739 5.35933 -13.3842 1.32593 -0.584942 -4.86154 3.324 5.72071 3.16295 -15.3173 5.08455 -0.956345 -4.25164 4.60894 3.65334 0.746999 -14.9992 4.33371 1.09634 -0.317135 2.38481 0.709662 0.900802 -14.5642 2.01021 2.76021 0.892116 -2.44625 1.39615 1.81011 -13.3286 -0.76955 1.3995 -0.436197 -3.03893 4.34353 3.82113 -13.5904 1.54895 -1.10892 -4.6067 1.03006 8.90811 5.42496 -11.1778 4.96702 -6.42263 -4.01088
77.11 -6.96757 3.94496 4.94056 -13.3242 0.927178 -0.343422 -4.56506 2.67705 5.98755 3.64996 -15.231 5.10643 -1.29283 -4.86069 4.78443 4.05604 0.905784 -15.0203 4.54492 0.716309 -0.650468 2.93288 1.06933 0.762116 -14.619 2.56895 2.61922 0.87693 -2.04918 1.0759 1.66798 -13.4525 -0.792839 1.66161 -0.126123 -3.07089 3.916 3.37374 -13.5435 1.14519 -0.738349 -4.14647 0.400431 8.85796 5.56712 -11.1745 4.62685 -6.59232 -4.29778
77.16 -7.33957 3.64831 4.45686 -13.2918 0.592021 -0.0593894 -4.25774 1.91977 6.19331 4.09976 -15.1162 5.05005 -1.59295 -5.40637 4.88869 4.44818 1.15591 -15.0366 4.72387 0.325189 -1.01093 3.41097 1.43925 0.624128 -14.6662 3.05993 2.40442 0.7737 -1.62967 0.813884 1.53319 -13.5769 -0.778261 1.88532 0.177366 -2.96276 3.4923 2.94503 -13.5259 0.810117 -0.349671 -3.68886 -0.359975 8.69609 5.72002 -11.1397 4.1324 -6.72207 -4.48835
77.21 -7.47587 3.33236 3.94223 -13.2872 0.307113 0.255336 -3.95353 1.0603 6.30116 4.49053 -14.9734 4.85415 -1.84661 -5.87026 4.90644 4.82582 1.48878 -15.0408 4.87554 -0.072413 -1.39837 3.82498 1.80922 0.493306 -14.707 3.47714 2.13043 0.604532 -1.18414 0.620183 1.39598 -13.6986 -0.712846 2.07228 0.468001 -2.77172 3.06681 2.56267 -13.5361 0.533185 0.0501738 -3.24565 -1.20729 8.42623 5.87496 -11.0791 3.51529 -6.78836 -4.55453
77.26 -7.38366 2.99234 3.42514 -13.3098 0.0627794 0.591652 -3.66009 0.0880286 6.26318 4.79877 -14.8048 4.44156 -2.04005 -6.22821 4.81632 5.186 1.88216 -15.0275 5.00369 -0.47041 -1.81448 4.18548 2.17548 0.377338 -14.7429 3.82781 1.81426 0.392661 -0.703227 0.50444 1.25168 -13.8153 -0.577319 2.22556 0.741004 -2.54063 2.63915 2.24047 -13.5722 0.306943 0.457525 -2.82056 -2.03943 8.08852 6.0229 -11.0011 2.87272 -6.76691 -4.47576
77.31 -7.09935 2.62455 2.92718 -13.3576 -0.148209 0.940395 -3.38144 -0.946612 6.06405 4.99506 -14.6182 3.80788 -2.14983 -6.44426 4.59502 5.52646 2.30762 -14.9946 5.11073 -0.861503 -2.26083 4.50178 2.53809 0.285709 -14.7759 4.12252 1.46904 0.153171 -0.171925 0.478307 1.09935 -13.9255 -0.345044 2.34836 0.992383 -2.28954 2.2154 1.98244 -13.6313 0.126363 0.869013 -2.41221 -2.77925 7.72583 6.15523 -10.9137 2.28681 -6.65398 -4.26421
77.36 -6.68249 2.2326 2.46369 -13.4274 -0.331384 1.29076 -3.11949 -1.88999 5.75859 5.05563 -14.4258 3.08996 -2.146 -6.47891 4.23245 5.84504 2.74066 -14.9428 5.19713 -1.23811 -2.7293 4.78028 2.89952 0.230106 -14.8076 4.37112 1.1031 -0.107766 0.425909 0.555393 0.940277 -14.0282 0.0142412 2.44235 1.21728 -2.02205 1.8046 1.78514 -13.7092 -0.0112537 1.27974 -2.01593 -3.40656 7.36229 6.2635 -10.8231 1.7844 -6.4693 -3.96189
77.41 -6.19367 1.82921 2.04554 -13.5142 -0.491006 1.63078 -2.8749 -2.63824 5.40935 4.97818 -14.2406 2.42527 -2.01852 -6.32751 3.74066 6.13863 3.16567 -14.8738 5.26032 -1.59317 -3.19978 5.02403 3.26343 0.224607 -14.8379 4.58172 0.721376 -0.389164 1.09084 0.743418 0.777091 -14.1227 0.516418 2.50523 1.40705 -1.73333 1.41595 1.63948 -13.8009 -0.105901 1.68289 -1.62573 -3.93074 7.00814 6.33898 -10.7342 1.36092 -6.23898 -3.61296
77.46 -5.68022 1.4293 1.67906 -13.6124 -0.630324 1.94916 -2.64762 -3.18539 5.04393 4.77849 -14.0728 1.8589 -1.79011 -6.03435 3.14531 6.40152 3.57264 -14.789 5.29211 -1.92041 -3.65065 5.23208 3.63239 0.285156 -14.8649 4.76083 0.327637 -0.69143 1.78476 1.0294 0.613686 -14.2085 1.13205 2.52746 1.54517 -1.41543 1.05831 1.53266 -13.9007 -0.154073 2.07048 -1.23767 -4.36766 6.66728 6.37277 -10.6509 1.00382 -5.98395 -3.2479
77.51 -5.17364 1.04539 1.36573 -13.7169 -0.751729 2.23691 -2.43714 -3.55433 4.66986 4.48209 -13.9296 1.38564 -1.49503 -5.65836 2.47218 6.62253 3.95322 -14.6882 5.27412 -2.21398 -4.0649 5.39824 4.00537 0.426923 -14.8846 4.91364 -0.0737299 -1.01447 2.44308 1.37886 0.455316 -14.2852 1.78484 2.49149 1.60695 -1.06085 0.741014 1.44963 -14.0036 -0.147726 2.43465 -0.853507 -4.73063 6.34101 6.35688 -10.5757 0.701076 -5.71818 -2.88328
77.56 -4.69183 0.687259 1.10307 -13.8233 -0.856873 2.48825 -2.24276 -3.76319 4.28817 4.12075 -13.815 0.989333 -1.16053 -5.24584 1.73254 6.78073 4.29946 -14.5702 5.17073 -2.46777 -4.42913 5.51012 4.37772 0.658844 -14.8931 5.04432 -0.476823 -1.35773 3.02188 1.75723 0.308711 -14.3523 2.39874 2.38025 1.57152 -0.662328 0.474996 1.37452 -14.1056 -0.0732783 2.7684 -0.48057 -5.0281 6.02957 6.28559 -10.5107 0.442969 -5.45041 -2.52604
77.61 -4.24297 0.362673 0.886192 -13.9285 -0.946758 2.70081 -2.06363 -3.82733 3.89735 3.72919 -13.7309 0.655438 -0.803711 -4.82636 0.912544 6.84176 4.60239 -14.4343 4.92368 -2.67411 -4.73017 5.54969 4.7436 0.977855 -14.8873 5.15623 -0.874495 -1.72176 3.51334 2.14409 0.182365 -14.4098 2.93402 2.19056 1.43922 -0.209792 0.273729 1.29353 -14.2039 0.0889399 3.06563 -0.128349 -5.26327 5.7327 6.15686 -10.4571 0.22184 -5.18592 -2.17718
77.66 -3.82908 0.0774669 0.709167 -14.0302 -1.02183 2.87529 -1.89884 -3.77059 3.4938 3.33958 -13.6775 0.372875 -0.434446 -4.41715 -0.00916339 6.76549 4.84883 -14.2822 4.46963 -2.82059 -4.95 5.49461 5.09795 1.36734 -14.8664 5.25202 -1.25934 -2.10973 3.92825 2.5315 0.0869143 -14.4579 3.38428 1.93474 1.23113 0.309266 0.152921 1.19805 -14.2964 0.362669 3.32032 0.193399 -5.43418 5.44997 5.97293 -10.4153 0.0316499 -4.92788 -1.834
77.71 -3.44873 -0.164932 0.565927 -14.127 -1.08205 3.01465 -1.7475 -3.62756 3.07418 2.97703 -13.6543 0.133463 -0.0588579 -4.0276 -0.985632 6.5454 5.01948 -14.1197 3.81965 -2.88482 -5.05909 5.32209 5.43701 1.8021 -14.8307 5.3336 -1.62463 -2.52441 4.28002 2.91849 0.0354212 -14.4974 3.75906 1.63044 0.972689 0.89982 0.125829 1.0852 -14.3822 0.764945 3.52479 0.47327 -5.53434 5.18086 5.73994 -10.3854 -0.132429 -4.67815 -1.4918
77.76 -3.09868 -0.363673 0.450799 -14.218 -1.127 3.12326 -1.60873 -3.43341 2.6416 2.6588 -13.6595 -0.0688913 0.317861 -3.66227 -1.88264 6.23338 5.09572 -13.9558 3.10323 -2.83846 -5.02334 5.01867 5.75794 2.25732 -14.7816 5.402 -1.96465 -2.95934 4.57806 3.30646 0.0432922 -14.5296 4.07148 1.2923 0.681991 1.54014 0.192153 0.956074 -14.4606 1.28282 3.66726 0.694887 -5.55467 4.92484 5.46648 -10.3668 -0.274295 -4.4377 -1.14632
77.81 -2.77492 -0.519877 0.358754 -14.3029 -1.15588 3.20617 -1.48172 -3.21411 2.20693 2.3948 -13.6905 -0.238767 0.689847 -3.32283 -2.61197 5.88453 5.06902 -13.7992 2.44315 -2.67253 -4.83893 4.58592 6.05808 2.71399 -14.7205 5.45693 -2.27461 -3.3976 4.82579 3.69549 0.126924 -14.5555 4.33328 0.93004 0.368443 2.17827 0.331298 0.81348 -14.5317 1.86035 3.73137 0.83641 -5.48689 4.68142 5.16128 -10.359 -0.397112 -4.20703 -0.797013
77.86 -2.47312 -0.635747 0.285491 -14.3815 -1.16764 3.26851 -1.36568 -2.98633 1.78289 2.18711 -13.7431 -0.379613 1.05003 -3.00915 -3.16843 5.52295 4.94041 -13.6578 1.87997 -2.40963 -4.5459 4.03842 6.33389 3.15778 -14.6484 5.49566 -2.55034 -3.821 5.0211 4.08273 0.299783 -14.5752 4.5539 0.549885 0.0358046 2.7644 0.514361 0.66046 -14.5958 2.42676 3.7032 0.880201 -5.3257 4.45014 4.83175 -10.361 -0.503429 -3.98624 -0.44824
77.91 -2.1889 -0.713914 0.227426 -14.4538 -1.16087 3.31491 -1.25993 -2.76059 1.38002 2.03097 -13.8124 -0.494047 1.39045 -2.72004 -3.57245 5.15458 4.71713 -13.5374 1.40837 -2.08389 -4.19696 3.40109 6.57929 3.57727 -14.565 5.51075 -2.7882 -4.21555 5.15829 4.46355 0.566379 -14.5875 4.74068 0.156778 -0.314475 3.27798 0.720397 0.499835 -14.6542 2.93547 3.58234 0.827507 -5.06807 4.23067 4.48446 -10.3718 -0.595219 -3.77524 -0.106819
77.96 -1.91785 -0.756984 0.181625 -14.5201 -1.13387 3.34928 -1.16384 -2.54273 1.00641 1.91777 -13.8932 -0.584092 1.70332 -2.45369 -3.83811 4.7798 4.41294 -13.4424 1.01259 -1.72287 -3.83218 2.70108 6.78327 3.96411 -14.4688 5.48577 -2.9852 -4.57114 5.22984 4.83346 0.91742 -14.5901 4.89931 -0.243926 -0.681051 3.722 0.939761 0.334447 -14.7084 3.37175 3.38354 0.699109 -4.71295 4.02283 4.1268 -10.3904 -0.673821 -3.57376 0.221055
78.01 -1.65551 -0.767193 0.145717 -14.5805 -1.08448 3.37461 -1.07692 -2.33493 0.668594 1.838 -13.9805 -0.651336 1.98239 -2.20789 -3.97023 4.39799 4.04977 -13.3753 0.678231 -1.34405 -3.47549 1.95224 6.92618 4.31247 -14.357 5.38887 -3.13904 -4.8792 5.2255 5.18904 1.32978 -14.5816 5.03426 -0.645868 -1.06231 4.10797 1.17006 0.167614 -14.7609 3.73937 3.12772 0.52156 -4.26381 3.82683 3.76715 -10.4156 -0.739709 -3.38149 0.531192
78.06 -1.39715 -0.746127 0.117821 -14.6355 -1.00996 3.39308 -0.998758 -2.13674 0.372121 1.78299 -14.0703 -0.697001 2.224 -1.98023 -3.97425 4.00786 3.65617 -13.3376 0.39424 -0.957113 -3.13918 1.14217 6.9758 4.61645 -14.2277 5.1662 -3.24744 -5.13031 5.13057 5.52799 1.77207 -14.5618 5.1489 -1.04221 -1.45783 4.44736 1.41208 0.00346736 -14.8149 4.04813 2.83365 0.315527 -3.7319 3.64353 3.41354 -10.4466 -0.791947 -3.19803 0.821367
78.11 -1.13763 -0.694486 0.0964686 -14.6852 -0.906777 3.40611 -0.929147 -1.94613 0.121256 1.74565 -14.1596 -0.721934 2.42741 -1.76815 -3.86822 3.60644 3.26187 -13.3293 0.152436 -0.566978 -2.82843 0.241212 6.89035 4.86589 -14.0816 4.75006 -3.30528 -5.31095 4.92763 5.84879 2.2132 -14.532 5.24556 -1.42658 -1.87017 4.74918 1.66726 -0.152931 -14.8736 4.30808 2.51503 0.092313 -3.13574 3.47515 3.07242 -10.4824 -0.827091 -3.02302 1.09076
78.16 -0.870977 -0.611862 0.0805517 -14.7301 -0.770241 3.41452 -0.868102 -1.76007 -0.0817349 1.72055 -14.2461 -0.726543 2.59439 -1.56893 -3.68438 3.18998 2.89178 -13.3499 -0.0532275 -0.176461 -2.54435 -0.733016 6.64978 5.04198 -13.9241 4.12228 -3.29873 -5.39749 4.60469 6.15016 2.63048 -14.4938 5.32523 -1.79384 -2.30341 5.0198 1.93644 -0.295608 -14.9388 4.52772 2.18059 -0.144656 -2.49539 3.32644 2.74845 -10.5221 -0.837157 -2.85612 1.33938
78.21 -0.590032 -0.496494 0.069291 -14.7703 -0.594122 3.41849 -0.816011 -1.57477 -0.236878 1.70361 -14.3286 -0.710675 2.72845 -1.37974 -3.45715 2.75957 2.56385 -13.3979 -0.227261 0.211434 -2.28575 -1.66024 6.29504 5.11971 -13.7644 3.38913 -3.2027 -5.35521 4.16716 6.43047 3.01454 -14.4483 5.38702 -2.14017 -2.75468 5.26354 2.21974 -0.417673 -15.0099 4.71391 1.83531 -0.396386 -1.82345 3.20671 2.4454 -10.5648 -0.806199 -2.6972 1.56754
78.26 -0.286028 -0.345003 0.0622353 -14.8061 -0.370234 3.41756 -0.773878 -1.38567 -0.34579 1.69183 -14.4062 -0.673418 2.83411 -1.19749 -3.21061 2.32474 2.28927 -13.4708 -0.373038 0.591939 -2.05019 -2.42821 5.88903 5.0794 -13.6122 2.6906 -2.99975 -5.16567 3.6384 6.68689 3.3682 -14.3956 5.42691 -2.46283 -3.20932 5.48305 2.51714 -0.511133 -15.0836 4.87214 1.48163 -0.664681 -1.11575 3.13304 2.16772 -10.6094 -0.704947 -2.54647 1.77534
78.31 0.0514584 -0.152266 0.0593109 -14.8376 -0.0884098 3.41034 -0.743791 -1.18724 -0.410506 1.68289 -14.4784 -0.612791 2.91615 -1.01882 -2.95761 1.89872 2.07175 -13.5644 -0.492989 0.958073 -1.83449 -3.01113 5.46697 4.91409 -13.4762 2.08865 -2.70278 -4.85555 3.0441 6.91397 3.6986 -14.3346 5.43558 -2.75958 -3.64837 5.67941 2.8298 -0.566393 -15.1551 5.00689 1.12071 -0.950164 -0.34373 3.13462 1.92306 -10.6544 -0.483822 -2.40501 1.9619
78.36 0.433215 0.0880961 0.0609549 -14.865 0.262122 3.39392 -0.729817 -0.972507 -0.432507 1.67483 -14.5451 -0.525267 2.97905 -0.84009 -2.70495 1.49361 1.90781 -13.6735 -0.58872 1.30135 -1.63504 -3.42031 5.04134 4.6318 -13.363 1.58537 -2.34396 -4.47696 2.39879 7.10148 4.00957 -14.2629 5.39461 -3.02804 -4.05536 5.8517 3.16146 -0.571213 -15.2188 5.12182 0.753876 -1.25242 0.541439 3.2536 1.72681 -10.6973 -0.0736455 -2.27616 2.12345
78.41 0.865969 0.381663 0.0683838 -14.8881 0.688001 3.36282 -0.739579 -0.732748 -0.412 1.66562 -14.6063 -0.405068 3.02646 -0.657665 -2.45606 1.1195 1.78922 -13.7926 -0.661123 1.61346 -1.44785 -3.66442 4.61516 4.25669 -13.2765 1.16513 -1.95273 -4.07503 1.6996 7.23104 4.30001 -14.176 5.27079 -3.26473 -4.41649 5.9957 3.51814 -0.509048 -15.269 5.22004 0.384242 -1.57124 1.55184 3.52052 1.60798 -10.734 0.564643 -2.16919 2.24857
78.46 1.34411 0.728986 0.0840525 -14.9067 1.18258 3.3075 -0.786351 -0.457333 -0.347191 1.65265 -14.6622 -0.243263 3.06091 -0.468909 -2.2114 0.785146 1.70615 -13.9163 -0.710442 1.88821 -1.26855 -3.74728 4.18721 3.82614 -13.2187 0.812199 -1.5483 -3.67807 0.923911 7.27294 4.56478 -14.0696 5.01141 -3.46331 -4.71757 6.10141 3.90236 -0.358503 -15.3007 5.30415 0.0182588 -1.90813 2.57152 3.904 1.60541 -10.7591 1.34464 -2.1055 2.31074
78.51 1.84349 1.12166 0.112297 -14.9202 1.71815 3.21394 -0.889572 -0.134344 -0.233646 1.63222 -14.7129 -0.0270255 3.08351 -0.273931 -1.9686 0.498118 1.64918 -14.0398 -0.736214 2.12274 -1.09238 -3.6834 3.75356 3.38185 -13.1896 0.51451 -1.14119 -3.30078 0.0458362 7.1919 4.79448 -13.9415 4.55827 -3.6112 -4.93953 6.15059 4.30647 -0.0986536 -15.3101 5.37635 -0.334227 -2.26734 3.44357 4.33535 1.74474 -10.7671 2.11178 -2.11667 2.27278
78.56 2.32799 1.54408 0.160047 -14.9279 2.25208 3.06749 -1.06917 0.247765 -0.0642853 1.59956 -14.7587 0.259761 3.09351 -0.0775379 -1.72266 0.263986 1.61016 -14.1596 -0.737028 2.31756 -0.914261 -3.5083 3.3101 2.95991 -13.1883 0.263386 -0.736605 -2.94918 -0.899801 6.98002 4.97485 -13.7951 3.91533 -3.68449 -5.05265 6.12021 4.71578 0.279549 -15.2955 5.43848 -0.662086 -2.65301 4.09843 4.77166 2.02079 -10.7551 2.77803 -2.22324 2.11585
78.61 2.76563 1.9807 0.237538 -14.9282 2.74639 2.86102 -1.3336 0.696168 0.168709 1.5501 -14.7997 0.631973 3.08742 0.109621 -1.4661 0.0857379 1.5822 -14.2731 -0.710044 2.47576 -0.729092 -3.26768 2.85835 2.58615 -13.2136 0.0527046 -0.337095 -2.62412 -1.79178 6.68354 5.09096 -13.6384 3.19818 -3.65094 -5.02167 5.99335 5.1147 0.764498 -15.2575 5.49197 -0.955857 -3.06109 4.52415 5.19649 2.39971 -10.7239 3.32762 -2.418 1.85795
78.66 3.13722 2.421 0.359005 -14.9192 3.18143 2.59944 -1.67312 1.20521 0.468633 1.48184 -14.8361 1.09198 3.05744 0.27055 -1.18934 -0.0354631 1.55912 -14.3783 -0.650183 2.60191 -0.532608 -2.99844 2.40751 2.27563 -13.2636 -0.121847 0.0555489 -2.32338 -2.53905 6.35727 5.13424 -13.4808 2.52963 -3.49447 -4.83787 5.76166 5.4891 1.32394 -15.1989 5.53786 -1.20987 -3.4771 4.72529 5.60426 2.83139 -10.6792 3.77569 -2.67653 1.53482
78.71 3.43284 2.85911 0.543169 -14.8979 3.5541 2.29541 -2.06585 1.74829 0.827655 1.39691 -14.8682 1.61627 2.99046 0.382259 -0.881411 -0.098449 1.53467 -14.474 -0.549018 2.70106 -0.323018 -2.72195 1.96919 2.03244 -13.336 -0.263252 0.439108 -2.04285 -3.13157 6.02702 5.10296 -13.3307 1.95625 -3.23221 -4.53742 5.4155 5.82698 1.91285 -15.1238 5.57661 -1.42285 -3.88439 4.72308 5.99298 3.26569 -10.6313 4.14236 -2.9739 1.17613
78.76 3.64379 3.29085 0.81249 -14.8608 3.86969 1.96223 -2.4882 2.28486 1.22696 1.30142 -14.8966 2.15768 2.87074 0.420681 -0.530832 -0.100205 1.50198 -14.5598 -0.393564 2.7777 -0.102674 -2.44749 1.55321 1.85145 -13.4275 -0.373426 0.810079 -1.77728 -3.59161 5.6977 4.99847 -13.1944 1.47559 -2.89793 -4.17347 4.94388 6.11941 2.48674 -15.0361 5.60768 -1.59711 -4.27027 4.56449 6.36179 3.6653 -10.5931 4.44395 -3.2913 0.798176
78.81 3.75524 3.71182 1.18963 -14.8039 4.13556 1.61001 -2.9208 2.78141 1.6461 1.20437 -14.9224 2.66904 2.68833 0.37205 -0.125545 -0.0346818 1.45429 -14.6357 -0.165655 2.83493 0.121748 -2.17625 1.16701 1.72209 -13.5337 -0.453273 1.16338 -1.52076 -3.93956 5.36604 4.82294 -13.0769 1.07224 -2.52212 -3.78814 4.35075 6.36111 3.014 -14.9384 5.62849 -1.73712 -4.62647 4.31289 6.71015 4.00996 -10.5756 4.69197 -3.61603 0.406945
78.86 3.73892 4.11724 1.69025 -14.7233 4.35802 1.24545 -3.34979 3.22258 2.07127 1.11681 -14.9485 3.12331 2.44565 0.240189 0.346059 0.106895 1.38701 -14.7021 0.156157 2.87352 0.340286 -1.90381 0.816608 1.63212 -13.6496 -0.502491 1.49285 -1.26701 -4.18498 5.02736 4.5799 -12.9817 0.731421 -2.12609 -3.40673 3.66543 6.54919 3.48001 -14.8315 5.63226 -1.8481 -4.94758 4.0262 7.0376 4.29362 -10.584 4.89425 -3.93981 0.0039955
78.91 3.5424 4.50174 2.31373 -14.6164 4.54023 0.873194 -3.76585 3.60601 2.49629 1.05172 -14.9814 3.51399 2.15463 0.03918 0.887884 0.332048 1.29946 -14.7597 0.587563 2.89051 0.539787 -1.62176 0.507839 1.56973 -13.7698 -0.519049 1.79232 -1.00984 -4.32754 4.67883 4.27728 -12.9116 0.441477 -1.72298 -3.04162 2.9278 6.67965 3.88281 -14.7143 5.60413 -1.93487 -5.22918 3.7427 7.34375 4.51927 -10.6174 5.0563 -4.25735 -0.409062
78.96 3.08429 4.85747 3.03661 -14.4827 4.67803 0.497891 -4.16269 3.93314 2.91949 1.02447 -15.0313 3.84552 1.82901 -0.220667 1.48155 0.638036 1.19495 -14.809 1.1196 2.87711 0.702034 -1.31942 0.247519 1.524 -13.8897 -0.498289 2.05686 -0.744724 -4.36279 4.31977 3.93037 -12.8686 0.193585 -1.32001 -2.69702 2.16169 6.74242 4.22538 -14.5849 5.51532 -2.00102 -5.4664 3.47953 7.62843 4.69448 -10.6715 5.18236 -4.56528 -0.829633
79.01 2.28655 5.16643 3.81376 -14.325 4.7463 0.126364 -4.53511 4.20222 3.33976 1.05271 -15.1066 4.12566 1.47955 -0.540603 2.0823 1.00561 1.07967 -14.8506 1.70626 2.8179 0.802958 -0.985793 0.0441373 1.48437 -14.0058 -0.431748 2.2835 -0.471137 -4.29146 3.95009 3.56112 -12.8533 -0.0189266 -0.920478 -2.37222 1.35941 6.7165 4.50849 -14.4419 5.31697 -2.04782 -5.6528 3.23696 7.89161 4.8286 -10.7408 5.27591 -4.86149 -1.25597
79.06 1.11713 5.37796 4.58247 -14.1497 4.65813 -0.229408 -4.87514 4.4029 3.75425 1.15447 -15.2015 4.36199 1.11329 -0.93084 2.6431 1.40727 0.961484 -14.8851 2.28423 2.69617 0.819841 -0.610197 -0.0920053 1.44025 -14.1155 -0.305974 2.47135 -0.19378 -4.12722 3.56835 3.19348 -12.8659 -0.201095 -0.525571 -2.06371 0.489286 6.56979 4.72411 -14.287 4.94325 -2.07213 -5.77842 3.00248 8.13311 4.93132 -10.82 5.33939 -5.14472 -1.68946
79.11 -0.45322 5.38657 5.24795 -13.9681 4.22883 -0.545086 -5.16086 4.50992 4.15861 1.34391 -15.2942 4.56098 0.734862 -1.406 3.13957 1.82138 0.84942 -14.9131 2.8073 2.5049 0.745165 -0.180933 -0.149094 1.38232 -14.2173 -0.101876 2.6209 0.078894 -3.89489 3.17169 2.84783 -12.9053 -0.356674 -0.136265 -1.7664 -0.451639 6.28061 4.84927 -14.1266 4.35687 -2.06168 -5.82481 2.75476 8.35198 5.01274 -10.9041 5.3733 -5.41415 -2.13415
79.16 -2.23805 5.17808 5.68538 -13.796 3.4673 -0.77234 -5.33799 4.48837 4.54825 1.62767 -15.3626 4.72771 0.348373 -1.97746 3.5689 2.23686 0.75383 -14.9355 3.25816 2.25144 0.5901 0.314448 -0.11473 1.30479 -14.3106 0.203424 2.73263 0.336551 -3.61876 2.76046 2.53858 -12.9696 -0.48835 0.244681 -1.47423 -1.36463 5.87948 4.84903 -13.9704 3.63245 -1.99061 -5.76005 2.47159 8.54556 5.0845 -10.9879 5.3748 -5.6692 -2.58947
79.21 -3.81444 4.9016 5.84466 -13.6448 2.6975 -0.863771 -5.3529 4.32457 4.9191 2.00283 -15.3946 4.86575 -0.0409628 -2.62345 3.93733 2.65047 0.68719 -14.954 3.6389 1.95076 0.374013 0.880955 0.0201598 1.20657 -14.395 0.626921 2.80486 0.56662 -3.31192 2.34355 2.27422 -13.0558 -0.597759 0.611555 -1.18078 -2.11741 5.43122 4.69928 -13.829 2.91288 -1.83137 -5.55589 2.13801 8.7085 5.16042 -11.0651 5.33625 -5.9092 -3.04265
79.26 -5.06317 4.62399 5.76755 -13.5189 2.05292 -0.820232 -5.21737 4.01923 5.26746 2.45175 -15.3881 4.97682 -0.42605 -3.29916 4.25091 3.06248 0.664872 -14.9712 3.95888 1.61701 0.114306 1.49933 0.252051 1.09036 -14.4705 1.15871 2.83092 0.75165 -2.97707 1.93593 2.05642 -13.1593 -0.685251 0.956414 -0.880999 -2.65253 4.9784 4.40806 -13.7108 2.28183 -1.5815 -5.22274 1.74296 8.8317 5.25285 -11.1282 5.24378 -6.13304 -3.47295
79.31 -6.02107 4.34967 5.51407 -13.4196 1.52755 -0.673997 -4.98357 3.56917 5.58881 2.94213 -15.3462 5.05916 -0.798143 -3.96624 4.51137 3.47274 0.704769 -14.99 4.22824 1.26014 -0.178293 2.12154 0.55845 0.960928 -14.5373 1.74847 2.79775 0.868292 -2.61483 1.55356 1.87897 -13.2749 -0.749431 1.27125 -0.573781 -2.96655 4.53578 4.01435 -13.6208 1.75335 -1.26401 -4.80568 1.27042 8.90049 5.3674 -11.1689 5.07475 -6.33852 -3.85914
79.36 -6.7287 4.07148 5.13628 -13.3474 1.09501 -0.45654 -4.69888 2.97862 5.87534 3.43737 -15.2728 5.10389 -1.14769 -4.59767 4.71475 3.87869 0.82422 -15.0111 4.45568 0.886261 -0.499426 2.69863 0.907801 0.823822 -14.5957 2.32859 2.69132 0.8954 -2.22782 1.21125 1.72928 -13.3973 -0.786609 1.55025 -0.263094 -3.07735 4.10452 3.57187 -13.5606 1.31482 -0.905364 -4.35112 0.695328 8.89284 5.50234 -11.18 4.79567 -6.52106 -4.18109
79.41 -7.20359 3.78183 4.67685 -13.3027 0.733604 -0.189604 -4.39414 2.26766 6.11163 3.90655 -15.1705 5.08788 -1.4651 -5.17357 4.85215 4.27605 1.03403 -15.0304 4.64823 0.499555 -0.847931 3.20765 1.27495 0.684776 -14.6462 2.85164 2.50791 0.82907 -1.81838 0.922088 1.59274 -13.522 -0.790096 1.7909 0.0441726 -3.02419 3.67995 3.1305 -13.5302 0.950836 -0.523526 -3.89027 -0.00787462 8.78232 5.6515 -11.1587 4.37042 -6.6708 -4.41753
79.46 -7.44467 3.475 4.17205 -13.2859 0.427812 0.112738 -4.08731 1.45435 6.26854 4.32607 -15.0401 4.96328 -1.74071 -5.67619 4.91048 4.66053 1.33228 -15.0409 4.81145 0.104167 -1.22336 3.64882 1.64567 0.549919 -14.6896 3.30111 2.25797 0.685989 -1.38517 0.696966 1.45747 -13.6452 -0.749165 1.99381 0.341175 -2.8633 3.25571 2.72519 -13.5283 0.649228 -0.128062 -3.43983 -0.82729 8.55708 5.80666 -11.1086 3.79831 -6.76861 -4.54238
79.51 -7.45111 3.14625 3.65296 -13.2965 0.16652 0.440561 -3.78843 0.532351 6.30058 4.67419 -14.8823 4.6547 -1.963 -6.08469 4.87114 5.02875 1.70223 -15.0358 4.94963 -0.294501 -1.62642 4.03173 2.01375 0.426318 -14.7274 3.68 1.95856 0.49059 -0.921477 0.545418 1.31661 -13.7643 -0.647545 2.16159 0.6225 -2.64617 2.82859 2.37533 -13.5532 0.401287 0.27634 -3.00664 -1.67906 8.24336 5.95879 -11.0373 3.15395 -6.78815 -4.5287
79.56 -7.24546 2.79093 3.14431 -13.3335 -0.0584698 0.78502 -3.50289 -0.489389 6.16989 4.92383 -14.7024 4.1095 -2.11351 -6.36886 4.7104 5.3782 2.11695 -15.0116 5.06583 -0.689595 -2.05955 4.36663 2.37779 0.322603 -14.7615 3.9982 1.62492 0.262104 -0.414631 0.477961 1.16778 -13.8775 -0.461846 2.29756 0.883956 -2.40274 2.40208 2.08889 -13.6025 0.200954 0.686483 -2.59128 -2.46526 7.88761 6.09907 -10.9531 2.53655 -6.71439 -4.37198
79.61 -6.87941 2.40854 2.66397 -13.3941 -0.253372 1.13611 -3.2334 -1.49288 5.90222 5.04623 -14.5109 3.40744 -2.16319 -6.48753 4.41018 5.70677 2.54909 -14.968 5.16147 -1.07353 -2.52016 4.6613 2.73933 0.249446 -14.7937 4.26612 1.2674 0.0103425 0.152158 0.50771 1.01144 -13.9837 -0.162296 2.40429 1.12134 -2.14275 1.98438 1.86553 -13.6727 0.0444783 1.09828 -2.19037 -3.14227 7.52258 6.21906 -10.8632 1.99659 -6.55824 -4.10395
79.66 -6.41568 2.00833 2.22466 -13.474 -0.422971 1.48219 -2.9811 -2.33263 5.56699 5.0288 -14.321 2.70843 -2.08938 -6.41552 3.97298 6.01193 2.97909 -14.9064 5.23554 -1.43896 -2.99258 4.9203 3.10169 0.219867 -14.8247 4.49266 0.892179 -0.261956 0.7894 0.64664 0.849669 -14.0819 0.276855 2.48162 1.32815 -1.86435 1.58482 1.69839 -13.7589 -0.0694059 1.50573 -1.79819 -3.71024 7.16353 6.31017 -10.7731 1.53955 -6.34513 -3.77097
79.71 -5.90835 1.60515 1.83483 -13.5678 -0.57094 1.81144 -2.74619 -2.96637 5.20708 4.88056 -14.1444 2.09747 -1.90151 -6.17781 3.42001 6.28939 3.39513 -14.8285 5.28277 -1.77926 -3.45454 5.14458 3.46829 0.249142 -14.8536 4.68501 0.503292 -0.55494 1.47787 0.892541 0.685796 -14.1716 0.849567 2.52361 1.49181 -1.56037 1.21234 1.57611 -13.8558 -0.138865 1.90122 -1.40936 -4.18392 6.81652 6.36349 -10.6869 1.15464 -6.09893 -3.41027
79.76 -5.39579 1.21281 1.49806 -13.6701 -0.700036 2.11367 -2.52835 -3.41153 4.8365 4.6234 -13.9897 1.58481 -1.63198 -5.83176 2.77873 6.53085 3.78839 -14.7348 5.29002 -2.08846 -3.88681 5.33045 3.83989 0.353307 -14.877 4.84891 0.104673 -0.868841 2.15957 1.2187 0.524457 -14.2524 1.49659 2.51588 1.59067 -1.22288 0.875945 1.48451 -13.9579 -0.157996 2.27669 -1.02283 -4.5783 6.48371 6.37048 -10.6079 0.829156 -5.83658 -3.04414
79.81 -4.90151 0.84219 1.21345 -13.7762 -0.812223 2.38163 -2.32694 -3.68951 4.45824 4.28662 -13.8621 1.15641 -1.31227 -5.43086 2.06868 6.72027 4.15084 -14.6247 5.23027 -2.36068 -4.27475 5.46829 4.21323 0.544853 -14.891 4.98893 -0.298482 -1.20319 2.77646 1.58771 0.371706 -14.3238 2.13508 2.43945 1.5998 -0.844844 0.585717 1.40779 -14.0608 -0.11578 2.62471 -0.643797 -4.90408 6.16572 6.32423 -10.5382 0.552335 -5.56888 -2.68321
79.86 -4.43751 0.5019 0.976987 -13.8822 -0.908782 2.61145 -2.14116 -3.81554 4.0718 3.90419 -13.7644 0.796437 -0.963774 -5.01172 1.28751 6.82943 4.47424 -14.4967 5.05537 -2.58918 -4.60557 5.54244 4.58267 0.82657 -14.8917 5.10879 -0.69948 -1.5578 3.3059 1.97239 0.235209 -14.3855 2.70757 2.28374 1.50873 -0.417729 0.353923 1.33083 -14.1609 0.00475984 2.93883 -0.281207 -5.16679 5.86244 6.22094 -10.4794 0.315655 -5.30244 -2.33079
79.91 -4.00815 0.198671 0.783064 -13.9857 -0.990393 2.80255 -1.97013 -3.80859 3.67443 3.51014 -13.6974 0.492296 -0.599123 -4.59642 0.411421 6.81809 4.74775 -14.3513 4.69865 -2.76424 -4.86421 5.53223 4.94267 1.18762 -14.8775 5.21143 -1.09089 -1.93463 3.75298 2.35998 0.124608 -14.4377 3.19487 2.05509 1.33094 0.0704203 0.1955 1.24244 -14.2562 0.226178 3.21316 0.0552828 -5.36672 5.57351 6.0609 -10.4323 0.112419 -5.04125 -1.9856
79.96 -3.61327 -0.0629427 0.625589 -14.0848 -1.05722 2.95699 -1.81294 -3.69917 3.26207 3.13302 -13.6609 0.234627 -0.225691 -4.19736 -0.554231 6.65827 4.95459 -14.1924 4.12526 -2.86842 -5.02683 5.41421 5.28889 1.60562 -14.8482 5.29912 -1.46561 -2.33752 4.13125 2.74703 0.0518703 -14.4809 3.60151 1.77017 1.09201 0.629943 0.125821 1.13733 -14.3451 0.570702 3.44104 0.355351 -5.49926 5.29843 5.84869 -10.3972 -0.0626964 -4.78768 -1.64359
80.01 -3.25026 -0.280982 0.49867 -14.1784 -1.10901 3.07862 -1.66871 -3.52381 2.83425 2.7935 -13.6539 0.0165008 0.151188 -3.82096 -1.50316 6.37871 5.07441 -14.028 3.41902 -2.87401 -5.05844 5.16947 5.61817 2.0545 -14.8049 5.3733 -1.81747 -2.76512 4.4523 3.1344 0.0314225 -14.5162 3.93997 1.44554 0.813974 1.25322 0.152148 1.01512 -14.4268 1.04186 3.61278 0.605225 -5.55611 5.03668 5.59203 -10.3737 -0.213972 -4.54303 -1.29992
80.06 -2.91538 -0.455802 0.396974 -14.2661 -1.14513 3.17228 -1.53659 -3.31312 2.3989 2.50475 -13.6739 -0.167277 0.526069 -3.46998 -2.31113 6.04144 5.09365 -13.8671 2.72437 -2.75991 -4.93714 4.79292 5.92788 2.5125 -14.7489 5.43436 -2.14129 -3.20429 4.72228 3.52314 0.0795321 -14.5448 4.22289 1.09304 0.509833 1.89959 0.262576 0.87811 -14.5011 1.60191 3.71372 0.785021 -5.5282 4.78773 5.29988 -10.3612 -0.344878 -4.308 -0.952042
80.11 -2.60439 -0.589229 0.315874 -14.3474 -1.16463 3.24312 -1.41578 -3.08749 1.96869 2.27235 -13.7174 -0.320617 0.892425 -3.14498 -2.94197 5.68409 5.00963 -13.7182 2.11734 -2.53584 -4.6856 4.29371 6.21502 2.96357 -14.6817 5.48083 -2.43267 -3.63628 4.94136 3.91168 0.21163 -14.5673 4.46074 0.720177 0.185403 2.51321 0.429474 0.729348 -14.5682 2.18101 3.72749 0.873328 -5.40886 4.55112 4.98031 -10.359 -0.458227 -4.08283 -0.602256
80.16 -2.31292 -0.683766 0.251475 -14.4225 -1.16626 3.29605 -1.30555 -2.85987 1.55531 2.09428 -13.78 -0.446472 1.2426 -2.84519 -3.41111 5.31853 4.82702 -13.5878 1.60697 -2.23393 -4.35546 3.69266 6.47488 3.39504 -14.6034 5.50776 -2.68771 -4.04504 5.10513 4.29595 0.436961 -14.5831 4.66172 0.332199 -0.157201 3.05957 0.62713 0.571753 -14.629 2.71878 3.64664 0.861739 -5.19423 4.32645 4.64006 -10.366 -0.556246 -3.86751 -0.256722
80.21 -2.03658 -0.742079 0.200565 -14.4914 -1.14846 3.33533 -1.20525 -2.63806 1.16786 1.96323 -13.8563 -0.547101 1.56857 -2.56901 -3.73705 4.94665 4.55646 -13.4812 1.17956 -1.88582 -3.99387 3.01752 6.69902 3.79718 -14.5132 5.50337 -2.90313 -4.41898 5.20681 4.67119 0.752697 -14.5903 4.8322 -0.0658659 -0.516757 3.53321 0.841205 0.408104 -14.6847 3.18742 3.4799 0.763582 -4.88222 4.11346 4.286 -10.3813 -0.640573 -3.66186 0.077799
80.26 -1.77094 -0.766605 0.160534 -14.5544 -1.10928 3.36435 -1.11432 -2.42572 0.813448 1.8698 -13.9413 -0.624274 1.86323 -2.31439 -3.92801 4.56805 4.2162 -13.4015 0.819555 -1.5133 -3.63151 2.29011 6.87215 4.16323 -14.4086 5.44357 -3.07634 -4.74915 5.23761 5.03346 1.14146 -14.5868 4.97716 -0.468096 -0.891686 3.94337 1.06668 0.241454 -14.7376 3.5844 3.24677 0.604742 -4.47385 3.91216 3.92617 -10.4037 -0.712108 -3.46556 0.396174
80.31 -1.51142 -0.75925 0.129293 -14.6118 -1.04628 3.38564 -1.03232 -2.22345 0.498045 1.80479 -14.0304 -0.679371 2.1217 -2.07901 -3.98751 4.18186 3.83233 -13.3507 0.514413 -1.12913 -3.2852 1.51049 6.96795 4.48776 -14.2872 5.28473 -3.20523 -5.02681 5.18492 5.38 1.57455 -14.5719 5.10045 -0.867752 -1.28078 4.30212 1.30332 0.0755489 -14.7906 3.91794 2.96764 0.409376 -3.97668 3.72306 3.56898 -10.4323 -0.770635 -3.27824 0.695363
80.36 -1.2531 -0.721132 0.105199 -14.6638 -0.956293 3.40094 -0.958935 -2.02981 0.226561 1.76039 -14.1202 -0.713409 2.34195 -1.86035 -3.92693 3.78593 3.43488 -13.3293 0.254777 -0.739999 -2.9628 0.652734 6.94731 4.7631 -14.1481 4.96188 -3.28649 -5.24081 5.0319 5.709 2.01965 -14.5464 5.20486 -1.25815 -1.68514 4.61965 1.55252 -0.0849655 -14.8469 4.19837 2.65855 0.192949 -3.40642 3.54767 3.22166 -10.466 -0.814006 -3.09953 0.973999
80.41 -0.990407 -0.652364 0.0869894 -14.7108 -0.835198 3.41134 -0.894073 -1.84216 0.00223471 1.73045 -14.2082 -0.727004 2.52472 -1.65577 -3.77307 3.37646 3.05143 -13.3373 0.0337393 -0.34934 -2.66694 -0.298273 6.77428 4.9746 -13.9948 4.42246 -3.31101 -5.37288 4.76272 6.01914 2.4495 -14.5117 5.29203 -1.63353 -2.10881 4.90345 1.81545 -0.234515 -14.9091 4.43492 2.33031 -0.037975 -2.78342 3.38943 2.88961 -10.5041 -0.836576 -2.92907 1.23179
80.46 -0.716772 -0.551817 0.0737417 -14.753 -0.6775 3.41729 -0.837936 -1.65703 -0.173973 1.71032 -14.2926 -0.720269 2.67285 -1.46251 -3.56132 2.95152 2.70304 -13.3734 -0.153829 0.0401767 -2.3973 -1.26455 6.46183 5.09893 -13.8348 3.71666 -3.25796 -5.39192 4.37389 6.30903 2.84853 -14.4693 5.36202 -1.98953 -2.55326 5.15868 2.09251 -0.366625 -14.9778 4.63518 1.98941 -0.282918 -2.12479 3.2553 2.57683 -10.5456 -0.826462 -2.76662 1.46897
80.51 -0.424179 -0.416858 0.0648566 -14.7908 -0.475919 3.41864 -0.791213 -1.47023 -0.303113 1.69657 -14.3725 -0.692659 2.7905 -1.27758 -3.32119 2.51707 2.4039 -13.4357 -0.31177 0.424689 -2.15189 -2.1109 6.07223 5.11259 -13.6781 2.98983 -3.10276 -5.26713 3.8821 6.57651 3.21481 -14.4198 5.41238 -2.32296 -3.00874 5.38869 2.38363 -0.473828 -15.0509 4.80519 1.63925 -0.543711 -1.43487 3.15845 2.28723 -10.5895 -0.761097 -2.61219 1.68582
80.56 -0.102891 -0.243129 0.0600828 -14.8242 -0.221113 3.41445 -0.755433 -1.2767 -0.387173 1.68663 -14.4471 -0.642714 2.88242 -1.09776 -3.06996 2.08553 2.16115 -13.5206 -0.442917 0.798176 -1.92782 -2.77518 5.65479 5.0026 -13.534 2.34249 -2.84401 -5.00458 3.31418 6.8175 3.55474 -14.3628 5.4365 -2.63145 -3.45694 5.59528 2.68925 -0.547331 -15.124 4.94984 1.28142 -0.821591 -0.69658 3.12215 2.02664 -10.6346 -0.600733 -2.4664 1.88202
80.61 0.25803 -0.0246742 0.0596076 -14.8534 0.097752 3.4026 -0.733638 -1.07015 -0.42798 1.67842 -14.5162 -0.567665 2.95329 -0.919516 -2.81654 1.6698 1.97428 -13.6236 -0.549228 1.15266 -1.72164 -3.2597 5.23001 4.77011 -13.41 1.79705 -2.50844 -4.64985 2.69068 7.02424 3.87418 -14.2962 5.42059 -2.91279 -3.87993 5.77852 3.01183 -0.576239 -15.1919 5.07314 0.916974 -1.11649 0.132413 3.18355 1.80629 -10.6787 -0.283099 -2.3313 2.05544
80.66 0.667933 0.244839 0.0642574 -14.8784 0.490034 3.37891 -0.73163 -0.842688 -0.426389 1.66999 -14.5799 -0.462834 3.00718 -0.739143 -2.56575 1.28081 1.83678 -13.739 -0.631897 1.47951 -1.52953 -3.57644 4.80403 4.43214 -13.3114 1.34213 -2.12857 -4.25378 2.017 7.18242 4.17412 -14.2167 5.33878 -3.16411 -4.26302 5.93587 3.35669 -0.546131 -15.2487 5.17841 0.548008 -1.42793 1.093 3.38427 1.64861 -10.7188 0.255817 -2.21285 2.19892
80.71 1.12782 0.568807 0.075869 -14.899 0.956277 3.33581 -0.759938 -0.584485 -0.381584 1.65907 -14.6381 -0.320802 3.04714 -0.553389 -2.31934 0.927836 1.7392 -13.8613 -0.691454 1.77137 -1.3473 -3.73 4.37721 4.02101 -13.2408 0.961099 -1.72825 -3.85212 1.27905 7.26755 4.45114 -14.1194 5.14711 -3.38065 -4.59265 6.06028 3.729 -0.437569 -15.2892 5.26848 0.179368 -1.75645 2.1302 3.72432 1.58994 -10.7498 0.992109 -2.12642 2.29335
80.76 1.62188 0.943019 0.0978577 -14.9149 1.47844 3.26112 -0.835488 -0.284073 -0.29036 1.64248 -14.6911 -0.130515 3.07496 -0.360891 -2.07619 0.619016 1.67176 -13.9853 -0.727767 2.02384 -1.17035 -3.72798 3.94669 3.57784 -13.199 0.640193 -1.32145 -3.46495 0.447651 7.24471 4.69787 -14.0008 4.78529 -3.55316 -4.85257 6.13726 4.12587 -0.228245 -15.3088 5.34571 -0.180463 -2.10511 3.08201 4.14193 1.66508 -10.7659 1.78129 -2.10059 2.30399
80.81 2.11751 1.35437 0.135917 -14.9253 2.01854 3.13962 -0.979237 0.0705636 -0.146725 1.61586 -14.739 0.122935 3.09078 -0.164173 -1.83242 0.360928 1.6257 -14.1072 -0.739887 2.236 -0.99374 -3.59664 3.50786 3.14216 -13.1855 0.369328 -0.915326 -3.10162 -0.479312 7.08807 4.90208 -13.8618 4.21815 -3.66329 -5.01836 6.14483 4.53484 0.0976286 -15.3049 5.4121 -0.520562 -2.47887 3.8365 4.5792 1.88325 -10.7629 2.4975 -2.1641 2.19965
80.86 2.57906 1.78634 0.19873 -14.9291 2.53403 2.95983 -1.20621 0.489287 0.0572415 1.57429 -14.7821 0.455925 3.09249 0.0287876 -1.58164 0.157708 1.59362 -14.2238 -0.725689 2.40993 -0.812298 -3.37963 3.05904 2.74456 -13.1992 0.141356 -0.513332 -2.76493 -1.41124 6.82123 5.04819 -13.7085 3.5156 -3.68077 -5.05482 6.06208 4.94021 0.538148 -15.2771 5.46926 -0.83039 -2.87831 4.36379 5.0102 2.22218 -10.7398 3.09789 -2.32225 1.98242
80.91 2.98151 2.22594 0.298676 -14.9245 2.99651 2.72139 -1.5147 0.973424 0.327702 1.51436 -14.8205 0.878178 3.07439 0.203852 -1.31512 0.011139 1.56913 -14.3328 -0.681204 2.54966 -0.62124 -3.11953 2.60636 2.40488 -13.2385 -0.0487618 -0.117422 -2.45384 -2.22788 6.50316 5.12428 -13.5501 2.81513 -3.57854 -4.93668 5.87772 5.3271 1.06965 -15.2271 5.51842 -1.10243 -3.29295 4.66308 5.4259 2.63705 -10.7 3.58839 -2.55585 1.68381
80.96 3.31175 2.66558 0.452475 -14.909 3.39646 2.43443 -1.88688 1.50602 0.662355 1.43628 -14.8545 1.37877 3.02572 0.340476 -1.02239 -0.0778612 1.5461 -14.4328 -0.599642 2.66016 -0.417439 -2.84451 2.16112 2.13202 -13.3013 -0.204555 0.270503 -2.16494 -2.88693 6.1732 5.12596 -13.3958 2.19808 -3.35935 -4.68145 5.58379 5.68246 1.65136 -15.1588 5.56033 -1.33348 -3.70597 4.74673 5.8232 3.07576 -10.6521 3.98881 -2.83874 1.33807
81.01 3.56152 3.10065 0.681162 -14.8795 3.73645 2.11269 -2.29882 2.0505 1.0465 1.3445 -14.8844 1.91908 2.93117 0.41397 -0.692153 -0.107291 1.51794 -14.523 -0.470172 2.74628 -0.201272 -2.5686 1.7342 1.92456 -13.3848 -0.328391 0.647586 -1.89344 -3.40263 5.84359 5.05367 -13.2527 1.67801 -3.05274 -4.33943 5.1686 5.99589 2.23678 -15.0763 5.59496 -1.52443 -4.10258 4.6501 6.2009 3.49424 -10.608 4.31754 -3.14916 0.967428
81.06 3.71953 3.52696 1.00799 -14.8319 4.02346 1.76789 -2.7289 2.56777 1.45906 1.24689 -14.9111 2.44851 2.77702 0.404478 -0.312628 -0.0725293 1.47764 -14.6033 -0.276911 2.81185 0.0224008 -2.29619 1.33402 1.7738 -13.4851 -0.42163 1.00943 -1.63368 -3.79837 5.51357 4.9093 -13.1264 1.2424 -2.69214 -3.9595 4.62715 6.26051 2.78749 -14.9828 5.62084 -1.67899 -4.47272 4.43175 6.55838 3.86471 -10.5803 4.58814 -3.47188 0.581761
81.11 3.76456 3.93988 1.4528 -14.7622 4.26452 1.40815 -3.16088 3.03431 1.88272 1.15364 -14.9366 2.9299 2.55995 0.308034 0.128379 0.0341975 1.41937 -14.6738 0.000689319 2.8588 0.244955 -2.02511 0.967055 1.66789 -13.5974 -0.484548 1.35025 -1.37949 -4.08875 5.1785 4.69553 -13.0209 0.875507 -2.30302 -3.57418 3.97776 6.47267 3.28145 -14.88 5.6334 -1.80219 -4.80995 4.15456 6.89515 4.17545 -10.577 4.80989 -3.79689 0.183871
81.16 3.65635 4.33439 2.02332 -14.6671 4.46449 1.03878 -3.58359 3.44317 2.30819 1.07686 -14.9654 3.34863 2.28859 0.135866 0.639683 0.221808 1.34061 -14.7352 0.382678 2.88605 0.454778 -1.74854 0.639082 1.59468 -13.7163 -0.515968 1.66371 -1.12454 -4.27737 4.83452 4.4179 -12.9394 0.564265 -1.90185 -3.20093 3.25885 6.62941 3.712 -14.7676 5.62197 -1.89915 -5.10959 3.86635 7.21077 4.42605 -10.5998 4.98918 -4.1177 -0.22499
81.21 3.32533 4.7042 2.70658 -14.5451 4.6233 0.664164 -3.9896 3.79515 2.73229 1.03079 -15.0064 3.70548 1.97674 -0.0984984 1.21459 0.493384 1.24299 -14.7881 0.873645 2.88765 0.636192 -1.45657 0.356361 1.54288 -13.8369 -0.512529 1.94422 -0.863303 -4.36061 4.48013 4.08822 -12.8842 0.29868 -1.49823 -2.84711 2.5043 6.72401 4.08088 -14.6439 5.56476 -1.97411 -5.36715 3.59325 7.50497 4.62251 -10.6454 5.13072 -4.43021 -0.642559
81.26 2.68485 5.0374 3.46637 -14.3975 4.728 0.289883 -4.37352 4.09058 3.15408 1.03216 -15.07 4.00739 1.63678 -0.390931 1.81867 0.83694 1.13159 -14.8331 1.44375 2.85094 0.767466 -1.13813 0.126589 1.50185 -13.955 -0.467607 2.18788 -0.593192 -4.33567 4.11521 3.72589 -12.8566 0.0712045 -1.09694 -2.51384 1.72107 6.74082 4.39064 -14.5069 5.42239 -2.02953 -5.57702 3.34242 7.77768 4.77363 -10.7086 5.23829 -4.73181 -1.0664
81.31 1.68247 5.30199 4.24795 -14.2289 4.72662 -0.0748736 -4.72936 4.32364 3.57161 1.09927 -15.1582 4.26225 1.27729 -0.748459 2.40179 1.22676 1.01364 -14.8707 2.03291 2.75861 0.823698 -0.782467 -0.0407176 1.461 -14.0678 -0.370092 2.39291 -0.316629 -4.21 3.73912 3.35471 -12.8569 -0.123872 -0.699897 -2.19866 0.885051 6.65183 4.63799 -14.3568 5.13454 -2.06463 -5.73116 3.10658 8.02884 4.88906 -10.784 5.31488 -5.02092 -1.4963
81.36 0.291544 5.41456 4.97401 -14.0484 4.47227 -0.412673 -5.04361 4.4764 3.98104 1.24855 -15.255 4.47707 0.903752 -1.18393 2.9281 1.63734 0.897684 -14.9015 2.58407 2.59803 0.789164 -0.378539 -0.13436 1.41017 -14.1732 -0.203388 2.55932 -0.0406926 -4.00448 3.34939 2.99717 -12.8846 -0.290839 -0.307919 -1.89709 -0.0298505 6.42584 4.80714 -14.1978 4.64123 -2.07195 -5.81579 2.86767 8.25794 4.97861 -10.8666 5.36201 -5.29654 -1.93557
81.41 -1.45234 5.28755 5.52595 -13.8701 3.8241 -0.686418 -5.27745 4.51538 4.37774 1.49025 -15.3364 4.65756 0.520284 -1.71283 3.38667 2.05298 0.793405 -14.9262 3.06749 2.3705 0.667513 0.0861712 -0.14198 1.34173 -14.2704 0.054266 2.68783 0.224993 -3.74534 2.94407 2.6704 -12.9382 -0.432837 0.0772529 -1.60344 -0.973286 6.06678 4.86675 -14.0384 3.96093 -2.03164 -5.8048 2.60256 8.4632 5.05305 -10.9512 5.3785 -5.55803 -2.38698
81.46 -3.15634 5.02568 5.8068 -13.7088 3.02538 -0.841178 -5.36718 4.41457 4.75737 1.82609 -15.3852 4.80798 0.131452 -2.33092 3.78117 2.46749 0.712227 -14.9461 3.47835 2.08879 0.476025 0.621692 -0.0521967 1.25253 -14.3588 0.424454 2.77801 0.469072 -3.45132 2.52804 2.38551 -13.0152 -0.551982 0.451248 -1.31132 -1.80926 5.63207 4.78438 -13.8892 3.22361 -1.91373 -5.664 2.29269 8.64058 5.12537 -11.0321 5.35899 -5.8048 -2.84341
81.51 -4.54886 4.74631 5.82694 -13.5714 2.3223 -0.854333 -5.29286 4.17212 5.11616 2.2456 -15.3956 4.93095 -0.256514 -2.9989 4.11853 2.88012 0.668183 -14.9635 3.82396 1.7682 0.233877 1.2216 0.138391 1.14378 -14.4382 0.912139 2.82578 0.676633 -3.12886 2.11432 2.14738 -13.1116 -0.649239 0.806901 -1.01477 -2.44319 5.17816 4.55259 -13.7599 2.5485 -1.70222 -5.38374 1.92638 8.78281 5.20932 -11.1025 5.29261 -6.03598 -3.28655
81.56 -5.62954 4.47118 5.64455 -13.4603 1.7473 -0.749217 -5.09585 3.78651 5.45017 2.72217 -15.3688 5.02657 -0.635516 -3.67374 4.40267 3.29132 0.678236 -14.9814 4.11456 1.42062 -0.0450102 1.849 0.415555 1.01955 -14.5088 1.4845 2.82076 0.826645 -2.77854 1.71885 1.9533 -13.2225 -0.724052 1.13593 -0.710644 -2.85399 4.73034 4.19807 -13.657 1.9754 -1.41116 -4.99753 1.49071 8.87796 5.31389 -11.1542 5.16097 -6.24998 -3.6948
81.61 -6.44442 4.19571 5.31606 -13.376 1.27672 -0.560049 -4.82894 3.25656 5.75345 3.21956 -15.309 5.08975 -0.996244 -4.32373 4.63217 3.69964 0.760564 -15.0016 4.35961 1.05369 -0.353753 2.45071 0.749614 0.885143 -14.5708 2.07658 2.7481 0.895228 -2.40212 1.35706 1.79312 -13.3426 -0.77382 1.43132 -0.40074 -3.05138 4.29438 3.77044 -13.5836 1.49903 -1.06794 -4.55473 0.964634 8.90737 5.44037 -11.179 4.93539 -6.44349 -4.04769
81.66 -7.02173 3.91197 4.888 -13.3191 0.886044 -0.312923 -4.53023 2.59589 6.01462 3.70356 -15.2193 5.10483 -1.32906 -4.92643 4.80016 4.10137 0.929714 -15.0225 4.56685 0.6722 -0.690205 2.9909 1.11125 0.746234 -14.6247 2.62866 2.59826 0.869281 -2.0025 1.04288 1.65247 -13.4668 -0.793286 1.68904 -0.091057 -3.06455 3.86763 3.32325 -13.5401 1.10375 -0.694771 -4.09385 0.320231 8.84544 5.58417 -11.172 4.57841 -6.60948 -4.32486
81.71 -7.36708 3.61335 4.39916 -13.2899 0.557207 -0.0248727 -4.22271 1.82708 6.21142 4.14769 -15.1013 5.03622 -1.62443 -5.46377 4.89543 4.49204 1.19 -15.0378 4.74246 0.280083 -1.05373 3.46122 1.48154 0.60872 -14.6712 3.11116 2.37584 0.757265 -1.5803 0.788174 1.5178 -13.591 -0.77367 1.90844 0.211255 -2.94417 3.44395 2.89873 -13.5257 0.775769 -0.304562 -3.63747 -0.453836 8.67027 5.73776 -11.1339 4.06678 -6.73335 -4.50273
81.76 -7.47651 3.2949 3.88293 -13.2884 0.277359 0.292753 -3.91943 0.955221 6.30504 4.53034 -14.9554 4.8193 -1.87204 -5.91697 4.90208 4.86782 1.53109 -15.0402 4.89128 -0.1179 -1.44431 3.86859 1.85119 0.479173 -14.7113 3.52029 2.09622 0.582162 -1.13133 0.602856 1.37993 -13.7122 -0.701369 2.09139 0.500096 -2.74683 3.01809 2.52275 -13.539 0.504944 0.0962958 -3.19626 -1.30491 8.39022 5.89235 -11.0709 3.44131 -6.79067 -4.55301
81.81 -7.35996 2.95184 3.36707 -13.314 0.0371558 0.630972 -3.62752 -0.029077 6.24815 4.82738 -14.7843 4.379 -2.05736 -6.26082 4.79809 5.22585 1.92958 -15.0247 5.01693 -0.515493 -1.86387 4.22363 2.21698 0.365463 -14.7467 3.86404 1.77617 0.366566 -0.645522 0.496686 1.23471 -13.8282 -0.556291 2.24105 0.770833 -2.51283 2.59048 2.20781 -13.5779 0.284119 0.504306 -2.77322 -2.12926 8.0478 6.03893 -10.9915 2.8021 -6.75844 -4.45773
81.86 -7.05731 2.58091 2.87236 -13.3646 -0.170409 0.980481 -3.35071 -1.06181 6.03315 5.00907 -14.5963 3.72697 -2.15562 -6.45793 4.56077 5.56393 2.35698 -14.9896 5.12163 -0.905313 -2.31343 4.53536 2.57929 0.277307 -14.7796 4.15303 1.42825 0.124456 -0.107365 0.481635 1.08152 -13.9376 -0.311027 2.36053 1.01948 -2.25991 2.16773 1.95701 -13.6393 0.108528 0.915993 -2.36653 -2.85642 7.68415 6.16895 -10.9034 2.22524 -6.63605 -4.23342
81.91 -6.62936 2.18689 2.41356 -13.4365 -0.350703 1.33028 -3.09072 -1.98588 5.72017 5.05359 -14.4041 3.00988 -2.13754 -6.47057 4.18249 5.87985 2.78974 -14.9358 5.2056 -1.2798 -2.78327 4.80981 2.94082 0.226661 -14.8111 4.39691 1.0603 -0.13881 0.498645 0.571235 0.921817 -14.0394 0.0643221 2.45119 1.24092 -1.99035 1.759 1.76614 -13.7191 -0.0242464 1.32624 -1.97124 -3.47124 7.32133 6.27393 -10.8128 1.73235 -6.44489 -3.92375
81.96 -6.13564 1.78317 2.00108 -13.5249 -0.507864 1.66837 -2.84812 -2.71038 5.36826 4.96117 -14.2204 2.35559 -1.99693 -6.30011 3.67748 6.1703 3.21315 -14.865 5.26576 -1.632 -3.25254 5.04962 3.30523 0.227868 -14.8412 4.60363 0.677019 -0.422567 1.16964 0.771589 0.758385 -14.133 0.582014 2.51009 1.42581 -1.69872 1.37344 1.6256 -13.8119 -0.113847 1.72802 -1.5814 -3.98468 6.96856 6.3451 -10.7244 1.3171 -6.21083 -3.57173
82.01 -5.62168 1.38452 1.64067 -13.6241 -0.645033 1.98366 -2.62278 -3.23604 5.00167 4.74903 -14.0551 1.80052 -1.75923 -5.99464 3.0721 6.42912 3.61752 -14.7783 5.29306 -1.95569 -3.70001 5.25332 3.67478 0.29697 -14.8676 4.7795 0.282164 -0.727223 1.86278 1.06677 0.595263 -14.2177 1.20624 2.52667 1.55657 -1.37698 1.01991 1.52229 -13.9123 -0.156306 2.11333 -1.19357 -4.41257 6.62933 6.3736 -10.6418 0.966755 -5.95398 -3.20611
82.06 -5.11723 1.0031 1.3333 -13.729 -0.764514 2.26748 -2.41418 -3.58596 4.62674 4.44352 -13.9151 1.33687 -1.45848 -5.61249 2.39123 6.64426 3.99458 -14.6756 5.26753 -2.24505 -4.10918 5.41403 4.04797 0.448747 -14.8862 4.92959 -0.119728 -1.05259 2.51351 1.42106 0.437864 -14.2933 1.85791 2.48283 1.60805 -1.01779 0.707866 1.44096 -14.0153 -0.142993 2.47436 -0.810248 -4.76775 6.30476 6.35162 -10.5678 0.669554 -5.68763 -2.84212
82.11 -4.63891 0.648429 1.07614 -13.8354 -0.867879 2.51446 -2.22159 -3.77747 4.24412 4.07699 -13.8039 0.948349 -1.12073 -5.19795 1.64361 6.79338 4.33639 -14.5557 5.15113 -2.49387 -4.46691 5.51867 4.41987 0.691016 -14.8932 5.05797 -0.522579 -1.39815 3.08221 1.80115 0.293103 -14.3594 2.4641 2.36246 1.56106 -0.613689 0.448497 1.3658 -14.1171 -0.0596429 2.80424 -0.439184 -5.05806 5.99499 6.27381 -10.504 0.416015 -5.42001 -2.48586
82.16 -4.19402 0.328078 0.864111 -13.9403 -0.956062 2.72259 -2.04413 -3.82639 3.85207 3.68413 -13.7233 0.620804 -0.762102 -4.77895 0.812695 6.84063 4.63366 -14.4177 4.88324 -2.69415 -4.75977 5.54864 4.78466 1.01913 -14.8857 5.16792 -0.919157 -1.76471 3.56425 2.18829 0.169699 -14.4158 2.98955 2.1644 1.41882 -0.154193 0.25559 1.28348 -14.2147 0.114071 3.09693 -0.0899369 -5.28609 5.69976 6.1386 -10.4517 0.198693 -5.15613 -2.13784
82.21 -3.78407 0.0476297 0.69124 -14.0415 -1.02945 2.89288 -1.88092 -3.75793 3.4468 3.29649 -13.6734 0.343529 -0.391845 -4.37162 -0.119823 6.74712 4.87251 -14.264 4.40382 -2.83261 -4.96872 5.48125 5.13744 1.41512 -14.863 5.26201 -1.3021 -2.15567 3.97132 2.57563 0.0785532 -14.4628 3.43058 1.90218 1.20379 0.373084 0.144935 1.18607 -14.3066 0.401917 3.34634 0.227674 -5.44933 5.41861 5.94869 -10.4113 0.0117039 -4.89897 -1.79503
82.26 -3.40736 -0.18979 0.551482 -14.1377 -1.08796 3.02849 -1.73106 -3.60743 3.02536 2.93826 -13.6535 0.108617 -0.0158626 -3.98467 -1.09448 6.51319 5.03321 -14.1009 3.73835 -2.88558 -5.06283 5.29421 5.47456 1.85339 -14.8257 5.34205 -1.66477 -2.57323 4.3166 2.96265 0.0330122 -14.5015 3.79759 1.59337 0.940929 0.971085 0.128888 1.07126 -14.3915 0.818845 3.54444 0.501855 -5.54087 5.15102 5.71064 -10.3827 -0.14966 -4.65025 -1.45263
82.31 -3.06052 -0.383597 0.439226 -14.228 -1.13112 3.13391 -1.59367 -3.4093 2.5919 2.62585 -13.6618 -0.0898267 0.360634 -3.62225 -1.9749 6.19476 5.09792 -13.9374 3.02369 -2.8254 -5.00939 4.97569 5.79326 2.30961 -14.7752 5.40897 -2.00159 -3.00951 4.60884 3.35079 0.0487021 -14.5329 4.10368 1.25207 0.647289 1.61412 0.204886 0.940438 -14.4691 1.34703 3.67885 0.715496 -5.55152 4.89646 5.43313 -10.3654 -0.289207 -4.41091 -1.10664
82.36 -2.73949 -0.535077 0.349525 -14.3122 -1.15811 3.21423 -1.46795 -3.18832 2.15783 2.36832 -13.6955 -0.256236 0.731653 -3.28578 -2.68379 5.84374 5.05942 -13.7822 2.37393 -2.64682 -4.80999 4.5289 6.09084 2.76548 -14.7128 5.46225 -2.30785 -3.44693 4.85079 3.73981 0.141939 -14.5581 4.36036 0.887504 0.331444 2.2484 0.350452 0.796505 -14.5393 1.92667 3.73298 0.846524 -5.4733 4.65444 5.12481 -10.3588 -0.410025 -4.18136 -0.757101
82.41 -2.43991 -0.646513 0.278164 -14.39 -1.16783 3.27452 -1.35312 -2.96034 1.73572 2.16684 -13.7503 -0.393952 1.08999 -2.97497 -3.22183 5.48127 4.91955 -13.6429 1.82185 -2.37505 -4.50803 3.96975 6.36355 3.20702 -14.6395 5.49878 -2.57944 -3.86766 5.0398 4.12656 0.325486 -14.5771 4.57679 0.505626 -0.00326281 2.82671 0.536962 0.642479 -14.6028 2.48819 3.69393 0.878811 -5.30124 4.42453 4.79292 -10.3618 -0.514597 -3.96169 -0.408811
82.46 -2.15742 -0.720551 0.221634 -14.4617 -1.15885 3.31938 -1.24849 -2.73528 1.33581 2.01607 -13.8211 -0.505512 1.42765 -2.68856 -3.60958 5.11218 4.68619 -13.5252 1.35972 -2.04409 -4.15559 3.324 6.60491 3.62315 -14.5547 5.51036 -2.81278 -4.25823 5.16993 4.50635 0.602461 -14.5883 4.76009 0.111364 -0.355478 3.33193 0.744826 0.481163 -14.6605 2.9889 3.56323 0.816186 -5.0325 4.20638 4.44406 -10.3736 -0.604829 -3.75179 -0.0686541
82.51 -1.88759 -0.759771 0.17707 -14.5272 -1.12942 3.35258 -1.15348 -2.51852 0.96597 1.90716 -13.9029 -0.592884 1.73694 -2.42467 -3.85988 4.73664 4.37402 -13.4333 0.971603 -1.68034 -3.79079 2.61813 6.80313 4.00587 -14.4569 5.47915 -3.00496 -4.60883 5.23341 4.87478 0.961884 -14.5897 4.91582 -0.289818 -0.723805 3.76871 0.965467 0.315429 -14.7144 3.41697 3.35686 0.680882 -4.66635 3.99988 4.08574 -10.393 -0.681978 -3.55139 0.257369
82.56 -1.62594 -0.766349 0.142163 -14.587 -1.07731 3.37703 -1.06757 -2.31187 0.63261 1.83062 -13.9906 -0.657613 2.01187 -2.18107 -3.97697 4.35397 4.00586 -13.3695 0.643484 -1.30022 -3.43597 1.86348 6.9373 4.34951 -14.3432 5.37108 -3.15375 -4.91091 5.21957 5.22856 1.37932 -14.5799 5.04831 -0.691467 -1.10667 4.14882 1.19703 0.148676 -14.7669 3.77735 3.09582 0.499212 -4.20705 3.80526 3.72639 -10.4189 -0.746391 -3.36014 0.565311
82.61 -1.36773 -0.74178 0.11508 -14.6414 -0.999722 3.39482 -0.990392 -2.11467 0.341152 1.77795 -14.0805 -0.700879 2.24911 -1.95532 -3.96721 3.96274 3.61073 -13.3351 0.36467 -0.91273 -3.10241 1.0445 6.97364 4.64791 -14.2118 5.12969 -3.25674 -5.15479 5.11321 5.56551 1.82295 -14.5589 5.1608 -1.08674 -1.50391 4.48353 1.44048 -0.01486 -14.8213 4.08006 2.79836 0.290822 -3.66678 3.62352 3.37392 -10.4505 -0.796918 -3.17766 0.853137
82.66 -1.10771 -0.68665 0.0943967 -14.6906 -0.892996 3.4073 -0.921751 -1.92475 0.0956751 1.74226 -14.1696 -0.723483 2.44823 -1.74483 -3.8505 3.55977 3.21805 -13.3302 0.127258 -0.522425 -2.7947 0.132404 6.87057 4.89012 -14.0641 4.68833 -3.30818 -5.32616 4.89696 5.88415 2.26228 -14.5281 5.2555 -1.4694 -1.91847 4.78152 1.69723 -0.170012 -14.8807 4.33502 2.47757 0.0659838 -3.06463 3.45707 3.03454 -10.4868 -0.829718 -3.00358 1.12015
82.71 -0.839815 -0.60041 0.0790441 -14.7349 -0.752295 3.41519 -0.861698 -1.73898 -0.10182 1.71827 -14.2558 -0.725777 2.61126 -1.54691 -3.6601 3.14151 2.85199 -13.354 -0.0745954 -0.132033 -2.51361 -0.843928 6.61382 5.05627 -13.9059 4.04101 -3.29282 -5.39983 4.56027 6.18322 2.67598 -14.489 5.33322 -1.83444 -2.35413 5.04889 1.96803 -0.310706 -14.9467 4.55052 2.14171 -0.172573 -2.42027 3.31108 2.71277 -10.5269 -0.836106 -2.8376 1.36642
82.76 -0.556718 -0.481127 0.0682792 -14.7746 -0.571182 3.41865 -0.810677 -1.55349 -0.251592 1.70206 -14.3377 -0.707534 2.74185 -1.35867 -3.42969 2.70998 2.52971 -13.405 -0.245256 0.255303 -2.25778 -1.757 6.25038 5.12133 -13.7465 3.30579 -3.18501 -5.34096 4.11095 6.46099 3.05626 -14.4426 5.39279 -2.1782 -2.8067 5.28975 2.25293 -0.429937 -15.0182 4.73327 1.79538 -0.426115 -1.74486 3.19556 2.41236 -10.5698 -0.798929 -2.67959 1.59226
82.81 -0.249449 -0.325223 0.0616902 -14.8099 -0.341234 3.41709 -0.769785 -1.36364 -0.355365 1.69071 -14.4147 -0.667736 2.84457 -1.17701 -3.18192 2.27547 2.26159 -13.4805 -0.387982 0.634561 -2.02466 -2.5039 5.84135 5.06685 -13.5957 2.61672 -2.97011 -5.1355 3.57355 6.7144 3.40693 -14.3891 5.42972 -2.49801 -3.26051 5.5066 2.55198 -0.519564 -15.0919 4.88862 1.44082 -0.696365 -1.03178 3.12872 2.13796 -10.6146 -0.686959 -2.52984 1.79772
82.86 0.0925617 -0.12739 0.059253 -14.841 -0.0521018 3.409 -0.74128 -1.16372 -0.415154 1.68196 -14.4863 -0.604255 2.92422 -0.99852 -2.92869 1.85127 2.05048 -13.5761 -0.505105 0.998531 -1.811 -3.06631 5.41851 4.88751 -13.4621 2.02652 -2.66436 -4.81486 2.97298 6.9376 3.73501 -14.3271 5.43389 -2.79167 -3.69666 5.70031 2.86656 -0.569755 -15.1628 5.02093 1.07915 -0.98379 -0.249462 3.14139 1.89784 -10.6594 -0.447961 -2.38958 1.98171
82.91 0.47994 0.118806 0.0614768 -14.8678 0.30684 3.39125 -0.72954 -0.946619 -0.43233 1.67388 -14.5524 -0.513348 2.98518 -0.819541 -2.67634 1.44921 1.89218 -13.6867 -0.598143 1.33865 -1.61316 -3.4564 4.99277 4.59311 -13.3517 1.53358 -2.30054 -4.43164 2.32205 7.11963 4.04379 -14.2538 5.38549 -3.05672 -4.0991 5.86967 3.20075 -0.567872 -15.2253 5.13381 0.711786 -1.28793 0.651184 3.27645 1.70866 -10.7019 -0.012135 -2.26258 2.1399
82.96 0.918476 0.418619 0.069692 -14.8905 0.741243 3.35797 -0.742727 -0.703363 -0.406906 1.66439 -14.613 -0.388926 3.03101 -0.636494 -2.42797 1.07921 1.77814 -13.8066 -0.667914 1.64676 -1.42709 -3.68191 4.56651 4.20961 -13.2685 1.12175 -1.90702 -4.02915 1.61562 7.24092 4.33163 -14.165 5.24924 -3.28946 -4.45414 6.00996 3.5606 -0.49678 -15.2736 5.23029 0.342171 -1.60868 1.67099 3.55964 1.60112 -10.7376 0.649389 -2.15919 2.25951
83.01 1.40061 0.771717 0.0865332 -14.9085 1.2423 3.29906 -0.794861 -0.423138 -0.336819 1.65078 -14.6683 -0.221638 3.06408 -0.44695 -2.18369 0.749904 1.69851 -13.9304 -0.714587 1.917 -1.2484 -3.74692 4.13815 3.77542 -13.2139 0.775658 -1.50188 -3.63389 0.829183 7.27049 4.59297 -14.0561 4.97038 -3.48306 -4.74732 6.1103 3.94768 -0.334718 -15.3029 5.31294 -0.0228205 -1.94786 2.68056 3.9519 1.61393 -10.7609 1.43523 -2.1024 2.31212
83.06 1.90018 1.16864 0.116596 -14.9214 1.77995 3.20015 -0.905884 -0.0939594 -0.217308 1.62921 -14.7184 0.00179093 3.08532 -0.251465 -1.94083 0.468672 1.64397 -14.0537 -0.737605 2.14692 -1.07227 -3.6682 3.70354 3.33203 -13.1881 0.48366 -1.09488 -3.25934 -0.0603187 7.17392 4.81785 -13.9256 4.49326 -3.62391 -4.9586 6.15156 4.35318 -0.0614919 -15.3096 5.38391 -0.373054 -2.30995 3.52969 4.38531 1.76972 -10.7668 2.19361 -2.12389 2.26087
83.11 2.38073 1.5934 0.167151 -14.9283 2.31099 3.04699 -1.09505 0.295494 -0.0410628 1.59483 -14.7636 0.297673 3.09373 -0.0554712 -1.69411 0.240808 1.60653 -14.1729 -0.735427 2.33737 -0.893597 -3.48335 3.25889 2.91448 -13.1899 0.237417 -0.690763 -2.9108 -1.0067 6.94927 4.99157 -13.7776 3.83449 -3.68663 -5.05695 6.11082 4.76207 0.329889 -15.2923 5.44499 -0.697448 -2.69861 4.15855 4.82083 2.05965 -10.7524 2.84644 -2.24137 2.09091
83.16 2.81157 2.03085 0.248855 -14.9277 2.79916 2.83378 -1.36886 0.751445 0.199554 1.54326 -14.8041 0.680162 3.08541 0.129678 -1.43577 0.0690235 1.57943 -14.2855 -0.705003 2.49167 -0.707324 -3.23789 2.80668 2.54738 -13.2181 0.0310445 -0.291946 -2.58867 -1.88505 6.64709 5.09965 -13.6203 3.11795 -3.63927 -5.00811 5.97236 5.15887 0.825295 -15.2518 5.49757 -0.986889 -3.10845 4.55823 5.2439 2.44726 -10.7193 3.38345 -2.44477 1.82374
83.21 3.1749 2.47115 0.376441 -14.9174 3.22701 2.56666 -1.71567 1.26612 0.506861 1.47292 -14.84 1.14925 3.05197 0.286248 -1.15601 -0.0456191 1.55653 -14.3897 -0.640934 2.61449 -0.50937 -2.96702 2.35669 2.24453 -13.2708 -0.139599 0.0997916 -2.29047 -2.61409 6.3196 5.13443 -13.4632 2.45924 -3.46932 -4.80852 5.72821 5.52967 1.39049 -15.1911 5.54264 -1.23621 -3.52426 4.73466 5.64956 2.88162 -10.6736 3.82126 -2.70889 1.4953
83.26 3.46137 2.90874 0.569131 -14.8945 3.59283 2.25867 -2.11292 1.81056 0.871559 1.38641 -14.8716 1.67813 2.97975 0.390739 -0.843813 -0.101826 1.5315 -14.4843 -0.53433 2.71086 -0.298348 -2.69047 1.92047 2.00883 -13.3455 -0.277365 0.482123 -2.01192 -3.19025 5.98945 5.09471 -13.3143 1.89702 -3.19709 -4.49819 5.3682 5.86275 1.97978 -15.1144 5.58057 -1.4446 -3.92966 4.71177 6.03604 3.31354 -10.6262 4.17978 -3.00936 1.13382
83.31 3.6619 3.33948 0.849655 -14.8554 3.90238 1.92288 -2.53731 2.34394 1.27408 1.29024 -14.8996 2.21823 2.85318 0.419617 -0.487619 -0.0962787 1.49742 -14.5689 -0.371628 2.78516 -0.0771303 -2.41644 1.50755 1.83432 -13.4389 -0.384055 0.851363 -1.74769 -3.63666 5.6601 4.982 -13.18 1.42599 -2.85669 -4.13 4.88206 6.1496 2.54963 -15.0254 5.61065 -1.6147 -4.3125 4.53929 6.40255 3.70759 -10.5899 4.47476 -3.32814 0.754194
83.36 3.76055 3.75893 1.24031 -14.796 4.16302 1.56897 -2.9701 2.83463 1.69445 1.19368 -14.9253 2.72399 2.66353 0.360993 -0.0753112 -0.0225587 1.44766 -14.6437 -0.134106 2.84028 0.147176 -2.14538 1.12515 1.71007 -13.5465 -0.460452 1.20227 -1.49181 -3.97265 5.32786 4.79854 -13.0648 1.03047 -2.47767 -3.74413 4.27651 6.38531 3.07035 -14.9266 5.62997 -1.75114 -4.66494 4.28106 6.74855 4.04539 -10.5752 4.71723 -3.65311 0.361574
83.41 3.72691 4.16225 1.75535 -14.7125 4.38082 1.20331 -3.39802 3.26918 2.11979 1.10799 -14.9518 3.17105 2.41464 0.220488 0.404378 0.128265 1.37802 -14.7091 0.199676 2.87665 0.364281 -1.87232 0.779185 1.62383 -13.6631 -0.506089 1.52861 -1.23796 -4.20651 4.98815 4.54819 -12.9724 0.695981 -2.0803 -3.36414 3.58329 6.56709 3.52908 -14.8187 5.63106 -1.85913 -4.98176 3.99322 7.07359 4.32217 -10.5866 4.91467 -3.97641 -0.0426325
83.46 3.5051 4.54396 2.39181 -14.6025 4.55839 0.830458 -3.81217 3.64614 2.54465 1.04639 -14.986 3.55464 2.11901 0.0124386 0.9536 0.363068 1.2883 -14.7657 0.643682 2.89075 0.560573 -1.58852 0.475569 1.56387 -13.7836 -0.518688 1.82432 -0.980069 -4.33705 4.63842 4.2396 -12.9053 0.411231 -1.67694 -3.00128 2.84173 6.6905 3.92485 -14.7002 5.59779 -1.94341 -5.25857 3.71153 7.3773 4.54163 -10.6227 5.07242 -4.29299 -0.456684
83.51 3.01152 4.8956 3.12349 -14.4658 4.69018 0.455175 -4.20649 3.96685 2.96759 1.02454 -15.0385 3.87991 1.79021 -0.253972 1.55068 0.677337 1.18221 -14.8141 1.18491 2.87301 0.717126 -1.28316 0.221276 1.51937 -13.9032 -0.493218 2.08465 -0.713915 -4.35991 4.27817 3.88894 -12.8654 0.167675 -1.27425 -2.65904 2.07251 6.74447 4.26071 -14.5693 5.49938 -2.00734 -5.49037 3.45097 7.65953 4.71167 -10.6788 5.19461 -4.59967 -0.877959
83.56 2.17232 5.19698 3.90321 -14.3057 4.74681 0.0847003 -4.57574 4.22888 3.38739 1.06028 -15.1168 4.15468 1.43854 -0.581307 2.14896 1.05018 1.06618 -14.8549 1.77372 2.80744 0.80945 -0.945293 0.025009 1.47976 -14.0186 -0.420708 2.30688 -0.43957 -4.27703 3.90722 3.51869 -12.8534 -0.0411486 -0.875206 -2.33631 1.26427 6.70653 4.53676 -14.4247 5.28448 -2.05185 -5.67043 3.21015 7.92025 4.84171 -10.7494 5.28463 -4.89446 -1.30497
83.61 0.958791 5.39143 4.66583 -14.129 4.63021 -0.268088 -4.91114 4.42048 3.80096 1.17144 -15.2126 4.38645 1.07069 -0.980408 2.70316 1.45416 0.948218 -14.8886 2.34721 2.67786 0.815882 -0.564203 -0.102741 1.4345 -14.1275 -0.287071 2.49032 -0.162273 -4.10366 3.52393 3.15263 -12.869 -0.220117 -0.480872 -2.02935 0.384762 6.54402 4.74355 -14.2689 4.88696 -2.07305 -5.78819 2.97535 8.15924 4.94149 -10.8294 5.34476 -5.17615 -1.73953
83.66 -0.65452 5.37135 5.31142 -13.9477 4.15328 -0.576597 -5.18788 4.5145 4.20387 1.37146 -15.3036 4.58154 0.69112 -1.46631 3.19183 1.8688 0.837478 -14.9159 2.86243 2.47889 0.731207 -0.128004 -0.15002 1.37453 -14.2284 -0.0726087 2.63555 0.109239 -3.86526 3.12546 2.81052 -12.9114 -0.372854 -0.0923287 -1.73295 -0.559952 6.23936 4.85624 -14.1084 4.2786 -2.05724 -5.82374 2.72463 8.3754 5.02116 -10.9138 5.3752 -5.44397 -2.18565
83.71 -2.43352 5.14767 5.71728 -13.7775 3.37508 -0.790096 -5.34832 4.47686 4.59155 1.66601 -15.3682 4.74484 0.30401 -2.04815 3.61385 2.28412 0.744509 -14.9378 3.30497 2.21925 0.568174 0.375525 -0.104516 1.29461 -14.3207 0.245593 2.74293 0.364448 -3.58521 2.71296 2.50607 -12.9784 -0.501929 0.287357 -1.44095 -1.46039 5.82964 4.83968 -13.9533 3.54779 -1.97725 -5.74405 2.43631 8.56582 5.09268 -10.9971 5.37262 -5.69734 -2.6416
83.76 -3.97308 4.86969 5.84666 -13.6291 2.61729 -0.865136 -5.3442 4.29694 4.96002 2.05079 -15.3957 4.87977 -0.0852355 -2.69982 3.97577 2.69752 0.682088 -14.9559 3.67826 1.91415 0.346338 0.949536 0.0419572 1.19415 -14.4041 0.68268 2.81036 0.590384 -3.27515 2.2963 2.24708 -13.0668 -0.60885 0.652145 -1.14699 -2.18976 5.37936 4.67272 -13.8143 2.83575 -1.80717 -5.52376 2.09631 8.72477 5.16995 -11.0731 5.32877 -5.93557 -3.09328
83.81 -5.18615 4.59265 5.74649 -13.5062 1.98749 -0.808078 -5.19465 3.97528 5.30557 2.50626 -15.385 4.98775 -0.469307 -3.37625 4.28332 3.10937 0.665931 -14.9732 3.99197 1.57735 0.0824779 1.57114 0.283802 1.07617 -14.4786 1.2243 2.83042 0.768874 -2.93712 1.89077 2.03435 -13.1719 -0.693792 0.993963 -0.846315 -2.69932 4.92732 4.3674 -13.6991 2.21654 -1.54817 -5.17846 1.69339 8.84263 5.26477 -11.1341 5.22891 -6.15745 -3.5196
83.86 -6.11384 4.3183 5.47641 -13.41 1.47401 -0.652307 -4.95296 3.50869 5.62344 2.999 -15.3393 5.06643 -0.839317 -4.04045 4.53757 3.51931 0.714083 -14.9924 4.25614 1.21828 -0.213503 2.19031 0.596681 0.945578 -14.5444 1.81627 2.78951 0.87618 -2.57189 1.51224 1.86078 -13.2886 -0.75513 1.30495 -0.538417 -2.98892 4.48609 3.96534 -13.6124 1.69911 -1.22478 -4.75502 1.21058 8.90397 5.38184 -11.1718 5.04921 -6.36062 -3.89947
83.91 -6.7945 4.03915 5.08729 -13.3409 1.05055 -0.428286 -4.66472 2.90317 5.90522 3.49268 -15.2626 5.10577 -1.18568 -4.66647 4.73395 3.92451 0.843483 -15.0135 4.47928 0.842747 -0.537789 2.76025 0.949121 0.807956 -14.6018 2.39167 2.67421 0.892397 -2.18225 1.17537 1.71331 -13.4115 -0.788869 1.57963 -0.22775 -3.07861 4.05589 3.52069 -13.5557 1.26982 -0.862758 -4.29847 0.621943 8.8859 5.51877 -11.1792 4.75511 -6.54005 -4.2128
83.96 -7.243 3.74781 4.62096 -13.2994 0.696171 -0.15671 -4.35902 2.17998 6.13425 3.95728 -15.1571 5.08036 -1.49882 -5.23492 4.86308 4.32061 1.06376 -15.0322 4.66823 0.454826 -0.88938 3.26123 1.31721 0.669067 -14.6515 2.90666 2.48247 0.816181 -1.77026 0.893002 1.57743 -13.5362 -0.787922 1.8159 0.0786697 -3.01018 3.63168 3.08198 -13.5286 0.913488 -0.479008 -3.83819 -0.0963785 8.76232 5.66906 -11.1543 4.3119 -6.68505 -4.43795
84.01 -7.45711 3.43871 4.11306 -13.2857 0.395948 0.148993 -4.0527 1.35504 6.27946 4.36981 -15.0234 4.93895 -1.769 -5.72797 4.91134 4.70339 1.37129 -15.0412 4.8284 0.0587614 -1.26788 3.69521 1.68783 0.535112 -14.6942 3.34772 2.22601 0.665914 -1.33403 0.675792 1.44177 -13.659 -0.741015 2.01465 0.374129 -2.84061 3.20716 2.68227 -13.5298 0.618383 -0.082343 -3.38951 -0.924877 8.52492 5.82433 -11.1014 3.72647 -6.77527 -4.54821
84.06 -7.43763 3.10716 3.59405 -13.2994 0.139165 0.479166 -3.75513 0.41987 6.29416 4.7082 -14.8628 4.60451 -1.98424 -6.12408 4.8594 5.06958 1.74781 -15.034 4.96395 -0.339868 -1.67424 4.07217 2.05546 0.413308 -14.7315 3.71915 1.92201 0.465944 -0.866163 0.533257 1.30005 -13.7775 -0.631134 2.17864 0.653386 -2.61941 2.77981 2.33941 -13.5577 0.376132 0.322875 -2.95841 -1.77338 8.20412 5.97554 -11.0282 3.0807 -6.78447 -4.51776
84.11 -7.21066 2.74862 3.08784 -13.3393 -0.0821105 0.824922 -3.47133 -0.608018 6.14504 4.94466 -14.6809 4.03434 -2.12487 -6.39154 4.68338 5.41676 2.1658 -15.0076 5.07777 -0.734076 -2.11085 4.40215 2.41909 0.312496 -14.7652 4.03111 1.58522 0.234477 -0.353355 0.476177 1.15031 -13.89 -0.434033 2.31117 0.912328 -2.37389 2.35383 2.06032 -13.6096 0.180945 0.733446 -2.54494 -2.54822 7.84605 6.11393 -10.9431 2.4707 -6.70032 -4.34618
84.16 -6.83033 2.36355 2.61161 -13.4023 -0.273909 1.17605 -3.20376 -1.59866 5.86625 5.0513 -14.4889 3.32505 -2.16116 -6.48897 4.36698 5.74281 2.59849 -14.9619 5.17106 -1.11626 -2.57384 4.69258 2.78053 0.243604 -14.7973 4.29389 1.22542 -0.0196751 0.22125 0.517887 0.993217 -13.9953 -0.119579 2.41463 1.14663 -2.11205 1.93774 1.84381 -13.6818 0.0293387 1.14509 -2.14533 -3.21231 7.48117 6.23107 -10.8529 1.94044 -6.53632 -4.06843
84.21 -6.35918 1.96223 2.17761 -13.4841 -0.440875 1.52079 -2.95344 -2.41519 5.52677 5.01817 -14.3 2.6337 -2.07321 -6.39584 3.91527 6.04507 3.02741 -14.8983 5.24244 -1.47914 -3.04618 4.94764 3.14323 0.219928 -14.8282 4.5162 0.848462 -0.294307 0.866114 0.669559 0.831016 -14.0926 0.336048 2.48838 1.34931 -1.83113 1.54082 1.68243 -13.7695 -0.0796398 1.55158 -1.75376 -3.7687 7.12329 6.31832 -10.763 1.49227 -6.31835 -3.7307
84.26 -5.84961 1.55964 1.79374 -13.5792 -0.586569 1.84743 -2.7205 -3.02619 5.16526 4.85625 -14.1256 2.03424 -1.87424 -6.14269 3.35086 6.31896 3.44128 -14.8186 5.28597 -1.81619 -3.50564 5.16783 3.51043 0.256949 -14.8566 4.70504 0.458252 -0.589677 1.55723 0.92638 0.667172 -14.1813 0.921145 2.52559 1.50685 -1.52372 1.17199 1.56441 -13.8673 -0.143745 1.94519 -1.36512 -4.23264 6.77783 6.36678 -10.6775 1.11475 -6.06959 -3.36852
84.31 -5.3382 1.16928 1.46303 -13.6821 -0.713651 2.14606 -2.50457 -3.45135 4.79375 4.58842 -13.9737 1.53203 -1.59757 -5.78798 2.70106 6.55548 3.83142 -14.7231 5.28729 -2.12148 -3.93353 5.34883 3.88246 0.370572 -14.8792 4.866 0.0588219 -0.905942 2.23395 1.25926 0.506479 -14.261 1.57125 2.51097 1.59664 -1.18196 0.840316 1.47531 -13.9697 -0.156544 2.31789 -0.979085 -4.61875 6.44671 6.368 -10.5994 0.795315 -5.80618 -3.00261
84.36 -4.84694 0.801717 1.18415 -13.7883 -0.824004 2.4098 -2.30499 -3.71128 4.41463 4.24466 -13.8494 1.11218 -1.27368 -5.38347 1.98352 6.73745 4.18985 -14.611 5.21729 -2.38909 -4.31559 5.48031 4.25566 0.572496 -14.8918 5.00355 -0.344448 -1.24259 2.84131 1.63113 0.35516 -14.3313 2.20435 2.42573 1.59442 -0.798819 0.55608 1.39929 -14.0724 -0.106373 2.66235 -0.601444 -4.93717 6.1304 6.31537 -10.5309 0.523462 -5.53834 -2.64259
84.41 -4.38678 0.465349 0.952841 -13.8942 -0.918834 2.63518 -2.12093 -3.821 4.02711 3.85925 -13.7552 0.759141 -0.922843 -4.96387 1.19291 6.83503 4.5082 -14.481 5.02516 -2.61208 -4.63905 5.54596 4.62429 0.864067 -14.8909 5.12131 -0.744731 -1.59957 3.3608 2.01656 0.221087 -14.392 2.76749 2.26109 1.4924 -0.365403 0.331852 1.32148 -14.1721 0.0244488 2.97223 -0.241342 -5.1928 5.82878 6.20551 -10.4734 0.290904 -5.27234 -2.29112
84.46 -3.96142 0.166681 0.763383 -13.9972 -0.99876 2.82195 -1.95152 -3.80061 3.62824 3.46583 -13.6917 0.460719 -0.556881 -4.54994 0.304841 6.80745 4.77508 -14.3337 4.64391 -2.78014 -4.88818 5.52466 4.9829 1.2329 -14.8749 5.22215 -1.13459 -1.97919 3.79933 2.40414 0.114154 -14.4431 3.2451 2.0251 1.3063 0.130512 0.182819 1.23134 -14.2667 0.258912 3.24164 0.0915487 -5.38536 5.54145 6.03922 -10.4277 0.0911211 -5.01192 -1.94654
84.51 -3.57033 -0.0900147 0.609681 -14.0957 -1.0639 2.97243 -1.79586 -3.68184 3.214 3.0921 -13.6587 0.207871 -0.1828 -4.15323 -0.666114 6.63128 4.973 -14.1738 4.04863 -2.87461 -5.03774 5.39294 5.32734 1.6557 -14.844 5.30824 -1.50699 -2.38517 4.17057 2.79115 0.0466039 -14.4853 3.64329 1.73489 1.06196 0.698242 0.123999 1.12423 -14.3548 0.618313 3.46368 0.386692 -5.50974 5.26792 5.8215 -10.3939 -0.0810767 -4.75931 -1.60457
84.56 -3.21073 -0.303072 0.485895 -14.1887 -1.11394 3.09062 -1.65305 -3.50111 2.78477 2.75783 -13.6548 -0.00610431 0.194142 -3.77964 -1.60389 6.34215 5.08183 -14.0093 3.33698 -2.86718 -5.05235 5.13313 5.65452 2.1066 -14.7991 5.38094 -1.85589 -2.81495 4.48561 3.17866 0.0331326 -14.5198 3.97481 1.40658 0.780456 1.32682 0.160928 1.00019 -14.4356 1.10239 3.62818 0.629693 -5.55736 5.00765 5.56035 -10.3717 -0.229868 -4.51574 -1.26047
84.61 -2.87879 -0.473063 0.386766 -14.2757 -1.14821 3.18141 -1.52225 -3.28785 2.34935 2.47538 -13.6777 -0.186235 0.568405 -3.43162 -2.39191 6.00133 5.08925 -13.8494 2.65017 -2.73942 -4.91418 4.7419 5.96182 2.56454 -14.7418 5.44045 -2.17623 -3.25425 4.74988 3.56751 0.0900991 -14.5477 4.25211 1.05145 0.473808 1.97214 0.279316 0.861685 -14.5091 1.66835 3.71996 0.800045 -5.5193 4.76014 5.2647 -10.3604 -0.358642 -4.28182 -0.912165
84.66 -2.57025 -0.601922 0.307754 -14.3563 -1.16574 3.24997 -1.40269 -3.06145 1.92052 2.2494 -13.7237 -0.336307 0.93332 -3.10955 -3.0032 5.64275 4.99364 -13.7022 2.05445 -2.50469 -4.65092 4.22983 6.24614 3.01397 -14.6733 5.48503 -2.46365 -3.68431 4.96294 3.9558 0.23254 -14.5695 4.48538 0.676615 0.147236 2.57922 0.450831 0.711774 -14.5754 2.24524 3.72303 0.87699 -5.38925 4.52491 4.94244 -10.3593 -0.470141 -4.05779 -0.562511
84.71 -2.28074 -0.692196 0.245044 -14.4307 -1.16524 3.30115 -1.29362 -2.83418 1.50968 2.07713 -13.7881 -0.459182 1.28114 -2.81254 -3.45526 5.27645 4.80034 -13.5744 1.55436 -2.19607 -4.3151 3.6189 6.50245 3.44253 -14.5938 5.50916 -2.71433 -4.08961 5.12 4.33927 0.468592 -14.5844 4.68259 0.287221 -0.197366 3.11714 0.650867 0.553347 -14.6355 2.77592 3.63165 0.854485 -5.16359 4.30158 4.60025 -10.3674 -0.566528 -3.84358 -0.21791
84.76 -2.00584 -0.74654 0.195495 -14.4989 -1.14511 3.3391 -1.19442 -2.61334 1.12566 1.95086 -13.8656 -0.557056 1.60386 -2.53893 -3.76558 4.90383 4.52076 -13.4707 1.13538 -1.84427 -3.95217 2.93698 6.72172 3.84084 -14.502 5.49997 -2.92505 -4.459 5.2141 4.71321 0.793795 -14.5904 4.84994 -0.111638 -0.55876 3.58295 0.866368 0.389192 -14.6909 3.2362 3.45627 0.748026 -4.84046 4.08992 4.2451 -10.3835 -0.649367 -3.63901 0.114989
84.81 -1.74113 -0.767348 0.156562 -14.5612 -1.10335 3.36713 -1.10453 -2.40217 0.775414 1.86112 -13.9513 -0.631649 1.8946 -2.28663 -3.94134 4.52443 4.17409 -13.3942 0.782194 -1.46992 -3.591 2.20414 6.8876 4.20244 -14.3957 5.43151 -3.09332 -4.78364 5.23611 5.0738 1.18921 -14.5856 4.99225 -0.513923 -0.935341 3.98665 1.09307 0.222422 -14.7436 3.62544 3.21692 0.583935 -4.42143 3.88997 3.88517 -10.4067 -0.719457 -3.44375 0.431294
84.86 -1.48201 -0.756446 0.126212 -14.618 -1.03745 3.38766 -1.02352 -2.20098 0.464794 1.79882 -14.0407 -0.6843 2.14875 -2.05328 -3.9863 4.13727 3.78714 -13.3467 0.48266 -1.08493 -3.24715 1.41729 6.97231 4.52183 -14.2722 5.25756 -3.217 -5.05468 5.17287 5.41842 1.62528 -14.5695 5.11327 -0.91285 -1.32606 4.34024 1.33107 0.0568789 -14.7968 3.95241 2.93366 0.385569 -3.91499 3.70233 3.52877 -10.4359 -0.776412 -3.25744 0.728182
84.91 -1.22348 -0.714849 0.102846 -14.6694 -0.944147 3.40236 -0.951109 -2.00817 0.198563 1.75635 -14.1304 -0.715985 2.36464 -1.83636 -3.91346 3.74 3.38999 -13.3288 0.227735 -0.695486 -2.92771 0.548656 6.93566 4.79081 -14.1313 4.91165 -3.29242 -5.26047 5.0073 5.74533 2.06984 -14.5428 5.21565 -1.3018 -1.73238 4.6536 1.58179 -0.102684 -14.8536 4.2274 2.62193 0.167303 -3.33766 3.52867 3.18295 -10.4702 -0.817784 -3.07968 1.00444
84.96 -0.959897 -0.642541 0.0852425 -14.7158 -0.819186 3.41224 -0.887224 -1.821 -0.0202812 1.72773 -14.218 -0.727266 2.54329 -1.63322 -3.7512 3.32876 3.00961 -13.34 0.0107451 -0.304815 -2.6349 -0.410295 6.74474 4.99367 -13.9767 4.34801 -3.30939 -5.38146 4.7243 6.05324 2.49671 -14.5072 5.3009 -1.67517 -2.1585 4.93392 1.84632 -0.250589 -14.9166 4.45946 2.29199 -0.0651663 -2.7099 3.37274 2.8529 -10.5087 -0.837382 -2.91014 1.25987
85.01 -0.684537 -0.538234 0.0725163 -14.7575 -0.65689 3.41768 -0.832114 -1.6359 -0.191041 1.70849 -14.302 -0.718193 2.68772 -1.44106 -3.53494 2.90227 2.66625 -13.3792 -0.173271 0.0843626 -2.36814 -1.36917 6.42008 5.10644 -13.8166 3.63215 -3.24576 -5.38529 4.32254 6.34072 2.89187 -14.464 5.36883 -2.02873 -2.60494 5.18613 2.125 -0.380257 -14.986 4.65599 1.94991 -0.311817 -2.04781 3.24205 2.54255 -10.5505 -0.822365 -2.7486 1.49472
85.06 -0.389196 -0.399107 0.0641055 -14.7948 -0.44975 3.41847 -0.78654 -1.44861 -0.314935 1.69529 -14.3812 -0.688131 2.80219 -1.25688 -3.29288 2.46746 2.37332 -13.4443 -0.328032 0.467965 -2.12532 -2.19611 6.02546 5.1064 -13.6609 2.91104 -3.07816 -5.24354 3.8207 6.60543 3.25475 -14.4137 5.41663 -2.35944 -3.06057 5.41341 2.41772 -0.484093 -15.0593 4.82288 1.59882 -0.574522 -1.35371 3.15069 2.25591 -10.5946 -0.748574 -2.59511 1.70925
85.11 -0.0639483 -0.220604 0.0598027 -14.8277 -0.1882 3.41355 -0.752163 -1.25394 -0.393983 1.68564 -14.4552 -0.635494 2.89148 -1.07743 -3.04105 2.03711 2.1371 -13.5316 -0.456264 0.839716 -1.90347 -2.83923 5.60654 4.9821 -13.5187 2.27523 -2.80898 -4.96776 3.24564 6.843 3.59213 -14.3557 5.43707 -2.66495 -3.50674 5.61737 2.7251 -0.553112 -15.1321 4.96491 1.24018 -0.854365 -0.607645 3.12338 1.99918 -10.6397 -0.573836 -2.45039 1.90301
85.16 0.302165 0.00336889 0.0598551 -14.8565 0.138645 3.4006 -0.732262 -1.04544 -0.429938 1.6775 -14.5238 -0.557329 2.96023 -0.899127 -2.78776 1.62392 1.95627 -13.6362 -0.559832 1.19148 -1.6991 -3.30415 5.18146 4.73642 -13.3974 1.74093 -2.46682 -4.60595 2.61648 7.04508 3.90939 -14.2879 5.41524 -2.94302 -3.92588 5.79785 3.0499 -0.576104 -15.199 5.086 0.875073 -1.15117 0.235019 3.19879 1.78457 -10.6836 -0.233622 -2.31677 2.07353
85.21 0.717964 0.279021 0.0651821 -14.881 0.5396 3.37516 -0.733069 -0.815004 -0.4235 1.66892 -14.5868 -0.448691 3.0124 -0.718285 -2.53743 1.23859 1.82383 -13.7527 -0.639851 1.51466 -1.50834 -3.60214 4.75543 4.38823 -13.3019 1.29524 -2.08362 -4.20776 1.93658 7.1964 4.20697 -14.2066 5.32351 -3.19068 -4.30357 5.95191 3.39771 -0.53813 -15.2543 5.1894 0.505834 -1.46449 1.20997 3.41677 1.63615 -10.7229 0.33178 -2.20095 2.21269
85.26 1.18291 0.609111 0.077768 -14.9011 1.01355 3.32916 -0.765785 -0.552592 -0.373616 1.65753 -14.6444 -0.301791 3.05091 -0.531776 -2.29151 0.890255 1.73016 -13.8754 -0.696778 1.80219 -1.32695 -3.73734 4.32839 3.9713 -13.2345 0.921693 -1.68202 -3.80699 1.18954 7.2711 4.48099 -14.107 5.11562 -3.40278 -4.62616 6.07181 3.77318 -0.419193 -15.2926 5.27789 0.137704 -1.7951 2.24608 3.7694 1.59129 -10.7525 1.0825 -2.11978 2.29954
85.31 1.67902 0.988354 0.101252 -14.9164 1.53995 3.24991 -0.848049 -0.246596 -0.276769 1.64005 -14.6968 -0.105119 3.07738 -0.338578 -2.04852 0.586926 1.66557 -13.9994 -0.730398 2.05005 -1.1503 -3.71882 3.89716 3.52712 -13.196 0.606939 -1.27502 -3.42223 0.346043 7.23373 4.72358 -13.9859 4.73086 -3.56933 -4.8768 6.14208 4.17218 -0.197131 -15.3096 5.35379 -0.220448 -2.14637 3.17907 4.19152 1.68289 -10.7666 1.8681 -2.10294 2.29823
85.36 2.17245 1.40287 0.141631 -14.9261 2.07926 3.12219 -1.00077 0.114933 -0.126669 1.61196 -14.7442 0.156597 3.09176 -0.141774 -1.80432 0.334936 1.62146 -14.1208 -0.739653 2.2577 -0.973393 -3.57534 3.45716 3.09444 -13.1857 0.34128 -0.869241 -3.06188 -0.587905 7.06218 4.92196 -13.8449 4.14236 -3.67061 -5.02975 6.14026 4.58153 0.142319 -15.3029 5.41906 -0.557591 -2.52321 3.90822 4.62892 1.91649 -10.7613 2.57195 -2.17755 2.18015
85.41 2.62827 1.83626 0.207977 -14.929 2.58977 2.93549 -1.23749 0.541303 0.0846606 1.56842 -14.7867 0.499527 3.09157 0.0499807 -1.55223 0.138118 1.59056 -14.2366 -0.722245 2.42749 -0.79108 -3.35148 3.00743 2.70264 -13.2025 0.117846 -0.467852 -2.72822 -1.51178 6.78652 5.06055 -13.6905 3.43332 -3.67544 -5.04928 6.04632 4.98552 0.594798 -15.2724 5.47525 -0.863415 -2.92512 4.40933 5.05845 2.26662 -10.736 3.15902 -2.34557 1.95177
85.46 3.02297 2.27617 0.313133 -14.9233 3.04529 2.69087 -1.55436 1.03225 0.362784 1.50633 -14.8246 0.93179 3.07064 0.221816 -1.28327 -0.0019372 1.56655 -14.3447 -0.67394 2.56364 -0.598678 -3.08856 2.555 2.37033 -13.2446 -0.0682046 -0.072747 -2.41986 -2.31098 6.46573 5.12824 -13.5322 2.73987 -3.55905 -4.91372 5.84993 5.36943 1.13431 -15.2202 5.52356 -1.13086 -3.34044 4.68309 5.47216 2.68681 -10.6948 3.63821 -2.58608 1.64623
85.51 3.34445 2.71549 0.474336 -14.9064 3.43814 2.39925 -1.93229 1.5683 0.704034 1.42639 -14.8581 1.43932 3.01757 0.352507 -0.986849 -0.0842846 1.54328 -14.4436 -0.587551 2.67113 -0.393365 -2.81294 2.11134 2.10518 -13.3099 -0.220254 0.314112 -2.13321 -2.95249 6.13554 5.12142 -13.3788 2.13402 -3.32814 -4.6458 5.5428 5.72048 1.71876 -15.1501 5.56466 -1.35723 -3.75225 4.74388 5.86726 3.12517 -10.6466 4.02961 -2.87308 1.29679
85.56 3.58446 3.14978 0.713037 -14.875 3.77171 2.07435 -2.34729 2.11147 1.0925 1.33349 -14.8876 1.98089 2.91679 0.417322 -0.651598 -0.106689 1.51409 -14.5327 -0.45171 2.75474 -0.176016 -2.53735 1.68709 1.90471 -13.3955 -0.340551 0.68971 -1.86335 -3.45343 5.80606 5.0408 -13.2374 1.62438 -3.01379 -4.29726 5.11315 6.02862 2.3019 -15.0661 5.59841 -1.5438 -4.14627 4.63012 6.24269 3.53925 -10.6038 4.35112 -3.18556 0.924124
85.61 3.73092 3.57481 1.05245 -14.8251 4.05315 1.72751 -2.77831 2.62378 1.50705 1.23583 -14.9141 2.50629 2.75537 0.397762 -0.265676 -0.0641681 1.47199 -14.6118 -0.249935 2.81813 0.0480237 -2.2653 1.29039 1.75969 -13.4974 -0.430342 1.04947 -1.60453 -3.83664 5.47572 4.88836 -13.1133 1.19737 -2.64884 -3.9154 4.55795 6.28739 2.84692 -14.9715 5.62307 -1.69452 -4.51293 4.40204 6.59784 3.90324 -10.5786 4.61575 -3.50897 0.536992
85.66 3.76099 3.98589 1.51153 -14.7527 4.28934 1.36644 -3.20971 3.08386 1.93124 1.14381 -14.9396 2.98089 2.53151 0.291939 0.183051 0.0513559 1.41143 -14.6813 0.0386686 2.86297 0.269771 -1.99402 0.927583 1.65812 -13.6107 -0.489762 1.38748 -1.35057 -4.11543 5.13978 4.66694 -13.0104 0.837422 -2.25765 -3.5308 3.89852 6.49341 3.33376 -14.8677 5.63359 -1.81448 -4.84609 4.12158 6.93221 4.20698 -10.5783 4.83238 -3.83377 0.137777
85.71 3.63147 4.37795 2.09601 -14.6545 4.48476 0.996243 -3.63083 3.48614 2.35664 1.06976 -14.9693 3.39233 2.25482 0.112098 0.702402 0.248597 1.33036 -14.7417 0.433355 2.8877 0.477246 -1.71624 0.604432 1.5879 -13.7301 -0.517428 1.69745 -1.09516 -4.29228 4.79465 4.38264 -12.9318 0.531838 -1.85583 -3.15955 3.1742 6.64353 3.7571 -14.7541 5.61832 -1.90874 -5.14118 3.83416 7.2454 4.45103 -10.6039 5.00715 -4.15381 -0.272212
85.76 3.26944 4.74437 2.79023 -14.5295 4.63844 0.621344 -4.03458 3.83172 2.78052 1.02821 -15.0123 3.74252 1.93921 -0.128859 1.2829 0.52932 1.23087 -14.7936 0.935601 2.8857 0.654161 -1.42181 0.327327 1.53786 -13.8506 -0.509666 1.97392 -0.832957 -4.36321 4.43905 4.04813 -12.8797 0.270941 -1.4523 -2.8081 2.41665 6.73027 4.11917 -14.6289 5.55378 -1.98139 -5.39361 3.56355 7.53715 4.64185 -10.6518 5.14463 -4.46518 -0.690599
85.81 2.58924 5.072 3.55556 -14.3792 4.73487 0.247586 -4.41565 4.12051 3.20196 1.03615 -15.079 4.03869 1.59665 -0.428198 1.88711 0.879587 1.11832 -14.8377 1.5112 2.84355 0.778103 -1.09966 0.104162 1.49739 -13.9682 -0.459405 2.21322 -0.561886 -4.32615 4.07292 3.68356 -12.8552 0.047418 -1.05144 -2.47706 1.6291 6.73665 4.42216 -14.4904 5.39822 -2.03462 -5.59759 3.31503 7.80741 4.78842 -10.7167 5.24854 -4.76543 -1.11507
85.86 1.54436 5.32476 4.33536 -14.2087 4.71438 -0.115212 -4.7677 4.34561 3.61879 1.11188 -15.1693 4.28865 1.23533 -0.793893 2.46507 1.27292 1.00015 -14.8745 2.0985 2.74386 0.824456 -0.739072 -0.0553395 1.45588 -14.0802 -0.354949 2.41382 -0.28497 -4.19011 3.69544 3.31288 -12.8587 -0.144261 -0.654933 -2.16369 0.784805 6.63342 4.66169 -14.339 5.08942 -2.06711 -5.74468 3.07991 8.05609 4.90039 -10.7931 5.32174 -5.05304 -1.54582
85.91 0.106615 5.41232 5.04829 -14.0276 4.41778 -0.448101 -5.07546 4.48731 4.027 1.27133 -15.2655 4.49929 0.860457 -1.23925 2.98382 1.68466 0.885009 -14.9046 2.64287 2.5753 0.779443 -0.328867 -0.139811 1.40336 -14.1848 -0.179049 2.57588 -0.00968696 -3.97718 3.30395 2.9581 -12.8894 -0.308241 -0.263605 -1.86333 -0.138143 6.39091 4.82016 -14.1794 4.57141 -2.07028 -5.82001 2.83919 8.2826 4.98764 -10.8762 5.3655 -5.32708 -1.98644
85.96 -1.65751 5.26113 5.57237 -13.8507 3.73343 -0.711 -5.29602 4.51112 4.42196 1.52385 -15.3438 4.67617 0.476123 -1.77931 3.43475 2.10034 0.782745 -14.9287 3.11792 2.34082 0.648828 0.143556 -0.136836 1.33262 -14.2809 0.0904619 2.70008 0.25415 -3.71336 2.89699 2.63565 -12.9459 -0.447546 0.120572 -1.57018 -1.07661 6.01972 4.86498 -14.0206 3.87686 -2.02266 -5.79586 2.56975 8.48493 5.06113 -10.9607 5.37824 -5.58692 -2.43903
86.01 -3.33207 4.99379 5.82128 -13.6918 2.93862 -0.849682 -5.36658 4.39404 4.7994 1.87005 -15.3884 4.82335 0.0870371 -2.40545 3.82241 2.51462 0.705036 -14.9482 3.52086 2.05394 0.450652 0.687242 -0.0354745 1.24106 -14.3683 0.474347 2.78573 0.494917 -3.41596 2.48046 2.35597 -13.0253 -0.564171 0.492879 -1.27783 -1.89262 5.58056 4.76529 -13.8733 3.14209 -1.89433 -5.6388 2.25397 8.65875 5.13413 -11.0408 5.35405 -5.83196 -2.89502
86.06 -4.68693 4.71473 5.81523 -13.5574 2.25059 -0.847654 -5.27553 4.13547 5.15558 2.2977 -15.3943 4.94327 -0.300347 -3.0762 4.15359 2.92708 0.666255 -14.9655 3.85968 1.72975 0.203747 1.29273 0.166087 1.1303 -14.4467 0.974164 2.82813 0.6971 -3.09031 2.06801 2.12316 -13.1236 -0.658931 0.845912 -0.980495 -2.50128 5.12657 4.51757 -13.7468 2.47789 -1.67256 -5.34413 1.88052 8.79632 5.22011 -11.1095 5.28133 -6.06129 -3.33526
86.11 -5.73513 4.43994 5.61352 -13.4493 1.68888 -0.731312 -5.06808 3.73329 5.48645 2.77853 -15.3636 5.03559 -0.677749 -3.74959 4.43168 3.33807 0.683643 -14.9835 4.14464 1.37965 -0.0787725 1.91983 0.451385 1.00463 -14.5163 1.55233 2.81616 0.838983 -2.73689 1.67562 1.93358 -13.2359 -0.731064 1.17141 -0.675516 -2.88693 4.68003 4.15197 -13.6471 1.91648 -1.37416 -4.94904 1.43579 8.88506 5.32726 -11.1585 5.14065 -6.27316 -3.73821
86.16 -6.52196 4.16392 5.2715 -13.3681 1.22853 -0.534411 -4.79595 3.18741 5.78565 3.27599 -15.3002 5.09435 -1.03578 -4.39519 4.6546 3.74586 0.775269 -15.0041 4.38502 1.01086 -0.39073 2.51578 0.78991 0.869425 -14.5774 2.14239 2.73496 0.897084 -2.35768 1.31859 1.77637 -13.3566 -0.777699 1.46265 -0.365285 -3.0614 4.24536 3.71951 -13.5771 1.45016 -1.02659 -4.50254 0.897655 8.90545 5.45602 -11.1799 4.90205 -6.46399 -4.08351
86.21 -7.07289 3.87877 4.83467 -13.3144 0.845708 -0.281898 -4.4953 2.51334 6.04088 3.75664 -15.2073 5.10217 -1.36481 -4.99132 4.81494 4.14655 0.954844 -15.0247 4.58837 0.627951 -0.730295 3.04801 1.15328 0.730369 -14.6304 2.68743 2.57634 0.860495 -1.95553 1.01064 1.63704 -13.481 -0.79323 1.71598 -0.0560882 -3.05646 3.81929 3.27308 -13.537 1.06318 -0.650978 -4.0413 0.238268 8.8314 5.60134 -11.1692 4.52787 -6.62611 -4.35066
86.26 -7.3915 3.57813 4.3411 -13.2883 0.523027 0.010026 -4.18775 1.73309 6.22821 4.19483 -15.0861 5.02048 -1.65528 -5.52008 4.90102 4.5357 1.22515 -15.0389 4.7607 0.234899 -1.09688 3.51065 1.52382 0.593413 -14.676 3.16142 2.34651 0.740011 -1.5306 0.763365 1.50236 -13.605 -0.768401 1.93109 0.244966 -2.9246 3.39556 2.85308 -13.5259 0.742161 -0.259317 -3.58629 -0.548772 8.64304 5.7555 -11.1278 3.99961 -6.74378 -4.51544
86.31 -7.47417 3.25712 3.82364 -13.29 0.248119 0.330439 -3.88548 0.848597 6.30691 4.56906 -14.937 4.78145 -1.89667 -5.96228 4.89627 4.90958 1.57416 -15.0394 4.90672 -0.163383 -1.49063 3.91152 1.89311 0.465245 -14.7155 3.56259 2.06149 0.559275 -1.07805 0.586555 1.36378 -13.7257 -0.688955 2.11007 0.531954 -2.72148 2.96935 2.48363 -13.5422 0.477351 0.142511 -3.14711 -1.40213 8.35341 5.90963 -11.0626 3.36719 -6.79178 -4.54954
86.36 -7.33381 2.91096 3.30927 -13.3186 0.0119548 0.670441 -3.59515 -0.146968 6.23096 4.85449 -14.7635 4.31348 -2.07354 -6.29153 4.77811 5.26544 1.97737 -15.0217 5.0299 -0.560475 -1.91366 4.26122 2.25843 0.353918 -14.7506 3.89956 1.73772 0.340135 -0.587138 0.490113 1.21763 -13.841 -0.533965 2.25615 0.800375 -2.48481 2.54187 2.176 -13.5838 0.261881 0.551137 -2.7261 -2.21776 8.00684 6.05475 -10.9818 2.73236 -6.74877 -4.43798
86.41 -7.01364 2.53695 2.818 -13.3718 -0.192256 1.02057 -3.3202 -1.17547 6.001 5.02128 -14.5744 3.64526 -2.15987 -6.46916 4.52467 5.60112 2.4064 -14.9844 5.13228 -0.948923 -2.3663 4.56845 2.62049 0.26939 -14.7832 4.18295 1.38721 0.0954702 -0.0419063 0.48633 1.0636 -13.9496 -0.275303 2.37233 1.04622 -2.23007 2.12025 1.93236 -13.6476 0.0912477 0.962957 -2.32099 -2.93211 7.64248 6.18234 -10.8931 2.16478 -6.61722 -4.20152
86.46 -6.57539 2.14106 2.36404 -13.4459 -0.369724 1.36964 -3.06218 -2.07907 5.6813 5.04976 -14.3825 2.93074 -2.12744 -6.45979 4.13088 5.91433 2.8387 -14.9286 5.21377 -1.32121 -2.83723 4.83889 2.98216 0.223888 -14.8147 4.42223 1.0173 -0.17012 0.572275 0.588544 0.903307 -14.0505 0.11631 2.45963 1.26409 -1.95835 1.71371 1.74779 -13.7291 -0.0366816 1.37262 -1.92662 -3.5346 7.2805 6.28392 -10.8025 1.68131 -6.41992 -3.88508
86.51 -6.07737 1.73721 1.95729 -13.5358 -0.524463 1.70566 -2.82156 -2.77993 5.327 4.9426 -14.2005 2.28724 -1.97407 -6.27096 3.61299 6.20157 3.26037 -14.8559 5.27079 -1.67046 -3.30501 5.07474 3.34709 0.232012 -14.8445 4.62513 0.63251 -0.456243 1.24875 0.801019 0.739682 -14.1431 0.64905 2.5144 1.44388 -1.6637 1.33135 1.61221 -13.8231 -0.121186 1.77293 -1.5371 -4.03751 6.92917 6.35067 -10.7146 1.27411 -6.18239 -3.53034
86.56 -5.56327 1.33996 1.60297 -13.6359 -0.659514 2.01774 -2.59816 -3.28442 4.9593 4.71835 -14.0378 1.74334 -1.72754 -5.95395 2.99792 6.45617 3.66204 -14.7674 5.29334 -1.99053 -3.74886 5.274 3.71721 0.309866 -14.8702 4.79783 0.236597 -0.763285 1.94021 1.10491 0.576912 -14.2268 1.28078 2.5251 1.56693 -1.33805 0.982044 1.51221 -13.924 -0.157819 2.15586 -1.14953 -4.45655 6.59157 6.37377 -10.6329 0.930384 -5.9239 -3.16435
86.61 -5.06117 0.961149 1.30152 -13.7411 -0.777091 2.29757 -2.39143 -3.61553 4.58351 4.40417 -13.9009 1.28907 -1.42146 -5.5662 2.30944 6.66514 4.03549 -14.6628 5.25979 -2.27559 -4.1528 5.4291 4.09055 0.471761 -14.8877 4.94526 -0.16574 -1.09098 2.58284 1.46358 0.420575 -14.3013 1.93034 2.47315 1.60784 -0.974141 0.6754 1.43237 -14.0271 -0.137355 2.51367 -0.767146 -4.80403 6.26869 6.34564 -10.56 0.638597 -5.65706 -2.80106
86.66 -4.58643 0.610047 1.04979 -13.8475 -0.878688 2.54015 -2.20061 -3.78989 4.19995 4.03288 -13.7931 0.908154 -1.08068 -5.15002 1.55361 6.80471 4.37273 -14.5408 5.12956 -2.51934 -4.50386 5.52626 4.46193 0.72432 -14.8931 5.07139 -0.568253 -1.43884 3.1414 1.84514 0.277771 -14.3663 2.52837 2.34365 1.54935 -0.564333 0.422859 1.35698 -14.1284 -0.0448378 2.8396 -0.398081 -5.0872 5.9606 6.26128 -10.4975 0.38953 -5.38966 -2.4458
86.71 -4.14552 0.294005 0.842538 -13.952 -0.965174 2.74387 -2.02482 -3.82391 3.80661 3.63914 -13.716 0.586821 -0.720345 -4.7317 0.711434 6.83763 4.66417 -14.4009 4.83996 -2.71339 -4.78829 5.54633 4.82557 1.0613 -14.8839 5.17941 -0.96364 -1.80797 3.61418 2.23249 0.157449 -14.4216 3.04397 2.13741 1.39747 -0.0977043 0.238523 1.27322 -14.2255 0.140693 3.12768 -0.0519343 -5.30807 5.667 6.11961 -10.4465 0.175939 -5.12643 -2.09857
86.76 -3.7395 0.0183547 0.673743 -14.0527 -1.03688 2.91002 -1.86318 -3.74421 3.39957 3.25379 -13.6696 0.314732 -0.34917 -4.32636 -0.231154 6.72684 4.89518 -14.2458 4.33544 -2.84353 -4.98596 5.46632 5.17672 1.46346 -14.8595 5.27182 -1.34458 -2.20196 4.01359 2.61974 0.0707823 -14.4676 3.47591 1.86901 1.17583 0.437855 0.138195 1.17385 -14.3166 0.442881 3.3717 0.261391 -5.46355 5.38743 5.92383 -10.4074 -0.00790994 -4.87016 -1.75607
86.81 -3.36638 -0.214079 0.537393 -14.1483 -1.09367 3.04194 -1.71478 -3.58668 2.97638 2.90009 -13.6531 0.0842437 0.0271404 -3.94206 -1.20201 6.4799 5.04567 -14.0821 3.65647 -2.88484 -5.0646 5.2646 5.51188 1.90489 -14.8206 5.35034 -1.70457 -2.62231 4.35249 3.00683 0.0313981 -14.5054 3.83533 1.55588 0.908778 1.04297 0.133169 1.0571 -14.4007 0.874246 3.56327 0.529659 -5.54634 5.12135 5.68082 -10.3801 -0.166609 -4.62248 -1.41341
86.86 -3.0227 -0.402969 0.427945 -14.2379 -1.13503 3.14424 -1.57876 -3.38489 2.54219 2.59363 -13.6645 -0.110347 0.403338 -3.58257 -2.06483 6.15575 5.09877 -13.9191 2.9451 -2.81076 -4.99349 4.93103 5.82832 2.3619 -14.7686 5.41576 -2.03814 -3.05969 4.63897 3.39513 0.0551235 -14.536 4.13525 1.21155 0.612304 1.68798 0.218529 0.924631 -14.4775 1.41192 3.6894 0.735026 -5.54721 4.86824 5.39938 -10.3641 -0.303876 -4.38423 -1.06691
86.91 -2.70433 -0.549757 0.340534 -14.3214 -1.16012 3.22202 -1.45432 -3.16245 2.10888 2.34257 -13.7008 -0.273334 0.773296 -3.24906 -2.75339 5.80282 5.04849 -13.7654 2.30601 -2.61988 -4.7797 4.47041 6.12328 2.81678 -14.705 5.46736 -2.34064 -3.49604 4.87511 3.7841 0.158138 -14.5606 4.38692 0.844744 0.294202 2.31776 0.370126 0.779399 -14.5469 1.99272 3.73336 0.85533 -5.45849 4.62762 5.08804 -10.3586 -0.422727 -4.15581 -0.717203
86.96 -2.40692 -0.656793 0.271028 -14.3985 -1.16778 3.28034 -1.34068 -2.9344 1.68884 2.14724 -13.7576 -0.407952 1.12969 -2.94112 -3.27329 5.4395 4.89745 -13.6283 1.76491 -2.33972 -4.46953 3.89996 6.39282 3.25593 -14.6304 5.50159 -2.60804 -3.91392 5.05774 4.17031 0.35242 -14.5788 4.59925 0.461206 -0.0425582 2.88805 0.559828 0.624403 -14.6096 2.54881 3.68346 0.876165 -5.27552 4.39906 4.75388 -10.3627 -0.525579 -3.93727 -0.369489
87.01 -2.12609 -0.726735 0.215997 -14.4694 -1.15657 3.32369 -1.23719 -2.71009 1.29199 2.00172 -13.83 -0.516663 1.46448 -2.65738 -3.64493 5.0697 4.65423 -13.5134 1.31202 -2.00389 -4.11408 3.24615 6.62999 3.66859 -14.5443 5.50943 -2.83681 -4.30039 5.1807 4.54901 0.639631 -14.589 4.77915 0.0658592 -0.39669 3.38499 0.769414 0.462432 -14.6668 3.04138 3.54314 0.803916 -4.99565 4.18225 4.40353 -10.3754 -0.61427 -3.72847 -0.0306753
87.06 -1.85743 -0.762135 0.172641 -14.5343 -1.12467 3.35576 -1.14323 -2.49444 0.926008 1.89697 -13.9127 -0.601383 1.77011 -2.39591 -3.87991 4.69338 4.33437 -13.4246 0.931391 -1.63761 -3.74954 2.53459 6.82217 4.04712 -14.4448 5.47156 -3.02415 -4.64588 5.23598 4.9159 1.00711 -14.5892 4.93203 -0.335718 -0.766748 3.81468 0.991313 0.296397 -14.7204 3.4613 3.32948 0.66206 -4.61854 3.97708 4.04466 -10.3956 -0.68997 -3.52912 0.293445
87.11 -1.59642 -0.765101 0.13871 -14.5935 -1.06981 3.37937 -1.05833 -2.28894 0.597171 1.82356 -14.0009 -0.663612 2.04085 -2.15447 -3.98204 4.30984 3.96159 -13.3641 0.609374 -1.2563 -3.39674 1.77392 6.94715 4.38596 -14.3291 5.35157 -3.16787 -4.94186 5.21244 5.26786 1.42919 -14.578 5.06209 -0.736983 -1.15121 4.18909 1.22416 0.129779 -14.773 3.81458 3.06345 0.476529 -4.14923 3.78386 3.68572 -10.4222 -0.752896 -3.3389 0.599166
87.16 -1.33828 -0.737038 0.112421 -14.6473 -0.989104 3.39649 -0.982136 -2.0927 0.310783 1.77314 -14.0908 -0.704489 2.27372 -1.9306 -3.95877 3.91747 3.56532 -13.3331 0.335635 -0.868313 -3.06598 0.94557 6.96965 4.67865 -14.1957 5.09054 -3.26538 -5.17834 5.09441 5.60279 1.87376 -14.5559 5.17247 -1.13112 -1.55022 4.51923 1.46906 -0.0330794 -14.8278 4.11137 2.76277 0.265911 -3.60086 3.6037 3.33447 -10.4544 -0.801662 -3.1574 0.884636
87.21 -1.07769 -0.678412 0.0923938 -14.6959 -0.878775 3.40842 -0.914466 -1.90343 0.0707203 1.73902 -14.1796 -0.724769 2.46859 -1.72169 -3.83182 3.51289 3.17459 -13.3315 0.10254 -0.477871 -2.76132 0.0226095 6.8487 4.91337 -14.0464 4.62375 -3.31022 -5.34012 4.86471 5.91927 2.31102 -14.524 5.26522 -1.51199 -1.96704 4.81345 1.72739 -0.186907 -14.8879 4.36144 2.43993 0.0394806 -2.99297 3.43926 2.9969 -10.4912 -0.83201 -2.98425 1.14927
87.26 -0.808458 -0.588531 0.0775957 -14.7396 -0.733826 3.41582 -0.855411 -1.7179 -0.121283 1.71609 -14.2653 -0.724746 2.6277 -1.52502 -3.63531 3.09284 2.81278 -13.3585 -0.0955589 -0.0876414 -2.48321 -0.953967 6.57645 5.06924 -13.8876 3.9586 -3.28569 -5.40043 4.51437 6.21601 2.72104 -14.4841 5.34098 -1.87477 -2.40509 5.07763 1.99981 -0.325525 -14.9546 4.5729 2.10269 -0.200685 -2.34476 3.29612 2.67737 -10.5316 -0.834504 -2.81918 1.3932
87.31 -0.523091 -0.465286 0.0673213 -14.7788 -0.54761 3.41874 -0.805473 -1.53216 -0.265707 1.70056 -14.3468 -0.704113 2.75487 -1.33769 -3.40202 2.66034 2.49628 -13.4125 -0.262888 0.29907 -2.23011 -1.8515 6.20518 5.12138 -13.7287 3.22315 -3.16589 -5.32474 4.0536 6.49119 3.0976 -14.4369 5.39827 -2.21592 -2.85874 5.31566 2.2863 -0.441817 -15.0266 4.75228 1.75535 -0.456062 -1.66582 3.18503 2.37965 -10.5749 -0.790709 -2.66209 1.61672
87.36 -0.212418 -0.3049 0.0611986 -14.8136 -0.311466 3.41654 -0.76585 -1.34147 -0.36437 1.68961 -14.4231 -0.661748 2.85473 -1.15656 -3.15317 2.22634 2.23467 -13.4905 -0.402593 0.676985 -1.99938 -2.57717 5.79351 5.05267 -13.5795 2.54418 -2.93926 -5.1038 3.50789 6.74152 3.44537 -14.3825 5.43212 -2.53285 -3.31146 5.52986 2.58701 -0.527485 -15.1003 4.90479 1.39993 -0.728272 -0.946932 3.12542 2.10864 -10.6197 -0.667347 -2.51333 1.81982
87.41 0.134259 -0.101884 0.0592549 -14.8442 -0.0148818 3.40755 -0.738983 -1.13999 -0.41925 1.68104 -14.4941 -0.595366 2.93204 -0.978209 -2.89979 1.80411 2.0299 -13.5881 -0.516908 1.03868 -1.78772 -3.11926 5.37002 4.85941 -13.4482 1.96568 -2.6252 -4.77337 2.90123 6.96071 3.77119 -14.3194 5.43152 -2.82338 -3.74452 5.7209 2.90356 -0.572446 -15.1705 5.03472 1.03751 -1.01763 -0.153619 3.14977 1.87326 -10.6645 -0.409513 -2.37432 2.00118
87.46 0.527345 0.150219 0.0620752 -14.8706 0.352554 3.38839 -0.729581 -0.920392 -0.4316 1.67291 -14.5596 -0.500998 2.99112 -0.798937 -2.6478 1.40524 1.87712 -13.7 -0.607265 1.37553 -1.59143 -3.49037 4.9442 4.55325 -13.3408 1.48285 -2.25674 -4.38608 2.2446 7.137 4.07773 -14.2446 5.37525 -3.08498 -4.14222 5.88727 3.24038 -0.563637 -15.2316 5.14559 0.669663 -1.32365 0.762666 3.30133 1.69155 -10.7064 0.0524886 -2.2493 2.15586
87.51 0.971572 0.456279 0.0711103 -14.8927 0.795377 3.35278 -0.746373 -0.673499 -0.401235 1.66311 -14.6196 -0.372231 3.0354 -0.615235 -2.39993 1.03946 1.76751 -13.8206 -0.674406 1.67956 -1.40643 -3.69729 4.51783 4.16187 -13.2608 1.07922 -1.86117 -3.98337 1.5306 7.24961 4.36291 -14.1536 5.22584 -3.31369 -4.491 6.0237 3.60343 -0.483329 -15.278 5.24037 0.300156 -1.64636 1.79003 3.60021 1.59583 -10.741 0.735809 -2.14979 2.26959
87.56 1.45734 0.815026 0.0891829 -14.9102 1.30252 3.2901 -0.804136 -0.388307 -0.325807 1.64881 -14.6742 -0.199288 3.0671 -0.424908 -2.15601 0.715289 1.69118 -13.9446 -0.718425 1.94526 -1.22828 -3.74468 4.08901 3.72459 -13.2096 0.739816 -1.45545 -3.58998 0.733038 7.26636 4.62069 -14.0423 4.9267 -3.50214 -4.77602 6.11842 3.99323 -0.309472 -15.3049 5.32159 -0.063709 -1.98788 2.78739 4.00028 1.62435 -10.7626 1.52536 -2.10034 2.31212
87.61 1.95661 1.21598 0.121157 -14.9225 1.84164 3.18564 -0.923227 -0.0527864 -0.200234 1.62603 -14.7238 0.0315504 3.08697 -0.228986 -1.91302 0.439923 1.63897 -14.0676 -0.738671 2.17058 -1.05212 -3.65162 3.65338 3.28256 -13.1869 0.453403 -1.0486 -3.21825 -0.167335 7.1542 4.84054 -13.9095 4.42574 -3.63561 -4.97622 6.15145 4.39993 -0.0227703 -15.3089 5.39135 -0.411544 -2.35291 3.61291 4.43528 1.79648 -10.7662 2.274 -2.13239 2.24737
87.66 2.43281 1.64287 0.174656 -14.9287 2.36932 3.0257 -1.12206 0.344102 -0.0169982 1.58989 -14.7684 0.336726 3.09374 -0.0335387 -1.66541 0.218361 1.60304 -14.1862 -0.733462 2.35671 -0.872833 -3.45763 3.20758 2.86972 -13.1918 0.211964 -0.64499 -2.87276 -1.11264 6.91753 5.00743 -13.7599 3.75293 -3.68732 -5.0593 6.10015 4.8082 0.381603 -15.2888 5.45139 -0.73235 -2.74449 4.21568 4.86984 2.0998 -10.7495 2.91332 -2.26064 2.0647
87.71 2.85662 2.08104 0.260763 -14.9271 2.85113 2.80583 -1.40508 0.807511 0.231279 1.53618 -14.8084 0.729509 3.08307 0.149371 -1.40515 0.0530516 1.57672 -14.2979 -0.699528 2.50716 -0.685402 -3.20779 2.75504 2.50946 -13.2229 0.00984746 -0.246889 -2.55353 -1.9763 6.61035 5.10738 -13.6022 3.03856 -3.62596 -4.99254 5.95001 5.20271 0.887012 -15.2458 5.50308 -1.01739 -3.15588 4.58938 5.29108 2.49542 -10.7145 3.43798 -2.47232 1.78874
87.76 3.21159 2.52126 0.394719 -14.9155 3.27178 2.53334 -1.75888 1.32743 0.545848 1.46378 -14.8438 1.20732 3.04599 0.30127 -1.12227 -0.0550177 1.55391 -14.4009 -0.631137 2.62672 -0.485958 -2.93553 2.30606 2.21431 -13.2782 -0.156924 0.143914 -2.25781 -2.68713 6.28192 5.13365 -13.4456 2.39015 -3.44283 -4.77771 5.69326 5.56974 1.45735 -15.1831 5.54733 -1.26201 -3.57128 4.74141 5.69462 2.9318 -10.6681 3.8658 -2.74171 1.45536
87.81 3.48879 2.95827 0.596235 -14.891 3.63082 2.22158 -2.16034 1.87268 0.915955 1.37578 -14.875 1.74013 2.96832 0.398223 -0.805645 -0.104403 1.5282 -14.4944 -0.51892 2.72037 -0.273541 -2.65904 1.87206 1.98602 -13.3553 -0.291075 0.524968 -1.98118 -3.24725 5.95189 5.08551 -13.2982 1.83898 -3.16109 -4.45822 5.31924 5.89791 2.04644 -15.1048 5.58442 -1.46585 -3.97463 4.69851 6.07885 3.36087 -10.6213 4.21637 -3.04506 1.0913
87.86 3.6787 3.38796 0.88826 -14.8498 3.93443 1.88329 -2.58653 2.40245 1.32143 1.27906 -14.9026 2.2783 2.83479 0.417394 -0.443676 -0.0914695 1.49265 -14.5779 -0.348723 2.79238 -0.0515436 -2.38544 1.46229 1.81784 -13.4506 -0.394292 0.89241 -1.71821 -3.68029 5.62246 4.96461 -13.1658 1.37738 -2.81497 -4.08632 4.81865 6.17911 2.61187 -15.0146 5.61348 -1.63186 -4.35433 4.51298 6.44304 3.74914 -10.587 4.50489 -3.36506 0.710047
87.91 3.76418 3.80582 1.29262 -14.7878 4.18993 1.52778 -3.01934 2.88711 1.74285 1.18313 -14.9282 2.77815 2.63796 0.348862 -0.0241933 -0.00943212 1.44076 -14.6517 -0.1013 2.8454 0.172515 -2.11448 1.08375 1.69854 -13.5595 -0.467232 1.24084 -1.46289 -4.00443 5.28957 4.77327 -13.0531 0.989491 -2.433 -3.70021 4.20112 6.40881 3.12588 -14.9148 5.63122 -1.7648 -4.70294 4.24887 6.78668 4.08001 -10.5752 4.7419 -3.69017 0.316053
87.96 3.71249 4.20697 1.82206 -14.7013 4.4031 1.16109 -3.44607 3.31504 2.1683 1.09948 -14.9551 3.21794 2.38302 0.199917 0.463628 0.150739 1.36876 -14.716 0.244657 2.8795 0.388012 -1.8407 0.742311 1.61587 -13.6768 -0.50926 1.56398 -1.20887 -4.2267 4.94881 4.51571 -12.9634 0.661184 -2.03445 -3.32178 3.50055 6.58424 3.57734 -14.8057 5.62942 -1.86986 -5.01543 3.96034 7.1093 4.34996 -10.5895 4.93458 -4.01291 -0.0893898
88.01 3.46427 4.58579 2.47115 -14.5882 4.57597 0.787687 -3.85822 3.68554 2.59298 1.04157 -14.9909 3.59453 2.08297 -0.0150472 1.01997 0.395142 1.27693 -14.7716 0.70111 2.89059 0.580851 -1.555 0.443937 1.55822 -13.7973 -0.517835 1.85586 -0.950185 -4.34515 4.59788 4.20137 -12.8994 0.381518 -1.63091 -2.9612 2.75535 6.70047 3.96612 -14.686 5.59063 -1.95168 -5.28738 3.68065 7.41056 4.56334 -10.6282 5.08807 -4.3285 -0.504399
88.06 2.93417 4.9331 3.21101 -14.4487 4.70141 0.412517 -4.24997 3.99981 3.01566 1.02535 -15.0461 3.91364 1.75112 -0.28806 1.61983 0.717407 1.16935 -14.8191 1.25085 2.86829 0.731381 -1.24648 0.195786 1.51481 -13.9166 -0.487542 2.11194 -0.682994 -4.35565 4.23643 3.84726 -12.8626 0.142216 -1.22854 -2.62131 1.98286 6.74534 4.29527 -14.5535 5.48194 -2.01341 -5.51366 3.42268 7.69034 4.72833 -10.6862 5.20645 -4.63391 -0.926356
88.11 2.05326 5.22623 3.99248 -14.2862 4.74523 0.0432537 -4.61594 4.25463 3.43493 1.06884 -15.1272 4.18315 1.39732 -0.622941 2.21501 1.09514 1.05266 -14.8591 1.84095 2.79613 0.814806 -0.904232 0.00676977 1.47507 -14.0314 -0.408879 2.32975 -0.407961 -4.26141 3.8642 3.47632 -12.8538 -0.0629837 -0.829995 -2.3006 1.16816 6.69492 4.56415 -14.4075 5.24959 -2.05559 -5.68727 3.18344 7.9486 4.85443 -10.7582 5.29297 -4.92726 -1.35406
88.16 0.794997 5.40199 4.74773 -14.1083 4.59737 -0.306226 -4.94642 4.43682 3.84752 1.18958 -15.2237 4.41044 1.02793 -1.0311 2.76233 1.50117 0.935044 -14.892 2.4094 2.65862 0.810717 -0.517494 -0.112431 1.42854 -14.1394 -0.267122 2.50879 -0.13084 -4.07925 3.4793 3.11211 -12.8725 -0.238799 -0.436246 -1.99513 0.279244 6.51634 4.76178 -14.2506 4.82777 -2.07352 -5.79691 2.94802 8.18508 4.95138 -10.8389 5.34976 -5.2074 -1.78975
88.21 -0.858326 5.35324 5.37165 -13.9275 4.07335 -0.60687 -5.21339 4.51734 4.24892 1.40024 -15.3126 4.60168 0.647278 -1.52791 3.24321 1.91622 0.825764 -14.9187 2.91659 2.45209 0.716223 -0.0741908 -0.149736 1.36648 -14.2394 -0.0419872 2.64971 0.139373 -3.83509 3.07903 2.77371 -12.9178 -0.388728 -0.0485042 -1.69955 -0.667707 6.1967 4.86151 -14.0902 4.19866 -2.05197 -5.82116 2.69399 8.39849 5.02948 -10.9235 5.37668 -5.4736 -2.23729
88.26 -2.62537 5.11673 5.74551 -13.7594 3.28351 -0.805983 -5.35641 4.46349 4.6346 1.70554 -15.3733 4.76161 0.259618 -2.11976 3.65801 2.33136 0.735582 -14.94 3.35087 2.18647 0.545487 0.437548 -0.0929745 1.28417 -14.3307 0.289341 2.75271 0.39197 -3.55129 2.6654 2.47417 -12.9875 -0.515222 0.329842 -1.40764 -1.55382 5.77931 4.82833 -13.9365 3.46347 -1.96269 -5.72618 2.40035 8.58567 5.10093 -11.0063 5.36992 -5.72528 -2.69368
88.31 -4.12739 4.83783 5.84568 -13.6138 2.53884 -0.864756 -5.33357 4.26747 5.00065 2.09969 -15.3964 4.89345 -0.129443 -2.7765 4.01351 2.74454 0.677585 -14.9579 3.71684 1.87713 0.318125 1.01877 0.0650177 1.1815 -14.413 0.739849 2.81524 0.61354 -3.23803 2.2492 2.22056 -13.078 -0.619658 0.692437 -1.1131 -2.2592 5.3275 4.64433 -13.7998 2.75989 -1.78179 -5.48997 2.05379 8.74052 5.17971 -11.081 5.32056 -5.96172 -3.14358
88.36 -5.30543 4.56135 5.72323 -13.4939 1.92358 -0.794648 -5.17074 3.92943 5.34332 2.56126 -15.3815 4.9983 -0.512381 -3.45316 4.31503 3.15624 0.667826 -14.9753 4.02442 1.5374 0.0502388 1.64291 0.316485 1.06181 -14.4865 1.29056 2.82913 0.78517 -2.89681 1.84596 2.01278 -13.1848 -0.70203 1.03111 -0.81153 -2.74324 4.87639 4.32546 -13.6877 2.15258 -1.51401 -5.13317 1.64279 8.85284 5.27698 -11.1398 5.21301 -6.18163 -3.56563
88.41 -6.20343 4.28687 5.4372 -13.4007 1.42164 -0.629741 -4.92177 3.44637 5.65761 3.05588 -15.3321 5.07321 -0.880184 -4.11416 4.56302 3.56583 0.724462 -14.9947 4.28351 1.17621 -0.249077 2.25841 0.635416 0.930136 -14.5514 1.88382 2.7803 0.882862 -2.52864 1.47147 1.84292 -13.3024 -0.760473 1.33817 -0.503014 -3.00867 4.43655 3.91577 -13.6044 1.64602 -1.18505 -4.70394 1.14936 8.90642 5.39655 -11.1742 5.0222 -6.38241 -3.93893
88.46 -6.85731 4.00667 5.03731 -13.3348 1.00698 -0.399421 -4.63034 2.82619 5.93443 3.5476 -15.252 5.10683 -1.22324 -4.73452 4.75229 3.97022 0.863942 -15.0159 4.50244 0.799072 -0.576508 2.82096 0.990632 0.792074 -14.6079 2.45393 2.65609 0.888169 -2.1364 1.14021 1.69749 -13.4257 -0.790682 1.60852 -0.192463 -3.07779 4.00735 3.4696 -13.5511 1.22576 -0.819878 -4.24578 0.546827 8.87757 5.53538 -11.1779 4.71258 -6.5586 -4.24337
88.51 -7.27935 3.71355 4.56453 -13.2964 0.659437 -0.123376 -4.3239 2.091 6.1558 4.00734 -15.1433 5.07137 -1.53199 -5.2953 4.87297 4.36499 1.09463 -15.0339 4.68786 0.409989 -0.931177 3.31394 1.3595 0.653421 -14.6567 2.96071 2.45619 0.802325 -1.72183 0.864765 1.56212 -13.5503 -0.785157 1.84042 0.113022 -2.99487 3.58339 3.03398 -13.5273 0.876932 -0.434327 -3.78626 -0.186413 8.74078 5.68668 -11.1496 4.25143 -6.69859 -4.45688
88.56 -7.46648 3.40214 4.05393 -13.2859 0.364646 0.185566 -4.01821 1.25429 6.28868 4.41259 -15.0064 4.9121 -1.79659 -5.77851 4.91091 4.74603 1.4112 -15.0413 4.84503 0.0133203 -1.31276 3.74087 1.72995 0.520461 -14.6987 3.39341 2.19343 0.645202 -1.28248 0.655588 1.42599 -13.6728 -0.732054 2.03505 0.40687 -2.81728 3.15855 2.64009 -13.5317 0.588222 -0.0365139 -3.33943 -1.02272 8.49167 5.84194 -11.0939 3.65382 -6.78086 -4.55219
88.61 -7.42141 3.06771 3.53531 -13.3027 0.11227 0.517975 -3.72202 0.306016 6.28552 4.7409 -14.8429 4.55106 -2.00453 -6.1618 4.84604 5.11017 1.79392 -15.032 4.97798 -0.385178 -1.72247 4.112 2.0971 0.400568 -14.7355 3.75751 1.88504 0.440899 -0.810269 0.522203 1.28339 -13.7907 -0.613597 2.19528 0.684008 -2.59236 2.73103 2.30433 -13.5624 0.351586 0.369481 -2.91042 -1.86667 8.16442 5.99213 -11.019 3.00799 -6.77955 -4.50493
88.66 -7.17385 2.70595 3.03176 -13.3454 -0.10537 0.864896 -3.43997 -0.726166 6.11845 4.96378 -14.6593 3.95729 -2.13487 -6.41199 4.65451 5.45504 2.21482 -15.0033 5.08944 -0.778401 -2.16251 4.43715 2.46035 0.302801 -14.7689 4.06337 1.54522 0.206562 -0.291269 0.475678 1.13274 -13.9024 -0.40469 2.32441 0.940382 -2.34485 2.30572 2.03256 -13.6169 0.1615 0.780425 -2.49878 -2.6297 7.80441 6.12852 -10.9329 2.40593 -6.68521 -4.31899
88.71 -6.78009 2.31834 2.55981 -13.4108 -0.294125 1.21591 -3.17434 -1.70202 5.82954 5.05452 -14.467 3.24303 -2.15747 -6.48787 4.322 5.77853 2.64784 -14.9555 5.18037 -1.15874 -2.62764 4.7234 2.82175 0.238348 -14.8008 4.32113 1.18323 -0.0499566 0.291292 0.529511 0.974927 -14.0068 -0.0749877 2.4246 1.17151 -2.0811 1.89135 1.82282 -13.6911 0.0147498 1.19183 -2.1004 -3.28093 7.43986 6.24269 -10.8425 1.88536 -6.5137 -4.03215
88.76 -6.30219 1.91611 2.13121 -13.4944 -0.458504 1.55916 -2.92601 -2.49502 5.48629 5.00587 -14.2792 2.56023 -2.05558 -6.37404 3.85609 6.07785 3.07553 -14.89 5.24899 -1.51899 -3.09962 4.97454 3.18483 0.220777 -14.8316 4.53931 0.804573 -0.326927 0.943479 0.693875 0.812341 -14.1031 0.396992 2.49468 1.3699 -1.79758 1.49718 1.66703 -13.7803 -0.0892949 1.59726 -1.70936 -3.82596 7.08322 6.32597 -10.753 1.44591 -6.29117 -3.69013
88.81 -5.79086 1.5143 1.75334 -13.5906 -0.601957 1.88305 -2.69503 -3.08359 5.12332 4.83056 -14.107 1.97229 -1.84596 -6.10627 3.28062 6.34805 3.48711 -14.8085 5.28864 -1.85271 -3.55631 5.19059 3.55264 0.265755 -14.8595 4.72471 0.41309 -0.624686 1.6364 0.961216 0.648588 -14.1909 0.993587 2.5269 1.52101 -1.48662 1.13212 1.55308 -13.8788 -0.147965 1.98888 -1.32092 -4.28036 6.73934 6.36945 -10.6682 1.07561 -6.04006 -3.32673
88.86 -5.28088 1.12604 1.42868 -13.6941 -0.72705 2.17799 -2.481 -3.48903 4.7509 4.55244 -13.9581 1.48032 -1.56255 -5.74358 2.62253 6.57942 3.87404 -14.7112 5.28365 -2.15401 -3.97964 5.36658 3.92506 0.388996 -14.8812 4.88279 0.0129195 -0.943308 2.30739 1.3003 0.488621 -14.2695 1.64565 2.50512 1.60139 -1.14051 0.8053 1.46628 -13.9814 -0.154281 2.35871 -0.935447 -4.65834 6.40989 6.36482 -10.5911 0.76209 -5.77572 -2.96117
88.91 -4.79278 0.761651 1.15548 -13.8005 -0.835584 2.43746 -2.28323 -3.73109 4.3709 4.20216 -13.8371 1.06881 -1.23476 -5.33589 1.89745 6.75354 4.22835 -14.5971 5.20275 -2.41692 -4.35568 5.49148 4.29803 0.601321 -14.8924 5.01792 -0.390376 -1.28224 2.90499 1.67471 0.338837 -14.3387 2.27267 2.41095 1.58772 -0.752147 0.52722 1.39075 -14.0839 -0.0959243 2.69954 -0.559319 -4.96945 6.09527 6.30576 -10.5238 0.495098 -5.50783 -2.60209
88.96 -4.33651 0.429289 0.92924 -13.9061 -0.928694 2.6584 -2.10089 -3.82475 3.98229 3.81421 -13.7464 0.722552 -0.88172 -4.91611 1.09702 6.83899 4.5415 -14.465 4.99246 -2.63427 -4.67157 5.54836 4.66577 0.902582 -14.8899 5.13362 -0.789846 -1.64164 3.41464 2.06075 0.207317 -14.3983 2.82627 2.2375 1.47496 -0.312263 0.310757 1.31196 -14.1832 0.0454847 3.00511 -0.201831 -5.218 5.79531 6.18934 -10.4676 0.266578 -5.24231 -2.25155
89.01 -3.91514 0.135239 0.744166 -14.0087 -1.00694 2.84087 -1.9331 -3.79135 3.58185 3.42178 -13.6864 0.429731 -0.514536 -4.50369 0.197033 6.79479 4.80152 -14.316 4.58622 -2.79509 -4.91087 5.51564 5.02296 1.27888 -14.8721 5.23268 -1.17805 -2.0241 3.8448 2.44829 0.104208 -14.4483 3.29429 1.99441 1.28091 0.191558 0.171319 1.22002 -14.2771 0.293292 3.2695 0.127328 -5.40313 5.50958 6.01687 -10.4233 0.0701808 -4.9827 -1.90751
89.06 -3.52781 -0.116517 0.594161 -14.1066 -1.07038 2.98745 -1.77894 -3.66372 3.16573 3.0517 -13.6568 0.181618 -0.139871 -4.10939 -0.777559 6.6028 4.99024 -14.1551 3.97044 -2.87946 -5.04687 5.36999 5.36556 1.70615 -14.8395 5.31719 -1.54806 -2.43314 4.20917 2.83527 0.0420385 -14.4896 3.68421 1.69913 1.03144 0.767375 0.123445 1.11091 -14.3644 0.667597 3.48559 0.417362 -5.51922 5.23759 5.79375 -10.3908 -0.0991536 -4.73107 -1.56552
89.11 -3.17157 -0.324601 0.473439 -14.199 -1.11866 3.10226 -1.63754 -3.47799 2.73521 2.72285 -13.6561 -0.0282708 0.237063 -3.73864 -1.70256 6.30496 5.0879 -13.9907 3.25538 -2.85874 -5.04421 5.09508 5.69061 2.15879 -14.7932 5.3884 -1.89394 -2.86491 4.51826 3.22293 0.0357594 -14.5233 4.00896 1.36728 0.746618 1.40064 0.170784 0.985074 -14.4444 1.16401 3.64265 0.653219 -5.5575 4.9788 5.52822 -10.3699 -0.245504 -4.48858 -1.22096
89.16 -2.84252 -0.489788 0.376819 -14.2852 -1.15108 3.19026 -1.50807 -3.26242 2.29989 2.44675 -13.6819 -0.204803 0.610621 -3.3936 -2.47036 5.96102 5.0835 -13.8318 2.57721 -2.71751 -4.88956 4.6893 5.99547 2.61647 -14.7346 5.44635 -2.21074 -3.30408 4.77682 3.61187 0.101785 -14.5504 4.28076 1.0096 0.437527 2.04416 0.296741 0.845112 -14.517 1.7349 3.72504 0.813838 -5.50921 4.73271 5.22917 -10.3598 -0.372182 -4.25578 -0.872266
89.21 -2.53637 -0.614113 0.299845 -14.3651 -1.16662 3.2566 -1.38973 -3.0354 1.87258 2.22716 -13.7302 -0.351645 0.973992 -3.07445 -3.06237 5.60131 4.97638 -13.6866 1.99281 -2.47258 -4.6153 4.16466 6.2769 3.06409 -14.6648 5.48897 -2.49415 -3.73201 4.98379 3.99986 0.254681 -14.5716 4.50956 0.632863 0.108835 2.6443 0.472544 0.694089 -14.5826 2.30882 3.71733 0.879332 -5.3684 4.49885 4.90431 -10.3598 -0.481859 -4.03287 -0.522832
89.26 -2.24874 -0.700158 0.238782 -14.4388 -1.16397 3.30607 -1.28182 -2.80859 1.4644 2.06058 -13.7964 -0.471568 1.31934 -2.7802 -3.49758 5.23429 4.77254 -13.5613 1.5028 -2.15766 -4.27441 3.54422 6.52955 3.48961 -14.5839 5.51014 -2.74043 -4.13372 5.13406 4.38247 0.501399 -14.5856 4.70308 0.242119 -0.23775 3.17377 0.674796 0.534866 -14.642 2.83211 3.61557 0.846128 -5.13169 4.27686 4.56027 -10.3688 -0.576635 -3.81978 -0.179252
89.31 -1.97523 -0.750566 0.190562 -14.5063 -1.14148 3.34274 -1.18371 -2.58874 1.0839 1.93896 -13.8751 -0.566708 1.63874 -2.50913 -3.79236 4.86093 4.48418 -13.4605 1.09205 -1.80244 -3.91052 2.8558 6.74373 3.88403 -14.4907 5.49582 -2.94642 -4.49843 5.22045 4.75506 0.835818 -14.5904 4.86735 -0.157455 -0.600961 3.63188 0.891673 0.370245 -14.6969 3.28404 3.43181 0.731725 -4.79744 4.06653 4.20415 -10.3858 -0.657997 -3.61628 0.151961
89.36 -1.7114 -0.76768 0.152702 -14.568 -1.09711 3.36981 -1.09485 -2.37874 0.737896 1.85278 -13.9614 -0.638738 1.92548 -2.25911 -3.95295 4.48071 4.13144 -13.3873 0.745527 -1.42641 -3.55073 2.1175 6.90202 4.2411 -14.3825 5.41811 -3.10972 -4.81743 5.2335 5.11394 1.23749 -14.5844 5.00707 -0.559706 -0.979177 4.02929 1.11961 0.203405 -14.7496 3.66567 3.1865 0.562694 -4.36785 3.86794 3.8442 -10.4097 -0.726637 -3.42207 0.466159
89.41 -1.4526 -0.753244 0.123221 -14.6241 -1.02826 3.38961 -1.01483 -2.17861 0.432123 1.7931 -14.0509 -0.688957 2.1753 -2.02777 -3.98354 4.09255 3.74182 -13.3432 0.451485 -1.04068 -3.20942 1.32302 6.97509 4.55526 -14.257 5.22815 -3.22814 -5.08171 5.1595 5.45662 1.67611 -14.567 5.12584 -0.957817 -1.37153 4.37784 1.35899 0.0382857 -14.803 3.9862 2.89932 0.361513 -3.85237 3.68178 3.48869 -10.4395 -0.781991 -3.23675 0.760733
89.46 -1.1938 -0.708168 0.100567 -14.6749 -0.931591 3.40372 -0.943393 -1.98661 0.171184 1.75248 -14.1405 -0.718296 2.38685 -1.81256 -3.89882 3.69389 3.34533 -13.3286 0.201185 -0.650958 -2.89297 0.443271 6.92193 4.81767 -14.1142 4.85845 -3.29761 -5.27904 4.98116 5.78142 2.11979 -14.5392 5.22622 -1.34525 -1.77988 4.68712 1.61124 -0.120252 -14.8605 4.25587 2.58509 0.141479 -3.26826 3.5099 3.14444 -10.4744 -0.821287 -3.05994 1.03461
89.51 -0.929235 -0.632302 0.0835586 -14.7208 -0.80269 3.41308 -0.880489 -1.79986 -0.0421698 1.72514 -14.2278 -0.727265 2.56141 -1.61081 -3.72863 3.28085 2.96828 -13.3431 -0.0118218 -0.260308 -2.6032 -0.522377 6.71341 5.01157 -13.9585 4.27147 -3.30673 -5.38852 4.6843 6.08708 2.54348 -14.5027 5.30955 -1.71655 -2.20847 4.96402 1.87738 -0.266427 -14.9242 4.48354 2.25352 -0.0925401 -2.63594 3.35637 2.81645 -10.5133 -0.83775 -2.89132 1.28768
89.56 -0.652043 -0.524199 0.0713466 -14.762 -0.635699 3.41802 -0.826415 -1.61475 -0.207498 1.70673 -14.3113 -0.715846 2.70219 -1.41971 -3.50824 2.8529 2.63012 -13.3854 -0.192335 0.128478 -2.3393 -1.47194 6.37746 5.11247 -13.7984 3.54766 -3.23216 -5.37672 4.26987 6.37211 2.93478 -14.4587 5.37539 -2.06764 -2.65675 5.21326 2.15766 -0.393555 -14.9942 4.67641 1.9103 -0.340926 -1.97043 3.22929 2.50859 -10.5554 -0.817524 -2.73069 1.52021
89.61 -0.353825 -0.380847 0.0634074 -14.7987 -0.422876 3.41822 -0.782012 -1.4269 -0.326174 1.69405 -14.3899 -0.683311 2.81355 -1.23625 -3.26446 2.41792 2.34348 -13.4532 -0.34395 0.511089 -2.09903 -2.27886 5.9784 5.09859 -13.6438 2.83345 -3.05222 -5.21816 3.75836 6.634 3.29437 -14.4075 5.42054 -2.39558 -3.11228 5.43783 2.452 -0.493907 -15.0677 4.84025 1.5583 -0.605558 -1.27191 3.14374 2.22497 -10.5997 -0.734766 -2.57815 1.73241
89.66 -0.024473 -0.197488 0.0595785 -14.8312 -0.154437 3.41254 -0.749079 -1.231 -0.400234 1.68467 -14.4633 -0.627943 2.90028 -1.05711 -3.01214 1.98891 2.11378 -13.5427 -0.469291 0.880996 -1.87936 -2.90096 5.55821 4.96001 -13.5037 2.20931 -2.77301 -4.92982 3.17642 6.86805 3.62926 -14.3485 5.43709 -2.69808 -3.55619 5.63916 2.76117 -0.558298 -15.1402 4.97971 1.19885 -0.88736 -0.51746 3.12594 1.97227 -10.6448 -0.544798 -2.43453 1.92371
89.71 0.346956 0.0320872 0.0601701 -14.8595 0.180512 3.39845 -0.73115 -1.02045 -0.431346 1.67659 -14.5312 -0.546599 2.96695 -0.878704 -2.75901 1.57839 1.9389 -13.649 -0.570131 1.22992 -1.67674 -3.34643 5.1329 4.70138 -13.3852 1.68596 -2.42468 -4.5616 2.54165 7.06528 3.94435 -14.2794 5.40899 -2.97287 -3.97129 5.81684 3.08827 -0.575183 -15.206 5.09862 0.833116 -1.18606 0.339472 3.21593 1.7637 -10.6884 -0.181103 -2.30247 2.09123
89.76 0.768655 0.313921 0.0661994 -14.8835 0.590136 3.37115 -0.734914 -0.786906 -0.420048 1.66781 -14.5936 -0.434055 3.01743 -0.697351 -2.50917 1.19684 1.81138 -13.7665 -0.647506 1.54935 -1.48727 -3.62572 4.70683 4.34342 -13.2927 1.2493 -2.03844 -4.16174 1.8553 7.20939 4.23951 -14.1962 5.30675 -3.21679 -4.3434 5.96752 3.4391 -0.529081 -15.2596 5.2002 0.46367 -1.50127 1.32788 3.45111 1.62504 -10.7269 0.410313 -2.18949 2.2258
89.81 1.23844 0.650065 0.0798062 -14.9031 1.07153 3.32209 -0.772272 -0.520133 -0.365039 1.65592 -14.6507 -0.282138 3.05452 -0.510072 -2.26371 0.85326 1.7215 -13.8895 -0.7018 1.8325 -1.30666 -3.74266 4.27952 3.92125 -13.2287 0.883048 -1.63572 -3.76208 1.09874 7.27319 4.51043 -14.0943 5.08181 -3.42433 -4.65875 6.08271 3.81767 -0.399469 -15.2956 5.28714 0.0961676 -1.83401 2.36051 3.81536 1.59444 -10.755 1.17328 -2.11397 2.30458
89.86 1.73612 1.03415 0.104862 -14.9178 1.60164 3.23807 -0.861533 -0.208396 -0.262488 1.63747 -14.7025 -0.07888 3.07965 -0.316211 -2.02084 0.555506 1.65966 -14.0134 -0.732714 2.07574 -1.13024 -3.70802 3.84751 3.47656 -13.1935 0.574321 -1.22862 -3.37982 0.243126 7.22094 4.74872 -13.9708 4.67363 -3.58468 -4.89979 6.14596 4.21862 -0.164469 -15.3101 5.36174 -0.26016 -2.18797 3.27339 4.24128 1.70258 -10.767 1.95376 -2.10652 2.2909
89.91 2.22689 1.45161 0.14768 -14.9268 2.13959 3.10397 -1.02342 0.160155 -0.105815 1.60786 -14.7493 0.191322 3.09255 -0.119433 -1.77613 0.309664 1.6174 -14.1343 -0.739074 2.27891 -0.952975 -3.553 3.40631 3.04726 -13.1863 0.313778 -0.823213 -3.02249 -0.696383 7.03489 4.94106 -13.8278 4.06494 -3.67667 -5.0394 6.13448 4.62816 0.188504 -15.3006 5.4259 -0.59421 -2.56789 3.97696 4.67852 1.95126 -10.7594 2.64485 -2.19224 2.15919
89.96 2.67666 1.88626 0.217723 -14.9288 2.64477 2.91039 -1.26983 0.594181 0.112958 1.5623 -14.7913 0.544314 3.0904 0.070922 -1.5226 0.119267 1.58759 -14.2494 -0.718402 2.44463 -0.769729 -3.32284 2.95578 2.6615 -13.206 0.0948196 -0.422455 -2.69183 -1.61058 6.75125 5.07198 -13.6725 3.35135 -3.66849 -5.04166 6.02923 5.03056 0.652597 -15.2675 5.48114 -0.895937 -2.9721 4.45191 5.1065 2.31198 -10.732 3.21875 -2.36983 1.92013
90.01 3.06348 2.32638 0.328313 -14.922 3.09325 2.65974 -1.59481 1.09168 0.398702 1.49806 -14.8286 0.986413 3.06648 0.239251 -1.25107 -0.0142647 1.56398 -14.3564 -0.666186 2.57724 -0.575944 -3.05744 2.50375 2.33667 -13.2509 -0.0872066 -0.0281782 -2.38616 -2.39198 6.4282 5.13124 -13.5143 2.66583 -3.53805 -4.88899 5.82071 5.41133 1.19956 -15.213 5.5286 -1.15875 -3.38788 4.7003 5.51817 2.73679 -10.6894 3.6869 -2.61691 1.60809
90.06 3.3761 2.76533 0.497202 -14.9037 3.47905 2.36365 -1.97817 1.63068 0.746334 1.41632 -14.8617 1.50032 3.00879 0.363676 -0.950803 -0.0899318 1.54038 -14.4542 -0.574823 2.68178 -0.36913 -2.78138 2.06182 2.07918 -13.3187 -0.235541 0.357576 -2.1017 -3.01623 6.09791 5.11593 -13.362 2.07123 -3.29585 -4.60912 5.50021 5.75794 1.78613 -15.1411 5.56889 -1.38046 -3.79829 4.73873 5.91108 3.17425 -10.6412 4.06951 -2.90775 1.25522
90.11 3.60619 3.19879 0.746226 -14.8703 3.80629 2.03574 -2.39597 2.17201 1.13882 1.32242 -14.8908 2.04246 2.9016 0.419558 -0.610386 -0.105247 1.51006 -14.5422 -0.432397 2.76294 -0.150669 -2.50616 1.64034 1.88559 -13.4064 -0.352317 0.73163 -1.83339 -3.50272 5.76853 5.02701 -13.2223 1.57183 -2.97419 -4.25468 5.05604 6.0607 2.3665 -15.0558 5.60173 -1.56271 -4.1896 4.60866 6.28422 3.58359 -10.5999 4.38397 -3.2221 0.880638
90.16 3.74081 3.62247 1.09849 -14.8181 4.08225 1.68695 -2.82772 2.67909 1.55515 1.22484 -14.9169 2.56338 2.7329 0.389907 -0.217903 -0.0548594 1.46609 -14.6202 -0.221831 2.82418 0.0736195 -2.23444 1.2472 1.74615 -13.5099 -0.438661 1.08923 -1.57545 -3.87357 5.43778 4.86653 -13.1004 1.15321 -2.6052 -3.87128 4.48737 6.31359 2.90557 -14.9601 5.62513 -1.70965 -4.5527 4.37167 6.63702 3.94098 -10.5772 4.64274 -3.54607 0.492067
90.21 3.75537 4.03166 1.57192 -14.7428 4.31364 1.32461 -3.2584 3.13265 1.97977 1.13421 -14.9426 3.03104 2.50238 0.274881 0.23866 0.0695835 1.40322 -14.6886 0.0780448 2.86687 0.294406 -1.96285 0.888626 1.64874 -13.6241 -0.494565 1.42436 -1.32164 -4.14078 5.10094 4.63754 -13.0001 0.800041 -2.21216 -3.48761 3.81844 6.51343 3.38523 -14.8552 5.63347 -1.82644 -4.88174 4.08852 6.969 4.23774 -10.58 4.85433 -3.87059 0.0915415
90.26 3.60359 4.42118 2.17015 -14.6416 4.50449 0.953648 -3.67785 3.52838 2.40506 1.06309 -14.9733 3.43524 2.22055 0.0875481 0.76595 0.276489 1.31987 -14.748 0.485472 2.88901 0.499325 -1.68372 0.57038 1.58137 -13.7438 -0.51843 1.73075 -1.06568 -4.30581 4.75464 4.34671 -12.9245 0.49999 -1.80979 -3.11842 3.08914 6.65683 3.80141 -14.7405 5.61405 -1.91806 -5.1722 3.80222 7.27975 4.47532 -10.6083 5.02463 -4.18981 -0.319544
90.31 3.20936 4.78406 2.87482 -14.5136 4.65288 0.578534 -4.07927 3.86757 2.82871 1.02627 -15.0186 3.77887 1.90132 -0.159965 1.35154 0.566176 1.21857 -14.799 0.998545 2.88324 0.671445 -1.38668 0.298991 1.53296 -13.8642 -0.506256 2.00313 -0.80249 -4.36439 4.39784 4.00764 -12.8755 0.243686 -1.40641 -2.76935 2.32865 6.73549 4.1567 -14.6138 5.54164 -1.98843 -5.41944 3.53416 7.56905 4.66062 -10.6584 5.15811 -4.50001 -0.738716
90.36 2.48885 5.1057 3.64497 -14.3606 4.74034 0.205423 -4.45742 4.14962 3.24978 1.04103 -15.0883 4.06938 1.55628 -0.466324 1.95518 0.92279 1.10498 -14.8423 1.57879 2.8354 0.78772 -1.06068 0.0825606 1.49291 -13.9813 -0.450505 2.23805 -0.5305 -4.31533 4.03049 3.64115 -12.8542 0.0240439 -1.006 -2.44052 1.53639 6.73107 4.45286 -14.4737 5.37207 -2.03945 -5.61744 3.28782 7.83685 4.80275 -10.7249 5.2584 -4.79888 -1.16383
90.41 1.40118 5.34542 4.42195 -14.1884 4.69864 -0.155184 -4.8055 4.36652 3.66585 1.12558 -15.1804 4.31454 1.19319 -0.840357 2.52756 1.3193 0.986697 -14.8783 2.1635 2.7282 0.824003 -0.695035 -0.0689874 1.45062 -14.0925 -0.338882 2.43423 -0.253331 -4.16921 3.65157 3.27126 -12.8609 -0.16429 -0.610035 -2.12889 0.683434 6.61315 4.68435 -14.3211 5.04147 -2.06922 -5.75727 3.05318 8.08306 4.9114 -10.8024 5.32821 -5.08498 -1.59547
90.46 -0.0832962 5.40659 5.12009 -14.0069 4.35751 -0.48265 -5.10621 4.49668 4.07278 1.29533 -15.2757 4.52108 0.817038 -1.29584 3.03864 1.73202 0.872499 -14.9076 2.70075 2.5517 0.768595 -0.278384 -0.144123 1.3963 -14.1962 -0.153493 2.59194 0.0211713 -3.94923 3.25831 2.91946 -12.8946 -0.325324 -0.219381 -1.82966 -0.246752 6.35423 4.83172 -14.1611 4.49914 -2.06797 -5.82294 2.81033 8.30694 4.99649 -10.8859 5.36858 -5.35743 -2.03748
90.51 -1.86103 5.23333 5.61507 -13.8315 3.64161 -0.733912 -5.31256 4.50499 4.46595 1.55868 -15.3508 4.69439 0.431897 -1.84695 3.48201 2.14768 0.772402 -14.9311 3.16741 2.31045 0.629265 0.201886 -0.130404 1.32323 -14.2913 0.128164 2.71183 0.283011 -3.68095 2.84978 2.60147 -12.9538 -0.461962 0.16374 -1.53692 -1.17825 5.97181 4.86129 -14.0031 3.79232 -2.01261 -5.78516 2.53632 8.5063 5.06921 -10.9702 5.37751 -5.61562 -2.49115
90.56 -3.50341 4.96185 5.83243 -13.6752 2.85347 -0.856305 -5.36382 4.37169 4.84115 1.9151 -15.391 4.83838 0.0426424 -2.48055 3.86292 2.56172 0.698348 -14.9502 3.56254 2.01861 0.424651 0.753635 -0.0174278 1.22934 -14.3777 0.525794 2.7929 0.520267 -3.38024 2.43293 2.32706 -13.0356 -0.576078 0.53426 -1.24426 -1.9732 5.52889 4.74423 -13.8577 3.06159 -1.87368 -5.61176 2.2145 8.67645 5.14305 -11.0494 5.3485 -5.85893 -2.94642
90.61 -4.821 4.68322 5.80099 -13.5437 2.18055 -0.839486 -5.25669 4.09695 5.19467 2.35049 -15.3926 4.95524 -0.344051 -3.15351 4.18796 2.97402 0.665055 -14.9674 3.8947 1.69097 0.173162 1.36416 0.194889 1.11663 -14.4551 1.03724 2.82979 0.716787 -3.05141 2.02196 2.09951 -13.1358 -0.668332 0.884563 -0.946111 -2.55644 5.0751 4.481 -13.734 2.40865 -1.6419 -5.30321 1.83374 8.8092 5.23118 -11.1162 5.26918 -6.08637 -3.38348
90.66 -5.83734 4.40868 5.58067 -13.4387 1.63178 -0.712371 -5.03949 3.67817 5.52232 2.83509 -15.358 5.04418 -0.71973 -3.82507 4.45998 3.38479 0.69002 -14.9858 4.17414 1.33845 -0.112913 1.99023 0.487903 0.989591 -14.5237 1.6203 2.81066 0.850217 -2.6949 1.63286 1.91428 -13.2493 -0.737747 1.20645 -0.640316 -2.91709 4.62989 4.10499 -13.6376 1.8588 -1.33654 -4.89989 1.37966 8.89128 5.3409 -11.1625 5.11906 -6.29608 -3.78086
90.71 -6.59646 4.13201 5.22572 -13.3606 1.18135 -0.508061 -4.76259 3.11658 5.81729 3.33219 -15.2911 5.09831 -1.07494 -4.46601 4.67623 3.79199 0.791129 -15.0065 4.40995 0.967842 -0.428065 2.57999 0.830517 0.853657 -14.5838 2.20758 2.7208 0.897682 -2.31295 1.28076 1.75986 -13.3707 -0.781178 1.49348 -0.329842 -3.06907 4.19645 3.66841 -13.571 1.40231 -0.984882 -4.45018 0.829084 8.90229 5.47188 -11.1803 4.86692 -6.48413 -4.11832
90.76 -7.12104 3.84538 4.7806 -13.31 0.806148 -0.250367 -4.46029 2.42944 6.06627 3.80916 -15.1949 5.09838 -1.40006 -5.05534 4.82877 4.19158 0.981171 -15.0268 4.60949 0.58357 -0.770735 3.10419 1.19539 0.714532 -14.636 2.74525 2.55348 0.850605 -1.90828 0.979183 1.62165 -13.4952 -0.792654 1.74241 -0.0212267 -3.04672 3.77098 3.22327 -13.5343 1.02346 -0.606983 -3.98884 0.154561 8.81584 5.61863 -11.1659 4.47525 -6.64217 -4.37513
90.81 -7.41284 3.54264 4.28275 -13.2871 0.489464 0.045293 -4.15285 1.63777 6.2436 4.24113 -15.0705 5.00272 -1.68551 -5.57528 4.90544 4.57916 1.26134 -15.0397 4.7786 0.189646 -1.14038 3.55927 1.56608 0.578219 -14.6808 3.21072 2.31647 0.721977 -1.48055 0.739472 1.48686 -13.619 -0.762429 1.95327 0.278493 -2.90412 3.34714 2.80809 -13.5264 0.709281 -0.213942 -3.53532 -0.644631 8.61446 5.77325 -11.1214 3.931 -6.75329 -4.52644
90.86 -7.46889 3.21902 3.7644 -13.2919 0.219379 0.36838 -3.85169 0.740428 6.30673 4.60663 -14.9184 4.74052 -1.92047 -6.00613 4.889 4.95111 1.61793 -15.0384 4.92187 -0.208853 -1.53733 3.95379 1.93498 0.451533 -14.7197 3.60405 2.02626 0.5359 -1.02427 0.571296 1.34753 -13.7391 -0.675567 2.12832 0.563571 -2.69573 2.92058 2.44532 -13.5457 0.450396 0.188815 -3.0982 -1.49879 8.31587 5.92679 -11.054 3.29308 -6.79169 -4.54414
90.91 -7.30531 2.86971 3.25178 -13.3234 -0.0128324 0.710045 -3.56298 -0.26542 6.21167 4.88004 -14.7425 4.24517 -2.08856 -6.32027 4.75635 5.30477 2.02549 -15.0184 5.04261 -0.605345 -1.96385 4.29826 2.29984 0.342719 -14.7544 3.93438 1.69893 0.313382 -0.528049 0.484743 1.20045 -13.8538 -0.510295 2.27086 0.829626 -2.45656 2.49334 2.14502 -13.59 0.240224 0.598012 -2.67919 -2.30488 7.96566 6.07034 -10.9719 2.66356 -6.73793 -4.41659
90.96 -6.96845 2.4927 2.76414 -13.3793 -0.213756 1.06065 -3.28991 -1.28738 5.9677 5.03166 -14.5524 3.56303 -2.16254 -6.47791 4.48672 5.63802 2.45585 -14.9789 5.14265 -0.992322 -2.41943 4.60107 2.66167 0.261977 -14.7868 4.2123 1.34591 0.0662172 0.0244705 0.492412 1.04559 -13.9615 -0.237831 2.38375 1.07261 -2.20002 2.07296 1.90848 -13.6561 0.0745191 1.0099 -2.2756 -3.00632 7.60087 6.1954 -10.8827 2.10545 -6.59753 -4.16859
91.01 -6.52067 2.09513 2.31514 -13.4555 -0.388449 1.40883 -3.03386 -2.16954 5.64201 5.04414 -14.3611 2.85262 -2.11572 -6.44662 4.07764 5.94848 2.88751 -14.9211 5.22162 -1.36231 -2.89115 4.86752 3.02354 0.22181 -14.8182 4.44707 0.974113 -0.201696 0.646767 0.607313 0.884753 -14.0615 0.170194 2.46765 1.28677 -1.92607 1.66873 1.73009 -13.7393 -0.0485563 1.41888 -1.88206 -3.59666 7.23982 6.29346 -10.7923 1.63127 -6.39445 -3.84592
91.06 -6.01891 1.69133 1.9142 -13.5468 -0.540807 1.74263 -2.79523 -2.84691 5.28557 4.9225 -14.1808 2.22023 -1.95 -6.24013 3.54725 6.23242 3.30734 -14.8466 5.27538 -1.70853 -3.35717 5.0994 3.38903 0.237063 -14.8477 4.64624 0.587856 -0.490192 1.32808 0.83166 0.720988 -14.1531 0.717424 2.51816 1.46123 -1.62829 1.28968 1.59929 -13.8343 -0.127907 1.81762 -1.49281 -4.08925 6.88995 6.35566 -10.705 1.23195 -6.15369 -3.48882
91.11 -5.50503 1.29565 1.56596 -13.6477 -0.673768 2.0514 -2.57377 -3.33055 4.91683 4.68649 -14.0208 1.68733 -1.69508 -5.91236 2.9228 6.48263 3.70619 -14.7563 5.29292 -2.02491 -3.79719 5.29412 3.7597 0.323863 -14.8727 4.81583 0.190945 -0.799616 2.01697 1.14375 0.558644 -14.2358 1.35553 2.52272 1.57622 -1.29861 0.944733 1.50239 -13.9358 -0.158597 2.19806 -1.10555 -4.4996 6.55401 6.37328 -10.6241 0.894685 -5.89372 -3.12263
91.16 -5.00547 0.919564 1.2704 -13.7533 -0.78946 2.32717 -2.36889 -3.64306 4.54019 4.36407 -13.8871 1.24223 -1.38399 -5.51957 2.22681 6.68514 4.07592 -14.6498 5.25082 -2.3056 -4.19574 5.44342 4.1331 0.495968 -14.889 4.96065 -0.211755 -1.12962 2.65103 1.50638 0.40346 -14.3092 2.00206 2.46245 1.6063 -0.929905 0.643635 1.42382 -14.0388 -0.130788 2.55255 -0.724216 -4.83948 6.23282 6.33892 -10.5523 0.608193 -5.62649 -2.76011
91.21 -4.53439 0.572123 1.02402 -13.8596 -0.889302 2.56534 -2.17982 -3.80047 4.15566 3.98849 -13.7828 0.868729 -1.04038 -5.10207 1.4625 6.81466 4.40849 -14.5258 5.10593 -2.54417 -4.53995 5.53285 4.50388 0.758735 -14.8928 5.08456 -0.613834 -1.47981 3.19946 1.8892 0.262728 -14.3731 2.59153 2.32382 1.5364 -0.51424 0.398105 1.34804 -14.1398 -0.028828 2.87447 -0.357277 -5.11555 5.92641 6.248 -10.4911 0.363505 -5.35937 -2.40584
91.26 -4.09749 0.26046 0.821466 -13.9637 -0.974095 2.76467 -2.00569 -3.81994 3.76098 3.59427 -13.7092 0.553475 -0.678451 -4.68463 0.608761 6.83271 4.6939 -14.3839 4.79377 -2.73182 -4.8157 5.54271 4.86632 1.10432 -14.8819 5.1907 -1.00793 -1.85155 3.66316 2.27668 0.145635 -14.4273 3.09729 2.10961 1.37522 -0.0403092 0.222551 1.26276 -14.2362 0.168841 3.15786 -0.0143562 -5.3292 5.63443 6.09992 -10.4415 0.15357 -5.09682 -2.05937
91.31 -3.69535 -0.0103557 0.656668 -14.0639 -1.04411 2.92671 -1.8456 -3.72948 3.35212 3.2115 -13.6663 0.286473 -0.306429 -4.28138 -0.342953 6.70472 4.9168 -14.2274 4.26463 -2.85329 -5.00165 5.44979 5.2158 1.5123 -14.8557 5.28145 -1.3868 -2.24861 4.05509 2.66386 0.0636235 -14.4723 3.52031 1.83527 1.14729 0.503566 0.132712 1.16141 -14.3266 0.485563 3.39639 0.294528 -5.47683 5.35642 5.89835 -10.4037 -0.0271978 -4.84146 -1.7171
91.36 -3.32578 -0.2378 0.523653 -14.1588 -1.09918 3.05501 -1.69866 -3.56537 2.92724 2.86254 -13.653 0.0603357 0.070143 -3.89978 -1.30802 6.44563 5.05686 -14.0634 3.57424 -2.88256 -5.06437 5.23326 5.54895 1.9566 -14.8153 5.35846 -1.74403 -2.67161 4.38771 3.05102 0.0306035 -14.5092 3.8723 1.518 0.876254 1.11541 0.138649 1.04274 -14.4099 0.93108 3.58126 0.556653 -5.55075 5.09184 5.6505 -10.3778 -0.18328 -4.59482 -1.37413
91.41 -2.9852 -0.421793 0.41695 -14.2478 -1.13873 3.15425 -1.56401 -3.36023 2.49249 2.56213 -13.6674 -0.130457 0.445961 -3.54323 -2.15241 6.1164 5.09827 -13.901 2.86753 -2.79456 -4.97568 4.88471 5.86309 2.41415 -14.762 5.42238 -2.07428 -3.10985 4.66846 3.43949 0.0625799 -14.5391 4.1662 1.17074 0.577042 1.76163 0.233037 0.908659 -14.4857 1.47738 3.69887 0.753443 -5.54173 4.84019 5.36525 -10.363 -0.318307 -4.35769 -1.02714
91.46 -2.66944 -0.56392 0.331776 -14.3305 -1.1619 3.22956 -1.44083 -3.13651 2.06011 2.31755 -13.7063 -0.290063 0.814764 -3.21268 -2.82078 5.76177 5.03625 -13.7488 2.2394 -2.59179 -4.74817 4.41048 6.15539 2.86787 -14.6971 5.47225 -2.37297 -3.5449 4.89873 3.82836 0.175534 -14.563 4.41297 0.801768 0.25672 2.38631 0.390283 0.762167 -14.5544 2.05842 3.7325 0.862817 -5.44245 4.60096 5.05097 -10.3586 -0.435223 -4.1304 -0.677329
91.51 -2.37415 -0.666591 0.26408 -14.4069 -1.16749 3.28596 -1.32838 -2.9085 1.64226 2.12829 -13.7652 -0.421615 1.1691 -2.90758 -3.32283 5.39765 4.87416 -13.614 1.70912 -2.30367 -4.43045 3.82908 6.42167 3.30449 -14.6212 5.50407 -2.63613 -3.95977 5.07491 4.21395 0.380577 -14.5804 4.62128 0.416631 -0.0820798 2.94841 0.582941 0.606236 -14.6164 2.60856 3.6718 0.872289 -5.24854 4.37375 4.71462 -10.3638 -0.536378 -3.91298 -0.330284
91.56 -2.09493 -0.732472 0.21051 -14.4771 -1.15401 3.32785 -1.226 -2.68501 1.24858 1.9879 -13.839 -0.527503 1.50092 -2.62648 -3.67851 5.02713 4.62126 -13.5019 1.26526 -1.9633 -4.07246 3.16757 6.65449 3.71359 -14.5337 5.50792 -2.86031 -4.34201 5.19059 4.5915 0.677858 -14.5896 4.79786 0.0202724 -0.438111 3.43716 0.794155 0.443648 -14.6731 3.09289 3.52208 0.79074 -4.95753 4.15827 4.36288 -10.3774 -0.623543 -3.70527 0.00711015
91.61 -1.82737 -0.764078 0.168333 -14.5414 -1.11962 3.35884 -1.1331 -2.4705 0.886531 1.88719 -13.9225 -0.609589 1.80282 -2.36742 -3.89821 4.65004 4.29402 -13.4162 0.891937 -1.59469 -3.70846 2.45044 6.84035 4.08786 -14.4325 5.46293 -3.04278 -4.6823 5.23753 4.95683 1.05305 -14.5885 4.94795 -0.381613 -0.809876 3.85993 1.0173 0.277356 -14.7264 3.50477 3.30141 0.64268 -4.56951 3.95444 4.00358 -10.3983 -0.697799 -3.50698 0.329281
91.66 -1.56693 -0.763451 0.135356 -14.5999 -1.06198 3.38162 -1.04921 -2.26613 0.562286 1.81679 -14.0111 -0.669333 2.06934 -2.12811 -3.98546 4.26559 3.91702 -13.3591 0.575889 -1.2123 -3.35779 1.6835 6.95569 4.42182 -14.3148 5.33025 -3.18139 -4.97205 5.20409 5.30693 1.47936 -14.576 5.07562 -0.782405 -1.19594 4.22878 1.25145 0.11093 -14.779 3.85107 3.03063 0.453529 -4.09037 3.76263 3.64515 -10.4256 -0.759219 -3.31777 0.632757
91.71 -1.30879 -0.731899 0.109844 -14.653 -0.978102 3.3981 -0.973991 -2.07082 0.281018 1.76853 -14.101 -0.707832 2.29783 -1.90607 -3.94896 3.87203 3.51999 -13.3314 0.307127 -0.823866 -3.02989 0.845333 6.96376 4.70865 -14.1794 5.04863 -3.27335 -5.20093 5.07415 5.63982 1.92447 -14.5527 5.18391 -1.17532 -1.59675 4.55446 1.49782 -0.0511823 -14.8343 4.14208 2.7269 0.240803 -3.53416 3.58408 3.29519 -10.4584 -0.806173 -3.13724 0.915863
91.76 -1.04755 -0.669768 0.0904585 -14.7011 -0.864105 3.40949 -0.907293 -1.88215 0.0463928 1.73592 -14.1896 -0.725792 2.48847 -1.6987 -3.81225 3.4658 3.13151 -13.3331 0.0782765 -0.433318 -2.72828 -0.0880247 6.82479 4.9356 -14.0286 4.55641 -3.31138 -5.35277 4.83086 5.95412 2.35938 -14.5198 5.27472 -1.55435 -2.0159 4.845 1.75774 -0.203604 -14.8952 4.38737 2.4021 0.0128027 -2.9208 3.42172 2.95948 -10.4956 -0.83395 -2.96503 1.17813
91.81 -0.776893 -0.576219 0.0762059 -14.7443 -0.714822 3.41638 -0.849242 -1.69681 -0.140126 1.71401 -14.2749 -0.723447 2.64373 -1.50324 -3.61005 3.04401 2.77416 -13.3633 -0.116123 -0.0432937 -2.45313 -1.06291 6.53781 5.08085 -13.8693 3.87529 -3.27731 -5.39923 4.46701 6.24852 2.76564 -14.479 5.3485 -1.91481 -2.45626 5.10603 2.03177 -0.340056 -14.9626 4.59487 2.06355 -0.228995 -2.26888 3.28156 2.64225 -10.5364 -0.832315 -2.80087 1.41971
91.86 -0.489137 -0.448964 0.0664169 -14.783 -0.523391 3.41877 -0.800403 -1.51077 -0.279228 1.69913 -14.3557 -0.700412 2.76755 -1.31678 -3.37416 2.61068 2.46357 -13.4202 -0.280162 0.342724 -2.20273 -1.94366 6.15949 5.11985 -13.711 3.14136 -3.14534 -5.30657 3.99515 6.52107 3.13856 -14.4311 5.40346 -2.25332 -2.91077 5.34126 2.31986 -0.453302 -15.035 4.77093 1.71521 -0.48623 -1.58628 3.17515 2.34728 -10.5799 -0.781479 -2.64469 1.64092
91.91 -0.17492 -0.284025 0.0607607 -14.8173 -0.280912 3.4159 -0.76208 -1.31916 -0.372806 1.68855 -14.4315 -0.65545 2.86459 -1.13616 -3.12437 2.17737 2.20849 -13.5007 -0.416876 0.7192 -1.97435 -2.64804 5.74553 5.03685 -13.5635 2.473 -2.90727 -5.07067 3.44145 6.76825 3.48353 -14.3758 5.43408 -2.56735 -3.36216 5.55282 2.62225 -0.53488 -15.1086 4.92068 1.35894 -0.760404 -0.861146 3.1232 2.07977 -10.6249 -0.646011 -2.49694 1.84165
91.96 0.176565 -0.0757396 0.0593178 -14.8475 0.0232647 3.40596 -0.736908 -1.11602 -0.422794 1.68013 -14.5018 -0.586115 2.93962 -0.957885 -2.87091 1.75725 2.01 -13.6002 -0.528401 1.0785 -1.76464 -3.17 5.32151 4.82982 -13.4347 1.90608 -2.58533 -4.73115 2.82885 6.98328 3.80711 -14.3115 5.42845 -2.85473 -3.79191 5.74118 2.94083 -0.574442 -15.178 5.04826 0.995799 -1.05169 -0.0561244 3.15982 1.84936 -10.6695 -0.368367 -2.35923 2.02032
92.01 0.57543 0.18234 0.0627529 -14.8734 0.399265 3.38532 -0.729955 -0.893813 -0.430318 1.67192 -14.5667 -0.488204 2.99686 -0.778275 -2.61931 1.36169 1.86263 -13.7134 -0.616085 1.41198 -1.56984 -3.5222 4.89562 4.51227 -13.3303 1.43314 -2.2126 -4.34034 2.16644 7.15356 4.11141 -14.2351 5.36382 -3.11281 -4.18471 5.90449 3.28035 -0.558478 -15.2377 5.15716 0.627514 -1.35959 0.875783 3.32821 1.67555 -10.7108 0.120177 -2.23634 2.17131
92.06 1.02523 0.494634 0.072644 -14.895 0.850372 3.34725 -0.750545 -0.643139 -0.394981 1.66177 -14.6261 -0.354966 3.03962 -0.593887 -2.37196 1.00025 1.75731 -13.8347 -0.680598 1.71186 -1.38586 -3.71058 4.46913 4.11354 -13.2535 1.03752 -1.8152 -3.93772 1.44451 7.25707 4.39383 -14.142 5.2005 -3.3374 -4.52703 6.03691 3.64662 -0.46866 -15.2821 5.25027 0.25821 -1.68428 1.90866 3.64212 1.59219 -10.7442 0.823638 -2.14102 2.27876
92.11 1.51426 0.858891 0.0920104 -14.9119 1.36316 3.2806 -0.814209 -0.352822 -0.314146 1.64673 -14.6801 -0.176188 3.06996 -0.402789 -2.12834 0.681311 1.68417 -13.9587 -0.721955 1.97299 -1.20819 -3.74058 4.03977 3.67371 -13.2055 0.704659 -1.40901 -3.54636 0.635466 7.26052 4.64792 -14.0282 4.88031 -3.52052 -4.80362 6.12575 4.03902 -0.282744 -15.3065 5.33008 -0.10439 -2.02821 2.89187 4.04908 1.63667 -10.764 1.61485 -2.09936 2.3107
92.16 2.01273 1.26366 0.125995 -14.9236 1.90318 3.1704 -0.941622 -0.0108102 -0.182411 1.62268 -14.7291 0.0622784 3.08845 -0.206506 -1.88515 0.411877 1.63419 -14.0814 -0.739407 2.19373 -1.03194 -3.63372 3.60308 3.23349 -13.1861 0.423727 -1.00236 -3.1775 -0.275043 7.1328 4.86255 -13.8932 4.35583 -3.64626 -4.99233 6.15023 4.4467 0.0175054 -15.3078 5.39866 -0.449679 -2.39623 3.69319 4.48522 1.82497 -10.7653 2.3529 -2.14217 2.23229
92.21 2.4842 1.69248 0.18258 -14.9289 2.42703 3.00361 -1.15019 0.393591 0.00791835 1.5847 -14.7732 0.376934 3.09353 -0.0117622 -1.63654 0.196647 1.59967 -14.1993 -0.731125 2.37558 -0.851963 -3.43119 3.15617 2.82566 -13.1941 0.187021 -0.599289 -2.83507 -1.21743 6.88489 5.0224 -13.7422 3.67087 -3.68651 -5.05966 6.08819 4.85415 0.434653 -15.285 5.45769 -0.766783 -2.79064 4.26982 4.91867 2.14116 -10.7464 2.97868 -2.281 2.03727
92.26 2.90078 2.13125 0.273289 -14.9263 2.90229 2.7772 -1.44224 0.864337 0.26388 1.52885 -14.8126 0.779993 3.0804 0.168667 -1.37424 0.0378232 1.57406 -14.3101 -0.69361 2.52226 -0.66332 -3.17742 2.70345 2.47239 -13.228 -0.0108914 -0.201926 -2.5187 -2.06547 6.57337 5.11415 -13.5841 2.96012 -3.61103 -4.97498 5.92627 5.24618 0.949584 -15.2396 5.50849 -1.04737 -3.20337 4.61763 5.33803 2.54411 -10.7096 3.49126 -2.50061 1.753
92.31 3.24727 2.57132 0.413872 -14.9134 3.31575 2.49952 -1.8027 1.38908 0.585569 1.45443 -14.8476 1.26613 3.03949 0.315579 -1.08809 -0.0636559 1.55125 -14.4121 -0.620775 2.63862 -0.462372 -2.90401 2.25562 2.18497 -13.286 -0.173827 0.18791 -2.2254 -2.7582 6.24423 5.13189 -13.4282 2.32236 -3.41505 -4.74553 5.65678 5.60931 1.52445 -15.1749 5.55192 -1.28728 -3.61814 4.74559 5.73942 2.98188 -10.6625 3.90934 -2.77496 1.41504
92.36 3.51508 3.00771 0.624516 -14.8872 3.6681 2.18414 -2.20807 1.93458 0.960809 1.36503 -14.8783 1.80219 2.95616 0.404681 -0.766887 -0.106174 1.52478 -14.5045 -0.502761 2.72961 -0.248605 -2.62764 1.82397 1.964 -13.3653 -0.304384 0.567639 -1.95061 -3.30261 5.91435 5.07536 -13.2822 1.78212 -3.12426 -4.41759 5.26861 5.93246 2.11278 -15.095 5.58818 -1.48661 -4.01929 4.68337 6.1214 3.40765 -10.6165 4.25217 -3.08096 1.04856
92.41 3.69416 3.43629 0.928335 -14.8438 3.96586 1.84349 -2.63582 2.46036 1.36897 1.26788 -14.9056 2.33784 2.81556 0.41401 -0.398986 -0.085765 1.48766 -14.5868 -0.324817 2.79936 -0.025927 -2.35448 1.41744 1.802 -13.4624 -0.404136 0.93321 -1.68883 -3.72251 5.58477 4.9463 -13.1519 1.32973 -2.77279 -4.04247 4.75369 6.20796 2.67341 -15.0037 5.61618 -1.64859 -4.39576 4.48567 6.48327 3.78992 -10.5844 4.53436 -3.40204 0.665737
92.46 3.76605 3.8525 1.34657 -14.7792 4.21629 1.48644 -3.06849 2.93884 1.7913 1.17274 -14.9311 2.83152 2.61162 0.335677 0.027823 0.00471239 1.4336 -14.6595 -0.0672045 2.85028 0.197745 -2.08355 1.04284 1.6875 -13.5725 -0.473613 1.27908 -1.43398 -4.03489 5.25118 4.74713 -13.0417 0.949282 -2.38812 -3.6564 4.12465 6.43161 3.18058 -14.9029 5.63222 -1.77809 -4.74048 4.21638 6.82453 4.11384 -10.5755 4.766 -3.7272 0.270381
92.51 3.69555 4.25142 1.89036 -14.6898 4.42486 1.11877 -3.49392 3.36015 2.2168 1.0913 -14.9586 3.26401 2.35082 0.178496 0.523798 0.174322 1.35925 -14.7228 0.291107 2.88206 0.411453 -1.80892 0.705996 1.60824 -13.6904 -0.511999 1.59894 -1.17971 -4.24554 4.90933 4.48249 -12.9548 0.627017 -1.98854 -3.27966 3.41725 6.60063 3.62477 -14.7926 5.62732 -1.88029 -5.04857 3.9276 7.14473 4.37701 -10.5928 4.95397 -4.04933 -0.136273
92.56 3.41975 4.62723 2.55169 -14.5736 4.59296 0.74489 -3.90402 3.72421 2.64129 1.0373 -14.996 3.63368 2.04652 -0.0432733 1.08694 0.428248 1.26536 -14.7774 0.759796 2.88999 0.600586 -1.52119 0.412957 1.55275 -13.8111 -0.516482 1.88693 -0.920186 -4.35184 4.5572 4.16261 -12.8938 0.352329 -1.5849 -2.9214 2.66864 6.70952 4.00661 -14.6715 5.58258 -1.95969 -5.31559 3.65008 7.44355 4.58442 -10.6339 5.10328 -4.36388 -0.552203
92.61 2.8522 4.96994 3.2991 -14.4312 4.71167 0.36993 -4.29311 4.032 3.06368 1.02695 -15.0541 3.94672 1.71174 -0.322944 1.6889 0.758203 1.15636 -14.824 1.31732 2.86292 0.74476 -1.20936 0.171063 1.51029 -13.93 -0.481243 2.13873 -0.651965 -4.35001 4.19455 3.80535 -12.8602 0.117198 -1.18288 -2.58383 1.89268 6.74499 4.32906 -14.5375 5.46292 -2.01924 -5.53628 3.39464 7.72087 4.74449 -10.6938 5.21787 -4.66799 -0.974823
92.66 1.92936 5.25403 4.08146 -14.2665 4.74132 0.0020498 -4.65569 4.27946 3.48239 1.0784 -15.1378 4.21107 1.3559 -0.665523 2.28041 1.14047 1.03914 -14.8632 1.90787 2.78396 0.819002 -0.862594 -0.0105634 1.4703 -14.0441 -0.396236 2.35211 -0.376321 -4.24464 3.82101 3.43405 -12.8545 -0.0844381 -0.784846 -2.26509 1.07104 6.68163 4.59063 -14.39 5.21219 -2.05903 -5.70328 3.15678 7.97668 4.86677 -10.767 5.30093 -4.95988 -1.40325
92.71 0.625692 5.40946 4.82797 -14.0875 4.55928 -0.343763 -4.98092 4.45185 3.89394 1.20889 -15.2347 4.43397 0.985021 -1.08295 2.82063 1.54828 0.921977 -14.8954 2.47076 2.63847 0.804356 -0.470051 -0.121057 1.42238 -14.1513 -0.246094 2.52677 -0.0994954 -4.05404 3.43447 3.07192 -12.8764 -0.257146 -0.391696 -1.96104 0.172823 6.48674 4.77876 -14.2324 4.76573 -2.07348 -5.80454 2.92045 8.21061 4.96103 -10.8485 5.35437 -5.23846 -1.84013
92.76 -1.06376 5.33254 5.42847 -13.9074 3.98966 -0.635811 -5.23726 4.51838 4.29376 1.43027 -15.3212 4.62143 0.603344 -1.59081 3.29373 1.96363 0.814296 -14.9213 2.9698 2.42451 0.700244 -0.0194785 -0.148225 1.35816 -14.2502 -0.00997682 2.66339 0.169282 -3.80443 3.03241 2.7374 -12.9246 -0.404298 -0.00479828 -1.66621 -0.774661 6.15276 4.86503 -14.0721 4.11731 -2.04582 -5.81703 2.66282 8.42125 5.03771 -10.9331 5.37773 -5.50304 -2.28906
92.81 -2.81331 5.08541 5.77009 -13.7416 3.19288 -0.819977 -5.36226 4.44827 4.6774 1.74624 -15.3779 4.77802 0.215206 -2.19222 3.70141 2.37856 0.72707 -14.9422 3.39587 2.15312 0.522068 0.500507 -0.0801001 1.27345 -14.3405 0.334674 2.76198 0.419095 -3.51699 2.61781 2.44286 -12.9968 -0.52823 0.372124 -1.3743 -1.64479 5.72858 4.81498 -13.9199 3.37967 -1.9469 -5.70641 2.3637 8.60511 5.10928 -11.0154 5.36667 -5.75303 -2.74569
92.86 -4.27741 4.80604 5.8418 -13.5988 2.46215 -0.86268 -5.3211 4.23616 5.04098 2.14947 -15.3966 4.90677 -0.173572 -2.85342 4.05056 2.79155 0.673706 -14.9598 3.75466 1.83973 0.289394 1.0886 0.0893164 1.16863 -14.4219 0.798369 2.81951 0.636054 -3.20053 2.20226 2.19463 -13.0895 -0.63018 0.732417 -1.07912 -2.32573 5.27568 4.61415 -13.7857 2.68536 -1.75526 -5.45458 2.01044 8.75571 5.18972 -11.0886 5.31161 -5.98766 -3.19351
92.91 -5.42109 4.53009 5.69786 -13.4819 1.86115 -0.779995 -5.14573 3.88169 5.38071 2.61669 -15.3775 5.00847 -0.555259 -3.52987 4.34606 3.20308 0.670585 -14.9773 4.05624 1.49717 0.0175976 1.71455 0.35005 1.0473 -14.4944 1.35738 2.82703 0.8005 -2.85615 1.80153 1.99172 -13.1977 -0.709959 1.06784 -0.77665 -2.78429 4.82562 4.28234 -13.6767 2.08995 -1.47906 -5.08695 1.59112 8.8623 5.2895 -11.1451 5.19604 -6.20555 -3.61104
92.96 -6.28988 4.25536 5.39652 -13.3918 1.37039 -0.606336 -4.89004 3.38225 5.6913 3.11271 -15.3244 5.07947 -0.920729 -4.18733 4.58772 3.61227 0.735926 -14.9971 4.31036 1.13394 -0.285015 2.32579 0.674611 0.91461 -14.5582 1.95104 2.77009 0.888319 -2.48508 1.43126 1.82539 -13.3163 -0.765452 1.37091 -0.467583 -3.02584 4.38715 3.86574 -13.5968 1.59405 -1.14486 -4.6525 1.08673 8.90781 5.41151 -11.1763 4.99364 -6.40389 -3.9775
93.01 -6.91712 3.97402 4.98638 -13.329 0.96428 -0.36997 -4.59578 2.74773 5.96293 3.6021 -15.241 5.10703 -1.26035 -4.80179 4.76974 4.0158 0.885603 -15.0182 4.52516 0.75524 -0.61558 2.88073 1.03231 0.776184 -14.6138 2.51533 2.63698 0.882733 -2.09026 1.10577 1.68179 -13.4399 -0.792036 1.6369 -0.157242 -3.07497 3.95887 3.41866 -13.5469 1.18263 -0.776741 -4.19309 0.469959 8.86781 5.55215 -11.1763 4.66802 -6.5767 -4.27277
93.06 -7.31265 3.67906 4.50761 -13.2938 0.623385 -0.0896186 -4.28879 2.00075 6.17622 4.05669 -15.1291 5.06081 -1.56458 -5.35467 4.8818 4.4092 1.12664 -15.0354 4.70712 0.365052 -0.973323 3.36578 1.4018 0.637848 -14.6618 3.01377 2.42908 0.787537 -1.67309 0.83739 1.54678 -13.5644 -0.78178 1.86445 0.147222 -2.97834 3.53509 2.98654 -13.5264 0.841154 -0.389491 -3.73452 -0.277882 8.71773 5.70435 -11.1445 4.18909 -6.71139 -4.47427
93.11 -7.47281 3.36526 3.99471 -13.2864 0.333893 0.222443 -3.98384 1.15207 6.29612 4.45438 -14.989 4.88259 -1.82346 -5.82776 4.90914 4.78845 1.45198 -15.0411 4.86135 -0.032146 -1.35801 3.7858 1.77202 0.505978 -14.7031 3.43821 2.16027 0.623884 -1.23051 0.636368 1.41011 -13.6865 -0.722252 2.05499 0.439394 -2.79335 3.10991 2.59868 -13.5339 0.558736 0.00942081 -3.28958 -1.12065 8.45738 5.85949 -11.0862 3.58055 -6.78534 -4.55428
93.16 -7.40254 3.0279 3.47677 -13.3063 0.0858252 0.556975 -3.68909 0.190896 6.27465 4.77222 -14.8228 4.49439 -2.02383 -6.19781 4.83103 5.1505 1.84052 -15.0297 4.99174 -0.430421 -1.77109 4.15123 2.1387 0.388114 -14.7394 3.79513 1.84767 0.415474 -0.753771 0.512275 1.26662 -13.8038 -0.594891 2.21152 0.714361 -2.56504 2.68228 2.27008 -13.5675 0.327643 0.416153 -2.86266 -1.95884 8.12431 6.00853 -11.0096 2.93592 -6.77339 -4.49026
93.21 -7.13514 2.66292 2.9761 -13.3517 -0.128254 0.904924 -3.40883 -0.843549 6.09026 4.98115 -14.6375 3.87863 -2.14345 -6.43014 4.62378 5.49305 2.26399 -14.9988 5.10085 -0.822558 -2.21452 4.47165 2.50159 0.293537 -14.7726 4.09502 1.50494 0.178366 -0.228348 0.476485 1.11507 -13.9147 -0.373771 2.33728 0.968111 -2.3156 2.25774 2.00562 -13.6244 0.142616 0.827412 -2.45279 -2.70968 7.76274 6.14282 -10.9227 2.34226 -6.66908 -4.29049
93.26 -6.72876 2.27294 2.50857 -13.4195 -0.314024 1.25566 -3.14515 -1.80287 5.79216 5.05592 -14.4451 3.16153 -2.15213 -6.48423 4.27526 5.81395 2.69712 -14.9489 5.18939 -1.20096 -2.68153 4.75377 2.86299 0.233698 -14.8044 4.34787 1.14082 -0.0805021 0.36228 0.542591 0.956575 -14.0182 -0.0285037 2.43419 1.19598 -2.0499 1.84521 1.80253 -13.7006 0.000712587 1.2385 -2.05556 -3.34817 7.39866 6.25391 -10.8322 1.83134 -6.49042 -3.99517
93.31 -6.24479 1.87 2.08547 -13.5048 -0.475861 1.59727 -2.8988 -2.57216 5.44557 4.9919 -14.2586 2.48806 -2.03653 -6.35022 3.79548 6.11026 3.12344 -14.8815 5.25517 -1.55849 -3.15284 5.00099 3.22649 0.222438 -14.835 4.56199 0.760516 -0.359817 1.02142 0.719561 0.793648 -14.1136 0.459621 2.5005 1.38988 -1.76367 1.45392 1.65218 -13.7911 -0.0983647 1.64276 -1.66499 -3.88205 7.04332 6.33311 -10.743 1.40044 -6.26364 -3.64929
93.36 -5.73215 1.46913 1.71363 -13.6021 -0.617107 1.91829 -2.66978 -3.13862 5.08126 4.80352 -14.0887 1.9116 -1.81674 -6.06862 3.2093 6.37664 3.53262 -14.7982 5.29075 -1.88881 -3.60656 5.21283 3.59491 0.275583 -14.8624 4.74402 0.367813 -0.659967 1.71527 0.99699 0.630051 -14.2003 1.06676 2.52752 1.53425 -1.44907 1.09274 1.5421 -13.8904 -0.15151 2.03229 -1.27675 -4.32709 6.70103 6.3715 -10.659 1.03721 -6.01036 -3.28492
93.41 -5.22386 1.08312 1.395 -13.7062 -0.740234 2.20945 -2.45765 -3.52459 4.70796 4.51552 -13.9428 1.42965 -1.52697 -5.6986 2.54315 6.60262 3.91623 -14.6991 5.27905 -2.18604 -4.02514 5.38367 3.96766 0.408591 -14.8831 4.89928 -0.0330252 -0.980937 2.37982 1.34179 0.470894 -14.2779 1.71968 2.49832 1.6049 -1.0985 0.770916 1.4574 -13.9932 -0.151183 2.39916 -0.891927 -4.69706 6.37327 6.36092 -10.5829 0.729467 -5.74521 -2.91981
93.46 -4.73905 0.722004 1.12741 -13.8126 -0.846964 2.46463 -2.26168 -3.74896 4.32707 4.15918 -13.8252 1.02629 -1.19552 -5.28818 1.81042 6.76849 4.26631 -14.583 5.18655 -2.44416 -4.39499 5.50177 4.34034 0.631318 -14.8928 5.03203 -0.436255 -1.32216 2.96751 1.71843 0.322748 -14.346 2.34 2.39513 1.5797 -0.704808 0.499158 1.38217 -14.0955 -0.0844017 2.73627 -0.517437 -5.00092 6.06034 6.29539 -10.5168 0.467232 -5.47736 -2.5617
93.51 -4.28669 0.393731 0.906174 -13.918 -0.93836 2.68112 -2.08104 -3.82684 3.93731 3.76912 -13.738 0.686654 -0.840418 -4.86845 0.999779 6.84124 4.57411 -14.4488 4.95717 -2.65573 -4.7031 5.5496 4.70712 0.942084 -14.8886 5.14571 -0.834814 -1.684 3.46744 2.10495 0.193913 -14.4044 2.88392 2.21299 1.45646 -0.258289 0.290664 1.30227 -14.1942 0.0679049 3.03745 -0.162687 -5.24237 5.76202 6.17244 -10.462 0.242668 -5.21236 -2.21207
93.56 -3.8693 0.10435 0.725404 -14.0201 -1.01492 2.85933 -1.91485 -3.78086 3.53524 3.37803 -13.6815 0.399323 -0.472095 -4.45768 0.0881056 6.78013 4.82703 -14.2981 4.52563 -2.80907 -4.93224 5.50515 5.06282 1.32552 -14.8692 5.24302 -1.22128 -2.06936 3.88943 2.49243 0.0947922 -14.4535 3.34246 1.96305 1.25481 0.253565 0.161022 1.20847 -14.2874 0.329342 3.29673 0.162603 -5.42 5.47789 5.99385 -10.419 0.0495914 -4.95358 -1.86851
93.61 -3.48569 -0.142449 0.579021 -14.1175 -1.07666 3.00205 -1.76219 -3.64485 3.11726 3.01185 -13.6553 0.15586 -0.0969111 -4.06587 -0.888324 6.57292 5.00629 -14.1364 3.89093 -2.88294 -5.05419 5.34534 5.40356 1.75692 -14.8349 5.32597 -1.58882 -2.48142 4.24706 2.87941 0.0381976 -14.4938 3.72428 1.66289 1.00047 0.837296 0.124155 1.09737 -14.3739 0.718521 3.50673 0.447336 -5.5277 5.20742 5.76545 -10.3878 -0.116933 -4.70295 -1.52644
93.66 -3.13276 -0.345572 0.461295 -14.2091 -1.12317 3.11355 -1.62219 -3.4545 2.68558 2.68857 -13.6578 -0.0500049 0.279942 -3.69799 -1.79906 6.26721 5.09265 -13.9721 3.17436 -2.8487 -5.03403 5.0553 5.72644 2.21103 -14.7871 5.39569 -1.93162 -2.91497 4.55026 3.26722 0.0393276 -14.5267 4.04241 1.32765 0.712472 1.47461 0.181677 0.969772 -14.453 1.22663 3.65614 0.675768 -5.5565 4.95011 5.49566 -10.3682 -0.260886 -4.46154 -1.1814
93.71 -2.80654 -0.505981 0.367127 -14.2946 -1.15373 3.19882 -1.49403 -3.23685 2.25053 2.41887 -13.6863 -0.222986 0.652705 -3.35591 -2.54648 5.92052 5.07641 -13.8144 2.50553 -2.69424 -4.86337 4.63514 6.02882 2.66826 -14.7272 5.45205 -2.24481 -3.35376 4.80309 3.65623 0.114608 -14.5532 4.30886 0.967507 0.400994 2.11559 0.314805 0.828396 -14.5248 1.80148 3.72893 0.826376 -5.49791 4.70543 5.1933 -10.3593 -0.385501 -4.22987 -0.832353
93.76 -2.50272 -0.625807 0.292142 -14.3738 -1.16727 3.26301 -1.37692 -3.00937 1.82489 2.20561 -13.737 -0.366633 1.01443 -3.03967 -3.11951 5.55979 4.95786 -13.6712 1.93242 -2.43957 -4.57883 4.09824 6.3073 3.11392 -14.6562 5.49265 -2.52417 -3.77937 5.00391 4.04385 0.278057 -14.5736 4.53328 0.588929 0.0702015 2.70843 0.494588 0.676298 -14.5896 2.3717 3.71038 0.880366 -5.34631 4.47295 4.86593 -10.3604 -0.493384 -4.00808 -0.48323
93.81 -2.21692 -0.707657 0.232687 -14.4468 -1.16244 3.31083 -1.27015 -2.78308 1.41948 2.04462 -13.8048 -0.483632 1.35721 -2.74816 -3.53809 5.19205 4.74363 -13.5485 1.45227 -2.11874 -4.23343 3.46868 6.55616 3.53629 -14.574 5.51067 -2.766 -4.17734 5.14728 4.42554 0.535362 -14.5866 4.72319 0.196901 -0.27835 3.22945 0.698906 0.516315 -14.6485 2.88736 3.59841 0.836706 -5.09851 4.25229 4.52013 -10.3704 -0.586568 -3.7961 -0.140758
93.86 -1.94475 -0.75416 0.185764 -14.5136 -1.13757 3.34626 -1.17312 -2.56428 1.0426 1.92753 -13.8846 -0.57606 1.67318 -2.4796 -3.8174 4.81794 4.44675 -13.4507 1.04954 -1.76034 -3.86893 2.774 6.76503 3.92672 -14.4792 5.49087 -2.96724 -4.53726 5.22586 4.79672 0.878726 -14.5903 4.88444 -0.203308 -0.643356 3.68002 0.917117 0.351268 -14.703 3.33097 3.40655 0.71472 -4.75317 4.04328 4.16314 -10.3882 -0.666463 -3.59368 0.18871
93.91 -1.68173 -0.767602 0.14895 -14.5747 -1.09055 3.3724 -1.08529 -2.35544 0.700903 1.8448 -13.9715 -0.645545 1.95588 -2.23184 -3.96287 4.43688 4.08832 -13.3808 0.709538 -1.38278 -3.51071 2.03017 6.91534 4.27921 -14.3691 5.40328 -3.12553 -4.85051 5.22976 5.15387 1.28625 -14.583 5.02161 -0.605435 -1.02319 4.07129 1.1463 0.184409 -14.7556 3.7051 3.15555 0.541045 -4.31316 3.84606 3.8033 -10.4128 -0.733647 -3.40049 0.500768
93.96 -1.42319 -0.749645 0.120319 -14.6302 -1.01872 3.39148 -1.00626 -2.15636 0.400036 1.78763 -14.0612 -0.693343 2.20135 -2.00246 -3.97927 4.04769 3.69641 -13.34 0.420876 -0.996374 -3.17202 1.22762 6.97622 4.58802 -14.2416 5.19638 -3.23866 -5.10788 5.14477 5.49458 1.727 -14.5643 5.13818 -1.00264 -1.41721 4.41494 1.38707 0.019777 -14.8093 4.01934 2.86464 0.337221 -3.78886 3.66141 3.44876 -10.4433 -0.787365 -3.21616 0.793014
94.01 -1.16404 -0.701088 0.0983615 -14.6804 -0.918618 3.40502 -0.935788 -1.96511 0.144426 1.74879 -14.1506 -0.720342 2.40857 -1.78893 -3.88306 3.64759 3.30093 -13.3288 0.175118 -0.606418 -2.85858 0.336626 6.90611 4.84365 -14.097 4.80227 -3.30203 -5.29648 4.95346 5.81726 2.16947 -14.5355 5.23658 -1.38848 -1.82765 4.72022 1.64087 -0.13766 -14.8674 4.2838 2.54802 0.115478 -3.19823 3.49136 3.10614 -10.4786 -0.8245 -3.04031 1.06452
94.06 -0.898411 -0.621647 0.0819367 -14.7257 -0.785702 3.41387 -0.873868 -1.77875 -0.0634321 1.72265 -14.2376 -0.726999 2.57909 -1.58854 -3.70543 3.23274 2.92747 -13.3465 -0.0339675 -0.215823 -2.57183 -0.634282 6.68037 5.02825 -13.9403 4.19306 -3.30299 -5.394 4.64276 6.12066 2.58982 -14.498 5.31797 -1.75766 -2.25871 4.99376 1.90863 -0.282019 -14.9319 4.50717 2.2149 -0.120099 -2.56157 3.34033 2.78027 -10.518 -0.837653 -2.87261 1.31522
94.11 -0.619278 -0.509709 0.0702321 -14.7664 -0.613915 3.4183 -0.82084 -1.59356 -0.223349 1.70504 -14.3205 -0.713225 2.71629 -1.39847 -3.48126 2.80343 2.59466 -13.3919 -0.211024 0.172517 -2.31076 -1.57274 6.33405 5.11699 -13.7803 3.4634 -3.21717 -5.36619 4.21594 6.4032 2.97726 -14.4532 5.38168 -2.10625 -2.70866 5.24007 2.19051 -0.406506 -15.0025 4.69646 1.87057 -0.370247 -1.89266 3.21707 2.47493 -10.5604 -0.81189 -2.71288 1.54543
94.16 -0.318051 -0.362068 0.0627622 -14.8027 -0.395281 3.41791 -0.777631 -1.40508 -0.336834 1.69286 -14.3986 -0.678196 2.8246 -1.21567 -3.23594 2.36845 2.31439 -13.4624 -0.359528 0.554049 -2.07301 -2.35916 5.93109 5.08913 -13.627 2.75711 -3.02496 -5.19105 3.69512 6.66222 3.33366 -14.4012 5.42409 -2.4314 -3.16383 5.46194 2.48647 -0.503256 -15.0762 4.8573 1.51767 -0.636817 -1.18941 3.13766 2.19442 -10.6049 -0.719591 -2.56129 1.7553
94.21 0.0155514 -0.173772 0.0594111 -14.8346 -0.119806 3.41142 -0.746186 -1.20788 -0.405928 1.68372 -14.4714 -0.620057 2.90881 -1.0368 -2.98321 1.94096 2.09117 -13.5541 -0.482001 0.922004 -1.85546 -2.9604 5.50984 4.93635 -13.489 2.14473 -2.73613 -4.89085 3.10653 6.89262 3.66615 -14.3412 5.43656 -2.73086 -3.60526 5.66065 2.79747 -0.562872 -15.1481 4.99424 1.15744 -0.920575 -0.425939 3.12989 1.94591 -10.6499 -0.513504 -2.4188 1.9441
94.26 0.392411 0.0614889 0.0605547 -14.8624 0.22336 3.39612 -0.730315 -0.995158 -0.432206 1.67566 -14.5386 -0.535466 2.97346 -0.858243 -2.73031 1.53325 1.92214 -13.662 -0.580125 1.26798 -1.65455 -3.38656 5.08434 4.66503 -13.3732 1.63212 -2.38206 -4.51686 2.46617 7.08479 3.97906 -14.2707 5.40181 -3.00231 -4.01613 5.83549 3.12695 -0.573448 -15.2128 5.11103 0.791107 -1.22117 0.445781 3.23503 1.74372 -10.6931 -0.12549 -2.2884 2.10851
94.31 0.819992 0.349536 0.0673133 -14.886 0.641629 3.36686 -0.737189 -0.758378 -0.416032 1.66667 -14.6004 -0.418912 3.0223 -0.676338 -2.48097 1.15559 1.79942 -13.7803 -0.654861 1.58357 -1.46631 -3.64718 4.65821 4.29776 -13.284 1.20426 -1.99306 -4.11573 1.77313 7.22135 4.27174 -14.1856 5.28841 -3.24243 -4.3825 5.98268 3.48086 -0.518949 -15.2647 5.2108 0.421527 -1.53828 1.44648 3.48719 1.61534 -10.7307 0.491217 -2.1785 2.23821
94.36 1.29434 0.691653 0.0819905 -14.905 1.13017 3.31456 -0.779429 -0.48709 -0.355848 1.65423 -14.6568 -0.261821 3.05798 -0.488278 -2.23595 0.816863 1.71321 -13.9037 -0.706518 1.86228 -1.28642 -3.74598 4.23059 3.8709 -13.2232 0.845147 -1.58937 -3.71741 1.00661 7.27376 4.53945 -14.0813 5.04558 -3.44528 -4.69039 6.09294 3.86247 -0.378364 -15.2984 5.29623 0.0547741 -1.8732 2.47326 3.86208 1.59944 -10.7572 1.2642 -2.10906 2.30841
94.41 1.79314 1.08038 0.108699 -14.9191 1.66342 3.22557 -0.87597 -0.169454 -0.247506 1.63476 -14.708 -0.0517717 3.08177 -0.293801 -1.99315 0.524764 1.654 -14.0274 -0.734712 2.1009 -1.11017 -3.69563 3.79774 3.42621 -13.1912 0.542326 -1.18223 -3.33775 0.138982 7.20633 4.77327 -13.9554 4.61364 -3.59915 -4.92146 6.14886 4.26518 -0.130251 -15.3102 5.36955 -0.299581 -2.22991 3.36491 4.29114 1.72413 -10.7672 2.03816 -2.11135 2.28199
94.46 2.28077 1.50057 0.154077 -14.9274 2.19948 3.08497 -1.04719 0.206239 -0.084151 1.60355 -14.7543 0.227133 3.09315 -0.0971697 -1.74782 0.285114 1.61349 -14.1478 -0.738146 2.29962 -0.932479 -3.52969 3.35533 3.00066 -13.1872 0.286815 -0.777247 -2.98345 -0.804521 7.00632 4.95935 -13.8105 3.98611 -3.68142 -5.04725 6.12746 4.67468 0.236157 -15.298 5.43262 -0.630405 -2.6129 4.04271 4.72798 1.98751 -10.7572 2.71618 -2.20816 2.13681
94.51 2.72423 1.93633 0.227992 -14.9286 2.69901 2.88453 -1.3032 0.647907 0.142138 1.55594 -14.7957 0.590286 3.08895 0.0915841 -1.49275 0.101155 1.5847 -14.262 -0.714152 2.46133 -0.748239 -3.29376 2.90411 2.62117 -13.2099 0.0722721 -0.377141 -2.65578 -1.70754 6.71551 5.08246 -13.6544 3.26984 -3.65991 -5.03197 6.0108 5.07532 0.71149 -15.2623 5.48693 -0.927948 -3.01924 4.49153 5.15433 2.35818 -10.7278 3.2771 -2.395 1.88754
94.56 3.10302 2.37658 0.344246 -14.9206 3.14038 2.62801 -1.63602 1.15167 0.435439 1.48956 -14.8326 1.042 3.06189 0.256119 -1.2185 -0.0258416 1.56141 -14.3681 -0.657927 2.59049 -0.553036 -3.02619 2.45264 2.3039 -13.2575 -0.105772 0.0162812 -2.35274 -2.4709 6.3906 5.13326 -13.4965 2.59302 -3.51557 -4.86259 5.79004 5.45279 1.26533 -15.2056 5.53356 -1.1861 -3.43524 4.71476 5.56394 2.78693 -10.684 3.73447 -2.6483 1.56944
94.61 3.40667 2.81511 0.521108 -14.9007 3.51919 2.32763 -2.0245 1.69308 0.789221 1.40609 -14.8652 1.56169 2.99936 0.373946 -0.914235 -0.0947977 1.5374 -14.4648 -0.561436 2.69214 -0.344739 -2.74985 2.01256 2.05403 -13.3277 -0.25042 0.40089 -2.07039 -3.07818 6.0603 5.10947 -13.3453 2.0097 -3.26253 -4.57148 5.45601 5.79482 1.85341 -15.132 5.57303 -1.40317 -3.84408 4.73137 5.95463 3.22294 -10.6359 4.10853 -2.94271 1.21338
94.66 3.62669 3.24768 0.780762 -14.8654 3.84021 1.99686 -2.44482 2.23209 1.18545 1.3113 -14.8939 2.10373 2.8856 0.42066 -0.568497 -0.102953 1.50586 -14.5516 -0.412202 2.77088 -0.125242 -2.47502 1.59396 1.86718 -13.4175 -0.363687 0.773338 -1.80357 -3.55051 5.73097 5.01228 -13.2074 1.52033 -2.93399 -4.21174 4.99727 6.09213 2.43054 -15.0454 5.60494 -1.58115 -4.23255 4.5858 6.32548 3.62725 -10.5962 4.4161 -3.25876 0.836976
94.71 3.74917 3.66995 1.14612 -14.8107 4.11078 1.64621 -2.8771 2.73368 1.60336 1.21393 -14.9198 2.61975 2.70962 0.380927 -0.169294 -0.044589 1.45994 -14.6285 -0.192564 2.82998 0.0991728 -2.20358 1.20447 1.73315 -13.5224 -0.446586 1.12869 -1.54643 -3.90916 5.39977 4.8438 -13.0878 1.1099 -2.56125 -3.82716 4.41546 6.3391 2.96344 -14.9486 5.627 -1.72439 -4.59203 4.34072 6.67593 3.97792 -10.5762 4.66912 -3.58318 0.446986
94.76 3.74762 4.07716 1.63396 -14.7326 4.33741 1.28267 -3.30695 3.18068 2.0283 1.12486 -14.9457 3.08035 2.47257 0.256885 0.295209 0.0888913 1.39474 -14.6958 0.11884 2.87052 0.318839 -1.93158 0.850191 1.63976 -13.6376 -0.498954 1.46085 -1.29268 -4.16481 5.06197 4.60732 -12.9902 0.763347 -2.16655 -3.44462 3.7376 6.53273 3.43587 -14.8427 5.63299 -1.83807 -4.91688 4.05546 7.00551 4.26772 -10.5819 4.87574 -3.90734 0.0451669
94.81 3.57258 4.46407 2.2457 -14.6284 4.52369 0.910997 -3.72464 3.56988 2.45346 1.05685 -14.9775 3.47736 2.18579 0.0622293 0.830292 0.305477 1.30915 -14.7543 0.539007 2.88997 0.520984 -1.65096 0.536934 1.5751 -13.7576 -0.518968 1.76361 -1.03611 -4.31795 4.71449 4.31016 -12.9175 0.468709 -1.76375 -3.07757 3.00372 6.66931 3.84493 -14.7267 5.60911 -1.92709 -5.20267 3.77053 7.31382 4.49893 -10.613 5.04164 -4.22569 -0.36698
94.86 3.14497 4.82324 2.96028 -14.4973 4.66657 0.535746 -4.12365 3.90268 2.87688 1.02501 -15.0252 3.81452 1.86311 -0.191825 1.42042 0.603916 1.20611 -14.8044 1.06239 2.88024 0.688006 -1.35118 0.271369 1.52816 -13.8777 -0.502285 2.03185 -0.771903 -4.36417 4.35649 3.9668 -12.8716 0.216906 -1.36056 -2.73087 2.24027 6.73966 4.19346 -14.5986 5.52826 -1.99522 -5.44464 3.50506 7.60067 4.67882 -10.6653 5.17116 -4.5347 -0.786907
94.91 2.38368 5.13839 3.73449 -14.3418 4.74426 0.163413 -4.4988 4.1779 3.29754 1.04681 -15.0979 4.09948 1.51568 -0.505326 2.02282 0.966506 1.09157 -14.8467 1.64642 2.82648 0.796282 -1.0212 0.0618012 1.4884 -13.9943 -0.440885 2.26238 -0.499041 -4.30322 3.98791 3.59871 -12.8536 0.00107543 -0.96061 -2.40419 1.4429 6.72402 4.48274 -14.4569 5.34382 -2.04401 -5.63653 3.26078 7.86602 4.81664 -10.7333 5.26786 -4.83217 -1.21266
94.96 1.25285 5.36379 4.50759 -14.1679 4.67902 -0.194751 -4.84271 4.38633 3.7128 1.1404 -15.1916 4.33992 1.15088 -0.887873 2.58922 1.36589 0.973295 -14.8819 2.22785 2.71162 0.822334 -0.650337 -0.0816431 1.4452 -14.1047 -0.321863 2.45414 -0.221724 -4.14735 3.60751 3.22988 -12.8634 -0.183966 -0.565204 -2.09425 0.580943 6.59099 4.70594 -14.3031 4.99065 -2.07094 -5.76892 3.02635 8.10973 4.9221 -10.8117 5.33431 -5.11675 -1.64526
95.01 -0.277746 5.39744 5.18919 -13.9863 4.29161 -0.516233 -5.13577 4.50444 4.11839 1.32055 -15.2857 4.54243 0.773501 -1.3537 3.09256 1.77941 0.860171 -14.9106 2.75768 2.52725 0.756645 -0.227071 -0.14728 1.389 -14.2074 -0.126684 2.60752 0.0518667 -3.92067 3.21246 2.88126 -12.9001 -0.342091 -0.175252 -1.79607 -0.355471 6.31589 4.84173 -14.1428 4.42461 -2.06496 -5.82455 2.78105 8.33097 5.00517 -10.8955 5.37127 -5.3876 -2.08868
95.06 -2.06226 5.20442 5.65402 -13.8125 3.5492 -0.755087 -5.32701 4.497 4.50971 1.59474 -15.3573 4.71223 0.387616 -1.91571 3.52845 2.19499 0.762395 -14.9335 3.21595 2.27944 0.608854 0.261167 -0.122671 1.31357 -14.3016 0.167396 2.72308 0.311557 -3.64814 2.80245 2.56785 -12.9621 -0.476086 0.206747 -1.50367 -1.27801 5.92313 4.85566 -13.9857 3.70754 -2.00145 -5.77265 2.50227 8.5273 5.0773 -10.9796 5.37629 -5.64413 -2.54329
95.11 -3.67033 4.92989 5.84032 -13.6589 2.76998 -0.861072 -5.35894 4.34751 4.88262 1.96118 -15.3931 4.85305 -0.00172098 -2.55615 3.9027 2.60881 0.692186 -14.9522 3.6034 1.98282 0.398049 0.82083 0.00193302 1.21737 -14.3869 0.57877 2.7995 0.545096 -3.34416 2.38548 2.29876 -13.0462 -0.587703 0.575379 -1.21063 -2.05095 5.47711 4.72123 -13.8424 2.98219 -1.85178 -5.58291 2.17428 8.69367 5.15217 -11.0578 5.3423 -5.88569 -2.99758
95.16 -4.95115 4.65178 5.7843 -13.5304 2.11215 -0.829885 -5.23643 4.05656 5.23343 2.40393 -15.3904 4.96685 -0.387612 -3.2308 4.22165 3.02095 0.664611 -14.9694 3.92904 1.65188 0.142135 1.4358 0.224756 1.10277 -14.4633 1.10129 2.83072 0.735657 -3.01214 1.97619 2.07641 -13.1482 -0.677437 0.922842 -0.911622 -2.60869 5.02375 4.44294 -13.7216 2.34078 -1.61027 -5.26104 1.78602 8.82143 5.24254 -11.1227 5.25613 -6.11123 -3.43118
95.21 -5.93624 4.3774 5.54609 -13.4284 1.57595 -0.692438 -5.01014 3.62119 5.55778 2.89182 -15.3519 5.05233 -0.761444 -3.90014 4.48756 3.43146 0.697392 -14.988 4.20308 1.29701 -0.147427 2.06013 0.525059 0.974436 -14.531 1.68831 2.80423 0.860318 -2.65257 1.59057 1.89538 -13.2628 -0.744095 1.24103 -0.60505 -2.94452 4.5799 4.05723 -13.6285 1.80234 -1.29832 -4.85015 1.32229 8.89659 5.35483 -11.166 5.09616 -6.31872 -3.82274
95.26 -6.66793 4.09996 5.17877 -13.3535 1.13514 -0.481025 -4.72893 3.04411 5.84835 3.38812 -15.2815 5.10159 -1.11371 -4.53615 4.69703 3.83802 0.808158 -15.009 4.43441 0.924647 -0.465758 2.64331 0.8714 0.837847 -14.5902 2.27209 2.70562 0.897025 -2.26792 1.24359 1.74356 -13.3848 -0.784246 1.52381 -0.294423 -3.07445 4.14764 3.61722 -13.5653 1.35547 -0.942843 -4.39768 0.758879 8.89786 5.48795 -11.1803 4.82997 -6.50389 -4.15209
95.31 -7.16616 3.81177 4.72585 -13.306 0.767344 -0.218346 -4.42522 2.34421 6.09075 3.86109 -15.1821 5.09338 -1.43479 -5.11846 4.84161 4.23645 1.00869 -15.0288 4.63021 0.539061 -0.811526 3.15946 1.23757 0.698729 -14.6414 2.80211 2.5297 0.839643 -1.86073 0.948536 1.60631 -13.5094 -0.791543 1.76835 0.0135174 -3.03542 3.7227 3.17386 -13.5319 0.984575 -0.562797 -3.9365 0.0691419 8.79875 5.63603 -11.1622 4.42055 -6.65764 -4.39824
95.36 -7.43109 3.50689 4.22413 -13.2863 0.456503 0.0809148 -4.11805 1.54109 6.25751 4.28658 -15.0545 4.98281 -1.71508 -5.62932 4.90866 4.62241 1.29854 -15.0404 4.79617 0.144331 -1.18424 3.60711 1.60831 0.563149 -14.6855 3.25908 2.28574 0.703202 -1.43013 0.716509 1.4713 -13.6329 -0.755728 1.97498 0.311828 -2.88281 3.29866 2.7638 -13.5272 0.677117 -0.168444 -3.48457 -0.74125 8.58457 5.79098 -11.1148 3.86112 -6.76186 -4.53568
95.41 -7.46072 3.18057 3.70524 -13.2942 0.19113 0.406563 -3.81806 0.630728 6.30443 4.64301 -14.8994 4.69643 -1.94342 -6.04849 4.88021 4.9924 1.66237 -15.0371 4.93672 -0.254297 -1.58441 3.99541 1.97679 0.438051 -14.7238 3.64469 1.99056 0.512062 -0.969986 0.557095 1.33118 -13.7525 -0.661168 2.14615 0.594939 -2.66959 2.87179 2.40783 -13.5495 0.424072 0.235203 -3.04953 -1.59477 8.27767 5.94383 -11.0452 3.21915 -6.79036 -4.5368
95.46 -7.27453 2.82809 3.19463 -13.3286 -0.0372145 0.749767 -3.53102 -0.384188 6.19037 4.90399 -14.7213 4.17426 -2.10235 -6.34697 4.73278 5.34384 2.07389 -15.0149 5.05504 -0.650091 -2.01444 4.33476 2.3412 0.331882 -14.7582 3.96853 1.65982 0.286318 -0.468227 0.480595 1.18317 -13.8664 -0.485233 2.28519 0.858578 -2.4281 2.44489 2.11488 -13.5965 0.219142 0.644924 -2.63248 -2.39059 7.92432 6.08569 -10.962 2.59574 -6.72594 -4.3936
95.51 -6.92182 2.44818 2.71078 -13.387 -0.234916 1.1007 -3.25984 -1.39732 5.93338 5.0402 -14.5304 3.48052 -2.16361 -6.48413 4.44693 5.67462 2.50531 -14.9732 5.15276 -1.0355 -2.47277 4.63322 2.70286 0.25509 -14.7905 4.24109 1.30437 0.0366982 0.0917794 0.499897 1.02751 -13.9733 -0.198573 2.39481 1.09862 -2.16974 2.02588 1.88537 -13.6648 0.0583416 1.0568 -2.23034 -3.07907 7.55931 6.20811 -10.8724 2.04722 -6.57704 -4.1347
95.56 -6.46525 2.04911 2.26687 -13.4652 -0.406886 1.44783 -3.00578 -2.25726 5.60237 5.03677 -14.3398 2.77562 -2.10244 -6.43113 4.02281 5.98229 2.93616 -14.9134 5.22915 -1.40311 -2.945 4.89571 3.06497 0.220451 -14.8217 4.47145 0.930735 -0.23354 0.722079 0.627536 0.866159 -14.0724 0.225952 2.47525 1.30895 -1.89347 1.62407 1.71301 -13.7496 -0.0598667 1.46501 -1.83755 -3.65746 7.19929 6.30253 -10.7821 1.5822 -6.36849 -3.80633
95.61 -5.96031 1.64557 1.8718 -13.5579 -0.5569 1.77928 -2.76912 -2.91138 5.244 4.9009 -14.1614 2.15454 -1.92477 -6.20773 3.48028 6.26284 3.35403 -14.8371 5.27951 -1.74622 -3.40898 5.12358 3.43104 0.243047 -14.8508 4.66697 0.543062 -0.524414 1.40752 0.863461 0.702311 -14.163 0.787022 2.52132 1.4778 -1.59245 1.24846 1.58681 -13.8457 -0.134001 1.86207 -1.44853 -4.13992 6.85092 6.36008 -10.6954 1.1906 -6.12474 -3.44719
95.66 -5.44698 1.25159 1.52965 -13.6596 -0.687799 2.08462 -2.54958 -3.37447 4.87427 4.65351 -14.0042 1.63246 -1.66191 -5.86994 2.84678 6.50849 3.74996 -14.745 5.29174 -2.05882 -3.84497 5.31365 3.80222 0.338978 -14.875 4.83351 0.145216 -0.836216 2.09297 1.18324 0.540466 -14.2446 1.43036 2.51948 1.58439 -1.25868 0.90799 1.49281 -13.9475 -0.15862 2.23992 -1.06164 -4.54174 6.51664 6.3721 -10.6154 0.859643 -5.86345 -3.08097
95.71 -4.95015 0.878354 1.23991 -13.7654 -0.801624 2.35628 -2.34655 -3.66858 4.49677 4.32327 -13.8737 1.19631 -1.34612 -5.47263 2.14332 6.70421 4.11588 -14.6366 5.24054 -2.33506 -4.23796 5.45696 4.17562 0.521369 -14.8901 4.97577 -0.257763 -1.16853 2.71808 1.54942 0.38653 -14.317 2.07299 2.45071 1.60344 -0.885062 0.612588 1.41532 -14.0504 -0.123264 2.59102 -0.681473 -4.87411 6.19714 6.33146 -10.5447 0.578331 -5.59593 -2.71927
95.76 -4.4828 0.534666 0.998826 -13.8716 -0.89972 2.59002 -2.15923 -3.80925 4.11124 3.94386 -13.7728 0.830059 -0.999843 -5.05413 1.37022 6.82316 4.44364 -14.5105 5.08012 -2.56834 -4.57516 5.5384 4.54572 0.794242 -14.8923 5.09751 -0.659312 -1.52105 3.2564 1.93331 0.24799 -14.3797 2.65358 2.30299 1.52224 -0.463393 0.374259 1.33897 -14.151 -0.0115775 2.90883 -0.316785 -5.14308 5.89239 6.23398 -10.4848 0.33793 -5.32915 -2.36599
95.81 -4.0499 0.227448 0.800884 -13.9754 -0.982824 2.78497 -1.98675 -3.81454 3.71516 3.54956 -13.7028 0.520754 -0.636428 -4.63775 0.504693 6.82584 4.72283 -14.3667 4.74463 -2.7494 -4.84196 5.53776 4.90689 1.14816 -14.8797 5.20178 -1.05203 -1.89547 3.7112 2.32087 0.134273 -14.4329 3.14952 2.08102 1.3521 0.0180081 0.207698 1.25208 -14.2469 0.198549 3.18745 0.0227821 -5.34948 5.60204 6.07953 -10.4366 0.131579 -5.0673 -2.02022
95.86 -3.65163 -0.0384996 0.640005 -14.075 -1.05115 2.94296 -1.8282 -3.7138 3.30445 3.16967 -13.6633 0.258743 -0.263628 -4.23669 -0.455004 6.68083 4.93733 -14.2089 4.1916 -2.86186 -5.01574 5.43165 5.25466 1.5616 -14.8518 5.2909 -1.42873 -2.29562 4.09581 2.70797 0.057099 -14.4769 3.56378 1.80097 1.1182 0.570199 0.128495 1.14874 -14.3364 0.529964 3.42039 0.327065 -5.48916 5.32558 5.87227 -10.4002 -0.0461656 -4.81288 -1.67812
95.91 -3.28556 -0.260954 0.510254 -14.1692 -1.10448 3.0677 -1.6827 -3.54354 2.87797 2.82563 -13.6533 0.0368856 0.113137 -3.85783 -1.41233 6.41049 5.06675 -14.0446 3.49188 -2.87873 -5.06213 5.20019 5.58577 2.00846 -14.8098 5.36641 -1.78314 -2.72113 4.42226 3.09524 0.0306534 -14.513 3.90852 1.47973 0.843372 1.18833 0.145303 1.02818 -14.4189 0.989273 3.59837 0.582803 -5.55407 5.06251 5.6197 -10.3755 -0.199678 -4.5673 -1.33479
95.96 -2.94803 -0.440072 0.406233 -14.2575 -1.14222 3.16395 -1.5494 -3.33534 2.44283 2.53137 -13.6707 -0.150163 0.488495 -3.50423 -2.23764 6.07676 5.09642 -13.8829 2.79108 -2.77685 -4.95603 4.83674 5.89758 2.46635 -14.7551 5.42881 -2.11 -3.15997 4.69729 3.48385 0.0710939 -14.5422 4.19653 1.12965 0.541511 1.83497 0.248362 0.892525 -14.4939 1.54328 3.70724 0.770713 -5.53508 4.81229 5.33074 -10.362 -0.332503 -4.33128 -0.987323
96.01 -2.63482 -0.57757 0.323243 -14.3395 -1.16345 3.23686 -1.42748 -3.11053 2.01153 2.29326 -13.7121 -0.306429 0.856044 -3.17663 -2.886 5.72062 5.0227 -13.7324 2.17409 -2.56258 -4.71546 4.34915 6.18717 2.91874 -14.689 5.4769 -2.40484 -3.59349 4.92165 3.87258 0.194141 -14.5653 4.43852 0.758581 0.218998 2.45401 0.410887 0.744812 -14.5617 2.12367 3.7304 0.868979 -5.42518 4.57446 5.01362 -10.3588 -0.447513 -4.10511 -0.63749
96.06 -2.34159 -0.675911 0.257316 -14.4152 -1.16694 3.29139 -1.31621 -2.88268 1.596 2.10997 -13.773 -0.434945 1.20822 -2.87435 -3.37048 5.35572 4.84967 -13.6 1.65445 -2.26696 -4.39088 3.75716 6.45009 3.35268 -14.6118 5.50619 -2.66372 -4.00519 5.09129 4.2575 0.40995 -14.5819 4.64291 0.371909 -0.121826 3.0078 0.606284 0.587983 -14.6231 2.66742 3.65896 0.867211 -5.22029 4.3486 4.67516 -10.3649 -0.546995 -3.88881 -0.291206
96.11 -2.06392 -0.737763 0.205172 -14.4848 -1.15119 3.33188 -1.21494 -2.66005 1.20558 1.97459 -13.8481 -0.538034 1.53698 -2.59587 -3.71034 4.98448 4.58731 -13.4907 1.21941 -1.92235 -4.03079 3.08828 6.67839 3.75813 -14.5229 5.5058 -2.88327 -4.38308 5.19959 4.63384 0.717113 -14.59 4.81622 -0.0253875 -0.479735 3.48848 0.819046 0.424815 -14.6793 3.14345 3.50011 0.7767 -4.91815 4.13444 4.32214 -10.3794 -0.632649 -3.68219 0.0446953
96.16 -1.7974 -0.765602 0.164145 -14.5483 -1.11427 3.36181 -1.12309 -2.44669 0.847546 1.8778 -13.9324 -0.617506 1.83507 -2.33918 -3.91478 4.6066 4.25301 -13.4082 0.853224 -1.55159 -3.66755 2.36568 6.85763 4.12807 -14.4199 5.45318 -3.06083 -4.71805 5.23804 4.99756 1.09967 -14.5876 4.96357 -0.427495 -0.853187 3.90449 1.04343 0.258312 -14.7324 3.54738 3.2727 0.622776 -4.5193 3.93195 3.96251 -10.4011 -0.705462 -3.48496 0.364871
96.21 -1.53748 -0.7614 0.132098 -14.6062 -1.0538 3.38378 -1.0402 -2.24344 0.527961 1.8103 -14.0213 -0.674779 2.09734 -2.10197 -3.98725 4.22123 3.8722 -13.3545 0.543016 -1.16822 -3.31915 1.59216 6.96283 4.45707 -14.3003 5.30701 -3.19431 -5.00145 5.19449 5.34579 1.52976 -14.5739 5.0889 -0.827724 -1.24085 4.26792 1.27889 0.0921363 -14.7852 3.88685 2.9974 0.430233 -4.0305 3.74157 3.6047 -10.4291 -0.765358 -3.29675 0.666082
96.26 -1.27927 -0.726364 0.107346 -14.6588 -0.96671 3.39963 -0.965956 -2.04903 0.251863 1.76413 -14.1112 -0.710908 2.32145 -1.88174 -3.93784 3.82644 3.47477 -13.3302 0.279135 -0.779392 -2.99415 0.743769 6.95592 4.73788 -14.1629 5.0039 -3.28063 -5.22253 5.0524 5.67662 1.97503 -14.5494 5.19512 -1.21933 -1.64352 4.58924 1.52675 -0.0691601 -14.841 4.17219 2.69076 0.215503 -3.46672 3.56468 3.25611 -10.4624 -0.81044 -3.11719 0.946819
96.31 -1.0173 -0.660718 0.0885896 -14.7063 -0.848979 3.41049 -0.900231 -1.86092 0.0226931 1.73296 -14.1995 -0.726551 2.5079 -1.67586 -3.79182 3.41851 3.08884 -13.3352 0.054459 -0.388771 -2.69559 -0.199328 6.79886 4.95677 -14.0107 4.48646 -3.31161 -5.36406 4.79542 5.98872 2.40736 -14.5156 5.284 -1.59646 -2.06505 4.87617 1.78827 -0.220095 -14.9025 4.4128 2.36409 -0.0140514 -2.84814 3.40446 2.92231 -10.5001 -0.835517 -2.94591 1.20671
96.36 -0.745108 -0.563471 0.0748737 -14.749 -0.695273 3.41689 -0.843192 -1.67572 -0.158351 1.71201 -14.2843 -0.72188 2.65936 -1.48159 -3.58437 2.99502 2.73616 -13.3685 -0.136295 0.0010043 -2.42337 -1.17053 6.49798 5.09107 -13.851 3.79133 -3.26764 -5.39619 4.41823 6.28074 2.8098 -14.4739 5.35578 -1.95457 -2.50763 5.1341 2.06391 -0.354286 -14.9706 4.61642 2.02428 -0.257506 -2.19262 3.26743 2.60742 -10.5413 -0.829503 -2.78265 1.44596
96.41 -0.454841 -0.432154 0.0655658 -14.7871 -0.498511 3.41873 -0.795467 -1.4893 -0.292157 1.69775 -14.3646 -0.696426 2.77987 -1.29596 -3.34613 2.56102 2.4316 -13.4283 -0.297082 0.386257 -2.17564 -2.03344 6.11337 5.11671 -13.6935 3.06052 -3.12338 -5.28648 3.93563 6.55063 3.17916 -14.4252 5.40833 -2.2904 -2.96276 5.36655 2.3536 -0.464376 -15.0434 4.78925 1.67497 -0.51662 -1.50622 3.16597 2.31527 -10.585 -0.771174 -2.62741 1.66485
96.46 -0.136937 -0.262586 0.0603769 -14.821 -0.249557 3.41518 -0.758477 -1.29671 -0.380676 1.68752 -14.4398 -0.648836 2.87417 -1.11578 -3.09552 2.12857 2.18305 -13.5112 -0.430832 0.761193 -1.94956 -2.71652 5.69745 5.0194 -13.5477 2.40317 -2.87418 -5.03618 3.37427 6.79456 3.52141 -14.3689 5.43558 -2.60151 -3.41257 5.57547 2.65769 -0.541732 -15.1168 4.93627 1.31786 -0.792759 -0.774343 3.12211 2.05137 -10.63 -0.622849 -2.48068 1.86319
96.51 0.219494 -0.0489456 0.0594432 -14.8506 0.0623515 3.40424 -0.735066 -1.09181 -0.425788 1.67922 -14.5095 -0.576496 2.94697 -0.937544 -2.84206 1.71072 1.99076 -13.6126 -0.539584 1.11799 -1.74175 -3.21855 5.27299 4.79878 -13.4215 1.84772 -2.54482 -4.68829 2.75584 7.00527 3.84279 -14.3035 5.42464 -2.88569 -3.83882 5.76113 2.97836 -0.575723 -15.1854 5.06156 0.954019 -1.08597 0.0430907 3.17161 1.82618 -10.6744 -0.324421 -2.34433 2.03911
96.56 0.624195 0.215173 0.063513 -14.8761 0.446971 3.38202 -0.73068 -0.866865 -0.42848 1.67091 -14.5737 -0.474955 3.00242 -0.757549 -2.59087 1.31859 1.84868 -13.727 -0.624605 1.448 -1.5484 -3.55191 4.84704 4.47021 -13.3201 1.38443 -2.16816 -4.29447 2.08752 7.16926 4.1448 -14.2254 5.35113 -3.14022 -4.22654 5.92132 3.32068 -0.552365 -15.2437 5.16852 0.585348 -1.39574 0.990401 3.35708 1.66071 -10.7151 0.190848 -2.22371 2.18621
96.61 1.07942 0.533677 0.0742985 -14.8972 0.906195 3.34135 -0.75527 -0.612264 -0.388138 1.66036 -14.6325 -0.337113 3.04368 -0.572447 -2.34403 0.96159 1.74752 -13.8488 -0.686489 1.74365 -1.36537 -3.72179 4.42039 4.06467 -13.2466 0.996635 -1.76912 -3.89224 1.35727 7.26323 4.4244 -14.1301 5.17313 -3.36058 -4.56222 6.04956 3.69017 -0.452739 -15.286 5.26 0.216349 -1.72245 2.02659 3.68523 1.59023 -10.7472 0.912606 -2.13295 2.28695
96.66 1.5713 0.903287 0.0950249 -14.9135 1.42417 3.27053 -0.825114 -0.316663 -0.301826 1.64453 -14.686 -0.152315 3.07268 -0.380596 -2.10068 0.64798 1.67746 -13.9729 -0.725175 2.0002 -1.18812 -3.73467 3.99045 3.62283 -13.2019 0.670174 -1.36256 -3.50305 0.536469 7.25292 4.67465 -14.0138 4.83115 -3.53817 -4.8301 6.13224 4.085 -0.254511 -15.3079 5.33843 -0.144846 -2.06886 2.99386 4.09821 1.6509 -10.7651 1.70354 -2.0995 2.30781
96.71 2.06849 1.31164 0.131123 -14.9245 1.96449 3.15441 -0.961091 0.0319834 -0.163825 1.61915 -14.7344 0.0940002 3.08976 -0.18404 -1.85722 0.384538 1.6296 -14.0951 -0.739811 2.21638 -1.0117 -3.61458 3.55264 3.18484 -13.1856 0.394624 -0.956174 -3.1371 -0.383253 7.10976 4.88384 -13.8766 4.28371 -3.6558 -5.00685 6.14788 4.49346 0.0593254 -15.3064 5.40584 -0.487446 -2.43991 3.77051 4.5351 1.85516 -10.7642 2.43028 -2.15324 2.21565
96.76 2.53485 1.74221 0.190943 -14.929 2.48409 2.98074 -1.17942 0.44396 0.0336954 1.57929 -14.778 0.41831 3.09308 0.00983514 -1.6075 0.175668 1.59642 -14.2123 -0.728412 2.394 -0.830978 -3.40411 3.10468 2.78231 -13.1967 0.162581 -0.553663 -2.79772 -1.32089 6.85144 5.03648 -13.7243 3.58854 -3.68416 -5.058 6.07492 4.8999 0.488995 -15.2809 5.46387 -0.800737 -2.83704 4.32098 4.9673 2.18366 -10.743 3.04256 -2.30243 2.00867
96.81 2.94401 2.18148 0.286458 -14.9254 2.95263 2.74789 -1.48029 0.921891 0.297351 1.52127 -14.8168 0.831591 3.07738 0.187534 -1.34303 0.0233396 1.57143 -14.3222 -0.687236 2.53696 -0.641074 -3.14681 2.65191 2.43619 -13.2335 -0.0311768 -0.157061 -2.48416 -2.15254 6.5362 5.11995 -13.5661 2.88273 -3.5945 -4.9555 5.90114 5.28927 1.01295 -15.2331 5.5138 -1.07681 -3.25089 4.643 5.38474 2.59324 -10.7046 3.54331 -2.52962 1.71659
96.86 3.28193 2.62134 0.433931 -14.9112 3.35891 2.4652 -1.84711 1.45101 0.625996 1.44489 -14.8513 1.32561 3.03244 0.329134 -1.05345 -0.0715302 1.54854 -14.4231 -0.609832 2.65019 -0.438614 -2.87245 2.2054 2.1565 -13.294 -0.19031 0.231777 -2.19323 -2.82732 6.20655 5.12917 -13.411 2.25587 -3.38604 -4.71207 5.61876 5.64835 1.59172 -15.1664 5.55642 -1.31202 -3.66481 4.74728 5.78397 3.03177 -10.657 3.95191 -2.80862 1.37436
96.91 3.54023 3.05705 0.654009 -14.8832 3.70466 2.14638 -2.25609 1.99621 1.00609 1.35418 -14.8816 1.86423 2.94325 0.410085 -0.727524 -0.107131 1.52122 -14.5144 -0.48583 2.73857 -0.223549 -2.5963 1.77621 1.94274 -13.3756 -0.317294 0.610127 -1.92022 -3.35636 5.87682 5.06427 -13.2665 1.7264 -3.08665 -4.37637 5.21631 5.96638 2.17874 -15.0851 5.59182 -1.50689 -4.06362 4.66647 6.16368 3.45385 -10.6119 4.28718 -3.11706 1.00561
96.96 3.70824 3.48446 0.969907 -14.8376 3.99668 1.80348 -2.68518 2.51762 1.41669 1.25673 -14.9086 2.39681 2.79548 0.409466 -0.353528 -0.0791524 1.48245 -14.5956 -0.299879 2.80609 -0.000294571 -2.32355 1.373 1.78678 -13.4744 -0.413589 0.973755 -1.65954 -3.76335 5.54704 4.92707 -13.1383 1.283 -2.73019 -3.9985 4.68722 6.23613 2.73425 -14.9926 5.61872 -1.6649 -4.43677 4.45744 6.52323 3.82994 -10.5821 4.56317 -3.43907 0.621266
97.01 3.7661 3.89895 1.40218 -14.7703 4.24211 1.44497 -3.11754 2.98981 1.83978 1.16253 -14.934 2.88407 2.58454 0.321462 0.0807503 0.0198889 1.42617 -14.6671 -0.0317896 2.85491 0.222849 -2.05258 1.00242 1.6769 -13.5857 -0.479592 1.31698 -1.40508 -4.06404 5.21268 4.72013 -13.0305 0.909825 -2.34305 -3.61272 4.04716 6.4537 3.23445 -14.8908 5.63297 -1.79103 -4.77754 4.18367 6.86211 4.14687 -10.5761 4.78953 -3.76418 0.22456
97.06 3.67597 4.29556 1.96021 -14.6779 4.44611 1.07638 -3.54157 3.40452 2.26528 1.08347 -14.9622 3.30925 2.31806 0.156244 0.584873 0.199017 1.34947 -14.7294 0.339028 2.88432 0.434582 -1.77698 0.670248 1.60092 -13.7042 -0.514301 1.63348 -1.15048 -4.26302 4.86971 4.44854 -12.9465 0.593466 -1.94257 -3.23779 3.33344 6.61624 3.67139 -14.7794 5.62472 -1.89042 -5.08117 3.89503 7.17988 4.40334 -10.5963 4.97287 -4.08564 -0.183277
97.11 3.37142 4.66824 2.63337 -14.5586 4.60934 0.702077 -3.94953 3.76216 2.68957 1.03358 -15.0014 3.67208 2.00968 -0.0722378 1.15444 0.462362 1.25358 -14.7832 0.81968 2.88896 0.619742 -1.48706 0.382639 1.54744 -13.8248 -0.514617 1.91753 -0.890068 -4.35712 4.51638 4.12336 -12.8886 0.323651 -1.53891 -2.88188 2.58162 6.71763 4.04634 -14.6569 5.57357 -1.96745 -5.34321 3.6198 7.47625 4.60489 -10.6399 5.11803 -4.39912 -0.600092
97.16 2.76553 5.00606 3.38765 -14.4134 4.72084 0.327428 -4.33591 4.06342 3.11165 1.02935 -15.0624 3.97918 1.67209 -0.358639 1.75783 0.799682 1.14326 -14.8289 1.38423 2.85688 0.757225 -1.17179 0.147121 1.50581 -13.9433 -0.474302 2.16502 -0.620834 -4.343 4.15253 3.76327 -12.8581 0.092614 -1.13727 -2.5466 1.80193 6.74336 4.36207 -14.5213 5.44221 -2.02481 -5.5582 3.36684 7.75113 4.76016 -10.7016 5.22888 -4.70191 -1.02336
97.21 1.80059 5.28024 4.17001 -14.2467 4.7348 -0.0388835 -4.69498 4.30333 3.52976 1.089 -15.1485 4.23845 1.31429 -0.709075 2.34512 1.18611 1.02561 -14.8672 1.9744 2.77091 0.822021 -0.820364 -0.0269734 1.46542 -14.0567 -0.382753 2.37397 -0.344663 -4.22675 3.77765 3.39189 -12.8556 -0.105518 -0.739761 -2.22978 0.972874 6.66661 4.61618 -14.3725 5.17219 -2.06215 -5.71845 3.13015 8.00447 4.87875 -10.776 5.3085 -4.99233 -1.45256
97.26 0.450869 5.41366 4.90634 -14.0668 4.51566 -0.380636 -5.01458 4.4655 3.94021 1.2294 -15.2456 4.45703 0.941975 -1.13597 2.87803 1.59549 0.909032 -14.8986 2.53125 2.61742 0.796814 -0.421855 -0.128601 1.416 -14.163 -0.223951 2.54425 -0.0682539 -4.02808 3.38944 3.0321 -12.8806 -0.275162 -0.347224 -1.92707 0.0656132 6.45526 4.79441 -14.214 4.70089 -2.07292 -5.81103 2.89259 8.23585 4.97045 -10.858 5.3586 -5.26935 -1.89068
97.31 -1.26992 5.30955 5.48178 -13.8875 3.90291 -0.663324 -5.2594 4.5176 4.3384 1.46154 -15.3295 4.64077 0.559323 -1.65498 3.3434 2.01103 0.803091 -14.924 3.02204 2.39618 0.683298 0.0361482 -0.14547 1.34957 -14.261 0.0234552 2.67657 0.198947 -3.77329 2.98563 2.70163 -12.9317 -0.419567 0.0387814 -1.6329 -0.880573 6.10763 4.86676 -14.0542 4.03478 -2.03873 -5.81128 2.63111 8.44365 5.04587 -10.9427 5.37834 -5.53229 -2.34096
97.36 -2.99714 5.05381 5.79111 -13.724 3.10344 -0.832066 -5.36586 4.43121 4.71993 1.78809 -15.382 4.79407 0.170782 -2.26547 3.74405 2.42574 0.718994 -14.9443 3.44 2.11923 0.497946 0.564386 -0.0658908 1.26247 -14.3502 0.381593 2.77072 0.4458 -3.48232 2.57019 2.41217 -13.0064 -0.540953 0.414192 -1.34092 -1.7332 5.67751 4.79964 -13.9035 3.29654 -1.92986 -5.68475 2.32635 8.62412 5.11776 -11.0243 5.36285 -5.78058 -2.79759
97.41 -4.42323 4.77433 5.83512 -13.5841 2.38721 -0.858959 -5.30686 4.20301 5.08099 2.20011 -15.3963 4.91975 -0.217611 -2.93053 4.08691 2.83853 0.670477 -14.9618 3.79174 1.80194 0.260162 1.15895 0.114824 1.15554 -14.4306 0.858175 2.82313 0.657891 -3.16268 2.15552 2.16931 -13.1011 -0.640417 0.772072 -1.04503 -2.38933 5.22392 4.58224 -13.7719 2.61217 -1.72761 -5.41765 1.96624 8.77035 5.2 -11.0961 5.30189 -6.01339 -3.24305
97.46 -5.5332 4.49884 5.67045 -13.4703 1.80015 -0.764168 -5.1197 3.83205 5.41772 2.6725 -15.3731 5.01825 -0.597927 -3.60631 4.3764 3.24989 0.674237 -14.9795 4.08744 1.45668 -0.0154381 1.78599 0.384447 1.03264 -14.5021 1.42465 2.82408 0.814827 -2.81514 1.75749 1.97114 -13.2108 -0.717574 1.10415 -0.741678 -2.82251 4.77501 4.2381 -13.6661 2.02862 -1.44336 -5.03987 1.53836 8.87096 5.30231 -11.15 5.17795 -6.22923 -3.65577
97.51 -6.37321 4.22377 5.35444 -13.3833 1.32024 -0.582127 -4.85783 3.31636 5.72449 3.16945 -15.3164 5.08518 -0.960938 -4.25994 4.61164 3.65865 0.748496 -14.9995 4.3367 1.09146 -0.321315 2.3924 0.714224 0.89901 -14.565 2.01785 2.75887 0.892537 -2.44121 1.39164 1.80815 -13.3302 -0.770059 1.40317 -0.432133 -3.04048 4.33789 3.81533 -13.5896 1.54318 -1.10424 -4.60076 1.02264 8.90809 5.42671 -11.1779 4.96348 -6.42504 -4.01515
97.56 -6.97393 3.94119 4.93457 -13.3236 0.922421 -0.339953 -4.56107 2.66782 5.99069 3.65613 -15.2297 5.1063 -1.29701 -4.86826 4.78628 4.06125 0.908466 -15.0205 4.54746 0.711259 -0.655006 2.93958 1.07413 0.760294 -14.6197 2.57584 2.61687 0.876112 -2.04384 1.07207 1.6662 -13.4542 -0.792915 1.66478 -0.122098 -3.07025 3.91045 3.36794 -13.5431 1.1404 -0.733364 -4.14043 0.391326 8.8566 5.56907 -11.1742 4.6214 -6.59431 -4.30095
97.61 -7.34288 3.64432 4.45026 -13.2916 0.587997 -0.0554519 -4.25372 1.90921 6.19545 4.1053 -15.1145 5.04856 -1.59659 -5.41301 4.88952 4.45322 1.15977 -15.0367 4.72602 0.320022 -1.01582 3.41677 1.4441 0.622357 -14.6668 3.06586 2.40118 0.771859 -1.62402 0.810891 1.53143 -13.5785 -0.777769 1.888 0.18126 -2.96068 3.48676 2.93969 -13.5259 0.806141 -0.344506 -3.68296 -0.370677 8.6932 5.72206 -11.139 4.12496 -6.7234 -4.49008
97.66 -7.4761 3.32808 3.93543 -13.2873 0.303675 0.259612 -3.94961 1.04833 6.30171 4.49515 -14.9713 4.8503 -1.84957 -5.87568 4.90602 4.83065 1.49359 -15.0408 4.87736 -0.0776279 -1.40362 3.83002 1.81404 0.491676 -14.7075 3.48213 2.12654 0.601995 -1.1781 0.618145 1.39415 -13.7001 -0.711577 2.07449 0.471693 -2.76889 3.06123 2.55806 -13.5365 0.529914 0.0554568 -3.23998 -1.21849 8.42215 5.87696 -11.0782 3.50682 -6.78869 -4.55445
97.71 -7.38107 2.98772 3.41847 -13.3102 0.0598199 0.596152 -3.65634 0.0746489 6.26157 4.80213 -14.8025 4.43454 -2.04209 -6.23205 4.81432 5.19058 1.88758 -15.0272 5.00522 -0.475584 -1.82012 4.18988 2.18024 0.37596 -14.7433 3.832 1.80991 0.389687 -0.696645 0.503491 1.24974 -13.8168 -0.574973 2.22736 0.744438 -2.53745 2.63357 2.23668 -13.5729 0.304296 0.462885 -2.81513 -2.04979 8.08386 6.02475 -11 2.86458 -6.766 -4.47378
97.76 -7.09462 2.61957 2.92087 -13.3584 -0.150773 0.94499 -3.3779 -0.959889 6.06057 4.99676 -14.6157 3.79865 -2.15057 -6.44595 4.59118 5.53077 2.31328 -14.9941 5.11199 -0.866536 -2.26685 4.50566 2.54281 0.284722 -14.7763 4.12605 1.46438 0.149892 -0.164568 0.47862 1.09731 -13.9269 -0.341229 2.34978 0.995507 -2.28615 2.20993 1.97948 -13.6322 0.12429 0.8744 -2.40696 -2.78818 7.72105 6.15682 -10.9125 2.27969 -6.65197 -4.26074
97.81 -6.67644 2.22737 2.45791 -13.4284 -0.333614 1.2953 -3.11618 -1.90112 5.75421 5.05549 -14.4233 3.08073 -2.14512 -6.47808 4.22681 5.84905 2.7463 -14.942 5.19812 -1.2429 -2.73548 4.78369 2.90426 0.229677 -14.808 4.3741 1.0982 -0.111312 0.434202 0.557135 0.938163 -14.0295 0.0198859 2.44338 1.22002 -2.01843 1.79936 1.78293 -13.7103 -0.0127715 1.28508 -2.0108 -3.41404 7.35759 6.26472 -10.8219 1.77838 -6.46653 -3.95755
97.86 -6.18703 1.82392 2.04041 -13.5154 -0.492952 1.63511 -2.87182 -2.64664 5.40465 4.97631 -14.2382 2.41721 -2.01611 -6.32446 3.73349 6.14228 3.17113 -14.8728 5.26096 -1.59764 -3.20584 5.02699 3.26822 0.224937 -14.8383 4.58425 0.716298 -0.39298 1.09985 0.746582 0.774946 -14.1239 0.523862 2.50581 1.40923 -1.72939 1.41106 1.63786 -13.8021 -0.106842 1.68807 -1.62065 -3.93699 7.00359 6.33971 -10.7331 1.35586 -6.23576 -3.60824
97.91 -5.67351 1.42416 1.67463 -13.6138 -0.632022 1.95314 -2.64476 -3.19131 5.03909 4.77517 -14.0708 1.85214 -1.78661 -6.02985 3.13697 6.40471 3.5778 -14.7877 5.29226 -1.92448 -3.65633 5.23454 3.63725 0.286456 -14.8652 4.76299 0.322429 -0.69552 1.79373 1.03364 0.611571 -14.2096 1.14054 2.52741 1.54653 -1.41105 1.05388 1.53146 -13.902 -0.154365 2.07541 -1.23261 -4.37285 6.66292 6.3729 -10.6498 0.999531 -5.98052 -3.24311
97.96 -5.16715 1.04053 1.36198 -13.7183 -0.753206 2.24044 -2.4345 -3.55806 4.66492 4.47771 -13.9279 1.38 -1.49086 -5.65313 2.46294 6.62506 3.95799 -14.6867 5.27342 -2.21757 -4.07001 5.40008 4.01026 0.429365 -14.8848 4.91548 -0.0790025 -1.01883 2.45121 1.38368 0.453308 -14.2861 1.79324 2.49055 1.60714 -1.05594 0.73718 1.44864 -14.005 -0.147229 2.43923 -0.84854 -4.73493 6.33685 6.35631 -10.5748 0.697433 -5.71468 -2.87856
98.01 -4.68574 0.682785 1.09995 -13.8247 -0.858145 2.49128 -2.24033 -3.76492 4.28313 4.11575 -13.8137 0.984593 -1.15598 -5.24036 1.7224 6.78225 4.30373 -14.5686 5.16858 -2.47079 -4.4335 5.51115 4.38256 0.662475 -14.8931 5.0459 -0.482073 -1.36235 3.02886 1.76226 0.306908 -14.3531 2.40629 2.37826 1.57038 -0.656788 0.471915 1.37352 -14.1069 -0.0717733 2.77253 -0.475811 -5.03158 6.02559 6.28428 -10.51 0.439855 -5.44692 -2.52142
98.06 -4.23733 0.35868 0.883634 -13.9298 -0.947834 2.70333 -2.06138 -3.8273 3.89217 3.72402 -13.73 0.651434 -0.798948 -4.82092 0.901168 6.84172 4.60602 -14.4324 4.91918 -2.67645 -4.73362 5.54964 4.74832 0.982541 -14.8872 5.15758 -0.879624 -1.72667 3.51923 2.14915 0.180892 -14.4105 2.94044 2.1876 1.43693 -0.203462 0.271596 1.29239 -14.2051 0.0917467 3.06924 -0.123925 -5.26593 5.72892 6.15481 -10.4565 0.219166 -5.1825 -2.17266
98.11 -3.8239 0.0740177 0.707089 -14.0315 -1.02271 2.87733 -1.89677 -3.76919 3.48843 3.33462 -13.677 0.369483 -0.429566 -4.41192 -0.0218105 6.76348 4.85159 -14.2801 4.46222 -2.82203 -4.95222 5.49315 5.10249 1.37279 -14.866 5.25317 -1.26426 -2.11498 3.93322 2.53656 0.0859265 -14.4585 3.38963 1.93104 1.22803 0.316534 0.151943 1.19669 -14.2976 0.367082 3.32333 0.197356 -5.43596 5.44637 5.97018 -10.4148 0.029346 -4.92456 -1.82953
98.16 -3.44397 -0.167811 0.564253 -14.1282 -1.08274 3.01625 -1.7456 -3.62529 3.06859 2.97255 -13.6542 0.13059 -0.0539292 -4.02266 -0.998172 6.54176 5.02112 -14.1176 3.81036 -2.88499 -5.05962 5.31898 5.44132 1.80797 -14.8301 5.33457 -1.62925 -2.53 4.28425 2.92356 0.0351055 -14.4979 3.76352 1.62621 0.969068 0.907956 0.126117 1.08361 -14.3833 0.771046 3.52709 0.476586 -5.53514 5.17743 5.73661 -10.385 -0.134419 -4.67494 -1.48731
98.21 -3.09429 -0.365986 0.449457 -14.2192 -1.12748 3.1245 -1.607 -3.43066 2.6359 2.65499 -13.6598 -0.0713128 0.322769 -3.65767 -1.89334 6.22898 5.09604 -13.9536 3.09407 -2.83705 -5.02184 5.01383 5.762 2.26332 -14.7808 5.40281 -1.96891 -2.96509 4.58162 3.31154 0.0438619 -14.53 4.0752 1.2877 0.678027 1.54863 0.193566 0.95429 -14.4616 1.29015 3.66864 0.697304 -5.55437 4.92158 5.46267 -10.3666 -0.276017 -4.43463 -1.14177
98.26 -2.77085 -0.521646 0.357683 -14.304 -1.15615 3.20711 -1.48013 -3.21116 2.2013 2.39173 -13.6911 -0.240789 0.694648 -3.31856 -2.62032 5.87986 5.06799 -13.7973 2.43515 -2.66964 -4.83568 4.57946 6.06186 2.7199 -14.7196 5.45755 -2.27845 -3.40327 4.82869 3.70057 0.128586 -14.5558 4.33641 0.925175 0.364213 2.18635 0.333466 0.811541 -14.5326 1.86796 3.73161 0.837636 -5.48539 4.67832 5.15712 -10.359 -0.398603 -4.20408 -0.792437
98.31 -2.46931 -0.637006 0.284641 -14.3825 -1.16767 3.26921 -1.36423 -2.98335 1.77747 2.18475 -13.7439 -0.381275 1.05462 -3.00521 -3.17466 5.51818 4.93808 -13.6561 1.87324 -2.40571 -4.54159 4.03061 6.33731 3.16344 -14.6474 5.49603 -2.5537 -3.82637 5.02328 4.08776 0.302667 -14.5755 4.55655 0.544819 0.0313372 2.77159 0.516938 0.658404 -14.5966 2.43384 3.7022 0.880106 -5.32296 4.4472 4.82731 -10.3611 -0.504718 -3.98342 -0.443715
98.36 -2.18528 -0.714698 0.226754 -14.4547 -1.16066 3.31543 -1.25861 -2.75768 1.37493 2.02923 -13.8134 -0.495378 1.39473 -2.71642 -3.57679 5.14972 4.71363 -13.536 1.40275 -2.07935 -4.19222 3.39229 6.58225 3.58255 -14.5639 5.51073 -2.79105 -4.22047 5.15967 4.46847 0.57046 -14.5876 4.74292 0.151576 -0.319165 3.28421 0.723189 0.497698 -14.6549 2.94164 3.5802 0.826259 -5.06406 4.22787 4.47984 -10.372 -0.596329 -3.77254 -0.102434
98.41 -1.91438 -0.757325 0.181096 -14.5209 -1.13338 3.34966 -1.16265 -2.53995 1.00175 1.91653 -13.8943 -0.585115 1.70719 -2.45035 -3.8407 4.77486 4.40852 -13.4413 1.00785 -1.71801 -3.82743 2.6916 6.78558 3.96893 -14.4674 5.48506 -2.98749 -4.5755 5.2303 4.83821 0.922478 -14.5901 4.90122 -0.249186 -0.685943 3.7274 0.942701 0.332267 -14.7091 3.37698 3.38052 0.69705 -4.70767 4.02019 4.12209 -10.3907 -0.674765 -3.57119 0.22523
98.46 -1.65211 -0.767117 0.145304 -14.5813 -1.08367 3.3749 -1.07584 -2.33228 0.664441 1.83714 -13.9816 -0.65207 1.98579 -2.20481 -3.97109 4.39295 4.04475 -13.3747 0.674215 -1.33903 -3.47095 1.9421 6.92752 4.31675 -14.3555 5.38692 -3.14076 -4.88287 5.22488 5.19358 1.33544 -14.5814 5.03589 -0.6511 -1.06739 4.11268 1.17314 0.165441 -14.7616 3.74376 3.12408 0.519015 -4.25736 3.82435 3.76247 -10.416 -0.740484 -3.37904 0.535117
98.51 -1.39378 -0.745649 0.117502 -14.6361 -1.00881 3.39328 -0.997793 -2.1342 0.36854 1.7824 -14.0715 -0.697459 2.2269 -1.97737 -3.97352 4.0027 3.65096 -13.3373 0.390822 -0.952026 -3.13495 1.13104 6.97564 4.6201 -14.2259 5.16214 -3.24854 -5.13316 5.12865 5.5323 1.7779 -14.5615 5.15028 -1.04732 -1.4631 4.45154 1.41533 0.00136093 -14.8157 4.05183 2.82962 0.312706 -3.72448 3.64122 3.40899 -10.4471 -0.792528 -3.19569 0.825024
98.56 -1.1342 -0.693608 0.0962275 -14.6858 -0.905219 3.40625 -0.928293 -1.94368 0.118292 1.74526 -14.1607 -0.722125 2.42982 -1.76547 -3.86624 3.6011 3.25683 -13.3294 0.149526 -0.56187 -2.82454 0.228791 6.88819 4.86872 -14.0796 4.74313 -3.30565 -5.31276 4.92419 5.85285 2.21884 -14.5316 5.24671 -1.4315 -1.8757 4.75291 1.67068 -0.154899 -14.8744 4.3112 2.51075 0.0893032 -3.12762 3.47306 3.06807 -10.4829 -0.827409 -3.02078 1.09415
98.61 -0.867413 -0.610571 0.0803758 -14.7306 -0.76821 3.4146 -0.867362 -1.75765 -0.0840692 1.72028 -14.2472 -0.726469 2.59634 -1.5664 -3.68163 3.18444 2.88719 -13.3503 -0.055698 -0.171366 -2.54081 -0.745768 6.64574 5.04369 -13.9221 4.11303 -3.29811 -5.39784 4.59968 6.15396 2.63572 -14.4933 5.32616 -1.79851 -2.30921 5.02315 1.94006 -0.297353 -14.9397 4.53036 2.17614 -0.147847 -2.4868 3.32466 2.74435 -10.5227 -0.837064 -2.85399 1.3425
98.66 -0.586228 -0.494756 0.0691723 -14.7708 -0.591524 3.41851 -0.815393 -1.57233 -0.238595 1.70343 -14.3297 -0.710329 2.73001 -1.37732 -3.45401 2.75389 2.5599 -13.3987 -0.229342 0.216469 -2.28253 -1.67145 6.28995 5.11998 -13.7623 3.37955 -3.20075 -5.35368 4.16078 6.43399 3.01934 -14.4476 5.3877 -2.14455 -2.76064 5.26656 2.22354 -0.419098 -15.0108 4.71615 1.83074 -0.399783 -1.81446 3.2054 2.4416 -10.5654 -0.805412 -2.69518 1.57039
98.71 -0.281857 -0.342762 0.0621701 -14.8065 -0.366948 3.41751 -0.773401 -1.38315 -0.346917 1.6917 -14.4072 -0.672782 2.83533 -1.19514 -3.20732 2.31908 2.28605 -13.4719 -0.374768 0.596835 -2.04725 -2.43701 5.88357 5.07804 -13.6103 2.68206 -2.99641 -5.16229 3.63101 6.69006 3.37265 -14.3948 5.42725 -2.46688 -3.2152 5.48576 2.52113 -0.512125 -15.0845 4.87405 1.47695 -0.668302 -1.10616 3.13249 2.16429 -10.61 -0.702964 -2.54456 1.77792
98.76 0.0561412 -0.149445 0.0593013 -14.838 -0.084293 3.41019 -0.743492 -1.18455 -0.411067 1.68278 -14.4793 -0.61183 2.91709 -1.0165 -2.95429 1.89326 2.06928 -13.5657 -0.494394 0.962727 -1.83179 -3.01757 5.46141 4.91112 -13.4746 2.08146 -2.69842 -4.85093 3.03598 6.9167 3.70279 -14.3338 5.43542 -2.76327 -3.65393 5.68182 2.834 -0.566812 -15.156 5.00851 1.11595 -0.954008 -0.332999 3.13531 1.92014 -10.655 -0.479839 -2.40324 1.96419
98.81 0.438537 0.0915815 0.061011 -14.8653 0.267198 3.39362 -0.72977 -0.969556 -0.432515 1.67472 -14.5459 -0.523922 2.97977 -0.837737 -2.70166 1.48849 1.90599 -13.675 -0.589816 1.30565 -1.63252 -3.42455 5.03577 4.62743 -13.3617 1.57938 -2.339 -4.47178 2.39003 7.1036 4.01351 -14.2618 5.39362 -3.03135 -4.0604 5.85378 3.16595 -0.570874 -15.2195 5.12321 0.749052 -1.25648 0.553931 3.25611 1.72468 -10.6978 -0.0667523 -2.27459 2.12536
98.86 0.871958 0.385864 0.0685283 -14.8884 0.694059 3.36228 -0.739916 -0.729403 -0.411445 1.66548 -14.6071 -0.403245 3.02699 -0.655243 -2.45283 1.11485 1.78793 -13.7942 -0.661917 1.6173 -1.44546 -3.66653 4.60958 4.25132 -13.2756 1.16011 -1.9475 -4.06977 1.69002 7.23223 4.30365 -14.1748 5.26841 -3.26759 -4.42084 5.99736 3.52299 -0.5077 -15.2695 5.22122 0.379416 -1.57552 1.56549 3.52493 1.60712 -10.7344 0.574266 -2.16801 2.24986
98.91 1.35058 0.733855 0.0843286 -14.9069 1.1894 3.30656 -0.787289 -0.453444 -0.346034 1.65244 -14.6629 -0.24082 3.06128 -0.466395 -2.20822 0.781074 1.70526 -13.9179 -0.710933 1.89153 -1.26624 -3.74733 4.18159 3.82033 -13.2181 0.807974 -1.54298 -3.67299 0.913122 7.27275 4.56804 -14.068 5.00684 -3.46561 -4.72104 6.10247 3.90755 -0.355849 -15.3009 5.30516 0.0135399 -1.91267 2.58413 3.90946 1.60629 -10.7593 1.35504 -2.10509 2.31097
98.96 1.85 1.12702 0.112776 -14.9204 1.72524 3.2124 -0.89139 -0.129754 -0.23181 1.63189 -14.7136 -0.0237687 3.08372 -0.271356 -1.96542 0.494706 1.64857 -14.0414 -0.73639 2.12554 -1.09008 -3.68173 3.74784 3.37612 -13.1894 0.510943 -1.13588 -3.29601 0.0337143 7.18993 4.7972 -13.9397 4.55095 -3.61271 -4.94179 6.15075 4.31182 -0.0944723 -15.31 5.37723 -0.338695 -2.27221 3.45359 4.34107 1.74751 -10.7671 2.12123 -2.11743 2.27149
99.01 2.33407 1.54973 0.160842 -14.9279 2.25886 3.06518 -1.07208 0.253193 -0.0616653 1.59903 -14.7593 0.26405 3.09355 -0.0750018 -1.71939 0.261291 1.60974 -14.1612 -0.736863 2.31986 -0.911897 -3.50548 3.30423 2.95467 -13.1885 0.260382 -0.731346 -2.94476 -0.912099 6.97655 4.97681 -13.7931 3.90611 -3.68481 -5.05324 6.1192 4.7211 0.285249 -15.2951 5.43923 -0.666163 -2.65822 4.10548 4.7773 2.02518 -10.7548 2.78596 -2.22526 2.11306
99.06 2.77094 1.98645 0.238806 -14.9282 2.75248 2.85793 -1.33759 0.702465 0.172201 1.54933 -14.8002 0.637439 3.08721 0.111938 -1.46264 0.083784 1.58188 -14.2745 -0.709487 2.4776 -0.726604 -3.26428 2.85243 2.58166 -13.2141 0.0501976 -0.331914 -2.62004 -1.80257 6.67937 5.092 -13.6363 3.18895 -3.64969 -5.02022 5.99102 5.11978 0.771419 -15.2568 5.49262 -0.959442 -3.06651 4.52821 5.20194 2.40513 -10.7233 3.33409 -2.42103 1.85407
99.11 3.14159 2.42675 0.360963 -14.919 3.18669 2.59571 -1.67796 1.21218 0.472976 1.48083 -14.8366 1.09851 3.05684 0.272383 -1.18554 -0.0366659 1.55883 -14.3796 -0.64915 2.60337 -0.529953 -2.99484 2.40167 2.27202 -13.2644 -0.123904 0.0606273 -2.31959 -2.54775 6.35296 5.13431 -13.4788 2.52149 -3.49165 -4.83458 5.7579 5.49378 1.33155 -15.198 5.53841 -1.21292 -3.48251 4.7265 5.60947 2.83715 -10.6785 3.78097 -2.68022 1.53031
99.16 3.43617 2.86481 0.546089 -14.8975 3.55858 2.29122 -2.07123 1.75544 0.832662 1.39571 -14.8686 1.62335 2.98927 0.383281 -0.877129 -0.0988765 1.53432 -14.4752 -0.54737 2.7022 -0.320197 -2.71834 1.96358 2.0297 -13.3371 -0.264891 0.444048 -2.03929 -3.13838 6.02271 5.10206 -13.3288 1.94939 -3.22823 -4.53296 5.41016 5.83111 1.92053 -15.1227 5.57707 -1.42537 -3.8896 4.72188 5.99793 3.2712 -10.6307 4.14669 -2.97795 1.17129
99.21 3.64593 3.29643 0.816679 -14.8602 3.87347 1.95773 -2.49382 2.29166 1.23235 1.30014 -14.8969 2.16465 2.86877 0.420618 -0.525914 -0.0997992 1.50147 -14.5608 -0.391097 2.77856 -0.0997478 -2.44393 1.54795 1.84945 -13.4288 -0.374664 0.814824 -1.77388 -3.59684 5.69339 4.99663 -13.1928 1.46985 -2.89322 -4.1685 4.93687 6.1229 2.49399 -15.0348 5.60803 -1.59915 -4.27513 4.56166 6.36647 3.67018 -10.5927 4.44752 -3.29552 0.793142
99.26 3.75593 3.71723 1.19536 -14.803 4.13874 1.60531 -2.92645 2.78755 1.65164 1.20314 -14.9227 2.67538 2.68553 0.370838 -0.11983 -0.0333424 1.45354 -14.6366 -0.162101 2.83555 0.124667 -2.17271 1.16219 1.72068 -13.5352 -0.454116 1.16785 -1.51744 -3.94342 5.36167 4.82018 -13.0755 1.06741 -2.51703 -3.78309 4.3423 6.36392 3.0205 -14.937 5.62867 -1.73875 -4.6309 4.30926 6.71457 4.01406 -10.5755 4.6949 -3.62028 0.401751
99.31 3.73766 4.12241 1.69763 -14.7221 4.36066 1.24062 -3.35533 3.22796 2.07683 1.11578 -14.9489 3.12883 2.44212 0.237975 0.352698 0.109289 1.38599 -14.7029 0.161073 2.87389 0.34305 -1.9002 0.81229 1.63115 -13.6511 -0.502925 1.49697 -1.26368 -4.18752 5.02287 4.5763 -12.9806 0.727325 -2.12084 -3.40183 3.65604 6.55128 3.48567 -14.83 5.63214 -1.84938 -4.95152 4.02241 7.04174 4.29693 -10.5843 4.89662 -3.94401 -0.00134366
99.36 3.5383 4.5066 2.32262 -14.6148 4.54234 0.868297 -3.77118 3.61065 2.50184 1.05109 -14.9819 3.51869 2.15057 0.0361521 0.895383 0.33555 1.29819 -14.7604 0.593929 2.89056 0.542194 -1.61796 0.504107 1.56905 -13.7714 -0.519032 1.79602 -1.00643 -4.3287 4.67421 4.27299 -12.9109 0.437982 -1.7177 -3.03698 2.91795 6.68093 3.88766 -14.7127 5.60345 -1.93586 -5.23258 3.73911 7.34761 4.52187 -10.618 5.05817 -4.26144 -0.414517
99.41 3.07617 4.86188 3.04653 -14.4808 4.67947 0.492991 -4.16773 3.93705 2.92501 1.02444 -15.0321 3.8495 1.82458 -0.224446 1.48948 0.642501 1.1935 -14.8096 1.12705 2.87667 0.703806 -1.31529 0.244472 1.52347 -13.8913 -0.497738 2.06007 -0.741197 -4.36253 4.31501 3.92563 -12.8682 0.190591 -1.31476 -2.69266 2.15149 6.74272 4.22947 -14.5831 5.51357 -2.00176 -5.46918 3.47624 7.63201 4.69648 -10.6723 5.18379 -4.56923 -0.83517
99.46 2.2737 5.17 3.82402 -14.3228 4.74646 0.121577 -4.53979 4.20532 3.34523 1.05353 -15.1078 4.12901 1.47486 -0.545223 2.08997 1.01069 1.07812 -14.8511 1.714 2.81674 0.803759 -0.981178 0.0418997 1.48384 -14.0073 -0.430521 2.28621 -0.467521 -4.28987 3.94518 3.55625 -12.8533 -0.0214942 -0.915284 -2.36809 1.34855 6.71544 4.51177 -14.4399 5.31337 -2.04829 -5.65486 3.23388 7.89491 4.83012 -10.7418 5.27693 -4.86528 -1.26158
99.51 1.09925 5.37965 4.59209 -14.1473 4.65517 -0.233868 -4.8793 4.40498 3.75962 1.15636 -15.2028 4.36482 1.10842 -0.936467 2.65003 1.41264 0.959959 -14.8855 2.29149 2.69412 0.819448 -0.60496 -0.0932885 1.4396 -14.1169 -0.303859 2.47355 -0.190164 -4.12457 3.56327 3.18878 -12.8662 -0.203293 -0.520442 -2.05976 0.477355 6.56693 4.7264 -14.285 4.93694 -2.07226 -5.77959 2.99938 8.13612 4.9325 -10.8211 5.34002 -5.14833 -1.69519
99.56 -0.476145 5.38498 5.25539 -13.9658 4.2204 -0.548758 -5.16403 4.51053 4.16381 1.347 -15.2953 4.56336 0.729852 -1.41285 3.1456 1.82682 0.84804 -14.9134 2.81366 2.50196 0.743617 -0.174909 -0.149261 1.38144 -14.2186 -0.0985878 2.6226 0.0823831 -3.89152 3.1664 2.84353 -12.906 -0.358545 -0.131222 -1.76256 -0.464078 6.27596 4.85016 -14.1245 4.34799 -2.06121 -5.82476 2.75133 8.35469 5.01371 -10.9052 5.37354 -5.41758 -2.14004
99.61 -2.26064 5.17462 5.68922 -13.7938 3.4567 -0.77447 -5.33929 4.48714 4.55323 1.63201 -15.3633 4.72969 0.343288 -1.98552 3.5741 2.24228 0.752742 -14.9358 3.26357 2.24778 0.587626 0.321402 -0.113626 1.30364 -14.3118 0.208179 2.73383 0.339768 -3.61494 2.75502 2.53482 -12.9706 -0.489921 0.249583 -1.47041 -1.37572 5.87379 4.84806 -13.9684 3.62273 -1.98914 -5.75831 2.46758 8.5479 5.08543 -10.9889 5.37457 -5.67244 -2.59544
99.66 -3.83285 4.89794 5.84504 -13.643 2.68822 -0.864018 -5.35201 4.32149 4.9238 2.00828 -15.3947 4.86738 -0.0460415 -2.63219 3.94177 2.65587 0.686576 -14.9542 3.64345 1.94658 0.370868 0.888783 0.022594 1.20516 -14.3961 0.633241 2.80552 0.569374 -3.30772 2.33812 2.27108 -13.057 -0.599045 0.616223 -1.17691 -2.12585 5.42528 4.69633 -13.8273 2.90397 -1.82865 -5.5523 2.13327 8.71039 5.1615 -11.066 5.33543 -5.91224 -3.04847
99.71 -5.07746 4.6204 5.76525 -13.5174 2.04534 -0.818905 -5.21482 4.01429 5.27185 2.45797 -15.3878 4.97809 -0.431018 -3.308 4.25466 3.06786 0.664952 -14.9714 3.96271 1.61248 0.110678 1.50756 0.255643 1.08874 -14.4715 1.1662 2.8309 0.753671 -2.9725 1.93074 2.05387 -13.1607 -0.686245 0.960739 -0.877028 -2.65804 4.97254 4.40347 -13.7095 2.27428 -1.57772 -5.21772 1.73733 8.83299 5.2542 -11.1289 5.24213 -6.13585 -3.47833
99.76 -6.03187 4.34607 5.50984 -13.4185 1.52135 -0.671556 -4.98009 3.56233 5.5928 2.94864 -15.3454 5.06002 -0.802879 -3.97477 4.51441 3.47808 0.705783 -14.9903 4.23146 1.25535 -0.182311 2.12945 0.562806 0.959173 -14.5381 1.75625 2.79685 0.869257 -2.60992 1.54879 1.87686 -13.2765 -0.750102 1.27514 -0.569729 -2.96925 4.53008 4.00876 -13.6198 1.74707 -1.25954 -4.7999 1.26362 8.90094 5.36904 -11.1693 5.07189 -6.34107 -3.86381
99.81 -6.7364 4.06778 5.13071 -13.3466 1.08987 -0.453332 -4.69498 2.97005 5.8788 3.44373 -15.2717 5.10414 -1.15207 -4.60559 4.71699 3.88395 0.826368 -15.0114 4.45841 0.881281 -0.503806 2.70574 0.912527 0.822004 -14.5964 2.33586 2.68941 0.895119 -2.22261 1.2071 1.72744 -13.399 -0.78689 1.55364 -0.259039 -3.0776 4.09894 3.566 -13.56 1.30962 -0.900494 -4.34508 0.687002 8.89211 5.50422 -11.1799 4.79112 -6.52326 -4.18478
99.86 -7.20826 3.77794 4.67047 -13.3023 0.729276 -0.185855 -4.39011 2.25767 6.11427 3.9124 -15.169 5.08709 -1.46899 -5.18065 4.85345 4.28116 1.03738 -15.0306 4.65054 0.494433 -0.852666 3.21384 1.27979 0.682972 -14.6468 2.858 2.50504 0.827643 -1.81288 0.918711 1.59099 -13.5236 -0.789876 1.79379 0.0481347 -3.02265 3.67442 3.12491 -13.53 0.946513 -0.518431 -3.88429 -0.0179412 8.7801 5.65351 -11.1582 4.36381 -6.67247 -4.41994
99.91 -7.44625 3.47085 4.1653 -13.2858 0.42413 0.116878 -4.08334 1.44304 6.26987 4.33114 -15.0382 4.96061 -1.74399 -5.68219 4.91064 4.66546 1.33671 -15.0409 4.81341 0.0989637 -1.22844 3.65417 1.65051 0.548214 -14.6902 3.3065 2.25434 0.683721 -1.37933 0.694489 1.45567 -13.6468 -0.748271 1.99622 0.344963 -2.86074 3.25015 2.72023 -13.5284 0.645657 -0.122826 -3.43405 -0.838459 8.55345 5.80868 -11.1078 3.79012 -6.76943 -4.54314
99.96 -7.4497 3.14179 3.6462 -13.2968 0.16336 0.444976 -3.78461 0.519528 6.29996 4.67815 -14.8801 4.64911 -1.96548 -6.08929 4.86988 5.03344 1.70743 -15.0356 4.95129 -0.299705 -1.63188 4.0364 2.01854 0.424813 -14.7279 3.68453 1.9544 0.487786 -0.915164 0.543968 1.31471 -13.7658 -0.64572 2.16357 0.626055 -2.64312 2.823 2.37117 -13.5537 0.398372 0.281671 -3.00109 -1.68992 8.23889 5.96072 -11.0363 3.14552 -6.78779 -4.52754
100.01 -7.24158 2.7861 3.13782 -13.3341 -0.0611998 0.789591 -3.49926 -0.503005 6.16713 4.9263 -14.6999 4.10099 -2.11488 -6.37157 4.70739 5.38263 2.12254 -15.0111 5.06721 -0.694702 -2.06541 4.37073 2.38253 0.321424 -14.7619 4.00201 1.62038 0.258951 -0.407646 0.477692 1.16578 -13.879 -0.458734 2.29914 0.887225 -2.39944 2.39654 2.08558 -13.6033 0.198631 0.691866 -2.58596 -2.47485 7.88285 6.10079 -10.952 2.52895 -6.71283 -4.3691
100.06 -6.87385 2.40339 2.65794 -13.395 -0.255743 1.14069 -3.22999 -1.50513 5.89814 5.0469 -14.5084 3.39798 -2.16304 -6.48783 4.40532 5.71092 2.55475 -14.9673 5.16259 -1.07844 -2.52631 4.66491 2.74405 0.248748 -14.7941 4.26933 1.2626 0.00691443 0.160031 0.508804 1.00935 -13.985 -0.157493 2.40549 1.12426 -2.13925 1.97902 1.863 -13.6737 0.0427146 1.10365 -2.1852 -3.15037 7.51782 6.22045 -10.862 1.9901 -6.55576 -4.09992
100.11 -6.40923 2.00304 2.21924 -13.4751 -0.425038 1.48663 -2.97792 -2.34223 5.5624 5.02767 -14.3186 2.6998 -2.0876 -6.41338 3.96644 6.01575 2.98464 -14.9055 5.23635 -1.44358 -2.99873 4.92345 3.10645 0.219835 -14.8251 4.49538 0.887175 -0.265652 0.79816 0.649196 0.847532 -14.0831 0.283551 2.48242 1.3306 -1.86055 1.57976 1.69653 -13.7601 -0.0706084 1.511 -1.79309 -3.717 7.15891 6.31113 -10.772 1.53409 -6.34208 -3.76637
100.16 -5.90161 1.59993 1.83008 -13.5691 -0.572745 1.81558 -2.74323 -2.97335 5.2023 4.87785 -14.1423 2.09016 -1.89843 -6.17385 3.41214 6.29281 3.40044 -14.8274 5.28316 -1.78351 -3.46042 5.14727 3.47312 0.249987 -14.8539 4.68733 0.498135 -0.558909 1.48697 0.896368 0.683659 -14.1728 0.857725 2.52387 1.49358 -1.55619 1.20769 1.57475 -13.8571 -0.139457 1.90627 -1.40428 -4.18956 6.81207 6.3639 -10.6859 1.15003 -6.09558 -3.40549
100.21 -5.38917 1.2078 1.49401 -13.6715 -0.701608 2.11741 -2.52561 -3.41621 4.8316 4.61944 -13.9878 1.57871 -1.62806 -5.82678 2.76987 6.53371 3.79335 -14.7335 5.28975 -2.09227 -3.8922 5.33259 3.84477 0.355228 -14.8773 4.85088 0.0994189 -0.873081 2.16815 1.22332 0.52239 -14.2534 1.50516 2.51537 1.59141 -1.21822 0.87183 1.48344 -13.9593 -0.15787 2.28143 -1.01781 -4.58298 6.47946 6.37024 -10.6069 0.825245 -5.8331 -3.03937
100.26 -4.89523 0.83753 1.21006 -13.7776 -0.813584 2.38489 -2.32441 -3.6921 4.45325 4.28184 -13.8606 1.15129 -1.30786 -5.42543 2.05896 6.7223 4.15534 -14.6231 5.22886 -2.36397 -4.27947 5.46971 4.2181 0.547962 -14.8911 4.99062 -0.303754 -1.20769 2.78396 1.59268 0.369798 -14.3246 2.14307 2.43793 1.59925 -0.839599 0.582281 1.40682 -14.0621 -0.114754 2.62905 -0.63893 -4.90792 6.16166 6.32325 -10.5373 0.548998 -5.56537 -2.67855
100.31 -4.43167 0.497685 0.97419 -13.8836 -0.909944 2.6142 -2.13883 -3.81625 4.06668 3.89904 -13.7633 0.792124 -0.959092 -5.00623 1.27673 6.83016 4.47817 -14.4949 5.05203 -2.59184 -4.60946 5.5429 4.58745 0.830816 -14.8917 5.11023 -0.704674 -1.56257 3.31225 1.97745 0.233572 -14.3863 2.7145 2.28119 1.50692 -0.41177 0.351343 1.32976 -14.1622 0.00694999 2.94269 -0.276619 -5.16981 5.85857 6.2192 -10.4787 0.312796 -5.29898 -2.32624
100.36 -4.00277 0.194976 0.780784 -13.987 -0.991362 2.8048 -1.96798 -3.80774 3.66914 3.50504 -13.6967 0.488645 -0.594285 -4.59108 0.399267 6.81697 4.75092 -14.3493 4.69252 -2.76611 -4.86702 5.53143 4.94729 1.19278 -14.8772 5.21267 -1.09592 -1.93972 3.75834 2.36504 0.123384 -14.4384 3.20068 2.05168 1.32816 0.0772615 0.193987 1.24118 -14.2574 0.229848 3.21646 0.0594648 -5.3689 5.56982 6.05845 -10.4318 0.109959 -5.03789 -1.98112
100.41 -3.60832 -0.0660754 0.623746 -14.086 -1.058 2.95878 -1.81097 -3.69722 3.25657 3.12831 -13.6607 0.231534 -0.220776 -4.19229 -0.567072 6.65525 4.95676 -14.1903 4.11656 -2.86919 -5.02817 5.41185 5.29331 1.61134 -14.8477 5.30017 -1.47037 -2.34297 4.13579 2.75209 0.0512317 -14.4814 3.60634 1.76615 1.08859 0.63773 0.125547 1.13584 -14.3462 0.576075 3.44367 0.358978 -5.50051 5.29492 5.8456 -10.3968 -0.0648192 -4.78442 -1.63912
100.46 -3.24571 -0.283543 0.497189 -14.1796 -1.10959 3.08002 -1.6669 -3.52123 2.82858 2.78937 -13.6539 0.0138867 0.156114 -3.81621 -1.51481 6.37455 5.07533 -14.0258 3.4096 -2.87331 -5.05785 5.16539 5.62235 2.06047 -14.8042 5.37419 -1.82189 -2.77082 4.45615 3.13947 0.0315729 -14.5166 3.944 1.44109 0.810147 1.26165 0.153099 1.01342 -14.4278 1.04874 3.61459 0.608077 -5.55631 5.03334 5.58842 -10.3734 -0.215808 -4.5399 -1.2954
100.51 -2.91117 -0.457809 0.39579 -14.2672 -1.14549 3.17334 -1.53493 -3.31023 2.39322 2.50134 -13.6743 -0.16947 0.530928 -3.46557 -2.32051 6.03685 5.09321 -13.8651 2.7158 -2.75764 -4.93459 4.78715 5.93178 2.51847 -14.7481 5.43507 -2.14532 -3.21002 4.72548 3.52822 0.0806875 -14.5451 4.22627 1.08829 0.505716 1.90793 0.264459 0.876235 -14.502 1.60952 3.7145 0.786805 -5.52724 4.78456 5.29587 -10.3611 -0.346468 -4.30499 -0.947471
100.56 -2.60046 -0.59071 0.314932 -14.3485 -1.16477 3.24392 -1.41427 -3.0845 1.96316 2.26968 -13.7181 -0.322434 0.897125 -3.14091 -2.94909 5.67936 5.00786 -13.7163 2.11007 -2.53232 -4.68167 4.28645 6.2186 2.96936 -14.6807 5.48132 -2.43624 -3.6418 4.94387 3.91675 0.213965 -14.5676 4.46359 0.715193 0.181039 2.52082 0.431903 0.727339 -14.569 2.18841 3.72704 0.873815 -5.40667 4.54811 4.97598 -10.359 -0.459603 -4.07995 -0.597696
100.61 -2.30922 -0.684757 0.250729 -14.4235 -1.16615 3.29664 -1.30417 -2.85692 1.55006 2.09228 -13.7809 -0.447946 1.24704 -2.84143 -3.41626 5.31371 4.82402 -13.5863 1.60089 -2.22962 -4.35086 3.68425 6.47807 3.40051 -14.6023 5.50794 -2.69079 -4.05017 5.10688 4.30092 0.440527 -14.5833 4.66413 0.327049 -0.161795 3.06622 0.629842 0.569647 -14.6297 2.72538 3.64498 0.860964 -5.19078 4.32359 4.6355 -10.3662 -0.557434 -3.86476 -0.252265
100.66 -2.03305 -0.742612 0.199977 -14.4923 -1.14809 3.33577 -1.204 -2.63522 1.163 1.96179 -13.8574 -0.548258 1.57264 -2.56555 -3.74041 4.94174 4.55242 -13.4799 1.17446 -1.88107 -3.98909 3.00832 6.70166 3.80221 -14.5119 5.50302 -2.90567 -4.4236 5.20769 4.67601 0.757361 -14.5903 4.83425 -0.071111 -0.521562 3.53895 0.844083 0.405938 -14.6854 3.19306 3.47724 0.761837 -4.8775 4.11076 4.28131 -10.3815 -0.64159 -3.65923 0.0820737
100.71 -1.76752 -0.766711 0.160073 -14.5552 -1.10862 3.36467 -1.11319 -2.42302 0.809062 1.86879 -13.9424 -0.625134 1.86685 -2.3112 -3.92963 4.56306 4.2114 -13.4006 0.815236 -1.50834 -3.62686 2.28028 6.87397 4.16776 -14.4072 5.44225 -3.07832 -4.75314 5.2375 5.03809 1.1469 -14.5866 4.97891 -0.473352 -0.896682 3.94836 1.06969 0.239272 -14.7383 3.58915 3.24338 0.602379 -4.4679 3.90961 3.92147 -10.404 -0.712959 -3.46305 0.400213
100.76 -1.50805 -0.758949 0.128935 -14.6125 -1.04528 3.38587 -1.0313 -2.22087 0.494203 1.8041 -14.0316 -0.67995 2.12483 -2.07605 -3.98745 4.17675 3.82716 -13.3502 0.510743 -1.12407 -3.28082 1.49986 6.96853 4.4917 -14.2855 5.28173 -3.20661 -5.03005 5.1836 5.38441 1.58036 -14.5716 5.10193 -0.872929 -1.28596 4.30652 1.3065 0.0734048 -14.7913 3.92193 2.96376 0.406659 -3.96966 3.72068 3.56437 -10.4327 -0.771307 -3.27585 0.699139
100.81 -1.24971 -0.720432 0.104925 -14.6644 -0.954921 3.40111 -0.958032 -2.02732 0.22332 1.75992 -14.1214 -0.713718 2.34458 -1.85759 -3.92545 3.78067 3.42972 -13.3293 0.251651 -0.734896 -2.95876 0.640869 6.94608 4.76632 -14.1462 4.95627 -3.28721 -5.24312 5.02916 5.71318 2.02541 -14.546 5.20611 -1.26316 -1.69054 4.62357 1.55586 -0.0870043 -14.8476 4.20172 2.65436 0.190018 -3.39857 3.54548 3.21721 -10.4665 -0.814452 -3.09725 0.977503
100.86 -0.986916 -0.651259 0.0867859 -14.7114 -0.833387 3.41144 -0.893282 -1.83973 -0.000378563 1.73013 -14.2093 -0.727047 2.52687 -1.65318 -3.7706 3.371 3.04661 -13.3376 0.0310811 -0.344234 -2.66325 -0.311106 6.77099 4.97685 -13.9927 4.41404 -3.31088 -5.37394 4.7584 6.02306 2.45494 -14.5112 5.29306 -1.63832 -2.11449 4.90696 1.81898 -0.23637 -14.91 4.43776 2.32592 -0.0410833 -2.77501 3.3875 2.88538 -10.5046 -0.83669 -2.92689 1.23502
100.91 -0.713089 -0.550283 0.0735984 -14.7535 -0.675166 3.41734 -0.837262 -1.65461 -0.175961 1.71011 -14.2937 -0.720044 2.67457 -1.46004 -3.55831 2.94588 2.69879 -13.374 -0.156077 0.0452459 -2.39394 -1.27663 6.45709 5.09987 -13.8327 3.70698 -3.25663 -5.39126 4.36807 6.31268 2.85352 -14.4687 5.36281 -1.99404 -2.55918 5.16184 2.09623 -0.368204 -14.9788 4.63758 1.98488 -0.286221 -2.11598 3.25376 2.57288 -10.5462 -0.826029 -2.76455 1.47194
100.96 -0.420187 -0.414848 0.0647678 -14.7912 -0.472954 3.41862 -0.79067 -1.46776 -0.304498 1.69642 -14.3735 -0.692154 2.79186 -1.2752 -3.31795 2.51138 2.40036 -13.4366 -0.313652 0.429658 -2.14883 -2.1208 6.06688 5.11196 -13.6761 2.98073 -3.10001 -5.26452 3.87511 6.57985 3.2194 -14.4191 5.41288 -2.32716 -3.01468 5.39154 2.38753 -0.475028 -15.0519 4.80723 1.63462 -0.547232 -1.42559 3.15752 2.28362 -10.5901 -0.759724 -2.61023 1.68852
101.01 -0.0984525 -0.240576 0.0600479 -14.8246 -0.217383 3.41435 -0.755049 -1.2741 -0.387983 1.68652 -14.448 -0.641903 2.88348 -1.09543 -3.06664 2.07997 2.15835 -13.5219 -0.444464 0.802952 -1.92501 -2.78264 5.64926 5.00033 -13.5322 2.33471 -2.84004 -5.00042 3.30635 6.82045 3.55904 -14.362 5.43659 -2.63531 -3.46266 5.59783 2.69335 -0.548023 -15.125 4.95158 1.2767 -0.825337 -0.686445 3.12223 2.02346 -10.6351 -0.597754 -2.46456 1.88444
101.06 0.263057 -0.0214931 0.0596326 -14.8537 0.102391 3.40238 -0.733467 -1.06734 -0.428232 1.67831 -14.5171 -0.5665 2.9541 -0.91718 -2.81324 1.66452 1.97218 -13.6251 -0.550459 1.15713 -1.71905 -3.26491 5.22444 4.76632 -13.4086 1.79055 -2.5037 -4.64484 2.6822 7.02666 3.87823 -14.2953 5.42002 -2.91627 -3.88523 5.78075 3.01618 -0.576263 -15.1927 5.07463 0.912173 -1.12046 0.144084 3.1852 1.80376 -10.6793 -0.277578 -2.32962 2.05753
101.11 0.673635 0.248721 0.0643589 -14.8787 0.495667 3.37849 -0.731775 -0.839534 -0.426086 1.66987 -14.5807 -0.461237 3.00779 -0.736755 -2.5625 1.27595 1.83527 -13.7406 -0.632824 1.48356 -1.5271 -3.57949 4.79846 4.42715 -13.3103 1.3367 -2.12343 -4.2485 2.00782 7.18407 4.1779 -14.2155 5.3371 -3.16718 -4.26771 5.93773 3.36137 -0.545266 -15.2494 5.17968 0.543173 -1.43211 1.10635 3.3879 1.64711 -10.7193 0.26439 -2.21146 2.20053
101.16 1.13411 0.573394 0.0760799 -14.8993 0.962806 3.33507 -0.760577 -0.580857 -0.380701 1.6589 -14.6388 -0.318655 3.04758 -0.550916 -2.31615 0.923498 1.73814 -13.8629 -0.69208 1.77493 -1.34496 -3.73094 4.37161 4.01533 -13.24 0.956542 -1.72295 -3.84693 1.26885 7.26803 4.45458 -14.118 5.14362 -3.38321 -4.59653 6.06163 3.73405 -0.43553 -15.2896 5.26956 0.174585 -1.76087 2.14355 3.72944 1.59001 -10.7501 1.00245 -2.12561 2.29412
101.21 1.62843 0.948193 0.0982361 -14.9151 1.48548 3.25987 -0.836882 -0.279813 -0.288836 1.64221 -14.6918 -0.127645 3.07524 -0.358336 -2.07302 0.615303 1.67103 -13.987 -0.728084 2.02687 -1.16805 -3.72702 3.94101 3.57201 -13.1986 0.636348 -1.31613 -3.46004 0.43607 7.24354 4.70085 -13.9991 4.7792 -3.55505 -4.85541 6.13786 4.13117 -0.224756 -15.3089 5.34664 -0.18506 -2.10982 3.09328 4.14761 1.66703 -10.766 1.79129 -2.1008 2.30341
101.26 2.12384 1.35991 0.136556 -14.9254 2.02552 3.13766 -0.981649 0.0756076 -0.144465 1.61542 -14.7396 0.126741 3.0909 -0.161603 -1.8292 0.357912 1.6252 -14.1088 -0.739878 2.23852 -0.99141 -3.59426 3.50206 3.13667 -13.1855 0.366084 -0.91004 -3.09705 -0.491761 7.08518 4.9044 -13.8599 4.20955 -3.66419 -5.01975 6.14436 4.5402 0.102676 -15.3047 5.4129 -0.524828 -2.48394 3.84487 4.58491 1.88698 -10.7628 2.50611 -2.16558 2.19749
101.31 2.58475 1.79206 0.199765 -14.9291 2.54046 2.95708 -1.20974 0.495206 0.0603406 1.57363 -14.7826 0.460864 3.09239 0.0312293 -1.57828 0.155425 1.59327 -14.2252 -0.725314 2.41196 -0.809872 -3.37643 3.05312 2.73971 -13.1996 0.138636 -0.508113 -2.76071 -1.42286 6.81728 5.04966 -13.7064 3.50616 -3.68024 -5.05429 6.06034 4.94542 0.544583 -15.2765 5.46995 -0.834202 -2.88367 4.36916 5.01574 2.22723 -10.7394 3.10497 -2.32487 1.97896
101.36 2.98631 2.2317 0.300298 -14.9244 3.00214 2.71793 -1.51921 0.980136 0.331681 1.51345 -14.821 0.884272 3.07398 0.205937 -1.31149 0.00960186 1.56883 -14.3342 -0.680396 2.55128 -0.618662 -3.11599 2.60046 2.40087 -13.2392 -0.0510134 -0.112295 -2.44993 -2.23751 6.49887 5.12478 -13.5481 2.80644 -3.57638 -4.93414 5.87461 5.33197 1.07703 -15.2264 5.51902 -1.10572 -3.2984 4.66552 5.43121 2.64274 -10.6995 3.59416 -2.55929 1.67953
101.41 3.31555 2.6713 0.454931 -14.9087 3.40128 2.43042 -1.89206 1.51316 0.667101 1.43515 -14.8549 1.38569 3.02482 0.341898 -1.01834 -0.0786368 1.54578 -14.434 -0.598288 2.66143 -0.414687 -2.84089 2.1554 2.1289 -13.3023 -0.206376 0.27551 -2.1613 -2.89454 6.16888 5.12549 -13.3938 2.19067 -3.35583 -4.67742 5.57917 5.68685 1.65909 -15.1578 5.56083 -1.33623 -3.71129 4.74652 5.82826 3.08144 -10.6515 3.99353 -2.84266 1.33335
101.46 3.56421 3.10629 0.684751 -14.879 3.74053 2.10831 -2.30436 2.05751 1.05176 1.34324 -14.8848 1.92618 2.92956 0.41441 -0.687536 -0.107265 1.51751 -14.5241 -0.468098 2.74726 -0.198382 -2.56501 1.72878 1.92224 -13.386 -0.329805 0.652426 -1.88999 -3.40853 5.83929 5.05224 -13.251 1.6718 -3.04831 -4.33461 5.16233 5.99968 2.24427 -15.0751 5.59537 -1.52668 -4.10761 4.64789 6.2057 3.49943 -10.6075 4.32143 -3.15332 0.962473
101.51 3.72091 3.53246 1.013 -14.8311 4.02689 1.76327 -2.73457 2.57423 1.46456 1.24562 -14.9115 2.45517 2.77458 0.403766 -0.307286 -0.0716184 1.477 -14.6042 -0.273874 2.81258 0.0253393 -2.29264 1.32899 1.77215 -13.4865 -0.422649 1.01404 -1.63033 -3.80283 5.50924 4.90694 -13.1249 1.23719 -2.6872 -3.95445 4.61928 6.26362 2.79434 -14.9815 5.6211 -1.68079 -4.47736 4.42838 6.56292 3.86917 -10.5801 4.59134 -3.47614 0.576637
101.56 3.76426 3.94517 1.45945 -14.7611 4.2674 1.40337 -3.16648 3.04003 1.88829 1.15251 -14.9369 2.93579 2.55672 0.306238 0.134599 0.0361108 1.41848 -14.6747 0.00497347 2.85929 0.247809 -2.02155 0.962504 1.66675 -13.5989 -0.485167 1.35453 -1.37617 -4.09188 5.17407 4.69229 -13.0197 0.871104 -2.29782 -3.5692 3.96872 6.47508 3.28749 -14.8786 5.63343 -1.80362 -4.81411 4.15079 6.89941 4.1791 -10.5771 4.8125 -3.80112 0.178594
101.61 3.65364 4.3394 2.03158 -14.6657 4.46684 1.0339 -3.58902 3.44814 2.31375 1.07603 -14.9659 3.35368 2.28475 0.133181 0.646831 0.224823 1.33945 -14.736 0.388415 2.88626 0.457373 -1.74485 0.635079 1.59389 -13.7179 -0.516159 1.6676 -1.12117 -4.27915 4.82996 4.41389 -12.9385 0.560517 -1.89658 -3.19618 3.24917 6.63107 3.71721 -14.7661 5.62158 -1.90026 -5.11324 3.86265 7.21476 4.42895 -10.6002 4.99127 -4.12185 -0.230398
101.66 3.31913 4.70883 2.71612 -14.5433 4.62507 0.659255 -3.99477 3.79938 2.73782 1.03046 -15.007 3.70976 1.97246 -0.101942 1.2224 0.497456 1.24161 -14.7888 0.880695 2.88745 0.638286 -1.45261 0.352997 1.5423 -13.8385 -0.512228 1.94765 -0.85983 -4.36098 4.47542 4.08364 -12.8837 0.295475 -1.49296 -2.84262 2.49427 6.72478 4.08531 -14.6422 5.56356 -1.97496 -5.37022 3.58983 7.50868 4.62475 -10.6461 5.13233 -4.43423 -0.648063
101.71 2.67413 5.04141 3.47658 -14.3954 4.72885 0.285027 -4.37837 4.09405 3.15957 1.03258 -15.0711 4.01101 1.63219 -0.395161 1.82653 0.841799 1.13007 -14.8336 1.45147 2.85013 0.768736 -1.13374 0.123976 1.50134 -13.9565 -0.466701 2.19081 -0.589607 -4.33465 4.11037 3.72104 -12.8564 0.0684563 -1.09172 -2.50961 1.71056 6.74041 4.3943 -14.505 5.41971 -2.03013 -5.57941 3.33927 7.7811 4.77535 -10.7095 5.23949 -4.73568 -1.07197
101.76 1.66689 5.3047 4.25801 -14.2266 4.72538 -0.0795157 -4.73378 4.32621 3.57702 1.10066 -15.1595 4.26531 1.27248 -0.753616 2.40908 1.23204 1.01209 -14.8711 2.04046 2.75696 0.823846 -0.777524 -0.0424428 1.46042 -14.0692 -0.368402 2.39533 -0.312999 -4.20778 3.73412 3.3499 -12.8571 -0.126228 -0.694739 -2.19465 0.873615 6.64981 4.64076 -14.3548 5.12951 -2.06493 -5.73276 3.10352 8.03197 4.89038 -10.785 5.31569 -5.02461 -1.50197
101.81 0.270606 5.41448 4.98264 -14.046 4.46632 -0.416776 -5.04731 4.47773 3.98632 1.2511 -15.2562 4.47964 0.898795 -1.19021 2.93454 1.64276 0.896223 -14.9018 2.59086 2.59547 0.788108 -0.372884 -0.135042 1.4094 -14.1746 -0.200659 2.56125 -0.0371308 -4.00138 3.34419 2.99267 -12.8851 -0.29285 -0.302834 -1.89322 -0.0422439 6.42193 4.8087 -14.1957 4.63336 -2.07179 -5.81633 2.86442 8.26078 4.97966 -10.8677 5.36243 -5.30005 -1.94139
101.86 -1.47592 5.2846 5.53146 -13.8679 3.81379 -0.689319 -5.27968 4.51498 4.38282 1.49404 -15.3373 4.65972 0.515225 -1.72039 3.39222 2.05841 0.792167 -14.9265 3.07332 2.36713 0.665417 0.0927025 -0.141455 1.3407 -14.2716 0.0583403 2.68925 0.22835 -3.74169 2.93868 2.66639 -12.9391 -0.434538 0.0822267 -1.59962 -0.985211 6.06143 4.86665 -14.0363 3.95133 -2.03066 -5.80387 2.59882 8.46571 5.05398 -10.9523 5.37849 -5.56135 -2.39294
101.91 -3.17671 5.02203 5.80863 -13.7068 3.01536 -0.842249 -5.36722 4.41231 4.7622 1.83108 -15.3856 4.80976 0.126359 -2.33943 3.78594 2.47289 0.711378 -14.9464 3.48327 2.08482 0.473149 0.629163 -0.050347 1.25123 -14.3599 0.430095 2.77892 0.47206 -3.44728 2.52259 2.38209 -13.0163 -0.553394 0.456033 -1.30748 -1.81896 5.62618 4.7823 -13.8874 3.21421 -1.91157 -5.6612 2.28828 8.64269 5.12637 -11.0331 5.35845 -5.80792 -2.84934
101.96 -4.5649 4.74268 5.82573 -13.5698 2.31399 -0.853644 -5.29095 4.16801 5.1207 2.25154 -15.3955 4.93238 -0.261546 -3.00776 4.12258 2.88551 0.667926 -14.9637 3.82809 1.76381 0.230447 1.22974 0.141509 1.14224 -14.4392 0.919193 2.82608 0.679018 -3.12446 2.109 2.14457 -13.113 -0.650365 0.811391 -1.01085 -2.45 5.17224 4.54866 -13.7584 2.54034 -1.69887 -5.37927 1.92117 8.78439 5.21054 -11.1033 5.29136 -6.03889 -3.29216
102.01 -5.64182 4.4676 5.64108 -13.459 1.74053 -0.747218 -5.09271 3.7805 5.45435 2.72862 -15.3683 5.02763 -0.64037 -3.68246 4.40603 3.29668 0.678808 -14.9816 4.11804 1.41594 -0.0488617 1.85714 0.419627 1.01784 -14.5097 1.49227 2.82027 0.828114 -2.77379 1.71387 1.95102 -13.2241 -0.724872 1.14002 -0.706621 -2.85791 4.72456 4.19283 -13.6559 1.96858 -1.40695 -4.99201 1.48447 8.87882 5.31541 -11.1547 5.1587 -6.25265 -3.69982
102.06 -6.45346 4.19207 5.31102 -13.3751 1.27114 -0.557146 -4.82518 3.24872 5.75717 3.22604 -15.308 5.09031 -1.0008 -4.33195 4.63478 3.70495 0.762191 -15.0019 4.36255 1.04879 -0.357974 2.45821 0.754217 0.883344 -14.5716 2.08416 2.74664 0.895504 -2.39704 1.35262 1.79118 -13.3442 -0.774285 1.43493 -0.396675 -3.05265 4.28875 3.76461 -13.5828 1.49337 -1.06322 -4.54876 0.957034 8.90721 5.44216 -11.1792 4.93166 -6.44586 -4.05184
102.11 -7.02775 3.90817 4.88193 -13.3185 0.881379 -0.309393 -4.52623 2.58649 6.01768 3.70968 -15.218 5.10458 -1.33319 -4.93391 4.8019 4.10656 0.932534 -15.0228 4.56934 0.667133 -0.694784 2.9975 1.11606 0.744414 -14.6254 2.63544 2.59579 0.86833 -1.99713 1.03914 1.6507 -13.4684 -0.793305 1.69216 -0.0870427 -3.06371 3.86208 3.31748 -13.5397 1.09906 -0.68976 -4.08782 0.310924 8.8439 5.58613 -11.1717 4.57272 -6.61142 -4.32789
102.16 -7.37003 3.60932 4.39252 -13.2897 0.553257 -0.0208907 -4.2187 1.81637 6.21341 4.15314 -15.0996 5.03452 -1.628 -5.47028 4.89613 4.49705 1.19397 -15.038 4.74457 0.274907 -1.05866 3.46692 1.48639 0.606959 -14.6717 3.11697 2.37251 0.755328 -1.57462 0.785283 1.51603 -13.5926 -0.773101 1.91106 0.215129 -2.94197 3.43841 2.89347 -13.5257 0.771879 -0.299381 -3.63159 -0.464669 8.66722 5.73979 -11.1332 4.05916 -6.73459 -4.50427
102.21 -7.47639 3.29059 3.87613 -13.2886 0.273981 0.297061 -3.91553 0.943075 6.30536 4.53484 -14.9533 4.81511 -1.8749 -5.92224 4.90149 4.87262 1.53599 -15.0402 4.89307 -0.123115 -1.4496 3.87355 1.856 0.477566 -14.7118 3.52518 2.09227 0.579563 -1.12524 0.600935 1.37809 -13.7137 -0.699994 2.09355 0.50376 -2.74394 3.01251 2.51822 -13.5393 0.501748 0.10159 -3.19061 -1.31608 8.38604 5.89433 -11.07 3.43281 -6.79086 -4.55271
102.26 -7.35708 2.94717 3.36042 -13.3145 0.0342453 0.63549 -3.6238 -0.0425572 6.24628 4.83057 -14.7819 4.37163 -2.05927 -6.26444 4.79589 5.2304 1.93504 -15.0244 5.01843 -0.520656 -1.86956 4.22797 2.22173 0.364122 -14.7472 3.86815 1.77178 0.363552 -0.638863 0.495872 1.23276 -13.8297 -0.553798 2.2428 0.774234 -2.50963 2.5849 2.20412 -13.5785 0.28154 0.509673 -2.76781 -2.13947 8.04312 6.04076 -10.9904 2.79406 -6.75739 -4.45555
102.31 -7.05238 2.57589 2.8661 -13.3654 -0.172932 0.985077 -3.3472 -1.07492 6.02953 5.01056 -14.5938 3.71763 -2.15619 -6.45934 4.55673 5.56821 2.36265 -14.989 5.12287 -0.910323 -2.31948 4.53918 2.58402 0.276374 -14.78 4.15649 1.42356 0.121146 -0.0999067 0.482104 1.07947 -13.939 -0.307018 2.3619 1.02256 -2.2565 2.16228 1.95414 -13.6403 0.106519 0.921379 -2.3613 -2.86518 7.67937 6.1705 -10.9022 2.21825 -6.63393 -4.22981
102.36 -6.62321 2.18165 2.40786 -13.4376 -0.352899 1.3348 -3.08744 -1.9967 5.71574 5.05324 -14.4016 3.00076 -2.13646 -6.46946 4.17666 5.88382 2.79536 -14.935 5.20655 -1.28457 -2.78946 4.81317 2.94556 0.226308 -14.8115 4.39984 1.05538 -0.142387 0.507042 0.573145 0.919697 -14.0407 0.0701858 2.45218 1.2436 -1.98669 1.7538 1.764 -13.7202 -0.0257004 1.33156 -1.96612 -3.47857 7.31664 6.2751 -10.8116 1.72644 -6.44205 -3.91934
102.41 -6.12897 1.7779 1.99602 -13.5261 -0.50978 1.67266 -2.84506 -2.71849 5.36354 4.95912 -14.2181 2.34769 -1.99437 -6.29686 3.67015 6.17391 3.21857 -14.8639 5.26636 -1.63643 -3.25857 5.05252 3.31002 0.228297 -14.8416 4.60611 0.671923 -0.426414 1.17869 0.7749 0.75624 -14.1341 0.589628 2.51061 1.42792 -1.69472 1.36859 1.62404 -13.8132 -0.114719 1.73318 -1.57632 -3.99079 6.96404 6.34577 -10.7233 1.31213 -6.20758 -3.56699
102.46 -5.61497 1.3794 1.63631 -13.6254 -0.646705 1.98759 -2.61995 -3.2417 4.99682 4.74557 -14.0531 1.79391 -1.75564 -5.99002 3.06364 6.43225 3.62264 -14.777 5.29313 -1.95971 -3.70563 5.25572 3.67964 0.298393 -14.8679 4.78162 0.276944 -0.731344 1.87169 1.07111 0.593155 -14.2188 1.21477 2.52654 1.55781 -1.37254 1.01554 1.52112 -13.9137 -0.156516 2.11822 -1.18852 -4.41766 6.62499 6.37366 -10.6408 0.962551 -5.95054 -3.20132
102.51 -5.11078 0.998268 1.32962 -13.7304 -0.765967 2.27096 -2.41157 -3.58945 4.62178 4.43905 -13.9134 1.33134 -1.45426 -5.6072 2.38189 6.6467 3.9993 -14.6742 5.2667 -2.24858 -4.11422 5.41579 4.05285 0.451325 -14.8864 4.9314 -0.125003 -1.05698 2.52152 1.42592 0.435874 -14.2942 1.86625 2.48177 1.60809 -1.01281 0.704109 1.43997 -14.0167 -0.142393 2.47889 -0.805298 -4.77195 6.30061 6.35097 -10.5669 0.665976 -5.68413 -2.8374
102.56 -4.63287 0.644006 1.07309 -13.8368 -0.869128 2.51743 -2.21917 -3.77899 4.23906 4.07195 -13.8026 0.943701 -1.11616 -5.19246 1.63335 6.79475 4.34058 -14.554 5.14876 -2.49682 -4.47119 5.51959 4.4247 0.694777 -14.8932 5.05952 -0.52782 -1.4028 3.08905 1.80619 0.291331 -14.3602 2.47152 2.36036 1.55978 -0.608067 0.445514 1.36479 -14.1184 -0.0580056 2.80832 -0.434457 -5.06144 5.99104 6.27242 -10.5033 0.412955 -5.41653 -2.48126
102.61 -4.18843 0.324145 0.861612 -13.9416 -0.957117 2.72505 -2.04191 -3.82618 3.84687 3.67897 -13.7224 0.616875 -0.757322 -4.77353 0.801157 6.84039 4.63719 -14.4158 4.87842 -2.6964 -4.7631 5.54844 4.78936 1.02392 -14.8855 5.16925 -0.924266 -1.76965 3.57002 2.19336 0.168273 -14.4164 2.99584 2.16135 1.41642 -0.147762 0.253579 1.28231 -14.216 0.117047 3.10049 -0.0855589 -5.28865 5.696 6.13646 -10.4511 0.196064 -5.15272 -2.13333
102.66 -3.77894 0.0442448 0.689212 -14.0428 -1.03031 2.89487 -1.87888 -3.75641 3.44139 3.29157 -13.6729 0.3402 -0.386956 -4.36642 -0.132557 6.74489 4.87516 -14.2619 4.39611 -2.83392 -4.97077 5.47961 5.14195 1.42064 -14.8626 5.26314 -1.30698 -2.16096 3.9762 2.58068 0.0776319 -14.4634 3.43582 1.8984 1.20061 0.380462 0.144099 1.18468 -14.3077 0.406527 3.34928 0.231569 -5.45101 5.41503 5.94587 -10.4108 0.00943844 -4.89566 -1.79056
102.71 -3.40264 -0.192604 0.549848 -14.1389 -1.08862 3.03005 -1.72918 -3.60508 3.01975 2.93385 -13.6534 0.105799 -0.0109326 -3.97977 -1.10688 6.50943 5.0347 -14.0988 3.72899 -2.88557 -5.06313 5.2909 5.47885 1.85928 -14.8251 5.34301 -1.66935 -2.57885 4.32075 2.96772 0.0327864 -14.5019 3.80196 1.58909 0.937262 0.979296 0.129317 1.06964 -14.3926 0.825122 3.54665 0.505083 -5.54155 5.14761 5.70724 -10.3824 -0.151618 -4.64706 -1.44813
102.76 -3.05617 -0.385846 0.437918 -14.2292 -1.13158 3.13511 -1.59196 -3.40651 2.5862 2.62212 -13.6621 -0.0922003 0.365534 -3.61769 -1.98532 6.19031 5.09809 -13.9353 3.01463 -2.8238 -5.00766 4.97066 5.7973 2.31561 -14.7744 5.40976 -2.0058 -3.01526 4.61233 3.35587 0.0493865 -14.5332 4.10734 1.24744 0.643292 1.6226 0.206405 0.938634 -14.4701 1.35444 3.68011 0.717791 -5.55109 4.89322 5.42928 -10.3652 -0.290901 -4.40784 -1.10209
102.81 -2.73544 -0.536787 0.348482 -14.3132 -1.15835 3.21513 -1.46638 -3.18536 2.15221 2.36533 -13.6961 -0.258215 0.736436 -3.28155 -2.69189 5.83905 5.05823 -13.7803 2.36607 -2.64379 -4.80658 4.52227 6.09458 2.77137 -14.7119 5.46285 -2.31163 -3.45257 4.85361 3.74489 0.143735 -14.5584 4.36343 0.882613 0.327187 2.25639 0.352682 0.794551 -14.5402 1.93426 3.73308 0.8476 -5.47166 4.65136 5.12061 -10.3587 -0.411492 -4.17842 -0.752526
102.86 -2.43612 -0.647716 0.277336 -14.391 -1.16784 3.2752 -1.35168 -2.95737 1.73033 2.16456 -13.7511 -0.395575 1.09456 -2.97108 -3.22783 5.47648 4.91707 -13.6412 1.81526 -2.37104 -4.50365 3.96181 6.36693 3.21265 -14.6384 5.49912 -2.58274 -3.87298 5.0419 4.13158 0.328512 -14.5773 4.57939 0.500542 -0.00775643 2.83379 0.53957 0.640412 -14.6035 2.49519 3.69279 0.878571 -5.29835 4.4216 4.78846 -10.3619 -0.515865 -3.95889 -0.404297
102.91 -2.15382 -0.721283 0.22098 -14.4625 -1.15861 3.31988 -1.24719 -2.73239 1.33077 2.0144 -13.8221 -0.506807 1.43189 -2.68497 -3.61372 5.10731 4.68258 -13.5239 1.3542 -2.0395 -4.15084 3.31512 6.60782 3.62838 -14.5536 5.51028 -2.81556 -4.26309 5.17121 4.51125 0.606668 -14.5884 4.7623 0.106151 -0.360192 3.33806 0.747637 0.479018 -14.6612 2.99497 3.56098 0.814827 -5.02834 4.20361 4.43942 -10.3738 -0.60592 -3.74911 -0.0642903
102.96 -1.88413 -0.760063 0.176556 -14.5281 -1.12889 3.35295 -1.1523 -2.51576 0.961364 1.90597 -13.904 -0.593874 1.74076 -2.42136 -3.86226 4.73168 4.36951 -13.4323 0.966954 -1.67545 -3.78605 2.60859 6.80535 4.01063 -14.4555 5.47834 -3.00719 -4.61311 5.23375 4.8795 0.967032 -14.5897 4.9177 -0.295081 -0.728719 3.77402 0.968424 0.313247 -14.7151 3.4221 3.35376 0.678753 -4.66093 3.99726 4.08103 -10.3933 -0.682902 -3.54883 0.261517
103.01 -1.62255 -0.766227 0.141762 -14.5878 -1.07647 3.3773 -1.0665 -2.30923 0.628519 1.8298 -13.9918 -0.658315 2.01521 -2.17801 -3.97763 4.34892 4.0008 -13.3689 0.639541 -1.29519 -3.43146 1.85326 6.93849 4.35372 -14.3416 5.36893 -3.1554 -4.9145 5.21881 5.23307 1.38502 -14.5797 5.0499 -0.69669 -1.11177 4.15347 1.20014 0.146507 -14.7676 3.78165 3.09213 0.496628 -4.20047 3.8028 3.72172 -10.4193 -0.747146 -3.3577 0.569205
103.06 -1.36435 -0.741257 0.114771 -14.6421 -0.998524 3.39501 -0.98944 -2.11215 0.337639 1.77739 -14.0817 -0.701307 2.25195 -1.95247 -3.96632 3.95756 3.60552 -13.3349 0.361314 -0.90764 -3.09822 1.03323 6.97328 4.65147 -14.21 5.12534 -3.25776 -5.15753 5.11113 5.56979 1.82878 -14.5586 5.16215 -1.09184 -1.50921 4.48765 1.44375 -0.0169545 -14.8221 4.08368 2.7943 0.287977 -3.65926 3.62123 3.36939 -10.4509 -0.797473 -3.17533 0.856763
103.11 -1.10427 -0.685726 0.0941636 -14.6912 -0.891388 3.40743 -0.92091 -1.92231 0.0927823 1.74188 -14.1707 -0.723644 2.45059 -1.74217 -3.84841 3.5544 3.21305 -13.3303 0.124401 -0.517317 -2.79085 0.119863 6.86817 4.89284 -14.062 4.68107 -3.30845 -5.32783 4.89334 5.88819 2.26789 -14.5276 5.25662 -1.4743 -1.92402 4.7852 1.70068 -0.171959 -14.8815 4.33807 2.47327 0.0629541 -3.05644 3.45502 3.03022 -10.4873 -0.829998 -3.00136 1.12351
103.16 -0.83623 -0.59907 0.078875 -14.7354 -0.750204 3.41527 -0.860971 -1.73656 -0.104083 1.71801 -14.2569 -0.725673 2.61316 -1.54439 -3.65728 3.13594 2.84746 -13.3545 -0.0770192 -0.126941 -2.51011 -0.856592 6.6096 5.05783 -13.9038 4.03162 -3.29206 -5.39999 4.55509 6.18699 2.68117 -14.4884 5.33412 -1.83908 -2.35996 5.0522 1.97167 -0.312419 -14.9476 4.55311 2.13724 -0.175786 -2.41163 3.30935 2.7087 -10.5274 -0.835951 -2.83548 1.36951
103.21 -0.552879 -0.479335 0.0681666 -14.7751 -0.568512 3.41866 -0.810073 -1.55105 -0.25324 1.70188 -14.3388 -0.707156 2.74336 -1.35626 -3.42653 2.70429 2.52584 -13.4059 -0.247295 0.260326 -2.2546 -1.76795 6.24523 5.12142 -13.7444 3.29627 -3.18289 -5.3392 4.10443 6.46447 3.06102 -14.442 5.39343 -2.18254 -2.81267 5.29274 2.25675 -0.431319 -15.0192 4.73547 1.7908 -0.429537 -1.73582 3.19432 2.40859 -10.5704 -0.798035 -2.67758 1.59508
103.26 -0.245226 -0.322921 0.0616311 -14.8103 -0.337861 3.41703 -0.769325 -1.3611 -0.356427 1.69058 -14.4157 -0.667065 2.84575 -1.17466 -3.17863 2.26983 2.25847 -13.4816 -0.389674 0.639435 -2.02174 -2.51243 5.83587 5.06531 -13.5939 2.60833 -2.96663 -5.13194 3.56606 6.71753 3.41135 -14.3883 5.43002 -2.50202 -3.26636 5.50928 2.55598 -0.520498 -15.0929 4.89049 1.43614 -0.700011 -1.02209 3.12829 2.13458 -10.6152 -0.684795 -2.52794 1.80027
103.31 0.0973119 -0.124498 0.0592502 -14.8413 -0.0478812 3.40884 -0.741005 -1.16101 -0.415652 1.68186 -14.4872 -0.603254 2.92512 -0.996192 -2.92538 1.84585 2.04809 -13.5775 -0.506474 1.00315 -1.80832 -3.0725 5.41295 4.88436 -13.4605 2.01948 -2.65991 -4.81014 2.96479 6.94028 3.73917 -14.3262 5.43365 -2.79532 -3.70217 5.70269 2.87079 -0.570098 -15.1637 5.02252 1.07438 -0.98766 -0.238555 3.14227 1.89499 -10.66 -0.443687 -2.38783 1.98395
103.36 0.48534 0.122372 0.0615415 -14.8682 0.31203 3.39093 -0.729528 -0.943629 -0.432274 1.67377 -14.5532 -0.511955 2.98587 -0.817181 -2.67307 1.44415 1.89042 -13.6882 -0.599204 1.3429 -1.61066 -3.46041 4.9872 4.5886 -13.3505 1.52771 -2.29553 -4.42642 2.3132 7.12166 4.04769 -14.2528 5.38437 -3.05998 -4.10407 5.87171 3.20527 -0.567432 -15.226 5.13517 0.706958 -1.29202 0.663879 3.2792 1.70664 -10.7024 -0.00488338 -2.26105 2.14175
103.41 0.924534 0.422901 0.069849 -14.8907 0.747405 3.35739 -0.743119 -0.699964 -0.406286 1.66425 -14.6137 -0.38704 3.03152 -0.634061 -2.42475 1.07463 1.7769 -13.8082 -0.668674 1.65054 -1.42472 -3.68378 4.56093 4.20417 -13.2676 1.11683 -1.90177 -4.02389 1.60592 7.24198 4.33523 -14.1637 5.24665 -3.29226 -4.45841 6.01156 3.56549 -0.495299 -15.2741 5.23146 0.337351 -1.61299 1.68465 3.56422 1.60043 -10.738 0.659217 -2.15808 2.26071
103.46 1.4071 0.776654 0.0868283 -14.9087 1.24918 3.29806 -0.795885 -0.419178 -0.335589 1.65056 -14.669 -0.219113 3.06443 -0.444427 -2.18052 0.745903 1.69765 -13.932 -0.715043 1.92026 -1.24609 -3.74676 4.13252 3.7696 -13.2134 0.771513 -1.49656 -3.62884 0.818233 7.2701 4.59617 -14.0545 4.96551 -3.48528 -4.75066 6.11127 3.95289 -0.331898 -15.3032 5.31394 -0.0275183 -1.95243 2.69293 3.95742 1.61503 -10.7611 1.44559 -2.10211 2.31219
103.51 1.90666 1.17405 0.117105 -14.9216 1.78703 3.19852 -0.907819 -0.0892793 -0.215389 1.62886 -14.719 0.00515446 3.08552 -0.248888 -1.93765 0.465341 1.64338 -14.0553 -0.737744 2.14966 -1.06996 -3.66637 3.6978 3.32634 -13.1879 0.480161 -1.08957 -3.25461 -0.0725473 7.17175 4.82048 -13.9238 4.48565 -3.6253 -4.9607 6.1516 4.35854 -0.0571317 -15.3096 5.38477 -0.377485 -2.31485 3.53938 4.39104 1.7727 -10.7667 2.2029 -2.1248 2.2594
103.56 2.38674 1.59906 0.167991 -14.9284 2.31771 3.04459 -1.09809 0.301022 -0.0383468 1.59428 -14.7642 0.302093 3.09375 -0.0529495 -1.69082 0.238197 1.60613 -14.1745 -0.735221 2.33961 -0.891222 -3.48044 3.25302 2.90931 -13.1901 0.234473 -0.685511 -2.90642 -1.0189 6.94568 4.99343 -13.7756 3.82517 -3.68679 -5.05732 6.10966 4.76737 0.335749 -15.2919 5.44573 -0.701473 -2.70385 4.16525 4.82646 2.06419 -10.7521 2.85419 -2.24353 2.08797
103.61 2.81678 2.03661 0.25019 -14.9276 2.80516 2.83061 -1.37296 0.757833 0.203146 1.54246 -14.8046 0.685761 3.08516 0.131955 -1.43227 0.0671546 1.57912 -14.287 -0.704397 2.49346 -0.704819 -3.23446 2.80076 2.54299 -13.2186 0.0285909 -0.286776 -2.58463 -1.89562 6.64289 5.10059 -13.6182 3.1088 -3.63783 -5.00643 5.96987 5.16392 0.832325 -15.2511 5.49821 -0.990413 -3.11388 4.56195 5.24932 2.45276 -10.7187 3.38977 -2.44789 1.81976
103.66 3.17916 2.47689 0.378494 -14.9172 3.23218 2.56286 -1.72059 1.27313 0.511293 1.47188 -14.8404 1.15587 3.05131 0.288005 -1.15217 -0.0467351 1.55623 -14.391 -0.639839 2.61591 -0.506695 -2.96341 2.35088 2.24102 -13.2716 -0.141607 0.104856 -2.28671 -2.62257 6.31528 5.13439 -13.4611 2.45125 -3.46635 -4.80506 5.72428 5.53429 1.39814 -15.1902 5.54318 -1.2392 -3.52966 4.73557 5.65474 2.88738 -10.673 3.82642 -2.71263 1.49074
103.71 3.46457 2.91442 0.57218 -14.8942 3.59722 2.25444 -2.11834 1.8177 0.876625 1.3852 -14.872 1.68523 2.97847 0.391649 -0.839467 -0.102162 1.53113 -14.4854 -0.532601 2.71196 -0.295511 -2.68687 1.9149 2.00618 -13.3466 -0.278957 0.487043 -2.00838 -3.19687 5.98514 5.0937 -13.3125 1.8903 -3.193 -4.49364 5.36267 5.86681 1.98744 -15.1133 5.58101 -1.44706 -3.93483 4.71035 6.04096 3.31899 -10.6256 4.18402 -3.01344 1.12896
103.76 3.66389 3.34504 0.854007 -14.8548 3.90608 1.91835 -2.54295 2.35068 1.2795 1.28896 -14.9 2.22514 2.85112 0.419421 -0.482618 -0.0957724 1.49688 -14.57 -0.369051 2.786 -0.0741988 -2.41289 1.50234 1.83239 -13.4402 -0.385249 0.856081 -1.7443 -3.64173 5.65579 4.98005 -13.1784 1.42037 -2.85193 -4.125 4.87487 6.15301 2.5568 -15.0242 5.61098 -1.61669 -4.31731 4.53633 6.4072 3.71239 -10.5896 4.47825 -3.33237 0.749141
103.81 3.76106 3.76431 1.24622 -14.7951 4.16613 1.56425 -2.97575 2.84069 1.7 1.19246 -14.9256 2.73024 2.66064 0.359657 -0.0694957 -0.021105 1.44688 -14.6446 -0.130409 2.84088 0.150086 -2.14184 1.12038 1.70872 -13.548 -0.461249 1.20671 -1.48849 -3.97636 5.32347 4.79569 -13.0635 1.02573 -2.47256 -3.73909 4.26792 6.38804 3.07676 -14.9253 5.63012 -1.75273 -4.66932 4.27739 6.75294 4.0494 -10.5752 4.72008 -3.65736 0.356363
103.86 3.72538 4.16739 1.76292 -14.7112 4.3834 1.19848 -3.40354 3.27448 2.12535 1.10699 -14.9522 3.17646 2.41104 0.218174 0.411124 0.130785 1.37697 -14.7099 0.204758 2.87699 0.367016 -1.8687 0.774929 1.6229 -13.6647 -0.506474 1.53269 -1.23463 -4.20889 4.98365 4.5445 -12.9714 0.691959 -2.07505 -3.35927 3.57383 6.5691 3.53466 -14.8172 5.63089 -1.86038 -4.98565 3.98944 7.07769 4.32539 -10.5869 4.91698 -3.9806 -0.0479867
103.91 3.5006 4.54877 2.40084 -14.6008 4.56043 0.825556 -3.81746 3.65069 2.55019 1.04581 -14.9866 3.55925 2.1149 0.00932503 0.961177 0.366692 1.28701 -14.7664 0.650201 2.89075 0.562925 -1.58469 0.471909 1.56322 -13.7851 -0.518615 1.82796 -0.976648 -4.33805 4.63378 4.23525 -12.9046 0.407798 -1.67166 -2.99667 2.83185 6.69169 3.92962 -14.6986 5.59701 -1.94437 -5.2619 3.70798 7.38112 4.54415 -10.6233 5.07423 -4.29707 -0.46215
103.96 3.00288 4.89993 3.13349 -14.4639 4.69151 0.450281 -4.21149 3.97067 2.97311 1.02459 -15.0394 3.88381 1.78574 -0.25784 1.55861 0.681893 1.18075 -14.8147 1.19244 2.8725 0.718804 -1.27898 0.218315 1.51885 -13.9048 -0.492599 2.0878 -0.710376 -4.3595 4.27339 3.88417 -12.8651 0.164734 -1.26901 -2.6547 2.06226 6.74463 4.26471 -14.5675 5.49746 -2.00805 -5.49307 3.44771 7.66307 4.7136 -10.6796 5.19599 -4.6036 -0.883504
104.01 2.15891 5.20041 3.91346 -14.3035 4.74674 0.079937 -4.58037 4.23187 3.39284 1.06121 -15.118 4.15797 1.43383 -0.586033 2.15656 1.05531 1.06463 -14.8554 1.78144 2.80619 0.810122 -0.940614 0.0228724 1.47922 -14.0201 -0.419392 2.30952 -0.435948 -4.2753 3.9023 3.51383 -12.8534 -0.0436714 -0.870019 -2.3322 1.2533 6.70528 4.53995 -14.4228 5.28061 -2.05229 -5.6724 3.20709 7.92351 4.84319 -10.7504 5.28561 -4.89823 -1.31059
104.06 0.94029 5.39279 4.6753 -14.1266 4.6267 -0.272489 -4.91522 4.42242 3.8063 1.17346 -15.2139 4.38923 1.06579 -0.986162 2.70999 1.45954 0.946702 -14.889 2.35438 2.6757 0.815351 -0.558885 -0.103905 1.43382 -14.1289 -0.284838 2.49246 -0.158665 -4.1009 3.51882 3.14797 -12.8694 -0.222276 -0.475752 -2.02542 0.372713 6.54095 4.74571 -14.2668 4.88032 -2.07313 -5.78924 2.97223 8.16222 4.94263 -10.8305 5.34536 -5.17974 -1.74528
104.11 -0.677775 5.36942 5.31849 -13.9454 4.14432 -0.580132 -5.19088 4.51492 4.20904 1.37469 -15.3047 4.58387 0.686098 -1.4733 3.19776 1.87423 0.836123 -14.9162 2.86869 2.47586 0.72954 -0.121879 -0.150049 1.37363 -14.2297 -0.0691674 2.6372 0.112704 -3.86182 3.12014 2.80627 -12.9121 -0.374689 -0.0872985 -1.72912 -0.572339 6.23454 4.85693 -14.1063 4.26951 -2.05668 -5.82352 2.72114 8.37807 5.02212 -10.9149 5.3754 -5.44738 -2.19156
104.16 -2.45571 5.14415 5.72071 -13.7754 3.36454 -0.792013 -5.34936 4.47542 4.5965 1.67048 -15.3688 4.74679 0.298922 -2.05631 3.61895 2.28954 0.743465 -14.938 3.31027 2.21552 0.565611 0.382588 -0.10326 1.29343 -14.3219 0.250529 2.74408 0.367623 -3.58134 2.70751 2.50239 -12.9794 -0.503468 0.292238 -1.43713 -1.47122 5.82389 4.83848 -13.9514 3.5381 -1.97564 -5.7421 2.43222 8.56812 5.09362 -10.9982 5.37234 -5.70056 -2.64757
104.21 -3.99099 4.86604 5.8467 -13.6273 2.60821 -0.86518 -5.34308 4.29365 4.9647 2.05635 -15.3958 4.88136 -0.0903073 -2.7086 3.98013 2.70291 0.681541 -14.9562 3.68272 1.90992 0.343131 0.957441 0.0445373 1.19271 -14.4051 0.689164 2.81095 0.593071 -3.27092 2.29089 2.24401 -13.0681 -0.610104 0.65678 -1.14311 -2.19787 5.37341 4.66956 -13.8126 2.82698 -1.80432 -5.51997 2.09147 8.72661 5.17105 -11.074 5.32786 -5.93858 -3.09906
104.26 -5.20001 4.58906 5.74394 -13.5048 1.98009 -0.806602 -5.19196 3.97012 5.30991 2.51254 -15.3846 4.98897 -0.474255 -3.38507 4.28699 3.11474 0.666105 -14.9734 3.99573 1.57278 0.0788024 1.57937 0.287503 1.07453 -14.4795 1.23187 2.83032 0.77079 -2.93251 1.88562 2.03185 -13.1734 -0.694752 0.998242 -0.842332 -2.7045 4.92147 4.36265 -13.6978 2.20914 -1.5443 -5.17332 1.68764 8.84384 5.26615 -11.1348 5.22714 -6.16024 -3.52491
104.31 -6.12427 4.3147 5.47199 -13.4089 1.46795 -0.649764 -4.94942 3.50163 5.62738 3.00552 -15.3385 5.06724 -0.844019 -4.04893 4.54053 3.52465 0.715219 -14.9926 4.2593 1.21347 -0.217563 2.19815 0.601097 0.943812 -14.5452 1.82403 2.78851 0.877008 -2.56695 1.50754 1.85871 -13.2902 -0.755761 1.30878 -0.53436 -2.99132 4.4804 3.95968 -13.6115 1.69297 -1.22024 -4.74918 1.20363 8.90431 5.38351 -11.1721 5.04619 -6.36313 -3.90404
104.36 -6.80186 4.03544 5.08161 -13.3402 1.04551 -0.425007 -4.66079 2.89442 5.9086 3.499 -15.2614 5.10593 -1.19001 -4.67431 4.7361 3.92976 0.845768 -15.0138 4.48196 0.837748 -0.54221 2.76726 0.953871 0.806136 -14.6025 2.39885 2.67219 0.891974 -2.17701 1.1713 1.71149 -13.4132 -0.7891 1.58297 -0.223702 -3.07862 4.05032 3.51482 -13.5551 1.26472 -0.857855 -4.29243 0.613419 8.88502 5.52067 -11.179 4.75034 -6.5422 -4.21637
104.41 -7.24732 3.74389 4.61452 -13.2991 0.691924 -0.15291 -4.35499 2.16984 6.13677 3.96306 -15.1555 5.07941 -1.50265 -5.24189 4.86427 4.32571 1.06724 -15.0324 4.6705 0.449691 -0.894154 3.26732 1.32206 0.66727 -14.6521 2.91291 2.4795 0.814641 -1.76472 0.889721 1.57568 -13.5378 -0.787635 1.81874 0.0826157 -3.00849 3.62614 3.07645 -13.5284 0.909257 -0.473894 -3.83222 -0.106625 8.75992 5.67107 -11.1538 4.30507 -6.68664 -4.44019
104.46 -7.45834 3.43454 4.10629 -13.2857 0.392331 0.15317 -4.04874 1.34357 6.28061 4.37477 -15.0215 4.936 -1.7722 -5.73383 4.91136 4.70829 1.37582 -15.0412 4.83032 0.0535532 -1.27301 3.70048 1.69266 0.533424 -14.6947 3.353 2.22231 0.663571 -1.32814 0.673426 1.43996 -13.6606 -0.740029 2.01701 0.377893 -2.83797 3.20159 2.67739 -13.53 0.614891 -0.0770943 -3.38376 -0.936085 8.52117 5.82635 -11.1005 3.71817 -6.77597 -4.54876
104.51 -7.43591 3.10265 3.5873 -13.2998 0.136059 0.483605 -3.75133 0.406884 6.29328 4.71202 -14.8605 4.59855 -1.98662 -6.12849 4.85795 5.07425 1.75307 -15.0338 4.96557 -0.345066 -1.67975 4.07676 2.06023 0.411833 -14.7319 3.72358 1.9178 0.463092 -0.859784 0.531933 1.29815 -13.7791 -0.629181 2.18057 0.656911 -2.61633 2.77421 2.33535 -13.5582 0.373287 0.328215 -2.9529 -1.78413 8.19959 5.97745 -11.0271 3.07233 -6.78397 -4.51638
104.56 -7.20654 2.74374 3.08139 -13.34 -0.0847964 0.829502 -3.46772 -0.621594 6.14207 4.94694 -14.6784 4.02559 -2.12609 -6.394 4.68016 5.42116 2.17141 -15.0071 5.07912 -0.739166 -2.11675 4.40619 2.42382 0.311363 -14.7657 4.03484 1.58065 0.231291 -0.346278 0.476054 1.1483 -13.8914 -0.430747 2.31271 0.915561 -2.37057 2.34831 2.0571 -13.6104 0.178687 0.738831 -2.53964 -2.55764 7.84128 6.11562 -10.9419 2.46322 -6.69864 -4.34313
104.61 -6.82463 2.35838 2.60564 -13.4033 -0.276243 1.18062 -3.20038 -1.61063 5.86208 5.05176 -14.4864 3.31563 -2.16082 -6.48897 4.36191 5.74692 2.60415 -14.9611 5.17214 -1.12115 -2.58 4.69613 2.78525 0.242972 -14.7977 4.29704 1.2206 -0.0231335 0.229232 0.519146 0.991123 -13.9966 -0.114562 2.4158 1.1495 -2.10851 1.93241 1.84137 -13.6829 0.0276381 1.15045 -2.14018 -3.22025 7.47643 6.23242 -10.8517 1.93407 -6.53376 -4.06431
104.66 -6.35267 1.95694 2.17225 -13.4853 -0.44291 1.5252 -2.95028 -2.42448 5.52214 5.01685 -14.2976 2.62521 -2.07126 -6.39344 3.90856 6.04885 3.03294 -14.8974 5.24321 -1.48373 -3.05232 4.95075 3.148 0.219985 -14.8286 4.51887 0.843439 -0.298033 0.874952 0.672276 0.828876 -14.0938 0.342947 2.48913 1.3517 -1.82731 1.5358 1.68063 -13.7708 -0.0807762 1.55683 -1.74867 -3.77533 7.11869 6.31922 -10.7619 1.48691 -6.31525 -3.72606
104.71 -5.84287 1.55444 1.78907 -13.5805 -0.588346 1.85153 -2.71757 -3.03289 5.16046 4.85338 -14.1234 2.02707 -1.87105 -6.13858 3.34286 6.32232 3.44655 -14.8175 5.28631 -1.8204 -3.51147 5.17047 3.51527 0.257907 -14.8569 4.70732 0.45308 -0.593677 1.56632 0.930324 0.665039 -14.1824 0.929409 2.52578 1.50852 -1.51949 1.16739 1.56309 -13.8686 -0.144263 1.95021 -1.36006 -4.23817 6.77341 6.36712 -10.6764 1.11023 -6.06621 -3.36373
104.76 -5.33161 1.1643 1.45906 -13.6835 -0.715198 2.14974 -2.50186 -3.45578 4.78884 4.58434 -13.9719 1.52605 -1.59358 -5.78292 2.6921 6.55826 3.83633 -14.7218 5.28692 -2.12523 -3.93885 5.3509 3.88735 0.372625 -14.8794 4.86794 0.0535617 -0.910213 2.24242 1.26394 0.504426 -14.262 1.57979 2.51034 1.59724 -1.17724 0.83627 1.47426 -13.971 -0.156326 2.32259 -0.974076 -4.62334 6.44248 6.36767 -10.5984 0.791475 -5.80269 -2.99785
104.81 -4.84071 0.797103 1.18083 -13.7897 -0.825342 2.413 -2.30248 -3.71365 4.40962 4.23982 -13.848 1.10716 -1.26924 -5.37802 1.9737 6.73935 4.19429 -14.6094 5.21571 -2.39231 -4.32023 5.48164 4.26052 0.575741 -14.8918 5.00521 -0.349716 -1.24712 2.84867 1.63612 0.353277 -14.3321 2.21223 2.42409 1.59372 -0.793502 0.552732 1.39831 -14.0737 -0.105229 2.66664 -0.596603 -4.94091 6.12636 6.3143 -10.5301 0.520184 -5.53484 -2.63794
104.86 -4.38099 0.461189 0.950108 -13.8955 -0.919974 2.63786 -2.11862 -3.82152 4.02198 3.85409 -13.7542 0.754911 -0.918138 -4.95839 1.18199 6.83557 4.51205 -14.4792 5.02154 -2.61466 -4.64282 5.54629 4.62905 0.868432 -14.8908 5.12273 -0.74991 -1.60438 3.36703 2.02163 0.219491 -14.3927 2.77428 2.25843 1.49045 -0.359352 0.329383 1.3204 -14.1734 0.0267915 2.97603 -0.236794 -5.19573 5.82493 6.20369 -10.4728 0.288094 -5.26889 -2.28658
104.91 -3.95609 0.163048 0.761156 -13.9985 -0.999707 2.82414 -1.9494 -3.79961 3.62293 3.46076 -13.6911 0.457136 -0.552032 -4.54462 0.292541 6.8061 4.77815 -14.3317 4.63744 -2.7819 -4.89085 5.5237 4.98751 1.23813 -14.8746 5.22337 -1.13958 -1.98432 3.80459 2.4092 0.112987 -14.4437 3.25079 2.02162 1.30343 0.137462 0.18144 1.23006 -14.2679 0.26277 3.24486 0.0956758 -5.38745 5.53779 6.03669 -10.4272 0.0887023 -5.00857 -1.94206
104.96 -3.56544 -0.093082 0.607882 -14.097 -1.06465 2.97417 -1.79391 -3.6798 3.20848 3.08744 -13.6585 0.204836 -0.17788 -4.14819 -0.678918 6.62809 4.97504 -14.1717 4.03974 -2.87523 -5.03888 5.39039 5.33173 1.66147 -14.8435 5.30928 -1.51171 -2.39065 4.17504 2.79621 0.0460445 -14.4858 3.64802 1.73082 1.05848 0.706127 0.123871 1.12271 -14.3559 0.623879 3.46623 0.390243 -5.51088 5.26444 5.81835 -10.3936 -0.0831645 -4.75607 -1.6001
105.01 -3.20623 -0.305569 0.48445 -14.1899 -1.11449 3.09197 -1.65126 -3.49848 2.77909 2.75379 -13.655 -0.00866781 0.199065 -3.77492 -1.61531 6.33792 5.08259 -14.0072 3.3276 -2.86629 -5.05152 5.12886 5.65867 2.11258 -14.7984 5.3818 -1.86027 -2.82067 4.48938 3.18373 0.0333868 -14.5202 3.97876 1.40209 0.776592 1.33527 0.162004 0.998468 -14.4367 1.1094 3.62989 0.632439 -5.55743 5.00434 5.55669 -10.3715 -0.231674 -4.51262 -1.25595
105.06 -2.87462 -0.475007 0.385612 -14.2768 -1.14855 3.18244 -1.52062 -3.28495 2.34367 2.47206 -13.6782 -0.188383 0.573251 -3.42725 -2.40102 5.99672 5.08865 -13.8474 2.64174 -2.73698 -4.91144 4.73595 5.9657 2.5705 -14.741 5.44113 -2.18021 -3.25997 4.753 3.57259 0.0913817 -14.548 4.25543 1.04666 0.469661 1.98042 0.28128 0.859793 -14.51 1.67597 3.7206 0.80169 -5.5182 4.75699 5.26064 -10.3604 -0.360206 -4.27883 -0.907591
105.11 -2.56636 -0.603345 0.306836 -14.3573 -1.16585 3.25074 -1.40119 -3.05846 1.91501 2.24682 -13.7244 -0.338084 0.937994 -3.10551 -3.01009 5.638 4.99173 -13.7004 2.04732 -2.50105 -4.64688 4.22242 6.24969 3.01973 -14.6723 5.4855 -2.46717 -3.68979 4.96537 3.96086 0.235016 -14.5697 4.48818 0.671608 0.142845 2.58673 0.453303 0.709752 -14.5763 2.25256 3.72244 0.877325 -5.38692 4.52191 4.93808 -10.3594 -0.471494 -4.05492 -0.557959
105.16 -2.27706 -0.693132 0.244317 -14.4316 -1.16511 3.30172 -1.29226 -2.83124 1.50447 2.0752 -13.789 -0.460619 1.28553 -2.80882 -3.4602 5.27162 4.79721 -13.5729 1.5484 -2.1917 -4.31045 3.61038 6.50559 3.44794 -14.5926 5.50929 -2.71735 -4.0947 5.12165 4.34423 0.472294 -14.5845 4.68496 0.282056 -0.201985 3.12368 0.653601 0.551232 -14.6363 2.78241 3.62986 0.853582 -5.16 4.29874 4.59567 -10.3675 -0.567696 -3.84085 -0.21347
105.21 -2.00233 -0.747024 0.194923 -14.4998 -1.14471 3.33952 -1.19319 -2.61051 1.12085 1.94947 -13.8667 -0.558178 1.60788 -2.5355 -3.76874 4.89892 4.51661 -13.4695 1.13037 -1.83949 -3.9474 2.9277 6.72428 3.84582 -14.5007 5.49953 -2.92753 -4.46355 5.21487 4.71802 0.798567 -14.5904 4.85195 -0.116889 -0.563589 3.5886 0.869262 0.387021 -14.6916 3.24173 3.45351 0.746194 -4.83559 4.08723 4.24041 -10.3838 -0.650365 -3.6364 0.119239
105.26 -1.73772 -0.767407 0.156114 -14.562 -1.10265 3.36744 -1.10341 -2.39947 0.771087 1.86014 -13.9524 -0.632476 1.89816 -2.28346 -3.94276 4.51942 4.16922 -13.3934 0.777955 -1.46494 -3.58638 2.19424 6.88931 4.2069 -14.3942 5.43004 -3.09523 -4.78755 5.23586 5.07841 1.19472 -14.5855 4.99397 -0.519175 -0.940357 3.99157 1.09611 0.220241 -14.7443 3.63009 3.21346 0.581522 -4.41534 3.88744 3.88047 -10.407 -0.720289 -3.44126 0.435304
105.31 -1.47864 -0.756099 0.125864 -14.6187 -1.03641 3.38789 -1.02252 -2.19841 0.461019 1.79815 -14.0418 -0.684848 2.15182 -2.05035 -3.98606 4.13214 3.78195 -13.3463 0.479057 -1.07986 -3.2428 1.40654 6.97271 4.5257 -14.2705 5.25431 -3.21831 -5.05782 5.17141 5.42281 1.6311 -14.5692 5.11472 -0.918012 -1.33126 4.34458 1.33426 0.0547432 -14.7975 3.95632 2.92974 0.382823 -3.90786 3.69996 3.52417 -10.4363 -0.777062 -3.25506 0.731928
105.36 -1.22008 -0.714103 0.102581 -14.67 -0.942729 3.40252 -0.950219 -2.00569 0.195393 1.7559 -14.1316 -0.716263 2.36721 -1.83362 -3.91184 3.73473 3.38486 -13.3287 0.224667 -0.690382 -2.92371 0.536639 6.93419 4.79393 -14.1293 4.9057 -3.29305 -5.26265 5.00438 5.74948 2.07558 -14.5424 5.21688 -1.30679 -1.73781 4.65746 1.58515 -0.104706 -14.8544 4.23069 2.61772 0.164352 -3.32974 3.52651 3.17852 -10.4706 -0.8182 -3.07742 1.00792
105.41 -0.956389 -0.641388 0.0850462 -14.7164 -0.817319 3.41234 -0.886446 -1.81857 -0.0228225 1.72743 -14.2192 -0.727279 2.54539 -1.63064 -3.74865 3.32328 3.00485 -13.3403 0.00813624 -0.299711 -2.63125 -0.423146 6.74124 4.99579 -13.9746 4.33934 -3.30914 -5.38235 4.71979 6.05714 2.50209 -14.5067 5.3019 -1.67993 -2.16421 4.93739 1.84988 -0.252417 -14.9175 4.46225 2.28759 -0.0682954 -2.70144 3.37084 2.84871 -10.5092 -0.837447 -2.90798 1.26307
105.46 -0.680825 -0.536648 0.0723794 -14.7581 -0.65449 3.41772 -0.831454 -1.63348 -0.192959 1.70828 -14.3031 -0.717938 2.6894 -1.43861 -3.5319 2.89661 2.66207 -13.3799 -0.175476 0.0894241 -2.36482 -1.38105 6.41524 5.10721 -13.8145 3.62246 -3.24427 -5.38441 4.31656 6.34433 2.89681 -14.4634 5.3696 -2.03321 -2.61087 5.18925 2.12873 -0.381799 -14.9869 4.65835 1.94537 -0.315144 -2.03895 3.24056 2.53864 -10.5511 -0.821849 -2.74654 1.49766
105.51 -0.38516 -0.39704 0.0640228 -14.7952 -0.446705 3.41844 -0.786014 -1.44613 -0.316253 1.69515 -14.3822 -0.687593 2.80351 -1.25451 -3.28963 2.46178 2.36986 -13.4453 -0.329875 0.472917 -2.12229 -2.20572 6.02007 5.10559 -13.6589 2.90208 -3.07526 -5.24072 3.8136 6.60873 3.25931 -14.413 5.4171 -2.3636 -3.0665 5.41622 2.42164 -0.485241 -15.0603 4.82489 1.59418 -0.578069 -1.34437 3.14985 2.25234 -10.5952 -0.747058 -2.59316 1.71192
105.56 -0.0594499 -0.217984 0.0597742 -14.8281 -0.184373 3.41344 -0.7518 -1.25132 -0.394728 1.68553 -14.4562 -0.634645 2.8925 -1.0751 -3.03774 2.03157 2.13439 -13.5328 -0.457774 0.844462 -1.9007 -2.84642 5.601 4.97965 -13.517 2.2676 -2.8049 -4.96346 3.23774 6.8459 3.5964 -14.3549 5.4371 -2.66876 -3.51243 5.61989 2.72922 -0.553737 -15.1331 4.96662 1.23545 -0.858137 -0.59737 3.12361 1.99607 -10.6403 -0.570618 -2.44857 1.9054
105.61 0.307267 0.00662698 0.0598878 -14.8568 0.143395 3.40036 -0.732121 -1.04259 -0.430127 1.6774 -14.5246 -0.556119 2.96101 -0.896787 -2.78446 1.61868 1.95425 -13.6377 -0.561028 1.19591 -1.69653 -3.3091 5.17589 4.73247 -13.396 1.73457 -2.46202 -4.60089 2.60794 7.04743 3.91341 -14.2869 5.41457 -2.94646 -3.93111 5.80004 3.05428 -0.576039 -15.1998 5.08746 0.870266 -1.15516 0.2469 3.20066 1.78213 -10.6842 -0.227756 -2.31512 2.07558
105.66 0.723743 0.282986 0.065294 -14.8813 0.545344 3.37472 -0.733259 -0.811804 -0.423133 1.66879 -14.5876 -0.447039 3.01298 -0.715889 -2.53419 1.23378 1.82237 -13.7543 -0.640744 1.51866 -1.50592 -3.60495 4.74986 4.38314 -13.3008 1.28993 -2.07845 -4.20249 1.9273 7.19794 4.21071 -14.2054 5.32166 -3.19369 -4.30817 5.95373 3.40243 -0.537147 -15.2549 5.19065 0.500999 -1.4687 1.22345 3.42062 1.6348 -10.7234 0.340657 -2.19961 2.21423
105.71 1.18926 0.613774 0.0779945 -14.9013 1.02016 3.32837 -0.766496 -0.5489 -0.372663 1.65735 -14.6451 -0.299571 3.05133 -0.529293 -2.28832 0.885983 1.72915 -13.877 -0.697369 1.80569 -1.32462 -3.73805 4.32279 3.96558 -13.2339 0.917224 -1.67671 -3.80183 1.17919 7.27142 4.48438 -14.1055 5.11187 -3.40528 -4.62995 6.0731 3.77826 -0.417001 -15.2929 5.27896 0.132935 -1.79955 2.25928 3.77463 1.59156 -10.7528 1.09289 -2.11907 2.30018
105.76 1.68557 0.993582 0.101654 -14.9165 1.54702 3.24859 -0.849547 -0.242254 -0.275167 1.63976 -14.6975 -0.102154 3.07765 -0.336016 -2.04535 0.583289 1.66488 -14.001 -0.73068 2.05302 -1.148 -3.71767 3.89147 3.52131 -13.1957 0.603168 -1.2697 -3.41735 0.334309 7.23235 4.72649 -13.9842 4.72444 -3.57114 -4.8795 6.14257 4.1775 -0.193465 -15.3097 5.35471 -0.225016 -2.15112 3.19002 4.19722 1.68505 -10.7667 1.87798 -2.10329 2.29747
105.81 2.17872 1.40844 0.142308 -14.9262 2.0862 3.12014 -1.00331 0.120075 -0.124319 1.6115 -14.7448 0.160524 3.09186 -0.139209 -1.8011 0.332002 1.62099 -14.1224 -0.739604 2.26016 -0.971055 -3.57283 3.45133 3.089 -13.1858 0.338099 -0.863961 -3.05735 -0.600352 7.05912 4.92419 -13.8429 4.13357 -3.67137 -5.03095 6.13966 4.58688 0.147539 -15.3027 5.41985 -0.561811 -2.52831 3.91625 4.63461 1.9204 -10.7611 2.58039 -2.17917 2.17782
105.86 2.63386 1.84199 0.209068 -14.929 2.59611 2.93265 -1.24114 0.547322 0.0878602 1.56773 -14.7872 0.504601 3.09145 0.0523949 -1.54884 0.135919 1.59022 -14.2381 -0.721824 2.42948 -0.788639 -3.34822 3.00151 2.69788 -13.2029 0.115181 -0.462643 -2.72403 -1.5232 6.7825 5.06191 -13.6884 3.42391 -3.67472 -5.04851 6.04443 4.9907 0.601367 -15.2719 5.47593 -0.86717 -2.9305 4.41437 5.06397 2.27178 -10.7355 3.16594 -2.3483 1.9482
105.91 3.02767 2.28193 0.314836 -14.9232 3.05083 2.68733 -1.55895 1.03903 0.36686 1.50539 -14.8251 0.938001 3.07019 0.223843 -1.2796 -0.00338856 1.56625 -14.346 -0.673077 2.56522 -0.59608 -3.085 2.54911 2.36643 -13.2453 -0.0704055 -0.0676318 -2.41598 -2.32037 6.46143 5.12864 -13.5301 2.73132 -3.55672 -4.91097 5.84666 5.37426 1.14176 -15.2194 5.52414 -1.13408 -3.34588 4.6852 5.47745 2.69253 -10.6942 3.64385 -2.58959 1.64188
105.96 3.34813 2.72121 0.476906 -14.9061 3.44287 2.39519 -1.93752 1.57545 0.708853 1.42524 -14.8585 1.44629 3.01659 0.353832 -0.982742 -0.0849715 1.54295 -14.4448 -0.586125 2.67236 -0.390595 -2.80932 2.10565 2.10216 -13.3109 -0.222027 0.319103 -2.12959 -2.95989 6.13123 5.12084 -13.3769 2.12676 -3.32449 -4.64165 5.538 5.7248 1.72649 -15.1491 5.56515 -1.35992 -3.75754 4.7434 5.8723 3.13081 -10.646 4.03423 -2.87704 1.29204
106.01 3.58701 3.1554 0.716775 -14.8745 3.77571 2.06994 -2.35286 2.11843 1.09779 1.33223 -14.888 1.98796 2.91509 0.417636 -0.646907 -0.106567 1.51363 -14.5338 -0.44954 2.75569 -0.173114 -2.53377 1.68171 1.90248 -13.3967 -0.34192 0.694527 -1.8599 -3.45916 5.80176 5.03927 -13.2357 1.6183 -3.00928 -4.29239 5.10669 6.03233 2.30933 -15.0649 5.59879 -1.546 -4.15126 4.62774 6.24746 3.54437 -10.6034 4.35492 -3.18974 0.919147
106.06 3.73213 3.58028 1.05765 -14.8243 4.05652 1.72287 -2.78397 2.63015 1.51256 1.23456 -14.9144 2.51287 2.75284 0.396919 -0.26024 -0.0631493 1.47132 -14.6128 -0.246771 2.81884 0.0509598 -2.26177 1.28542 1.75811 -13.4988 -0.431316 1.05404 -1.6012 -3.84094 5.47137 4.8859 -13.1118 1.19226 -2.64385 -3.91034 4.54992 6.29043 2.85368 -14.9702 5.62332 -1.69627 -4.51751 4.39859 6.60234 3.90761 -10.5784 4.61888 -3.51323 0.531849
106.11 3.76045 3.99115 1.51837 -14.7516 4.29215 1.36165 -3.2153 3.08949 1.93681 1.1427 -14.9399 2.98668 2.5282 0.290031 0.189379 0.0533912 1.4105 -14.6821 0.0431117 2.86343 0.272605 -1.99045 0.92309 1.65702 -13.6122 -0.490333 1.39173 -1.34726 -4.1184 5.13533 4.66361 -13.0092 0.833101 -2.25244 -3.52584 3.88938 6.49574 3.3397 -14.8663 5.63359 -1.81587 -4.8502 4.11779 6.93644 4.21055 -10.5785 4.83493 -3.838 0.132484
106.16 3.62843 4.38292 2.10444 -14.6531 4.48705 0.991363 -3.63624 3.49102 2.36219 1.06898 -14.9697 3.39729 2.25092 0.109323 0.709646 0.251739 1.32917 -14.7424 0.439257 2.88787 0.479798 -1.71252 0.600498 1.58714 -13.7316 -0.517566 1.70129 -1.09178 -4.2939 4.79007 4.37855 -12.9309 0.528158 -1.85056 -3.15482 3.16447 6.64509 3.76222 -14.7526 5.61786 -1.90982 -5.14476 3.83049 7.24935 4.45385 -10.6044 5.00918 -4.15794 -0.277633
106.21 3.26277 4.74895 2.79988 -14.5277 4.64013 0.616435 -4.03972 3.83587 2.78604 1.02795 -15.013 3.74673 1.93488 -0.132387 1.29076 0.5335 1.22947 -14.7943 0.942769 2.88545 0.656178 -1.4178 0.324042 1.53729 -13.8521 -0.509303 1.97729 -0.82947 -4.36342 4.43433 4.04351 -12.8792 0.267792 -1.44704 -2.80364 2.40658 6.73092 4.12351 -14.6272 5.55245 -1.98221 -5.3966 3.56017 7.54082 4.64403 -10.6525 5.1462 -4.46918 -0.696112
106.26 2.57797 5.07591 3.5658 -14.3771 4.73557 0.242745 -4.42046 4.12389 3.20745 1.03667 -15.0801 4.04223 1.59203 -0.432526 1.89493 0.884512 1.1168 -14.8382 1.51894 2.84266 0.779258 -1.09521 0.101643 1.49687 -13.9697 -0.458421 2.21609 -0.558292 -4.32498 4.06807 3.6787 -12.8551 0.0447173 -1.04623 -2.47286 1.61851 6.73609 4.42572 -14.4885 5.39533 -2.03519 -5.59991 3.3119 7.8108 4.79008 -10.7176 5.24969 -4.76927 -1.12066
106.31 1.5282 5.32724 4.34533 -14.2064 4.71276 -0.119814 -4.77206 4.34806 3.62419 1.11339 -15.1705 4.29164 1.2305 -0.799167 2.47228 1.27823 0.998606 -14.8749 2.10599 2.74211 0.824466 -0.734056 -0.056954 1.45529 -14.0816 -0.353154 2.41618 -0.281342 -4.18776 3.69042 3.30809 -12.8589 -0.146575 -0.649782 -2.15969 0.77324 6.63119 4.66434 -14.3369 5.08406 -2.06737 -5.74617 3.07685 8.0592 4.90167 -10.7942 5.3225 -5.05671 -1.55151
106.36 0.0850876 5.41184 5.05665 -14.0252 4.41116 -0.452109 -5.07904 4.48847 4.03226 1.27402 -15.2667 4.50181 0.855485 -1.24568 2.99015 1.69009 0.883566 -14.9049 2.64956 2.57264 0.778256 -0.32312 -0.140363 1.40256 -14.1861 -0.176181 2.57775 -0.00614133 -3.97401 3.29873 2.95365 -12.89 -0.310216 -0.25853 -1.85946 -0.150583 6.38679 4.82156 -14.1773 4.56325 -2.07005 -5.82041 2.8359 8.2854 4.98867 -10.8773 5.36587 -5.33057 -1.99228
106.41 -1.68094 5.25801 5.57746 -13.8485 3.72295 -0.713712 -5.29802 4.51051 4.42701 1.52778 -15.3446 4.67828 0.471056 -1.78701 3.44021 2.10577 0.781543 -14.929 3.12364 2.33737 0.646629 0.150195 -0.136164 1.33156 -14.2821 0.0947075 2.70145 0.257474 -3.70966 2.89158 2.63171 -12.9468 -0.449214 0.125529 -1.56636 -1.08835 6.01427 4.86465 -14.0186 3.86719 -2.02156 -5.79473 2.56594 8.4874 5.06206 -10.9618 5.37818 -5.59022 -2.44501
106.46 -3.35194 4.99013 5.82273 -13.6899 2.92878 -0.850536 -5.36638 4.39157 4.8042 1.87516 -15.3887 4.82509 0.0819461 -2.41403 3.82709 2.52002 0.704244 -14.9484 3.52569 2.04992 0.447702 0.694812 -0.0334725 1.23973 -14.3693 0.480167 2.78658 0.497849 -3.41189 2.47501 2.35263 -13.0264 -0.565551 0.497636 -1.27398 -1.902 5.57464 4.76297 -13.8715 3.13281 -1.89203 -5.63579 2.24948 8.6608 5.13514 -11.0418 5.35345 -5.83507 -2.90092
106.51 -4.7025 4.71111 5.81373 -13.5558 2.24247 -0.846792 -5.27345 4.13115 5.16008 2.30371 -15.3942 4.94466 -0.305364 -3.08506 4.15756 2.93246 0.66608 -14.9657 3.86373 1.72532 0.200264 1.30091 0.169334 1.12875 -14.4477 0.981344 2.82836 0.699398 -3.08587 2.06272 2.12042 -13.125 -0.660024 0.850362 -0.976558 -2.50775 5.12066 4.51346 -13.7453 2.46988 -1.6691 -5.33951 1.87521 8.79783 5.22136 -11.1103 5.27998 -6.06418 -3.34081
106.56 -5.74701 4.43636 5.60984 -13.4481 1.68227 -0.729192 -5.06484 3.72706 5.49058 2.785 -15.363 5.03659 -0.682575 -3.75826 4.43496 3.34343 0.684325 -14.9838 4.14805 1.37494 -0.0826676 1.92793 0.455538 1.00291 -14.5172 1.56012 2.81558 0.840327 -2.73209 1.67069 1.93134 -13.2374 -0.731847 1.17545 -0.671484 -2.89052 4.67427 4.14662 -13.646 1.90981 -1.36988 -4.94343 1.42942 8.88582 5.32881 -11.159 5.13824 -6.2758 -3.74314
106.61 -6.53065 4.16027 5.26631 -13.3673 1.22307 -0.531426 -4.79214 3.17937 5.78931 3.28244 -15.2992 5.09484 -1.04029 -4.40334 4.65712 3.75116 0.777028 -15.0044 4.3879 1.00594 -0.394992 2.52318 0.794551 0.86762 -14.5781 2.1499 2.73339 0.897216 -2.35257 1.31422 1.77447 -13.3582 -0.778119 1.46621 -0.36122 -3.0624 4.23974 3.71366 -13.5764 1.44462 -1.02183 -4.49655 0.889875 8.90515 5.45783 -11.18 4.89811 -6.46632 -4.08755
106.66 -7.07856 3.87495 4.82851 -13.3139 0.841133 -0.278309 -4.49129 2.50379 6.04384 3.76269 -15.2059 5.10179 -1.36888 -4.99871 4.81658 4.15172 0.957802 -15.0249 4.59081 0.622869 -0.734913 3.05449 1.1581 0.728552 -14.631 2.69411 2.57376 0.859417 -1.95013 1.00699 1.63527 -13.4826 -0.793191 1.71903 -0.0520857 -3.05543 3.81375 3.26735 -13.5366 1.05858 -0.645944 -4.03528 0.228759 8.8297 5.60332 -11.1688 4.52194 -6.62798 -4.35353
106.71 -7.3941 3.57407 4.33443 -13.2882 0.519148 0.0140509 -4.18374 1.72223 6.23004 4.20018 -15.0843 5.01855 -1.65878 -5.52647 4.90159 4.54069 1.22925 -15.039 4.76277 0.229715 -1.10185 3.51626 1.52867 0.591665 -14.6766 3.16712 2.3431 0.737982 -1.52488 0.760579 1.50058 -13.6066 -0.767752 1.93366 0.248819 -2.92229 3.39001 2.84789 -13.5259 0.738355 -0.254121 -3.58043 -0.559718 8.63983 5.75754 -11.1271 3.99181 -6.74492 -4.51679
106.76 -7.47371 3.25277 3.81684 -13.2902 0.244798 0.334776 -3.8816 0.836274 6.307 4.57342 -14.9349 4.77692 -1.89944 -5.96738 4.89552 4.91435 1.57914 -15.0393 4.90847 -0.168597 -1.49596 3.9164 1.89792 0.463661 -14.716 3.56738 2.05748 0.556619 -1.07191 0.584753 1.36193 -13.7272 -0.68747 2.11218 0.535591 -2.71855 2.96376 2.47919 -13.5426 0.474228 0.147815 -3.14149 -1.41324 8.34914 5.9116 -11.0616 3.35869 -6.79184 -4.54902
106.81 -7.33066 2.90625 3.30266 -13.3191 0.00909216 0.674975 -3.59145 -0.160524 6.22885 4.8575 -14.7611 4.30578 -2.07532 -6.29493 4.7757 5.26996 1.98287 -15.0213 5.03137 -0.565626 -1.91939 4.26549 2.26318 0.352616 -14.751 3.90359 1.73329 0.337084 -0.5804 0.489436 1.21567 -13.8425 -0.53132 2.25785 0.803744 -2.48158 2.5363 2.1724 -13.5845 0.259369 0.556509 -2.72071 -2.22782 8.00212 6.05655 -10.9806 2.72442 -6.74759 -4.43561
106.86 -7.00854 2.53189 2.8118 -13.3726 -0.194738 1.02517 -3.31671 -1.1884 5.99723 5.02256 -14.5718 3.63585 -2.16026 -6.47029 4.52041 5.60536 2.41207 -14.9838 5.13348 -0.953909 -2.37238 4.57222 2.62521 0.268514 -14.7836 4.18634 1.38248 0.0921299 -0.0343431 0.486957 1.06154 -13.951 -0.271096 2.37366 1.04927 -2.22663 2.11481 1.92958 -13.6485 0.0893018 0.96834 -2.31578 -2.94069 7.63771 6.18386 -10.8919 2.15792 -6.615 -4.1978
106.91 -6.56916 2.1358 2.3584 -13.447 -0.371885 1.37414 -3.05892 -2.08959 5.67681 5.0492 -14.3801 2.92173 -2.12617 -6.4584 4.12486 5.91827 2.8443 -14.9277 5.21468 -1.32594 -2.84342 4.84219 2.9869 0.223614 -14.8151 4.4251 1.01236 -0.173727 0.580772 0.590621 0.901182 -14.0518 0.122392 2.46057 1.26671 -1.95467 1.70853 1.74573 -13.7303 -0.0380715 1.37793 -1.92151 -3.54178 7.27583 6.28504 -10.8013 1.67552 -6.41703 -3.88061
106.96 -6.07068 1.73194 1.95232 -13.537 -0.52635 1.70991 -2.81853 -2.78774 5.32226 4.94037 -14.1982 2.27949 -1.97137 -6.2675 3.60552 6.20513 3.26577 -14.8548 5.27134 -1.67484 -3.31101 5.07759 3.35189 0.232544 -14.8449 4.62757 0.627398 -0.460122 1.25783 0.804471 0.737538 -14.1442 0.656824 2.51486 1.44591 -1.65966 1.32655 1.61071 -13.8244 -0.121988 1.77807 -1.53202 -4.04349 6.92466 6.35127 -10.7135 1.26924 -6.17911 -3.52559
107.01 -5.55658 1.33487 1.59869 -13.6372 -0.66116 2.02162 -2.59536 -3.28982 4.95444 4.71476 -14.0358 1.73686 -1.72385 -5.94922 2.98935 6.45923 3.66712 -14.7661 5.29333 -1.99449 -3.75442 5.27634 3.72208 0.311415 -14.8705 4.79991 0.231368 -0.767437 1.94905 1.10933 0.574813 -14.2279 1.28934 2.52487 1.56805 -1.33355 0.977738 1.51107 -13.9254 -0.157946 2.16071 -1.14448 -4.46153 6.58726 6.37375 -10.6319 0.926257 -5.92045 -3.15956
107.06 -5.05476 0.956363 1.29792 -13.7425 -0.778519 2.30099 -2.38884 -3.61879 4.57855 4.39961 -13.8993 1.28365 -1.41718 -5.56087 2.30001 6.66748 4.04015 -14.6614 5.25882 -2.27906 -4.15776 5.43078 4.09543 0.474476 -14.8878 4.94703 -0.171015 -1.0954 2.59071 1.46847 0.418604 -14.3022 1.9386 2.47198 1.60773 -0.9691 0.671722 1.43138 -14.0284 -0.13665 2.51815 -0.762215 -4.80814 6.26457 6.3449 -10.5591 0.635083 -5.65356 -2.79636
107.11 -4.58044 0.605676 1.04681 -13.8489 -0.879915 2.54307 -2.19821 -3.7912 4.19488 4.02781 -13.7919 0.903595 -1.07607 -5.14452 1.54322 6.80592 4.37686 -14.5391 5.12696 -2.52222 -4.50804 5.52706 4.46674 0.728209 -14.8931 5.07291 -0.573484 -1.44353 3.14811 1.85019 0.276031 -14.3671 2.53566 2.34143 1.54793 -0.558627 0.419976 1.35596 -14.1297 -0.0430641 2.84362 -0.393388 -5.09049 5.95667 6.2598 -10.4967 0.386523 -5.38619 -2.44121
107.16 -4.13999 0.290132 0.840097 -13.9534 -0.966207 2.74628 -2.02262 -3.82353 3.80139 3.63399 -13.7152 0.582966 -0.715549 -4.7263 0.699734 6.83717 4.66762 -14.399 4.83481 -2.71555 -4.79149 5.54598 4.83025 1.06619 -14.8837 5.18072 -0.968728 -1.81295 3.61984 2.23756 0.156072 -14.4223 3.05014 2.13426 1.39497 -0.0911704 0.236635 1.27204 -14.2267 0.143842 3.13117 -0.0476042 -5.31053 5.66326 6.11739 -10.4459 0.173355 -5.12303 -2.09407
107.21 -3.73441 0.0150344 0.671764 -14.054 -1.03772 2.91195 -1.86115 -3.74257 3.39414 3.24892 -13.6692 0.311465 -0.344273 -4.32119 -0.243952 6.7244 4.89771 -14.2437 4.32744 -2.8447 -4.98783 5.4645 5.18121 1.46903 -14.8591 5.27293 -1.34944 -2.20729 4.01839 2.6248 0.0699301 -14.4682 3.48105 1.86517 1.17258 0.445342 0.137502 1.17244 -14.3177 0.447687 3.37457 0.26522 -5.46512 5.38386 5.92094 -10.407 -0.0101377 -4.86686 -1.7516
107.26 -3.3617 -0.216827 0.5358 -14.1495 -1.09431 3.04346 -1.71292 -3.58426 2.97075 2.89575 -13.653 0.0814792 0.0320708 -3.9372 -1.21424 6.47602 5.04702 -14.08 3.64706 -2.88465 -5.06467 5.2611 5.51614 1.91081 -14.82 5.35128 -1.70912 -2.62795 4.35657 3.0119 0.0312649 -14.5058 3.83961 1.55156 0.905068 1.05125 0.133737 1.05546 -14.4018 0.880691 3.56538 0.532796 -5.5469 5.11796 5.67737 -10.3799 -0.168534 -4.6193 -1.40891
107.31 -3.01838 -0.405155 0.42667 -14.2391 -1.13547 3.1454 -1.57706 -3.38208 2.53649 2.58998 -13.6648 -0.112673 0.408229 -3.57805 -2.07499 6.15126 5.09878 -13.917 2.93615 -2.80898 -4.99154 4.92581 5.83232 2.36789 -14.7679 5.41653 -2.0423 -3.06544 4.64239 3.40022 0.0559254 -14.5364 4.13883 1.20689 0.608275 1.69644 0.220149 0.922808 -14.4784 1.4194 3.69054 0.737195 -5.54664 4.86502 5.39549 -10.364 -0.305543 -4.38118 -1.06236
107.36 -2.70031 -0.551407 0.339518 -14.3224 -1.16033 3.2229 -1.45276 -3.15948 2.10328 2.33966 -13.7014 -0.27527 0.77806 -3.24487 -2.76122 5.79812 5.04715 -13.7635 2.29831 -2.61672 -4.77615 4.46361 6.12698 2.82265 -14.7041 5.46793 -2.34437 -3.50165 4.87785 3.78918 0.160071 -14.5609 4.38993 0.839828 0.289917 2.32566 0.372414 0.77743 -14.5477 2.00027 3.73332 0.856255 -5.45671 4.62456 5.08381 -10.3586 -0.42417 -4.15289 -0.71263
107.41 -2.40316 -0.657941 0.270222 -14.3995 -1.16776 3.28099 -1.33927 -2.93143 1.68348 2.14503 -13.7585 -0.409535 1.13422 -2.93726 -3.27906 5.4347 4.89484 -13.6267 1.75845 -2.33562 -4.46508 3.89189 6.39615 3.26151 -14.6293 5.50189 -2.61128 -3.9192 5.05975 4.17532 0.355586 -14.579 4.60179 0.456103 -0.0470778 2.89502 0.562466 0.622325 -14.6104 2.5557 3.68218 0.875782 -5.27249 4.39615 4.74939 -10.3629 -0.526826 -3.93448 -0.364988
107.46 -2.12251 -0.727416 0.21536 -14.4703 -1.15629 3.32417 -1.2359 -2.70721 1.287 2.00011 -13.831 -0.517922 1.46867 -2.65382 -3.64887 5.06482 4.6505 -13.5121 1.30661 -1.99925 -4.10931 3.23718 6.63283 3.67377 -14.5431 5.50928 -2.83953 -4.30518 5.18188 4.55389 0.64396 -14.5891 4.78131 0.0606368 -0.401429 3.39101 0.772243 0.460281 -14.6675 3.04733 3.54077 0.802451 -4.99134 4.17949 4.39887 -10.3756 -0.615341 -3.7258 -0.0263333
107.51 -1.85398 -0.762379 0.172141 -14.5351 -1.1241 3.35612 -1.14206 -2.49169 0.921458 1.89583 -13.9138 -0.602339 1.77388 -2.39263 -3.88209 4.68842 4.32977 -13.4236 0.92683 -1.6327 -3.74482 2.52497 6.8243 4.05182 -14.4434 5.47063 -3.02631 -4.65009 5.23621 4.9206 1.01234 -14.5891 4.93387 -0.34098 -0.771683 3.8199 0.994285 0.294214 -14.7211 3.46633 3.32629 0.659866 -4.61298 3.97448 4.03995 -10.3959 -0.690876 -3.52658 0.297566
107.56 -1.59304 -0.764932 0.13832 -14.5943 -1.06893 3.37963 -1.05728 -2.28632 0.593144 1.82277 -14.002 -0.664282 2.04414 -2.15144 -3.98251 4.30477 3.9565 -13.3635 0.605504 -1.25126 -3.39226 1.7636 6.9482 4.3901 -14.3275 5.34922 -3.16945 -4.94536 5.21155 5.27235 1.43493 -14.5778 5.06365 -0.742195 -1.15633 4.19367 1.22728 0.127616 -14.7737 3.8188 3.05971 0.473907 -4.14253 3.78142 3.68106 -10.4226 -0.75363 -3.33647 0.603031
107.61 -1.3349 -0.736469 0.112122 -14.6479 -0.987862 3.39668 -0.981197 -2.09019 0.307339 1.7726 -14.092 -0.704886 2.27651 -1.92777 -3.95771 3.91227 3.56012 -13.3329 0.33234 -0.863219 -3.06183 0.934145 6.96907 4.68213 -14.1939 5.08587 -3.26633 -5.18098 5.09216 5.60704 1.87958 -14.5555 5.17379 -1.13619 -1.55554 4.52329 1.47235 -0.0351609 -14.8285 4.11492 2.75867 0.263043 -3.59325 3.60144 3.32995 -10.4548 -0.802191 -3.15508 0.88823
107.66 -1.07424 -0.677441 0.0921685 -14.6965 -0.877116 3.40854 -0.913638 -1.90099 0.0678994 1.73866 -14.1807 -0.7249 2.47089 -1.71904 -3.82962 3.5075 3.16963 -13.3316 0.0997357 -0.472763 -2.75751 0.00996506 6.84607 4.91597 -14.0444 4.61617 -3.3104 -5.34163 4.86091 5.92328 2.31658 -14.5235 5.26632 -1.51686 -1.97263 4.81709 1.73086 -0.188831 -14.8887 4.36444 2.4356 0.0364309 -2.98472 3.43723 2.99259 -10.4917 -0.832251 -2.98204 1.1526
107.71 -0.80485 -0.587141 0.0774334 -14.7402 -0.731674 3.41588 -0.854698 -1.71548 -0.123475 1.71585 -14.2664 -0.724611 2.62956 -1.52251 -3.63243 3.08725 2.80832 -13.359 -0.0979367 -0.0825547 -2.47974 -0.966517 6.57209 5.07064 -13.8855 3.94908 -3.2848 -5.40038 4.50901 6.21975 2.72617 -14.4835 5.34185 -1.87938 -2.41094 5.0809 2.00346 -0.327206 -14.9555 4.57544 2.09821 -0.203921 -2.33608 3.29443 2.67333 -10.5322 -0.834283 -2.81708 1.39625
107.76 -0.519215 -0.463439 0.0672149 -14.7793 -0.544867 3.41875 -0.804885 -1.52971 -0.267288 1.7004 -14.3478 -0.703703 2.75635 -1.33529 -3.39884 2.65465 2.49249 -13.4133 -0.264887 0.30408 -2.22696 -1.86218 6.19996 5.12129 -13.7266 3.21373 -3.16361 -5.32275 4.04695 6.49463 3.10231 -14.4362 5.39888 -2.22022 -2.86471 5.31861 2.29014 -0.443155 -15.0276 4.75443 1.75075 -0.459509 -1.65672 3.18386 2.37592 -10.5754 -0.789703 -2.66009 1.61951
107.81 -0.208143 -0.302535 0.0611456 -14.8141 -0.308003 3.41647 -0.76541 -1.33892 -0.365366 1.68949 -14.4241 -0.661042 2.85587 -1.15422 -3.14987 2.22072 2.23163 -13.4916 -0.404248 0.681836 -1.9965 -2.58542 5.78801 5.05093 -13.5776 2.53595 -2.93565 -5.10008 3.50031 6.74461 3.44976 -14.3817 5.43236 -2.53683 -3.31729 5.53251 2.59104 -0.528359 -15.1012 4.90663 1.39523 -0.731945 -0.937146 3.12511 2.1053 -10.6203 -0.66499 -2.51144 1.82234
107.86 0.139078 -0.0989196 0.059259 -14.8446 -0.0105557 3.40737 -0.738733 -1.13725 -0.419684 1.68094 -14.495 -0.594324 2.93292 -0.975879 -2.89648 1.79872 2.02758 -13.5895 -0.518241 1.04326 -1.78506 -3.12519 5.36446 4.85609 -13.4466 1.95878 -2.62066 -4.76856 2.89296 6.96333 3.77532 -14.3185 5.43121 -2.827 -3.74998 5.72324 2.90782 -0.57271 -15.1714 5.03628 1.03273 -1.02153 -0.142527 3.15084 1.87048 -10.665 -0.404934 -2.37258 2.00339
107.91 0.532823 0.153866 0.0621488 -14.871 0.357859 3.38805 -0.729606 -0.917363 -0.431481 1.6728 -14.5604 -0.499554 2.99179 -0.796571 -2.64453 1.40022 1.87543 -13.7016 -0.608291 1.37973 -1.58895 -3.49413 4.93863 4.54861 -13.3396 1.4771 -2.2517 -4.38084 2.23568 7.13894 4.08161 -14.2435 5.374 -3.08819 -4.14712 5.88927 3.24494 -0.563093 -15.2323 5.14692 0.664831 -1.32776 0.775554 3.30431 1.68965 -10.7069 0.0600946 -2.2478 2.15766
107.96 0.977696 0.460641 0.0712802 -14.893 0.801639 3.35217 -0.746824 -0.670044 -0.400548 1.66296 -14.6203 -0.370281 3.03589 -0.612792 -2.39672 1.03493 1.76632 -13.8222 -0.675131 1.68329 -1.40407 -3.69892 4.51225 4.15636 -13.26 1.0744 -1.85591 -3.97813 1.52079 7.25053 4.36647 -14.1523 5.22304 -3.31643 -4.49517 6.02524 3.60837 -0.48171 -15.2785 5.24152 0.295343 -1.6507 1.80366 3.60495 1.59533 -10.7414 0.745812 -2.14875 2.27069
108.01 1.46385 0.820027 0.0894979 -14.9104 1.30945 3.28904 -0.80525 -0.384273 -0.324503 1.64858 -14.6749 -0.196678 3.06743 -0.422376 -2.15283 0.711361 1.69036 -13.9462 -0.718845 1.94846 -1.22597 -3.7443 4.08337 3.71876 -13.2091 0.735751 -1.45013 -3.58497 0.721924 7.26578 4.62384 -14.0407 4.92152 -3.50428 -4.77924 6.1193 3.99847 -0.306483 -15.3051 5.32257 -0.0683839 -1.99249 2.79949 4.00586 1.62567 -10.7627 1.53566 -2.10017 2.31204
108.06 1.96306 1.22143 0.121698 -14.9227 1.84871 3.18393 -0.925282 -0.0480149 -0.198229 1.62566 -14.7244 0.0350236 3.08715 -0.226408 -1.90983 0.436672 1.63841 -14.0692 -0.738772 2.17326 -1.04981 -3.64964 3.64762 3.27692 -13.1868 0.449971 -1.04329 -3.21356 -0.179652 7.15183 4.8431 -13.9076 4.41784 -3.63688 -4.97815 6.15137 4.40529 -0.0182315 -15.3088 5.39219 -0.415934 -2.35786 3.62226 4.44101 1.79966 -10.7661 2.28312 -2.13344 2.24572
108.11 2.43874 1.64855 0.175543 -14.9287 2.37597 3.02321 -1.12523 0.349731 -0.0141849 1.5893 -14.769 0.341277 3.09373 -0.0310337 -1.6621 0.215834 1.60265 -14.1877 -0.733213 2.3589 -0.870446 -3.45463 3.20169 2.86463 -13.1921 0.209079 -0.639747 -2.86842 -1.12472 6.91383 5.00919 -13.7579 3.74354 -3.6873 -5.05945 6.09885 4.81348 0.387618 -15.2884 5.45212 -0.736322 -2.74977 4.22204 4.87545 2.10448 -10.7492 2.92089 -2.26292 2.06162
108.16 2.86173 2.0868 0.262168 -14.927 2.85704 2.80258 -1.4093 0.813988 0.234972 1.53535 -14.8089 0.735239 3.08279 0.151604 -1.40162 0.0512679 1.57642 -14.2993 -0.698873 2.50892 -0.682878 -3.20433 2.74912 2.50516 -13.2235 0.00744662 -0.24173 -2.54952 -1.98663 6.60612 5.10821 -13.6001 3.02952 -3.62433 -4.99062 5.94736 5.20771 0.894143 -15.2451 5.5037 -1.02086 -3.16133 4.59277 5.29648 2.50098 -10.714 3.44415 -2.47552 1.78468
108.21 3.21573 2.527 0.39687 -14.9153 3.27686 2.52949 -1.76387 1.33448 0.550365 1.46272 -14.8442 1.21403 3.04528 0.302948 -1.11837 -0.0560467 1.5536 -14.4022 -0.629978 2.6281 -0.483263 -2.93192 2.30027 2.2109 -13.2791 -0.158884 0.148964 -2.25408 -2.69538 6.2776 5.13349 -13.4436 2.38231 -3.43971 -4.77408 5.68915 5.5743 1.46503 -15.1821 5.54786 -1.26494 -3.57666 4.74202 5.69977 2.93755 -10.6674 3.87084 -2.7455 1.45075
108.26 3.49186 2.96395 0.599417 -14.8906 3.63513 2.2173 -2.1658 1.87979 0.921075 1.37455 -14.8754 1.74724 2.96697 0.399016 -0.801231 -0.104647 1.52782 -14.4956 -0.517106 2.72145 -0.270689 -2.65543 1.86653 1.98346 -13.3564 -0.292621 0.529869 -1.97766 -3.25368 5.94759 5.08439 -13.2963 1.83241 -3.15691 -4.45359 5.31352 5.9019 2.05406 -15.1037 5.58486 -1.46826 -3.97976 4.69686 6.08374 3.36626 -10.6207 4.22052 -3.04916 1.08641
108.31 3.68054 3.39351 0.892779 -14.8491 3.93807 1.87874 -2.59217 2.40912 1.32687 1.27777 -14.903 2.28515 2.83263 0.417065 -0.438591 -0.0908612 1.49208 -14.579 -0.346033 2.79319 -0.0486079 -2.38189 1.45713 1.81599 -13.4519 -0.39544 0.8971 -1.71484 -3.6852 5.61814 4.96256 -13.1642 1.37187 -2.81015 -4.0813 4.81128 6.18246 2.61896 -15.0134 5.6138 -1.6338 -4.3591 4.5099 6.44767 3.75385 -10.5867 4.5083 -3.3693 0.704975
108.36 3.76448 3.81118 1.29872 -14.7868 4.19298 1.52305 -3.02498 2.89308 1.74841 1.18193 -14.9285 2.78431 2.63498 0.347403 -0.0182755 -0.0078624 1.43996 -14.6526 -0.0974569 2.84597 0.175413 -2.11094 1.07904 1.69725 -13.561 -0.467984 1.24524 -1.45957 -4.00799 5.28517 4.77032 -13.0518 0.984842 -2.42787 -3.69518 4.19241 6.41146 3.13219 -14.9134 5.63135 -1.76634 -4.70727 4.24516 6.79103 4.08393 -10.5752 4.74469 -3.69442 0.310824
108.41 3.71067 4.21208 1.82981 -14.7 4.40562 1.15624 -3.45156 3.32025 2.17387 1.09852 -14.9555 3.22327 2.37936 0.197504 0.47048 0.153386 1.36769 -14.7168 0.249908 2.87981 0.390714 -1.83706 0.738119 1.61498 -13.6783 -0.509596 1.56801 -1.20553 -4.22893 4.94429 4.51194 -12.9624 0.657235 -2.02919 -3.31694 3.49102 6.58616 3.58282 -14.8042 5.62921 -1.87107 -5.01925 3.95658 7.11337 4.3531 -10.5899 4.93682 -4.01709 -0.0947585
108.46 3.45935 4.59056 2.48032 -14.5865 4.57795 0.782782 -3.86349 3.69001 2.59852 1.04106 -14.9914 3.59906 2.07881 -0.0182458 1.02762 0.398885 1.27562 -14.7723 0.707776 2.89054 0.583142 -1.55114 0.440352 1.55758 -13.7989 -0.517706 1.85945 -0.946752 -4.34599 4.59322 4.19695 -12.8987 0.378146 -1.62563 -2.95663 2.74542 6.70155 3.9708 -14.6843 5.58975 -1.95261 -5.29064 3.67713 7.41436 4.56579 -10.6288 5.08984 -4.33257 -0.509875
108.51 2.92501 4.93736 3.22109 -14.4467 4.70264 0.40763 -4.25493 4.00354 3.02116 1.0255 -15.047 3.91746 1.74661 -0.292018 1.62775 0.722048 1.16786 -14.8197 1.25844 2.86771 0.73296 -1.24225 0.192912 1.51429 -13.9182 -0.486852 2.11504 -0.679442 -4.35507 4.23163 3.84246 -12.8623 0.139325 -1.2233 -2.617 1.97255 6.74537 4.29919 -14.5516 5.47984 -2.01409 -5.51629 3.41945 7.69385 4.73021 -10.687 5.20778 -4.63783 -0.931909
108.56 2.0393 5.22949 4.0027 -14.284 4.74491 0.0385169 -4.62052 4.25752 3.44038 1.06988 -15.1284 4.18638 1.39258 -0.627774 2.22254 1.10032 1.05111 -14.8595 1.84864 2.79478 0.815346 -0.899488 0.00473624 1.47453 -14.0329 -0.407471 2.33234 -0.404335 -4.25955 3.85925 3.47147 -12.8538 -0.0654626 -0.824816 -2.29652 1.15708 6.69348 4.56724 -14.4055 5.24543 -2.056 -5.68915 3.18038 7.95184 4.85587 -10.7592 5.2939 -4.93101 -1.3597
108.61 0.775867 5.403 4.75702 -14.1059 4.59328 -0.310561 -4.95042 4.43861 3.85285 1.19173 -15.225 4.41316 1.02301 -1.03699 2.76906 1.50656 0.93354 -14.8924 2.41648 2.65636 0.810048 -0.512093 -0.113474 1.42785 -14.1408 -0.264767 2.51088 -0.127242 -4.0764 3.47417 3.10748 -12.873 -0.240919 -0.431134 -1.99122 0.267087 6.51304 4.7638 -14.2485 4.8208 -2.07354 -5.79784 2.94487 8.18802 4.9525 -10.84 5.35031 -5.21097 -1.79552
108.66 -0.881813 5.351 5.37834 -13.9252 4.06393 -0.610258 -5.21621 4.51755 4.25407 1.40362 -15.3136 4.60397 0.642245 -1.53506 3.24905 1.92165 0.824436 -14.919 2.92274 2.44897 0.714441 -0.0679641 -0.149626 1.36554 -14.2406 -0.0383883 2.65131 0.142814 -3.8316 3.07369 2.76952 -12.9186 -0.390528 -0.0434872 -1.69573 -0.680014 6.19173 4.862 -14.0881 4.1894 -2.05131 -5.82077 2.69044 8.40112 5.03043 -10.9246 5.37683 -5.47698 -2.24322
108.71 -2.64712 5.11316 5.74851 -13.7573 3.27306 -0.807684 -5.3572 4.46184 4.63952 1.71015 -15.3739 4.76351 0.254527 -2.12802 3.66303 2.33677 0.734585 -14.9402 3.35607 2.18267 0.542838 0.444719 -0.0915662 1.28295 -14.3318 0.294458 2.7538 0.395101 -3.54737 2.65995 2.47055 -12.9885 -0.516728 0.3347 -1.40382 -1.56437 5.77351 4.8269 -13.9346 3.45384 -1.96094 -5.72401 2.39618 8.58792 5.10188 -11.0073 5.36957 -5.72848 -2.69965
108.76 -4.1448 4.83419 5.84538 -13.612 2.52996 -0.864604 -5.33223 4.26397 5.00529 2.10535 -15.3965 4.89499 -0.134506 -2.78531 4.0178 2.74993 0.677108 -14.9581 3.72121 1.87286 0.314857 1.02675 0.0677412 1.18004 -14.4141 0.74649 2.81576 0.616154 -3.23375 2.24381 2.21755 -13.0793 -0.620878 0.697037 -1.10921 -2.26698 5.32156 4.64096 -13.7982 2.75128 -1.77881 -5.48599 2.04886 8.74229 5.18084 -11.0819 5.31958 -5.96471 -3.14932
108.81 -5.31888 4.55777 5.72043 -13.4925 1.91635 -0.79303 -5.16793 3.92406 5.34763 2.56759 -15.3811 4.99948 -0.517307 -3.46197 4.31863 3.16161 0.668098 -14.9755 4.0281 1.5328 0.0465168 1.65113 0.320289 1.06015 -14.4874 1.29819 2.82893 0.786978 -2.89217 1.84085 2.01034 -13.1862 -0.702955 1.03534 -0.807536 -2.74809 4.87056 4.32058 -13.6864 2.14533 -1.51004 -5.12792 1.63692 8.85396 5.2784 -11.1404 5.21112 -6.18438 -3.57087
108.86 -6.2135 4.28326 5.43261 -13.3997 1.41571 -0.6271 -4.91816 3.43911 5.6615 3.0624 -15.3312 5.07395 -0.884849 -4.12257 4.56589 3.57115 0.725721 -14.995 4.28662 1.17137 -0.253179 2.26618 0.639887 0.92836 -14.5521 1.89155 2.77918 0.88355 -2.52366 1.46683 1.8409 -13.304 -0.761062 1.34195 -0.498953 -3.01077 4.43088 3.91006 -13.6035 1.64001 -1.18046 -4.69806 1.14226 8.90664 5.39825 -11.1745 5.019 -6.38489 -3.9434
108.91 -6.86432 4.00294 5.03152 -13.3341 1.00204 -0.396074 -4.62639 2.81727 5.93773 3.55387 -15.2507 5.1069 -1.22752 -4.74227 4.75433 3.97545 0.866365 -15.0162 4.50506 0.794054 -0.580969 2.82786 0.995402 0.790253 -14.6086 2.46101 2.65395 0.887606 -2.13113 1.13622 1.69568 -13.4274 -0.790861 1.6118 -0.188421 -3.07756 4.00179 3.46375 -13.5506 1.22077 -0.814945 -4.23974 0.538104 8.87652 5.53729 -11.1778 4.70757 -6.5607 -4.2468
108.96 -7.28333 3.70961 4.55803 -13.2961 0.655269 -0.119527 -4.31987 2.08072 6.1582 4.01303 -15.1417 5.07024 -1.53575 -5.30215 4.87404 4.37007 1.09825 -15.0341 4.69009 0.404842 -0.935992 3.31992 1.36435 0.651632 -14.6573 2.96684 2.45312 0.800676 -1.71626 0.861582 1.56036 -13.5519 -0.784801 1.8432 0.116951 -2.99304 3.57785 3.02851 -13.5272 0.872791 -0.429194 -3.78032 -0.196829 8.73821 5.6887 -11.149 4.24438 -6.70009 -4.45895
109.01 -7.46736 3.39793 4.04715 -13.2859 0.361093 0.189778 -4.01426 1.24265 6.28963 4.41744 -15.0044 4.90885 -1.79971 -5.78422 4.91077 4.75091 1.41583 -15.0412 4.84692 0.00810878 -1.31793 3.74605 1.73477 0.518792 -14.6992 3.3986 2.18966 0.642788 -1.27654 0.653334 1.42417 -13.6744 -0.730974 2.03735 0.41061 -2.81456 3.15298 2.6353 -13.5319 0.584808 -0.0312528 -3.3337 -1.03395 8.48779 5.84396 -11.093 3.64545 -6.78143 -4.55252
109.06 -7.41938 3.06316 3.52859 -13.3031 0.109216 0.522437 -3.71823 0.292879 6.28439 4.74456 -14.8406 4.54473 -2.0068 -6.16602 4.84441 5.1148 1.79924 -15.0317 4.97958 -0.390369 -1.72802 4.11653 2.10188 0.399126 -14.7359 3.76187 1.88078 0.438003 -0.803823 0.521008 1.28147 -13.7922 -0.611512 2.19716 0.687502 -2.58924 2.72544 2.30036 -13.563 0.34881 0.374829 -2.90493 -1.8773 8.15984 5.99402 -11.0179 2.99969 -6.77891 -4.50334
109.11 -7.16951 2.70103 3.02536 -13.3461 -0.108012 0.869482 -3.43639 -0.739668 6.1153 4.96586 -14.6568 3.94835 -2.13593 -6.41419 4.65108 5.45941 2.22045 -15.0028 5.09076 -0.783473 -2.16846 4.44113 2.46508 0.301717 -14.7694 4.06703 1.54062 0.203344 -0.284098 0.475703 1.13071 -13.9038 -0.401226 2.32591 0.943578 -2.3415 2.30021 2.02943 -13.6177 0.159307 0.785811 -2.49349 -2.63894 7.79964 6.13017 -10.9318 2.39857 -6.68341 -4.31579
109.16 -6.77426 2.31314 2.5539 -13.4118 -0.296422 1.22047 -3.17098 -1.71371 5.82528 5.05478 -14.4645 3.23365 -2.15695 -6.48758 4.31673 5.78261 2.6535 -14.9547 5.18142 -1.1636 -2.63381 4.72691 2.82647 0.237783 -14.8013 4.32423 1.17838 -0.0534452 0.299383 0.530937 0.972826 -14.0081 -0.0697547 2.42572 1.17434 -2.07753 1.88604 1.82045 -13.6922 0.0131124 1.19719 -2.09525 -3.28871 7.43513 6.244 -10.8413 1.87911 -6.51106 -4.02795
109.21 -6.29563 1.91082 2.12593 -13.4956 -0.460507 1.56354 -2.92288 -2.504 5.48163 5.00435 -14.2769 2.55189 -2.05346 -6.37141 3.84921 6.08159 3.08103 -14.8891 5.24972 -1.52354 -3.10573 4.9776 3.1896 0.220925 -14.832 4.54193 0.79953 -0.330684 0.952388 0.696751 0.810198 -14.1043 0.404088 2.49537 1.37222 -1.79371 1.4922 1.6653 -13.7815 -0.0903646 1.60249 -1.70427 -3.83245 7.07864 6.32682 -10.7518 1.44065 -6.28803 -3.68546
109.26 -5.78413 1.50911 1.74875 -13.5919 -0.603706 1.88711 -2.69213 -3.09002 5.1185 4.82752 -14.1049 1.96526 -1.84266 -6.10201 3.27249 6.35135 3.49235 -14.8074 5.28891 -1.85687 -3.5621 5.19316 3.55748 0.266829 -14.8599 4.72694 0.407904 -0.628717 1.64546 0.965271 0.64646 -14.1919 1.00194 2.52701 1.52257 -1.48234 1.12758 1.5518 -13.8801 -0.148406 1.99387 -1.31585 -4.28577 6.73494 6.36972 -10.6671 1.07117 -6.03666 -3.32193
109.31 -5.27433 1.12111 1.42478 -13.6955 -0.728572 2.18162 -2.47831 -3.49322 4.74598 4.54825 -13.9563 1.47445 -1.5585 -5.73845 2.61347 6.58211 3.8789 -14.7098 5.28317 -2.15771 -3.98489 5.36858 3.92994 0.391183 -14.8814 4.8847 0.00765395 -0.947608 2.31574 1.30504 0.486582 -14.2705 1.65415 2.50439 1.60186 -1.13572 0.801326 1.46525 -13.9828 -0.153969 2.36337 -0.930451 -4.66282 6.40569 6.36441 -10.5901 0.758319 -5.77222 -2.95642
109.36 -4.7866 0.757084 1.15223 -13.8018 -0.836899 2.4406 -2.28075 -3.73323 4.36588 4.19726 -13.8358 1.0639 -1.23028 -5.33043 1.88752 6.75531 4.23272 -14.5955 5.20098 -2.42007 -4.36023 5.49271 4.30289 0.604701 -14.8925 5.01955 -0.395639 -1.28681 2.91222 1.67972 0.33698 -14.3395 2.28044 2.40919 1.58687 -0.746753 0.523962 1.38977 -14.0853 -0.0946583 2.70377 -0.554505 -4.97309 6.09126 6.30461 -10.523 0.491878 -5.50434 -2.59745
109.41 -4.33077 0.425187 0.926568 -13.9075 -0.929812 2.66103 -2.09861 -3.82508 3.97714 3.80904 -13.7454 0.718402 -0.876994 -4.91064 1.08594 6.83933 4.54527 -14.4632 4.98855 -2.63677 -4.67523 5.54856 4.67052 0.907061 -14.8897 5.13501 -0.795009 -1.64648 3.42075 2.06582 0.205761 -14.399 2.83294 2.23473 1.47289 -0.306118 0.308402 1.31086 -14.1844 0.0479842 3.00884 -0.197324 -5.22083 5.79148 6.18744 -10.467 0.263816 -5.23887 -2.24702
109.46 -3.90986 0.13167 0.741992 -14.01 -1.00786 2.84301 -1.93099 -3.79021 3.57651 3.41675 -13.6858 0.426216 -0.509675 -4.4984 0.1846 6.79321 4.80449 -14.314 4.57942 -2.79675 -4.91339 5.51452 5.02754 1.28419 -14.8718 5.23387 -1.18302 -2.02927 3.84996 2.45335 0.103101 -14.4489 3.29987 1.99085 1.27796 0.198619 0.170078 1.21871 -14.2782 0.29734 3.27265 0.131398 -5.40511 5.50594 6.01426 -10.4228 0.0678026 -4.97935 -1.90304
109.51 -3.52296 -0.119519 0.592406 -14.1079 -1.07111 2.98914 -1.77701 -3.66159 3.16018 3.04711 -13.6566 0.17864 -0.134947 -4.10439 -0.790297 6.59944 4.99214 -14.153 3.96138 -2.87993 -5.04781 5.36725 5.36993 1.71195 -14.839 5.3182 -1.55275 -2.43866 4.21355 2.84033 0.0415609 -14.4901 3.68884 1.695 1.02791 0.775352 0.123463 1.10937 -14.3655 0.673353 3.48805 0.420834 -5.52025 5.23412 5.79053 -10.3905 -0.101207 -4.72784 -1.56105
109.56 -3.1671 -0.327034 0.472031 -14.2001 -1.11919 3.10357 -1.63578 -3.47532 2.72952 2.71889 -13.6563 -0.0307844 0.241982 -3.73396 -1.71373 6.30066 5.08852 -13.9885 3.24605 -2.85767 -5.04314 5.0906 5.69473 2.16478 -14.7925 5.38924 -1.89828 -2.87064 4.52196 3.22801 0.0361202 -14.5237 4.01283 1.36276 0.742719 1.40912 0.171981 0.983329 -14.4454 1.17114 3.64424 0.655855 -5.55744 4.9755 5.52451 -10.3697 -0.247281 -4.48547 -1.21643
109.61 -2.83838 -0.491671 0.375695 -14.2863 -1.15139 3.19125 -1.50645 -3.2595 2.29422 2.44352 -13.6824 -0.206907 0.615453 -3.38926 -2.4792 5.95638 5.08275 -13.8298 2.56893 -2.71491 -4.88664 4.68317 5.99931 2.62241 -14.7337 5.44701 -2.21467 -3.30978 4.77986 3.61696 0.103197 -14.5508 4.28401 1.00479 0.433351 2.05238 0.29878 0.843203 -14.5179 1.74254 3.72554 0.81534 -5.50797 4.72957 5.22507 -10.3598 -0.37372 -4.2528 -0.86769
109.66 -2.5325 -0.615479 0.298952 -14.3661 -1.16671 3.25734 -1.38826 -3.03242 1.8671 2.22466 -13.731 -0.353381 0.978641 -3.07045 -3.06903 5.59656 4.97432 -13.6848 1.98583 -2.46884 -4.61116 4.15711 6.28041 3.06982 -14.6638 5.48941 -2.49762 -3.73746 4.98613 4.00491 0.257299 -14.5718 4.5123 0.627835 0.104417 2.6517 0.475056 0.692054 -14.5834 2.31606 3.71659 0.879517 -5.36593 4.49587 4.89992 -10.3599 -0.48319 -4.03002 -0.518288
109.71 -2.24508 -0.701041 0.238075 -14.4397 -1.16381 3.30663 -1.28048 -2.80566 1.45923 2.05872 -13.7973 -0.472968 1.3237 -2.77651 -3.50231 5.22945 4.76928 -13.5598 1.49696 -2.15323 -4.26972 3.53561 6.53263 3.49498 -14.5828 5.51022 -2.74339 -4.13875 5.13562 4.38742 0.505235 -14.5857 4.7054 0.236941 -0.242393 3.1802 0.677551 0.532743 -14.6428 2.83849 3.61365 0.845101 -5.12795 4.27404 4.55567 -10.369 -0.577782 -3.81706 -0.174831
109.76 -1.97173 -0.751 0.190005 -14.5072 -1.14105 3.34315 -1.18249 -2.58593 1.07914 1.93763 -13.8762 -0.567796 1.64271 -2.50573 -3.79532 4.85601 4.47993 -13.4594 1.08713 -1.79762 -3.90574 2.84645 6.74621 3.88895 -14.4894 5.49529 -2.94884 -4.50291 5.22112 4.75984 0.840693 -14.5904 4.86932 -0.16271 -0.605812 3.63744 0.894583 0.368071 -14.6976 3.28947 3.42895 0.729811 -4.79243 4.06385 4.19945 -10.3861 -0.658976 -3.61369 0.156186
109.81 -1.70799 -0.767691 0.152266 -14.5688 -1.09638 3.37011 -1.09375 -2.37606 0.733628 1.85185 -13.9625 -0.639533 1.92899 -2.25597 -3.95418 4.47569 4.12652 -13.3865 0.741366 -1.42141 -3.54613 2.10753 6.9036 4.2455 -14.381 5.41648 -3.11156 -4.82126 5.23313 5.11853 1.24305 -14.5842 5.00875 -0.564952 -0.984214 4.03413 1.12267 0.201226 -14.7503 3.67023 3.18298 0.560232 -4.36164 3.86542 3.83951 -10.4101 -0.727449 -3.41959 0.47014
109.86 -1.44923 -0.752851 0.122884 -14.6248 -1.02719 3.38982 -1.01384 -2.17606 0.428414 1.79246 -14.0521 -0.689474 2.17832 -2.02486 -3.98313 4.08741 3.73661 -13.3428 0.447947 -1.0356 -3.20511 1.31214 6.97531 4.55905 -14.2552 5.22463 -3.22938 -5.08475 5.15788 5.46098 1.68194 -14.5667 5.12727 -0.962963 -1.37676 4.38212 1.3622 0.0361593 -14.8037 3.99004 2.89536 0.35874 -3.84513 3.67943 3.48411 -10.44 -0.782618 -3.23438 0.764448
109.91 -1.19039 -0.707376 0.100311 -14.6756 -0.930125 3.40387 -0.942516 -1.98414 0.168085 1.75205 -14.1417 -0.718544 2.38937 -1.80984 -3.89707 3.6886 3.34023 -13.3286 0.198172 -0.645852 -2.88901 0.431107 6.92022 4.8207 -14.1122 4.85216 -3.29816 -5.28109 4.97806 5.78554 2.1255 -14.5388 5.22742 -1.35021 -1.78535 4.69093 1.61462 -0.122256 -14.8613 4.2591 2.58085 0.138507 -3.26026 3.50776 3.14004 -10.4748 -0.82167 -3.05769 1.03806
109.96 -0.92571 -0.631102 0.0833695 -14.7214 -0.800768 3.41317 -0.879724 -1.79744 -0.0446393 1.72485 -14.2289 -0.727248 2.56346 -1.60825 -3.72601 3.27535 2.96358 -13.3434 -0.014382 -0.255207 -2.59958 -0.53522 6.70971 5.01355 -13.9564 4.26257 -3.30636 -5.38923 4.67962 6.09095 2.54882 -14.5022 5.31052 -1.72128 -2.21421 4.96745 1.88096 -0.268228 -14.9251 4.48627 2.2491 -0.0956903 -2.62743 3.35451 2.81229 -10.5138 -0.837763 -2.88917 1.29085
