50.01 8.34552 11.282 11.2143 9.91093 7.5796 6.44926 2.09562 -6.52567 -10.1098 -9.14602 -7.27465 -5.31359 -2.97287 0.347337 2.28892 3.65226 5.97062 7.0524 6.84443 4.51031 0.281471 -2.40521 -3.76126
50.06 8.30799 11.031 10.9366 9.90753 8.12489 7.14434 2.80564 -5.72901 -9.4025 -8.95674 -7.86369 -6.1428 -3.59785 -0.0410377 2.0597 3.47853 5.7517 6.84559 6.68396 4.59175 0.87354 -1.61555 -3.12615
50.11 8.20895 10.7001 10.602 9.85225 8.61337 7.78023 3.46215 -4.78518 -8.41174 -8.65692 -8.51003 -7.06752 -4.30836 -0.479641 1.79642 3.257 5.47389 6.58296 6.4776 4.65039 1.46851 -0.788111 -2.43222
50.16 8.03035 10.272 10.1866 9.72101 9.03992 8.38239 4.12485 -3.73908 -7.24611 -8.22044 -9.10078 -8.01311 -5.07244 -0.970926 1.48422 2.97805 5.14404 6.27702 6.23206 4.67941 2.03015 0.0248236 -1.71363
50.21 7.75634 9.73785 9.67846 9.50043 9.39455 8.94811 4.80616 -2.60038 -5.93617 -7.63845 -9.59952 -8.93909 -5.86888 -1.51489 1.11679 2.63973 4.77009 5.93858 5.95372 4.67536 2.53911 0.790574 -1.00206
50.26 7.3797 9.09877 9.07584 9.18515 9.66129 9.45315 5.48748 -1.39259 -4.51488 -6.91175 -9.89522 -9.77692 -6.71248 -2.12266 0.701298 2.26071 4.37141 5.58419 5.65151 4.63528 2.97916 1.47856 -0.333415
50.31 6.90603 8.36737 8.38988 8.78353 9.83028 9.87037 6.13617 -0.159221 -3.04626 -6.01594 -9.95055 -10.4017 -7.53757 -2.84491 0.208518 1.84441 3.96425 5.23121 5.33855 4.56435 3.35157 2.0809 0.269815
50.36 6.34967 7.56122 7.63651 8.3095 9.89815 10.1855 6.73752 1.08185 -1.55552 -4.98666 -9.83493 -10.8395 -8.23694 -3.60479 -0.412179 1.33747 3.55356 4.88572 5.02188 4.4708 3.67388 2.61959 0.817824
50.41 5.73111 6.70177 6.83612 7.77996 9.86496 10.388 7.27653 2.30809 -0.0658161 -3.87482 -9.58668 -11.1261 -8.77394 -4.34323 -1.13945 0.749758 3.12927 4.54058 4.69707 4.35439 3.95781 3.11337 1.32295
50.46 5.07445 5.81403 6.01401 7.21465 9.73434 10.4699 7.73295 3.48337 1.38261 -2.70438 -9.21524 -11.2681 -9.14079 -5.03785 -1.94623 0.102565 2.69011 4.19319 4.36184 4.21535 4.21271 3.57499 1.792
50.51 4.40474 4.92513 5.19859 6.63331 9.5088 10.4202 8.07919 4.56258 2.74063 -1.51661 -8.65206 -11.1737 -9.3546 -5.74043 -2.81305 -0.566618 2.26265 3.86334 4.03292 4.06802 4.45363 4.01216 2.2209
50.56 3.73998 4.05675 4.41447 6.05386 9.19774 10.2467 8.31505 5.53606 3.9921 -0.354599 -7.89962 -10.8302 -9.43078 -6.45371 -3.76173 -1.29415 1.82317 3.54253 3.70894 3.91604 4.68945 4.44156 2.6276
50.61 3.09377 3.22553 3.68057 5.48712 8.80386 9.95063 8.43659 6.40362 5.1455 0.769505 -7.00894 -10.27 -9.36642 -7.15135 -4.78026 -2.10714 1.33244 3.20518 3.37296 3.74725 4.90515 4.85858 3.02541
50.66 2.47559 2.4406 3.0052 4.93303 8.32391 9.5289 8.4342 7.16176 6.21162 1.85779 -6.00369 -9.52263 -9.16523 -7.80058 -5.82894 -2.99533 0.778059 2.83841 3.01627 3.55124 5.0684 5.23135 3.40978
50.71 1.88226 1.69285 2.37391 4.37592 7.75681 8.99031 8.31081 7.80669 7.18111 2.88333 -4.855 -8.46751 -8.80272 -8.47207 -6.93001 -3.95851 0.160063 2.43317 2.63525 3.3196 5.13282 5.50817 3.76626
50.76 1.30277 0.96096 1.75586 3.78957 7.10262 8.34781 8.07192 8.32726 8.03819 3.84542 -3.57788 -7.11531 -8.22009 -9.06899 -8.03038 -4.96844 -0.51495 1.98133 2.23232 3.0532 5.05885 5.62458 4.04642
50.81 0.725237 0.221925 1.11947 3.15234 6.37126 7.62412 7.73216 8.71394 8.76567 4.75114 -2.23746 -5.60491 -7.43545 -9.4876 -9.0268 -5.94324 -1.20373 1.50349 1.83297 2.77069 4.84023 5.53874 4.18084
50.86 0.129554 -0.553144 0.433353 2.44973 5.58245 6.85176 7.3167 8.96623 9.344 5.58042 -0.870393 -3.99999 -6.49041 -9.71279 -9.86542 -6.83252 -1.88038 1.01534 1.45473 2.48352 4.49716 5.2567 4.12965
50.91 -0.51146 -1.39657 -0.330981 1.67184 4.75699 6.06138 6.8495 9.09148 9.76602 6.3144 0.486771 -2.36254 -5.39324 -9.72052 -10.5269 -7.61347 -2.54249 0.514124 1.09303 2.18857 4.06257 4.8239 3.90331
50.96 -1.23463 -2.34514 -1.20177 0.808363 3.91345 5.27926 6.34903 9.09797 10.0323 6.93928 1.79978 -0.745026 -4.16376 -9.48201 -10.97 -8.26334 -3.2026 -0.0226729 0.725602 1.87491 3.56944 4.29615 3.54167
51.01 -2.08638 -3.43644 -2.20523 -0.150933 3.0718 4.53145 5.83074 8.99196 10.1456 7.44773 3.0454 0.824368 -2.88592 -9.01838 -11.1299 -8.73703 -3.86044 -0.614755 0.332994 1.53466 3.04282 3.71692 3.08434
51.06 -3.01393 -4.66741 -3.40569 -1.24476 2.2402 3.83843 5.31053 8.78343 10.1143 7.83813 4.20462 2.31878 -1.59305 -8.3427 -10.9936 -9.01696 -4.51975 -1.2815 -0.102562 1.16468 2.47761 3.07599 2.54726
51.11 -3.73863 -5.6951 -4.61303 -2.46001 1.32587 3.16459 4.78334 8.47534 9.93822 8.09193 5.23633 3.68537 -0.353043 -7.52566 -10.5983 -9.0833 -5.1379 -1.99675 -0.568866 0.757961 1.86737 2.38048 1.93692
51.16 -4.41896 -6.53249 -5.59713 -3.60572 0.353733 2.48399 4.22764 8.05278 9.60836 8.19613 6.1263 4.91663 0.810949 -6.61401 -9.9911 -8.94635 -5.67599 -2.72202 -1.05626 0.304541 1.20389 1.63704 1.26365
51.21 -5.07251 -7.29905 -6.44913 -4.5737 -0.545505 1.78562 3.62537 7.50437 9.11916 8.13975 6.86789 6.02185 1.89797 -5.63957 -9.21277 -8.6204 -6.09432 -3.41384 -1.55665 -0.192724 0.493387 0.847023 0.53423
51.26 -5.64898 -8.04851 -7.22353 -5.29921 -1.29001 1.04788 2.96244 6.83567 8.48536 7.92698 7.45252 6.99129 2.89166 -4.64613 -8.31113 -8.12656 -6.35336 -4.01721 -2.04937 -0.722076 -0.247352 0.0265442 -0.235029
51.31 -6.03509 -8.65097 -7.77879 -5.81549 -1.98637 0.254545 2.25963 6.09815 7.76752 7.60255 7.88473 7.79622 3.75229 -3.70261 -7.36334 -7.509 -6.43657 -4.48658 -2.50167 -1.2544 -0.985545 -0.794663 -1.01846
51.36 -6.23877 -9.02196 -8.10855 -6.15746 -2.67536 -0.594031 1.52167 5.3245 7.01312 7.21121 8.18397 8.4324 4.47076 -2.80288 -6.36241 -6.79159 -6.41047 -4.86985 -2.91487 -1.76604 -1.68484 -1.58084 -1.78687
51.41 -6.36997 -9.11774 -8.1597 -6.33509 -3.39302 -1.51676 0.731914 4.52594 6.24683 6.77902 8.36543 8.9087 5.06412 -1.92078 -5.2965 -5.97022 -6.29811 -5.20957 -3.31119 -2.26033 -2.3306 -2.30905 -2.51714
51.46 -6.38945 -8.9043 -7.91858 -6.37994 -4.16506 -2.51883 -0.10111 3.72633 5.49412 6.32742 8.44423 9.24063 5.56141 -1.04832 -4.19515 -5.09332 -6.11365 -5.48706 -3.68158 -2.73255 -2.91593 -2.96766 -3.19542
51.51 -6.2677 -8.4507 -7.45447 -6.30722 -4.97742 -3.605 -0.969468 2.94237 4.76878 5.86515 8.42751 9.43835 5.98079 -0.167438 -3.05535 -4.17795 -5.87149 -5.70195 -4.02163 -3.18116 -3.44428 -3.5561 -3.81626
51.56 -5.99277 -7.78685 -6.78993 -6.12258 -5.80209 -4.73172 -1.85674 2.17842 4.07838 5.39612 8.31576 9.50232 6.32622 0.731077 -1.87076 -3.22571 -5.58195 -5.85914 -4.32062 -3.59608 -3.91948 -4.08018 -4.37987
51.61 -5.58061 -6.9591 -5.97351 -5.8574 -6.51206 -5.7486 -2.73401 1.41856 3.42281 4.92043 8.10321 9.4212 6.58203 1.63203 -0.656983 -2.2528 -5.25211 -5.95419 -4.56231 -3.96681 -4.35129 -4.5518 -4.88893
51.66 -5.01875 -5.96597 -4.98955 -5.45994 -7.14798 -6.74357 -3.61269 0.692133 2.8246 4.45003 7.79328 9.19442 6.74178 2.52527 0.577126 -1.26383 -4.86813 -5.96517 -4.72374 -4.28595 -4.76053 -4.99434 -5.3547
51.71 -4.30004 -4.8052 -3.83105 -4.91009 -7.72093 -7.75428 -4.5097 0.00339117 2.28948 3.98705 7.38791 8.82413 6.79585 3.38843 1.80979 -0.267146 -4.40327 -5.85113 -4.7666 -4.54036 -5.17185 -5.43756 -5.79371
51.76 -3.46054 -3.5192 -2.53734 -4.21896 -8.07437 -8.64698 -5.46142 -0.705055 1.79832 3.52819 6.89832 8.32504 6.73421 4.17706 2.98204 0.694952 -3.8531 -5.58211 -4.6545 -4.71539 -5.60701 -5.9083 -6.21999
51.81 -2.52088 -2.13424 -1.13919 -3.42481 -8.2689 -9.28159 -6.36699 -1.4959 1.30765 3.04779 6.3301 7.72128 6.56436 4.86086 4.04111 1.58529 -3.21555 -5.13543 -4.35983 -4.79835 -6.07834 -6.42549 -6.64837
51.86 -1.49341 -0.660981 0.360966 -2.5117 -8.34638 -9.75239 -7.21212 -2.33997 0.782957 2.51909 5.68991 7.04139 6.30546 5.42865 4.96097 2.39429 -2.48455 -4.49913 -3.86705 -4.76673 -6.56549 -6.98442 -7.08858
51.91 -0.414293 0.861233 1.92854 -1.48657 -8.34314 -10.1423 -7.89846 -3.12434 0.170162 1.90622 4.98069 6.30859 5.97313 5.8697 5.72088 3.11034 -1.68327 -3.70349 -3.1974 -4.60422 -7.02251 -7.55564 -7.53574
51.96 0.668722 2.3821 3.52341 -0.344655 -8.23576 -10.4491 -8.42131 -3.8619 -0.54318 1.21061 4.22387 5.55044 5.58628 6.18567 6.31888 3.72937 -0.847631 -2.80377 -2.40332 -4.29505 -7.39527 -8.11288 -7.97906
52.01 1.70854 3.85093 5.10686 0.913591 -8.01062 -10.684 -8.77506 -4.53882 -1.3612 0.444929 3.44423 4.7916 5.16333 6.38795 6.76718 4.25296 -0.0146399 -1.85971 -1.5473 -3.83573 -7.64185 -8.63504 -8.40537
52.06 2.68354 5.21821 6.58931 2.2097 -7.64438 -10.8335 -8.96194 -5.15177 -2.27482 -0.365804 2.66943 4.05463 4.72119 6.49164 7.08392 4.68753 0.788525 -0.915009 -0.672362 -3.29071 -7.76317 -9.07233 -8.78305
52.11 3.59094 6.42417 7.79075 3.34114 -7.081 -10.7556 -9.02106 -5.75029 -3.19808 -1.15928 1.93135 3.36877 4.28609 6.51975 7.28965 5.03738 1.53457 -0.0150534 0.168605 -2.71835 -7.77543 -9.40433 -9.08849
52.16 4.40715 7.46555 8.7556 4.30197 -6.36194 -10.4261 -8.9851 -6.32888 -4.08594 -1.94837 1.22112 2.7348 3.86382 6.48478 7.40672 5.32231 2.22303 0.825995 0.95226 -2.14268 -7.67764 -9.61118 -9.30525
52.21 5.13378 8.36032 9.54046 5.12025 -5.572 -9.88737 -8.81751 -6.88045 -4.99294 -2.76313 0.53073 2.14628 3.44951 6.3833 7.44077 5.55566 2.86486 1.6164 1.68291 -1.55522 -7.44714 -9.6661 -9.41618
52.26 5.77595 9.1216 10.1649 5.79314 -4.69311 -9.08827 -8.52989 -7.46218 -5.93826 -3.60831 -0.14238 1.60278 3.04136 6.20758 7.38322 5.73534 3.46763 2.36975 2.37399 -0.941533 -7.06641 -9.55031 -9.40951
52.31 6.32972 9.75173 10.648 6.34633 -3.70965 -8.01223 -8.10848 -8.05626 -6.91701 -4.48564 -0.804919 1.10253 2.6369 5.94859 7.21795 5.8455 4.03106 3.09925 3.0429 -0.291032 -6.53892 -9.26323 -9.28002
52.36 6.79434 10.2648 11.0327 6.8513 -2.67147 -6.78879 -7.56502 -8.58887 -7.87574 -5.35795 -1.44042 0.655764 2.24289 5.60804 6.93568 5.86424 4.54102 3.80259 3.69029 0.378234 -5.90832 -8.83355 -9.03221
52.41 7.17514 10.6726 11.3303 7.32301 -1.59568 -5.46642 -6.91845 -8.97461 -8.77996 -6.23374 -2.03118 0.257187 1.86104 5.1978 6.54717 5.78506 4.98458 4.46942 4.307 1.03658 -5.23354 -8.30686 -8.67992
52.46 7.47891 10.9848 11.5425 7.75584 -0.507668 -4.09756 -6.23387 -9.19351 -9.42544 -7.01892 -2.62555 -0.135505 1.47725 4.73688 6.08599 5.62745 5.35727 5.07893 4.86356 1.63151 -4.59706 -7.75917 -8.2595
52.51 7.71772 11.2159 11.679 8.15004 0.578108 -2.71905 -5.44657 -9.28823 -9.90727 -7.69413 -3.23601 -0.546991 1.07276 4.23523 5.57996 5.41395 5.66253 5.6263 5.36471 2.16779 -4.00051 -7.20788 -7.80172
52.56 7.89802 11.3745 11.7501 8.51154 1.65924 -1.33412 -4.58524 -9.29218 -10.2721 -8.24885 -3.83503 -0.995666 0.637662 3.70772 5.05815 5.16855 5.90263 6.10201 5.80732 2.64742 -3.44155 -6.66214 -7.32757
52.61 8.02769 11.4741 11.7719 8.84288 2.71814 0.0347608 -3.66017 -9.21197 -10.5578 -8.67748 -4.40199 -1.49388 0.172238 3.16962 4.54367 4.91081 6.08116 6.49935 6.18643 3.07123 -2.91379 -6.12334 -6.84987
52.66 8.11785 11.5303 11.76 9.14043 3.72626 1.3525 -2.67964 -9.04243 -10.7917 -8.98333 -4.91941 -2.03647 -0.313974 2.63228 4.05082 4.65318 6.20133 6.81489 6.49796 3.44122 -2.40654 -5.58584 -6.37386
52.71 8.18158 11.5576 11.7264 9.3952 4.65102 2.581 -1.66505 -8.78832 -11.0008 -9.192 -5.34258 -2.57618 -0.816291 2.09988 3.5861 4.40127 6.26272 7.04419 6.73641 3.75878 -1.90722 -5.03905 -5.89829
52.76 8.2266 11.5701 11.6893 9.60786 5.47062 3.69221 -0.651346 -8.43508 -11.0963 -9.29993 -5.74316 -3.14363 -1.31577 1.60437 3.17413 4.17314 6.27153 7.1846 6.89325 4.01963 -1.41024 -4.47648 -5.42058
52.81 8.27804 11.5614 11.6231 9.76311 6.19685 4.67285 0.302727 -7.9136 -10.9574 -9.33349 -6.20683 -3.76671 -1.80764 1.17301 2.83965 3.98864 6.23746 7.23814 6.96407 4.22135 -0.908866 -3.88925 -4.93726
52.86 8.32839 11.4776 11.4705 9.85947 6.87285 5.54602 1.17356 -7.30531 -10.6395 -9.28713 -6.69991 -4.45639 -2.32746 0.780877 2.56409 3.83018 6.14912 7.20203 6.95319 4.37836 -0.375295 -3.24104 -4.42161
52.91 8.3466 11.3156 11.2548 9.90806 7.48693 6.33022 1.97266 -6.63785 -10.1919 -9.17056 -7.19567 -5.19227 -2.88094 0.406724 2.32524 3.67744 6.00008 7.07937 6.86511 4.49516 0.189177 -2.52532 -3.85672
52.96 8.31777 11.0761 10.984 9.91061 8.04109 7.03811 2.6982 -5.86976 -9.54159 -8.99319 -7.7585 -5.99972 -3.49008 0.0248014 2.09815 3.50923 5.79095 6.88286 6.71289 4.57981 0.776755 -1.74684 -3.23305
53.01 8.22973 10.7595 10.6607 9.8658 8.53899 7.68074 3.35722 -4.94393 -8.58378 -8.71384 -8.40871 -6.91646 -4.19011 -0.405689 1.84176 3.29628 5.52216 6.6283 6.5135 4.64282 1.3746 -0.921004 -2.54619
53.06 8.06511 10.3477 10.2593 9.74784 8.97602 8.28795 4.01729 -3.91351 -7.44366 -8.30016 -9.01122 -7.86148 -4.94692 -0.888419 1.53799 3.02687 5.20017 6.32856 6.27378 4.67685 1.94308 -0.103258 -1.82932
53.11 7.8072 9.83082 9.76647 9.54218 9.34306 8.86046 4.69585 -2.7889 -6.15516 -7.74169 -9.52689 -8.79353 -5.73987 -1.42409 1.17959 2.69789 4.83267 5.99464 6.00033 4.67834 2.46153 0.671862 -1.11463
53.16 7.44698 9.20803 9.17867 9.2421 9.62522 9.37772 5.37968 -1.58949 -4.74859 -7.03611 -9.86464 -9.65715 -6.57508 -2.01855 0.771437 2.32322 4.43589 5.64112 5.70098 4.64406 2.9136 1.3745 -0.436195
53.21 6.98805 8.49025 8.50492 8.85322 9.80993 9.81008 6.03512 -0.357835 -3.28354 -6.17128 -9.95513 -10.3144 -7.41126 -2.7232 0.295109 1.91558 4.03012 5.28752 5.38914 4.57738 3.29551 1.98896 0.176939
53.26 6.44376 7.6948 7.76119 8.38982 9.89416 10.1423 6.64476 0.882844 -1.79563 -5.15797 -9.86277 -10.7804 -8.13517 -3.48307 -0.304466 1.42485 3.62009 4.9409 5.07306 4.48727 3.62495 2.53654 0.733014
53.31 5.8336 6.84228 6.96673 7.86787 9.87696 10.3634 7.19501 2.11368 -0.303282 -4.05786 -9.63487 -11.0885 -8.69899 -4.22793 -1.01679 0.84877 3.19859 4.59622 4.74995 4.37465 3.91439 3.03647 1.24431
53.36 5.18135 5.95728 6.14624 7.30695 9.76178 10.4654 7.66651 3.30021 1.15513 -2.89452 -9.28253 -11.2613 -9.09451 -4.92583 -1.8118 0.208752 2.76046 4.2483 4.4157 4.23866 4.17318 3.50284 1.71942
53.41 4.51226 5.06689 5.32791 6.72688 9.551 10.4367 8.03122 4.3966 2.52992 -1.70623 -8.75738 -11.2058 -9.32892 -5.62659 -2.66901 -0.456786 2.33072 3.91493 4.08492 4.09173 4.41521 3.94278 2.15412
53.46 3.84574 4.19398 4.53733 6.14615 9.25319 10.2826 8.28465 5.38693 3.79822 -0.538502 -8.03043 -10.9009 -9.42807 -6.33931 -3.60383 -1.17172 1.89645 3.59456 3.76132 3.94117 4.65226 4.37294 2.563
53.51 3.19576 3.35591 3.79444 5.57706 8.87276 10.0066 8.42523 6.27167 4.9665 0.59163 -7.16002 -10.373 -9.38591 -7.04178 -4.61362 -1.97103 1.41547 3.26116 3.42819 3.77597 4.87304 4.79346 2.96211
53.56 2.57273 2.56343 3.10978 5.02147 8.40684 9.60496 8.44314 7.04766 6.04625 1.68553 -6.17194 -9.65431 -9.20663 -7.70073 -5.66024 -2.84872 0.87113 2.89934 3.07486 3.58466 5.04731 5.1764 3.34961
53.61 1.97641 1.81135 2.47361 4.46668 7.85371 9.08401 8.33843 7.71119 7.03299 2.72422 -5.0507 -8.66338 -8.87541 -8.36287 -6.7489 -3.7979 0.264366 2.50167 2.6984 3.35954 5.1312 5.47284 3.71219
53.66 1.3952 1.07817 1.85539 3.88659 7.21321 8.45718 8.11766 8.25262 7.90879 3.69441 -3.78807 -7.34472 -8.32798 -8.98444 -7.85911 -4.80716 -0.404783 2.05617 2.29741 3.09748 5.0806 5.61888 4.00958
53.71 0.818547 0.342167 1.22419 3.25872 6.49306 7.74437 7.79244 8.66102 8.65859 4.6104 -2.45516 -5.85496 -7.57326 -9.43324 -8.87627 -5.79141 -1.09353 1.58111 1.89586 2.81646 4.88443 5.56643 4.17127
53.76 0.22737 -0.4251 0.547933 2.56724 5.71199 6.97765 7.38744 8.93462 9.26176 5.45338 -1.09012 -4.26154 -6.65082 -9.68979 -9.74327 -6.69722 -1.77319 1.09416 1.51386 2.52982 4.55919 5.31348 4.15042
53.81 -0.404077 -1.25503 -0.201721 1.80231 4.89122 6.18832 6.92708 9.07943 9.7087 6.20364 0.271436 -2.62434 -5.582 -9.73678 -10.4322 -7.49495 -2.43605 0.596512 1.151 2.23704 4.13715 4.90116 3.94984
53.86 -1.11128 -2.18435 -1.05389 0.952974 4.04915 5.40311 6.43094 9.10473 10 6.84679 1.59309 -1.0021 -4.36543 -9.53565 -10.9171 -8.17018 -3.09697 0.0666196 0.785691 1.92673 3.6512 4.38509 3.60697
53.91 -1.9389 -3.25013 -2.03397 0.0102282 3.20606 4.64817 5.91449 9.0162 10.1374 7.37404 2.85087 0.576974 -3.09271 -9.10755 -11.1242 -8.67362 -3.75459 -0.514965 0.398704 1.5916 3.12921 3.81235 3.16291
53.96 -2.8858 -4.47722 -3.19067 -1.05122 2.37498 3.94537 5.39268 8.82254 10.1284 7.78386 4.02598 2.08613 -1.79897 -8.46296 -11.0344 -8.986 -4.41508 -1.16982 -0.0297338 1.22613 2.57098 3.18331 2.63881
54.01 -3.62718 -5.54645 -4.43631 -2.26692 1.47965 3.27331 4.86964 8.53224 9.97666 8.06105 5.08031 3.47566 -0.546748 -7.66378 -10.677 -9.08669 -5.04313 -1.88037 -0.492657 0.826358 1.96894 2.49506 2.03911
54.06 -4.31135 -6.40593 -5.45034 -3.43071 0.508235 2.59378 4.31929 8.12877 9.67195 8.18996 5.99322 4.7276 0.629207 -6.76542 -10.101 -8.98128 -5.5965 -2.60652 -0.976728 0.380437 1.31377 1.75967 1.37571
54.11 -4.9712 -7.17763 -6.31804 -4.43414 -0.410822 1.89993 3.72601 7.60098 9.20816 8.15979 6.75934 5.85322 1.72928 -5.79841 -9.34729 -8.68472 -6.03687 -3.30714 -1.47624 -0.110428 0.609957 0.976377 0.654459
54.16 -5.56335 -7.92936 -7.1107 -5.20033 -1.17874 1.16997 3.07287 6.94977 8.59504 7.97045 7.3694 6.84594 2.73989 -4.80413 -8.46107 -8.21525 -6.32412 -3.92925 -1.97191 -0.635537 -0.127378 0.159241 -0.109893
54.21 -5.99224 -8.56868 -7.70311 -5.74436 -1.87519 0.384948 2.37378 6.21881 7.88565 7.65979 7.82476 7.67859 3.62389 -3.84947 -7.51652 -7.61426 -6.43297 -4.41948 -2.43265 -1.17035 -0.869065 -0.664437 -0.893071
54.26 -6.21273 -8.97798 -8.07068 -6.1135 -2.56515 -0.453518 1.64355 5.45096 7.13579 7.27749 8.14437 8.34158 4.36493 -2.94608 -6.5289 -6.9153 -6.42024 -4.81001 -2.84917 -1.68488 -1.57597 -1.45823 -1.66573
54.31 -6.35488 -9.12628 -8.17504 -6.31717 -3.27291 -1.36292 0.861892 4.6546 6.36926 6.84996 8.34348 8.84237 4.97605 -2.06112 -5.46994 -6.10655 -6.32132 -5.15888 -3.24924 -2.18258 -2.2311 -2.19673 -2.40321
54.36 -6.39556 -8.95579 -7.9729 -6.38046 -4.03867 -2.35286 0.0350982 3.85402 5.6134 6.40078 8.43814 9.19659 5.48722 -1.18835 -4.37405 -5.23648 -6.1475 -5.44704 -3.62395 -2.65805 -2.82582 -2.86675 -3.09042
54.41 -6.2977 -8.53862 -7.54348 -6.32758 -4.84372 -3.42402 -0.828034 3.06637 4.88277 5.93976 8.43648 9.41545 5.9183 -0.310024 -3.24129 -4.32744 -5.91361 -5.67118 -3.96935 -3.11109 -3.36322 -3.46623 -3.72054
54.46 -6.04608 -7.9048 -6.90653 -6.15561 -5.67852 -4.56129 -1.71514 2.30178 4.18754 5.47218 8.34054 9.50176 6.27668 0.586605 -2.0629 -3.37999 -5.63094 -5.83773 -4.27601 -3.53226 -3.84655 -4.00007 -4.29329
54.51 -5.65659 -7.10295 -6.11548 -5.90815 -6.404 -5.58845 -2.59348 1.5387 3.52457 4.99664 8.14396 9.44404 6.54726 1.48761 -0.853416 -2.41005 -5.30803 -5.94367 -4.52807 -3.91048 -4.2841 -4.47877 -4.81052
54.56 -5.11956 -6.13675 -5.15918 -5.53361 -7.04986 -6.58347 -3.47109 0.806001 2.91628 4.52493 7.84948 9.24059 6.723 2.38324 0.378458 -1.42331 -4.93435 -5.9705 -4.70456 -4.23859 -4.69531 -4.92405 -5.28221
54.61 -4.42518 -5.00181 -4.02802 -5.00933 -7.63992 -7.59082 -4.36094 0.112163 2.37122 4.06075 7.45902 8.89282 6.79478 3.25351 1.61392 -0.426504 -4.48407 -5.87952 -4.76944 -4.50454 -5.1047 -5.36515 -5.72437
54.66 -3.60205 -3.7322 -2.75183 -4.33662 -8.03036 -8.52381 -5.31138 -0.58572 1.87643 3.6027 6.98238 8.41294 6.7519 4.05729 2.80083 0.545146 -3.94672 -5.63637 -4.68392 -4.69296 -5.53471 -5.8299 -6.15185
54.71 -2.67831 -2.3631 -1.3708 -3.55988 -8.24626 -9.19308 -6.22466 -1.36362 1.38753 3.1273 6.42626 7.82399 6.59809 4.75865 3.87992 1.44766 -3.3243 -5.22002 -4.42039 -4.79205 -6.00058 -6.33914 -6.57887
54.76 -1.66305 -0.902044 0.114495 -2.66599 -8.3392 -9.68209 -7.0863 -2.20893 0.87238 2.60924 5.79765 7.15473 6.35239 5.34593 4.82384 2.27057 -2.60734 -4.61306 -3.95891 -4.78029 -6.48795 -6.89288 -7.01715
54.81 -0.589097 0.615648 1.67407 -1.65882 -8.35013 -10.0856 -7.79906 -3.00127 0.275065 2.01035 5.09833 6.42859 6.03063 5.80755 5.61001 3.00193 -1.81521 -3.83986 -3.31502 -4.63925 -6.95316 -7.46466 -7.46403
54.86 0.496561 2.14017 3.26719 -0.535971 -8.26075 -10.4049 -8.34867 -3.74723 -0.421603 1.32744 4.34752 5.67272 5.6512 6.14294 6.23341 3.63661 -0.982287 -2.95224 -2.53582 -4.35683 -7.34398 -8.02394 -7.90806
54.91 1.54631 3.6207 4.85494 0.704175 -8.05482 -10.6509 -8.72949 -4.43455 -1.22303 0.571694 3.5698 4.91252 5.23297 6.36257 6.7046 4.1751 -0.146972 -2.01237 -1.68714 -3.91657 -7.6107 -8.55598 -8.33945
54.96 2.5296 5.00817 6.37065 2.01302 -7.71656 -10.8186 -8.94395 -5.05786 -2.12289 -0.234336 2.79208 4.17036 4.79259 6.4809 7.0412 4.62361 0.662775 -1.0648 -0.81196 -3.38168 -7.7518 -9.00901 -8.72674
55.01 3.4515 6.24247 7.61586 3.17142 -7.18537 -10.7846 -9.01494 -5.6565 -3.05713 -1.03461 2.04762 3.47507 4.35483 6.51951 7.26313 4.9864 1.41927 -0.155138 0.0377589 -2.81 -7.77995 -9.3585 -9.04495
55.06 4.28217 7.30864 8.61414 4.15843 -6.4833 -10.4949 -9.00011 -6.23719 -3.94173 -1.81978 1.33374 2.83345 3.93103 6.49474 7.39343 5.28012 2.11584 0.694604 0.830154 -2.23572 -7.70185 -9.58763 -9.27711
55.11 5.02311 8.22604 9.42485 4.99698 -5.70174 -9.98501 -8.85258 -6.7947 -4.84709 -2.63125 0.640085 2.23757 3.51538 6.40426 7.44115 5.52176 2.76487 1.49277 1.56917 -1.65035 -7.49339 -9.66807 -9.40601
55.16 5.67849 9.00844 10.0761 5.69658 -4.84399 -9.24171 -8.58503 -7.36295 -5.78145 -3.46908 -0.0346973 1.68736 3.10686 6.24137 7.3993 5.7105 3.37314 2.25035 2.26448 -1.04306 -7.13855 -9.58109 -9.41877
55.21 6.24695 9.65886 10.5777 6.26173 -3.87144 -8.19618 -8.18477 -7.96482 -6.76081 -4.34463 -0.700075 1.17939 2.70119 5.99573 7.25226 5.83352 3.94391 2.98393 2.93713 -0.397043 -6.63156 -9.3196 -9.30889
55.26 6.72553 10.1898 10.9767 6.77229 -2.84128 -6.993 -7.65969 -8.50784 -7.72397 -5.21909 -1.34068 0.723653 2.30534 5.66798 6.98885 5.86802 4.46336 3.69164 3.58778 0.270257 -6.01465 -8.91076 -9.07951
55.31 7.11947 10.6139 11.2885 7.25005 -1.76935 -5.68268 -7.02596 -8.92805 -8.64927 -6.09502 -1.9382 0.319865 1.92188 5.2673 6.61518 5.80364 4.91824 4.36602 4.21184 0.934631 -5.34027 -8.39402 -8.74202
55.36 7.43475 10.9403 11.5137 7.68906 -0.682201 -4.3181 -6.35018 -9.16742 -9.33501 -6.90036 -2.52859 -0.0718838 1.53976 4.81388 6.16376 5.65712 5.30206 4.98512 4.77806 1.5402 -4.69636 -7.84752 -8.33006
55.41 7.68347 11.1839 11.6618 8.08914 0.403984 -2.94094 -5.57848 -9.27973 -9.83887 -7.59353 -3.13812 -0.478836 1.13959 4.31788 5.66293 5.45094 5.61799 5.54304 5.28809 2.08555 -4.09361 -7.29609 -7.87666
55.46 7.87271 11.3534 11.7424 8.45558 1.48664 -1.55604 -4.72791 -9.29718 -10.2197 -8.16812 -3.7406 -0.920582 0.709652 3.79345 5.14188 5.20917 5.86833 6.03082 5.74044 2.57424 -3.52892 -6.74918 -7.40408
55.51 8.00986 11.4614 11.771 8.79178 2.5508 -0.182442 -3.81266 -9.23073 -10.516 -8.61727 -4.31368 -1.4102 0.248658 3.2561 4.62501 4.95238 6.05647 6.441 6.13003 3.0069 -2.99678 -6.20947 -6.92641
55.56 8.10534 11.5236 11.7639 9.09566 3.5695 1.14625 -2.83993 -9.07538 -10.7559 -8.94063 -4.84264 -1.95031 -0.234736 2.71867 4.12835 4.69434 6.18599 6.76992 6.45272 3.38542 -2.487 -5.6723 -6.45003
55.61 8.17278 11.5545 11.7324 9.3571 4.50911 2.39099 -1.82912 -8.83489 -10.9692 -9.16509 -5.28023 -2.48821 -0.73481 2.18405 3.65812 4.4409 6.2568 7.01338 6.70331 3.71125 -1.98751 -5.12814 -5.97486
55.66 8.22034 11.5684 11.6948 9.57675 5.34725 3.52322 -0.811336 -8.50482 -11.0973 -9.28754 -5.67397 -3.05005 -1.23761 1.67917 3.23479 4.20656 6.27277 7.16785 6.87403 3.98225 -1.4892 -4.56717 -5.49693
55.71 8.26813 11.5674 11.6407 9.74325 6.08314 4.52302 0.155172 -8.00436 -10.9933 -9.33364 -6.12953 -3.66185 -1.72729 1.23886 2.88873 4.01591 6.24625 7.23551 6.95827 4.19224 -0.991093 -3.98691 -5.01629
55.76 8.32208 11.4962 11.4993 9.84706 6.76847 5.41251 1.03917 -7.40718 -10.7002 -9.29959 -6.62007 -4.34201 -2.24172 0.842182 2.60529 3.85473 6.16733 7.21384 6.96028 4.35589 -0.463374 -3.34984 -4.50744
55.81 8.34642 11.3469 11.2935 9.90372 7.39265 6.20944 1.8484 -6.74857 -10.2712 -9.19356 -7.11652 -5.07179 -2.78989 0.466182 2.36196 3.70231 6.02804 7.10443 6.88408 4.47905 0.0972089 -2.64414 -3.95086
55.86 8.32606 11.1191 11.03 9.9124 7.95578 6.93014 2.58897 -6.00638 -9.6727 -9.02675 -7.65513 -5.85984 -3.38461 0.089431 2.1356 3.53865 5.82863 6.91865 6.74064 4.56737 0.680277 -1.87683 -3.33821
55.91 8.24851 10.8163 10.7174 9.87742 8.46304 7.58034 3.2523 -5.09979 -8.75078 -8.76725 -8.30633 -6.7663 -4.07349 -0.333205 1.8858 3.33406 5.56904 6.67248 6.54839 4.63455 1.27999 -1.05403 -2.65929
55.96 8.09742 10.4206 10.3296 9.77235 8.91028 8.19261 3.9102 -4.08533 -7.63707 -8.37607 -8.91956 -7.70969 -4.82249 -0.807385 1.59028 3.0741 5.25511 6.37921 6.31467 4.67348 1.85478 -0.232377 -1.94499
56.01 7.85536 9.92098 9.85196 9.58144 9.28938 8.77146 4.58582 -2.97519 -6.37076 -7.84111 -9.45129 -8.64659 -5.61121 -1.33467 1.24088 2.75457 4.89432 6.05008 6.04623 4.68042 2.38234 0.551464 -1.22793
56.06 7.51165 9.31477 9.27919 9.29665 9.58653 9.30003 5.27116 -1.78537 -4.98043 -7.15838 -9.82876 -9.52839 -6.43676 -1.9181 0.839715 2.38499 4.50025 5.69814 5.75016 4.65196 2.84607 1.26787 -0.540928
56.11 7.06783 8.61108 8.61809 8.92091 9.7869 9.74714 5.93289 -0.556048 -3.51994 -6.32329 -9.95534 -10.222 -7.28185 -2.60247 0.378211 1.98418 4.09603 5.3441 5.43968 4.58983 3.23813 1.89531 0.0826009
56.16 6.53611 7.82687 7.88451 8.46857 9.88748 10.0962 6.55045 0.683653 -2.03551 -5.32709 -9.88719 -10.7174 -8.02937 -3.36106 -0.199585 1.51014 3.68626 4.99609 5.12404 4.50315 3.57502 2.45231 0.647099
56.21 5.93498 6.98192 7.09662 7.95474 9.88639 10.3358 7.11147 1.91819 -0.541531 -4.23923 -9.6799 -11.0479 -8.61977 -4.11119 -0.896264 0.946064 3.26741 4.65173 4.8025 4.39429 3.87021 2.95875 1.1648
56.26 5.2878 6.10037 6.2785 7.39873 9.78671 10.4575 7.59727 3.11471 0.92552 -3.08399 -9.34724 -11.2479 -9.04268 -4.81433 -1.67934 0.314126 2.83101 4.30378 4.46966 4.26169 4.13322 3.43001 1.64579
56.31 4.61983 5.20907 5.45792 6.82042 9.59095 10.4501 7.98042 4.22792 2.31645 -1.89649 -8.8579 -11.2313 -9.29956 -5.5132 -2.52725 -0.348406 2.39864 3.96686 4.13713 4.11539 4.37673 3.87324 2.08674
56.36 3.95191 4.33209 4.6614 6.23873 9.30649 10.3155 8.25134 5.23509 3.60178 -0.723399 -8.15767 -10.9659 -9.42169 -6.22468 -3.44794 -1.05157 1.96846 3.64621 3.81343 3.96591 4.61469 4.30415 2.49821
56.41 3.29844 3.48746 3.90981 5.66734 8.93943 10.0592 8.41068 6.13691 4.78525 0.412828 -7.30815 -10.4712 -9.40188 -6.93108 -4.44794 -1.83699 1.49681 3.31635 3.48286 3.80399 4.83975 4.72744 2.89855
56.46 2.67065 2.6874 3.21571 5.10997 8.48747 9.67783 8.4488 6.93064 5.87869 1.51235 -6.33766 -9.78159 -9.24451 -7.59907 -5.49148 -2.70346 0.962742 2.95948 3.13295 3.61732 5.024 5.11925 3.28873
56.51 2.07094 1.93035 2.57379 4.55676 7.94829 9.17488 8.36296 7.6125 6.88209 2.56362 -5.24313 -8.85194 -8.94228 -8.25121 -6.56786 -3.63879 0.366987 2.56885 2.76084 3.39851 5.12609 5.43359 3.65643
56.56 1.48775 1.19531 1.95457 3.98233 7.32171 8.56428 8.16066 8.17452 7.77613 3.54207 -3.99657 -7.56999 -8.43052 -8.89526 -7.68532 -4.64513 -0.295056 2.13027 2.36251 3.14129 5.09854 5.60797 3.9692
56.61 0.911479 0.461588 1.3277 3.36341 6.61324 7.86322 7.85065 8.6046 8.5477 4.46776 -2.6721 -6.10249 -7.70679 -9.37388 -8.72182 -5.63752 -0.983048 1.65846 1.9593 2.86211 4.92527 5.58885 4.15687
56.66 0.324165 -0.298657 0.660629 2.68287 5.84049 7.10294 7.45674 8.89963 9.17543 5.32391 -1.30994 -4.52191 -6.80817 -9.66172 -9.6161 -6.55884 -1.6654 1.1728 1.57357 2.57602 4.61875 5.36615 4.16648
56.71 -0.298643 -1.11607 -0.0751389 1.93056 5.02487 6.31534 7.00371 9.06428 9.64734 6.0901 0.0550249 -2.8866 -5.76702 -9.74654 -10.332 -7.37327 -2.32961 0.678017 1.20888 2.28503 4.21011 4.97577 3.9927
56.76 -0.991013 -2.02709 -0.909306 1.09518 4.18481 5.52772 6.51232 9.10853 9.96381 6.75127 1.38469 -1.26036 -4.56576 -9.58347 -10.857 -8.07255 -2.99123 0.154597 0.845238 1.97793 3.73207 4.47261 3.6697
56.81 -1.79585 -3.06831 -1.86684 0.168461 3.34067 4.76623 5.99806 9.03769 10.1254 7.29732 2.6542 0.32774 -3.29896 -9.19108 -11.1108 -8.60531 -3.6489 -0.417143 0.463239 1.64758 3.21482 3.90678 3.23959
56.86 -2.74623 -4.27469 -2.98436 -0.868837 2.5082 4.05382 5.47561 8.85979 10.1392 7.72624 3.84409 1.85015 -2.00621 -8.57944 -11.0683 -8.94946 -4.3095 -1.05961 0.0421409 1.28681 2.66343 3.28911 2.72837
56.91 -3.51399 -5.39186 -4.25374 -2.07291 1.63131 3.3819 4.95532 8.58627 10.0112 8.02637 4.92063 3.26234 -0.742489 -7.79939 -10.7501 -9.08481 -4.94648 -1.76443 -0.417021 0.893594 2.06917 2.6084 2.13967
56.96 -4.20287 -6.27684 -5.3 -3.25181 0.664086 2.70321 4.40984 8.20152 9.73139 8.17965 5.85634 4.53532 0.445498 -6.91509 -10.2065 -9.01131 -5.51411 -2.49038 -0.897614 0.45517 1.42239 1.88105 1.48627
57.01 -4.86786 -7.05554 -6.18519 -4.28836 -0.272053 2.0132 3.82502 7.69433 9.29323 8.17564 6.64671 5.68114 1.55824 -5.95661 -9.47843 -8.74454 -5.97549 -3.19847 -1.39572 -0.0289686 0.725691 1.10486 0.773576
57.06 -5.47566 -7.80994 -6.98717 -5.09341 -1.06692 1.28994 3.18169 7.06164 8.70215 8.01071 7.28214 6.69627 2.58462 -4.96355 -8.60982 -8.30052 -6.28995 -3.83761 -1.89343 -0.549208 -0.00751471 0.291761 0.0147636
57.11 -5.94452 -8.48062 -7.6212 -5.66787 -1.7638 0.513941 2.48707 6.33847 8.0027 7.71517 7.76129 7.55663 3.49192 -3.99788 -7.66926 -7.71742 -6.42604 -4.34946 -2.36229 -1.08567 -0.751628 -0.533404 -0.767378
57.16 -6.18401 -8.92827 -8.02745 -6.06537 -2.45475 -0.314624 1.76408 5.57661 7.25794 7.34252 8.1016 8.24654 4.25579 -3.08989 -6.69394 -7.03602 -6.42739 -4.74913 -2.78314 -1.60337 -1.46579 -1.33417 -1.54363
57.21 -6.33626 -9.12633 -8.18273 -6.29575 -3.15414 -1.21105 0.990741 4.78316 6.49197 6.92033 8.31881 8.77223 4.88539 -2.20186 -5.64261 -6.24136 -6.34268 -5.10676 -3.18663 -2.10416 -2.12994 -2.08258 -2.28794
57.26 -6.39783 -9.00083 -8.02144 -6.37792 -3.9132 -2.18894 0.170351 3.98202 5.7333 6.47381 8.42953 9.14903 5.41095 -1.32831 -4.55212 -5.37871 -6.17985 -5.40544 -3.56558 -2.58295 -2.73419 -2.76399 -2.98391
57.31 -6.32337 -8.62066 -7.62685 -6.34434 -4.71143 -3.24579 -0.687355 3.19115 4.99773 6.01421 8.44301 9.38915 5.85398 -0.452105 -3.42606 -4.47594 -5.95451 -5.63899 -3.91611 -3.04022 -3.28074 -3.37464 -3.62332
57.36 -6.09587 -8.0186 -7.01951 -6.18706 -5.55093 -4.38652 -1.57306 2.42485 4.29735 5.54791 8.36261 9.49736 6.22474 0.442091 -2.25442 -3.53386 -5.67903 -5.81485 -4.23002 -3.46731 -3.77238 -3.91848 -4.20523
57.41 -5.72861 -7.24244 -6.25309 -5.95544 -6.29378 -5.42744 -2.4529 1.65965 3.62773 5.07293 8.18214 9.46308 6.50999 1.34301 -1.04933 -2.56694 -5.36274 -5.93121 -4.49193 -3.85288 -4.2162 -4.40484 -4.73091
57.46 -5.21616 -6.30305 -5.32421 -5.6033 -6.95021 -6.42361 -3.32975 0.920904 3.00961 4.60003 7.90317 9.28297 6.70148 2.24052 0.17984 -1.58258 -4.99866 -5.97287 -4.68257 -4.18966 -4.63004 -4.85364 -5.20894
57.51 -4.54721 -5.19514 -4.22133 -5.10407 -7.54917 -7.42737 -4.21644 0.221217 2.45463 4.13494 7.52808 8.95812 6.79065 3.11673 1.41666 -0.586634 -4.56274 -5.90405 -4.76842 -4.46672 -5.03807 -5.29333 -5.65462
57.56 -3.74082 -3.94251 -2.96354 -4.45163 -7.98208 -8.39349 -5.15993 -0.468536 1.95468 3.67675 7.06434 8.49797 6.76667 3.9348 2.61675 0.393459 -4.03821 -5.68618 -4.70878 -4.66828 -5.46342 -5.7527 -6.0837
57.61 -2.83325 -2.58944 -1.59957 -3.69179 -8.22031 -9.0998 -6.08122 -1.23336 1.46679 3.20572 6.52054 7.92461 6.62941 4.65345 3.71518 1.30794 -3.4306 -5.29964 -4.4758 -4.78291 -5.92347 -6.25399 -6.50969
57.66 -1.83107 -1.14155 -0.130021 -2.81746 -8.33037 -9.6103 -6.95554 -2.07507 0.959344 2.69704 5.90341 7.26652 6.39729 5.25988 4.68253 2.14438 -2.72824 -4.72273 -4.04607 -4.79052 -6.40987 -6.80184 -6.94597
57.71 -0.763517 0.370334 1.42056 -1.82796 -8.35437 -10.0266 -7.69549 -2.87711 0.377423 2.11229 5.21462 6.54781 6.08662 5.74207 5.49485 2.89097 -1.94612 -3.97325 -3.42906 -4.67089 -6.88203 -7.37318 -7.39219
57.76 0.32354 1.89719 3.01093 -0.724139 -8.28261 -10.3587 -8.2716 -3.63101 -0.302746 1.44235 4.47046 5.79487 5.7151 6.09718 6.14395 3.5413 -1.11695 -3.09946 -2.66663 -4.41425 -7.28939 -7.93444 -7.83686
57.81 1.3821 3.38816 4.60209 0.497652 -8.09587 -10.6159 -8.67965 -4.32859 -1.08743 0.697112 3.69535 5.03386 5.302 6.33454 6.63852 4.0949 -0.279997 -2.16486 -1.82632 -3.99497 -7.57629 -8.47487 -8.27241
57.86 2.37425 4.79411 6.14422 1.81176 -7.78381 -10.8001 -8.92122 -4.96217 -1.97278 -0.103165 2.91553 4.28715 4.86388 6.46796 6.99547 4.5575 0.535708 -1.21549 -0.952109 -3.47152 -7.73732 -8.94291 -8.66866
57.91 3.30977 6.05648 7.43455 2.99702 -7.28574 -10.807 -9.0061 -5.56186 -2.91479 -0.909711 2.16457 3.58269 4.42388 6.51762 7.23425 4.93363 1.30238 -0.296839 -0.0946569 -2.90167 -7.78181 -9.30963 -8.99925
57.96 4.1549 7.14789 8.46782 4.01101 -6.60287 -10.5581 -9.01135 -6.14467 -3.79798 -1.69191 1.44681 2.93322 3.9984 6.50295 7.37798 5.23657 2.00739 0.561839 0.706631 -2.32849 -7.7227 -9.56026 -9.24632
58.01 4.9102 8.08827 9.3055 4.87085 -5.83057 -10.0787 -8.88449 -6.70766 -4.70106 -2.49962 0.750047 2.3301 3.5815 6.42336 7.43918 5.4864 2.66369 1.3679 1.45407 -1.74516 -7.5361 -9.66588 -9.39288
58.06 5.57872 8.89177 9.98354 5.59698 -4.99239 -9.38837 -8.63647 -7.26332 -5.62527 -3.33068 0.0731875 1.773 3.17241 6.27299 7.4126 5.68389 3.27761 2.13024 2.15429 -1.14366 -7.20684 -9.60744 -9.42489
58.11 6.16188 9.56295 10.5049 6.1759 -4.03195 -8.37643 -8.25776 -7.87155 -6.60394 -4.20342 -0.594498 1.25765 2.76576 6.04072 7.28349 5.81917 3.85539 2.86788 2.83073 -0.50257 -6.72143 -9.37222 -9.33472
58.16 6.65456 10.112 10.9187 6.69268 -3.00994 -7.19449 -7.75155 -8.42494 -7.57117 -5.07962 -1.24 0.793022 2.36808 5.72592 7.03901 5.86909 4.38396 3.57987 3.4847 0.162357 -6.11931 -8.98503 -9.124
58.21 7.06175 10.5528 11.2447 7.17621 -1.94277 -5.89785 -7.13308 -8.87683 -8.50889 -5.95357 -1.84618 0.382617 1.9827 5.33546 6.6812 5.82008 4.84999 4.26102 4.1149 0.830767 -5.4483 -8.48082 -8.8023
58.26 7.38896 10.894 11.4831 7.62119 -0.857214 -4.53919 -6.46095 -9.13647 -9.242 -6.78015 -2.43248 -0.00866637 1.60176 4.88972 6.24019 5.68518 5.24509 4.88978 4.69125 1.44753 -4.79647 -7.93555 -8.39954
58.31 7.6477 11.1501 11.643 8.02739 0.229792 -3.16261 -5.70837 -9.26866 -9.7672 -7.48991 -3.03999 -0.411568 1.20566 4.3998 5.74538 5.487 5.57173 5.45793 5.20995 2.00182 -4.18773 -7.38445 -7.95115
58.36 7.84607 11.3307 11.7334 8.39886 1.31358 -1.77825 -4.86882 -9.29988 -10.165 -8.08417 -3.64537 -0.846725 0.780831 3.87886 5.22572 5.24941 5.83241 5.95759 5.67191 2.49959 -3.61717 -6.83644 -7.48049
58.41 7.99096 11.4476 11.7692 8.73988 2.38231 -0.400794 -3.96358 -9.24706 -10.4728 -8.55373 -4.22426 -1.32796 0.324503 3.3426 4.70689 4.99391 6.03026 6.38053 6.07188 2.94114 -3.08038 -6.29571 -7.00302
58.46 8.09216 11.516 11.7671 9.04971 3.41063 0.937781 -2.9992 -9.10614 -10.7196 -8.89561 -4.76294 -1.86337 -0.155956 2.80499 4.20649 4.73557 6.1691 6.72271 6.40559 3.32822 -2.56778 -5.75864 -6.52628
58.51 8.1635 11.551 11.7383 9.31791 4.36463 2.19816 -1.99281 -8.87914 -10.9367 -9.13566 -5.21587 -2.40086 -0.653604 2.26883 3.73121 4.48087 6.24934 6.98022 6.66815 3.66238 -2.06768 -5.21664 -6.05127
58.56 8.21374 11.5668 11.7007 9.54456 5.22071 3.35056 -0.972729 -8.56832 -11.0918 -9.2738 -5.60669 -2.95765 -1.15882 1.75591 3.29765 4.24128 6.27302 7.14887 6.85251 3.94317 -1.56835 -4.65757 -5.57336
58.61 8.25816 11.5714 11.656 9.72198 5.96819 4.37034 0.00542012 -8.09283 -11.0243 -9.33148 -6.05309 -3.55885 -1.64766 1.30582 2.93942 4.04392 6.25366 7.23055 6.95034 4.16193 -1.07251 -4.08308 -5.0946
58.66 8.315 11.5128 11.5265 9.83348 6.66248 5.27661 0.902862 -7.50751 -10.7573 -9.31005 -6.54029 -4.22887 -2.15685 0.904001 2.64752 3.87949 6.18395 7.22335 6.96532 4.33235 -0.550597 -3.45685 -4.59202
58.71 8.34512 11.3762 11.3307 9.89801 7.29674 6.08687 1.72277 -6.85787 -10.3476 -9.21483 -7.03709 -4.95211 -2.69966 0.525788 2.39917 3.72693 6.05446 7.12749 6.90123 4.46191 0.00560455 -2.76161 -4.0437
58.76 8.33292 11.1603 11.0748 9.91307 7.86904 6.82038 2.47783 -6.13886 -9.7957 -9.05747 -7.55384 -5.72296 -3.2818 0.15269 2.17239 3.56698 5.86475 6.95288 6.76711 4.55435 0.584154 -2.00545 -3.44167
58.81 8.26539 10.8707 10.772 9.88721 8.38556 7.47906 3.14743 -5.25308 -8.91323 -8.81717 -8.2026 -6.61679 -3.95827 -0.261991 1.92869 3.37041 5.61451 6.71544 6.58218 4.62549 1.18463 -1.18722 -2.77157
58.86 8.12738 10.4909 10.3976 9.79464 8.84281 8.09646 3.80366 -4.25476 -7.82673 -8.44822 -8.82563 -7.5576 -4.69897 -0.72765 1.64121 3.11981 5.30883 6.42892 6.35462 4.66925 1.76518 -0.362565 -2.06066
58.91 7.90088 10.0084 9.93497 9.61826 9.23362 8.68126 4.47617 -3.15936 -6.58316 -7.93673 -9.37264 -8.49826 -5.48284 -1.24648 1.30077 2.80982 4.95499 6.10485 6.09136 4.68155 2.30148 0.429338 -1.34199
58.96 7.57372 9.41896 9.37737 9.34876 9.54522 9.22015 5.16206 -1.98008 -5.21013 -7.27768 -9.787 -9.39447 -6.29887 -1.81965 0.906778 2.44609 4.56438 5.75509 5.79893 4.65894 2.7766 1.15884 -0.647388
59.01 7.14534 8.72983 8.72937 8.98659 9.76123 9.68158 5.82946 -0.754009 -3.75567 -6.4714 -9.95071 -10.1244 -7.14963 -2.48393 0.45883 2.05157 4.16159 5.4007 5.49 4.60159 3.17926 1.7998 -0.0132913
59.06 6.62666 7.95737 8.00642 8.54573 9.87819 10.0473 6.45471 0.484359 -2.2751 -5.49386 -9.90806 -10.6501 -7.91939 -3.23881 -0.0976725 1.59321 3.75218 5.05136 5.17485 4.51845 3.52398 2.36675 0.559951
59.11 6.03516 7.12061 7.22573 8.04051 9.89328 10.3051 7.02601 1.72173 -0.78046 -4.41881 -9.72169 -11.0041 -8.53614 -3.99306 -0.77791 1.04162 3.33577 4.70713 4.85475 4.4133 3.82516 2.8801 1.08432
59.16 5.39372 6.24321 6.41069 7.48994 9.80916 10.4462 7.52535 2.92699 0.693865 -3.27265 -9.40893 -11.2273 -8.98588 -4.70358 -1.54872 0.418872 2.9018 4.35964 4.52367 4.28438 4.09274 3.35635 1.57099
59.21 4.72741 5.35162 5.58856 6.91389 9.62864 10.4603 7.92678 4.05651 2.10022 -2.08719 -8.95281 -11.2501 -9.26691 -5.40023 -2.3875 -0.241073 2.46674 4.0193 4.18964 4.13901 4.33814 3.8034 2.01857
59.26 4.05846 4.47105 4.78665 6.3316 9.35767 10.3452 8.21518 5.08054 3.4027 -0.909271 -8.28092 -11.0249 -9.41178 -6.10994 -3.29414 -0.933587 2.03937 3.69763 3.86536 3.99035 4.57683 4.2352 2.43313
59.31 3.40179 3.62019 4.0267 5.75802 9.00391 10.1087 8.393 5.99938 4.6017 0.233097 -7.45304 -10.5643 -9.41439 -6.81939 -4.28338 -1.70505 1.57652 3.37085 3.53703 3.83137 4.80543 4.66063 2.83474
59.36 2.76937 2.81256 3.32309 5.19864 8.56583 9.74749 8.45117 6.81073 5.70897 1.3383 -6.50065 -9.90431 -9.27889 -7.49566 -5.32276 -2.5597 1.0528 3.01886 3.19055 3.64923 4.99867 5.06012 3.22718
59.41 2.16591 2.04992 2.67457 4.6463 8.04058 9.26293 8.38443 7.5107 6.72842 2.40125 -5.43162 -9.03178 -9.00334 -8.13829 -6.38773 -3.48171 0.467708 2.63467 2.82253 3.43645 5.1176 5.3907 3.59927
59.46 1.5805 1.3125 2.05355 4.07691 7.42806 8.66902 8.20085 8.093 7.64035 3.38847 -4.20312 -7.79067 -8.52755 -8.80159 -7.50928 -4.4826 -0.185904 2.20355 2.42751 3.18456 5.11268 5.59199 3.92556
59.51 1.00414 0.580333 1.43018 3.4665 6.73177 7.98054 7.9067 8.54469 8.43308 4.32336 -2.88808 -6.34717 -7.83579 -9.30952 -8.56364 -5.48172 -0.872342 1.73552 2.02326 2.90765 4.96266 5.60593 4.13775
59.56 0.420074 -0.173664 0.77157 2.79666 5.96789 7.22753 7.5245 8.86126 9.08505 5.19212 -1.52964 -4.78081 -6.9622 -9.62856 -9.48403 -6.41751 -1.55701 1.2513 1.6339 2.62215 4.67571 5.41447 4.17772
59.61 -0.194995 -0.97954 0.0488617 2.05663 5.15786 6.44234 7.07936 9.04606 9.582 5.97385 -0.16235 -3.14927 -5.94728 -9.74946 -10.2271 -7.24885 -2.22324 0.758729 1.26674 2.33258 4.28128 5.04749 4.03169
59.66 -0.873619 -1.87317 -0.767884 1.23505 4.32037 5.653 6.59309 9.10935 9.92358 6.65278 1.17474 -1.5196 -4.7645 -9.62537 -10.7897 -7.97054 -2.88533 0.241379 0.904357 2.02857 3.812 4.55859 3.7297
59.71 -1.65702 -2.89084 -1.70368 0.323894 3.47561 4.88557 6.08143 9.05642 10.1096 7.21759 2.45547 0.0767848 -3.50455 -9.26891 -11.0896 -8.53208 -3.54327 -0.321157 0.526717 1.70264 3.29976 4.00035 3.31433
59.76 -2.59478 -4.0701 -2.78837 -0.69305 2.64088 4.16401 5.5592 8.89499 10.1465 7.6654 3.6593 1.61132 -2.21415 -8.69148 -11.0949 -8.90744 -4.20333 -0.951104 0.112938 1.3467 2.7549 3.39322 2.81584
59.81 -3.39983 -5.23143 -4.06435 -1.87795 1.78044 3.49031 5.04035 8.63745 10.0418 7.98794 4.75734 3.04542 -0.940183 -7.93229 -10.8174 -9.07753 -4.84805 -1.64903 -0.341914 0.959659 2.168 2.72053 2.23858
59.86 -4.09431 -6.1453 -5.14542 -3.06925 0.82077 2.81242 4.49939 8.27109 9.78673 8.16529 5.71575 4.33984 0.259937 -7.06276 -10.307 -9.03633 -5.42897 -2.3738 -0.818972 0.528708 1.5297 2.00114 1.59528
59.91 -4.76343 -6.93328 -6.05027 -4.13635 -0.12939 2.12558 3.92246 7.78437 9.37429 8.18729 6.53009 5.50575 1.38505 -6.11384 -9.60586 -8.7997 -5.91025 -3.08801 -1.31518 0.0515635 0.840462 1.23237 0.891475
59.96 -5.38502 -7.69006 -6.86229 -4.98066 -0.950856 1.40882 3.28902 7.17086 8.80615 8.04737 7.19084 6.54283 2.42661 -5.12324 -8.75636 -8.3822 -6.25091 -3.74237 -1.8144 -0.46363 0.111848 0.423861 0.13877
60.01 -5.89141 -8.3875 -7.5335 -5.58675 -1.65218 0.641691 2.59975 6.45723 8.11866 7.76863 7.69431 7.43034 3.35634 -4.14788 -7.82145 -7.8182 -6.41541 -4.2763 -2.29054 -1.00042 -0.633389 -0.401737 -0.641534
60.06 -6.1534 -8.87295 -7.97843 -6.01332 -2.34424 -0.177419 1.88324 5.70136 7.3795 7.40627 8.05564 8.14724 4.1431 -3.23409 -6.85682 -7.1531 -6.43198 -4.6877 -2.71699 -1.52158 -1.35435 -1.20874 -1.42066
60.11 -6.31515 -9.11746 -8.18167 -6.27074 -3.03719 -1.06135 1.11839 4.91157 6.61493 6.99013 8.29144 8.69827 4.79207 -2.34295 -5.81421 -6.37438 -6.36205 -5.0531 -3.12334 -2.02512 -2.02717 -1.96668 -2.17142
60.16 -6.39687 -9.03956 -8.06404 -6.37253 -3.78873 -2.02704 0.304628 4.11027 5.85379 6.54651 8.41844 9.09798 5.33259 -1.46815 -4.72923 -5.51992 -6.2105 -5.36203 -3.50645 -2.50733 -2.64112 -2.65941 -2.87595
60.21 -6.34527 -8.69711 -7.70466 -6.35782 -4.58051 -3.07019 -0.547479 3.31665 5.11364 6.0885 8.44715 9.35949 5.78785 -0.593634 -3.60954 -4.62334 -5.99407 -5.60528 -3.86192 -2.96856 -3.19683 -3.28132 -3.52461
60.26 -6.14247 -8.12836 -7.12896 -6.21758 -5.41938 -4.207 -1.43057 2.54746 4.40771 5.62331 8.38204 9.48921 6.17051 0.29767 -2.44515 -3.68713 -5.72609 -5.79042 -4.18264 -3.40124 -3.69693 -3.83537 -4.1157
60.31 -5.79696 -7.37776 -6.38646 -5.99955 -6.18163 -5.2657 -2.31233 1.78138 3.73228 5.1493 8.21782 9.47838 6.47036 1.19841 -1.24452 -2.72329 -5.41616 -5.9168 -4.45395 -3.79401 -4.14751 -4.32994 -4.65007
60.36 -5.30878 -6.46505 -5.48476 -5.66924 -6.84927 -6.26416 -3.18873 1.03684 3.10461 4.67536 7.9544 9.32165 6.67736 2.09731 -0.0184818 -1.74147 -5.06106 -5.97235 -4.65786 -4.13918 -4.56461 -4.78299 -5.13483
60.41 -4.66533 -5.38432 -4.4102 -5.19469 -7.45633 -7.26472 -4.073 0.331006 2.53952 4.20919 7.59471 9.01984 6.78365 2.97866 1.2188 -0.746775 -4.63873 -5.92443 -4.76345 -4.42686 -4.97188 -5.22205 -5.5845
60.46 -3.877 -4.15025 -3.17256 -4.56409 -7.92954 -8.25602 -5.00729 -0.353495 2.03317 3.75044 7.14422 8.58009 6.77852 3.80976 2.43007 0.240093 -4.12751 -5.73158 -4.7291 -4.64135 -5.39305 -5.67661 -6.01547
60.51 -2.98568 -2.81325 -1.82554 -3.82074 -8.19131 -9.00193 -5.93685 -1.10514 1.54557 3.2832 6.61295 8.02308 6.65833 4.54542 3.54713 1.16629 -3.5343 -5.37418 -4.52599 -4.77097 -5.84707 -6.1701 -6.44081
60.56 -1.99735 -1.3794 -0.372509 -2.96622 -8.32046 -9.53823 -6.81937 -1.93679 1.04371 2.7824 6.0071 7.37666 6.44015 5.17059 4.53715 2.01583 -2.84709 -4.82791 -4.12833 -4.79743 -6.33141 -6.71142 -6.87504
60.61 -0.937426 0.125421 1.1681 -1.99414 -8.35617 -9.96552 -7.58801 -2.75199 0.477248 2.21205 5.32951 6.66618 6.14108 5.67334 5.37551 2.77758 -2.07573 -4.10334 -3.53922 -4.69902 -6.8092 -7.28132 -7.32027
60.66 0.149782 1.65329 2.75468 -0.909251 -8.30157 -10.3108 -8.19034 -3.51342 -0.186641 1.5553 4.59261 5.91686 5.77797 6.04844 6.05056 3.44354 -1.25142 -3.24516 -2.79556 -4.46687 -7.23135 -7.84468 -7.76555
60.71 1.21602 3.15342 4.34832 0.293934 -8.1339 -10.5793 -8.62566 -4.22103 -0.954494 0.821072 3.82076 5.15559 5.37041 6.30386 6.56893 4.01241 -0.413526 -2.31692 -1.96457 -4.07075 -7.53862 -8.39177 -8.2043
60.76 2.21794 4.57629 5.9097 1.60533 -7.84582 -10.778 -8.89392 -4.86481 -1.82467 0.0275446 3.03967 4.40497 4.93505 6.45283 6.94671 4.48923 0.407447 -1.36689 -1.0926 -3.56008 -7.71972 -8.87408 -8.60883
60.81 3.16563 5.86607 7.24669 2.81816 -7.38038 -10.8233 -8.99629 -5.46652 -2.77015 -0.783995 2.2824 3.6918 4.4934 6.51419 7.20301 4.87901 1.18388 -0.440151 -0.228617 -2.99341 -7.78113 -9.25779 -8.95138
60.86 4.02533 6.98329 8.31655 3.85961 -6.72009 -10.6151 -9.01927 -6.05197 -3.65519 -1.56492 1.56039 3.03418 4.06599 6.50954 7.3605 5.19175 1.89775 0.427775 0.581775 -2.42094 -7.74019 -9.52908 -9.21291
60.91 4.795 7.94699 9.1823 4.74173 -5.95822 -10.1682 -8.91348 -6.61973 -4.5553 -2.36849 0.860547 2.42384 3.64788 6.44072 7.43503 5.44975 2.56143 1.24188 1.33769 -1.83961 -7.57521 -9.65949 -9.37674
60.96 5.47672 8.77153 9.8867 5.49321 -5.13703 -9.52567 -8.68443 -7.16541 -5.47108 -3.19386 0.181049 1.85959 3.23795 6.30247 7.42328 5.65577 3.18126 2.00964 2.04365 -1.24302 -7.27086 -9.62907 -9.4278
61.01 6.07447 9.4639 10.4293 6.08848 -4.19083 -8.55223 -8.3275 -7.77699 -6.4469 -4.06238 -0.488406 1.33719 2.83055 6.08359 7.31176 5.80267 3.76565 2.75124 2.72381 -0.607429 -6.80823 -9.42086 -9.35739
61.06 6.58138 10.0315 10.8584 6.61227 -3.17729 -7.39283 -7.84059 -8.3405 -7.41772 -4.93983 -1.13854 0.863809 2.43111 5.78186 7.08618 5.86759 4.303 3.46741 3.38114 0.0547053 -6.22201 -9.05611 -9.16556
61.11 7.00189 10.4891 11.1986 7.1014 -2.11575 -6.11151 -7.23935 -8.82077 -8.3608 -5.8106 -1.75445 0.445625 2.04358 5.40223 6.74513 5.83434 4.77989 4.15461 4.01643 0.725344 -5.55715 -8.56679 -8.86045
61.16 7.34142 10.8454 11.4505 7.55229 -1.03217 -4.75984 -6.56927 -9.10251 -9.14448 -6.65704 -2.33695 0.05431 1.66339 4.96443 6.31524 5.71163 5.1864 4.79295 4.60304 1.35333 -4.89761 -8.02336 -8.46784
61.21 7.61037 11.1143 11.6223 7.96475 0.0556244 -3.3839 -5.83631 -9.25535 -9.69231 -7.38329 -2.94182 -0.345154 1.27097 4.48092 5.82722 5.52208 5.52379 5.37107 5.13037 1.91666 -4.28282 -7.47288 -8.02504
61.26 7.81804 11.3063 11.723 8.34135 1.14018 -2.00056 -5.00808 -9.30059 -10.1083 -7.9971 -3.54951 -0.77409 0.85117 3.96388 5.30962 5.28922 5.7949 5.8824 5.60182 2.42352 -3.70626 -6.92385 -7.55671
61.31 7.97093 11.4325 11.7664 8.68718 2.2128 -0.62012 -4.113 -9.26124 -10.4281 -8.48696 -4.13386 -1.24719 0.399688 3.42909 4.78927 5.0354 6.00256 6.31801 6.01204 2.87401 -3.16459 -6.38202 -7.07962
61.36 8.07833 11.5076 11.7694 9.00238 3.24965 0.72718 -3.15747 -9.13497 -10.6832 -8.84891 -4.67989 -1.77456 -0.0777902 2.89098 4.28509 4.77681 6.15068 6.67334 6.35664 3.26966 -2.64893 -5.84491 -6.60258
61.41 8.15368 11.547 11.7439 9.27767 4.21762 2.00255 -2.15611 -8.92125 -10.9035 -9.1038 -5.14947 -2.3141 -0.572739 2.35413 3.8053 4.52117 6.2404 6.94478 6.63104 3.61223 -2.14773 -5.30454 -6.12753
61.46 8.20679 11.5649 11.7066 9.51105 5.09088 3.17415 -1.13532 -8.62403 -11.0804 -9.25991 -5.54125 -2.8657 -1.07884 1.83467 3.36275 4.27735 6.27233 7.12772 6.82869 3.90232 -1.64787 -4.74788 -5.64993
61.51 8.24851 11.5734 11.6686 9.69898 5.85219 4.2148 -0.146491 -8.17889 -11.0504 -9.32737 -5.97765 -3.45769 -1.56865 1.37399 2.99182 4.07278 6.25977 7.2233 6.9403 4.13044 -1.15315 -4.17778 -5.17222
61.56 8.30722 11.5275 11.5521 9.81873 6.55489 5.13823 0.764545 -7.60633 -10.8111 -9.3188 -6.46074 -4.11708 -2.07286 0.966412 2.69086 3.90455 6.19901 7.23056 6.96834 4.3078 -0.636846 -3.56197 -4.67534
61.61 8.34274 11.4035 11.3663 9.89098 7.1992 5.9624 1.59567 -6.96587 -10.4215 -9.23464 -6.95753 -4.83332 -2.61029 0.585606 2.43697 3.75139 6.07935 7.14852 6.91656 4.44378 -0.0854753 -2.87756 -4.13516
61.66 8.33839 11.1998 11.1187 9.91298 7.78094 6.70843 2.36377 -6.26588 -9.90793 -9.08608 -7.45762 -5.59037 -3.18253 0.21428 2.2087 3.59433 5.8993 6.98554 6.7924 4.54098 0.488932 -2.13204 -3.54303
61.71 8.28047 10.9228 10.8249 9.8953 8.30659 7.37679 3.04232 -5.40364 -9.07074 -8.86391 -8.09812 -6.46843 -3.84472 -0.192135 1.97045 3.40537 5.65858 6.75715 6.61489 4.61575 1.08874 -1.32025 -2.88272
61.76 8.15507 10.5586 10.4633 9.81478 8.77365 7.99952 3.69758 -4.42172 -8.01243 -8.5168 -8.72985 -7.40562 -4.57665 -0.649327 1.69075 3.16396 5.36132 6.47769 6.39369 4.66424 1.67447 -0.493562 -2.17609
61.81 7.94381 10.093 10.0155 9.6527 9.17586 8.58994 4.36695 -3.34132 -6.79224 -8.02869 -9.29134 -8.34895 -5.35504 -1.15966 1.35918 2.86358 5.01467 6.15894 6.13574 4.68181 2.2191 0.305694 -1.45657
61.86 7.63319 9.52059 9.4732 9.39842 9.50133 9.13812 5.05238 -2.17355 -5.43755 -7.39365 -9.73823 -9.25663 -6.16276 -1.72314 0.972774 2.50661 4.62831 5.81199 5.84731 4.66503 2.70525 1.04749 -0.755444
61.91 7.22056 8.84647 8.83877 9.05028 9.73301 9.61349 5.72482 -0.9518 -3.99093 -6.61492 -9.94062 -10.0216 -7.01533 -2.36827 0.536753 2.11767 4.22683 5.45738 5.54015 4.61271 3.11895 1.70244 -0.110699
61.96 6.71536 8.08624 8.12687 8.62127 9.86628 9.99555 6.35757 0.285017 -2.51438 -5.65828 -9.9253 -10.5783 -7.80545 -3.11668 0.000996962 1.6739 3.81785 5.10674 5.22554 4.5332 3.47187 2.27987 0.471594
62.01 6.13409 7.25829 7.35398 8.12516 9.89765 10.2714 6.93869 1.52441 -1.01997 -4.59663 -9.76027 -10.957 -8.4482 -3.87385 -0.661946 1.13529 3.40363 4.76243 4.90671 4.4317 3.77928 2.80054 1.00292
62.06 5.49902 6.38571 6.54273 7.58052 9.82915 10.4317 7.45085 2.73719 0.460241 -3.46053 -9.46733 -11.1989 -8.92496 -4.59407 -1.42002 0.523003 2.97275 4.41578 4.57768 4.30669 4.05168 3.28186 1.49507
62.11 4.83496 5.4945 5.71976 7.00723 9.66404 10.4671 7.87022 3.88233 1.88119 -2.27823 -9.04219 -11.2623 -9.23062 -5.28773 -2.24968 -0.134622 2.53512 4.0723 4.24246 4.16261 4.29946 3.73323 1.94956
62.16 4.16535 4.61081 4.91302 6.42474 9.40677 10.3718 8.1762 4.92328 3.2009 -1.09615 -8.40045 -11.0778 -9.39798 -5.99524 -3.14261 -0.81781 2.10925 3.74886 3.91717 4.01452 4.53876 4.16617 2.3678
62.21 3.5058 3.75408 4.14509 5.84911 9.06624 10.1549 8.37223 5.85907 4.41579 0.0523735 -7.59491 -10.6524 -9.42324 -6.70683 -4.12015 -1.57535 1.65456 3.42462 3.59066 3.85811 4.77022 4.59322 2.77075
62.26 2.86889 2.93897 3.43199 5.28755 8.64195 9.81394 8.45027 6.68793 5.53706 1.16333 -6.66103 -10.0225 -9.3097 -7.39062 -5.15428 -2.41761 1.1412 3.0774 3.24758 3.68034 4.97145 4.99925 3.16512
62.31 2.26126 2.17008 2.77601 4.73538 8.13066 9.34823 8.40296 7.4059 6.57182 2.23645 -5.61514 -9.19996 -9.05869 -8.02701 -6.21015 -3.32763 0.566106 2.69904 2.88334 3.47322 5.10577 5.34447 3.54113
62.36 1.67351 1.42985 2.1525 4.17045 7.53225 8.77131 8.23817 8.0081 7.5015 3.23355 -4.40746 -8.00608 -8.61892 -8.70388 -7.33151 -4.32006 -0.0776565 2.27582 2.49222 3.22714 5.12298 5.57108 3.87897
62.41 1.09663 0.698532 1.53175 3.56807 6.84856 8.09621 7.96049 8.48128 8.31481 4.17722 -3.1029 -6.58854 -7.96005 -9.24037 -8.40209 -5.32438 -0.761647 1.81213 2.0876 2.95294 4.99644 5.61759 4.11411
62.46 0.515211 -0.0499837 0.880877 2.90866 6.09414 7.35132 7.59067 8.81948 8.99063 5.05806 -1.74908 -5.03789 -7.11269 -9.59041 -9.34737 -6.27351 -1.44817 1.32955 1.69479 2.66816 4.72986 5.4582 4.18406
62.51 -0.0929812 -0.845307 0.170378 2.18055 5.29013 6.56926 7.15402 9.02479 9.51274 5.85495 -0.380634 -3.41233 -6.12161 -9.74529 -10.1186 -7.12235 -2.11716 0.838662 1.32461 2.37963 4.35043 5.11601 4.06664
62.56 -0.758874 -1.72241 -0.629474 1.37268 4.45578 5.77887 6.67323 9.10717 9.87931 6.55132 0.963352 -1.77961 -4.96153 -9.66146 -10.7155 -7.86431 -2.77931 0.326987 0.963065 2.07864 3.89083 4.64281 3.78679
62.61 -1.52219 -2.71755 -1.54433 0.476659 3.61086 5.00615 6.16456 9.07239 10.09 7.13484 2.25473 -0.175776 -3.70947 -9.34112 -11.0608 -8.45404 -3.43774 -0.226955 0.589192 1.75679 3.38396 4.09296 3.387
62.66 -2.43219 -3.86886 -2.60298 -0.521724 2.77366 4.27603 5.64328 8.92796 10.1504 7.60139 3.47182 1.36999 -2.42243 -8.79876 -11.1142 -8.86012 -4.0969 -0.844553 0.1825 1.40572 2.84528 3.49558 2.9012
62.71 -3.28351 -5.06491 -3.86826 -1.68192 1.92659 3.59845 5.1247 8.68576 10.0686 7.94576 4.5904 2.82482 -1.13992 -8.06245 -10.8787 -9.06483 -4.74801 -1.53434 -0.267344 1.02447 2.26536 2.83154 2.33585
62.76 -3.98498 -6.01068 -4.98649 -2.88333 0.977701 2.92147 4.58806 8.33757 9.838 8.14693 5.57148 4.1411 0.0724553 -7.20839 -10.4028 -9.05637 -5.34133 -2.25702 -0.7409 0.600992 1.63565 2.11991 1.7027
62.81 -4.65771 -6.81048 -5.9132 -3.97822 0.0168278 2.23717 4.0184 7.87109 9.45128 8.1947 6.40949 5.32708 1.20971 -6.27002 -9.72948 -8.8502 -5.8414 -2.97604 -1.23476 0.131054 0.954161 1.3588 1.00808
62.86 -5.29126 -7.56962 -6.73616 -4.86175 -0.830389 1.52662 3.39484 7.27731 8.90687 8.08028 7.09545 6.38566 2.26591 -5.28314 -8.90062 -8.46036 -6.20705 -3.64346 -1.73499 -0.379037 0.230542 0.555434 0.262041
62.91 -5.82816 -8.29032 -7.44261 -5.50144 -1.54003 0.768577 2.71221 6.57523 8.23352 7.82008 7.6237 7.29959 3.21698 -4.2997 -7.97325 -7.91652 -6.40089 -4.19992 -2.21744 -0.914713 -0.514493 -0.269585 -0.515666
62.96 -6.11989 -8.81128 -7.92382 -5.95729 -2.23362 -0.0418861 2.0011 5.82522 7.50042 7.46866 8.00645 8.04358 4.02659 -3.37881 -7.01747 -7.26606 -6.43403 -4.62648 -2.65099 -1.43954 -1.24164 -1.08196 -1.29692
63.01 -6.2916 -9.09881 -8.17128 -6.24171 -2.92233 -0.913914 1.24478 5.03976 6.73808 7.05933 8.26132 8.62043 4.69597 -2.48455 -5.98488 -6.50564 -6.37938 -4.99792 -3.05942 -1.9455 -1.92288 -1.84911 -2.05371
63.06 -6.39236 -9.07169 -8.10092 -6.36439 -3.66518 -1.86706 0.437938 4.23873 5.97484 6.61886 8.40485 9.0434 5.25206 -1.60802 -4.90554 -5.66023 -6.23947 -5.31679 -3.44665 -2.4313 -2.54663 -2.55304 -2.76655
63.11 -6.36321 -8.76784 -7.77717 -6.36823 -4.45078 -2.89705 -0.408418 3.4428 5.23044 6.16263 8.4489 9.32646 5.71989 -0.734703 -3.79187 -4.76974 -6.03239 -5.57016 -3.80689 -2.89621 -3.11151 -3.18626 -3.42443
63.16 -6.18591 -8.23416 -7.23553 -6.24862 -5.28223 -4.01988 -1.28752 2.669 4.51833 5.69826 8.39879 9.47728 6.11389 0.153181 -2.63526 -3.83998 -5.77229 -5.76457 -4.13398 -3.33408 -3.62015 -3.75069 -4.02466
63.21 -5.86166 -7.509 -6.51585 -6.04073 -6.06709 -5.10254 -2.1716 1.90373 3.8381 5.22571 8.25094 9.48993 6.42835 1.05377 -1.43906 -2.87921 -5.4685 -5.90065 -4.41431 -3.73396 -4.07798 -4.25397 -4.56795
63.26 -5.39742 -6.62278 -5.64097 -5.73155 -6.74677 -6.10474 -3.04788 1.15383 3.20126 4.75093 8.00317 9.35658 6.65065 1.95367 -0.216509 -1.90004 -5.12179 -5.96925 -4.63069 -4.08727 -4.49895 -4.712 -5.05984
63.31 -4.77939 -5.56922 -4.5946 -5.28129 -7.36229 -7.10274 -3.93006 0.441678 2.62593 4.28353 7.65887 9.07792 6.77378 2.83943 1.02051 -0.90688 -4.71223 -5.94092 -4.75481 -4.38512 -4.9061 -5.15122 -5.51396
63.36 -4.01084 -4.35574 -3.37929 -4.67427 -7.8717 -8.10953 -4.85328 -0.240893 2.11189 3.82379 7.22197 8.65913 6.78731 3.68208 2.2407 0.0848826 -4.21493 -5.77292 -4.7452 -4.61232 -5.32363 -5.60157 -5.9471
63.41 -3.1357 -3.03469 -2.04896 -3.94705 -8.15892 -8.89831 -5.79103 -0.979037 1.62394 3.35977 6.7034 8.11922 6.68469 4.43449 3.37573 1.0226 -3.6356 -5.44384 -4.57118 -4.75644 -5.77159 -6.08753 -6.3722
63.46 -2.16184 -1.61545 -0.612745 -3.11191 -8.30796 -9.46314 -6.68046 -1.79821 1.12647 2.86598 6.10894 7.48515 6.48091 5.07811 4.3878 1.88498 -2.96376 -4.92846 -4.20562 -4.80113 -6.25284 -6.62179 -6.80445
63.51 -1.11073 -0.119008 0.916691 -2.15752 -8.35556 -9.90193 -7.4762 -2.62576 0.57456 2.30954 5.44284 6.78352 6.19384 5.60126 5.2519 2.66169 -2.204 -4.22999 -3.64539 -4.72373 -6.73497 -7.1893 -7.24838
63.56 -0.0246108 1.40859 2.49854 -1.09133 -8.31756 -10.2609 -8.10467 -3.39442 -0.0732737 1.66619 4.71382 6.03852 5.8397 5.99661 5.95312 3.34323 -1.38569 -3.3894 -2.92285 -4.51364 -7.16949 -7.75565 -7.69457
63.61 1.04815 2.91659 4.09368 0.0930352 -8.16883 -10.5409 -8.56721 -4.1117 -0.824202 0.94347 3.94591 5.27756 5.43805 6.27039 6.49568 3.9275 -0.54753 -2.46845 -2.10176 -4.14365 -7.49771 -8.30698 -8.13533
63.66 2.06202 4.35498 5.66484 1.39091 -7.90107 -10.7515 -8.86166 -4.76559 -1.67856 0.15776 3.16446 4.52375 5.00604 6.43539 6.89471 4.41858 0.277902 -1.51903 -1.23341 -3.64731 -7.69911 -8.80275 -8.54743
63.71 3.019 5.67081 7.05145 2.6346 -7.46799 -10.8347 -8.98698 -5.36885 -2.62037 -0.656545 2.40093 3.80227 4.56327 6.50902 7.16912 4.82224 1.06355 -0.585228 -0.364239 -3.08532 -7.77811 -9.20324 -8.90145
63.76 3.89339 6.81468 8.15999 3.70403 -6.83488 -10.666 -9.02368 -5.95873 -3.51301 -1.43865 1.6745 3.1363 4.13376 6.51443 7.34087 5.14553 1.78683 0.292331 0.455531 -2.51312 -7.75442 -9.49424 -9.177
63.81 4.67747 7.80205 9.05501 4.60944 -6.08466 -10.2534 -8.93933 -6.53065 -4.4096 -2.23777 0.971588 2.51876 3.71445 6.45625 7.42861 5.41172 2.45798 1.1146 1.21996 -1.9337 -7.61074 -9.64896 -9.3577
63.86 5.37259 8.64777 9.78508 5.38433 -5.2771 -9.65171 -8.72896 -7.07093 -5.31949 -3.05871 0.28898 1.94713 3.30341 6.32975 7.43135 5.62616 3.08412 1.88853 1.93258 -1.34104 -7.3304 -9.64586 -9.42756
63.91 5.98467 9.36161 10.3509 5.99938 -4.34819 -8.72369 -8.39394 -7.68089 -6.2895 -3.92143 -0.381757 1.41803 2.89557 6.12431 7.33704 5.784 3.67466 2.63391 2.61626 -0.711628 -6.89185 -9.46547 -9.37693
63.96 6.50596 9.94806 10.7958 6.53105 -3.34342 -7.58817 -7.92679 -8.25434 -7.26346 -4.79958 -1.03619 0.93607 2.49444 5.83573 7.1303 5.86348 4.22045 3.35422 3.27705 -0.052673 -6.32261 -9.12393 -9.20418
64.01 6.93996 10.4226 11.15 7.02527 -2.28833 -6.32335 -7.34337 -8.75769 -8.2111 -5.66847 -1.65989 0.509426 2.10475 5.46756 6.80677 5.84625 4.70795 4.04692 3.9167 0.618818 -5.66614 -8.6513 -8.91628
64.06 7.29203 10.7945 11.4156 7.48242 -1.20688 -4.97962 -6.67751 -9.06604 -9.03993 -6.53002 -2.24172 0.117131 1.72473 5.03796 6.38879 5.73635 5.1259 4.69452 4.51321 1.25731 -5.00009 -8.11117 -8.53493
64.11 7.57143 11.0764 11.5997 7.90118 -0.118597 -3.60496 -5.96223 -9.2394 -9.61366 -7.27354 -2.84364 -0.279532 1.33552 4.56116 5.90828 5.55602 5.47411 5.28246 5.04933 1.83001 -4.37894 -7.56141 -8.09832
64.16 7.78858 11.2803 11.7111 8.28304 0.966467 -2.22296 -5.1457 -9.29911 -10.0489 -7.90674 -3.45299 -0.702611 0.920651 4.04842 5.39344 5.32847 5.75571 5.80522 5.53012 2.34597 -3.79627 -7.01148 -7.63272
64.21 7.9497 11.416 11.7626 8.63369 2.04236 -0.84032 -4.26089 -9.27317 -10.3817 -8.41681 -4.04239 -1.16783 0.47416 3.51546 4.87205 5.07675 5.97329 6.25339 5.95049 2.80545 -3.24948 -6.46847 -7.15625
64.26 8.06368 11.4983 11.7709 8.95396 3.08687 0.514698 -3.31454 -9.16144 -10.6457 -8.79945 -4.59496 -1.68594 -1.82527e-05 2.97698 4.3643 4.8181 6.13073 6.62179 6.30587 3.20972 -2.73044 -5.93109 -6.67895
64.31 8.14326 11.5425 11.7492 9.23635 4.06817 1.80426 -2.31886 -8.96111 -10.8695 -9.0693 -5.08085 -2.22784 -0.492233 2.43986 3.8803 4.56172 6.22992 6.90702 6.59193 3.56075 -2.22776 -5.39197 -6.2037
64.36 8.19947 11.5629 11.7126 9.47634 4.95797 2.99427 -1.29869 -8.67664 -11.0627 -9.24262 -5.47775 -2.77481 -0.998169 1.91514 3.42986 4.31457 6.27058 7.10431 6.80256 3.8597 -1.7278 -4.83814 -5.72664
64.41 8.24006 11.5733 11.6776 9.6735 5.73556 4.05646 -0.300566 -8.26196 -11.0709 -9.32104 -5.90351 -3.35847 -1.49012 1.44356 3.04605 4.10262 6.26465 7.21376 6.92808 4.09762 -1.23323 -4.27134 -5.2494
64.46 8.29876 11.5401 11.5759 9.80276 6.44578 4.99725 0.624072 -7.70334 -10.8607 -9.32546 -6.38157 -4.00683 -1.98981 1.02945 2.7354 3.92998 6.21252 7.23544 6.96926 4.28218 -0.722163 -3.66527 -4.75753
64.51 8.3393 11.4285 11.4001 9.88257 7.10003 5.83593 1.46696 -7.07238 -10.4921 -9.25265 -6.87783 -4.71551 -2.52181 0.645642 2.4754 3.77572 6.10264 7.16743 6.92999 4.42461 -0.176003 -2.99196 -4.22529
64.56 8.34241 11.2377 11.162 9.91245 7.69156 6.59375 2.24556 -6.38536 -10.0048 -9.11326 -7.37121 -5.46379 -3.08711 0.274313 2.24462 3.62067 5.93217 7.01649 6.81646 4.52743 0.395193 -2.2559 -3.64203
64.61 8.29378 10.9726 10.8758 9.90165 8.22607 7.2734 2.93674 -5.55118 -9.22269 -8.90725 -7.99305 -6.32141 -3.73292 -0.123629 2.01106 3.43892 5.70115 6.79753 6.64645 4.6053 0.992379 -1.45299 -2.99266
64.66 8.1805 10.6235 10.5267 9.83274 8.70279 7.90175 3.5919 -4.58606 -8.19379 -8.58159 -8.6322 -7.25379 -4.45556 -0.572415 1.7389 3.20655 5.4125 6.52542 6.43179 4.6584 1.58266 -0.625307 -2.2912
64.71 7.98411 10.1748 10.0936 9.68466 9.11607 8.49754 4.25818 -3.52091 -6.99767 -8.11673 -9.2073 -8.19873 -5.22785 -1.07421 1.41611 2.91579 5.07325 6.21225 6.17929 4.68115 2.13519 0.180547 -1.57163
64.76 7.68998 9.61952 9.56655 9.44552 9.45487 9.05407 4.94227 -2.36559 -5.66237 -7.5057 -9.68171 -9.1156 -6.02888 -1.62852 1.03782 2.56654 4.69194 5.86873 5.8952 4.67014 2.63191 0.933734 -0.865092
64.81 7.29334 8.96085 8.94611 9.11183 9.7022 9.54295 5.6191 -1.14928 -4.22555 -6.75279 -9.92455 -9.91393 -6.87957 -2.25569 0.612139 2.18253 4.29175 5.51408 5.59006 4.62311 3.05709 1.60313 -0.209679
64.86 6.80203 8.21329 8.24566 8.69498 9.85167 9.94106 6.25912 0.0858666 -2.75299 -5.82011 -9.93882 -10.502 -7.68763 -2.99466 0.0963405 1.7521 3.8834 5.16228 5.27611 4.54737 3.41855 2.1915 0.381905
64.91 6.23157 7.39475 7.48117 8.20848 9.89937 10.2346 6.84958 1.32646 -1.25975 -4.7725 -9.79558 -10.9064 -8.356 -3.75363 -0.54837 1.22712 3.47105 4.81765 4.95838 4.44947 3.73247 2.71994 0.920483
64.96 5.60352 6.52765 6.67438 7.67029 9.84661 10.414 7.37406 2.54582 0.225318 -3.64697 -9.52258 -11.1678 -8.85977 -4.48262 -1.29304 0.625632 3.04319 4.47175 4.63131 4.32834 4.00991 3.20663 1.41831
65.01 4.94235 5.63755 5.85133 7.10028 9.69697 10.4704 7.81063 3.70535 1.6595 -2.46925 -9.12459 -11.2682 -9.19162 -5.17551 -2.11317 -0.0284355 2.6041 4.12598 4.29565 4.18616 4.26058 3.66253 1.87952
65.06 4.27246 4.75123 5.04034 6.51802 9.45369 10.3953 8.1344 4.76331 2.99639 -1.28394 -8.5157 -11.1245 -9.38063 -5.88071 -2.99337 -0.704033 2.17837 3.80008 3.96894 4.03848 4.50052 4.09703 2.30207
65.11 3.61037 3.88902 4.26488 5.94053 9.12636 10.1979 8.34839 5.71601 4.22748 -0.129309 -7.73338 -10.7352 -9.42861 -6.59357 -3.95839 -1.44787 1.73106 3.47778 3.64386 3.88429 4.73425 4.52529 2.70654
65.16 2.96916 3.06657 3.54236 5.37669 8.71576 9.87709 8.44607 6.56226 5.36297 0.987473 -6.81855 -10.1361 -9.33705 -7.28406 -4.98619 -2.27726 1.22796 3.13515 3.30407 3.7107 4.94253 4.93682 3.10257
65.21 2.35699 2.29081 2.87811 4.82401 8.21847 9.43075 8.4186 7.29818 6.41224 2.06876 -5.79283 -9.35404 -9.10881 -7.92048 -6.03636 -3.17679 0.662287 2.76215 2.94332 3.50882 5.09074 5.29521 3.48231
65.26 1.76682 1.54744 2.2515 4.26296 7.63415 8.87097 8.27248 7.91983 7.3597 3.07745 -4.60956 -8.21643 -8.70462 -8.60195 -7.15204 -4.15755 0.0296982 2.34707 2.55661 3.26902 5.12953 5.54544 3.82969
65.31 1.18899 0.816269 1.6325 3.6681 6.96347 8.21003 8.01186 8.41434 8.19297 4.0295 -3.31656 -6.82676 -8.07947 -9.16624 -8.23716 -5.16547 -0.650903 1.88833 2.15231 2.99802 5.02658 5.62383 4.08608
65.36 0.60965 0.0724653 0.988597 3.01883 6.21906 7.47411 7.65509 8.77424 8.89221 4.92182 -1.9682 -5.29321 -7.25953 -9.54716 -9.20613 -6.12682 -1.33878 1.40767 1.75635 2.71412 4.7811 5.49714 4.18544
65.41 0.00749421 -0.713297 0.289416 2.30225 5.42151 6.69593 7.22757 9.00048 9.4396 5.73351 -0.599859 -3.67608 -6.28837 -9.7336 -10.0082 -6.99434 -2.0113 0.918064 1.38266 2.42626 4.41739 5.18107 4.09736
65.46 -0.646634 -1.5747 -0.494058 1.508 4.59087 5.90515 6.7526 9.10192 9.83097 6.44691 0.750568 -2.04043 -5.15631 -9.69141 -10.6347 -7.75407 -2.67313 0.411536 1.02148 2.1282 3.9685 4.7251 3.8408
65.51 -1.39118 -2.54835 -1.38872 0.62676 3.74627 5.12781 6.24734 9.08549 10.0664 7.04904 2.05202 -0.429943 -3.91348 -9.40754 -11.0245 -8.37124 -3.33223 -0.134383 0.650827 1.81017 3.46746 4.18454 3.45751
65.56 -2.27438 -3.67231 -2.42213 -0.353717 2.90689 4.38949 5.72723 8.95818 10.1504 7.53434 3.28208 1.1267 -2.63026 -8.9004 -11.1258 -8.80777 -3.99063 -0.740176 0.250734 1.46389 2.93449 3.59596 2.9844
65.61 -3.16475 -4.89102 -3.66535 -1.4863 2.06934 3.70623 5.20837 8.73121 10.0914 7.8998 4.41977 2.60041 -1.34166 -8.1897 -10.9338 -9.04659 -4.64641 -1.42037 -0.193178 1.08806 2.36129 2.94155 2.43147
65.66 -3.87508 -5.87189 -4.82253 -2.69518 1.13422 3.03039 4.67591 8.401 9.88523 8.12459 5.42351 3.93899 -0.116947 -7.35182 -10.4934 -9.07131 -5.25129 -2.14017 -0.663365 0.672103 1.74028 2.23737 1.80851
65.71 -4.55117 -6.6866 -5.77342 -3.81467 0.166115 2.34803 4.11288 7.95442 9.52409 8.19784 6.28493 5.14513 1.03231 -6.42492 -9.84908 -8.89595 -5.76905 -2.86271 -1.15451 0.20952 1.06677 1.48412 1.12335
65.76 -5.19479 -7.44857 -6.60848 -4.73672 -0.705535 1.64327 3.49902 7.3808 9.00409 8.10928 6.99593 6.22481 2.1026 -5.44293 -9.04213 -8.53442 -6.15882 -3.54183 -1.65515 -0.295077 0.348709 0.686452 0.384488
65.81 -5.75108 -8.1893 -7.34899 -5.41211 -1.42761 0.8946 2.82458 6.69249 8.34717 7.86934 7.54928 7.16421 3.07362 -4.45362 -8.12476 -8.01216 -6.3821 -4.12004 -2.14284 -0.828505 -0.395 -0.137044 -0.389857
65.86 -6.08372 -8.74354 -7.8629 -5.89661 -2.12303 0.0918195 2.11754 5.94799 7.6205 7.5295 7.95385 7.93531 3.90587 -3.52336 -7.17349 -7.37591 -6.43597 -4.56485 -2.58459 -1.3569 -1.12758 -0.953899 -1.17252
65.91 -6.26832 -9.06888 -8.14808 -6.20675 -2.81094 -0.769371 1.36962 5.16758 6.8613 7.12782 8.22836 8.53857 4.59687 -2.62686 -6.15473 -6.63493 -6.39442 -4.94117 -2.9948 -1.86526 -1.81704 -1.72986 -1.93484
65.96 -6.38439 -9.09672 -8.13122 -6.35305 -3.54263 -1.70899 0.570226 4.3673 6.09634 6.69078 8.38866 8.98519 5.16923 -1.74808 -5.08119 -5.79969 -6.2665 -5.26944 -3.38614 -2.35491 -2.45074 -2.44484 -2.65568
66.01 -6.37726 -8.83256 -7.84388 -6.37528 -4.32214 -2.72625 -0.270233 3.56947 5.34803 6.23651 8.44818 9.29 5.65001 -0.875433 -3.97315 -4.91515 -6.06936 -5.53357 -3.751 -2.82312 -3.02469 -3.08938 -3.32274
66.06 -6.22526 -8.3346 -7.33704 -6.27716 -5.14442 -3.83203 -1.14468 2.7908 4.62976 5.77297 8.413 9.46178 6.05525 0.00908011 -2.82429 -3.99194 -5.81729 -5.73719 -4.08408 -3.26592 -3.54203 -3.66441 -3.93214
66.11 -5.92262 -7.63593 -6.64097 -6.07887 -5.95002 -4.93774 -2.0307 2.02657 3.94506 5.30204 8.28146 9.49767 6.38394 0.909112 -1.63292 -3.03465 -5.51975 -5.8828 -4.37303 -3.6727 -4.00746 -4.1768 -4.48448
66.16 -5.48196 -6.77603 -5.79255 -5.79003 -6.64258 -5.94527 -2.90718 1.27181 3.29951 4.82668 8.04941 9.38772 6.62135 1.80966 -0.414163 -2.05826 -5.18092 -5.96368 -4.60117 -4.03393 -4.43292 -4.64049 -4.98384
66.21 -4.88922 -5.74961 -4.77425 -5.36367 -7.26693 -6.94139 -3.78759 0.553275 2.71391 4.35796 7.72051 9.13227 6.76105 2.69914 0.821909 -1.06687 -4.78333 -5.95372 -4.74268 -4.34154 -4.84058 -5.08069 -5.44288
66.26 -4.14206 -4.55865 -3.58332 -4.7817 -7.8083 -7.9545 -4.69861 -0.130473 2.19097 3.89689 7.29753 8.73495 6.79295 3.55187 2.04891 -0.0719544 -4.30041 -5.81023 -4.75709 -4.58115 -5.25499 -5.52743 -5.87846
66.31 -3.28293 -3.25333 -2.26936 -4.07037 -8.12311 -8.78939 -5.64415 -0.854959 1.70213 3.4356 6.79189 8.21291 6.70844 4.32076 3.20117 0.876983 -3.73443 -5.50859 -4.61133 -4.73934 -5.69703 -6.00626 -6.3038
66.36 -2.32413 -1.84923 -0.850173 -3.254 -8.29226 -9.38428 -6.54062 -1.66152 1.20821 2.9482 6.20906 7.59197 6.51956 4.98255 4.23468 1.75199 -3.07803 -5.02413 -4.27776 -4.80159 -6.17429 -6.53304 -6.73418
66.41 -1.28297 -0.362455 0.666834 -2.31782 -8.35257 -9.83615 -7.36046 -2.49852 0.66945 2.40482 5.55456 6.89976 6.24489 5.52587 5.12406 2.54335 -2.33071 -4.35292 -3.74731 -4.74494 -6.65946 -7.09723 -7.17657
66.46 -0.199224 1.16353 2.2429 -1.2702 -8.33059 -10.2089 -8.01482 -3.27415 0.0374334 1.77502 4.83405 6.15979 5.90022 5.94164 5.85156 3.24039 -1.51947 -3.53161 -3.04768 -4.55608 -7.10475 -7.66638 -7.62347
66.51 0.878866 2.67808 3.83851 -0.104827 -8.20058 -10.5007 -8.50444 -4.00073 -0.696591 1.06424 4.07072 5.39972 5.50493 6.23411 6.41871 3.84018 -0.681876 -2.61924 -2.2377 -4.21345 -7.4536 -8.22064 -8.06556
66.56 1.90501 4.13082 5.41558 1.1754 -7.95184 -10.7221 -8.8252 -4.66485 -1.53479 0.287132 3.28967 4.64334 5.07673 6.41557 6.83949 4.34567 0.147317 -1.67158 -1.3742 -3.73286 -7.6753 -8.72892 -8.4845
66.61 2.87002 5.47078 6.84872 2.4466 -7.54915 -10.8403 -8.97827 -5.26945 -2.46451 -0.526965 2.52021 3.91417 4.63359 6.50214 7.1325 4.76316 0.941314 -0.732104 -0.50152 -3.17747 -7.77288 -9.14611 -8.84948
66.66 3.75922 6.64217 7.99805 3.54418 -6.94707 -10.7101 -9.0243 -5.86533 -3.37156 -1.31312 1.78918 3.23965 4.20179 6.51772 7.31913 5.0979 1.67459 0.155466 0.327858 -2.60512 -7.76555 -9.45589 -9.13866
66.71 4.55769 7.65352 8.92356 4.47386 -6.2098 -10.3337 -8.96167 -6.44063 -4.26423 -2.10766 1.0831 2.61483 3.78122 6.47002 7.42001 5.37237 2.35337 0.986041 1.10085 -2.02749 -7.64276 -9.63435 -9.33579
66.76 5.26678 8.52091 9.67799 5.2685 -5.41075 -9.76173 -8.77013 -6.98424 -5.1723 -2.92578 0.396969 2.0356 3.36872 6.35485 7.43693 5.59532 2.98639 1.7671 1.82128 -1.43743 -7.38504 -9.65754 -9.4242
66.81 5.89255 9.25609 10.2696 5.90843 -4.5039 -8.89032 -8.4568 -7.58334 -6.1319 -3.78075 -0.274672 1.50009 2.96078 6.16287 7.35939 5.76328 3.5825 2.51589 2.50806 -0.81514 -6.97218 -9.50597 -9.39334
66.86 6.42833 9.86183 10.7311 6.44897 -3.50829 -7.78023 -8.00989 -8.16639 -7.10846 -4.65898 -0.933005 1.00978 2.55807 5.88752 7.17135 5.85683 4.13639 3.24032 3.17242 -0.159744 -6.42099 -9.18839 -9.23987
66.91 6.876 10.3535 11.0987 6.94784 -2.46049 -6.53323 -7.44438 -8.68599 -8.06116 -5.5281 -1.56202 0.574125 2.16631 5.53143 6.86603 5.85576 4.63416 3.938 3.81574 0.511284 -5.7751 -8.73421 -8.96969
66.96 7.24079 10.7413 11.3787 7.41163 -1.38123 -5.19831 -6.78542 -9.02677 -8.92829 -6.39947 -2.14689 0.17995 1.78591 5.11031 6.46073 5.75925 5.0636 4.59452 4.42177 1.15951 -5.10386 -8.19886 -8.60066
67.01 7.53093 11.0365 11.5752 7.8367 -0.292836 -3.82572 -6.08551 -9.22053 -9.5315 -7.16108 -2.74563 -0.214575 1.39943 4.64048 5.98847 5.58875 5.42272 5.19217 4.96687 1.74191 -4.47606 -7.64994 -8.17087
67.06 7.7577 11.2525 11.6977 8.22396 0.792572 -2.44527 -5.28144 -9.29538 -9.98702 -7.81332 -3.35595 -0.632202 0.989328 4.13246 5.47712 5.36712 5.71488 5.72611 5.45686 2.26696 -3.88722 -7.0993 -7.70848
67.11 7.92728 11.3982 11.7577 8.57944 1.87114 -1.06119 -4.40709 -9.28283 -10.3336 -8.34344 -3.94995 -1.08982 0.54792 3.60172 4.95521 5.11795 5.94249 6.1867 5.88726 2.73544 -3.33511 -6.5551 -7.23289
67.16 8.04813 11.488 11.7717 8.9047 2.92255 0.300608 -3.47017 -9.18539 -10.6069 -8.7467 -4.50904 -1.59888 0.0774565 3.0632 4.44423 4.85953 6.10932 6.56811 6.25333 3.14842 -2.81237 -6.01723 -6.75538
67.21 8.13225 11.5374 11.7543 9.19401 3.91639 1.6034 -2.48089 -8.99872 -10.8348 -9.03221 -5.00994 -2.14196 -0.412081 2.52595 3.9562 4.60253 6.21795 6.867 6.55089 3.50792 -2.30786 -5.47903 -6.27985
67.26 8.19172 11.5606 11.7186 9.4406 4.82218 2.8111 -1.46259 -8.72775 -11.0381 -9.22154 -5.41644 -2.68515 -0.916888 1.99717 3.49887 4.35287 6.26774 7.07866 6.77416 3.81536 -1.80814 -4.92834 -5.80348
67.31 8.23382 11.5719 11.6829 9.64488 5.61841 3.89542 -0.456498 -8.34196 -11.086 -9.31262 -5.83052 -3.26094 -1.4118 1.51465 3.10221 4.1335 6.26835 7.20196 6.91369 4.06342 -1.31288 -4.36388 -5.32623
67.36 8.28975 11.5509 11.5982 9.7857 6.33512 4.85363 0.481518 -7.79865 -10.9065 -9.33014 -6.30275 -3.89808 -1.90759 1.09327 2.78124 3.95588 6.22452 7.23797 6.9681 4.25548 -0.806509 -3.76677 -4.83864
67.41 8.33495 11.4517 11.4326 9.87295 6.99923 5.70741 1.33664 -7.17754 -10.56 -9.26899 -6.79797 -4.59862 -2.43412 0.70603 2.51461 3.80005 6.12437 7.18419 6.94148 4.40441 -0.265871 -3.10471 -4.31407
67.46 8.34507 11.2739 11.2045 9.91132 7.60085 6.4767 2.12407 -6.49929 -10.0901 -9.13971 -7.29253 -5.34152 -2.99411 0.333667 2.28055 3.64631 5.96343 7.04568 6.83917 4.51345 0.302645 -2.37741 -3.73902
67.51 8.30547 11.0202 10.9252 9.90648 8.14408 7.16886 2.83059 -5.69594 -9.36944 -8.94746 -7.88748 -6.17578 -3.62278 -0.0563037 2.0507 3.4712 5.74226 6.83654 6.67684 4.59415 0.89565 -1.5853 -3.10132
67.56 8.20381 10.6859 10.588 9.8487 8.63034 7.80324 3.48665 -4.74799 -8.37122 -8.64285 -8.53275 -7.10215 -4.33564 -0.496789 1.7858 3.24766 5.4624 6.5721 6.4689 4.65176 1.48983 -0.757686 -2.4059
67.61 8.02191 10.2539 10.1692 9.71432 9.05441 8.40419 4.14996 -3.69827 -7.19974 -8.20107 -9.12068 -8.04774 -5.10131 -0.990034 1.47164 2.9665 5.13077 6.26479 6.22204 4.67962 2.0498 0.0539973 -1.68706
67.66 7.74414 9.71583 9.65756 9.49025 9.40609 8.96823 4.83183 -2.55636 -5.8849 -7.61367 -9.61541 -8.97214 -5.89844 -1.53589 1.10214 2.62608 4.75539 5.92535 5.9426 4.67428 2.55652 0.817474 -0.976343
67.71 7.36372 9.07303 9.05156 9.17148 9.66918 9.47028 5.51237 -1.34683 -4.46044 -6.88239 -9.9011 -9.80268 -6.74357 -2.14711 0.684872 2.24614 4.3564 5.57088 5.63981 4.63285 2.99372 1.50192 -0.310185
67.76 6.88669 8.33855 8.36284 8.76696 9.8345 9.88394 6.15945 -0.113137 -2.99113 -5.97914 -9.9484 -10.4207 -7.56584 -2.87284 0.187939 1.82739 3.94899 5.21811 5.32665 4.56101 3.36403 2.10158 0.290825
67.81 6.32762 7.53001 7.60733 8.29053 9.89856 10.195 6.75879 1.12793 -1.49982 -4.94637 -9.82755 -10.8521 -8.25943 -3.63261 -0.437353 1.31699 3.53805 4.87283 5.00981 4.46665 3.68473 2.63827 0.837003
67.86 5.7072 6.66905 6.80566 7.7593 9.86165 10.3932 7.2951 2.35298 -0.0108695 -3.83194 -9.57465 -11.1338 -8.79018 -4.36935 -1.16793 0.726673 3.11313 4.52757 4.6846 4.34936 3.96741 3.13067 1.34072
67.91 5.04961 5.78078 5.98329 7.19306 9.72746 10.4703 7.74789 3.52547 1.43506 -2.66003 -9.19894 -11.2683 -9.15015 -5.0634 -1.97739 0.0779566 2.67384 4.1804 4.34922 4.20967 4.22146 3.5912 1.80832
67.96 4.37982 4.89231 5.16864 6.61149 9.49852 10.4157 8.08984 4.60065 2.78911 -1.4726 -8.62663 -11.1648 -9.3595 -5.76642 -2.84646 -0.592132 2.24688 3.85138 4.02077 4.06229 4.46218 4.02778 2.23592
68.01 3.71552 4.02504 4.3861 6.03237 9.1844 10.2377 8.32158 5.57021 4.03671 -0.311974 -7.86848 -10.8126 -9.43035 -6.47969 -3.79825 -1.32264 1.80606 3.53038 3.69665 3.90995 4.69766 4.45699 2.64215
68.06 3.07022 3.19544 3.65432 5.46618 8.78738 9.93701 8.43865 6.43376 5.1867 0.810725 -6.97322 -10.245 -9.36085 -7.17606 -4.81863 -2.13874 1.31306 3.1921 3.35999 3.74031 4.91207 4.87307 3.03963
68.11 2.45317 2.41225 2.98106 4.9124 8.30417 9.51062 8.43153 7.18772 6.24964 1.89768 -5.96409 -9.49105 -9.15457 -7.82293 -5.86765 -3.02918 0.756482 2.82418 3.00257 3.54322 5.07263 5.24329 3.42317
68.16 1.86048 1.66539 2.35075 4.35464 7.73384 8.96801 8.30383 7.82829 7.21503 2.92004 -4.8089 -8.42048 -8.78447 -8.49656 -6.97161 -3.99568 0.13579 2.41713 2.62049 3.31007 5.13237 5.5153 3.77808
68.21 1.28135 0.93371 1.73263 3.76676 7.07651 8.32195 8.06078 8.34395 8.06768 3.88025 -3.5287 -7.06107 -8.19377 -9.08742 -8.06928 -5.00539 -0.540363 1.96396 2.21724 3.04278 5.05298 5.62467 4.05395
68.26 0.703533 0.193862 1.09492 3.1273 6.34264 7.59587 7.71772 8.72557 8.78988 4.78351 -2.18673 -5.54621 -7.40238 -9.49893 -9.06064 -5.97775 -1.22901 1.48557 1.81851 2.76 4.82926 5.53113 4.18188
68.31 0.10671 -0.583131 0.406415 2.42208 5.55213 6.82233 7.29992 8.97292 9.36239 5.60952 -0.819365 -3.93891 -6.45233 -9.71682 -9.89248 -6.863 -1.90486 0.997175 1.44116 2.47273 4.48223 5.24256 4.12371
68.36 -0.536661 -1.42983 -0.361431 1.64116 4.72566 6.03181 6.8312 9.09364 9.77861 6.33964 0.536607 -2.30169 -5.3487 -9.71533 -10.5474 -7.63994 -2.56681 0.495083 1.07967 2.17726 4.04488 4.80527 3.89157
68.41 -1.26372 -2.38301 -1.23664 0.77438 3.88187 5.25052 6.32978 9.09578 10.039 6.96024 1.84749 -0.68545 -4.11654 -9.46826 -10.9806 -8.28373 -3.22668 -0.0433414 0.71171 1.86281 3.55022 4.27502 3.52577
68.46 -2.12126 -3.48036 -2.24563 -0.188826 3.04062 4.50445 5.81112 8.98573 10.1468 7.46431 3.09019 0.88157 -2.83766 -8.99646 -11.1296 -8.75043 -3.88455 -0.637903 0.317765 1.52143 3.02247 3.69418 3.06547
68.51 -3.0433 -4.71073 -3.45493 -1.28987 2.20837 3.81344 5.29118 8.7737 10.1102 7.85007 4.24552 2.37229 -1.54534 -8.31392 -10.9826 -9.02268 -4.54334 -1.30727 -0.119398 1.15037 2.45573 3.05065 2.52541
68.56 -3.76478 -5.72931 -4.65301 -2.5043 1.28988 3.13922 4.76303 8.46147 9.9285 8.0984 5.27194 3.73355 -0.308231 -7.4929 -10.5787 -9.0811 -5.15903 -2.02344 -0.586428 0.741975 1.84353 2.35353 1.9127
68.61 -4.44422 -6.56201 -5.63072 -3.64554 0.318103 2.45836 4.20603 8.03444 9.59277 8.19679 6.15654 4.96003 0.852962 -6.57832 -9.96442 -8.93685 -5.69338 -2.74829 -1.07454 0.286841 1.17818 1.60826 1.2372
68.66 -5.09605 -7.32753 -6.47941 -4.60513 -0.576198 1.75887 3.60164 7.48127 9.09772 8.13432 6.89237 6.06045 1.93686 -5.60237 -9.18058 -8.60414 -6.1064 -3.43782 -1.57501 -0.211829 0.46621 0.816776 0.505987
68.71 -5.66883 -8.07643 -7.24855 -5.32107 -1.3158 1.01919 2.93647 6.80869 8.45935 7.91625 7.47107 7.02434 2.92644 -4.60945 -8.2757 -8.1048 -6.35874 -4.03657 -2.06689 -0.74204 -0.275178 -0.00433925 -0.264281
68.76 -6.04503 -8.66917 -7.79541 -5.83162 -2.01222 0.223995 2.23288 6.06983 7.73977 7.58881 7.89798 7.82282 3.78162 -3.66856 -7.32731 -7.48361 -6.4362 -4.50116 -2.51714 -1.27363 -1.01238 -0.824796 -1.04762
68.81 -6.24493 -9.03146 -8.11658 -6.16737 -2.70101 -0.626955 1.49308 5.29489 6.98442 7.19546 8.19251 8.45275 4.49482 -2.76955 -6.32309 -6.76187 -6.40717 -4.88293 -2.92964 -1.78458 -1.70981 -1.60908 -1.81492
68.86 -6.37338 -9.11475 -8.15515 -6.33897 -3.42113 -1.55281 0.701496 4.49595 6.21831 6.76229 8.36992 8.92339 5.08414 -1.88816 -5.25578 -5.93782 -6.29179 -5.22047 -3.32499 -2.27798 -2.3533 -2.3348 -2.54342
68.91 -6.38786 -8.89156 -7.90516 -6.3795 -4.19457 -2.55769 -0.132922 3.69665 5.46641 6.31018 8.44507 9.25017 5.57825 -1.01576 -4.15325 -5.05949 -6.10494 -5.49544 -3.69432 -2.74939 -2.93642 -2.99072 -3.21957
68.96 -6.26047 -8.42954 -7.43299 -6.30203 -5.00868 -3.64742 -1.00243 2.91365 4.74238 5.84767 8.42487 9.44299 5.99492 -0.134272 -3.01184 -4.14272 -5.86095 -5.70823 -4.03306 -3.19689 -3.46264 -3.57657 -3.83822
69.01 -5.98019 -7.75891 -6.76225 -6.11458 -5.83038 -4.77095 -1.88958 2.14979 4.05311 5.37831 8.30943 9.50172 6.33725 0.764579 -1.82594 -3.18951 -5.56992 -5.86327 -4.3302 -3.61028 -3.93593 -4.09838 -4.39966
69.06 -5.56272 -6.92514 -5.93988 -5.84508 -6.53684 -5.7857 -2.76663 1.3908 3.39937 4.90266 8.09321 9.41516 6.58961 1.66546 -0.611252 -2.216 -5.2385 -5.95577 -4.56942 -3.97922 -4.36644 -4.56839 -4.90682
69.11 -4.99508 -5.92576 -4.94948 -5.44221 -7.17047 -6.78073 -3.64557 0.665862 2.80353 4.43259 7.77973 9.18299 6.7456 2.55803 0.62325 -1.22661 -4.85211 -5.96299 -4.72724 -4.29621 -4.77526 -5.01036 -5.37124
69.16 -4.27091 -4.75921 -3.78481 -4.88634 -7.73818 -7.792 -4.5448 -0.0218163 2.27072 3.96995 7.37099 8.80757 6.79552 3.41934 1.85499 -0.230184 -4.38393 -5.84356 -4.7649 -4.54788 -5.18707 -5.45413 -5.80953
69.21 -3.42768 -3.46952 -2.4872 -4.19123 -8.08384 -8.67436 -5.49587 -0.733021 1.78019 3.51077 6.87841 8.3041 6.72954 4.20432 3.0236 0.7295 -3.83085 -5.56853 -4.64658 -4.71979 -5.62346 -5.9263 -6.23556
69.26 -2.48438 -2.08094 -1.0851 -3.39296 -8.27352 -9.30125 -6.39967 -1.52681 1.28902 3.02914 6.30743 7.69703 6.55606 4.884 4.07791 1.61694 -3.18982 -5.11483 -4.34468 -4.79893 -6.09597 -6.4453 -6.66426
69.31 -1.45423 -0.605023 0.41832 -2.47549 -8.34764 -9.76824 -7.24033 -2.36986 0.761865 2.4978 5.66456 7.01477 6.29415 5.4472 4.99207 2.42262 -2.45572 -4.4719 -3.84478 -4.76267 -6.58289 -7.0053 -7.1049
69.36 -0.374101 0.918037 1.9876 -1.44617 -8.34094 -10.1549 -7.92066 -3.15257 0.145507 1.88176 4.95317 6.28056 5.95944 5.88349 5.74587 3.13508 -1.65249 -3.67132 -3.16939 -4.59522 -7.03784 -7.57624 -7.55205
69.41 0.708135 2.43786 3.58271 -0.299841 -8.22935 -10.4588 -8.43728 -3.8881 -0.571693 1.18328 4.19507 5.52199 5.57097 6.19499 6.338 3.75046 -0.816401 -2.76907 -2.37216 -4.27986 -7.40626 -8.13294 -7.99514
69.46 1.74552 3.90379 5.16503 0.96256 -7.99976 -10.6912 -8.78476 -4.56259 -1.39352 0.415391 3.4151 4.76357 5.14699 6.3933 6.78104 4.27059 0.0159231 -1.82424 -1.51464 -3.81638 -7.64818 -8.65263 -8.42015
69.51 2.71865 5.26621 6.63915 2.25498 -7.62693 -10.8363 -8.96523 -5.17314 -2.31019 -0.39627 2.64111 4.02791 4.70453 6.49366 7.09324 4.70195 0.817458 -0.880376 -0.639961 -3.26923 -7.76496 -9.08617 -8.79551
69.56 3.62267 6.46558 7.83048 3.37998 -7.05591 -10.7476 -9.02193 -5.77188 -3.23071 -1.18815 1.90455 3.3443 4.27012 6.51943 7.29531 5.04885 1.56104 0.0172226 0.198824 -2.69687 -7.7736 -9.41407 -9.09792
69.61 4.43557 7.50126 8.78775 4.33481 -6.3333 -10.4091 -8.98093 -6.34987 -4.11938 -1.97822 1.19512 2.71207 3.84819 6.48209 7.40932 5.33177 2.24764 0.856256 0.980432 -2.1209 -7.67121 -9.61566 -9.31104
69.66 5.15891 8.39082 9.56674 5.14852 -5.54159 -9.86391 -8.80873 -6.89995 -5.02662 -2.79366 0.505503 2.12529 3.43422 6.37804 7.44017 5.56317 2.88778 1.64486 1.70912 -1.53299 -7.43563 -9.66465 -9.41775
69.71 5.79802 9.14717 10.1849 5.81511 -4.65753 -9.0513 -8.51631 -7.48499 -5.97461 -3.64066 -0.167298 1.58331 3.02613 6.1993 7.37891 5.74068 3.48929 2.39729 2.39931 -0.917752 -7.04888 -9.54213 -9.40653
69.76 6.3484 9.77264 10.6638 6.36579 -3.67175 -7.96869 -8.09003 -8.07698 -6.95298 -4.51822 -0.829084 1.0849 2.62199 5.93724 7.20939 5.84777 4.05093 3.12581 3.06732 -0.266332 -6.51686 -9.24925 -9.27249
69.81 6.80983 10.2817 11.0453 6.86955 -2.63178 -6.74078 -7.54237 -8.60711 -7.91059 -5.38994 -1.46335 0.640242 2.22842 5.59376 6.92277 5.8628 4.55862 3.82807 3.71391 0.403275 -5.8833 -8.81489 -9.02042
69.86 7.1876 10.6856 11.3396 7.33982 -1.55527 -5.41592 -6.89323 -8.98469 -8.80852 -6.265 -2.05284 0.242643 1.84688 5.1814 6.53098 5.78027 4.99951 4.49301 4.32869 1.05988 -5.20894 -8.28633 -8.66484
69.91 7.48878 10.9946 11.5488 7.77119 -0.46713 -4.04624 -6.20624 -9.19886 -9.44549 -7.04562 -2.64798 -0.150292 1.46266 4.7188 6.06765 5.62018 5.36962 5.10027 4.88303 1.65236 -4.57417 -7.73843 -8.24258
69.96 7.72532 11.2228 11.6826 8.16406 0.618545 -2.66743 -5.41556 -9.28965 -9.92234 -7.71663 -3.25849 -0.562861 1.05716 4.21591 5.56054 5.40508 5.67239 5.64513 5.38208 2.18652 -3.9791 -7.18727 -7.78389
70.01 7.90359 11.379 11.7515 8.5244 1.69924 -1.28261 -4.55176 -9.29047 -10.2836 -8.26675 -3.85661 -1.01316 0.620887 3.68777 5.03867 5.15893 5.91013 6.11799 5.82239 2.66403 -3.42147 -6.64186 -7.30946
70.06 8.03158 11.4767 11.7718 8.85458 2.7568 0.0850247 -3.62445 -9.20704 -10.5669 -8.69063 -4.42208 -1.51337 0.154494 3.14956 4.52482 4.90104 6.08645 6.51233 6.19905 3.08578 -2.89471 -6.10329 -6.83182
70.11 8.12058 11.5316 11.7588 9.15059 3.76232 1.40006 -2.64223 -9.03426 -10.7996 -8.99257 -4.93652 -2.05616 -0.332335 2.61224 4.03287 4.64352 6.20446 6.82475 6.50795 3.45378 -2.38805 -5.56573 -6.35594
70.16 8.18348 11.558 11.7248 9.40381 4.68356 2.62469 -1.62687 -8.77699 -11.0076 -9.19756 -5.35647 -2.59646 -0.835126 2.08047 3.56951 4.39202 6.26368 7.05075 6.74356 3.76942 -1.88872 -5.01831 -5.8803
70.21 8.22794 11.5702 11.6878 9.61484 5.49879 3.73092 -0.614381 -8.41782 -11.0949 -9.30236 -5.75916 -3.16532 -1.33374 1.58731 3.16033 4.16547 6.2709 7.18793 6.89716 4.02787 -1.39208 -4.45542 -5.40271
70.26 8.28024 11.5594 11.6183 9.76738 6.22306 4.70725 0.336714 -7.89198 -10.9481 -9.33289 -6.22456 -3.79105 -1.82625 1.15793 2.82847 3.98233 6.23505 7.23819 6.96487 4.22773 -0.889866 -3.86647 -4.91872
70.31 8.32967 11.4728 11.4633 9.86202 6.89682 5.5767 1.20454 -7.28124 -10.6247 -9.28367 -6.71812 -4.48284 -2.34733 0.766782 2.55466 3.82443 6.14452 7.19875 6.95102 4.3832 -0.354966 -3.2157 -4.40148
70.36 8.3464 11.3078 11.2453 9.90869 7.50853 6.35801 2.00138 -6.61176 -10.1728 -9.16466 -7.21367 -5.22007 -2.90202 0.393017 2.31678 3.67156 5.99323 7.07307 6.86024 4.49853 0.210312 -2.49776 -3.83472
70.41 8.31558 11.0657 10.9729 9.90986 8.06059 7.06287 2.72323 -5.83712 -9.50938 -8.98465 -7.78264 -6.03253 -3.51478 0.00968848 2.08929 3.50214 5.78185 6.87415 6.70607 4.58242 0.798965 -1.71666 -3.20842
70.46 8.22504 10.7458 10.6471 9.86265 8.55629 7.70388 3.38157 -4.90712 -8.54387 -8.70056 -8.43201 -6.95119 -4.21725 -0.422642 1.83135 3.28724 5.51096 6.6177 6.50505 4.64441 1.39618 -0.890394 -2.51991
70.51 8.05722 10.3302 10.2425 9.74163 8.99088 8.3099 4.04222 -3.8731 -7.39785 -8.28161 -9.0318 -7.89637 -4.97574 -0.907325 1.52567 3.01564 5.18715 6.31651 6.26397 4.67727 1.9631 -0.0737306 -1.80261
70.56 7.7956 9.8094 9.74609 9.53251 9.35504 8.88085 4.72143 -2.74524 -6.1044 -7.71769 -9.54358 -8.82707 -5.76951 -1.44489 1.1652 2.6845 4.81815 5.98153 5.98937 4.67748 2.47935 0.699234 -1.08863
70.61 7.43156 9.18282 9.15485 9.2289 9.63364 9.39533 5.40475 -1.54383 -4.69434 -7.00709 -9.8717 -9.68533 -6.6068 -2.0422 0.755419 2.30879 4.42087 5.62776 5.68933 4.64184 2.92865 1.39851 -0.412411
70.66 6.96919 8.46185 8.47825 8.83703 9.81468 9.82417 6.05861 -0.311772 -3.22844 -6.13524 -9.95398 -10.3346 -7.44053 -2.75127 0.275589 1.89952 4.01473 5.27428 5.3772 4.57414 3.30828 2.01007 0.198347
70.71 6.42206 7.66388 7.73225 8.37113 9.8951 10.1524 6.66636 0.929033 -1.73986 -5.11818 -9.85619 -10.794 -8.15875 -3.51106 -0.329024 1.40484 3.60465 4.92798 5.06102 4.48324 3.63603 2.55551 0.752481
70.76 5.8099 6.80971 6.93637 7.84738 9.87417 10.3692 7.21402 2.15886 -0.24806 -4.01534 -9.62358 -11.097 -8.71633 -4.25448 -1.04484 0.826052 3.18254 4.58323 4.73754 4.36976 3.92417 3.05396 1.2623
70.81 5.15657 5.92401 6.11546 7.28541 9.7554 10.4665 7.68206 3.34286 1.20812 -2.85032 -9.26679 -11.2629 -9.10527 -4.95145 -1.84257 0.184333 2.74415 4.23542 4.40306 4.23304 4.18202 3.5192 1.73599
70.86 4.48729 5.03392 5.29775 6.70501 9.54117 10.433 8.04247 4.43529 2.57906 -1.66204 -8.73317 -11.1985 -9.33462 -5.65251 -2.70192 -0.481978 2.31497 3.90287 4.07271 4.08601 4.42376 3.95844 2.16929
70.91 3.82115 4.16202 4.50863 6.12455 9.24028 10.2744 8.29182 5.42169 3.84343 -0.495639 -8.00019 -10.8846 -9.42847 -6.3654 -3.63995 -1.19972 1.87963 3.58249 3.74908 3.93516 4.66056 4.38842 2.5776
70.96 3.17202 3.32551 3.7678 5.55601 8.85674 9.99365 8.42799 6.30243 5.00821 0.63306 -7.12504 -10.3491 -9.38116 -7.0668 -4.65182 -2.00219 1.39645 3.24824 3.41534 3.76918 4.88024 4.80818 2.97639
71.01 2.55011 2.53479 3.0853 5.00079 8.38758 9.58737 8.44119 7.07428 6.08478 1.72563 -6.13296 -9.62379 -9.1968 -7.72354 -5.69897 -2.88236 0.849787 2.88531 3.06126 3.57681 5.05207 5.18886 3.36319
71.06 1.95451 1.78377 2.45034 4.44553 7.83122 9.0623 8.33211 7.73349 7.06754 2.76129 -5.00543 -8.61821 -8.85853 -8.38791 -6.79051 -3.83475 0.240472 2.48595 2.68378 3.35023 5.13157 5.48091 3.72442
71.11 1.37374 1.05094 1.83224 3.86404 7.18754 8.43178 8.10709 8.27008 7.93901 3.72957 -3.73935 -7.29158 -8.30292 -9.00389 -7.8986 -4.8443 -0.430101 2.03896 2.28232 3.08715 5.0756 5.62019 4.01795
71.16 0.796925 0.314292 1.1999 3.23404 6.46475 7.71638 7.77842 8.67341 8.68366 4.64319 -2.40466 -5.79695 -7.54121 -9.44571 -8.91103 -5.82642 -1.11888 1.56325 1.88126 2.80579 4.87422 5.56001 4.17341
71.21 0.204762 -0.45472 0.521416 2.54001 5.68185 6.9483 7.37094 8.94203 9.28106 5.48301 -1.03912 -4.20081 -6.61347 -9.69499 -9.77152 -6.72844 -1.79782 1.07605 1.50017 2.51906 4.5448 5.30025 4.14552
71.26 -0.428824 -1.2877 -0.231572 1.7721 4.85998 6.15868 6.90895 9.08226 9.72218 6.2295 0.321472 -2.56347 -5.53818 -9.73303 -10.4541 -7.52224 -2.46041 0.577672 1.13767 2.22583 4.11981 4.88309 3.9389
71.31 -1.13963 -2.2214 -1.088 0.919523 4.01753 5.37414 6.41177 9.10317 10.0077 6.8684 1.64114 -0.942298 -4.31849 -9.52322 -10.9294 -8.19165 -3.12109 0.0462552 0.77193 1.91478 3.63216 4.36425 3.59162
71.36 -1.97275 -3.29302 -2.07343 -0.027002 3.17476 4.62082 5.89487 9.01056 10.1394 7.39127 2.89612 0.634556 -3.04458 -9.08693 -11.1256 -8.68819 -3.77869 -0.537669 0.383716 1.5785 3.10913 3.79005 3.14447
71.41 -2.9161 -4.52251 -3.24012 -1.09522 2.34375 3.92029 5.37337 8.81337 10.1252 7.79657 4.0676 2.14038 -1.75094 -8.43502 -11.025 -8.99305 -4.43894 -1.19529 -0.0463668 1.21199 2.54932 3.15834 2.61743
71.46 -3.65301 -5.58145 -4.47807 -2.31194 1.44405 3.24797 4.84949 8.51902 9.96782 8.06836 5.11671 3.52459 -0.501529 -7.63163 -10.6587 -9.08573 -5.06475 -1.90699 -0.510085 0.810667 1.94545 2.46842 2.01528
71.51 -4.33631 -6.43549 -5.48491 -3.47182 0.472147 2.56821 4.29795 8.11116 9.65729 8.19154 6.02428 4.77169 0.671612 -6.73017 -10.0754 -8.97295 -5.61461 -2.63298 -0.994915 0.363026 1.28837 1.7312 1.34961
71.56 -4.99487 -7.20585 -6.34878 -4.46723 -0.442558 1.87337 3.70262 7.5786 9.18757 8.15527 6.7847 5.89256 1.76866 -5.76139 -9.31591 -8.66952 -6.04991 -3.33163 -1.49465 -0.12933 0.582994 0.946349 0.626479
71.61 -5.58343 -7.95699 -7.13796 -5.22415 -1.20471 1.1417 3.0472 6.92324 8.56954 7.96038 7.38882 6.87993 2.77541 -4.76717 -8.42595 -8.1943 -6.33067 -3.94949 -1.98967 -0.655446 -0.155165 0.128413 -0.139024
71.66 -6.00243 -8.58834 -7.72143 -5.76137 -1.90114 0.354691 2.3472 6.19068 7.85808 7.64641 7.83873 7.70609 3.65394 -3.81515 -7.48066 -7.58939 -6.4334 -4.43475 -2.44842 -1.18971 -0.896097 -0.694739 -0.922289
71.71 -6.21894 -8.98858 -8.08004 -6.1241 -2.59085 -0.486094 1.61524 5.4215 7.10714 7.26196 8.15357 8.36282 4.3897 -2.91277 -6.49017 -6.88627 -6.41745 -4.82339 -2.86403 -1.7035 -1.60123 -1.48679 -1.69398
71.76 -6.35869 -9.12494 -8.17222 -6.32167 -3.30072 -1.39853 0.831697 4.62459 6.34062 6.8333 8.34853 8.85786 4.9966 -2.02852 -5.42957 -6.07454 -6.3154 -5.17013 -3.26321 -2.20038 -2.25417 -2.22289 -2.42978
71.81 -6.39452 -8.94429 -7.9608 -6.38062 -4.06795 -2.39126 0.00346909 3.82423 5.58549 6.38355 8.43949 9.20686 5.50447 -1.1559 -4.33246 -5.2029 -6.13914 -5.45584 -3.63689 -2.67503 -2.84664 -2.89022 -3.1149
71.86 -6.2912 -8.5186 -7.52326 -6.32314 -4.8746 -3.46579 -0.860863 3.03742 4.85608 5.92225 8.43433 9.4208 5.93279 -0.277053 -3.19815 -4.29249 -5.90338 -5.67783 -3.98103 -3.12703 -3.38189 -3.48708 -3.74282
71.91 -6.03416 -7.8777 -6.87974 -6.14808 -5.70733 -4.60099 -1.74805 2.27306 4.16201 5.45436 8.33475 9.50194 6.28817 0.620012 -2.01834 -3.34397 -5.61917 -5.84225 -4.28594 -3.54673 -3.86326 -4.01859 -4.31341
71.96 -5.63946 -7.06986 -6.08281 -5.89656 -6.42909 -5.62555 -2.62608 1.51069 3.50073 4.97878 8.13447 9.4388 6.55533 1.521 -0.807894 -2.3734 -5.29476 -5.94576 -4.53566 -3.92321 -4.29939 -4.49554 -4.82867
72.01 -5.09672 -6.09745 -5.1201 -5.51671 -7.07256 -6.62044 -3.50388 0.779465 2.89479 4.5074 7.83644 9.22995 6.72737 2.4161 0.424502 -1.3862 -4.91883 -5.96907 -4.70877 -4.24925 -4.71005 -4.94008 -5.29891
72.06 -4.39662 -4.95643 -3.98254 -4.98653 -7.65928 -7.62858 -4.39502 0.086908 2.35206 4.0435 7.4425 8.87694 6.79507 3.2848 1.65941 -0.389388 -4.46527 -5.87289 -4.76867 -4.51256 -5.1198 -5.38157 -5.74028
72.11 -3.5697 -3.68301 -2.70223 -4.3094 -8.04065 -8.5527 -5.34617 -0.613202 1.85826 3.58536 6.96288 8.39257 6.74782 4.08511 2.84301 0.580081 -3.92503 -5.62387 -4.67711 -4.69791 -5.55094 -5.84763 -6.16741
72.16 -2.64227 -2.31025 -1.31725 -3.52867 -8.25152 -9.21373 -6.2576 -1.39407 1.36904 3.10888 6.40397 7.80015 6.59026 4.78241 3.91748 1.47975 -3.29918 -5.2006 -4.40646 -4.79332 -6.01811 -6.35869 -6.5947
72.21 -1.62411 -0.846297 0.171548 -2.63031 -8.34074 -9.69825 -7.11569 -2.23944 0.851863 2.58849 5.77271 7.1284 6.34148 5.3652 4.85585 2.29942 -2.57896 -4.58683 -3.93773 -4.77703 -6.50552 -6.91369 -7.03343
72.26 -0.548859 0.672533 1.73304 -1.61902 -8.34847 -10.0987 -7.82224 -3.02979 0.250996 1.98637 5.07107 6.40068 6.01724 5.82203 5.63591 3.02721 -1.78468 -3.80836 -3.28782 -4.63104 -6.96896 -7.48542 -7.4804
72.31 0.5363 2.1963 3.32664 -0.491771 -8.25496 -10.4149 -8.36564 -3.77382 -0.4495 1.30051 4.31884 5.64425 5.63606 6.15289 6.25337 3.65822 -0.951082 -2.91785 -2.50508 -4.34248 -7.3557 -8.04427 -7.92429
72.36 1.58385 3.67421 4.91344 0.752573 -8.04459 -10.6584 -8.74014 -4.4587 -1.25476 0.542435 3.54064 4.88434 5.21672 6.36847 6.71919 4.19321 -0.11628 -1.97695 -1.65464 -3.89772 -7.61778 -8.57412 -8.35456
72.41 2.56523 5.05708 6.42181 2.05889 -7.69992 -10.822 -8.94819 -5.07956 -2.15784 -0.264749 2.76355 4.14336 4.77591 6.48336 7.05113 4.63845 0.69196 -1.02999 -0.779455 -3.36044 -7.75432 -9.02356 -8.73967
72.46 3.48383 6.28483 7.65687 3.21118 -7.16146 -10.7782 -9.01619 -5.6779 -3.08959 -1.06344 2.02056 3.45022 4.33872 6.51948 7.26922 4.99817 1.44603 -0.122555 0.068282 -2.78855 -7.77879 -9.36902 -9.05495
72.51 4.31116 7.3452 8.64729 4.19209 -6.45521 -10.4792 -8.99654 -6.25816 -3.97487 -1.84942 1.30759 2.81043 3.91532 6.49237 7.39644 5.2898 2.14067 0.725124 0.858606 -2.21402 -7.69622 -9.59305 -9.28356
72.56 5.04879 8.25732 9.45192 5.02586 -5.67162 -9.96244 -8.84432 -6.81434 -4.88066 -2.66168 0.614708 2.21627 3.49999 6.39936 7.44101 5.52951 2.78799 1.52145 1.59564 -1.62822 -7.48271 -9.66762 -9.40832
72.61 5.70113 9.03483 10.097 5.71935 -4.80918 -9.20663 -8.57218 -7.38553 -5.81742 -3.50109 -0.0596077 1.66765 3.0916 6.23355 7.39556 5.71617 3.39495 2.27796 2.28987 -1.01956 -7.12196 -9.574 -9.41658
72.66 6.2662 9.68049 10.5942 6.28154 -3.83398 -8.15372 -8.167 -7.98573 -6.79675 -4.37714 -0.724356 1.16146 2.68621 5.98484 7.24433 5.83625 3.96403 3.01057 2.96162 -0.372506 -6.61016 -9.30652 -9.30212
72.71 6.74154 10.2072 10.9898 6.79073 -2.80194 -6.94575 -7.63763 -8.52636 -7.75891 -5.25111 -1.36377 0.707816 2.2908 5.65413 6.97656 5.86713 4.48129 3.71725 3.61148 0.295246 -5.99002 -8.8928 -9.06842
72.76 7.13244 10.6275 11.2983 7.26708 -1.72905 -5.63251 -7.00074 -8.93869 -8.68 -6.12726 -1.95954 0.30537 1.90776 5.2512 6.59939 5.79928 4.93354 4.38991 4.23389 0.958341 -5.31535 -8.37356 -8.72739
72.81 7.44502 10.9506 11.5205 7.70465 -0.641669 -4.26686 -6.32322 -9.17332 -9.3559 -6.92782 -2.55087 -0.0865447 1.52531 4.79604 6.14568 5.65015 5.31476 5.00676 4.79781 1.56138 -4.67324 -7.8268 -8.31339
72.86 7.69144 11.1913 11.6658 8.10333 0.444401 -2.88942 -5.54777 -9.28146 -9.8546 -7.61684 -3.16067 -0.494487 1.12418 4.29871 5.64359 5.44223 5.6282 5.56224 5.30576 2.10459 -4.07197 -7.27543 -7.85894
72.91 7.8786 11.3582 11.7442 8.4686 1.52674 -1.50447 -4.69473 -9.29581 -10.2316 -8.1868 -3.76236 -0.937783 0.693062 3.77356 5.12233 5.1996 5.87616 6.04722 5.75585 2.59116 -3.50866 -6.72884 -7.38599
72.96 8.01401 11.4643 11.7711 8.80364 2.58973 -0.131898 -3.77722 -9.22622 -10.5254 -8.63119 -4.33401 -1.42934 0.23104 3.23602 4.60601 4.94257 6.06207 6.45442 6.143 3.02173 -2.97759 -6.18941 -6.90834
73.01 8.10823 11.525 11.7628 9.10607 3.60606 1.19435 -2.80266 -9.06757 -10.7638 -8.95037 -4.86046 -1.97022 -0.252996 2.69864 4.11025 4.68465 6.18944 6.78024 6.4631 3.39826 -2.46846 -5.65223 -6.43209
73.06 8.17479 11.555 11.7308 9.36592 4.54226 2.43537 -1.79094 -8.82397 -10.9762 -9.17117 -5.29458 -2.50837 -0.753588 2.16448 3.64127 4.43154 6.25807 7.02044 6.71088 3.72215 -1.96908 -5.10756 -5.95691
73.11 8.22176 11.5686 11.6932 9.58392 5.37612 3.56278 -0.773973 -8.48883 -11.0972 -9.29012 -5.68959 -3.07144 -1.25565 1.6617 3.2205 4.1986 6.27237 7.17165 6.87839 3.9908 -1.47111 -4.54627 -5.47908
73.16 8.27039 11.566 11.6365 9.74782 6.10961 4.55806 0.189697 -7.98324 -10.985 -9.33336 -6.14707 -3.68579 -1.74574 1.22353 2.87718 4.00942 6.24414 7.23606 6.95952 4.19883 -0.972333 -3.96453 -4.99794
73.21 8.32355 11.4919 11.4925 9.84987 6.79278 5.44371 1.07061 -7.38344 -10.686 -9.29642 -6.63823 -4.36819 -2.2614 0.827963 2.59562 3.84892 6.16306 7.21105 6.95854 4.36093 -0.443278 -3.32494 -4.48761
73.26 8.34651 11.3397 11.2844 9.90465 7.41459 6.23763 1.87743 -6.72278 -10.2526 -9.18791 -7.13451 -5.09939 -2.81077 0.452437 2.35338 3.69647 6.02152 7.09854 6.87956 4.4826 0.118229 -2.61691 -3.92916
73.31 8.3242 11.1092 11.0192 9.91187 7.9756 6.95535 2.61456 -5.97486 -9.64265 -9.01875 -7.67849 -5.89167 -3.40868 0.0746169 2.12698 3.53185 5.81987 6.91025 6.73404 4.57002 0.702318 -1.84705 -3.31404
73.36 8.24426 10.8032 10.7042 9.87466 8.48067 7.60369 3.2767 -5.06372 -8.71215 -8.7547 -8.32971 -6.8007 -4.10017 -0.349787 1.8757 3.32536 5.55814 6.66212 6.54013 4.63625 1.30167 -1.02346 -2.63326
73.41 8.09008 10.4038 10.3133 9.76663 8.92553 8.21475 3.93504 -4.04556 -7.59228 -8.35834 -8.9405 -7.74452 -4.85099 -0.825917 1.57831 3.06324 5.24235 6.36734 6.30501 4.67404 1.87502 -0.202673 -1.91833
73.46 7.84437 9.90019 9.83214 9.57231 9.30183 8.79214 4.61132 -2.93207 -6.32081 -7.81794 -9.46856 -8.68035 -5.64071 -1.35511 1.22686 2.74153 4.88 6.03709 6.0354 4.67972 2.40048 0.579167 -1.20181
73.51 7.49683 9.29013 9.25589 9.28398 9.59552 9.31814 5.29639 -1.73996 -4.92663 -7.12983 -9.83718 -9.55847 -6.46842 -1.94091 0.824112 2.37073 4.48525 5.68474 5.73854 4.64991 2.86152 1.29243 -0.516727
73.56 7.04948 8.58314 8.59183 8.90515 9.79224 9.76183 5.95668 -0.510043 -3.465 -6.28801 -9.95526 -10.2435 -7.31172 -2.62997 0.359334 1.96843 4.08072 5.33082 5.42775 4.5867 3.25117 1.91677 0.104315
73.61 6.5148 7.7963 7.85587 8.45022 9.88901 10.107 6.5724 0.729887 -1.97977 -5.28776 -9.88138 -10.7319 -8.05385 -3.38904 -0.223456 1.49062 3.67092 4.98317 5.11203 4.49923 3.58629 2.47152 0.666791
73.66 5.91153 6.94955 7.06642 7.93447 9.88416 10.3423 7.13093 1.96361 -0.48612 -4.19706 -9.66931 -11.0572 -8.63808 -4.13803 -0.923788 0.923765 3.25149 4.63877 4.79016 4.38952 3.88013 2.97639 1.18295
73.71 5.26312 6.06714 6.2477 7.37729 9.78088 10.4594 7.61346 3.15791 0.979033 -3.03989 -9.33208 -11.2513 -9.05474 -4.83962 -1.7096 0.289872 2.81463 4.29079 4.45697 4.25611 4.14213 3.4465 1.66258
73.76 4.59485 5.176 5.4276 6.79854 9.58161 10.4471 7.99231 4.26723 2.36624 -1.85214 -8.83456 -11.2256 -9.30633 -5.53903 -2.55961 -0.373235 2.38295 3.95474 4.12487 4.10966 4.38527 3.8889 2.10201
73.81 3.92722 4.29993 4.63241 6.21705 9.29404 10.3079 8.25915 5.27046 3.64759 -0.680292 -8.12809 -10.9508 -9.42306 -6.25084 -3.48358 -1.07903 1.95195 3.63425 3.80126 3.95999 4.62306 4.31963 2.51282
73.86 3.27453 3.45679 3.88281 5.64619 8.9239 10.047 8.41414 6.1683 4.82748 0.454485 -7.27374 -10.4484 -9.398 -6.95638 -4.48592 -1.86766 1.4782 3.30363 3.47016 3.79737 4.84721 4.74232 2.91285
73.91 2.64784 2.65848 3.19091 5.08925 8.46872 9.66095 8.44757 6.9579 5.91771 1.55267 -6.29919 -9.75202 -9.23551 -7.62231 -5.53024 -2.73676 0.941774 2.94564 3.11948 3.60965 5.02925 5.13218 3.30242
73.96 2.04896 1.90265 2.5504 4.53575 7.92631 9.15378 8.3573 7.6355 6.91729 2.60111 -5.19871 -8.80878 -8.92676 -8.27654 -6.60927 -3.67515 0.343567 2.55347 2.74643 3.38945 5.12727 5.44252 3.66897
74.01 1.46625 1.16808 1.93148 3.96006 7.29649 8.53938 8.15069 8.19274 7.80709 3.57755 -3.94828 -7.51793 -8.40671 -8.91568 -7.7253 -4.68236 -0.320212 2.11327 2.34745 3.1311 5.09444 5.61047 3.97833
74.06 0.889935 0.433891 1.30368 3.33911 6.58529 7.83553 7.83709 8.61777 8.57362 4.50099 -2.6218 -6.04515 -7.67574 -9.38744 -8.75742 -5.67295 -1.00841 1.6407 1.94461 2.8515 4.91587 5.58366 4.16009
74.11 0.301781 -0.327919 0.634533 2.65606 5.81058 7.07371 7.44054 8.90779 9.19564 5.35409 -1.25894 -4.4615 -6.77154 -9.66805 -9.64545 -6.59073 -1.69014 1.15476 1.55977 2.56531 4.60497 5.35389 4.16266
74.16 -0.322955 -1.14816 -0.104388 1.90085 4.99375 6.28566 6.98577 9.06779 9.66173 6.11658 0.105286 -2.82566 -5.72406 -9.74424 -10.3551 -7.40126 -2.35394 0.659398 1.19558 2.27395 4.19318 4.95834 3.98261
74.21 -1.01867 -2.06334 -0.942674 1.06227 4.15319 5.49856 6.49325 9.10762 9.97233 6.77356 1.43312 -1.20031 -4.51911 -9.57233 -10.8709 -8.09504 -3.01537 0.134548 0.831619 1.96614 3.71327 4.45212 3.65495
74.26 -1.82869 -3.11018 -1.90537 0.131887 3.30928 4.73856 5.97846 9.03265 10.1283 7.31522 2.69992 0.385731 -3.25092 -9.17171 -11.114 -8.62099 -3.67295 -0.439382 0.448543 1.63474 3.19494 3.88468 3.22159
74.31 -2.77996 -4.32263 -3.03133 -0.910313 2.47728 4.02835 5.45608 8.851 10.1367 7.73971 3.88646 1.90517 -1.95784 -8.55233 -11.0604 -8.9578 -4.33356 -1.08471 0.0257525 1.27288 2.642 3.26447 2.70743
74.36 -3.54056 -5.42828 -4.29677 -2.11827 1.59625 3.35659 4.9353 8.5737 10.0032 8.03453 4.95786 3.31212 -0.696758 -7.76777 -10.7331 -9.08506 -4.96851 -1.79093 -0.434303 0.878193 2.046 2.58203 2.1162
74.41 -4.22828 -6.30712 -5.33535 -3.29386 0.627737 2.67772 4.38872 8.18463 9.71765 8.18216 5.88826 4.58016 0.488387 -6.8802 -10.1819 -9.00409 -5.53287 -2.51697 -0.91569 0.438046 1.39729 1.85287 1.46052
74.46 -4.89217 -7.08404 -6.21632 -4.32294 -0.304722 1.98687 3.80199 7.67268 9.27353 8.17206 6.673 5.72127 1.59818 -5.9197 -9.44778 -8.73035 -5.98941 -3.22339 -1.41414 -0.0476598 0.698937 1.07505 0.745857
74.51 -5.49649 -7.83784 -7.01608 -5.11892 -1.09338 1.26205 3.15638 7.03565 8.67727 8.0014 7.30251 6.73121 2.62091 -4.92631 -8.57501 -8.28034 -6.29758 -3.85865 -1.91139 -0.569032 -0.0352475 0.260992 -0.0142453
74.56 -5.95638 -8.50163 -7.64072 -5.68621 -1.78985 0.483961 2.46064 6.31054 7.97535 7.7022 7.77606 7.58514 3.52282 -3.96315 -7.63342 -7.69298 -6.42722 -4.36541 -2.37838 -1.10517 -0.778875 -0.563883 -0.796658
74.61 -6.19117 -8.94044 -8.03801 -6.07703 -2.48054 -0.346862 1.73604 5.5473 7.22938 7.32726 8.11151 8.26875 4.28133 -3.05636 -6.6554 -7.00762 -6.42522 -4.76273 -2.79808 -1.62208 -1.49135 -1.36306 -1.5721
74.66 -6.34111 -9.12707 -8.1816 -6.30113 -3.18173 -1.24626 0.960777 4.75315 6.46325 6.90378 8.32447 8.78859 4.90654 -2.16911 -5.60231 -6.20962 -6.33716 -5.11833 -3.20076 -2.12213 -2.1534 -2.10917 -2.31482
74.71 -6.39784 -8.99092 -8.01064 -6.37884 -3.94235 -2.22692 0.13891 3.95213 5.70522 6.45664 8.43144 9.1601 5.42868 -1.29584 -4.51064 -5.34528 -6.17177 -5.41456 -3.57867 -2.60008 -2.75539 -2.7879 -3.00874
74.76 -6.31799 -8.60208 -7.60792 -6.34078 -4.74207 -3.287 -0.720044 3.162 4.9708 5.99672 8.44139 9.39526 5.86888 -0.419222 -3.38312 -4.44114 -5.94448 -5.64591 -3.92799 -3.05634 -3.29975 -3.3959 -3.64596
74.81 -6.0848 -7.99246 -6.99346 -6.17979 -5.58104 -4.42771 -1.60618 2.39626 4.27169 5.53017 8.35744 9.49842 6.2368 0.475557 -2.20992 -3.49784 -5.66737 -5.81964 -4.24024 -3.48204 -3.7894 -3.93736 -4.22571
74.86 -5.71243 -7.21037 -6.22141 -5.94468 -6.31956 -5.46496 -2.4856 1.63145 3.60356 5.05504 8.17324 9.45871 6.51864 1.37647 -1.00387 -2.5303 -5.34966 -5.93367 -4.49991 -3.86588 -4.23167 -4.42185 -4.74936
74.91 -5.19432 -6.26479 -5.2862 -5.58737 -6.97341 -6.46069 -3.36256 0.894095 2.98772 4.58243 7.89069 9.2732 6.70648 2.27355 0.225916 -1.54545 -4.98349 -5.97203 -4.68737 -4.20065 -4.6448 -4.86972 -5.22584
74.96 -4.51945 -5.1506 -4.17675 -5.08234 -7.57045 -7.4652 -4.24983 0.195821 2.43507 4.11758 7.51205 8.94303 6.79164 3.14843 1.46246 -0.549326 -4.54438 -5.89825 -4.76849 -4.47517 -5.05305 -5.30962 -5.67063
75.01 -3.70904 -3.89386 -2.91448 -4.42496 -7.99365 -8.42463 -5.19528 -0.495469 1.93648 3.65951 7.04532 8.47827 6.76329 3.9633 2.65966 0.428931 -4.01689 -5.67459 -4.70293 -4.67369 -5.4794 -5.77015 -6.09929
75.06 -2.79773 -2.5371 -1.5466 -3.66125 -8.2265 -9.12198 -6.11467 -1.26337 1.44843 3.18755 6.49869 7.90127 6.62216 4.67794 3.75361 1.34059 -3.40595 -5.28127 -4.46298 -4.78477 -5.94079 -6.27325 -6.52546
75.11 -1.79247 -1.08612 -0.0733709 -2.78238 -8.33233 -9.62697 -6.98645 -2.10654 0.939411 2.67686 5.87896 7.24057 6.38688 5.27995 4.71555 2.17387 -2.70024 -4.69742 -4.02591 -4.78796 -6.42751 -6.82251 -6.96218
75.16 -0.723335 0.427187 1.47934 -1.78886 -8.35342 -10.0404 -7.71988 -2.90599 0.35391 2.08881 5.18769 6.5201 6.0736 5.75735 5.52178 2.91689 -1.91578 -3.9424 -3.40264 -4.66341 -6.89817 -7.39403 -7.40857
75.21 0.363509 1.95358 3.07039 -0.680673 -8.27761 -10.3694 -8.28979 -3.65806 -0.330059 1.41586 4.44195 5.76645 5.70021 6.10786 6.16487 3.56354 -1.0857 -3.0653 -2.6362 -4.40099 -7.30187 -7.95479 -7.85308
75.26 1.42013 3.44222 4.66081 0.545365 -8.08643 -10.624 -8.69147 -4.35326 -1.11863 0.668145 3.66619 5.0056 5.28591 6.34107 6.65395 4.11359 -0.249111 -2.12944 -1.79393 -3.97669 -7.5841 -8.49342 -8.28775
75.31 2.41017 4.84402 6.19751 1.85902 -7.76852 -10.8045 -8.92676 -4.98444 -2.00739 -0.133546 2.8868 4.25991 4.84723 6.47095 7.00612 4.57288 0.565237 -1.18043 -0.919432 -3.45051 -7.74052 -8.95806 -8.68197
75.36 3.34266 6.09989 7.47716 3.03792 -7.26263 -10.8021 -9.00816 -5.58382 -2.94792 -0.938697 2.13738 3.55757 4.40773 6.51802 7.24093 4.94585 1.32955 -0.263839 -0.0637269 -2.88018 -7.78122 -9.32081 -9.00973
75.41 4.18446 7.18538 8.50215 4.04558 -6.57513 -10.5436 -9.00882 -6.16606 -3.83121 -1.72148 1.42054 2.90995 3.98267 6.50101 7.38151 5.2466 2.03254 0.592714 0.73545 -2.30681 -7.71781 -9.56653 -9.25338
75.46 4.93643 8.12038 9.33345 4.90039 -5.80062 -10.057 -8.87709 -6.72778 -4.73484 -2.53008 0.724497 2.3085 3.56606 6.41892 7.43961 5.49452 2.68712 1.3969 1.4809 -1.72307 -7.5262 -9.66636 -9.39586
75.51 5.60192 8.91897 10.0053 5.62037 -4.95804 -9.35466 -8.62456 -7.28623 -5.66131 -3.36264 0.0481608 1.75302 3.15713 6.26568 7.40952 5.68999 3.2997 2.15806 2.17989 -1.12032 -7.19108 -9.60133 -9.42341
75.56 6.18168 9.58527 10.5219 6.19593 -3.9947 -8.33468 -8.2408 -7.89308 -6.64022 -4.2361 -0.61902 1.23937 2.7507 6.03033 7.27629 5.82247 3.87585 2.89473 2.85541 -0.478099 -6.70062 -9.35997 -9.32864
75.61 6.67108 10.1301 10.9322 6.7112 -2.97082 -7.14777 -7.73017 -8.44402 -7.60649 -5.1119 -1.26339 0.776801 2.35346 5.71254 7.02743 5.86884 4.40231 3.6057 3.50855 0.18736 -6.09503 -8.96771 -9.11355
75.66 7.0752 10.567 11.2549 7.19341 -1.90247 -5.84783 -7.10792 -8.88888 -8.54225 -5.98649 -1.86737 0.3681 1.96857 5.31967 6.66588 5.81623 4.86575 4.28531 4.13741 0.854989 -5.42298 -8.46036 -8.78807
75.71 7.39962 10.9047 11.4902 7.63701 -0.816502 -4.48768 -6.43547 -9.14378 -9.26359 -6.80804 -2.45459 -0.0232552 1.58742 4.87216 6.22243 5.6786 5.25821 4.91178 4.71132 1.46906 -4.77311 -7.91485 -8.38309
75.76 7.65604 11.1579 11.6473 8.04175 0.270244 -3.11109 -5.67814 -9.27112 -9.78389 -7.51404 -3.06266 -0.427042 1.19041 4.38081 5.72618 5.47853 5.58235 5.47756 5.22799 2.02123 -4.16579 -7.36369 -7.93349
75.81 7.85228 11.3359 11.7354 8.41202 1.35378 -1.7266 -4.83606 -9.29913 -10.1776 -8.10372 -3.6674 -0.863683 0.764416 3.85905 5.20617 5.23994 5.84063 5.97447 5.68771 2.51687 -3.59666 -6.81598 -7.46238
75.86 7.99537 11.4507 11.7695 8.7519 2.4215 -0.349987 -3.92853 -9.24318 -10.4826 -8.56853 -4.24494 -1.34682 0.307001 3.32252 4.68777 4.98412 6.03622 6.39445 6.08526 2.95632 -3.06101 -6.27556 -6.98488
75.91 8.09521 11.5176 11.7662 9.06036 3.44765 0.986375 -2.96219 -9.09891 -10.7278 -8.90599 -4.78151 -1.88351 -0.174134 2.78497 4.18826 4.72587 6.17291 6.73356 6.41641 3.34139 -2.54914 -5.73855 -6.50827
75.96 8.16563 11.5516 11.7367 9.32696 4.39834 2.24317 -1.95476 -8.86882 -10.944 -9.14244 -5.23077 -2.42093 -0.672348 2.24912 3.71412 4.47145 6.25098 6.98783 6.6762 3.6736 -2.04925 -5.19614 -6.0333
76.01 8.21525 11.5669 11.699 9.55197 5.25033 3.39099 -0.935047 -8.55421 -11.0935 -9.27669 -5.62178 -2.97885 -1.17714 1.73792 3.2828 4.23297 6.27281 7.15318 6.85742 3.95216 -1.55011 -4.6366 -5.5554
76.06 8.26039 11.5706 11.6525 9.7269 5.99487 4.40603 0.0404806 -8.07238 -11.0174 -9.33189 -6.07041 -3.58235 -1.66596 1.2902 2.92747 4.03723 6.25185 7.23163 6.95208 4.16882 -1.05389 -4.06096 -5.07633
76.11 8.31667 11.509 11.5201 9.83655 6.68712 5.30837 0.934765 -7.48423 -10.7442 -9.3075 -6.55847 -4.25476 -2.17633 0.889653 2.6376 3.87362 6.18004 7.22108 6.96405 4.33765 -0.530671 -3.43231 -4.57241
76.16 8.34548 11.3695 11.322 9.89926 7.31904 6.11548 1.75213 -6.8325 -10.3299 -9.20974 -7.05521 -4.97955 -2.72037 0.512 2.39047 3.72114 6.0483 7.12207 6.89714 4.46571 0.0265604 -2.73465 -4.02224
76.21 8.33142 11.1508 11.0643 9.91279 7.88917 6.84602 2.50392 -6.10848 -9.76789 -9.05024 -7.57661 -5.75409 -3.30517 0.138244 2.1639 3.56042 5.85635 6.94485 6.76081 4.55713 0.606102 -1.97599 -3.41786
76.26 8.2616 10.8582 10.7593 9.88489 8.40354 7.50261 3.17182 -5.21768 -8.87581 -8.80556 -8.22636 -6.65109 -3.98467 -0.278301 1.91886 3.36204 5.60395 6.70537 6.57418 4.62738 1.20649 -1.15658 -2.74568
76.31 8.12061 10.4748 10.3818 9.78944 8.85845 8.11878 3.82836 -4.21561 -7.78293 -8.43147 -8.84719 -7.59257 -4.72731 -0.745912 1.62954 3.10929 5.29636 6.41728 6.34518 4.67001 1.78573 -0.332584 -2.03396
76.36 7.89053 9.98827 9.91576 9.60971 9.24655 8.7022 4.50157 -3.11679 -6.53406 -7.91455 -9.39071 -8.53242 -5.51233 -1.26668 1.28705 2.79711 4.9409 6.09202 6.08071 4.68108 2.32002 0.457473 -1.31565
76.41 7.55953 9.39496 9.35465 9.33668 9.55482 9.23874 5.18737 -1.93502 -5.15696 -7.24999 -9.7967 -9.42546 -6.33052 -1.84218 0.891392 2.43198 4.54946 5.74173 5.78743 4.65711 2.7925 1.18395 -0.622786
76.46 7.12756 8.70242 8.7036 8.97133 9.76719 9.69686 5.85348 -0.708149 -3.70101 -6.43709 -9.95173 -10.1471 -7.18019 -2.51104 0.440429 2.03605 4.14635 5.38742 5.47813 4.59863 3.19266 1.82171 0.00881475
76.51 6.60581 7.92721 7.97816 8.52779 9.88034 10.0587 6.47694 0.530541 -2.21953 -5.45514 -9.90308 -10.6656 -7.94488 -3.26694 -0.12092 1.57417 3.73686 5.0384 5.16287 4.51467 3.53553 2.38629 0.579964
76.56 6.01203 7.08851 7.19576 8.02054 9.89166 10.3122 7.04587 1.76731 -0.724975 -4.37712 -9.71186 -11.0141 -8.5555 -4.02029 -0.804998 1.01967 3.31992 4.69418 4.84247 4.40867 3.83529 2.89798 1.10273
76.61 5.3692 6.21009 6.37996 7.46867 9.80392 10.4489 7.54211 2.97063 0.74776 -3.22881 -9.39452 -11.2322 -8.99901 -4.72893 -1.57866 0.394741 2.88537 4.34657 4.51098 4.27889 4.10178 3.37304 1.58805
76.66 4.70245 5.31851 5.55813 6.89206 9.61984 10.4579 7.9393 4.09641 2.1506 -2.0428 -8.93104 -11.2459 -9.2742 -5.42603 -2.41953 -0.265787 2.45093 4.00702 4.17729 4.13328 4.34671 3.81915 2.03405
76.71 4.03371 4.43873 4.75743 6.30988 9.34573 10.3383 8.22362 5.11651 3.44908 -0.865974 -8.25243 -11.0113 -9.41384 -6.13614 -3.32934 -0.960619 2.02305 3.68567 3.8532 3.98448 4.58525 4.25071 2.44782
76.76 3.37775 3.58928 3.99938 5.7368 8.98889 10.0972 8.39716 6.03139 4.64444 0.274941 -7.41948 -10.5427 -9.41124 -6.84493 -4.32113 -1.73528 1.55824 3.35824 3.52441 3.82487 4.8131 4.67568 2.8491
76.81 2.74639 2.78339 3.29798 5.1779 8.54761 9.73135 8.45068 6.83863 5.74846 1.3788 -6.46288 -9.87583 -9.27067 -7.51931 -5.36154 -2.59269 1.03215 3.00516 3.17716 3.64171 5.00435 5.07348 3.24102
76.86 2.14382 2.02209 2.65105 4.62542 8.01915 9.2425 8.37948 7.5344 6.7642 2.43905 -5.38802 -8.99028 -8.98912 -8.16418 -6.4291 -3.51775 0.444619 2.61954 2.80825 3.42759 5.11951 5.40044 3.61213
76.91 1.55895 1.28526 2.03051 4.05492 7.40337 8.64469 8.19153 8.11199 7.67198 3.42417 -4.15522 -7.73945 -8.50498 -8.82322 -7.54992 -4.52007 -0.21102 2.18669 2.41244 3.17446 5.10943 5.59563 3.93542
76.96 0.982662 0.552798 1.4064 3.44259 6.70423 7.95323 7.89364 8.55865 8.45983 4.35695 -2.83796 -6.29033 -7.80575 -9.32434 -8.60021 -5.5177 -0.897846 1.71776 2.00841 2.89702 4.95403 5.60196 4.14205
77.01 0.397896 -0.202582 0.745897 2.77029 5.93827 7.19848 7.50867 8.87019 9.10617 5.2228 -1.47865 -4.72064 -6.9263 -9.63612 -9.51459 -6.45017 -1.58197 1.23323 1.6199 2.61141 4.66252 5.40321 4.175
77.06 -0.218884 -1.01104 0.0202486 2.02748 5.12693 6.41269 7.06165 9.05025 9.59727 6.00092 -0.111833 -3.08809 -5.90575 -9.74893 -10.2511 -7.2774 -2.24758 0.740248 1.25341 2.32158 4.26477 5.03073 4.02249
77.11 -0.90061 -1.90864 -0.800494 1.20271 4.28881 5.62371 6.57418 9.10912 9.933 6.67573 1.22353 -1.45927 -4.7183 -9.61569 -10.8053 -7.99406 -2.90955 0.22156 0.890796 2.01689 3.79341 4.53845 3.71557
77.16 -1.68888 -2.93169 -1.74127 0.287994 3.44418 4.85763 6.06188 9.05201 10.1133 7.23616 2.50166 0.135201 -3.45671 -9.25091 -11.0946 -8.54894 -3.56736 -0.343022 0.512219 1.68998 3.28001 3.97844 3.29676
77.21 -2.6312 -4.11756 -2.83299 -0.733526 2.61007 4.13817 5.53955 8.8867 10.1448 7.67958 3.7023 1.66698 -2.16569 -8.66549 -11.0888 -8.91708 -4.22755 -0.97584 0.0967681 1.33292 2.73369 3.36899 2.79539
77.26 -3.42652 -5.26954 -4.10903 -1.9231 1.74603 3.46505 5.02047 8.62551 10.0347 7.99694 4.79539 3.09605 -0.89401 -7.90132 -10.8017 -9.07908 -4.87054 -1.67544 -0.359123 0.944485 2.14513 2.69443 2.21548
77.31 -4.11962 -6.17637 -5.18189 -3.11188 0.784312 2.78699 4.47851 8.25493 9.77392 8.16871 5.74852 4.38543 0.303248 -7.02835 -10.2836 -9.03032 -5.44841 -2.40053 -0.836985 0.511818 1.50488 1.97325 1.56988
77.36 -4.78787 -6.96193 -6.08201 -4.17223 -0.162905 2.09947 3.89981 7.7635 9.35552 8.18467 6.55729 5.54664 1.42548 -6.07717 -9.57609 -8.78663 -5.92512 -3.1134 -1.33365 0.0330469 0.813909 1.20277 0.864032
77.41 -5.40646 -7.71812 -6.89163 -5.00749 -0.978291 1.38121 3.26408 7.1455 8.782 8.0389 7.21214 6.57863 2.46352 -5.08594 -8.72206 -8.36287 -6.25975 -3.76435 -1.83254 -0.483305 0.0842152 0.393182 0.109904
77.46 -5.90446 -8.40952 -7.5547 -5.6064 -1.67819 0.612051 2.57349 6.42952 8.09158 7.75611 7.7099 7.45987 3.38811 -4.11273 -7.78571 -7.79433 -6.41752 -4.29307 -2.30703 -1.02012 -0.660858 -0.432379 -0.670859
77.51 -6.16082 -8.8863 -7.99062 -6.02614 -2.37004 -0.209231 1.85555 5.67229 7.3511 7.39131 8.06629 8.17046 4.16951 -3.20042 -6.81872 -7.12567 -6.43052 -4.70138 -2.73198 -1.54041 -1.38025 -1.23798 -1.44935
77.56 -6.32039 -9.12051 -8.18315 -6.27726 -3.06424 -1.096 1.08873 4.88161 6.58615 6.97371 8.29772 8.71553 4.81387 -2.31007 -5.77411 -6.34308 -6.35705 -5.06508 -3.13769 -2.04329 -2.05105 -1.99371 -2.19861
77.61 -6.3976 -9.03123 -8.05493 -6.37432 -3.81767 -2.06456 0.273415 4.08033 5.82559 6.52942 8.42093 9.10987 5.35082 -1.43567 -4.68793 -5.48671 -6.20287 -5.37163 -3.51978 -2.52464 -2.66269 -2.68378 -2.90114
77.66 -6.34075 -8.67993 -7.68726 -6.35521 -4.61091 -3.11084 -0.579988 3.28735 5.0865 6.07106 8.44609 9.36638 5.80319 -0.560849 -3.56687 -4.58878 -5.98437 -5.61259 -3.87407 -2.98492 -3.21623 -3.30303 -3.54763
77.71 -6.13219 -8.1033 -7.10398 -6.21073 -5.45036 -4.24919 -1.46377 2.51895 4.38193 5.60565 8.37748 9.49114 6.1831 0.331114 -2.40083 -3.65125 -5.7147 -5.79559 -4.19323 -3.41628 -3.7143 -3.85465 -4.13655
77.76 -5.78169 -7.34677 -6.35595 -5.9897 -6.2079 -5.30338 -2.34504 1.75299 3.70779 5.1314 8.20949 9.47487 6.47955 1.23186 -1.19922 -2.68677 -5.40338 -5.91972 -4.46239 -3.80735 -4.16322 -4.34722 -4.66884
77.81 -5.28792 -6.42788 -5.44793 -5.65433 -6.87285 -6.30118 -3.22149 1.00978 3.08232 4.6577 7.94249 9.31273 6.68296 2.13045 0.0275254 -1.70442 -5.04632 -5.97218 -4.6633 -4.15057 -4.57946 -4.79918 -5.15198
77.86 -4.63857 -5.34085 -4.3668 -5.17405 -7.47796 -7.30241 -4.10628 0.305403 2.51961 4.19182 7.57925 9.00558 6.7853 3.01064 1.26472 -0.709477 -4.62099 -5.91959 -4.76444 -4.43581 -4.98681 -5.23827 -5.60064
77.91 -3.84598 -4.10239 -3.12437 -4.53827 -7.942 -8.28833 -5.04275 -0.380095 2.01484 3.73324 7.12567 8.56106 6.7758 3.8388 2.47351 0.275886 -4.10674 -5.72105 -4.72434 -4.64732 -5.40887 -5.69385 -6.03112
77.96 -2.95088 -2.76167 -1.77344 -3.79111 -8.19821 -9.02487 -5.97035 -1.13475 1.52725 3.26518 6.5915 8.00021 6.65161 4.57052 3.58628 1.19935 -3.51029 -5.35702 -4.51441 -4.77352 -5.86427 -6.18911 -6.45655
78.01 -1.95928 -1.32451 -0.316526 -2.93198 -8.32277 -9.55482 -6.85127 -1.96921 1.02429 2.7627 5.98307 7.35106 6.43017 5.19137 4.57108 2.04584 -2.81959 -4.80367 -4.10934 -4.79568 -6.34917 -6.73197 -6.89123
78.06 -0.897472 0.182046 1.22647 -1.95587 -8.35584 -9.97969 -7.61316 -2.78107 0.454274 2.18902 5.30286 6.63863 6.12837 5.68933 5.40338 2.80404 -2.04572 -4.07328 -3.51373 -4.69238 -6.82576 -7.30228 -7.3367
78.11 0.189829 1.70978 2.81401 -0.8666 -8.29728 -10.3219 -8.20942 -3.54077 -0.213346 1.52922 4.56426 5.88844 5.76329 6.05977 6.07237 3.46634 -1.22023 -3.21137 -2.76559 -4.45472 -7.24465 -7.86512 -7.78183
78.16 1.25441 3.20789 4.40715 0.340915 -8.1252 -10.5877 -8.6384 -4.24606 -0.985091 0.792417 3.79162 5.12721 5.35442 6.31097 6.58516 4.03161 -0.382536 -2.28161 -1.93241 -4.05306 -7.54718 -8.41082 -8.21993
78.21 2.25398 4.62694 5.96475 1.65372 -7.8318 -10.7832 -8.90049 -4.88746 -1.85883 -0.00274758 3.01077 4.37746 4.9184 6.4563 6.95804 4.5051 0.437242 -1.33168 -1.05985 -3.53935 -7.72363 -8.88988 -8.62259
78.26 3.19905 5.91046 7.29077 2.86006 -7.35873 -10.8199 -8.99851 -5.48856 -2.804 -0.813267 2.25496 3.66628 4.47708 6.51488 7.2102 4.89166 1.21144 -0.406747 -0.197289 -2.97184 -7.78107 -9.26965 -8.96239
78.31 4.05538 7.02161 8.35197 3.89509 -6.6929 -10.6023 -9.01766 -6.07332 -3.68814 -1.59427 1.53399 3.0106 4.05017 6.50793 7.36446 5.20204 1.92317 0.45896 0.610922 -2.3993 -7.73603 -9.53622 -9.22059
78.36 4.82174 7.97987 9.2111 4.77195 -5.92855 -10.1476 -8.90689 -6.64003 -4.58898 -2.39881 0.834876 2.40196 3.63236 6.43664 7.43591 5.45813 2.5851 1.27115 1.36483 -1.81756 -7.56611 -9.66093 -9.38043
78.41 5.5004 8.79951 9.90941 5.51765 -5.10368 -9.49447 -8.67343 -7.18776 -5.50655 -3.2254 0.156042 1.83939 3.22266 6.29563 7.42076 5.66217 3.20351 2.03756 2.06935 -1.21996 -7.25608 -9.62406 -9.42708
78.46 6.0948 9.48692 10.4469 6.10887 -4.154 -8.51164 -8.3114 -7.79884 -6.48322 -4.09501 -0.513038 1.31861 2.81544 6.07367 7.30521 5.80643 3.78637 2.77821 2.74861 -0.583096 -6.78811 -9.40953 -9.35206
78.51 6.59841 10.0501 10.8724 6.63096 -3.1385 -7.34693 -7.81995 -8.35998 -7.45321 -4.97219 -1.16211 0.847255 2.41641 5.76892 7.07528 5.86791 4.32169 3.49338 3.40511 0.0796669 -6.19815 -9.03951 -9.15579
78.56 7.01582 10.5038 11.2093 7.1188 -2.07563 -6.06199 -7.21465 -8.83399 -8.39514 -5.84357 -1.77581 0.43092 2.02938 5.38675 6.73029 5.83099 4.79605 4.17918 4.03922 0.74984 -5.53175 -8.54661 -8.84676
78.61 7.35249 10.8566 11.458 7.56829 -0.991602 -4.70866 -6.54395 -9.11028 -9.16736 -6.68571 -2.35902 0.0397072 1.64908 4.9471 6.29778 5.70541 5.19989 4.81529 4.62344 1.37523 -4.87396 -8.00267 -8.45167
78.66 7.61906 11.1225 11.627 7.97928 0.0960342 -3.33252 -5.80667 -9.25838 -9.70966 -7.40805 -2.96449 -0.36047 1.25586 4.4621 5.80814 5.51382 5.53478 5.39108 5.14872 1.93639 -4.26064 -7.45208 -8.00753
78.71 7.82457 11.3119 11.7253 8.35465 1.18042 -1.94894 -4.97578 -9.30033 -10.1213 -8.01733 -3.57168 -0.790797 0.834919 3.94413 5.29003 5.27982 5.80346 5.8997 5.61796 2.44112 -3.68554 -6.90332 -7.53863
78.76 7.97559 11.4358 11.7669 8.69934 2.25218 -0.569131 -4.07834 -9.25787 -10.4383 -8.50248 -4.15477 -1.26574 0.382315 3.40899 4.77001 5.0256 6.00884 6.33238 6.02579 2.88951 -3.14505 -6.36181 -7.06146
78.81 8.08151 11.5094 11.7687 9.01332 3.28713 0.776234 -3.12074 -9.1282 -10.6913 -8.85963 -4.69927 -1.79525 -0.0958447 2.87104 4.26674 4.76708 6.15482 6.68466 6.36785 3.28314 -2.63017 -5.82478 -6.58453
78.86 8.15593 11.5478 11.7423 9.28691 4.25189 2.04818 -2.11818 -8.91143 -10.9109 -9.11114 -5.16487 -2.33407 -0.591429 2.33429 3.78795 4.51165 6.24235 6.95288 6.63951 3.62374 -2.1293 -5.28413 -6.10955
78.91 8.20837 11.5651 11.7049 9.51873 5.12121 3.21539 -1.09744 -8.61148 -11.0832 -9.26289 -5.55612 -2.88688 -1.09744 1.81623 3.34741 4.26874 6.27234 7.13251 6.8341 3.91169 -1.62956 -4.72694 -5.63192
78.96 8.25066 11.5729 11.6655 9.70422 5.87914 4.25113 -0.111016 -8.15888 -11.0444 -9.32821 -5.99488 -3.48088 -1.58688 1.35807 2.97946 4.06589 6.25825 7.22489 6.9425 4.13758 -1.13471 -4.15599 -5.15409
79.01 8.30902 11.5241 11.546 9.82199 6.5799 5.17054 0.796857 -7.58331 -10.7985 -9.3166 -6.47895 -4.14275 -2.09221 0.95188 2.68066 3.89859 6.19545 7.22881 6.96751 4.31331 -0.617161 -3.53785 -4.656
79.06 8.34332 11.3971 11.3578 9.89245 7.22185 5.99142 1.62533 -6.94072 -10.4042 -9.22982 -6.97573 -4.86063 -2.63087 0.571714 2.42809 3.74561 6.07352 7.14356 6.91287 4.44779 -0.0646597 -2.85095 -4.114
79.11 8.33718 11.1906 11.1083 9.91278 7.80134 6.73454 2.39051 -6.23667 -9.88243 -9.07923 -7.47921 -5.62058 -3.20519 0.200128 2.20026 3.58795 5.89124 6.97785 6.78635 4.54383 0.510658 -2.10304 -3.51968
79.16 8.27706 10.9107 10.8125 9.89327 8.32485 7.40053 3.06673 -5.36875 -9.03424 -8.85295 -8.12211 -6.50255 -3.87081 -0.2082 1.96081 3.39728 5.64831 6.74735 6.60712 4.61778 1.11072 -1.28964 -2.85707
79.21 8.14878 10.5429 10.448 9.80999 8.78961 8.02197 3.72214 -4.38306 -7.96937 -8.50079 -8.75185 -7.44061 -4.60478 -0.667324 1.67935 3.15377 5.3491 6.46624 6.38443 4.66516 1.69527 -0.463394 -2.14943
79.26 7.93402 10.0735 9.99682 9.64462 9.18917 8.61108 4.39221 -3.2992 -6.74377 -8.00727 -9.31 -8.38336 -5.38444 -1.1796 1.34576 2.85117 5.00078 6.14624 6.12524 4.68151 2.23797 0.33417 -1.4301
79.31 7.61957 9.49713 9.45096 9.38682 9.51145 9.15715 5.07781 -2.12872 -5.3848 -7.36667 -9.74977 -9.28857 -6.19389 -1.74523 0.957576 2.49257 4.61338 5.79861 5.83587 4.66338 2.72158 1.07315 -0.730446
79.36 7.20327 8.8195 8.81335 9.03539 9.73946 9.62928 5.74911 -0.90589 -3.93619 -6.58186 -9.94307 -10.0455 -7.04636 -2.3946 0.519012 2.10244 4.21164 5.44405 5.52828 4.60987 3.13266 1.72477 -0.0882309
79.41 6.6949 8.05641 8.09889 8.60363 9.86895 10.0075 6.38009 0.331246 -2.45879 -5.62009 -9.92119 -10.595 -7.83194 -3.14477 -0.021452 1.65545 3.80257 5.09373 5.21356 4.52951 3.48363 2.2997 0.491889
79.46 6.11121 7.22638 7.32416 8.10538 9.89653 10.2792 6.95894 1.5702 -0.964299 -4.55532 -9.75119 -10.9678 -8.46864 -3.90133 -0.68847 1.11379 3.38789 4.74948 4.89448 4.42719 3.78958 2.81861 1.02153
79.51 5.47462 6.35263 6.51199 7.55933 9.82439 10.435 7.46814 2.78128 0.514596 -3.41688 -9.45367 -11.2053 -8.93908 -4.61934 -1.44953 0.499069 2.95632 4.40267 4.565 4.30129 4.06085 3.29871 1.51236
79.56 4.80998 5.46128 5.68916 6.98538 9.6557 10.4655 7.88338 3.92287 1.93224 -2.23376 -9.02162 -11.2596 -9.23891 -5.31346 -2.28128 -0.159151 2.51923 4.05988 4.23002 4.15687 4.30803 3.74904 1.96523
79.61 4.14049 4.57827 4.8835 6.40291 9.39525 10.3656 8.18525 4.95986 3.24793 -1.05261 -8.37275 -11.0656 -9.40106 -6.02146 -3.1773 -0.844345 2.09315 3.73694 3.90503 4.00869 4.54721 4.18168 2.38253
79.66 3.48158 3.72287 4.11739 5.82774 9.05166 10.1441 8.37705 5.89169 4.45907 0.0944567 -7.562 -10.6319 -9.42102 -6.7326 -4.1576 -1.60507 1.63666 3.41218 3.57816 3.85175 4.77807 4.60838 2.78513
79.71 2.84569 2.90948 3.40648 5.26671 8.62419 9.79848 8.45049 6.71647 5.57704 1.20404 -6.62383 -9.99508 -9.30235 -7.41468 -5.19302 -2.45022 1.12092 3.0639 3.23433 3.67301 4.97755 5.01298 3.17905
79.76 2.23908 2.1421 2.75231 4.71456 8.10967 9.32835 8.39861 7.43024 6.60831 2.27498 -5.57297 -9.16198 -9.04583 -8.05182 -6.25057 -3.36278 0.543645 2.68427 2.86927 3.46466 5.10846 5.35493 3.55413
79.81 1.65188 1.40255 2.12942 4.14865 7.50801 8.74749 8.22946 8.02782 7.53382 3.26959 -4.36018 -7.95637 -8.59771 -8.72629 -7.37243 -4.35744 -0.102498 2.25922 2.47724 3.21722 5.12063 5.57583 3.88945
79.86 1.07516 0.671092 1.50814 3.54446 6.82138 8.06924 7.94791 8.496 8.34236 4.2112 -3.05314 -6.53266 -7.93117 -9.25623 -8.43937 -5.36066 -0.787105 1.79451 2.07268 2.94239 4.98867 5.61487 4.11941
79.91 0.49318 -0.0786317 0.855541 2.88267 6.06474 7.32242 7.57516 8.82915 9.01264 5.08924 -1.69821 -4.97828 -7.07767 -9.5991 -9.37895 -6.30675 -1.4732 1.31156 1.68069 2.65747 4.71735 5.44802 4.18246
79.96 -0.116534 -0.876326 0.142281 2.15184 5.25932 6.53959 7.1365 9.02965 9.52887 5.8826 -0.329985 -3.35121 -6.08125 -9.74625 -10.1436 -7.15147 -2.14147 0.820344 1.31127 2.36875 4.3344 5.10001 4.05838
80.01 -0.785294 -1.75719 -0.661438 1.34081 4.42422 5.74941 6.65442 9.10759 9.88962 6.57492 1.01241 -1.7192 -4.91563 -9.65303 -10.7328 -7.88886 -2.80359 0.30742 0.949591 2.06709 3.87251 4.6231 3.77334
80.06 -1.55316 -2.75747 -1.58108 0.441329 3.57932 4.97789 6.14503 9.06857 10.0945 7.15406 2.30134 -0.117055 -3.66173 -9.32435 -11.0676 -8.47205 -3.46185 -0.248432 0.574915 1.74434 3.36439 4.07128 3.36991
80.11 -2.46953 -3.91523 -2.6457 -0.561285 2.74269 4.24974 5.62353 8.92019 10.1494 7.61624 3.51535 1.42611 -2.37395 -8.77391 -11.1099 -8.87098 -4.12116 -0.868817 0.16664 1.39216 2.82435 3.47178 2.88123
80.16 -3.31062 -5.10394 -3.91462 -1.72786 1.89287 3.57327 5.10499 8.67448 10.0624 7.95558 4.62925 2.87625 -1.09328 -8.03212 -10.8644 -9.06767 -4.77089 -1.56059 -0.284441 1.00963 2.24289 2.80569 2.31312
80.21 -4.01042 -6.04215 -5.02394 -2.92702 0.941195 2.89605 4.56735 8.32209 9.82609 8.15121 5.60504 4.18739 0.116193 -7.17446 -10.3804 -9.05154 -5.36136 -2.2838 -0.758776 0.584418 1.61118 2.09234 1.67767
80.26 -4.68239 -6.83902 -5.94536 -4.01568 -0.0175134 2.2112 3.99606 7.85095 9.43341 8.19301 6.43755 5.36868 1.2506 -6.23362 -9.70063 -8.83825 -5.85713 -3.00178 -1.2532 0.112804 0.927891 1.32947 0.980958
80.31 -5.31337 -7.59763 -6.76568 -4.89012 -0.858879 1.49924 3.37021 7.25256 8.88345 8.07263 7.11763 6.42226 2.30341 -5.24582 -8.86689 -8.4419 -6.21701 -3.66626 -1.75322 -0.398483 0.203086 0.524905 0.23337
80.36 -5.84401 -8.31364 -7.46398 -5.52147 -1.56627 0.73902 2.68589 6.54762 8.20663 7.80797 7.64007 7.3301 3.24959 -4.26414 -7.93761 -7.89326 -6.40397 -4.21749 -2.23425 -0.934498 -0.542076 -0.300301 -0.544964
80.41 -6.12798 -8.82636 -7.93722 -5.97067 -2.25943 -0.0733356 1.97366 5.7963 7.47211 7.45396 8.0178 8.06777 4.05391 -3.34515 -6.98024 -7.23958 -6.43291 -4.6401 -2.66597 -1.45843 -1.26783 -1.11149 -1.32576
80.46 -6.29732 -9.10403 -8.17465 -6.2489 -2.94897 -0.948078 1.21538 5.00982 6.70922 7.04301 8.26818 8.63854 4.71838 -2.45162 -5.94512 -6.47476 -6.37482 -5.01029 -3.07393 -1.9638 -1.9471 -1.8765 -2.08116
80.51 -6.3938 -9.06479 -8.09296 -6.36662 -3.69393 -1.90416 0.406924 4.20872 5.94647 6.60181 8.40785 9.05605 5.27076 -1.57557 -4.86449 -5.62723 -6.23223 -5.32686 -3.46015 -2.4487 -2.56852 -2.57781 -2.79206
80.56 -6.35949 -8.75187 -7.76085 -6.36616 -4.48091 -2.93715 -0.440763 3.41332 5.20306 6.14518 8.44834 9.33408 5.73561 -0.702064 -3.74951 -4.73542 -6.02298 -5.57782 -3.81925 -2.91274 -3.13124 -3.20837 -3.44778
80.61 -6.17625 -8.2099 -7.21107 -6.24141 -5.3146 -4.06407 -1.32088 2.64076 4.49247 5.68066 8.39479 9.48003 6.12699 0.186611 -2.59111 -3.8042 -5.76109 -5.77009 -4.14488 -3.34939 -3.63785 -3.77034 -4.04586
80.66 -5.84712 -7.47883 -6.48613 -6.03143 -6.09391 -5.1406 -2.20437 1.87517 3.81329 5.20776 8.24316 9.48724 6.43804 1.08719 -1.39394 -2.8428 -5.45596 -5.90398 -4.42313 -3.74759 -4.09391 -4.27152 -4.58703
80.71 -5.37737 -6.58648 -5.60503 -5.71737 -6.77068 -6.14177 -3.08063 1.1265 3.17856 4.73317 7.99177 9.34847 6.6568 1.98686 -0.170604 -1.86308 -5.10742 -5.96966 -4.6367 -4.09901 -4.51389 -4.72829 -5.0772
80.76 -4.75347 -5.52663 -4.55212 -5.26148 -7.38417 -7.14028 -3.96324 0.41584 2.60563 4.26609 7.64394 9.06445 6.77604 2.87163 1.06649 -0.869604 -4.69506 -5.93696 -4.75665 -4.39452 -4.92096 -5.16737 -5.53021
80.81 -3.98018 -4.3082 -3.33143 -4.64881 -7.88554 -8.14437 -4.88917 -0.266849 2.09351 3.80665 7.20389 8.64078 6.78527 3.71172 2.28477 0.121133 -4.19454 -5.76328 -4.74138 -4.61878 -5.33925 -5.6186 -5.9628
80.86 -3.10132 -2.9835 -1.99727 -3.91786 -8.16662 -8.92285 -5.82502 -1.00814 1.60571 3.34195 6.68239 8.09687 6.67854 4.46024 3.41565 1.05614 -3.61212 -5.42778 -4.56073 -4.75958 -5.78858 -6.10625 -6.3879
80.91 -2.12405 -1.56085 -0.557166 -3.07829 -8.31099 -9.48085 -6.7128 -1.83022 1.10731 2.8466 6.08529 7.4599 6.47139 5.09959 4.42262 1.9155 -2.93677 -4.9053 -4.18779 -4.80011 -6.27062 -6.64217 -6.82057
80.96 -1.0708 -0.0623729 0.974955 -2.11975 -8.35572 -9.91677 -7.50253 -2.65519 0.552167 2.28704 5.41656 6.7562 6.18152 5.61802 5.28075 2.68872 -2.1743 -4.20073 -3.62083 -4.71788 -6.75185 -7.2103 -7.26482
81.01 0.0156923 1.46537 2.55795 -1.04928 -8.31391 -10.2725 -8.12488 -3.42215 -0.0993611 1.64058 4.68569 6.01017 5.82528 6.00865 5.97585 3.36661 -1.35455 -3.35594 -2.89323 -4.50293 -7.18373 -7.77586 -7.71076
81.06 1.08706 2.97163 4.1528 0.139446 -8.1608 -10.5497 -8.58107 -4.13721 -0.854207 0.915172 3.91683 5.24912 5.42224 6.27814 6.51274 3.94726 -0.516441 -2.43327 -2.06986 -4.12665 -7.50703 -8.32643 -8.15116
81.11 2.09795 4.40649 5.72247 1.44137 -7.88867 -10.7578 -8.86943 -4.78872 -1.71227 0.127575 3.1354 4.49601 4.98942 6.43938 6.90678 4.43499 0.307989 -1.48365 -1.20059 -3.6269 -7.70372 -8.81914 -8.56156
81.16 3.0531 5.71642 7.09731 2.67757 -7.44851 -10.832 -8.98861 -5.3917 -2.65566 -0.686375 2.37331 3.77643 4.54688 6.51013 7.17693 4.83539 1.09152 -0.55143 -0.332547 -3.06374 -7.77861 -9.21575 -8.91296
81.21 3.92407 6.85399 8.19667 3.74049 -6.80845 -10.6545 -9.02261 -5.98025 -3.54588 -1.46788 1.64794 3.11244 4.1179 6.51321 7.34531 5.15613 1.81253 0.323819 0.484979 -2.49157 -7.75104 -9.50227 -9.18529
81.26 4.70482 7.83582 9.08479 4.6404 -6.05537 -10.2338 -8.93327 -6.55123 -4.4433 -2.26804 0.945762 2.49659 3.69887 6.45258 7.42999 5.42039 2.48191 1.14414 1.24739 -1.91176 -7.60249 -9.65139 -9.3621
81.31 5.39679 8.67658 9.80906 5.41027 -5.24521 -9.62385 -8.71859 -7.09182 -5.35407 -3.08978 0.263953 1.92671 3.28815 6.32342 7.4294 5.63286 3.1065 1.91651 1.95831 -1.31838 -7.31677 -9.64207 -9.42761
81.36 6.00561 9.38542 10.3692 6.02024 -4.31182 -8.68425 -8.3785 -7.70297 -6.32583 -3.95401 -0.406509 1.39915 2.8804 6.11487 7.33116 5.78822 3.69563 2.66101 2.64117 -0.687491 -6.87252 -9.45513 -9.37238
81.41 6.52356 9.96744 10.8104 6.54996 -3.30497 -7.54303 -7.90674 -8.27414 -7.2991 -4.83204 -1.05996 0.919173 2.47966 5.82326 7.12008 5.86437 4.23947 3.38033 3.30111 -0.0278082 -6.29928 -9.10814 -9.19517
81.46 6.95441 10.438 11.1613 7.04303 -2.24831 -6.27428 -7.31917 -8.7726 -8.24562 -5.70124 -1.6821 0.494567 2.0905 5.45242 6.79245 5.84342 4.72451 4.07176 3.93976 0.643552 -5.64072 -8.63149 -8.90319
81.51 7.30357 10.8063 11.4237 7.49866 -1.16636 -4.92862 -6.65212 -9.07433 -9.06467 -6.5598 -2.26367 0.102606 1.71051 5.02091 6.37167 5.73051 5.13979 4.71721 4.53398 1.27965 -4.97609 -8.09046 -8.51909
81.56 7.58053 11.0851 11.6049 7.91593 -0.0781826 -3.55363 -5.9329 -9.24293 -9.63204 -7.2992 -2.86632 -0.294655 1.3206 4.54255 5.88939 5.54802 5.48549 5.30286 5.06801 1.8501 -4.3565 -7.54056 -8.08097
81.61 7.79547 11.2862 11.7137 8.29652 1.00677 -2.17132 -5.11367 -9.29928 -10.0626 -7.92784 -3.47533 -0.71905 0.904612 4.0288 5.37388 5.31921 5.76465 5.82297 5.54661 2.36391 -3.77532 -6.99088 -7.61471
81.66 7.95467 11.4197 11.7633 8.64602 2.08194 -0.78913 -4.22652 -9.27025 -10.3923 -8.43319 -4.06358 -1.18606 0.456965 3.4954 4.85271 5.06699 5.97993 6.26822 5.96461 2.82126 -3.22978 -6.44822 -7.1381
81.71 8.0671 11.5003 11.7703 8.96509 3.12473 0.564167 -3.27805 -9.1552 -10.6542 -8.811 -4.6146 -1.70628 -0.0180071 2.95699 4.34579 4.80836 6.13521 6.63359 6.31748 3.2235 -2.71161 -5.91098 -6.66089
81.76 8.14568 11.5434 11.7477 9.24583 4.10299 1.85051 -2.28101 -8.95176 -10.8771 -9.07728 -5.09682 -2.24775 -0.51084 2.41994 3.86277 4.55216 6.23223 6.91564 6.60084 3.57254 -2.20933 -5.37166 -6.18574
81.81 8.20116 11.5631 11.7108 9.48426 4.98899 3.0363 -1.26063 -8.66427 -11.067 -9.24672 -5.49215 -2.79568 -1.01687 1.89634 3.41408 4.30572 6.27084 7.10961 6.80848 3.86946 -1.70941 -4.8172 -5.70859
81.86 8.24178 11.5733 11.6756 9.67947 5.76252 4.09343 -0.264544 -8.24277 -11.0663 -9.32235 -5.92037 -3.38121 -1.50825 1.42729 3.03325 4.09548 6.26339 7.21586 6.93078 4.10507 -1.2149 -4.24976 -5.23134
81.91 8.30074 11.5372 11.5703 9.80632 6.4711 5.03018 0.656935 -7.6808 -10.8493 -9.32376 -6.39964 -4.03212 -2.00893 1.01478 2.72491 3.92393 6.20931 7.23421 6.9689 4.28792 -0.702695 -3.64156 -4.73843
81.96 8.34016 11.4228 11.3921 9.88438 7.12303 5.86543 1.49703 -7.04761 -10.4757 -9.24828 -6.89605 -4.74257 -2.54217 0.631707 2.46638 3.76997 6.09718 7.16295 6.92673 4.42885 -0.155326 -2.96571 -4.20442
82.01 8.34158 11.2289 11.1517 9.91225 7.71221 6.62064 2.27364 -6.35856 -9.9843 -9.10655 -7.38912 -5.49205 -3.10869 0.260576 2.23629 3.61456 5.92452 7.0092 6.81066 4.53023 0.416382 -2.22775 -3.61933
82.06 8.2908 10.9611 10.8639 9.90002 8.24469 7.29744 2.96137 -5.51719 -9.18787 -8.8971 -8.01697 -6.35505 -3.7585 -0.139322 2.00173 3.43118 5.69124 6.78803 6.63892 4.60745 1.01441 -1.42252 -2.96735
82.11 8.17475 10.6086 10.5119 9.82847 8.71915 7.92441 3.61642 -4.54813 -8.15199 -8.56651 -8.65455 -7.28865 -4.48332 -0.590032 1.72786 3.19674 5.4006 6.51421 6.42274 4.65949 1.60367 -0.59501 -2.26465
82.16 7.97495 10.156 10.0755 9.67717 9.12986 8.51893 4.28335 -3.47944 -6.95022 -8.09628 -9.22655 -8.23329 -5.25706 -1.09379 1.40306 2.90377 5.05964 6.19974 6.16898 4.68105 2.15439 0.209342 -1.54507
82.21 7.67701 9.59672 9.54492 9.43455 9.46559 9.07357 4.96779 -2.32116 -5.61034 -7.47972 -9.69514 -9.14818 -6.0594 -1.65014 1.02286 2.55266 4.6771 5.85539 5.88387 4.66871 2.64869 0.959942 -0.839738
82.26 7.27664 8.93445 8.92123 9.09749 9.70928 9.55931 5.64362 -1.10353 -4.17112 -6.72094 -9.92834 -9.9389 -6.91083 -2.28136 0.59494 2.16758 4.27664 5.50076 5.57826 4.62043 3.07115 1.62591 -0.186852
82.31 6.78208 8.18393 8.21811 8.67781 9.85499 9.95369 6.28193 0.131986 -2.69766 -5.78249 -9.93556 -10.5197 -7.71493 -3.02272 0.0746187 1.73419 3.86815 5.14924 5.26416 4.54382 3.4306 2.21167 0.40251
82.36 6.20907 7.36316 7.45165 8.18905 9.89889 10.2431 6.87023 1.37235 -1.20409 -4.73163 -9.78724 -10.918 -8.37737 -3.78133 -0.574354 1.20603 3.45541 4.80472 4.94622 4.4451 3.74299 2.73825 0.939336
82.41 5.57933 6.49475 6.64378 7.64934 9.84246 10.4181 7.39187 2.59023 0.27992 -3.60365 -9.50963 -11.1748 -8.87485 -4.50833 -1.32215 0.60204 3.02688 4.45869 4.61872 4.32309 4.01923 3.22365 1.4358
82.46 4.91744 5.60433 5.82069 7.07853 9.68924 10.4697 7.82449 3.74652 1.71114 -2.42479 -9.10569 -11.2669 -9.20051 -5.20117 -2.1445 -0.0529448 2.58805 4.11339 4.28312 4.18044 4.2692 3.67847 1.89544
82.51 4.24758 4.71857 5.01065 6.49619 9.44269 10.3898 8.14409 4.8005 3.04403 -1.24019 -8.48897 -11.1138 -9.38455 -5.90689 -3.02753 -0.730115 2.16243 3.78815 3.9568 4.0327 4.509 4.11255 2.3169
82.56 3.58604 3.8576 4.23689 5.91912 9.11231 10.1878 8.35392 5.74926 4.27131 -0.0869956 -7.70124 -10.716 -9.42721 -6.6195 -3.99549 -1.47708 1.71351 3.46548 3.63146 3.87805 4.74227 4.54056 2.72097
82.61 2.94581 3.03683 3.51654 5.35582 8.69856 9.8624 8.44705 6.59145 5.40345 1.02839 -6.78199 -10.1097 -9.33051 -7.30847 -5.02483 -2.30946 1.20807 3.12183 3.29095 3.70355 4.94901 4.9509 3.1166
82.66 2.33472 2.26271 2.85427 4.80332 8.19803 9.41153 8.41492 7.32318 6.4494 2.10795 -5.75196 -9.31927 -9.09709 -7.94409 -6.07593 -3.21126 0.640286 2.74765 2.92944 3.50053 5.09417 5.30636 3.49545
82.71 1.74512 1.52009 2.22842 4.24142 7.61047 8.84779 8.26449 7.94033 7.39268 3.11373 -4.56271 -8.16768 -8.6847 -8.62547 -7.19345 -4.19498 0.00502969 2.3307 2.5417 3.25927 5.12805 5.55127 3.84078
82.76 1.16755 0.788944 1.60909 3.64487 6.93676 8.18352 7.99986 8.42988 8.22133 4.06382 -3.267 -6.77146 -8.05168 -9.18333 -8.27529 -5.20216 -0.676408 1.87079 2.1373 2.98753 5.01966 5.62238 4.09239
82.81 0.587782 0.0441136 0.963649 2.99329 6.19 7.44547 7.64 8.78471 8.91514 4.95349 -1.91737 -5.23391 -7.22532 -9.55707 -9.23883 -6.16073 -1.36398 1.38969 1.74208 2.70344 4.76928 5.48811 4.185
82.86 -0.0157079 -0.743799 0.261902 2.27407 5.39093 6.66635 7.21033 9.00606 9.45664 5.76174 -0.548984 -3.61479 -6.2495 -9.73619 -10.0338 -7.02395 -2.03565 0.899824 1.36925 2.41547 4.40188 5.16591 4.0901
82.91 -0.672473 -1.60876 -0.525298 1.4767 4.55942 5.87563 6.73398 9.10305 9.84222 6.47119 0.799974 -1.97977 -5.11099 -9.68445 -10.6535 -7.77955 -2.69747 0.392199 1.00807 2.11678 3.95048 4.70588 3.82809
82.96 -1.42126 -2.58731 -1.42458 0.592076 3.71472 5.09932 6.22792 9.08235 10.0719 7.06897 2.0991 -0.370808 -3.86596 -9.39213 -11.033 -8.39038 -3.35636 -0.155504 0.636732 1.7979 3.44808 4.16314 3.44095
83.01 -2.3106 -3.71756 -2.46377 -0.392485 2.87585 4.3629 5.70754 8.95106 10.1504 7.54988 3.32614 1.1833 -2.58189 -8.87686 -11.1232 -8.81982 -4.01487 -0.763956 0.235169 1.45053 2.91384 3.57263 2.96494
83.06 -3.19299 -4.93226 -3.71279 -1.53153 2.03644 3.68111 5.18877 8.72055 10.0861 7.91048 4.45949 2.65277 -1.29452 -8.16002 -10.921 -9.05074 -4.66968 -1.44647 -0.210186 1.07347 2.33911 2.91596 2.40915
83.11 -3.901 -5.90481 -4.86099 -2.73896 1.09791 3.00501 4.65539 8.38621 9.87424 8.12979 5.45794 3.9861 -0.0727198 -7.31836 -10.4722 -9.06768 -5.2719 -2.16698 -0.681139 0.655774 1.7161 2.21011 1.78387
83.16 -4.57628 -6.71579 -5.8062 -3.85311 0.131162 2.32226 4.09089 7.93508 9.50719 8.19715 6.31392 5.18752 1.07372 -6.38877 -9.82113 -8.88511 -5.78561 -2.88879 -1.17293 0.191481 1.04074 1.45506 1.09654
83.21 -5.2177 -7.47704 -6.63842 -4.7664 -0.734992 1.61619 3.47481 7.35677 8.9815 8.10255 7.01909 6.26229 2.14074 -5.40559 -9.009 -8.51693 -6.1698 -3.56526 -1.67351 -0.314421 0.321354 0.656054 0.356017
83.26 -5.7698 -8.21338 -7.37164 -5.43359 -1.45379 0.865381 2.7984 6.66513 8.32062 7.85778 7.56657 7.19583 3.10721 -4.4175 -8.08914 -7.98952 -6.38621 -4.13846 -2.16005 -0.848446 -0.422743 -0.167852 -0.419137
83.31 -6.09287 -8.76004 -7.87769 -5.91141 -2.14886 0.0608018 2.09045 5.91936 7.59242 7.51519 7.96601 7.96059 3.93418 -3.48965 -7.13723 -7.34995 -6.43481 -4.57877 -2.5998 -1.37601 -1.15412 -0.983725 -1.2015
83.36 -6.27396 -9.07705 -8.15481 -6.21575 -2.83663 -0.802798 1.34062 5.13775 6.83245 7.11168 8.2359 8.55764 4.62001 -2.59364 -6.11494 -6.60445 -6.39047 -4.95395 -3.00953 -1.88377 -1.84166 -1.75766 -1.96257
83.41 -6.38693 -9.09172 -8.12489 -6.35622 -3.57118 -1.74566 0.539447 4.33727 6.06789 6.67384 8.39229 8.99871 5.1885 -1.71549 -5.04013 -5.76682 -6.25971 -5.28002 -3.39985 -2.37245 -2.47301 -2.47007 -2.68155
83.46 -6.37469 -8.8182 -7.82902 -6.37416 -4.35209 -2.76584 -0.30238 3.53988 5.32048 6.21913 8.44822 9.29844 5.66621 -0.842791 -3.93091 -4.88098 -6.06024 -5.54157 -3.7636 -2.83987 -3.04483 -3.11195 -3.34646
83.51 -6.21685 -8.31191 -7.3141 -6.27108 -5.17638 -3.87549 -1.17792 2.76231 4.60364 5.75541 8.40959 9.46535 6.0688 0.0424233 -2.78036 -3.95635 -5.80636 -5.74306 -4.09527 -3.28149 -3.56008 -3.68447 -3.9537
83.56 -5.90908 -7.60689 -6.61233 -6.07039 -5.97768 -4.97645 -2.06359 1.99794 3.92002 5.28414 8.27431 9.4959 6.39423 0.942614 -1.58785 -2.99826 -5.5074 -5.88648 -4.38224 -3.68664 -4.02368 -4.19468 -4.50391
83.61 -5.46298 -6.74089 -5.7578 -5.77689 -6.6671 -5.9825 -2.93997 1.24425 3.27645 4.8089 8.03863 9.38053 6.62815 1.843 -0.36826 -2.02129 -5.16685 -5.96461 -4.6077 -4.04602 -4.44799 -4.65695 -5.00148
83.66 -4.86438 -5.70817 -4.73299 -5.34499 -7.2893 -6.97894 -3.82074 0.5272 2.69324 4.34051 7.70618 9.11971 6.76401 2.73164 0.868027 -1.02955 -4.76663 -5.95055 -4.74529 -4.35137 -4.85543 -5.09682 -5.45931
83.71 -4.1121 -4.51182 -3.5362 -4.75704 -7.82365 -7.99145 -4.73463 -0.155976 2.17249 3.8798 7.27997 8.71739 6.79168 3.58213 2.09359 -0.0352713 -4.28041 -5.80146 -4.75421 -4.58811 -5.27047 -5.5443 -5.89427
83.76 -3.24928 -3.20288 -2.21849 -4.04202 -8.13177 -8.81528 -5.67844 -0.883644 1.68391 3.41793 6.77135 8.19116 6.70293 4.3472 3.24187 0.911026 -3.71145 -5.49361 -4.60201 -4.74307 -5.71382 -6.02471 -6.31948
83.81 -2.28693 -1.79525 -0.795354 -3.22134 -8.29618 -9.403 -6.57324 -1.69314 1.18925 2.92912 6.18582 7.56714 6.51056 5.00478 4.27042 1.78307 -3.05154 -5.00205 -4.26109 -4.8013 -6.19205 -6.55323 -6.75026
83.86 -1.24336 -0.306146 0.724616 -2.28091 -8.35343 -9.85163 -7.38772 -2.52819 0.647569 2.38281 5.52865 6.87272 6.23299 5.54342 5.15393 2.571 -2.30133 -4.32449 -3.72371 -4.73988 -6.67661 -7.11825 -7.19301
83.91 -0.15893 1.22031 2.30209 -1.22899 -8.32775 -10.2211 -8.03608 -3.30222 0.0119169 1.74988 4.80614 6.13156 5.8861 5.95445 5.8753 3.26441 -1.48842 -3.49863 -3.0187 -4.5461 -7.1195 -7.68682 -7.63978
83.96 0.918053 2.73343 3.89766 -0.0592175 -8.1934 -10.5101 -8.5194 -4.02667 -0.726013 1.03631 4.04172 5.37125 5.48931 6.24254 6.43668 3.86054 -0.650665 -2.5842 -2.20605 -4.1972 -7.46367 -8.24041 -8.08157
84.01 1.94147 4.18292 5.47339 1.2251 -7.94021 -10.729 -8.83399 -4.68839 -1.56797 0.257156 3.26053 4.61544 5.06022 6.42015 6.85234 4.36263 0.177663 -1.63609 -1.34137 -3.71286 -7.68068 -8.74588 -8.49898
84.06 2.90463 5.51746 6.89637 2.49063 -7.5305 -10.8397 -8.98067 -5.29231 -2.50066 -0.557184 2.49235 3.88797 4.6171 6.50366 7.14097 4.77688 0.969759 -0.697856 -0.469416 -3.15582 -7.7739 -9.15921 -8.86147
84.11 3.79042 6.6824 8.03604 3.58167 -6.9211 -10.7003 -9.02444 -5.88709 -3.40445 -1.34224 1.7625 3.21552 4.18588 6.51689 7.32411 5.10888 1.70065 0.187343 0.3577 -2.58354 -7.76284 -9.4647 -9.1475
84.16 4.58557 7.68813 8.95433 4.5056 -6.18074 -10.3153 -8.9567 -6.46161 -4.29799 -2.13784 1.05716 2.5924 3.76562 6.46679 7.42194 5.38139 2.37762 1.01594 1.12866 -2.00556 -7.63527 -9.6377 -9.34086
84.21 5.29137 8.55041 9.70316 5.29593 -5.38014 -9.73732 -8.76069 -7.00362 -5.20613 -2.9565 0.371865 2.01494 3.35349 6.34904 7.43559 5.60235 3.00896 1.79523 1.84714 -1.41505 -7.37246 -9.65488 -9.42497
84.26 5.91403 9.28063 10.2885 5.92961 -4.46778 -8.85179 -8.44233 -7.60606 -6.16851 -3.8134 -0.299588 1.48091 2.94555 6.15395 7.35421 5.76802 3.60379 2.54322 2.5332 -0.791076 -6.95353 -9.49654 -9.38951
84.31 6.44644 9.88184 10.7461 6.468 -3.47005 -7.73573 -7.99066 -8.18682 -7.14446 -4.69165 -0.957042 0.992517 2.54321 5.87555 7.16187 5.85834 4.1558 3.26665 3.19667 -0.134883 -6.39812 -9.17333 -9.23152
84.36 6.89094 10.3695 11.1106 6.9658 -2.42051 -6.48451 -7.42104 -8.70366 -8.0959 -5.56021 -1.58485 0.558961 2.1519 5.51659 6.85228 5.85351 4.65119 3.96318 3.83916 0.536325 -5.7496 -8.71471 -8.95714
84.41 7.25276 10.7536 11.3872 7.42803 -1.34078 -5.14754 -6.76019 -9.03604 -8.95473 -6.42991 -2.16886 0.16535 1.77168 5.09353 6.44401 5.75386 5.07794 4.6176 4.44294 1.1823 -5.07952 -8.17814 -8.58514
84.46 7.54038 11.0457 11.5808 7.85161 -0.252393 -3.77441 -6.057 -9.22504 -9.55072 -7.18724 -2.76831 -0.229594 1.38463 4.62209 5.9698 5.58106 5.43451 5.21297 4.9859 1.76236 -4.45335 -7.62906 -8.15368
84.51 7.76492 11.2588 11.7006 8.23758 0.832913 -2.39364 -5.24996 -9.29626 -10.0014 -7.83511 -3.37846 -0.648438 0.973449 4.11296 5.45761 5.35802 5.72422 5.74432 5.47373 2.28527 -3.866 -7.0786 -7.6905
84.56 7.93253 11.4022 11.7586 8.59191 1.91088 -1.00986 -4.37318 -9.28058 -10.3447 -8.3606 -3.97142 -1.10778 0.530866 3.58169 4.9358 5.10824 5.9495 6.20203 5.90179 2.75162 -3.31518 -6.53474 -7.21469
84.61 8.05177 11.4902 11.7713 8.91599 2.96074 0.350425 -3.43408 -9.17984 -10.6158 -8.75907 -4.52898 -1.61891 0.0595155 3.04315 4.42555 4.84976 6.11416 6.58042 6.26536 3.16254 -2.79338 -5.99705 -6.73725
84.66 8.13482 11.5384 11.7528 9.20368 3.95172 1.65022 -2.44328 -8.98999 -10.8427 -9.04088 -5.02648 -2.16179 -0.430632 2.50593 3.93845 4.59291 6.22061 6.87615 6.56026 3.52005 -2.28936 -5.45873 -6.26183
84.71 8.19353 11.5609 11.7169 9.44871 4.85384 2.85388 -1.42444 -8.71585 -11.0445 -9.22655 -5.43017 -2.70576 -0.935829 1.97797 3.48262 4.34375 6.26825 7.08449 6.78063 3.82556 -1.78957 -4.90731 -5.78532
84.76 8.2351 11.572 11.6814 9.65144 5.6456 3.93303 -0.420092 -8.3235 -11.0828 -9.31463 -5.84715 -3.2833 -1.42991 1.49801 3.08896 4.12612 6.26737 7.20459 6.9169 4.07122 -1.2946 -4.34246 -5.30817
84.81 8.29185 11.5483 11.5928 9.78945 6.3608 4.88716 0.514833 -7.77651 -10.8961 -9.32907 -6.32082 -3.92306 -1.92655 1.07839 2.77044 3.94971 6.22166 7.2373 6.96824 4.2615 -0.787224 -3.74341 -4.81972
84.86 8.336 11.4463 11.4248 9.87497 7.0226 5.73736 1.36707 -7.15309 -10.5443 -9.26514 -6.81632 -4.62553 -2.45434 0.691993 2.5054 3.7943 6.11928 7.18022 6.93868 4.4089 -0.245315 -3.07879 -4.29345
84.91 8.34452 11.2655 11.1945 9.91139 7.62185 6.50392 2.15238 -6.47284 -10.0703 -9.13346 -7.3106 -5.36969 -3.01555 0.319904 2.27215 3.6403 5.95613 7.03882 6.83375 4.51649 0.323843 -2.34945 -3.71654
84.96 8.30286 11.0092 10.9136 9.90519 8.16302 7.19311 2.85524 -5.6624 -9.33548 -8.93813 -7.91187 -6.20935 -3.64816 -0.0718316 2.04154 3.46372 5.73269 6.82738 6.66962 4.59652 0.917845 -1.55482 -3.07617
85.01 8.19855 10.6716 10.5737 9.84486 8.64704 7.82603 3.511 -4.71049 -8.3301 -8.62864 -8.55574 -7.13717 -4.36329 -0.514214 1.77499 3.23817 5.4508 6.56115 6.46012 4.65308 1.51115 -0.727144 -2.37934
85.06 8.01333 10.2357 10.1517 9.70734 9.0686 8.42576 4.17496 -3.65723 -7.15291 -8.1815 -9.14069 -8.08264 -5.13051 -1.00942 1.45886 2.9548 5.1174 6.25247 6.21194 4.67975 2.0694 0.0832004 -1.66032
85.11 7.73178 9.69364 9.63646 9.4798 9.4173 8.98808 4.85738 -2.51218 -5.8333 -7.58866 -9.63129 -9.00534 -5.92827 -1.55715 1.08729 2.61226 4.74059 5.91205 5.93141 4.6731 2.57382 0.844335 -0.950539
85.16 7.34758 9.04714 9.0271 9.15754 9.67671 9.48706 5.53709 -1.301 -4.40578 -6.85286 -9.90682 -9.82839 -6.7749 -2.17186 0.668232 2.23146 4.34134 5.55753 5.62805 4.63035 3.00817 1.52519 -0.286941
85.21 6.86721 8.30961 8.33567 8.75017 9.83838 9.89713 6.18251 -0.0670399 -2.93586 -5.94223 -9.94612 -10.4397 -7.59422 -2.90099 0.167108 1.81022 3.93368 5.20498 5.31471 4.55759 3.3764 2.12218 0.311827
85.26 6.30545 7.49871 7.57805 8.27139 9.89864 10.2041 6.7798 1.17395 -1.44408 -4.906 -9.82003 -10.8646 -8.28194 -3.66058 -0.462792 1.29633 3.52249 4.8599 4.99771 4.46243 3.69549 2.65688 0.85616
85.31 5.68321 6.63628 6.77515 7.73852 9.85804 10.3979 7.31338 2.39772 0.0440258 -3.78899 -9.56248 -11.1416 -8.8064 -4.39558 -1.19667 0.703413 3.09691 4.51453 4.67209 4.34427 3.97693 3.14791 1.35845
85.36 5.02472 5.74752 5.95257 7.17137 9.72028 10.4703 7.76249 3.56733 1.48735 -2.61568 -9.18245 -11.2683 -9.15939 -5.08919 -2.0088 0.0532199 2.65755 4.16762 4.3366 4.20397 4.23017 3.60735 1.82457
85.41 4.35487 4.8595 5.13872 6.58961 9.48799 10.4109 8.10014 4.63846 2.8374 -1.42865 -8.60111 -11.1557 -9.36426 -5.79258 -2.88014 -0.617856 2.23102 3.83939 4.0086 4.05655 4.47069 4.04337 2.25089
85.46 3.69105 3.99337 4.35778 6.01086 9.17082 10.2284 8.32777 5.60408 4.08111 -0.269443 -7.83726 -10.7948 -9.42981 -6.5058 -3.83502 -1.35138 1.78882 3.51818 3.68432 3.90383 4.70582 4.47236 2.65666
85.51 3.04668 3.1654 3.62812 5.44523 8.77067 9.92305 8.44035 6.46359 5.22768 0.851835 -6.93742 -10.2198 -9.35518 -7.20086 -4.85719 -2.17056 1.29352 3.17894 3.34699 3.73333 4.91891 4.88746 3.05378
85.56 2.43076 2.38394 2.95698 4.89173 8.28422 9.49204 8.4285 7.21335 6.28742 1.93744 -5.92443 -9.45931 -9.1438 -7.84533 -5.90651 -3.06319 0.734783 2.80989 2.98882 3.53517 5.07673 5.25505 3.43646
85.61 1.83869 1.63795 2.32761 4.33328 7.71067 8.94543 8.29651 7.84952 7.24865 2.95661 -4.76278 -8.37334 -8.76598 -8.5209 -7.01325 -4.03298 0.1114 2.40103 2.6057 3.30052 5.13174 5.52218 3.78971
85.66 1.25989 0.906441 1.70936 3.74384 7.05024 8.29588 8.04934 8.36027 8.09681 3.9149 -3.47956 -7.00677 -8.16725 -9.10566 -8.10814 -5.0424 -0.565848 1.94654 2.20218 3.03236 5.04694 5.62448 4.0612
85.71 0.681776 0.165742 1.07028 3.10215 6.3139 7.56747 7.70305 8.73682 8.81369 4.81563 -2.13608 -5.48752 -7.36917 -9.51007 -9.09438 -6.01227 -1.25434 1.46762 1.80409 2.74934 4.81818 5.52328 4.1826
85.76 0.0837807 -0.613218 0.379365 2.39433 5.52174 6.79281 7.28295 8.97924 9.38035 5.63831 -0.768473 -3.8779 -6.41417 -9.72066 -9.91937 -6.89344 -1.9294 0.978968 1.42762 2.46196 4.46724 5.22827 4.11749
85.81 -0.561995 -1.46325 -0.392032 1.61036 4.69429 6.0022 6.81276 9.09546 9.79076 6.36454 0.586246 -2.24097 -5.30402 -9.70984 -10.5678 -7.66637 -2.59124 0.475939 1.06628 2.16594 4.02718 4.78657 3.87964
85.86 -1.293 -2.42109 -1.27169 0.740266 3.85029 5.2218 6.31044 9.09328 10.0454 6.98083 1.89495 -0.626047 -4.0693 -9.45423 -10.991 -8.30403 -3.25089 -0.0641574 0.697756 1.8507 3.53101 4.25389 3.50975
85.91 -2.1564 -3.52455 -2.28628 -0.226879 3.00947 4.47752 5.79143 8.97922 10.1476 7.48051 3.13472 0.938564 -2.78942 -8.97426 -11.1289 -8.76371 -3.90882 -0.661255 0.30242 1.50814 3.00215 3.67147 3.04653
85.96 -3.07162 -4.75338 -3.50457 -1.3354 2.17639 3.78851 5.27184 8.76376 10.1058 7.86161 4.28605 2.42547 -1.49781 -8.28501 -10.9714 -9.02824 -4.56702 -1.3332 -0.136326 1.13603 2.43388 3.02534 2.50353
86.01 -3.79032 -5.76289 -4.69309 -2.54882 1.25381 3.11387 4.74269 8.44737 9.91841 8.10446 5.30717 3.78139 -0.263621 -7.46006 -10.5589 -9.07876 -5.18023 -2.05026 -0.604093 0.725929 1.8197 2.32661 1.88847
86.06 -4.46904 -6.59113 -5.66434 -3.68533 0.28255 2.4327 4.18435 8.01587 9.57682 8.19704 6.18637 5.0031 0.894762 -6.5426 -9.93755 -8.92723 -5.71078 -2.77466 -1.09292 0.269066 1.15245 1.57951 1.21076
86.11 -5.11919 -7.35574 -6.50973 -4.6364 -0.60671 1.73203 3.5778 7.45796 9.07597 8.1285 6.91643 6.0987 1.9755 -5.56519 -9.14826 -8.58777 -6.11844 -3.46186 -1.59348 -0.231011 0.439034 0.786578 0.477774
86.16 -5.68845 -8.10423 -7.2727 -5.34237 -1.3418 0.990286 2.91037 6.78157 8.43313 7.90522 7.48921 7.05696 2.96087 -4.57293 -8.24027 -8.08297 -6.36405 -4.05594 -2.08446 -0.76204 -0.302968 -0.0351431 -0.293467
86.21 -6.05423 -8.68707 -7.81198 -5.84734 -2.03813 0.193311 2.20603 6.04142 7.71188 7.57485 7.91087 7.84901 3.81063 -3.63463 -7.29126 -7.45819 -6.43584 -4.51579 -2.53269 -1.29291 -1.03916 -0.854827 -1.07669
86.26 -6.25055 -9.04061 -8.12461 -6.17707 -2.72672 -0.660022 1.46437 5.2652 6.95562 7.17954 8.20072 8.47271 4.51862 -2.73635 -6.28384 -6.73207 -6.40381 -4.89612 -2.94454 -1.80321 -1.73475 -1.63721 -1.84286
86.31 -6.37631 -9.11129 -8.15048 -6.34276 -3.4494 -1.58904 0.670952 4.4659 6.18974 6.74544 8.37412 8.93772 5.10392 -1.85562 -5.21509 -5.90538 -6.28546 -5.23146 -3.33892 -2.29572 -2.37598 -2.36046 -2.5696
86.36 -6.38585 -8.87842 -7.89164 -6.37902 -4.22427 -2.59678 -0.164875 3.66694 5.43868 6.29283 8.44564 9.25937 5.59486 -0.983242 -4.11135 -5.02563 -6.09623 -5.50391 -3.70718 -2.76634 -2.95692 -3.01371 -3.24363
86.41 -6.25282 -8.40801 -7.41137 -6.2968 -5.0402 -3.69016 -1.03554 2.88492 4.71598 5.8301 8.42198 9.44729 6.00884 -0.101132 -2.9683 -4.10745 -5.85039 -5.71455 -4.04459 -3.21272 -3.48102 -3.59702 -3.86011
86.46 -5.96733 -7.73074 -6.73458 -6.1067 -5.85848 -4.80993 -1.92248 2.12103 4.02779 5.3604 8.30284 9.50076 6.34802 0.797991 -1.78115 -3.15333 -5.55789 -5.86742 -4.33984 -3.62456 -3.95243 -4.11658 -4.41942
86.51 -5.54452 -6.89091 -5.90614 -5.83274 -6.56164 -5.82287 -2.79937 1.36298 3.37592 4.88481 8.08296 9.40879 6.59692 1.69878 -0.565549 -2.17921 -5.22484 -5.9573 -4.57654 -3.99169 -4.38167 -4.58503 -4.92472
86.56 -4.97107 -5.88526 -4.90925 -5.42442 -7.19305 -6.81807 -3.67861 0.639541 2.78246 4.41508 7.76593 9.17123 6.74915 2.59067 0.66932 -1.1894 -4.83599 -5.96068 -4.73067 -4.30651 -4.79013 -5.02649 -5.38783
86.61 -4.2415 -4.71297 -3.73841 -4.86248 -7.7551 -7.82986 -4.58031 -0.0471399 2.25197 3.9528 7.35388 8.79071 6.79491 3.45006 1.90004 -0.193294 -4.36448 -5.8358 -4.76304 -4.5554 -5.20245 -5.47086 -5.82543
86.66 -3.39455 -3.41961 -2.43692 -4.16346 -8.09327 -8.70158 -5.53045 -0.761238 1.76196 3.49322 6.8583 8.28291 6.72462 4.23134 3.06494 0.763925 -3.80847 -5.5547 -4.63845 -4.72414 -5.6401 -5.9445 -6.25125
86.71 -2.44761 -2.02741 -1.03085 -3.36102 -8.27811 -9.32088 -6.43251 -1.55798 1.27024 3.01033 6.28458 7.67258 6.54753 4.90688 4.11444 1.64845 -3.16395 -5.09395 -4.32927 -4.79942 -6.11373 -6.4653 -6.6803
86.76 -1.4148 -0.548891 0.475806 -2.43916 -8.3489 -9.78414 -7.26862 -2.39992 0.740543 2.47631 5.63903 6.988 6.28264 5.46548 5.02286 2.45079 -2.42677 -4.44444 -3.82227 -4.75848 -6.60034 -7.02633 -7.12135
86.81 -0.333701 0.974945 2.04673 -1.40561 -8.33869 -10.1676 -7.94291 -3.18096 0.120583 1.85708 4.9255 6.25242 5.9456 5.89699 5.77053 3.15964 -1.62166 -3.63897 -3.14118 -4.58606 -7.05314 -7.59693 -7.56847
86.86 0.747706 2.49364 3.64203 -0.254864 -8.22283 -10.4686 -8.45326 -3.91444 -0.600501 1.15573 4.16616 5.49348 5.55552 6.20405 6.3568 3.77134 -0.785188 -2.7343 -2.34091 -4.26439 -7.4171 -8.15311 -8.01136
86.91 1.7826 3.95658 5.22317 1.01168 -7.98877 -10.6984 -8.79448 -4.5865 -1.42613 0.385664 3.38591 4.73551 5.13056 6.39842 6.79461 4.28802 0.0464223 -1.78876 -1.48194 -3.79687 -7.65435 -8.67023 -8.43503
86.96 2.75388 5.3139 6.68818 2.29967 -7.6091 -10.8381 -8.96849 -5.19507 -2.34585 -0.426769 2.61283 4.00125 4.68786 6.49551 7.10229 4.71613 0.846247 -0.845839 -0.60763 -3.24769 -7.76663 -9.09999 -8.80802
87.01 3.65446 6.50672 7.86967 3.41838 -7.03092 -10.7394 -9.02262 -5.79346 -3.26331 -1.21714 1.87765 3.31981 4.2541 6.51891 7.30071 5.06011 1.58737 0.0493922 0.228953 -2.67537 -7.77162 -9.42374 -9.10738
87.06 4.46402 7.5367 8.81946 4.36731 -6.30473 -10.3919 -8.97661 -6.3709 -4.1529 -2.0082 1.16905 2.68935 3.83252 6.47921 7.41168 5.34103 2.27211 0.886409 1.00852 -2.09908 -7.66457 -9.62001 -9.31682
87.11 5.18405 8.42107 9.59265 5.17651 -5.51125 -9.84037 -8.79985 -6.9195 -5.06038 -2.8243 0.48024 2.10432 3.41889 6.37261 7.43932 5.57047 2.91056 1.67321 1.73524 -1.51072 -7.42389 -9.66303 -9.4193
87.16 5.82008 9.17251 10.2047 5.83694 -4.62207 -9.01442 -8.50263 -7.50769 -6.01098 -3.67307 -0.192232 1.56387 3.01088 6.19085 7.37434 5.74579 3.51077 2.4247 2.42453 -0.893951 -7.03114 -9.53378 -9.40351
87.21 6.36707 9.79335 10.6794 6.38511 -3.63394 -7.92522 -8.07152 -8.09767 -6.989 -4.55086 -0.853255 1.06733 2.60707 5.92573 7.20057 5.84979 4.07062 3.15223 3.09164 -0.241616 -6.4946 -9.23509 -9.26493
87.26 6.8253 10.2983 11.0576 6.88767 -2.59214 -6.69279 -7.51967 -8.62535 -7.94548 -5.42199 -1.48631 0.624763 2.21393 5.57933 6.90963 5.86112 4.57602 3.85341 3.73743 0.428311 -5.85812 -8.79605 -9.0086
87.31 7.20005 10.6985 11.3486 7.35643 -1.51495 -5.36549 -6.86806 -8.99442 -8.83682 -6.29646 -2.07459 0.228078 1.8327 5.16492 6.51465 5.77531 5.01424 4.51641 4.35022 1.08307 -5.18431 -8.26571 -8.64976
87.36 7.49864 11.0042 11.5548 7.78632 -0.426732 -3.99507 -6.17829 -9.20386 -9.46556 -7.07257 -2.67058 -0.165173 1.44801 4.70063 6.04922 5.61277 5.38178 5.12141 4.90235 1.67314 -4.55123 -7.71757 -8.22565
87.41 7.73291 11.2296 11.6859 8.17783 0.658869 -2.61589 -5.38442 -9.29088 -9.93737 -7.73923 -3.2811 -0.578867 1.04146 4.19654 5.54109 5.39613 5.68209 5.66374 5.39928 2.20514 -3.95765 -7.16654 -7.76604
87.46 7.90915 11.3833 11.7527 8.53702 1.7391 -1.2312 -4.51819 -9.28861 -10.2951 -8.2847 -3.87829 -1.03082 0.604007 3.66778 5.01918 5.14925 5.91748 6.13376 5.83727 2.68052 -3.40137 -6.62146 -7.29131
87.51 8.03546 11.4792 11.7715 8.86603 2.79528 0.135154 -3.58866 -9.20196 -10.5761 -8.70377 -4.44228 -1.53306 0.136651 3.12948 4.50598 4.89124 6.09161 6.5251 6.21146 3.1002 -2.87562 -6.08312 -6.81371
87.56 8.1233 11.5327 11.7574 9.16048 3.79816 1.44743 -2.60477 -9.02595 -10.8075 -9.0018 -4.95371 -2.07606 -0.350805 2.59218 4.01495 4.63385 6.20746 6.83439 6.51773 3.4662 -2.36952 -5.5455 -6.33795
87.61 8.18539 11.5584 11.723 9.41214 4.71584 2.66818 -1.58868 -8.76552 -11.0145 -9.20313 -5.37045 -2.61694 -0.854072 2.06106 3.55296 4.38277 6.2645 7.05709 6.75049 3.77992 -1.87018 -4.99741 -5.8622
87.66 8.2293 11.5704 11.6862 9.62156 5.52667 3.76936 -0.577543 -8.40037 -11.093 -9.30465 -5.77549 -3.18731 -1.35183 1.5703 3.14662 4.15784 6.27019 7.19106 6.90084 4.03595 -1.37392 -4.43424 -5.38475
87.71 8.28245 11.5574 11.6134 9.7714 6.24903 4.7414 0.37054 -7.87029 -10.9385 -9.33215 -6.24252 -3.81568 -1.84505 1.14283 2.81733 3.97602 6.23252 7.23804 6.96547 4.23397 -0.870821 -3.84352 -4.90003
87.76 8.33094 11.4679 11.4559 9.86431 6.92053 5.60715 1.23537 -7.25711 -10.6096 -9.28012 -6.73648 -4.50953 -2.36737 0.75263 2.54523 3.81865 6.13978 7.19528 6.94866 4.38791 -0.334607 -3.19019 -4.38118
87.81 8.34616 11.3 11.2356 9.90907 7.52987 6.3856 2.02996 -6.58562 -10.1535 -9.15869 -7.23177 -5.24807 -2.92328 0.379225 2.30828 3.66562 5.98626 7.06661 6.85518 4.50177 0.231441 -2.47008 -3.81254
87.86 8.31332 11.0552 10.9617 9.90885 8.07985 7.08748 2.74825 -5.80452 -9.4772 -8.97594 -7.80664 -6.06541 -3.5396 -0.00552056 2.08037 3.49496 5.77262 6.8653 6.69909 4.58488 0.821089 -1.68646 -3.18368
87.91 8.22025 10.732 10.6333 9.85923 8.57332 7.72685 3.4059 -4.87032 -8.50395 -8.68712 -8.45519 -6.98598 -4.24451 -0.43971 1.82085 3.27809 5.49965 6.60698 6.49646 4.64586 1.41765 -0.859818 -2.49355
87.96 8.04919 10.3127 10.2254 9.73515 9.00547 8.33166 4.06711 -3.83267 -7.35199 -8.26289 -9.05227 -7.9313 -5.00468 -0.926357 1.51324 3.0043 5.17403 6.30437 6.25403 4.67757 1.98297 -0.0442883 -1.77588
88.01 7.78385 9.78784 9.72555 9.5226 9.36674 8.90101 4.74692 -2.70157 -6.05357 -7.69352 -9.56012 -8.86059 -5.79926 -1.46583 1.1507 2.67101 4.80355 5.96835 5.97832 4.67649 2.49702 0.726479 -1.06266
88.06 7.416 9.15749 9.13089 9.21548 9.64176 9.41265 5.42967 -1.49818 -4.64006 -6.97795 -9.87865 -9.71324 -6.63847 -2.06606 0.739266 2.29429 4.40581 5.61437 5.67761 4.63951 2.94352 1.42237 -0.3887
88.11 6.9502 8.43336 8.45147 8.82066 9.81914 9.83795 6.08194 -0.26574 -3.17333 -6.09902 -9.95271 -10.3548 -7.46969 -2.77927 0.255682 1.88307 3.99939 5.26106 5.36524 4.57082 3.32092 2.03103 0.219675
88.16 6.40025 7.6329 7.70325 8.3523 9.89576 10.1622 6.68774 0.975136 -1.6841 -5.07826 -9.84947 -10.8075 -8.18223 -3.53912 -0.353816 1.38467 3.58919 4.91507 5.04896 4.47915 3.64701 2.57437 0.771876
88.21 5.78612 6.77711 6.90599 7.8268 9.87112 10.3747 7.23277 2.20389 -0.192926 -3.97274 -9.61215 -11.1055 -8.73357 -4.28107 -1.0731 0.803194 3.16647 4.57024 4.72512 4.36481 3.93386 3.07136 1.28021
88.26 5.13174 5.89075 6.08468 7.26381 9.74878 10.4673 7.69731 3.3853 1.26096 -2.80606 -9.2509 -11.2644 -9.11595 -4.97711 -1.87351 0.159797 2.72781 4.22254 4.39041 4.22739 4.19081 3.53548 1.75248
88.31 4.46231 5.00099 5.26764 6.68312 9.53113 10.4289 8.05341 4.47371 2.62799 -1.61792 -8.70845 -11.1909 -9.3405 -5.67865 -2.73507 -0.507289 2.29923 3.89086 4.06053 4.08029 4.4323 3.97405 2.18437
88.36 3.79656 4.13013 4.48 6.10295 9.22718 10.2657 8.29866 5.45617 3.88841 -0.452876 -7.96962 -10.868 -9.42892 -6.39167 -3.67632 -1.22793 1.86273 3.57042 3.73686 3.92916 4.66885 4.40385 2.59214
88.41 3.1483 3.29519 3.74124 5.53496 8.84054 9.98043 8.43041 6.3329 5.04969 0.674384 -7.08981 -10.325 -9.37639 -7.09195 -4.69024 -2.03356 1.37732 3.23528 3.40249 3.76239 4.8874 4.82283 2.99061
88.46 2.52751 2.50621 3.06091 4.98011 8.36815 9.56949 8.43889 7.10057 6.12306 1.76561 -6.09379 -9.593 -9.18691 -7.74642 -5.73787 -2.91619 0.828317 2.87123 3.04766 3.56897 5.05674 5.20121 3.37667
88.51 1.93263 1.75623 2.42711 4.42434 7.80857 9.04033 8.32546 7.75544 7.10181 2.79823 -4.96007 -8.57286 -8.84145 -8.41281 -6.83217 -3.87172 0.216483 2.47017 2.66918 3.34092 5.13182 5.48877 3.73649
88.56 1.35227 1.02371 1.80907 3.84143 7.16172 8.40618 8.09623 8.28717 7.96891 3.76456 -3.69061 -7.23834 -8.27765 -9.02316 -7.93805 -4.88148 -0.455474 2.02172 2.26727 3.07687 5.07049 5.62126 4.02608
88.61 0.775267 0.286384 1.17556 3.20928 6.43635 7.68826 7.76418 8.68545 8.70834 4.67577 -2.3542 -5.7389 -7.50899 -9.45798 -8.94569 -5.86143 -1.14426 1.54537 1.86673 2.79518 4.86393 5.55338 4.17527
88.66 0.182083 -0.484414 0.494816 2.51269 5.65166 6.91887 7.35427 8.9491 9.29995 5.51237 -0.988206 -4.14009 -6.57601 -9.69999 -9.79961 -6.75962 -1.82249 1.05792 1.48653 2.50836 4.53039 5.2869 4.14038
88.71 -0.453688 -1.3205 -0.26155 1.7418 4.82871 6.12902 6.89069 9.08478 9.73525 6.25505 0.371349 -2.50269 -5.49417 -9.72896 -10.4758 -7.54952 -2.48486 0.55875 1.12433 2.21465 4.1025 4.86499 3.9278
88.76 -1.16816 -2.25864 -1.12227 0.885965 3.98593 5.3452 6.39252 9.10132 10.0149 6.88968 1.689 -0.882629 -4.2715 -9.5105 -10.9415 -8.21304 -3.14533 0.0257656 0.758135 1.90284 3.61319 4.34346 3.5762
88.81 -2.00684 -3.33616 -2.11309 -0.0643649 3.14351 4.59355 5.8752 9.00465 10.141 7.40815 2.94113 0.691962 -2.99644 -9.066 -11.1268 -8.70264 -3.80294 -0.560556 0.368641 1.56538 3.08912 3.76783 3.12602
88.86 -2.94644 -4.56686 -3.28964 -1.13993 2.31243 3.89529 5.35405 8.80399 10.1216 7.80893 4.10893 2.19438 -1.70299 -8.40687 -11.0153 -8.99997 -4.46292 -1.22093 -0.0630893 1.19785 2.5277 3.13337 2.59601
88.91 -3.67918 -5.61625 -4.51932 -2.35696 1.40837 3.22265 4.8293 8.50559 9.95863 8.07529 5.15277 3.57325 -0.456431 -7.59932 -10.6401 -9.08463 -5.08643 -1.93375 -0.527611 0.794915 1.92195 2.4418 1.99143
88.96 -4.36155 -6.46513 -5.51919 -3.51274 0.436169 2.54265 4.27654 8.09334 9.64229 8.19274 6.055 4.8155 0.713887 -6.6948 -10.0496 -8.96448 -5.63275 -2.65956 -1.01322 0.345531 1.26295 1.70275 1.32353
89.01 -5.0187 -7.23428 -6.37942 -4.50002 -0.474058 1.84677 3.67915 7.55601 9.16669 8.15039 6.8097 5.93161 1.80788 -5.72429 -9.28431 -8.65418 -6.06293 -3.35619 -1.51317 -0.148325 0.556007 0.916349 0.598525
89.06 -5.60362 -7.98488 -7.16477 -5.24766 -1.23066 1.11332 3.02145 6.89658 8.54384 7.95003 7.4079 6.91357 2.81071 -4.73024 -8.39072 -8.17324 -6.33711 -3.96971 -2.00753 -0.675456 -0.18297 0.0976285 -0.168107
89.11 -6.01295 -8.60788 -7.73933 -5.77832 -1.92714 0.32432 2.32055 6.16247 7.8304 7.63283 7.85239 7.73326 3.68377 -3.78086 -7.44469 -7.56442 -6.43379 -4.45006 -2.4643 -1.20915 -0.923118 -0.724971 -0.951433
89.16 -6.22545 -8.99925 -8.08919 -6.13473 -2.61664 -0.518822 1.5868 5.39195 7.07842 7.24629 8.16249 8.38373 4.41422 -2.8794 -6.45115 -6.85705 -6.41471 -4.83692 -2.87907 -1.72224 -1.62649 -1.51526 -1.72214
89.21 -6.36264 -9.12338 -8.16903 -6.32622 -3.32881 -1.43436 0.801384 4.59454 6.31197 6.81656 8.35334 8.87305 5.01694 -1.99588 -5.38901 -6.04241 -6.30949 -5.18148 -3.27733 -2.21831 -2.27725 -2.24898 -2.45627
89.26 -6.39353 -8.93268 -7.94855 -6.38088 -4.09749 -2.4299 -0.0282908 3.79441 5.55759 6.36627 8.44062 9.21686 5.52155 -1.1234 -4.29072 -5.16924 -6.13075 -5.46466 -3.64995 -2.69216 -2.86752 -2.91365 -3.13931
89.31 -6.28466 -8.4985 -7.50294 -6.3188 -4.90581 -3.5079 -0.89384 3.00846 4.82942 5.9047 8.43199 9.42588 5.94712 -0.244025 -3.15486 -4.25742 -5.89309 -5.68449 -3.99282 -3.14308 -3.40062 -3.50793 -3.76506
89.36 -6.02214 -7.8505 -6.85287 -6.14065 -5.7365 -4.64106 -1.78114 2.24433 4.13652 5.43651 8.32878 9.50187 6.29952 0.653471 -1.97364 -3.30783 -5.60731 -5.84673 -4.29594 -3.56131 -3.88006 -4.03714 -4.33351
89.41 -5.62219 -7.03665 -6.05008 -5.88508 -6.45452 -5.66304 -2.65889 1.48266 3.47693 4.9609 8.12481 9.43331 6.56324 1.55441 -0.762251 -2.33664 -5.28137 -5.94776 -4.54324 -3.93601 -4.3148 -4.5124 -4.84686
89.46 -5.07369 -6.05799 -5.08095 -5.4999 -7.0956 -6.65784 -3.53692 0.75288 2.87333 4.48983 7.82322 9.21906 6.73157 2.44893 0.470622 -1.34899 -4.90314 -5.96746 -4.71289 -4.25994 -4.72493 -4.95624 -5.31569
89.51 -4.36786 -4.91089 -3.93695 -4.96377 -7.67896 -7.66681 -4.42941 0.0615572 2.33289 4.02618 7.42581 8.86083 6.79517 3.31601 1.7049 -0.352201 -4.44624 -5.86598 -4.76771 -4.52056 -5.13507 -5.39817 -5.75629
89.56 -3.53711 -3.63364 -2.65251 -4.28219 -8.05124 -8.58205 -5.38136 -0.640882 1.84005 3.56795 6.94325 8.37203 6.74358 4.11282 2.88511 0.615039 -3.90307 -5.61102 -4.67002 -4.70279 -5.56735 -5.86556 -6.18311
89.61 -2.60597 -2.25721 -1.26358 -3.49743 -8.25702 -9.23481 -6.29097 -1.42481 1.35044 3.09035 6.38156 7.77618 6.58229 4.80603 3.95491 1.51182 -3.27381 -5.1808 -4.3922 -4.79448 -6.03576 -6.37845 -6.61068
89.66 -1.58494 -0.79041 0.228685 -2.59459 -8.34251 -9.71487 -7.14539 -2.27013 0.831107 2.56755 5.74765 7.10199 6.33046 5.38429 4.88768 2.32822 -2.55038 -4.56026 -3.91624 -4.77359 -6.52315 -6.93465 -7.04985
89.71 -0.508424 0.729487 1.79204 -1.57916 -8.34696 -10.1121 -7.84572 -3.05857 0.226638 1.96218 5.04371 6.37272 6.00376 5.83634 5.6616 3.0524 -1.75401 -3.77661 -3.26036 -4.62264 -6.9847 -7.50628 -7.49689
89.76 0.576187 2.25243 3.38604 -0.447515 -8.24925 -10.4254 -8.38287 -3.80066 -0.477729 1.27337 4.29008 5.61576 5.62087 6.16268 6.27313 3.67973 -0.919798 -2.88329 -2.47415 -4.32797 -7.36733 -8.06462 -7.94059
89.81 1.6215 3.72762 4.97183 0.801015 -8.03439 -10.6661 -8.75102 -4.48313 -1.28685 0.512971 3.51143 4.85618 5.20044 6.37422 6.73359 4.21122 -0.0855622 -1.94143 -1.62202 -3.87874 -7.62473 -8.59222 -8.36972
89.86 2.60095 5.10587 6.4728 2.10472 -7.68332 -10.8256 -8.95266 -5.10158 -2.19316 -0.295345 2.735 4.11639 4.75922 6.48571 7.06089 4.65318 0.72113 -0.995153 -0.7469 -3.33909 -7.75668 -9.03803 -8.75262
89.91 3.51622 6.327 7.69756 3.25068 -7.1372 -10.7715 -9.01783 -5.69993 -3.12253 -1.09247 1.99352 3.42547 4.32267 6.5194 7.2752 5.00986 1.47274 -0.0899947 0.0987887 -2.76706 -7.77747 -9.37944 -9.06494
89.96 4.3402 7.38158 8.68013 4.22545 -6.427 -10.4633 -8.99321 -6.27963 -4.00849 -1.87935 1.28139 2.78745 3.89963 6.48994 7.39934 5.29942 2.16546 0.755623 0.887043 -2.19225 -7.69039 -9.59832 -9.28999
90.01 5.07451 8.2884 9.47868 5.05446 -5.64146 -9.93975 -8.83626 -6.83438 -4.91466 -2.69238 0.589256 2.195 3.48462 6.3944 7.44075 5.5372 2.81108 1.55011 1.6221 -1.606 -7.47179 -9.66697 -9.41058
90.06 5.72378 9.06098 10.1175 5.74168 -4.77412 -9.17095 -8.55943 -7.4087 -5.85395 -3.53351 -0.0846755 1.64794 3.07632 6.22563 7.39169 5.72176 3.41674 2.30559 2.31529 -0.99591 -7.10505 -9.56666 -9.41432
90.11 6.28543 9.70189 10.6103 6.30106 -3.79642 -8.11096 -8.14929 -8.00703 -6.83311 -4.40997 -0.748778 1.14353 2.67122 5.97384 7.23626 5.83887 3.98409 3.0372 2.98612 -0.347857 -6.58849 -9.29321 -9.29528
90.16 6.75753 10.2245 11.0026 6.80892 -2.76255 -6.89831 -7.61562 -8.54517 -7.7942 -5.28344 -1.38701 0.691962 2.27624 5.64017 6.96414 5.86611 4.49912 3.74282 3.63516 0.320308 -5.96518 -8.87461 -9.05726
90.21 7.14537 10.6409 11.3077 7.28388 -1.68875 -5.58225 -6.97563 -8.94963 -8.71073 -6.15961 -1.98116 0.290801 1.8936 5.23502 6.58351 5.79481 4.94874 4.41372 4.25587 0.982041 -5.29034 -8.35296 -8.71272
90.26 7.45528 10.9607 11.5269 7.72 -0.601177 -4.2156 -6.29624 -9.17945 -9.37703 -6.95544 -2.57339 -0.101317 1.51079 4.77814 6.12754 5.64311 5.32736 5.0283 4.81749 1.58253 -4.65002 -7.80594 -8.29668
90.31 7.6994 11.1985 11.6695 8.11727 0.484757 -2.8379 -5.5171 -9.2834 -9.87056 -7.64032 -3.18343 -0.510299 1.10866 4.27951 5.62425 5.4335 5.63833 5.58132 5.32335 2.1236 -4.05024 -7.25462 -7.84117
90.36 7.88448 11.3629 11.7456 8.48136 1.56673 -1.45296 -4.66158 -9.29459 -10.2438 -8.20565 -3.78434 -0.955195 0.676355 3.75364 5.10282 5.19003 5.88392 6.06349 5.77114 2.60802 -3.48832 -6.70835 -7.36784
90.41 8.01815 11.467 11.7709 8.81526 2.6285 -0.0814744 -3.74182 -9.2218 -10.5351 -8.64525 -4.35457 -1.44874 0.213295 3.21592 4.58705 4.93279 6.06761 6.46772 6.15584 3.03651 -2.95833 -6.16918 -6.89019
90.46 8.11113 11.5264 11.7616 9.11619 3.64238 1.24224 -2.76545 -9.05986 -10.772 -8.96033 -4.87837 -1.99023 -0.271398 2.67857 4.09219 4.67497 6.19282 6.79044 6.47335 3.41103 -2.44984 -5.63199 -6.41406
90.51 8.17683 11.5555 11.729 9.37449 4.57513 2.4795 -1.75285 -8.8131 -10.9834 -9.17743 -5.30911 -2.52879 -0.772515 2.14491 3.62448 4.42223 6.25929 7.02736 6.71832 3.73298 -1.95055 -5.08678 -5.93883
90.56 8.22321 11.5688 11.6915 9.59084 5.40471 3.60208 -0.736743 -8.47287 -11.0972 -9.29294 -5.70544 -3.09308 -1.27384 1.64422 3.20628 4.19067 6.27189 7.17531 6.88262 3.99929 -1.45289 -4.52513 -5.46107
90.61 8.27267 11.5646 11.6322 9.75215 6.13582 4.59286 0.224059 -7.96221 -10.9768 -9.33331 -6.16486 -3.71001 -1.76436 1.20819 2.86568 4.00295 6.24194 7.23647 6.96063 4.20537 -0.953433 -3.94188 -4.97938
90.66 8.32504 11.4875 11.4855 9.85246 6.81684 5.47469 1.10188 -7.35979 -10.672 -9.29349 -6.65665 -4.39464 -2.28125 0.813703 2.58598 3.84311 6.15871 7.20812 6.95667 4.36591 -0.423056 -3.29977 -4.46754
90.71 8.34658 11.3324 11.2752 9.90539 7.43629 6.26562 1.90631 -6.69708 -10.2342 -9.18251 -7.15278 -5.12727 -2.83186 0.438619 2.3448 3.69061 6.01492 7.09255 6.87494 4.48611 0.13934 -2.58945 -3.90722
90.76 8.32232 11.0992 11.0083 9.91119 7.9952 6.98033 2.63994 -5.94325 -9.61239 -9.01091 -7.70228 -5.92395 -3.43309 0.0596221 2.11828 3.52498 5.81103 6.90178 6.72738 4.57265 0.724448 -1.81705 -3.28961
90.81 8.23996 10.79 10.6909 9.87173 8.49808 7.62686 3.30099 -5.02761 -8.67345 -8.74225 -8.35334 -6.83544 -4.12717 -0.366576 1.86548 3.31656 5.54718 6.6517 6.53182 4.63791 1.32337 -0.992759 -2.607
90.86 8.08266 10.3869 10.2969 9.76073 8.94055 8.23671 3.95978 -4.00577 -7.54745 -8.34066 -8.96165 -7.77964 -4.87979 -0.844678 1.56619 3.05226 5.22952 6.35543 6.29531 4.67457 1.89525 -0.172897 -1.89151
90.91 7.83329 9.87934 9.81224 9.56302 9.31405 8.8126 4.63673 -2.88895 -6.27083 -7.7948 -9.48597 -8.71436 -5.6705 -1.37581 1.21266 2.72837 4.86562 6.02408 6.02455 4.67899 2.41858 0.606894 -1.17557
90.96 7.48191 9.26544 9.23252 9.27115 9.60426 9.33596 5.32143 -1.69462 -4.87288 -7.10134 -9.84529 -9.58842 -6.50053 -1.96409 0.808315 2.35638 4.47024 5.67137 5.72693 4.64783 2.87691 1.31694 -0.492506
91.01 7.03105 8.55518 8.56554 8.8893 9.79735 9.77623 5.98024 -0.464181 -3.41021 -6.25265 -9.95501 -10.2648 -7.34173 -2.65792 0.340101 1.9525 4.06536 5.31757 5.41584 4.58357 3.26417 1.9382 0.126055
91.06 6.49344 7.76572 7.82724 8.43181 9.89032 10.1174 6.5941 0.775969 -1.92416 -5.24845 -9.87551 -10.7464 -8.07837 -3.41731 -0.24769 1.47088 3.65551 4.97024 5.10003 4.4953 3.59755 2.49072 0.686519
91.11 5.88805 6.91719 7.03626 7.91418 9.88174 10.3484 7.15012 2.00884 -0.430877 -4.15492 -9.65867 -11.0663 -8.6564 -4.16507 -0.95165 0.901236 3.23549 4.62579 4.77782 4.38473 3.89005 2.99405 1.20114
91.16 5.23844 6.03396 6.21698 7.35586 9.77487 10.461 7.62932 3.20083 1.03228 -2.99589 -9.31688 -11.2542 -9.06666 -4.86545 -1.74023 0.265473 2.79824 4.27784 4.44432 4.25056 4.15107 3.463 1.67936
91.21 4.56988 5.14301 5.39738 6.7767 9.57212 10.4437 8.00388 4.30624 2.41576 -1.80793 -8.81129 -11.2195 -9.31285 -5.56515 -2.59236 -0.398337 2.36716 3.9426 4.11263 4.10397 4.39385 3.90461 2.1173
91.26 3.90257 4.26786 4.60355 6.19543 9.28147 10.3 8.26665 5.30555 3.69313 -0.637341 -8.09856 -10.9356 -9.42428 -6.27722 -3.51957 -1.10679 1.93527 3.62222 3.78907 3.95408 4.63145 4.33515 2.52746
91.31 3.25067 3.42623 3.85595 5.6251 8.90824 10.0346 8.4173 6.1994 4.86946 0.495987 -7.23934 -10.4254 -9.39404 -6.98185 -4.52418 -1.89862 1.4594 3.29081 3.45741 3.79073 4.85465 4.75722 2.92718
91.36 2.62508 2.62967 3.16623 5.06859 8.44985 9.64383 8.44603 6.98487 5.95648 1.59283 -6.26072 -9.72234 -9.22646 -7.64567 -5.56923 -2.77032 0.920605 2.9317 3.10596 3.60197 5.03444 5.14506 3.31612
91.41 2.02699 1.875 2.52708 4.51474 7.90423 9.13251 8.3514 7.65819 6.95215 2.63828 -5.154 -8.76473 -8.91104 -8.30241 -6.65119 -3.71199 0.319823 2.53793 2.73193 3.38034 5.12831 5.45132 3.6815
91.46 1.44475 1.14088 1.90842 3.93778 7.27121 8.51435 8.14049 8.21064 7.83771 3.61279 -3.89987 -7.46543 -8.3827 -8.93625 -7.76555 -4.7199 -0.345611 2.09613 2.33234 3.12089 5.0902 5.61276 3.98732
91.51 0.868367 0.406188 1.27964 3.31477 6.5573 7.80778 7.82335 8.63062 8.59917 4.53396 -2.57148 -5.98754 -7.64452 -9.40104 -8.79316 -5.7086 -1.03398 1.6228 1.92989 2.84088 4.90635 5.57827 4.1631
91.56 0.279343 -0.357224 0.608401 2.62921 5.78067 7.04446 7.42423 8.91565 9.21547 5.38399 -1.20799 -4.40097 -6.73479 -9.67434 -9.67485 -6.62277 -1.71506 1.13659 1.54594 2.55459 4.59112 5.34151 4.15864
91.61 -0.347357 -1.18033 -0.1337 1.87112 4.96266 6.25602 6.96776 9.07103 9.67572 6.14275 0.155435 -2.76468 -5.68112 -9.74187 -10.3781 -7.42932 -2.37847 0.640615 1.18223 2.26286 4.17624 4.94088 3.97239
91.66 -1.04647 -2.09973 -0.97614 1.02931 4.12165 5.46949 6.47415 9.10646 9.98048 6.79553 1.48137 -1.14033 -4.47251 -9.56109 -10.8847 -8.11755 -3.03972 0.114293 0.817894 1.95432 3.69449 4.43168 3.64014
91.71 -1.86174 -3.15225 -1.94404 0.0952423 3.27798 4.71101 5.95887 9.0274 10.1308 7.33279 2.74543 0.443583 -3.20297 -9.15219 -11.117 -8.63669 -3.69726 -0.461887 0.433686 1.62183 3.17507 3.86266 3.20358
91.76 -2.81275 -4.37077 -3.07908 -0.952035 2.44645 4.00308 5.43664 8.84209 10.1339 7.75284 3.92854 1.95996 -1.90962 -8.52511 -11.0524 -8.96612 -4.35787 -1.11011 0.00917557 1.25885 2.62057 3.23989 2.68651
91.81 -3.56686 -5.46465 -4.33949 -2.16313 1.56111 3.33132 4.91527 8.56093 9.99494 8.04233 4.99476 3.36161 -0.651228 -7.73611 -10.7159 -9.08529 -4.99075 -1.81767 -0.451763 0.862659 2.02279 2.55572 2.09276
91.86 -4.2535 -6.33741 -5.37058 -3.33546 0.591502 2.65227 4.3676 8.16758 9.70362 8.18432 5.91985 4.62473 0.531087 -6.84529 -10.1571 -8.99687 -5.55179 -2.54379 -0.933967 0.420769 1.37214 1.82472 1.4348
91.91 -4.91628 -7.11262 -6.24747 -4.35705 -0.337125 1.96055 3.77893 7.65089 9.25359 8.16816 6.69894 5.76112 1.63792 -5.8828 -9.41705 -8.71617 -6.00347 -3.24851 -1.43276 -0.066514 0.672123 1.04525 0.718176
91.96 -5.51708 -7.86581 -7.04508 -5.14408 -1.11958 1.23417 3.13104 7.00956 8.65221 7.99183 7.32255 6.76583 2.65697 -4.88912 -8.54015 -8.26019 -6.3053 -3.87984 -1.92956 -0.58903 -0.0630399 0.230254 -0.0432035
92.01 -5.96763 -8.52236 -7.66049 -5.70458 -1.8158 0.453996 2.43426 6.28261 7.94796 7.68908 7.79055 7.61332 3.55348 -3.9285 -7.59759 -7.6686 -6.42853 -4.38154 -2.39467 -1.12483 -0.806157 -0.594313 -0.825869
92.06 -6.19799 -8.95224 -8.04868 -6.08879 -2.50635 -0.379162 1.70798 5.518 7.20082 7.31191 8.12119 8.29065 4.30665 -3.02285 -6.61677 -6.97926 -6.42324 -4.77658 -2.81327 -1.64097 -1.51696 -1.3919 -1.60049
92.11 -6.34568 -9.1276 -8.18065 -6.3067 -3.20941 -1.28157 0.930762 4.72316 6.43455 6.88719 8.32993 8.80469 4.92751 -2.13637 -5.56196 -6.17793 -6.3318 -5.13013 -3.21514 -2.14029 -2.17692 -2.13572 -2.34163
92.16 -6.39763 -8.98088 -8.00002 -6.37998 -3.97167 -2.26507 0.107393 3.92227 5.6772 6.43946 8.43318 9.17094 5.44627 -1.26334 -4.4691 -5.31189 -6.16385 -5.42388 -3.59203 -2.61743 -2.77667 -2.8118 -3.03352
92.21 -6.31239 -8.5834 -7.58914 -6.33743 -4.773 -3.32848 -0.752835 3.13288 4.94393 5.97923 8.43965 9.40116 5.88366 -0.3863 -3.34011 -4.40635 -5.93458 -5.65301 -3.94011 -3.07268 -3.31888 -3.4172 -3.66857
92.26 -6.07362 -7.96635 -6.96771 -6.17297 -5.61097 -4.46851 -1.63933 2.36756 4.24604 5.51241 8.35211 9.49925 6.2487 0.509006 -2.1654 -3.46186 -5.65582 -5.82457 -4.25066 -3.49697 -3.80656 -3.95631 -4.24619
92.31 -5.6961 -7.17827 -6.18988 -5.93417 -6.34547 -5.50257 -2.5184 1.60323 3.57944 5.03715 8.16419 9.45411 6.52713 1.40991 -0.958375 -2.49367 -5.33662 -5.93621 -4.50803 -3.87908 -4.24732 -4.43898 -4.76786
92.36 -5.17229 -6.22646 -5.24827 -5.57162 -6.99685 -6.49802 -3.39554 0.86727 2.96588 4.56483 7.87807 9.2632 6.71132 2.30654 0.272004 -1.50833 -4.96829 -5.97118 -4.69223 -4.21181 -4.65978 -4.88598 -5.24285
92.41 -4.49149 -5.10594 -4.13219 -5.06075 -7.59203 -7.50336 -4.28344 0.170366 2.41554 4.10019 7.49588 8.92773 6.79246 3.18006 1.50823 -0.512025 -4.52592 -5.89233 -4.76852 -4.48374 -5.06829 -5.32616 -5.6868
92.46 -3.67722 -3.84531 -2.86568 -4.39865 -8.00509 -8.45499 -5.23054 -0.522808 1.91816 3.64217 7.02617 8.45839 6.75971 3.99158 2.70235 0.464222 -3.99554 -5.66289 -4.69701 -4.6792 -5.49567 -5.78789 -6.11504
92.51 -2.76213 -2.48482 -1.49381 -3.63099 -8.23275 -9.14376 -6.14806 -1.2937 1.4299 3.16922 6.47669 7.87776 6.61472 4.70221 3.79181 1.37308 -3.38122 -5.26271 -4.45001 -4.78669 -5.9584 -6.29281 -6.54143
92.56 -1.75377 -1.03074 -0.0168836 -2.74753 -8.33457 -9.64377 -7.01696 -2.13773 0.919145 2.65639 5.8543 7.21448 6.37629 5.29977 4.7483 2.20319 -2.67214 -4.67191 -4.00559 -4.7854 -6.44536 -6.84343 -6.97861
92.61 -0.683069 0.483959 1.53796 -1.74987 -8.35259 -10.0542 -7.74414 -2.93497 0.330109 2.06509 5.1606 6.49228 6.06044 5.7724 5.54844 2.94264 -1.88539 -3.91139 -3.37608 -4.65588 -6.91443 -7.41508 -7.42516
92.66 0.403535 2.00986 3.12969 -0.637247 -8.27267 -10.3802 -8.30793 -3.68523 -0.357673 1.38913 4.41333 5.73796 5.68522 6.11832 6.18552 3.58562 -1.05445 -3.03107 -2.60573 -4.38747 -7.31431 -7.97538 -7.86952
92.71 1.45819 3.49609 4.71933 0.593063 -8.077 -10.6321 -8.70328 -4.37804 -1.15013 0.638972 3.63696 4.9773 5.26974 6.34741 6.66914 4.13212 -0.218252 -2.09399 -1.76151 -3.95828 -7.59185 -8.5121 -8.30325
92.76 2.44619 4.89362 6.25003 1.90567 -7.75301 -10.8088 -8.93226 -5.00684 -2.04228 -0.164083 2.85805 4.23267 4.83054 6.47378 7.01656 4.5881 0.594692 -1.14541 -0.886778 -3.42944 -7.74365 -8.97325 -8.6954
92.81 3.37557 6.14299 7.51922 3.07843 -7.23943 -10.7972 -9.01042 -5.60582 -2.98109 -0.96779 2.11013 3.53245 4.39155 6.51826 7.24741 4.95794 1.35662 -0.2309 -0.0328504 -2.85866 -7.78053 -9.33199 -9.02029
92.86 4.21401 7.22259 8.53603 4.07981 -6.54739 -10.5292 -9.00645 -6.1876 -3.86461 -1.7512 1.39423 2.88669 3.96691 6.49894 7.38488 5.2565 2.0576 0.623524 0.764212 -2.2851 -7.71276 -9.57274 -9.26048
92.91 4.96266 8.15223 9.36102 4.92963 -5.77072 -10.0354 -8.86985 -6.74807 -4.76881 -2.56069 0.698916 2.28694 3.55062 6.41435 7.43986 5.50251 2.71047 1.42584 1.50766 -1.70092 -7.5161 -9.66672 -9.39886
92.96 5.62511 8.94591 10.0266 5.64347 -4.9237 -9.32088 -8.61277 -7.30937 -5.69758 -3.39478 0.023083 1.73307 3.14184 6.25825 7.40626 5.69596 3.32169 2.18583 2.20544 -1.0969 -7.17509 -9.59507 -9.42194
93.01 6.20146 9.60737 10.5386 6.21574 -3.95752 -8.29297 -8.22396 -7.91478 -6.67669 -4.26894 -0.643584 1.22112 2.73564 6.01981 7.26891 5.82561 3.8962 2.92151 2.88004 -0.453566 -6.67961 -9.34757 -9.32257
93.06 6.68758 10.1479 10.9454 6.72952 -2.93176 -7.1011 -7.70891 -8.46329 -7.64201 -5.14435 -1.28683 0.760613 2.33883 5.69904 7.01569 5.86842 4.42053 3.63145 3.53237 0.212409 -6.07057 -8.95023 -9.1031
93.11 7.08863 10.5809 11.2648 7.21036 -1.86232 -5.79797 -7.08306 -8.9008 -8.575 -6.01941 -1.88874 0.353457 1.95439 5.3038 6.65045 5.81225 4.88137 4.30946 4.15977 0.879091 -5.39771 -8.43991 -8.7739
93.16 7.41026 10.9152 11.497 7.65257 -0.775946 -4.43636 -6.41008 -9.15108 -9.28503 -6.83591 -2.4769 -0.0379775 1.57299 4.85452 6.2046 5.67193 5.2712 4.93366 4.73127 1.49049 -4.74974 -7.89411 -8.36672
93.21 7.66435 11.1655 11.6514 8.05585 0.310565 -3.0597 -5.64805 -9.27367 -9.8005 -7.53816 -3.08547 -0.442678 1.17505 4.36175 5.70694 5.46999 5.59286 5.49706 5.2459 2.04057 -4.14383 -7.34286 -7.91589
93.26 7.85848 11.3409 11.7372 8.42492 1.39384 -1.67508 -4.80339 -9.29846 -10.1903 -8.12328 -3.68955 -0.880831 0.747872 3.83918 5.18661 5.23044 5.84874 5.9912 5.70337 2.53407 -3.5761 -6.79543 -7.44429
93.31 7.99976 11.4537 11.7695 8.76366 2.4605 -0.299342 -3.89353 -9.23933 -10.4926 -8.58335 -4.26575 -1.3659 0.28937 3.3024 4.66867 4.97433 6.04209 6.40822 6.09849 2.97143 -3.04158 -6.25529 -6.96674
93.36 8.09827 11.5192 11.765 9.07073 3.48443 1.03476 -2.92525 -9.0917 -10.7361 -8.91646 -4.80012 -1.90377 -0.192452 2.76491 4.17004 4.71616 6.17664 6.74425 6.42708 3.35449 -2.53041 -5.7183 -6.49022
93.41 8.16779 11.5523 11.7349 9.33573 4.43179 2.28794 -1.91678 -8.85848 -10.9514 -9.14928 -5.24579 -2.44123 -0.691232 2.22939 3.69706 4.46203 6.25253 6.99528 6.68409 3.68474 -2.03072 -5.17547 -6.01525
93.46 8.21677 11.5672 11.6972 9.5591 5.27959 3.43107 -0.89758 -8.53932 -11.0946 -9.2799 -5.63744 -3.00031 -1.19546 1.72003 3.26811 4.22478 6.27259 7.15736 6.86216 3.96101 -1.53188 -4.61557 -5.53739
93.51 8.26271 11.5695 11.6485 9.73147 6.02142 4.44146 0.0752571 -8.05172 -11.01 -9.33234 -6.08816 -3.60627 -1.68449 1.27458 2.9156 4.03061 6.24999 7.23258 6.95368 4.17562 -1.03519 -4.03866 -5.05795
93.56 8.31831 11.505 11.5134 9.83933 6.71155 5.33987 0.966415 -7.46083 -10.7307 -9.30497 -6.57697 -4.28103 -2.19607 0.87523 2.6277 3.86776 6.17606 7.21869 6.96265 4.34287 -0.510655 -3.40755 -4.55264
93.61 8.34578 11.3626 11.313 9.90022 7.34109 6.14384 1.78128 -6.80703 -10.312 -9.20465 -7.0736 -5.00733 -2.74135 0.498096 2.38174 3.71532 6.04205 7.11654 6.89293 4.46944 0.0475813 -2.70751 -4.0006
93.66 8.32982 11.1412 11.0536 9.91228 7.90906 6.87137 2.52968 -6.07769 -9.73922 -9.04298 -7.60005 -5.78582 -3.32901 0.123534 2.15529 3.55376 5.84785 6.93672 6.75444 4.5599 0.628161 -1.94629 -3.3938
93.71 8.2577 10.8455 10.7464 9.88229 8.42125 7.52594 3.19606 -5.18207 -8.83797 -8.79383 -8.25035 -6.68575 -4.0114 -0.294852 1.90885 3.35354 5.59329 6.69522 6.56611 4.62922 1.22837 -1.12583 -2.7196
93.76 8.11369 10.4584 10.3659 9.78398 8.87382 8.14088 3.85295 -4.1763 -7.73881 -8.41458 -8.86887 -7.6278 -4.75596 -0.764422 1.61769 3.09864 5.28379 6.40557 6.33569 4.67074 1.80626 -0.302551 -2.00713
93.81 7.88001 9.96799 9.89635 9.60091 9.25919 8.72289 4.52686 -3.0741 -6.48469 -7.89221 -9.40881 -8.56676 -5.54209 -1.28713 1.27314 2.78425 4.92673 6.07915 6.07003 4.68055 2.3385 0.485603 -1.28923
93.86 7.54517 9.3708 9.33176 9.32435 9.56411 9.25703 5.21254 -1.88989 -5.1036 -7.22213 -9.8064 -9.45656 -6.36239 -1.86496 0.875822 2.41774 4.53447 5.72835 5.77589 4.65523 2.80834 1.20903 -0.598142
93.91 7.1096 8.67488 8.67767 8.95586 9.77284 9.7118 5.87732 -0.662253 -3.6462 -6.40271 -9.95275 -10.1698 -7.2109 -2.53837 0.421828 2.02042 4.13106 5.37414 5.46625 4.59564 3.20601 1.84359 0.0309379
93.96 6.58482 7.89694 7.94979 8.50968 9.88218 10.0697 6.49896 0.576698 -2.16389 -5.41635 -9.89808 -10.6812 -7.97046 -3.29524 -0.144426 1.55497 3.72151 5.02546 5.1509 4.51087 3.54704 2.40581 0.599989
94.01 5.98878 7.05632 7.16572 8.00044 9.88975 10.3191 7.06549 1.81279 -0.669508 -4.33536 -9.70199 -11.0241 -8.57494 -4.04766 -0.832344 0.997561 3.30404 4.68123 4.8302 4.40403 3.84541 2.91586 1.12115
94.06 5.3446 6.17692 6.3492 7.44732 9.79842 10.4512 7.55858 3.01409 0.801551 -3.18495 -9.38004 -11.2371 -9.01219 -4.75443 -1.60884 0.370451 2.8689 4.33352 4.49831 4.27341 4.11084 3.38975 1.60513
94.11 4.67745 5.28539 5.52772 6.87018 9.61082 10.4553 7.95151 4.13607 2.20079 -1.99847 -8.9089 -11.2415 -9.28177 -5.45211 -2.45181 -0.290622 2.43512 3.99479 4.16499 4.12761 4.35533 3.83494 2.04953
94.16 4.00893 4.40643 4.72825 6.28815 9.3336 10.3311 8.23176 5.15221 3.49525 -0.822785 -8.22371 -10.9975 -9.41608 -6.16262 -3.36487 -0.98788 2.00663 3.67372 3.84107 3.97865 4.59373 4.26629 2.46254
94.21 3.3537 3.55841 3.97213 5.71558 8.9737 10.0855 8.40101 6.06311 4.68695 0.316666 -7.38577 -10.521 -9.40823 -6.8707 -4.35917 -1.76577 1.53982 3.34561 3.5118 3.8184 4.8208 4.69078 2.8635
94.26 2.72341 2.75427 3.27293 5.15716 8.52923 9.71493 8.44987 6.86624 5.78772 1.41916 -6.425 -9.84722 -9.26253 -7.54316 -5.40057 -2.62592 1.01134 2.99141 3.16378 3.63423 5.01004 5.08684 3.25488
94.31 2.12174 1.99429 2.62756 4.60451 7.99755 9.22182 8.37422 7.55778 6.79974 2.47676 -5.34445 -8.94894 -8.97486 -8.18991 -6.47056 -3.55393 0.421423 2.60436 2.79396 3.41876 5.12138 5.4101 3.62495
94.36 1.53738 1.25803 2.00746 4.03287 7.37853 8.62015 8.18194 8.13064 7.70332 3.45974 -4.10739 -7.68836 -8.48236 -8.84471 -7.59058 -4.55763 -0.236213 2.16978 2.39739 3.16441 5.10611 5.59913 3.94516
94.41 0.961129 0.525226 1.38258 3.41859 6.67659 7.92578 7.88036 8.57227 8.48622 4.39033 -2.78796 -6.23362 -7.77569 -9.33906 -8.63677 -5.55374 -0.923417 1.69998 1.99361 2.88647 4.94536 5.59786 4.14617
94.46 0.375634 -0.231579 0.720135 2.74384 5.90857 7.16936 7.49267 8.8788 9.1269 5.25322 -1.42779 -4.66062 -6.89042 -9.64361 -9.54511 -6.48287 -1.60701 1.21512 1.60596 2.60075 4.64932 5.39189 4.17213
94.51 -0.242913 -1.04269 -0.00852239 1.99819 5.09595 6.38302 7.04384 9.05418 9.61216 6.0277 -0.0615413 -3.02721 -5.86367 -9.74801 -10.2754 -7.30623 -2.27215 0.721638 1.24006 2.3106 4.24828 5.01399 4.01321
94.56 -0.927785 -1.94429 -0.833277 1.17025 4.25725 5.59445 6.55519 9.10862 9.94204 6.69836 1.27209 -1.39917 -4.672 -9.60576 -10.8209 -8.01767 -2.93399 0.201564 0.877171 2.00521 3.77489 4.51842 3.70143
94.61 -1.72098 -2.97278 -1.77906 0.251953 3.41277 4.82975 6.04231 9.04737 10.1167 7.2544 2.5476 0.193382 -3.40887 -9.23267 -11.0995 -8.56585 -3.59171 -0.365124 0.497605 1.67729 3.26034 3.95666 3.27924
94.66 -2.66669 -4.16487 -2.87811 -0.774199 2.57918 4.11241 5.51992 8.87824 10.1428 7.69342 3.74499 1.72234 -2.11734 -8.63933 -11.0825 -8.92673 -4.25201 -1.00083 0.0804614 1.31911 2.71253 3.34484 2.77497
94.71 -3.45305 -5.30677 -4.15336 -1.96875 1.71147 3.43983 5.0006 8.61342 10.0273 8.00558 4.83309 3.14633 -0.848039 -7.87031 -10.7859 -9.08063 -4.89323 -1.70208 -0.376464 0.929268 2.1223 2.66843 2.19245
94.76 -4.14487 -6.20691 -5.21801 -3.15463 0.747867 2.76157 4.4576 8.2386 9.76082 8.17177 5.78092 4.43069 0.346355 -6.99392 -10.26 -9.02433 -5.46803 -2.42747 -0.85515 0.494851 1.48008 1.94543 1.54455
94.81 -4.81224 -6.99034 -6.11351 -4.20796 -0.196232 2.07333 3.87709 7.74245 9.33648 8.18171 6.58411 5.58721 1.46568 -6.04052 -9.54627 -8.77361 -5.94013 -3.13895 -1.35228 0.0144353 0.787361 1.17325 0.836673
94.86 -5.42773 -7.74605 -6.9208 -5.0341 -1.0055 1.35355 3.23906 7.12 8.75764 8.03013 7.23308 6.61408 2.50019 -5.04871 -8.68775 -8.3436 -6.2687 -3.78646 -1.85084 -0.503092 0.0565851 0.362584 0.0811373
94.91 -5.91717 -8.4318 -7.57536 -5.62527 -1.70429 0.58228 2.54716 6.40175 8.06439 7.74339 7.72516 7.489 3.41956 -4.07775 -7.75005 -7.77058 -6.41978 -4.30999 -2.32367 -1.03989 -0.688286 -0.462911 -0.700059
94.96 -6.16816 -8.89972 -8.00247 -6.03841 -2.39586 -0.241165 1.82776 5.64315 7.32263 7.37622 8.07667 8.19332 4.19564 -3.16693 -6.78086 -7.09813 -6.42901 -4.71545 -2.74726 -1.55937 -1.40613 -1.2671 -1.4779
95.01 -6.32556 -9.123 -8.18383 -6.28332 -3.09158 -1.13085 1.05897 4.85163 6.55738 6.95723 8.30378 8.73247 4.83542 -2.27732 -5.73413 -6.31184 -6.35216 -5.07731 -3.15227 -2.06161 -2.07493 -2.02063 -2.22568
95.06 -6.39808 -9.02259 -8.04546 -6.37588 -3.84676 -2.10226 0.242107 4.05039 5.7974 6.51228 8.42321 9.12147 5.36886 -1.40325 -4.6467 -5.4536 -6.19537 -5.38144 -3.53335 -2.54213 -2.68431 -2.70808 -2.92623
95.11 -6.33595 -8.66247 -7.66959 -6.35243 -4.6415 -3.15171 -0.612608 3.25804 5.05939 6.05357 8.44486 9.37302 5.81835 -0.528096 -3.52421 -4.55428 -5.97481 -5.62011 -3.88646 -3.00147 -3.23571 -3.32472 -3.57057
95.16 -6.12164 -8.07801 -7.07886 -6.2039 -5.48132 -4.29129 -1.49705 2.49038 4.35614 5.58794 8.37273 9.4928 6.1955 0.364521 -2.35652 -3.61543 -5.7034 -5.80094 -4.20402 -3.43151 -3.73179 -3.87396 -4.15737
95.21 -5.7661 -7.31553 -6.32527 -5.97979 -6.23427 -5.34122 -2.37787 1.72457 3.68333 5.11347 8.201 9.47111 6.48856 1.26528 -1.15393 -2.65029 -5.39066 -5.92275 -4.47098 -3.82088 -4.1791 -4.3646 -4.68764
95.26 -5.2667 -6.39044 -5.41093 -5.63935 -6.89658 -6.33844 -3.25442 0.982698 3.06008 4.64002 7.93041 9.30356 6.68837 2.16353 0.0735179 -1.6674 -5.03158 -5.97203 -4.66883 -4.16213 -4.59453 -4.81553 -5.16919
95.31 -4.61143 -5.2971 -4.3232 -5.15332 -7.49978 -7.34039 -4.13976 0.279746 2.49971 4.17441 7.56362 8.99109 6.78675 3.04253 1.31059 -0.672207 -4.60318 -5.91466 -4.76542 -4.44489 -5.002 -5.25471 -5.6169
95.36 -3.81455 -4.05421 -3.07596 -4.51234 -7.95463 -8.32096 -5.07852 -0.406818 1.99649 3.71599 7.10699 8.54185 6.77289 3.8677 2.51684 0.311622 -4.08584 -5.71034 -4.71946 -4.65338 -5.42497 -5.71137 -6.04692
95.41 -2.91567 -2.70978 -1.72109 -3.76133 -8.20523 -9.04813 -6.0042 -1.16458 1.50885 3.24708 6.56994 7.97721 6.64474 4.59546 3.62527 1.23232 -3.48613 -5.33961 -4.50265 -4.7761 -5.88174 -6.20841 -6.47247
95.46 -1.92081 -1.26934 -0.260319 -2.89756 -8.32515 -9.57172 -6.88354 -2.00191 1.00472 2.74287 5.95895 7.32538 6.42008 5.21197 4.60479 2.07574 -2.79194 -4.77918 -4.09016 -4.79389 -6.36713 -6.75279 -6.90762
95.51 -0.857162 0.238879 1.28501 -1.91743 -8.35556 -9.99417 -7.63857 -2.81037 0.431064 2.16582 5.27612 6.61103 6.11559 5.70515 5.43102 2.83037 -2.01561 -4.04303 -3.48808 -4.68569 -6.84244 -7.32345 -7.35333
95.56 0.230177 1.7664 2.87343 -0.823782 -8.29301 -10.3332 -8.22871 -3.56834 -0.24034 1.50296 4.53583 5.86001 5.74856 6.07094 6.09394 3.489 -1.18901 -3.17749 -2.73555 -4.4424 -7.25794 -7.88578 -7.79831
95.61 1.29305 3.2624 4.466 0.38804 -8.11646 -10.5964 -8.65132 -4.27131 -1.016 0.763578 3.76242 5.09884 5.33842 6.31795 6.60117 4.05068 -0.351557 -2.24626 -1.90021 -4.03531 -7.55574 -8.42998 -8.23569
95.66 2.29034 4.67754 6.01932 1.70171 -7.81754 -10.7885 -8.90718 -4.91034 -1.89329 -0.0331878 2.98185 4.35 4.90175 6.45966 6.96919 4.52083 0.466979 -1.29649 -1.02712 -3.51861 -7.72753 -8.90574 -8.63645
95.71 3.23264 5.95468 7.33442 2.90159 -7.33715 -10.8162 -9.00075 -5.51099 -2.83783 -0.842633 2.2275 3.64084 4.46083 6.51553 7.21726 4.90418 1.23888 -0.373456 -0.166091 -2.95037 -7.78104 -9.28158 -8.97349
95.76 4.08559 7.05979 8.38705 3.93024 -6.66587 -10.5892 -9.01584 -6.09502 -3.72144 -1.62386 1.50753 2.98707 4.03438 6.50626 7.36831 5.21225 1.94851 0.490061 0.63997 -2.3777 -7.73182 -9.54338 -9.22835
95.81 4.84859 8.0126 9.2396 4.80188 -5.89902 -10.1269 -8.90018 -6.6606 -4.62297 -2.42937 0.809135 2.3801 3.61685 6.43249 7.43668 5.46643 2.60869 1.30035 1.39188 -1.79554 -7.5569 -9.66234 -9.3842
95.86 5.52417 8.82734 9.93184 5.54184 -5.07042 -9.46315 -8.66234 -7.2103 -5.54229 -3.25717 0.130955 1.81922 3.20738 6.28871 7.41812 5.66848 3.22568 2.06542 2.09497 -1.19689 -7.24118 -9.61899 -9.42642
95.91 6.11519 9.5098 10.4643 6.12909 -4.11728 -8.47105 -8.29525 -7.8208 -6.51973 -4.12782 -0.537734 1.30006 2.80032 6.06366 7.29852 5.81007 3.80699 2.80512 2.77334 -0.558758 -6.76787 -9.39814 -9.3468
95.96 6.61548 10.0687 10.8862 6.64949 -3.09979 -7.30104 -7.79931 -8.37959 -7.48889 -5.00473 -1.18575 0.83073 2.40171 5.75589 7.06423 5.86809 4.34027 3.51928 3.42901 0.10463 -6.1742 -9.02286 -9.14612
96.01 7.02979 10.5185 11.2198 7.13602 -2.03559 -6.0125 -7.18997 -8.84712 -8.42958 -5.87684 -1.79729 0.416234 2.01519 5.37121 6.71537 5.82752 4.81211 4.20365 4.06193 0.774292 -5.50631 -8.52641 -8.83317
96.06 7.36359 10.8677 11.4653 7.58409 -0.951092 -4.65749 -6.5187 -9.11812 -9.19034 -6.71462 -2.38123 0.0250742 1.63476 4.92973 6.28028 5.69911 5.21329 4.83753 4.64375 1.39708 -4.85028 -7.98196 -8.43563
96.11 7.62779 11.1306 11.6315 7.99359 0.136343 -3.28121 -5.77689 -9.26139 -9.72724 -7.43307 -2.98735 -0.3759 1.24069 4.44325 5.78907 5.50553 5.54569 5.41099 5.16698 1.95609 -4.23843 -7.43124 -7.99012
96.16 7.83113 11.3173 11.7274 8.36773 1.22055 -1.89739 -4.94342 -9.30009 -10.1346 -8.03777 -3.59403 -0.807668 0.818584 3.92438 5.27049 5.27045 5.81196 5.9169 5.63399 2.45866 -3.66477 -6.88274 -7.52064
96.21 7.98029 11.4392 11.7671 8.71128 2.29141 -0.51826 -4.04365 -9.25451 -10.4486 -8.51817 -4.17587 -1.2845 0.364845 3.38889 4.75082 5.01585 6.01507 6.34663 6.03942 2.90493 -3.12547 -6.34153 -7.04336
96.26 8.08475 11.5112 11.7678 9.02404 3.32441 0.825115 -3.08399 -9.12142 -10.6997 -8.8705 -4.71884 -1.81616 -0.113994 2.8511 4.24845 4.75741 6.15892 6.69587 6.37896 3.29656 -2.61135 -5.80455 -6.5665
96.31 8.15825 11.5485 11.7406 9.29593 4.28591 2.09359 -2.08027 -8.90159 -10.9185 -9.11863 -5.18044 -2.35429 -0.610243 2.31445 3.77069 4.50219 6.24428 6.96088 6.64787 3.63518 -2.11079 -5.26359 -6.09156
96.36 8.21001 11.5654 11.7031 9.5262 5.15128 3.25639 -1.05965 -8.59894 -11.0859 -9.26598 -5.57126 -2.90834 -1.11616 1.79783 3.33217 4.26022 6.27233 7.1372 6.8394 3.92099 -1.61117 -4.70584 -5.61385
96.41 8.25287 11.5724 11.6624 9.70929 5.90582 4.28721 -0.0756736 -8.13895 -11.0385 -9.32916 -6.01234 -3.50434 -1.60526 1.34216 2.96719 4.05906 6.25669 7.22638 6.9446 4.14468 -1.11615 -4.13399 -5.13585
96.46 8.31087 11.5206 11.5398 9.82509 6.60466 5.20262 0.829022 -7.56038 -10.7861 -9.31456 -6.49738 -4.16868 -2.11172 0.937331 2.6705 3.89267 6.19184 7.22696 6.96659 4.31878 -0.597343 -3.51351 -4.63651
96.51 8.34392 11.3908 11.3493 9.89377 7.24427 6.02023 1.65485 -6.91565 -10.3871 -9.22519 -6.99417 -4.8882 -2.65164 0.557778 2.41924 3.73984 6.06764 7.13852 6.9091 4.45177 -0.0437365 -2.82413 -4.09266
96.56 8.33596 11.1814 11.0978 9.91245 7.82154 6.76049 2.41717 -6.20759 -9.85717 -9.07251 -7.50087 -5.65099 -3.22804 0.18589 2.19181 3.58156 5.88314 6.97011 6.78025 4.54665 0.532434 -2.0739 -3.49617
96.61 8.27362 10.8987 10.8001 9.89112 8.34293 7.42413 3.09111 -5.33399 -8.99797 -8.84208 -8.14617 -6.53683 -3.89708 -0.224377 1.95113 3.38914 5.63801 6.73751 6.59931 4.61978 1.13271 -1.25894 -2.83128
96.66 8.14243 10.5273 10.4326 9.80509 8.8054 8.04428 3.74666 -4.34447 -7.92647 -8.48486 -8.77395 -7.47578 -4.6331 -0.685462 1.66786 3.1435 5.33685 6.45478 6.37516 4.66607 1.71606 -0.433173 -2.12266
96.71 7.92414 10.0539 9.97806 9.63643 9.20232 8.63205 4.41742 -3.25714 -6.6954 -7.98592 -9.32876 -8.41793 -5.41405 -1.19971 1.33223 2.83869 4.98687 6.13356 6.11475 4.68121 2.25683 0.362672 -1.40355
96.76 7.60586 9.47363 9.42869 9.37514 9.52138 9.17596 5.1031 -2.08397 -5.33214 -7.33973 -9.7611 -9.32054 -6.22538 -1.76757 0.942273 2.4785 4.59848 5.78527 5.82445 4.66173 2.73788 1.09879 -0.705422
96.81 7.1859 8.79252 8.78796 9.02048 9.74577 9.64484 5.77321 -0.860155 -3.88172 -6.54845 -9.94531 -10.0694 -7.07751 -2.42139 0.500964 2.08709 4.19644 5.43078 5.51647 4.60706 3.14638 1.74712 -0.0657302
96.86 6.67439 8.02659 8.07094 8.58598 9.87147 10.0193 6.40243 0.377338 -2.40336 -5.58187 -9.91706 -10.6116 -7.85839 -3.17309 -0.0442871 1.63674 3.78728 5.08078 5.20164 4.52588 3.49544 2.31957 0.51223
96.91 6.08831 7.19449 7.2944 8.08563 9.89528 10.2867 6.97899 1.61583 -0.908794 -4.51401 -9.7421 -10.9786 -8.48905 -3.929 -0.71531 1.09208 3.37212 4.73657 4.88229 4.42272 3.79993 2.83675 1.0402
96.96 5.45021 6.31961 6.48134 7.53821 9.81953 10.4381 7.4852 2.82517 0.568752 -3.37326 -9.43999 -11.2117 -8.95321 -4.64477 -1.47932 0.47494 2.93985 4.38959 4.55237 4.29594 4.07008 3.31564 1.52972
97.01 4.78502 5.42814 5.65868 6.9636 9.64728 10.4636 7.89628 3.96315 1.98304 -2.18938 -9.00086 -11.2568 -9.24729 -5.33947 -2.31317 -0.183831 2.50333 4.04751 4.21766 4.15122 4.31671 3.76495 1.98095
97.06 4.11567 4.54584 4.85412 6.38118 9.38366 10.3591 8.19405 4.99618 3.2947 -1.00921 -8.34496 -11.0533 -9.40421 -6.04797 -3.21234 -0.871127 2.07696 3.72502 3.89294 4.00294 4.55576 4.19731 2.39736
97.11 3.45741 3.69178 4.08984 5.80649 9.03702 10.1331 8.38163 5.92406 4.50212 0.136395 -7.52903 -10.6114 -9.41888 -6.75862 -4.19537 -1.63507 1.61861 3.39971 3.56568 3.84544 4.78601 4.62365 2.79961
97.16 2.82256 2.88011 3.38113 5.24597 8.60638 9.78285 8.45046 6.74475 5.6168 1.2446 -6.58659 -9.96756 -9.29509 -7.43896 -5.23203 -2.4831 1.10049 3.05034 3.22109 3.66572 4.98369 5.02678 3.19307
97.21 2.21691 2.11419 2.7287 4.6938 8.08865 9.30837 8.39408 7.45433 6.64448 2.31315 -5.53039 -9.12286 -9.0329 -8.07761 -6.29171 -3.39845 0.520887 2.66938 2.85518 3.4561 5.11112 5.36541 3.56725
97.26 1.63027 1.3753 2.10642 4.12689 7.48374 8.72359 8.22058 8.04728 7.56585 3.30541 -4.31277 -7.90624 -8.57642 -8.74896 -7.41368 -4.39513 -0.127568 2.24251 2.46225 3.20734 5.11822 5.58052 3.89994
97.31 1.05368 0.643674 1.48457 3.52087 6.7942 8.04223 7.9352 8.51046 8.3696 4.24496 -3.00333 -6.47654 -7.9022 -9.27222 -8.47686 -5.39717 -0.812756 1.77678 2.05777 2.93189 4.98086 5.61207 4.12463
97.36 0.471111 -0.107294 0.830204 2.85668 6.03538 7.29354 7.55958 8.83857 9.03432 5.12018 -1.64737 -4.91855 -7.0426 -9.60785 -9.41066 -6.34018 -1.49843 1.29345 1.66658 2.64682 4.70483 5.43782 4.18078
97.41 -0.140162 -0.907398 0.114154 2.12312 5.22858 6.51 7.11896 9.0343 9.54468 5.91 -0.279413 -3.29006 -6.04092 -9.74723 -10.1686 -7.18073 -2.16599 0.801885 1.2979 2.35789 4.31842 5.08407 4.05008
97.46 -0.811837 -1.79207 -0.693466 1.30893 4.39275 5.72007 6.63563 9.10782 9.89961 6.59824 1.06134 -1.65884 -4.86984 -9.64458 -10.75 -7.9135 -2.82811 0.287664 0.936041 2.05555 3.85428 4.60352 3.75993
97.51 -1.58431 -2.79755 -1.61794 0.405963 3.54789 4.94978 6.12556 9.06461 10.0988 7.17302 2.34777 -0.0584516 -3.6141 -9.30752 -11.0743 -8.49015 -3.48623 -0.270159 0.560508 1.73186 3.34491 4.04977 3.35291
97.56 -2.5071 -3.96179 -2.68857 -0.600924 2.71185 4.22364 5.60387 8.91231 10.1483 7.63082 3.55867 1.48207 -2.32557 -8.74895 -11.1054 -8.88193 -4.14573 -0.893391 0.150601 1.37856 2.80346 3.44806 2.86135
97.61 -3.33811 -5.14323 -3.96011 -1.77303 1.85906 3.54811 5.08527 8.66304 10.0559 7.96511 4.66783 2.92744 -1.04682 -8.00175 -10.8501 -9.07057 -4.79404 -1.58712 -0.301689 0.994644 2.22036 2.77999 2.29051
97.66 -4.03615 -6.07395 -5.06097 -2.97009 0.904791 2.8707 4.54668 8.3065 9.81395 8.15522 5.63834 4.23346 0.159776 -7.1405 -10.3581 -9.04679 -5.38164 -2.31085 -0.776862 0.567693 1.58666 2.06485 1.65274
97.71 -4.70726 -6.86798 -5.97739 -4.05254 -0.0515722 2.1853 3.97374 7.83072 9.41535 8.19107 6.46534 5.41005 1.29134 -6.19719 -9.67171 -8.82637 -5.87306 -3.02776 -1.27186 0.094383 0.901564 1.30021 0.953917
97.76 -5.33553 -7.62603 -6.79524 -4.91802 -0.887048 1.47188 3.34561 7.22777 8.8599 8.06478 7.13957 6.45863 2.34073 -5.20851 -8.83311 -8.42352 -6.22715 -3.68929 -1.77168 -0.418106 0.175573 0.494424 0.204786
97.81 -5.85984 -8.33618 -7.48532 -5.54194 -1.59246 0.709513 2.65968 6.52009 8.17976 7.79578 7.65623 7.36034 3.28199 -4.22867 -7.90202 -7.87013 -6.40722 -4.23524 -2.25129 -0.954456 -0.569705 -0.330962 -0.574169
97.86 -6.13638 -8.84118 -7.95033 -5.98429 -2.2853 -0.104859 1.94622 5.76744 7.44386 7.43924 8.02897 8.09168 4.08093 -3.31133 -6.94245 -7.21312 -6.43241 -4.65417 -2.68128 -1.47753 -1.29406 -1.14094 -1.3545
97.91 -6.30332 -9.10913 -8.17781 -6.25627 -2.97574 -0.982359 1.18595 4.97993 6.68044 7.02671 8.27493 8.65643 4.74063 -2.41862 -5.90515 -6.44394 -6.37056 -5.02297 -3.08877 -1.98234 -1.97139 -1.90385 -2.10852
97.96 -6.39541 -9.05795 -8.08499 -6.36908 -3.72283 -1.94141 0.375856 4.17876 5.9182 6.5848 8.41078 9.06853 5.28935 -1.54306 -4.8233 -5.59431 -6.22519 -5.33718 -3.47398 -2.46639 -2.59054 -2.60258 -2.81751
98.01 -6.35587 -8.736 -7.7446 -6.36432 -4.51129 -2.97748 -0.473183 3.38389 5.17578 6.12778 8.44772 9.34155 5.75125 -0.669333 -3.70701 -4.70113 -6.01375 -5.58573 -3.83193 -2.92954 -3.15112 -3.23051 -3.4711
98.06 -6.16661 -8.18573 -7.18672 -6.23448 -5.34724 -4.10842 -1.35432 2.61254 4.4667 5.66312 8.39074 9.48264 6.14002 0.220133 -2.54683 -3.76842 -5.75001 -5.77581 -4.15605 -3.36497 -3.65572 -3.79008 -4.06707
98.11 -5.83254 -7.44872 -6.45654 -6.02239 -6.12107 -5.17896 -2.23729 1.84665 3.78858 5.18987 8.23532 9.48442 6.44767 1.1207 -1.3487 -2.80636 -5.44348 -5.90744 -4.43218 -3.76147 -4.11006 -4.28921 -4.60616
98.16 -5.35722 -6.5502 -5.56921 -5.70344 -6.79499 -6.17919 -3.11357 1.09918 3.15595 4.71548 7.98032 9.34024 6.66288 2.02012 -0.1246 -1.82608 -5.09305 -5.97012 -4.64284 -4.11096 -4.52908 -4.74478 -5.09467
98.21 -4.7274 -5.48403 -4.50974 -5.24189 -7.40646 -7.17826 -3.99668 0.389966 2.5854 4.24869 7.62893 9.05087 6.77822 2.90385 1.11253 -0.83229 -4.67779 -5.93293 -4.75851 -4.40409 -4.93613 -5.18377 -5.54663
98.26 -3.94945 -4.26075 -3.28378 -4.62367 -7.89953 -8.17898 -4.9252 -0.293099 2.07508 3.78948 7.18573 8.62234 6.78313 3.74128 2.32876 0.157316 -4.17407 -5.75352 -4.73752 -4.62538 -5.35521 -5.63594 -5.97869
98.31 -3.06679 -2.93233 -1.94573 -3.88894 -8.1746 -8.94743 -5.85919 -1.03754 1.58738 3.32405 6.6613 8.07445 6.67232 4.4859 3.45545 1.08962 -3.58849 -5.41151 -4.55016 -4.76281 -5.8059 -6.1253 -6.40381
98.36 -2.08611 -1.50626 -0.501691 -3.04485 -8.3143 -9.49875 -6.74539 -1.86254 1.08798 2.82711 6.06157 7.43462 6.46182 5.12097 4.45729 1.94597 -2.90962 -4.88189 -4.16979 -4.79912 -6.28866 -6.66285 -6.83693
98.41 -1.03072 -0.00579446 1.03307 -2.08216 -8.35619 -9.93192 -7.52891 -2.68474 0.529493 2.26434 5.39018 6.72887 6.16917 5.63465 5.30942 2.71568 -2.14448 -4.17127 -3.59611 -4.71201 -6.7689 -7.23155 -7.28148
98.46 0.0561077 1.52205 2.61719 -1.00733 -8.31049 -10.2844 -8.14523 -3.45006 -0.125751 1.61478 4.65748 5.98184 5.81083 6.02057 5.99841 3.3899 -1.32334 -3.32235 -2.86352 -4.49215 -7.19803 -7.79628 -7.72716
98.51 1.12604 3.02652 4.21172 0.185781 -8.15293 -10.5589 -8.59511 -4.16291 -0.884542 0.886676 3.8877 5.22071 5.40644 6.2858 6.52966 3.96694 -0.485312 -2.39802 -2.03788 -4.10961 -7.51639 -8.346 -8.16715
98.56 2.13394 4.45779 5.77984 1.49173 -7.87638 -10.7644 -8.87741 -4.81211 -1.74633 0.0972027 3.10632 4.46833 4.97283 6.44331 6.91874 4.45134 0.338084 -1.44824 -1.16775 -3.60647 -7.70834 -8.8356 -8.57583
98.61 3.08723 5.76176 7.14279 2.7203 -7.4282 -10.8297 -8.99113 -5.41486 -2.69106 -0.716153 2.34575 3.75071 4.53057 6.51121 7.18466 4.84847 1.11945 -0.517662 -0.3009 -3.04218 -7.77911 -9.22832 -8.92457
98.66 3.95481 6.8931 8.23301 3.77662 -6.78181 -10.643 -9.02206 -6.00225 -3.57917 -1.49734 1.62138 3.08865 4.10208 6.51197 7.34971 5.16672 1.83822 0.355297 0.514403 -2.46999 -7.74757 -9.51028 -9.19365
98.71 4.73221 7.8694 9.11424 4.67106 -6.02605 -10.2142 -8.92765 -6.57225 -4.4774 -2.29854 0.919897 2.47447 3.68335 6.44889 7.43134 5.42907 2.50583 1.17368 1.2748 -1.88977 -7.5941 -9.65376 -9.36656
98.76 5.42107 8.70521 9.83246 5.43537 -5.21268 -9.59459 -8.70857 -7.11421 -5.38959 -3.12134 0.238791 1.9063 3.27289 6.31702 7.42742 5.63958 3.12893 1.94458 1.98413 -1.29551 -7.3028 -9.63807 -9.4277
98.81 6.02655 9.40903 10.3872 6.04072 -4.27532 -8.64447 -8.36333 -7.72563 -6.36268 -3.98695 -0.431401 1.38028 2.86523 6.10538 7.32521 5.79243 3.71662 2.68816 2.66613 -0.663222 -6.85296 -9.44465 -9.36786
98.86 6.54115 9.98663 10.8246 6.56858 -3.26647 -7.49774 -7.88691 -8.2944 -7.33518 -4.86482 -1.08388 0.902275 2.46489 5.81073 7.10979 5.86521 4.25848 3.40647 3.32521 -0.00284005 -6.27576 -9.09222 -9.18618
98.91 6.96887 10.4533 11.1723 7.06048 -2.20832 -6.22514 -7.29518 -8.78786 -8.28067 -5.73427 -1.70424 0.47964 2.07621 5.43721 6.77809 5.84054 4.74105 4.0966 3.96284 0.668339 -5.61518 -8.61158 -8.89015
98.96 7.3151 10.8179 11.4315 7.51462 -1.12591 -4.87767 -6.62703 -9.08309 -9.0893 -6.58944 -2.28592 0.087925 1.6962 5.00382 6.35455 5.72466 5.15366 4.73986 4.5547 1.30195 -4.95208 -8.06975 -8.50335
99.01 7.58963 11.0937 11.6098 7.93041 -0.0378544 -3.50237 -5.90384 -9.24688 -9.65052 -7.32483 -2.88924 -0.309953 1.30558 4.52391 5.87052 5.54003 5.49684 5.32321 5.08665 1.87017 -4.33401 -7.51969 -8.06373
99.06 7.80237 11.2921 11.7161 8.30975 1.04696 -2.11976 -5.08185 -9.29978 -10.0766 -7.94903 -3.49789 -0.735701 0.888444 4.00915 5.35437 5.30999 5.77357 5.84066 5.56305 2.38183 -3.75429 -6.97022 -7.59678
99.11 7.95965 11.4233 11.7638 8.65811 2.12137 -0.738084 -4.1923 -9.2676 -10.4032 -8.44971 -4.08499 -1.20454 0.439628 3.47532 4.83344 5.05729 5.98656 6.283 5.97868 2.83706 -3.20998 -6.42785 -7.11999
99.16 8.07055 11.5023 11.7695 8.97599 3.16238 0.613437 -3.2417 -9.14915 -10.663 -8.82271 -4.6345 -1.72692 -0.0361355 2.93699 4.32733 4.79867 6.13969 6.64535 6.32904 3.23727 -2.69265 -5.89072 -6.64283
99.21 8.14814 11.5443 11.7461 9.25506 4.13755 1.8965 -2.24333 -8.94258 -10.885 -9.08549 -5.11296 -2.26786 -0.529605 2.39998 3.84528 4.54265 6.23453 6.92421 6.6097 3.58434 -2.19077 -5.35116 -6.16774
99.26 8.20289 11.5635 11.709 9.49196 5.01971 3.07804 -1.22275 -8.65206 -11.0715 -9.251 -5.50689 -2.81685 -1.03572 1.87755 3.39838 4.29695 6.27111 7.11486 6.81435 3.8792 -1.69089 -4.79608 -5.69047
99.31 8.24374 11.5732 11.6731 9.68502 5.78941 4.13014 -0.228784 -8.2235 -11.0618 -9.32405 -5.93765 -3.40429 -1.52656 1.41104 3.02055 4.08844 6.26214 7.21791 6.93341 4.11251 -1.19641 -4.22797 -5.21316
99.36 8.30273 11.5342 11.5644 9.80965 6.49622 5.06284 0.689535 -7.65829 -10.8378 -9.32237 -6.41812 -4.05778 -2.02828 1.00006 2.71448 3.91793 6.20608 7.23294 6.9685 4.29368 -0.683042 -3.61757 -4.71915
99.41 8.34098 11.4169 11.384 9.88597 7.14583 5.89468 1.52688 -7.0229 -10.4594 -9.24421 -6.91466 -4.77001 -2.56279 0.617687 2.45737 3.76424 6.09169 7.15844 6.92343 4.43311 -0.13448 -2.93919 -4.18334
99.46 8.34068 11.22 11.1414 9.91206 7.73271 6.64709 2.30096 -6.33076 -9.96165 -9.10036 -7.40949 -5.5216 -3.13095 0.246557 2.22787 3.60837 5.91682 7.00189 6.80491 4.5332 0.437997 -2.19902 -3.59621
99.51 8.28776 10.9496 10.8519 9.89826 8.2631 7.32123 2.98572 -5.48292 -9.1525 -8.88713 -8.04156 -6.38933 -3.78458 -0.155315 1.99224 3.42333 5.68129 6.77854 6.63144 4.6097 1.03662 -1.39174 -2.94171
99.56 8.16892 10.5935 10.4971 9.82405 8.73531 7.94686 3.64076 -4.51002 -8.10984 -8.55152 -8.67735 -7.32402 -4.51155 -0.60797 1.71662 3.18681 5.38865 6.50302 6.41374 4.66066 1.62482 -0.564491 -2.23783
99.61 7.96567 10.1371 10.0573 9.66954 9.14344 8.54011 4.3084 -3.43783 -6.90253 -8.07587 -9.24614 -8.26828 -5.2867 -1.1137 1.3898 2.8916 5.04598 6.18726 6.15872 4.68101 2.17368 0.238301 -1.5183
99.66 7.66391 9.57384 9.52321 9.42343 9.47609 9.09281 4.99314 -2.27669 -5.55818 -7.45372 -9.70841 -9.18105 -6.09053 -1.67216 1.0077 2.53868 4.66226 5.84211 5.8726 4.66733 2.66552 0.986235 -0.814247
99.71 7.25983 8.90798 8.89629 9.08303 9.71614 9.57539 5.66795 -1.05779 -4.11664 -6.68911 -9.93219 -9.96401 -6.94248 -2.30745 0.577446 2.15249 4.26151 5.48749 5.56653 4.61783 3.08529 1.64879 -0.163895
99.76 6.76203 8.15451 8.19053 8.66056 9.85811 9.96604 6.30454 0.178062 -2.64232 -5.74495 -9.93241 -10.5375 -7.74249 -3.05114 0.0525557 1.71609 3.85286 5.13625 5.25228 4.54035 3.44274 2.23197 0.423249
99.81 6.18649 7.33155 7.42212 8.16959 9.89823 10.2514 6.89067 1.41813 -1.14849 -4.69083 -9.77901 -10.9298 -8.39896 -3.80935 -0.600701 1.18473 3.43972 4.79183 4.93411 4.44082 3.75361 2.75671 0.95833
99.86 5.5551 6.46184 6.61321 7.62838 9.83817 10.4219 7.40943 2.63448 0.334389 -3.56041 -9.49677 -11.182 -8.89014 -4.53434 -1.35163 0.578217 3.0105 4.44564 4.60619 4.31792 4.02869 3.24083 1.45342
99.91 4.89251 5.57114 5.79012 7.05682 9.68138 10.4686 7.83809 3.78746 1.76256 -2.38047 -9.0869 -11.2656 -9.20946 -5.22726 -2.17626 -0.077689 2.57195 4.10085 4.27068 4.17482 4.27798 3.69459 1.91148
99.96 4.22269 4.68598 4.98104 6.47442 9.4316 10.3841 8.15353 4.83745 3.09144 -1.1966 -8.46238 -11.1031 -9.38856 -5.93344 -3.06212 -0.756504 2.14637 3.77621 3.94472 4.02701 4.51764 4.12828 2.33189
100.01 3.56173 3.82625 4.20901 5.89778 9.09818 10.1776 8.35919 5.78225 4.31491 -0.0448579 -7.66921 -10.6968 -9.42596 -6.64577 -4.03299 -1.50662 1.69578 3.45313 3.61908 3.87189 4.75042 4.55601 2.73557
100.06 2.92248 3.00718 3.49084 5.33502 8.68128 9.84753 8.44778 6.62039 5.4437 1.06913 -6.74553 -10.0834 -9.32415 -7.33321 -5.06383 -2.342 1.18797 3.10844 3.27783 3.69645 4.95558 4.96511 3.1308
100.11 2.31247 2.23467 2.83051 4.78266 8.17753 9.39218 8.41104 7.34793 6.48628 2.14685 -5.71097 -9.28399 -9.08549 -7.96849 -6.11607 -3.24615 0.618034 2.73304 2.91554 3.49226 5.0976 5.31758 3.50876
100.16 1.72342 1.49278 2.2054 4.21989 7.58673 8.82449 8.2563 7.96056 7.42539 3.14982 -4.51595 -8.119 -8.66486 -8.64915 -7.23511 -4.23269 -0.0198481 2.31421 2.52679 3.24956 5.12654 5.55711 3.85194
100.21 1.14609 0.761623 1.5857 3.62163 6.91002 8.15695 7.98771 8.44515 8.24938 4.09794 -3.21756 -6.71626 -8.02398 -9.20056 -8.31362 -5.23909 -0.702101 1.85314 2.1223 2.97708 5.01273 5.62089 4.09867
100.26 0.565857 0.0157254 0.938669 2.96772 6.16095 7.41683 7.62483 8.79493 8.93774 4.98491 -1.86667 -5.17473 -7.19123 -9.56711 -9.27168 -6.19485 -1.38938 1.37159 1.72781 2.69281 4.75747 5.47907 4.18452
100.31 -0.0390048 -0.774378 0.234324 2.24585 5.36039 6.63681 7.19305 9.01143 9.47334 5.78971 -0.498279 -3.55365 -6.21077 -9.73889 -10.0595 -7.05375 -2.06023 0.881434 1.3558 2.40469 4.38642 5.15081 4.08284
100.36 -0.698457 -1.64295 -0.556646 1.44534 4.52803 5.8462 6.71537 9.104 9.85315 6.49517 0.849176 -1.91931 -5.06578 -9.67751 -10.6724 -7.80523 -2.72211 0.372637 0.994555 2.10534 3.93253 4.68679 3.81544
100.41 -1.45155 -2.62646 -1.46058 0.557316 3.68326 5.07097 6.20853 9.07905 10.0771 7.08861 2.14595 -0.311901 -3.81861 -9.37672 -11.0416 -8.4097 -3.38084 -0.176915 0.622481 1.78558 3.42877 4.1419 3.4245
100.46 -2.34707 -3.76304 -2.5056 -0.431365 2.8449 4.33645 5.6879 8.94381 10.1501 7.56515 3.36996 1.23966 -2.53366 -8.85328 -11.1206 -8.83207 -4.03952 -0.788099 0.21938 1.43707 2.89325 3.54947 2.94562
100.51 -3.22032 -4.97285 -3.76043 -1.57701 2.00344 3.65608 5.16928 8.70983 10.0805 7.92087 4.49889 2.70477 -1.24768 -8.13044 -10.9082 -9.05507 -4.69329 -1.4729 -0.227396 1.05879 2.31698 2.89051 2.38696
100.56 -3.92631 -5.93712 -4.89947 -2.78281 1.0616 2.9797 4.63493 8.37136 9.86305 8.1347 5.49205 4.03288 -0.0287748 -7.28503 -10.4512 -9.06426 -5.29285 -2.19411 -0.699136 0.639324 1.69193 2.18297 1.75936
100.61 -4.60091 -6.74457 -5.83895 -3.89138 0.0963734 2.29651 4.06892 7.91564 9.49011 8.19617 6.34259 5.22959 1.11485 -6.35276 -9.79329 -8.8745 -5.80248 -2.91516 -1.19159 0.173301 1.0147 1.4261 1.06986
100.66 -5.24015 -7.50519 -6.66832 -4.7958 -0.764202 1.5891 3.45059 7.33267 8.95877 8.0956 7.04194 6.29945 2.17859 -5.36843 -8.97603 -8.49969 -6.18108 -3.58896 -1.69212 -0.333916 0.293984 0.625745 0.327674
100.71 -5.78826 -8.23738 -7.39359 -5.4544 -1.48002 0.836053 2.77219 6.63777 8.29403 7.84609 7.58359 7.22709 3.14046 -4.38164 -8.05374 -7.96719 -6.39064 -4.15716 -2.17749 -0.868519 -0.450478 -0.198557 -0.448279
100.76 -6.10123 -8.77612 -7.89246 -5.92581 -2.17467 0.0297307 2.06336 5.89075 7.56436 7.50083 7.97797 7.98556 3.9622 -3.45614 -7.10118 -7.32431 -6.43405 -4.59305 -2.6153 -1.39529 -1.18065 -1.01345 -1.23035
100.81 -6.27919 -9.08457 -8.16119 -6.2244 -2.86249 -0.836354 1.31157 5.10795 6.80366 7.09554 8.24329 8.57644 4.64293 -2.5606 -6.07542 -6.57427 -6.38685 -4.96713 -3.02461 -1.90248 -1.86631 -1.78537 -1.99016
100.86 -6.38892 -9.08631 -8.11852 -6.3593 -3.59981 -1.78245 0.508624 4.30729 6.0395 6.65693 8.3958 9.01201 5.20759 -1.68301 -4.99927 -5.73422 -6.25329 -5.29103 -3.41395 -2.39025 -2.49535 -2.49525 -2.70732
100.91 -6.37163 -8.80352 -7.81412 -6.373 -4.38218 -2.80562 -0.334593 3.51033 5.29302 6.20178 8.44815 9.30669 5.68226 -0.810209 -3.88879 -4.84706 -6.05147 -5.54999 -3.7766 -2.85691 -3.06508 -3.13452 -3.37012
100.96 -6.20797 -8.2889 -7.29109 -6.26499 -5.20861 -3.91922 -1.21125 2.73388 4.5776 5.73789 8.40609 9.46874 6.08223 0.0757451 -2.73649 -3.92094 -5.79572 -5.7493 -4.10685 -3.29737 -3.5783 -3.70458 -3.97524
101.01 -5.89519 -7.57769 -6.58376 -6.06204 -6.00518 -5.01492 -2.09648 1.96926 3.89501 5.26625 8.26705 9.49392 6.40436 0.976041 -1.5429 -2.96207 -5.49532 -5.89049 -4.39179 -3.7009 -4.04012 -4.21267 -4.52337
101.06 -5.44362 -6.70555 -5.72303 -5.76379 -6.69164 -6.01978 -2.97283 1.21669 3.25346 4.79115 8.02774 9.37314 6.63478 1.87626 -0.322446 -1.98449 -5.15297 -5.96578 -4.61452 -4.05841 -4.46335 -4.67361 -5.0192
101.11 -4.83915 -5.66652 -4.69167 -5.32633 -7.3118 -7.01667 -3.85403 0.501111 2.67263 4.32307 7.69174 9.10696 6.76681 2.76404 0.91405 -0.992359 -4.75003 -5.9475 -4.74809 -4.36148 -4.87062 -5.11322 -5.47587
101.16 -4.08184 -4.46487 -3.48913 -4.73249 -7.83883 -8.02795 -4.77081 -0.181723 2.15396 3.86268 7.26232 8.69967 6.79024 3.61223 2.13806 0.00120214 -4.26048 -5.79274 -4.75145 -4.59533 -5.28634 -5.5615 -5.91026
101.21 -3.21528 -3.15228 -2.16759 -4.01374 -8.14047 -8.84102 -5.71282 -0.912571 1.6656 3.40019 6.7507 8.16929 6.69728 4.37347 3.28235 0.944876 -3.68848 -5.47857 -4.59271 -4.74701 -5.73104 -6.04354 -6.3354
101.26 -2.24939 -1.74111 -0.740472 -3.18868 -8.30017 -9.42171 -6.60601 -1.72501 1.17014 2.90992 6.16248 7.54222 6.50145 5.02683 4.30591 1.81396 -3.02502 -4.97986 -4.24438 -4.80117 -6.2102 -6.57379 -6.7666
101.31 -1.20342 -0.24971 0.782444 -2.24396 -8.35438 -9.86723 -7.41504 -2.55801 0.625461 2.36062 5.50264 6.84562 6.22101 5.5608 5.18355 2.59847 -2.27193 -4.29597 -3.70007 -4.73493 -6.69407 -7.1396 -7.20971
101.36 -0.118356 1.27716 2.3613 -1.18772 -8.32496 -10.2335 -8.05739 -3.33045 -0.013864 1.72453 4.77815 6.1033 5.87193 5.96708 5.89879 3.28825 -1.45738 -3.46562 -2.98971 -4.5362 -7.13447 -7.70754 -7.65633
101.41 0.957471 2.78879 3.95677 -0.0135239 -8.18622 -10.5197 -8.53443 -4.05277 -0.755728 1.00818 4.01266 5.34279 5.47367 6.25083 6.45443 3.88074 -0.619507 -2.54918 -2.17445 -4.18091 -7.47384 -8.26048 -8.09784
101.46 1.9781 4.23497 5.53112 1.27489 -7.92857 -10.736 -8.84287 -4.71211 -1.60146 0.227009 3.23136 4.58758 5.0437 6.42461 6.86501 4.37944 0.207932 -1.60066 -1.30863 -3.6929 -7.68613 -8.76306 -8.51369
101.51 2.9394 5.56387 6.94329 2.53409 -7.5117 -10.8387 -8.98301 -5.31564 -2.53712 -0.587462 2.46455 3.86188 4.60065 6.50511 7.1493 4.79045 0.998081 -0.663737 -0.437468 -3.13429 -7.77501 -9.1725 -8.87364
101.56 3.82174 6.72239 8.07351 3.61869 -6.8953 -10.6904 -9.02453 -5.90893 -3.43739 -1.3715 1.73576 3.19141 4.16998 6.51598 7.32895 5.11975 1.7266 0.219099 0.387393 -2.56208 -7.76017 -9.47363 -9.15652
101.61 4.61353 7.72253 8.98467 4.53697 -6.15185 -10.2969 -8.95174 -6.48271 -4.33189 -2.16816 1.03118 2.57 3.75002 6.46348 7.42375 5.39032 2.40177 1.04573 1.15633 -1.98371 -7.62778 -9.64112 -9.34607
101.66 5.31603 8.57972 9.72798 5.32306 -5.34968 -9.71299 -8.75135 -7.02316 -5.2401 -2.98734 0.346733 1.99433 3.33828 6.34314 7.43414 5.60928 3.03144 1.82327 1.8729 -1.39272 -7.35982 -9.65226 -9.42588
101.71 5.93555 9.30502 10.3072 5.95062 -4.43186 -8.8135 -8.42796 -7.62881 -6.2052 -3.84615 -0.324519 1.46178 2.93036 6.14495 7.34892 5.77265 3.625 2.57046 2.55823 -0.767056 -6.93485 -9.48714 -9.38582
101.76 6.46459 9.90172 10.7608 6.48687 -3.43197 -7.69142 -7.97156 -8.20738 -7.18058 -4.72442 -0.981097 0.975309 2.52838 5.8635 7.15227 5.85973 4.17512 3.2929 3.22084 -0.110047 -6.37519 -9.15831 -9.22334
101.81 6.9059 10.3854 11.1222 6.98357 -2.38072 -6.43601 -7.39774 -8.72035 -8.13078 -5.59304 -1.60787 0.543874 2.13757 5.50177 6.83848 5.85118 4.66812 3.98825 3.86244 0.561259 -5.72418 -8.69532 -8.9448
101.86 7.26476 10.7658 11.3955 7.4442 -1.30048 -5.09694 -6.73521 -9.04518 -8.98097 -6.46057 -2.19096 0.1507 1.75743 5.07672 6.42726 5.74842 5.0922 4.64059 4.46401 1.20498 -5.05525 -8.15755 -8.56984
101.91 7.54988 11.0548 11.5861 7.86629 -0.212127 -3.72331 -6.02846 -9.22944 -9.57 -7.21366 -2.79119 -0.244738 1.36975 4.60366 5.95113 5.57334 5.44625 5.2337 5.00484 1.78275 -4.43065 -7.60824 -8.13672
101.96 7.77218 11.2651 11.7034 8.25097 0.873097 -2.34217 -5.21852 -9.29714 -10.0159 -7.85708 -3.40114 -0.664843 0.957465 4.09342 5.43812 5.34893 5.73351 5.76245 5.49052 2.30351 -3.84477 -7.05795 -7.67273
102.01 7.93781 11.4062 11.7593 8.60416 1.95046 -0.958696 -4.33933 -9.27836 -10.3559 -8.37789 -3.99305 -1.12595 0.513694 3.56163 4.91643 5.09857 5.95648 6.21728 5.91623 2.76774 -3.29523 -6.51437 -7.19667
102.06 8.05544 11.4925 11.7707 8.92706 2.99872 0.400043 -3.39803 -9.1743 -10.6248 -8.77155 -4.54911 -1.63919 0.0414592 3.02309 4.40693 4.84004 6.11897 6.59265 6.27732 3.17662 -2.77434 -5.97684 -6.71925
102.11 8.13743 11.5394 11.7512 9.21315 3.98681 1.69679 -2.40573 -8.98126 -10.8507 -9.04967 -5.0432 -2.18188 -0.449322 2.4859 3.92077 4.58334 6.22325 6.88524 6.56955 3.53215 -2.27079 -5.43834 -6.24389
102.16 8.19537 11.5613 11.715 9.45664 4.88522 2.89636 -1.38644 -8.70398 -11.0502 -9.23162 -5.44461 -2.72671 -0.954795 1.95885 3.46652 4.33476 6.26879 7.09025 6.787 3.83567 -1.77099 -4.88624 -5.76724
102.21 8.23644 11.5723 11.68 9.65784 5.67251 3.97033 -0.383911 -8.30499 -11.0793 -9.31662 -5.86424 -3.30608 -1.44822 1.4814 3.07581 4.11884 6.2664 7.20716 6.92003 4.07897 -1.27622 -4.32092 -5.29012
102.26 8.29398 11.5458 11.5873 9.79304 6.38625 4.92041 0.547912 -7.7544 -10.8854 -9.32801 -6.33923 -3.94841 -1.94574 1.06348 2.75969 3.9436 6.21878 7.23657 6.96832 4.26749 -0.767806 -3.71986 -4.80072
102.31 8.33706 11.4409 11.417 9.87685 7.04575 5.76708 1.39728 -7.12869 -10.5285 -9.26136 -6.83496 -4.65277 -2.4748 0.677872 2.4962 3.78856 6.11415 7.1762 6.93583 4.4134 -0.22463 -3.05266 -4.27271
102.36 8.34395 11.2571 11.1844 9.91133 7.64264 6.53094 2.18051 -6.44641 -10.0505 -9.12732 -7.32893 -5.39817 -3.03724 0.306026 2.26372 3.63426 5.94879 7.03191 6.82831 4.51954 0.345145 -2.32131 -3.69393
102.41 8.30019 10.9982 10.902 9.90376 8.18176 7.21719 2.87982 -5.62895 -9.30163 -8.92882 -7.93632 -6.24314 -3.67375 -0.0874996 2.0323 3.45618 5.72308 6.8182 6.66239 4.59889 0.940085 -1.52422 -3.05091
102.46 8.1932 10.6571 10.5593 9.84089 8.66355 7.84866 3.53529 -4.67304 -8.28906 -8.61445 -8.57882 -7.17239 -4.39117 -0.531805 1.76407 3.22858 5.43915 6.5502 6.45133 4.65441 1.5325 -0.696527 -2.35268
102.51 8.00463 10.2174 10.134 9.70024 9.08261 8.44716 4.19989 -3.61621 -7.10613 -8.16195 -9.1608 -8.11772 -5.15993 -1.02899 1.44594 2.94299 5.10399 6.24016 6.20185 4.67991 2.08902 0.112452 -1.63351
102.56 7.71929 9.67137 9.61529 9.46923 9.42833 9.00774 4.88283 -2.46802 -5.78172 -7.56366 -9.64723 -9.03869 -5.9583 -1.57862 1.07228 2.59834 4.72576 5.89878 5.92024 4.67195 2.59114 0.871226 -0.924676
102.61 7.33132 9.02118 9.0026 9.14352 9.68408 9.50364 5.56166 -1.25524 -4.35124 -6.82308 -9.91255 -9.85433 -6.80644 -2.19691 0.651399 2.21667 4.32627 5.54424 5.61636 4.62789 3.02265 1.54851 -0.263636
102.66 6.84762 8.28061 8.30846 8.73333 9.8421 9.9101 6.20542 -0.0209972 -2.88064 -5.90534 -9.94396 -10.4587 -7.62265 -2.92927 0.145903 1.79276 3.91842 5.19194 5.30285 4.55425 3.38882 2.14284 0.332888
102.71 6.2832 7.46737 7.54876 8.25222 9.89857 10.213 6.80063 1.21986 -1.38842 -4.86565 -9.81261 -10.8774 -8.30454 -3.68874 -0.488523 1.2755 3.50692 4.84704 4.98567 4.45829 3.70634 2.6756 0.875399
102.76 5.65916 6.6035 6.74467 7.71775 9.85432 10.4025 7.33145 2.44231 0.0987839 -3.74608 -9.55038 -11.1495 -8.82272 -4.42199 -1.2257 0.679978 3.08067 4.50154 4.65966 4.33926 3.98657 3.16527 1.37628
102.81 4.99982 5.71429 5.92191 7.14973 9.713 10.47 7.7768 3.60892 1.5394 -2.5714 -9.16505 -11.2685 -9.16935 -5.11521 -2.04025 0.0285434 2.64133 4.15494 4.3241 4.19839 4.23903 3.62363 1.84089
102.86 4.32993 4.82676 5.1089 6.56781 9.47739 10.4059 8.11022 4.67602 2.88544 -1.38488 -8.57528 -11.1464 -9.36941 -5.81917 -2.91421 -0.64379 2.21513 3.82747 3.99653 4.05093 4.47939 4.05915 2.266
102.91 3.66661 3.96177 4.32958 5.98944 9.15718 10.2189 8.33373 5.6377 4.12527 -0.227085 -7.80586 -10.7768 -9.42957 -6.53231 -3.87219 -1.3804 1.77145 3.50599 3.67207 3.89782 4.71415 4.48794 2.67133
102.96 3.02317 3.13546 3.60206 5.42435 8.75391 9.90893 8.44182 6.49318 5.26843 0.892785 -6.90152 -10.1945 -9.34975 -7.22601 -4.89611 -2.20268 1.27381 3.16576 3.33403 3.72644 4.92587 4.90202 3.0681
103.01 2.40838 2.35572 2.93301 4.87113 8.26422 9.47331 8.42526 7.23873 6.32496 1.97704 -5.88472 -9.42751 -9.13323 -7.86804 -5.94572 -3.09745 0.712954 2.79552 2.9751 3.52719 5.0809 5.26694 3.4499
103.06 1.81691 1.61057 2.30454 4.31196 7.68744 8.92274 8.28899 7.8705 7.28203 2.99305 -4.71671 -8.32632 -8.74757 -8.5453 -7.05508 -4.07048 0.0868628 2.38485 2.59094 3.29104 5.13115 5.5291 3.80143
103.11 1.23843 0.879193 1.68611 3.72092 7.02394 8.26976 8.03775 8.37633 8.12566 3.94939 -3.4305 -6.9526 -8.1408 -9.12395 -8.14714 -5.07956 -0.591463 1.92905 2.18716 3.02203 5.04093 5.62431 4.06848
103.16 0.659975 0.1376 1.04563 3.07698 6.28517 7.53907 7.68829 8.74783 8.83719 4.84754 -2.08554 -5.42896 -7.33606 -9.52127 -9.12822 -6.04693 -1.2798 1.4496 1.7897 2.73876 4.80714 5.51546 4.18332
103.21 0.0607676 -0.64337 0.352261 2.36655 5.49138 6.76335 7.26596 8.98536 9.398 5.66687 -0.717714 -3.81702 -6.37613 -9.72456 -9.94634 -6.92403 -1.95411 0.96066 1.41409 2.45126 4.45233 5.21408 4.1113
103.26 -0.587467 -1.49678 -0.422735 1.5795 4.66297 5.97269 6.79434 9.09711 9.80263 6.3892 0.635711 -2.18045 -5.25936 -9.7043 -10.5882 -7.69299 -2.61592 0.45661 1.05283 2.15465 4.00958 4.76805 3.86781
103.31 -1.32248 -2.45934 -1.30688 0.706079 3.81878 5.19321 6.29114 9.09064 10.0514 7.00117 1.94222 -0.566851 -4.02216 -9.44015 -11.0013 -8.32449 -3.27539 -0.0852181 0.683687 1.83858 3.51193 4.23298 3.49388
103.36 -2.19179 -3.56896 -2.3271 -0.265041 2.9784 4.45073 5.77182 8.9726 10.1481 7.49647 3.17903 0.995343 -2.74129 -8.95199 -11.1281 -8.77716 -3.93345 -0.684912 0.286938 1.4949 2.98185 3.64876 3.02773
103.41 -3.10013 -4.7953 -3.55368 -1.38124 2.14427 3.76363 5.25255 8.75373 10.1012 7.87288 4.3263 2.47834 -1.45048 -8.25612 -10.9601 -9.03394 -4.59101 -1.35943 -0.153423 1.12164 2.41208 3.00014 2.48178
103.46 -3.81617 -5.7962 -4.73262 -2.59334 1.21773 3.0886 4.72241 8.43321 9.90814 8.11028 5.34212 3.82897 -0.21921 -7.42725 -10.5391 -9.07659 -5.20173 -2.07738 -0.621953 0.709779 1.79586 2.29979 1.86437
103.51 -4.49409 -6.62025 -5.69763 -3.72489 0.247177 2.40709 4.16269 7.99721 9.56071 8.19705 6.21595 5.04592 0.936372 -6.50691 -9.91072 -8.9178 -5.72847 -2.80131 -1.11153 0.251158 1.1267 1.55084 1.18444
103.56 -5.1424 -7.38408 -6.53988 -4.66732 -0.636935 1.70519 3.55395 7.43457 9.05409 8.12248 6.94024 6.13668 2.01395 -5.52808 -9.116 -8.57158 -6.13075 -3.48615 -1.61217 -0.250339 0.411832 0.75645 0.449678
103.61 -5.7079 -8.13107 -7.29648 -5.36382 -1.36785 0.961356 2.88434 6.7545 8.40692 7.89411 7.50713 7.08927 2.99502 -4.53661 -8.20502 -8.06138 -6.36959 -4.0755 -2.10224 -0.78218 -0.330773 -0.0658693 -0.32253
103.66 -6.06373 -8.70491 -7.82806 -5.86285 -2.06402 0.16257 2.17917 6.01303 7.68402 7.56086 7.92359 7.87495 3.83943 -3.60081 -7.25534 -7.43303 -6.43581 -4.53072 -2.5485 -1.31235 -1.06595 -0.884773 -1.10563
103.71 -6.25643 -9.04986 -8.13239 -6.18665 -2.75245 -0.693169 1.43562 5.23554 6.92688 7.16363 8.20881 8.49245 4.54223 -2.70316 -6.24457 -6.70243 -6.40081 -4.90971 -2.95979 -1.82205 -1.75973 -1.66527 -1.87068
103.76 -6.3793 -9.10764 -8.14544 -6.3465 -3.47785 -1.62541 0.640366 4.43592 6.16127 6.72864 8.37825 8.95187 5.12355 -1.82309 -5.17441 -5.87312 -6.27947 -5.24284 -3.35322 -2.3137 -2.39872 -2.38607 -2.59568
103.81 -6.3838 -8.8652 -7.87796 -6.37856 -4.25416 -2.63605 -0.196888 3.63728 5.41104 6.27555 8.44616 9.26842 5.61137 -0.950713 -4.06944 -4.99194 -6.08781 -5.51271 -3.72041 -2.78357 -2.97754 -3.03671 -3.26763
103.86 -6.24505 -8.38641 -7.38965 -6.29159 -5.072 -3.73317 -1.06874 2.85624 4.68967 5.81259 8.41904 9.45147 6.02268 -0.0679465 -2.92472 -4.0723 -5.84008 -5.72119 -4.05647 -3.22885 -3.49958 -3.61751 -3.88198
103.91 -5.95429 -7.70251 -6.70686 -6.0989 -5.88686 -4.8492 -1.95551 2.09231 4.00257 5.34255 8.29621 9.49968 6.35873 0.831459 -1.7363 -3.11722 -5.54604 -5.87183 -4.34979 -3.63913 -3.96915 -4.13489 -4.4392
103.96 -5.52609 -6.85659 -5.87238 -5.8205 -6.58673 -5.86036 -2.83227 1.33519 3.35257 4.86702 8.07267 9.4023 6.60416 1.73215 -0.519799 -2.14246 -5.2113 -5.95902 -4.58389 -4.00444 -4.39718 -4.60187 -4.94269
104.01 -4.9468 -5.84464 -4.869 -5.40672 -7.21596 -6.85579 -3.71187 0.613206 2.76147 4.3976 7.75208 9.15937 6.75263 2.62331 0.715412 -1.15223 -4.8199 -5.95844 -4.73425 -4.31707 -4.80533 -5.04288 -5.40455
104.06 -4.21178 -4.6666 -3.69197 -4.8387 -7.77236 -7.86816 -4.6161 -0.0725281 2.23325 3.93566 7.33671 8.77376 6.79422 3.48074 1.94508 -0.156438 -4.34496 -5.82798 -4.76123 -4.56314 -5.2182 -5.48791 -5.84152
104.11 -3.36107 -3.36953 -2.38657 -4.13573 -8.10301 -8.72924 -5.56542 -0.789635 1.74371 3.47566 6.83814 8.26167 6.71964 4.25831 3.1062 0.798296 -3.78598 -5.54073 -4.63027 -4.72866 -5.65711 -5.96306 -6.26716
104.16 -2.41048 -1.97372 -0.976527 -3.32908 -8.28298 -9.34094 -6.46579 -1.58942 1.25135 2.99145 6.26168 7.64813 6.53898 4.92969 4.15086 1.6799 -3.13795 -5.07288 -4.31376 -4.80002 -6.13184 -6.48566 -6.69659
104.21 -1.37504 -0.492636 0.533335 -2.40283 -8.35043 -9.80051 -7.29724 -2.4302 0.719008 2.45467 5.61346 6.96124 6.27113 5.48368 5.05351 2.47888 -2.39772 -4.4168 -3.79965 -4.75433 -6.61806 -7.04767 -7.13803
104.26 -0.293012 1.03192 2.10586 -1.36503 -8.33665 -10.1806 -7.96545 -3.20959 0.0953852 1.83223 4.8978 6.22433 5.93179 5.91043 5.79505 3.18411 -1.59075 -3.60651 -3.11291 -4.57693 -7.06863 -7.61787 -7.58511
104.31 0.787513 2.54941 3.70128 -0.209874 -8.21646 -10.4787 -8.46951 -3.94103 -0.629629 1.128 4.13723 5.46503 5.54013 6.21306 6.37549 3.79217 -0.753938 -2.69946 -2.30962 -4.24897 -7.42808 -8.17347 -8.02777
104.36 1.81987 4.00931 5.28119 1.0608 -7.97791 -10.7059 -8.80448 -4.6107 -1.4591 0.355758 3.3567 4.70753 5.11418 6.40351 6.8081 4.3054 0.0769287 -1.75327 -1.44925 -3.77741 -7.66062 -8.68798 -8.45006
104.41 2.78926 5.36147 6.73696 2.34416 -7.59133 -10.8396 -8.97214 -5.21781 -2.38191 -0.457324 2.58463 3.97474 4.67131 6.49739 7.1113 4.73026 0.874995 -0.811357 -0.575387 -3.22628 -7.76842 -9.11395 -8.82067
104.46 3.68641 6.54774 7.90856 3.45647 -7.0058 -10.731 -9.02367 -5.81567 -3.2964 -1.24636 1.85078 3.29545 4.23818 6.51845 7.30613 5.07139 1.61369 0.0815154 0.258995 -2.65396 -7.7697 -9.43349 -9.11697
104.51 4.4926 7.57204 8.85089 4.3995 -6.27618 -10.3747 -8.97257 -6.39244 -4.1869 -2.03847 1.14293 2.66669 3.81692 6.47635 7.41406 5.35033 2.29658 0.916534 1.03653 -2.0773 -7.65793 -9.62441 -9.32271
104.56 5.2093 8.45122 9.6183 5.20422 -5.48098 -9.81685 -8.79126 -6.9395 -5.09458 -2.85521 0.454909 2.0834 3.40363 6.36719 7.43849 5.57781 2.93335 1.70155 1.76131 -1.48847 -7.41211 -9.66142 -9.42095
104.61 5.84222 9.19771 10.2241 5.85839 -4.58652 -8.97723 -8.48916 -7.53095 -6.04787 -3.70585 -0.217309 1.54445 2.99565 6.18238 7.36977 5.75093 3.53229 2.45215 2.44976 -0.870087 -7.01327 -9.5254 -9.4006
104.66 6.3858 9.81394 10.6947 6.40416 -3.59613 -7.88163 -8.0532 -8.1188 -7.02545 -4.58381 -0.87756 1.04976 2.59217 5.9142 7.19173 5.85181 4.09033 3.1787 3.11598 -0.216851 -6.47225 -9.22092 -9.25749
104.71 6.84082 10.3148 11.0697 6.90555 -2.55254 -6.64477 -7.49717 -8.64397 -7.98077 -5.45435 -1.50941 0.609272 2.19945 5.56488 6.89647 5.85942 4.59342 3.87877 3.76097 0.453386 -5.83288 -8.77722 -8.99691
104.76 7.21254 10.7113 11.3573 7.37282 -1.47468 -5.31508 -6.84312 -9.00459 -8.8653 -6.32811 -2.09658 0.213446 1.8185 5.14841 6.49833 5.77036 5.02898 4.53982 4.37174 1.10625 -5.15967 -8.24514 -8.63486
104.81 7.50855 11.0138 11.5606 7.80122 -0.386416 -3.94397 -6.15045 -9.20921 -9.486 -7.09978 -2.69344 -0.180174 1.43329 4.68246 6.03083 5.60541 5.39397 5.14257 4.92168 1.69392 -4.52825 -7.69675 -8.20892
104.86 7.74054 11.2363 11.689 8.19141 0.699096 -2.56444 -5.35344 -9.29244 -9.95276 -7.76209 -3.30396 -0.595053 1.02567 4.17716 5.5217 5.38725 5.69183 5.68236 5.41647 2.22377 -3.93616 -7.14583 -7.74838
104.91 7.91476 11.3876 11.7538 8.54944 1.77883 -1.17991 -4.48476 -9.28703 -10.307 -8.30291 -3.90023 -1.04872 0.587009 3.64778 4.99977 5.13968 5.92488 6.14954 5.85215 2.69702 -3.3812 -6.60104 -7.27332
104.96 8.0394 11.4817 11.7711 8.8773 2.83359 0.185103 -3.55299 -9.1971 -10.5856 -8.71718 -4.46275 -1.55303 0.118678 3.1094 4.48724 4.88154 6.09681 6.53789 6.22387 3.11464 -2.85643 -6.06289 -6.79571
105.01 8.1261 11.534 11.756 9.17019 3.83376 1.49456 -2.56745 -9.01784 -10.8159 -9.01135 -4.97109 -2.09617 -0.369426 2.57211 3.99711 4.62428 6.2105 6.84405 6.52752 3.47865 -2.35087 -5.52515 -6.32002
105.06 8.18738 11.5589 11.7212 9.42031 4.74786 2.71138 -1.55066 -8.75421 -11.0217 -9.20899 -5.3847 -2.63773 -0.873186 2.04165 3.5365 4.37362 6.26538 7.06344 6.75743 3.79045 -1.85149 -4.97636 -5.84411
105.11 8.23073 11.5707 11.6847 9.62815 5.55428 3.80752 -0.540904 -8.38313 -11.0914 -9.30727 -5.79213 -3.20962 -1.3701 1.55329 3.133 4.1503 6.2695 7.19419 6.90452 4.04408 -1.35556 -4.41284 -5.36672
105.16 8.28472 11.5555 11.6086 9.77531 6.27477 4.77529 0.404151 -7.84883 -10.9292 -9.33178 -6.26081 -3.84063 -1.86404 1.12771 2.80626 3.96979 6.23001 7.23789 6.96608 4.24027 -0.851554 -3.8203 -4.88122
105.21 8.33224 11.4631 11.4486 9.86654 6.94404 5.63737 1.266 -7.2332 -10.5949 -9.27696 -6.7552 -4.53655 -2.38764 0.738427 2.53584 3.81291 6.13505 7.19181 6.94631 4.39269 -0.31403 -3.16439 -4.36071
105.26 8.34594 11.2922 11.226 9.90941 7.55104 6.41299 2.05836 -6.55966 -10.1346 -9.15312 -7.25028 -5.27643 -2.94478 0.365345 2.29979 3.65969 5.9793 7.06018 6.85017 4.5051 0.252765 -2.44213 -3.79017
105.31 8.31107 11.0447 10.9505 9.90781 8.09896 7.1119 2.77308 -5.772 -9.44511 -8.96756 -7.8311 -6.09875 -3.56478 -0.0209216 2.07138 3.48775 5.7634 6.8565 6.69218 4.58745 0.843402 -1.65599 -3.1587
105.36 8.21543 10.7182 10.6195 9.8558 8.59024 7.74968 3.43013 -4.8336 -8.46415 -8.67397 -8.47877 -7.02118 -4.27212 -0.457003 1.81024 3.26888 5.48835 6.59633 6.48796 4.64743 1.43927 -0.829028 -2.46697
105.41 8.04113 10.2951 10.2085 9.72867 9.01995 8.35329 4.09191 -3.79231 -7.30625 -8.24442 -9.0731 -7.96662 -5.03398 -0.945647 1.50065 2.99287 5.16092 6.2923 6.2442 4.67797 2.00298 -0.0146604 -1.74895
105.46 7.77204 9.76627 9.70505 9.51269 9.37834 8.92102 4.77232 -2.65795 -6.00285 -7.66958 -9.57699 -8.89448 -5.82937 -1.48705 1.13601 2.65742 4.78895 5.95525 5.96737 4.67562 2.51481 0.753889 -1.0365
105.51 7.40039 9.13216 9.10699 9.20208 9.64979 9.42978 5.45441 -1.45268 -4.58597 -6.94918 -9.8856 -9.74068 -6.67047 -2.09054 0.722812 2.27969 4.39081 5.60111 5.66603 4.63731 2.9585 1.4463 -0.364917
105.56 6.93117 8.40488 8.42477 8.80435 9.82354 9.85155 6.10509 -0.219874 -3.11845 -6.06292 -9.95151 -10.375 -7.49906 -2.8077 0.235319 1.86634 3.98407 5.24796 5.35342 4.56766 3.33371 2.05217 0.24115
105.61 6.37843 7.60195 7.67433 8.33356 9.89638 10.1718 6.70893 1.02107 -1.62856 -5.03851 -9.84291 -10.8211 -8.20588 -3.56754 -0.379027 1.36424 3.57369 4.90221 5.03701 4.4752 3.65816 2.59344 0.791452
105.66 5.76236 6.74456 6.87572 7.80633 9.86805 10.38 7.25132 2.24873 -0.138019 -3.93029 -9.60086 -11.1141 -8.75098 -4.30797 -1.10175 0.780075 3.15031 4.55728 4.71278 4.35999 3.94375 3.089 1.29833
105.71 5.10696 5.85758 6.05405 7.24234 9.74215 10.4679 7.71233 3.42748 1.31351 -2.76201 -9.23521 -11.2657 -9.12662 -5.00334 -1.90491 0.135032 2.71144 4.20973 4.37787 4.22189 4.19982 3.55201 1.76914
105.76 4.43739 4.96817 5.23769 6.66137 9.5211 10.4246 8.06415 4.51189 2.67663 -1.57403 -8.68397 -11.1833 -9.34637 -5.70522 -2.7687 -0.53293 2.28336 3.87886 4.04843 4.07472 4.44107 3.98995 2.19968
105.81 3.77205 4.09835 4.45156 6.08152 9.21411 10.257 8.30532 5.49043 3.93313 -0.410333 -7.93923 -10.8515 -9.42948 -6.41834 -3.71313 -1.25649 1.84563 3.5583 3.72467 3.92327 4.67733 4.41957 2.60694
105.86 3.12465 3.26501 3.71488 5.51407 8.82437 9.96712 8.43266 6.36314 5.09094 0.715506 -7.05474 -10.301 -9.37181 -7.11746 -4.72905 -2.0653 1.35795 3.22225 3.38965 3.75568 4.89472 4.83772 3.00508
105.91 2.50498 2.47777 3.03668 4.95956 8.34874 9.55155 8.43644 7.12666 6.16112 1.8054 -6.05475 -9.56233 -9.17723 -7.76964 -5.77712 -2.95036 0.806606 2.85706 3.03406 3.56118 5.06151 5.21373 3.39038
105.96 1.91078 1.72876 2.40399 4.40325 7.78595 9.01835 8.31872 7.77721 7.13581 2.83486 -4.91454 -8.52692 -8.82443 -8.43839 -6.87446 -3.90924 0.192118 2.4542 2.6545 3.33162 5.13207 5.49674 3.74878
106.01 1.3308 0.996531 1.78598 3.81888 7.13596 8.38061 8.08531 8.30407 7.99853 3.79932 -3.64183 -7.18483 -8.25245 -9.04283 -7.97794 -4.91908 -0.481165 2.0043 2.25216 3.06659 5.06535 5.62237 4.03433
106.06 0.753591 0.25849 1.15126 3.18456 6.40802 7.66022 7.74993 8.69731 8.73275 4.70811 -2.30375 -5.68073 -7.47685 -9.47056 -8.98069 -5.8968 -1.16994 1.52731 1.85215 2.78458 4.85364 5.5468 4.17721
106.11 0.159352 -0.514131 0.46822 2.4854 5.62157 6.88957 7.33764 8.95603 9.31857 5.5415 -0.937363 -4.07935 -6.53866 -9.70523 -9.82796 -6.79112 -1.84747 1.03957 1.47281 2.49764 4.51601 5.27364 4.13532
106.16 -0.478647 -1.35336 -0.291554 1.71153 4.79756 6.09952 6.87252 9.08719 9.74808 6.28036 0.421116 -2.44196 -5.45038 -9.72509 -10.4977 -7.57706 -2.50966 0.53957 1.11087 2.20344 4.08524 4.84706 3.91683
106.21 -1.19684 -2.29599 -1.15661 0.852412 3.95447 5.31646 6.37339 9.0994 10.0219 6.91073 1.73671 -0.823082 -4.22472 -9.49793 -10.9536 -8.23468 -3.16995 0.00495868 0.744157 1.89084 3.59429 4.32287 3.56094
106.26 -2.04113 -3.37945 -2.15287 -0.101761 3.1124 4.56649 5.85568 8.99872 10.1425 7.42483 2.98596 0.749199 -2.9485 -9.04517 -11.1279 -8.71737 -3.82763 -0.583832 0.353319 1.55215 3.06916 3.7458 3.10774
106.31 -2.97616 -4.61122 -3.3398 -1.18483 2.28125 3.87054 5.33494 8.79466 10.1179 7.8211 4.15005 2.24816 -1.65527 -8.37881 -11.0056 -9.00715 -4.48735 -1.247 -0.0800917 1.18356 2.50608 3.10855 2.57476
106.36 -3.70517 -5.651 -4.56015 -2.40138 1.3727 3.19742 4.8092 8.49214 9.94931 8.08202 5.18859 3.62165 -0.411595 -7.56715 -10.6217 -9.08381 -5.10855 -1.9609 -0.545409 0.77898 1.8984 2.4153 1.96775
106.41 -4.38665 -6.4948 -5.55328 -3.55308 0.400393 2.51719 4.25522 8.0755 9.62718 8.19376 6.08548 4.85908 0.755932 -6.65955 -10.0239 -8.95632 -5.6513 -2.68652 -1.03182 0.327829 1.23746 1.67437 1.29757
106.46 -5.04233 -7.26278 -6.40999 -4.53224 -0.505218 1.82025 3.65574 7.53342 9.14575 8.14536 6.83449 5.97043 1.84687 -5.68735 -9.25289 -8.63917 -6.07634 -3.38111 -1.532 -0.167538 0.528947 0.886405 0.570688
106.51 -5.62355 -8.01282 -7.19153 -5.27072 -1.25632 1.08501 2.99578 6.86997 8.51815 7.93961 7.4268 6.94698 2.84577 -4.69348 -8.3557 -8.15254 -6.34394 -3.99028 -2.02572 -0.695697 -0.210851 0.0668913 -0.197079
106.56 -6.02301 -8.627 -7.75727 -5.79527 -1.95299 0.29402 2.29402 6.1344 7.80284 7.6193 7.86595 7.76022 3.71338 -3.74673 -7.40894 -7.53985 -6.43464 -4.46578 -2.48053 -1.22882 -0.950204 -0.755151 -0.980466
106.61 -6.23167 -9.00957 -8.09837 -6.14541 -2.64238 -0.55154 1.55843 5.36253 7.04984 7.23071 8.17135 8.40447 4.43857 -2.84609 -6.41223 -6.82819 -6.41249 -4.85094 -2.89453 -1.74126 -1.65183 -1.5437 -1.7502
106.66 -6.36635 -9.12166 -8.16598 -6.3309 -3.35691 -1.47023 0.771101 4.56461 6.28347 6.79993 8.35814 8.88812 5.03719 -1.96327 -5.34855 -6.0106 -6.30407 -5.19333 -3.2919 -2.23654 -2.30045 -2.27506 -2.48268
106.71 -6.39233 -8.92101 -7.93644 -6.38129 -4.12714 -2.46864 -0.0600472 3.76471 5.52984 6.34911 8.44177 9.22677 5.53858 -1.0909 -4.24904 -5.13586 -6.12281 -5.47398 -3.66349 -2.70964 -2.88855 -2.93711 -3.16367
106.76 -6.2779 -8.47835 -7.48275 -6.31461 -4.93726 -3.55021 -0.926843 2.97962 4.80292 5.88728 8.42967 9.43091 5.96143 -0.210952 -3.11158 -4.22258 -5.8832 -5.69162 -4.00507 -3.15951 -3.41957 -3.52886 -3.78731
106.81 -6.00997 -7.82338 -6.82628 -6.13356 -5.76556 -4.68087 -1.81419 2.21561 4.11112 5.41876 8.32281 9.50173 6.3108 0.686943 -1.92898 -3.2719 -5.59581 -5.85164 -4.30635 -3.57626 -3.89714 -4.05583 -4.35366
106.86 -5.60473 -7.00347 -6.01754 -5.87383 -6.48008 -5.7006 -2.69176 1.45468 3.45326 4.94312 8.11516 9.42776 6.5711 1.58784 -0.716633 -2.30005 -5.26824 -5.95009 -4.5512 -3.94918 -4.33054 -4.52948 -4.86514
106.91 -5.05043 -6.01852 -5.04193 -5.48329 -7.1189 -6.69546 -3.57008 0.726326 2.85198 4.47235 7.81 9.20812 6.73573 2.48178 0.516718 -1.3119 -4.88761 -5.96607 -4.71729 -4.271 -4.74021 -4.9727 -5.33262
106.96 -4.33899 -4.86547 -3.8916 -4.94117 -7.69775 -7.70515 -4.46452 0.0361065 2.31384 4.009 7.40917 8.84469 6.79521 3.34715 1.75026 -0.315211 -4.42734 -5.85923 -4.76697 -4.5289 -5.15079 -5.41513 -5.77251
107.01 -3.50441 -3.58441 -2.6031 -4.25539 -8.06181 -8.61065 -5.41635 -0.668907 1.82173 3.5505 6.92358 8.35145 6.73927 4.14041 2.927 0.649759 -3.88123 -5.59826 -4.66307 -4.70799 -5.58425 -5.88392 -6.19906
107.06 -2.56951 -2.20426 -1.21013 -3.4665 -8.26266 -9.25555 -6.32424 -1.45583 1.33169 3.07171 6.35908 7.75218 6.57428 4.82953 3.99214 1.5437 -3.24845 -5.16098 -4.378 -4.79589 -6.05389 -6.39863 -6.62695
107.11 -1.5456 -0.734617 0.285596 -2.55915 -8.3446 -9.73155 -7.17472 -2.30067 0.810074 2.54639 5.72247 7.07554 6.31939 5.40325 4.91928 2.35684 -2.52179 -4.53365 -3.89478 -4.77036 -6.54117 -6.95601 -7.06656
107.16 -0.46785 0.786328 1.85083 -1.53948 -8.34564 -10.1256 -7.86907 -3.08741 0.202023 1.9378 5.01626 6.34476 5.99027 5.85054 5.6871 3.07745 -1.72334 -3.74483 -3.23293 -4.6144 -7.00077 -7.52747 -7.51365
107.21 0.616184 2.3084 3.44523 -0.403356 -8.24368 -10.4359 -8.40005 -3.82757 -0.506229 1.24604 4.26126 5.5873 5.60568 6.17237 6.29272 3.70113 -0.88854 -2.84874 -2.44329 -4.31347 -7.37914 -8.08532 -7.95719
107.26 1.65922 3.78086 5.03 0.849388 -8.02431 -10.6741 -8.76193 -4.50767 -1.31923 0.483338 3.48218 4.82805 5.18417 6.3799 6.74787 4.22913 -0.0548845 -1.90596 -1.58949 -3.85984 -7.63184 -8.61059 -8.38512
107.31 2.63677 5.15438 6.52315 2.15005 -7.66668 -10.8292 -8.95716 -5.12374 -2.22875 -0.326068 2.70644 4.08949 4.74257 6.48801 7.07056 4.66784 0.750241 -0.960391 -0.714462 -3.31786 -7.75918 -9.05271 -8.76577
107.36 3.54867 6.36893 7.73776 3.28978 -7.11291 -10.765 -9.01973 -5.72208 -3.15559 -1.12161 1.96647 3.40077 4.30665 6.51929 7.28113 5.02151 1.4994 -0.0575132 0.129176 -2.74567 -7.77625 -9.39002 -9.07511
107.41 4.3693 7.41774 8.71257 4.25846 -6.39886 -10.4474 -8.99015 -6.3013 -4.04232 -1.90942 1.25518 2.76453 3.88398 6.48748 7.40222 5.30903 2.19021 0.786057 0.915376 -2.17056 -7.68457 -9.6037 -9.29658
107.46 5.10027 8.31931 9.50511 5.08276 -5.61143 -9.91724 -8.82849 -6.85466 -4.94886 -2.72322 0.563789 2.17378 3.46929 6.3894 7.44047 5.54488 2.83414 1.57871 1.64846 -1.58384 -7.46085 -9.66639 -9.41298
107.51 5.74647 9.08697 10.1376 5.76372 -4.73914 -9.13531 -8.54693 -7.43218 -5.89075 -3.56611 -0.109792 1.62826 3.06107 6.21767 7.38778 5.72733 3.43851 2.3332 2.34067 -0.972254 -7.08807 -9.55934 -9.4122
107.56 6.3047 9.72317 10.6261 6.32035 -3.75896 -8.06833 -8.13184 -8.02861 -6.86972 -4.44297 -0.773247 1.12564 2.65625 5.9628 7.22814 5.84146 4.00413 3.06383 3.01059 -0.323194 -6.56676 -9.27993 -9.2886
107.61 6.77355 10.2416 11.0151 6.82691 -2.72326 -6.85101 -7.59386 -8.56428 -7.82976 -5.31595 -1.41032 0.676143 2.26169 5.62618 6.95167 5.86504 4.51695 3.7684 3.65885 0.345392 -5.94029 -8.85648 -9.04628
107.66 7.15833 10.6543 11.317 7.30044 -1.64862 -5.53222 -6.95095 -8.96068 -8.74101 -6.19188 -2.00299 0.276102 1.87939 5.21882 6.56763 5.79034 4.96392 4.43749 4.27777 1.00563 -5.26545 -8.33255 -8.69829
107.71 7.46557 10.9708 11.5331 7.73511 -0.56085 -4.16454 -6.26957 -9.18579 -9.39806 -6.98303 -2.5961 -0.116231 1.49618 4.76021 6.10942 5.6361 5.33996 5.04983 4.83712 1.60362 -4.62686 -7.78523 -8.28026
107.76 7.70739 11.2057 11.673 8.13101 0.524965 -2.78656 -5.4867 -9.28559 -9.88658 -7.66382 -3.20637 -0.526283 1.09304 4.26027 5.60495 5.42482 5.64846 5.60039 5.3409 2.14257 -4.02852 -7.23391 -7.82368
107.81 7.8904 11.3676 11.7469 8.49394 1.60655 -1.40163 -4.62864 -9.29359 -10.2561 -8.22458 -3.80648 -0.972811 0.659521 3.73369 5.08336 5.18052 5.89169 6.07976 5.78642 2.62487 -3.46795 -6.68789 -7.34993
107.86 8.02233 11.4698 11.7707 8.8267 2.66708 -0.0312614 -3.70657 -9.21756 -10.5449 -8.65942 -4.3753 -1.46838 0.195422 3.1958 4.56816 4.92309 6.07317 6.481 6.16868 3.05129 -2.93899 -6.14894 -6.87224
107.91 8.11408 11.5278 11.7602 9.12614 3.67846 1.28989 -2.72839 -9.05231 -10.7805 -8.97046 -4.89638 -2.0104 -0.289943 2.65845 4.07417 4.66536 6.19622 6.80063 6.48359 3.42381 -2.43111 -5.61168 -6.39616
107.96 8.17892 11.5561 11.7272 9.38289 4.60775 2.52336 -1.71492 -8.80235 -10.9908 -9.18387 -5.32383 -2.54945 -0.791592 2.12532 3.60774 4.41298 6.26051 7.03428 6.72574 3.74384 -1.93188 -5.06588 -5.92081
108.01 8.22471 11.5691 11.6899 9.59762 5.43299 3.64101 -0.699818 -8.45642 -11.0968 -9.29612 -5.72192 -3.1151 -1.29213 1.62684 3.19222 4.18291 6.27149 7.17899 6.88683 4.00777 -1.43458 -4.50392 -5.44312
108.06 8.27503 11.563 11.6276 9.75629 6.16194 4.62737 0.258078 -7.94106 -10.9683 -9.33348 -6.18316 -3.73468 -1.78323 1.19283 2.85427 3.99659 6.23979 7.23688 6.96175 4.21195 -0.934371 -3.91905 -4.96081
108.11 8.32651 11.483 11.4785 9.8549 6.84073 5.50541 1.13286 -7.33612 -10.6578 -9.29075 -6.67549 -4.4215 -2.3014 0.79936 2.57636 3.83735 6.15437 7.2052 6.95481 4.37095 -0.402653 -3.27438 -4.44739
108.16 8.3466 11.325 11.2659 9.90597 7.45782 6.29337 1.93495 -6.67138 -10.2158 -9.17729 -7.17142 -5.15552 -2.85324 0.424675 2.33619 3.68476 6.00831 7.08658 6.87035 4.48968 0.160617 -2.56178 -3.88516
108.21 8.32037 11.0891 10.9974 9.91041 8.01463 7.00505 2.66499 -5.91135 -9.58151 -9.00321 -7.72677 -5.95689 -3.4579 0.0444204 2.10944 3.51802 5.80217 6.89333 6.72078 4.57541 0.746794 -1.78677 -3.26496
108.26 8.23557 10.7767 10.6775 9.86867 8.51532 7.64984 3.32512 -4.99136 -8.63446 -8.72987 -8.37737 -6.87062 -4.15455 -0.383631 1.8551 3.30765 5.53618 6.64133 6.52358 4.63969 1.34522 -0.961849 -2.58056
108.31 8.07511 10.3699 10.2804 9.75471 8.95541 8.25849 3.98443 -3.96588 -7.5024 -8.32301 -8.98308 -7.81514 -4.90897 -0.863722 1.55389 3.04116 5.21667 6.34357 6.28569 4.6752 1.9156 -0.142956 -1.86452
108.36 7.82205 9.85835 9.79224 9.55361 9.3261 8.83288 4.66203 -2.84574 -6.22071 -7.77167 -9.50359 -8.74866 -5.70062 -1.3968 1.19826 2.71507 4.85122 6.01112 6.01378 4.67836 2.4368 0.634757 -1.14919
108.41 7.46685 9.24062 9.20907 9.25823 9.61283 9.35357 5.34634 -1.64924 -4.81902 -7.07287 -9.85362 -9.61863 -6.53293 -1.98755 0.79231 2.34191 4.45522 5.65806 5.71542 4.64585 2.89242 1.34158 -0.468158
108.46 7.01248 8.52711 8.53919 8.87337 9.8023 9.79039 6.00366 -0.418304 -3.35534 -6.21738 -9.95496 -10.2863 -7.37198 -2.68615 0.320627 1.93646 4.05 5.30438 5.40403 4.58055 3.27732 1.9598 0.147929
108.51 6.47197 7.73505 7.79857 8.41335 9.89149 10.1277 6.61564 0.822016 -1.86856 -5.20921 -9.86982 -10.7611 -8.10311 -3.44584 -0.272226 1.45096 3.64009 4.95739 5.08813 4.49151 3.60898 2.51012 0.7064
108.56 5.86449 6.88479 7.00609 7.89389 9.8792 10.3544 7.16913 2.05397 -0.375709 -4.11286 -9.64818 -11.0758 -8.67494 -4.19236 -0.97983 0.87852 3.21945 4.61287 4.76557 4.38009 3.90015 3.01193 1.2195
108.61 5.21371 6.00077 6.18628 7.33446 9.76877 10.4623 7.64499 3.24358 1.08538 -2.95198 -9.30182 -11.2572 -9.07881 -4.89158 -1.77119 0.24089 2.78181 4.26494 4.43177 4.24515 4.16021 3.47974 1.69632
108.66 4.5449 5.11004 5.36721 6.75491 9.56257 10.4402 8.01526 4.34506 2.46507 -1.76388 -8.7879 -11.2135 -9.31977 -5.59169 -2.62549 -0.423641 2.35133 3.93053 4.1005 4.09844 4.40268 3.9206 2.1328
108.71 3.87791 4.23584 4.57477 6.17388 9.26886 10.292 8.27397 5.34043 3.73846 -0.594568 -8.069 -10.9205 -9.42585 -6.30403 -3.55597 -1.13485 1.91847 3.6102 3.77696 3.9483 4.64007 4.35097 2.54235
108.76 3.22683 3.39573 3.82919 5.60409 8.89255 10.022 8.42027 6.23029 4.91123 0.537318 -7.20497 -10.4026 -9.39041 -7.00772 -4.56283 -1.92991 1.44041 3.27796 3.44471 3.7842 4.86229 4.77239 2.94177
108.81 2.60234 2.60092 3.14165 5.04799 8.43094 9.62659 8.44433 7.01162 5.99504 1.63283 -6.22229 -9.69276 -9.21772 -7.66942 -5.60857 -2.8042 0.899238 2.91771 3.09248 3.59439 5.03977 5.15816 3.33006
108.86 2.00502 1.84739 2.50382 4.49377 7.88211 9.11114 8.34533 7.68067 6.98682 2.67535 -5.10945 -8.72106 -8.89552 -8.32832 -6.69331 -3.74904 0.295925 2.52231 2.71744 3.37131 5.12944 5.46027 3.69422
108.91 1.42324 1.1137 1.88538 3.91549 7.24589 8.48926 8.13017 8.22832 7.86808 3.64789 -3.85164 -7.41325 -8.35889 -8.95694 -7.80596 -4.75761 -0.371149 2.07891 2.31726 3.11076 5.086 5.61515 3.99645
108.96 0.846753 0.37846 1.25558 3.29041 6.52931 7.78003 7.80955 8.64327 8.62445 4.56675 -2.52133 -5.93021 -7.61353 -9.41479 -8.82906 -5.74442 -1.0597 1.60483 1.9152 2.83034 4.89688 5.57297 4.16621
109.01 0.256821 -0.386597 0.582203 2.60232 5.75078 7.01527 7.40791 8.92335 9.23502 5.41367 -1.15721 -4.34069 -6.69829 -9.68082 -9.70439 -6.65498 -1.74017 1.11831 1.53211 2.54392 4.57735 5.32926 4.15473
109.06 -0.371901 -1.21263 -0.163138 1.8413 4.93161 6.22647 6.94979 9.07416 9.68948 6.1687 0.205372 -2.70404 -5.63805 -9.73945 -10.4015 -7.45773 -2.40334 0.621622 1.16878 2.25176 4.15939 4.92361 3.96233
109.11 -1.07447 -2.1363 -1.00976 0.996264 4.09015 5.44054 6.45512 9.10522 9.9884 6.81726 1.52942 -1.08062 -4.42603 -9.54987 -10.8987 -8.14033 -3.06443 0.0937678 0.804036 1.94246 3.67583 4.41146 3.62554
109.16 -1.89504 -3.19453 -1.98289 0.0584805 3.24676 4.68361 5.93936 9.02208 10.1331 7.35015 2.79072 0.50117 -3.15516 -9.13268 -11.12 -8.65266 -3.72198 -0.484733 0.418637 1.60884 3.15531 3.84088 3.1858
109.21 -2.84451 -4.41709 -3.12718 -0.994716 2.41546 3.97791 5.41733 8.83319 10.1309 7.76574 3.97033 2.01439 -1.86169 -8.49803 -11.0444 -8.97468 -4.38254 -1.13583 -0.00758659 1.24477 2.59922 3.21548 2.66578
109.26 -3.59293 -5.50016 -4.38186 -2.20838 1.52588 3.30613 4.89534 8.54817 9.98654 8.04993 5.03139 3.41078 -0.605979 -7.7046 -10.6989 -9.0858 -5.01337 -1.84475 -0.469432 0.847034 1.99962 2.52956 2.0695
109.31 -4.27857 -6.36718 -5.40546 -3.37707 0.555347 2.62686 4.34653 8.15049 9.68948 8.18627 5.95118 4.66899 0.573524 -6.81053 -10.1326 -8.98997 -5.5711 -2.57093 -0.952472 0.403372 1.347 1.79669 1.40924
109.36 -4.94021 -7.14091 -6.27834 -4.3909 -0.369284 1.93422 3.75588 7.62904 9.23354 8.16408 6.72464 5.80067 1.67739 -5.84608 -9.38653 -8.70233 -6.01789 -3.27393 -1.45163 -0.0855038 0.645305 1.01556 0.690649
109.41 -5.53741 -7.89355 -7.07384 -5.16894 -1.14551 1.20626 3.1057 6.98345 8.62711 7.98213 7.34236 6.80017 2.69276 -4.85214 -8.50553 -8.24041 -6.31341 -3.90135 -1.94797 -0.609174 -0.090837 0.199614 -0.0720096
109.46 -5.97856 -8.54317 -7.67961 -5.72206 -1.84176 0.42395 2.40786 6.25472 7.92061 7.67594 7.80487 7.64122 3.58384 -3.89411 -7.56208 -7.64467 -6.43029 -4.39801 -2.41122 -1.14462 -0.833414 -0.624624 -0.854916
109.51 -6.20464 -8.96402 -8.05895 -6.0999 -2.53208 -0.411514 1.67989 5.48873 7.17233 7.29658 8.13075 8.31233 4.33174 -2.98959 -6.57857 -6.95116 -6.42156 -4.79095 -2.82886 -1.66007 -1.54258 -1.42062 -1.62872
109.56 -6.34999 -9.12764 -8.17902 -6.31175 -3.2372 -1.31698 0.900729 4.69323 6.40597 6.87067 8.33532 8.82059 4.9483 -2.1038 -5.52192 -6.14661 -6.32687 -5.14242 -3.22992 -2.15868 -2.20047 -2.16218 -2.3683
109.61 -6.39711 -8.97052 -7.98902 -6.38078 -4.00104 -2.30332 0.0758525 3.89248 5.64929 6.42235 8.43488 9.18162 5.46372 -1.23095 -4.42779 -5.27884 -6.15636 -5.4337 -3.60581 -2.63507 -2.79804 -2.83566 -3.05819
109.66 -6.30643 -8.56445 -7.57006 -6.33382 -4.80402 -3.37011 -0.785662 3.10384 4.91718 5.96181 8.43786 9.40693 5.89834 -0.353422 -3.29724 -4.37186 -5.92508 -5.6606 -3.95267 -3.08933 -3.33816 -3.43851 -3.69113
109.71 -6.06209 -7.94005 -6.94181 -6.16607 -5.64077 -4.50915 -1.67248 2.33886 4.22046 5.49469 8.34673 9.49995 6.26049 0.542414 -2.121 -3.42614 -5.64464 -5.82995 -4.26149 -3.51224 -3.82393 -3.97533 -4.26666
109.76 -5.67939 -7.14596 -6.1582 -5.92353 -6.37139 -5.54022 -2.55125 1.57504 3.55542 5.01932 8.1551 9.4494 6.53553 1.44332 -0.912967 -2.45725 -5.32388 -5.93911 -4.51653 -3.89262 -4.26326 -4.45626 -4.78641
109.81 -5.14984 -6.18789 -5.21017 -5.55577 -7.02037 -6.53548 -3.42861 0.840471 2.94413 4.54728 7.8654 9.2531 6.71607 2.3395 0.318013 -1.47137 -4.9533 -5.97059 -4.69739 -4.22331 -4.67512 -4.90249 -5.25996
109.86 -4.46308 -5.06104 -4.08747 -5.03907 -7.61373 -7.54171 -4.31718 0.144904 2.39606 4.08283 7.47964 8.91233 6.79318 3.21162 1.5539 -0.474869 -4.50756 -5.88653 -4.76875 -4.49262 -5.08395 -5.34302 -5.70312
109.91 -3.64493 -3.79649 -2.81669 -4.37223 -8.01665 -8.4856 -5.26604 -0.550237 1.89985 3.62484 7.00697 8.43846 6.75606 4.01979 2.7449 0.499367 -3.97422 -5.6512 -4.69119 -4.685 -5.5124 -5.80601 -6.13101
109.96 -2.72604 -2.43225 -1.44082 -3.60059 -8.23911 -9.16581 -6.18174 -1.32421 1.41133 3.15085 6.45465 7.85425 6.60726 4.72639 3.82984 1.40542 -3.35647 -5.2441 -4.43707 -4.78884 -5.97645 -6.31276 -6.55765
