50.02 0.984097 0.00737461 0.999941 0.00681467 0.999957 0.00624178 0.521272 0.00313644 1 0.000595737 1 0.0005343 0.00175498 0.00408744 1 0.00026434 1 0.000285757 0.010172 0.00896547 0.999996 0.000575848 0.99933 0.000806094 0.641239 0.0140254 0.903866 0.0183618 0.108612 0.0652014 0.998761 0.00777613 1.26913e-06 0.0957624 1.23773e-08 0.0998742 0.39855 0.96829 0.999753 0.00805838
50.06 0.988196 0.00789475 0.99992 0.00746656 0.999946 0.00685063 0.583606 0.00316283 1 0.000715851 1 0.000637312 0.00229053 0.00401141 1 0.000261714 1 0.000279534 0.00780459 0.00837041 0.999997 0.000530584 0.99954 0.000729852 0.572788 0.0148291 0.933571 0.0143293 0.159179 0.0565254 0.998387 0.00779264 2.07201e-06 0.0954901 1.61148e-08 0.0999014 0.420981 0.968999 0.999707 0.00853785
50.1 0.991317 0.00842864 0.999892 0.00811819 0.999933 0.00747059 0.639624 0.003226 1 0.000865246 1 0.000765076 0.00309711 0.00394332 1 0.000259693 1 0.000273984 0.00604125 0.00784535 0.999998 0.000492439 0.999686 0.000665988 0.504215 0.0155695 0.95458 0.0111543 0.224303 0.0474899 0.997854 0.00780743 3.48411e-06 0.0951225 2.18999e-08 0.0999141 0.442954 0.969716 0.99965 0.00908128
50.14 0.993664 0.00897278 0.999853 0.00876366 0.999916 0.00809743 0.689353 0.00332814 1 0.00104767 1 0.000920597 0.00431897 0.00388267 1 0.000258263 1 0.000269094 0.0047333 0.00738202 0.999999 0.000460064 0.999786 0.000612038 0.437705 0.0162419 0.96923 0.00868723 0.302316 0.0386583 0.997087 0.00781991 6.01217e-06 0.0946404 3.1097e-08 0.099901 0.46438 0.97044 0.999581 0.00969288
50.18 0.995411 0.00952367 0.999801 0.00939795 0.999896 0.00872723 0.733219 0.00347001 0.999999 0.00126671 0.999999 0.00110675 0.00617892 0.00382885 1 0.000257431 1 0.000264876 0.00376607 0.00697285 0.999999 0.0004324 0.999854 0.000566104 0.374984 0.0168319 0.979319 0.00678934 0.388869 0.0305557 0.995972 0.00782966 1.06111e-05 0.0940252 4.61659e-08 0.0998474 0.485196 0.971169 0.999497 0.0103771
50.22 0.996698 0.0100778 0.999732 0.010017 0.99987 0.00935634 0.771795 0.00365141 0.999999 0.00152563 0.999999 0.0013262 0.00901649 0.0037811 1 0.000257238 1 0.000261378 0.00305233 0.00661097 0.999999 0.000408613 0.999901 0.000526715 0.317283 0.0173093 0.986188 0.00533909 0.478075 0.02356 0.994337 0.00783641 1.90989e-05 0.0932587 7.16461e-08 0.0997331 0.505359 0.971903 0.999393 0.0111386
50.26 0.997639 0.0106319 0.999638 0.0106176 0.999837 0.00998151 0.805653 0.00387164 0.999999 0.00182723 0.999999 0.00158123 0.0133391 0.00373841 1 0.000257778 1 0.000258691 0.00252655 0.0062902 1 0.000388039 0.999932 0.000492719 0.265376 0.0176317 0.99082 0.0042347 0.564274 0.0178412 0.991922 0.00784008 3.49638e-05 0.0923223 1.16132e-07 0.0995304 0.524845 0.972638 0.999266 0.0119823
50.3 0.99832 0.0111825 0.999511 0.0111975 0.999797 0.0105999 0.835305 0.00412965 0.999999 0.0021736 0.999999 0.00187362 0.0198827 0.00369954 1 0.000259222 1 0.000256979 0.00214055 0.00600501 1 0.000370149 0.999953 0.000463207 0.21962 0.0177572 0.993919 0.00339394 0.643323 0.0133732 0.988333 0.0078409 6.49416e-05 0.0911929 1.96279e-07 0.0991996 0.543639 0.973372 0.999109 0.0129132
50.34 0.99881 0.0117268 0.99934 0.0117551 0.999747 0.0112088 0.861188 0.00442419 0.999999 0.00256591 0.999999 0.00220448 0.0296704 0.00366298 1 0.000261851 1 0.000256504 0.00185954 0.00575055 1 0.000354517 0.999968 0.000437452 0.180024 0.0176584 0.995978 0.00275226 0.712942 0.0099997 0.982983 0.00783962 0.000122102 0.0898379 3.45043e-07 0.0986841 0.56174 0.974104 0.998917 0.0139366
50.38 0.99916 0.012262 0.99911 0.0122895 0.999685 0.0118062 0.883673 0.00475375 0.999998 0.00300422 0.999999 0.0025741 0.0440367 0.00362689 1 0.000266102 1 0.000257661 0.00165892 0.00552261 1 0.000340802 0.999977 0.000414867 0.146326 0.0173315 0.99734 0.00226017 0.772395 0.00751015 0.975011 0.00783778 0.000231882 0.0882069 6.28889e-07 0.0979028 0.579153 0.97483 0.99868 0.0150577
50.42 0.999409 0.0127856 0.998801 0.0128004 0.999608 0.0123902 0.903087 0.00511661 0.999998 0.00348728 0.999999 0.00298187 0.0645642 0.00358923 1 0.000272624 1 0.000261032 0.00152184 0.00531758 1 0.000328728 0.999984 0.000394977 0.118068 0.0167968 0.998239 0.00188029 0.821962 0.00569623 0.963187 0.00783801 0.000443861 0.0862229 1.18403e-06 0.0967411 0.595885 0.975549 0.99839 0.0162819
50.46 0.999586 0.0132954 0.998387 0.013288 0.999512 0.012959 0.919724 0.00551072 0.999997 0.00401248 0.999999 0.00342623 0.0928606 0.00354803 1 0.000282335 1 0.000267427 0.00143755 0.00513244 1 0.000318077 0.999988 0.000377389 0.0946707 0.0160934 0.998832 0.00158466 0.862492 0.00438045 0.945849 0.00784432 0.000854612 0.0837738 2.29338e-06 0.0950432 0.611953 0.976257 0.998033 0.0176145
50.5 0.99971 0.0137895 0.997831 0.0137527 0.999393 0.0135114 0.933867 0.00593365 0.999996 0.00457586 0.999998 0.00390474 0.130137 0.00350197 1 0.000296473 1 0.000277927 0.00140027 0.00496464 1 0.000308675 0.999991 0.000361781 0.0755045 0.01527 0.999224 0.00135253 0.895087 0.0034241 0.920916 0.00786223 0.00165176 0.0807097 4.5508e-06 0.0926085 0.627373 0.976952 0.997595 0.019061
50.54 0.999798 0.0142661 0.997087 0.0141956 0.999247 0.0140462 0.945785 0.0063826 0.999995 0.00517221 0.999998 0.00441427 0.17666 0.00345116 1 0.000316622 1 0.000293897 0.00140865 0.00481213 1 0.000300384 0.999994 0.000347886 0.0599479 0.0143765 0.999482 0.00116849 0.920917 0.00272434 0.886106 0.00789855 0.00319786 0.076853 9.21255e-06 0.0892056 0.642166 0.977633 0.997058 0.0206264
50.58 0.999859 0.0147236 0.996095 0.0146181 0.999066 0.0145624 0.955742 0.00685443 0.999994 0.00579537 0.999998 0.00495116 0.23134 0.00339798 1 0.000344704 1 0.000316966 0.00146576 0.00467321 1 0.000293098 0.999995 0.000335479 0.047423 0.0134575 0.999654 0.00102115 0.941107 0.0022072 0.839485 0.00796047 0.00618687 0.0720338 1.89498e-05 0.0846141 0.656356 0.978296 0.996402 0.0223159
50.62 0.999901 0.0151605 0.994773 0.0150219 0.998844 0.0150593 0.963993 0.0073457 0.999993 0.0064385 0.999997 0.00551141 0.291746 0.00334736 1 0.000382914 1 0.000348973 0.00157954 0.00454654 1 0.000286732 0.999996 0.000324376 0.0374148 0.0125489 0.999768 0.000902019 0.956679 0.00182036 0.780302 0.00805379 0.0119249 0.0661526 3.94572e-05 0.0787038 0.669968 0.97894 0.995601 0.0241345
50.66 0.999931 0.0155752 0.993019 0.0154094 0.998571 0.0155364 0.970779 0.00785284 0.999991 0.00709446 0.999997 0.00609094 0.354674 0.00330627 1 0.000433645 1 0.000391888 0.00176403 0.00443109 1 0.000281217 0.999997 0.000314424 0.0294761 0.0116768 0.999844 0.000804778 0.968529 0.00152706 0.709803 0.00818071 0.0227977 0.0592553 8.28808e-05 0.0715323 0.683031 0.979562 0.994626 0.0260868
50.7 0.999952 0.0159662 0.990697 0.0157833 0.998236 0.0159932 0.976323 0.00837224 0.999989 0.00775619 0.999997 0.00668562 0.416968 0.00328242 1 0.000499386 0.999999 0.000447737 0.00204135 0.00432603 1 0.000276493 0.999998 0.000305498 0.0232241 0.0108582 0.999895 0.000724678 0.977421 0.00130152 0.631414 0.00833887 0.0429277 0.0515751 0.000175084 0.0634067 0.695575 0.980161 0.993442 0.0281774
50.74 0.999967 0.0163318 0.987637 0.0161471 0.997825 0.0164295 0.98083 0.00890043 0.999986 0.008417 0.999996 0.00729139 0.476185 0.00328281 1 0.000582647 0.999999 0.000518533 0.00244482 0.00423073 1 0.000272504 0.999998 0.000297496 0.018334 0.0101026 0.999929 0.000658127 0.983995 0.00112557 0.549977 0.00852407 0.0787295 0.0434993 0.000370947 0.0548467 0.70763 0.980734 0.992008 0.0304105
50.78 0.999977 0.0166698 0.983626 0.0165052 0.997323 0.0168451 0.984477 0.00943407 0.999983 0.00907084 0.999995 0.00790431 0.530849 0.00331278 1 0.000685888 0.999999 0.000606233 0.00302355 0.00414461 1 0.000269203 0.999998 0.000290339 0.014532 0.0094135 0.999952 0.000602385 0.988782 0.000986297 0.470389 0.00873667 0.138305 0.0354728 0.00078629 0.0464486 0.719229 0.981281 0.990277 0.0327902
50.82 0.999984 0.0169777 0.978399 0.0168629 0.99671 0.01724 0.987421 0.00997 0.999979 0.00971249 0.999995 0.0085206 0.580362 0.00337569 1 0.00081148 0.999999 0.000712714 0.00384896 0.00406713 1 0.00026655 0.999999 0.00028397 0.0115898 0.00879081 0.999967 0.00055534 0.992214 0.000874464 0.396515 0.00898651 0.227835 0.0279115 0.00166301 0.0387212 0.730407 0.9818 0.988195 0.0353202
50.86 0.999989 0.0172528 0.971639 0.0172269 0.995964 0.0176142 0.989792 0.0105053 0.999974 0.0103376 0.999994 0.0091367 0.624744 0.00347316 1 0.000961665 0.999999 0.000839753 0.00502365 0.00399771 1 0.000264515 0.999999 0.00027835 0.00932083 0.00823176 0.999977 0.000515355 0.994637 0.000783382 0.330677 0.00928577 0.345088 0.0211721 0.00349918 0.0319813 0.741196 0.982287 0.985702 0.0380041
50.9 0.999992 0.0174914 0.962978 0.0176053 0.995057 0.017968 0.991702 0.0110371 0.999967 0.0109427 0.999993 0.00974933 0.66436 0.00360545 1 0.00113853 0.999999 0.000989014 0.00669287 0.00393571 1 0.000263087 0.999999 0.000273462 0.00757484 0.00773202 0.999984 0.000481144 0.996325 0.00070817 0.273778 0.00962821 0.476301 0.0155323 0.00729954 0.0263351 0.751635 0.982743 0.982727 0.0408452
50.94 0.999994 0.0176896 0.952006 0.0180081 0.99396 0.0183013 0.993241 0.011563 0.99996 0.0115252 0.999991 0.0103555 0.699717 0.00377195 1 0.00134397 0.999999 0.00116203 0.00905907 0.00388041 1 0.000262278 0.999999 0.000269314 0.00623233 0.00728629 0.999989 0.000451694 0.997487 0.000645264 0.225713 0.00997314 0.602727 0.0111245 0.0150279 0.0217245 0.76176 0.983165 0.979194 0.0438467
50.98 0.999996 0.0178428 0.938294 0.018447 0.992634 0.0186143 0.994481 0.0120805 0.99995 0.0120832 0.99999 0.0109525 0.731336 0.00397148 1 0.00157965 0.999999 0.00136018 0.0123983 0.00383101 1 0.00026213 0.999999 0.000265944 0.00520009 0.00688875 0.999992 0.000426197 0.99828 0.000592062 0.185765 0.0102579 0.71077 0.00788791 0.030328 0.0179946 0.771608 0.983552 0.975018 0.0470116
51.02 0.999997 0.0179463 0.921431 0.0189358 0.991037 0.0189071 0.995483 0.0125873 0.999938 0.0126156 0.999988 0.0115381 0.759688 0.00420254 1 0.00184693 0.999999 0.00158464 0.0170769 0.00378661 1 0.000262728 0.999999 0.000263425 0.00440642 0.00653359 0.999994 0.000404002 0.998819 0.000546657 0.152915 0.0104334 0.795602 0.00561728 0.0593635 0.0149535 0.781217 0.983901 0.970105 0.0503429
51.06 0.999998 0.0179957 0.901076 0.0194904 0.98912 0.01918 0.996293 0.0130817 0.999923 0.0131217 0.999987 0.0121102 0.785166 0.00446344 1 0.00214681 0.999999 0.00183633 0.0235637 0.00374625 1 0.000264206 0.999999 0.000261877 0.00379675 0.00621552 0.999996 0.000384585 0.999184 0.000507629 0.126065 0.0104947 0.858571 0.00406431 0.110864 0.0124123 0.790624 0.98421 0.964359 0.0538432
51.1 0.999999 0.0179874 0.877013 0.0201278 0.986825 0.019433 0.996949 0.0135617 0.999904 0.0136012 0.999984 0.0126672 0.808088 0.00475238 0.999999 0.00247979 0.999999 0.00211584 0.0324316 0.00370888 1 0.000266766 0.999999 0.000261477 0.00332998 0.0059301 0.999997 0.000367519 0.999432 0.0004739 0.104172 0.0104859 0.903605 0.00301082 0.193198 0.0102141 0.799865 0.984476 0.957673 0.0575155
51.14 0.999999 0.0179191 0.849196 0.0208665 0.984085 0.0196668 0.997483 0.0140259 0.999881 0.0140544 0.999982 0.0132076 0.828711 0.0050675 0.999999 0.00284585 0.999999 0.00242338 0.0443372 0.00367348 1 0.00027069 0.999999 0.000262473 0.00297545 0.00567374 0.999998 0.00035246 0.999601 0.000444627 0.0863176 0.0104739 0.934995 0.00229343 0.307142 0.00826149 0.808975 0.984698 0.949942 0.0613623
51.18 0.999999 0.0177909 0.817807 0.0217245 0.98082 0.0198822 0.997917 0.0144731 0.999852 0.0144815 0.999979 0.0137303 0.847243 0.00540689 0.999999 0.00324431 0.999998 0.00275874 0.0599681 0.0036391 1 0.00027636 0.999999 0.000265195 0.00271063 0.00544358 0.999998 0.000339131 0.999717 0.00041914 0.0717268 0.0105044 0.956475 0.00179943 0.440058 0.00653434 0.817989 0.984872 0.941058 0.0653863
51.22 0.999999 0.0176053 0.783253 0.0227192 0.976937 0.0200805 0.998273 0.0149022 0.999815 0.0148834 0.999975 0.0142344 0.863861 0.00576855 0.999999 0.00367381 0.999998 0.00312124 0.0799493 0.00360502 1 0.000284263 0.999999 0.000270064 0.00251938 0.0052371 0.999999 0.00032731 0.999796 0.000396896 0.0597679 0.010569 0.970979 0.00145386 0.571304 0.00506574 0.826937 0.984993 0.930914 0.0695901
51.26 1 0.0173673 0.746133 0.0238655 0.972326 0.0202642 0.998564 0.0153125 0.999767 0.0152607 0.999971 0.0147191 0.878721 0.00615038 0.999999 0.00413231 0.999998 0.00350974 0.104714 0.00357094 1 0.000295008 0.999999 0.000277599 0.0023906 0.00505185 0.999999 0.000316818 0.999852 0.000377443 0.0499321 0.0106137 0.980684 0.0012074 0.684698 0.00388483 0.835847 0.985059 0.919412 0.073976
51.3 1 0.0170845 0.707133 0.0251749 0.966857 0.0204365 0.998803 0.0157035 0.999706 0.0156145 0.999966 0.015184 0.891964 0.00655022 0.999999 0.00461708 0.999998 0.00392268 0.134361 0.00353722 1 0.000309321 0.999999 0.000288413 0.0023174 0.00488537 0.999999 0.000307511 0.999891 0.000360403 0.0418135 0.0105766 0.987143 0.00102764 0.774163 0.00298119 0.844742 0.985064 0.906464 0.0785463
51.34 1 0.0167653 0.666936 0.0266555 0.960368 0.020602 0.999 0.0160748 0.999627 0.0159457 0.99996 0.0156286 0.903723 0.00696583 0.999999 0.0051248 0.999998 0.00435814 0.168553 0.00350508 1 0.000328033 0.999999 0.000303202 0.00229642 0.00473533 0.999999 0.000299266 0.999918 0.000345449 0.0350893 0.01042 0.99143 0.000893208 0.840957 0.00231158 0.85364 0.985003 0.891996 0.0833026
51.38 1 0.0164184 0.62619 0.0283116 0.95267 0.0207666 0.999163 0.0164265 0.999523 0.0162555 0.999952 0.0160528 0.914124 0.0073949 0.999998 0.00565164 0.999998 0.00481388 0.206493 0.00347663 1 0.00035206 0.999999 0.00032272 0.0023275 0.00459969 0.999999 0.00029198 0.999938 0.000332297 0.0295015 0.0101394 0.994275 0.000790048 0.889258 0.00182252 0.862547 0.98487 0.875953 0.088246
51.42 1 0.0160517 0.585441 0.0301435 0.943539 0.0209375 0.999298 0.0167585 0.999386 0.0165453 0.999943 0.0164566 0.923293 0.00783512 0.999998 0.00619341 0.999997 0.0052874 0.247034 0.0034548 1 0.000382369 0.999999 0.000347757 0.00241363 0.00447674 1 0.000285565 0.999952 0.000320704 0.0248451 0.00975545 0.996165 0.00070884 0.923542 0.00146571 0.871461 0.984656 0.858309 0.0933766
51.46 1 0.0156717 0.545101 0.0321482 0.932714 0.0211233 0.999411 0.0170712 0.999203 0.0168163 0.999932 0.0168399 0.931353 0.00828416 0.999998 0.00674575 0.999997 0.00577608 0.288857 0.00344298 1 0.00041995 0.999998 0.000379109 0.00256106 0.00436512 1 0.000279943 0.999962 0.000310462 0.0209572 0.00930059 0.997424 0.000643372 0.947592 0.0012034 0.880368 0.984353 0.839069 0.0986929
51.5 1 0.0152831 0.505432 0.0343197 0.919884 0.0213341 0.999505 0.0173648 0.998958 0.01707 0.999918 0.0172031 0.938421 0.00873976 0.999998 0.00730424 0.999997 0.00627718 0.330692 0.00344461 1 0.00046578 0.999998 0.000417551 0.00277963 0.00426375 1 0.000275046 0.99997 0.000301393 0.017708 0.00880826 0.998264 0.000589462 0.964318 0.00100815 0.889239 0.983951 0.818271 0.104191
51.54 1 0.0148884 0.466574 0.0366507 0.904684 0.0215814 0.999583 0.0176396 0.998625 0.0173081 0.999901 0.0175463 0.944609 0.0091997 0.999997 0.00786458 0.999996 0.00678792 0.371477 0.00346281 1 0.000520801 0.999998 0.000463824 0.00308339 0.00417176 1 0.000270813 0.999975 0.000293351 0.0149932 0.00830667 0.998826 0.000544257 0.975863 0.000860608 0.898032 0.983439 0.795988 0.109866
51.58 1 0.0144884 0.428625 0.039132 0.886705 0.0218786 0.999648 0.017896 0.99817 0.0175322 0.99988 0.0178701 0.950022 0.0096619 0.999997 0.00842274 0.999996 0.00730551 0.41045 0.00350002 1 0.000585902 0.999998 0.000518623 0.00349136 0.00408843 1 0.000267191 0.99998 0.000286213 0.0127275 0.00781667 0.999203 0.00050578 0.983775 0.000747353 0.906698 0.982802 0.772329 0.115708
51.62 1 0.0140825 0.391657 0.0417529 0.865524 0.0222407 0.999703 0.0181343 0.997544 0.0177444 0.999853 0.0181747 0.954756 0.0101243 0.999996 0.00897502 0.999996 0.00782724 0.447156 0.00355793 1 0.000661911 0.999998 0.000582589 0.00402868 0.00401315 1 0.000264134 0.999983 0.000279881 0.0108401 0.00735193 0.999457 0.000472637 0.98916 0.000659043 0.915179 0.982026 0.747442 0.121703
51.66 1 0.0136695 0.355727 0.0445008 0.840718 0.0226849 0.999749 0.0183545 0.996674 0.017947 0.999819 0.0184609 0.958897 0.0105851 0.999996 0.00951818 0.999995 0.0083505 0.481401 0.00363743 1 0.000749589 0.999998 0.000656316 0.00472788 0.00394533 1 0.000261603 0.999985 0.000274277 0.00927127 0.00692028 0.999628 0.00044382 0.992797 0.000589144 0.92341 0.981092 0.721501 0.127834
51.7 1 0.0132481 0.320908 0.0473605 0.811913 0.0232305 0.999788 0.0185566 0.995458 0.0181425 0.999775 0.0187291 0.962526 0.0110424 0.999995 0.0100494 0.999995 0.00887282 0.51318 0.00373876 1 0.000849636 0.999998 0.000740353 0.00563041 0.00388443 1 0.000259566 0.999987 0.000269338 0.00797033 0.00652523 0.999744 0.000418582 0.995236 0.000533036 0.931329 0.97998 0.694706 0.13408
51.74 1 0.0128172 0.287294 0.0503142 0.778821 0.0238989 0.99982 0.01874 0.993744 0.0183343 0.999719 0.0189798 0.965711 0.0114946 0.999994 0.0105664 0.999994 0.0093919 0.542611 0.00386162 1 0.000962688 0.999998 0.000835209 0.00678838 0.0038299 1 0.000258003 0.999989 0.00026502 0.00689429 0.00616737 0.999822 0.000396357 0.996862 0.000487409 0.938871 0.978667 0.667266 0.140414
51.78 1 0.0123768 0.255012 0.0533401 0.741299 0.0247136 0.999847 0.0189038 0.991313 0.0185266 0.999647 0.0192135 0.968511 0.0119401 0.999994 0.0110673 0.999994 0.00990565 0.569872 0.0040053 1 0.00108932 0.999997 0.000941355 0.00826628 0.00378122 1 0.0002569 0.99999 0.000261292 0.00600668 0.00584545 0.999876 0.000376703 0.997939 0.000449864 0.945978 0.977124 0.639398 0.146806
51.82 1 0.0119279 0.224241 0.0564123 0.69943 0.0256993 0.99987 0.0190463 0.987844 0.0187246 0.999551 0.0194308 0.970981 0.0123774 0.999993 0.0115507 0.999993 0.0104122 0.595163 0.00416884 0.999999 0.00123006 0.999997 0.00105923 0.0101427 0.00373788 1 0.000256254 0.999991 0.000258135 0.00527647 0.00555718 0.999913 0.000359268 0.998648 0.000418635 0.952603 0.975323 0.611314 0.153223
51.86 1 0.0114735 0.195192 0.0594998 0.653573 0.0268815 0.99989 0.0191646 0.982871 0.0189357 0.999425 0.019632 0.973166 0.0128053 0.999991 0.0120155 0.999993 0.0109099 0.618682 0.0043511 0.999999 0.00138534 0.999997 0.00118921 0.0125121 0.00369936 1 0.000256075 0.999991 0.000255546 0.00467754 0.00529978 0.999938 0.000343761 0.999113 0.000392407 0.95871 0.973228 0.583221 0.159627
51.9 1 0.0110183 0.168077 0.0625672 0.604365 0.0282841 0.999906 0.0192543 0.975721 0.01917 0.999256 0.019817 0.975106 0.0132225 0.99999 0.0124609 0.999992 0.0113973 0.64061 0.00455084 0.999999 0.00155553 0.999997 0.00133166 0.0154855 0.00366518 1 0.000256386 0.999992 0.000253533 0.00418813 0.00507029 0.999955 0.000329943 0.999418 0.000370185 0.964279 0.970802 0.55531 0.165982
51.94 1 0.0105681 0.143088 0.0655756 0.552682 0.0299285 0.99992 0.0193089 0.965447 0.0194416 0.999029 0.0199859 0.976836 0.0136281 0.999988 0.0128868 0.999991 0.0118733 0.661104 0.0047668 0.999999 0.00174091 0.999997 0.00148686 0.0191912 0.00363487 1 0.000257223 0.999992 0.000252121 0.00379028 0.00486581 0.999968 0.000317612 0.999617 0.000351211 0.969303 0.968 0.527753 0.17225
51.98 1 0.0101296 0.120375 0.0684852 0.499579 0.0318312 0.999932 0.0193191 0.950752 0.0197705 0.998719 0.0201379 0.978387 0.014021 0.999986 0.0132928 0.99999 0.0123369 0.680298 0.00499768 0.999999 0.00194166 0.999996 0.00165502 0.0237734 0.00360799 1 0.00025864 0.999992 0.000251348 0.00346936 0.0046836 0.999976 0.000306594 0.999747 0.000334896 0.973787 0.964775 0.500701 0.178397
52.02 1 0.00970983 0.100034 0.0712574 0.446196 0.034002 0.999941 0.0192719 0.929953 0.0201851 0.998292 0.020272 0.979786 0.0144005 0.999983 0.013679 0.99999 0.0127872 0.698296 0.00524222 0.999999 0.00215781 0.999996 0.00183627 0.0293895 0.00358414 1 0.000260707 0.999992 0.000251269 0.00321362 0.00452115 0.999982 0.000296742 0.999832 0.000320781 0.977749 0.961075 0.474282 0.184392
52.06 1 0.0093149 0.0820959 0.0738578 0.393671 0.0364423 0.99995 0.0191507 0.901051 0.0207247 0.997701 0.0203862 0.981057 0.0147656 0.99998 0.0140457 0.999989 0.0132238 0.715182 0.00549922 0.999999 0.00238927 0.999996 0.00203066 0.0362045 0.00356299 1 0.000263514 0.999993 0.000251956 0.00301372 0.00437621 0.999987 0.000287928 0.999888 0.000308502 0.981217 0.956841 0.448599 0.190209
52.1 1 0.00894999 0.0665261 0.0762583 0.343062 0.0391438 0.999957 0.0189366 0.862006 0.0214419 0.996875 0.0204777 0.98222 0.0151158 0.999976 0.0143933 0.999987 0.013646 0.731015 0.00576749 0.999999 0.00263576 0.999996 0.00223809 0.0443828 0.00354425 1 0.000267173 0.999993 0.000253498 0.00286244 0.00424675 0.99999 0.00028004 0.999924 0.000297769 0.984225 0.952011 0.423735 0.195831
52.14 1 0.0086189 0.053228 0.0784395 0.295282 0.0420876 0.999963 0.0186112 0.811298 0.022404 0.995713 0.0205431 0.983295 0.0154503 0.999971 0.0147222 0.999986 0.0140537 0.745839 0.00604594 0.999999 0.00289683 0.999995 0.00245835 0.0540771 0.00352774 1 0.000271817 0.999992 0.000256005 0.0027544 0.00413102 0.999992 0.000272982 0.999949 0.000288347 0.986812 0.946519 0.399756 0.201248
52.18 1 0.00832391 0.0420524 0.0803908 0.251055 0.0452442 0.999968 0.0181629 0.748697 0.0236905 0.99407 0.0205788 0.984299 0.0157682 0.999965 0.0150329 0.999985 0.0144466 0.759681 0.00633351 0.999999 0.0031718 0.999995 0.00269105 0.0654142 0.00351335 1 0.000277602 0.999992 0.000259605 0.0026858 0.00402744 0.999994 0.000266671 0.999965 0.000280046 0.989019 0.940291 0.376708 0.206459
52.22 1 0.00806594 0.0328105 0.0821113 0.210898 0.0485745 0.999972 0.0175938 0.675884 0.0253856 0.99174 0.0205821 0.985246 0.016069 0.999956 0.015326 0.999983 0.0148247 0.772561 0.00662922 0.999998 0.00345973 0.999995 0.00293564 0.078479 0.00350114 1 0.000284706 0.999992 0.000264443 0.0026543 0.00393466 0.999995 0.000261033 0.999975 0.000272709 0.990889 0.933253 0.354622 0.211475
52.26 1 0.00784468 0.0252881 0.0836086 0.175111 0.0520312 0.999976 0.0169237 0.596431 0.0275661 0.988429 0.0205528 0.98615 0.0163522 0.999945 0.015602 0.999981 0.0151877 0.784494 0.00693209 0.999998 0.00375948 0.999994 0.00319139 0.0933 0.00349129 0.999999 0.000293326 0.999992 0.000270682 0.0026589 0.00385149 0.999996 0.000256007 0.999983 0.000266208 0.992464 0.925324 0.333518 0.216316
52.3 1 0.0076589 0.0192602 0.0848971 0.143786 0.0555613 0.999979 0.0161886 0.514972 0.0302868 0.983729 0.0204956 0.987022 0.0166176 0.999929 0.0158616 0.999978 0.0155359 0.795504 0.00724119 0.999998 0.00406964 0.999994 0.00345739 0.109836 0.00348415 0.999999 0.000303679 0.999992 0.000278498 0.00269989 0.00377689 0.999997 0.000251536 0.999988 0.000260436 0.993781 0.916421 0.313405 0.221012
52.34 1 0.0075066 0.0145028 0.085997 0.116831 0.0591091 0.999982 0.0154313 0.435982 0.0335675 0.97708 0.0204212 0.987872 0.0168655 0.999908 0.0161055 0.999975 0.0158693 0.805625 0.00755557 0.999998 0.00438862 0.999994 0.0037326 0.127973 0.00348022 0.999999 0.000315995 0.999992 0.000288078 0.00277883 0.00370997 0.999997 0.000247575 0.999991 0.000255303 0.994878 0.90646 0.294282 0.225608
52.38 1 0.0073853 0.0108027 0.0869314 0.0939983 0.0626191 0.999984 0.0146911 0.362803 0.0373864 0.967728 0.020347 0.988704 0.0170964 0.999877 0.0163346 0.999972 0.0161881 0.81491 0.00787421 0.999998 0.00471469 0.999993 0.00401586 0.147521 0.00348017 0.999999 0.00033051 0.999991 0.000299614 0.00289862 0.00364995 0.999998 0.00024408 0.999994 0.000250735 0.995788 0.895353 0.276137 0.230156
52.42 1 0.00729209 0.00796519 0.087725 0.0749353 0.0660397 0.999986 0.0139953 0.297345 0.0416803 0.954692 0.0202972 0.989522 0.0173114 0.999833 0.01655 0.999967 0.0164926 0.823421 0.00819604 0.999997 0.0050461 0.999993 0.00430598 0.16823 0.00348478 0.999999 0.000347467 0.999991 0.0003133 0.00306355 0.00359615 0.999998 0.000241016 0.999995 0.000246669 0.996539 0.883011 0.258951 0.234719
52.46 1 0.00722385 0.00581916 0.0884022 0.0592477 0.0693258 0.999988 0.0133569 0.240367 0.0463499 0.936761 0.020302 0.990323 0.0175115 0.99977 0.016753 0.99996 0.0167832 0.831232 0.00851995 0.999997 0.0053811 0.999992 0.00460178 0.189807 0.00349493 0.999999 0.0003671 0.999991 0.000329325 0.00327942 0.00354799 0.999998 0.000238352 0.999996 0.000243053 0.997157 0.869344 0.242701 0.239373
52.5 1 0.00717738 0.00421672 0.0889855 0.0465031 0.07244 0.999989 0.0127763 0.191896 0.0512683 0.912583 0.0203975 0.991106 0.0176981 0.999676 0.0169452 0.999952 0.0170603 0.838424 0.00884477 0.999997 0.00571806 0.999992 0.00490215 0.211935 0.00351151 0.999999 0.000389639 0.99999 0.00034787 0.00355377 0.00350496 0.999999 0.000236059 0.999997 0.000239842 0.997664 0.854263 0.227373 0.244203
52.54 1 0.00714942 0.00303357 0.0894952 0.0362581 0.0753548 0.999991 0.0122454 0.151401 0.0562906 0.880806 0.0206245 0.991863 0.0178722 0.999537 0.0171282 0.999942 0.0173243 0.84507 0.00916934 0.999996 0.00605547 0.999991 0.00520606 0.234302 0.00353537 0.999999 0.000415295 0.99999 0.000369101 0.00389604 0.0034666 0.999999 0.000234115 0.999998 0.000237001 0.99808 0.83768 0.212936 0.249303
52.58 1 0.00713677 0.00216929 0.0899483 0.0280973 0.0780523 0.999992 0.0117513 0.118059 0.0612678 0.840336 0.0210287 0.992589 0.0180348 0.99933 0.0173041 0.999928 0.0175757 0.851236 0.00949255 0.999996 0.00639205 0.99999 0.00551258 0.256619 0.00356729 0.999999 0.000444261 0.999989 0.00039317 0.00431788 0.00343251 0.999999 0.000232497 0.999998 0.000234498 0.99842 0.819507 0.19936 0.254781
52.62 1 0.00713637 0.0015443 0.0903585 0.0216583 0.0805234 0.999993 0.0112798 0.0909924 0.0660582 0.790707 0.0216597 0.993277 0.0181866 0.999018 0.0174751 0.99991 0.0178149 0.856974 0.00981339 0.999996 0.00672662 0.99999 0.00582088 0.278632 0.00360792 0.999999 0.000476707 0.999989 0.000420207 0.00483347 0.00340236 0.999999 0.000231188 0.999999 0.000232309 0.998697 0.79966 0.186615 0.260752
52.66 1 0.00714542 0.0010955 0.0907362 0.0166171 0.0827662 0.999993 0.0108204 0.0693598 0.0705356 0.732515 0.0225675 0.993923 0.018328 0.998548 0.0176436 0.999887 0.0180421 0.862327 0.010131 0.999995 0.00705817 0.999989 0.00613017 0.300129 0.00365775 0.999998 0.000512775 0.999989 0.000450324 0.00545981 0.00337583 0.999999 0.000230173 0.999999 0.000230415 0.998924 0.77806 0.174668 0.267346
52.7 1 0.00716139 0.000775338 0.0910889 0.0127011 0.0847849 0.999994 0.010368 0.0523096 0.0745978 0.667425 0.0237988 0.994523 0.0184592 0.997835 0.0178122 0.999855 0.0182579 0.867322 0.0104446 0.999995 0.00738579 0.999988 0.0064397 0.320944 0.0037171 0.999998 0.00055258 0.999988 0.000483607 0.00621704 0.00335262 0.999999 0.00022944 0.999999 0.000228802 0.999109 0.754632 0.163488 0.274704
52.74 1 0.0071821 0.000548202 0.0914217 0.00968207 0.0865879 0.999995 0.00992381 0.0390479 0.0781732 0.597935 0.0253919 0.995076 0.0185801 0.996755 0.017984 0.999812 0.0184624 0.871981 0.0107537 0.999994 0.00770864 0.999988 0.00674872 0.340952 0.00378612 0.999998 0.000596201 0.999988 0.000520116 0.00712878 0.00333248 0.999999 0.00022898 0.999999 0.000227457 0.999261 0.729311 0.153039 0.282978
52.78 1 0.00720577 0.000387883 0.0917375 0.00737027 0.088187 0.999995 0.00949394 0.0288566 0.0812244 0.526839 0.0273727 0.995581 0.01869 0.995116 0.0181624 0.999754 0.018656 0.876319 0.0110577 0.999993 0.00802596 0.999987 0.00705651 0.360068 0.00386483 0.999998 0.000643685 0.999987 0.000559885 0.00822235 0.00331516 0.999999 0.000228786 0.999999 0.000226376 0.999384 0.702048 0.143288 0.292338
52.82 1 0.00723094 0.000275214 0.0920381 0.00561081 0.0895958 0.999996 0.0090867 0.0211122 0.0837476 0.456776 0.0297513 0.996039 0.0187879 0.992636 0.0183514 0.999674 0.0188388 0.880356 0.0113563 0.999992 0.00833703 0.999986 0.00736229 0.378243 0.00395307 0.999998 0.00069504 0.999987 0.000602921 0.00952899 0.00330045 0.999999 0.000228857 0.999999 0.000225556 0.999486 0.672809 0.134205 0.302962
52.86 1 0.00725653 0.000196285 0.092324 0.00427878 0.0908295 0.999996 0.0087104 0.0152898 0.0857677 0.389924 0.0325204 0.996452 0.0188717 0.988902 0.0185565 0.999564 0.019011 0.88411 0.0116491 0.999991 0.0086412 0.999985 0.00766535 0.395454 0.00405058 0.999997 0.000750241 0.999987 0.000649201 0.0110837 0.00328812 0.999999 0.000229193 0.999999 0.000224999 0.999569 0.641589 0.125766 0.315046
52.9 1 0.00728177 0.000141088 0.0925953 0.0032747 0.0919039 0.999997 0.00837135 0.0109619 0.0873322 0.327739 0.0356543 0.996822 0.0189378 0.98332 0.0187851 0.999413 0.0191727 0.887603 0.0119359 0.99999 0.00893793 0.999984 0.00796501 0.411704 0.00415697 0.999997 0.000809222 0.999986 0.000698676 0.0129251 0.003278 0.999999 0.000229799 1 0.00022471 0.999637 0.608419 0.11794 0.328793
52.94 1 0.00730611 0.000102499 0.0928518 0.00252036 0.092835 0.999997 0.00807309 0.00778041 0.0885021 0.271086 0.0391112 0.997152 0.0189807 0.97505 0.019048 0.999203 0.0193235 0.890855 0.0122162 0.999988 0.00922679 0.999984 0.00826064 0.427014 0.00427175 0.999997 0.000871888 0.999986 0.000751271 0.015095 0.00326989 0.999999 0.000230685 1 0.000224701 0.999693 0.573378 0.110697 0.344414
52.98 1 0.00732924 7.5493e-05 0.0930932 0.00195496 0.0936385 0.999997 0.00781658 0.00546651 0.0893451 0.220416 0.0428348 0.997445 0.0189922 0.962953 0.0193608 0.998913 0.019463 0.893886 0.0124896 0.999986 0.00950739 0.999983 0.00855165 0.441416 0.00439437 0.999997 0.00093811 0.999986 0.000806889 0.0176376 0.00326364 0.999999 0.000231863 1 0.000224984 0.99974 0.536609 0.104006 0.362115
53.02 1 0.00735098 5.65531e-05 0.0933195 0.00153177 0.0943295 0.999998 0.00760088 0.003801 0.0899285 0.175908 0.0467568 0.997706 0.0189608 0.945567 0.0197463 0.998511 0.0195901 0.896718 0.0127559 0.999984 0.00977949 0.999982 0.00883755 0.454949 0.00452421 0.999997 0.00100773 0.999986 0.000865409 0.0205985 0.00325911 0.999999 0.000233353 1 0.000225577 0.999778 0.49833 0.0978364 0.382088
53.06 1 0.00737127 4.32351e-05 0.0935308 0.00121521 0.0949222 0.999998 0.00742386 0.00261445 0.0903152 0.137547 0.0507994 0.997936 0.0188716 0.921156 0.0202362 0.997957 0.0197031 0.899369 0.0130145 0.999982 0.0100429 0.999981 0.00911788 0.467651 0.00466062 0.999996 0.00108056 0.999986 0.00092669 0.0240236 0.00325618 0.999999 0.000235175 1 0.000226504 0.99981 0.458849 0.0921584 0.404489
53.1 1 0.00739011 3.38495e-05 0.0937271 0.000978462 0.0954297 0.999998 0.00728273 0.00177786 0.0905608 0.10517 0.0548797 0.99814 0.0187072 0.887909 0.0208732 0.997195 0.0197995 0.901862 0.013265 0.999978 0.0102975 0.99998 0.00939227 0.479554 0.00480291 0.999996 0.00115638 0.999985 0.000990568 0.0279569 0.00325474 0.999999 0.000237358 1 0.00022779 0.999836 0.418578 0.0869425 0.429413
53.14 1 0.00740757 2.72351e-05 0.093909 0.000801507 0.095864 0.999998 0.00717432 0.00119432 0.0907124 0.0784746 0.0589145 0.998319 0.0184499 0.844327 0.0217123 0.996153 0.0198761 0.904218 0.0135067 0.999974 0.0105432 0.999978 0.0096604 0.490683 0.00495044 0.999996 0.00123493 0.999985 0.00105685 0.0324395 0.00325474 0.999999 0.000239931 1 0.000229466 0.999859 0.378027 0.0821591 0.456864
53.18 1 0.00742375 2.25984e-05 0.0940771 0.000669506 0.0962359 0.999999 0.00709532 0.000791853 0.0908085 0.0570262 0.0628261 0.998478 0.0180862 0.789772 0.0228194 0.994735 0.0199293 0.906464 0.013739 0.999969 0.01078 0.999977 0.00992205 0.501052 0.00510255 0.999996 0.00131594 0.999985 0.00112532 0.0375068 0.00325614 0.999999 0.000242931 1 0.000231565 0.999877 0.337799 0.0777783 0.486724
53.22 1 0.00743878 1.94033e-05 0.0942321 0.000571562 0.0965548 0.999999 0.00704224 0.00051763 0.0908792 0.0402768 0.0665481 0.998617 0.017612 0.724957 0.0242672 0.992819 0.0199557 0.908633 0.0139613 0.999963 0.0110081 0.999976 0.0101771 0.510672 0.00525864 0.999996 0.00139905 0.999985 0.00119572 0.0431871 0.00325892 0.999999 0.000246396 1 0.000234123 0.999893 0.298558 0.07377 0.51872
53.26 1 0.00745275 1.72949e-05 0.0943749 0.000499743 0.0968292 0.999999 0.0070116 0.000333301 0.0909466 0.0276037 0.0700294 0.99874 0.0170368 0.651994 0.026128 0.990242 0.0199532 0.910763 0.0141728 0.999955 0.0112278 0.999974 0.0104256 0.519552 0.0054181 0.999995 0.00148389 0.999985 0.00126775 0.0494997 0.00326312 0.999999 0.000250368 1 0.000237183 0.999906 0.260986 0.0701063 0.552414
53.3 1 0.0074658 1.60504e-05 0.0945063 0.000448375 0.0970663 0.999999 0.00699989 0.00021124 0.0910264 0.0183335 0.0732363 0.99885 0.0163833 0.573979 0.0284657 0.986786 0.0199226 0.912898 0.014373 0.999945 0.0114395 0.999972 0.0106677 0.527712 0.00558036 0.999995 0.00157003 0.999985 0.00134109 0.0564537 0.0032688 0.999999 0.000254892 1 0.000240785 0.999917 0.225722 0.0667605 0.587205
53.34 1 0.00747802 1.55488e-05 0.0946273 0.00041351 0.0972723 0.999999 0.00700368 0.000131725 0.0911282 0.0117891 0.0761533 0.998947 0.0156831 0.494302 0.0313282 0.982157 0.0198682 0.915088 0.0145615 0.999932 0.011644 0.999969 0.010904 0.535196 0.00574479 0.999995 0.00165706 0.999985 0.00141541 0.0640474 0.00327606 0.999999 0.000260016 1 0.000244974 0.999926 0.193304 0.0637076 0.622372
53.38 1 0.0074895 1.57575e-05 0.0947388 0.000392558 0.0974524 0.999999 0.00701973 8.08291e-05 0.0912572 0.00733578 0.0787804 0.999035 0.0149692 0.416061 0.0347408 0.975953 0.019799 0.91739 0.0147381 0.999915 0.0118422 0.999966 0.011135 0.542078 0.00591073 0.999995 0.00174454 0.999985 0.00149039 0.0722683 0.00328502 0.999999 0.000265786 1 0.000249796 0.999934 0.164116 0.0609244 0.657131
53.42 1 0.00750031 1.67323e-05 0.0948416 0.000384039 0.0976111 0.999999 0.00704502 4.88465e-05 0.0914146 0.00441779 0.0811306 0.999115 0.0142703 0.341713 0.0387011 0.967612 0.0197287 0.919863 0.014903 0.999892 0.0120356 0.999962 0.0113618 0.548471 0.00607741 0.999995 0.00183214 0.999985 0.00156575 0.0810943 0.00329585 0.999999 0.000272253 1 0.000255299 0.999941 0.138356 0.058391 0.690718
53.46 1 0.00751053 1.86354e-05 0.0949366 0.000387447 0.0977518 0.999999 0.00707689 2.91204e-05 0.091599 0.00257729 0.0832249 0.999189 0.013607 0.27312 0.0431753 0.956342 0.0196756 0.922557 0.0150564 0.999861 0.0122258 0.999958 0.0115859 0.554524 0.00624393 0.999994 0.00191961 0.999985 0.00164134 0.0904958 0.00330871 0.999999 0.000279468 1 0.00026153 0.999947 0.116041 0.0560907 0.722469
53.5 1 0.00752019 2.1776e-05 0.0950244 0.000403221 0.0978775 1 0.00711304 1.71714e-05 0.0918071 0.00145924 0.085089 0.999258 0.0129907 0.211715 0.0480926 0.941039 0.0196633 0.925516 0.015199 0.999818 0.0124151 0.999952 0.0118086 0.560414 0.00640934 0.999994 0.0020069 0.999985 0.00171712 0.100438 0.00332378 0.999999 0.000287483 1 0.00026854 0.999952 0.0970229 0.0540107 0.751876
53.54 1 0.00752935 2.66881e-05 0.0951059 0.000432814 0.0979904 1 0.00715159 1.00515e-05 0.0920346 0.000804173 0.0867492 0.999324 0.0124253 0.158577 0.0533415 0.920196 0.0197219 0.92877 0.0153314 0.999757 0.0126058 0.999944 0.0120318 0.566336 0.00657259 0.999994 0.00209414 0.999984 0.00179322 0.110885 0.00334127 0.999999 0.000296351 1 0.00027638 0.999956 0.0810371 0.0521417 0.778618
53.58 1 0.00753804 3.42684e-05 0.0951814 0.000478871 0.0980922 1 0.00719102 5.8673e-06 0.0922764 0.00043305 0.0882308 0.999386 0.0119074 0.114376 0.0587693 0.891857 0.0198892 0.93233 0.0154546 0.99967 0.0128003 0.999934 0.0122572 0.572489 0.00673265 0.999994 0.00218169 0.999984 0.00186998 0.121801 0.00336134 0.999999 0.000306129 1 0.000285103 0.99996 0.0677462 0.0504783 0.802555
53.62 1 0.00754632 4.60209e-05 0.0952516 0.000545558 0.0981842 1 0.00723017 3.43328e-06 0.0925276 0.000228994 0.0895553 0.999447 0.0114278 0.0792384 0.0641901 0.853682 0.0202148 0.936187 0.0155697 0.999542 0.0130014 0.999921 0.0124867 0.57906 0.00688861 0.999993 0.00227016 0.999984 0.00194793 0.133154 0.00338417 0.999999 0.000316876 1 0.000294766 0.999963 0.0567851 0.049018 0.823705
53.66 1 0.00755422 6.44888e-05 0.0953168 0.000639059 0.0982673 1 0.00726811 2.02558e-06 0.0927834 0.000119588 0.0907408 0.999504 0.0109719 0.0526664 0.0694023 0.803286 0.0207617 0.940311 0.0156777 0.999353 0.0132117 0.999904 0.0127218 0.58621 0.00703971 0.999993 0.00236036 0.999983 0.00202778 0.144915 0.00340992 0.999999 0.000328659 1 0.00030543 0.999966 0.0477942 0.0477605 0.842203
53.7 1 0.00756181 9.40242e-05 0.0953772 0.000768325 0.0983417 1 0.00730412 1.21216e-06 0.0930394 6.20673e-05 0.0918016 0.999559 0.0105228 0.0335972 0.0742126 0.738961 0.0216091 0.944649 0.0157799 0.999067 0.0134339 0.999881 0.0129637 0.59406 0.0071855 0.999992 0.00245327 0.999983 0.00211037 0.157062 0.00343872 0.999999 0.000341549 1 0.000317162 0.999968 0.0404413 0.0467076 0.858257
53.74 1 0.00756916 0.000142166 0.0954329 0.000946174 0.0984075 1 0.00733759 7.40138e-07 0.0932914 3.22255e-05 0.0927486 0.99961 0.0100654 0.020611 0.0784607 0.660729 0.0228496 0.949132 0.0158773 0.998627 0.0136707 0.999849 0.0132134 0.602683 0.00732584 0.999991 0.00255001 0.999982 0.00219669 0.169575 0.00347071 0.999999 0.000355626 1 0.000330037 0.99997 0.0344336 0.0458619 0.872116
53.78 1 0.00757639 0.000222121 0.0954839 0.00119084 0.0984643 1 0.00736799 4.63697e-07 0.0935359 1.68481e-05 0.0935904 0.999657 0.00959224 0.0121971 0.0820371 0.571314 0.024581 0.95368 0.0159708 0.99794 0.0139244 0.999806 0.0134711 0.612117 0.007461 0.999991 0.00265175 0.999982 0.00228777 0.182434 0.00350598 0.999999 0.000370979 1 0.000344135 0.999972 0.029521 0.0452266 0.884038
53.82 1 0.00758362 0.000357249 0.0955294 0.0015282 0.0985109 1 0.00739495 2.99565e-07 0.0937694 8.92553e-06 0.0943338 0.999701 0.00910846 0.00699118 0.0848919 0.476137 0.0268892 0.958206 0.0160611 0.996849 0.0141976 0.999746 0.0137367 0.622356 0.00759158 0.99999 0.00275972 0.999981 0.0023847 0.195624 0.00354466 0.999999 0.000387705 1 0.000359548 0.999973 0.0254952 0.044805 0.894276
53.86 1 0.0075911 0.000589179 0.0955682 0.00199495 0.0985457 1 0.00741827 2.00411e-07 0.0939893 4.81919e-06 0.094985 0.99974 0.00863077 0.00390075 0.0870344 0.381945 0.0298268 0.962627 0.0161486 0.995095 0.0144927 0.99966 0.0140093 0.633361 0.00771848 0.999988 0.00287512 0.99998 0.00248856 0.209129 0.00358684 0.999999 0.000405912 1 0.000376375 0.999974 0.0221856 0.0446005 0.903063
53.9 1 0.00759918 0.000992456 0.0955976 0.00264297 0.0985662 1 0.00743799 1.39318e-07 0.0941932 2.6659e-06 0.0955496 0.999775 0.00818173 0.00213001 0.0885252 0.295008 0.0333933 0.966866 0.0162325 0.992234 0.0148125 0.999536 0.0142878 0.645067 0.00784288 0.999986 0.00299914 0.999979 0.00260041 0.222934 0.00363265 0.999999 0.00042572 1 0.000394726 0.999975 0.019454 0.0446173 0.910608
53.94 1 0.00760841 0.00170082 0.0956128 0.00354538 0.0985686 1 0.0074544 1.00887e-07 0.0943795 1.51777e-06 0.0960339 0.999806 0.00778239 0.0011445 0.0894629 0.219732 0.0375228 0.970863 0.0163106 0.987522 0.0151616 0.999352 0.0145704 0.657399 0.0079661 0.999984 0.00313289 0.999978 0.00272132 0.237033 0.00368218 0.999999 0.000447261 1 0.000414723 0.999976 0.0171894 0.0448595 0.917095
53.98 1 0.0076197 0.0029538 0.0956046 0.00480479 0.098548 1 0.00746797 7.62302e-08 0.0945476 8.92679e-07 0.0964448 0.999832 0.00744706 0.000608356 0.0899673 0.158181 0.0420854 0.97457 0.0163778 0.979706 0.0155483 0.999079 0.0148553 0.670271 0.00808953 0.999982 0.00327744 0.999977 0.00285228 0.251425 0.00373554 0.999999 0.000470681 0.999999 0.000436502 0.999977 0.0153028 0.0453322 0.922683
54.02 1 0.00763456 0.00517781 0.0955563 0.00656438 0.0984974 1 0.00747929 6.01495e-08 0.0946973 5.43975e-07 0.0967899 0.999855 0.00718169 0.000321518 0.0901622 0.110363 0.0469034 0.977953 0.0164236 0.96673 0.015988 0.998666 0.0151398 0.683586 0.00821454 0.999978 0.0034338 0.999975 0.00299427 0.266112 0.00379283 0.999999 0.000496147 0.999999 0.000460219 0.999977 0.0137235 0.0460406 0.927507
54.06 1 0.00765548 0.00912247 0.095438 0.00902235 0.0984076 1 0.00748897 4.95646e-08 0.0948294 3.44162e-07 0.0970774 0.999875 0.00698498 0.000169747 0.0901617 0.0748714 0.0517803 0.980995 0.0164301 0.945372 0.0165095 0.998037 0.0154207 0.697237 0.00834242 0.999973 0.0036029 0.999973 0.00314824 0.2811 0.00385415 0.999998 0.000523843 0.999999 0.000486048 0.999977 0.0123948 0.0469908 0.931682
54.1 1 0.00768662 0.0160769 0.0951968 0.0124503 0.0982667 1 0.00749758 4.26264e-08 0.0949451 2.26357e-07 0.0973157 0.999892 0.00685051 8.99101e-05 0.0900611 0.0495716 0.056532 0.983692 0.0163682 0.911019 0.0171635 0.99707 0.0156938 0.711103 0.00847432 0.999967 0.00378553 0.999971 0.003315 0.296385 0.0039196 0.999998 0.000553977 0.999999 0.000514183 0.999977 0.0112715 0.0481895 0.935304
54.14 1 0.00773486 0.0281755 0.094742 0.0172154 0.09806 1 0.00750565 3.82165e-08 0.0950458 1.54841e-07 0.0975134 0.999906 0.00676899 4.79545e-05 0.0899328 0.032152 0.0610133 0.986053 0.0161977 0.858167 0.0180325 0.995581 0.0159535 0.725075 0.00861119 0.99996 0.00398234 0.999968 0.00349531 0.311943 0.00398932 0.999998 0.000586775 0.999999 0.000544838 0.999977 0.0103175 0.0496441 0.938457
54.18 1 0.00781137 0.0487286 0.0939246 0.0238056 0.0977703 1 0.0075136 3.56627e-08 0.0951333 1.10135e-07 0.0976782 0.999918 0.00673001 2.58374e-05 0.0898265 0.0205121 0.0651312 0.988095 0.0158728 0.782471 0.0192397 0.993286 0.0161922 0.739051 0.00875361 0.999949 0.00419382 0.999965 0.00368978 0.327718 0.00406351 0.999998 0.000622474 0.999999 0.000578241 0.999977 0.00950374 0.0513624 0.941208
54.22 1 0.00793363 0.0823159 0.0925181 0.0328557 0.0973784 1 0.00752188 3.45775e-08 0.0952091 8.13806e-08 0.0978175 0.999928 0.00672335 1.4102e-05 0.0897716 0.0129286 0.0688451 0.989841 0.0153617 0.684272 0.020944 0.989757 0.0164017 0.752944 0.00890183 0.999935 0.0044203 0.999961 0.00389892 0.343614 0.00414242 0.999998 0.000661307 0.999999 0.000614616 0.999977 0.00880676 0.0533535 0.943616
54.26 1 0.00812702 0.134044 0.0902206 0.0451684 0.0968647 1 0.00753093 3.47676e-08 0.0952749 6.23789e-08 0.0979379 0.999936 0.00673983 7.81529e-06 0.0897816 0.00808569 0.0721573 0.99132 0.0146712 0.571115 0.0233139 0.984363 0.0165756 0.766691 0.0090558 0.999916 0.00466193 0.999957 0.00412313 0.359494 0.00422643 0.999998 0.000703489 0.999999 0.000654173 0.999976 0.00820768 0.0556279 0.94573
54.3 1 0.00842426 0.207265 0.0867164 0.0616866 0.0962084 1 0.00754128 3.62753e-08 0.0953324 4.95986e-08 0.0980453 0.999943 0.0067718 4.4003e-06 0.0898587 0.00503493 0.0750985 0.992563 0.0138586 0.455607 0.02648 0.976202 0.0167145 0.780281 0.00921534 0.999889 0.0049188 0.999951 0.00436273 0.375207 0.00431598 0.999997 0.000749192 0.999999 0.000697085 0.999976 0.00769115 0.0582052 0.947593
54.34 1 0.00885955 0.30023 0.0818257 0.0833725 0.0953858 1 0.00755354 3.95584e-08 0.0953833 4.10983e-08 0.0981448 0.999949 0.00681336 2.50838e-06 0.0899977 0.00312542 0.0777121 0.993601 0.0130092 0.349444 0.0304888 0.964013 0.0168312 0.793733 0.00938031 0.99985 0.00519108 0.999943 0.00461812 0.390645 0.00441154 0.999997 0.000798549 0.999999 0.000743489 0.999975 0.00724473 0.0611315 0.949238
54.38 1 0.00945744 0.404782 0.0756783 0.11113 0.094362 1 0.00756828 4.55782e-08 0.0954294 3.571e-08 0.0982415 0.999954 0.00686034 1.43846e-06 0.0901893 0.00193222 0.0800428 0.994467 0.0121998 0.259468 0.0352808 0.946118 0.016954 0.807072 0.00955075 0.999795 0.00547915 0.999934 0.0048898 0.405768 0.00451346 0.999997 0.000851668 0.999999 0.000793499 0.999975 0.00685837 0.0644753 0.950698
54.42 1 0.0102222 0.509496 0.0687489 0.145706 0.0930783 1 0.00758588 5.58895e-08 0.0954722 3.2661e-08 0.0983395 0.999959 0.00690994 8.26727e-07 0.0904233 0.00118873 0.0821295 0.995192 0.0114747 0.187545 0.0406953 0.920447 0.0171257 0.820303 0.00972697 0.999712 0.00578363 0.999922 0.0051784 0.420607 0.0046219 0.999996 0.000908666 0.999999 0.000847239 0.999974 0.00652393 0.0683079 0.951997
54.46 1 0.0111356 0.604863 0.0616781 0.187529 0.0914471 1 0.00760636 7.32334e-08 0.0955121 3.1515e-08 0.0984426 0.999964 0.00696035 4.75513e-07 0.0906892 0.000727135 0.0840039 0.995801 0.010844 0.132421 0.046498 0.884727 0.0174019 0.833395 0.0099094 0.99959 0.00610538 0.999905 0.00548456 0.435252 0.00473681 0.999996 0.000969704 0.999999 0.000904876 0.999973 0.00623486 0.0727064 0.953159
54.5 0.999999 0.0121643 0.68602 0.0550245 0.236508 0.0893669 1 0.0076294 1.02473e-07 0.0955485 3.22158e-08 0.0985533 0.999968 0.00701035 2.74618e-07 0.0909779 0.000440932 0.0856905 0.99632 0.0102946 0.0914873 0.0524189 0.836947 0.0178485 0.846276 0.0100986 0.999404 0.00644539 0.999884 0.00580884 0.449821 0.00485792 0.999996 0.00103501 0.999998 0.000966641 0.999971 0.00598588 0.0777772 0.954205
54.54 0.999999 0.0132708 0.752179 0.0491276 0.291877 0.0867535 1 0.00765439 1.52584e-07 0.0955789 3.50341e-08 0.0986728 0.999971 0.00705902 1.60137e-07 0.0912811 0.000264242 0.0872082 0.996766 0.00980273 0.0618847 0.0581905 0.776106 0.0185389 0.85885 0.010295 0.99912 0.00680469 0.999855 0.00615153 0.464444 0.00498485 0.999995 0.00110492 0.999998 0.00103285 0.99997 0.00577283 0.0836468 0.955151
54.58 0.999999 0.0144204 0.804828 0.0441119 0.352227 0.0835734 1 0.00768061 2.40688e-07 0.0955994 4.05721e-08 0.0988013 0.999975 0.00710563 9.47759e-08 0.0915917 0.000156377 0.088572 0.997152 0.00934539 0.0410011 0.0635796 0.702989 0.0195501 0.871016 0.010499 0.998683 0.00718424 0.999817 0.0065126 0.479229 0.00511714 0.999994 0.00117983 0.999998 0.00110393 0.999968 0.00559249 0.0904381 0.956013
54.62 0.999998 0.015584 0.846246 0.0399572 0.415674 0.0798629 0.999999 0.0077073 3.99907e-07 0.0956054 4.99878e-08 0.0989378 0.999978 0.00714955 5.7238e-08 0.0919036 9.14633e-05 0.089794 0.997491 0.00890745 0.0266199 0.0684086 0.620495 0.0209559 0.882686 0.0107107 0.998004 0.00758498 0.999764 0.0068916 0.494255 0.00525439 0.999994 0.00126027 0.999998 0.00118038 0.999967 0.00544244 0.0982743 0.956806
54.66 0.999998 0.0167373 0.878705 0.0365703 0.480143 0.0757251 0.999999 0.00773381 6.95385e-07 0.0955927 6.53572e-08 0.0990807 0.99998 0.00719031 3.54604e-08 0.0922115 5.29892e-05 0.0908843 0.99779 0.00848482 0.0169494 0.072566 0.533166 0.0228187 0.893788 0.0109299 0.996942 0.00800782 0.999692 0.00728774 0.509569 0.00539633 0.999993 0.00134683 0.999998 0.00126277 0.999964 0.00532093 0.107276 0.957541
54.7 0.999997 0.0178592 0.904158 0.0338336 0.543658 0.0713091 0.999999 0.00775955 1.25699e-06 0.0955576 9.03254e-08 0.0992277 0.999982 0.00722757 2.26458e-08 0.092511 3.05105e-05 0.0918523 0.998054 0.00808288 0.0105932 0.076008 0.446155 0.0251791 0.904268 0.0111558 0.995274 0.00845378 0.999592 0.00769985 0.525199 0.00554281 0.999991 0.00144015 0.999997 0.00135179 0.999962 0.00522681 0.117558 0.95823
54.74 0.999996 0.0189302 0.924174 0.0316316 0.604559 0.0667814 0.999999 0.00778402 2.34633e-06 0.0954979 1.3129e-07 0.0993763 0.999984 0.00726125 1.49702e-08 0.0927984 1.75329e-05 0.0927066 0.998288 0.00771208 0.00650778 0.0787513 0.363991 0.0280478 0.914085 0.0113872 0.992646 0.00892424 0.999451 0.00812646 0.541154 0.00569381 0.99999 0.00154096 0.999997 0.00144814 0.999959 0.00515947 0.129218 0.958883
54.78 0.999995 0.0199328 0.939973 0.0298615 0.661607 0.0622986 0.999999 0.00780683 4.49392e-06 0.0954129 1.9954e-07 0.099524 0.999986 0.00729143 1.02783e-08 0.0930709 1.01035e-05 0.0934561 0.998495 0.00738289 0.00393757 0.0808599 0.289853 0.0314 0.923212 0.0116217 0.988496 0.00942145 0.999251 0.00856573 0.557417 0.00584946 0.999988 0.00165005 0.999996 0.00155263 0.999955 0.00511878 0.142335 0.959508
54.82 0.999994 0.020852 0.952493 0.0284369 0.713975 0.0579897 0.999998 0.00782767 8.77891e-06 0.0953033 3.15099e-07 0.0996683 0.999987 0.00731837 7.34767e-09 0.0933267 5.86798e-06 0.0941097 0.998678 0.00710264 0.00235183 0.0824274 0.225514 0.0351751 0.931638 0.011855 0.981947 0.00994957 0.998964 0.00901556 0.573959 0.00601 0.999985 0.00176823 0.999996 0.00166611 0.999951 0.00510508 0.156958 0.960114
54.86 0.999992 0.0216758 0.962448 0.0272871 0.761194 0.0539486 0.999998 0.00784632 1.73955e-05 0.0951708 5.136e-07 0.099807 0.999989 0.00734242 5.47791e-09 0.0935647 3.45188e-06 0.0946768 0.998839 0.0068746 0.00139015 0.083561 0.171576 0.0392803 0.939362 0.0120806 0.971651 0.0105163 0.99855 0.00947346 0.590732 0.00617577 0.999982 0.00189636 0.999995 0.00178947 0.999946 0.0051191 0.173099 0.960708
54.9 0.999989 0.0223963 0.970385 0.0263552 0.803076 0.0502341 0.999998 0.00786265 3.47877e-05 0.0950182 8.58453e-07 0.0999381 0.999989 0.00736398 4.26244e-09 0.0937847 2.06627e-06 0.0951669 0.99898 0.00669838 0.000815399 0.0843676 0.127773 0.0435982 0.94639 0.0122877 0.955624 0.0111356 0.997948 0.00993652 0.607675 0.00634718 0.999978 0.00203532 0.999995 0.00192364 0.99994 0.00516197 0.190728 0.961296
54.94 0.999986 0.0230091 0.976723 0.0255957 0.839648 0.0468753 0.999997 0.00787663 6.98941e-05 0.0948484 1.4621e-06 0.10006 0.99999 0.00738347 3.46173e-09 0.0939869 1.26381e-06 0.0955894 0.999103 0.00657082 0.000475928 0.084944 0.093251 0.048 0.952739 0.0124604 0.931122 0.0118312 0.99707 0.0104012 0.624712 0.00652466 0.999972 0.00218598 0.999994 0.00206958 0.999932 0.00523517 0.209767 0.961884
54.98 0.999982 0.023514 0.981786 0.0249725 0.871094 0.0438786 0.999996 0.0078883 0.000140518 0.0946646 2.52255e-06 0.100172 0.999991 0.00740125 2.93255e-09 0.0941721 7.92605e-07 0.0959535 0.999209 0.00648698 0.000277206 0.0853717 0.0668047 0.0523599 0.958432 0.0125768 0.894764 0.012642 0.995783 0.0108633 0.641764 0.00670862 0.999965 0.0023492 0.999993 0.00222822 0.999924 0.00534053 0.230094 0.962476
55.02 0.999978 0.0239141 0.985827 0.024457 0.897714 0.0412337 0.999995 0.0078978 0.000281681 0.0944691 4.38489e-06 0.100272 0.999991 0.00741764 2.58819e-09 0.0943416 5.11139e-07 0.0962679 0.999302 0.00644085 0.000161567 0.0857148 0.047073 0.0565692 0.9635 0.0126097 0.843211 0.0136267 0.993897 0.0113175 0.658752 0.00689938 0.999955 0.00252577 0.999991 0.00240048 0.999913 0.00548019 0.251544 0.963077
55.06 0.999971 0.0242154 0.989044 0.0240265 0.919896 0.03892 0.999994 0.0079054 0.000561262 0.0942632 7.64254e-06 0.10036 0.999992 0.00743289 2.37593e-09 0.0944966 3.3966e-07 0.0965405 0.999382 0.00642596 9.44719e-05 0.0860205 0.0326981 0.0605459 0.96798 0.0125321 0.774614 0.0148669 0.991138 0.011758 0.675621 0.00709712 0.999942 0.00271643 0.99999 0.00258724 0.9999 0.00565659 0.273917 0.963689
55.1 0.999964 0.0244262 0.991595 0.0236632 0.938086 0.0369109 0.999993 0.00791155 0.0011086 0.0940453 1.33003e-05 0.100437 0.999992 0.0074472 2.26408e-09 0.0946384 2.32907e-07 0.0967783 0.999451 0.00643587 5.55562e-05 0.0863205 0.0224524 0.0642391 0.971911 0.0123276 0.690313 0.0164635 0.987117 0.0121786 0.692329 0.00730182 0.999925 0.0029219 0.999988 0.00278939 0.999884 0.00587246 0.29699 0.964316
55.14 0.999954 0.0245565 0.993606 0.023353 0.952761 0.0351766 0.999991 0.00791698 0.00216538 0.0938095 2.303e-05 0.100503 0.999992 0.00746071 2.23456e-09 0.0947685 1.64927e-07 0.0969876 0.99951 0.00646454 3.29361e-05 0.0866341 0.0152869 0.0676268 0.975339 0.0120004 0.59553 0.0185228 0.981301 0.0125753 0.708847 0.00751329 0.999901 0.00314284 0.999985 0.00300776 0.999865 0.00613079 0.320529 0.96496
55.18 0.999941 0.0246174 0.99518 0.0230849 0.964411 0.0336867 0.99999 0.00792295 0.00417296 0.0935415 3.9561e-05 0.10056 0.999993 0.00747351 2.27868e-09 0.094888 1.20633e-07 0.0971735 0.999562 0.00650668 1.97279e-05 0.0869708 0.0103522 0.0707103 0.978311 0.0115793 0.497992 0.0211359 0.972973 0.012948 0.72517 0.00773131 0.999867 0.00337988 0.999982 0.00324322 0.999841 0.00643483 0.3443 0.965622
55.22 0.999925 0.0246203 0.996403 0.0228503 0.973512 0.0324115 0.999987 0.00793161 0.007915 0.0932129 6.72608e-05 0.10061 0.999993 0.00748569 2.39484e-09 0.0949982 9.11158e-08 0.0973402 0.999606 0.00655787 1.19626e-05 0.0873334 0.0069931 0.0735057 0.980877 0.0111085 0.405243 0.0243548 0.961223 0.0133041 0.741309 0.00795569 0.999821 0.00363373 0.999978 0.00349666 0.999812 0.00678808 0.368083 0.966301
55.26 0.999904 0.0245766 0.997342 0.0226424 0.980511 0.0313227 0.999985 0.00794658 0.0147325 0.0927713 0.000112978 0.100657 0.999993 0.00749733 2.58744e-09 0.0951001 7.10189e-08 0.0974914 0.999644 0.00661469 7.35696e-06 0.0877198 0.0047252 0.0760368 0.983086 0.0106322 0.322467 0.0281766 0.94495 0.0136597 0.757259 0.00818636 0.999755 0.00390516 0.999972 0.00376901 0.999776 0.00719426 0.391676 0.966999
55.3 0.999878 0.024497 0.998057 0.0224563 0.985814 0.0303944 0.999982 0.00797396 0.0268037 0.092126 0.000187244 0.10071 0.999993 0.00750852 2.8667e-09 0.0951948 5.70632e-08 0.0976298 0.999677 0.00667454 4.5963e-06 0.0881257 0.0032015 0.078329 0.984986 0.0101818 0.25202 0.0325386 0.922933 0.0140397 0.772986 0.00842349 0.99966 0.00419498 0.999965 0.00406121 0.999732 0.00765731 0.414906 0.967713
55.34 0.999845 0.0243916 0.998595 0.022288 0.989775 0.0296027 0.999979 0.00802361 0.0473937 0.0911303 0.000305944 0.100783 0.999993 0.00751941 3.24923e-09 0.0952834 4.72016e-08 0.0977579 0.999705 0.00673555 2.92126e-06 0.0885455 0.00217966 0.0804064 0.98662 0.00977264 0.194119 0.0373242 0.893975 0.0144768 0.788427 0.00866744 0.999524 0.00450406 0.999954 0.00437414 0.999677 0.00818137 0.437633 0.968444
55.38 0.999803 0.0242692 0.998995 0.0221344 0.992693 0.0289259 0.999975 0.0081105 0.0807921 0.0895682 0.000492649 0.100895 0.999993 0.00753022 3.7594e-09 0.0953671 4.01308e-08 0.0978775 0.999729 0.00679634 1.891e-06 0.0889734 0.00149378 0.0822905 0.988029 0.0094063 0.14774 0.0423778 0.857159 0.0150097 0.8035 0.00891869 0.999326 0.0048332 0.999941 0.00470848 0.999609 0.00877077 0.45975 0.969188
55.42 0.999749 0.0241375 0.999288 0.0219934 0.994817 0.0283445 0.999971 0.00825522 0.131421 0.0871656 0.000781862 0.10108 0.999993 0.00754126 4.43176e-09 0.0954473 3.50036e-08 0.0979905 0.99975 0.0068559 1.24783e-06 0.0894039 0.00103195 0.0839993 0.989248 0.00907628 0.111327 0.0475238 0.812149 0.0156808 0.818111 0.00917778 0.999038 0.00518313 0.999922 0.00506465 0.999525 0.00943006 0.481186 0.969943
55.46 0.99968 0.0240034 0.999501 0.0218633 0.996346 0.0278404 0.999966 0.00848191 0.201724 0.0836561 0.00122327 0.10138 0.999993 0.00755299 5.31968e-09 0.0955261 3.12828e-08 0.0980988 0.999769 0.00691345 8.39489e-07 0.0898317 0.000719293 0.0855483 0.990306 0.00877334 0.0831926 0.0525873 0.759436 0.0165332 0.832174 0.00944512 0.998617 0.00555445 0.999895 0.00544277 0.99942 0.0101639 0.501897 0.970707
55.5 0.999592 0.0238722 0.999653 0.0217427 0.997435 0.0273976 0.999961 0.00881169 0.289515 0.0789122 0.00188535 0.101847 0.999992 0.00756592 6.53174e-09 0.0956061 2.87238e-08 0.0982043 0.999785 0.0069684 5.74461e-07 0.0902525 0.00050573 0.0869506 0.991227 0.00848942 0.0617301 0.0574122 0.700359 0.0176085 0.845623 0.00972091 0.997999 0.00594765 0.999858 0.00584257 0.999291 0.0109773 0.52183 0.971477
55.54 0.99948 0.0237481 0.999761 0.0216307 0.998205 0.0270018 0.999955 0.00925292 0.387456 0.0730768 0.00286292 0.102524 0.999992 0.00758053 8.23528e-09 0.0956902 2.71451e-08 0.0983093 0.999799 0.00702031 3.99093e-07 0.0906624 0.00035848 0.0882175 0.992032 0.00821984 0.0455377 0.0618747 0.636985 0.0189433 0.858418 0.010005 0.997091 0.00636321 0.999806 0.00626348 0.99913 0.011875 0.540969 0.97225
55.58 0.999337 0.0236334 0.999837 0.0215264 0.998744 0.0266416 0.999949 0.00979397 0.485893 0.0665689 0.00428651 0.103434 0.999992 0.00759709 1.07134e-08 0.0957817 2.64536e-08 0.0984159 0.999812 0.0070689 2.80635e-07 0.0910581 0.00025582 0.0893591 0.99274 0.00796379 0.0334347 0.0658902 0.571734 0.0205659 0.870527 0.0102969 0.995753 0.00680164 0.999732 0.00670461 0.998932 0.0128621 0.559324 0.973022
55.62 0.999156 0.0235287 0.99989 0.021429 0.999122 0.0263082 0.999943 0.0104043 0.576818 0.0599306 0.00633355 0.104559 0.999992 0.00761561 1.44733e-08 0.0958833 2.66666e-08 0.0985262 0.999824 0.00711402 1.98873e-07 0.0914372 0.000183357 0.0903847 0.993366 0.00772338 0.024454 0.069415 0.506941 0.0224942 0.881932 0.0105954 0.993784 0.0072636 0.999624 0.00716475 0.998687 0.0139437 0.576917 0.973791
55.66 0.998926 0.0234333 0.999926 0.0213377 0.999385 0.0259957 0.999937 0.0110433 0.655937 0.0536343 0.00924666 0.105843 0.999991 0.00763576 2.03531e-08 0.0959968 2.78284e-08 0.0986414 0.999836 0.00715564 1.41792e-07 0.0917976 0.00013179 0.091303 0.993924 0.00750211 0.0178266 0.0724422 0.444586 0.0247333 0.892618 0.0108989 0.990889 0.00775011 0.999468 0.00764236 0.998386 0.015125 0.59378 0.974553
55.7 0.998636 0.0233457 0.99995 0.0212514 0.999568 0.0257004 0.99993 0.0116717 0.722253 0.0479757 0.0133549 0.107195 0.999991 0.00765702 2.97794e-08 0.0961223 3.00459e-08 0.098762 0.999848 0.00719386 1.0171e-07 0.0921381 9.49091e-05 0.0921227 0.994426 0.00730348 0.0129591 0.0749951 0.386066 0.0272752 0.902574 0.0112047 0.986649 0.00826287 0.999238 0.00813558 0.998016 0.0164114 0.609952 0.975305
55.74 0.998271 0.0232642 0.999967 0.0211689 0.999695 0.0254201 0.999923 0.0122598 0.776683 0.0430752 0.019098 0.108502 0.99999 0.0076788 4.52174e-08 0.0962582 3.35114e-08 0.0988879 0.999859 0.00722883 7.34853e-08 0.0924579 6.8465e-05 0.092852 0.99488 0.00712995 0.00939874 0.0771173 0.332218 0.030099 0.9118 0.0115091 0.980473 0.00880485 0.998897 0.00864217 0.997561 0.0178081 0.625469 0.976045
55.78 0.997814 0.0231873 0.999978 0.021089 0.999784 0.0251533 0.999917 0.0127908 0.820896 0.0389309 0.0270489 0.109643 0.99999 0.00770056 7.09638e-08 0.0964018 3.85263e-08 0.0990181 0.99987 0.00726078 5.35795e-08 0.0927569 4.94897e-05 0.0934991 0.995294 0.00698261 0.0068037 0.0788644 0.283451 0.0331728 0.920306 0.0118064 0.97155 0.0093811 0.998391 0.0091596 0.997003 0.0193205 0.640364 0.976769
55.82 0.997243 0.0231139 0.999985 0.0210104 0.999847 0.0248987 0.999909 0.0132605 0.856647 0.0354759 0.03793 0.110496 0.999989 0.00772185 1.14545e-07 0.096549 4.55361e-08 0.0991512 0.99988 0.00728996 3.95134e-08 0.0930351 3.58754e-05 0.0940722 0.995672 0.00686132 0.00491804 0.0802964 0.239869 0.036455 0.928107 0.012089 0.958808 0.00999994 0.997634 0.00968503 0.99632 0.020954 0.65467 0.977475
55.86 0.996533 0.0230434 0.99999 0.0209314 0.999891 0.0246552 0.999902 0.0136747 0.885504 0.0326189 0.0526065 0.11094 0.999988 0.00774236 1.89175e-07 0.0966953 5.51812e-08 0.0992856 0.999889 0.00731662 2.95418e-08 0.0932932 2.61094e-05 0.094579 0.996019 0.00676499 0.00355153 0.0814719 0.201379 0.0398967 0.935229 0.0123463 0.940912 0.0106744 0.996499 0.0102154 0.995487 0.0227138 0.668413 0.978161
55.9 0.995655 0.0229758 0.999994 0.0208506 0.999922 0.0244214 0.999894 0.0140468 0.908773 0.0302667 0.072043 0.110855 0.999987 0.0077619 3.18057e-07 0.0968356 6.83727e-08 0.0994196 0.999898 0.00734102 2.24375e-08 0.0935319 1.91013e-05 0.095027 0.996337 0.0066919 0.00256352 0.0824448 0.167764 0.0434447 0.9417 0.012565 0.916332 0.0114242 0.994794 0.0107476 0.994471 0.024605 0.681619 0.978824
55.94 0.994572 0.0229114 0.999996 0.0207663 0.999944 0.0241954 0.999885 0.0143944 0.927509 0.0283353 0.0971999 0.110133 0.999986 0.00778041 5.41878e-07 0.0969649 8.64024e-08 0.0995519 0.999906 0.00736339 1.73411e-08 0.0937522 1.40652e-05 0.0954229 0.99663 0.00663997 0.00185053 0.0832619 0.138724 0.0470441 0.947555 0.0127289 0.883554 0.012277 0.992234 0.0112784 0.993238 0.0266325 0.694315 0.979462
55.98 0.993244 0.0228506 0.999997 0.0206766 0.999959 0.0239753 0.999876 0.0147369 0.942561 0.0267532 0.128864 0.108677 0.999984 0.00779789 9.31836e-07 0.0970778 1.11106e-07 0.0996811 0.999913 0.00738397 1.36538e-08 0.0939553 1.04366e-05 0.0957734 0.996897 0.00660694 0.00133674 0.0839626 0.113906 0.0506413 0.952831 0.0128211 0.841444 0.0132697 0.988401 0.0118054 0.991744 0.0288009 0.706526 0.980074
56.02 0.991623 0.0227943 0.999998 0.0205796 0.999971 0.0237588 0.999866 0.0150936 0.954616 0.0254616 0.167427 0.106419 0.999983 0.0078144 1.61218e-06 0.0971695 1.45105e-07 0.0998063 0.99992 0.00740294 1.09595e-08 0.0941423 7.81139e-06 0.0960844 0.997143 0.00659047 0.000966824 0.0845786 0.0929236 0.0541873 0.957567 0.0128262 0.789722 0.0144484 0.98269 0.0123273 0.989942 0.0311147 0.718278 0.980657
56.06 0.989655 0.022743 0.999999 0.0204733 0.999979 0.0235432 0.999854 0.0154811 0.964235 0.0244125 0.212683 0.103336 0.999981 0.00783005 2.79879e-06 0.0972351 1.92243e-07 0.0999267 0.999925 0.00742049 8.97198e-09 0.0943144 5.90025e-06 0.096361 0.997367 0.00658825 0.000700538 0.085135 0.075366 0.0576396 0.961803 0.0127342 0.729348 0.015865 0.974264 0.0128456 0.987774 0.0335778 0.729599 0.981209
56.1 0.987276 0.0226976 0.999999 0.0203552 0.999984 0.0233256 0.999842 0.0159111 0.971876 0.023567 0.263688 0.0994696 0.999979 0.00784492 4.86037e-06 0.0972707 2.5907e-07 0.100042 0.999931 0.00743678 7.50965e-09 0.0944728 4.48798e-06 0.096608 0.997572 0.00659801 0.000508568 0.0856504 0.0608114 0.0609639 0.965579 0.0125435 0.662571 0.017572 0.962004 0.0133662 0.98518 0.036194 0.740515 0.981729
56.14 0.984415 0.0226586 0.999999 0.0202227 0.999988 0.0231025 0.999829 0.0163888 0.97792 0.0228931 0.318864 0.0949273 0.999977 0.00785909 8.42528e-06 0.097273 3.55871e-07 0.100152 0.999935 0.00745194 6.4378e-09 0.0946187 3.43226e-06 0.0968296 0.997759 0.00661763 0.000369907 0.0861384 0.0488543 0.0641344 0.968934 0.0122619 0.592515 0.0196151 0.944517 0.0139014 0.982088 0.0389669 0.751056 0.982215
56.18 0.980992 0.0226263 1 0.0200728 0.999991 0.0228704 0.999815 0.0169118 0.98268 0.0223637 0.376277 0.0898777 0.999974 0.00787256 1.45628e-05 0.0972399 4.98565e-07 0.100256 0.999939 0.0074661 5.655e-09 0.0947533 2.63778e-06 0.0970293 0.99793 0.00664511 0.000269557 0.0866085 0.0391089 0.0671334 0.971907 0.0119039 0.522463 0.0220248 0.920234 0.0144724 0.978424 0.0418994 0.761254 0.982665
56.22 0.976918 0.0226008 1 0.0199024 0.999994 0.0226251 0.999799 0.0174714 0.986418 0.0219555 0.433983 0.084524 0.999972 0.00788531 2.50841e-05 0.097171 7.12272e-07 0.100354 0.999943 0.00747935 5.08943e-09 0.0948775 2.03706e-06 0.0972103 0.998086 0.00667868 0.000196791 0.0870666 0.0312195 0.06995 0.974538 0.0114869 0.455212 0.0248099 0.887666 0.0151102 0.974103 0.0449946 0.771144 0.983077
56.26 0.972099 0.0225819 1 0.0197079 0.999995 0.022362 0.999781 0.0180539 0.989345 0.0216479 0.490316 0.079073 0.999969 0.00789724 4.30443e-05 0.0970669 1.03694e-06 0.100446 0.999946 0.00749176 4.69113e-09 0.0949924 1.58134e-06 0.0973752 0.998229 0.00671669 0.00014393 0.0875161 0.0248676 0.0725789 0.976864 0.0110279 0.392726 0.027953 0.845837 0.0158552 0.96904 0.048255 0.780764 0.983449
56.3 0.96643 0.0225688 1 0.0194854 0.999997 0.0220763 0.999762 0.0186432 0.991632 0.0214226 0.544037 0.0737078 0.999966 0.00790825 7.35688e-05 0.0969299 1.53631e-06 0.100533 0.99995 0.00750342 4.42592e-09 0.0950987 1.23477e-06 0.0975261 0.99836 0.00675773 0.000105466 0.0879584 0.0197756 0.0750195 0.97892 0.0105419 0.336127 0.03141 0.794777 0.0167545 0.963141 0.0516832 0.790151 0.983779
56.34 0.959806 0.0225609 1 0.019231 0.999997 0.021763 0.999742 0.0192233 0.993418 0.0212632 0.594356 0.0685711 0.999963 0.00791822 0.000125205 0.096763 2.31235e-06 0.100612 0.999952 0.00751438 4.27103e-09 0.0951973 9.707e-07 0.097665 0.99848 0.00680051 7.74363e-05 0.0883937 0.0157075 0.0772738 0.98074 0.0100435 0.285841 0.0351124 0.735848 0.0178566 0.956315 0.0552816 0.799345 0.984064
56.38 0.952107 0.022557 1 0.0189405 0.999998 0.0214167 0.999719 0.0197801 0.994813 0.0211552 0.64086 0.0637601 0.999959 0.00792705 0.000212099 0.0965697 3.52794e-06 0.100685 0.999955 0.00752468 4.2122e-09 0.0952888 7.69108e-07 0.0977933 0.998589 0.00684398 5.69853e-05 0.0888208 0.0124666 0.0793467 0.982352 0.00954774 0.2418 0.0389744 0.671612 0.019205 0.948469 0.0590524 0.808387 0.984302
56.42 0.943218 0.022556 1 0.0186098 0.999999 0.0210321 0.999695 0.0203021 0.995904 0.021086 0.683418 0.0593303 0.999955 0.0079347 0.000357471 0.0963533 5.44264e-06 0.10075 0.999957 0.00753436 4.2417e-09 0.0953739 6.14885e-07 0.0979123 0.998689 0.00688727 4.20458e-05 0.0892384 0.00989049 0.0812445 0.983784 0.00906998 0.203644 0.0429019 0.605257 0.0208319 0.939512 0.0629981 0.817312 0.984491
56.46 0.933019 0.0225562 1 0.018235 0.999999 0.0206042 0.999667 0.0207814 0.996757 0.0210449 0.722077 0.0553039 0.999951 0.00794121 0.000599057 0.0961166 8.46813e-06 0.100808 0.999959 0.00754346 4.35727e-09 0.0954531 4.96601e-07 0.0980231 0.998781 0.00692971 3.11186e-05 0.0896447 0.00784631 0.0829747 0.98506 0.00862458 0.170862 0.0468029 0.539845 0.0227536 0.929362 0.067121 0.826156 0.984626
56.5 0.921398 0.022556 1 0.0178126 0.999999 0.0201284 0.999637 0.0212129 0.997426 0.0210228 0.75699 0.0516791 0.999947 0.00794674 0.000997505 0.0958611 1.32529e-05 0.100859 0.999961 0.007552 4.5615e-09 0.0955268 4.05609e-07 0.0981264 0.998865 0.00697086 2.31145e-05 0.0900378 0.0062264 0.084546 0.986199 0.00822277 0.142879 0.0505964 0.477739 0.0249698 0.917948 0.0714231 0.834947 0.984703
56.54 0.90824 0.0225536 1 0.01734 0.999999 0.0196008 0.999604 0.0215943 0.997952 0.0210123 0.788362 0.0484386 0.999942 0.00795157 0.00164902 0.0955864 2.08094e-05 0.100903 0.999962 0.00756001 4.86161e-09 0.0955954 3.35372e-07 0.098223 0.998941 0.00701045 1.72417e-05 0.0904164 0.00494402 0.0859679 0.987221 0.00787138 0.119121 0.0542188 0.4204 0.0274644 0.90521 0.0759066 0.843707 0.98472
56.58 0.893421 0.022547 1 0.0168149 0.999999 0.0190184 0.999566 0.0219252 0.998367 0.0210074 0.816423 0.0455562 0.999937 0.00795617 0.00270394 0.0952887 3.27013e-05 0.100939 0.999964 0.00756753 5.2696e-09 0.0956594 2.80956e-07 0.0983134 0.999011 0.00704832 1.29239e-05 0.090779 0.00392958 0.0872506 0.98814 0.00757277 0.0990393 0.057626 0.368483 0.0302089 0.891107 0.0805731 0.852454 0.98467
56.62 0.876828 0.0225339 1 0.0162366 1 0.0183793 0.999524 0.0222069 0.998694 0.0210034 0.841407 0.0430016 0.999931 0.00796131 0.00439311 0.0949602 5.13158e-05 0.10097 0.999965 0.00757459 5.80289e-09 0.095719 2.38639e-07 0.0983981 0.999074 0.00708443 9.7411e-06 0.0911251 0.00312739 0.0884047 0.988971 0.00732563 0.0821295 0.0607927 0.322058 0.0331661 0.875615 0.0854236 0.861194 0.984549
56.66 0.858367 0.0225119 1 0.0156051 1 0.0176831 0.999476 0.0224416 0.998954 0.0209965 0.863546 0.0407431 0.999924 0.00796811 0.00706377 0.0945863 8.02491e-05 0.100997 0.999966 0.00758123 6.48531e-09 0.0957746 2.05617e-07 0.0984775 0.999132 0.00711879 7.3877e-06 0.0914539 0.00249304 0.0894409 0.989724 0.0071262 0.0679381 0.0637096 0.280852 0.0362937 0.858737 0.0904581 0.869921 0.984349
56.7 0.837957 0.0224783 1 0.0149224 1 0.0169309 0.999421 0.0226321 0.99916 0.0209839 0.883069 0.0387499 0.999918 0.00797825 0.0112248 0.0941435 0.000124844 0.101022 0.999967 0.00758749 7.34852e-09 0.0958265 1.79784e-07 0.0985521 0.999185 0.00715142 5.64118e-06 0.0917655 0.00199126 0.0903699 0.990409 0.00696938 0.0560646 0.0663792 0.244423 0.0395476 0.840501 0.0956755 0.878621 0.984064
56.74 0.815533 0.02243 1 0.0141917 1 0.0161258 0.999357 0.022782 0.999324 0.0209636 0.900197 0.0369927 0.99991 0.00799414 0.0175978 0.0935961 0.000192923 0.101049 0.999968 0.00759344 8.43396e-09 0.095875 1.5955e-07 0.0986221 0.999233 0.00718238 4.33962e-06 0.09206 0.00159408 0.0912021 0.991035 0.00684961 0.0461591 0.0688125 0.21228 0.0428841 0.82096 0.101072 0.887266 0.983685
56.78 0.79104 0.022364 1 0.0134181 1 0.0152728 0.999283 0.0228948 0.999456 0.0209341 0.915146 0.0354446 0.999902 0.00801919 0.0271605 0.092892 0.000295754 0.101083 0.999969 0.00759916 9.79515e-09 0.0959205 1.43718e-07 0.0986879 0.999277 0.00721173 3.36519e-06 0.0923376 0.00127946 0.0919473 0.991608 0.00676142 0.0379174 0.0710249 0.183951 0.0462616 0.800192 0.106644 0.895819 0.983202
56.82 0.764468 0.0222767 1 0.0126084 1 0.0143784 0.999195 0.0229741 0.999561 0.0208941 0.928126 0.0340807 0.999894 0.0080581 0.0411591 0.0919604 0.000449332 0.101132 0.999969 0.00760472 1.15013e-08 0.0959636 1.31381e-07 0.09875 0.999317 0.0072395 2.6319e-06 0.0925989 0.00102992 0.0926149 0.992136 0.00669977 0.0310772 0.0730348 0.15901 0.0496416 0.7783 0.11238 0.904233 0.982604
56.86 0.735849 0.0221644 1 0.0117707 1 0.0134514 0.999092 0.0230238 0.999645 0.0208432 0.939335 0.0328784 0.999884 0.00811695 0.0610435 0.0907107 0.000676027 0.101206 0.99997 0.00761028 1.36424e-08 0.0960047 1.21852e-07 0.0988088 0.999354 0.00726577 2.0769e-06 0.0928445 0.000831689 0.0932134 0.992622 0.00666018 0.0254156 0.0748609 0.137069 0.0529893 0.755411 0.118271 0.91246 0.981878
56.9 0.70526 0.0220231 1 0.0109149 1 0.0125021 0.998969 0.0230476 0.999714 0.0207807 0.948964 0.0318174 0.999874 0.00820323 0.0882771 0.0890379 0.00100669 0.101319 0.99997 0.00761598 1.63358e-08 0.0960445 1.1461e-07 0.098865 0.999387 0.00729059 1.65423e-06 0.093075 0.000673915 0.0937505 0.993072 0.00663876 0.0207425 0.0765215 0.117789 0.0562742 0.731668 0.1243 0.920446 0.981009
56.94 0.672813 0.0218487 1 0.0100517 1 0.0115421 0.99882 0.0230489 0.999768 0.0207066 0.957192 0.030879 0.999863 0.0083253 0.123992 0.0868369 0.00148336 0.101487 0.999971 0.00762202 1.97357e-08 0.0960841 1.09262e-07 0.098919 0.999417 0.00731402 1.33023e-06 0.0932912 0.000548071 0.0942332 0.993489 0.00663217 0.0168956 0.0780338 0.100875 0.0594699 0.70723 0.130448 0.928138 0.979981
56.98 0.638654 0.021637 1 0.0091925 1 0.0105836 0.99864 0.0230312 0.999813 0.0206208 0.964187 0.0300464 0.999851 0.0084913 0.168527 0.0840272 0.00216187 0.101727 0.999971 0.00762862 2.40698e-08 0.0961245 1.05604e-07 0.0989719 0.999445 0.00733612 1.0797e-06 0.0934938 0.000447402 0.0946679 0.993876 0.00663761 0.0137375 0.0794136 0.0860692 0.0625546 0.682262 0.136693 0.935485 0.978774
57.02 0.602941 0.0213846 1 0.00834847 1 0.00963901 0.99842 0.0229975 0.999849 0.0205232 0.970104 0.0293042 0.999838 0.00870734 0.220997 0.0805842 0.00311312 0.102058 0.999971 0.00763602 2.97291e-08 0.0961671 1.03733e-07 0.0990244 0.99947 0.00735695 8.83429e-07 0.0936835 0.000366501 0.0950601 0.994235 0.00665271 0.0111519 0.080675 0.0731476 0.0655103 0.656929 0.143007 0.94244 0.977367
57.06 0.565874 0.0210882 1 0.00753012 1 0.00872003 0.998148 0.0229503 0.999878 0.0204141 0.975088 0.028639 0.999824 0.00897549 0.279317 0.0765644 0.00442792 0.102491 0.999971 0.00764439 3.72588e-08 0.0962131 1.03678e-07 0.0990775 0.999494 0.00737657 7.28108e-07 0.0938611 0.000301203 0.0954147 0.994569 0.00667549 0.00904065 0.0818307 0.0619152 0.0683231 0.631392 0.149362 0.948963 0.975736
57.1 0.527722 0.0207456 1 0.00674695 1 0.00783737 0.997811 0.022892 0.999901 0.0202934 0.979271 0.0280384 0.999809 0.0092926 0.340641 0.0721054 0.00622145 0.103028 0.999971 0.00765389 4.74448e-08 0.0962641 1.05483e-07 0.0991323 0.999517 0.00739505 6.04126e-07 0.0940275 0.000248265 0.0957362 0.994879 0.00670432 0.00732022 0.0828917 0.0521908 0.0709824 0.605808 0.155726 0.955025 0.973851
57.14 0.488798 0.0203547 1 0.00600714 1 0.00700045 0.997389 0.022824 0.999921 0.0201613 0.982769 0.0274921 0.999794 0.00965034 0.402031 0.0674002 0.00863631 0.103659 0.999971 0.00766453 6.15496e-08 0.0963212 1.09391e-07 0.0991898 0.999539 0.00741245 5.03779e-07 0.0941833 0.000205054 0.0960282 0.995168 0.0067378 0.00592066 0.0838681 0.0438111 0.0734814 0.580323 0.162065 0.960605 0.971683
57.18 0.449452 0.0199144 1 0.00531719 1 0.00621691 0.996857 0.0227476 0.999936 0.0200177 0.985689 0.0269909 0.999777 0.0100367 0.461056 0.0626556 0.0118465 0.104356 0.99997 0.00767625 8.15685e-08 0.0963851 1.15803e-07 0.0992507 0.999561 0.00742884 4.21481e-07 0.0943293 0.000169536 0.0962944 0.995438 0.00677478 0.00478364 0.0847686 0.0366268 0.0758162 0.555069 0.168346 0.965694 0.969198
57.22 0.410065 0.0194248 1 0.00468176 1 0.00549243 0.996182 0.0226637 0.999949 0.0198624 0.988122 0.026527 0.99976 0.0104381 0.516122 0.058053 0.0160642 0.105078 0.99997 0.0076889 1.10519e-07 0.096456 1.2518e-07 0.0993153 0.999583 0.00744428 3.53602e-07 0.0944663 0.00014022 0.0965375 0.995691 0.00681426 0.00386073 0.0856007 0.0304983 0.0779859 0.530163 0.174537 0.970295 0.966355
57.26 0.371043 0.018887 1 0.00410355 1 0.00483054 0.995322 0.0225726 0.999959 0.0196949 0.990146 0.0260934 0.999741 0.0108424 0.566453 0.0537251 0.0215432 0.105771 0.999969 0.00770225 1.53054e-07 0.0965332 1.38142e-07 0.099384 0.999605 0.00745882 2.97506e-07 0.094595 0.000115971 0.0967602 0.995928 0.00685541 0.00311217 0.0863713 0.0252954 0.0799922 0.505709 0.180608 0.974417 0.963115
57.3 0.332802 0.0183035 1 0.00358345 1 0.00423275 0.994217 0.0224752 0.999967 0.0195146 0.991829 0.025684 0.99972 0.0112399 0.611895 0.0497516 0.0285816 0.106376 0.999968 0.00771607 2.16415e-07 0.0966156 1.55531e-07 0.0994565 0.999627 0.00747252 2.51167e-07 0.0947159 9.59025e-05 0.0969648 0.996153 0.00689751 0.00250545 0.0870863 0.0208988 0.081839 0.481792 0.186535 0.978079 0.95943
57.34 0.295756 0.017678 1 0.00312062 1 0.00369864 0.992792 0.0223719 0.999974 0.0193204 0.993229 0.0252925 0.999698 0.011625 0.652677 0.0461661 0.0375192 0.106826 0.999966 0.00773012 3.1192e-07 0.0967014 1.7849e-07 0.0995323 0.999648 0.00748543 2.12954e-07 0.0948297 7.93045e-05 0.0971532 0.996365 0.00693996 0.00201415 0.0877506 0.0172003 0.083532 0.458484 0.192296 0.981305 0.955251
57.38 0.260299 0.0170158 1 0.00271287 1 0.00322619 0.990947 0.0222637 0.999979 0.0191107 0.994393 0.024913 0.999673 0.0119958 0.689225 0.0429694 0.0487295 0.107056 0.999965 0.0077442 4.57331e-07 0.0967882 2.08565e-07 0.0996109 0.999669 0.00749759 1.81515e-07 0.0949368 6.55977e-05 0.097327 0.996566 0.00698224 0.00161678 0.0883689 0.0141032 0.0850783 0.435845 0.197877 0.984127 0.950522
57.42 0.226789 0.0163233 1 0.00235687 1 0.00281207 0.988551 0.0221516 0.999983 0.0188835 0.99536 0.0245388 0.999646 0.0123535 0.72202 0.0401419 0.062603 0.107001 0.999963 0.00775815 6.80597e-07 0.0968735 2.47842e-07 0.0996915 0.999689 0.00750906 1.55708e-07 0.0950377 5.43006e-05 0.0974878 0.996758 0.00702392 0.00129587 0.0889448 0.0115214 0.0864862 0.41392 0.203271 0.986576 0.945186
57.46 0.195533 0.0156081 1 0.00204855 1 0.00245201 0.985432 0.022037 0.999987 0.0186359 0.996164 0.0241628 0.999615 0.0127022 0.75153 0.0376527 0.0795196 0.106603 0.99996 0.00777186 1.02577e-06 0.0969544 2.99144e-07 0.0997734 0.999708 0.00751986 1.34563e-07 0.0951329 4.50079e-05 0.0976367 0.99694 0.00706467 0.00103716 0.0894817 0.00937872 0.0877642 0.392747 0.20848 0.988687 0.939182
57.5 0.166776 0.0148783 1 0.00178336 1 0.00214114 0.98137 0.0219217 0.999989 0.0183638 0.996831 0.0237765 0.999579 0.0130474 0.778166 0.0354676 0.0998111 0.105808 0.999958 0.00778525 1.56235e-06 0.0970279 3.66286e-07 0.0998557 0.999726 0.00753005 1.1726e-07 0.0952225 3.73776e-05 0.0977749 0.997113 0.00710422 0.00082902 0.0899826 0.00760852 0.0889217 0.372351 0.213513 0.990497 0.932442
57.54 0.140687 0.0141429 1 0.00155659 1 0.00187433 0.976084 0.0218077 0.999992 0.0180623 0.997385 0.0233704 0.999538 0.0133955 0.802271 0.0335518 0.123716 0.104576 0.999955 0.00779828 2.4e-06 0.0970914 4.54446e-07 0.0999378 0.999743 0.00753964 1.0311e-07 0.0953071 3.11204e-05 0.0979033 0.997277 0.00714233 0.000661924 0.0904499 0.00615255 0.0899679 0.352753 0.21839 0.992038 0.924899
57.58 0.11736 0.0134105 1 0.00136359 1 0.00164642 0.969225 0.0216974 0.999993 0.0177248 0.997844 0.0229331 0.999491 0.0137528 0.824127 0.0318734 0.151332 0.102881 0.999951 0.00781093 3.71173e-06 0.0971419 5.70655e-07 0.100019 0.999758 0.00754868 9.15427e-08 0.0953868 2.59926e-05 0.0980227 0.997433 0.00717886 0.000528073 0.0908859 0.0049603 0.0909117 0.333962 0.223139 0.993345 0.916481
57.62 0.0968086 0.0126895 1 0.0011999 1 0.00145245 0.960367 0.0215934 0.999995 0.0173432 0.998224 0.0224514 0.999437 0.014125 0.843957 0.0304034 0.182582 0.100715 0.999947 0.0078232 5.76988e-06 0.0971769 7.24611e-07 0.100099 0.999773 0.0075572 8.20953e-08 0.095462 2.17881e-05 0.098134 0.99758 0.00721369 0.000421075 0.0912926 0.0039882 0.091762 0.315984 0.227798 0.994448 0.907113
57.66 0.0789673 0.0119878 1 0.00106142 1 0.00128777 0.949003 0.0214984 0.999996 0.016908 0.998538 0.0219103 0.999374 0.0145162 0.861936 0.0291162 0.21717 0.098091 0.999943 0.00783507 8.99615e-06 0.0971942 9.31311e-07 0.100177 0.999786 0.00756522 7.449e-08 0.0955328 1.83144e-05 0.0982376 0.997719 0.00724675 0.000335675 0.0916718 0.00319901 0.0925273 0.298813 0.232414 0.995374 0.896719
57.7 0.0637082 0.0113121 1 0.000944426 1 0.00114816 0.934544 0.0214154 0.999997 0.0164084 0.998798 0.0212934 0.9993 0.0149285 0.878205 0.0279894 0.2546 0.095048 0.999938 0.00784654 1.40428e-05 0.0971919 1.21245e-06 0.100253 0.999798 0.00757277 6.84758e-08 0.0955995 1.54271e-05 0.0983343 0.99785 0.007278 0.000267586 0.0920251 0.00256089 0.0932155 0.282437 0.237043 0.996149 0.88522
57.74 0.0508573 0.0106679 1 0.000845626 1 0.00102983 0.91636 0.021347 0.999997 0.0158328 0.999012 0.0205833 0.999213 0.0153622 0.892888 0.0270031 0.294236 0.0916451 0.999932 0.00785758 2.19187e-05 0.0971686 1.59855e-06 0.100327 0.99981 0.00757987 6.38024e-08 0.0956624 1.3021e-05 0.0984245 0.997973 0.00730742 0.000213345 0.0923541 0.00204672 0.0938341 0.266844 0.241753 0.996796 0.872536
57.78 0.0401988 0.0100594 1 0.000762159 1 0.000929497 0.89383 0.0212951 0.999998 0.0151706 0.999189 0.0197637 0.999111 0.0158149 0.9061 0.0261398 0.33537 0.0879587 0.999926 0.00786817 3.41746e-05 0.0971234 2.13325e-06 0.100397 0.99982 0.00758655 6.0261e-08 0.0957216 1.10129e-05 0.0985086 0.998088 0.00733502 0.00017016 0.0926601 0.00163367 0.0943899 0.252021 0.246617 0.997335 0.858583
57.82 0.0314831 0.00948939 1 0.000691562 1 0.00084428 0.866429 0.02126 0.999998 0.0144139 0.999334 0.0188221 0.998991 0.0162827 0.917949 0.0253832 0.377295 0.0840745 0.99992 0.00787825 5.31805e-05 0.0970561 2.87907e-06 0.100465 0.99983 0.00759283 5.76859e-08 0.0957773 9.33569e-06 0.0985873 0.998196 0.00736084 0.000135794 0.0929446 0.00130272 0.0948893 0.23795 0.251721 0.997782 0.843281
57.86 0.0244524 0.00895955 1 0.000631735 1 0.000771724 0.83381 0.0212396 0.999999 0.01356 0.999454 0.0177525 0.998847 0.0167602 0.928536 0.0247187 0.419356 0.0800799 0.999912 0.00788776 8.25308e-05 0.0969668 3.92533e-06 0.100529 0.999838 0.00759872 5.59468e-08 0.0958298 7.93402e-06 0.0986607 0.998297 0.00738493 0.000108457 0.0932088 0.00103816 0.0953381 0.224611 0.25716 0.998153 0.826545
57.9 0.0188598 0.00847028 1 0.000580906 1 0.000709746 0.795923 0.0212285 0.999999 0.0126139 0.999552 0.016559 0.998674 0.0172413 0.937965 0.0241329 0.461009 0.0760569 0.999904 0.00789664 0.000127634 0.0968561 5.39935e-06 0.100589 0.999847 0.00760426 5.49432e-08 0.0958791 6.76191e-06 0.0987292 0.998391 0.00740733 8.67156e-05 0.0934539 0.000827084 0.0957415 0.211989 0.263037 0.998459 0.808292
57.94 0.0144604 0.00802101 1 0.000537591 1 0.000656591 0.753098 0.0212165 0.999999 0.0115897 0.999632 0.015258 0.998465 0.0177193 0.946334 0.0236134 0.501827 0.0720766 0.999895 0.00790485 0.000196555 0.096725 7.48175e-06 0.100646 0.999854 0.00760944 5.45984e-08 0.0959254 5.781e-06 0.0987932 0.998479 0.00742813 6.94255e-05 0.093681 0.000658938 0.0961044 0.20006 0.269468 0.998713 0.78844
57.98 0.011034 0.00761038 1 0.000500548 1 0.000610787 0.706039 0.0211892 0.999999 0.0105114 0.999698 0.0138788 0.99821 0.0181882 0.953741 0.0231488 0.541501 0.0681964 0.999886 0.00791234 0.000301201 0.0965743 1.0427e-05 0.100698 0.999861 0.0076143 5.48549e-08 0.0959689 4.95925e-06 0.098853 0.99856 0.00744739 5.56732e-05 0.0938914 0.000525161 0.0964309 0.1888 0.276581 0.998923 0.766908
58.02 0.00839023 0.0072364 1 0.000468746 1 0.00057111 0.655779 0.0211279 1 0.00940973 0.999752 0.0124605 0.997895 0.0186422 0.960277 0.022729 0.579822 0.0644589 0.999875 0.00791911 0.000458968 0.0964049 1.45907e-05 0.100746 0.999868 0.00761885 5.56694e-08 0.0960097 4.26983e-06 0.0989088 0.998636 0.0074652 4.47308e-05 0.0940859 0.000418824 0.096725 0.178186 0.284513 0.999097 0.74362
58.06 0.0063675 0.00689665 1 0.00044133 1 0.000536548 0.603505 0.0210116 1 0.008319 0.999796 0.0110474 0.997504 0.0190766 0.96603 0.0223449 0.616658 0.0608935 0.999864 0.00792519 0.00069501 0.0962175 2.04664e-05 0.100788 0.999874 0.0076231 5.70112e-08 0.0960479 3.69031e-06 0.0989609 0.998706 0.00748164 3.60179e-05 0.0942657 0.000334347 0.0969901 0.168196 0.293418 0.99924 0.718508
58.1 0.00483223 0.00658847 1 0.000417592 1 0.000506268 0.550393 0.0208202 1 0.00727155 0.999832 0.00968202 0.997013 0.0194874 0.971078 0.0219887 0.651922 0.0575178 0.999851 0.00793068 0.00104531 0.0960119 2.87329e-05 0.100826 0.99988 0.00762706 5.88584e-08 0.0960837 3.202e-06 0.0990095 0.998772 0.00749678 2.90732e-05 0.0944317 0.00026725 0.0972291 0.15881 0.303459 0.999359 0.691514
58.14 0.00367496 0.00630907 1 0.000396947 1 0.000479585 0.497502 0.0205376 1 0.00629384 0.999862 0.00840013 0.996394 0.0198711 0.975494 0.0216534 0.685554 0.05434 0.999837 0.00793571 0.00156081 0.095787 4.03153e-05 0.100859 0.999885 0.00763076 6.11964e-08 0.0961172 2.78936e-06 0.0990548 0.998832 0.00751072 2.35302e-05 0.0945848 0.000213949 0.0974449 0.150007 0.314818 0.999458 0.662598
58.18 0.00280748 0.0060557 1 0.00037891 1 0.000455939 0.445714 0.0201535 1 0.0054041 0.999886 0.00722712 0.995608 0.0202253 0.979344 0.021333 0.717499 0.0513614 0.999822 0.00794052 0.00231291 0.0955406 5.64637e-05 0.100888 0.99989 0.0076342 6.40163e-08 0.0961485 2.43955e-06 0.099097 0.998888 0.00752354 1.90984e-05 0.0947259 0.000171586 0.0976399 0.141767 0.327684 0.99954 0.631744
58.22 0.00215995 0.00582571 1 0.000363079 1 0.000434868 0.395715 0.0196655 1 0.00461199 0.999906 0.00617742 0.994605 0.0205479 0.982684 0.0210224 0.747694 0.0485786 0.999805 0.00794544 0.00340055 0.0952686 7.88523e-05 0.100911 0.999895 0.00763742 6.73142e-08 0.0961777 2.14195e-06 0.0991364 0.998941 0.00753531 1.55479e-05 0.0948559 0.00013789 0.0978162 0.134072 0.342257 0.999608 0.598975
58.26 0.001678 0.00561663 1 0.000349121 1 0.000415995 0.348022 0.0190779 1 0.00391966 0.999923 0.0052556 0.993322 0.0208372 0.985568 0.0207169 0.77607 0.0459845 0.999787 0.00795096 0.0049594 0.0949645 0.000109704 0.100932 0.9999 0.00764042 7.10902e-08 0.0962049 1.88785e-06 0.099173 0.998989 0.00754611 1.26966e-05 0.0949755 0.000111055 0.0979758 0.126902 0.358743 0.999665 0.564358
58.3 0.00131997 0.00542619 1 0.000336756 1 0.000399009 0.30301 0.0184019 1 0.00332356 0.999937 0.00445855 0.991677 0.021092 0.988044 0.020412 0.802552 0.0435698 0.999767 0.00795772 0.00717305 0.0946189 0.000151949 0.100949 0.999904 0.00764322 7.53495e-08 0.0962303 1.67006e-06 0.0992071 0.999034 0.00755601 1.04008e-05 0.0950856 8.96521e-05 0.0981203 0.120236 0.377337 0.999712 0.528027
58.34 0.00105437 0.00525233 1 0.000325754 1 0.000383653 0.260977 0.0176526 1 0.00281644 0.999948 0.003778 0.989565 0.0213114 0.990156 0.0201034 0.827071 0.0413236 0.999744 0.00796661 0.0102863 0.0942183 0.00020941 0.100964 0.999908 0.00764586 8.01022e-08 0.0962539 1.48271e-06 0.0992389 0.999076 0.00756508 8.54678e-06 0.0951868 7.25508e-05 0.0982513 0.114055 0.398216 0.999752 0.490193
58.38 0.000857665 0.00509322 1 0.000315919 1 0.000369715 0.222156 0.0168477 1 0.00238908 0.999958 0.00320271 0.986853 0.0214954 0.991945 0.0197866 0.849578 0.0392331 0.999719 0.00797879 0.0146198 0.0937442 0.000287046 0.10098 0.999912 0.00764837 8.53644e-08 0.096276 1.32096e-06 0.0992686 0.999115 0.00757339 7.04496e-06 0.0952798 5.88576e-05 0.0983702 0.108337 0.421515 0.999785 0.451161
58.42 0.000712492 0.00494725 1 0.000307089 1 0.000357018 0.186713 0.0160058 1 0.00203153 0.999965 0.00272023 0.983369 0.0216441 0.993451 0.0194566 0.870045 0.0372839 0.999691 0.00799582 0.0205839 0.093172 0.000391236 0.100999 0.999916 0.00765079 9.11611e-08 0.0962967 1.18085e-06 0.0992963 0.999152 0.007581 5.82437e-06 0.0953652 4.78668e-05 0.0984782 0.10306 0.447298 0.999813 0.411342
58.46 0.000606179 0.00481298 1 0.000299129 1 0.000345414 0.154765 0.0151447 1 0.001734 0.999972 0.00231799 0.978893 0.0217589 0.994709 0.0191076 0.888481 0.0354599 0.99966 0.00801968 0.0286891 0.0924699 0.000530142 0.101025 0.999919 0.00765315 9.75303e-08 0.0963162 1.05912e-06 0.0993223 0.999187 0.00758795 4.82887e-06 0.0954438 3.90211e-05 0.0985763 0.0982017 0.47553 0.999836 0.371252
58.5 0.000529605 0.00468916 1 0.000291923 1 0.000334782 0.126382 0.014281 1 0.00148735 0.999978 0.0019841 0.973145 0.0218418 0.995753 0.0187331 0.904931 0.0337426 0.999624 0.00805289 0.0395465 0.091598 0.000714165 0.101061 0.999923 0.00765553 1.04528e-07 0.0963349 9.53118e-07 0.0993468 0.99922 0.00759432 4.01403e-06 0.0955159 3.18811e-05 0.0986657 0.0937387 0.506044 0.999856 0.331499
58.54 0.00047635 0.00457471 1 0.000285374 1 0.000325018 0.101579 0.013429 1 0.00128342 0.999982 0.0017078 0.965759 0.0218961 0.996614 0.0183253 0.919475 0.0321113 0.999585 0.00809856 0.053852 0.0905087 0.00095654 0.101113 0.999926 0.007658 1.12237e-07 0.096353 8.60622e-07 0.09937 0.99925 0.00760015 3.34461e-06 0.0955822 2.60995e-05 0.098747 0.0896473 0.538515 0.999873 0.292758
58.58 0.000442083 0.00446869 1 0.000279401 1 0.000316034 0.0803011 0.0126009 1 0.00111505 0.999986 0.00147957 0.956263 0.021926 0.997318 0.0178747 0.932223 0.0305424 0.99954 0.00816035 0.072345 0.0891481 0.00127414 0.101189 0.999928 0.00766064 1.20776e-07 0.0963709 7.79816e-07 0.0993924 0.99928 0.00760548 2.79264e-06 0.0956431 2.14024e-05 0.0988211 0.0859043 0.572452 0.999888 0.255714
58.62 0.00042415 0.00437027 1 0.000273934 1 0.000307755 0.0624155 0.0118063 1 0.000976138 0.999989 0.00129122 0.944043 0.0219369 0.997892 0.0173701 0.943309 0.0290094 0.999488 0.00824245 0.0957364 0.0874594 0.00168858 0.101297 0.99993 0.00766356 1.3031e-07 0.0963893 7.09192e-07 0.0994143 0.999307 0.00761036 2.33587e-06 0.0956992 1.75736e-05 0.0988888 0.0824867 0.607214 0.9999 0.221008
58.66 0.000421332 0.00427876 1 0.000268915 1 0.000300119 0.0477073 0.0110528 1 0.00086149 0.999991 0.00113573 0.928307 0.0219354 0.998356 0.0167982 0.95288 0.0274828 0.999427 0.00834931 0.124608 0.0853893 0.00222775 0.101445 0.999932 0.00766687 1.41079e-07 0.0964085 6.47531e-07 0.0994361 0.999334 0.00761484 1.95655e-06 0.0957507 1.44422e-05 0.0989507 0.0793729 0.642055 0.99991 0.18917
58.7 0.00043377 0.00419354 1 0.000264294 1 0.00029307 0.0358841 0.0103458 1 0.000766763 0.999993 0.00100723 0.908053 0.0219295 0.998729 0.0161437 0.961089 0.0259303 0.999356 0.00848534 0.159262 0.0828966 0.00292635 0.101643 0.999934 0.00767071 1.53656e-07 0.0964295 5.94728e-07 0.0994584 0.99936 0.00761894 1.63963e-06 0.0957983 1.18719e-05 0.0990072 0.076542 0.676197 0.999919 0.160571
58.74 0.00046305 0.0041141 1 0.00026003 1 0.000286562 0.0265971 0.00968888 1 0.000688344 0.999995 0.000900784 0.882062 0.0219278 0.999027 0.0153897 0.968084 0.0243183 0.999272 0.00865431 0.199613 0.0799628 0.00382828 0.1019 0.999935 0.00767521 1.68912e-07 0.0964529 5.50819e-07 0.0994816 0.999385 0.00762272 1.3733e-06 0.0958421 9.7544e-06 0.0990591 0.073975 0.708905 0.999927 0.135389
58.78 0.000512483 0.00403996 1 0.000256086 1 0.000280552 0.0194676 0.00908376 1 0.000623247 0.999996 0.000812321 0.848957 0.0219395 0.999263 0.0145197 0.97401 0.0226147 0.99917 0.00885884 0.245184 0.0765999 0.00499186 0.102221 0.999936 0.00768048 1.87886e-07 0.0964796 5.1528e-07 0.0995065 0.999409 0.00762619 1.14883e-06 0.0958826 8.00476e-06 0.0991067 0.0716563 0.739571 0.999934 0.113622
58.82 0.000587641 0.00397075 1 0.000252434 1 0.000275003 0.0141132 0.00853071 1 0.000569018 0.999997 0.000738475 0.807375 0.0219728 0.999448 0.013521 0.978997 0.0207937 0.999045 0.00910003 0.295154 0.0728533 0.00649549 0.102611 0.999937 0.00768664 2.11947e-07 0.0965104 4.87536e-07 0.0995336 0.999434 0.0076294 9.5949e-07 0.0959203 6.5561e-06 0.0991506 0.0695742 0.767755 0.999939 0.0951038
58.86 0.000697241 0.00390609 1 0.000249048 1 0.000269884 0.0101715 0.00802867 1 0.00052365 0.999998 0.000676489 0.756286 0.0220325 0.999592 0.0123904 0.983165 0.0188448 0.998888 0.00937729 0.348478 0.0687979 0.0084453 0.103063 0.999936 0.00769373 2.43094e-07 0.096546 4.6727e-07 0.0995635 0.999459 0.00763238 7.99584e-07 0.0959553 5.35483e-06 0.0991911 0.0677208 0.793205 0.999944 0.0795595
58.9 0.000854554 0.00384569 1 0.000245911 1 0.000265167 0.00731925 0.0075755 1 0.00048551 0.999998 0.000624111 0.695448 0.022116 0.999702 0.0111406 0.986622 0.0167809 0.998688 0.00968843 0.404023 0.0645291 0.0109852 0.103567 0.999936 0.00770181 2.84506e-07 0.0965871 4.54676e-07 0.0995968 0.999484 0.00763514 6.6406e-07 0.095988 4.35709e-06 0.0992287 0.066092 0.815848 0.999949 0.0666462
58.94 0.00107957 0.00378924 1 0.000243006 1 0.000260826 0.00528374 0.00716824 1 0.000453276 0.999999 0.000579516 0.625869 0.022208 0.999786 0.00980552 0.989462 0.0146463 0.998427 0.01003 0.460702 0.0601511 0.0143146 0.104102 0.999934 0.00771084 3.40582e-07 0.0966338 4.49848e-07 0.0996339 0.999509 0.00763772 5.4943e-07 0.0960188 3.52913e-06 0.0992636 0.0646874 0.835751 0.999952 0.0559993
58.98 0.00140229 0.00373646 1 0.000240324 1 0.000256843 0.00384579 0.0068033 1 0.000425876 0.999999 0.000541226 0.550001 0.0222769 0.999848 0.00844007 0.991773 0.0125145 0.99808 0.0103978 0.517552 0.0557653 0.0187118 0.104636 0.999931 0.00772077 4.17674e-07 0.0966863 4.53004e-07 0.0996752 0.999535 0.00764014 4.52983e-07 0.0960478 2.84411e-06 0.0992963 0.0635097 0.853082 0.999955 0.0472639
59.02 0.00186778 0.00368709 1 0.000237861 1 0.000253204 0.00283647 0.00647676 1 0.000402447 0.999999 0.000508063 0.471455 0.0222744 0.999893 0.00711089 0.993632 0.0104753 0.997611 0.0107874 0.573728 0.051462 0.0245656 0.105124 0.999928 0.00773153 5.25237e-07 0.0967439 4.64649e-07 0.0997207 0.999561 0.00764243 3.72391e-07 0.0960754 2.28e-06 0.099327 0.0625646 0.868072 0.999958 0.040115
59.06 0.0025437 0.00364085 1 0.00023562 1 0.000249902 0.00213007 0.00618454 1 0.000382292 1 0.000479088 0.394284 0.0221423 0.999926 0.00588162 0.995112 0.0086132 0.996963 0.0111948 0.628468 0.0473164 0.0324156 0.105508 0.999923 0.00774301 6.77636e-07 0.0968057 4.85689e-07 0.0997704 0.999586 0.00764459 3.05554e-07 0.0961016 1.8182e-06 0.0993558 0.0618596 0.880976 0.99996 0.0342674
59.1 0.00353154 0.00359744 1 0.000233614 1 0.000246941 0.00163572 0.0059226 1 0.000364849 1 0.000453566 0.322145 0.0218256 0.999949 0.00479861 0.996276 0.00698782 0.996055 0.0116166 0.681035 0.043387 0.0430016 0.105708 0.999916 0.00775507 8.97097e-07 0.0968702 5.17577e-07 0.0998243 0.999611 0.00764664 2.50536e-07 0.0961268 1.44272e-06 0.0993831 0.0614042 0.892054 0.999962 0.0294792
59.14 0.00498304 0.00355651 1 0.000231868 1 0.000244337 0.00128933 0.00568712 1 0.000349661 1 0.00043092 0.257674 0.0212877 0.999965 0.0038839 0.997183 0.00562431 0.994765 0.0120509 0.730686 0.0397169 0.0573119 0.105627 0.999908 0.00776761 1.21859e-06 0.0969352 5.62501e-07 0.0998819 0.999635 0.00764861 2.05559e-07 0.0961509 1.13959e-06 0.0994089 0.0612088 0.901554 0.999964 0.0255492
59.18 0.00712364 0.00351769 1 0.000230427 1 0.000242126 0.00104662 0.00547461 1 0.000336359 1 0.000410706 0.202272 0.0205214 0.999977 0.00313698 0.997882 0.00451646 0.992912 0.0124979 0.776684 0.0363347 0.0766118 0.105135 0.999897 0.0077805 1.69799e-06 0.0969978 6.23658e-07 0.0999428 0.999658 0.0076505 1.69014e-07 0.0961742 8.96638e-07 0.0994334 0.0612857 0.909699 0.999965 0.022313
59.22 0.0102852 0.00348051 1 0.000229363 1 0.000240374 0.000876978 0.005282 1 0.00032464 1 0.000392572 0.156271 0.0195504 0.999984 0.00254189 0.998416 0.00363713 0.990229 0.0129608 0.818357 0.033255 0.102413 0.104079 0.999883 0.00779363 2.42583e-06 0.097054 7.05626e-07 0.100006 0.999679 0.00765233 1.39471e-07 0.0961965 7.03277e-07 0.0994567 0.0616467 0.91669 0.999966 0.0196375
59.26 0.0149492 0.00344436 1 0.000228789 1 0.000239187 0.000759655 0.00510667 1 0.000314261 1 0.000376244 0.119172 0.0184228 0.999989 0.00207527 0.998822 0.00294972 0.986327 0.0134465 0.855173 0.0304791 0.136324 0.102277 0.999865 0.0078069 3.5509e-06 0.0970991 8.14941e-07 0.100072 0.999699 0.00765409 1.15683e-07 0.0962181 5.50378e-07 0.0994788 0.0623044 0.922699 0.999967 0.0174158
59.3 0.0217986 0.00340849 1 0.000228874 1 0.000238729 0.000680805 0.00494644 1 0.000305021 1 0.000361498 0.0899689 0.0171996 0.999993 0.00171245 0.999127 0.00241662 0.98064 0.0139664 0.886826 0.0279951 0.179735 0.0995382 0.999843 0.00782025 5.32078e-06 0.0971269 9.60933e-07 0.100139 0.999717 0.0076558 9.6582e-08 0.0962389 4.3017e-07 0.0994998 0.0632729 0.927876 0.999968 0.0155625
59.34 0.0317721 0.00337195 1 0.000229874 1 0.000239252 0.00063144 0.0047995 1 0.000296758 1 0.000348154 0.0674304 0.0159422 0.999995 0.00143096 0.999355 0.00200406 0.972374 0.0145356 0.913281 0.025778 0.233325 0.0956914 0.999814 0.00783363 8.15004e-06 0.0971301 1.1579e-06 0.100207 0.999734 0.00765746 8.13192e-08 0.0962589 3.35957e-07 0.0995198 0.0645682 0.932347 0.999968 0.0140093
59.38 0.0460991 0.00333357 1 0.000232159 1 0.000241121 0.000606112 0.00466438 1 0.000289344 1 0.000336058 0.0502979 0.014704 0.999997 0.00121204 0.999526 0.001684 0.960448 0.0151705 0.934779 0.0237903 0.296545 0.0906294 0.999778 0.007847 1.27321e-05 0.0971001 1.4298e-06 0.100275 0.999749 0.00765908 6.92723e-08 0.0962781 2.61962e-07 0.0995389 0.0662098 0.93622 0.999968 0.0127017
59.42 0.0662769 0.00329198 1 0.000236262 1 0.000244868 0.000602073 0.00453988 1 0.000282676 1 0.000325079 0.0374231 0.013525 0.999998 0.00104078 0.999652 0.00143428 0.943469 0.0158853 0.951781 0.0219831 0.367373 0.0843532 0.999731 0.00786032 2.02496e-05 0.0970278 1.81259e-06 0.100341 0.999762 0.00766065 5.98366e-08 0.0962966 2.03877e-07 0.0995569 0.0682221 0.939584 0.999968 0.011596
59.46 0.0939312 0.00324583 1 0.00024293 1 0.000251233 0.000618922 0.00442501 1 0.000276676 1 0.000315105 0.0278251 0.0124313 0.999998 0.000905724 0.999745 0.00123787 0.919777 0.0166877 0.964892 0.020298 0.442575 0.0769959 0.999672 0.00787348 3.27364e-05 0.0969037 2.36163e-06 0.100405 0.999773 0.00766219 5.24976e-08 0.0963144 1.58381e-07 0.0995741 0.0706367 0.942516 0.999968 0.0106575
59.5 0.130503 0.00319415 1 0.000253178 1 0.000261222 0.000658625 0.00431894 1 0.000271287 1 0.000306036 0.0207064 0.0114367 0.999999 0.000798213 0.999814 0.00108194 0.887638 0.0175762 0.974775 0.0186729 0.518413 0.0688126 0.999595 0.00788634 5.37216e-05 0.0967185 3.16403e-06 0.100466 0.999783 0.00766368 4.68432e-08 0.0963313 1.22856e-07 0.0995904 0.0734949 0.94508 0.999967 0.00985815
59.54 0.176772 0.00313692 1 0.000268344 1 0.000276152 0.000725966 0.00422099 1 0.000266469 1 0.000297787 0.0154413 0.0105451 0.999999 0.000711775 0.999864 0.000956856 0.845611 0.0185389 0.982079 0.0170499 0.591447 0.0601428 0.999497 0.00789862 8.93787e-05 0.0964635 4.3585e-06 0.100522 0.999791 0.00766513 4.25514e-08 0.0963475 9.52225e-08 0.0996059 0.07685 0.94733 0.999967 0.00917546
59.58 0.232361 0.00307583 1 0.000290126 1 0.000297675 0.000829513 0.00413058 1 0.000262195 1 0.000290281 0.011552 0.00975419 1 0.000641575 0.999902 0.000855438 0.79307 0.0195519 0.987386 0.0153878 0.659089 0.0513648 0.999367 0.00790999 0.000150591 0.0961306 6.16852e-06 0.100571 0.999798 0.00766653 3.93771e-08 0.0963629 7.38173e-08 0.0996205 0.0807695 0.949312 0.999966 0.0085914
59.62 0.295514 0.00301474 1 0.000320593 1 0.000327785 0.000983358 0.00404726 1 0.000258453 1 0.000283454 0.00868016 0.00905719 1 0.000584002 0.999929 0.000772296 0.730687 0.0205771 0.991191 0.0136746 0.719764 0.0428564 0.999197 0.00792003 0.000256691 0.0957122 8.95815e-06 0.10061 0.999803 0.00766788 3.71409e-08 0.0963775 5.73077e-08 0.0996343 0.0853365 0.951066 0.999965 0.00809145
59.66 0.363351 0.00295952 1 0.000362184 1 0.000368788 0.00121004 0.00397067 1 0.000255233 1 0.000277251 0.00656003 0.00844532 1 0.000536338 0.999949 0.000703384 0.66057 0.02156 0.993887 0.0119338 0.772796 0.0349585 0.998968 0.00792825 0.000442253 0.0952012 1.33262e-05 0.100636 0.999806 0.00766916 3.57183e-08 0.096391 4.46261e-08 0.0996474 0.0906483 0.952624 0.999964 0.00766399
59.7 0.432563 0.00291727 1 0.000417685 0.999999 0.000423265 0.00154533 0.00390055 1 0.000252532 1 0.000271629 0.00499523 0.00790896 1 0.000496528 0.999963 0.000645644 0.585921 0.0224296 0.995781 0.0102185 0.818166 0.0279367 0.998657 0.00793418 0.000769522 0.0945909 2.02662e-05 0.100644 0.999808 0.00767037 3.50335e-08 0.0964035 3.49204e-08 0.0996595 0.0968147 0.954017 0.999962 0.0072997
59.74 0.500169 0.00289503 1 0.000490202 0.999999 0.000494025 0.00204607 0.0038367 1 0.000250345 1 0.000266555 0.00384076 0.00743853 1 0.000463 0.999974 0.00059676 0.51032 0.0231053 0.997101 0.00859505 0.856276 0.0219484 0.998229 0.00793743 0.00135116 0.0938745 3.14391e-05 0.100628 0.999809 0.00767149 3.50563e-08 0.0964148 2.75161e-08 0.0996709 0.103953 0.955268 0.99996 0.00699123
59.78 0.564001 0.00289878 1 0.000583138 0.999999 0.000584061 0.00280266 0.00377893 1 0.000248672 1 0.000262012 0.00298937 0.00702507 1 0.000434542 0.999981 0.000554966 0.437007 0.0235101 0.998017 0.00712219 0.88777 0.0170315 0.997629 0.00793783 0.00239182 0.0930436 4.96386e-05 0.100582 0.999807 0.00767249 3.58019e-08 0.0964247 2.18827e-08 0.0996813 0.112184 0.956399 0.999958 0.00673278
59.82 0.622797 0.00293291 1 0.000700146 0.999999 0.000696505 0.00395887 0.00372699 1 0.00024752 1 0.000257999 0.00236166 0.00666047 1 0.00041021 0.999987 0.00051891 0.368458 0.0235876 0.998648 0.00583765 0.913402 0.0131219 0.996778 0.00793574 0.00426366 0.0920849 7.95833e-05 0.100494 0.999803 0.00767339 3.7334e-08 0.0964328 1.76068e-08 0.0996907 0.121623 0.95743 0.999956 0.00651989
59.86 0.676043 0.00300028 1 0.000845069 0.999998 0.000834558 0.00574223 0.00368053 1 0.000246912 1 0.000254539 0.00189924 0.0063376 1 0.00038926 0.999991 0.000487554 0.306261 0.0233141 0.999081 0.00475422 0.933958 0.0100902 0.995559 0.00793247 0.00764076 0.0909738 0.000129262 0.100354 0.999797 0.00767415 3.9772e-08 0.0964388 1.43686e-08 0.099699 0.132372 0.958377 0.999953 0.00634923
59.9 0.723713 0.00310251 0.999999 0.00102184 0.999998 0.00100141 0.00850924 0.00363902 1 0.000246902 1 0.000251688 0.00155928 0.00605037 1 0.000371106 0.999993 0.000460089 0.251228 0.0227035 0.999377 0.00386415 0.95021 0.00778094 0.993796 0.00793096 0.0137298 0.0896641 0.000212207 0.100143 0.999789 0.0076748 4.33042e-08 0.0964424 1.19228e-08 0.0997061 0.144516 0.959255 0.999949 0.0062184
59.94 0.766052 0.00324042 0.999999 0.00123436 0.999997 0.00120014 0.0128092 0.00360168 1 0.000247592 1 0.000249553 0.00131016 0.00579361 1 0.000355277 0.999995 0.000435883 0.203606 0.0218015 0.999579 0.00314687 0.962875 0.00604135 0.99123 0.00793689 0.0246375 0.0880719 0.000351304 0.0998421 0.999777 0.00767539 4.82093e-08 0.0964429 1.00834e-08 0.099712 0.158109 0.960077 0.999945 0.00612581
59.98 0.803419 0.00341431 0.999998 0.00148626 0.999996 0.00143352 0.0194658 0.00356743 1 0.000249165 1 0.000248313 0.00112897 0.00556302 1 0.000341397 0.999997 0.000414436 0.163215 0.0206754 0.999716 0.00257629 0.972608 0.00473787 0.987483 0.00796038 0.043865 0.0860527 0.000585143 0.0994236 0.999761 0.007676 5.48892e-08 0.0964398 8.70993e-09 0.0997166 0.173173 0.960853 0.99994 0.00607059
60.02 0.836197 0.00362419 0.999998 0.00178072 0.999995 0.00170392 0.0296647 0.00353478 1 0.000251926 1 0.000248258 0.000999406 0.00535503 1 0.000329166 0.999997 0.000395347 0.129566 0.0194013 0.999808 0.0021258 0.979985 0.00376168 0.982012 0.00801839 0.0767093 0.0833763 0.000978479 0.0988529 0.999741 0.00767683 6.39215e-08 0.0964324 7.69825e-09 0.0997201 0.18969 0.961594 0.999934 0.00605246
60.06 0.864756 0.00386984 0.999997 0.0021202 0.999994 0.00201304 0.0450093 0.00350181 1 0.000256357 1 0.000249839 0.000910211 0.00516668 1 0.000318342 0.999998 0.000378291 0.10198 0.0180532 0.999871 0.00177121 0.985504 0.00302813 0.974053 0.00813708 0.129849 0.0797208 0.00163931 0.0980856 0.999716 0.00767821 7.61403e-08 0.0964199 6.97194e-09 0.0997227 0.207597 0.962308 0.999927 0.00607171
60.1 0.889441 0.00415085 0.999995 0.00250611 0.999992 0.00236184 0.0674691 0.00346621 1 0.000263191 1 0.000253727 0.000854066 0.00499553 1 0.000308734 0.999999 0.000363001 0.0796786 0.0166954 0.999913 0.00149196 0.989583 0.00247332 0.962582 0.00835212 0.208856 0.0747312 0.00274587 0.0970632 0.999683 0.00768064 9.28112e-08 0.0964016 6.47971e-09 0.0997251 0.226788 0.963004 0.999919 0.00612909
60.14 0.910578 0.00446652 0.999993 0.00293863 0.99999 0.00275031 0.0991187 0.00342563 1 0.000273499 1 0.000260883 0.000826974 0.00483957 1 0.000300192 0.999999 0.000349258 0.061853 0.015378 0.999941 0.00127132 0.992564 0.00204996 0.946339 0.00870242 0.313391 0.0681941 0.00458545 0.0957041 0.999643 0.0076848 1.16107e-07 0.0963767 6.20231e-09 0.0997286 0.247117 0.963687 0.999908 0.00622578
60.18 0.928482 0.00481585 0.999991 0.00341647 0.999988 0.00317753 0.141575 0.00337828 1 0.000288767 1 0.000272629 0.000827876 0.00469713 1 0.000292603 0.999999 0.000336876 0.0477434 0.014136 0.99996 0.00109606 0.994724 0.00172347 0.9239 0.00921555 0.433919 0.0602694 0.00761413 0.0938883 0.999592 0.00769141 1.4947e-07 0.0963443 6.1327e-09 0.0997346 0.268403 0.964363 0.999896 0.00636339
60.22 0.943462 0.00519744 0.999987 0.00393682 0.999985 0.00364163 0.19523 0.00332413 1 0.000310956 1 0.000290675 0.00085878 0.00456682 1 0.000285882 0.999999 0.000325701 0.0366671 0.0129906 0.999973 0.000955922 0.996275 0.00146875 0.893888 0.00989178 0.555123 0.0515542 0.0125393 0.0914386 0.999526 0.00770098 1.98757e-07 0.0963024 6.28489e-09 0.0997453 0.290445 0.965037 0.999881 0.00654384
60.26 0.955827 0.00560946 0.999982 0.00449541 0.999981 0.00413994 0.258646 0.00326593 1 0.000342513 1 0.000317129 0.000925268 0.00444754 1 0.000279968 1 0.000315601 0.0280391 0.0119508 0.999982 0.000843019 0.997383 0.00126765 0.855298 0.0106997 0.663736 0.042846 0.0204262 0.0881247 0.999441 0.00771357 2.73943e-07 0.096247 6.69612e-09 0.0997622 0.313024 0.965713 0.999863 0.00676943
60.3 0.965889 0.00604964 0.999975 0.00508665 0.999976 0.00466915 0.328613 0.00320971 1 0.000386325 1 0.000354436 0.0010376 0.00433841 1 0.000274815 1 0.000306465 0.0213721 0.0110176 0.999988 0.000751335 0.99817 0.00110703 0.807832 0.0115876 0.753154 0.0348085 0.0328184 0.0837069 0.999328 0.00772874 3.92003e-07 0.0961712 7.43225e-09 0.099786 0.335924 0.966393 0.999841 0.00704276
60.34 0.973957 0.00651539 0.999966 0.00570397 0.999971 0.00522546 0.400987 0.00316399 1 0.00044564 1 0.000405308 0.00121274 0.00423877 1 0.000270385 1 0.000298202 0.0162637 0.0101862 0.999992 0.000676278 0.998727 0.000977308 0.752128 0.0125007 0.822671 0.0278099 0.051824 0.0780157 0.999175 0.00774563 5.82455e-07 0.0960642 8.60496e-09 0.0998161 0.358936 0.96708 0.999814 0.00736671
60.38 0.980332 0.00700378 0.999953 0.00634022 0.999963 0.00580475 0.471868 0.00313804 1 0.00052397 1 0.000472634 0.00147771 0.00414811 1 0.000266644 1 0.000290734 0.0123832 0.00944903 0.999994 0.000614336 0.999119 0.000871438 0.689751 0.0133948 0.874712 0.021957 0.0800628 0.0710335 0.998965 0.00776323 8.97555e-07 0.0959118 1.0399e-08 0.0998496 0.381873 0.967774 0.999781 0.0077445
60.42 0.985298 0.00751169 0.999936 0.00698809 0.999954 0.0064027 0.538427 0.00314 1 0.000625003 1 0.000559416 0.00187506 0.00406604 1 0.000263559 1 0.000284003 0.00945953 0.00879734 0.999996 0.000562814 0.999393 0.000784166 0.622938 0.0142418 0.912676 0.0171975 0.120306 0.062943 0.998674 0.00778054 1.43144e-06 0.095697 1.312e-08 0.0998819 0.404569 0.968477 0.999741 0.00817958
60.46 0.989115 0.00803583 0.999913 0.00764053 0.999943 0.00701493 0.599116 0.00317585 1 0.000752526 1 0.000668706 0.00247143 0.00399219 1 0.000261097 1 0.000277964 0.00727257 0.00822205 0.999997 0.000519629 0.999584 0.000711541 0.554211 0.0150287 0.939842 0.0134056 0.174661 0.0541222 0.998264 0.00779665 2.35648e-06 0.0954012 1.72784e-08 0.0999061 0.426889 0.969188 0.999693 0.00867571
60.5 0.99201 0.00857278 0.999882 0.00829106 0.999929 0.00763711 0.653438 0.00324923 1 0.000910336 1 0.000803554 0.00337099 0.00392616 1 0.000259235 1 0.000272592 0.00564581 0.00771444 0.999998 0.000483164 0.999716 0.000650564 0.485991 0.015751 0.958977 0.0104321 0.243422 0.0450893 0.997677 0.00781087 3.99189e-06 0.0950049 2.37557e-08 0.0999131 0.448724 0.969907 0.999633 0.0092369
60.54 0.994182 0.00911906 0.999841 0.008934 0.999911 0.00826511 0.701557 0.00336191 1 0.00110215 1 0.00096694 0.00473575 0.00386742 1 0.000257963 1 0.00026788 0.00444023 0.00726646 0.999999 0.000452158 0.999807 0.000598939 0.420351 0.0164026 0.972274 0.00812901 0.324185 0.0364083 0.996831 0.00782266 6.93313e-06 0.0944892 3.41353e-08 0.0998908 0.469993 0.970633 0.999561 0.00986742
60.58 0.995794 0.00967116 0.999785 0.00956458 0.999889 0.00889505 0.74396 0.00351433 0.999999 0.00133148 0.999999 0.00116169 0.00681512 0.00381532 1 0.000257296 1 0.000263849 0.00354932 0.0068707 0.999999 0.000425617 0.999868 0.000554898 0.358881 0.0169653 0.981401 0.00636133 0.412043 0.0285739 0.995597 0.00783162 1.23062e-05 0.0938356 5.12839e-08 0.0998233 0.490639 0.971364 0.999471 0.0105718
60.62 0.996979 0.0102256 0.999709 0.010179 0.999862 0.00952341 0.781229 0.00370614 0.999999 0.00160149 0.999999 0.00139039 0.00998758 0.00376904 1 0.000257287 1 0.000260556 0.0028922 0.0065205 0.999999 0.000402758 0.99991 0.000517063 0.302684 0.0174051 0.987598 0.00501248 0.500996 0.0219115 0.993785 0.00783754 2.22599e-05 0.093026 8.05305e-08 0.0996886 0.510624 0.972098 0.999362 0.0113547
60.66 0.997842 0.010779 0.999607 0.0107743 0.999827 0.010147 0.813923 0.00393652 0.999999 0.00191481 0.999999 0.00165519 0.0148149 0.00372752 1 0.000258047 1 0.00025811 0.00240843 0.00620985 1 0.000382957 0.999939 0.000484356 0.252416 0.0176785 0.991766 0.00398585 0.585685 0.0165353 0.991103 0.0078404 4.09253e-05 0.0920409 1.3203e-07 0.0994562 0.529926 0.972833 0.999227 0.0122212
60.7 0.998467 0.0113283 0.99947 0.0113483 0.999785 0.0107631 0.842534 0.00420436 0.999999 0.00227332 0.999999 0.00195772 0.022104 0.00368946 1 0.000259772 1 0.000256697 0.00205384 0.00593341 1 0.000365715 0.999958 0.00045592 0.208333 0.0177461 0.994549 0.00320406 0.66245 0.0123773 0.987113 0.00784056 7.62932e-05 0.0908553 2.25577e-07 0.0990827 0.548536 0.973567 0.999062 0.0131762
60.74 0.998915 0.0118704 0.999285 0.0118998 0.999732 0.0113692 0.86748 0.00450836 0.999998 0.00267789 0.999999 0.00229889 0.0329604 0.00365323 1 0.000262781 1 0.000256609 0.00179667 0.0056865 1 0.000350632 0.999971 0.000431071 0.170361 0.0175862 0.996395 0.00260682 0.729457 0.00926004 0.981162 0.00783893 0.000143886 0.0894328 4.00554e-07 0.0985056 0.566453 0.974298 0.998858 0.0142251
60.78 0.999235 0.0124027 0.999036 0.012428 0.999666 0.0119631 0.889119 0.00484695 0.999998 0.00312827 0.999999 0.00267875 0.0487958 0.00361695 1 0.00026756 1 0.000258288 0.0016146 0.00546508 1 0.000337385 0.999979 0.000409255 0.138182 0.0172016 0.997616 0.00214811 0.786287 0.00696945 0.972301 0.00783733 0.000273937 0.0877167 7.36758e-07 0.0976357 0.583683 0.975022 0.998609 0.0153732
60.82 0.999463 0.0129229 0.998702 0.0129326 0.999584 0.0125432 0.907767 0.00521833 0.999998 0.00362284 0.999999 0.00309642 0.0712292 0.00357855 1 0.000274825 1 0.00026237 0.00149259 0.0052657 1 0.000325715 0.999985 0.00039002 0.111295 0.0166183 0.998422 0.00179329 0.833406 0.00530369 0.95919 0.00783873 0.000525386 0.0856215 1.39838e-06 0.0963484 0.600237 0.975738 0.998301 0.0166258
60.86 0.999623 0.0134287 0.998253 0.013414 0.999482 0.0131078 0.923715 0.00562034 0.999997 0.00415863 0.999999 0.00355012 0.101812 0.00353617 1 0.000285572 1 0.000269736 0.0014213 0.00508547 1 0.000315416 0.999989 0.000372995 0.0891021 0.0158786 0.998953 0.00151655 0.871756 0.00409544 0.940046 0.00784753 0.00101301 0.0830249 2.72756e-06 0.0944756 0.61613 0.976443 0.997924 0.0179883
60.9 0.999737 0.0139182 0.997652 0.0138728 0.999357 0.0136556 0.937241 0.00605048 0.999996 0.00473132 0.999998 0.00403721 0.14156 0.00348878 1 0.000301132 1 0.000281539 0.00139618 0.004922 1 0.000306326 0.999992 0.000357872 0.0709701 0.0150325 0.999303 0.0012987 0.902472 0.00321606 0.912702 0.00786964 0.00195959 0.0797676 5.44427e-06 0.0918063 0.631381 0.977135 0.997462 0.0194659
60.94 0.999816 0.0143899 0.996848 0.0143101 0.999202 0.0141855 0.948613 0.00650583 0.999995 0.00533544 0.999998 0.00455438 0.190409 0.00343701 1 0.000323181 1 0.000299218 0.00141703 0.00477331 1 0.000298315 0.999994 0.000344398 0.0562867 0.0141288 0.999535 0.00112554 0.926722 0.0025711 0.8749 0.00791209 0.00379485 0.0756698 1.10743e-05 0.0881062 0.646011 0.977811 0.996896 0.021064
60.98 0.999872 0.014842 0.995776 0.0147274 0.999011 0.0146966 0.958092 0.00698317 0.999994 0.00596459 0.999998 0.00509787 0.246887 0.00338394 1 0.000353718 1 0.000324466 0.00148813 0.00463782 1 0.000291285 0.999995 0.000332359 0.0444895 0.01321 0.999689 0.000986535 0.945609 0.00209302 0.824929 0.0079819 0.00733854 0.0705729 2.28657e-05 0.0831697 0.660044 0.978469 0.996204 0.0227874
61.02 0.999911 0.0152731 0.99435 0.0151267 0.998776 0.0151883 0.965931 0.00747901 0.999992 0.00661184 0.999997 0.00566365 0.308286 0.00333511 1 0.000395003 1 0.000359163 0.00161891 0.00451428 1 0.000285154 0.999996 0.00032158 0.0350815 0.0123094 0.999791 0.00087386 0.960123 0.00173416 0.762508 0.0080841 0.0141243 0.0644093 4.77464e-05 0.0769076 0.673508 0.979107 0.99536 0.0246412
61.06 0.999938 0.0156817 0.992457 0.0155102 0.998487 0.01566 0.972366 0.00798975 0.999991 0.00727002 0.999997 0.0062476 0.371334 0.00329785 1 0.00044946 1 0.000405303 0.00182529 0.0044017 1 0.000279857 0.999997 0.000311916 0.0276336 0.0114507 0.999859 0.000781658 0.971128 0.00146107 0.689482 0.00821964 0.0269224 0.0572736 0.000100492 0.0694409 0.686429 0.979723 0.994332 0.02663
61.1 0.999957 0.0160661 0.989956 0.0158811 0.998133 0.0161114 0.977616 0.00851183 0.999988 0.00793213 0.999996 0.00684561 0.433015 0.0032798 1 0.000519594 0.999999 0.000464912 0.00213198 0.00429934 1 0.000275336 0.999998 0.000303248 0.0217793 0.0106485 0.999905 0.000705528 0.979354 0.00125028 0.60977 0.00838517 0.0504205 0.0494468 0.00021255 0.0611417 0.69884 0.980316 0.993085 0.0287582
61.14 0.99997 0.0164245 0.986664 0.0162429 0.9977 0.0165421 0.981877 0.00904178 0.999985 0.00859165 0.999996 0.00745365 0.491132 0.00328758 1 0.000607904 0.999999 0.000539992 0.00257595 0.00420657 1 0.000271536 0.999998 0.00029548 0.017208 0.00991072 0.999936 0.000642135 0.985411 0.00108519 0.528366 0.0085769 0.0916222 0.0413424 0.00045058 0.0525666 0.710771 0.980883 0.991577 0.03103
61.18 0.999979 0.0167547 0.982355 0.0166004 0.99717 0.0169522 0.985323 0.00957632 0.999982 0.00924273 0.999995 0.00806782 0.544462 0.00332602 1 0.000716834 0.999999 0.000632483 0.00321145 0.00412283 1 0.000268412 0.999998 0.000288541 0.013659 0.00923972 0.999956 0.000588926 0.989803 0.000954027 0.449974 0.00879752 0.15864 0.0334034 0.000954993 0.0443036 0.722255 0.981422 0.989758 0.0334494
61.22 0.999985 0.0170542 0.97675 0.0169591 0.996523 0.0173416 0.988103 0.0101124 0.999978 0.00988036 0.999994 0.00868439 0.592598 0.00339799 1 0.000848722 0.999999 0.000744234 0.00411716 0.00404758 1 0.000265926 0.999999 0.000282376 0.0109153 0.00863452 0.99997 0.000543932 0.992939 0.000848305 0.378073 0.00905883 0.256116 0.0260305 0.00201809 0.0368169 0.733325 0.981932 0.987573 0.0360202
61.26 0.99999 0.0173199 0.969518 0.0173261 0.995737 0.0177104 0.990342 0.010647 0.999972 0.0105004 0.999993 0.00929987 0.635674 0.00350469 1 0.00100577 0.999999 0.000876996 0.00540564 0.00398022 1 0.000264053 0.999999 0.000276953 0.00880109 0.0080919 0.999979 0.000505618 0.995145 0.000761879 0.314573 0.00937059 0.378761 0.019562 0.00423913 0.0303656 0.744018 0.982412 0.984958 0.0387457
61.3 0.999993 0.0175481 0.960279 0.0177101 0.994783 0.0180587 0.992145 0.0111775 0.999965 0.0110998 0.999992 0.00991104 0.674112 0.00364612 1 0.00119002 0.999999 0.0010324 0.0072357 0.0039201 1 0.000262788 0.999999 0.000272261 0.00717467 0.00760723 0.999986 0.000472782 0.996676 0.000690261 0.260068 0.0097183 0.510504 0.0142445 0.0088188 0.0250062 0.754369 0.982859 0.981842 0.0416294
61.34 0.999995 0.0177347 0.948614 0.0181213 0.993628 0.0183866 0.993598 0.0117013 0.999957 0.0116759 0.999991 0.010515 0.70843 0.0038215 1 0.00140331 0.999999 0.00121194 0.00982752 0.00386648 1 0.00026215 0.999999 0.000268316 0.00592419 0.00717503 0.99999 0.00044447 0.997727 0.000630172 0.214252 0.0100531 0.633106 0.0101606 0.0180786 0.0206482 0.764417 0.983272 0.978146 0.0446742
61.38 0.999996 0.0178751 0.934096 0.0185722 0.992234 0.0186942 0.994769 0.0122162 0.999947 0.0122272 0.99999 0.0111092 0.739142 0.00402953 1 0.00164724 0.999999 0.00141695 0.0134794 0.00381852 1 0.00026219 0.999999 0.000265163 0.00496272 0.00678943 0.999993 0.000419921 0.998444 0.00057922 0.176301 0.010312 0.735245 0.00720317 0.0362459 0.0171217 0.774198 0.983648 0.973782 0.0478833
61.42 0.999997 0.0179645 0.916326 0.019077 0.990556 0.0189817 0.995715 0.0127199 0.999934 0.0127527 0.999988 0.0116914 0.766698 0.00426866 1 0.00192307 0.999999 0.00164853 0.0185836 0.00377531 1 0.000263005 0.999999 0.000262888 0.00422351 0.00644473 0.999995 0.000398522 0.99893 0.000535643 0.145159 0.0104554 0.814079 0.00514612 0.0702241 0.0142325 0.78375 0.983987 0.968657 0.0512594
61.46 0.999998 0.0179988 0.894991 0.0196521 0.988544 0.0192492 0.996481 0.0132106 0.999918 0.0132517 0.999986 0.0122596 0.791471 0.00453716 1 0.00223168 0.999999 0.00190754 0.0256372 0.00373586 1 0.000264746 0.999999 0.000261625 0.003656 0.00613584 0.999996 0.000379777 0.999259 0.000498128 0.119731 0.0104921 0.871939 0.00374431 0.129117 0.0117975 0.793109 0.984285 0.96267 0.0548054
61.5 0.999999 0.0179746 0.869917 0.0203149 0.986136 0.0194971 0.997102 0.0136865 0.999899 0.0137242 0.999984 0.0128123 0.813762 0.00483322 0.999999 0.00257344 0.999999 0.00219446 0.0352381 0.00369914 1 0.000267635 0.999999 0.000261567 0.00322216 0.00585854 0.999997 0.000363282 0.999483 0.000465665 0.0990023 0.0104757 0.913 0.00279332 0.220142 0.00967264 0.802311 0.98454 0.955716 0.058524
61.54 0.999999 0.0178902 0.841115 0.0210838 0.983263 0.0197259 0.997607 0.0141463 0.999874 0.0141704 0.999981 0.0133481 0.833812 0.00515496 0.999999 0.00294817 0.999998 0.00250941 0.0480578 0.00366412 1 0.000271979 0.999999 0.000262983 0.00289374 0.00560948 0.999998 0.000348714 0.999636 0.000437464 0.0820914 0.010472 0.941464 0.00214421 0.340811 0.00778025 0.811393 0.984749 0.947687 0.0624179
61.58 0.999999 0.0177462 0.808828 0.0219769 0.979842 0.0199365 0.998019 0.0145888 0.999843 0.0145907 0.999978 0.0138659 0.851821 0.00550044 0.999999 0.003355 0.999998 0.00285203 0.064778 0.0036299 1 0.000278184 0.999999 0.000266226 0.00265009 0.00538591 0.999998 0.00033581 0.999741 0.000412892 0.068263 0.0105145 0.960863 0.00169555 0.475339 0.00611844 0.820386 0.984909 0.938476 0.0664897
61.62 1 0.0175459 0.773521 0.0230109 0.975775 0.0201307 0.998356 0.015013 0.999803 0.014986 0.999974 0.0143649 0.867959 0.00586764 0.999999 0.00379241 0.999998 0.00322154 0.0859873 0.00359584 1 0.000286772 0.999999 0.000271743 0.00247652 0.00518537 0.999999 0.000324363 0.999813 0.000391434 0.0569195 0.0105802 0.973925 0.00138021 0.603112 0.00472499 0.829322 0.985016 0.927978 0.0707419
61.66 1 0.0172952 0.73583 0.0241999 0.970948 0.020311 0.998632 0.0154182 0.999752 0.0153569 0.99997 0.0148444 0.882379 0.00625446 0.999999 0.00425815 0.999998 0.00361667 0.112044 0.0035618 1 0.000298381 0.999999 0.000280079 0.00236314 0.00500539 0.999999 0.000314202 0.999863 0.000372661 0.0475815 0.010609 0.982649 0.00115405 0.710475 0.0036203 0.838226 0.985067 0.916099 0.0751769
61.7 1 0.0170018 0.696443 0.0255546 0.965222 0.020481 0.998859 0.0158039 0.999687 0.0157046 0.999964 0.015304 0.895216 0.0066587 0.999999 0.00474934 0.999998 0.00403578 0.14294 0.00352836 1 0.000313768 0.999999 0.000291869 0.00230405 0.00484354 0.999999 0.000305191 0.999899 0.000356208 0.0398672 0.0105432 0.988448 0.000988036 0.793715 0.00278356 0.84712 0.985055 0.90275 0.0797967
61.74 1 0.0166744 0.656039 0.0270821 0.958428 0.0206457 0.999047 0.0161701 0.999602 0.01603 0.999958 0.0157432 0.906603 0.0070781 0.999999 0.00526251 0.999998 0.00447683 0.178212 0.00349697 1 0.000333787 0.999999 0.000307827 0.00229677 0.00469756 0.999999 0.000297213 0.999924 0.00034176 0.0334723 0.0103536 0.992297 0.000863057 0.85523 0.00216683 0.85602 0.984975 0.887865 0.084603
61.78 1 0.0163214 0.615244 0.0287854 0.950369 0.0208112 0.999202 0.0165165 0.99949 0.0163344 0.99995 0.016162 0.916666 0.00751035 0.999998 0.00579372 0.999997 0.00493751 0.216959 0.00346996 1 0.000359372 0.999999 0.000328721 0.00234197 0.00456548 0.999999 0.000290169 0.999942 0.000329047 0.0281542 0.0100436 0.994851 0.000766495 0.89945 0.00171699 0.86493 0.98482 0.871395 0.0895964
61.82 1 0.0159506 0.574571 0.030664 0.940811 0.0209852 0.99933 0.0168433 0.999342 0.016619 0.99994 0.0165603 0.92553 0.00795313 0.999998 0.00633872 0.999997 0.0054153 0.257967 0.00345044 1 0.000391498 0.999998 0.000355343 0.00244348 0.0044457 1 0.000283973 0.999955 0.000317834 0.0237201 0.00963813 0.996549 0.000689989 0.930723 0.00138837 0.873844 0.984584 0.853323 0.0947769
61.86 1 0.015568 0.534392 0.0327141 0.92948 0.0211768 0.999438 0.0171509 0.999145 0.0168853 0.999929 0.0169382 0.933316 0.00840412 0.999998 0.00689311 0.999997 0.00590754 0.29991 0.00344184 1 0.000431156 0.999998 0.000388485 0.00260844 0.00433692 1 0.000278552 0.999964 0.000307921 0.0200166 0.00917071 0.99768 0.00062795 0.952604 0.00114608 0.882745 0.984255 0.833661 0.100142
61.9 1 0.0151776 0.49493 0.0349292 0.916053 0.0213962 0.999527 0.0174394 0.998878 0.0171347 0.999914 0.017296 0.940141 0.00886108 0.999998 0.0074525 0.999997 0.00641145 0.34156 0.00344756 1 0.000479314 0.999998 0.000428918 0.00284775 0.00423815 1 0.000273838 0.999972 0.00029914 0.0169214 0.00867384 0.998435 0.000576603 0.967788 0.000965039 0.8916 0.983825 0.812456 0.105689
61.94 1 0.0147815 0.456309 0.0373014 0.900148 0.0216555 0.999602 0.0177093 0.998517 0.0173689 0.999896 0.0176341 0.946114 0.00932182 0.999997 0.00801265 0.999996 0.00692426 0.38193 0.00347057 1 0.000536904 0.999998 0.000477369 0.00317666 0.00414855 1 0.000269773 0.999977 0.00029135 0.014336 0.00817388 0.998941 0.000533363 0.978249 0.00082768 0.900365 0.983281 0.789792 0.111409
61.98 1 0.01438 0.418619 0.0398212 0.881352 0.0219685 0.999664 0.0179609 0.998022 0.0175896 0.999873 0.0179527 0.951338 0.00978427 0.999997 0.00856959 0.999996 0.00744321 0.420339 0.0035131 1 0.000604797 0.999998 0.000534519 0.00361569 0.00406744 1 0.000266306 0.999981 0.000284437 0.0121793 0.00768972 0.999281 0.000496433 0.985404 0.000721801 0.908987 0.982609 0.765789 0.117293
62.02 1 0.0139724 0.381924 0.0424774 0.859239 0.0223509 0.999716 0.0181944 0.997338 0.0177991 0.999845 0.0182524 0.955907 0.0102464 0.999996 0.00911976 0.999996 0.00796558 0.456407 0.00357664 1 0.000683804 0.999998 0.000600997 0.00419175 0.00399421 1 0.000263393 0.999984 0.000278306 0.0103836 0.00723335 0.999509 0.000464535 0.990263 0.000638911 0.917407 0.981793 0.740601 0.123326
62.06 1 0.0135573 0.346285 0.0452568 0.833396 0.0228204 0.99976 0.0184098 0.996387 0.0179995 0.999808 0.0185337 0.959906 0.0107065 0.999996 0.00966002 0.999995 0.00848882 0.489997 0.00366189 1 0.000774671 0.999998 0.000677384 0.00493956 0.0039283 1 0.000260996 0.999986 0.000272885 0.00889197 0.00681132 0.999663 0.000436742 0.993539 0.000573052 0.925562 0.980813 0.71441 0.129491
62.1 1 0.0131334 0.31178 0.0481435 0.803464 0.0233967 0.999797 0.018607 0.995054 0.0181937 0.999762 0.0187972 0.963411 0.0111626 0.999995 0.0101877 0.999995 0.00901049 0.521143 0.00376894 1 0.000878079 0.999998 0.000764218 0.00590319 0.00386915 1 0.000259088 0.999988 0.000268116 0.00765592 0.00642625 0.999768 0.000412361 0.995733 0.000520001 0.933385 0.97965 0.687421 0.135763
62.14 1 0.0127 0.27851 0.0511188 0.769192 0.024102 0.999828 0.0187853 0.993173 0.0183852 0.999702 0.0190433 0.966488 0.0116131 0.999994 0.0107006 0.999994 0.00952835 0.549985 0.00389736 1 0.00099465 0.999997 0.000861999 0.00713782 0.00381624 1 0.000257647 0.999989 0.000263957 0.0066343 0.00607815 0.999839 0.000390865 0.997191 0.000476722 0.940817 0.978278 0.659845 0.142116
62.18 1 0.0122571 0.246614 0.0541597 0.730486 0.0249601 0.999854 0.0189436 0.9905 0.0185784 0.999623 0.0192727 0.969196 0.0120565 0.999993 0.011197 0.999994 0.0100404 0.576708 0.00404638 1 0.00112495 0.999997 0.000971188 0.00871145 0.00376905 1 0.000256665 0.99999 0.000260382 0.00579218 0.00576546 0.999887 0.000371837 0.998156 0.000441003 0.947799 0.976669 0.631897 0.148518
62.22 1 0.0118064 0.216284 0.0572392 0.687502 0.025996 0.999876 0.01908 0.98668 0.0187792 0.999521 0.0194857 0.971587 0.0124915 0.999992 0.0116755 0.999993 0.0105447 0.601514 0.00421496 0.999999 0.00126947 0.999997 0.00109221 0.0107067 0.00372704 1 0.000256142 0.999991 0.000257375 0.00509993 0.0054857 0.99992 0.000354943 0.998791 0.000411215 0.954289 0.974793 0.60379 0.154935
62.26 1 0.0113513 0.187732 0.0603248 0.640674 0.027235 0.999894 0.0191911 0.981199 0.0189954 0.999384 0.0196825 0.973703 0.0129166 0.999991 0.0121352 0.999993 0.0110398 0.624597 0.00440194 0.999999 0.00142864 0.999997 0.00122544 0.0132222 0.00368973 1 0.00025609 0.999991 0.000254937 0.00453264 0.00523603 0.999943 0.000339911 0.999207 0.000386136 0.960254 0.972614 0.575727 0.161329
62.3 1 0.0108968 0.16117 0.0633802 0.590709 0.0287006 0.99991 0.0192722 0.973317 0.0192381 0.999202 0.0198633 0.975584 0.0133309 0.999989 0.0125756 0.999992 0.0115243 0.646133 0.00460608 0.999999 0.0016028 0.999997 0.00137122 0.0163736 0.00365663 1 0.000256535 0.999992 0.000253081 0.00406963 0.00501348 0.999959 0.000326509 0.999479 0.000364843 0.965677 0.970091 0.547894 0.167664
62.34 1 0.0104491 0.136778 0.066366 0.538539 0.0304128 0.999923 0.019316 0.962 0.0195229 0.998955 0.0200278 0.977264 0.0137332 0.999988 0.0129961 0.999991 0.0119971 0.666274 0.00482608 0.999999 0.00179221 0.999997 0.0015298 0.0202936 0.00362728 1 0.000257519 0.999992 0.000251833 0.00369392 0.00481518 0.99997 0.000314545 0.999657 0.000346627 0.970555 0.967181 0.520458 0.173903
62.38 1 0.010015 0.114694 0.0692424 0.485248 0.0323867 0.999934 0.0193122 0.945847 0.0198717 0.998617 0.0201752 0.978772 0.0141226 0.999985 0.0133969 0.99999 0.0124572 0.685144 0.00506068 0.999999 0.00199701 0.999996 0.0017014 0.0251301 0.00360125 1 0.000259099 0.999992 0.000251237 0.00339168 0.00463847 0.999978 0.000303853 0.999773 0.000330937 0.974897 0.963834 0.493563 0.180013
62.42 1 0.00960129 0.094996 0.0719716 0.431986 0.0346299 0.999944 0.019247 0.923079 0.0203154 0.998152 0.0203042 0.980135 0.0144984 0.999983 0.0137779 0.999989 0.012904 0.702842 0.00530862 0.999999 0.0022172 0.999996 0.00188611 0.0310432 0.00357816 1 0.00026135 0.999992 0.000251351 0.00315184 0.00448089 0.999984 0.00029429 0.999849 0.000317342 0.978724 0.959997 0.467331 0.185962
62.46 1 0.00921396 0.0776981 0.0745209 0.379878 0.0371415 0.999952 0.0191028 0.891646 0.0208969 0.997506 0.0204126 0.981375 0.0148597 0.999979 0.0141396 0.999988 0.0133368 0.719446 0.00556869 0.999999 0.00245265 0.999996 0.00208394 0.0381986 0.00355768 1 0.000264369 0.999993 0.000252253 0.00296568 0.00434026 0.999988 0.000285733 0.999899 0.0003055 0.982066 0.95561 0.441859 0.191729
62.5 1 0.00885781 0.0627484 0.0768642 0.329945 0.0399102 0.999959 0.0188605 0.849581 0.0216726 0.996601 0.0204975 0.982514 0.0152057 0.999975 0.0144822 0.999987 0.0137552 0.73501 0.00583975 0.999999 0.00270303 0.999996 0.00229477 0.046759 0.00353956 1 0.000268272 0.999993 0.000254037 0.00282649 0.00421462 0.999991 0.000278075 0.999932 0.000295137 0.984957 0.95061 0.417226 0.197297
62.54 1 0.00853623 0.050035 0.0789845 0.283054 0.0429143 0.999964 0.0185029 0.795633 0.0227137 0.995326 0.0205553 0.983568 0.0155359 0.99997 0.0148062 0.999986 0.014159 0.749573 0.0061207 0.999999 0.00296783 0.999995 0.00251834 0.0568717 0.00352362 1 0.000273199 0.999992 0.000256818 0.00272934 0.00410227 0.999993 0.000271224 0.999953 0.00028603 0.987438 0.944928 0.393492 0.202658
62.58 1 0.00825113 0.0393968 0.0808737 0.239877 0.0461216 0.999969 0.0180213 0.730042 0.0241016 0.993522 0.0205825 0.984556 0.0158493 0.999963 0.0151122 0.999984 0.014548 0.76316 0.00641051 0.999998 0.0032463 0.999995 0.00275423 0.068654 0.0035098 1 0.000279311 0.999992 0.000260727 0.00267083 0.00400169 0.999994 0.0002651 0.999968 0.000278 0.989551 0.938491 0.370698 0.207816
62.62 1 0.00800307 0.030637 0.0825334 0.200871 0.0494907 0.999973 0.0174223 0.655031 0.0259201 0.990961 0.0205769 0.98549 0.0161455 0.999954 0.0154007 0.999982 0.014922 0.775789 0.00670819 0.999998 0.00353747 0.999995 0.00300183 0.0821777 0.0034982 1 0.000286791 0.999992 0.000265915 0.00264899 0.00391158 0.999995 0.000259631 0.999978 0.000270897 0.991338 0.931222 0.348873 0.212782
62.66 1 0.00779147 0.0235369 0.083973 0.166279 0.0529725 0.999977 0.0167308 0.57457 0.0282414 0.987323 0.0205396 0.986385 0.016424 0.999941 0.0156722 0.99998 0.0152812 0.787476 0.0070128 0.999998 0.00384009 0.999994 0.00326036 0.0974539 0.00348902 0.999999 0.000295843 0.999992 0.000272549 0.00266315 0.00383079 0.999996 0.000254758 0.999984 0.0002646 0.99284 0.923041 0.328034 0.217581
62.7 1 0.00761488 0.0178708 0.085209 0.136141 0.0565129 0.99998 0.0159855 0.493369 0.031112 0.982163 0.0204765 0.98725 0.0166847 0.999924 0.0159276 0.999978 0.0156254 0.798247 0.00732339 0.999998 0.00415272 0.999994 0.00352888 0.114423 0.00348267 0.999999 0.000306687 0.999992 0.000280808 0.00271395 0.00375832 0.999997 0.000250427 0.999989 0.000259006 0.994095 0.913864 0.308186 0.222246
62.74 1 0.00747116 0.0134168 0.0862622 0.110321 0.0600558 0.999983 0.0152294 0.415672 0.0345411 0.97487 0.0204001 0.988095 0.016928 0.999901 0.0161675 0.999974 0.0159549 0.808142 0.00763898 0.999998 0.00447373 0.999993 0.00380631 0.132949 0.00347969 0.999999 0.000319554 0.999991 0.000290881 0.0028033 0.00369331 0.999998 0.000246594 0.999992 0.00025403 0.995139 0.903604 0.289326 0.226823
62.78 1 0.00735768 0.00996567 0.0871565 0.0885348 0.0635467 0.999985 0.0144991 0.344432 0.0384952 0.964635 0.0203298 0.988924 0.0171546 0.999867 0.0163928 0.99997 0.0162699 0.817216 0.00795857 0.999998 0.00480137 0.999993 0.00409148 0.152827 0.00348079 0.999999 0.000334684 0.999991 0.00030296 0.00293447 0.00363501 0.999998 0.000243217 0.999994 0.000249602 0.996003 0.892175 0.27144 0.231368
62.82 1 0.00727147 0.00732911 0.0879166 0.0704169 0.0669354 0.999987 0.013818 0.281214 0.0429009 0.950413 0.0202915 0.989738 0.0173655 0.999818 0.0166049 0.999965 0.0165707 0.825535 0.00828106 0.999997 0.00513388 0.999993 0.0043832 0.173792 0.00348677 0.999999 0.000352318 0.999991 0.00031724 0.0031121 0.00358276 0.999998 0.000240262 0.999996 0.00024566 0.996716 0.879487 0.254506 0.235949
62.86 1 0.00720939 0.00534213 0.0885665 0.055561 0.0701787 0.999988 0.0131955 0.226541 0.0476507 0.93094 0.020317 0.990534 0.0175619 0.999748 0.0168049 0.999958 0.0168577 0.833175 0.00860532 0.999997 0.00546954 0.999992 0.0046803 0.195543 0.00349852 0.999999 0.000372689 0.99999 0.000333906 0.00334244 0.00353601 0.999998 0.000237699 0.999997 0.000242156 0.997303 0.865451 0.238505 0.240641
62.9 1 0.00716819 0.00386321 0.0891283 0.04353 0.0732418 0.99999 0.0126293 0.18028 0.0526115 0.904849 0.0204435 0.991311 0.0177451 0.999644 0.0169944 0.99995 0.0171313 0.840216 0.00893018 0.999997 0.00580673 0.999991 0.00498168 0.217762 0.00351693 0.999999 0.000396022 0.99999 0.000353137 0.0036335 0.00349426 0.999999 0.000235501 0.999997 0.000239047 0.997784 0.849976 0.223418 0.245533
62.94 1 0.00714465 0.00277434 0.0896214 0.0338818 0.0760997 0.999991 0.0121097 0.14179 0.0576362 0.870828 0.0207135 0.99206 0.0179161 0.999489 0.0171754 0.999939 0.0173919 0.846731 0.00925449 0.999996 0.00614404 0.999991 0.00528634 0.240143 0.00354283 0.999999 0.000422524 0.99999 0.000375095 0.00399526 0.00345707 0.999999 0.000233645 0.999998 0.000236298 0.998178 0.832976 0.209215 0.250724
62.98 1 0.00713557 0.00198125 0.0900618 0.0262165 0.0787371 0.999992 0.0116229 0.110217 0.0625767 0.827908 0.0211736 0.992777 0.0180757 0.999258 0.0173498 0.999924 0.01764 0.85278 0.00957716 0.999996 0.00648018 0.99999 0.0055934 0.262402 0.00357698 0.999999 0.000452383 0.999989 0.000399927 0.00444001 0.00342407 0.999999 0.000232111 0.999998 0.00023388 0.9985 0.814363 0.195864 0.256321
63.02 1 0.00713797 0.00140896 0.0904624 0.0201819 0.0811468 0.999993 0.0111555 0.0846918 0.0672946 0.775874 0.021874 0.993454 0.0182247 0.99891 0.0175199 0.999905 0.017876 0.858414 0.00989721 0.999996 0.00681404 0.99999 0.00590202 0.284298 0.00361997 0.999998 0.000485761 0.999989 0.000427758 0.00498263 0.00339491 0.999999 0.000230881 0.999999 0.000231772 0.998763 0.794054 0.183336 0.262446
63.06 1 0.0071491 0.00099874 0.0908328 0.015467 0.083329 0.999994 0.0106982 0.0643707 0.0716693 0.715626 0.0228644 0.994088 0.0183634 0.998384 0.0176881 0.999879 0.0181002 0.86367 0.0102138 0.999995 0.00714464 0.999989 0.00621143 0.30563 0.00367227 0.999998 0.000522795 0.999988 0.000458694 0.00564091 0.00336929 0.999999 0.000229942 0.999999 0.000229953 0.998977 0.771971 0.171598 0.26923
63.1 1 0.00716654 0.000706562 0.0911798 0.0118122 0.0852889 0.999994 0.0102477 0.0484121 0.0756065 0.649088 0.0241895 0.994676 0.0184919 0.997588 0.0178574 0.999844 0.018313 0.868576 0.0105263 0.999994 0.00747108 0.999988 0.0065209 0.326244 0.00373414 0.999998 0.000563589 0.999988 0.000492813 0.00643585 0.00334692 0.999999 0.000229282 0.999999 0.000228412 0.999153 0.748043 0.160616 0.276818
63.14 1 0.00718821 0.000499573 0.0915078 0.00899979 0.087036 0.999995 0.00980663 0.0360407 0.0790435 0.578894 0.0258847 0.995216 0.01861 0.996379 0.0180306 0.999798 0.0185146 0.873149 0.010834 0.999994 0.00779255 0.999987 0.00682966 0.346024 0.0038057 0.999998 0.000608214 0.999988 0.00053017 0.00739202 0.00332755 0.999999 0.000228892 0.999999 0.000227137 0.999296 0.722207 0.150357 0.285366
63.18 1 0.0072124 0.000353658 0.0918195 0.00684991 0.0885826 0.999996 0.00938199 0.0265632 0.0819522 0.50783 0.0279719 0.995708 0.0187169 0.994547 0.0182114 0.999735 0.0187053 0.877407 0.0111367 0.999993 0.00810829 0.999987 0.00713699 0.364897 0.00388692 0.999998 0.000656707 0.999987 0.000570791 0.00853776 0.00331095 0.999999 0.000228768 0.999999 0.000226125 0.999414 0.694417 0.140788 0.295045
63.22 1 0.00723778 0.000251215 0.0921161 0.00521617 0.089943 0.999996 0.0089823 0.0193814 0.0843368 0.438446 0.0304569 0.996154 0.0188113 0.991777 0.0184042 0.999648 0.0188853 0.881368 0.0114338 0.999992 0.0084176 0.999986 0.00744212 0.38282 0.00397762 0.999998 0.000709068 0.999987 0.000614675 0.00990527 0.00329688 0.999999 0.000228908 0.999999 0.000225374 0.99951 0.664647 0.131881 0.306041
63.26 1 0.00726335 0.000179493 0.092398 0.00398087 0.0911324 0.999996 0.0086155 0.0139983 0.0862293 0.372733 0.0333271 0.996555 0.0188908 0.987615 0.0186147 0.999528 0.0190547 0.885052 0.011725 0.999991 0.00871986 0.999985 0.00774435 0.399777 0.00407749 0.999997 0.000765259 0.999987 0.000661792 0.0115305 0.00328516 0.999999 0.000229315 1 0.000224887 0.999589 0.6329 0.123609 0.318549
63.3 1 0.00728839 0.000129348 0.0926654 0.00305063 0.0921669 0.999997 0.00828718 0.010009 0.0876816 0.311969 0.0365523 0.996914 0.0189513 0.981404 0.0188513 0.999363 0.0192135 0.88848 0.0120101 0.999989 0.00901457 0.999984 0.00804301 0.415777 0.00418612 0.999997 0.000825209 0.999986 0.000712086 0.013453 0.00327559 0.999999 0.000229993 1 0.00022467 0.999653 0.599219 0.115942 0.332777
63.34 1 0.00731243 9.42852e-05 0.0929179 0.00235227 0.0930622 0.999997 0.00800013 0.00708489 0.0887571 0.256892 0.0400868 0.997234 0.0189868 0.972232 0.0191259 0.999134 0.0193614 0.891672 0.0122886 0.999988 0.00930129 0.999983 0.00833747 0.430845 0.00430301 0.999997 0.000888812 0.999986 0.000765476 0.0157153 0.00326799 0.999999 0.000230954 1 0.000224736 0.999707 0.563699 0.10885 0.348935
63.38 1 0.0073352 6.97356e-05 0.0931553 0.00182908 0.0938342 0.999998 0.00775474 0.00496414 0.089524 0.207868 0.0438708 0.997518 0.018988 0.958871 0.0194557 0.998817 0.0194978 0.894649 0.0125602 0.999986 0.00957969 0.999982 0.00862719 0.445015 0.00442758 0.999997 0.000955931 0.999986 0.000821858 0.0183619 0.00326221 0.999999 0.000232212 1 0.000225098 0.999751 0.526501 0.102301 0.367226
63.42 1 0.00735655 5.25069e-05 0.0933776 0.00143757 0.0944974 0.999998 0.00754967 0.00344186 0.0900488 0.165018 0.047833 0.99777 0.0189427 0.939777 0.0198657 0.998379 0.0196213 0.897432 0.0128245 0.999984 0.00984952 0.999981 0.00891166 0.458326 0.0045592 0.999996 0.0010264 0.999986 0.000881108 0.0214388 0.00325811 0.999999 0.000233786 1 0.000225777 0.999787 0.487865 0.0962661 0.387836
63.46 1 0.00737645 4.0384e-05 0.0935848 0.00114473 0.095066 0.999998 0.00738258 0.00236034 0.0903925 0.128285 0.0518939 0.997993 0.0188352 0.913166 0.0203904 0.997775 0.0197302 0.90004 0.013081 0.999981 0.0101106 0.99998 0.00919047 0.470815 0.0046972 0.999996 0.00110002 0.999986 0.000943077 0.0249914 0.00325558 0.999999 0.0002357 1 0.000226795 0.999818 0.448129 0.0907148 0.410905
63.5 1 0.00739491 3.1838e-05 0.0937772 0.000925748 0.0955528 0.999998 0.00725055 0.00159996 0.0906087 0.0974678 0.05597 0.99819 0.0186475 0.877265 0.0210758 0.996946 0.0198216 0.902496 0.0133292 0.999977 0.0103629 0.999979 0.00946324 0.482513 0.00484092 0.999996 0.00117658 0.999985 0.0010076 0.0290633 0.00325454 0.999999 0.000237981 1 0.000228179 0.999843 0.407728 0.0856176 0.43651
63.54 1 0.00741202 2.58195e-05 0.0939554 0.000762123 0.0959693 0.999998 0.00715037 0.00107114 0.090742 0.0722291 0.0599789 0.998364 0.0183627 0.830749 0.02198 0.995813 0.0198923 0.90482 0.0135686 0.999973 0.0106062 0.999978 0.0097297 0.493441 0.0049897 0.999996 0.00125579 0.999985 0.00107446 0.0336941 0.00325491 0.999999 0.000240661 1 0.000229961 0.999864 0.367202 0.080945 0.464623
63.58 1 0.00742788 2.16135e-05 0.0941199 0.000640188 0.0963261 0.999999 0.00707867 0.000707567 0.0908287 0.0520982 0.0638456 0.998517 0.0179692 0.773307 0.0231714 0.994275 0.0199387 0.907043 0.0137983 0.999968 0.0108408 0.999977 0.00998962 0.503612 0.00514291 0.999996 0.00133737 0.999985 0.00114345 0.0389176 0.00325667 0.999999 0.000243778 1 0.000232176 0.999882 0.327171 0.0766668 0.495088
63.62 1 0.00744261 1.87385e-05 0.0942715 0.000549925 0.0966323 0.999999 0.00703196 0.000460705 0.0908966 0.0365061 0.0675072 0.998652 0.0174664 0.706045 0.0247232 0.992199 0.0199574 0.909198 0.0140178 0.999961 0.0110667 0.999975 0.0102429 0.513035 0.00529993 0.999995 0.00142096 0.999985 0.00121429 0.04476 0.00325982 0.999999 0.000247371 1 0.000234861 0.999896 0.288311 0.0727535 0.527589
63.66 1 0.00745633 1.68789e-05 0.0944112 0.000484068 0.0968961 0.999999 0.00700674 0.000295408 0.0909661 0.0248127 0.0709174 0.998771 0.0168675 0.631396 0.0267064 0.98941 0.0199472 0.911326 0.0142263 0.999953 0.0112842 0.999973 0.0104897 0.521723 0.00546017 0.999995 0.00150616 0.999985 0.00128669 0.051238 0.0032644 0.999999 0.000251482 1 0.000238057 0.999909 0.251297 0.0691774 0.561641
63.7 1 0.00746915 1.58413e-05 0.0945397 0.000437449 0.0971243 0.999999 0.00699951 0.000186415 0.0910511 0.016339 0.0740474 0.998877 0.0161982 0.552607 0.0291811 0.985671 0.0199096 0.913472 0.0144234 0.999942 0.0114939 0.999971 0.0107303 0.5297 0.00562305 0.999995 0.00159257 0.999985 0.0013603 0.058358 0.00327048 0.999999 0.000256157 1 0.000241807 0.999919 0.216748 0.0659125 0.596607
63.74 1 0.00748116 1.55295e-05 0.094658 0.000406516 0.0973229 0.999999 0.00700691 0.00011574 0.0911599 0.0104148 0.076886 0.998971 0.0154911 0.473037 0.0321899 0.980664 0.0198502 0.915686 0.0146088 0.999928 0.0116966 0.999968 0.0109651 0.537016 0.00578793 0.999995 0.00167974 0.999985 0.00143481 0.0661154 0.00327817 0.999999 0.000261443 1 0.000246156 0.999928 0.185164 0.062934 0.631742
63.78 1 0.00749246 1.59335e-05 0.0947671 0.000388996 0.0974969 0.999999 0.00702572 7.07222e-05 0.0912966 0.00642383 0.0794372 0.999057 0.0147788 0.39563 0.0357509 0.97395 0.0197792 0.91803 0.0147823 0.99991 0.0118935 0.999965 0.0111949 0.543758 0.00595413 0.999995 0.00176726 0.999985 0.0015099 0.0744954 0.00328761 0.999999 0.000267389 1 0.00025115 0.999936 0.156882 0.0602195 0.66626
63.82 1 0.0075031 1.71352e-05 0.0948677 0.000383679 0.0976504 0.999999 0.00705302 4.25745e-05 0.0914614 0.00383532 0.0817164 0.999135 0.0140879 0.322668 0.0398539 0.964911 0.0197115 0.920557 0.0149441 0.999885 0.0120859 0.999961 0.0114209 0.550048 0.00612084 0.999995 0.00185483 0.999985 0.00158532 0.0834735 0.00329895 0.999999 0.000274045 1 0.000256837 0.999943 0.13205 0.05775 0.699416
63.86 1 0.00751317 1.93308e-05 0.0949607 0.000390309 0.0977868 1 0.00708625 2.52993e-05 0.0916526 0.00221913 0.0837464 0.999208 0.0134364 0.255881 0.0444555 0.952681 0.0196669 0.923319 0.0150946 0.999851 0.0122757 0.999956 0.0116445 0.556041 0.00628715 0.999994 0.00194224 0.999985 0.00166094 0.0930187 0.00331237 0.999999 0.000281462 1 0.000263265 0.999948 0.110637 0.0555098 0.730582
63.9 1 0.00752269 2.28799e-05 0.0950468 0.000409586 0.0979089 1 0.00712321 1.4883e-05 0.0918664 0.00124699 0.0855532 0.999276 0.0128338 0.196606 0.0494745 0.936057 0.0196704 0.926355 0.0152344 0.999803 0.0124652 0.99995 0.0118672 0.561923 0.00645207 0.999994 0.00202948 0.999984 0.00173677 0.103096 0.00332805 0.999999 0.000289692 1 0.000270485 0.999953 0.0924606 0.053487 0.7593
63.94 1 0.00753172 2.83964e-05 0.0951266 0.000443257 0.0980187 1 0.00716212 8.70124e-06 0.0920982 0.000682671 0.0871632 0.999341 0.0122817 0.145823 0.0547879 0.913412 0.0197541 0.929691 0.0153643 0.999736 0.0126567 0.999941 0.0120908 0.567891 0.00661455 0.999994 0.00211675 0.999984 0.001813 0.113669 0.00334619 0.999999 0.00029879 1 0.000278549 0.999957 0.0772309 0.0516735 0.785297
63.98 1 0.0075403 3.69094e-05 0.0952007 0.000494337 0.0981178 1 0.00720158 5.07966e-06 0.092343 0.000365645 0.0886006 0.999403 0.0117753 0.104068 0.060233 0.882672 0.0199586 0.933334 0.0154853 0.99964 0.0128527 0.999931 0.0123172 0.574143 0.00677359 0.999993 0.00220447 0.999984 0.00189001 0.124702 0.00336696 0.999999 0.000308814 1 0.00028751 0.999961 0.0645996 0.0500646 0.808482
64.02 1 0.00754847 5.01473e-05 0.0952695 0.000567472 0.0982074 1 0.00724049 2.97718e-06 0.0925959 0.000192592 0.0898862 0.999462 0.0113036 0.0713046 0.0656176 0.841439 0.0203367 0.937267 0.0155984 0.999498 0.0130561 0.999917 0.0125481 0.580858 0.00692831 0.999993 0.00229332 0.999984 0.00196839 0.136165 0.00339053 0.999999 0.000319823 1 0.000297427 0.999964 0.0542001 0.0486585 0.828906
64.06 1 0.00755628 7.10421e-05 0.0953334 0.000669496 0.0982881 1 0.00727798 1.76213e-06 0.0928522 0.000100347 0.0910371 0.999519 0.0108513 0.0468696 0.0707398 0.787421 0.020956 0.941454 0.0157047 0.999287 0.0132694 0.999898 0.012785 0.588189 0.00707801 0.999993 0.00238414 0.999983 0.00204887 0.148031 0.00341705 0.999999 0.000331887 1 0.000308362 0.999967 0.0456787 0.0474556 0.846727
64.1 1 0.0075638 0.000104627 0.0953926 0.00081027 0.0983602 1 0.00731337 1.05958e-06 0.0931075 5.20521e-05 0.0920663 0.999573 0.0104013 0.0295803 0.075413 0.719265 0.0218993 0.945838 0.0158056 0.998967 0.0134953 0.999873 0.013029 0.596244 0.00722234 0.999992 0.00247796 0.999983 0.00213236 0.160277 0.00344667 0.999999 0.000345078 1 0.000320384 0.999969 0.0387127 0.0464578 0.862169
64.14 1 0.0075711 0.000159649 0.0954471 0.00100388 0.0984237 1 0.00734606 6.51094e-07 0.0933578 2.70585e-05 0.0929844 0.999623 0.00993987 0.0179666 0.0794891 0.63764 0.0232621 0.950347 0.0159019 0.998472 0.0137364 0.999839 0.0132808 0.605086 0.00736125 0.999991 0.00257592 0.999982 0.00221985 0.172886 0.00347949 0.999999 0.000359478 1 0.000333569 0.999971 0.0330208 0.0456681 0.875484
64.18 1 0.00757831 0.000251472 0.0954966 0.00127034 0.0984778 1 0.00737557 4.11084e-07 0.0935997 1.41882e-05 0.0937992 0.999669 0.00946284 0.0105369 0.0828742 0.546063 0.0251409 0.954899 0.0159945 0.997695 0.0139951 0.999792 0.0135407 0.614741 0.00749512 0.99999 0.00267922 0.999982 0.00231239 0.185837 0.00351563 0.999999 0.00037518 1 0.000348002 0.999972 0.0283643 0.0450897 0.886931
64.22 1 0.00758559 0.000407336 0.0955405 0.00163807 0.0985215 1 0.00740156 2.67966e-07 0.0938298 7.55058e-06 0.0945173 0.999712 0.00897869 0.00599307 0.0855346 0.450478 0.0276147 0.959405 0.0160841 0.996457 0.014274 0.999726 0.0138083 0.625194 0.00762461 0.999989 0.00278907 0.999981 0.00241107 0.199116 0.0035552 0.999999 0.000392283 1 0.000363774 0.999973 0.0245455 0.0447257 0.896759
64.26 1 0.00759319 0.000675857 0.0955771 0.00214732 0.0985527 1 0.0074239 1.81064e-07 0.0940456 4.10132e-06 0.0951446 0.99975 0.00850643 0.00332282 0.0874944 0.357679 0.0307237 0.963783 0.0161708 0.994459 0.0145754 0.999631 0.0140827 0.636397 0.00775073 0.999988 0.00290667 0.99998 0.00251697 0.212705 0.0035983 0.999999 0.000410898 1 0.000380989 0.999975 0.0214029 0.0445801 0.905194
64.3 1 0.0076015 0.00114416 0.0956034 0.00285496 0.0985688 1 0.00744269 1.27224e-07 0.0942449 2.28535e-06 0.0956871 0.999784 0.00806889 0.00180565 0.0888259 0.273536 0.0344505 0.967964 0.0162535 0.991192 0.0149025 0.999493 0.0143625 0.648282 0.00787469 0.999986 0.0030332 0.999979 0.00263115 0.226593 0.00364506 0.999999 0.000431148 1 0.00039976 0.999975 0.0188062 0.0446566 0.912439
64.34 1 0.00761117 0.00196856 0.0956134 0.00384106 0.0985657 1 0.00745829 9.31706e-08 0.0944264 1.31205e-06 0.096151 0.999813 0.00768568 0.000966914 0.0896352 0.201836 0.0387113 0.971887 0.0163294 0.985796 0.0152607 0.999289 0.014646 0.660771 0.00799785 0.999984 0.00316975 0.999978 0.00275465 0.240775 0.00369557 0.999999 0.000453169 1 0.000420212 0.999976 0.0166506 0.04496 0.918672
64.38 1 0.00762324 0.00342867 0.0955965 0.00521783 0.0985379 1 0.0074712 7.12166e-08 0.0945895 7.78835e-07 0.0965434 0.999839 0.00736888 0.000512923 0.0900446 0.144041 0.0433612 0.97551 0.0163921 0.976838 0.0156597 0.998984 0.014931 0.673775 0.00812159 0.999981 0.00331738 0.999976 0.00288847 0.255249 0.00374994 0.999999 0.000477112 0.999999 0.000442487 0.999977 0.0148526 0.0454951 0.924043
64.42 1 0.00763942 0.00602097 0.0955332 0.00714156 0.0984778 1 0.00748202 5.68504e-08 0.0947344 4.79308e-07 0.0968722 0.999861 0.00712232 0.000270886 0.0901765 0.099711 0.0482143 0.978802 0.0164296 0.961984 0.0161178 0.998522 0.0152149 0.687194 0.00824726 0.999977 0.00347708 0.999974 0.00303359 0.270022 0.00380827 0.999998 0.000503148 0.999999 0.000466743 0.999977 0.0133453 0.0462675 0.928682
64.46 1 0.00766257 0.0106142 0.0953886 0.00982807 0.0983756 1 0.00749136 4.73886e-08 0.094862 3.06383e-07 0.0971457 0.99988 0.00694311 0.000143082 0.0901408 0.0671792 0.0530744 0.981752 0.0164211 0.937646 0.0166689 0.997816 0.0154943 0.700918 0.00837613 0.999972 0.00364974 0.999972 0.00319091 0.285095 0.00387065 0.999998 0.000531469 0.999999 0.000493162 0.999977 0.0120756 0.0472834 0.932701
64.5 1 0.00769745 0.0186899 0.0951013 0.0135721 0.0982188 1 0.00749978 4.12162e-08 0.0949735 2.03635e-07 0.0973724 0.999896 0.00682384 7.59022e-05 0.0900266 0.0442176 0.0577657 0.984358 0.0163344 0.898869 0.0173708 0.996731 0.0157644 0.714825 0.00850931 0.999966 0.00383613 0.99997 0.00336125 0.300462 0.00393721 0.999998 0.000562287 0.999999 0.000521943 0.999977 0.0110009 0.0485498 0.93619
64.54 1 0.00775192 0.0326668 0.0945671 0.0187705 0.0979917 1 0.00750777 3.73561e-08 0.0950705 1.40766e-07 0.0975604 0.999909 0.00675477 4.0581e-05 0.0899003 0.0285406 0.0621564 0.986631 0.0161268 0.840186 0.0183169 0.995059 0.0160193 0.72881 0.00864764 0.999957 0.00403684 0.999967 0.0035453 0.316091 0.00400808 0.999998 0.000595832 0.999999 0.000553306 0.999977 0.010087 0.0500739 0.939229
64.58 1 0.00783863 0.056206 0.0936181 0.0259479 0.0976767 1 0.00751577 3.52246e-08 0.0951547 1.01161e-07 0.0977177 0.99992 0.00672543 2.19348e-05 0.0898056 0.0181412 0.0661678 0.988591 0.015754 0.758132 0.0196409 0.992482 0.016251 0.742774 0.00879163 0.999946 0.00425233 0.999964 0.00374366 0.331915 0.00408347 0.999998 0.000632341 0.999999 0.000587476 0.999977 0.00930655 0.0518641 0.941883
64.62 1 0.00797704 0.0941532 0.0920057 0.0357822 0.0972543 1 0.0075242 3.44927e-08 0.0952276 7.5498e-08 0.0978514 0.99993 0.00672583 1.20185e-05 0.0897674 0.0114056 0.0697722 0.990263 0.0151919 0.654879 0.0215079 0.988524 0.0164514 0.756634 0.00894143 0.99993 0.00448287 0.99996 0.00395682 0.347826 0.00416369 0.999998 0.000672047 0.999999 0.000624679 0.999977 0.00863747 0.0539298 0.944208
64.66 1 0.00819473 0.151444 0.0894147 0.0491217 0.0967047 1 0.00753354 3.50135e-08 0.0952911 5.84257e-08 0.0979677 0.999938 0.00674715 6.68978e-06 0.0897957 0.00712319 0.0729811 0.991675 0.0144613 0.539781 0.0240816 0.982488 0.0166155 0.770341 0.00909695 0.999909 0.00472859 0.999955 0.00418513 0.36368 0.00424912 0.999998 0.000715151 0.999999 0.000665114 0.999976 0.00806185 0.056282 0.946251
64.7 1 0.00852563 0.230381 0.0855478 0.0669241 0.0960067 1 0.00754435 3.69314e-08 0.0953467 4.6944e-08 0.0980725 0.999945 0.00678219 3.78105e-06 0.0898901 0.00443182 0.0758299 0.99286 0.0136301 0.425796 0.0274736 0.973386 0.0167466 0.783893 0.00925797 0.99988 0.00498959 0.999949 0.00442893 0.379332 0.00434023 0.999997 0.000761818 0.999999 0.000708944 0.999976 0.0075652 0.0589468 0.948052
64.74 1 0.00900261 0.327463 0.0802934 0.0901448 0.0951347 1 0.00755722 4.08314e-08 0.0953961 3.93746e-08 0.0981708 0.999951 0.00682555 2.16e-06 0.0900442 0.00274832 0.0783634 0.993849 0.0127851 0.323539 0.0317031 0.959847 0.0168616 0.797314 0.00942442 0.999837 0.00526608 0.999941 0.00468864 0.39469 0.00443745 0.999997 0.000812168 0.999999 0.000756298 0.999975 0.00713575 0.0619776 0.949645
64.78 1 0.00964559 0.433182 0.0738793 0.119658 0.0940486 1 0.0075727 4.7807e-08 0.0954412 3.46742e-08 0.0982674 0.999956 0.00687346 1.23976e-06 0.0902482 0.00169701 0.0806251 0.994674 0.0119955 0.238396 0.0366816 0.94008 0.0169927 0.810626 0.00959641 0.999776 0.00555849 0.999931 0.00496481 0.409736 0.0045411 0.999997 0.00086631 0.999999 0.00080729 0.999974 0.006764 0.0654447 0.951059
64.82 1 0.0104526 0.536156 0.0668489 0.156141 0.0926819 1 0.00759108 5.96547e-08 0.0954832 3.21645e-08 0.0983665 0.99996 0.00692343 7.1271e-07 0.0904917 0.00104253 0.0826521 0.995365 0.011296 0.17119 0.0422255 0.911933 0.0171865 0.823826 0.00977428 0.999684 0.00586753 0.999918 0.00525806 0.424516 0.00465129 0.999996 0.00092437 0.999999 0.000862052 0.999973 0.00644229 0.0694204 0.95232
64.86 1 0.0114004 0.628009 0.0598428 0.199908 0.090941 1 0.00761229 7.9573e-08 0.0955223 3.14994e-08 0.0984714 0.999965 0.00697383 4.10146e-07 0.0907647 0.000636512 0.0844739 0.995949 0.0106891 0.120159 0.048087 0.873145 0.0175017 0.836871 0.0099585 0.999547 0.0061941 0.9999 0.00556905 0.439131 0.00476789 0.999996 0.000986523 0.999999 0.000920765 0.999972 0.00616441 0.0739858 0.953449
64.9 0.999999 0.0124535 0.705112 0.0533678 0.250694 0.0887253 1 0.00763592 1.13249e-07 0.0955574 3.27281e-08 0.0985843 0.999969 0.00702355 2.37362e-07 0.091058 0.000384841 0.0861135 0.996446 0.0101577 0.082543 0.053993 0.821895 0.0180064 0.84968 0.0101496 0.999339 0.0065392 0.999877 0.00589826 0.453706 0.00489061 0.999995 0.00105303 0.999998 0.000983684 0.999971 0.00592541 0.0792576 0.954466
64.94 0.999999 0.0135747 0.767466 0.0477013 0.307553 0.0859613 1 0.00766131 1.71332e-07 0.0955856 3.61935e-08 0.0987063 0.999972 0.00707174 1.38892e-07 0.0913638 0.00022986 0.0875886 0.996875 0.00967717 0.0555232 0.0596827 0.757594 0.0187754 0.862155 0.010348 0.999021 0.00690386 0.999846 0.00624592 0.468365 0.00501901 0.999995 0.00112423 0.999998 0.00105115 0.99997 0.00572139 0.0853609 0.955389
64.98 0.999999 0.0147305 0.816884 0.0429216 0.368926 0.0826332 1 0.00768772 2.742e-07 0.0956027 4.26204e-08 0.098837 0.999975 0.00711768 8.26044e-08 0.0916753 0.000135587 0.0889132 0.997248 0.0092261 0.0365854 0.0649362 0.681593 0.0198856 0.874197 0.0105542 0.998529 0.00728902 0.999804 0.00661187 0.483211 0.00515268 0.999994 0.00120057 0.999998 0.00112362 0.999968 0.00554936 0.0924188 0.956231
65.02 0.999998 0.0158936 0.855699 0.0389826 0.43285 0.0787962 0.999999 0.00771443 4.61455e-07 0.0956041 5.33672e-08 0.0989755 0.999978 0.0071608 5.02033e-08 0.0919867 7.90825e-05 0.0900989 0.997575 0.00879225 0.0236275 0.0695929 0.597312 0.0214087 0.885721 0.0107679 0.997764 0.00769562 0.999747 0.00699558 0.498313 0.00529122 0.999993 0.00128259 0.999998 0.00120159 0.999966 0.00540708 0.100554 0.957007
65.06 0.999998 0.0170405 0.886113 0.035781 0.497248 0.0745683 0.999999 0.00774078 8.11295e-07 0.0955857 7.08473e-08 0.0991197 0.999981 0.00720064 3.13415e-08 0.0922928 4.5725e-05 0.0911556 0.997864 0.00837437 0.0149682 0.0735598 0.509569 0.0234022 0.896661 0.0109891 0.996566 0.00812457 0.999669 0.00739614 0.513712 0.00543439 0.999992 0.00137089 0.999997 0.0012857 0.999964 0.00529298 0.109887 0.957729
65.1 0.999997 0.0181506 0.909976 0.033198 0.560212 0.0701062 0.999999 0.00776623 1.4801e-06 0.0955442 9.92928e-08 0.0992673 0.999983 0.00723695 2.01933e-08 0.0925893 2.63028e-05 0.0920922 0.998119 0.00797971 0.00931058 0.0768103 0.423469 0.0258994 0.906967 0.0112167 0.994682 0.00857697 0.999559 0.00781232 0.529431 0.00558209 0.999991 0.00146615 0.999997 0.0013766 0.999961 0.00520605 0.120527 0.958407
65.14 0.999996 0.019205 0.92876 0.0311206 0.620189 0.065576 0.999999 0.00779029 2.78353e-06 0.0954778 1.46141e-07 0.0994159 0.999985 0.00726967 1.34809e-08 0.092873 1.51191e-05 0.0929176 0.998346 0.00761917 0.00569549 0.0793755 0.343211 0.0289016 0.9166 0.0114492 0.991711 0.00905435 0.999404 0.00824252 0.545472 0.00573434 0.999989 0.0015691 0.999997 0.00147505 0.999958 0.00514583 0.132569 0.959052
65.18 0.999995 0.0201867 0.943603 0.0294505 0.676054 0.0611283 0.999999 0.0078126 5.36253e-06 0.0953861 2.24534e-07 0.099563 0.999986 0.00729895 9.35419e-09 0.0931412 8.72657e-06 0.0936404 0.998546 0.00730258 0.00343343 0.0813287 0.271585 0.0323746 0.92554 0.0116839 0.98702 0.00955935 0.999184 0.00868487 0.561816 0.00589128 0.999987 0.00168054 0.999996 0.00158187 0.999954 0.0051123 0.146084 0.959671
65.22 0.999993 0.0210814 0.955376 0.0281056 0.727082 0.0568831 0.999998 0.00783287 1.05211e-05 0.0952701 3.57811e-07 0.099706 0.999988 0.00732508 6.76163e-09 0.0933923 5.08322e-06 0.0942699 0.998723 0.00703622 0.00204453 0.0827691 0.210022 0.0362486 0.933778 0.011916 0.979621 0.0100969 0.998868 0.00913714 0.578426 0.00605321 0.999984 0.0018013 0.999996 0.0016979 0.99995 0.00510591 0.161113 0.960274
65.26 0.999991 0.0218783 0.964744 0.027019 0.772886 0.0529246 0.999998 0.00785091 2.09089e-05 0.095132 5.87519e-07 0.0998429 0.999989 0.00734842 5.09868e-09 0.0936254 3.00289e-06 0.0948154 0.998878 0.00682227 0.00120571 0.0838048 0.15886 0.040423 0.941314 0.0121379 0.968013 0.010676 0.99841 0.00959674 0.595253 0.00622047 0.999981 0.00193225 0.999995 0.00182407 0.999944 0.0051275 0.177656 0.960865
65.3 0.999989 0.0225703 0.972218 0.0261372 0.813342 0.0493031 0.999997 0.00786662 4.18837e-05 0.0949745 9.87548e-07 0.0999717 0.99999 0.00736939 4.01307e-09 0.0938405 1.80721e-06 0.0952864 0.999014 0.00665952 0.000706102 0.0845407 0.117651 0.044776 0.948158 0.0123376 0.950013 0.011313 0.997744 0.0100606 0.612229 0.00639349 0.999976 0.00207427 0.999994 0.00196131 0.999938 0.0051783 0.19567 0.961453
65.34 0.999985 0.0231542 0.978187 0.0254173 0.848524 0.0460411 0.999997 0.00787997 8.41971e-05 0.0948007 1.68873e-06 0.100091 0.99999 0.00738839 3.29641e-09 0.0940381 1.11243e-06 0.0956923 0.999133 0.00654424 0.000411796 0.08507 0.085423 0.0491784 0.954329 0.0124977 0.922679 0.0120349 0.996771 0.0105251 0.62928 0.00657268 0.99997 0.00222821 0.999994 0.00211056 0.99993 0.00525989 0.215066 0.962041
65.38 0.999981 0.0236308 0.982956 0.0248254 0.878649 0.0431396 0.999996 0.00789104 0.000169198 0.0946136 2.92088e-06 0.1002 0.999991 0.00740577 2.82362e-09 0.094219 7.02708e-07 0.0960423 0.999235 0.00647114 0.000239835 0.0854694 0.0609141 0.0535075 0.959851 0.0125945 0.882543 0.0128857 0.995346 0.0109856 0.646322 0.00675846 0.999963 0.00239494 0.999992 0.00227276 0.999921 0.00537418 0.23571 0.962635
65.42 0.999976 0.0240038 0.986759 0.0243346 0.904045 0.0405854 0.999995 0.00790001 0.000338726 0.0944153 5.08321e-06 0.100297 0.999991 0.00742183 2.51881e-09 0.0943845 4.56728e-07 0.0963447 0.999324 0.00643404 0.000139873 0.0857986 0.0427481 0.0576611 0.964757 0.0126002 0.826495 0.01393 0.993257 0.0114368 0.663284 0.0069511 0.999952 0.00257521 0.999991 0.00244883 0.99991 0.00552339 0.257427 0.963238
65.46 0.999969 0.0242801 0.989784 0.0239236 0.925118 0.0383557 0.999994 0.00790716 0.000673526 0.0942064 8.85954e-06 0.100382 0.999992 0.00743681 2.33589e-09 0.0945358 3.06023e-07 0.0966073 0.999401 0.00642643 8.18933e-05 0.0861002 0.029594 0.0615654 0.969086 0.0124896 0.753392 0.0152554 0.990203 0.0118725 0.680114 0.00715074 0.999938 0.00276978 0.999989 0.00263963 0.999896 0.00571004 0.280009 0.963855
65.5 0.999961 0.0244684 0.992179 0.0235757 0.942322 0.0364229 0.999993 0.00791303 0.00132669 0.0939846 1.54025e-05 0.100456 0.999992 0.00745089 2.24738e-09 0.0946743 2.11641e-07 0.096837 0.999468 0.00644194 4.82528e-05 0.0864025 0.0202689 0.0651777 0.972877 0.0122507 0.665623 0.0169658 0.985761 0.012287 0.696774 0.0073573 0.999919 0.00297934 0.999987 0.00284604 0.99988 0.00593693 0.303229 0.964486
65.54 0.99995 0.024579 0.994065 0.0232777 0.956143 0.0347567 0.999991 0.00791845 0.00258266 0.0937421 2.66206e-05 0.100519 0.999992 0.0074642 2.23805e-09 0.0948015 1.51169e-07 0.0970395 0.999525 0.00647471 2.86793e-05 0.0867217 0.0137763 0.0684829 0.976178 0.0118946 0.569301 0.0191659 0.979349 0.012677 0.71324 0.00757057 0.999893 0.00320453 0.999984 0.00306892 0.999859 0.00620712 0.326852 0.965135
65.58 0.999937 0.0246233 0.995538 0.0230193 0.967068 0.0333269 0.999989 0.00792488 0.00495732 0.0934615 4.5613e-05 0.100574 0.999993 0.00747683 2.30126e-09 0.0949184 1.11527e-07 0.0972199 0.999574 0.00651966 1.72315e-05 0.0870654 0.00932051 0.0714871 0.979037 0.0114556 0.472381 0.0219383 0.970201 0.0130442 0.729513 0.00779033 0.999856 0.00344601 0.999981 0.00330911 0.999834 0.00652393 0.350648 0.965801
65.62 0.99992 0.0246127 0.996678 0.0227924 0.975566 0.032104 0.999987 0.00793478 0.00935862 0.0931092 7.73124e-05 0.100622 0.999993 0.00748886 2.43709e-09 0.0950262 8.49545e-08 0.0973821 0.999617 0.00657267 1.04866e-05 0.0874346 0.00629501 0.0742091 0.981502 0.0109795 0.381923 0.0253217 0.957354 0.0133983 0.745603 0.00801642 0.999805 0.0037045 0.999976 0.00356752 0.999803 0.00689092 0.374399 0.966485
65.66 0.999898 0.0245584 0.997553 0.0225908 0.982076 0.0310605 0.999984 0.00795234 0.0173218 0.0926242 0.000129413 0.10067 0.999993 0.00750037 2.65145e-09 0.0951262 6.67636e-08 0.0975296 0.999653 0.00663052 6.47544e-06 0.0878268 0.00425566 0.0766736 0.983624 0.0105077 0.302329 0.0292969 0.939664 0.0137576 0.761498 0.00824882 0.999733 0.00398078 0.99997 0.00384511 0.999765 0.00731187 0.397911 0.967187
65.7 0.99987 0.024471 0.998216 0.0224098 0.986988 0.0301708 0.999981 0.0079845 0.0312959 0.0919025 0.000213684 0.100727 0.999993 0.00751146 2.95619e-09 0.0952191 5.40693e-08 0.0976651 0.999685 0.00669084 4.06365e-06 0.088237 0.00288657 0.078906 0.985448 0.0100676 0.235293 0.0337857 0.915897 0.0141494 0.777156 0.00848775 0.999628 0.00427569 0.999962 0.00414279 0.999718 0.00779077 0.421019 0.967906
65.74 0.999835 0.0243602 0.998714 0.0222456 0.990643 0.0294118 0.999978 0.00804238 0.0548488 0.0907799 0.000347797 0.100808 0.999993 0.0075223 3.36981e-09 0.0953063 4.50614e-08 0.0977907 0.999712 0.00675191 2.59514e-06 0.0886596 0.00196841 0.0809296 0.987018 0.00967023 0.180614 0.0386596 0.884905 0.0146083 0.792507 0.00873363 0.999478 0.00459007 0.999951 0.00446141 0.99966 0.00833181 0.443592 0.96864
65.78 0.99979 0.0242346 0.999082 0.0220956 0.993328 0.0287623 0.999974 0.00814245 0.0924403 0.0890221 0.000557868 0.100936 0.999993 0.00753313 3.91909e-09 0.0953888 3.8581e-08 0.0979083 0.999735 0.00681246 1.68842e-06 0.0890887 0.00135173 0.082765 0.988373 0.00931449 0.137072 0.0437554 0.845895 0.015174 0.807466 0.00898696 0.999259 0.00492473 0.999936 0.00480157 0.999588 0.0089394 0.465533 0.969388
65.82 0.999732 0.0241017 0.999352 0.0219577 0.995276 0.0282032 0.999969 0.00830662 0.148221 0.0863477 0.000882013 0.101147 0.999993 0.00754431 4.64183e-09 0.0954685 3.38708e-08 0.0980199 0.999756 0.00687155 1.12e-06 0.0895189 0.000936005 0.0844296 0.989546 0.00899267 0.103043 0.0488959 0.798735 0.0158894 0.821939 0.00924824 0.99894 0.00528034 0.999915 0.00516364 0.999499 0.00961809 0.48678 0.970146
65.86 0.999658 0.0239679 0.999547 0.0218302 0.996674 0.0277169 0.999964 0.00855905 0.22363 0.0825123 0.00137455 0.101486 0.999992 0.00755631 5.60256e-09 0.0955473 3.04792e-08 0.0981272 0.999773 0.00692845 7.57126e-07 0.0899453 0.000653973 0.0859381 0.990565 0.00869553 0.0768475 0.0539096 0.744152 0.0167977 0.835842 0.00951786 0.998474 0.00565748 0.999887 0.00554761 0.999388 0.0103727 0.507288 0.970912
65.9 0.999564 0.0238383 0.999686 0.021712 0.997667 0.0272879 0.999959 0.00891846 0.315011 0.0774508 0.00211 0.102005 0.999992 0.00756965 6.92573e-09 0.095628 2.81992e-08 0.0982324 0.999789 0.00698262 5.2028e-07 0.0903636 0.000460833 0.087303 0.991453 0.00841577 0.0569261 0.0586479 0.683698 0.0179392 0.849119 0.00979593 0.997789 0.00605664 0.999846 0.00595314 0.999251 0.011208 0.527009 0.971683
65.94 0.999445 0.0237165 0.999784 0.0216021 0.998368 0.0269027 0.999954 0.00938829 0.414023 0.0713866 0.00319184 0.102744 0.999992 0.00758476 8.79909e-09 0.0957138 2.68597e-08 0.0983376 0.999802 0.00703367 3.62795e-07 0.0907699 0.00032732 0.0885354 0.99223 0.00814976 0.0419367 0.0629971 0.619581 0.0193488 0.861732 0.0100822 0.996782 0.00647828 0.999789 0.00637958 0.999081 0.0121291 0.545938 0.972456
65.98 0.999293 0.0236045 0.999853 0.0214998 0.998859 0.0265504 0.999948 0.0099514 0.5111 0.0647908 0.00476165 0.103714 0.999992 0.00760186 1.15574e-08 0.0958078 2.64074e-08 0.098445 0.999815 0.00708134 2.55718e-07 0.0911614 0.000233904 0.089645 0.992915 0.00789763 0.0307569 0.0668837 0.554235 0.0210521 0.873655 0.010376 0.995298 0.00692295 0.999707 0.00682594 0.998872 0.0131409 0.564088 0.973228
66.02 0.9991 0.0235024 0.999901 0.0214041 0.999201 0.026223 0.999941 0.0105735 0.599142 0.0582039 0.00701226 0.104889 0.999992 0.00762085 1.57799e-08 0.0959125 2.68667e-08 0.0985565 0.999827 0.00712551 1.81527e-07 0.0915356 0.000167797 0.090641 0.993522 0.00766199 0.0224746 0.0702744 0.489923 0.0230637 0.884868 0.0106761 0.993114 0.00739137 0.999588 0.00729094 0.998613 0.0142485 0.581482 0.973995
66.06 0.998855 0.0234093 0.999933 0.0213142 0.99944 0.0259154 0.999935 0.0112132 0.674842 0.0520565 0.0102071 0.106201 0.999991 0.00764135 2.24295e-08 0.0960292 2.82955e-08 0.0986731 0.999839 0.00716621 1.29629e-07 0.0918908 0.000120677 0.091532 0.994064 0.00744649 0.0163707 0.0731712 0.428485 0.0253853 0.895359 0.0109805 0.989907 0.00788471 0.999415 0.00777294 0.998295 0.0154573 0.598157 0.974754
66.1 0.998547 0.0233235 0.999955 0.021229 0.999606 0.0256243 0.999928 0.0118333 0.737854 0.0465943 0.0147022 0.107552 0.999991 0.0076628 3.31543e-08 0.0961576 3.08218e-08 0.0987952 0.999851 0.00720354 9.31503e-08 0.0922258 8.69458e-05 0.0923266 0.994552 0.0072544 0.0118928 0.0756037 0.371155 0.0280052 0.905119 0.0112864 0.985214 0.00840495 0.999159 0.00826998 0.997903 0.0167726 0.614151 0.975504
66.14 0.998159 0.0232433 0.99997 0.0211474 0.999722 0.0253477 0.999922 0.0124073 0.789387 0.0418991 0.0209707 0.108827 0.99999 0.00768463 5.08097e-08 0.096296 3.46638e-08 0.0989224 0.999862 0.00723768 6.74515e-08 0.09254 6.27517e-05 0.0930331 0.994995 0.00708785 0.00862074 0.0776196 0.318644 0.0308996 0.91415 0.0115895 0.978392 0.00895551 0.998781 0.00877974 0.997423 0.0181996 0.629499 0.976239
66.18 0.997674 0.0231674 0.99998 0.021068 0.999803 0.0250842 0.999915 0.0129218 0.831178 0.0379465 0.0296245 0.109904 0.99999 0.0077063 8.03809e-08 0.0964409 4.01573e-08 0.0990535 0.999872 0.00726886 4.93187e-08 0.0928334 4.53904e-05 0.0936597 0.995399 0.00694755 0.00623786 0.0792764 0.271266 0.0340336 0.922465 0.0118838 0.968562 0.00954219 0.998217 0.00929961 0.996834 0.0197438 0.644235 0.976959
66.22 0.997068 0.0230948 0.999987 0.0209894 0.99986 0.0248328 0.999907 0.0133758 0.86495 0.0346602 0.0414255 0.11066 0.999989 0.0077274 1.30608e-07 0.0965884 4.77938e-08 0.099187 0.999882 0.00729734 3.64964e-08 0.0931062 3.2935e-05 0.0942142 0.995768 0.0068331 0.00450766 0.0806341 0.229064 0.0373635 0.930082 0.0121608 0.954581 0.0101744 0.997374 0.00982669 0.996114 0.0214104 0.658387 0.97766
66.26 0.996317 0.0230251 0.999991 0.0209101 0.9999 0.024592 0.9999 0.0137773 0.892202 0.0319465 0.0572721 0.110974 0.999988 0.00774767 2.16837e-07 0.0967336 5.82769e-08 0.0993215 0.999892 0.00732337 2.73961e-08 0.093359 2.4e-05 0.0947045 0.996107 0.00674319 0.00325462 0.0817503 0.191906 0.0408391 0.937026 0.0124092 0.935048 0.0108669 0.996109 0.0103579 0.995235 0.0232048 0.671985 0.97834
66.3 0.995387 0.0229583 0.999994 0.0208285 0.999928 0.0243604 0.999891 0.014141 0.914169 0.0297141 0.0781405 0.11073 0.999987 0.00776694 3.66013e-07 0.0968714 7.26062e-08 0.0994552 0.9999 0.0073472 2.09018e-08 0.0935927 1.75865e-05 0.0951379 0.996418 0.00667599 0.00234915 0.0826771 0.159549 0.0444062 0.943329 0.0126149 0.908413 0.0116411 0.994207 0.01089 0.994166 0.0251318 0.685053 0.978996
66.34 0.994243 0.0228948 0.999996 0.0207429 0.999948 0.0241362 0.999883 0.0144852 0.931848 0.0278823 0.104964 0.109821 0.999985 0.00778517 6.25359e-07 0.0969968 9.21999e-08 0.0995867 0.999908 0.00736907 1.62331e-08 0.0938083 1.29749e-05 0.0955211 0.996704 0.00662935 0.001696 0.0834595 0.131677 0.0480101 0.949025 0.0127613 0.873219 0.0125274 0.991354 0.01142 0.992867 0.0271965 0.697617 0.979628
66.38 0.992842 0.0228351 0.999997 0.0206515 0.999963 0.0239173 0.999873 0.0148297 0.946041 0.0263828 0.138447 0.108156 0.999984 0.00780239 1.07745e-06 0.0971046 1.19073e-07 0.0997149 0.999915 0.0073892 1.28466e-08 0.0940069 9.64894e-06 0.0958604 0.996965 0.00660099 0.00122547 0.0841346 0.107926 0.0515982 0.954152 0.0128315 0.828516 0.0135651 0.987085 0.0119456 0.991296 0.0294032 0.709703 0.980232
66.42 0.991134 0.0227801 0.999998 0.0205523 0.999973 0.0237013 0.999863 0.0151931 0.957397 0.0251601 0.17884 0.105679 0.999982 0.00781866 1.8663e-06 0.0971897 1.5611e-07 0.0998389 0.999921 0.00740777 1.03651e-08 0.0941898 7.23963e-06 0.0961616 0.997205 0.00658856 0.000886737 0.0847325 0.0879023 0.0551229 0.95875 0.0128112 0.774324 0.0148023 0.980741 0.0124663 0.989402 0.0317564 0.721337 0.980807
66.46 0.989063 0.0227303 0.999999 0.020443 0.99998 0.0234855 0.999851 0.015591 0.966447 0.0241687 0.225749 0.102381 0.99998 0.00783409 3.24127e-06 0.0972478 2.07684e-07 0.099958 0.999927 0.00742497 8.53311e-09 0.0943581 5.48021e-06 0.0964299 0.997424 0.00658977 0.000642846 0.0852763 0.0711901 0.0585439 0.962859 0.0126925 0.711967 0.0162916 0.97141 0.0129844 0.987127 0.0342599 0.732548 0.981351
66.5 0.986562 0.0226866 0.999999 0.0203213 0.999986 0.0232667 0.999839 0.0160335 0.973629 0.0233718 0.27804 0.098321 0.999978 0.00784877 5.62695e-06 0.0972748 2.8128e-07 0.100072 0.999932 0.00744095 7.18733e-09 0.0945131 4.17488e-06 0.0966697 0.997624 0.00660238 0.000466925 0.0857833 0.0573705 0.0618292 0.966518 0.0124764 0.643985 0.0180847 0.957896 0.0135074 0.984407 0.0369176 0.743361 0.981862
66.54 0.983559 0.0226493 1 0.0201845 0.999989 0.0230417 0.999825 0.0165238 0.979302 0.0227389 0.334007 0.0936253 0.999976 0.00786275 9.74747e-06 0.0972678 3.88405e-07 0.10018 0.999936 0.00745583 6.20152e-09 0.0946558 3.1971e-06 0.0968851 0.997806 0.00662429 0.000339792 0.0862657 0.0460426 0.0649551 0.969766 0.0121727 0.573617 0.0202238 0.938745 0.0140497 0.98117 0.0397327 0.753808 0.982338
66.58 0.979971 0.0226189 1 0.0200295 0.999992 0.0228064 0.99981 0.0170577 0.983767 0.0222439 0.391681 0.0884741 0.999974 0.00787603 1.68334e-05 0.0972251 5.47008e-07 0.100283 0.99994 0.00746973 5.48291e-09 0.0947875 2.46021e-06 0.0970795 0.997973 0.00665358 0.000247736 0.0867321 0.0368279 0.067906 0.972644 0.0117972 0.504072 0.0227344 0.912376 0.0146351 0.977339 0.0427084 0.76392 0.982778
66.62 0.975708 0.0225951 1 0.019853 0.999994 0.0225568 0.999794 0.0176248 0.987269 0.0218645 0.44917 0.0830748 0.999971 0.00788857 2.89671e-05 0.0971467 7.85487e-07 0.100379 0.999944 0.00748275 4.96628e-09 0.0949092 1.90249e-06 0.097256 0.998126 0.00668848 0.00018095 0.0871877 0.0293799 0.0706727 0.97519 0.0113674 0.437942 0.0256182 0.87739 0.0152974 0.972829 0.0458474 0.773735 0.98318
66.66 0.970672 0.0225778 1 0.0196514 0.999996 0.0222882 0.999776 0.0182107 0.99001 0.0215805 0.50491 0.0776301 0.999968 0.00790027 4.9656e-05 0.0970336 1.14905e-06 0.10047 0.999947 0.00749496 4.60642e-09 0.0950216 1.47907e-06 0.0974169 0.998266 0.00672744 0.00013241 0.0876352 0.023391 0.0732511 0.97744 0.0108997 0.376955 0.0288509 0.833031 0.0160789 0.967552 0.0491523 0.783288 0.983541
66.7 0.964759 0.0225663 1 0.0194208 0.999997 0.0219956 0.999757 0.0187991 0.992152 0.0213743 0.557786 0.0723136 0.999965 0.00791102 8.47758e-05 0.0968883 1.70993e-06 0.100554 0.99995 0.00750642 4.37255e-09 0.0951258 1.15689e-06 0.0975644 0.998393 0.00676906 9.70751e-05 0.0880757 0.0185947 0.0756414 0.97943 0.010409 0.32203 0.0323812 0.779673 0.0170279 0.961416 0.0526256 0.79262 0.983859
66.74 0.957859 0.0225595 1 0.0191571 0.999998 0.021674 0.999736 0.0193743 0.993825 0.0212299 0.607117 0.0672559 0.999962 0.00792069 0.000144107 0.096714 2.58358e-06 0.100632 0.999953 0.0075172 4.24442e-09 0.0952224 9.11277e-07 0.0977003 0.99851 0.00681213 7.13171e-05 0.0885089 0.0147659 0.0778466 0.981191 0.00990977 0.273439 0.0361353 0.719031 0.0181921 0.954326 0.0562697 0.80177 0.984132
66.78 0.949854 0.0225565 1 0.0188563 0.999998 0.021318 0.999713 0.0199228 0.995131 0.0211334 0.652576 0.0625424 0.999958 0.0079292 0.000243802 0.0965142 3.95443e-06 0.100703 0.999955 0.00752733 4.20966e-09 0.0953122 7.23677e-07 0.097826 0.998617 0.00685563 5.25173e-05 0.0889337 0.0117177 0.0798719 0.982753 0.00941731 0.231019 0.0400242 0.653906 0.0196126 0.946192 0.060087 0.810777 0.984357
66.82 0.940626 0.0225559 1 0.0185142 0.999999 0.0209223 0.999688 0.0204341 0.996152 0.0210727 0.694086 0.0582189 0.999954 0.00793654 0.000410309 0.0962922 6.11604e-06 0.100767 0.999957 0.00753685 4.2621e-09 0.0953956 5.80066e-07 0.0979427 0.998715 0.00689874 3.87793e-05 0.0893484 0.00929593 0.081724 0.984141 0.00894691 0.194357 0.0439533 0.587524 0.0213175 0.936925 0.0640797 0.819678 0.984532
66.86 0.930058 0.0225562 1 0.018127 0.999999 0.020482 0.99966 0.0209011 0.996952 0.0210374 0.731731 0.0543003 0.99995 0.00794278 0.000686488 0.0960504 9.53327e-06 0.100823 0.999959 0.0075458 4.4008e-09 0.0954733 4.69838e-07 0.0980515 0.998804 0.00694088 2.87273e-05 0.0897513 0.00737499 0.0834107 0.985378 0.00851226 0.162917 0.0478328 0.522802 0.0233189 0.926445 0.0682502 0.828506 0.984652
66.9 0.918038 0.0225557 1 0.0176914 0.999999 0.0199927 0.999629 0.0213194 0.997579 0.0210191 0.76568 0.0507799 0.999945 0.00794808 0.001141 0.09579 1.49368e-05 0.100871 0.999961 0.00755419 4.62958e-09 0.0955456 3.84968e-07 0.0981529 0.998886 0.00698163 2.13611e-05 0.0901407 0.00585318 0.0849411 0.986484 0.00812348 0.136122 0.0515859 0.461866 0.0256118 0.914682 0.0726005 0.837286 0.984714
66.94 0.904448 0.0225524 1 0.0172049 0.999999 0.0194506 0.999594 0.0216873 0.998072 0.0210106 0.796149 0.0476374 0.99994 0.00795279 0.00188234 0.0955097 2.34642e-05 0.100913 0.999963 0.00756207 4.95691e-09 0.095613 3.19394e-07 0.0982478 0.99896 0.00702076 1.59535e-05 0.0905151 0.00464874 0.0863247 0.987477 0.00778617 0.113402 0.0551542 0.405944 0.0281766 0.901584 0.0771327 0.846042 0.984713
66.98 0.889165 0.0225442 1 0.0166657 1 0.0188532 0.999556 0.022005 0.998462 0.0210064 0.823368 0.0448453 0.999935 0.00795745 0.00307932 0.0952048 3.68674e-05 0.100948 0.999964 0.00756947 5.39615e-09 0.0956758 2.68539e-07 0.0983366 0.999028 0.00705817 1.19752e-05 0.0908734 0.00369608 0.0875719 0.988371 0.0075016 0.0942173 0.0584987 0.35551 0.0309821 0.88711 0.0818482 0.854787 0.984645
67.02 0.872081 0.022529 1 0.016073 1 0.0181989 0.999512 0.0222739 0.998769 0.0210019 0.847572 0.0423726 0.999929 0.0079629 0.00498983 0.0948659 5.78115e-05 0.100978 0.999965 0.00757641 5.96631e-09 0.0957343 2.28953e-07 0.0984199 0.99909 0.00709381 9.04043e-06 0.0912148 0.00294276 0.0886933 0.98918 0.00726769 0.0780782 0.0615988 0.31052 0.0339892 0.871247 0.0867478 0.863524 0.984504
67.06 0.853106 0.0225042 1 0.0154276 1 0.0174875 0.999462 0.0224965 0.999013 0.0209937 0.868993 0.0401877 0.999923 0.0079704 0.00799934 0.0944764 9.02976e-05 0.101004 0.999966 0.00758294 6.69315e-09 0.0957888 1.98039e-07 0.098498 0.999147 0.0071277 6.86838e-06 0.0915391 0.00234702 0.0896998 0.989914 0.00708021 0.0645451 0.0644488 0.270641 0.0371551 0.854003 0.0918313 0.872246 0.984282
67.1 0.832164 0.0224669 1 0.0147316 1 0.0167208 0.999405 0.0226759 0.999207 0.0209793 0.887857 0.03826 0.999916 0.00798179 0.0126683 0.0940099 0.000140247 0.101029 0.999967 0.00758912 7.61071e-09 0.0958398 1.73842e-07 0.0985712 0.999199 0.00715988 5.25472e-06 0.0918461 0.00187571 0.0906018 0.990582 0.00693387 0.0532312 0.0670537 0.235409 0.0404353 0.835413 0.0970969 0.880934 0.983972
67.14 0.809191 0.0224143 1 0.0139889 1 0.0159023 0.999338 0.0228155 0.999362 0.0209567 0.904383 0.0365611 0.999908 0.00799974 0.0197829 0.0934266 0.000216291 0.101057 0.999968 0.00759499 8.76335e-09 0.0958875 1.54892e-07 0.0986401 0.999246 0.0071904 4.05074e-06 0.092136 0.00150258 0.0914098 0.991193 0.00682309 0.0437997 0.0694261 0.204332 0.0437868 0.815535 0.102541 0.889559 0.983567
67.18 0.784141 0.0223429 1 0.013205 1 0.0150375 0.999261 0.022919 0.999486 0.0209244 0.918788 0.0350643 0.9999 0.00802796 0.0303935 0.0926698 0.000330817 0.101094 0.999969 0.00760065 1.02084e-08 0.0959323 1.40074e-07 0.0987049 0.999288 0.00721932 3.14818e-06 0.0924092 0.00120692 0.0921334 0.991754 0.00674248 0.0359575 0.0715825 0.176951 0.0471686 0.794456 0.108157 0.89808 0.983054
67.22 0.757016 0.0222493 1 0.0123868 1 0.0141335 0.999169 0.0229901 0.999585 0.0208816 0.931278 0.0337456 0.999891 0.00807152 0.0458109 0.0916632 0.000501334 0.101149 0.99997 0.00760621 1.20199e-08 0.0959747 1.28548e-07 0.0987661 0.999327 0.00724669 2.46797e-06 0.0926662 0.000972331 0.0927816 0.99227 0.00668716 0.0294535 0.0735413 0.152851 0.0505432 0.772284 0.113936 0.906449 0.982423
67.26 0.727862 0.0221297 1 0.0115433 1 0.0131994 0.999061 0.0230326 0.999665 0.0208276 0.942048 0.0325828 0.999881 0.00813688 0.0675137 0.0903116 0.000752239 0.101232 0.99997 0.00761178 1.42944e-08 0.0960154 1.19676e-07 0.0988241 0.999363 0.00727256 1.9523e-06 0.0929077 0.000785884 0.0933629 0.992746 0.0066528 0.0240741 0.0753212 0.131655 0.0538769 0.749152 0.119866 0.914617 0.981661
67.3 0.696763 0.0219799 1 0.0106844 1 0.0122461 0.998932 0.02305 0.999729 0.0207621 0.951287 0.0315562 0.999871 0.00823185 0.0969168 0.088508 0.00111707 0.101358 0.99997 0.00761755 1.71581e-08 0.0960551 1.12976e-07 0.0988796 0.999395 0.007297 1.55893e-06 0.0931343 0.000637408 0.0938848 0.993187 0.00663566 0.0196372 0.0769405 0.113036 0.0571403 0.725208 0.125929 0.922529 0.980751
67.34 0.663843 0.0217959 1 0.0098212 1 0.0112852 0.998775 0.023046 0.999781 0.0206848 0.959171 0.0306475 0.99986 0.00836486 0.134991 0.0861512 0.00164134 0.101543 0.999971 0.00762372 2.07771e-08 0.0960948 1.08082e-07 0.0989333 0.999425 0.00732007 1.25683e-06 0.0933467 0.000518906 0.0943541 0.993596 0.00663255 0.0159874 0.0784158 0.096711 0.0603082 0.700611 0.132105 0.930134 0.979677
67.38 0.629253 0.0215737 1 0.00896498 1 0.0103293 0.998585 0.0230237 0.999823 0.0205958 0.965863 0.0298404 0.999847 0.00854371 0.181777 0.0831723 0.00238468 0.101806 0.999971 0.00763051 2.54187e-08 0.0961356 1.04894e-07 0.0989859 0.999452 0.00734182 1.02242e-06 0.0935458 0.000423999 0.0947769 0.993975 0.00664079 0.0129932 0.0797626 0.0824304 0.0633599 0.675529 0.138371 0.937381 0.978419
67.42 0.593155 0.0213098 1 0.00812682 1 0.00939041 0.998352 0.0229861 0.999857 0.0204952 0.971518 0.02912 0.999834 0.00877361 0.236049 0.0795668 0.00342275 0.102163 0.999971 0.00763815 3.15128e-08 0.096179 1.03505e-07 0.0990385 0.999477 0.00736232 8.38232e-07 0.0937322 0.00034764 0.0951586 0.994327 0.00665813 0.0105437 0.0809945 0.06998 0.0662786 0.650125 0.144699 0.944225 0.976955
67.46 0.55577 0.0210013 1 0.00731698 1 0.00848013 0.998065 0.0229358 0.999885 0.020383 0.976277 0.0284731 0.99982 0.00905532 0.295463 0.0754138 0.00485242 0.102624 0.999971 0.00764681 3.96575e-08 0.0962262 1.03939e-07 0.099092 0.9995 0.00738162 6.92132e-07 0.0939067 0.000285936 0.0955039 0.994654 0.00668268 0.00854469 0.0821238 0.059169 0.0690511 0.62456 0.15106 0.950628 0.975259
67.5 0.517379 0.0206459 1 0.00654466 1 0.00760884 0.997707 0.0228747 0.999907 0.0202593 0.980266 0.0278879 0.999805 0.00938425 0.357082 0.0708691 0.006796 0.103188 0.999971 0.00765661 5.07312e-08 0.0962787 1.06267e-07 0.0991474 0.999523 0.00739981 5.75187e-07 0.0940702 0.000235841 0.0958171 0.994959 0.00671288 0.00691655 0.0831612 0.0498202 0.0716679 0.598988 0.15742 0.956562 0.973302
67.54 0.478306 0.0202419 1 0.0058176 1 0.00678551 0.997258 0.0228044 0.999925 0.0201241 0.983601 0.0273545 0.999789 0.00975088 0.418049 0.0661336 0.00940377 0.103839 0.999971 0.00766755 6.61775e-08 0.0963376 1.10801e-07 0.0992057 0.999545 0.00741694 4.80117e-07 0.0942233 0.000194861 0.0961019 0.995242 0.00674741 0.0055926 0.0841165 0.0417751 0.0741232 0.573552 0.163747 0.962012 0.971053
67.58 0.43891 0.0197884 1 0.00514185 1 0.00601729 0.996692 0.022726 0.99994 0.0199774 0.986382 0.0268639 0.999773 0.0101425 0.476142 0.0614107 0.0128594 0.104547 0.99997 0.00767954 8.82181e-08 0.0964033 1.1795e-07 0.0992675 0.999567 0.00743307 4.01991e-07 0.0943669 0.000161133 0.0963616 0.995507 0.00678515 0.00451729 0.0849979 0.034887 0.0764137 0.548379 0.170007 0.96697 0.968476
67.62 0.39958 0.0192858 1 0.00452153 1 0.00530928 0.995973 0.02264 0.999952 0.0198189 0.988699 0.0264087 0.999755 0.0105459 0.529996 0.0568704 0.0173857 0.105267 0.99997 0.0076924 1.20234e-07 0.096476 1.2821e-07 0.0993333 0.999589 0.00744826 3.37499e-07 0.0945016 0.000133273 0.096599 0.995756 0.00682516 0.00364465 0.0858129 0.0290189 0.0785394 0.523584 0.176169 0.971442 0.965531
67.66 0.360725 0.0187354 1 0.00395884 1 0.00466445 0.995053 0.0225473 0.999961 0.019648 0.990626 0.0259822 0.999735 0.0109491 0.579022 0.052631 0.0232484 0.105944 0.999969 0.0077059 1.67457e-07 0.0965547 1.42254e-07 0.099403 0.999611 0.00746257 2.84198e-07 0.0946281 0.000110223 0.0968167 0.99599 0.00686663 0.002937 0.0865681 0.0240433 0.0805025 0.499265 0.182204 0.975439 0.962177
67.7 0.322763 0.0181403 1 0.00345418 1 0.00408379 0.993871 0.0224482 0.999969 0.0194641 0.992229 0.0255781 0.999715 0.0113438 0.623192 0.048759 0.0307569 0.106514 0.999967 0.00771979 2.38034e-07 0.0966382 1.60994e-07 0.0994764 0.999633 0.00747605 2.40184e-07 0.0947471 9.11467e-05 0.0970168 0.996211 0.00690888 0.00236357 0.087269 0.0198439 0.0823074 0.475503 0.188088 0.978982 0.958365
67.74 0.286104 0.0175044 1 0.00300635 1 0.00356642 0.992345 0.0223435 0.999975 0.0192659 0.993561 0.0251904 0.999692 0.0117251 0.662803 0.0452779 0.0402611 0.106912 0.999966 0.00773387 3.44719e-07 0.0967245 1.8567e-07 0.099553 0.999654 0.00748876 2.0391e-07 0.094859 7.5375e-05 0.0972011 0.99642 0.00695132 0.00189935 0.0879206 0.0163156 0.0839604 0.452368 0.193802 0.982097 0.954044
67.78 0.251134 0.0168334 1 0.00261279 1 0.00310994 0.990366 0.0222341 0.99998 0.0190518 0.994669 0.0248129 0.999666 0.0120921 0.698305 0.0421819 0.0521412 0.107072 0.999964 0.00774793 5.07546e-07 0.0968112 2.17956e-07 0.0996322 0.999675 0.00750073 1.74085e-07 0.0949644 6.23569e-05 0.0973713 0.996619 0.00699348 0.00152402 0.0885272 0.0133646 0.0854687 0.429915 0.199333 0.984816 0.94916
67.82 0.218199 0.0161341 1 0.00226996 1 0.00271071 0.987795 0.0221212 0.999984 0.0188195 0.995589 0.024439 0.999638 0.012447 0.730184 0.0394476 0.0667881 0.106932 0.999962 0.00776183 7.5805e-07 0.0968956 2.60112e-07 0.0997132 0.999694 0.00751202 1.49615e-07 0.0950638 5.16331e-05 0.0975288 0.996807 0.00703495 0.00122105 0.0890923 0.0109074 0.0868409 0.408188 0.204678 0.987171 0.943651
67.86 0.18759 0.0154141 1 0.00197362 1 0.00236429 0.984448 0.0220063 0.999988 0.0185657 0.996354 0.024061 0.999606 0.0127942 0.758892 0.0370427 0.0845729 0.106432 0.99996 0.00777546 1.14595e-06 0.0969748 3.15195e-07 0.0997953 0.999713 0.00752265 1.29573e-07 0.0951574 4.28165e-05 0.0976747 0.996987 0.0070754 0.000976924 0.0896194 0.00887074 0.0880858 0.387219 0.209838 0.989199 0.937457
67.9 0.159533 0.014682 1 0.00171916 1 0.00206571 0.980088 0.0218911 0.99999 0.0182863 0.996989 0.0236705 0.999569 0.0131395 0.784824 0.0349325 0.105807 0.105525 0.999957 0.00778876 1.7497e-06 0.097046 3.87342e-07 0.0998776 0.999731 0.00753267 1.13177e-07 0.0952457 3.558e-05 0.0978102 0.997158 0.00711458 0.000780631 0.090111 0.0071901 0.0892125 0.367035 0.214828 0.990933 0.93051
67.94 0.134177 0.0139464 1 0.00150188 1 0.0018098 0.974419 0.0217778 0.999992 0.0179759 0.997516 0.0232572 0.999526 0.0134895 0.808306 0.0330829 0.130697 0.104172 0.999954 0.00780169 2.69311e-06 0.0971062 4.82166e-07 0.0999596 0.999747 0.00754212 9.9771e-08 0.0953289 2.9647e-05 0.0979361 0.99732 0.00715228 0.000623137 0.0905697 0.00580943 0.0902304 0.34765 0.219667 0.992409 0.92274
67.98 0.111594 0.0132163 1 0.00131713 1 0.00159143 0.96707 0.0216689 0.999994 0.0176274 0.997953 0.0228093 0.999478 0.0138503 0.829604 0.0314626 0.159296 0.102351 0.99995 0.00781424 4.17143e-06 0.0971528 6.073e-07 0.100041 0.999762 0.00755101 8.8811e-08 0.0954074 2.47854e-05 0.0980533 0.997473 0.00718837 0.000497049 0.0909977 0.00468015 0.0911483 0.329076 0.224388 0.993659 0.914076
68.02 0.0917767 0.0124998 1 0.00116057 1 0.00140573 0.957594 0.021567 0.999995 0.0172325 0.998314 0.0223133 0.999421 0.0142271 0.848926 0.0300435 0.191473 0.100061 0.999946 0.0078264 6.49119e-06 0.0971834 7.73504e-07 0.10012 0.999776 0.00755939 7.98776e-08 0.0954813 2.07943e-05 0.0981624 0.997618 0.00722273 0.000396306 0.0913968 0.00376045 0.091975 0.311315 0.22903 0.994711 0.904442
68.06 0.0746401 0.0118044 1 0.00102818 1 0.00124815 0.945462 0.021475 0.999996 0.0167812 0.998612 0.0217535 0.999355 0.0146238 0.866437 0.0288011 0.226873 0.0973209 0.999941 0.00783816 1.01255e-05 0.0971956 9.97544e-07 0.100198 0.99979 0.00756728 7.2724e-08 0.0955511 1.74895e-05 0.0982642 0.997755 0.0072553 0.000315922 0.0917689 0.00301463 0.0927189 0.294358 0.233644 0.995595 0.89376
68.1 0.0600438 0.0111366 1 0.000916353 1 0.00111458 0.930068 0.0213956 0.999997 0.0162623 0.998859 0.0211133 0.999278 0.015042 0.882272 0.0277135 0.264958 0.0941754 0.999936 0.00784952 1.58073e-05 0.0971878 1.30311e-06 0.100273 0.999802 0.00757471 6.70913e-08 0.0956167 1.47401e-05 0.098359 0.997884 0.00728606 0.000251849 0.0921155 0.00241217 0.0933877 0.278192 0.238288 0.996334 0.881952
68.14 0.0478019 0.0105016 1 0.000821916 1 0.00100137 0.910779 0.0213315 0.999998 0.0156645 0.999063 0.0203754 0.999187 0.015481 0.896552 0.0267616 0.305064 0.090689 0.999931 0.00786045 2.4668e-05 0.0971588 1.72374e-06 0.100346 0.999813 0.0075817 6.27391e-08 0.0956786 1.24479e-05 0.0984476 0.998004 0.00731499 0.000200815 0.0924382 0.00192715 0.0939888 0.262806 0.243031 0.99695 0.868937
68.18 0.0376886 0.00990312 1 0.000742116 1 0.00090534 0.886991 0.0212842 0.999998 0.0149776 0.99923 0.0195241 0.999081 0.0159382 0.909391 0.0259282 0.346478 0.0869412 0.999924 0.00787091 3.84447e-05 0.0971077 2.30745e-06 0.100416 0.999823 0.00758827 5.94705e-08 0.0957369 1.05344e-05 0.0985302 0.998118 0.00734211 0.000160188 0.0927384 0.00153779 0.0945289 0.248185 0.247951 0.997463 0.854632
68.22 0.0294482 0.00934377 1 0.00067459 1 0.000823732 0.858217 0.0212533 0.999999 0.0141949 0.999368 0.0185485 0.998955 0.0164092 0.920894 0.0251975 0.388501 0.0830191 0.999918 0.00788084 5.9787e-05 0.0970345 3.12298e-06 0.100482 0.999832 0.00759444 5.71299e-08 0.0957917 8.93587e-06 0.0986074 0.998224 0.00736746 0.000127862 0.0930173 0.00122603 0.0950142 0.234312 0.253135 0.997888 0.838955
68.26 0.022826 0.00882478 1 0.000617329 1 0.000754195 0.824178 0.0212361 0.999999 0.0133154 0.999482 0.0174448 0.998804 0.0168883 0.931163 0.0245553 0.430504 0.0790092 0.99991 0.00789019 9.27047e-05 0.0969395 4.2685e-06 0.100545 0.999841 0.00760024 5.55958e-08 0.0958433 7.59975e-06 0.0986795 0.998323 0.00739109 0.000102149 0.0932763 0.000976947 0.0954504 0.221166 0.25868 0.99824 0.821822
68.3 0.0175761 0.00834629 1 0.000568644 1 0.000694735 0.784919 0.0212259 0.999999 0.0123466 0.999575 0.0162204 0.998622 0.0173691 0.940299 0.0239882 0.471973 0.074991 0.999902 0.0078989 0.000143218 0.0968232 5.88378e-06 0.100605 0.999849 0.00760568 5.47741e-08 0.0958917 6.48223e-06 0.0987468 0.998415 0.00741306 8.16999e-05 0.0935164 0.000778302 0.0958425 0.208731 0.264693 0.998532 0.803149
68.34 0.013457 0.00790751 1 0.000527118 1 0.000643678 0.740878 0.0212115 0.999999 0.0113052 0.999651 0.0148951 0.998402 0.0178453 0.948402 0.0234844 0.512514 0.0710322 0.999893 0.00790692 0.00022028 0.0966868 8.16672e-06 0.10066 0.999856 0.00761078 5.4594e-08 0.0959373 5.5468e-06 0.0988096 0.998501 0.00743344 6.5437e-05 0.093739 0.000620118 0.0961952 0.196983 0.271294 0.998773 0.782856
68.38 0.0102575 0.00750689 1 0.00049157 1 0.000599622 0.69285 0.0211771 0.999999 0.0102174 0.999713 0.0135012 0.998132 0.0183108 0.955568 0.0230327 0.551846 0.0671862 0.999883 0.00791421 0.000337073 0.096531 1.13956e-05 0.100711 0.999863 0.00761555 5.50022e-08 0.0959801 4.76286e-06 0.0988683 0.998581 0.0074523 5.25006e-05 0.093945 0.0004943 0.0965127 0.185898 0.278611 0.998973 0.760862
68.42 0.00779436 0.00714231 1 0.000461018 1 0.000561404 0.641933 0.0211031 1 0.00911529 0.999764 0.0120799 0.997799 0.0187601 0.961888 0.0226232 0.589784 0.063492 0.999872 0.0079208 0.000512806 0.0963568 1.59589e-05 0.100757 0.999869 0.00762002 5.59593e-08 0.0960202 4.10485e-06 0.0989231 0.998655 0.00746973 4.22056e-05 0.0941355 0.000394308 0.0967987 0.175453 0.286787 0.999138 0.737093
68.46 0.00591404 0.00681127 1 0.000434649 1 0.000528062 0.589324 0.0209685 1 0.00803316 0.999806 0.0106756 0.997384 0.0191886 0.967445 0.0222473 0.62621 0.0599757 0.999861 0.00792671 0.000775172 0.0961646 2.23941e-05 0.100799 0.999876 0.00762419 5.74369e-08 0.0960578 3.5514e-06 0.0989742 0.998724 0.00748582 3.40062e-05 0.0943115 0.000314877 0.0970565 0.165627 0.295979 0.999274 0.711483
68.5 0.00448967 0.00651106 1 0.00041179 1 0.000498805 0.536174 0.0207541 1 0.0070021 0.999841 0.00932947 0.996862 0.0195924 0.972317 0.0218972 0.661046 0.056652 0.999848 0.00793206 0.00116368 0.095954 3.14387e-05 0.100836 0.999881 0.00762808 5.94152e-08 0.0960929 3.08471e-06 0.0990219 0.998788 0.00750063 2.74685e-05 0.0944739 0.000251787 0.0972891 0.156398 0.306354 0.999388 0.683979
68.54 0.00341773 0.00623889 1 0.000391886 1 0.000472985 0.4835 0.020445 1 0.00604651 0.999869 0.00807468 0.996202 0.0199685 0.976576 0.0215665 0.694236 0.0535272 0.999833 0.007937 0.00173411 0.0957237 4.40957e-05 0.100867 0.999887 0.0076317 6.18812e-08 0.0961258 2.69002e-06 0.0990664 0.998848 0.00751426 2.22482e-05 0.0946237 0.000201664 0.0974991 0.147748 0.318096 0.999481 0.654545
68.58 0.00261523 0.00599202 1 0.000374476 1 0.000450069 0.432131 0.0200331 1 0.0051823 0.999892 0.00693371 0.995363 0.0203145 0.980284 0.0212492 0.725722 0.0506012 0.999818 0.0079418 0.0025644 0.0954709 6.17171e-05 0.100894 0.999892 0.00763509 6.48274e-08 0.0961565 2.35512e-06 0.0991078 0.998903 0.00752679 1.80722e-05 0.0947618 0.000161819 0.0976888 0.139655 0.331398 0.999559 0.623176
68.62 0.00201673 0.00576786 1 0.000359176 1 0.00042962 0.382705 0.0195176 1 0.00441696 0.999911 0.00591815 0.994292 0.0206283 0.983498 0.0209404 0.755441 0.0478693 0.999801 0.00794683 0.00376231 0.0951911 8.61096e-05 0.100917 0.999897 0.00763824 6.8251e-08 0.0961852 2.06994e-06 0.0991464 0.998954 0.00753829 1.47246e-05 0.0948889 0.000130117 0.0978605 0.132103 0.346463 0.999624 0.589904
68.66 0.00157154 0.00556397 1 0.000345669 1 0.000411279 0.335695 0.0189051 1 0.00375092 0.999927 0.00503029 0.992921 0.0209085 0.986268 0.0206354 0.78332 0.0453238 0.999782 0.00795261 0.00547504 0.0948771 0.000119667 0.100936 0.999901 0.00764118 7.21537e-08 0.0962119 1.82619e-06 0.0991824 0.999001 0.00754885 1.20344e-05 0.0950059 0.00010486 0.0980158 0.125069 0.363493 0.999678 0.554813
68.7 0.00124096 0.00537815 1 0.000333689 1 0.000394752 0.291454 0.0182078 1 0.00317945 0.99994 0.00426539 0.991162 0.021154 0.988643 0.02033 0.809285 0.0429551 0.999761 0.00795984 0.00790109 0.0945183 0.000165537 0.100953 0.999905 0.00764394 7.65415e-08 0.0962367 1.61706e-06 0.0992159 0.999046 0.00755852 9.86659e-06 0.0951135 8.47063e-05 0.0981566 0.118535 0.382681 0.999723 0.518056
68.74 0.000995802 0.00520841 1 0.000323017 1 0.000379794 0.250261 0.0174419 1 0.00269463 0.999951 0.00361418 0.988905 0.021364 0.990664 0.0200196 0.833273 0.0407516 0.999737 0.00796947 0.011304 0.0941002 0.000227818 0.100969 0.999909 0.00764655 8.14259e-08 0.0962599 1.43699e-06 0.0992471 0.999087 0.00756738 8.11459e-06 0.0952124 6.85944e-05 0.0982843 0.11248 0.404196 0.999761 0.479868
68.78 0.000814361 0.00505296 1 0.000313465 1 0.000366204 0.212331 0.0166252 1 0.00228694 0.99996 0.00306499 0.986004 0.0215384 0.992374 0.0196998 0.855237 0.0387001 0.999712 0.00798277 0.016027 0.0936027 0.000311816 0.100985 0.999913 0.00764903 8.68251e-08 0.0962816 1.28138e-06 0.0992762 0.999125 0.00757549 6.69414e-06 0.0953034 5.56853e-05 0.0984001 0.106882 0.428155 0.999793 0.440581
68.82 0.000680658 0.00491025 1 0.000304881 1 0.000353812 0.177815 0.0157764 1 0.00194639 0.999967 0.0026052 0.982278 0.021678 0.99381 0.0193653 0.875161 0.0367859 0.999683 0.0080014 0.0225064 0.0929994 0.000424343 0.101005 0.999917 0.00765142 9.27674e-08 0.096302 1.14648e-06 0.0993034 0.999162 0.00758292 5.53861e-06 0.0953869 4.53165e-05 0.0985054 0.101719 0.454601 0.99982 0.400635
68.86 0.000583066 0.00477889 1 0.000297133 1 0.00034248 0.146817 0.0149131 1 0.00166334 0.999974 0.00222238 0.977493 0.021784 0.995008 0.0190102 0.893062 0.0349921 0.999651 0.00802747 0.03128 0.0922563 0.000574109 0.101033 0.99992 0.00765379 9.92949e-08 0.0963213 1.02921e-06 0.099329 0.999196 0.00758972 4.59527e-06 0.0954637 3.69651e-05 0.0986011 0.0969687 0.483465 0.999842 0.360572
68.9 0.00051326 0.00465767 1 0.000290111 1 0.000332089 0.119394 0.0140512 1 0.00142889 0.999979 0.00190491 0.971346 0.021859 0.996 0.0186276 0.908995 0.0332998 0.999614 0.00806367 0.0429839 0.0913316 0.000772202 0.101073 0.999923 0.00765618 1.0647e-07 0.0963397 9.27014e-07 0.0993531 0.999228 0.00759593 3.82237e-06 0.0955342 3.02184e-05 0.0986882 0.0926073 0.514541 0.999861 0.321022
68.94 0.00046543 0.00454556 1 0.000283723 1 0.000322542 0.0955428 0.0132045 1 0.00123513 0.999983 0.00164236 0.963447 0.0219063 0.996816 0.0182093 0.923048 0.0316874 0.999573 0.00811325 0.0583308 0.0901756 0.00103274 0.101131 0.999926 0.00765868 1.14384e-07 0.0963578 8.37812e-07 0.0993761 0.999258 0.00760162 3.18678e-06 0.095599 2.47504e-05 0.0987675 0.0886114 0.547458 0.999877 0.282668
68.98 0.000435727 0.00444165 1 0.000277892 1 0.000313753 0.0751897 0.0123845 1 0.00107521 0.999987 0.00142556 0.953289 0.0219305 0.997484 0.0177454 0.935339 0.0301307 0.999526 0.00818002 0.0780612 0.0887332 0.00137372 0.101214 0.999929 0.00766139 1.23165e-07 0.0963758 7.59866e-07 0.0993983 0.999287 0.00760683 2.6622e-06 0.0956586 2.03042e-05 0.0988399 0.0849576 0.581684 0.999891 0.246189
69.02 0.000421896 0.00434514 1 0.00027255 1 0.000305652 0.0581791 0.0116003 1 0.000943266 0.99999 0.00124664 0.940214 0.0219374 0.998026 0.0172242 0.946006 0.0286023 0.999472 0.00826826 0.102862 0.0869479 0.00181827 0.101332 0.999931 0.0076644 1.32995e-07 0.0963943 6.91746e-07 0.0994201 0.999315 0.0076116 2.22768e-06 0.0957134 1.66766e-05 0.0989059 0.0816233 0.616543 0.999903 0.212204
69.06 0.000423083 0.00425537 1 0.000267642 1 0.000298178 0.0442748 0.0108588 1 0.000834344 0.999992 0.00109891 0.923377 0.021934 0.998464 0.0166318 0.955199 0.0270719 0.999409 0.00838247 0.133259 0.0847686 0.00239614 0.101492 0.999933 0.00766784 1.44163e-07 0.0964139 6.32403e-07 0.099442 0.999341 0.00761597 1.86642e-06 0.0957638 1.3707e-05 0.0989663 0.0785872 0.651273 0.999913 0.181202
69.1 0.000439799 0.00417175 1 0.00026312 1 0.000291278 0.033166 0.010165 1 0.000744309 0.999994 0.000976758 0.901715 0.0219282 0.998815 0.0159524 0.963069 0.0255067 0.999335 0.00852694 0.169455 0.0821591 0.00314397 0.101705 0.999935 0.00767184 1.57359e-07 0.0964355 5.82015e-07 0.0994645 0.999366 0.00761998 1.564e-06 0.0958103 1.1267e-05 0.0990216 0.0758285 0.685099 0.999921 0.153506
69.14 0.000474053 0.00409376 1 0.000258945 1 0.000284907 0.0244941 0.00952178 1 0.000669726 0.999995 0.000875495 0.87396 0.0219292 0.999096 0.0151689 0.969766 0.0238731 0.999246 0.00870518 0.21126 0.0791085 0.00410903 0.101979 0.999936 0.00767653 1.73487e-07 0.0964596 5.40401e-07 0.0994881 0.999391 0.00762367 1.3096e-06 0.0958532 9.25513e-06 0.0990722 0.0733293 0.717316 0.999929 0.129244
69.18 0.000529697 0.00402098 1 0.000255082 1 0.000279023 0.0178768 0.00893063 1 0.000607758 0.999996 0.000791248 0.838716 0.021946 0.999317 0.0142655 0.975428 0.0221401 0.999139 0.00891943 0.258096 0.0756376 0.00535435 0.102318 0.999936 0.00768203 1.93657e-07 0.0964873 5.06999e-07 0.0995135 0.999416 0.00762708 1.09511e-06 0.095893 7.59166e-06 0.0991188 0.0710749 0.747354 0.999935 0.108366
69.22 0.000613036 0.00395302 1 0.000251503 1 0.000273593 0.0129346 0.00839139 1 0.000556081 0.999997 0.000720824 0.794668 0.0219861 0.99949 0.0132313 0.980186 0.0202851 0.999006 0.00917036 0.30907 0.0718003 0.00696492 0.102725 0.999937 0.00768843 2.19352e-07 0.0965194 4.8125e-07 0.0995413 0.999441 0.00763022 9.14175e-07 0.0959298 6.21383e-06 0.0991618 0.0690546 0.774825 0.999941 0.0906736
69.26 0.000733841 0.00388953 1 0.000248186 1 0.000268584 0.00931402 0.00790269 1 0.000512793 0.999998 0.000661611 0.740952 0.0220529 0.999624 0.0120667 0.984154 0.0183029 0.998839 0.00945692 0.3631 0.0676779 0.00905565 0.103193 0.999936 0.00769579 2.52868e-07 0.0965564 4.63019e-07 0.099572 0.999465 0.00763313 7.61193e-07 0.0959642 5.07064e-06 0.0992014 0.0672615 0.799526 0.999946 0.0758672
69.3 0.000906923 0.00383021 1 0.000245111 1 0.000263969 0.00670475 0.00746213 1 0.000476353 0.999999 0.00061148 0.677619 0.0221407 0.999727 0.0107898 0.987437 0.0162145 0.998625 0.00977656 0.419052 0.0633696 0.0117832 0.103708 0.999935 0.00770412 2.97675e-07 0.096599 4.52485e-07 0.0996063 0.99949 0.00763585 6.31544e-07 0.0959964 4.12113e-06 0.0992383 0.0656926 0.821425 0.99995 0.0635952
69.34 0.00115456 0.00377477 1 0.000242267 1 0.000259726 0.0048484 0.00706657 1 0.000445508 0.999999 0.000568704 0.606062 0.0222304 0.999804 0.0094406 0.990128 0.0140724 0.998344 0.0101256 0.475869 0.0589797 0.0153656 0.104246 0.999933 0.0077134 3.58602e-07 0.0966473 4.49751e-07 0.0996445 0.999516 0.00763838 5.22013e-07 0.0960267 3.33367e-06 0.0992726 0.0643483 0.840622 0.999953 0.0534927
69.38 0.00151021 0.00372293 1 0.000239644 1 0.000255836 0.00353973 0.0067123 1 0.000419247 0.999999 0.000531891 0.529092 0.0222855 0.999861 0.00807818 0.992311 0.0119563 0.997969 0.0104996 0.532621 0.0546074 0.0201071 0.104773 0.99993 0.00772356 4.42691e-07 0.0967011 4.551e-07 0.0996869 0.999542 0.00764077 4.30014e-07 0.0960553 2.68287e-06 0.0993047 0.0632322 0.857304 0.999956 0.0452114
69.42 0.00202409 0.00367443 1 0.000237239 1 0.000252288 0.00262218 0.00639536 1 0.000396757 0.999999 0.000499932 0.450519 0.0222542 0.999903 0.00677001 0.994062 0.00995694 0.997458 0.0108943 0.588491 0.0503393 0.0264322 0.10524 0.999926 0.00773452 5.60488e-07 0.09676 4.69133e-07 0.0997335 0.999568 0.00764301 3.53292e-07 0.0960825 2.14772e-06 0.0993348 0.0623505 0.871711 0.999959 0.0384362
69.46 0.0027716 0.00362897 1 0.000235059 1 0.000249076 0.00198017 0.00611163 1 0.000377378 1 0.000471946 0.374369 0.0220776 0.999933 0.00557628 0.995452 0.0081537 0.99675 0.0113058 0.642727 0.0462459 0.0349288 0.105583 0.999921 0.00774617 7.28098e-07 0.0968227 4.92885e-07 0.0997844 0.999593 0.00764515 2.89792e-07 0.0961085 1.71039e-06 0.0993632 0.0617114 0.884102 0.999961 0.0328936
69.5 0.00386579 0.00358626 1 0.000233119 1 0.000246208 0.00153073 0.00585714 1 0.00036058 1 0.000447244 0.304075 0.0217042 0.999954 0.00453715 0.996542 0.00659732 0.995754 0.0117311 0.694592 0.0423819 0.0463987 0.105719 0.999914 0.00775837 9.70552e-07 0.0968876 5.27982e-07 0.0998393 0.999618 0.00764718 2.37619e-07 0.0961333 1.35547e-06 0.0993901 0.0613243 0.894736 0.999963 0.0283528
69.54 0.00547545 0.00354594 1 0.00023145 1 0.000243704 0.00121576 0.00562813 1 0.00034593 1 0.000425289 0.241939 0.0211046 0.999969 0.00366817 0.997388 0.00530387 0.994334 0.0121687 0.743342 0.0387861 0.0619029 0.105542 0.999905 0.00777102 1.32739e-06 0.0969522 5.7685e-07 0.0998978 0.999641 0.00764912 1.95042e-07 0.0961572 1.06949e-06 0.0994156 0.0612006 0.903853 0.999964 0.0246228
69.58 0.0078508 0.00350761 1 0.000230101 1 0.000241608 0.000995118 0.00542123 1 0.000333078 1 0.000405662 0.189057 0.0202801 0.999979 0.00296386 0.998039 0.00426036 0.99229 0.0126195 0.788249 0.0354835 0.0827789 0.104917 0.999894 0.00778398 1.86206e-06 0.0970136 6.43011e-07 0.0999595 0.999664 0.007651 1.60497e-07 0.0961802 8.40718e-07 0.0994397 0.0613523 0.911671 0.999965 0.0215482
69.62 0.011359 0.00347076 1 0.000229155 1 0.000239995 0.00084117 0.00523348 1 0.00032174 1 0.000388036 0.145512 0.0192618 0.999986 0.00240555 0.998536 0.0034361 0.989326 0.0130876 0.828672 0.0324851 0.110585 0.10368 0.999879 0.00779716 2.67774e-06 0.0970674 7.315e-07 0.100024 0.999685 0.0076528 1.32604e-07 0.0962024 6.58963e-07 0.0994627 0.0617913 0.918384 0.999966 0.0190034
69.66 0.0165299 0.00343477 1 0.000228737 1 0.000238983 0.00073526 0.00506239 1 0.000311683 1 0.000372151 0.110636 0.0181024 0.99999 0.00196906 0.998912 0.00279354 0.98501 0.0135811 0.864131 0.0297886 0.146911 0.101647 0.99986 0.00781046 3.94458e-06 0.0971085 8.49494e-07 0.10009 0.999704 0.00765455 1.10163e-07 0.0962237 5.15474e-07 0.0994845 0.0625308 0.924157 0.999967 0.0168877
69.7 0.02411 0.00339883 1 0.000229038 1 0.000238759 0.000665009 0.00490588 1 0.000302719 1 0.000357797 0.0833407 0.0168643 0.999994 0.00163004 0.999195 0.00229576 0.978723 0.0141126 0.894389 0.0273787 0.193011 0.0986277 0.999836 0.00782382 5.94663e-06 0.0971305 1.00727e-06 0.100157 0.999722 0.00765625 9.2155e-08 0.0962443 4.02816e-07 0.0995053 0.063585 0.929134 0.999968 0.0151207
69.74 0.0351133 0.00336192 1 0.000230338 1 0.000239599 0.000622486 0.00476223 1 0.000294695 1 0.000344801 0.0623673 0.0156073 0.999996 0.00136697 0.999406 0.00191043 0.969598 0.0146977 0.919488 0.0252269 0.249282 0.0944636 0.999805 0.0078372 9.15859e-06 0.0971257 1.22137e-06 0.100225 0.999738 0.0076579 7.78111e-08 0.0962641 3.14481e-07 0.099525 0.0649707 0.933436 0.999968 0.0136379
69.78 0.0508469 0.00332282 1 0.000233049 1 0.00024191 0.000603016 0.00463007 1 0.00028749 1 0.000333016 0.0464802 0.0143816 0.999997 0.0011621 0.999563 0.00161112 0.956471 0.0153527 0.939735 0.0232925 0.314787 0.0890723 0.999767 0.00785056 1.43786e-05 0.0970854 1.51858e-06 0.100292 0.999752 0.0076595 6.6517e-08 0.0962831 2.45095e-07 0.0995438 0.0667087 0.937164 0.999968 0.0123881
69.82 0.0728625 0.00328014 1 0.000237753 1 0.000246274 0.000604504 0.00450823 1 0.000281008 1 0.000322316 0.0345707 0.0132234 0.999998 0.00100152 0.99968 0.00137713 0.937868 0.0160904 0.955635 0.0215237 0.387135 0.082489 0.999717 0.00786385 2.29716e-05 0.0970002 1.93907e-06 0.100358 0.999765 0.00766107 5.76865e-08 0.0963014 1.90653e-07 0.0995616 0.0688252 0.940406 0.999968 0.0113302
69.86 0.102775 0.00323258 1 0.000245265 1 0.000253496 0.000627167 0.00439579 1 0.000275176 1 0.000312594 0.0257065 0.0121553 0.999999 0.000874573 0.999766 0.00119265 0.912086 0.0169164 0.967819 0.0198607 0.462876 0.0748818 0.999653 0.00787695 3.72908e-05 0.0968607 2.54521e-06 0.100422 0.999776 0.00766259 5.08331e-08 0.096319 1.48042e-07 0.0995785 0.0713539 0.943234 0.999968 0.0104314
69.9 0.1419 0.00317936 1 0.000256682 1 0.000264662 0.000673656 0.00429196 1 0.000269943 1 0.000303752 0.0191382 0.0111881 0.999999 0.000773256 0.999829 0.0010458 0.877422 0.0178264 0.976952 0.0182413 0.538276 0.0665326 0.999572 0.00788968 6.14279e-05 0.0966577 3.43544e-06 0.100481 0.999785 0.00766407 4.55699e-08 0.0963357 1.14802e-07 0.0995946 0.074339 0.945709 0.999967 0.00966515
69.94 0.190752 0.00312086 1 0.000273433 1 0.000281176 0.000749645 0.00419608 1 0.000265272 1 0.000295709 0.0142826 0.010324 0.999999 0.000691577 0.999876 0.000927666 0.832599 0.0188054 0.983669 0.0166108 0.610086 0.0577958 0.999465 0.00790176 0.000102556 0.0963827 4.76705e-06 0.100536 0.999793 0.00766551 4.1597e-08 0.0963517 8.89738e-08 0.0996099 0.0778377 0.947883 0.999967 0.00901041
69.98 0.248589 0.0030593 1 0.000297316 1 0.000304784 0.00086497 0.00410761 1 0.000261142 1 0.00028839 0.0106964 0.00955891 1 0.000625066 0.99991 0.0008316 0.777302 0.019826 0.988531 0.0149347 0.675985 0.0490532 0.999327 0.00791282 0.000173348 0.0960277 6.79427e-06 0.100582 0.999799 0.0076669 3.8688e-08 0.0963669 6.899e-08 0.0996243 0.0819215 0.949801 0.999966 0.00845012
70.02 0.313308 0.00299913 1 0.000330501 1 0.000337565 0.00103563 0.00402612 1 0.00025754 1 0.000281735 0.0080485 0.0088856 1 0.000570378 0.999935 0.000752614 0.712589 0.020846 0.992005 0.0132103 0.734659 0.0406763 0.999142 0.00792241 0.000296354 0.0955852 9.93226e-06 0.100618 0.999804 0.00766823 3.66787e-08 0.0963812 5.3594e-08 0.0996379 0.0866774 0.9515 0.999965 0.00797057
70.06 0.381835 0.00294666 1 0.00037552 1 0.000381904 0.00128714 0.00395128 1 0.000254459 1 0.000275691 0.0060938 0.00829487 1 0.000524993 0.999953 0.000686955 0.640917 0.0218063 0.994461 0.0114702 0.78563 0.0329898 0.998895 0.00793007 0.000511984 0.0950483 1.48656e-05 0.10064 0.999807 0.00766949 3.54579e-08 0.0963945 4.17798e-08 0.0996507 0.0922065 0.953011 0.999963 0.00756081
70.1 0.450883 0.00290909 1 0.000435249 0.999999 0.000440446 0.00165997 0.00388286 1 0.000251896 1 0.000270218 0.00465123 0.00777706 1 0.000487 0.999966 0.000631785 0.565665 0.0226322 0.996182 0.00977297 0.829013 0.0262332 0.998556 0.00793532 0.000893094 0.0944104 2.27325e-05 0.100642 0.999809 0.00767068 3.49625e-08 0.0964067 3.27463e-08 0.0996627 0.098621 0.954363 0.999962 0.00721208
70.14 0.517656 0.00289326 1 0.000512875 0.999999 0.000516054 0.00221846 0.00382066 1 0.000249846 1 0.000265288 0.00358704 0.00732272 1 0.000454935 0.999976 0.000584951 0.490383 0.0232425 0.99738 0.00818468 0.865291 0.0205318 0.998088 0.00793781 0.00157171 0.0936644 3.54393e-05 0.100619 0.999808 0.00767177 3.51741e-08 0.0964176 2.58602e-08 0.0996737 0.10604 0.955581 0.99996 0.00691748
70.18 0.580232 0.00290476 1 0.000611874 0.999999 0.000611765 0.00306495 0.00376447 1 0.000248312 1 0.000260886 0.00280234 0.00692308 1 0.000427663 0.999983 0.000544809 0.418135 0.0235643 0.998209 0.00675949 0.895146 0.0158934 0.99743 0.00793748 0.00278785 0.092801 5.61968e-05 0.100563 0.999806 0.00767274 3.61203e-08 0.096427 2.06244e-08 0.0996839 0.114582 0.956684 0.999958 0.00667159
70.22 0.637572 0.00294755 1 0.000735956 0.999999 0.000730735 0.00436212 0.00371404 1 0.000247302 1 0.000257017 0.00222383 0.0065703 1 0.000404302 0.999988 0.000510102 0.351164 0.0235488 0.99878 0.00552841 0.919348 0.0122325 0.996495 0.00793489 0.0049777 0.0918047 9.04326e-05 0.100463 0.999802 0.0076736 3.78786e-08 0.0964346 1.66527e-08 0.099693 0.124362 0.957691 0.999955 0.00647027
70.26 0.689317 0.00302411 0.999999 0.000889001 0.999998 0.000876173 0.0063668 0.00366896 1 0.000246847 1 0.000253713 0.00179785 0.00625752 1 0.000384152 0.999991 0.000479857 0.290828 0.0231826 0.999171 0.00449808 0.938683 0.00940923 0.995151 0.00793171 0.00892968 0.0906464 0.000147339 0.100305 0.999795 0.00767434 4.05852e-08 0.0964401 1.36467e-08 0.099701 0.135477 0.958618 0.999952 0.00631045
70.3 0.735533 0.00313581 0.999999 0.00107495 0.999998 0.00105125 0.00947997 0.00362865 1 0.00024701 1 0.000251041 0.00148488 0.00597891 1 0.000366661 0.999994 0.000453319 0.23777 0.0224885 0.999439 0.00365654 0.953911 0.00726641 0.993203 0.00793147 0.0160481 0.0892716 0.000242481 0.100073 0.999786 0.00767496 4.445e-08 0.0964429 1.13786e-08 0.0997078 0.148004 0.959479 0.999948 0.00618996
70.34 0.776507 0.00328332 0.999999 0.00129764 0.999997 0.00125897 0.0143157 0.00359226 1 0.000247915 1 0.000249123 0.00125587 0.00572954 1 0.000351387 0.999996 0.000429896 0.192113 0.0215195 0.999621 0.00298111 0.965734 0.00565537 0.990365 0.00794085 0.0287598 0.0875829 0.00040217 0.0997432 0.999773 0.00767554 4.97806e-08 0.0964425 9.67537e-09 0.0997133 0.16199 0.960288 0.999944 0.00610742
70.38 0.81261 0.00346684 0.999998 0.00156063 0.999996 0.00150204 0.0217863 0.0035586 1 0.000249769 1 0.000248166 0.00108985 0.00550531 1 0.000337976 0.999997 0.000409115 0.153582 0.0203463 0.999744 0.00244517 0.974785 0.00444892 0.986219 0.00797153 0.0510205 0.085415 0.00067072 0.0992878 0.999756 0.00767619 5.70194e-08 0.0964383 8.40726e-09 0.0997176 0.177446 0.961053 0.999939 0.00606211
70.42 0.844226 0.0036863 0.999998 0.00186692 0.999995 0.00178264 0.0331862 0.00352607 1 0.00025292 1 0.000248497 0.000972009 0.00530284 1 0.000326142 0.999998 0.000390599 0.121627 0.0190454 0.999827 0.00202254 0.981621 0.00354491 0.980168 0.00804272 0.0885977 0.0825124 0.00112238 0.0986694 0.999735 0.00767713 6.68029e-08 0.0964296 7.47809e-09 0.0997208 0.194343 0.961787 0.999933 0.00605392
70.46 0.871717 0.00394145 0.999996 0.00221871 0.999994 0.00210231 0.0502286 0.00349264 1 0.000257909 1 0.000250618 0.000892225 0.00511931 1 0.00031566 0.999998 0.000374039 0.0955327 0.017689 0.999884 0.00168994 0.986718 0.0028646 0.971383 0.00818328 0.148232 0.0785344 0.00188076 0.0978404 0.999708 0.00767872 8.0052e-08 0.0964156 6.8178e-09 0.0997233 0.212606 0.962495 0.999925 0.00608327
70.5 0.895423 0.00423179 0.999995 0.00261711 0.999992 0.00246175 0.0749481 0.00345593 1 0.000265551 1 0.000255271 0.000844121 0.00495241 1 0.00030635 0.999999 0.000359183 0.0745062 0.0163377 0.999922 0.00142784 0.990473 0.00234895 0.958771 0.0084307 0.234439 0.0731416 0.00314871 0.0967372 0.999674 0.00768154 9.82246e-08 0.0963956 6.38386e-09 0.0997259 0.232116 0.963187 0.999916 0.00615102
70.54 0.915666 0.00455657 0.999993 0.00306192 0.99999 0.00286071 0.109365 0.00341366 1 0.000277021 1 0.000263509 0.000824504 0.00480022 1 0.000298073 0.999999 0.00034582 0.0577455 0.0150376 0.999947 0.0012205 0.993211 0.00195441 0.941016 0.00882259 0.344533 0.0661995 0.00525158 0.09527 0.999631 0.00768629 1.23789e-07 0.0963689 6.16192e-09 0.0997298 0.25272 0.963868 0.999905 0.00625848
70.58 0.932759 0.00491467 0.99999 0.00355146 0.999987 0.003298 0.154845 0.00336441 1 0.000293926 1 0.000276754 0.000833103 0.00466115 1 0.000290723 0.999999 0.000333776 0.0445098 0.0138199 0.999964 0.00105552 0.99519 0.00164923 0.91668 0.00938054 0.466797 0.057991 0.00870347 0.0933047 0.999576 0.00769365 1.60671e-07 0.0963342 6.1488e-09 0.0997369 0.274229 0.964543 0.999892 0.00640733
70.62 0.947009 0.00530459 0.999986 0.00408251 0.999984 0.00377153 0.211332 0.00330877 1 0.000318361 1 0.000296827 0.000872818 0.00453389 1 0.000284224 0.999999 0.0003229 0.034141 0.0127022 0.999976 0.000923351 0.996609 0.00141038 0.884452 0.0100961 0.585703 0.0491997 0.0142956 0.0906484 0.999506 0.00770405 2.15647e-07 0.0962891 6.3654e-09 0.0997491 0.296436 0.965217 0.999876 0.00659961
70.66 0.958729 0.00572437 0.99998 0.00465042 0.99998 0.00427844 0.276874 0.00325038 1 0.000352895 1 0.00032593 0.000950338 0.0044174 1 0.000278517 1 0.000313068 0.0260816 0.0116911 0.999984 0.000816644 0.99762 0.00122121 0.843484 0.0109309 0.689561 0.0406164 0.023209 0.0870619 0.999414 0.00771739 3.00183e-07 0.0962292 6.85506e-09 0.0997678 0.319122 0.965894 0.999857 0.00683769
70.7 0.968228 0.00617166 0.999973 0.0052493 0.999975 0.00481528 0.347901 0.00319606 1 0.000400521 1 0.00036659 0.00107748 0.00431086 1 0.000273561 1 0.000304174 0.0198678 0.0107857 0.999989 0.000729804 0.998338 0.00106966 0.793713 0.0118306 0.773567 0.032832 0.0371327 0.0823157 0.999291 0.00773311 4.33906e-07 0.0961462 7.69392e-09 0.0997935 0.342072 0.966576 0.999834 0.00712425
70.74 0.975815 0.00664375 0.999963 0.00587239 0.999969 0.00537814 0.420225 0.00315474 1 0.000464566 1 0.000421572 0.00127349 0.00421366 1 0.000269319 1 0.000296129 0.0151176 0.00998027 0.999993 0.000658559 0.998846 0.000946925 0.736038 0.0127424 0.838121 0.0261367 0.0583255 0.0762738 0.999125 0.00775029 6.51118e-07 0.0960286 9.0098e-09 0.0998248 0.365082 0.967264 0.999806 0.00746227
70.78 0.981786 0.00713767 0.999949 0.00651246 0.999961 0.00596285 0.490175 0.00313553 1 0.0005486 1 0.000493803 0.00156891 0.00412534 1 0.000265756 1 0.000288864 0.0115173 0.00926686 0.999995 0.000599638 0.999202 0.000846478 0.672235 0.013626 0.886071 0.0205846 0.0895002 0.0689695 0.998897 0.00776791 1.01284e-06 0.0958613 1.10138e-08 0.0998585 0.387969 0.967961 0.999771 0.00785502
70.82 0.986421 0.00765025 0.999931 0.00716222 0.999952 0.00656504 0.555266 0.00314606 1 0.000656343 1 0.000586303 0.00201173 0.0040455 1 0.00026284 1 0.000282322 0.0088104 0.00863647 0.999997 0.000550527 0.999451 0.000763463 0.604659 0.0144577 0.920853 0.0160969 0.133351 0.06064 0.998578 0.00778498 1.62946e-06 0.0956267 1.40556e-08 0.0998894 0.410577 0.968666 0.999729 0.00830604
70.86 0.98997 0.00817815 0.999906 0.00781476 0.99994 0.00718035 0.614268 0.00319167 1 0.000791594 1 0.00070213 0.00267708 0.00397379 1 0.000260541 1 0.000276463 0.00678895 0.00808009 0.999998 0.00050928 0.999625 0.000694211 0.535839 0.0152277 0.945631 0.0125381 0.191617 0.0517081 0.998127 0.00780065 2.70397e-06 0.095306 1.87226e-08 0.0999101 0.432777 0.96938 0.999678 0.00881915
70.9 0.992654 0.00871794 0.999872 0.00846378 0.999925 0.00780449 0.666897 0.00327545 1 0.000958138 1 0.000844321 0.00368226 0.00390976 1 0.000258837 1 0.000271267 0.00528705 0.00758918 0.999998 0.000474386 0.999744 0.000635934 0.468122 0.0159321 0.963019 0.00975752 0.263932 0.0427149 0.997481 0.00781427 4.61273e-06 0.0948797 2.60437e-08 0.0999106 0.454467 0.9701 0.999615 0.00939845
70.94 0.994662 0.00926613 0.999827 0.00910385 0.999906 0.00843337 0.713434 0.00339875 1 0.00115965 1 0.00101583 0.00520936 0.00385287 1 0.000257724 1 0.000266734 0.00417489 0.00715585 0.999999 0.000444661 0.999826 0.000586491 0.403459 0.0165623 0.975059 0.00760976 0.347145 0.0342171 0.996546 0.00782533 8.06049e-06 0.094329 3.78694e-08 0.099878 0.475575 0.970828 0.999538 0.0100483
70.98 0.996148 0.00981919 0.999767 0.00973044 0.999882 0.00906322 0.754407 0.00356176 0.999999 0.00139957 0.999999 0.00121942 0.00753769 0.00380242 1 0.000257226 1 0.000262893 0.00335353 0.0067729 0.999999 0.000419174 0.999881 0.000544229 0.343307 0.0170961 0.983299 0.00596444 0.435887 0.0266723 0.995181 0.00783349 1.43835e-05 0.0936355 5.75717e-08 0.099795 0.496047 0.97156 0.999444 0.0107731
71.02 0.997237 0.0103737 0.999685 0.01034 0.999853 0.00969061 0.7904 0.00376398 0.999999 0.00168093 0.999999 0.00145758 0.011089 0.00375752 1 0.000257408 1 0.000259813 0.00274795 0.00643383 0.999999 0.000397188 0.999919 0.00050786 0.288647 0.0174958 0.988878 0.00471024 0.524172 0.0203506 0.99317 0.00783858 2.61374e-05 0.0927811 9.14623e-08 0.0996377 0.515851 0.972294 0.999328 0.0115779
71.06 0.99803 0.0109263 0.999574 0.0109298 0.999817 0.0103125 0.821957 0.00400449 0.999999 0.00200619 0.999999 0.00173234 0.0164845 0.00371707 1 0.000258403 1 0.000257622 0.0023025 0.00613281 1 0.000378115 0.999944 0.000476369 0.240021 0.0177176 0.992623 0.0037558 0.607031 0.0153121 0.990189 0.00784067 4.8244e-05 0.0917453 1.51644e-07 0.0993726 0.534969 0.973029 0.999186 0.0124675
71.1 0.998602 0.0114739 0.999426 0.0114979 0.999772 0.0109261 0.84955 0.00428215 0.999999 0.00237697 0.999999 0.00204515 0.024607 0.00367966 1 0.000260435 1 0.000256529 0.00197664 0.0058647 1 0.000361486 0.999962 0.000448953 0.19759 0.0177256 0.995119 0.00302855 0.681309 0.0114519 0.98575 0.00784023 9.02365e-05 0.0905008 2.61842e-07 0.0989518 0.553394 0.973763 0.999011 0.0134472
71.14 0.999012 0.0120137 0.999225 0.0120432 0.999715 0.0115291 0.873579 0.00459556 0.999998 0.00279388 0.999999 0.00239669 0.0366463 0.00364361 1 0.000263861 1 0.000256863 0.00174142 0.00562497 1 0.000346923 0.999973 0.000424964 0.161206 0.0175045 0.996773 0.00247229 0.745601 0.00857642 0.979131 0.00783839 0.00017065 0.0890065 4.69505e-07 0.0983066 0.571127 0.974492 0.998797 0.0145221
71.18 0.999304 0.012543 0.998956 0.0125651 0.999645 0.0121196 0.894389 0.00494311 0.999998 0.00325629 0.999999 0.00278679 0.0540854 0.00360696 1 0.000269225 1 0.000259114 0.00157665 0.00540975 1 0.00033412 0.999981 0.000403878 0.130496 0.0170635 0.997865 0.00204432 0.799772 0.00647115 0.969285 0.00783724 0.0003256 0.0871991 8.71189e-07 0.0973393 0.588175 0.975214 0.998533 0.0156976
71.22 0.999511 0.0130595 0.998594 0.0130635 0.999559 0.0126956 0.912287 0.0053229 0.999997 0.00376224 0.999999 0.00321432 0.078561 0.00356766 1 0.000277311 1 0.000263978 0.00146892 0.00521576 1 0.000322836 0.999986 0.000385267 0.104925 0.0164338 0.998586 0.00171258 0.84445 0.00494228 0.954757 0.00784012 0.000625493 0.0849837 1.6663e-06 0.0959141 0.60455 0.975928 0.998208 0.016979
71.26 0.999658 0.0135611 0.998109 0.0135387 0.999451 0.0132558 0.92756 0.0057327 0.999997 0.00430837 0.999998 0.00367724 0.111534 0.00352399 1 0.000289202 1 0.000272406 0.00141026 0.00504023 1 0.000312874 0.99999 0.000368778 0.0838793 0.0156608 0.999061 0.00145321 0.88065 0.00383288 0.933648 0.00785184 0.00120735 0.0822276 3.27158e-06 0.0938509 0.62027 0.976629 0.99781 0.0183718
71.3 0.999761 0.0140461 0.997459 0.0139917 0.999319 0.013799 0.940483 0.00616988 0.999996 0.00489005 0.999998 0.00417272 0.15378 0.00347527 1 0.000306321 1 0.00028563 0.00139729 0.00488088 1 0.000304083 0.999993 0.000354119 0.0667279 0.0147947 0.999375 0.00124853 0.90953 0.00302408 0.903725 0.00787866 0.00233677 0.0787638 6.56586e-06 0.0909295 0.635353 0.977317 0.997322 0.0198811
71.34 0.999833 0.0145126 0.996591 0.0144235 0.999155 0.0143239 0.951324 0.00663145 0.999995 0.00550152 0.999998 0.00469731 0.204876 0.00342275 1 0.000330434 1 0.000305161 0.001431 0.00473587 1 0.000296344 0.999995 0.000341048 0.0528689 0.0138832 0.999582 0.0010854 0.932245 0.00242935 0.862799 0.00792776 0.00452488 0.0744125 1.34143e-05 0.0869165 0.649821 0.977989 0.996724 0.0215122
71.38 0.999883 0.0149593 0.995434 0.0148358 0.998953 0.01483 0.96034 0.00711408 0.999994 0.00613621 0.999998 0.00524716 0.262976 0.00337016 1 0.000363619 1 0.000332748 0.00151693 0.00460368 1 0.000289561 0.999996 0.000329362 0.0417566 0.0129664 0.99972 0.000954109 0.949874 0.00198709 0.809452 0.00800587 0.00874269 0.0690319 2.77905e-05 0.0816278 0.663699 0.978642 0.995994 0.02327
71.42 0.999919 0.0153846 0.993895 0.0152306 0.998705 0.0153164 0.967781 0.00761426 0.999992 0.00678708 0.999997 0.00581821 0.325143 0.00332367 1 0.000408188 1 0.000370311 0.0016661 0.00448315 1 0.00028366 0.999997 0.000318894 0.0329123 0.0120751 0.999812 0.000847411 0.963373 0.00165393 0.743922 0.00811708 0.0167935 0.0625916 5.81716e-05 0.0750217 0.677015 0.979274 0.995104 0.0251595
71.46 0.999943 0.0157868 0.991856 0.0156104 0.9984 0.0157827 0.973878 0.00812839 0.99999 0.00744698 0.999997 0.00640633 0.388095 0.00329082 1 0.000466596 0.999999 0.000419859 0.00189651 0.00437337 1 0.000278576 0.999997 0.000309506 0.0259243 0.0112304 0.999873 0.000759887 0.97357 0.00139945 0.668657 0.00826108 0.0318906 0.0552368 0.000122631 0.0672865 0.689797 0.979884 0.994022 0.0271851
71.5 0.999961 0.0161645 0.989163 0.0159785 0.998026 0.0162285 0.978845 0.0086529 0.999988 0.00810902 0.999996 0.00700742 0.448998 0.0032791 1 0.000541354 0.999999 0.000483417 0.00223578 0.00427363 1 0.000274252 0.999998 0.000301087 0.0204416 0.0104449 0.999915 0.000687452 0.981162 0.00120226 0.587989 0.00843383 0.0593342 0.0472923 0.0002596 0.0588545 0.702076 0.98047 0.99271 0.0293513
71.54 0.999972 0.0165156 0.985623 0.0163386 0.997568 0.0166538 0.982872 0.0091844 0.999985 0.00876682 0.999996 0.00761748 0.505916 0.0032947 1 0.000634952 0.999999 0.000562974 0.00272493 0.00418332 1 0.000270637 0.999998 0.000293547 0.0161675 0.00972489 0.999942 0.000627004 0.986729 0.00104723 0.506964 0.00863258 0.106655 0.0391896 0.000550439 0.0503077 0.713884 0.981029 0.991123 0.0316622
71.58 0.999981 0.0168379 0.980997 0.0166958 0.997009 0.0170583 0.986127 0.00971964 0.999981 0.00941476 0.999995 0.00823265 0.557868 0.00334191 1 0.000749807 0.999999 0.000660447 0.00342395 0.00410191 1 0.000267687 0.999998 0.000286819 0.0128535 0.00907167 0.999961 0.000576164 0.990749 0.00092358 0.430025 0.00886263 0.181646 0.031365 0.00116607 0.042214 0.725254 0.981561 0.989212 0.0341217
71.62 0.999987 0.0171287 0.974992 0.017056 0.996328 0.0174422 0.98875 0.0102556 0.999976 0.0100481 0.999994 0.00884926 0.604621 0.00342312 1 0.000888225 0.999999 0.00077766 0.0044196 0.00402883 1 0.000265367 0.999999 0.000280855 0.0102941 0.00848358 0.999973 0.00053309 0.993608 0.000823535 0.36024 0.00913701 0.286869 0.0242032 0.00246103 0.0349872 0.73622 0.982064 0.986919 0.0367335
71.66 0.999991 0.0173847 0.967263 0.0174267 0.9955 0.0178055 0.990863 0.0107894 0.99997 0.0106629 0.999993 0.00946389 0.646408 0.00353916 1 0.00105237 0.999999 0.000916333 0.0058355 0.00396348 1 0.000263657 0.999999 0.000275628 0.00832299 0.00795693 0.999981 0.000496347 0.995611 0.000741448 0.299126 0.00946122 0.413813 0.0180232 0.0051584 0.028829 0.746818 0.982535 0.984177 0.0395011
71.7 0.999993 0.0176022 0.957417 0.0178168 0.994495 0.0181483 0.992565 0.0113183 0.999963 0.0112562 0.999992 0.0100734 0.683691 0.00368978 1 0.00124423 0.999999 0.00107806 0.00784533 0.00390517 1 0.000262556 0.999999 0.000271133 0.00680707 0.00748684 0.999987 0.000464805 0.996997 0.00067319 0.246997 0.00981141 0.544732 0.013035 0.0106956 0.0237502 0.757085 0.982973 0.980914 0.0424275
71.74 0.999995 0.0177769 0.945031 0.0182373 0.99328 0.0184708 0.993936 0.01184 0.999955 0.0118258 0.999991 0.010675 0.716996 0.00387405 1 0.00146559 0.999999 0.00126431 0.0106886 0.00385314 1 0.000262093 0.999999 0.000267394 0.00564155 0.00706767 0.999991 0.000437567 0.997946 0.000615747 0.203375 0.0101318 0.662603 0.00926904 0.0218162 0.0196327 0.767057 0.983376 0.977048 0.045516
71.78 0.999997 0.0179041 0.92968 0.0187011 0.991815 0.018773 0.995042 0.0123521 0.999944 0.0123703 0.999989 0.0112662 0.746821 0.00409057 1 0.00171795 0.999999 0.00147634 0.0146872 0.00380655 1 0.000262329 0.999999 0.000264466 0.00474541 0.00669354 0.999994 0.000413915 0.998593 0.000566916 0.16735 0.010362 0.758522 0.00657641 0.0434041 0.0162955 0.776774 0.983743 0.972491 0.0487694
71.82 0.999998 0.0179793 0.910983 0.0192231 0.990053 0.0190551 0.995936 0.0128525 0.99993 0.0128887 0.999987 0.0118448 0.773599 0.00433774 1 0.0020025 0.999999 0.0017152 0.0202613 0.00376444 1 0.000263375 0.999999 0.000262447 0.00405655 0.00635887 0.999995 0.00039327 0.999031 0.000525073 0.13784 0.0104739 0.831411 0.00471717 0.0830986 0.0135444 0.78627 0.984071 0.967145 0.0521907
71.86 0.999998 0.0179982 0.888659 0.0198199 0.987942 0.0193174 0.99666 0.0133394 0.999914 0.0133806 0.999985 0.0124091 0.797681 0.00461381 1 0.00231998 0.999999 0.00198166 0.0279357 0.00372583 1 0.000265399 0.999999 0.000261484 0.00352811 0.0060588 0.999997 0.000375163 0.999328 0.000488996 0.113762 0.0104898 0.884359 0.0034534 0.150103 0.0112042 0.795584 0.984357 0.96091 0.0557826
71.9 0.999999 0.0179579 0.862578 0.0205092 0.985417 0.0195601 0.997248 0.0138112 0.999893 0.0138461 0.999983 0.0129574 0.81935 0.00491693 0.999999 0.00267063 0.999999 0.00227611 0.0383324 0.00368966 1 0.000268644 0.999999 0.000261792 0.00312492 0.00578934 0.999998 0.000359212 0.99953 0.000457742 0.0941343 0.0104709 0.92167 0.00259537 0.249852 0.00914584 0.804751 0.9846 0.953679 0.0595479
71.94 0.999999 0.0178574 0.832812 0.0213096 0.982406 0.0197839 0.997726 0.0142664 0.999866 0.0142853 0.99998 0.0134885 0.838835 0.00524523 0.999999 0.00305408 0.999998 0.00259853 0.0521334 0.00365493 1 0.000273442 0.999999 0.00026366 0.00282097 0.00554735 0.999998 0.000345112 0.999668 0.000430567 0.0781135 0.0104784 0.947403 0.00200804 0.376206 0.00731263 0.813806 0.984797 0.945344 0.0634891
71.98 0.999999 0.017698 0.799663 0.0222388 0.978822 0.01999 0.998116 0.0147041 0.999833 0.0146989 0.999977 0.0140013 0.856327 0.00559674 0.999999 0.00346929 0.999998 0.00294846 0.0700075 0.00362079 1 0.000280231 0.999999 0.000267464 0.00259731 0.00533017 0.999999 0.000332616 0.999763 0.000406873 0.0650028 0.0105315 0.964877 0.00160042 0.510828 0.00571863 0.822781 0.984943 0.935799 0.0676089
72.02 1 0.0174836 0.763652 0.023313 0.974564 0.0201802 0.998435 0.0151232 0.999791 0.0150876 0.999973 0.0144952 0.87199 0.00596941 0.999999 0.00391454 0.999998 0.00332498 0.0924954 0.00358672 1 0.000289562 0.999999 0.00027368 0.00244066 0.00513536 0.999999 0.000321528 0.999828 0.000386172 0.0542383 0.0105939 0.976612 0.00131248 0.634057 0.00440197 0.831706 0.985036 0.924941 0.0719098
72.06 1 0.0172206 0.725441 0.0245454 0.969512 0.0203573 0.998697 0.0155233 0.999736 0.0154522 0.999968 0.0149694 0.885973 0.00636112 0.999999 0.00438742 0.999998 0.00372672 0.11987 0.00355275 1 0.000302106 0.999999 0.000282877 0.00234227 0.00496046 0.999999 0.000311687 0.999874 0.000368052 0.0453686 0.0106022 0.984437 0.00110474 0.735013 0.0033724 0.840605 0.98507 0.912676 0.0763941
72.1 1 0.0169173 0.685716 0.0259457 0.963518 0.0205253 0.998913 0.0159038 0.999666 0.0157938 0.999963 0.0154235 0.898408 0.00676965 0.999999 0.00488487 0.999998 0.00415192 0.152006 0.00351968 1 0.000318648 0.999999 0.000295713 0.00229718 0.00480306 0.999999 0.000302963 0.999906 0.000352163 0.0380345 0.0105048 0.989635 0.000951235 0.812085 0.00259962 0.8495 0.98504 0.898923 0.0810636
72.14 1 0.0165822 0.645151 0.02752 0.956407 0.0206896 0.999091 0.0162647 0.999575 0.0161134 0.999956 0.0158573 0.909428 0.00719273 0.999999 0.00540328 0.999998 0.00459848 0.188316 0.00348919 1 0.000340067 0.999999 0.000312919 0.00230378 0.00466098 0.999999 0.000295243 0.999929 0.000338204 0.0319495 0.0102817 0.993085 0.000834873 0.868534 0.00203246 0.858403 0.984941 0.883617 0.0859199
72.18 1 0.0162238 0.604345 0.0292704 0.947971 0.0208566 0.999239 0.0166058 0.999455 0.0164124 0.999948 0.0162706 0.919157 0.00762804 0.999998 0.00593862 0.999997 0.00506401 0.227799 0.00346386 1 0.00036731 0.999999 0.000335272 0.00236359 0.00453233 1 0.000288434 0.999946 0.000325913 0.0268853 0.00994319 0.995374 0.000744352 0.908903 0.00161902 0.867315 0.984765 0.866719 0.0909635
72.22 1 0.0158493 0.563773 0.0311954 0.937968 0.0210343 0.999361 0.0169275 0.999295 0.016692 0.999938 0.0166634 0.92772 0.00807325 0.999998 0.00648659 0.999997 0.00554595 0.269188 0.00344692 1 0.000401362 0.999998 0.000363567 0.00248129 0.0044156 1 0.000282453 0.999958 0.000315066 0.0226605 0.00951783 0.996897 0.00067217 0.937359 0.00131641 0.876228 0.984505 0.848219 0.0961937
72.26 1 0.0154643 0.523771 0.0332902 0.926111 0.0212322 0.999463 0.0172299 0.999081 0.0169536 0.999925 0.017036 0.935238 0.00852606 0.999998 0.00704275 0.999997 0.00604159 0.311167 0.00344184 1 0.000443207 0.999998 0.000398592 0.00266498 0.00430959 1 0.000277226 0.999967 0.000305471 0.0191309 0.0090396 0.997913 0.0006133 0.957222 0.00109258 0.88512 0.984151 0.828139 0.101608
72.3 1 0.0150723 0.484524 0.0355481 0.912061 0.0214611 0.999548 0.0175135 0.998792 0.0171987 0.99991 0.0173884 0.941824 0.00898425 0.999997 0.00760276 0.999997 0.00654818 0.352559 0.00345193 1 0.000493809 0.999998 0.000441108 0.00292665 0.00421334 1 0.000272692 0.999973 0.000296967 0.0161812 0.00853964 0.998591 0.000564334 0.970978 0.000924661 0.893955 0.983692 0.806534 0.107202
72.34 1 0.0146747 0.446144 0.0379607 0.895425 0.0217333 0.999619 0.0177785 0.998399 0.0174292 0.99989 0.0177212 0.947586 0.00944566 0.999997 0.00816243 0.999996 0.00706291 0.392457 0.00347999 1 0.000554082 0.999998 0.00049183 0.00328288 0.00412607 1 0.000268791 0.999978 0.000289422 0.0137181 0.00804237 0.999045 0.000522933 0.980437 0.000796723 0.902687 0.983115 0.783499 0.112967
72.38 1 0.0142717 0.408714 0.0405181 0.875785 0.0220633 0.999679 0.0180252 0.99786 0.0176467 0.999866 0.0180348 0.952626 0.00990823 0.999997 0.0087179 0.999996 0.00758304 0.430265 0.00352804 1 0.000624883 0.999998 0.000551426 0.00375576 0.00404713 1 0.000265477 0.999982 0.000282726 0.0116643 0.00756472 0.999351 0.000487456 0.986894 0.000697691 0.911261 0.982406 0.759162 0.118893
72.42 1 0.0138622 0.372296 0.0432086 0.852714 0.0224671 0.999729 0.0182538 0.997114 0.0178535 0.999836 0.0183295 0.957034 0.01037 0.999996 0.00926571 0.999996 0.00810591 0.465674 0.00359737 1 0.000707006 0.999998 0.000620511 0.00437418 0.00397591 1 0.000262705 0.999984 0.000276791 0.00995544 0.00711707 0.999556 0.000456735 0.99127 0.000619849 0.919617 0.981548 0.733687 0.124963
72.46 1 0.0134449 0.336952 0.0460183 0.825809 0.0229631 0.999771 0.0184644 0.996073 0.0180519 0.999797 0.018606 0.960893 0.0108292 0.999995 0.00980284 0.999995 0.00862896 0.4986 0.00368849 1 0.000801177 0.999998 0.000699654 0.0051752 0.00391186 1 0.000260442 0.999986 0.000271549 0.00853683 0.00670478 0.999695 0.000429914 0.994215 0.000557768 0.927689 0.980521 0.707263 0.131159
72.5 1 0.0130186 0.302765 0.0489307 0.794738 0.0235717 0.999806 0.0186566 0.994613 0.0182451 0.999747 0.0188648 0.964277 0.0112839 0.999995 0.0103268 0.999995 0.00914983 0.529112 0.00380133 1 0.000908063 0.999998 0.000789382 0.00620571 0.00385443 1 0.00025866 0.999988 0.000266947 0.00736209 0.00632967 0.999789 0.000406351 0.996183 0.000507585 0.935414 0.979304 0.680096 0.137455
72.54 1 0.0125825 0.269846 0.0519259 0.759281 0.0243154 0.999835 0.0188297 0.992548 0.0184365 0.999683 0.0191064 0.96725 0.0117327 0.999994 0.0108354 0.999994 0.00966632 0.557366 0.00393537 1 0.00102827 0.999997 0.000890184 0.00752416 0.0038031 1 0.000257343 0.999989 0.000262946 0.00639184 0.00599123 0.999853 0.000385551 0.99749 0.000466514 0.94273 0.977872 0.6524 0.143825
72.58 1 0.0121373 0.238349 0.05498 0.719406 0.0252185 0.99986 0.0189824 0.989609 0.0186311 0.999599 0.0193313 0.969868 0.012174 0.999993 0.0113271 0.999994 0.0101765 0.583555 0.00408975 0.999999 0.00116234 0.999997 0.00100251 0.00920234 0.00375735 1 0.000256483 0.99999 0.000259524 0.00559267 0.0056876 0.999897 0.000367124 0.998353 0.000432519 0.949585 0.976195 0.624389 0.150234
72.62 1 0.0116851 0.208473 0.0580645 0.675341 0.0263063 0.999881 0.0191124 0.985403 0.0188351 0.999488 0.01954 0.972181 0.0126065 0.999992 0.0118007 0.999993 0.0106785 0.60788 0.00426339 0.999999 0.00131076 0.999997 0.00112678 0.011327 0.00371665 1 0.000256084 0.999991 0.00025667 0.00493621 0.00541617 0.999927 0.000350753 0.99892 0.000404095 0.955936 0.974242 0.596275 0.156649
72.66 1 0.0112296 0.180433 0.0611457 0.627596 0.0276036 0.999899 0.0192161 0.979363 0.0190572 0.999341 0.0197325 0.97423 0.0130288 0.999991 0.0122553 0.999992 0.0111709 0.630532 0.00445511 0.999999 0.00147393 0.999997 0.00126336 0.0140014 0.00368051 1 0.000256163 0.999991 0.000254385 0.00439878 0.00517403 0.999948 0.000336177 0.999292 0.000380108 0.961757 0.971974 0.568256 0.163031
72.7 1 0.0107762 0.154435 0.0641864 0.576944 0.0291332 0.999914 0.019288 0.970679 0.0193094 0.999143 0.019909 0.976054 0.01344 0.999989 0.0126903 0.999992 0.0116524 0.65168 0.00466363 0.999999 0.00165218 0.999997 0.00141255 0.0173457 0.00364845 1 0.000256748 0.999992 0.000252689 0.00396074 0.00495823 0.999962 0.000323178 0.999534 0.000359699 0.967035 0.969353 0.540514 0.169344
72.74 1 0.0103315 0.130648 0.0671468 0.524364 0.0309142 0.999926 0.0193202 0.958222 0.0196088 0.998875 0.020069 0.977685 0.0138389 0.999987 0.0131056 0.999991 0.0121218 0.671468 0.00488769 0.999999 0.00184572 0.999997 0.00157462 0.0214969 0.00362003 1 0.000257885 0.999992 0.000251611 0.00360599 0.00476595 0.999973 0.000311569 0.999693 0.000342206 0.971768 0.966331 0.51321 0.175551
72.78 1 0.00990222 0.109197 0.0699874 0.470969 0.0329596 0.999937 0.0193015 0.940491 0.0199795 0.998507 0.0202116 0.979152 0.0142248 0.999985 0.013501 0.99999 0.0125784 0.690015 0.00512599 0.999999 0.00205466 0.999996 0.00174974 0.0266068 0.00359482 1 0.000259637 0.999992 0.000251199 0.00332149 0.00459458 0.99998 0.000301191 0.999797 0.000327114 0.97597 0.962859 0.486481 0.181621
72.82 1 0.00949502 0.0901414 0.0726716 0.417909 0.035275 0.999946 0.019217 0.915613 0.0204553 0.998 0.0203354 0.98048 0.0145967 0.999982 0.0138768 0.999989 0.0130215 0.707413 0.00537731 0.999999 0.00227898 0.999996 0.00193798 0.0328375 0.00357246 1 0.000262085 0.999993 0.000251516 0.00309683 0.00444174 0.999985 0.000291909 0.999864 0.000314018 0.979664 0.95888 0.460444 0.187523
72.86 1 0.00911561 0.0734787 0.075168 0.366288 0.0378567 0.999954 0.0190485 0.881515 0.0210826 0.997293 0.0204378 0.981691 0.014954 0.999978 0.0142333 0.999988 0.0134505 0.723733 0.00564045 0.999999 0.00251848 0.999996 0.00213933 0.0403552 0.00355263 1 0.000265329 0.999993 0.000252645 0.00292387 0.00430529 0.999989 0.000283602 0.999909 0.000302596 0.982881 0.954336 0.43519 0.193238
72.9 1 0.00876843 0.0591398 0.077453 0.317092 0.0406909 0.99996 0.0187768 0.836351 0.0219217 0.996302 0.0205159 0.982805 0.0152959 0.999974 0.0145709 0.999987 0.013865 0.739026 0.00591427 0.999999 0.0027728 0.999996 0.00235362 0.0493196 0.0035351 1 0.000269492 0.999993 0.000254685 0.00279639 0.00418337 0.999991 0.000276169 0.999938 0.000292588 0.985659 0.94916 0.410793 0.198751
72.94 1 0.00845647 0.0469984 0.0795119 0.271137 0.0437528 0.999966 0.0183864 0.779192 0.0230471 0.994904 0.0205658 0.98384 0.0156216 0.999968 0.01489 0.999985 0.0142649 0.753325 0.00619771 0.999999 0.00304137 0.999995 0.00258055 0.0598715 0.00351973 1 0.000274721 0.999992 0.000257755 0.00270989 0.0040743 0.999993 0.00026952 0.999958 0.000283785 0.988037 0.943284 0.387307 0.204058
72.98 1 0.00818127 0.0368824 0.0813393 0.229038 0.0470077 0.99997 0.0178721 0.710784 0.0245421 0.992923 0.0205844 0.984811 0.0159305 0.999961 0.0151913 0.999984 0.0146498 0.766653 0.00648973 0.999998 0.00332336 0.999995 0.00281966 0.0721175 0.00350649 1 0.000281182 0.999992 0.000261992 0.00266137 0.00397664 0.999995 0.000263577 0.999971 0.000276016 0.990059 0.936632 0.36477 0.209162
73.02 1 0.00794305 0.0285878 0.0829389 0.191197 0.0504119 0.999974 0.0172453 0.633879 0.0264886 0.99011 0.02057 0.985734 0.016222 0.999951 0.0154752 0.999982 0.0150199 0.779027 0.00678937 0.999998 0.00361775 0.999995 0.00307029 0.0861146 0.00349551 1 0.000289064 0.999992 0.000267552 0.00264922 0.00388912 0.999996 0.000258273 0.99998 0.00026914 0.991766 0.929128 0.343208 0.214081
73.06 1 0.00774098 0.0218928 0.0843224 0.157799 0.0539147 0.999978 0.0165352 0.552761 0.0289535 0.986115 0.0205249 0.98662 0.0164957 0.999937 0.0157423 0.99998 0.015375 0.790465 0.00709568 0.999998 0.00392322 0.999994 0.00333161 0.101855 0.00348704 0.999999 0.000298575 0.999992 0.000274605 0.00267311 0.00381064 0.999997 0.00025355 0.999986 0.00026304 0.993198 0.920688 0.322634 0.21884
73.1 1 0.0075734 0.0165717 0.0855073 0.128835 0.0574612 0.999981 0.015783 0.472126 0.0319741 0.980452 0.0204568 0.987479 0.0167517 0.999919 0.0159934 0.999977 0.0157153 0.800996 0.00740772 0.999998 0.00423828 0.999994 0.00360265 0.11926 0.00348153 0.999999 0.00030994 0.999992 0.000283333 0.00273403 0.00374025 0.999997 0.000249356 0.99999 0.000257619 0.994393 0.91123 0.303051 0.223477
73.14 1 0.00743803 0.0124053 0.0865156 0.104125 0.0609954 0.999983 0.0150306 0.395929 0.0355483 0.972463 0.0203799 0.988319 0.0169904 0.999893 0.0162293 0.999973 0.0160409 0.810665 0.0077245 0.999998 0.00456126 0.999993 0.00388229 0.138174 0.00347957 0.999999 0.000323393 0.999991 0.000293927 0.00283424 0.0036771 0.999998 0.000245649 0.999993 0.000252796 0.995386 0.900667 0.284454 0.22804
73.18 1 0.00733214 0.00918922 0.0873717 0.083356 0.0644636 0.999985 0.0143118 0.326732 0.0396317 0.961275 0.0203153 0.989144 0.0172127 0.999856 0.016451 0.999969 0.016352 0.819529 0.00804498 0.999997 0.00489039 0.999993 0.00416935 0.158373 0.0034819 0.999999 0.000339173 0.999991 0.000306579 0.00297737 0.00362048 0.999998 0.000242388 0.999994 0.000248503 0.996208 0.88891 0.266824 0.232587
73.22 1 0.00725269 0.00674132 0.0881001 0.0661509 0.0678173 0.999987 0.013646 0.265777 0.0441409 0.945781 0.0202907 0.989953 0.0174196 0.999802 0.0166597 0.999963 0.0166491 0.827658 0.00836807 0.999997 0.00522392 0.999992 0.00446263 0.179581 0.00348934 0.999999 0.00035752 0.999991 0.000321483 0.00316849 0.00356976 0.999998 0.000239541 0.999996 0.000244683 0.996884 0.875871 0.250142 0.237189
73.26 1 0.0071965 0.00490287 0.0887244 0.0520922 0.0710155 0.999989 0.0130391 0.21339 0.0489608 0.924677 0.0203393 0.990745 0.0176124 0.999724 0.0168567 0.999956 0.0169325 0.83513 0.00869261 0.999997 0.00556016 0.999992 0.004761 0.201491 0.00350279 0.999999 0.000378667 0.99999 0.000338823 0.00341429 0.00352439 0.999999 0.000237078 0.999997 0.000241288 0.997441 0.861459 0.234387 0.241926
73.3 1 0.00716034 0.00353866 0.0892661 0.0407401 0.0740258 0.99999 0.0124866 0.169282 0.0539533 0.896589 0.0204998 0.991515 0.0177922 0.999608 0.0170438 0.999947 0.0172025 0.842023 0.00901744 0.999997 0.00589753 0.999991 0.00506337 0.223784 0.00352313 0.999999 0.000402834 0.99999 0.000358772 0.00372329 0.0034839 0.999999 0.000234974 0.999998 0.000238278 0.997897 0.845585 0.21954 0.246888
73.34 1 0.00714096 0.00253708 0.0897437 0.0316579 0.0768259 0.999991 0.0119772 0.132726 0.0589696 0.860264 0.0208158 0.992256 0.0179601 0.999436 0.0172228 0.999935 0.0174598 0.848407 0.00934142 0.999996 0.00623466 0.999991 0.00536877 0.24616 0.00355118 0.999999 0.000430223 0.99999 0.000381491 0.00410607 0.00344786 0.999999 0.000233206 0.999998 0.000235621 0.99827 0.828162 0.205568 0.252176
73.38 1 0.00713522 0.00180961 0.0901723 0.0244608 0.0794029 0.999992 0.0114968 0.10285 0.0638634 0.814889 0.0213351 0.992962 0.0181168 0.999178 0.0173958 0.999919 0.0177046 0.85434 0.00966348 0.999996 0.00657031 0.99999 0.00567634 0.268345 0.00358765 0.999999 0.000461015 0.999989 0.000407119 0.00457558 0.00341592 0.999999 0.000231755 0.999998 0.000233288 0.998575 0.809104 0.19244 0.257903
73.42 1 0.00714021 0.00128565 0.090564 0.0188066 0.0817516 0.999993 0.0110328 0.0787977 0.0685005 0.760532 0.0221082 0.993628 0.018263 0.99879 0.0175651 0.999898 0.0179374 0.859869 0.0099827 0.999995 0.0069034 0.999989 0.00598526 0.290109 0.00363311 0.999998 0.000495367 0.999989 0.000435778 0.00514746 0.00338773 0.999999 0.000230604 0.999999 0.000231259 0.998824 0.788329 0.180126 0.26419
73.46 1 0.00715325 0.000910743 0.0909276 0.0143981 0.0838737 0.999994 0.0105773 0.0597204 0.0727664 0.69838 0.0231838 0.99425 0.018399 0.998203 0.0177333 0.999871 0.0181585 0.865029 0.0102983 0.999995 0.00723297 0.999989 0.00629477 0.311262 0.00368796 0.999998 0.000533406 0.999988 0.000467565 0.00584033 0.00336301 0.999999 0.000229741 0.999999 0.000229515 0.999028 0.76576 0.168594 0.271174
73.5 1 0.00717201 0.000644112 0.0912692 0.0109877 0.0857757 0.999995 0.0101289 0.0447921 0.0765747 0.630595 0.0246047 0.994825 0.0185247 0.997312 0.0179033 0.999833 0.0183682 0.869843 0.0106095 0.999994 0.00755816 0.999988 0.00660413 0.331662 0.00375243 0.999998 0.000575227 0.999988 0.000502554 0.00667613 0.00334147 0.999999 0.000229154 0.999999 0.000228046 0.999194 0.741327 0.157809 0.279003
73.54 1 0.0071945 0.000455482 0.0915926 0.00836817 0.087468 0.999995 0.00969139 0.0332566 0.079872 0.559904 0.026403 0.995352 0.0186399 0.995961 0.0180781 0.999783 0.0185669 0.874331 0.010916 0.999994 0.00787818 0.999987 0.0069126 0.351206 0.00382661 0.999998 0.000620894 0.999988 0.00054079 0.00768042 0.00332286 0.999999 0.000228836 0.999999 0.000226842 0.99933 0.714973 0.147737 0.287836
73.58 1 0.00721912 0.000322667 0.0919002 0.00636904 0.0889634 0.999996 0.00927257 0.0244461 0.082639 0.489056 0.0285965 0.995832 0.0187436 0.993914 0.0182617 0.999714 0.0187547 0.878506 0.0112171 0.999993 0.00819226 0.999986 0.00721942 0.369828 0.0039104 0.999998 0.000670433 0.999987 0.000582294 0.0088826 0.00330696 0.999999 0.000228783 0.999999 0.0002259 0.999441 0.686656 0.138347 0.297848
73.62 1 0.00724464 0.000229503 0.0921929 0.00485203 0.0902766 0.999996 0.00888097 0.0177884 0.0848882 0.420491 0.0311863 0.996265 0.0188343 0.990824 0.0184585 0.99962 0.0189319 0.88239 0.0115127 0.999992 0.00849974 0.999986 0.00752385 0.387492 0.0040036 0.999997 0.000723834 0.999987 0.000627055 0.0103159 0.00329354 0.999999 0.000228994 0.999999 0.000225219 0.999532 0.656356 0.129613 0.309228
73.66 1 0.00727012 0.00016431 0.092471 0.00370633 0.0914231 0.999997 0.00852401 0.0128133 0.0866576 0.356001 0.0341547 0.996655 0.0189092 0.986189 0.0186751 0.999489 0.0190984 0.886004 0.0118024 0.99999 0.00880003 0.999985 0.00782519 0.404192 0.00410588 0.999997 0.000781051 0.999987 0.000675038 0.0120173 0.00328241 0.999999 0.000229472 1 0.000224804 0.999607 0.624086 0.121505 0.322176
73.7 1 0.00729493 0.000118735 0.0927343 0.00284436 0.0924189 0.999997 0.00820655 0.0091372 0.0880028 0.296701 0.0374675 0.997003 0.0189637 0.979289 0.0189205 0.999309 0.0192544 0.889366 0.0120857 0.999989 0.00909264 0.999984 0.00812279 0.419939 0.00421679 0.999997 0.000842001 0.999986 0.000726179 0.0140271 0.00327338 0.999999 0.000230226 1 0.000224662 0.999669 0.589902 0.113995 0.336899
73.74 1 0.00731865 8.68597e-05 0.0929828 0.00219767 0.0932798 0.999997 0.00793067 0.00645037 0.0889893 0.243216 0.0410749 0.997313 0.0189911 0.969131 0.0192078 0.999059 0.0193993 0.892498 0.0123624 0.999987 0.00937716 0.999983 0.00841604 0.434763 0.00433581 0.999997 0.000906571 0.999986 0.000780391 0.0163886 0.00326629 0.999999 0.000231265 1 0.000224806 0.999719 0.553915 0.107051 0.353608
73.78 1 0.00734105 6.45297e-05 0.0932162 0.00171338 0.0940213 0.999998 0.00769621 0.00450709 0.0896852 0.195836 0.0449137 0.997589 0.0189813 0.954404 0.0195563 0.998714 0.0195323 0.895421 0.0126321 0.999985 0.00965328 0.999982 0.0087044 0.448699 0.00446234 0.999997 0.000974616 0.999986 0.000837564 0.0191469 0.00326097 0.999999 0.000232606 1 0.000225251 0.999761 0.516306 0.100643 0.372502
73.82 1 0.00736202 4.88476e-05 0.0934344 0.00135104 0.094658 0.999998 0.00750154 0.00311601 0.090156 0.15463 0.0489103 0.997833 0.018921 0.933483 0.019993 0.998236 0.0196521 0.898154 0.0128944 0.999983 0.00992078 0.999981 0.0089874 0.461786 0.00459575 0.999996 0.00104596 0.999986 0.000897567 0.0223479 0.0032573 0.999999 0.000234269 1 0.000226018 0.999796 0.477339 0.0947399 0.393757
73.86 1 0.00738152 3.78059e-05 0.0936376 0.00108003 0.0952035 0.999998 0.0073441 0.00213043 0.0904608 0.1195 0.0529834 0.998048 0.0187938 0.904556 0.0205556 0.997578 0.0197566 0.900719 0.0131487 0.99998 0.0101795 0.99998 0.00926462 0.474061 0.00473537 0.999996 0.00112041 0.999985 0.000960247 0.0260367 0.00325518 0.999999 0.000236278 1 0.000227132 0.999825 0.437378 0.0893128 0.4175
73.9 1 0.00739961 3.0021e-05 0.0938262 0.000877396 0.0956704 0.999998 0.00722089 0.00143946 0.0906509 0.0902086 0.0570494 0.998239 0.0185817 0.865921 0.0212933 0.996677 0.0198429 0.903136 0.0133946 0.999976 0.0104294 0.999979 0.00953573 0.48555 0.00488052 0.999996 0.00119771 0.999985 0.00102543 0.030256 0.00325452 0.999999 0.000238664 1 0.000228621 0.999849 0.396888 0.0843318 0.443783
73.94 1 0.00741638 2.4545e-05 0.0940006 0.000726055 0.0960701 0.999999 0.00712864 0.000960354 0.0907686 0.0663833 0.0610273 0.998406 0.0182687 0.816464 0.0222672 0.995447 0.0199074 0.90543 0.0136314 0.999972 0.0106704 0.999978 0.00980044 0.496274 0.00503056 0.999996 0.0012776 0.999985 0.0010929 0.0350443 0.00325526 0.999999 0.000241459 1 0.000230516 0.999869 0.35643 0.0797676 0.472546
73.98 1 0.00743193 2.07335e-05 0.0941616 0.000613419 0.0964125 0.999999 0.00706394 0.000632008 0.0908479 0.0475215 0.0648447 0.998554 0.0178455 0.756234 0.0235475 0.99378 0.0199467 0.90763 0.0138585 0.999966 0.0109025 0.999976 0.0100586 0.506244 0.00518486 0.999996 0.00135977 0.999985 0.00116242 0.0404332 0.00325739 0.999999 0.0002447 1 0.000232854 0.999886 0.316645 0.0755896 0.503593
74.02 1 0.00744638 1.81547e-05 0.09431 0.000530278 0.0967066 0.999999 0.0070233 0.000409862 0.0909145 0.0330341 0.0684431 0.998685 0.0173152 0.686718 0.0252078 0.991532 0.0199577 0.909774 0.0140751 0.999959 0.0111261 0.999975 0.0103102 0.515469 0.00534281 0.999995 0.00144384 0.999985 0.00123372 0.0464467 0.00326092 0.999999 0.000248428 1 0.000235673 0.9999 0.278213 0.071769 0.536562
74.06 1 0.00745984 1.65291e-05 0.0944466 0.000469983 0.0969602 0.999999 0.00700321 0.000261703 0.090987 0.0222662 0.0717806 0.9988 0.0166945 0.610632 0.0273169 0.988516 0.0199399 0.911902 0.0142806 0.99995 0.0113415 0.999973 0.0105552 0.523963 0.00550383 0.999995 0.00152943 0.999985 0.00130649 0.0530986 0.00326589 0.999999 0.000252687 1 0.000239014 0.999912 0.241801 0.0682786 0.570926
74.1 1 0.00747243 1.56912e-05 0.0945723 0.000427839 0.09718 0.999999 0.00700021 0.000164433 0.0910777 0.0145364 0.0748333 0.998903 0.0160119 0.531317 0.0299309 0.984474 0.0198957 0.91406 0.0144746 0.999939 0.0115493 0.99997 0.0107942 0.531756 0.00566733 0.999995 0.00161609 0.999985 0.00138039 0.0603925 0.0032724 0.999999 0.000257523 1 0.000242921 0.999922 0.208002 0.0650924 0.606014
74.14 1 0.00748425 1.55681e-05 0.0946881 0.000400661 0.0973716 0.999999 0.00701095 0.000101652 0.0911937 0.00918494 0.0775943 0.998995 0.0153004 0.452064 0.0330863 0.97906 0.019832 0.916303 0.0146568 0.999924 0.0117503 0.999968 0.0110275 0.538909 0.00583265 0.999995 0.00170341 0.999985 0.00145509 0.068321 0.00328055 0.999999 0.000262983 1 0.00024744 0.999931 0.177275 0.0621865 0.641061
74.18 1 0.00749536 1.61732e-05 0.0947948 0.000386477 0.0975397 0.999999 0.0070323 6.18588e-05 0.091338 0.00561591 0.0800711 0.999078 0.0145915 0.375647 0.0367942 0.971794 0.0197603 0.918689 0.0148271 0.999904 0.0119457 0.999964 0.0112562 0.545516 0.00599908 0.999995 0.00179099 0.999985 0.0015303 0.0768662 0.00329048 0.999999 0.000269116 1 0.000252617 0.999938 0.149907 0.0595392 0.675284
74.22 1 0.00750585 1.76159e-05 0.0948933 0.000384337 0.0976884 0.999999 0.00706142 3.71017e-05 0.0915101 0.0033245 0.0822814 0.999155 0.0139097 0.304183 0.0410359 0.962001 0.0196966 0.921275 0.0149859 0.999877 0.0121372 0.99996 0.0114814 0.551709 0.00616579 0.999994 0.00187853 0.999985 0.00160579 0.086002 0.00330236 0.999999 0.000275973 1 0.0002585 0.999944 0.125999 0.0571323 0.707963
74.26 1 0.00751576 2.01298e-05 0.0949844 0.000394239 0.0978208 1 0.00709583 2.19808e-05 0.0917077 0.00190814 0.0842492 0.999226 0.0132707 0.239285 0.0457585 0.948732 0.0196621 0.924106 0.0151334 0.99984 0.0123268 0.999955 0.0117046 0.557653 0.00633185 0.999994 0.0019659 0.999985 0.00168147 0.0956958 0.00331637 0.999999 0.000283605 1 0.000265138 0.99995 0.105474 0.0549512 0.738512
74.3 1 0.00752515 2.41316e-05 0.0950688 0.000417147 0.0979393 1 0.00713347 1.29042e-05 0.0919268 0.00106442 0.086001 0.999294 0.0126817 0.182195 0.0508697 0.930678 0.0196836 0.92722 0.0152705 0.999788 0.0125165 0.999948 0.0119273 0.563538 0.00649623 0.999994 0.00205313 0.999984 0.0017574 0.105912 0.00333269 0.999999 0.000292065 1 0.000272581 0.999954 0.0881166 0.052985 0.766521
74.34 1 0.00753405 3.03264e-05 0.095147 0.000455122 0.0980462 1 0.00717266 7.53769e-06 0.0921625 0.000579074 0.0875627 0.999358 0.0121425 0.13379 0.0562356 0.906093 0.0197951 0.930638 0.0153979 0.999714 0.0127089 0.999939 0.0121515 0.569562 0.0066579 0.999994 0.00214048 0.999984 0.0018338 0.116613 0.00335153 0.999999 0.000301409 1 0.000280882 0.999958 0.0736167 0.0512264 0.79177
74.38 1 0.00754252 3.98957e-05 0.0952196 0.000511571 0.0981426 1 0.00721206 4.40263e-06 0.09241 0.00030861 0.0889578 0.999419 0.0116466 0.0944643 0.0616842 0.872794 0.0200402 0.93436 0.0155166 0.999607 0.0129067 0.999927 0.0123789 0.575919 0.00681588 0.999993 0.00222844 0.999984 0.00191112 0.127767 0.00337304 0.999999 0.000311693 1 0.000290097 0.999962 0.0616176 0.0496718 0.814206
74.42 1 0.00755059 5.48282e-05 0.0952871 0.000591659 0.0982298 1 0.00725067 2.58565e-06 0.0926642 0.000161984 0.0902059 0.999478 0.0111818 0.0640123 0.0670183 0.828352 0.0204754 0.938365 0.0156278 0.99945 0.0131124 0.999912 0.0126113 0.582785 0.00696932 0.999993 0.00231773 0.999984 0.00198999 0.139343 0.00339739 0.999999 0.000322982 1 0.000300283 0.999965 0.0517535 0.0483198 0.833916
74.46 1 0.00755831 7.85074e-05 0.0953497 0.000702939 0.0983082 1 0.00728766 1.53598e-06 0.0929206 8.42466e-05 0.0913231 0.999534 0.0107317 0.0416161 0.0720377 0.770629 0.0211724 0.942611 0.0157326 0.999215 0.0133287 0.999892 0.0128499 0.5903 0.00711762 0.999992 0.00240926 0.999983 0.0020712 0.151314 0.00342474 0.999999 0.000335344 1 0.000311506 0.999967 0.0436776 0.0471715 0.851077
74.5 1 0.00756577 0.000116762 0.0954076 0.000856265 0.098378 1 0.00732238 9.28444e-07 0.093175 4.36977e-05 0.0923218 0.999586 0.0102797 0.0259904 0.076564 0.698706 0.0222181 0.947036 0.0158321 0.998855 0.0135584 0.999865 0.013096 0.59856 0.0072605 0.999992 0.00250409 0.999983 0.00215566 0.163661 0.00345521 0.999999 0.000348855 1 0.000323836 0.999969 0.0370779 0.046229 0.865925
74.54 1 0.00757304 0.00017975 0.0954608 0.00106712 0.0984391 1 0.00735426 5.74366e-07 0.0934234 2.27541e-05 0.0932116 0.999636 0.00981401 0.0156338 0.0804625 0.61396 0.0237095 0.951564 0.0159273 0.998298 0.013804 0.999828 0.01335 0.607617 0.00739802 0.999991 0.00260336 0.999982 0.00224441 0.176365 0.00348892 0.999999 0.000363599 1 0.000337352 0.999971 0.0316842 0.0454954 0.878716
74.58 1 0.00758024 0.000285366 0.0955089 0.00135749 0.0984906 1 0.00738286 3.65584e-07 0.0936624 1.19715e-05 0.094 0.999681 0.00933373 0.00908992 0.083655 0.520666 0.0257406 0.956112 0.0160191 0.997419 0.0140679 0.999777 0.0136119 0.617487 0.00753065 0.99999 0.0027083 0.999981 0.00233849 0.189407 0.00352598 0.999999 0.000379671 1 0.000352138 0.999973 0.0272693 0.0449739 0.889707
74.62 1 0.00758758 0.000465395 0.0955511 0.00175857 0.0985311 1 0.00740788 2.40517e-07 0.0938889 6.40243e-06 0.0946934 0.999722 0.00885059 0.00513241 0.0861239 0.425171 0.028382 0.960591 0.0161079 0.996015 0.0143525 0.999704 0.0138814 0.628145 0.00765914 0.999989 0.00282011 0.999981 0.002439 0.202771 0.0035665 0.999999 0.000397173 1 0.000368292 0.999974 0.0236456 0.0446679 0.899141
74.66 1 0.00759532 0.000776645 0.0955853 0.00231452 0.0985586 1 0.00742925 1.64177e-07 0.0941005 3.49983e-06 0.0952975 0.999759 0.00838539 0.00282895 0.0879073 0.334183 0.0316602 0.964923 0.0161937 0.993738 0.0146604 0.999599 0.0141574 0.639535 0.00778456 0.999987 0.00293999 0.99998 0.00254701 0.216442 0.00361059 0.999999 0.000416219 1 0.000385917 0.999975 0.0206605 0.0445812 0.90724
74.7 1 0.00760392 0.00132099 0.095608 0.00308768 0.09857 1 0.00744715 1.16618e-07 0.0942951 1.96504e-06 0.0958183 0.999792 0.00796071 0.00153049 0.0890881 0.25309 0.0355404 0.96904 0.0162749 0.990006 0.0149952 0.999447 0.0144384 0.651588 0.00790818 0.999985 0.00306909 0.999978 0.00266359 0.230409 0.00365835 0.999999 0.000436935 1 0.000405131 0.999976 0.0181909 0.0447179 0.914198
74.74 1 0.00761411 0.00228112 0.0956122 0.00416575 0.0985609 1 0.00746198 8.63762e-08 0.0944717 1.1379e-06 0.0962624 0.99982 0.00759439 0.000817113 0.0897784 0.185048 0.0399213 0.972886 0.0163481 0.98383 0.015363 0.99922 0.0147225 0.664222 0.00803136 0.999983 0.00320851 0.999977 0.00278976 0.244669 0.0037099 0.999999 0.000459461 1 0.000426062 0.999976 0.0161383 0.0450826 0.920186
74.78 1 0.00762707 0.00398338 0.0955853 0.00567142 0.0985253 1 0.00747427 6.67906e-08 0.0946299 6.81851e-07 0.0966371 0.999845 0.00729628 0.000432749 0.0901022 0.130953 0.0446446 0.976423 0.0164056 0.973571 0.0157755 0.998879 0.0150075 0.677346 0.0081555 0.99998 0.00335928 0.999976 0.00292652 0.259223 0.00376534 0.999999 0.000483953 0.999999 0.000448858 0.999977 0.0144239 0.0456806 0.92535
74.82 1 0.00764477 0.00700541 0.0955045 0.00777523 0.098455 1 0.00748463 5.39389e-08 0.0947701 4.23836e-07 0.0969503 0.999866 0.00706821 0.000228459 0.0901794 0.0899681 0.0495183 0.979624 0.0164332 0.956596 0.0162543 0.998362 0.0152905 0.690856 0.00828191 0.999976 0.00352236 0.999974 0.00307483 0.274076 0.00382476 0.999998 0.000510588 0.999999 0.000473681 0.999977 0.0129848 0.0465174 0.929814
74.86 1 0.00767049 0.0123523 0.0953291 0.010712 0.0983396 1 0.00749367 4.54791e-08 0.0948933 2.73741e-07 0.0972105 0.999884 0.00690584 0.000120767 0.090115 0.0602174 0.0543491 0.982482 0.0164075 0.928937 0.0168386 0.997571 0.0155679 0.704639 0.00841183 0.99997 0.00369863 0.999972 0.00323556 0.289229 0.00388827 0.999998 0.000539563 0.999999 0.000500719 0.999977 0.011771 0.0475996 0.933682
74.9 1 0.00770968 0.0217222 0.0949882 0.0148016 0.0981655 1 0.00750193 3.99985e-08 0.0950008 1.83859e-07 0.097426 0.999899 0.00680097 6.41794e-05 0.0899921 0.0394151 0.0589709 0.984997 0.0162931 0.885359 0.017595 0.996353 0.0158347 0.718575 0.00854632 0.999964 0.00388879 0.999969 0.0034095 0.304669 0.00395598 0.999998 0.000571095 0.999999 0.000530176 0.999977 0.0107423 0.048934 0.937044
74.94 1 0.00777128 0.0378421 0.0943628 0.0204721 0.0979168 1 0.00750989 3.66436e-08 0.0950942 1.28429e-07 0.0976051 0.999912 0.00674352 3.44045e-05 0.0898708 0.0253265 0.0632658 0.987185 0.0160453 0.82061 0.0186272 0.994476 0.0160841 0.732562 0.00868613 0.999954 0.00409342 0.999967 0.00359733 0.320357 0.00402806 0.999998 0.000605418 0.999999 0.000562275 0.999977 0.00986646 0.0505284 0.939974
74.98 1 0.00786959 0.0647242 0.0932641 0.028287 0.0975749 1 0.00751796 3.49089e-08 0.0951752 9.32425e-08 0.0977555 0.999923 0.00672306 1.86597e-05 0.0897895 0.0160448 0.0671694 0.989064 0.0156228 0.732383 0.0200792 0.991584 0.0163083 0.746504 0.00883167 0.999942 0.00431291 0.999963 0.00379961 0.336215 0.00410473 0.999998 0.000642769 0.999999 0.000597244 0.999977 0.00911775 0.0523913 0.942535
75.02 1 0.00802617 0.107407 0.0914224 0.0389688 0.0971205 1 0.00752659 3.45188e-08 0.0952454 7.0276e-08 0.0978839 0.999932 0.00672983 1.02654e-05 0.0897685 0.0100659 0.0706659 0.990664 0.0150115 0.624801 0.0221201 0.98715 0.0164992 0.760324 0.00898302 0.999925 0.0045475 0.999959 0.00401678 0.352125 0.00418632 0.999998 0.000683373 0.999999 0.000635301 0.999977 0.00847523 0.0545323 0.94478
75.06 1 0.00827067 0.170455 0.0885151 0.0534076 0.0965333 1 0.00753626 3.53802e-08 0.0953066 5.49115e-08 0.0979966 0.99994 0.00675543 5.7388e-06 0.0898148 0.0062791 0.0737747 0.992013 0.0142459 0.508742 0.0249044 0.980408 0.0166536 0.773987 0.00914002 0.999902 0.00479729 0.999954 0.0042492 0.367936 0.00427324 0.999997 0.000727425 0.999999 0.000676638 0.999976 0.00792201 0.0569642 0.946755
75.1 1 0.00863773 0.25487 0.0842759 0.0725673 0.0957916 1 0.00754756 3.77493e-08 0.0953604 4.46013e-08 0.0980992 0.999946 0.00679315 3.25495e-06 0.0899259 0.0039036 0.0765349 0.993142 0.0134028 0.397051 0.0285224 0.970272 0.0167781 0.7875 0.0093025 0.99987 0.00506239 0.999947 0.00449721 0.383514 0.00436596 0.999997 0.000775075 0.999999 0.000721409 0.999976 0.00744436 0.0597205 0.948498
75.14 1 0.00915796 0.355371 0.0786737 0.0973906 0.0948672 1 0.00756108 4.23454e-08 0.0954085 3.78831e-08 0.0981966 0.999952 0.00683804 1.86262e-06 0.0900943 0.00241821 0.0789918 0.994084 0.0125671 0.299057 0.0329646 0.955263 0.0168936 0.800889 0.0094704 0.999823 0.00534308 0.999939 0.00476126 0.398786 0.0044649 0.999997 0.000826438 0.999999 0.000769733 0.999975 0.00703117 0.062861 0.95004
75.18 1 0.00984597 0.461416 0.0720327 0.128713 0.0937138 1 0.00757732 5.04053e-08 0.0954527 3.38188e-08 0.0982935 0.999957 0.00688669 1.06976e-06 0.0903099 0.00149129 0.0811875 0.994871 0.0117997 0.218764 0.0381151 0.933483 0.0170364 0.814172 0.00964392 0.999755 0.00563985 0.999928 0.00504193 0.413752 0.00457031 0.999997 0.000881623 0.999999 0.000821729 0.999974 0.00667348 0.0664567 0.951411
75.22 1 0.0106936 0.562039 0.0649483 0.167134 0.092257 1 0.00759648 6.40197e-08 0.0954939 3.18212e-08 0.0983938 0.999962 0.0069369 6.15094e-07 0.0905622 0.000914787 0.0831572 0.995531 0.0111257 0.156109 0.0437696 0.902712 0.0172565 0.827335 0.00982342 0.999653 0.00595347 0.999913 0.00533986 0.428475 0.00468225 0.999996 0.000940767 0.999999 0.000877537 0.999973 0.00636403 0.0705814 0.952634
75.26 0.999999 0.0116733 0.650119 0.0580437 0.212831 0.0903985 1 0.0076184 8.69175e-08 0.0955322 3.16415e-08 0.0985007 0.999966 0.00698722 3.54283e-07 0.0908414 0.000557309 0.0849284 0.996089 0.0105411 0.108941 0.0496697 0.860743 0.0176152 0.840325 0.0100094 0.9995 0.00628488 0.999895 0.00565567 0.443064 0.00480054 0.999996 0.00100406 0.999998 0.000937356 0.999972 0.00609698 0.0753227 0.953732
75.3 0.999999 0.0127482 0.723173 0.0517672 0.265361 0.0880414 1 0.00764256 1.25788e-07 0.0955658 3.34225e-08 0.098616 0.99997 0.0070366 2.05535e-07 0.0911388 0.000335905 0.0865226 0.996566 0.0100257 0.074417 0.0555421 0.806 0.0181829 0.853053 0.0102024 0.999267 0.0066351 0.99987 0.0059898 0.457649 0.00492484 0.999995 0.00107179 0.999998 0.00100146 0.999971 0.00586766 0.0808047 0.954722
75.34 0.999999 0.0138816 0.781851 0.0463367 0.323601 0.0851253 1 0.0076683 1.93286e-07 0.0955914 3.75883e-08 0.0987404 0.999973 0.00708426 1.20728e-07 0.0914468 0.000199957 0.0879563 0.996979 0.00955482 0.0497816 0.0611347 0.738359 0.0190354 0.86542 0.0104029 0.99891 0.00700513 0.999836 0.00634237 0.472347 0.00505471 0.999995 0.00114433 0.999998 0.00107023 0.999969 0.00567245 0.0871511 0.955621
75.38 0.999999 0.0150419 0.828204 0.0417897 0.385858 0.0816528 1 0.00769486 3.1371e-07 0.0956047 4.50042e-08 0.0988734 0.999976 0.0071295 7.21801e-08 0.0917588 0.000117574 0.0892428 0.997339 0.00910908 0.0326254 0.0662419 0.659743 0.0202491 0.877331 0.0106111 0.998357 0.00739592 0.999791 0.00671313 0.487253 0.00518972 0.999994 0.00122214 0.999998 0.00114412 0.999967 0.00550856 0.094485 0.956445
75.42 0.999998 0.0162028 0.864569 0.0380592 0.450108 0.0776977 0.999999 0.00772153 5.34498e-07 0.0956013 5.72588e-08 0.0990135 0.999979 0.00717178 4.41615e-08 0.0920692 6.83964e-05 0.0903932 0.997655 0.00867918 0.0209608 0.0707209 0.574038 0.0218929 0.888704 0.0108269 0.997495 0.00780837 0.999729 0.00710143 0.502429 0.00532954 0.999993 0.00130579 0.999998 0.00122368 0.999965 0.00537395 0.102929 0.957205
75.46 0.999998 0.0173418 0.893067 0.0350347 0.514297 0.0733909 0.999999 0.0077477 9.49666e-07 0.095577 7.71577e-08 0.0991589 0.999981 0.00721069 2.77908e-08 0.0923731 3.94771e-05 0.0914169 0.997935 0.00826654 0.013213 0.0744967 0.486257 0.0240186 0.899478 0.0110498 0.996143 0.00824345 0.999643 0.00750629 0.51791 0.00547394 0.999992 0.00139589 0.999997 0.00130954 0.999963 0.00526718 0.112601 0.957915
75.5 0.999997 0.0184387 0.915443 0.0325974 0.576596 0.0688946 0.999999 0.00777281 1.74776e-06 0.0955289 1.0962e-07 0.0993071 0.999984 0.00724604 1.80697e-08 0.0926665 2.26939e-05 0.092323 0.998182 0.00787989 0.00818101 0.0775593 0.401363 0.0266517 0.909607 0.0112789 0.994016 0.00870232 0.999523 0.00792637 0.533714 0.00562286 0.99999 0.00149314 0.999997 0.0014024 0.99996 0.00518741 0.123607 0.958583
75.54 0.999996 0.0194752 0.933074 0.0306379 0.635566 0.0643729 0.999999 0.00779644 3.3101e-06 0.0954557 1.63302e-07 0.0994555 0.999985 0.00727782 1.21848e-08 0.0929462 1.30527e-05 0.0931201 0.998402 0.00753024 0.00498405 0.0799528 0.323197 0.0297843 0.919056 0.0115124 0.990661 0.00918673 0.999353 0.00836 0.549836 0.00577635 0.999989 0.00159829 0.999997 0.00150301 0.999957 0.0051343 0.136037 0.95922
75.58 0.999994 0.0204349 0.94702 0.0290621 0.690193 0.0599691 0.999999 0.00781822 6.41163e-06 0.0953574 2.5352e-07 0.0996017 0.999987 0.00730623 8.54607e-09 0.09321 7.54861e-06 0.0938172 0.998595 0.00722661 0.00299407 0.081759 0.254167 0.0333723 0.927808 0.0117469 0.985361 0.00969979 0.99911 0.00880522 0.566253 0.0059346 0.999986 0.00171214 0.999996 0.00161221 0.999953 0.00510797 0.149954 0.959834
75.62 0.999993 0.0213044 0.958092 0.0277922 0.739849 0.0557938 0.999998 0.00783791 1.2629e-05 0.0952353 4.07505e-07 0.0997433 0.999988 0.00733157 6.24694e-09 0.0934563 4.41154e-06 0.0944233 0.998766 0.00697417 0.00177787 0.0830808 0.195383 0.0373371 0.935858 0.0119771 0.977011 0.0102473 0.998761 0.0092597 0.582925 0.00609792 0.999983 0.00183555 0.999996 0.00173087 0.999948 0.00510896 0.165389 0.960433
75.66 0.999991 0.0220738 0.96691 0.0267652 0.784226 0.0519218 0.999998 0.00785534 2.51624e-05 0.0950917 6.73729e-07 0.0998782 0.999989 0.00735424 4.76464e-09 0.0936847 2.61796e-06 0.094948 0.998916 0.00677411 0.00104625 0.0840267 0.146944 0.0415715 0.943208 0.0121945 0.963942 0.0108399 0.998256 0.00972076 0.599796 0.00626669 0.99998 0.00196937 0.999995 0.00185991 0.999943 0.00513822 0.182331 0.961023
75.7 0.999988 0.022737 0.973947 0.0259304 0.823258 0.0483953 0.999997 0.00787042 5.0472e-05 0.0949295 1.13833e-06 0.100005 0.99999 0.00737465 3.7933e-09 0.093895 1.58449e-06 0.0954008 0.999047 0.00662445 0.000611882 0.0846991 0.108239 0.0459503 0.94987 0.0123856 0.94377 0.0114962 0.997519 0.0101852 0.616798 0.00644131 0.999975 0.0021145 0.999994 0.00200028 0.999936 0.00519708 0.200725 0.96161
75.74 0.999984 0.023292 0.979569 0.0252477 0.85706 0.0452303 0.999997 0.00788315 0.000101488 0.0947519 1.95356e-06 0.100121 0.999991 0.00739318 3.15123e-09 0.094088 9.81804e-07 0.0957909 0.999161 0.00652098 0.000356629 0.0851869 0.0781994 0.0503443 0.955864 0.0125313 0.913368 0.0122475 0.996442 0.010649 0.633852 0.00662223 0.999968 0.00227178 0.999993 0.0021529 0.999928 0.00528721 0.220469 0.962199
75.78 0.99998 0.0237404 0.984058 0.0246852 0.885886 0.0424235 0.999996 0.00789364 0.000203801 0.0945616 3.38612e-06 0.100227 0.999991 0.00741018 2.72905e-09 0.0942647 6.24788e-07 0.0961274 0.99926 0.0064581 0.000207733 0.0855626 0.0555159 0.0546355 0.961218 0.0126066 0.869244 0.0131425 0.994863 0.0111076 0.650877 0.00680982 0.99996 0.00244206 0.999992 0.00231873 0.999918 0.0054106 0.241418 0.962795
75.82 0.999974 0.0240868 0.987637 0.0242176 0.910084 0.0399585 0.999995 0.00790208 0.00040737 0.0943605 5.89768e-06 0.100321 0.999992 0.00742593 2.46025e-09 0.0944262 4.0933e-07 0.0964185 0.999346 0.00642949 0.00012125 0.0858808 0.0388095 0.0587285 0.965966 0.0125833 0.808638 0.0142524 0.99255 0.0115553 0.667806 0.00700434 0.999949 0.00262608 0.999991 0.00249865 0.999906 0.00556956 0.263387 0.963402
75.86 0.999967 0.0243386 0.990481 0.023825 0.930075 0.0378111 0.999994 0.00790883 0.000808173 0.0941486 1.02758e-05 0.100403 0.999992 0.00744066 2.30454e-09 0.094574 2.76563e-07 0.0966717 0.99942 0.00642864 7.10953e-05 0.0861804 0.0267836 0.062558 0.970147 0.0124388 0.731226 0.0156699 0.989173 0.0119858 0.684592 0.00720583 0.999934 0.00282459 0.999989 0.00269354 0.999892 0.00576668 0.286162 0.964022
75.9 0.999958 0.0245051 0.992729 0.0234916 0.946328 0.0359526 0.999992 0.00791447 0.00158726 0.0939223 1.7842e-05 0.100474 0.999992 0.00745452 2.23817e-09 0.0947094 1.9291e-07 0.0968935 0.999484 0.00644928 4.19794e-05 0.086486 0.0183017 0.0660888 0.973803 0.0121665 0.640461 0.0175011 0.98427 0.0123939 0.7012 0.0074142 0.999913 0.00303826 0.999987 0.00290427 0.999874 0.00600483 0.309513 0.964658
75.94 0.999947 0.0245969 0.994495 0.0232051 0.959327 0.0343525 0.99999 0.00791999 0.00307898 0.0936718 3.0773e-05 0.100535 0.999992 0.00746764 2.2485e-09 0.0948337 1.38985e-07 0.0970897 0.999539 0.00648575 2.50185e-05 0.0868113 0.0124208 0.0693125 0.976981 0.0117842 0.543198 0.0198472 0.977211 0.0127774 0.717611 0.00762922 0.999884 0.00326774 0.999984 0.00313168 0.999853 0.00628715 0.333205 0.965311
75.98 0.999933 0.0246254 0.995872 0.0229558 0.969558 0.0329808 0.999988 0.00792705 0.00588533 0.0933763 5.25849e-05 0.100587 0.999993 0.00748011 2.33081e-09 0.094948 1.03421e-07 0.0972649 0.999586 0.00653321 1.50809e-05 0.0871618 0.00839752 0.0722393 0.97973 0.0113308 0.44741 0.0227809 0.967178 0.0131398 0.733834 0.00785068 0.999844 0.00351369 0.99998 0.00337665 0.999826 0.00661701 0.357008 0.965982
76.02 0.999914 0.024602 0.996936 0.0227362 0.977484 0.0318085 0.999986 0.0079385 0.0110558 0.0929959 8.88439e-05 0.100635 0.999993 0.00749199 2.48677e-09 0.0950537 7.94448e-08 0.0974229 0.999627 0.00658778 9.21212e-06 0.0875375 0.00567181 0.0748902 0.982099 0.0108522 0.359544 0.0263263 0.953156 0.0134931 0.749873 0.00807843 0.999788 0.00377684 0.999975 0.00364009 0.999794 0.00699804 0.380713 0.966671
76.06 0.999891 0.0245379 0.997749 0.0225406 0.98353 0.0308086 0.999983 0.00795913 0.0203414 0.09246 0.000148186 0.100684 0.999993 0.00750337 2.72384e-09 0.0951516 6.29438e-08 0.0975669 0.999662 0.00664648 5.71226e-06 0.087935 0.00383701 0.0772904 0.984137 0.0103869 0.283231 0.0304482 0.933967 0.0138581 0.765708 0.00831254 0.999708 0.00405801 0.999968 0.00392295 0.999754 0.00743407 0.404132 0.967378
76.1 0.999862 0.0244433 0.998364 0.0223644 0.988075 0.029956 0.99998 0.00799688 0.0364795 0.0916501 0.000243753 0.100745 0.999993 0.00751438 3.05554e-09 0.0952429 5.13744e-08 0.0976995 0.999692 0.00670715 3.60108e-06 0.088349 0.0026059 0.079465 0.985889 0.00995767 0.219567 0.0350538 0.908377 0.0142641 0.78129 0.00855327 0.999593 0.00435803 0.999959 0.00422615 0.999704 0.00792916 0.427108 0.968101
76.14 0.999824 0.0243278 0.998824 0.0222042 0.991445 0.0292283 0.999977 0.00806417 0.0633287 0.0903835 0.000395189 0.100836 0.999993 0.00752518 3.50238e-09 0.0953287 4.31319e-08 0.0978228 0.999718 0.00676818 2.31098e-06 0.0887739 0.00178012 0.0814366 0.987398 0.00957187 0.168001 0.0400035 0.875303 0.0147474 0.796544 0.00880108 0.999427 0.00467774 0.999948 0.00455046 0.999642 0.00848755 0.44952 0.968839
76.18 0.999775 0.0241995 0.999163 0.0220576 0.993912 0.0286047 0.999973 0.00817904 0.105436 0.0884088 0.000631418 0.100982 0.999993 0.00753607 4.09376e-09 0.0954103 3.71837e-08 0.0979387 0.999741 0.00682842 1.51125e-06 0.0892038 0.00122503 0.0832249 0.988702 0.00922606 0.127158 0.0451285 0.8341 0.0153488 0.811381 0.00905647 0.999185 0.00501792 0.999931 0.00489644 0.999566 0.00911368 0.47128 0.96959
76.22 0.999714 0.0240658 0.99941 0.0219226 0.995697 0.0280667 0.999968 0.00836449 0.166502 0.0854434 0.000994517 0.101223 0.999993 0.00754742 4.87142e-09 0.0954895 3.28534e-08 0.0980489 0.99976 0.00688698 1.00774e-06 0.0896334 0.00085031 0.0848465 0.989831 0.00891166 0.0953783 0.0502511 0.784859 0.0161115 0.825708 0.00931993 0.998833 0.00537921 0.999909 0.00526436 0.999472 0.00981218 0.492335 0.97035
76.26 0.999635 0.0239327 0.999589 0.0217977 0.996974 0.0275972 0.999963 0.00864415 0.246768 0.0812759 0.00154365 0.101605 0.999992 0.00755972 5.91474e-09 0.0955686 2.97766e-08 0.0981554 0.999777 0.0069432 6.84365e-07 0.090058 0.000595489 0.0863156 0.990813 0.00861972 0.070997 0.0552045 0.728529 0.0170781 0.839447 0.00959179 0.998316 0.00576217 0.999877 0.00565412 0.999354 0.0105879 0.512635 0.971118
76.3 0.999535 0.0238049 0.999716 0.0216818 0.997879 0.0271812 0.999958 0.00903354 0.341132 0.0759122 0.00236011 0.10218 0.999992 0.0075735 7.36304e-09 0.0956503 2.77615e-08 0.0982604 0.999792 0.00699657 4.72197e-07 0.0904734 0.000420546 0.0876441 0.991669 0.0083438 0.0525102 0.0598485 0.666869 0.018288 0.85255 0.00987207 0.997557 0.00616727 0.999833 0.0060653 0.999209 0.0114456 0.532143 0.97189
76.34 0.999408 0.0236856 0.999805 0.0215741 0.998517 0.0268057 0.999952 0.00953082 0.440513 0.0696531 0.00355667 0.102981 0.999992 0.00758913 9.43081e-09 0.095738 2.66569e-08 0.098366 0.999806 0.00704673 3.30386e-07 0.0908761 0.00029927 0.0888428 0.992421 0.00808134 0.0386352 0.0640799 0.602193 0.0197737 0.864981 0.0101604 0.99644 0.00659498 0.99977 0.00649714 0.99903 0.0123904 0.550862 0.972663
76.38 0.999245 0.0235762 0.999868 0.0214736 0.998963 0.0264607 0.999946 0.0101135 0.535713 0.0630088 0.00528695 0.10401 0.999992 0.00760676 1.25117e-08 0.0958346 2.64449e-08 0.0984744 0.999818 0.00709348 2.33366e-07 0.0912631 0.000214119 0.0899213 0.993083 0.00783327 0.0283068 0.067836 0.536918 0.0215582 0.876715 0.010456 0.994794 0.00704589 0.999679 0.0069486 0.998808 0.0134273 0.568807 0.973433
76.42 0.99904 0.0234767 0.999911 0.0213796 0.999274 0.026139 0.99994 0.0107444 0.620633 0.0565046 0.00776064 0.10523 0.999992 0.0076262 1.72667e-08 0.0959425 2.71548e-08 0.0985871 0.99983 0.00713672 1.65929e-07 0.0916324 0.000153724 0.0908885 0.993671 0.00760263 0.0206664 0.0710936 0.473222 0.0236527 0.887736 0.0107574 0.992374 0.0075208 0.999548 0.00741829 0.998534 0.0145615 0.586006 0.974199
76.46 0.99878 0.0233857 0.99994 0.021291 0.999491 0.0258361 0.999933 0.0113822 0.692888 0.0505239 0.0112636 0.106563 0.999991 0.00764701 2.48056e-08 0.0960624 2.88609e-08 0.0987052 0.999842 0.0071765 1.18678e-07 0.0919823 0.000110615 0.091753 0.994198 0.00739309 0.0150425 0.0738629 0.412784 0.0260553 0.898031 0.0110626 0.988821 0.00802106 0.999356 0.00790449 0.998198 0.0157982 0.602495 0.974956
76.5 0.998452 0.0233015 0.99996 0.0212069 0.999641 0.025549 0.999927 0.011992 0.752678 0.0452642 0.0161808 0.107906 0.999991 0.00766862 3.70351e-08 0.0961938 3.1713e-08 0.0988287 0.999854 0.00721296 8.54396e-08 0.0923118 7.97316e-05 0.0925233 0.994674 0.00720766 0.0109213 0.0761792 0.356691 0.0287511 0.907596 0.0113682 0.983632 0.00854896 0.999072 0.00840514 0.997784 0.0171428 0.618313 0.975702
76.54 0.99804 0.0232226 0.999973 0.021126 0.999747 0.025276 0.99992 0.0125508 0.801432 0.0407728 0.0230204 0.10914 0.99999 0.00769045 5.7267e-08 0.0963342 3.5958e-08 0.0989571 0.999865 0.00724629 6.20142e-08 0.0926204 5.75752e-05 0.0932077 0.995106 0.00704808 0.00791265 0.0780937 0.305532 0.0317129 0.916435 0.0116696 0.976104 0.00910844 0.998652 0.00891785 0.997277 0.0186006 0.633494 0.976433
76.58 0.997525 0.0231477 0.999982 0.021047 0.99982 0.0250159 0.999913 0.0130489 0.840919 0.037007 0.0324342 0.110142 0.999989 0.00771201 9.12913e-08 0.0964803 4.19688e-08 0.099089 0.999875 0.00727672 4.54778e-08 0.0929082 4.16765e-05 0.0938143 0.9955 0.00691475 0.00572333 0.079665 0.259539 0.0349036 0.924561 0.0119602 0.965289 0.00970615 0.998024 0.00943991 0.996655 0.020177 0.648071 0.977148
76.62 0.996883 0.0230759 0.999988 0.0209683 0.999872 0.0247674 0.999905 0.0134877 0.872813 0.0338829 0.0452232 0.110792 0.999989 0.00773291 1.49266e-07 0.0966276 5.02871e-08 0.0992229 0.999885 0.00730452 3.3775e-08 0.0931756 3.02711e-05 0.094351 0.995861 0.00680698 0.0041348 0.080953 0.2187 0.0382772 0.931996 0.0122307 0.949973 0.0103527 0.997084 0.00996837 0.995896 0.0218772 0.662073 0.977844
76.66 0.996087 0.0230069 0.999992 0.0208886 0.999909 0.0245293 0.999898 0.0138774 0.898543 0.0313065 0.0623146 0.110968 0.999988 0.00775292 2.49028e-07 0.0967713 6.1686e-08 0.0993573 0.999894 0.00732994 2.54586e-08 0.0934232 2.20887e-05 0.0948254 0.996192 0.00672331 0.00298505 0.082014 0.182848 0.0417824 0.938766 0.0124692 0.928699 0.0110645 0.995674 0.0105001 0.994969 0.0237066 0.675526 0.978518
76.7 0.995104 0.022941 0.999995 0.0208061 0.999934 0.0242999 0.999889 0.014234 0.919276 0.0291885 0.0846879 0.110557 0.999986 0.00777192 4.21885e-07 0.0969064 7.72629e-08 0.0994906 0.999902 0.00735323 1.95131e-08 0.093652 1.62134e-05 0.0952447 0.996496 0.0066618 0.00215464 0.0828983 0.151718 0.0453644 0.944903 0.0126607 0.899911 0.0118653 0.993554 0.0110319 0.993843 0.0256699 0.688457 0.979168
76.74 0.993896 0.0228784 0.999997 0.0207191 0.999953 0.0240773 0.99988 0.0145764 0.935952 0.0274516 0.113236 0.109454 0.999985 0.00778987 7.22676e-07 0.0970275 9.85747e-08 0.0996213 0.99991 0.00737461 1.52294e-08 0.0938629 1.1986e-05 0.0956156 0.996775 0.00662025 0.00155585 0.0836488 0.12498 0.0489689 0.950443 0.0127884 0.862244 0.0127877 0.990375 0.0115609 0.992476 0.0277721 0.700891 0.979792
76.78 0.992418 0.0228199 0.999998 0.0206258 0.999966 0.0238594 0.99987 0.0149242 0.949328 0.0260311 0.148564 0.107576 0.999983 0.00780682 1.24723e-06 0.0971297 1.27839e-07 0.0997485 0.999917 0.00739431 1.21141e-08 0.0940572 8.93391e-06 0.0959443 0.997031 0.00659635 0.00112457 0.0843008 0.10226 0.0525444 0.955425 0.0128356 0.81496 0.0138737 0.985627 0.0120852 0.990824 0.0300175 0.712854 0.980389
76.82 0.990619 0.0227662 0.999999 0.0205241 0.999975 0.0236438 0.99986 0.0152955 0.960021 0.0248742 0.190767 0.104877 0.999982 0.00782286 2.16253e-06 0.0972081 1.68231e-07 0.0998712 0.999923 0.0074125 9.82492e-09 0.0942361 6.7199e-06 0.0962363 0.997265 0.00658777 0.000814131 0.0848823 0.0831588 0.056045 0.959889 0.0127895 0.758409 0.0151728 0.978585 0.0126047 0.988834 0.0324105 0.724372 0.980955
76.86 0.98844 0.022718 0.999999 0.0204118 0.999982 0.0234275 0.999848 0.0157046 0.968533 0.0239381 0.239252 0.101367 0.99998 0.00783808 3.75627e-06 0.0972582 2.24814e-07 0.099989 0.999928 0.00742936 8.13585e-09 0.0944007 5.0965e-06 0.0964965 0.997478 0.00659222 0.00059052 0.0854148 0.0672558 0.0594326 0.963874 0.0126444 0.694267 0.0167383 0.968267 0.0131231 0.986447 0.0349549 0.735474 0.981491
76.9 0.985812 0.0226759 0.999999 0.0202864 0.999987 0.0232074 0.999835 0.0161598 0.975278 0.0231878 0.292708 0.0971223 0.999978 0.00785257 6.51806e-06 0.0972763 3.06032e-07 0.100101 0.999933 0.00744503 6.89643e-09 0.0945523 3.8882e-06 0.0967295 0.997674 0.00660749 0.000429142 0.0859142 0.0541368 0.0626773 0.96742 0.0124036 0.625325 0.01862 0.9534 0.0136495 0.983596 0.0376543 0.746187 0.981993
76.94 0.982661 0.0226405 1 0.020145 0.99999 0.02298 0.999821 0.0166624 0.980602 0.0225941 0.349327 0.0922856 0.999975 0.00786636 1.12825e-05 0.0972599 4.24811e-07 0.100208 0.999938 0.00745964 5.98925e-09 0.0946921 2.98143e-06 0.0969389 0.997852 0.00663154 0.000312456 0.0863917 0.0434063 0.0657579 0.970566 0.0120791 0.554885 0.0208564 0.932477 0.0142006 0.980208 0.040512 0.75654 0.982459
76.98 0.978902 0.0226119 1 0.0199846 0.999993 0.0227413 0.999806 0.0172064 0.984788 0.0221321 0.407127 0.0870475 0.999973 0.00787946 1.94665e-05 0.0972077 6.01423e-07 0.100309 0.999941 0.0074733 5.32967e-09 0.094821 2.29719e-06 0.0971283 0.998015 0.00666247 0.00022792 0.0868548 0.0346931 0.0686604 0.973352 0.0116874 0.486036 0.0234672 0.903929 0.0148028 0.976204 0.0435311 0.76657 0.982889
77.02 0.974442 0.0225899 1 0.0198017 0.999995 0.0224871 0.99979 0.0177801 0.988069 0.02178 0.464283 0.081617 0.99997 0.00789179 3.34646e-05 0.0971198 8.68009e-07 0.100404 0.999945 0.00748609 4.85838e-09 0.0949401 1.77884e-06 0.0973004 0.998164 0.00669859 0.000166558 0.087308 0.0276609 0.0713771 0.975815 0.0112459 0.421148 0.0264474 0.86648 0.0154924 0.971498 0.0467141 0.776311 0.98328
77.06 0.969182 0.0225742 1 0.0195927 0.999996 0.0222125 0.999771 0.0183683 0.990635 0.0215185 0.519349 0.0761913 0.999967 0.00790324 5.73046e-05 0.0969979 1.27579e-06 0.100493 0.999948 0.00749809 4.53448e-09 0.0950502 1.38505e-06 0.0974575 0.998301 0.00673838 0.00012194 0.0877536 0.022013 0.0739053 0.977993 0.0107707 0.36172 0.0297652 0.819631 0.0163138 0.966001 0.0500638 0.785802 0.98363
77.1 0.963016 0.022564 1 0.0193537 0.999997 0.0219127 0.999752 0.0189547 0.99264 0.0213302 0.571329 0.070933 0.999964 0.00791371 9.77237e-05 0.0968445 1.90665e-06 0.100576 0.999951 0.00750937 4.33031e-09 0.0951523 1.08526e-06 0.0976018 0.998425 0.00678049 8.9447e-05 0.0881922 0.0174937 0.076246 0.979919 0.0102763 0.308481 0.033363 0.764113 0.0173156 0.959619 0.0535826 0.795081 0.983937
77.14 0.955832 0.0225584 1 0.0190805 0.999998 0.0215824 0.99973 0.0195239 0.994206 0.0211999 0.619646 0.0659606 0.999961 0.00792308 0.000165913 0.096663 2.89146e-06 0.100652 0.999954 0.00751997 4.22794e-09 0.0952471 8.56609e-07 0.0977348 0.998539 0.00682376 6.57525e-05 0.0886232 0.0138889 0.0784028 0.981624 0.00977737 0.261565 0.0371619 0.701974 0.0185446 0.952259 0.0572727 0.804189 0.984197
77.18 0.947512 0.0225562 1 0.018769 0.999998 0.0212163 0.999706 0.0200634 0.995429 0.0211141 0.664049 0.0613483 0.999957 0.00793128 0.000280317 0.096457 4.43912e-06 0.100721 0.999956 0.00752994 4.21678e-09 0.0953351 6.81868e-07 0.097858 0.998644 0.00686721 4.84531e-05 0.0890454 0.0110206 0.0803812 0.983137 0.00928933 0.220727 0.0410705 0.636204 0.0200387 0.94383 0.0611366 0.813165 0.984409
77.22 0.937936 0.022556 1 0.0184152 0.999999 0.0208092 0.99968 0.0205634 0.996385 0.0210611 0.704515 0.0571325 0.999953 0.00793831 0.000471054 0.0962295 6.88176e-06 0.100782 0.999958 0.0075393 4.2921e-09 0.0954169 5.48013e-07 0.0979725 0.998739 0.00691011 3.58073e-05 0.0894572 0.00874282 0.0821885 0.984483 0.00882725 0.185512 0.0449945 0.570012 0.0218222 0.934246 0.0651766 0.822043 0.98457
77.26 0.92699 0.0225563 1 0.0180154 0.999999 0.0203561 0.999652 0.0210177 0.997134 0.0210312 0.741153 0.0533216 0.999949 0.00794427 0.000786791 0.0959827 1.07444e-05 0.100836 0.99996 0.00754809 4.45428e-09 0.0954931 4.45192e-07 0.0980792 0.998826 0.0069519 2.65508e-05 0.0898566 0.00693673 0.0838327 0.985683 0.00840402 0.155367 0.0488469 0.506134 0.0239023 0.923429 0.0693949 0.830856 0.984675
77.3 0.914563 0.0225552 1 0.0175664 0.999999 0.019853 0.99962 0.0214226 0.997723 0.0210161 0.774151 0.0499045 0.999944 0.00794938 0.00130523 0.0957172 1.68502e-05 0.100883 0.999962 0.00755635 4.7084e-09 0.0955641 3.65957e-07 0.0981789 0.998906 0.00699224 1.97645e-05 0.0902421 0.00550628 0.0853231 0.986757 0.00802862 0.129711 0.0525555 0.446453 0.0262701 0.911315 0.0737937 0.839628 0.98472
77.34 0.90053 0.0225508 1 0.0170659 0.999999 0.0192964 0.999584 0.021777 0.998186 0.0210093 0.803729 0.0468585 0.999939 0.00795401 0.00214865 0.0954309 2.64774e-05 0.100923 0.999963 0.00756409 5.06415e-09 0.0956302 3.04677e-07 0.0982721 0.998979 0.00703092 1.47801e-05 0.0906123 0.00437436 0.0866694 0.987723 0.0077054 0.107982 0.056067 0.391977 0.0289023 0.897851 0.0783747 0.84838 0.984702
77.38 0.884775 0.022541 1 0.0165124 1 0.0186839 0.999544 0.0220815 0.998551 0.0210053 0.83012 0.0441548 0.999934 0.00795879 0.00350646 0.0951182 4.15882e-05 0.100956 0.999964 0.00757136 5.53631e-09 0.0956918 2.57104e-07 0.0983594 0.999045 0.00706785 1.11106e-05 0.0909661 0.00347914 0.0878821 0.988593 0.00743465 0.0896543 0.0593477 0.343016 0.0317654 0.883007 0.0831394 0.857123 0.984615
77.42 0.867194 0.0225234 1 0.0159055 1 0.0180142 0.999499 0.0223378 0.99884 0.0210002 0.853559 0.041762 0.999927 0.00796464 0.00566647 0.0947677 6.51574e-05 0.100985 0.999966 0.00757819 6.1456e-09 0.0957492 2.20038e-07 0.0984412 0.999106 0.00710302 8.4014e-06 0.091303 0.00277125 0.0889719 0.989381 0.00721358 0.0742489 0.0623811 0.29943 0.034819 0.866773 0.0880882 0.865857 0.984452
77.46 0.847699 0.0224956 1 0.0152463 1 0.0172877 0.999447 0.0225485 0.99907 0.0209906 0.874275 0.0396487 0.999921 0.00797297 0.00905594 0.0943607 0.000101634 0.10101 0.999967 0.00758462 6.91979e-09 0.0958028 1.91071e-07 0.098518 0.999161 0.00713644 6.39438e-06 0.0916226 0.00221138 0.0899495 0.990097 0.0070376 0.0613414 0.065165 0.260839 0.0380194 0.849164 0.0932207 0.874572 0.984208
77.5 0.826218 0.0224545 1 0.0145373 1 0.0165067 0.999388 0.022717 0.999252 0.0209741 0.892493 0.0377849 0.999914 0.00798581 0.0142908 0.0938676 0.000157577 0.101036 0.999968 0.00759071 7.89551e-09 0.0958528 1.68391e-07 0.09859 0.999211 0.00716818 4.90167e-06 0.091925 0.00176837 0.0908255 0.990749 0.00690128 0.0505586 0.0677066 0.226762 0.0413226 0.830222 0.0985345 0.883247 0.983874
77.54 0.802691 0.0223972 1 0.013783 1 0.0156753 0.999319 0.0228466 0.999398 0.020949 0.908432 0.0361424 0.999906 0.00800609 0.0222251 0.0932442 0.000242508 0.101066 0.999968 0.00759652 9.12025e-09 0.0958997 1.50631e-07 0.0986578 0.999257 0.00719826 3.7866e-06 0.0922104 0.00141758 0.0916101 0.991346 0.00679904 0.0415761 0.0700198 0.196713 0.0446858 0.810014 0.104025 0.891849 0.98344
77.58 0.777083 0.0223203 1 0.0129891 1 0.0147991 0.999238 0.022941 0.999515 0.020914 0.922305 0.0346955 0.999898 0.00803786 0.033982 0.092429 0.000370033 0.101107 0.999969 0.00760214 1.06554e-08 0.0959438 1.36758e-07 0.0987216 0.999299 0.00722676 2.94955e-06 0.0924792 0.00113953 0.0923128 0.991894 0.00672562 0.0341121 0.0721217 0.170245 0.0480691 0.788631 0.109686 0.900334 0.982897
77.62 0.749408 0.0222201 1 0.0121632 1 0.0138861 0.999142 0.0230041 0.999608 0.0208683 0.934317 0.0334205 0.999889 0.00808654 0.050931 0.0913402 0.000559312 0.101168 0.99997 0.00760769 1.25804e-08 0.0959857 1.25991e-07 0.0987818 0.999337 0.00725373 2.31775e-06 0.0927321 0.000918811 0.0929425 0.992399 0.00667627 0.0279261 0.0740311 0.146953 0.0514357 0.766188 0.115507 0.908655 0.982233
77.66 0.719722 0.0220928 1 0.0113145 1 0.0129457 0.999029 0.0230395 0.999684 0.0208112 0.94466 0.032296 0.999879 0.00815901 0.0745631 0.0898785 0.000836942 0.10126 0.99997 0.00761329 1.4999e-08 0.0960261 1.17736e-07 0.0988392 0.999372 0.00727922 1.838e-06 0.0929695 0.000743304 0.0935073 0.992866 0.00664682 0.0228134 0.0757666 0.126473 0.0547532 0.742823 0.121474 0.916759 0.981433
77.7 0.688121 0.0219343 1 0.0104534 1 0.0119891 0.998893 0.0230509 0.999744 0.0207426 0.95352 0.0313026 0.999868 0.00826331 0.106217 0.0879363 0.00123936 0.1014 0.999971 0.00761915 1.80467e-08 0.0960657 1.11546e-07 0.0988941 0.999403 0.00730328 1.47139e-06 0.0931923 0.000603459 0.0940145 0.993298 0.0066337 0.0185993 0.0773461 0.10849 0.0579933 0.718688 0.127569 0.924595 0.980481
77.74 0.654738 0.0217405 1 0.00959087 1 0.0110284 0.998728 0.0230417 0.999793 0.0206622 0.96107 0.0304226 0.999856 0.00840788 0.146665 0.0854179 0.00181576 0.101605 0.999971 0.00762546 2.1906e-08 0.0961055 1.07096e-07 0.0989474 0.999432 0.00732599 1.18925e-06 0.0934011 0.000491766 0.0944709 0.993699 0.00663385 0.0151354 0.0787858 0.0927319 0.061132 0.693945 0.133772 0.932109 0.97936
77.78 0.619725 0.0215074 1 0.0087384 1 0.0100758 0.998528 0.023015 0.999833 0.0205701 0.967471 0.02964 0.999844 0.00860001 0.195624 0.0822687 0.00262966 0.101892 0.999971 0.00763246 2.68889e-08 0.0961469 1.04384e-07 0.0989999 0.999458 0.0073474 9.69532e-07 0.0935967 0.000402201 0.0948823 0.994071 0.00664471 0.0122956 0.0801008 0.0789574 0.0641497 0.66876 0.140057 0.939253 0.978049
77.82 0.583257 0.0212318 1 0.00790683 1 0.00914347 0.998281 0.0229738 0.999865 0.0204663 0.972873 0.0289404 0.99983 0.0088439 0.251537 0.0785056 0.00376194 0.102276 0.999971 0.00764036 3.34643e-08 0.0961911 1.03478e-07 0.0990526 0.999483 0.00736758 7.96424e-07 0.0937798 0.000330056 0.0952538 0.994416 0.00666412 0.00997405 0.0813043 0.0669607 0.0670304 0.643297 0.146397 0.945982 0.976525
77.86 0.545572 0.020911 1 0.00710617 1 0.00824263 0.997977 0.0229205 0.999891 0.020351 0.977414 0.0283111 0.999816 0.0091389 0.311837 0.07423 0.00531586 0.102765 0.999971 0.00764932 4.2291e-08 0.0962397 1.04404e-07 0.0991065 0.999506 0.00738658 6.58797e-07 0.0939513 0.000271689 0.0955902 0.994737 0.00669031 0.00808055 0.0824082 0.0565546 0.0697622 0.617715 0.152761 0.952261 0.974762
77.9 0.506965 0.0205427 1 0.00634526 1 0.00738335 0.997597 0.0228568 0.999912 0.0202242 0.981218 0.0277407 0.999801 0.00947901 0.373544 0.0696137 0.00742104 0.103354 0.999971 0.00765943 5.43631e-08 0.0962938 1.07282e-07 0.0991627 0.999529 0.00740448 5.48257e-07 0.094112 0.000224222 0.0958955 0.995035 0.00672178 0.006539 0.0834229 0.0475668 0.0723365 0.592165 0.159116 0.958068 0.97273
77.94 0.467768 0.0201254 1 0.00563142 1 0.00657415 0.99712 0.0227842 0.999929 0.020086 0.984395 0.0272195 0.999785 0.00985365 0.433927 0.0648625 0.0102359 0.104024 0.999971 0.00767066 7.1318e-08 0.0963544 1.12474e-07 0.0992218 0.999551 0.00742133 4.58044e-07 0.0942625 0.000185315 0.0961734 0.995314 0.00675725 0.00528591 0.0843577 0.0398427 0.074748 0.566786 0.165428 0.963386 0.970397
77.98 0.42835 0.0196587 1 0.00497017 1 0.00582162 0.996516 0.0227037 0.999943 0.0199362 0.987044 0.0267391 0.999768 0.0102497 0.490987 0.0601737 0.0139542 0.104741 0.99997 0.0076829 9.56347e-08 0.0964221 1.20401e-07 0.0992847 0.999573 0.00743721 3.83788e-07 0.0944036 0.000153255 0.0964269 0.995575 0.00679567 0.00426838 0.0852208 0.0332383 0.0769946 0.541704 0.171664 0.968214 0.967726
78.02 0.389106 0.0191431 1 0.00436513 1 0.00513031 0.995748 0.0226159 0.999954 0.0197744 0.98925 0.0262922 0.99975 0.0106541 0.543582 0.0557044 0.01881 0.105455 0.999969 0.00769595 1.31109e-07 0.0964964 1.316e-07 0.0993515 0.999595 0.00745216 3.22456e-07 0.094536 0.000126758 0.0966588 0.995819 0.00683613 0.00344279 0.0860194 0.027619 0.0790767 0.517026 0.177795 0.972557 0.964676
78.06 0.350449 0.0185804 1 0.00381801 1 0.00450265 0.994765 0.0225214 0.999963 0.0196001 0.991084 0.0258722 0.99973 0.0110557 0.591297 0.0515586 0.0250806 0.106109 0.999968 0.00770958 1.83628e-07 0.0965766 1.46801e-07 0.0994222 0.999617 0.00746624 2.7177e-07 0.0946605 0.000104829 0.0968716 0.996049 0.00687786 0.0027734 0.0867596 0.0228601 0.0809972 0.492848 0.183792 0.97643 0.961204
78.1 0.312796 0.0179739 1 0.00332874 1 0.00393909 0.993499 0.0224207 0.999971 0.0194125 0.99261 0.0254731 0.999709 0.0114471 0.634211 0.0477901 0.0330869 0.10664 0.999967 0.00772355 2.62372e-07 0.0966611 1.66994e-07 0.0994966 0.999638 0.00747951 2.29935e-07 0.0947775 8.66855e-05 0.0970673 0.996267 0.00692021 0.0022311 0.0874469 0.0188484 0.082761 0.469247 0.189632 0.979856 0.957262
78.14 0.276552 0.017328 1 0.00289574 1 0.00343831 0.991864 0.0223147 0.999977 0.0192103 0.993878 0.0250887 0.999685 0.0118246 0.672678 0.0444134 0.0431883 0.106981 0.999966 0.00773763 3.81729e-07 0.0967478 1.93524e-07 0.099574 0.999659 0.00749202 1.95477e-07 0.0948877 7.16902e-05 0.0972477 0.996473 0.00696262 0.00179221 0.0880861 0.0154818 0.0843748 0.446289 0.195298 0.982862 0.952796
78.18 0.242095 0.0166487 1 0.00251614 1 0.00299755 0.989742 0.0222042 0.999981 0.0189915 0.994932 0.0247128 0.999659 0.012188 0.707166 0.0414168 0.0557702 0.107067 0.999964 0.00775166 5.64312e-07 0.0968341 2.28206e-07 0.0996537 0.99968 0.0075038 1.67164e-07 0.0949915 5.93195e-05 0.0974144 0.996669 0.00700462 0.00143749 0.0886814 0.0126694 0.0858461 0.424025 0.20078 0.98548 0.94775
78.22 0.209757 0.015943 1 0.0021862 1 0.00261293 0.986983 0.0220906 0.999985 0.0187538 0.995808 0.0243386 0.99963 0.0125404 0.738155 0.0387738 0.0712215 0.106835 0.999962 0.0077655 8.45739e-07 0.0969174 2.73489e-07 0.0997351 0.999699 0.00751491 1.43946e-07 0.0950892 4.91343e-05 0.0975687 0.996856 0.00704585 0.00115129 0.0892361 0.0103304 0.0871835 0.402498 0.206074 0.987744 0.942064
78.26 0.179812 0.0152189 1 0.00190154 1 0.00227982 0.983389 0.0219754 0.999988 0.0184936 0.996536 0.0239581 0.999596 0.0128864 0.766086 0.0364511 0.0899019 0.106231 0.999959 0.00777905 1.28218e-06 0.0969947 3.32687e-07 0.0998173 0.999718 0.00752538 1.24937e-07 0.0951814 4.07646e-05 0.0977118 0.997033 0.00708598 0.000920797 0.0897534 0.00839392 0.0883961 0.381736 0.211188 0.98969 0.935675
78.3 0.152467 0.014485 1 0.0016575 1 0.00199318 0.97871 0.0218605 0.999991 0.0182065 0.99714 0.0235625 0.999558 0.0132324 0.791334 0.0344138 0.112099 0.105208 0.999956 0.00779225 1.96227e-06 0.0970632 4.10289e-07 0.0998996 0.999735 0.00753524 1.09389e-07 0.0952683 3.38973e-05 0.0978446 0.997201 0.00712477 0.000735568 0.0902361 0.00679784 0.089493 0.361764 0.216134 0.991352 0.928515
78.34 0.127849 0.01375 1 0.00144937 1 0.00174782 0.97263 0.0217482 0.999993 0.0178866 0.997641 0.0231412 0.999514 0.0135847 0.814209 0.0326284 0.137983 0.103731 0.999953 0.00780508 3.02586e-06 0.0971201 5.12388e-07 0.0999813 0.999751 0.00754454 9.66766e-08 0.0953503 2.82682e-05 0.0979681 0.997361 0.00716206 0.000587038 0.0906864 0.00548817 0.0904834 0.342595 0.220939 0.992765 0.920513
78.38 0.106012 0.0130227 1 0.00127259 1 0.00153867 0.964757 0.0216409 0.999994 0.0175266 0.998056 0.0226818 0.999463 0.0139493 0.83496 0.0310644 0.167561 0.101784 0.999949 0.00781753 4.69352e-06 0.0971627 6.47276e-07 0.100062 0.999766 0.0075533 8.6284e-08 0.0954275 2.36557e-05 0.0980831 0.997512 0.00719769 0.000468193 0.0911065 0.00441816 0.0913763 0.324238 0.225634 0.993958 0.911596
78.42 0.0869242 0.0123111 1 0.00112288 1 0.00136093 0.954625 0.0215413 0.999995 0.0171175 0.998399 0.0221702 0.999404 0.0143312 0.853784 0.0296949 0.200644 0.0993707 0.999945 0.00782958 7.30987e-06 0.0971885 8.27062e-07 0.100141 0.99978 0.00756154 7.78432e-08 0.0955003 1.98616e-05 0.0981902 0.997655 0.00723158 0.000373275 0.0914983 0.00354772 0.0921803 0.306693 0.230264 0.994963 0.901689
78.46 0.0704841 0.0116226 1 0.000996337 1 0.00121016 0.941678 0.0214524 0.999996 0.0166492 0.998683 0.0215906 0.999335 0.0147336 0.870834 0.0284958 0.236822 0.0965171 0.99994 0.00784124 1.14065e-05 0.0971955 1.07029e-06 0.100218 0.999793 0.00756931 7.11172e-08 0.0955689 1.67143e-05 0.0982901 0.99779 0.00726367 0.000297562 0.0918635 0.00284261 0.0929035 0.289949 0.234879 0.995806 0.890714
78.5 0.0565391 0.0109631 1 0.000889462 1 0.00108239 0.925301 0.021377 0.999997 0.0161102 0.998918 0.0209258 0.999255 0.0151575 0.886242 0.0274463 0.275517 0.0932733 0.999935 0.00785249 1.78072e-05 0.0971822 1.40288e-06 0.100293 0.999805 0.00757661 6.58448e-08 0.0956336 1.40943e-05 0.0983832 0.997916 0.00729394 0.000237224 0.0922036 0.00227356 0.0935536 0.273993 0.239543 0.99651 0.878591
78.54 0.0448912 0.0103375 1 0.0007992 1 0.000974074 0.904861 0.0213172 0.999998 0.0154894 0.999111 0.0201588 0.999161 0.0156017 0.900127 0.0265277 0.316044 0.0897087 0.999929 0.0078633 2.77815e-05 0.0971473 1.86175e-06 0.100365 0.999815 0.00758349 6.17967e-08 0.0956945 1.1909e-05 0.0984701 0.998035 0.00732238 0.000189173 0.0925201 0.0018158 0.0941379 0.258812 0.244325 0.997097 0.865239
78.58 0.0353058 0.00974936 1 0.000722905 1 0.00088216 0.879776 0.0212744 0.999998 0.0147772 0.99927 0.019275 0.999049 0.0160631 0.912598 0.0257232 0.357689 0.0859057 0.999923 0.00787362 4.32757e-05 0.0970903 2.49977e-06 0.100434 0.999825 0.00758995 5.87874e-08 0.0957518 1.00842e-05 0.0985513 0.998146 0.00734903 0.000150925 0.0928145 0.00144858 0.0946628 0.244394 0.249306 0.997584 0.850574
78.62 0.0275236 0.00920074 1 0.000658313 1 0.000804002 0.849604 0.0212477 0.999999 0.0139683 0.999401 0.0182649 0.998917 0.0165368 0.923761 0.0250175 0.399764 0.0819517 0.999916 0.0078834 6.72521e-05 0.0970112 3.39257e-06 0.100499 0.999834 0.00759602 5.66713e-08 0.0958057 8.55969e-06 0.0986271 0.998251 0.00737391 0.000120494 0.093088 0.00115472 0.0951345 0.230717 0.254577 0.997989 0.834515
78.66 0.0212935 0.00869263 1 0.000603504 1 0.000737345 0.814143 0.0212332 0.999999 0.0130638 0.999508 0.0171276 0.998758 0.0170171 0.933717 0.0243966 0.441671 0.0779321 0.999908 0.00789259 0.000104185 0.0969104 4.64812e-06 0.100562 0.999843 0.00760172 5.53344e-08 0.0958565 7.28521e-06 0.0986978 0.998348 0.00739709 9.62905e-05 0.0933419 0.000920057 0.0955585 0.217763 0.260236 0.998324 0.816978
78.7 0.0163696 0.00822489 1 0.000556866 1 0.00068029 0.773542 0.0212232 0.999999 0.0120734 0.999597 0.0158736 0.998567 0.0174973 0.942567 0.0238476 0.482926 0.0739237 0.9999 0.00790111 0.000160775 0.0967887 6.41988e-06 0.10062 0.999851 0.00760707 5.46909e-08 0.0959041 6.2192e-06 0.0987639 0.998438 0.00741863 7.7041e-05 0.0935772 0.000732989 0.0959398 0.205515 0.266395 0.998601 0.79788
78.74 0.0125166 0.0077965 1 0.000517049 1 0.000631236 0.728337 0.0212051 0.999999 0.0110167 0.999669 0.0145263 0.998335 0.0179712 0.95041 0.0233587 0.523167 0.0699903 0.99989 0.00790894 0.000246962 0.0966469 8.92488e-06 0.100674 0.999858 0.00761208 5.46721e-08 0.0959489 5.3265e-06 0.0988257 0.998523 0.0074386 6.17322e-05 0.0937953 0.000584073 0.0962828 0.193947 0.273174 0.99883 0.777138
78.78 0.00953131 0.00740576 1 0.000482928 1 0.00058885 0.679417 0.0211621 0.999999 0.00992162 0.999728 0.0131207 0.99805 0.0184328 0.957341 0.0229192 0.562142 0.0661816 0.99988 0.00791604 0.00037734 0.0964862 1.24676e-05 0.100724 0.999865 0.00761677 5.52298e-08 0.095991 4.57807e-06 0.0988833 0.998601 0.00745707 4.95535e-05 0.0939971 0.000465655 0.0965916 0.183035 0.280707 0.99902 0.754676
78.82 0.00723839 0.00705043 1 0.00045357 1 0.000552025 0.627928 0.0210739 1 0.00882155 0.999777 0.0116996 0.997696 0.018877 0.963448 0.0225195 0.599686 0.0625329 0.999869 0.00792244 0.000573115 0.0963072 1.74722e-05 0.100769 0.999871 0.00762115 5.63279e-08 0.0960304 3.94955e-06 0.0989371 0.998674 0.00747414 3.98597e-05 0.0941836 0.000371557 0.0968698 0.172758 0.289139 0.999177 0.73042
78.86 0.00549179 0.00672792 1 0.000428203 1 0.000519849 0.575064 0.0209197 1 0.00775028 0.999816 0.0103071 0.997255 0.0192992 0.968815 0.0221512 0.635694 0.059067 0.999857 0.00792819 0.000864773 0.0961101 2.45241e-05 0.100809 0.999877 0.00762525 5.79407e-08 0.0960674 3.42057e-06 0.0989873 0.998742 0.00748987 3.21369e-05 0.0943559 0.000296812 0.0971206 0.163093 0.29863 0.999307 0.704308
78.9 0.00417121 0.00643549 1 0.000406187 1 0.000491571 0.521949 0.020681 1 0.00673741 0.999849 0.0089826 0.9967 0.0196959 0.973516 0.0218069 0.670095 0.0557962 0.999844 0.00793341 0.00129569 0.0958944 3.44247e-05 0.100845 0.999883 0.00762907 6.00502e-08 0.0961019 2.97419e-06 0.0990341 0.998804 0.00750437 2.59771e-05 0.0945149 0.000237441 0.0973469 0.154021 0.309353 0.999414 0.676289
78.94 0.00317892 0.00617036 1 0.000386993 1 0.000466577 0.469552 0.0203448 1 0.00580513 0.999875 0.00775661 0.995996 0.0200642 0.977622 0.0214803 0.702836 0.0527247 0.999829 0.00793829 0.00192692 0.0956584 4.82615e-05 0.100875 0.999888 0.00763263 6.2645e-08 0.0961342 2.59636e-06 0.0990777 0.998862 0.0075177 2.10562e-05 0.0946615 0.000190266 0.0975513 0.145522 0.321493 0.999504 0.646336
78.98 0.00243691 0.00592982 1 0.000370182 1 0.000444361 0.418649 0.0199048 1 0.00496704 0.999897 0.00664857 0.995101 0.0204018 0.981192 0.0211658 0.733856 0.0498512 0.999813 0.00794311 0.00284357 0.095399 6.74968e-05 0.100901 0.999893 0.00763595 6.57189e-08 0.0961644 2.27547e-06 0.0991184 0.998916 0.00752995 1.71177e-05 0.0947966 0.000152757 0.0977361 0.137577 0.335247 0.999578 0.614452
79.02 0.00188398 0.00571132 1 0.000355392 1 0.000424509 0.369831 0.0193624 1 0.00422856 0.999916 0.0056674 0.993957 0.0207067 0.984282 0.0208584 0.763091 0.0471699 0.999796 0.00794828 0.0041629 0.0951108 9.40805e-05 0.100923 0.999898 0.00763904 6.927e-08 0.0961925 2.00194e-06 0.0991563 0.998967 0.00754119 1.39584e-05 0.0949209 0.000122903 0.0979032 0.130165 0.350818 0.99964 0.580682
79.06 0.0014729 0.00551248 1 0.000342318 1 0.000406682 0.323535 0.0187257 1 0.00358853 0.999931 0.00481323 0.992491 0.0209777 0.986942 0.0205537 0.790465 0.0446728 0.999776 0.00795437 0.00604461 0.094786 0.00013059 0.100941 0.999902 0.00764194 7.33015e-08 0.0962187 1.76793e-06 0.0991915 0.999013 0.0075515 1.14177e-05 0.0950353 9.91088e-05 0.0980546 0.123267 0.368407 0.999691 0.545127
79.1 0.00116776 0.00533116 1 0.000330709 1 0.000390597 0.280086 0.0180083 1 0.00304119 0.999943 0.00407989 0.990611 0.0212137 0.989218 0.0202474 0.815907 0.0423494 0.999755 0.00796213 0.0087032 0.094413 0.000180406 0.100957 0.999907 0.00764465 7.78209e-08 0.0962431 1.56696e-06 0.0992244 0.999057 0.00756095 9.36888e-06 0.0951406 8.01134e-05 0.0981917 0.116863 0.388204 0.999734 0.50796
79.14 0.000941561 0.00516541 1 0.000320353 1 0.000376024 0.239752 0.0172269 1 0.00257804 0.999953 0.00345727 0.988196 0.0214142 0.991152 0.019935 0.839357 0.0401879 0.999731 0.00797261 0.0124221 0.0939758 0.000247925 0.100973 0.999911 0.00764722 8.2841e-08 0.0962659 1.39375e-06 0.099255 0.999097 0.00756961 7.71163e-06 0.0952373 6.49187e-05 0.0983161 0.110933 0.410364 0.99977 0.469441
79.18 0.000774295 0.00501352 1 0.000311075 1 0.00036277 0.202726 0.0163998 1 0.00218935 0.999962 0.00293332 0.985094 0.0215792 0.992785 0.0196117 0.860775 0.0381746 0.999704 0.00798715 0.0175683 0.0934529 0.000338821 0.10099 0.999914 0.00764967 8.83824e-08 0.0962872 1.24393e-06 0.0992836 0.999135 0.00757753 6.36679e-06 0.0953262 5.27365e-05 0.098429 0.105454 0.434988 0.999801 0.42993
79.22 0.000651268 0.00487397 1 0.000302727 1 0.000350675 0.169146 0.0155455 1 0.00186516 0.999969 0.00249539 0.981109 0.0217096 0.994154 0.0192723 0.880155 0.0362943 0.999675 0.00800754 0.0246047 0.0928158 0.000460376 0.101012 0.999918 0.00765205 9.44765e-08 0.0963072 1.11396e-06 0.0993104 0.999171 0.00758478 5.27176e-06 0.0954079 4.29446e-05 0.0985316 0.100404 0.462093 0.999826 0.389895
79.26 0.000561832 0.00474544 1 0.000295183 1 0.000339606 0.139105 0.014681 1 0.00159599 0.999975 0.00213121 0.975991 0.021807 0.995293 0.0189105 0.897522 0.0345296 0.999641 0.00803605 0.0340964 0.0920285 0.00062188 0.101042 0.999921 0.00765442 1.0117e-07 0.0963263 1.00088e-06 0.0993355 0.999204 0.00759142 4.37695e-06 0.095483 3.50515e-05 0.098625 0.09576 0.491577 0.999848 0.349905
79.3 0.0004984 0.00462676 1 0.00028834 1 0.00032945 0.112644 0.0138219 1 0.00137319 0.99998 0.00182945 0.969416 0.0218742 0.996235 0.0185192 0.912941 0.0328608 0.999604 0.00807548 0.0467033 0.091047 0.000835164 0.101086 0.999924 0.00765683 1.08533e-07 0.0963446 9.02305e-07 0.0993593 0.999236 0.00759749 3.64309e-06 0.0955519 2.86697e-05 0.0987099 0.0914988 0.523188 0.999866 0.310607
79.34 0.000455737 0.00451693 1 0.000282109 1 0.000320113 0.0897424 0.0129814 1 0.00118915 0.999984 0.00158002 0.960966 0.0219148 0.997009 0.0180897 0.926509 0.0312658 0.999561 0.00812926 0.0631516 0.0898199 0.00111529 0.10115 0.999927 0.00765938 1.16664e-07 0.0963625 8.16227e-07 0.0993821 0.999266 0.00760305 3.03902e-06 0.0956153 2.34929e-05 0.0987873 0.0875969 0.556515 0.999881 0.27269
79.38 0.000430449 0.00441508 1 0.000276414 1 0.000311515 0.0703052 0.0121702 1 0.00103727 0.999988 0.00137411 0.950097 0.0219338 0.997641 0.0176117 0.938351 0.0297194 0.999513 0.00820135 0.0841766 0.0882912 0.00148148 0.101242 0.999929 0.00766216 1.25706e-07 0.0963806 7.40999e-07 0.0994042 0.999294 0.00760814 2.53995e-06 0.0956736 1.92796e-05 0.098858 0.0840309 0.590981 0.999894 0.236822
79.42 0.000420669 0.00432044 1 0.000271194 1 0.000303588 0.0541549 0.0113968 1 0.000911957 0.99999 0.00120418 0.936104 0.0219372 0.998153 0.0170729 0.948608 0.0281935 0.999456 0.0082961 0.110435 0.086405 0.00195852 0.10137 0.999932 0.00766527 1.35857e-07 0.0963994 6.75263e-07 0.0994259 0.999322 0.0076128 2.12621e-06 0.0957272 1.58389e-05 0.0989224 0.0807786 0.625883 0.999906 0.203594
79.46 0.000425905 0.00423237 1 0.000266394 1 0.000296273 0.0410341 0.0106677 1 0.00080848 0.999992 0.00106383 0.918086 0.0219323 0.998566 0.0164587 0.957431 0.026657 0.999391 0.00841801 0.142381 0.0841132 0.00257798 0.101544 0.999933 0.00766885 1.47481e-07 0.0964195 6.18241e-07 0.0994479 0.999348 0.00761707 1.78169e-06 0.0957765 1.30197e-05 0.0989814 0.0778188 0.660446 0.999915 0.173454
79.5 0.000447049 0.0041503 1 0.000261968 1 0.000289519 0.0306161 0.00998727 1 0.000722903 0.999994 0.000947704 0.894923 0.0219275 0.998897 0.015753 0.964973 0.0250767 0.999313 0.00857122 0.180114 0.0813854 0.00337877 0.101772 0.999935 0.00767302 1.61369e-07 0.0964416 5.70222e-07 0.0994706 0.999373 0.00762099 1.4928e-06 0.095822 1.07009e-05 0.0990354 0.0751314 0.693906 0.999924 0.146673
79.54 0.00048656 0.00407375 1 0.00025788 1 0.000283282 0.0225334 0.00935799 1 0.000651961 0.999996 0.000851358 0.865298 0.0219318 0.99916 0.0149388 0.971379 0.0234192 0.99922 0.00875894 0.223338 0.0782188 0.00441192 0.102063 0.999936 0.00767792 1.78456e-07 0.0964667 5.30842e-07 0.0994947 0.999398 0.0076246 1.24958e-06 0.0958641 8.78743e-06 0.099085 0.0726992 0.725588 0.999931 0.123329
79.58 0.000548871 0.0040023 1 0.000254095 1 0.000277524 0.016402 0.00878084 1 0.000592965 0.999997 0.000771108 0.827811 0.0219542 0.999368 0.0140011 0.976787 0.0216551 0.999106 0.00898302 0.27138 0.0746432 0.00574559 0.102421 0.999937 0.00768365 1.9994e-07 0.0964954 4.99523e-07 0.0995206 0.999422 0.00762793 1.04446e-06 0.095903 7.20438e-06 0.0991305 0.0705084 0.754969 0.999937 0.103328
79.62 0.000641097 0.00393557 1 0.000250589 1 0.000272209 0.0118474 0.00825535 1 0.00054371 0.999998 0.000703929 0.781228 0.0220014 0.99953 0.0129313 0.981322 0.0197656 0.998965 0.00924366 0.323284 0.0707206 0.00747202 0.102845 0.999937 0.0076903 2.27449e-07 0.0965287 4.75753e-07 0.0995492 0.999447 0.00763101 8.71416e-07 0.0959392 5.89268e-06 0.0991726 0.0685496 0.781711 0.999942 0.0864404
79.66 0.000774173 0.00387322 1 0.000247338 1 0.000267309 0.00852654 0.00777984 1 0.000502399 0.999998 0.000647344 0.724879 0.0220748 0.999655 0.0117339 0.985097 0.0177516 0.998787 0.00953939 0.377938 0.0665383 0.00971571 0.103327 0.999936 0.00769792 2.63602e-07 0.0965672 4.59564e-07 0.0995808 0.999472 0.00763387 7.2493e-07 0.095973 4.80377e-06 0.0992115 0.0668167 0.805659 0.999947 0.0723482
79.7 0.000964626 0.00381497 1 0.000244326 1 0.000262796 0.00614234 0.00735169 1 0.000467571 0.999999 0.000599341 0.659145 0.0221657 0.99975 0.0104329 0.988212 0.0156423 0.998557 0.00986729 0.434221 0.0621979 0.0126477 0.103851 0.999935 0.00770651 3.12175e-07 0.0966113 4.51093e-07 0.0996161 0.999497 0.00763654 6.0084e-07 0.0960046 3.89952e-06 0.0992476 0.0653078 0.826821 0.999951 0.0606925
79.74 0.0012373 0.00376052 1 0.000241542 1 0.000258649 0.00445084 0.00696759 1 0.000438047 0.999999 0.00055829 0.58581 0.0222504 0.999821 0.00907371 0.990759 0.0134986 0.998254 0.0102234 0.491107 0.0578034 0.0165063 0.10439 0.999933 0.00771603 3.78493e-07 0.0966611 4.50475e-07 0.0996554 0.999523 0.00763903 4.96149e-07 0.0960344 3.15016e-06 0.0992813 0.0640242 0.845323 0.999954 0.0511107
79.78 0.00162948 0.00370961 1 0.000238977 1 0.000254851 0.00326058 0.00662375 1 0.000412872 0.999999 0.000522878 0.508013 0.0222879 0.999874 0.00771927 0.992819 0.0114051 0.997847 0.0106034 0.547699 0.0534511 0.0216241 0.104906 0.999929 0.00772642 4.70383e-07 0.0967164 4.58068e-07 0.0996989 0.999549 0.00764138 4.08377e-07 0.0960626 2.5316e-06 0.0993128 0.0629702 0.861371 0.999957 0.0432618
79.82 0.00219717 0.00366195 1 0.000236632 1 0.000251393 0.00242677 0.00631612 1 0.000391275 0.999999 0.000492063 0.429708 0.0222233 0.999912 0.00643657 0.994467 0.00945144 0.997291 0.011003 0.603204 0.0492235 0.0284649 0.105347 0.999925 0.00773758 5.99636e-07 0.0967764 4.74571e-07 0.0997467 0.999574 0.00764359 3.35325e-07 0.0960895 2.02376e-06 0.0993425 0.0621526 0.875213 0.999959 0.0368417
79.86 0.0030244 0.00361726 1 0.000234514 1 0.000248272 0.00184341 0.00604062 1 0.000372636 1 0.000465019 0.354831 0.0219983 0.999939 0.00528139 0.995771 0.00771088 0.996516 0.0114185 0.656878 0.0451868 0.0376689 0.105644 0.999919 0.00774938 7.8434e-07 0.0968399 5.01164e-07 0.0997987 0.9996 0.00764569 2.74986e-07 0.0961152 1.60949e-06 0.0993705 0.06158 0.88711 0.999961 0.0315882
79.9 0.0042371 0.00357523 1 0.000232643 1 0.000245499 0.00143488 0.00579332 1 0.000356453 1 0.000441102 0.28655 0.021566 0.999959 0.00428735 0.99679 0.00622481 0.995422 0.0118471 0.707983 0.0413913 0.0501033 0.105708 0.999912 0.00776172 1.05274e-06 0.096905 5.39663e-07 0.0998546 0.999624 0.0076477 2.25505e-07 0.0961398 1.27393e-06 0.099397 0.0612624 0.897315 0.999963 0.0272816
79.94 0.00602295 0.00353548 1 0.000231053 1 0.000243099 0.00114858 0.00557056 1 0.000342317 1 0.000419808 0.226833 0.0209047 0.999972 0.00346376 0.99758 0.00500061 0.993858 0.012288 0.755773 0.0378722 0.0669034 0.105425 0.999902 0.00777446 1.44965e-06 0.0969691 5.92755e-07 0.099914 0.999648 0.00764963 1.85191e-07 0.0961634 1.00408e-06 0.0994221 0.0612113 0.906064 0.999965 0.023741
79.98 0.00865956 0.0034976 1 0.000229803 1 0.000241123 0.000948118 0.00536907 1 0.000329897 1 0.000400748 0.176482 0.020024 0.999981 0.00280078 0.998186 0.00401935 0.991601 0.0127429 0.799537 0.0346505 0.0894758 0.104653 0.99989 0.00778749 2.04722e-06 0.0970289 6.64317e-07 0.0999765 0.99967 0.00765148 1.5253e-07 0.0961862 7.88609e-07 0.0994459 0.0614388 0.913568 0.999966 0.0208194
80.02 0.0125527 0.00346106 1 0.000228983 1 0.000239657 0.000808592 0.00518603 1 0.000318924 1 0.000383612 0.135349 0.0189622 0.999987 0.0022776 0.998647 0.00324757 0.988324 0.0132168 0.838669 0.0317337 0.119413 0.103222 0.999874 0.00780071 2.96326e-06 0.0970799 7.59886e-07 0.100041 0.99969 0.00765327 1.26185e-07 0.0962081 6.17724e-07 0.0994686 0.061957 0.920014 0.999967 0.0183985
80.06 0.0182848 0.00342517 1 0.000228736 1 0.000238835 0.000713255 0.00501904 1 0.000309177 1 0.000368157 0.102623 0.0177755 0.999991 0.00186954 0.998996 0.0026473 0.98355 0.0137191 0.872748 0.029116 0.158258 0.100943 0.999854 0.00781403 4.39267e-06 0.0971166 8.87356e-07 0.100108 0.999709 0.00765501 1.05008e-07 0.0962292 4.83027e-07 0.0994901 0.0627793 0.925561 0.999967 0.0163833
80.1 0.0266694 0.00338908 1 0.000229272 1 0.000238863 0.000651069 0.00486613 1 0.000300479 1 0.000354183 0.0771478 0.0165268 0.999994 0.00155286 0.999257 0.00218261 0.976599 0.0142633 0.901608 0.0267785 0.20709 0.0976301 0.999829 0.0078274 6.66163e-06 0.0971322 1.05817e-06 0.100176 0.999726 0.00765669 8.803e-08 0.0962496 3.77386e-07 0.0995106 0.0639206 0.930347 0.999968 0.0146981
80.14 0.0387985 0.00335171 1 0.000230903 1 0.000240051 0.000615074 0.00472569 1 0.000292686 1 0.000341525 0.0576559 0.0152738 0.999996 0.00130696 0.999453 0.00182268 0.966528 0.0148656 0.925369 0.0246894 0.265987 0.0931412 0.999796 0.00784078 1.03145e-05 0.0971188 1.29145e-06 0.100243 0.999742 0.00765833 7.45543e-08 0.0962692 2.94498e-07 0.0995301 0.0653986 0.934486 0.999968 0.0132823
80.18 0.0560538 0.00331179 1 0.000234082 1 0.000242846 0.000601339 0.0045964 1 0.000285683 1 0.000330043 0.0429368 0.0140632 0.999997 0.00111519 0.999598 0.0015427 0.952091 0.0155417 0.944395 0.0228048 0.333613 0.0874217 0.999754 0.00785412 1.62717e-05 0.0970674 1.61698e-06 0.10031 0.999756 0.00765992 6.39657e-08 0.0962881 2.29397e-07 0.0995486 0.0672352 0.938076 0.999968 0.0120875
80.22 0.0800288 0.00326793 1 0.000239447 1 0.000247885 0.000608392 0.00447718 1 0.000279381 1 0.000319616 0.0319276 0.0129275 0.999998 0.000964548 0.999705 0.00132336 0.931737 0.0163029 0.959235 0.0210704 0.407234 0.0805424 0.999701 0.00786738 2.61109e-05 0.0969686 2.07984e-06 0.100376 0.999768 0.00766148 5.57018e-08 0.0963062 1.78348e-07 0.0995662 0.0694584 0.9412 0.999968 0.0110751
80.26 0.112301 0.00321889 1 0.000247883 1 0.000256044 0.00063707 0.00436712 1 0.000273715 1 0.000310139 0.0237457 0.0118858 0.999999 0.000845168 0.999785 0.00115 0.903732 0.0171522 0.970537 0.019425 0.483241 0.0727049 0.999633 0.0078804 4.25585e-05 0.0968129 2.75043e-06 0.100438 0.999778 0.00766299 4.93035e-08 0.0963235 1.38426e-07 0.0995829 0.0721047 0.943928 0.999968 0.0102141
80.3 0.154025 0.00316416 1 0.000260572 1 0.000268489 0.000690765 0.00426548 1 0.000268635 1 0.000301519 0.0176879 0.0109464 0.999999 0.000749633 0.999843 0.00101161 0.86644 0.0180826 0.978963 0.0178073 0.557966 0.0642152 0.999546 0.00789299 7.03655e-05 0.0965915 3.74017e-06 0.100497 0.999787 0.00766446 4.44083e-08 0.0963401 1.07316e-07 0.0995988 0.0752214 0.946318 0.999967 0.00947965
80.34 0.205413 0.00310452 1 0.000279041 1 0.000286716 0.000776121 0.00417164 1 0.000264111 1 0.000293677 0.0132111 0.0101093 0.999999 0.000672407 0.999886 0.000899972 0.818789 0.019076 0.985132 0.0161668 0.628378 0.055439 0.999432 0.00790484 0.000117878 0.0962958 5.22776e-06 0.100549 0.999795 0.00766588 4.07371e-08 0.0963559 8.31702e-08 0.0996138 0.0788693 0.94842 0.999966 0.00885172
80.38 0.265351 0.00304281 1 0.000305185 1 0.000312562 0.000904385 0.00408508 1 0.000260123 1 0.000286542 0.00990511 0.00936972 1 0.000609356 0.999917 0.000808918 0.760802 0.0201013 0.989581 0.0144766 0.692433 0.046759 0.999282 0.00791555 0.000199872 0.095918 7.50276e-06 0.100593 0.999801 0.00766726 3.80804e-08 0.0963708 6.45101e-08 0.099628 0.0831242 0.950275 0.999965 0.00831426
80.42 0.331415 0.00298402 1 0.000341274 1 0.000348191 0.00109371 0.0040054 1 0.000256662 1 0.000280056 0.00746429 0.00871948 1 0.000557382 0.99994 0.000733831 0.693931 0.0211118 0.99275 0.0127434 0.749063 0.0385378 0.999083 0.00792467 0.000342688 0.095451 1.10394e-05 0.100626 0.999805 0.00766857 3.62892e-08 0.0963848 5.01502e-08 0.0996414 0.0880769 0.951921 0.999964 0.00785438
80.46 0.400396 0.00293483 1 0.000389935 1 0.000396063 0.00137295 0.0039323 1 0.00025372 1 0.000274168 0.00566256 0.00814926 1 0.000514146 0.999957 0.000671231 0.620946 0.0220439 0.994984 0.0110083 0.797973 0.0310812 0.998814 0.00793173 0.000593612 0.0948876 1.66213e-05 0.100643 0.999808 0.00766982 3.52654e-08 0.0963978 3.91423e-08 0.099654 0.0938319 0.953387 0.999963 0.00746174
80.5 0.469077 0.00290245 1 0.00045413 0.999999 0.000458884 0.00178795 0.00386557 1 0.000251295 1 0.000268843 0.00433302 0.00764937 1 0.000477871 0.999969 0.000618484 0.545347 0.0228201 0.996547 0.00933397 0.839396 0.0245999 0.998446 0.00793627 0.00103803 0.0942215 2.55545e-05 0.100639 0.999809 0.00767098 3.4958e-08 0.0964097 3.07331e-08 0.0996657 0.100504 0.954701 0.999961 0.00712812
80.54 0.534878 0.00289345 1 0.000537127 0.999999 0.000539571 0.00241155 0.003805 1 0.000249383 1 0.000264055 0.00335234 0.00721052 1 0.000447191 0.999978 0.000573587 0.470607 0.0233595 0.997633 0.0077849 0.873883 0.0191869 0.997934 0.00793799 0.00183082 0.0934451 4.00295e-05 0.100608 0.999808 0.00767204 3.53605e-08 0.0964203 2.43277e-08 0.0996765 0.108212 0.955886 0.999959 0.00684703
80.58 0.596123 0.002913 1 0.000642468 0.999999 0.000641195 0.00335965 0.00375039 1 0.000247987 1 0.000259795 0.00262926 0.00682418 1 0.000421046 0.999984 0.000535013 0.39959 0.0235944 0.998383 0.00640976 0.902147 0.0148217 0.997212 0.00793696 0.00325366 0.0925481 6.37403e-05 0.100541 0.999805 0.00767298 3.65134e-08 0.0964292 1.94607e-08 0.0996864 0.117076 0.956961 0.999957 0.00661344
80.62 0.65198 0.00296464 1 0.000773919 0.999998 0.000766937 0.00481625 0.00370144 1 0.000247122 1 0.000256073 0.00209627 0.00648275 1 0.000398608 0.999989 0.000501588 0.334297 0.0234847 0.9989 0.00523273 0.92497 0.0114002 0.996182 0.00793399 0.00581806 0.091512 0.000102936 0.100427 0.9998 0.00767381 3.85087e-08 0.0964363 1.5771e-08 0.0996952 0.127205 0.957946 0.999954 0.00642349
80.66 0.702226 0.0030505 0.999999 0.000935389 0.999998 0.000920004 0.00707116 0.0036577 1 0.000246824 1 0.00025293 0.00170404 0.00617967 1 0.000379221 0.999992 0.000472404 0.275872 0.023027 0.999253 0.00425476 0.943133 0.00877468 0.994698 0.00793114 0.0104459 0.0903025 0.000168201 0.100251 0.999793 0.00767451 4.15006e-08 0.0964411 1.29804e-08 0.0997029 0.138692 0.958854 0.999951 0.00627439
80.7 0.747006 0.00317175 0.999999 0.00113081 0.999997 0.00110354 0.0105749 0.00361854 1 0.000247172 1 0.000250445 0.0014161 0.00590935 1 0.000362364 0.999994 0.000446754 0.224804 0.0222531 0.999495 0.00346024 0.957383 0.00678818 0.992545 0.00793265 0.0187691 0.0888556 0.000277453 0.099995 0.999783 0.00767512 4.57219e-08 0.0964431 1.08771e-08 0.0997094 0.151606 0.9597 0.999947 0.00616417
80.74 0.786638 0.00332889 0.999999 0.00136396 0.999997 0.00132048 0.0160126 0.00358301 1 0.000248305 1 0.000248761 0.00120577 0.00566709 1 0.000347621 0.999996 0.000424081 0.181098 0.0212219 0.999659 0.00282486 0.968405 0.005297 0.989404 0.00794632 0.0335742 0.0870582 0.000460955 0.099635 0.999769 0.0076757 5.15121e-08 0.0964417 9.30052e-09 0.0997146 0.165987 0.960496 0.999943 0.00609164
80.78 0.821503 0.00352205 0.999998 0.00163828 0.999996 0.00157341 0.0243916 0.00354983 1 0.000250467 1 0.00024811 0.00105392 0.00544901 1 0.000334657 0.999997 0.000403941 0.144392 0.020007 0.99977 0.00232176 0.976812 0.00418059 0.984815 0.00798559 0.0592985 0.0847227 0.000769615 0.0991399 0.999751 0.0076764 5.93587e-08 0.0964364 8.13063e-09 0.0997186 0.181834 0.961252 0.999937 0.00605627
80.82 0.85198 0.0037511 0.999997 0.00195658 0.999995 0.00186436 0.0371189 0.00351728 1 0.000254047 1 0.000248862 0.000947128 0.00525187 1 0.000323206 0.999998 0.000385977 0.114083 0.0186846 0.999845 0.0019254 0.983139 0.00334336 0.978125 0.00807209 0.10213 0.0815681 0.00128859 0.0984703 0.999728 0.00767747 6.99635e-08 0.0964264 7.27882e-09 0.0997215 0.199106 0.961978 0.999931 0.00605807
80.86 0.878426 0.00401573 0.999996 0.00232079 0.999993 0.00219464 0.056011 0.00348321 1 0.000259654 1 0.000251577 0.000876336 0.00507301 1 0.000313055 0.999998 0.000369897 0.0894273 0.0173241 0.999895 0.00161346 0.987841 0.00271226 0.968432 0.00823734 0.168644 0.0772406 0.00215933 0.097575 0.999699 0.00767933 8.43492e-08 0.0964109 6.68124e-09 0.0997239 0.217716 0.962682 0.999923 0.0060976
80.9 0.901173 0.00431538 0.999994 0.00273171 0.999991 0.00256473 0.0831444 0.00344522 1 0.000268189 1 0.000257074 0.000836071 0.00491023 1 0.000304034 0.999999 0.000355461 0.0696215 0.0159826 0.99993 0.00136744 0.991295 0.00223279 0.954579 0.00852008 0.261905 0.0714318 0.00361242 0.0963845 0.999663 0.00768259 1.0421e-07 0.0963892 6.30481e-09 0.0997267 0.237537 0.96337 0.999913 0.00617585
80.94 0.920542 0.00464921 0.999992 0.00318873 0.999989 0.00297411 0.120438 0.00340116 1 0.000280938 1 0.000266498 0.00082393 0.0047617 1 0.000296014 0.999999 0.000342468 0.053876 0.0147021 0.999952 0.00117254 0.993807 0.00186492 0.935202 0.00895539 0.376711 0.0641033 0.00601626 0.0947993 0.999617 0.00768798 1.32329e-07 0.0963604 6.138e-09 0.0997313 0.258403 0.964049 0.999902 0.00629422
80.98 0.936843 0.005016 0.999989 0.00368976 0.999986 0.00342135 0.168949 0.00335002 1 0.000299636 1 0.000281378 0.000840454 0.00462591 1 0.000288899 0.999999 0.00033075 0.04147 0.01351 0.999968 0.0010172 0.995618 0.00157947 0.908868 0.00955775 0.499559 0.0556606 0.00994949 0.0926702 0.999559 0.00769613 1.7323e-07 0.0963233 6.1831e-09 0.0997396 0.28012 0.964723 0.999888 0.00645449
81.02 0.950385 0.00541413 0.999984 0.0042312 0.999983 0.00390413 0.228134 0.00329315 1 0.000326506 1 0.000303639 0.000889474 0.00450163 1 0.000282617 0.999999 0.000320166 0.0317716 0.0124206 0.999978 0.000892495 0.996914 0.00135535 0.874353 0.01031 0.615303 0.0468515 0.0162958 0.0897891 0.999484 0.00770734 2.34728e-07 0.0962748 6.46711e-09 0.0997534 0.302477 0.965398 0.999872 0.0066588
81.06 0.961479 0.00584152 0.999978 0.00480802 0.999979 0.00441942 0.295544 0.00323506 1 0.000364239 1 0.00033558 0.000978889 0.00438788 1 0.000277116 1 0.000310595 0.0242492 0.0114381 0.999985 0.000791603 0.997838 0.0011773 0.830993 0.0111677 0.714053 0.0384364 0.0263614 0.0859121 0.999385 0.0077214 3.30029e-07 0.0962096 7.04073e-09 0.099774 0.325255 0.966076 0.999852 0.0069096
81.1 0.970436 0.00629573 0.99997 0.00541408 0.999973 0.00496362 0.367328 0.0031833 1 0.000415928 1 0.000379799 0.00112223 0.0042839 1 0.000272354 1 0.000301936 0.0184627 0.0105602 0.99999 0.000709318 0.998492 0.00103423 0.778975 0.0120755 0.792667 0.0309267 0.0419864 0.0808262 0.999252 0.00773761 4.81882e-07 0.0961187 7.99163e-09 0.0998014 0.348241 0.966759 0.999827 0.00720965
81.14 0.977561 0.00677397 0.999959 0.00604243 0.999967 0.00553276 0.439334 0.00314705 1 0.000484973 1 0.000439113 0.00134131 0.00418912 1 0.000268298 1 0.000294107 0.0140495 0.00978033 0.999993 0.000641663 0.998954 0.000918031 0.719451 0.012983 0.852448 0.0245393 0.0655739 0.0744345 0.999071 0.00775501 7.30229e-07 0.0959894 9.46605e-09 0.0998338 0.371235 0.96745 0.999797 0.007562
81.18 0.983148 0.00727321 0.999945 0.0066858 0.999959 0.00612258 0.508172 0.00313515 1 0.000574991 1 0.000516478 0.00167065 0.00410311 1 0.000264912 1 0.00028704 0.010712 0.00909007 0.999996 0.000585594 0.999278 0.000822679 0.654389 0.0138544 0.896538 0.0192832 0.0998971 0.0668238 0.998822 0.00777257 1.14645e-06 0.0958058 1.17053e-08 0.0998674 0.394062 0.968149 0.999761 0.00797001
81.22 0.987469 0.00779023 0.999925 0.00733697 0.999949 0.00672872 0.571707 0.00315466 1 0.000689735 1 0.000614931 0.00216435 0.00402549 1 0.000262164 1 0.000280685 0.00820769 0.00848039 0.999997 0.000538763 0.999504 0.000743673 0.586231 0.0146702 0.928353 0.0150587 0.147504 0.058285 0.998473 0.00778934 1.86029e-06 0.0955501 1.51104e-08 0.0998963 0.416573 0.968856 0.999717 0.00843729
81.26 0.990766 0.00832166 0.999898 0.00798915 0.999936 0.00734681 0.629 0.00321028 1 0.000833006 1 0.00073753 0.00290714 0.00395588 1 0.000260026 1 0.000275005 0.00634041 0.00794238 0.999998 0.000499353 0.999661 0.000677607 0.517487 0.0154229 0.95092 0.0117231 0.209679 0.0492808 0.997977 0.00780452 3.11106e-06 0.095203 2.03597e-08 0.0999127 0.438645 0.969572 0.999663 0.00896774
81.3 0.993252 0.00886405 0.999862 0.00863627 0.99992 0.00797261 0.679954 0.00330458 1 0.00100857 1 0.000887297 0.0040311 0.00389382 1 0.00025848 1 0.000269986 0.0049545 0.00746765 0.999999 0.000465949 0.999769 0.000621886 0.450414 0.0161088 0.966697 0.00912567 0.285335 0.0403677 0.997264 0.00781749 5.34321e-06 0.0947452 2.86567e-08 0.0999058 0.460186 0.970295 0.999596 0.0095655
81.34 0.995106 0.00941389 0.999813 0.00927313 0.9999 0.00860211 0.724944 0.00343853 1 0.00122006 1 0.00106714 0.00574072 0.00383874 1 0.000257528 1 0.000265634 0.00392908 0.0070485 0.999999 0.000437443 0.999843 0.000574514 0.386836 0.0167161 0.977586 0.00712452 0.370616 0.032087 0.996231 0.0078278 9.39223e-06 0.094158 4.21683e-08 0.0998616 0.481127 0.971023 0.999515 0.010235
81.38 0.996474 0.00996767 0.999747 0.00989547 0.999875 0.00923163 0.764525 0.00361212 0.999999 0.00147081 0.999999 0.00127978 0.00834857 0.00378987 1 0.000257203 1 0.000261988 0.00317216 0.00667792 0.999999 0.000412961 0.999893 0.000533945 0.328076 0.0172181 0.985016 0.00559406 0.459807 0.0248522 0.994717 0.00783516 1.68462e-05 0.0934232 6.48717e-08 0.0997614 0.501423 0.971756 0.999415 0.0109808
81.42 0.997475 0.010522 0.999658 0.0105 0.999844 0.00985782 0.799279 0.00382471 0.999999 0.00176374 0.999999 0.00152757 0.0123239 0.00374629 1 0.000257588 1 0.000259131 0.00261437 0.0063496 1 0.000391808 0.999927 0.000498974 0.274996 0.0175743 0.990034 0.00442831 0.547059 0.0188765 0.992485 0.00783942 3.07484e-05 0.0925224 1.04261e-07 0.099579 0.521045 0.972491 0.999293 0.0118078
81.46 0.998202 0.0110736 0.999539 0.0110841 0.999806 0.0104777 0.82973 0.0040753 0.999999 0.00210108 0.999999 0.00181242 0.0183523 0.0037068 1 0.000258834 1 0.00025721 0.00220448 0.00605789 1 0.000373433 0.99995 0.000468648 0.228028 0.0177417 0.993395 0.00354114 0.627853 0.0141691 0.98917 0.00784076 5.69702e-05 0.0914339 1.74795e-07 0.0992777 0.539978 0.973226 0.999143 0.0127211
81.5 0.998725 0.0116194 0.999378 0.0116462 0.999758 0.0110887 0.856331 0.00436269 0.999999 0.00248422 0.999999 0.00213559 0.0273958 0.00366993 1 0.000261198 1 0.000256462 0.00190541 0.0057978 1 0.000357392 0.999965 0.000442208 0.187243 0.0176889 0.995631 0.00286461 0.699534 0.0105936 0.98423 0.0078398 0.000106897 0.0901272 3.04976e-07 0.0988046 0.558217 0.973959 0.998958 0.0137257
81.54 0.9991 0.0121566 0.999161 0.0121853 0.999698 0.0116886 0.879465 0.00468542 0.999998 0.00291345 0.999999 0.00249753 0.0407283 0.00363392 1 0.000265082 1 0.000257255 0.00169077 0.005565 1 0.000343327 0.999976 0.000419044 0.152425 0.0174069 0.997111 0.00234644 0.761091 0.00794519 0.976865 0.00783789 0.000202683 0.0885565 5.52087e-07 0.0980842 0.575765 0.974686 0.998731 0.0148271
81.58 0.999367 0.0126827 0.998869 0.0127009 0.999624 0.0122753 0.899465 0.00504182 0.999998 0.00338779 0.999999 0.00289782 0.0598949 0.00359676 1 0.000271088 1 0.000260128 0.00154241 0.00535578 1 0.000330954 0.999983 0.000398661 0.12315 0.0169115 0.998089 0.00194702 0.812637 0.006012 0.965926 0.00783744 0.00038751 0.0866506 1.03319e-06 0.0970094 0.592632 0.975406 0.998452 0.0160305
81.62 0.999556 0.0131954 0.998478 0.013193 0.999532 0.0128473 0.916631 0.0054299 0.999997 0.0039049 0.999999 0.00333508 0.086526 0.00355642 1 0.000280075 1 0.000265844 0.00144845 0.00516698 1 0.000320041 0.999988 0.00038065 0.0988549 0.0162386 0.998733 0.00163674 0.854937 0.00460929 0.94984 0.00784214 0.000745537 0.084305 1.9909e-06 0.0954329 0.60883 0.976117 0.998109 0.0173412
81.66 0.999689 0.0136927 0.997953 0.0136622 0.999418 0.013403 0.931248 0.00584732 0.999997 0.00446108 0.999998 0.00380704 0.121954 0.00351139 1 0.000293215 1 0.000275426 0.00140222 0.004996 1 0.000310407 0.999991 0.000364678 0.0789156 0.0154357 0.999158 0.00139356 0.889061 0.00359065 0.926596 0.00785724 0.00144042 0.081377 3.93359e-06 0.0931628 0.624377 0.976815 0.997689 0.0187647
81.7 0.999783 0.0141729 0.997251 0.0141094 0.999278 0.0139414 0.943586 0.00629135 0.999996 0.00505135 0.999998 0.00431069 0.166677 0.00346144 1 0.000312023 1 0.000290184 0.00140151 0.00484066 1 0.000301909 0.999993 0.000350467 0.062705 0.014553 0.999439 0.00120114 0.916178 0.00284656 0.893923 0.00788931 0.00278892 0.0776926 7.93549e-06 0.0899713 0.639293 0.977499 0.997173 0.0203062
81.74 0.999848 0.0146343 0.996313 0.0145358 0.999105 0.0144614 0.953912 0.0067589 0.999995 0.00566972 0.999998 0.00484245 0.219891 0.00340842 1 0.000338356 1 0.000311696 0.00144848 0.00469921 1 0.000294434 0.999995 0.000337785 0.0496341 0.0136365 0.999625 0.00104739 0.937429 0.00229788 0.849755 0.0079456 0.00539891 0.0730763 1.62794e-05 0.0856305 0.6536 0.978165 0.996543 0.0219708
81.78 0.999894 0.0150754 0.995063 0.0149432 0.998891 0.0149622 0.962482 0.0072466 0.999993 0.00630946 0.999998 0.0053984 0.279403 0.00335678 1 0.000374362 1 0.000341768 0.00155006 0.00457026 1 0.000287895 0.999996 0.000326441 0.039175 0.012724 0.999749 0.000923323 0.953863 0.0018885 0.793031 0.00803234 0.0104196 0.0674083 3.38316e-05 0.0799845 0.667325 0.978813 0.995773 0.0237635
81.82 0.999926 0.0154946 0.993403 0.0153337 0.998629 0.0154433 0.96954 0.00775088 0.999992 0.00696345 0.999997 0.00597443 0.342098 0.00331318 1 0.000422402 1 0.00038235 0.00171894 0.00445269 1 0.000282219 0.999997 0.000316275 0.0308671 0.0118434 0.999831 0.000822237 0.966401 0.00157899 0.724556 0.00815257 0.019967 0.0607006 7.09741e-05 0.0730466 0.680495 0.97944 0.994834 0.025689
81.86 0.999949 0.0158905 0.991206 0.01571 0.998307 0.0159041 0.975314 0.00826814 0.999989 0.00762459 0.999997 0.00656643 0.404748 0.0032853 1 0.000484954 0.999999 0.000435462 0.0019754 0.00434567 1 0.000277344 0.999997 0.000307157 0.0243154 0.0110136 0.999886 0.000739115 0.975836 0.00134167 0.647358 0.00830475 0.0377508 0.0531495 0.000149831 0.0650732 0.693139 0.980044 0.993695 0.0277519
81.9 0.999964 0.0162612 0.988307 0.0160755 0.997912 0.0163445 0.980011 0.00879486 0.999987 0.00828609 0.999996 0.00717031 0.464731 0.00328038 1 0.000564528 0.999999 0.000503123 0.00235021 0.00424851 1 0.000273215 0.999998 0.000298982 0.0191845 0.0102453 0.999923 0.000670167 0.982833 0.00115706 0.5661 0.00848453 0.069706 0.0451182 0.000317399 0.0565506 0.705289 0.980622 0.992313 0.0299566
81.94 0.999975 0.0166049 0.984502 0.0164344 0.997429 0.0167642 0.983816 0.00932767 0.999984 0.00894177 0.999995 0.00778212 0.520379 0.00330412 1 0.000663601 0.999999 0.000587307 0.00288887 0.00416064 1 0.000269783 0.999998 0.000291666 0.0151911 0.0095432 0.999948 0.000612505 0.987942 0.00101135 0.485777 0.00869072 0.123764 0.0370487 0.00067302 0.0480736 0.716976 0.981175 0.990645 0.032307
81.98 0.999983 0.016919 0.979537 0.0167917 0.99684 0.0171632 0.986887 0.0098634 0.99998 0.00958622 0.999995 0.00839803 0.570935 0.00336029 1 0.000784564 0.999999 0.000689907 0.00365772 0.00408152 1 0.000267005 0.999998 0.000285146 0.0120983 0.0089077 0.999964 0.00056391 0.991616 0.000894695 0.410517 0.00893127 0.206988 0.0293663 0.00142476 0.0401797 0.728234 0.981699 0.988638 0.034807
82.02 0.999988 0.0172008 0.973107 0.0171539 0.996122 0.0175415 0.989363 0.010399 0.999975 0.0102149 0.999994 0.00901444 0.61632 0.00345082 1 0.000929687 0.999999 0.000812721 0.00475227 0.00401057 1 0.00026485 0.999999 0.000279381 0.00971187 0.0083365 0.999976 0.000522662 0.994218 0.00079995 0.342962 0.00921934 0.319375 0.0224394 0.00300252 0.0332281 0.739098 0.982193 0.986231 0.0374603
82.06 0.999991 0.0174469 0.964851 0.0175288 0.995249 0.0178993 0.991357 0.0109318 0.999969 0.0108242 0.999993 0.00962801 0.656848 0.0035762 1 0.00110109 0.999999 0.000957437 0.00630821 0.00394718 1 0.000263302 0.999999 0.00027435 0.007875 0.00782553 0.999983 0.000487414 0.996035 0.000721925 0.284264 0.00955439 0.449301 0.0165645 0.00627799 0.0273646 0.749604 0.982655 0.983357 0.0402701
82.1 0.999994 0.0176534 0.954368 0.017926 0.994192 0.0182367 0.992963 0.0114591 0.999961 0.0114114 0.999992 0.0102357 0.693011 0.00373598 1 0.00130071 0.999999 0.00112562 0.00851527 0.00389064 1 0.000262369 0.999999 0.000270055 0.00646254 0.00736967 0.999988 0.000457107 0.997288 0.000656825 0.234485 0.00990292 0.578128 0.0119092 0.0129685 0.0225586 0.759788 0.983084 0.979941 0.0432397
82.14 0.999996 0.0178159 0.94123 0.0183567 0.992914 0.0185537 0.994257 0.0119784 0.999952 0.0119744 0.99999 0.0108347 0.725335 0.00392905 1 0.00153027 0.999999 0.00131867 0.0116335 0.00384015 1 0.000262085 0.999999 0.000266526 0.00537656 0.00696314 0.999992 0.000430895 0.998145 0.00060188 0.193 0.0102043 0.690616 0.0084512 0.0263035 0.0186692 0.769688 0.983478 0.975898 0.0463722
82.18 0.999997 0.0179296 0.925018 0.0188346 0.991374 0.0188506 0.995301 0.0124875 0.99994 0.0125119 0.999989 0.0114227 0.754304 0.00415398 1 0.00179118 0.999999 0.00153783 0.0160098 0.00379486 1 0.000262526 0.999999 0.000263831 0.00454153 0.00660012 0.999994 0.000408102 0.998727 0.000555063 0.15883 0.0104036 0.780232 0.00600671 0.0518787 0.015508 0.779341 0.983835 0.971139 0.0496704
82.22 0.999998 0.01799 0.905373 0.0193748 0.989525 0.0191274 0.996146 0.0129845 0.999926 0.0130233 0.999987 0.0119977 0.780326 0.00440908 1 0.00208453 0.999999 0.00178405 0.0220923 0.00375379 1 0.000263815 0.999999 0.000262078 0.00389991 0.00627517 0.999996 0.00038818 0.999122 0.000514874 0.13088 0.0104855 0.847386 0.00432882 0.0980045 0.0128829 0.788785 0.984152 0.965565 0.0531372
82.26 0.999998 0.0179933 0.882051 0.0199946 0.987309 0.0193843 0.99683 0.0134675 0.999908 0.0135081 0.999985 0.0125578 0.803734 0.0046926 0.999999 0.00241092 0.999999 0.00205801 0.0304338 0.00371593 1 0.00026614 0.999999 0.000261433 0.00340822 0.00598366 0.999997 0.000370685 0.99939 0.000480173 0.108087 0.0104852 0.895716 0.00319005 0.173599 0.0106283 0.798056 0.984427 0.959073 0.0567753
82.3 0.999999 0.017937 0.854968 0.0207118 0.984662 0.0196219 0.997386 0.0139349 0.999886 0.0139664 0.999982 0.0131016 0.824796 0.00500268 0.999999 0.00277045 0.999999 0.00235999 0.0416774 0.00368024 1 0.000269765 0.999999 0.000262128 0.00303389 0.00572185 0.999998 0.000355258 0.999572 0.000450079 0.0895041 0.0104683 0.929554 0.00241576 0.281682 0.00863264 0.807189 0.984658 0.951557 0.0605875
82.34 0.999999 0.0178205 0.824259 0.0215449 0.981507 0.0198408 0.997839 0.0143856 0.999858 0.0143987 0.999979 0.0136279 0.843729 0.00533742 0.999999 0.00316257 0.999998 0.00268987 0.0565103 0.00364574 1 0.000275051 0.999999 0.000264475 0.00275313 0.00548676 0.999998 0.00034161 0.999697 0.000423892 0.0743268 0.0104886 0.952781 0.00188403 0.412361 0.00686011 0.816219 0.984841 0.942908 0.0645764
82.38 0.999999 0.0176459 0.790287 0.0225114 0.977754 0.0200424 0.998208 0.0148184 0.999823 0.0148056 0.999976 0.0141357 0.860714 0.00569482 0.999999 0.00358606 0.999998 0.00304707 0.0755798 0.00361165 1 0.000282463 0.999999 0.000268877 0.00254863 0.00527582 0.999999 0.00032951 0.999783 0.000401045 0.0618963 0.0105496 0.9685 0.00151338 0.545607 0.00533723 0.825178 0.984973 0.933021 0.0687445
82.42 1 0.0174178 0.753621 0.0236268 0.973296 0.0202288 0.998511 0.0152325 0.999778 0.0151877 0.999972 0.0146243 0.875911 0.00607282 0.999999 0.00403901 0.999998 0.00343052 0.0993691 0.00357757 1 0.000292587 0.999999 0.000275834 0.00240837 0.00508659 0.999999 0.000318771 0.999842 0.000381073 0.0516809 0.0106038 0.979033 0.00125015 0.663495 0.0040984 0.834094 0.985051 0.921795 0.0730944
82.46 1 0.0171432 0.714939 0.0249032 0.968007 0.020403 0.998759 0.0156273 0.999719 0.015546 0.999967 0.0150932 0.889465 0.00646928 0.999999 0.00451882 0.999998 0.00383876 0.128055 0.00354373 1 0.000306124 0.999999 0.00028594 0.00232468 0.00491662 0.999999 0.000309242 0.999884 0.000363584 0.0432558 0.0105877 0.986047 0.00105906 0.757927 0.00314195 0.84299 0.985068 0.909139 0.0776281
82.5 1 0.0168305 0.674927 0.0263496 0.961733 0.0205695 0.998964 0.0160026 0.999644 0.0158816 0.999961 0.0155419 0.901508 0.00688195 0.999999 0.00502229 0.999998 0.00426993 0.16139 0.00351114 1 0.000323887 0.999999 0.000299877 0.00229353 0.00476353 0.999999 0.000300797 0.999913 0.000348241 0.036283 0.0104572 0.990704 0.000916916 0.829055 0.00242963 0.851886 0.985021 0.894975 0.0823477
82.54 1 0.0164884 0.634245 0.0279709 0.95429 0.0207338 0.999133 0.0163581 0.999546 0.0161956 0.999954 0.0159702 0.912168 0.00730855 0.999999 0.00554567 0.999998 0.00472184 0.198667 0.00348175 1 0.000346776 0.999999 0.000318389 0.00231416 0.00462521 0.999999 0.000293331 0.999934 0.000334753 0.0304928 0.0102011 0.993794 0.000808407 0.880749 0.00190848 0.860791 0.984902 0.879245 0.0872542
82.58 1 0.0161251 0.593462 0.0297682 0.945461 0.0209028 0.999274 0.0166941 0.999416 0.0164892 0.999945 0.016378 0.921571 0.00774675 0.999998 0.00608484 0.999997 0.00519204 0.238794 0.00345834 1 0.000375753 0.999999 0.000342261 0.00238893 0.0044999 1 0.000286751 0.999949 0.00032287 0.0256705 0.00983618 0.995846 0.000723421 0.917549 0.0015285 0.869705 0.984704 0.861918 0.0923479
82.62 1 0.0157473 0.553016 0.0317391 0.934992 0.021085 0.99939 0.0170106 0.999244 0.0167638 0.999934 0.0167654 0.929842 0.00819424 0.999998 0.00663545 0.999997 0.00567794 0.28047 0.00344424 1 0.000411804 0.999998 0.000372289 0.00252342 0.00438615 1 0.000280979 0.99996 0.000312376 0.0216457 0.00939333 0.997211 0.000655225 0.943413 0.00124974 0.878614 0.98442 0.842991 0.0976278
82.66 1 0.0153602 0.513203 0.0338783 0.922586 0.02129 0.999487 0.0173079 0.999012 0.0170209 0.999921 0.0171325 0.937098 0.00864872 0.999998 0.00719308 0.999997 0.00617681 0.322398 0.00344293 1 0.000455911 0.999998 0.000409255 0.0027267 0.00428284 1 0.000275945 0.999969 0.000303088 0.0182825 0.00890646 0.998122 0.000599295 0.961426 0.00104281 0.887495 0.984039 0.822496 0.103091
82.7 1 0.0149666 0.474178 0.0361783 0.907884 0.0215291 0.999569 0.0175864 0.998699 0.0172619 0.999905 0.0174797 0.943452 0.00910799 0.999997 0.0077534 0.999997 0.00668586 0.363466 0.00345761 1 0.000509026 0.999998 0.00045391 0.00301194 0.00418907 1 0.000271585 0.999974 0.000294853 0.0154723 0.00840515 0.998731 0.000552555 0.973876 0.00088695 0.896308 0.983549 0.800497 0.108731
82.74 1 0.0145677 0.436046 0.0386307 0.890487 0.0218153 0.999636 0.0178465 0.998271 0.0174887 0.999885 0.0178073 0.94901 0.00956991 0.999997 0.00831231 0.999996 0.00720232 0.40285 0.00349087 1 0.000572049 0.999998 0.000506956 0.00339708 0.0041041 1 0.000267847 0.999979 0.000287546 0.0131264 0.00791178 0.99914 0.000512882 0.98242 0.000767688 0.905003 0.982938 0.7771 0.114541
82.78 1 0.014163 0.39888 0.0412249 0.869971 0.0221634 0.999693 0.0180883 0.997683 0.0177031 0.999859 0.0181157 0.953871 0.0100325 0.999996 0.00886606 0.999996 0.00772345 0.440033 0.00354455 1 0.000645821 0.999998 0.000569046 0.00390591 0.00402729 1 0.000264682 0.999982 0.000281062 0.0111715 0.00744138 0.999414 0.000478781 0.988242 0.000674986 0.913525 0.982191 0.752441 0.120507
82.82 1 0.0137516 0.362742 0.0439487 0.845913 0.0225899 0.999741 0.0183122 0.996869 0.0179074 0.999826 0.0184055 0.958124 0.0104937 0.999996 0.00941128 0.999995 0.00824661 0.474776 0.0036197 1 0.000731116 0.999998 0.000640783 0.00456939 0.00395805 1 0.00026205 0.999985 0.000275319 0.00954586 0.00700287 0.999599 0.000449181 0.99218 0.000601828 0.92181 0.98129 0.726693 0.126613
82.86 1 0.013332 0.327698 0.0467875 0.817924 0.0231139 0.999781 0.0185179 0.99573 0.0181041 0.999785 0.0186772 0.961848 0.0109519 0.999995 0.0099451 0.999995 0.00876931 0.507043 0.00371669 1 0.000828646 0.999998 0.000722724 0.00542703 0.00389583 1 0.000259918 0.999987 0.000270253 0.00819722 0.00660049 0.999724 0.00042329 0.994824 0.000543266 0.929796 0.980215 0.70005 0.132838
82.9 1 0.012903 0.293838 0.0497242 0.785697 0.0237563 0.999814 0.018705 0.994129 0.0182964 0.999732 0.0189313 0.965116 0.0114052 0.999995 0.0104651 0.999995 0.00928922 0.536931 0.00383531 1 0.00093906 0.999998 0.000815386 0.00652865 0.00384009 1 0.000258262 0.999988 0.000265816 0.0070812 0.00623533 0.999809 0.000400513 0.996588 0.000495765 0.937417 0.978943 0.67272 0.139158
82.94 1 0.0124644 0.261281 0.0527376 0.749052 0.0245402 0.999842 0.0188729 0.991861 0.0184882 0.999662 0.0191684 0.967988 0.0118521 0.999994 0.0109693 0.999994 0.00980419 0.56461 0.00397491 1 0.00106295 0.999997 0.000919249 0.00793613 0.00379031 1 0.000257068 0.99999 0.000261972 0.00616013 0.00590645 0.999867 0.000380385 0.997758 0.000456767 0.944614 0.977448 0.64492 0.145541
82.98 1 0.0120171 0.230196 0.0558028 0.708023 0.0254902 0.999866 0.0190197 0.988628 0.0186846 0.999572 0.0193889 0.970519 0.0122912 0.999993 0.0114563 0.999993 0.0103123 0.590279 0.00413458 0.999999 0.00120084 0.999997 0.00103475 0.00972511 0.00374596 1 0.000256331 0.99999 0.000258703 0.00540201 0.00561173 0.999906 0.000362538 0.998529 0.000424397 0.951337 0.9757 0.616862 0.151955
83.02 1 0.0115635 0.20079 0.0588899 0.662914 0.0266316 0.999886 0.0191431 0.983996 0.0188924 0.999453 0.0195933 0.972757 0.012721 0.999992 0.0119248 0.999993 0.0108119 0.614137 0.00431321 0.999999 0.0013532 0.999997 0.0011623 0.0119867 0.00370653 1 0.000256059 0.999991 0.000256 0.00477982 0.00534844 0.999934 0.000346673 0.999036 0.000397261 0.957548 0.973667 0.588755 0.158365
83.06 1 0.011108 0.173277 0.0619641 0.614308 0.0279888 0.999903 0.0192389 0.97734 0.0191212 0.999293 0.0197815 0.974743 0.0131405 0.99999 0.0123742 0.999992 0.0113015 0.636369 0.00450957 0.999999 0.0015204 0.999997 0.00130225 0.0148286 0.00367153 1 0.00025627 0.999992 0.000253872 0.00427098 0.00511365 0.999952 0.00033254 0.999367 0.000374309 0.963224 0.971309 0.560794 0.164732
83.1 1 0.0106563 0.147855 0.0649873 0.563038 0.029584 0.999917 0.0193011 0.967773 0.0193841 0.999079 0.0199536 0.976512 0.0135485 0.999989 0.0128039 0.999991 0.0117798 0.657139 0.0047224 0.999999 0.00170274 0.999997 0.00145489 0.0183757 0.0036405 1 0.000256998 0.999992 0.000252338 0.00385685 0.00490444 0.999966 0.000319931 0.999584 0.000354741 0.968355 0.968585 0.533155 0.17102
83.14 1 0.010215 0.124683 0.0679194 0.510129 0.0314346 0.999929 0.0193209 0.95407 0.0196998 0.998787 0.0201091 0.978096 0.013944 0.999986 0.0132139 0.999991 0.0122459 0.676583 0.00495042 0.999999 0.00190043 0.999997 0.00162046 0.0227692 0.00361297 1 0.000258294 0.999992 0.000251433 0.00352222 0.00471802 0.999975 0.000308668 0.999725 0.000337938 0.972945 0.965447 0.505994 0.177194
83.18 1 0.00979101 0.103868 0.0707216 0.456712 0.0335519 0.99994 0.0192862 0.934625 0.0200949 0.998387 0.0202468 0.979523 0.0143262 0.999984 0.013604 0.99999 0.012699 0.694813 0.00519235 0.999999 0.00211352 0.999996 0.00179911 0.0281641 0.00358856 1 0.000260224 0.999992 0.00025121 0.00325478 0.00455184 0.999981 0.000298597 0.999818 0.000323418 0.977008 0.961845 0.479441 0.183221
83.22 1 0.00939073 0.0854557 0.0733584 0.403933 0.0359392 0.999948 0.0191811 0.907487 0.0206061 0.997834 0.0203651 0.980817 0.0146943 0.999981 0.0139746 0.999989 0.0131383 0.711915 0.00544696 0.999999 0.00234196 0.999996 0.00199089 0.0347246 0.00356691 1 0.000262875 0.999993 0.000251737 0.00304478 0.00440359 0.999986 0.000289587 0.999878 0.0003108 0.980571 0.957721 0.453606 0.189075
83.26 1 0.00901956 0.0694233 0.0758003 0.35287 0.0385902 0.999956 0.0189869 0.87059 0.0212834 0.997061 0.0204614 0.982 0.0150475 0.999977 0.014326 0.999988 0.0135634 0.727955 0.00571309 0.999999 0.00258551 0.999996 0.00219575 0.0426162 0.00354771 1 0.000266353 0.999993 0.0002531 0.00288462 0.00427122 0.999989 0.000281525 0.999918 0.00029978 0.983666 0.953015 0.428576 0.194737
83.3 1 0.00868156 0.0556861 0.0780259 0.304469 0.041488 0.999962 0.0186847 0.822255 0.0221912 0.995974 0.0205323 0.983091 0.0153851 0.999972 0.0146585 0.999986 0.013974 0.742978 0.00598961 0.999999 0.00284373 0.999995 0.00241349 0.0519949 0.00353077 1 0.000270787 0.999993 0.000255404 0.00276856 0.00415289 0.999992 0.00027431 0.999944 0.000290114 0.986333 0.947658 0.404418 0.200195
83.34 1 0.00837934 0.0441044 0.0800231 0.259493 0.0446053 0.999967 0.0182611 0.761937 0.0234071 0.99444 0.0205741 0.984107 0.0157064 0.999966 0.0149728 0.999985 0.0143699 0.757014 0.00627546 0.999999 0.00311601 0.999995 0.00264376 0.0629938 0.00351597 1 0.00027633 0.999992 0.000258774 0.00269253 0.00404702 0.999994 0.000267857 0.999962 0.000281604 0.988612 0.941582 0.381184 0.205446
83.38 1 0.00811404 0.0344963 0.0817889 0.218503 0.0479046 0.999972 0.0177148 0.690913 0.025015 0.992265 0.0205839 0.985064 0.0160106 0.999958 0.0152693 0.999983 0.0147509 0.770084 0.00656963 0.999998 0.00340147 0.999995 0.00288605 0.0757079 0.00350332 1 0.000283153 0.999992 0.000263351 0.00265389 0.0039522 0.999995 0.000262092 0.999974 0.000274088 0.990545 0.93471 0.358907 0.210499
83.42 1 0.00788561 0.0266513 0.0833294 0.181839 0.0513403 0.999975 0.0170623 0.612426 0.0270944 0.989176 0.0205609 0.985976 0.0162974 0.999947 0.0155487 0.999981 0.0151169 0.782204 0.00687117 0.999998 0.00369898 0.999994 0.00313965 0.0901779 0.00349298 0.999999 0.000291453 0.999992 0.000269295 0.00265141 0.00386721 0.999996 0.00025695 0.999982 0.00026743 0.992174 0.926963 0.337609 0.215372
83.46 1 0.00769295 0.0203456 0.0846578 0.149635 0.0548602 0.999979 0.0163367 0.530994 0.0297056 0.984789 0.0205086 0.986853 0.0165663 0.999933 0.0158114 0.999979 0.015468 0.793396 0.00717912 0.999998 0.00400721 0.999994 0.00340371 0.106378 0.00348526 0.999999 0.00030144 0.999992 0.00027678 0.00268511 0.00379099 0.999997 0.000252374 0.999987 0.000261521 0.99354 0.91826 0.3173 0.220094
83.5 1 0.00753422 0.0153541 0.0857932 0.121831 0.0584088 0.999981 0.0155805 0.451212 0.0328759 0.978577 0.0204365 0.987707 0.0168176 0.999913 0.0160584 0.999976 0.0158044 0.80369 0.00749254 0.999998 0.00432458 0.999994 0.00367718 0.124207 0.00348064 0.999999 0.000313343 0.999992 0.000285991 0.0027563 0.00372262 0.999997 0.000248315 0.999991 0.000256268 0.994678 0.908514 0.297983 0.224706
83.54 1 0.00740701 0.0114609 0.0867585 0.0982088 0.0619304 0.999984 0.0148344 0.376697 0.0365921 0.969829 0.0203605 0.988542 0.0170519 0.999884 0.0162903 0.999972 0.016126 0.813137 0.00781042 0.999998 0.00464941 0.999993 0.00395895 0.143492 0.00347975 0.999999 0.000327398 0.999991 0.000297119 0.00286762 0.00366129 0.999998 0.000244731 0.999993 0.000251594 0.995622 0.897641 0.279647 0.229259
83.58 1 0.00730848 0.00846688 0.087578 0.0784298 0.0653725 0.999986 0.0141284 0.309627 0.0407987 0.957609 0.0203037 0.989363 0.0172699 0.999843 0.0165084 0.999968 0.0164334 0.821796 0.00813173 0.999997 0.00497991 0.999993 0.00424782 0.163993 0.00348336 0.999999 0.000343846 0.999991 0.000310359 0.00302306 0.00360631 0.999998 0.000241584 0.999995 0.000247433 0.996402 0.885549 0.262273 0.233814
83.62 1 0.00723556 0.00619643 0.0882764 0.0621077 0.0686883 0.999988 0.0134783 0.250956 0.0454032 0.94075 0.0202951 0.990168 0.0174729 0.999784 0.0167138 0.999962 0.0167267 0.829741 0.00845533 0.999997 0.00531435 0.999992 0.00454259 0.185422 0.00349233 0.999999 0.000362925 0.999991 0.000325901 0.00322813 0.00355707 0.999998 0.000238843 0.999996 0.000243731 0.997044 0.872151 0.245841 0.238443
83.66 1 0.00718504 0.00449699 0.0888766 0.0488153 0.071839 0.999989 0.0128867 0.200833 0.0502833 0.917915 0.0203696 0.990954 0.0176621 0.999697 0.016908 0.999954 0.0170064 0.837049 0.00878007 0.999997 0.00565106 0.999992 0.00484215 0.207467 0.00350755 0.999999 0.000384864 0.99999 0.000343927 0.00348997 0.00351306 0.999999 0.000236479 0.999997 0.000240443 0.997572 0.857357 0.230332 0.243231
83.7 1 0.00715367 0.00323958 0.0893995 0.0381104 0.074795 0.99999 0.012347 0.158823 0.0552966 0.88774 0.0205672 0.991717 0.0178386 0.999569 0.0170927 0.999944 0.017273 0.843799 0.00910479 0.999997 0.00598852 0.999991 0.00514545 0.229812 0.00352988 0.999999 0.000409879 0.99999 0.000364607 0.00381764 0.0034738 0.999999 0.000234467 0.999998 0.000237531 0.998004 0.841077 0.215723 0.24827
83.74 1 0.00713824 0.00231908 0.0898626 0.029567 0.0775364 0.999991 0.0118467 0.124137 0.0602941 0.849053 0.0209326 0.992449 0.0180034 0.999377 0.0172698 0.999931 0.0175269 0.850056 0.00942837 0.999996 0.00632538 0.999991 0.00545154 0.252163 0.00356013 0.999999 0.000438168 0.999989 0.000388097 0.00422232 0.0034389 0.999999 0.000232786 0.999998 0.000234963 0.998358 0.823226 0.201979 0.253664
83.78 1 0.00713564 0.00165224 0.0902804 0.0228139 0.0800526 0.999992 0.0113718 0.095897 0.0651318 0.801226 0.0215148 0.993145 0.0181573 0.99909 0.0174416 0.999914 0.0177684 0.855876 0.00974976 0.999996 0.00666045 0.99999 0.00575956 0.274258 0.00359897 0.999999 0.000469906 0.999989 0.000414531 0.00471765 0.003408 0.999999 0.000231417 0.999999 0.000232714 0.998647 0.803716 0.189072 0.259528
83.82 1 0.00714303 0.00117279 0.0906638 0.017519 0.0823403 0.999993 0.0109106 0.0732573 0.0696799 0.744631 0.022364 0.993799 0.0183007 0.998656 0.0176103 0.999892 0.017998 0.861303 0.0100681 0.999995 0.0069927 0.999989 0.00606873 0.295875 0.00364692 0.999998 0.00050524 0.999989 0.000444024 0.00532005 0.00338077 0.999999 0.000230345 0.999999 0.000230763 0.998883 0.782468 0.176971 0.265989
83.86 1 0.00715781 0.000830336 0.091021 0.0133994 0.0844028 0.999994 0.0104569 0.0553649 0.0738307 0.680731 0.0235279 0.994409 0.0184339 0.998 0.0177787 0.999862 0.018216 0.866367 0.0103826 0.999995 0.00732119 0.999989 0.00637829 0.31684 0.00370435 0.999998 0.000544291 0.999988 0.000476669 0.006049 0.00335692 0.999999 0.000229556 0.999999 0.000229094 0.999076 0.759407 0.165642 0.273184
83.9 1 0.00717774 0.000587131 0.0913574 0.0102189 0.0862477 0.999995 0.0100108 0.0414126 0.0775063 0.611897 0.025047 0.994971 0.0185569 0.997004 0.0179496 0.999821 0.0184228 0.871092 0.0106926 0.999994 0.00764508 0.999988 0.00668749 0.337019 0.00377143 0.999998 0.000587145 0.999988 0.00051253 0.00692741 0.00333619 0.999999 0.000229042 0.999999 0.000227697 0.999233 0.734466 0.155051 0.281264
83.94 1 0.00720094 0.000415305 0.0916764 0.00778025 0.0878861 0.999995 0.00957749 0.0306654 0.0806626 0.540906 0.0269496 0.995485 0.0186691 0.995495 0.0181264 0.999766 0.0186185 0.875493 0.0109977 0.999993 0.00796358 0.999987 0.0069956 0.356322 0.0038482 0.999998 0.000633857 0.999987 0.000551648 0.00798183 0.00331834 0.999999 0.000228796 0.999999 0.000226563 0.999362 0.70759 0.145165 0.290395
83.98 1 0.00722591 0.000294456 0.0919799 0.00592212 0.0893313 0.999996 0.00916512 0.022481 0.083289 0.47045 0.0292495 0.995952 0.0187695 0.993208 0.0183129 0.999692 0.0188034 0.879588 0.0112974 0.999992 0.00827596 0.999986 0.00730186 0.374689 0.00393456 0.999998 0.000684442 0.999987 0.000594033 0.00924271 0.00330312 0.999999 0.000228813 0.999999 0.000225691 0.999467 0.678743 0.135952 0.300755
84.02 1 0.00725149 0.000209752 0.0922687 0.00451402 0.0905985 0.999996 0.00878212 0.0163141 0.0854055 0.402829 0.0319427 0.996374 0.0188563 0.989762 0.0185143 0.999589 0.0189778 0.883397 0.0115914 0.999991 0.00858157 0.999985 0.00760554 0.392095 0.00403024 0.999997 0.00073888 0.999987 0.00063967 0.0107443 0.00329034 0.999999 0.000229096 0.999999 0.000225081 0.999554 0.647913 0.127388 0.312535
84.06 1 0.00727684 0.000150503 0.0925429 0.00345176 0.0917031 0.999997 0.00843535 0.0117198 0.0870556 0.339639 0.0350071 0.996752 0.0189263 0.984603 0.0187376 0.999447 0.0191415 0.88694 0.0118794 0.99999 0.00887985 0.999985 0.00790595 0.408538 0.00413489 0.999997 0.000797116 0.999987 0.000688514 0.0125246 0.00327979 0.999999 0.000229648 1 0.000224738 0.999625 0.615124 0.119444 0.325937
84.1 1 0.00730139 0.000109083 0.0928023 0.00265324 0.0926614 0.999997 0.00812889 0.00833504 0.0882985 0.281846 0.0384039 0.99709 0.0189743 0.976943 0.0189926 0.99925 0.0192945 0.890238 0.012161 0.999989 0.00917032 0.999984 0.00820244 0.424035 0.00424804 0.999997 0.000859059 0.999986 0.000740496 0.0146248 0.0032713 0.999999 0.000230476 1 0.000224672 0.999683 0.580444 0.112088 0.341171
84.14 1 0.00732478 8.01042e-05 0.0930467 0.00205451 0.0934889 0.999997 0.00786415 0.00586813 0.0892009 0.229972 0.0420796 0.99739 0.0189928 0.965707 0.0192941 0.998978 0.0194363 0.893311 0.0124358 0.999987 0.00945261 0.999983 0.00849443 0.438617 0.00436915 0.999997 0.000924586 0.999986 0.000795522 0.0170886 0.00326469 0.999999 0.000231595 1 0.000224894 0.999731 0.544002 0.10529 0.358445
84.18 1 0.0073468 5.97908e-05 0.093276 0.00160626 0.094201 0.999998 0.00764051 0.00408883 0.0898305 0.18424 0.0459681 0.997657 0.018971 0.949496 0.0196631 0.998601 0.019566 0.89618 0.0127036 0.999985 0.00972643 0.999982 0.0087814 0.452322 0.0044976 0.999997 0.000993545 0.999986 0.000853477 0.0199617 0.00325983 0.999999 0.000233021 1 0.000225424 0.999771 0.506 0.0990198 0.377956
84.22 1 0.00736738 4.55146e-05 0.0934902 0.00127094 0.0948121 0.999998 0.00745604 0.00281861 0.0902515 0.14467 0.0499932 0.997893 0.0188945 0.926618 0.0201293 0.99808 0.0196819 0.898866 0.0129638 0.999982 0.00999158 0.999981 0.00906288 0.465188 0.00463275 0.999996 0.00106575 0.999986 0.000914223 0.0232897 0.00325659 0.999999 0.000234774 1 0.000226282 0.999804 0.466728 0.093247 0.399867
84.26 1 0.0073865 3.54571e-05 0.0936895 0.00102015 0.0953355 0.999998 0.00730804 0.00192116 0.0905211 0.111126 0.0540726 0.998102 0.0187464 0.895252 0.0207333 0.997364 0.0197819 0.901389 0.0132159 0.999979 0.0102479 0.99998 0.0093385 0.477249 0.00477393 0.999996 0.001141 0.999985 0.000977602 0.0271175 0.00325486 0.999999 0.000236882 1 0.000227494 0.999832 0.426575 0.087942 0.424289
84.3 1 0.00740423 2.83671e-05 0.0938742 0.000832662 0.0957834 0.999998 0.00719341 0.00129379 0.090688 0.0833352 0.0581228 0.998286 0.0185087 0.853799 0.0215276 0.996384 0.0198627 0.90377 0.0134594 0.999975 0.0104954 0.999979 0.00960791 0.488532 0.00492048 0.999996 0.00121904 0.999985 0.00104343 0.0314867 0.00325458 0.999999 0.000239374 1 0.000229089 0.999855 0.386035 0.0830754 0.451246
84.34 1 0.00742065 2.33885e-05 0.094045 0.000692723 0.0961668 0.999999 0.00710885 0.000860111 0.0907925 0.0608874 0.0620644 0.998448 0.0181668 0.801404 0.0225762 0.995049 0.0199208 0.906035 0.0136937 0.99997 0.010734 0.999977 0.00987087 0.499053 0.00507173 0.999996 0.00129959 0.999985 0.00111148 0.0364343 0.0032557 0.999999 0.000242285 1 0.0002311 0.999874 0.345692 0.0786174 0.480646
84.38 1 0.0074359 1.99412e-05 0.0942025 0.000588739 0.0964955 0.999999 0.00705091 0.000563874 0.0908662 0.0432534 0.0658285 0.998591 0.0177141 0.738493 0.0239508 0.993243 0.0199527 0.908216 0.013918 0.999964 0.0109638 0.999976 0.0101272 0.508822 0.00522708 0.999996 0.00138231 0.999985 0.00118152 0.0419901 0.0032582 0.999999 0.000245654 1 0.000233563 0.99989 0.306202 0.0745376 0.51225
84.42 1 0.00745007 1.76392e-05 0.0943476 0.000512255 0.0967781 0.999999 0.00701609 0.000364188 0.0909329 0.0298244 0.0693607 0.998717 0.0171575 0.666919 0.0257245 0.990811 0.019956 0.91035 0.0141317 0.999957 0.0111852 0.999974 0.010377 0.517849 0.00538593 0.999995 0.00146685 0.999985 0.00125326 0.0481753 0.00326211 0.999999 0.000249521 1 0.000236518 0.999903 0.268247 0.0708079 0.54565
84.46 1 0.00746329 1.62363e-05 0.0944812 0.000457195 0.097022 0.999999 0.0070009 0.00023155 0.0910092 0.0199337 0.0726238 0.998829 0.0165172 0.589637 0.0279635 0.987549 0.0199307 0.912481 0.0143342 0.999947 0.0113984 0.999972 0.0106204 0.526151 0.00554769 0.999995 0.00155278 0.999985 0.00132637 0.0550011 0.00326749 0.999999 0.000253931 1 0.000240008 0.999915 0.23248 0.0674012 0.580279
84.5 1 0.00747567 1.55931e-05 0.0946042 0.000419304 0.0972337 0.999999 0.00700188 0.000144856 0.0911062 0.0129012 0.0755987 0.998929 0.0158235 0.510031 0.0307194 0.98318 0.0198805 0.914655 0.014525 0.999935 0.0116043 0.99997 0.0108578 0.533766 0.00571175 0.999995 0.00163967 0.999985 0.00140053 0.0624682 0.00327442 0.999999 0.00025893 1 0.000244076 0.999924 0.199464 0.0642922 0.615433
84.54 1 0.00748729 1.56599e-05 0.0947175 0.000395746 0.0974186 0.999999 0.00701574 8.91663e-05 0.0912296 0.00808033 0.0782826 0.999018 0.0151099 0.431293 0.0340224 0.977325 0.0198133 0.91693 0.014704 0.999919 0.0118036 0.999967 0.0110898 0.540761 0.00587746 0.999995 0.0017271 0.999985 0.00147541 0.070566 0.00328303 0.999999 0.000264567 1 0.000248767 0.999933 0.169616 0.0614574 0.650334
84.58 1 0.00749823 1.64743e-05 0.0948219 0.000384836 0.0975812 0.999999 0.00703943 5.40422e-05 0.0913813 0.00489759 0.0806862 0.999099 0.0144062 0.356014 0.0378759 0.96946 0.0197419 0.919365 0.0148712 0.999897 0.0119978 0.999963 0.0113174 0.547242 0.00604406 0.999995 0.00181471 0.999985 0.00155072 0.0792746 0.00329347 0.999999 0.000270891 1 0.00025413 0.99994 0.143172 0.058876 0.68421
84.62 1 0.00750856 1.81749e-05 0.0949184 0.00038588 0.0977252 0.999999 0.00707018 3.22987e-05 0.0915606 0.0028749 0.0828293 0.999174 0.0137346 0.28616 0.0422527 0.958844 0.0196837 0.922011 0.0150269 0.999868 0.0121886 0.999959 0.0115419 0.553351 0.00621071 0.999994 0.00190223 0.999985 0.00162628 0.0885656 0.00330591 0.999999 0.000277952 1 0.000260212 0.999946 0.120183 0.0565306 0.71637
84.66 1 0.00751832 2.10374e-05 0.0950076 0.000399128 0.0978537 1 0.00710565 1.90822e-05 0.0917643 0.00163712 0.0847369 0.999245 0.0131085 0.223238 0.0470898 0.944443 0.0196613 0.924915 0.0151716 0.999828 0.0123779 0.999953 0.0117647 0.55926 0.00637643 0.999994 0.00198956 0.999985 0.00170202 0.0984053 0.00332052 0.999999 0.000285803 1 0.000267063 0.999951 0.100531 0.0544079 0.746272
84.7 1 0.00752758 2.55427e-05 0.0950903 0.000425822 0.097969 1 0.00714385 1.11825e-05 0.0919883 0.00090679 0.0864355 0.999311 0.0125331 0.168398 0.0522838 0.924835 0.0197032 0.928109 0.015306 0.999771 0.0125681 0.999945 0.0119877 0.565162 0.0065402 0.999994 0.0020768 0.999984 0.00177806 0.108757 0.0033375 0.999999 0.000294497 1 0.000274734 0.999955 0.0839713 0.0524977 0.773556
84.74 1 0.00753636 3.25007e-05 0.0951669 0.000468352 0.0980729 1 0.00718321 6.52848e-06 0.0922277 0.000490374 0.0879505 0.999374 0.0120064 0.1224 0.05769 0.898152 0.0198456 0.931608 0.0154309 0.999689 0.0127617 0.999936 0.0122125 0.571257 0.00670098 0.999994 0.00216427 0.999984 0.00185467 0.119586 0.00335704 0.999999 0.00030409 1 0.000283277 0.999959 0.0701765 0.0507939 0.79805
84.78 1 0.00754471 4.32687e-05 0.0952381 0.000530549 0.0981668 1 0.00722249 3.8166e-06 0.0924774 0.000260131 0.0893046 0.999435 0.0115202 0.0854894 0.0631279 0.862115 0.0201353 0.935408 0.0155475 0.999571 0.0129613 0.999924 0.0124411 0.577734 0.00685783 0.999993 0.00225252 0.999984 0.00193235 0.130858 0.0033793 0.999999 0.00031464 1 0.000292749 0.999963 0.058784 0.0492934 0.819744
84.82 1 0.00755268 6.01374e-05 0.0953043 0.000618147 0.0982515 1 0.00726073 2.247e-06 0.0927327 0.00013612 0.0905164 0.999493 0.0110609 0.057291 0.0683972 0.814305 0.0206328 0.939483 0.0156569 0.999396 0.0131695 0.999907 0.012675 0.584762 0.00700995 0.999993 0.00234232 0.999984 0.00201177 0.142545 0.00340445 0.999999 0.000326213 1 0.000303209 0.999965 0.0494312 0.0479957 0.838751
84.86 1 0.00756033 8.70166e-05 0.0953656 0.000739478 0.0983277 1 0.00729718 1.34024e-06 0.0929889 7.0698e-05 0.0916009 0.999548 0.0106119 0.0368421 0.0733009 0.752803 0.0214138 0.943783 0.0157601 0.999133 0.0133892 0.999886 0.0129155 0.592467 0.00715683 0.999992 0.00243463 0.999983 0.00209376 0.154621 0.00343263 0.999999 0.000338879 1 0.000314725 0.999968 0.0417792 0.0469021 0.855269
84.9 1 0.00756773 0.000130663 0.0954223 0.000906487 0.0983952 1 0.00733119 8.14709e-07 0.093242 3.66847e-05 0.0925697 0.9996 0.010157 0.0227726 0.0776707 0.677202 0.0225689 0.948243 0.0158584 0.99873 0.0136229 0.999856 0.0131636 0.600937 0.00729826 0.999992 0.00253055 0.999983 0.00217929 0.167068 0.00346396 0.999999 0.000352716 1 0.000327369 0.99997 0.0355268 0.0460152 0.86954
84.94 1 0.00757496 0.00020289 0.0954742 0.00113619 0.0984538 1 0.00736224 5.07606e-07 0.0934883 1.91435e-05 0.0934318 0.999648 0.00968695 0.0135692 0.0813858 0.589643 0.0241958 0.952785 0.0159526 0.998101 0.0138731 0.999816 0.0134198 0.610211 0.00743442 0.999991 0.00263123 0.999982 0.00226936 0.179867 0.00349857 0.999999 0.000367811 1 0.00034122 0.999971 0.0304156 0.045338 0.881825
84.98 1 0.00758218 0.000324554 0.0955209 0.00145273 0.0985025 1 0.0073899 3.25822e-07 0.0937242 1.01102e-05 0.0941942 0.999692 0.00920426 0.00782416 0.0843844 0.495092 0.0263844 0.957322 0.0160436 0.997106 0.0141423 0.99976 0.0136838 0.620296 0.00756586 0.99999 0.0027379 0.999981 0.00236507 0.192999 0.00353655 0.999999 0.00038426 1 0.000356368 0.999973 0.0262292 0.0448737 0.892376
85.02 1 0.00758959 0.000532776 0.0955611 0.00189038 0.0985398 1 0.00741394 2.16408e-07 0.093947 5.43597e-06 0.0948631 0.999733 0.00872367 0.00438714 0.0866645 0.400174 0.0291956 0.961769 0.0161316 0.99551 0.0144328 0.99968 0.0139551 0.631155 0.00769343 0.999988 0.00285177 0.99998 0.0024675 0.206449 0.00357803 0.999999 0.00040217 1 0.000372911 0.999974 0.02279 0.044626 0.901432
85.06 1 0.00759751 0.000893979 0.0955927 0.00249757 0.0985634 1 0.00743436 1.49263e-07 0.0941542 2.99153e-06 0.0954444 0.999768 0.00826718 0.00240489 0.0882773 0.311387 0.0326407 0.966049 0.0162163 0.992915 0.0147474 0.999564 0.0142326 0.64273 0.00781824 0.999987 0.00297402 0.999979 0.00257772 0.220202 0.0036231 0.999999 0.000421657 1 0.000390956 0.999975 0.0199538 0.0445986 0.909207
85.1 1 0.00760645 0.00152732 0.0956113 0.00334266 0.0985698 1 0.00745139 1.07199e-07 0.0943441 1.69294e-06 0.0959441 0.9998 0.00785664 0.00129581 0.0893154 0.233571 0.0366672 0.970098 0.0162959 0.988648 0.0150903 0.999394 0.0145146 0.654946 0.00794162 0.999985 0.00310579 0.999978 0.00269678 0.23425 0.00367189 0.999999 0.00044285 1 0.000410623 0.999976 0.0176045 0.0447958 0.91589
85.14 1 0.00761724 0.00264634 0.0956087 0.00452166 0.0985542 1 0.00746548 8.03112e-08 0.0945158 9.89034e-07 0.0963689 0.999827 0.00750794 0.000690001 0.0898957 0.169253 0.0411568 0.973865 0.0163658 0.981576 0.0154686 0.999142 0.0147992 0.667719 0.00806493 0.999982 0.00324816 0.999977 0.0028257 0.24859 0.00372448 0.999999 0.000465894 0.999999 0.000432046 0.999976 0.0156493 0.0452223 0.921644
85.18 1 0.00763124 0.00463183 0.0955701 0.0061687 0.0985102 1 0.0074772 6.28246e-08 0.0946691 5.98346e-07 0.0967264 0.999851 0.00722865 0.000364957 0.0901424 0.118797 0.0459396 0.977313 0.016417 0.969831 0.015896 0.998761 0.015084 0.680956 0.00818955 0.999979 0.00340215 0.999975 0.00296548 0.263224 0.00378099 0.999999 0.000490951 0.999999 0.000455375 0.999977 0.0140142 0.0458835 0.926609
85.22 1 0.0076507 0.00815528 0.095469 0.00846978 0.098429 1 0.00748715 5.13262e-08 0.0948046 3.75703e-07 0.0970246 0.999871 0.00701875 0.000192659 0.0901723 0.0810219 0.0508201 0.980423 0.0164332 0.95045 0.0163983 0.998183 0.0153659 0.694549 0.0083168 0.999974 0.0035687 0.999973 0.00311704 0.278159 0.00384151 0.999998 0.0005182 0.999999 0.000480781 0.999977 0.0126399 0.0467853 0.930904
85.26 1 0.00767938 0.0143776 0.0952578 0.0116803 0.0982992 1 0.00749594 4.37714e-08 0.0949234 2.45191e-07 0.097272 0.999889 0.00687265 0.000101951 0.0900851 0.0538888 0.0556094 0.983188 0.0163877 0.919089 0.0170207 0.997295 0.0156409 0.708382 0.00844787 0.999969 0.00374863 0.999971 0.00328125 0.293392 0.00390615 0.999998 0.000547847 0.999999 0.000508455 0.999977 0.0114791 0.0479341 0.934629
85.3 1 0.00772352 0.0252388 0.0948549 0.0161467 0.0981068 1 0.00750407 3.89244e-08 0.095027 1.6642e-07 0.0974771 0.999903 0.00678147 5.42895e-05 0.0899578 0.0350858 0.0601532 0.985614 0.0162422 0.870316 0.0178388 0.995928 0.0159038 0.72234 0.00858373 0.999961 0.00394263 0.999969 0.00345886 0.308904 0.00397503 0.999998 0.000580113 0.999999 0.000538607 0.999977 0.0104942 0.0493373 0.937868
85.34 1 0.00779329 0.0437956 0.0941244 0.0223308 0.097835 1 0.00751202 3.60404e-08 0.0951169 1.17464e-07 0.0976478 0.999915 0.0067349 2.9186e-05 0.0898442 0.0224503 0.0643478 0.987716 0.0159512 0.799313 0.0189675 0.99382 0.0161473 0.736322 0.00872506 0.999951 0.00415121 0.999966 0.00365052 0.324647 0.00404834 0.999998 0.000615234 0.999999 0.000571462 0.999977 0.00965468 0.0510025 0.940694
85.38 1 0.00790476 0.0743983 0.0928562 0.0308366 0.0974649 1 0.00752019 3.4684e-08 0.0951949 8.61496e-08 0.0977917 0.999926 0.00672261 1.58862e-05 0.0897776 0.0141798 0.0681425 0.989518 0.0154779 0.705202 0.0205599 0.990577 0.0163632 0.750236 0.00887218 0.999938 0.00437474 0.999962 0.00385676 0.340533 0.00412631 0.999998 0.000653446 0.999999 0.000607248 0.999977 0.00893624 0.0529388 0.943166
85.42 1 0.00808169 0.122174 0.0907609 0.0424322 0.0969768 1 0.00752905 3.46286e-08 0.0952626 6.55645e-08 0.0979153 0.999934 0.00673517 8.77627e-06 0.0897744 0.00887929 0.0715325 0.991048 0.0148199 0.594095 0.0227859 0.985613 0.0165444 0.764013 0.00902506 0.99992 0.00461339 0.999958 0.00407799 0.35643 0.00420931 0.999998 0.000694969 0.999999 0.000646178 0.999977 0.00831913 0.055156 0.945334
85.46 1 0.00835561 0.191083 0.0875165 0.0580421 0.0963504 1 0.0075391 3.58508e-08 0.0953216 5.17393e-08 0.0980248 0.999942 0.00676458 4.92685e-06 0.0898385 0.0055332 0.0745439 0.992335 0.014025 0.478024 0.0257877 0.978086 0.0166896 0.777632 0.00918356 0.999895 0.00486727 0.999952 0.00431455 0.372189 0.00429776 0.999997 0.000739984 0.999999 0.000688433 0.999976 0.00778735 0.0576702 0.947243
85.5 1 0.00876118 0.280605 0.0829011 0.0786306 0.095563 1 0.00755094 3.87228e-08 0.0953737 4.25021e-08 0.0981255 0.999948 0.00680462 2.80301e-06 0.0899658 0.00343707 0.0772187 0.993411 0.0131761 0.369303 0.0296311 0.966811 0.016809 0.791107 0.00934749 0.999859 0.00513651 0.999945 0.00456681 0.387689 0.00439213 0.999997 0.00078863 0.999999 0.000734156 0.999975 0.00732794 0.0605224 0.948929
85.54 1 0.00932585 0.383745 0.0769739 0.105121 0.0945828 1 0.00756515 4.41015e-08 0.0954206 3.65704e-08 0.0982224 0.999953 0.00685079 1.60613e-06 0.0901479 0.00212682 0.079602 0.994308 0.0123541 0.275849 0.0342778 0.950197 0.0169276 0.804465 0.00951688 0.999807 0.00542144 0.999936 0.00483526 0.402875 0.00449281 0.999997 0.000841018 0.999999 0.000783465 0.999975 0.00693041 0.0637778 0.950423
85.58 1 0.0100584 0.489303 0.0701498 0.138301 0.0933566 1 0.00758217 5.33932e-08 0.0954639 3.31025e-08 0.0983198 0.999958 0.00690004 9.2286e-07 0.0903743 0.00130983 0.0817343 0.995058 0.0116106 0.20039 0.0395856 0.926241 0.0170856 0.817717 0.00969196 0.999731 0.00572263 0.999924 0.00512048 0.417766 0.00460001 0.999997 0.000897261 0.999999 0.000836479 0.999974 0.00658627 0.0675076 0.951752
85.62 1 0.0109447 0.587056 0.0630572 0.178677 0.0918023 1 0.0076021 6.90403e-08 0.0955045 3.15976e-08 0.0984217 0.999963 0.00695039 5.307e-07 0.0906347 0.000802253 0.0836486 0.995689 0.0109618 0.142128 0.0453321 0.892685 0.0173363 0.830839 0.00987315 0.999618 0.0060409 0.999909 0.00542314 0.43244 0.00471369 0.999996 0.000957508 0.999999 0.000893352 0.999973 0.00628869 0.0717869 0.95294
85.66 0.999999 0.0119536 0.671187 0.0562867 0.226277 0.0898188 1 0.00762467 9.53829e-08 0.0955417 3.19176e-08 0.0985307 0.999967 0.00700055 3.06093e-07 0.0909195 0.000487512 0.0853707 0.996223 0.010398 0.0986153 0.0512511 0.847417 0.0177436 0.843767 0.010061 0.999447 0.00637724 0.999889 0.00574383 0.447013 0.00483366 0.999996 0.00102197 0.999998 0.000954303 0.999972 0.00603214 0.076714 0.954007
85.7 0.999999 0.0130476 0.740238 0.0502245 0.280473 0.0873156 1 0.00764933 1.40334e-07 0.0955735 3.42818e-08 0.0986484 0.999971 0.00704954 1.78075e-07 0.0912204 0.00029288 0.0869205 0.996682 0.00989679 0.0669873 0.0570719 0.789168 0.0183798 0.856407 0.0102559 0.999186 0.00673265 0.999862 0.00608289 0.461615 0.00495951 0.999995 0.00109096 0.999998 0.00101963 0.99997 0.00581226 0.0824154 0.954971
85.74 0.999999 0.0141911 0.795385 0.0450328 0.339973 0.0842471 1 0.00767536 2.18944e-07 0.0955963 3.921e-08 0.0987752 0.999974 0.00709661 1.05038e-07 0.09153 0.000173755 0.0883138 0.99708 0.00943416 0.0445654 0.0625526 0.718323 0.0193214 0.868659 0.0104585 0.998785 0.00710813 0.999825 0.00644036 0.47636 0.00509083 0.999994 0.00116488 0.999998 0.00108974 0.999969 0.00562567 0.0890141 0.955849
85.78 0.999999 0.0153539 0.838835 0.0407139 0.402968 0.0806354 0.999999 0.00770202 3.60233e-07 0.0956056 4.77277e-08 0.0989103 0.999977 0.00714111 6.31542e-08 0.0918421 0.000101852 0.0895629 0.997427 0.00899308 0.0290505 0.0675034 0.637372 0.0206436 0.880432 0.0106687 0.998163 0.00750461 0.999776 0.00681588 0.491331 0.00522718 0.999994 0.00124421 0.999998 0.0011651 0.999967 0.00546979 0.0966333 0.956654
85.82 0.999998 0.016511 0.872898 0.0371843 0.467397 0.0765714 0.999999 0.00772862 6.21104e-07 0.0955969 6.16888e-08 0.0990521 0.99998 0.00718252 3.89126e-08 0.0921512 5.91063e-05 0.0906786 0.997733 0.00856726 0.0185681 0.0717992 0.550605 0.0224118 0.891649 0.0108864 0.997191 0.007923 0.999708 0.00720872 0.506583 0.00536826 0.999993 0.00132953 0.999998 0.0012463 0.999965 0.00534274 0.105395 0.9574
85.86 0.999997 0.0176406 0.8996 0.0343286 0.531242 0.0721975 0.999999 0.00775455 1.11472e-06 0.0955665 8.43547e-08 0.0991984 0.999982 0.00722049 2.46922e-08 0.0924527 3.40638e-05 0.0916701 0.998004 0.00816051 0.0116474 0.0753832 0.463146 0.0246717 0.902254 0.0111112 0.995666 0.00836429 0.999615 0.00761778 0.522147 0.00551389 0.999992 0.00142149 0.999997 0.00133397 0.999962 0.00524326 0.115414 0.958097
85.9 0.999997 0.0187231 0.920583 0.0320296 0.592772 0.0676789 0.999999 0.0077793 2.06863e-06 0.0955118 1.21446e-07 0.0993469 0.999984 0.00725488 1.62066e-08 0.0927427 1.95753e-05 0.0925462 0.998243 0.00778268 0.0071792 0.0782611 0.379732 0.0274402 0.912203 0.0113416 0.993264 0.00882975 0.999483 0.00804165 0.538035 0.00566404 0.99999 0.00152079 0.999997 0.00142884 0.999959 0.00517065 0.126794 0.958757
85.94 0.999995 0.0197405 0.937134 0.0301815 0.650659 0.063176 0.999999 0.00780247 3.94378e-06 0.0954318 1.83043e-07 0.099495 0.999986 0.00728574 1.10413e-08 0.0930184 1.12698e-05 0.0933157 0.998456 0.00744457 0.00435643 0.0804887 0.303828 0.0307001 0.921466 0.0115757 0.989473 0.00932141 0.999296 0.00847858 0.554237 0.0058188 0.999988 0.0016282 0.999997 0.00153168 0.999956 0.00512467 0.139617 0.959387
85.98 0.999994 0.0206772 0.950239 0.0286947 0.704 0.0588242 0.999999 0.00782371 7.67755e-06 0.0953269 2.8701e-07 0.0996401 0.999987 0.00731329 7.82879e-09 0.0932776 6.53254e-06 0.0939876 0.998643 0.00715426 0.00260833 0.0821551 0.237471 0.0343976 0.93003 0.0118098 0.983487 0.00984293 0.999029 0.0089265 0.570724 0.0059784 0.999986 0.00174454 0.999996 0.00164334 0.999952 0.00510558 0.153939 0.959996
86.02 0.999992 0.0215206 0.960653 0.0274955 0.752261 0.0547243 0.999998 0.00784281 1.51765e-05 0.0951988 4.65127e-07 0.0997801 0.999988 0.00733788 5.78755e-09 0.0935191 3.8316e-06 0.0945711 0.998808 0.00691582 0.00154472 0.0833661 0.181472 0.0384457 0.937891 0.0120375 0.974067 0.0104012 0.998644 0.009383 0.587452 0.00614315 0.999983 0.00187066 0.999996 0.0017647 0.999947 0.00511403 0.16978 0.960592
86.06 0.99999 0.022262 0.968952 0.0265244 0.795203 0.050942 0.999998 0.00785961 3.03059e-05 0.0950499 7.7396e-07 0.0999129 0.999989 0.00735991 4.46511e-09 0.0937426 2.28485e-06 0.0950756 0.998953 0.00672951 0.000907294 0.0842295 0.135713 0.0427312 0.945055 0.0122494 0.959368 0.0110085 0.998085 0.00984528 0.604362 0.00631346 0.999979 0.00200743 0.999995 0.00189669 0.999941 0.00515107 0.187118 0.96118
86.1 0.999987 0.0228962 0.975578 0.025734 0.832816 0.0475118 0.999997 0.00787405 6.08529e-05 0.0948833 1.31391e-06 0.100037 0.99999 0.00737978 3.59569e-09 0.0939483 1.3911e-06 0.0955108 0.999079 0.00659265 0.00052999 0.0848446 0.0994366 0.0471264 0.951536 0.0124305 0.936797 0.0116865 0.99727 0.01031 0.621384 0.00648974 0.999973 0.00215574 0.999994 0.00204026 0.999934 0.00521813 0.205885 0.961768
86.14 0.999983 0.0234224 0.980872 0.0250863 0.865256 0.0444437 0.999996 0.00788617 0.000122361 0.094702 2.26209e-06 0.10015 0.999991 0.00739787 3.0208e-09 0.0941368 8.6788e-07 0.0958857 0.999189 0.00650058 0.000308769 0.0852962 0.071492 0.0515038 0.957356 0.01256 0.903072 0.0124705 0.996078 0.0107729 0.638435 0.00667242 0.999966 0.00231643 0.999993 0.00219634 0.999926 0.00531695 0.225968 0.962358
86.18 0.999979 0.0238428 0.985098 0.0245515 0.892804 0.0417305 0.999996 0.00789608 0.000245486 0.0945087 3.92782e-06 0.100253 0.999991 0.00741451 2.64472e-09 0.0943093 5.5648e-07 0.0962093 0.999284 0.00644747 0.000179911 0.0856518 0.0505361 0.0557502 0.962544 0.0126117 0.854752 0.0134149 0.994329 0.0112291 0.655437 0.00686185 0.999957 0.00249032 0.999992 0.00236585 0.999915 0.00544963 0.24721 0.962957
86.22 0.999973 0.0241631 0.988464 0.0241058 0.915831 0.0393533 0.999995 0.00790403 0.000489833 0.0943048 6.84461e-06 0.100344 0.999992 0.00742997 2.40922e-09 0.0944671 3.6754e-07 0.0964896 0.999367 0.0064269 0.000105115 0.0859619 0.0351983 0.059778 0.967137 0.0125578 0.789554 0.014597 0.991769 0.0116728 0.67233 0.00705824 0.999945 0.00267816 0.99999 0.0025497 0.999903 0.00561854 0.269416 0.963567
86.26 0.999965 0.0243911 0.991136 0.0237304 0.934775 0.0372862 0.999993 0.00791041 0.000969376 0.0940896 1.19187e-05 0.100423 0.999992 0.00744445 2.27917e-09 0.0946114 2.50434e-07 0.0967338 0.999438 0.00643237 6.17356e-05 0.0862611 0.0242202 0.06353 0.971173 0.0123789 0.708079 0.0161143 0.988035 0.0120978 0.689068 0.0072616 0.999929 0.00288066 0.999988 0.00274876 0.999888 0.00582635 0.292368 0.964191
86.3 0.999956 0.0245365 0.993245 0.0234107 0.950107 0.0354999 0.999992 0.00791591 0.00189796 0.0938582 2.06632e-05 0.100491 0.999992 0.0074581 2.23418e-09 0.0947437 1.762e-07 0.0969483 0.999499 0.00645775 3.65358e-05 0.086571 0.0165152 0.0669789 0.974696 0.0120744 0.614816 0.0180738 0.982625 0.0124993 0.705622 0.00747178 0.999906 0.0030985 0.999986 0.00296387 0.999869 0.00607601 0.315833 0.964831
86.34 0.999944 0.0246102 0.994899 0.023135 0.962318 0.0339639 0.99999 0.00792164 0.00366802 0.0935983 3.55581e-05 0.100549 0.999992 0.00747104 2.26394e-09 0.0948652 1.28051e-07 0.0971384 0.999552 0.00649758 2.18365e-05 0.0869028 0.0111939 0.0701218 0.977754 0.0116687 0.517192 0.0205712 0.974861 0.0128764 0.721979 0.00768854 0.999875 0.00333232 0.999983 0.0031959 0.999846 0.00637071 0.339576 0.965489
86.38 0.999928 0.0246237 0.996185 0.0228943 0.971888 0.0326484 0.999988 0.00792953 0.00698062 0.093285 6.05877e-05 0.1006 0.999993 0.00748334 2.36554e-09 0.0949771 9.61052e-08 0.0973087 0.999598 0.00654727 1.32074e-05 0.0872602 0.00756414 0.0729727 0.980397 0.0112041 0.423001 0.0236681 0.96387 0.0132349 0.738151 0.00791169 0.999831 0.00358279 0.999979 0.00344572 0.999818 0.00671391 0.363372 0.966165
86.42 0.999909 0.0245883 0.997176 0.0226817 0.97927 0.0315249 0.999985 0.00794286 0.0130454 0.0928715 0.000102025 0.100648 0.999993 0.00749508 2.54222e-09 0.0950806 7.44453e-08 0.0974627 0.999637 0.00660319 8.09889e-06 0.0876421 0.00510999 0.0755542 0.982673 0.0107259 0.337984 0.0273731 0.948589 0.0135889 0.754137 0.00814112 0.99977 0.00385068 0.999973 0.00371426 0.999784 0.00710927 0.387017 0.966859
86.46 0.999884 0.0245151 0.997931 0.0224916 0.98488 0.0305667 0.999983 0.00796713 0.0238508 0.0922763 0.000169551 0.100699 0.999993 0.00750635 2.80303e-09 0.0951767 5.94607e-08 0.0976034 0.999671 0.0066626 5.04355e-06 0.0880445 0.00345989 0.0778918 0.98463 0.0102687 0.265025 0.0316353 0.92781 0.0139616 0.769908 0.00837696 0.999682 0.0041368 0.999966 0.00400247 0.999741 0.00756071 0.410331 0.96757
86.5 0.999852 0.024414 0.998501 0.02232 0.989081 0.0297497 0.999979 0.00801135 0.0424352 0.091365 0.000277826 0.100766 0.999993 0.00751728 3.16322e-09 0.0952664 4.89064e-08 0.0977333 0.9997 0.00672349 3.19436e-06 0.0884619 0.00235307 0.0800102 0.986314 0.00985086 0.204689 0.0363478 0.900317 0.0143845 0.785409 0.00861952 0.999555 0.004442 0.999957 0.00431124 0.999689 0.00807232 0.433167 0.968298
86.54 0.999812 0.0242943 0.998925 0.0221637 0.992184 0.0290518 0.999976 0.00808938 0.0729204 0.0899358 0.000448666 0.100868 0.999993 0.00752808 3.64543e-09 0.0953509 4.13589e-08 0.0978545 0.999725 0.00678441 2.06014e-06 0.0888887 0.00161038 0.0819311 0.987764 0.00947635 0.156138 0.0413613 0.865112 0.0148951 0.800559 0.00886929 0.999371 0.00476711 0.999944 0.0046413 0.999624 0.0086484 0.455411 0.969039
86.58 0.99976 0.0241639 0.999237 0.0220204 0.994449 0.028453 0.999971 0.00822075 0.119831 0.0877231 0.000714083 0.101035 0.999993 0.00753904 4.28192e-09 0.0954317 3.58967e-08 0.0979686 0.999746 0.00684427 1.3542e-06 0.089319 0.00111067 0.0836734 0.989018 0.00913982 0.117878 0.0465028 0.821722 0.0155353 0.815267 0.00912678 0.999104 0.00511286 0.999926 0.00499312 0.999543 0.00929344 0.476986 0.969792
86.62 0.999695 0.0240298 0.999464 0.0218882 0.996082 0.0279349 0.999967 0.00842925 0.186222 0.0844502 0.00112042 0.101309 0.999993 0.0075506 5.12014e-09 0.0955106 3.19223e-08 0.0980777 0.999765 0.00690227 9.0768e-07 0.0897477 0.000772808 0.085253 0.990106 0.0088322 0.0882292 0.0515956 0.770464 0.0163483 0.829442 0.00939245 0.998713 0.00547988 0.999901 0.0053669 0.999443 0.0100121 0.497844 0.970555
86.66 0.999611 0.0238977 0.999627 0.0217658 0.997248 0.0274811 0.999962 0.00873735 0.27098 0.0799499 0.00173201 0.101738 0.999992 0.00756325 6.25602e-09 0.0955901 2.91471e-08 0.0981836 0.999782 0.00695777 6.19143e-07 0.0901702 0.000542461 0.0866835 0.991052 0.00854499 0.0655568 0.0564786 0.712513 0.0173762 0.843014 0.00966655 0.99814 0.0058687 0.999867 0.00576243 0.999318 0.0108093 0.517934 0.971324
86.7 0.999504 0.023772 0.999743 0.0216522 0.998073 0.0270771 0.999956 0.00915667 0.367656 0.0743054 0.00263763 0.102371 0.999992 0.00757749 7.84429e-09 0.0956731 2.73858e-08 0.0982885 0.999796 0.00701031 4.28894e-07 0.0905825 0.000383922 0.0879764 0.991879 0.00827274 0.048415 0.061021 0.649814 0.0186568 0.855939 0.00994902 0.997299 0.00627978 0.999818 0.0061792 0.999165 0.0116899 0.537229 0.972097
86.74 0.999368 0.0236553 0.999824 0.0215465 0.998652 0.0267106 0.99995 0.0096798 0.46673 0.067889 0.00396004 0.103235 0.999992 0.00759365 1.01347e-08 0.0957629 2.65166e-08 0.0983947 0.999809 0.00705957 3.00996e-07 0.0909812 0.000273675 0.0891421 0.992605 0.0080139 0.0355799 0.0651299 0.584752 0.0202203 0.868185 0.0102394 0.99606 0.00671361 0.999749 0.00661639 0.998975 0.0126588 0.555739 0.972869
86.78 0.999195 0.0235486 0.999881 0.0214478 0.999057 0.0263725 0.999944 0.0102794 0.55961 0.0612347 0.00586595 0.104321 0.999992 0.0076118 1.35847e-08 0.0958623 2.65469e-08 0.098504 0.999822 0.00710538 2.13016e-07 0.0913637 0.000196018 0.09019 0.993246 0.00777012 0.0260431 0.0687538 0.519705 0.0220869 0.879729 0.0105367 0.994235 0.00717081 0.999649 0.00707285 0.99874 0.0137212 0.573481 0.973639
86.82 0.998976 0.0234515 0.99992 0.0213553 0.99934 0.0260562 0.999938 0.010916 0.641239 0.0548409 0.00858341 0.10558 0.999992 0.00763166 1.89507e-08 0.0959734 2.75131e-08 0.0986182 0.999834 0.00714769 1.51698e-07 0.0917279 0.000140828 0.091129 0.993817 0.00754476 0.0189978 0.071879 0.456744 0.0242642 0.890557 0.0108393 0.991552 0.00765232 0.999503 0.00754712 0.998451 0.0148823 0.590486 0.974403
86.86 0.998699 0.0233625 0.999946 0.0212681 0.999536 0.0257577 0.999931 0.0115493 0.710065 0.0490412 0.0124224 0.106926 0.999991 0.00765274 2.75133e-08 0.0960965 2.95074e-08 0.0987377 0.999845 0.00718657 1.08676e-07 0.0920724 0.000101384 0.0919675 0.994329 0.0073414 0.0138184 0.0745232 0.397385 0.0267469 0.900657 0.0111449 0.98762 0.00815966 0.99929 0.00803737 0.998095 0.0161474 0.606791 0.975157
86.9 0.998351 0.0232799 0.999964 0.021185 0.999673 0.0254746 0.999925 0.0121472 0.766734 0.0439873 0.0177986 0.108252 0.999991 0.00767447 4.1481e-08 0.0962306 3.27034e-08 0.0988626 0.999857 0.00722217 7.83937e-08 0.0923963 7.31113e-05 0.0927141 0.994792 0.00716275 0.0100268 0.076727 0.34257 0.0295165 0.910026 0.0114499 0.981884 0.00869549 0.998975 0.00854147 0.997658 0.0175217 0.622435 0.975899
86.94 0.997913 0.0232022 0.999976 0.0211047 0.999769 0.0252052 0.999918 0.0126902 0.812833 0.0396968 0.0252568 0.109436 0.99999 0.00769627 6.46975e-08 0.0963729 3.73782e-08 0.0989921 0.999867 0.0072547 5.70436e-08 0.0926994 5.28247e-05 0.0933769 0.995214 0.00701018 0.00726118 0.0785441 0.29278 0.0325433 0.918673 0.0117491 0.973581 0.00926438 0.998508 0.00905693 0.997123 0.0190107 0.637452 0.976627
86.98 0.997367 0.0231281 0.999984 0.0210259 0.999836 0.0249483 0.999911 0.0131718 0.850133 0.0361118 0.035489 0.110356 0.999989 0.00771768 1.03891e-07 0.0965198 4.39452e-08 0.0991247 0.999878 0.00728441 4.1964e-08 0.0929817 3.82684e-05 0.0939641 0.995599 0.00688377 0.00525031 0.0800342 0.248171 0.0357873 0.926612 0.0120353 0.961694 0.00987387 0.997809 0.00958097 0.996467 0.0206197 0.651872 0.977337
87.02 0.996687 0.0230571 0.999989 0.0209471 0.999883 0.0247027 0.999903 0.0135962 0.880248 0.0331436 0.0493341 0.11089 0.999988 0.00773836 1.70869e-07 0.0966666 5.30007e-08 0.0992589 0.999887 0.00731155 3.12823e-08 0.0932437 2.78264e-05 0.0944835 0.995952 0.00678258 0.00379223 0.0812564 0.208683 0.039201 0.933865 0.0122986 0.944937 0.010536 0.996761 0.0101106 0.995666 0.0223541 0.665725 0.978026
87.06 0.995844 0.0229889 0.999993 0.0208668 0.999916 0.0244671 0.999895 0.0139753 0.904537 0.0306982 0.0677429 0.11092 0.999987 0.00775811 2.8637e-07 0.0968085 6.53941e-08 0.0993932 0.999896 0.00733637 2.36809e-08 0.0934862 2.03342e-05 0.0949425 0.996275 0.00670502 0.00273752 0.0822657 0.17412 0.0427319 0.940463 0.0125261 0.921809 0.0112688 0.995188 0.0106426 0.994689 0.0242188 0.679036 0.978694
87.1 0.994805 0.0229238 0.999995 0.0207833 0.99994 0.0242397 0.999887 0.0143262 0.9241 0.0286893 0.0916881 0.110333 0.999986 0.00777682 4.86771e-07 0.0969404 8.23301e-08 0.0995259 0.999904 0.00735913 1.82362e-08 0.0937101 1.49522e-05 0.0953483 0.996573 0.00664904 0.00197609 0.0831105 0.144194 0.046325 0.946437 0.0127022 0.890768 0.0120985 0.992826 0.0111739 0.993502 0.0262188 0.691831 0.979338
87.14 0.993529 0.0228623 0.999997 0.0206949 0.999957 0.0240186 0.999878 0.0146681 0.939825 0.0270428 0.122007 0.10903 0.999985 0.0077945 8.35758e-07 0.097057 1.05519e-07 0.0996558 0.999912 0.00738004 1.43041e-08 0.0939165 1.10767e-05 0.0957074 0.996845 0.00661241 0.00142724 0.0838316 0.118564 0.0499265 0.951824 0.0128099 0.85057 0.0130601 0.989285 0.0117017 0.992064 0.0283588 0.704136 0.979955
87.18 0.991971 0.022805 0.999998 0.0205995 0.999969 0.0238016 0.999868 0.0150205 0.952429 0.0256976 0.15919 0.106935 0.999983 0.0078112 1.44453e-06 0.0971532 1.37401e-07 0.0997818 0.999918 0.00739931 1.14368e-08 0.0941065 8.27558e-06 0.0960257 0.997095 0.00659281 0.001032 0.0844624 0.0968473 0.0534861 0.956664 0.0128332 0.800728 0.0141978 0.984004 0.0122246 0.990327 0.0306434 0.715977 0.980543
87.22 0.990076 0.0227527 0.999999 0.0204952 0.999977 0.0235861 0.999857 0.0154007 0.962493 0.0246037 0.203162 0.104016 0.999981 0.00782701 2.50663e-06 0.0972244 1.81499e-07 0.0999033 0.999924 0.00741713 9.32461e-09 0.0942815 6.24e-06 0.0963087 0.997323 0.00658792 0.000747501 0.085029 0.0786386 0.0569599 0.960996 0.0127609 0.741937 0.0155628 0.976195 0.0127433 0.988237 0.0330765 0.727382 0.981102
87.26 0.987784 0.0227061 0.999999 0.0203796 0.999983 0.0233691 0.999845 0.0158216 0.970494 0.0237204 0.253131 0.100299 0.999979 0.00784203 4.35369e-06 0.0972663 2.43697e-07 0.10002 0.99993 0.00743366 7.7685e-09 0.0944425 4.74067e-06 0.0965613 0.997532 0.00659545 0.000542472 0.0855513 0.0635159 0.0603118 0.96486 0.0125894 0.676212 0.017208 0.964798 0.0132626 0.985732 0.035662 0.738376 0.981628
87.3 0.985024 0.0226658 0.999999 0.0202502 0.999988 0.0231474 0.999832 0.0162897 0.976829 0.0230147 0.307623 0.0958793 0.999977 0.00785633 7.5505e-06 0.0972754 3.33454e-07 0.10013 0.999934 0.00744904 6.62746e-09 0.0945908 3.62177e-06 0.0967876 0.997722 0.00661324 0.000394429 0.0860439 0.0510699 0.0635146 0.968295 0.0123248 0.60655 0.0191812 0.948469 0.0137936 0.982745 0.0384035 0.748989 0.982121
87.34 0.981719 0.0226322 1 0.0201041 0.999991 0.0229174 0.999818 0.0168042 0.981822 0.0224585 0.36475 0.0909152 0.999975 0.00786994 1.3059e-05 0.0972495 4.65323e-07 0.100236 0.999939 0.00746338 5.79322e-09 0.0947276 2.7807e-06 0.0969914 0.997897 0.00663929 0.000287327 0.0865169 0.0409107 0.0665487 0.971341 0.0119807 0.536261 0.0215164 0.925659 0.0143553 0.979201 0.0413041 0.759253 0.982578
87.38 0.977782 0.0226053 1 0.019938 0.999993 0.022675 0.999802 0.0173575 0.985745 0.0220279 0.422543 0.0856053 0.999972 0.00788284 2.25102e-05 0.0971876 6.62219e-07 0.100335 0.999942 0.0074768 5.18864e-09 0.0948538 2.14529e-06 0.0971759 0.998056 0.00667175 0.000209693 0.086977 0.0326756 0.0694022 0.974037 0.011574 0.468278 0.0242271 0.894838 0.0149769 0.975018 0.0443667 0.769202 0.982998
87.42 0.973118 0.0225851 1 0.0197486 0.999995 0.0224158 0.999785 0.0179367 0.988818 0.0217019 0.479263 0.080158 0.999969 0.00789494 3.86572e-05 0.0970904 9.60536e-07 0.100429 0.999946 0.00748938 4.75995e-09 0.0949704 1.66353e-06 0.0973438 0.998201 0.00670898 0.000153313 0.087428 0.0260384 0.0720688 0.97642 0.0111221 0.404739 0.0273014 0.854885 0.0156971 0.970109 0.0475941 0.778872 0.983378
87.46 0.967627 0.022571 1 0.0195319 0.999996 0.022135 0.999766 0.0185259 0.991221 0.0214616 0.533581 0.0747629 0.999966 0.00790614 6.61246e-05 0.0969598 1.41833e-06 0.100516 0.999949 0.00750118 4.47018e-09 0.0950783 1.29732e-06 0.0974973 0.998335 0.0067495 0.0001123 0.0878717 0.0207134 0.0745469 0.978528 0.0106403 0.346921 0.0307003 0.805597 0.0165618 0.964384 0.0509888 0.788303 0.983717
87.5 0.9612 0.0225621 1 0.0192842 0.999997 0.0218276 0.999746 0.0191091 0.993098 0.0212903 0.584622 0.0695714 0.999963 0.00791633 0.000112634 0.0967986 2.12843e-06 0.100597 0.999952 0.00751227 4.29454e-09 0.0951784 1.01839e-06 0.0976384 0.998456 0.00679201 8.2421e-05 0.0883083 0.0164563 0.0768381 0.980392 0.0101432 0.295377 0.0343599 0.748066 0.01762 0.957749 0.0545531 0.797532 0.984011
87.54 0.953724 0.0225575 1 0.0190012 0.999998 0.0214882 0.999724 0.0196715 0.994563 0.0211731 0.631906 0.0646898 0.99996 0.00792538 0.000190988 0.0966102 3.23918e-06 0.100671 0.999954 0.0075227 4.21725e-09 0.0952713 8.05541e-07 0.0977687 0.998568 0.00683541 6.06252e-05 0.0887371 0.0130629 0.0789468 0.982044 0.00964572 0.250118 0.038197 0.684647 0.0189164 0.950112 0.0582895 0.806601 0.984259
87.58 0.945079 0.022556 1 0.0186787 0.999998 0.0211117 0.9997 0.0202012 0.995708 0.0210971 0.675251 0.0601813 0.999956 0.00793327 0.000322232 0.0963981 4.98716e-06 0.100738 0.999956 0.0075325 4.2294e-09 0.0953576 6.42784e-07 0.0978895 0.99867 0.00687877 4.47069e-05 0.0891566 0.0103644 0.0808789 0.98351 0.00916318 0.210831 0.0421186 0.618465 0.020486 0.941383 0.0622003 0.815547 0.984457
87.62 0.935148 0.0225561 1 0.0183129 0.999999 0.0206927 0.999673 0.0206895 0.996604 0.0210512 0.714678 0.056074 0.999952 0.00794 0.000540647 0.0961653 7.74801e-06 0.100797 0.999959 0.00754171 4.32768e-09 0.0954379 5.18024e-07 0.0980018 0.998763 0.00692142 3.30667e-05 0.0895652 0.00822236 0.0826419 0.984814 0.00871035 0.177024 0.0460312 0.55266 0.0223485 0.931476 0.0662878 0.824405 0.984603
87.66 0.923817 0.0225562 1 0.0179002 0.999999 0.0202267 0.999644 0.0211308 0.997306 0.021026 0.750323 0.05237 0.999948 0.00794571 0.000901454 0.0959136 1.21143e-05 0.10085 0.99996 0.00755035 4.51373e-09 0.0955126 4.22111e-07 0.0981066 0.998848 0.00696284 2.45428e-05 0.0899611 0.00652444 0.0842442 0.985979 0.0082992 0.148132 0.0498514 0.489761 0.0245068 0.920318 0.0705542 0.833205 0.984693
87.7 0.910973 0.0225544 1 0.0174377 0.999999 0.0197096 0.999611 0.0215223 0.997857 0.0210137 0.782384 0.0490548 0.999943 0.00795064 0.0014925 0.0956428 1.90131e-05 0.100895 0.999962 0.00755847 4.79385e-09 0.0955823 3.48131e-07 0.0982044 0.998926 0.00700275 1.82908e-05 0.0903426 0.00518 0.0856952 0.987023 0.00793747 0.123576 0.0535116 0.431408 0.0269477 0.907847 0.0750015 0.84197 0.984722
87.74 0.896491 0.0225488 1 0.0169231 0.999999 0.0191382 0.999574 0.0218632 0.998292 0.0210081 0.811087 0.0461033 0.999938 0.00795524 0.00245147 0.0953502 2.98795e-05 0.100933 0.999964 0.00756608 5.17905e-09 0.0956471 2.90859e-07 0.098296 0.998997 0.00704096 1.36962e-05 0.0907084 0.00411632 0.0870049 0.987962 0.00762838 0.102802 0.056964 0.378398 0.029645 0.894016 0.0796316 0.850719 0.984686
87.78 0.880256 0.0225371 1 0.0163554 1 0.0185104 0.999533 0.0221546 0.998635 0.0210042 0.836666 0.0434859 0.999932 0.0079602 0.00399062 0.0950288 4.69092e-05 0.100965 0.999965 0.00757323 5.68559e-09 0.0957076 2.46354e-07 0.0983818 0.999062 0.00707742 1.03113e-05 0.0910578 0.00327512 0.0881838 0.98881 0.00737124 0.0852965 0.0601796 0.330901 0.0325628 0.8788 0.0844455 0.85946 0.984579
87.82 0.862171 0.0225171 1 0.0157343 1 0.0178254 0.999486 0.0223984 0.998907 0.0209981 0.859354 0.0411709 0.999926 0.00796656 0.00643061 0.0946654 7.34198e-05 0.100992 0.999966 0.00757995 6.33593e-09 0.0957639 2.11648e-07 0.0984622 0.999121 0.00711212 7.81004e-06 0.09139 0.00260993 0.0892427 0.989577 0.00716269 0.070595 0.0631462 0.288692 0.0356597 0.862196 0.0894435 0.868191 0.984396
87.86 0.84215 0.022486 1 0.0150614 1 0.0170841 0.999432 0.0225975 0.999123 0.0209869 0.879381 0.0391272 0.999919 0.00797586 0.0102441 0.0942388 0.000114354 0.101017 0.999967 0.00758628 7.16004e-09 0.0958165 1.84508e-07 0.0985377 0.999175 0.00714508 5.95524e-06 0.091705 0.00208378 0.0901923 0.990275 0.00699783 0.0582868 0.0658645 0.251355 0.0388916 0.844225 0.0946248 0.876898 0.984128
87.9 0.820128 0.022441 1 0.0143398 1 0.0162891 0.99937 0.0227552 0.999295 0.0209683 0.896968 0.0373252 0.999912 0.00799036 0.0161062 0.0937159 0.000176969 0.101043 0.999968 0.00759229 8.19722e-09 0.0958657 1.63254e-07 0.0986086 0.999224 0.00717637 4.57419e-06 0.0920029 0.00166738 0.091043 0.990912 0.00687112 0.0480123 0.0683437 0.218399 0.0422146 0.824937 0.0999865 0.885557 0.983768
87.94 0.796046 0.0223787 1 0.0135742 1 0.015445 0.999298 0.0228751 0.999432 0.0209407 0.912335 0.0357374 0.999904 0.00801326 0.0249412 0.0930481 0.000271755 0.101075 0.999969 0.00759804 9.49832e-09 0.0959117 1.46616e-07 0.0986752 0.999269 0.00720603 3.54124e-06 0.0922838 0.00133757 0.0918049 0.991496 0.00677705 0.0394591 0.0705988 0.189347 0.0455867 0.804405 0.105524 0.894132 0.983306
87.98 0.769881 0.0222959 1 0.012771 1 0.0145582 0.999214 0.0229608 0.999542 0.0209029 0.925691 0.0343387 0.999895 0.00804896 0.0379436 0.0921685 0.000413645 0.10112 0.999969 0.00760363 1.11291e-08 0.0959552 1.33635e-07 0.098738 0.999309 0.00723411 2.76473e-06 0.0925483 0.00107606 0.0924873 0.992032 0.00671048 0.0323563 0.0726477 0.163764 0.0489687 0.782726 0.111228 0.902578 0.982732
88.02 0.74166 0.0221889 1 0.0119381 1 0.0136368 0.999114 0.0230161 0.99963 0.0208541 0.937238 0.0331059 0.999886 0.00810327 0.0565334 0.0909904 0.000623582 0.101189 0.99997 0.00760917 1.31748e-08 0.0959967 1.23587e-07 0.0987974 0.999346 0.00726068 2.17773e-06 0.0927969 0.000868386 0.0930989 0.992526 0.0066668 0.0264739 0.074509 0.141254 0.052325 0.760022 0.11709 0.910846 0.982033
88.06 0.711451 0.0220537 1 0.011085 1 0.012691 0.998995 0.0230448 0.999701 0.020794 0.947167 0.0320183 0.999876 0.00818343 0.082194 0.0894107 0.000930534 0.101293 0.99997 0.00761483 1.57468e-08 0.0960367 1.1592e-07 0.098854 0.99938 0.00728578 1.73127e-06 0.0930304 0.000703162 0.0936477 0.992983 0.00664203 0.0216156 0.0762013 0.121468 0.0556243 0.736436 0.123093 0.918884 0.981194
88.1 0.679358 0.0218861 1 0.0102223 1 0.011732 0.998852 0.0230503 0.999758 0.0207222 0.95566 0.0310569 0.999865 0.00829768 0.116158 0.0873227 0.00137405 0.101448 0.999971 0.00762078 1.8991e-08 0.0960763 1.10218e-07 0.0989085 0.999411 0.00730948 1.38949e-06 0.0932493 0.000571434 0.0941408 0.993407 0.0066327 0.0176141 0.077742 0.104102 0.0588393 0.712122 0.129219 0.926639 0.980199
88.14 0.645523 0.0216822 1 0.00936139 1 0.0107722 0.998678 0.0230361 0.999805 0.0206387 0.962887 0.0302044 0.999853 0.00845434 0.158963 0.0846385 0.00200712 0.101673 0.999971 0.00762726 2.31125e-08 0.0961164 1.06216e-07 0.0989615 0.999439 0.00733183 1.1258e-06 0.0934545 0.000466132 0.0945846 0.9938 0.00663593 0.014327 0.0791472 0.0888935 0.0619474 0.687244 0.135447 0.934058 0.979029
88.18 0.6101 0.021438 1 0.00851346 1 0.00982391 0.998467 0.0230053 0.999842 0.0205434 0.969007 0.0294454 0.99984 0.00866007 0.209983 0.0813201 0.00289737 0.101984 0.999971 0.00763447 2.84694e-08 0.0961584 1.03983e-07 0.0990139 0.999465 0.00735291 9.1972e-07 0.0936467 0.000381586 0.0949849 0.994164 0.00664925 0.0116343 0.0804313 0.0756106 0.0649299 0.661968 0.14175 0.941095 0.977663
88.22 0.573279 0.0211506 1 0.00768921 1 0.00889894 0.998206 0.0229607 0.999872 0.0204366 0.974166 0.0287658 0.999827 0.00891791 0.26735 0.0774067 0.00413123 0.102396 0.999971 0.00764264 3.55722e-08 0.0962036 1.03563e-07 0.0990669 0.999489 0.00737276 7.56944e-07 0.0938267 0.000313405 0.0953467 0.994503 0.00667062 0.00943438 0.0816072 0.0640543 0.0677719 0.636458 0.148099 0.947707 0.976078
88.26 0.535315 0.0208173 1 0.00689836 1 0.00800827 0.997883 0.0229044 0.999897 0.0203182 0.978498 0.0281532 0.999812 0.00922577 0.328318 0.073021 0.0058187 0.102913 0.999971 0.00765191 4.51478e-08 0.0962535 1.04987e-07 0.0991213 0.999512 0.00739146 6.27247e-07 0.0939952 0.000258182 0.0956744 0.994818 0.00669834 0.007641 0.0826864 0.0540409 0.0704623 0.61087 0.154463 0.953862 0.974246
88.3 0.496515 0.020436 1 0.00614937 1 0.00716161 0.99748 0.0228382 0.999917 0.0201884 0.982124 0.0275969 0.999797 0.0095763 0.389915 0.0683481 0.00809677 0.103527 0.999971 0.00766232 5.83352e-08 0.0963093 1.08443e-07 0.0991781 0.999535 0.00740907 5.2263e-07 0.0941531 0.000213179 0.0959721 0.995111 0.00673097 0.0061816 0.0836791 0.0454031 0.0729936 0.585352 0.16081 0.959538 0.972137
88.34 0.457221 0.0200055 1 0.00544913 1 0.00636699 0.996972 0.0227634 0.999933 0.0200471 0.985152 0.0270873 0.999781 0.009958 0.449569 0.0635955 0.0111326 0.104213 0.99997 0.00767384 7.69721e-08 0.0963718 1.14322e-07 0.0992383 0.999557 0.00742566 4.3699e-07 0.094301 0.000176228 0.0962431 0.995384 0.00676731 0.00499565 0.0845941 0.0379898 0.0753613 0.560041 0.167105 0.964726 0.969717
88.38 0.417809 0.0195256 1 0.00480263 1 0.00563047 0.996328 0.0226809 0.999946 0.0198941 0.987674 0.0266166 0.999763 0.0103575 0.505514 0.0589521 0.0151303 0.104934 0.99997 0.00768632 1.0383e-07 0.0964413 1.23065e-07 0.0993022 0.999579 0.00744128 3.66408e-07 0.0944397 0.00014575 0.0964906 0.99564 0.00680635 0.00403285 0.0854394 0.0316594 0.0775639 0.535056 0.173316 0.969423 0.966949
88.42 0.378679 0.0189971 1 0.00421299 1 0.00495603 0.995508 0.0225913 0.999957 0.019729 0.989774 0.0261775 0.999745 0.0107621 0.55682 0.0545613 0.0203353 0.105638 0.999969 0.00769955 1.43175e-07 0.0965174 1.35253e-07 0.09937 0.999601 0.007456 3.08089e-07 0.09457 0.000120547 0.0967173 0.995881 0.00684721 0.0032518 0.0862218 0.02628 0.0796026 0.510503 0.179414 0.973638 0.963791
88.46 0.340249 0.0184223 1 0.00368142 1 0.00434555 0.994457 0.022495 0.999966 0.0195513 0.99152 0.0257637 0.999725 0.0111616 0.60323 0.050513 0.0270368 0.106266 0.999968 0.00771329 2.01632e-07 0.0965989 1.51679e-07 0.0994418 0.999622 0.00746986 2.59903e-07 0.0946924 9.9689e-05 0.0969253 0.996108 0.00688916 0.00261864 0.0869474 0.0217298 0.0814809 0.486472 0.185371 0.97739 0.960198
88.5 0.302934 0.0178047 1 0.00320742 1 0.00379897 0.993102 0.0223928 0.999972 0.0193599 0.992972 0.0253691 0.999703 0.0115495 0.644913 0.0468491 0.0355667 0.106752 0.999967 0.00772731 2.89551e-07 0.0966842 1.7342e-07 0.099517 0.999644 0.00748292 2.20151e-07 0.0948076 8.2434e-05 0.0971168 0.996322 0.00693156 0.00210581 0.0876216 0.0178985 0.0832041 0.463037 0.191166 0.9807 0.95612
88.54 0.267133 0.0171493 1 0.00278902 1 0.00331458 0.991349 0.0222855 0.999978 0.0191534 0.994179 0.0249876 0.999678 0.0119231 0.682268 0.0435759 0.0462928 0.107031 0.999965 0.0077414 4.23163e-07 0.096771 2.0193e-07 0.0995951 0.999665 0.00749523 1.87431e-07 0.094916 6.81798e-05 0.0972934 0.996526 0.0069739 0.00169091 0.0882487 0.0146872 0.0847791 0.44026 0.196783 0.983599 0.951505
88.58 0.233212 0.0164622 1 0.00242311 1 0.00288926 0.989073 0.0221741 0.999983 0.0189299 0.995183 0.0246129 0.999651 0.0122832 0.715775 0.0406769 0.0596043 0.107038 0.999963 0.00775539 6.27997e-07 0.0968568 2.39176e-07 0.0996754 0.999685 0.00750683 1.60561e-07 0.0950181 5.64268e-05 0.0974567 0.996719 0.00701572 0.00135571 0.0888328 0.0120076 0.086214 0.418189 0.202215 0.986119 0.946294
88.62 0.201489 0.0157507 1 0.00210573 1 0.0025189 0.986111 0.0220599 0.999986 0.0186865 0.996016 0.0242378 0.999621 0.0126333 0.745906 0.0381229 0.0758858 0.106713 0.999961 0.00776915 9.44279e-07 0.0969387 2.87814e-07 0.099757 0.999704 0.00751776 1.38538e-07 0.0951144 4.67556e-05 0.0976079 0.996903 0.00705667 0.00108539 0.0893773 0.00978174 0.0875174 0.396863 0.20746 0.988295 0.940427
88.66 0.172223 0.0150231 1 0.0018324 1 0.00219873 0.982254 0.0219446 0.999989 0.0184196 0.996709 0.0238542 0.999586 0.0129787 0.773086 0.0358799 0.0954824 0.106001 0.999958 0.00778261 1.43546e-06 0.097014 3.51437e-07 0.0998393 0.999723 0.00752807 1.20513e-07 0.0952051 3.88118e-05 0.0977481 0.997078 0.00709646 0.000867801 0.0898852 0.00794107 0.0886983 0.376311 0.212527 0.990161 0.933838
88.7 0.145598 0.014288 1 0.00159844 1 0.00192364 0.977234 0.0218302 0.999991 0.0181243 0.997284 0.0234528 0.999547 0.0133257 0.797673 0.033913 0.118655 0.104859 0.999955 0.00779572 2.20168e-06 0.0970797 4.34916e-07 0.0999215 0.99974 0.00753778 1.05772e-07 0.0952906 3.22962e-05 0.0978784 0.997244 0.00713487 0.000693043 0.090359 0.00642574 0.089766 0.356552 0.217432 0.991753 0.926459
88.74 0.121724 0.0135543 1 0.00139914 1 0.00168846 0.970714 0.0217189 0.999993 0.0177945 0.99776 0.0230225 0.999501 0.0136807 0.819958 0.0321897 0.145533 0.103257 0.999952 0.00780845 3.40091e-06 0.097133 5.44865e-07 0.100003 0.999755 0.00754693 9.3721e-08 0.0953713 2.69562e-05 0.0979996 0.997402 0.00717172 0.000552989 0.0908011 0.00518375 0.0907297 0.337599 0.222204 0.993104 0.91822
88.78 0.100629 0.0128304 1 0.00123001 1 0.00148818 0.962285 0.0216134 0.999995 0.0174222 0.998154 0.0225506 0.999448 0.0140496 0.840177 0.0306802 0.176076 0.101184 0.999948 0.00782079 5.28214e-06 0.0971713 6.90322e-07 0.100083 0.99977 0.00755554 8.38713e-08 0.0954473 2.25796e-05 0.0981124 0.997551 0.00720689 0.000440987 0.0912134 0.00417019 0.0915981 0.31946 0.226877 0.994245 0.909045
88.82 0.0822631 0.0121243 1 0.00108687 1 0.00131808 0.951456 0.0215164 0.999996 0.0169983 0.998481 0.0220224 0.999387 0.0144367 0.858513 0.0293584 0.210035 0.0986493 0.999944 0.00783274 8.23228e-06 0.0971923 8.84997e-07 0.100162 0.999784 0.00756366 7.59106e-08 0.095519 1.89707e-05 0.0982175 0.997691 0.0072403 0.000351567 0.091598 0.00334659 0.0923798 0.30213 0.231497 0.995204 0.89886
88.86 0.0665083 0.0114429 1 0.000965916 1 0.00117384 0.937652 0.0214308 0.999997 0.0165122 0.99875 0.0214216 0.999315 0.0148448 0.875112 0.0282013 0.246948 0.0956855 0.999939 0.00784429 1.2849e-05 0.097194 1.1492e-06 0.100238 0.999796 0.0075713 6.95951e-08 0.0955865 1.59733e-05 0.0983155 0.997824 0.00727191 0.000280258 0.0919563 0.00268012 0.0930829 0.285597 0.236119 0.996007 0.887585
88.9 0.0531998 0.0107921 1 0.000863772 1 0.0010516 0.920246 0.0213594 0.999997 0.0159523 0.998973 0.020731 0.999231 0.0152744 0.890101 0.0271885 0.286203 0.0923485 0.999933 0.00785542 2.00576e-05 0.097175 1.51138e-06 0.100312 0.999808 0.00757849 6.46682e-08 0.0956502 1.34764e-05 0.0984069 0.997948 0.00730169 0.000223442 0.09229 0.00214274 0.0937149 0.26985 0.240807 0.996678 0.875141
88.94 0.0421291 0.0101763 1 0.000777493 1 0.000947962 0.898613 0.0213042 0.999998 0.0153078 0.999157 0.019934 0.999133 0.0157236 0.903598 0.026302 0.327099 0.0887117 0.999927 0.0078661 3.1282e-05 0.0971342 2.01218e-06 0.100383 0.999818 0.00758525 6.09123e-08 0.0957101 1.13931e-05 0.0984923 0.998065 0.00732965 0.000178202 0.0926005 0.00171077 0.0942828 0.254875 0.245635 0.997236 0.861445
88.98 0.0330526 0.00959852 1 0.00070454 1 0.000859974 0.872198 0.0212659 0.999998 0.01457 0.999308 0.0190169 0.999016 0.0161888 0.915709 0.0255254 0.368923 0.0848597 0.999921 0.00787629 4.87016e-05 0.0970713 2.70978e-06 0.100452 0.999828 0.00759161 5.81531e-08 0.0957665 9.65329e-06 0.098572 0.998175 0.00735582 0.000142195 0.0928892 0.00136448 0.094793 0.240657 0.250684 0.9977 0.846416
89.02 0.0257106 0.00906069 1 0.000642742 1 0.000785102 0.840615 0.021243 0.999999 0.013735 0.999432 0.0179724 0.998877 0.0166649 0.926539 0.0248436 0.411008 0.08088 0.999914 0.00788592 7.56262e-05 0.0969864 3.68738e-06 0.100516 0.999837 0.00759758 5.62539e-08 0.0958196 8.19948e-06 0.0986464 0.998277 0.00738025 0.000113551 0.0931574 0.00108753 0.0952515 0.227174 0.256048 0.998085 0.829969
89.06 0.0198551 0.00856344 1 0.000590269 1 0.00072119 0.803743 0.0212306 0.999999 0.0128061 0.999534 0.0168021 0.998711 0.0171458 0.936189 0.0242432 0.452783 0.0768564 0.999906 0.00789493 0.000117045 0.0968799 5.06365e-06 0.100578 0.999845 0.00760318 5.51084e-08 0.0958695 6.98391e-06 0.0987159 0.998372 0.00740298 9.0769e-05 0.0934062 0.000866474 0.0956637 0.214411 0.26183 0.998404 0.812022
89.1 0.01524 0.00810636 1 0.00054558 1 0.000666423 0.761837 0.0212199 0.999999 0.0117955 0.999617 0.0155202 0.99851 0.0176249 0.944761 0.0237114 0.493799 0.0728623 0.999897 0.00790328 0.00018041 0.0967527 7.00708e-06 0.100635 0.999853 0.00760844 5.46355e-08 0.0959164 5.96682e-06 0.0987808 0.998461 0.00742409 7.26508e-05 0.0936368 0.000690325 0.0960344 0.202348 0.268142 0.998667 0.792491
89.14 0.0116385 0.00768825 1 0.000507391 1 0.000619276 0.715533 0.0211969 0.999999 0.0107255 0.999686 0.0141534 0.998264 0.0180961 0.952351 0.0232367 0.533723 0.068958 0.999888 0.00791091 0.000276748 0.0966058 9.75536e-06 0.100688 0.99986 0.00761336 5.4774e-08 0.0959604 5.11498e-06 0.0988414 0.998544 0.00744365 5.82403e-05 0.0938504 0.000550142 0.0963679 0.190957 0.27511 0.998885 0.771296
89.18 0.00885482 0.00730722 1 0.00047463 1 0.000578479 0.665805 0.0211439 0.999999 0.00962567 0.999742 0.0127393 0.997962 0.0185536 0.959053 0.0228087 0.572329 0.0651891 0.999877 0.00791782 0.000422201 0.0964401 1.36415e-05 0.100736 0.999866 0.00761797 5.54784e-08 0.0960018 4.40054e-06 0.098898 0.998621 0.00746175 4.6775e-05 0.0940481 0.000438693 0.0966682 0.180218 0.282868 0.999065 0.748361
89.22 0.00672161 0.00696093 1 0.000446411 1 0.000542982 0.61383 0.02104 1 0.00853008 0.999788 0.0113215 0.997588 0.0189923 0.964954 0.0224182 0.609471 0.0615875 0.999866 0.00792404 0.000640162 0.0962563 1.9128e-05 0.10078 0.999873 0.00762227 5.67156e-08 0.0960405 3.80025e-06 0.0989508 0.998692 0.00747845 3.76471e-05 0.0942307 0.000350143 0.0969389 0.170107 0.291568 0.999214 0.723613
89.26 0.00510009 0.00664675 1 0.000421999 1 0.000511918 0.560791 0.0208648 1 0.0074718 0.999826 0.00994368 0.997119 0.019408 0.970136 0.0220569 0.645056 0.0581728 0.999854 0.00792963 0.000964162 0.0960543 2.68524e-05 0.100819 0.999879 0.00762629 5.8462e-08 0.0960768 3.29469e-06 0.099 0.998759 0.00749385 3.03732e-05 0.0943994 0.000279807 0.0971829 0.160603 0.301371 0.999338 0.696994
89.3 0.00387629 0.0063619 1 0.000400787 1 0.000484575 0.50778 0.020601 1 0.00647869 0.999856 0.00864305 0.996527 0.0197974 0.974672 0.021718 0.67902 0.0549551 0.99984 0.00793474 0.00144178 0.0958334 3.76847e-05 0.100853 0.999884 0.00763004 6.07014e-08 0.0961107 2.86775e-06 0.099046 0.99882 0.00750802 2.45691e-05 0.094555 0.000223934 0.0974032 0.151686 0.312455 0.99944 0.668459
89.34 0.00295803 0.00610362 1 0.000382271 1 0.00046037 0.455716 0.0202372 1 0.00557069 0.999882 0.00744723 0.995777 0.0201576 0.978628 0.021395 0.711307 0.0519369 0.999825 0.00793957 0.0021398 0.0955915 5.28031e-05 0.100882 0.999889 0.00763354 6.34241e-08 0.0961424 2.50606e-06 0.0990888 0.998877 0.00752106 1.99302e-05 0.0946984 0.000179532 0.0976022 0.143337 0.325007 0.999525 0.637987
89.38 0.00227211 0.00586923 1 0.000366035 1 0.000438825 0.405321 0.0197693 1 0.00475908 0.999903 0.00637274 0.994821 0.0204866 0.982064 0.0210829 0.741857 0.0491154 0.999809 0.00794444 0.00315105 0.095325 7.37878e-05 0.100907 0.999894 0.00763679 6.66249e-08 0.096172 2.19859e-06 0.0991287 0.99893 0.00753303 1.62153e-05 0.0948306 0.000144219 0.0977821 0.135536 0.339228 0.999596 0.605591
89.42 0.00176136 0.00565621 1 0.000351732 1 0.000419546 0.357141 0.0192005 1 0.00404734 0.99992 0.00542591 0.993598 0.0207826 0.985035 0.0207766 0.770602 0.0464842 0.999791 0.00794979 0.00460303 0.095028 0.000102742 0.100928 0.999899 0.00763983 7.03034e-08 0.0961996 1.93625e-06 0.0991659 0.998979 0.00754402 1.32334e-05 0.0949522 0.000116103 0.0979448 0.128264 0.35532 0.999654 0.571331
89.46 0.00138182 0.00546227 1 0.000339073 1 0.000402211 0.31158 0.0185407 1 0.00343288 0.999934 0.00460496 0.992032 0.0210443 0.987587 0.0204719 0.797467 0.0440345 0.999771 0.00795624 0.00666881 0.0946915 0.000142438 0.100945 0.999903 0.00764268 7.44637e-08 0.0962253 1.71157e-06 0.0992005 0.999025 0.00755409 1.08337e-05 0.0950641 9.36848e-05 0.0980923 0.121501 0.373482 0.999703 0.535323
89.5 0.00110019 0.0052853 1 0.000327819 1 0.000386552 0.268943 0.0178043 1 0.00290904 0.999946 0.00390242 0.990021 0.0212709 0.989768 0.0201644 0.822381 0.0417556 0.999749 0.00796462 0.00957987 0.0943031 0.000196506 0.100961 0.999908 0.00764535 7.91145e-08 0.0962493 1.51844e-06 0.0992328 0.999068 0.00756332 8.89701e-06 0.0951671 7.57786e-05 0.0982259 0.115226 0.393898 0.999745 0.497764
89.54 0.000891521 0.00512342 1 0.000317768 1 0.000372349 0.229481 0.0170088 1 0.00246684 0.999956 0.00330751 0.987438 0.0214618 0.991617 0.0198495 0.84529 0.0396351 0.999724 0.00797603 0.0136406 0.0938454 0.000269656 0.100977 0.999912 0.00764788 8.42706e-08 0.0962717 1.35181e-06 0.0992628 0.999107 0.00757178 7.32916e-06 0.0952617 6.14469e-05 0.0983471 0.109418 0.416711 0.999779 0.45894
89.58 0.00073738 0.00497498 1 0.000308753 1 0.000359421 0.193368 0.0161726 1 0.00209642 0.999964 0.00280788 0.98412 0.0216175 0.993176 0.0195225 0.866163 0.0376589 0.999697 0.00799195 0.0192425 0.093295 0.000367956 0.100995 0.999915 0.00765031 8.99551e-08 0.0962926 1.20758e-06 0.0992909 0.999145 0.00757952 6.05575e-06 0.0953486 4.9949e-05 0.0984572 0.104056 0.442003 0.999808 0.419238
89.62 0.00062427 0.0048385 1 0.000300631 1 0.000347613 0.160731 0.0153139 1 0.0017879 0.999971 0.0023909 0.979859 0.0217388 0.99448 0.0191777 0.884999 0.0358113 0.999666 0.00801426 0.0268759 0.0926217 0.000499181 0.101019 0.999919 0.00765268 9.6203e-08 0.0963124 1.08235e-06 0.0993172 0.99918 0.0075866 5.01791e-06 0.0954285 4.07003e-05 0.0985573 0.0991175 0.46976 0.999832 0.379155
89.66 0.000542446 0.00471272 1 0.000293285 1 0.000336798 0.131649 0.0144494 1 0.00153197 0.999977 0.00204454 0.974385 0.0218279 0.995564 0.0188088 0.901838 0.0340742 0.999632 0.00804538 0.0371323 0.0917871 0.000673243 0.101053 0.999922 0.00765505 1.03066e-07 0.0963312 9.73339e-07 0.099342 0.999213 0.00759309 4.16902e-06 0.0955018 3.32391e-05 0.0986483 0.0945785 0.499845 0.999853 0.339285
89.7 0.000485017 0.0045965 1 0.000286614 1 0.000326871 0.106149 0.0135941 1 0.00132028 0.999981 0.00175776 0.967352 0.0218875 0.996458 0.0184081 0.916751 0.0324274 0.999593 0.0080883 0.0506936 0.0907453 0.000902759 0.101101 0.999925 0.0076575 1.10622e-07 0.0963494 8.78255e-07 0.0993655 0.999244 0.00759902 3.47214e-06 0.0955693 2.72013e-05 0.0987312 0.0904159 0.531963 0.99987 0.300289
89.74 0.000447279 0.00448889 1 0.000280533 1 0.000317739 0.0841902 0.0127605 1 0.00114548 0.999985 0.00152082 0.958313 0.0219218 0.997191 0.0179667 0.929844 0.0308479 0.999549 0.00814656 0.0682951 0.0894431 0.0012038 0.101172 0.999928 0.00766009 1.18979e-07 0.0963673 7.95206e-07 0.099388 0.999274 0.00760444 2.89795e-06 0.0956312 2.22992e-05 0.0988067 0.0866062 0.565658 0.999885 0.262857
89.78 0.000426273 0.00438903 1 0.000274971 1 0.000309327 0.0656561 0.0119587 1 0.00100124 0.999988 0.00132526 0.946682 0.0219359 0.997789 0.0174737 0.941247 0.0293098 0.999498 0.00822427 0.090661 0.0878241 0.00159692 0.101272 0.99993 0.00766295 1.28294e-07 0.0963855 7.22625e-07 0.09941 0.999302 0.00760941 2.42312e-06 0.0956882 1.83059e-05 0.0988756 0.0831264 0.600314 0.999898 0.227643
89.82 0.000420509 0.00429621 1 0.000269868 1 0.000301569 0.0503476 0.0111966 1 0.000882217 0.999991 0.00116384 0.931707 0.0219364 0.998273 0.0169161 0.951105 0.0277841 0.99944 0.00832585 0.118408 0.0858336 0.00210866 0.101411 0.999932 0.00766617 1.38783e-07 0.0964046 6.59209e-07 0.0994318 0.999329 0.00761397 2.02912e-06 0.0957407 1.50421e-05 0.0989386 0.0799545 0.635201 0.999908 0.195205
89.86 0.000429859 0.0042098 1 0.000265173 1 0.000294409 0.0379865 0.0104802 1 0.000783901 0.999993 0.00103048 0.912427 0.0219307 0.998662 0.0162791 0.959571 0.0262391 0.999371 0.00845575 0.151909 0.0834271 0.00277238 0.101599 0.999934 0.0076699 1.50926e-07 0.0964251 6.04575e-07 0.0994539 0.999354 0.00761814 1.70043e-06 0.0957889 1.23651e-05 0.0989962 0.0770697 0.669542 0.999918 0.165946
89.9 0.000455605 0.00412926 1 0.000260841 1 0.000287798 0.0282326 0.00981331 1 0.000702547 0.999995 0.00092007 0.887666 0.0219274 0.998974 0.0155459 0.966794 0.0246412 0.99929 0.00861793 0.191157 0.0805809 0.00362968 0.101843 0.999935 0.00767425 1.65567e-07 0.096448 5.58908e-07 0.0994769 0.99938 0.00762198 1.42443e-06 0.0958335 1.01611e-05 0.099049 0.0744522 0.702587 0.999926 0.140085
89.94 0.000500685 0.00405411 1 0.000256837 1 0.000281693 0.0207114 0.00919798 1 0.000635054 0.999996 0.000828376 0.856069 0.0219357 0.999221 0.0146999 0.97292 0.0229577 0.999191 0.00881526 0.235751 0.0773006 0.00473564 0.102152 0.999936 0.00767936 1.83695e-07 0.096474 5.21732e-07 0.0995014 0.999404 0.00762551 1.19192e-06 0.0958747 8.34105e-06 0.0990974 0.0720858 0.733697 0.999932 0.117652
89.98 0.000570166 0.00398396 1 0.000253129 1 0.000276056 0.0150391 0.0086348 1 0.00057887 0.999997 0.000751906 0.816248 0.0219642 0.999415 0.0137271 0.978082 0.0211611 0.999071 0.00904918 0.28493 0.0736248 0.0061641 0.102528 0.999937 0.00768534 2.06603e-07 0.0965039 4.92463e-07 0.099528 0.999429 0.00762877 9.95793e-07 0.0959129 6.83455e-06 0.099142 0.0699579 0.762397 0.999938 0.098512
90.02 0.000672049 0.00391843 1 0.000249693 1 0.000270856 0.0108477 0.00812292 1 0.000531908 0.999998 0.000687792 0.767077 0.0220187 0.999567 0.0126219 0.982403 0.019237 0.998922 0.00931942 0.337683 0.0696233 0.00801507 0.102969 0.999937 0.00769224 2.36111e-07 0.0965385 4.70685e-07 0.0995573 0.999454 0.00763179 8.3026e-07 0.0959484 5.58574e-06 0.0991832 0.06806 0.788398 0.999943 0.0824066
90.06 0.000818561 0.00385722 1 0.000246508 1 0.000266061 0.00780533 0.00766042 1 0.000492468 0.999998 0.000633692 0.708119 0.0220981 0.999683 0.0113935 0.985992 0.0171932 0.998731 0.0096241 0.392882 0.0653882 0.0104237 0.103464 0.999936 0.00770012 2.75161e-07 0.0965784 4.56546e-07 0.0995899 0.999479 0.0076346 6.90018e-07 0.0959815 4.54867e-06 0.0992213 0.0663872 0.811594 0.999948 0.0690029
90.1 0.00102814 0.00380001 1 0.000243558 1 0.000261648 0.00562883 0.00724444 1 0.00045917 0.999999 0.000587701 0.64011 0.0221904 0.999771 0.0100715 0.988947 0.0150675 0.998484 0.00995997 0.449424 0.0610232 0.0135768 0.103995 0.999934 0.00770897 3.27868e-07 0.0966241 4.5015e-07 0.0996262 0.999504 0.00763722 5.71313e-07 0.0960127 3.68777e-06 0.0992568 0.0649384 0.832027 0.999952 0.0579376
90.14 0.00132848 0.00374654 1 0.000240833 1 0.000257596 0.00408867 0.00687153 1 0.000430898 0.999999 0.000548279 0.565223 0.0222671 0.999837 0.00870705 0.991356 0.0129283 0.998157 0.0103229 0.506316 0.0566309 0.017735 0.104532 0.999932 0.00771873 4.00117e-07 0.0966754 4.51676e-07 0.0996666 0.99953 0.00763967 4.71319e-07 0.096042 2.97498e-06 0.0992899 0.0637157 0.84985 0.999955 0.048852
90.18 0.00176114 0.00369652 1 0.000238327 1 0.000253891 0.00300657 0.0065378 1 0.000406752 0.999999 0.000514194 0.486885 0.0222831 0.999885 0.00736547 0.993298 0.0108638 0.997715 0.0107086 0.562694 0.0523044 0.023262 0.105034 0.999928 0.00772933 5.00624e-07 0.096732 4.61561e-07 0.0997113 0.999555 0.00764198 3.87645e-07 0.0960699 2.38739e-06 0.0993209 0.0627243 0.865282 0.999958 0.0414139
90.22 0.00238857 0.00364969 1 0.000236041 1 0.000250523 0.00224902 0.00623919 1 0.000386005 1 0.000484464 0.409133 0.022181 0.99992 0.0061123 0.994847 0.00896128 0.997108 0.0111128 0.617783 0.0481219 0.0306638 0.105443 0.999924 0.00774068 6.42583e-07 0.0967931 4.8062e-07 0.0997602 0.999581 0.00764416 3.18148e-07 0.0960964 1.90577e-06 0.0993501 0.0619714 0.878578 0.99996 0.0353301
90.26 0.00330442 0.00360574 1 0.000233987 1 0.000247493 0.00171896 0.00597164 1 0.00036807 1 0.000458316 0.335759 0.0219041 0.999945 0.00499809 0.996069 0.00728638 0.996259 0.011532 0.670844 0.0441454 0.0406368 0.105688 0.999918 0.00775264 8.46341e-07 0.0968573 5.10183e-07 0.0998133 0.999606 0.00764624 2.60859e-07 0.0961218 1.51362e-06 0.0993777 0.0614661 0.889997 0.999962 0.03035
90.3 0.00464891 0.00356436 1 0.000232187 1 0.000244816 0.00134762 0.00573127 1 0.000352473 1 0.000435147 0.269634 0.0214113 0.999963 0.0040498 0.997022 0.00587111 0.995056 0.0119639 0.721135 0.040421 0.0541166 0.105671 0.99991 0.00776509 1.1438e-06 0.0969224 5.52275e-07 0.0998702 0.99963 0.00764822 2.13965e-07 0.0961461 1.19659e-06 0.0994038 0.0612186 0.89979 0.999964 0.0262648
90.34 0.00663061 0.00352516 1 0.000230681 1 0.000242524 0.0010874 0.00551452 1 0.000338827 1 0.000414488 0.212392 0.0206889 0.999975 0.00327086 0.997759 0.00471475 0.993332 0.0124083 0.767915 0.0369799 0.0723136 0.105273 0.999899 0.00777792 1.58579e-06 0.0969857 6.09862e-07 0.0999305 0.999654 0.00765013 1.75821e-07 0.0961695 9.42135e-07 0.0994285 0.061241 0.908186 0.999965 0.0229031
90.38 0.00955725 0.0034877 1 0.000229535 1 0.000240675 0.000905362 0.00531824 1 0.00032682 1 0.000395971 0.164562 0.0197549 0.999983 0.00264769 0.998323 0.0037933 0.990839 0.0128676 0.810494 0.0338395 0.0966978 0.104342 0.999886 0.00779101 2.25446e-06 0.0970436 6.87213e-07 0.0999936 0.999675 0.00765196 1.44957e-07 0.0961921 7.39345e-07 0.0994521 0.0615451 0.91539 0.999966 0.0201262
90.42 0.0138768 0.0034514 1 0.000228853 1 0.000239365 0.000779079 0.00513973 1 0.000316196 1 0.000379308 0.125783 0.0186535 0.999988 0.00215784 0.998751 0.00307126 0.987214 0.013348 0.848304 0.0310038 0.128879 0.102703 0.999869 0.00780426 3.28444e-06 0.0970913 7.90414e-07 0.100059 0.999695 0.00765374 1.2009e-07 0.0962138 5.78794e-07 0.0994744 0.0621434 0.921581 0.999967 0.0178223
90.46 0.020228 0.00341555 1 0.000228791 1 0.000238747 0.00069354 0.00497669 1 0.000306746 1 0.000364269 0.0951237 0.0174441 0.999992 0.00177652 0.999074 0.0025107 0.981933 0.01386 0.88099 0.0284635 0.170323 0.100164 0.999848 0.0078176 4.89919e-06 0.0971231 9.2815e-07 0.100126 0.999714 0.00765546 1.00114e-07 0.0962347 4.52437e-07 0.0994957 0.0630496 0.926912 0.999967 0.0159023
90.5 0.0294952 0.00337924 1 0.000229584 1 0.00023905 0.000638931 0.00482728 1 0.000298304 1 0.000350663 0.0713784 0.0161889 0.999995 0.00148069 0.999316 0.00207689 0.974249 0.0144181 0.908462 0.026196 0.221897 0.0965477 0.999821 0.00783098 7.47303e-06 0.0971318 1.11335e-06 0.100194 0.999731 0.00765713 8.41249e-08 0.0962549 3.53398e-07 0.0995159 0.0642792 0.931513 0.999968 0.0142946
90.54 0.0428495 0.00334132 1 0.000231579 1 0.000240618 0.000609191 0.00468995 1 0.000290733 1 0.000338334 0.053281 0.0149433 0.999996 0.00125079 0.999496 0.0017406 0.963143 0.0150388 0.93091 0.0241664 0.283325 0.0917297 0.999786 0.00784435 1.1631e-05 0.0971091 1.36789e-06 0.100261 0.999746 0.00765876 7.14773e-08 0.0962743 2.75643e-07 0.0995351 0.0658509 0.935496 0.999968 0.0129423
90.58 0.0617419 0.00330048 1 0.00023527 1 0.000243942 0.000601082 0.00456346 1 0.000283926 1 0.000327146 0.0396548 0.0137502 0.999998 0.00107118 0.99963 0.00147857 0.947281 0.0157369 0.948755 0.0223277 0.352875 0.0856869 0.999741 0.00785768 1.84354e-05 0.0970459 1.72488e-06 0.100328 0.999759 0.00766034 6.15579e-08 0.0962929 2.14593e-07 0.0995534 0.0677881 0.938955 0.999968 0.0117998
90.62 0.0877918 0.00325534 1 0.000241359 1 0.000249718 0.000613751 0.00444677 1 0.0002778 1 0.000316983 0.0294838 0.0126383 0.999998 0.000929788 0.999729 0.00127284 0.925047 0.0165217 0.962582 0.0206232 0.427507 0.0785259 0.999685 0.00787089 2.97112e-05 0.0969328 2.23505e-06 0.100393 0.999771 0.00766188 5.38313e-08 0.0963109 1.66752e-07 0.0995707 0.0701206 0.941967 0.999968 0.0108307
90.66 0.122511 0.00320479 1 0.000250804 1 0.000258897 0.00064868 0.00433904 1 0.000272295 1 0.000307745 0.0219342 0.0116236 0.999999 0.000817447 0.999802 0.00110981 0.894698 0.0173939 0.97305 0.018991 0.503515 0.0704801 0.999612 0.00788383 4.86187e-05 0.0967604 2.97787e-06 0.100454 0.999781 0.00766338 4.78648e-08 0.096328 1.29372e-07 0.0995872 0.0728877 0.944599 0.999967 0.0100058
90.7 0.16685 0.00314859 1 0.000264875 1 0.000272729 0.000710039 0.00423955 1 0.000267367 1 0.000299341 0.0163483 0.0107119 0.999999 0.000727303 0.999856 0.000979315 0.854695 0.0183435 0.980814 0.0173713 0.577345 0.061876 0.999518 0.00789625 8.06782e-05 0.0965198 4.07965e-06 0.100511 0.99979 0.00766484 4.33195e-08 0.0963444 1.00273e-07 0.0996028 0.0761401 0.946907 0.999967 0.00930167
90.74 0.220695 0.00308803 1 0.000285197 1 0.000292801 0.000805546 0.00414771 1 0.000262988 1 0.000291695 0.0122215 0.00990162 0.999999 0.000654238 0.999895 0.000873731 0.804211 0.0193491 0.986473 0.0157187 0.646214 0.0530878 0.999396 0.00790783 0.000135607 0.0962029 5.74349e-06 0.100562 0.999796 0.00766625 3.9936e-08 0.0963599 7.77161e-08 0.0996176 0.0799426 0.948939 0.999966 0.00869941
90.78 0.282556 0.00302653 1 0.000313765 1 0.00032104 0.000948012 0.00406303 1 0.000259142 1 0.00028474 0.00917433 0.00918684 1 0.000594428 0.999924 0.000787361 0.743636 0.0203758 0.99054 0.0140147 0.70835 0.0444964 0.999234 0.00791817 0.000230641 0.0958019 8.29951e-06 0.100603 0.999802 0.00766761 3.75221e-08 0.0963746 6.03044e-08 0.0996316 0.0843748 0.950735 0.999965 0.00818388
90.82 0.349731 0.00296961 1 0.000352947 1 0.000359693 0.001158 0.00398515 1 0.000255821 1 0.000278418 0.0069247 0.00855901 1 0.000545002 0.999945 0.000715927 0.674808 0.0213723 0.993428 0.0122757 0.762916 0.0364532 0.999019 0.00792678 0.000396567 0.0953097 1.22897e-05 0.100632 0.999806 0.00766891 3.59429e-08 0.0963884 4.69202e-08 0.0996448 0.0895316 0.952329 0.999964 0.00774292
90.86 0.418931 0.00292421 1 0.000405462 0.999999 0.000411292 0.00146818 0.00391378 1 0.000253018 1 0.000272685 0.00526425 0.0080086 1 0.00050379 0.999961 0.0006562 0.600764 0.0222706 0.995459 0.0105503 0.809782 0.0292417 0.998727 0.00793321 0.000688745 0.0947195 1.86117e-05 0.100644 0.999808 0.00767013 3.5113e-08 0.0964011 3.66708e-08 0.0996572 0.0955207 0.953752 0.999963 0.00736682
90.9 0.48706 0.00289749 1 0.000474357 0.999999 0.000478602 0.00193043 0.00384871 1 0.00025073 1 0.000267506 0.00403912 0.00752598 1 0.000469136 0.999972 0.000605734 0.525071 0.022991 0.996878 0.00890359 0.849285 0.0230426 0.998325 0.00793701 0.00120727 0.0940245 2.87646e-05 0.100634 0.999809 0.00767127 3.49934e-08 0.0964127 2.88477e-08 0.0996687 0.102458 0.95503 0.999961 0.00704784
90.94 0.551768 0.0028957 1 0.000562978 0.999999 0.000564587 0.00262723 0.00378977 1 0.000248956 1 0.000262859 0.00313557 0.00710202 1 0.000439766 0.99998 0.000562668 0.451082 0.0234545 0.997862 0.00739735 0.882031 0.0179166 0.997764 0.00793796 0.00213392 0.093217 4.52668e-05 0.100594 0.999808 0.0076723 3.55899e-08 0.0964228 2.2893e-08 0.0996793 0.110465 0.956183 0.999959 0.00677992
90.98 0.611623 0.00292355 1 0.000674932 0.999999 0.000672353 0.00368981 0.00373671 1 0.0002477 1 0.000258741 0.00246939 0.00672843 1 0.00041469 0.999986 0.000525578 0.38144 0.0235996 0.998541 0.00607403 0.908761 0.0138171 0.996971 0.00793629 0.00379925 0.092285 7.23692e-05 0.100515 0.999804 0.00767322 3.69559e-08 0.0964313 1.83715e-08 0.0996889 0.119657 0.957233 0.999956 0.00655834
91.02 0.665981 0.00298418 1 0.000814033 0.999998 0.000805096 0.00532618 0.0036892 1 0.000246982 1 0.00025517 0.00197848 0.0063979 1 0.000393128 0.99999 0.000493371 0.317909 0.0233953 0.999008 0.00495115 0.93026 0.0106244 0.995836 0.00793308 0.00680278 0.0912068 0.000117267 0.100386 0.999799 0.00767401 3.91988e-08 0.0964378 1.49459e-08 0.0996974 0.130141 0.958195 0.999954 0.00637957
91.06 0.714741 0.00307944 0.999999 0.000984209 0.999998 0.000966019 0.00786298 0.00364677 1 0.000246848 1 0.000252193 0.00161742 0.00610412 1 0.000374466 0.999993 0.000465198 0.261432 0.0228483 0.999327 0.00402443 0.947305 0.0081854 0.994198 0.00793086 0.0122213 0.0899415 0.000192149 0.100191 0.999791 0.00767468 4.2492e-08 0.0964419 1.23573e-08 0.0997048 0.142005 0.959086 0.99995 0.00624104
91.1 0.758108 0.00321027 0.999999 0.00118937 0.999997 0.00115822 0.0118055 0.00360869 1 0.000247388 1 0.000249905 0.00135263 0.00584175 1 0.000358214 0.999995 0.000440397 0.212356 0.0219988 0.999545 0.00327519 0.960625 0.00634498 0.991816 0.00793467 0.0219467 0.0884144 0.000317637 0.0999098 0.999779 0.00767527 4.70936e-08 0.0964431 1.04085e-08 0.0997109 0.15531 0.959917 0.999946 0.006141
91.14 0.796426 0.00337704 0.999999 0.00143323 0.999996 0.00138456 0.0179166 0.00357394 1 0.000248768 1 0.00024847 0.00115964 0.00560633 1 0.000343978 0.999996 0.000418443 0.170576 0.0209108 0.999693 0.00267794 0.97089 0.0049651 0.988339 0.00795358 0.0391629 0.0864949 0.000528532 0.0995169 0.999765 0.00767587 5.33776e-08 0.0964407 8.95089e-09 0.0997158 0.170086 0.960702 0.999941 0.00607846
91.18 0.83008 0.00357983 0.999998 0.00171908 0.999995 0.0016475 0.0273042 0.00354111 1 0.000251264 1 0.000248153 0.00102103 0.00539416 1 0.000331445 0.999997 0.000398919 0.135653 0.0196597 0.999793 0.00220589 0.978691 0.00393195 0.98326 0.00800298 0.0688029 0.0839716 0.000883297 0.0989794 0.999745 0.00767663 6.1881e-08 0.0964342 7.87356e-09 0.0997195 0.186321 0.961449 0.999936 0.00605301
91.22 0.859444 0.00381845 0.999997 0.00204953 0.999994 0.00194889 0.0414887 0.00350838 1 0.000255317 1 0.000249366 0.000924641 0.00520217 1 0.000320362 0.999998 0.000381487 0.106938 0.0183207 0.99986 0.00183422 0.984542 0.00315634 0.975864 0.00810708 0.117386 0.0805388 0.00147956 0.0982548 0.999721 0.00767787 7.33782e-08 0.0964228 7.09502e-09 0.0997222 0.203962 0.962168 0.999929 0.00606485
91.26 0.884867 0.00409252 0.999996 0.00242622 0.999993 0.00228982 0.0623805 0.0034735 1 0.000261605 1 0.000252733 0.000862453 0.00502782 1 0.000310528 0.999999 0.00036587 0.0836641 0.0169603 0.999906 0.00154162 0.988875 0.0025706 0.965178 0.00829987 0.191035 0.0758381 0.00247897 0.097288 0.99969 0.00768004 8.90182e-08 0.0964057 6.55822e-09 0.0997246 0.222911 0.962867 0.99992 0.00611464
91.3 0.906679 0.00440142 0.999994 0.0028496 0.999991 0.00267052 0.0920679 0.00343407 1 0.000271125 1 0.000259154 0.000829854 0.00486903 1 0.000301787 0.999999 0.000351839 0.0650234 0.0156316 0.999937 0.00131063 0.992049 0.0021245 0.949985 0.00862058 0.290985 0.0696091 0.00414327 0.0960031 0.999652 0.00768379 1.10762e-07 0.0963822 6.23867e-09 0.0997277 0.24303 0.963552 0.999911 0.00620348
91.34 0.925196 0.00474421 0.999991 0.00331868 0.999988 0.00309022 0.132316 0.00338813 1 0.000285276 1 0.000269873 0.000825218 0.00472406 1 0.000294019 0.999999 0.000339204 0.0502421 0.0143728 0.999957 0.00112737 0.994352 0.00178122 0.92888 0.00910044 0.409495 0.0619235 0.00688916 0.0942891 0.999603 0.00768987 1.41746e-07 0.0963514 6.12721e-09 0.0997331 0.264144 0.964229 0.999899 0.00633288
91.38 0.940727 0.00511958 0.999988 0.00383094 0.999986 0.00354723 0.183819 0.00333521 1 0.000305924 1 0.000286524 0.000849922 0.00459147 1 0.000287133 0.999999 0.000327803 0.0386211 0.0132073 0.999971 0.00098103 0.996009 0.00151402 0.900454 0.00974598 0.531796 0.0533021 0.0113666 0.0919809 0.999541 0.00769883 1.87215e-07 0.0963115 6.23267e-09 0.0997427 0.286054 0.964904 0.999884 0.00650473
91.42 0.953583 0.00552576 0.999983 0.0043824 0.999982 0.00403904 0.245521 0.00327743 1 0.000335421 1 0.000311138 0.000908784 0.0044701 1 0.000281065 0.999999 0.000317502 0.0295555 0.0121464 0.999981 0.000863312 0.997194 0.00130356 0.8636 0.0105316 0.643662 0.0445312 0.0185605 0.0888567 0.99946 0.00771085 2.56159e-07 0.0962593 6.58787e-09 0.0997582 0.308546 0.965579 0.999867 0.00672124
91.46 0.964075 0.00596059 0.999976 0.0049677 0.999977 0.00456245 0.314515 0.00322019 1 0.000376574 1 0.000346102 0.00101102 0.00435904 1 0.000275766 1 0.000308185 0.0225392 0.0111925 0.999987 0.000767868 0.998036 0.00113585 0.817858 0.0114083 0.73709 0.0363213 0.0299106 0.0846731 0.999353 0.00772556 3.63821e-07 0.0961882 7.25174e-09 0.0997808 0.3314 0.966258 0.999845 0.00698494
91.5 0.972512 0.00642152 0.999968 0.00558043 0.999972 0.00511373 0.386751 0.00317167 1 0.000432566 1 0.00039408 0.00117205 0.00425758 1 0.000271197 1 0.000299756 0.0171544 0.0103416 0.999991 0.000689858 0.998632 0.00100069 0.763673 0.0123204 0.810417 0.0291014 0.0474111 0.0792398 0.999209 0.00774219 5.36599e-07 0.0960884 8.32506e-09 0.0998097 0.354408 0.966943 0.99982 0.00729869
91.54 0.979197 0.00690569 0.999956 0.00621352 0.999965 0.00568883 0.458193 0.00314112 1 0.000506867 1 0.000457934 0.00141659 0.00416519 1 0.000267324 1 0.000292138 0.0130571 0.00958664 0.999994 0.00062558 0.999053 0.000890601 0.70244 0.0132212 0.865657 0.0230222 0.0735971 0.0725041 0.999013 0.00775974 8.21072e-07 0.0959462 9.97503e-09 0.0998429 0.377374 0.967636 0.999788 0.00766562
91.58 0.984419 0.00741002 0.99994 0.00685968 0.999956 0.00628346 0.525767 0.00313704 1 0.000603136 1 0.000540647 0.00178355 0.00408146 1 0.000264112 1 0.000285266 0.00996533 0.0089189 0.999996 0.000572197 0.999347 0.000800027 0.636296 0.014079 0.906133 0.0180549 0.11126 0.0646077 0.99874 0.00777717 1.30087e-06 0.0957451 1.24778e-08 0.0998759 0.40013 0.968337 0.99975 0.00808914
91.62 0.988443 0.00793123 0.999918 0.00751176 0.999945 0.00689322 0.587682 0.00316585 1 0.000725147 1 0.000645268 0.002334 0.00400603 1 0.00026153 1 0.000279094 0.0076497 0.0083293 0.999997 0.000527518 0.999552 0.00072479 0.567738 0.0148782 0.935196 0.0140833 0.162724 0.0558932 0.998357 0.00779359 2.12862e-06 0.0954667 1.62935e-08 0.0999023 0.422534 0.969047 0.999703 0.00857295
91.66 0.991503 0.00846594 0.999889 0.00816314 0.999932 0.00751378 0.643261 0.00323165 1 0.000876702 1 0.000774851 0.00316335 0.0039385 1 0.000259552 1 0.000273593 0.00592563 0.00780907 0.999998 0.000489845 0.999694 0.000661727 0.499234 0.0156135 0.955726 0.0109601 0.228736 0.0468574 0.997811 0.00780823 3.58667e-06 0.0950918 2.22092e-08 0.0999136 0.444472 0.969765 0.999646 0.00912101
91.7 0.993804 0.00901067 0.99985 0.00880799 0.999915 0.00814095 0.692571 0.00333653 1 0.00106154 1 0.000932396 0.00442027 0.00387838 1 0.000258164 1 0.000268751 0.00464717 0.00734999 0.999999 0.000457855 0.999792 0.000608422 0.432939 0.01628 0.970029 0.00853591 0.307454 0.0380642 0.997024 0.00782053 6.20049e-06 0.0946011 3.16332e-08 0.0998983 0.465859 0.970489 0.999576 0.00973755
91.74 0.995514 0.00956191 0.999797 0.00944134 0.999894 0.00877081 0.736055 0.00348113 0.999999 0.00128324 0.999999 0.00112077 0.00633416 0.00382504 1 0.000257375 1 0.000264583 0.00370196 0.00694454 0.999999 0.000430506 0.999858 0.000563011 0.370541 0.0168624 0.979868 0.00667248 0.394383 0.030031 0.99588 0.00783007 1.09615e-05 0.0939761 4.71076e-08 0.0998412 0.486631 0.971219 0.99949 0.010427
91.78 0.996774 0.0101162 0.999726 0.0100592 0.999868 0.00939975 0.774288 0.00366524 0.999999 0.00154503 0.999999 0.00134261 0.00925427 0.00377769 1 0.00025723 1 0.000261138 0.00300458 0.00658589 0.999999 0.000406979 0.999903 0.000524052 0.313239 0.0173296 0.986562 0.00524938 0.483595 0.023122 0.994202 0.0078366 1.97584e-05 0.0931987 7.33327e-08 0.0997219 0.506749 0.971953 0.999385 0.0111941
91.82 0.997694 0.0106701 0.99963 0.0106584 0.999835 0.0100245 0.807841 0.00388812 0.999999 0.00184966 0.999999 0.00160017 0.0137016 0.00373533 1 0.000257826 1 0.000258514 0.00249094 0.00626792 1 0.000386622 0.999934 0.000490412 0.261771 0.0176392 0.991073 0.00416601 0.569487 0.0174929 0.991721 0.00784005 3.6218e-05 0.09225 1.19223e-07 0.0995118 0.526188 0.972688 0.999256 0.0120438
91.86 0.99836 0.0112204 0.9995 0.0112368 0.999794 0.0106423 0.83722 0.0041487 0.999999 0.00219919 0.999999 0.0018952 0.0204303 0.00369671 1 0.000259342 1 0.000256879 0.00211401 0.00598516 1 0.000368913 0.999955 0.000461196 0.216468 0.0177498 0.994087 0.00334131 0.648025 0.0131067 0.988033 0.00784068 6.73479e-05 0.0911064 2.02083e-07 0.0991704 0.544935 0.973422 0.999097 0.012981
91.9 0.998838 0.0117641 0.999326 0.0117928 0.999743 0.0112505 0.862857 0.0044457 0.999999 0.0025947 0.999999 0.00222874 0.0304847 0.00366026 1 0.000262066 1 0.000256501 0.00183987 0.00573279 1 0.000353434 0.999968 0.000435691 0.177316 0.0176353 0.99609 0.00271182 0.717037 0.00980117 0.982534 0.0078393 0.000126752 0.0897343 3.56207e-07 0.0986396 0.562989 0.974154 0.998902 0.014011
91.94 0.999181 0.0122986 0.999091 0.0123257 0.99968 0.0118471 0.885121 0.00477763 0.999998 0.00303617 0.999999 0.00260104 0.0452199 0.00362415 1 0.00026645 1 0.00025779 0.00164457 0.00550666 1 0.000339849 0.999978 0.000413318 0.144034 0.0172936 0.997415 0.00222893 0.775867 0.00736463 0.97434 0.00783749 0.000240918 0.0880819 6.50847e-07 0.0978362 0.580354 0.97488 0.998662 0.0151392
91.98 0.999424 0.0128213 0.998775 0.0128349 0.999601 0.01243 0.904333 0.00514273 0.999998 0.00352226 0.999999 0.00301141 0.0662299 0.00358632 1 0.000273158 1 0.00026134 0.00151175 0.0053032 1 0.000327889 0.999984 0.000393608 0.116155 0.0167464 0.998289 0.00185599 0.824843 0.00559034 0.962194 0.00783799 0.000461483 0.0860699 1.22811e-06 0.0966431 0.59704 0.975598 0.998367 0.0163709
92.02 0.999596 0.0133301 0.998352 0.0133209 0.999504 0.0129977 0.920789 0.00553891 0.999997 0.00405026 0.999999 0.00345822 0.0951116 0.00354484 1 0.000283128 1 0.000267979 0.00143108 0.00511943 1 0.000317335 0.999989 0.000376175 0.0930917 0.0160337 0.998865 0.00156562 0.86484 0.00430341 0.944401 0.00784491 0.00088905 0.0835837 2.38344e-06 0.0949012 0.613062 0.976305 0.998005 0.0177113
92.06 0.999717 0.013823 0.997784 0.013784 0.999384 0.013549 0.934768 0.00596375 0.999996 0.0046161 0.999998 0.003939 0.133029 0.00349844 1 0.000297623 1 0.000278808 0.00139711 0.00495284 1 0.000308019 0.999992 0.000360701 0.0742145 0.0152046 0.999245 0.00133747 0.896971 0.00336778 0.918854 0.00786387 0.00171906 0.0804707 4.73752e-06 0.0924072 0.628438 0.977 0.997561 0.019166
92.1 0.999803 0.0142983 0.997025 0.0142255 0.999235 0.0140825 0.946542 0.0064144 0.999995 0.00521453 0.999998 0.00445056 0.180167 0.00344737 1 0.000318252 1 0.00029521 0.00140879 0.00480139 1 0.000299805 0.999994 0.000346921 0.058903 0.0143086 0.999497 0.00115647 0.922407 0.0026828 0.883274 0.00790173 0.00332912 0.0765525 9.60428e-06 0.0889284 0.643188 0.977679 0.997017 0.02074
92.14 0.999862 0.0147545 0.996012 0.0146466 0.999052 0.0145974 0.956372 0.0068877 0.999994 0.00583932 0.999998 0.0049892 0.235336 0.00339418 1 0.000346955 1 0.000318831 0.0014695 0.00466342 1 0.000292589 0.999995 0.000334615 0.0465832 0.0133898 0.999663 0.00101147 0.942269 0.00217621 0.835776 0.00796567 0.00644151 0.0716617 1.97788e-05 0.0842476 0.657337 0.978341 0.996351 0.0224384
92.18 0.999904 0.0151898 0.994664 0.0150493 0.998826 0.015093 0.964513 0.00738019 0.999993 0.00648358 0.999997 0.00555093 0.296029 0.00334398 1 0.000385948 1 0.000351523 0.00158757 0.00453761 1 0.000286288 0.999996 0.000323602 0.0367448 0.0124835 0.999774 0.000894147 0.957573 0.00179694 0.775726 0.00806128 0.0124142 0.0657064 4.12223e-05 0.0782444 0.67091 0.978983 0.995539 0.0242663
92.22 0.999933 0.015603 0.992874 0.0154357 0.998549 0.0155687 0.971205 0.0078883 0.999991 0.00714018 0.999997 0.00613165 0.359016 0.00330383 1 0.000437631 1 0.000395264 0.00177752 0.00442295 1 0.000280833 0.999997 0.000313729 0.0289453 0.0116151 0.999848 0.00079832 0.969207 0.00150913 0.704525 0.00819042 0.0237216 0.0587452 8.66515e-05 0.0709926 0.683936 0.979604 0.99455 0.0262282
92.26 0.999953 0.0159923 0.990506 0.0158088 0.998209 0.0160241 0.976671 0.00840844 0.999989 0.00780207 0.999997 0.00672723 0.421173 0.00328143 1 0.000504498 0.999999 0.000452078 0.00206211 0.00431864 1 0.000276163 0.999998 0.000304873 0.0228065 0.010801 0.999898 0.000719335 0.977928 0.00128759 0.625737 0.00835044 0.0446203 0.0510242 0.000183148 0.0628165 0.696445 0.980201 0.99335 0.0283287
92.3 0.999967 0.016356 0.987386 0.0161721 0.997792 0.0164589 0.981112 0.00893712 0.999986 0.00846259 0.999996 0.00733362 0.480119 0.00328371 1 0.000589059 0.999999 0.000523977 0.00247556 0.00422403 1 0.000272226 0.999998 0.000296936 0.0180073 0.0100502 0.999931 0.00065367 0.984369 0.00111459 0.544255 0.0085371 0.0816749 0.0429386 0.000388175 0.0542469 0.708468 0.980773 0.991896 0.030572
92.34 0.999977 0.016692 0.983298 0.01653 0.997283 0.0168731 0.984705 0.00947103 0.999983 0.00911575 0.999995 0.0079469 0.534444 0.00331585 1 0.000693769 0.999999 0.000612915 0.00306825 0.00413856 1 0.000268973 0.999998 0.000289839 0.0142777 0.0093661 0.999953 0.000598639 0.989053 0.000977518 0.464937 0.0087513 0.143021 0.0349333 0.000822977 0.0458793 0.720037 0.981318 0.990143 0.0329622
92.38 0.999984 0.0169978 0.977973 0.016888 0.996661 0.0172665 0.987605 0.010007 0.999978 0.00975638 0.999995 0.00856329 0.583602 0.00338111 1 0.000820992 0.999999 0.000720762 0.00391343 0.00406169 1 0.000266364 0.999999 0.000283525 0.0113925 0.00874818 0.999968 0.000552169 0.992407 0.000867349 0.391551 0.00900341 0.234518 0.02742 0.00174064 0.0382118 0.731186 0.981834 0.988034 0.035503
92.42 0.999989 0.0172704 0.971091 0.0172527 0.995904 0.0176394 0.989941 0.0105422 0.999973 0.0103802 0.999994 0.00917926 0.627645 0.00348097 1 0.000972959 0.999999 0.000849287 0.00511617 0.00399283 1 0.000264373 0.999999 0.000277958 0.00916802 0.00819359 0.999978 0.000512651 0.994773 0.000777537 0.326311 0.00930523 0.35321 0.0207501 0.00366184 0.031546 0.74195 0.98232 0.985509 0.0381979
92.46 0.999992 0.0175063 0.96228 0.0176326 0.994985 0.0179917 0.991822 0.0110737 0.999967 0.0109838 0.999993 0.00979153 0.666952 0.00361565 1 0.00115175 0.999999 0.00100015 0.00682515 0.00393135 1 0.000262988 0.999999 0.000273123 0.0074565 0.00769795 0.999985 0.000478825 0.996419 0.000703306 0.270034 0.00964867 0.484713 0.0151932 0.00763552 0.0259751 0.752365 0.982774 0.982498 0.0410503
92.5 0.999995 0.0177014 0.951128 0.0180375 0.993873 0.0183236 0.993337 0.0115991 0.999959 0.0115647 0.999991 0.0103971 0.702037 0.00378448 1 0.00135924 0.999999 0.00117487 0.00924728 0.00387651 1 0.000262224 0.999999 0.000269029 0.00614056 0.00725591 0.999989 0.000449693 0.997552 0.000641169 0.222561 0.00999096 0.61032 0.0108694 0.0157072 0.0214319 0.76247 0.983193 0.978922 0.0440633
92.54 0.999996 0.0178513 0.937206 0.0184795 0.992529 0.0186352 0.994559 0.0121159 0.999949 0.012121 0.99999 0.0109934 0.733417 0.00398624 1 0.00159707 0.999999 0.00137481 0.0126643 0.00382751 1 0.000262125 0.999999 0.000265715 0.00512878 0.00686163 0.999992 0.000424461 0.998324 0.00058858 0.183143 0.0102692 0.716965 0.00770582 0.0316569 0.0177571 0.7723 0.983577 0.974697 0.0472399
92.58 0.999997 0.0179512 0.920107 0.0189724 0.990911 0.0189267 0.995546 0.0126219 0.999937 0.0126515 0.999988 0.0115781 0.761559 0.00421942 1 0.0018666 0.999999 0.00160114 0.0174491 0.00378345 1 0.000262779 0.999999 0.00026326 0.00435088 0.00650933 0.999995 0.000402488 0.998849 0.000543673 0.150751 0.0104363 0.800324 0.00549148 0.0618294 0.014758 0.781894 0.983923 0.969729 0.0505831
92.62 0.999998 0.0179967 0.899495 0.0195323 0.98897 0.0191981 0.996344 0.0131153 0.999922 0.0131558 0.999986 0.0121493 0.786851 0.00448233 1 0.00216877 0.999999 0.00185475 0.024078 0.00374335 1 0.000264324 0.999999 0.000261785 0.00375341 0.00619378 0.999996 0.000383258 0.999205 0.000505057 0.124286 0.0104908 0.862015 0.00397859 0.115071 0.012247 0.791288 0.98423 0.963919 0.0540956
92.66 0.999999 0.0179842 0.875166 0.0201763 0.986645 0.0194498 0.996991 0.0135943 0.999903 0.0136335 0.999984 0.0127051 0.809607 0.00477315 0.999999 0.00250407 0.999999 0.00213621 0.0331306 0.00370617 1 0.000266968 0.999999 0.000261473 0.00329616 0.00591057 0.999997 0.00036635 0.999446 0.000471671 0.10271 0.0104792 0.906042 0.00295239 0.199529 0.0100701 0.800518 0.984493 0.957164 0.0577801
92.7 0.999999 0.0179117 0.84709 0.0209228 0.98387 0.0196823 0.997517 0.0140574 0.999879 0.0140848 0.999982 0.0132444 0.830078 0.00509004 0.999999 0.00287243 0.999999 0.00244572 0.0452677 0.00367089 1 0.000270998 0.999999 0.000262576 0.00294915 0.0056562 0.999998 0.000351427 0.99961 0.000442689 0.0851142 0.0104687 0.936683 0.00225322 0.315229 0.00813464 0.80962 0.984712 0.949354 0.0616394
92.74 0.999999 0.0177793 0.815462 0.02179 0.980564 0.0198964 0.997945 0.0145033 0.999849 0.0145102 0.999979 0.0137658 0.848471 0.00543105 0.999999 0.00327311 0.999998 0.002783 0.0611764 0.00363657 1 0.000276803 0.999999 0.00026543 0.0026904 0.00542784 0.999998 0.000338216 0.999723 0.000417449 0.0707342 0.010502 0.957627 0.00177135 0.448715 0.0064251 0.818628 0.984882 0.940384 0.0656762
92.78 0.999999 0.0175898 0.780707 0.0227949 0.976634 0.0200937 0.998295 0.0149312 0.999812 0.0149103 0.999975 0.0142686 0.864962 0.00579419 0.999999 0.00370472 0.999998 0.00314736 0.0814734 0.0036025 1 0.000284879 0.999999 0.000270463 0.00250416 0.00522297 0.999999 0.000326497 0.999801 0.000395416 0.0589466 0.0105672 0.971756 0.00143389 0.579248 0.00497616 0.827573 0.985 0.930147 0.0698928
92.82 1 0.0173485 0.743434 0.0239523 0.971967 0.0202765 0.998582 0.0153402 0.999763 0.015286 0.999971 0.014752 0.879705 0.00617736 0.999999 0.00416516 0.999998 0.00353763 0.106573 0.00356844 1 0.000295844 0.999999 0.000278202 0.00237968 0.00503915 0.999999 0.000316097 0.999855 0.000376147 0.0492504 0.0106085 0.981205 0.00119289 0.691222 0.0038151 0.836481 0.985061 0.918546 0.0742918
92.86 1 0.0170629 0.704329 0.0252736 0.966431 0.0204482 0.998818 0.0157298 0.999701 0.0156381 0.999965 0.0152154 0.892841 0.00657839 0.999999 0.00465166 0.999998 0.00395222 0.136549 0.00353479 1 0.000310429 0.999999 0.000289265 0.00231034 0.00487393 0.999999 0.000306871 0.999893 0.000359265 0.0412459 0.0105647 0.98749 0.00101683 0.779163 0.00292894 0.845375 0.985062 0.905493 0.0788753
92.9 1 0.0167415 0.664076 0.0267665 0.959863 0.0206134 0.999013 0.0160998 0.99962 0.0159678 0.999959 0.0156587 0.9045 0.00699503 0.999999 0.00516086 0.999998 0.00438918 0.171028 0.00350283 1 0.000329474 0.999999 0.000304352 0.00229302 0.00472501 0.999999 0.000298698 0.99992 0.000344447 0.0346153 0.0104003 0.991661 0.00088496 0.844636 0.00227322 0.854273 0.984996 0.890914 0.0836449
92.94 1 0.0163929 0.623316 0.0284349 0.952072 0.0207782 0.999174 0.0164501 0.999515 0.0162762 0.999952 0.0160815 0.914811 0.00742497 0.999998 0.0056889 0.999998 0.00484625 0.209189 0.00347474 1 0.000353898 0.999999 0.000324222 0.00232779 0.00459034 0.999999 0.000291479 0.999939 0.000331413 0.0291047 0.0101126 0.99443 0.000783594 0.891904 0.0017945 0.863181 0.984857 0.874758 0.0886016
92.98 1 0.0160251 0.582586 0.0302791 0.942831 0.0209499 0.999307 0.0167808 0.999375 0.0165646 0.999942 0.0164838 0.923899 0.0078659 0.999998 0.00623158 0.999997 0.00532093 0.249863 0.00345348 1 0.000384673 0.999998 0.000349665 0.00241785 0.00446826 1 0.000285123 0.999953 0.000319922 0.0245122 0.0097234 0.996269 0.000703668 0.925418 0.00144514 0.872095 0.984637 0.857001 0.0937455
93.02 1 0.0156444 0.542288 0.0322956 0.931875 0.0211372 0.999418 0.0170921 0.999188 0.0168344 0.999931 0.0168658 0.931886 0.00831548 0.999998 0.00678451 0.999997 0.00581058 0.29173 0.00344247 1 0.000422787 0.999998 0.000381477 0.00256969 0.00435741 1 0.000279556 0.999963 0.000309769 0.0206777 0.00926553 0.997493 0.00063914 0.948909 0.00118814 0.881 0.984328 0.837649 0.0990749
93.06 1 0.0152554 0.502675 0.0344786 0.918891 0.0213502 0.999511 0.0173844 0.998937 0.017087 0.999917 0.0172275 0.938889 0.00877147 0.999998 0.00734329 0.999997 0.00631245 0.333527 0.00344515 1 0.000469217 0.999998 0.000420432 0.0027934 0.00425675 1 0.000274708 0.99997 0.000300778 0.0174732 0.00877217 0.998311 0.000585934 0.965235 0.000996653 0.889867 0.983918 0.816743 0.104586
93.1 1 0.0148603 0.46388 0.0368204 0.903508 0.0216006 0.999588 0.0176579 0.998597 0.017324 0.9999 0.0175694 0.945019 0.00923166 0.999997 0.00790363 0.999996 0.00682377 0.374212 0.00346458 1 0.000524901 0.999998 0.000467268 0.00310333 0.00416541 1 0.000270521 0.999976 0.000292803 0.0147961 0.00827112 0.998858 0.00054127 0.976497 0.000851819 0.898653 0.983398 0.794359 0.110273
93.14 1 0.0144599 0.425999 0.0393117 0.885318 0.0219018 0.999653 0.0179131 0.998132 0.0175473 0.999878 0.0178918 0.950381 0.00969395 0.999997 0.00846151 0.999996 0.00734175 0.413045 0.00350316 1 0.000590726 0.999998 0.000522676 0.00351889 0.00408269 1 0.00026694 0.99998 0.000285726 0.0125623 0.00778273 0.999224 0.00050322 0.98421 0.000740525 0.907308 0.982752 0.770608 0.116126
93.18 1 0.0140536 0.389103 0.0419419 0.863896 0.0222691 0.999707 0.0181501 0.997491 0.0177588 0.999851 0.0181952 0.95507 0.0101563 0.999996 0.00901329 0.999996 0.00786369 0.449589 0.00356253 1 0.000667513 0.999998 0.000587294 0.00406565 0.00400796 1 0.000263922 0.999983 0.000279448 0.0107018 0.00732025 0.999471 0.000470421 0.989456 0.000653658 0.915772 0.981965 0.74564 0.122132
93.22 1 0.0136401 0.35325 0.044698 0.838821 0.0227199 0.999752 0.0183691 0.9966 0.0179607 0.999816 0.0184801 0.959174 0.010617 0.999996 0.00955572 0.999995 0.00838697 0.483665 0.00364353 1 0.00075602 0.999998 0.000661713 0.00477668 0.00394066 1 0.000261427 0.999985 0.000273893 0.00915564 0.00689117 0.999638 0.000441886 0.992997 0.000584836 0.923984 0.98102 0.719632 0.128272
93.26 1 0.0132181 0.318512 0.0475649 0.809722 0.0232734 0.99979 0.0185699 0.995354 0.0181559 0.999772 0.018747 0.962769 0.011074 0.999995 0.0100861 0.999995 0.00890915 0.515281 0.00374635 1 0.000856942 0.999998 0.000746479 0.0056941 0.00388023 1 0.000259425 0.999987 0.000269 0.00787381 0.00649878 0.99975 0.000416884 0.995371 0.000529543 0.931877 0.979894 0.692784 0.134525
93.3 1 0.0127865 0.284988 0.0505243 0.776323 0.0239513 0.999822 0.018752 0.993597 0.0183477 0.999715 0.0189965 0.965925 0.0115257 0.999994 0.010602 0.999994 0.00942793 0.544559 0.00387066 1 0.000970913 0.999998 0.000842098 0.0068708 0.00382615 1 0.000257894 0.999989 0.000264724 0.00681382 0.00614352 0.999827 0.00039486 0.996952 0.000484543 0.93939 0.978565 0.665308 0.140864
93.34 1 0.0123455 0.252806 0.0535543 0.738491 0.0247772 0.999849 0.0189144 0.991105 0.0185401 0.999641 0.0192291 0.9687 0.0119707 0.999993 0.0111017 0.999994 0.00994125 0.57168 0.00401575 1 0.00109851 0.999997 0.000949039 0.00837211 0.00377787 1 0.000256822 0.99999 0.000261036 0.00593965 0.00582405 0.999879 0.000375378 0.997998 0.000447486 0.946464 0.977006 0.637418 0.147259
93.38 1 0.0118961 0.222149 0.0566286 0.696329 0.0257759 0.999872 0.0190552 0.987547 0.0187388 0.999543 0.0194453 0.971149 0.0124074 0.999992 0.0115838 0.999993 0.0104472 0.596845 0.00418061 0.999999 0.00124023 0.999997 0.00106774 0.0102777 0.00373489 1 0.000256209 0.999991 0.000257919 0.00522066 0.00553805 0.999915 0.000358091 0.998687 0.000416642 0.953053 0.975185 0.609327 0.153676
93.42 1 0.0114415 0.193229 0.0597158 0.650215 0.0269728 0.999891 0.0191717 0.982444 0.0189512 0.999414 0.0196453 0.973315 0.0128346 0.999991 0.0120473 0.999993 0.0109443 0.62025 0.00436412 0.999999 0.00139653 0.999997 0.00119857 0.012683 0.0036967 1 0.000256063 0.999991 0.000255369 0.0046311 0.00528271 0.999939 0.000342714 0.999139 0.000390722 0.959123 0.973068 0.581241 0.160078
93.46 1 0.0109864 0.166257 0.0627802 0.600805 0.0283917 0.999907 0.0192592 0.975108 0.0191876 0.999242 0.0198293 0.975239 0.0132511 0.99999 0.0124914 0.999992 0.011431 0.642076 0.00456502 0.999999 0.00156777 0.999997 0.0013419 0.0157002 0.00366282 1 0.000256409 0.999992 0.000253397 0.0041495 0.00505507 0.999956 0.000329009 0.999435 0.000368748 0.964653 0.970616 0.55335 0.166428
93.5 1 0.0105368 0.141423 0.0657829 0.54899 0.0300537 0.999921 0.019311 0.964569 0.0194626 0.99901 0.019997 0.976955 0.0136558 0.999988 0.0129159 0.999991 0.0119061 0.662478 0.00478205 0.999999 0.00175422 0.999997 0.00149799 0.0194589 0.00363277 1 0.000257283 0.999992 0.000252027 0.00375819 0.00485223 0.999968 0.000316778 0.999628 0.000349977 0.969638 0.967786 0.525825 0.172689
93.54 1 0.0100995 0.118875 0.0686841 0.495832 0.0319749 0.999932 0.0193176 0.949502 0.0197965 0.998693 0.0201478 0.978494 0.0140478 0.999986 0.0133205 0.99999 0.0123688 0.681587 0.00501392 0.999999 0.00195603 0.999996 0.00166705 0.0241042 0.00360612 1 0.000258741 0.999992 0.0002513 0.00344277 0.00467149 0.999977 0.000305849 0.999754 0.00033383 0.974084 0.96453 0.498815 0.178826
93.58 1 0.00968128 0.0987016 0.0714453 0.442475 0.0341646 0.999942 0.0192658 0.9282 0.0202186 0.998256 0.0202806 0.979883 0.0144263 0.999983 0.0137054 0.999989 0.0128182 0.699507 0.00525937 0.999999 0.00217326 0.999996 0.00184923 0.0297943 0.00358248 1 0.000260855 0.999992 0.00025127 0.00319169 0.00451034 0.999983 0.000296076 0.999837 0.000319854 0.978011 0.960794 0.472445 0.184809
93.62 1 0.00928831 0.0809311 0.0740325 0.390054 0.0366235 0.99995 0.0191387 0.898648 0.0207687 0.997651 0.0203933 0.981146 0.0147905 0.99998 0.0140708 0.999988 0.0132538 0.71632 0.00551719 0.999999 0.00240578 0.999996 0.00204453 0.0366944 0.00356151 1 0.000263715 0.999993 0.000252011 0.00299578 0.00436655 0.999987 0.000287331 0.999891 0.000307692 0.981445 0.95652 0.446818 0.190613
93.66 1 0.00892569 0.0655241 0.0764182 0.339618 0.0393427 0.999957 0.0189173 0.858822 0.0215008 0.996805 0.0204831 0.982302 0.0151396 0.999976 0.0144171 0.999987 0.013675 0.732083 0.00578621 0.999999 0.00265331 0.999996 0.00225287 0.0449687 0.00354294 1 0.000267436 0.999993 0.000253614 0.00284798 0.00423812 0.99999 0.000279505 0.999926 0.000297058 0.984421 0.951646 0.422016 0.196221
93.7 1 0.00859708 0.0523798 0.0785835 0.292067 0.0423023 0.999963 0.0185836 0.807267 0.0224831 0.995614 0.0205465 0.983371 0.0154729 0.999971 0.0147447 0.999986 0.0140817 0.746839 0.00606533 0.999999 0.00291538 0.999995 0.00247401 0.0547686 0.00352658 1 0.000272151 0.999992 0.00025619 0.00274303 0.00412329 0.999992 0.000272503 0.99995 0.000287721 0.98698 0.946104 0.398102 0.201624
93.74 1 0.00830468 0.0413461 0.0805186 0.248112 0.0454724 0.999968 0.0181265 0.743873 0.0237956 0.99393 0.02058 0.98437 0.0157897 0.999964 0.0150541 0.999985 0.0144736 0.760615 0.00635351 0.999999 0.00319129 0.999995 0.00270756 0.0662186 0.00351235 1 0.000278018 0.999992 0.000259868 0.00267724 0.00402051 0.999994 0.000266242 0.999966 0.000279492 0.989162 0.939822 0.375122 0.206821
93.78 1 0.00804931 0.0322316 0.0822232 0.208256 0.048813 0.999973 0.0175495 0.670463 0.0255225 0.991541 0.0205809 0.985314 0.0160893 0.999956 0.015346 0.999983 0.0148506 0.773429 0.00664975 0.999998 0.00348011 0.999995 0.00295296 0.0794005 0.0035003 1 0.000285216 0.999992 0.000264794 0.00264837 0.00392844 0.999995 0.000260651 0.999976 0.000272219 0.99101 0.932723 0.353106 0.211823
93.82 1 0.00783059 0.024821 0.0837053 0.172781 0.0522765 0.999976 0.0168736 0.590719 0.0277395 0.988148 0.0205496 0.986215 0.0163713 0.999944 0.0156208 0.999981 0.0152126 0.785298 0.0069531 0.999998 0.00378064 0.999994 0.00320946 0.0943385 0.00349062 0.999999 0.000293945 0.999992 0.000271133 0.00265552 0.00384591 0.999996 0.000255665 0.999983 0.000265772 0.992565 0.924728 0.332072 0.216652
93.86 1 0.00764722 0.0188891 0.08498 0.141767 0.0558096 0.999979 0.0161355 0.509305 0.0304992 0.983331 0.0204908 0.987085 0.0166355 0.999928 0.0158793 0.999978 0.0155597 0.796246 0.00726262 0.999998 0.00409148 0.999994 0.00347616 0.110987 0.00348367 0.999999 0.000304421 0.999992 0.000279061 0.00269906 0.00377188 0.999997 0.000251233 0.999988 0.000260048 0.993866 0.915754 0.31203 0.221341
93.9 1 0.00749718 0.0142123 0.0860675 0.11511 0.0593564 0.999982 0.0153783 0.430637 0.0338187 0.976518 0.0204157 0.987933 0.0168821 0.999906 0.0161221 0.999975 0.0158921 0.806308 0.00757734 0.999998 0.00441103 0.999994 0.00375197 0.129225 0.00347998 0.999999 0.000316876 0.999992 0.000288765 0.00278065 0.00370547 0.999997 0.000247305 0.999991 0.000254957 0.994948 0.905715 0.292977 0.225931
93.94 1 0.00737794 0.0105785 0.0869913 0.0925523 0.0628617 0.999984 0.0146406 0.357958 0.0376733 0.966942 0.0203424 0.988764 0.0171119 0.999875 0.0163502 0.999971 0.0162099 0.815537 0.00789625 0.999998 0.00473756 0.999993 0.00403577 0.148861 0.00348022 0.999999 0.000331547 0.999991 0.000300439 0.00290329 0.00364591 0.999998 0.000243842 0.999994 0.000250427 0.995846 0.894524 0.274901 0.230478
93.98 1 0.00728658 0.00779453 0.087776 0.0737382 0.0662743 0.999986 0.0139486 0.293085 0.0419968 0.953605 0.0202954 0.989581 0.0173258 0.99983 0.0165647 0.999966 0.0165135 0.823998 0.00821828 0.999997 0.0050693 0.999993 0.00432634 0.16964 0.00348518 0.999999 0.000348675 0.999991 0.000314275 0.00307134 0.00359253 0.999998 0.000240807 0.999995 0.000246394 0.996586 0.882091 0.257781 0.235045
94.02 1 0.00721997 0.005691 0.0884459 0.0582702 0.0695494 0.999988 0.0133144 0.236713 0.046688 0.935281 0.0203054 0.990381 0.017525 0.999764 0.0167669 0.99996 0.0168031 0.831764 0.00854231 0.999997 0.00540452 0.999992 0.00462251 0.191265 0.00349573 0.999999 0.000368496 0.999991 0.000330464 0.00329074 0.00354475 0.999998 0.00023817 0.999996 0.000242807 0.997196 0.868328 0.241598 0.239709
94.06 1 0.0071749 0.00412164 0.0890235 0.0457144 0.0726504 0.999989 0.0127377 0.188825 0.0516182 0.910613 0.0204087 0.991161 0.0177107 0.999668 0.0169584 0.999952 0.0170793 0.838916 0.00886716 0.999997 0.00574158 0.999992 0.00492318 0.213421 0.00351277 0.999999 0.000391237 0.99999 0.000349183 0.00356912 0.00350205 0.999999 0.000235902 0.999997 0.000239624 0.997696 0.853145 0.226333 0.244554
94.1 1 0.00714811 0.00296377 0.0895287 0.0356274 0.0755504 0.999991 0.0122099 0.148859 0.0566419 0.878259 0.0206466 0.991917 0.0178839 0.999525 0.0171409 0.999941 0.0173424 0.845527 0.00919169 0.999996 0.00607901 0.999991 0.00522732 0.235796 0.00353715 0.999999 0.000417109 0.99999 0.0003706 0.00391607 0.003464 0.999999 0.000233981 0.999998 0.000236807 0.998106 0.836452 0.211959 0.249678
94.14 1 0.00713641 0.0021186 0.0899784 0.0275978 0.0782323 0.999992 0.0117177 0.115985 0.0616102 0.837156 0.0210652 0.99264 0.0180457 0.999311 0.0173164 0.999927 0.0175929 0.851663 0.00951478 0.999996 0.00641551 0.99999 0.00553401 0.258103 0.00356963 0.999999 0.000446304 0.999989 0.000394864 0.00434341 0.00343021 0.999999 0.000232385 0.999998 0.000234327 0.998441 0.818165 0.198442 0.255186
94.18 1 0.00713675 0.00150779 0.090386 0.021266 0.0806874 0.999993 0.0112474 0.0893251 0.0663824 0.786898 0.0217138 0.993325 0.0181968 0.998991 0.0174871 0.999909 0.0178312 0.857373 0.00983544 0.999996 0.00674993 0.99999 0.00584243 0.28009 0.00361086 0.999998 0.00047899 0.999989 0.000422106 0.00486547 0.00340032 0.999999 0.000231097 0.999999 0.000232159 0.998715 0.798197 0.185754 0.261197
94.22 1 0.00714636 0.00106938 0.0907618 0.0163114 0.0829143 0.999994 0.0107886 0.0680392 0.0708335 0.728164 0.0226428 0.993967 0.0183375 0.998506 0.0176554 0.999885 0.0180577 0.8627 0.0101528 0.999995 0.00708127 0.999989 0.00615178 0.301549 0.00366132 0.999998 0.000515307 0.999989 0.000452434 0.00549947 0.00337403 0.999999 0.000230102 0.999999 0.000230285 0.998938 0.776471 0.173863 0.26784
94.26 1 0.00716272 0.000756767 0.0911129 0.0124647 0.0849176 0.999994 0.0103367 0.0512774 0.0748634 0.662684 0.0238982 0.994564 0.018468 0.997772 0.0178242 0.999852 0.0182726 0.867671 0.0104661 0.999995 0.00740862 0.999988 0.00646133 0.322316 0.00372131 0.999998 0.000555368 0.999988 0.000485933 0.00626576 0.00335105 0.999999 0.000229388 0.999999 0.00022869 0.999121 0.752912 0.162735 0.275257
94.3 1 0.0071837 0.000535066 0.0914444 0.00950053 0.086706 0.999995 0.00989331 0.0382511 0.078403 0.592997 0.0255177 0.995114 0.0185881 0.99666 0.0179963 0.999808 0.0184764 0.872308 0.0107749 0.999994 0.00773115 0.999988 0.00677032 0.342269 0.00379098 0.999998 0.00059925 0.999988 0.000522663 0.0071882 0.00333111 0.999999 0.000228946 0.999999 0.000227364 0.99927 0.727457 0.152336 0.283602
94.34 1 0.00720751 0.000378636 0.0917592 0.00723177 0.0882913 0.999995 0.00946476 0.0282487 0.0814171 0.521898 0.027526 0.995615 0.0186973 0.994972 0.0181753 0.999749 0.0186692 0.876625 0.0110786 0.999993 0.00804809 0.999987 0.00707801 0.361325 0.00387034 0.999998 0.000646998 0.999987 0.000562654 0.00829437 0.00331398 0.999999 0.000228771 0.999999 0.000226301 0.999392 0.700056 0.142634 0.293044
94.38 1 0.00723274 0.000268729 0.0920587 0.00550575 0.0896874 0.999996 0.00905945 0.0206532 0.083904 0.452001 0.0299322 0.99607 0.0187943 0.992419 0.0183652 0.999667 0.0188513 0.880641 0.0113768 0.999992 0.00835872 0.999986 0.00738366 0.379438 0.00395922 0.999998 0.000698617 0.999987 0.000605912 0.00961576 0.00329944 0.999999 0.000228859 0.999999 0.000225498 0.999492 0.670677 0.133597 0.303765
94.42 1 0.00725833 0.000191748 0.0923435 0.00419947 0.0909095 0.999996 0.00868559 0.014947 0.0858907 0.38544 0.0327276 0.996479 0.0188769 0.988577 0.0185717 0.999555 0.0190228 0.884377 0.0116692 0.999991 0.00866242 0.999985 0.00768653 0.396586 0.00405734 0.999997 0.000754078 0.999987 0.000652412 0.0111876 0.00328728 0.999999 0.000229213 0.999999 0.000224959 0.999574 0.639319 0.125202 0.315959
94.46 1 0.00728351 0.000137917 0.0926138 0.00321506 0.0919734 0.999997 0.00834932 0.0107088 0.0874256 0.323621 0.0358853 0.996846 0.0189416 0.982836 0.0188023 0.9994 0.0191837 0.887852 0.0119555 0.99999 0.00895865 0.999984 0.00798595 0.412773 0.00416431 0.999997 0.000813315 0.999986 0.000702104 0.0130488 0.0032773 0.999999 0.000229838 1 0.000224689 0.999642 0.606015 0.117418 0.329832
94.5 1 0.00730778 0.000100282 0.0928692 0.00247563 0.0928951 0.999997 0.00805398 0.00759549 0.0885706 0.267374 0.0393626 0.997174 0.0189826 0.974338 0.0190681 0.999186 0.0193337 0.891088 0.0122354 0.999988 0.00924697 0.999984 0.0082813 0.428022 0.00427965 0.999997 0.00087623 0.999986 0.00075491 0.0152414 0.00326933 0.999999 0.000230742 1 0.000224698 0.999697 0.570847 0.110215 0.345592
94.54 1 0.00733082 7.39401e-05 0.0931096 0.00192149 0.0936903 0.999997 0.00780036 0.00533281 0.0893935 0.217131 0.0431022 0.997465 0.0189915 0.961922 0.0193853 0.998888 0.0194724 0.894104 0.0125084 0.999986 0.00952701 0.999983 0.008572 0.442366 0.00440278 0.999997 0.000942692 0.999986 0.000810731 0.0178096 0.0032632 0.999999 0.000231941 1 0.000225001 0.999743 0.533964 0.103561 0.363447
94.58 1 0.00735246 5.54629e-05 0.0933349 0.00150674 0.094374 0.999998 0.00758743 0.00370532 0.0899613 0.173052 0.047035 0.997723 0.0189566 0.944102 0.0197769 0.998477 0.0195986 0.896922 0.0127742 0.999984 0.00979853 0.999982 0.00885754 0.455843 0.00453309 0.999997 0.00101254 0.999986 0.000869447 0.0207992 0.00325879 0.999999 0.000233452 1 0.000225616 0.999781 0.495589 0.0974271 0.383587
94.62 1 0.00737264 4.24679e-05 0.093545 0.0011965 0.0949603 0.999998 0.00741301 0.00254668 0.0903364 0.135113 0.0510829 0.997952 0.0188627 0.91913 0.0202756 0.99791 0.0197105 0.899562 0.0130322 0.999981 0.0100613 0.999981 0.00913749 0.468491 0.00466992 0.999996 0.00108558 0.999986 0.000930914 0.0242559 0.00325596 0.999999 0.000235297 1 0.000226566 0.999812 0.456039 0.0917825 0.406162
94.66 1 0.00739138 3.3309e-05 0.0937404 0.000964492 0.0954623 0.999998 0.00727424 0.00173035 0.0905741 0.103141 0.0551626 0.998153 0.0186924 0.885202 0.0209248 0.997131 0.0198056 0.902044 0.0132821 0.999978 0.0103153 0.99998 0.00941147 0.480342 0.0048126 0.999996 0.0011616 0.999985 0.000994967 0.0282239 0.00325463 0.999999 0.000237504 1 0.000227876 0.999838 0.41573 0.0865978 0.431265
94.7 1 0.00740875 2.68553e-05 0.0939213 0.000791089 0.0958919 0.999998 0.00716799 0.00116138 0.0907208 0.0768251 0.0591912 0.998331 0.018428 0.840861 0.0217805 0.996066 0.0198807 0.904391 0.0135232 0.999974 0.0105604 0.999978 0.00967917 0.49142 0.00496047 0.999996 0.00124034 0.999985 0.00106141 0.0327438 0.00325472 0.999999 0.000240105 1 0.000229579 0.99986 0.375181 0.0818436 0.458892
94.74 1 0.00742485 2.23345e-05 0.0940884 0.000661768 0.0962598 0.999999 0.00709089 0.000769276 0.0908142 0.0557206 0.0630916 0.998488 0.0180565 0.78555 0.022909 0.994618 0.0199321 0.906629 0.0137549 0.999969 0.0107966 0.999977 0.00994038 0.501739 0.00511288 0.999996 0.00132151 0.999985 0.00113002 0.0378508 0.00325621 0.999999 0.000243134 1 0.000231706 0.999878 0.335001 0.0774897 0.488913
94.78 1 0.00743979 1.92253e-05 0.0942426 0.000565866 0.0965753 0.999999 0.00703948 0.000502354 0.090884 0.0392743 0.0667983 0.998626 0.0175748 0.720086 0.0243834 0.992661 0.0199565 0.908794 0.0139765 0.999963 0.0110242 0.999975 0.010195 0.511309 0.00526923 0.999996 0.00140476 0.999985 0.00120055 0.0435725 0.00325909 0.999999 0.000246631 1 0.000234297 0.999894 0.295855 0.0735064 0.521044
94.82 1 0.0074537 1.71834e-05 0.0943845 0.000495631 0.0968469 0.999999 0.00701025 0.000323112 0.0909519 0.0268588 0.0702614 0.998748 0.0169933 0.646665 0.0262755 0.99003 0.0199521 0.910923 0.0141872 0.999955 0.0112433 0.999974 0.010443 0.52014 0.00542891 0.999995 0.00148971 0.999985 0.00127268 0.0499277 0.00326338 0.999999 0.000250638 1 0.000237391 0.999907 0.258425 0.0698658 0.554836
94.86 1 0.00746668 1.59938e-05 0.0945152 0.000445521 0.0970816 0.999999 0.00699972 0.000204551 0.0910329 0.017799 0.0734485 0.998857 0.0163355 0.568428 0.0286486 0.986502 0.0199196 0.91306 0.0143866 0.999945 0.0114545 0.999972 0.0106848 0.528254 0.00559135 0.999995 0.00157594 0.999985 0.00134611 0.0569248 0.00326916 0.999999 0.0002552 1 0.00024103 0.999918 0.223345 0.0665412 0.589679
94.9 1 0.00747885 1.55422e-05 0.0946354 0.000411695 0.0972857 0.999999 0.00700446 0.000127409 0.0911365 0.0114193 0.0763452 0.998953 0.0156333 0.488761 0.0315489 0.981777 0.0198638 0.915255 0.0145743 0.999931 0.0116585 0.999969 0.0109206 0.535695 0.00575592 0.999995 0.00166301 0.999985 0.00142049 0.0645618 0.00327653 0.999999 0.000260365 1 0.000245259 0.999927 0.191144 0.0635079 0.624842
94.94 1 0.00749028 1.58019e-05 0.0947463 0.000391647 0.0974642 0.999999 0.00702124 7.80939e-05 0.0912674 0.00708944 0.0789526 0.999041 0.0149196 0.410723 0.035 0.975444 0.0197941 0.917568 0.0147501 0.999914 0.0118563 0.999966 0.0111513 0.542542 0.00592194 0.999995 0.00175053 0.999985 0.00149551 0.0728254 0.00328561 0.999999 0.00026618 1 0.000250125 0.999935 0.162192 0.0607428 0.659543
94.98 1 0.00750105 1.68354e-05 0.0948485 0.000383969 0.0976215 0.999999 0.00704707 4.71454e-05 0.0914268 0.0042598 0.0812843 0.99912 0.0142227 0.336724 0.0389976 0.966926 0.0197243 0.920054 0.0149142 0.99989 0.0120494 0.999962 0.011378 0.548909 0.00608865 0.999995 0.00183813 0.999985 0.00157091 0.0816926 0.00329656 0.999999 0.000272695 1 0.000255675 0.999942 0.136676 0.0582262 0.693021
95.02 1 0.00751122 1.88136e-05 0.094943 0.000388219 0.0977611 0.999999 0.0070793 2.80818e-05 0.0916129 0.00247975 0.0833618 0.999194 0.0135624 0.268593 0.0435053 0.955413 0.0196732 0.922765 0.0150668 0.999858 0.0122396 0.999957 0.0116018 0.554947 0.00625514 0.999994 0.00192561 0.999985 0.00164652 0.0911337 0.00330956 0.999999 0.000279962 1 0.000261957 0.999947 0.114599 0.0559416 0.724622
95.06 1 0.00752085 2.20585e-05 0.0950304 0.000404906 0.0978858 1 0.00711568 1.65482e-05 0.0918225 0.00140122 0.0852108 0.999263 0.0129496 0.207734 0.0484498 0.939776 0.0196649 0.925743 0.0152087 0.999814 0.0124289 0.999951 0.0118245 0.560836 0.00642044 0.999994 0.0020129 0.999985 0.00172233 0.101114 0.00332479 0.999999 0.000288033 1 0.000269021 0.999952 0.0958041 0.0538766 0.75385
95.1 1 0.00752997 2.71241e-05 0.0951114 0.000435556 0.0979978 1 0.00715432 9.68322e-06 0.0920511 0.000770844 0.0868579 0.999328 0.0123877 0.155204 0.0537164 0.918477 0.0197297 0.929018 0.0153404 0.999752 0.0126197 0.999943 0.0120478 0.566771 0.00658351 0.999994 0.00210017 0.999984 0.00179848 0.111597 0.00334243 0.999999 0.000296961 1 0.000276919 0.999957 0.0800192 0.0520221 0.780396
95.14 1 0.00753864 3.49406e-05 0.0951865 0.000482913 0.098099 1 0.00719377 5.65221e-06 0.0922937 0.000414504 0.0883278 0.999391 0.0118728 0.111638 0.05915 0.889528 0.0199065 0.9326 0.015463 0.999662 0.0128146 0.999933 0.0122735 0.572951 0.00674333 0.999994 0.00218779 0.999984 0.00187532 0.122548 0.00336268 0.999999 0.000306803 1 0.000285705 0.99996 0.0669041 0.0503729 0.804135
95.18 1 0.00754688 4.70681e-05 0.0952563 0.000551263 0.0981903 1 0.00723286 3.30864e-06 0.0925454 0.000218953 0.0896422 0.999451 0.0113954 0.0771208 0.0645627 0.850572 0.0202453 0.936477 0.0155776 0.999531 0.0130163 0.99992 0.0125033 0.579562 0.00689898 0.999993 0.00227638 0.999984 0.0019534 0.133933 0.0033857 0.999999 0.000317619 1 0.000295434 0.999963 0.056093 0.0489267 0.825093
95.22 1 0.00755476 6.61471e-05 0.0953212 0.000646959 0.0982728 1 0.00727069 1.95357e-06 0.0928014 0.000114271 0.0908186 0.999508 0.0109405 0.0511115 0.0697528 0.799245 0.0208105 0.940617 0.0156852 0.999336 0.0132273 0.999902 0.0127389 0.586761 0.00704974 0.999993 0.00236676 0.999983 0.00203343 0.145727 0.00341164 0.999999 0.000329477 1 0.00030617 0.999966 0.0472276 0.0476835 0.843412
95.26 1 0.00756233 9.66998e-05 0.0953812 0.000779185 0.0983466 1 0.00730654 1.17047e-06 0.0930572 5.92963e-05 0.0918711 0.999562 0.0104913 0.0325146 0.0745285 0.733922 0.0216823 0.944967 0.015787 0.999042 0.0134505 0.999879 0.0129814 0.594666 0.00719516 0.999992 0.00245993 0.999983 0.00211628 0.157906 0.00344065 0.999999 0.000342447 1 0.00031798 0.999968 0.0399784 0.0466449 0.859303
95.3 1 0.00756967 0.000146567 0.0954367 0.000961081 0.0984118 1 0.00733981 7.15832e-07 0.0933088 3.07951e-05 0.0928105 0.999613 0.0100328 0.0198951 0.0787326 0.654788 0.022954 0.949457 0.0158841 0.998588 0.0136883 0.999847 0.0132316 0.60335 0.00733515 0.999991 0.00255702 0.999982 0.00220293 0.17045 0.00347284 0.999999 0.000356612 1 0.000330938 0.99997 0.0340553 0.0458138 0.873016
95.34 1 0.00757689 0.000229493 0.0954872 0.00121134 0.0984678 1 0.00736998 4.49355e-07 0.0935525 1.61118e-05 0.0936453 0.99966 0.00955865 0.0117458 0.0822596 0.564775 0.0247231 0.954006 0.0159774 0.997878 0.0139434 0.999803 0.0134899 0.612843 0.00746999 0.999991 0.00265919 0.999982 0.00229442 0.183341 0.00350833 0.999999 0.000372059 1 0.000345127 0.999972 0.0292114 0.0451933 0.884812
95.38 1 0.00758414 0.000369806 0.0955323 0.00155649 0.0985137 1 0.00739669 2.90966e-07 0.0937852 8.54514e-06 0.0943821 0.999704 0.00907466 0.00671892 0.0850637 0.46945 0.027074 0.958527 0.0160675 0.996751 0.014218 0.999741 0.013756 0.623141 0.0076003 0.999989 0.00276768 0.999981 0.00239183 0.196562 0.00354724 0.999999 0.000388888 1 0.000360638 0.999973 0.0252411 0.0447867 0.89494
95.42 1 0.00759165 0.000610876 0.0955706 0.00203414 0.0985476 1 0.00741976 1.95157e-07 0.094004 4.62074e-06 0.095027 0.999743 0.00859823 0.00374262 0.0871583 0.375584 0.0300562 0.962936 0.0161547 0.994936 0.0145147 0.999653 0.0140291 0.634199 0.00772702 0.999988 0.00288369 0.99998 0.00249625 0.210096 0.00358966 0.999999 0.000407209 1 0.000377572 0.999974 0.0219763 0.0445974 0.903633
95.46 1 0.00759978 0.00103039 0.0955992 0.00269744 0.0985669 1 0.00743924 1.36039e-07 0.0942068 2.56085e-06 0.0955859 0.999777 0.00815207 0.00204108 0.088607 0.289351 0.0336647 0.96716 0.0162384 0.991974 0.0148364 0.999525 0.0143079 0.645954 0.00785132 0.999986 0.0030084 0.999979 0.00260874 0.223932 0.00363571 0.999999 0.00042714 1 0.00039604 0.999975 0.0192809 0.0446297 0.911098
95.5 1 0.00760912 0.00176771 0.0956131 0.00362128 0.098568 1 0.00745543 9.87983e-08 0.0943918 1.4611e-06 0.0960648 0.999808 0.00775686 0.00109574 0.0895105 0.214996 0.0378292 0.971137 0.016316 0.987092 0.0151878 0.999336 0.0145908 0.658328 0.00797456 0.999984 0.00314292 0.999978 0.00273036 0.238061 0.0036855 0.999999 0.000448816 1 0.000416164 0.999976 0.0170454 0.0448878 0.917517
95.54 1 0.00762061 0.00307238 0.0956027 0.00491074 0.0985455 1 0.00746883 7.48749e-08 0.0945586 8.61389e-07 0.0964709 0.999834 0.00742632 0.000582131 0.0899894 0.154424 0.0424155 0.974821 0.016382 0.978991 0.0155775 0.999055 0.0148757 0.671236 0.00809809 0.999981 0.00328831 0.999976 0.00286211 0.252482 0.00373913 0.999999 0.000472383 0.999999 0.000438083 0.999977 0.0151826 0.0453767 0.923047
95.58 1 0.0076358 0.00538837 0.0955506 0.00671237 0.0984925 1 0.00748001 5.92583e-08 0.0947071 5.26247e-07 0.0968117 0.999857 0.00716587 0.000307602 0.0901673 0.107524 0.0472438 0.97818 0.0164258 0.965547 0.0160218 0.99863 0.01516 0.684579 0.00822331 0.999978 0.00344559 0.999975 0.00300496 0.267199 0.0037967 0.999999 0.000498011 0.999999 0.000461953 0.999977 0.0136226 0.0461017 0.927822
95.62 1 0.00765728 0.0094952 0.0954258 0.00922888 0.0983994 1 0.0074896 4.89763e-08 0.094838 3.33833e-07 0.0970955 0.999876 0.00697375 0.00016242 0.090157 0.0728154 0.0521175 0.981198 0.0164285 0.943445 0.0165507 0.997981 0.0154405 0.698249 0.00835148 0.999973 0.00361566 0.999973 0.00315984 0.282216 0.00385831 0.999998 0.000525884 0.999999 0.000487949 0.999977 0.0123097 0.047069 0.931954
95.66 1 0.00768936 0.0167307 0.0951731 0.0127379 0.0982544 1 0.00749816 4.22438e-08 0.0949526 2.20162e-07 0.0973307 0.999893 0.0068433 8.60645e-05 0.0900525 0.0481377 0.0568544 0.983871 0.0163605 0.907976 0.0172166 0.996985 0.0157129 0.712125 0.00848375 0.999967 0.00379932 0.999971 0.00332758 0.297529 0.00392407 0.999998 0.000556213 0.999999 0.000516267 0.999977 0.0111994 0.0482853 0.935541
95.7 1 0.00773916 0.0293019 0.0946984 0.0176141 0.0980425 1 0.0075062 3.79807e-08 0.0950523 1.51014e-07 0.0975258 0.999907 0.00676509 4.59327e-05 0.0899244 0.0311832 0.0613126 0.986208 0.0161806 0.853636 0.0181048 0.99545 0.0159714 0.726099 0.00862105 0.999959 0.00399719 0.999968 0.00350891 0.313112 0.00399412 0.999998 0.000589224 0.999999 0.000547124 0.999977 0.0102561 0.0497579 0.938663
95.74 1 0.00781825 0.0506115 0.0938478 0.024355 0.0977462 1 0.00751417 3.55388e-08 0.0951389 1.07701e-07 0.0976887 0.999918 0.00672867 2.47689e-05 0.089821 0.0198753 0.0654031 0.988228 0.0158434 0.776282 0.0193413 0.993084 0.0162083 0.740071 0.00876393 0.999948 0.00420976 0.999965 0.00370444 0.328906 0.00406865 0.999998 0.000625154 0.999999 0.000580747 0.999977 0.00945124 0.0514949 0.941389
95.78 1 0.0079446 0.0853148 0.092389 0.0336067 0.0973464 1 0.00752248 3.45463e-08 0.095214 7.97882e-08 0.0978265 0.999928 0.0067239 1.35326e-05 0.0897703 0.0125193 0.0690885 0.989954 0.0153189 0.676716 0.0210868 0.989447 0.0164155 0.753953 0.00891261 0.999934 0.00443734 0.999961 0.00391467 0.344811 0.00414793 0.999998 0.000664238 0.999999 0.000617359 0.999977 0.00876171 0.0535053 0.943775
95.82 1 0.00814418 0.13849 0.0900162 0.0461839 0.0968233 1 0.00753161 3.48215e-08 0.0952792 6.13095e-08 0.0979458 0.999936 0.00674168 7.50843e-06 0.0897851 0.00782707 0.0723737 0.991415 0.0146176 0.562974 0.0235088 0.983892 0.0165868 0.767687 0.00906703 0.999914 0.00468008 0.999956 0.00413999 0.360688 0.00423235 0.999998 0.000706685 0.999999 0.000657169 0.999976 0.0081689 0.0557997 0.94587
95.86 1 0.00845007 0.213239 0.0864173 0.0630343 0.0961562 1 0.00754207 3.64329e-08 0.0953362 4.88796e-08 0.0980524 0.999943 0.00677448 4.23187e-06 0.0898667 0.00487297 0.0752906 0.992642 0.0137996 0.447794 0.0267333 0.975495 0.0167235 0.781264 0.00922701 0.999886 0.00493806 0.99995 0.00438073 0.376389 0.00432235 0.999997 0.000752667 0.999999 0.000700346 0.999976 0.00765767 0.0583995 0.947716
95.9 1 0.00889621 0.307354 0.0814293 0.0851185 0.0953208 1 0.00755449 3.98715e-08 0.0953867 4.06299e-08 0.0981516 0.99995 0.00681653 2.41376e-06 0.0900097 0.00302421 0.0778831 0.993667 0.0129509 0.342614 0.0307998 0.962966 0.0168396 0.794705 0.00939241 0.999847 0.00521147 0.999943 0.00463728 0.391808 0.00441839 0.999997 0.000802311 0.999999 0.000747025 0.999975 0.00721577 0.0613526 0.949347
95.94 1 0.009506 0.412295 0.0752079 0.113334 0.0942811 1 0.00756942 4.61309e-08 0.0954325 3.5426e-08 0.0982482 0.999955 0.00686377 1.38453e-06 0.0902046 0.00186912 0.0801956 0.994522 0.0121464 0.253892 0.0356411 0.944599 0.0169642 0.808034 0.0095633 0.99979 0.0055007 0.999933 0.00491017 0.406912 0.00452081 0.999997 0.000855728 0.999999 0.000797321 0.999974 0.00683329 0.0647281 0.950795
95.98 1 0.010282 0.516612 0.0682472 0.148409 0.0929761 1 0.00758723 5.68254e-08 0.095475 3.25205e-08 0.0983466 0.99996 0.00691347 7.95772e-07 0.0904411 0.0011495 0.0822667 0.995238 0.0114279 0.183209 0.0410906 0.918301 0.0171413 0.821254 0.00973999 0.999705 0.00580638 0.999921 0.00520001 0.421736 0.00462977 0.999996 0.000913034 0.999999 0.000851359 0.999974 0.00650224 0.0685975 0.952084
96.02 1 0.0112047 0.611078 0.0611898 0.190745 0.0913168 1 0.00760791 7.48106e-08 0.0955148 3.14994e-08 0.0984501 0.999964 0.00696388 4.57735e-07 0.0907089 0.000702839 0.0841273 0.99584 0.0108035 0.129167 0.0469101 0.881799 0.0174272 0.834331 0.00992292 0.999579 0.0061294 0.999904 0.00550746 0.436371 0.00474518 0.999996 0.000974396 0.999999 0.000909308 0.999973 0.00621614 0.0730387 0.953237
96.06 0.999999 0.0122402 0.691165 0.0545813 0.240204 0.0892015 1 0.00763111 1.0515e-07 0.0955509 3.23357e-08 0.0985613 0.999968 0.00701381 2.64475e-07 0.0909988 0.000425888 0.0858015 0.996353 0.010259 0.0891115 0.0528286 0.83313 0.0178884 0.847191 0.0101126 0.999388 0.00647075 0.999882 0.00583305 0.450941 0.00486678 0.999996 0.00104005 0.999998 0.000971407 0.999971 0.0059698 0.0781609 0.954275
96.1 0.999999 0.0133508 0.756306 0.0487446 0.295974 0.0865487 1 0.00765621 1.57231e-07 0.0955807 3.53188e-08 0.0986815 0.999972 0.00706236 1.54351e-07 0.0913027 0.000255007 0.0873081 0.996794 0.00977023 0.0601938 0.0585803 0.771392 0.0185986 0.859736 0.0103096 0.999095 0.00683145 0.999853 0.00617706 0.465572 0.00499415 0.999995 0.00111033 0.999998 0.00103798 0.99997 0.00575914 0.0840906 0.955215
96.14 0.999999 0.0145021 0.808085 0.0437916 0.356605 0.0833294 1 0.00768248 2.48971e-07 0.0956003 4.1081e-08 0.0988106 0.999975 0.0071088 9.1462e-08 0.0916136 0.000150782 0.0886616 0.997177 0.00931463 0.0398265 0.0639353 0.697516 0.0196349 0.871868 0.0105142 0.998644 0.00721246 0.999814 0.00653942 0.48037 0.00512687 0.999994 0.00118565 0.999998 0.00110945 0.999968 0.005581 0.0909507 0.956072
96.18 0.999998 0.0156657 0.848799 0.0396946 0.420189 0.0795849 0.999999 0.00770918 4.15078e-07 0.0956052 5.08302e-08 0.0989477 0.999978 0.00715252 5.53241e-08 0.0919254 8.81249e-05 0.0898741 0.997513 0.00887779 0.0258232 0.0687202 0.614538 0.0210706 0.883497 0.0107264 0.997944 0.00761471 0.99976 0.00691967 0.495413 0.00526453 0.999993 0.00126654 0.999998 0.00118633 0.999966 0.005433 0.0988642 0.95686
96.22 0.999998 0.0168174 0.880704 0.0363574 0.484651 0.0754224 0.999999 0.00773566 7.23883e-07 0.095591 6.67257e-08 0.0990909 0.99998 0.00719303 3.43412e-08 0.0922328 5.10269e-05 0.0909557 0.997809 0.00845636 0.0164215 0.0728285 0.527079 0.0229668 0.894555 0.0109462 0.996848 0.00803913 0.999686 0.00731698 0.510747 0.00540686 0.999992 0.00135358 0.999998 0.00126921 0.999964 0.00531344 0.107952 0.957591
96.26 0.999997 0.0179363 0.905727 0.0336622 0.548029 0.0709932 0.999999 0.00776132 1.31172e-06 0.0955542 9.2558e-08 0.0992381 0.999983 0.00723005 2.19805e-08 0.0925316 2.9372e-05 0.0919155 0.998071 0.00805626 0.0102511 0.0762208 0.440285 0.0253623 0.904987 0.0111726 0.995126 0.00848674 0.999584 0.00773016 0.526397 0.00555372 0.999991 0.00144744 0.999997 0.00135875 0.999962 0.0052212 0.118326 0.958278
96.3 0.999996 0.019003 0.92541 0.0314938 0.608694 0.0664639 0.999999 0.00778568 2.45339e-06 0.0954928 1.34981e-07 0.0993867 0.999984 0.00726348 1.45669e-08 0.092818 1.6879e-05 0.0927622 0.998303 0.00768807 0.00629095 0.0789176 0.358603 0.0282654 0.914754 0.0114043 0.992413 0.00895896 0.999439 0.00815771 0.54237 0.00570511 0.99999 0.00154885 0.999997 0.00145569 0.999959 0.00515573 0.130085 0.958928
96.34 0.999995 0.0200001 0.94095 0.0297507 0.665434 0.0619895 0.999999 0.00780836 4.70631e-06 0.095406 2.05741e-07 0.0995343 0.999986 0.00729343 1.00286e-08 0.0930894 9.7302e-06 0.0935047 0.998508 0.00736211 0.00380289 0.0809854 0.285108 0.0316489 0.92383 0.0116388 0.988129 0.00945815 0.999234 0.0085978 0.558651 0.00586116 0.999988 0.00165859 0.999996 0.00156082 0.999955 0.00511691 0.143306 0.959552
96.38 0.999994 0.0209129 0.953268 0.0283476 0.717451 0.0576969 0.999998 0.00782905 9.20448e-06 0.0952947 3.25678e-07 0.0996783 0.999987 0.00732015 7.18958e-09 0.093344 5.65516e-06 0.094152 0.998689 0.00708544 0.0022697 0.0825194 0.221485 0.0354498 0.932205 0.0118719 0.981368 0.00998863 0.99894 0.00904826 0.575207 0.00602212 0.999985 0.00177748 0.999996 0.00167501 0.999951 0.00510512 0.158035 0.960157
96.42 0.999992 0.0217297 0.963065 0.0272149 0.764298 0.0536772 0.999998 0.00784754 1.82531e-05 0.0951607 5.31883e-07 0.0998165 0.999989 0.00734401 5.37574e-09 0.0935808 3.33015e-06 0.0947134 0.998849 0.00686105 0.00134085 0.0836272 0.168266 0.0395733 0.939878 0.0120966 0.970747 0.0105585 0.998515 0.00950661 0.591989 0.00618835 0.999982 0.00190638 0.999995 0.00179914 0.999945 0.00512111 0.174281 0.96075
96.46 0.999989 0.0224426 0.970877 0.0262965 0.805804 0.049987 0.999998 0.00786371 3.65194e-05 0.0950068 8.90352e-07 0.099947 0.99999 0.00736542 4.19529e-09 0.0937994 1.99608e-06 0.0951985 0.998989 0.00668832 0.000786184 0.0844149 0.125136 0.0439008 0.946857 0.0123019 0.954229 0.0111821 0.997897 0.00996988 0.608936 0.00636023 0.999977 0.00204617 0.999995 0.00193415 0.999939 0.00516604 0.19201 0.961338
96.5 0.999986 0.0230478 0.977116 0.0255477 0.842009 0.0466538 0.999997 0.00787753 7.33847e-05 0.094836 1.51807e-06 0.100068 0.99999 0.00738478 3.41717e-09 0.0940004 1.22284e-06 0.0956167 0.99911 0.00656395 0.000458793 0.0849787 0.0912104 0.0483033 0.953158 0.0124715 0.92902 0.0118842 0.996995 0.0104345 0.625972 0.00653821 0.999972 0.00219772 0.999994 0.00208098 0.999932 0.00524142 0.211143 0.961925
96.54 0.999982 0.0235453 0.9821 0.024933 0.873105 0.0436821 0.999996 0.00788904 0.00014752 0.0946513 2.62089e-06 0.100179 0.999991 0.00740246 2.90307e-09 0.0941845 7.68312e-07 0.095977 0.999216 0.0064829 0.000267228 0.0853987 0.0652682 0.0526558 0.958805 0.012583 0.891714 0.0127049 0.995673 0.0108962 0.643016 0.00672269 0.999964 0.00236188 0.999993 0.00224059 0.999923 0.0053491 0.231554 0.962518
96.58 0.999977 0.0239382 0.986077 0.0244241 0.899402 0.0410612 0.999995 0.00789839 0.000295616 0.0944551 4.55729e-06 0.100278 0.999991 0.00741876 2.56924e-09 0.094353 4.9646e-07 0.0962883 0.999308 0.00643912 0.000155781 0.0857379 0.0459446 0.0568512 0.96383 0.012609 0.839019 0.0137044 0.993736 0.0113496 0.659992 0.00691399 0.999954 0.00253944 0.999991 0.00241387 0.999912 0.00549124 0.253074 0.963119
96.62 0.999971 0.0242329 0.989242 0.0239989 0.92129 0.0387699 0.999994 0.00790587 0.000588709 0.0942484 7.94308e-06 0.100366 0.999992 0.00743394 2.36472e-09 0.094507 3.30601e-07 0.0965582 0.999387 0.00642613 9.11211e-05 0.0860423 0.0318881 0.0608096 0.96827 0.012523 0.769259 0.0149658 0.990903 0.0117889 0.676845 0.00711228 0.999941 0.00273115 0.99999 0.00260172 0.999899 0.0056703 0.275502 0.963733
96.66 0.999963 0.0244377 0.991751 0.0236398 0.939218 0.036781 0.999993 0.00791194 0.00116198 0.0940295 1.38197e-05 0.100442 0.999992 0.00744818 2.25898e-09 0.0946479 2.27191e-07 0.0967939 0.999455 0.00643749 5.36132e-05 0.0863427 0.0218825 0.0644821 0.972164 0.0123095 0.684041 0.0165908 0.986778 0.0122079 0.693535 0.0073175 0.999923 0.00293771 0.999988 0.002805 0.999883 0.00588902 0.298615 0.964361
96.7 0.999953 0.0245628 0.993729 0.0233329 0.953666 0.0350648 0.999991 0.00791736 0.00226763 0.0937921 2.39178e-05 0.100508 0.999992 0.00746164 2.23467e-09 0.0947772 1.61235e-07 0.0970014 0.999514 0.00646723 3.18056e-05 0.0866576 0.0148928 0.0678486 0.975558 0.0119747 0.588824 0.0186856 0.980813 0.0126028 0.710034 0.00752948 0.999899 0.00315977 0.999985 0.00302457 0.999863 0.00615043 0.322176 0.965006
96.74 0.99994 0.0246192 0.995276 0.0230674 0.965122 0.0335909 0.999989 0.00792344 0.00436546 0.093521 4.10586e-05 0.100564 0.999993 0.00747439 2.28367e-09 0.0948961 1.18193e-07 0.0971858 0.999565 0.0065101 1.90662e-05 0.0869961 0.0100834 0.0709116 0.9785 0.0115487 0.49141 0.0213391 0.97228 0.012974 0.726338 0.00774799 0.999865 0.00339799 0.999982 0.00326128 0.999839 0.00645777 0.345955 0.965669
96.78 0.999924 0.0246185 0.996477 0.0228348 0.974063 0.0323296 0.999987 0.00793239 0.00826997 0.0931866 6.97504e-05 0.100613 0.999993 0.00748654 2.40478e-09 0.0950056 8.94662e-08 0.0973514 0.999609 0.00656177 1.15723e-05 0.0873603 0.00681146 0.0736881 0.981039 0.0110763 0.39923 0.0246 0.960255 0.0133295 0.742459 0.00797284 0.999817 0.00365306 0.999977 0.00351603 0.99981 0.00681458 0.36973 0.966349
96.82 0.999903 0.0245719 0.997399 0.0226287 0.980931 0.0312528 0.999985 0.00794799 0.0153708 0.0927343 0.000117053 0.100661 0.999993 0.00749814 2.60282e-09 0.095107 6.98803e-08 0.0975016 0.999646 0.00661885 7.12446e-06 0.0877481 0.00460325 0.0762019 0.983225 0.0106009 0.317266 0.0284613 0.943627 0.0136858 0.75839 0.00820398 0.999749 0.00392575 0.999972 0.00378975 0.999773 0.00722458 0.393302 0.967048
96.86 0.999876 0.0244903 0.9981 0.0224439 0.986129 0.0303348 0.999982 0.00797655 0.0279147 0.0920701 0.000193805 0.100715 0.999993 0.0075093 2.88839e-09 0.0952013 5.62619e-08 0.0976392 0.999679 0.00667883 4.45623e-06 0.0881551 0.0031199 0.0784787 0.985105 0.0101531 0.247699 0.0328561 0.92117 0.0140686 0.774094 0.00844159 0.999652 0.0042169 0.999964 0.00408339 0.999728 0.00769173 0.416501 0.967764
96.9 0.999842 0.0243834 0.998627 0.0222767 0.990008 0.0295518 0.999978 0.00802824 0.0492461 0.0910428 0.000316337 0.100789 0.999993 0.00752017 3.27859e-09 0.0952895 4.66283e-08 0.0977666 0.999707 0.00673985 2.83577e-06 0.0885756 0.00212506 0.0805422 0.986722 0.00974694 0.190632 0.0376649 0.8917 0.014511 0.789508 0.00868604 0.999512 0.00452735 0.999954 0.0043978 0.999673 0.00822018 0.439188 0.968495
96.94 0.999799 0.0242601 0.999018 0.0221241 0.992864 0.0288824 0.999975 0.00811842 0.0837052 0.0894317 0.000508856 0.100905 0.999993 0.00753098 3.79837e-09 0.0953728 3.97147e-08 0.0978856 0.999731 0.00680058 1.83806e-06 0.0890038 0.00145717 0.0824137 0.988117 0.00938334 0.14499 0.04273 0.854329 0.015052 0.804547 0.00893783 0.999309 0.00485791 0.999939 0.00473364 0.999604 0.00881429 0.461259 0.96924
96.98 0.999744 0.0241281 0.999305 0.0219839 0.994941 0.0283069 0.99997 0.00826803 0.135659 0.0869602 0.000806764 0.101096 0.999993 0.00754206 4.48306e-09 0.0954529 3.46984e-08 0.0979983 0.999752 0.00686001 1.21454e-06 0.0894341 0.00100729 0.084111 0.989324 0.00905546 0.109195 0.0478753 0.808771 0.0157341 0.81912 0.00919748 0.999013 0.00520929 0.99992 0.00509134 0.999518 0.00947858 0.482645 0.969996
97.02 0.999674 0.023994 0.999513 0.0218545 0.996434 0.0278076 0.999965 0.00850127 0.207307 0.0833667 0.00126092 0.101407 0.999993 0.00755386 5.38857e-09 0.0955317 3.10636e-08 0.0981063 0.99977 0.00691739 8.18118e-07 0.0898616 0.000702562 0.0856495 0.990371 0.00875402 0.0815626 0.0529267 0.755581 0.0166005 0.833137 0.00946539 0.998581 0.00558209 0.999893 0.00547096 0.999412 0.0102178 0.503303 0.970761
97.06 0.999585 0.0238632 0.999662 0.0217345 0.997498 0.0273685 0.99996 0.00883871 0.296083 0.078539 0.00194129 0.101886 0.999992 0.00756689 6.62763e-09 0.0956118 2.85778e-08 0.0982117 0.999786 0.00697214 5.60444e-07 0.0902817 0.000494266 0.0870422 0.991284 0.00847118 0.0604985 0.05773 0.696148 0.0176924 0.846539 0.00974175 0.997946 0.00597681 0.999855 0.00587223 0.99928 0.0110368 0.52318 0.971531
97.1 0.999471 0.0237397 0.999768 0.0216231 0.998249 0.0269756 0.999955 0.00928745 0.394366 0.0726412 0.00294486 0.10258 0.999992 0.00758162 8.37216e-09 0.0956963 2.70608e-08 0.0983167 0.9998 0.00702382 3.89735e-07 0.0906907 0.00035055 0.0883001 0.992082 0.00820249 0.0446166 0.0621639 0.632581 0.0190459 0.859284 0.0100264 0.997013 0.00639391 0.999802 0.00629456 0.999118 0.0119406 0.542263 0.972304
97.14 0.999326 0.0236257 0.999841 0.0215194 0.998775 0.0266175 0.999949 0.00983444 0.492498 0.0661068 0.00440493 0.103505 0.999992 0.00759833 1.09176e-08 0.0957884 2.64301e-08 0.0984236 0.999813 0.00707218 2.74229e-07 0.0910853 0.00025026 0.0894334 0.992783 0.00794742 0.0327513 0.0661467 0.567302 0.0206888 0.871343 0.0103187 0.995639 0.00683391 0.999725 0.00673702 0.998917 0.0129341 0.560565 0.973076
97.18 0.999141 0.0235217 0.999893 0.0214224 0.999143 0.0262858 0.999943 0.0104481 0.582695 0.059479 0.00650271 0.104644 0.999992 0.00761697 1.47892e-08 0.0958909 2.67057e-08 0.0985341 0.999825 0.00711705 1.94418e-07 0.091463 0.000179417 0.0904514 0.993405 0.00770819 0.0239501 0.0696373 0.502632 0.022638 0.882696 0.0106176 0.993616 0.00729748 0.999615 0.00719838 0.998669 0.0140224 0.578106 0.973844
97.22 0.998908 0.0234269 0.999928 0.0213315 0.9994 0.0259746 0.999936 0.0110875 0.660927 0.0532197 0.00948602 0.105936 0.999991 0.00763721 2.08548e-08 0.0960052 2.79347e-08 0.0986496 0.999837 0.00715843 1.38668e-07 0.0918221 0.000128979 0.0913627 0.993959 0.00748837 0.0174569 0.0726312 0.440511 0.0248978 0.893329 0.0109213 0.990643 0.00778569 0.999454 0.0076771 0.998363 0.0152108 0.594919 0.974606
97.26 0.998614 0.0233398 0.999952 0.0212455 0.999578 0.0256804 0.99993 0.0117139 0.726375 0.0476117 0.0136907 0.107288 0.999991 0.00765852 3.05943e-08 0.0961315 3.02294e-08 0.0987707 0.999848 0.00719642 9.95092e-08 0.0921611 9.28961e-05 0.0921758 0.994457 0.00729139 0.0126889 0.0751532 0.382297 0.0274593 0.903233 0.0112271 0.986291 0.00830031 0.999218 0.00817127 0.997987 0.0165046 0.611044 0.975357
97.3 0.998243 0.0232587 0.999968 0.0211633 0.999703 0.0254011 0.999923 0.0122984 0.78004 0.0427647 0.0195647 0.108588 0.99999 0.00768032 4.65669e-08 0.096268 3.37885e-08 0.0988969 0.99986 0.00723117 7.19328e-08 0.0924795 6.70209e-05 0.0928992 0.994908 0.00711962 0.00920209 0.0772481 0.328793 0.0303009 0.912407 0.0115312 0.979953 0.00884441 0.998868 0.00867864 0.997525 0.0179091 0.626516 0.976096
97.34 0.997779 0.023182 0.999979 0.0210835 0.999789 0.0251352 0.999916 0.0128252 0.823611 0.0386708 0.027691 0.109713 0.99999 0.00770206 7.3235e-08 0.096412 3.89217e-08 0.0990273 0.99987 0.00726292 5.24824e-08 0.092777 4.84536e-05 0.0935411 0.995319 0.00697407 0.00666099 0.0789721 0.280382 0.0333897 0.920862 0.0118277 0.970804 0.00942323 0.998347 0.00919666 0.99696 0.0194298 0.64137 0.976819
97.38 0.997199 0.0231088 0.999986 0.0210049 0.99985 0.0248814 0.999909 0.0132906 0.858838 0.0352604 0.038802 0.110542 0.999989 0.0077233 1.18417e-07 0.0965593 4.60858e-08 0.0991606 0.99988 0.00729192 3.87362e-08 0.0930538 3.51322e-05 0.0941094 0.995696 0.00685451 0.00481475 0.0803849 0.237153 0.0366838 0.928615 0.0121088 0.957753 0.0100454 0.997569 0.00972247 0.996268 0.0210718 0.655635 0.977523
97.42 0.996478 0.0230385 0.999991 0.0209258 0.999893 0.0246387 0.999901 0.0137015 0.887271 0.0324412 0.0537717 0.110953 0.999988 0.00774375 1.95841e-07 0.0967053 5.59368e-08 0.0992949 0.99989 0.00731841 2.8989e-08 0.0933105 2.55763e-05 0.0946119 0.99604 0.0067598 0.00347695 0.0815452 0.199002 0.040134 0.93569 0.0123639 0.939448 0.0107243 0.996401 0.010253 0.995423 0.0228405 0.66934 0.978208
97.46 0.995587 0.0229712 0.999994 0.0208449 0.999924 0.0244054 0.999893 0.0140712 0.910196 0.0301207 0.0735683 0.110828 0.999987 0.00776322 3.29611e-07 0.0968451 6.94074e-08 0.0994289 0.999899 0.00734266 2.20419e-08 0.0935479 1.87185e-05 0.095056 0.996357 0.0066882 0.00250977 0.0825062 0.165707 0.0436868 0.942117 0.0125793 0.914353 0.0114801 0.994647 0.0107851 0.994394 0.024741 0.68251 0.978869
97.5 0.994489 0.022907 0.999996 0.0207602 0.999945 0.0241799 0.999884 0.0144177 0.928652 0.0282156 0.0991464 0.110059 0.999986 0.00778166 5.61988e-07 0.0969733 8.78201e-08 0.099561 0.999907 0.0073649 1.70558e-08 0.093767 1.37897e-05 0.0954487 0.996647 0.0066376 0.00181185 0.0833143 0.136962 0.0472872 0.94793 0.0127388 0.880967 0.0123411 0.992014 0.0113157 0.993144 0.0267781 0.695171 0.979506
97.54 0.993142 0.0228465 0.999997 0.0206701 0.99996 0.0239602 0.999875 0.0147606 0.943478 0.0266554 0.131273 0.108549 0.999984 0.00779906 9.66912e-07 0.0970849 1.13054e-07 0.0996899 0.999914 0.00738536 1.3446e-08 0.0939689 1.02376e-05 0.0957963 0.996914 0.00660574 0.00130894 0.0840083 0.112414 0.0508821 0.953167 0.0128254 0.838201 0.013345 0.988072 0.0118423 0.99163 0.0289564 0.707349 0.980115
97.58 0.991499 0.0227905 0.999998 0.0205726 0.999971 0.0237438 0.999865 0.0151188 0.955349 0.0253819 0.170306 0.106235 0.999983 0.00781551 1.67339e-06 0.097175 1.47795e-07 0.0998148 0.99992 0.00740422 1.08066e-08 0.0941548 7.66708e-06 0.0961047 0.997157 0.00659028 0.000946849 0.0846196 0.0916726 0.0544227 0.957867 0.0128239 0.785849 0.0145382 0.982203 0.0123638 0.989804 0.0312803 0.719071 0.980696
97.62 0.989505 0.0227396 0.999999 0.0204655 0.999979 0.0235282 0.999854 0.0155089 0.964818 0.024348 0.21599 0.103097 0.999981 0.0078311 2.90544e-06 0.0972387 1.96004e-07 0.0999349 0.999926 0.00742168 8.85878e-09 0.0943259 5.79452e-06 0.0963791 0.99738 0.00658891 0.000686177 0.0851726 0.0743273 0.0578671 0.96207 0.012725 0.724963 0.0159728 0.973552 0.012882 0.98761 0.0337538 0.730363 0.981246
97.66 0.987095 0.0226946 0.999999 0.0203465 0.999985 0.0233103 0.999841 0.0159421 0.972338 0.0235153 0.267335 0.09918 0.999979 0.00784592 5.04521e-06 0.0972721 2.6447e-07 0.10005 0.999931 0.00743789 7.42642e-09 0.0944834 4.40923e-06 0.0966243 0.997584 0.00659937 0.000498221 0.0856858 0.059957 0.0611816 0.965816 0.0125278 0.65787 0.0177013 0.960979 0.013403 0.984983 0.0363808 0.741252 0.981764
97.7 0.984198 0.0226561 0.999999 0.0202129 0.999989 0.0230868 0.999828 0.016423 0.978284 0.0228521 0.322725 0.0945972 0.999976 0.00786004 8.74418e-06 0.097272 3.63771e-07 0.100159 0.999936 0.00745298 6.37674e-09 0.0946286 3.37311e-06 0.0968443 0.99777 0.00661955 0.000362436 0.0861723 0.0481573 0.0643409 0.969143 0.0122404 0.587726 0.0197685 0.943076 0.0139399 0.981854 0.0391645 0.751769 0.982247
97.74 0.980733 0.0226243 1 0.0200617 0.999992 0.0228539 0.999813 0.0169488 0.982967 0.0223318 0.380217 0.0895202 0.999974 0.00787346 1.51105e-05 0.0972365 5.10315e-07 0.100263 0.99994 0.00746707 5.61047e-09 0.0947624 2.59309e-06 0.0970426 0.99794 0.00664747 0.000264152 0.0866413 0.0385446 0.0673278 0.972092 0.0118778 0.517798 0.0222035 0.918269 0.0145143 0.978147 0.0421082 0.761944 0.982694
97.78 0.976611 0.0225993 1 0.0198898 0.999994 0.0226075 0.999798 0.0175104 0.986642 0.0219312 0.437877 0.0841535 0.999971 0.00788616 2.60211e-05 0.0971651 7.30015e-07 0.100361 0.999943 0.00748025 5.05747e-09 0.0948859 2.00317e-06 0.0972224 0.998096 0.00668135 0.000192872 0.0870986 0.0307652 0.0701319 0.9747 0.0114574 0.450831 0.0250135 0.885091 0.0151581 0.973778 0.0452147 0.771815 0.983104
97.82 0.971736 0.0225807 1 0.0196934 0.999995 0.022343 0.99978 0.0180939 0.98952 0.0216298 0.494065 0.078703 0.999969 0.00789803 4.46401e-05 0.0970587 1.06409e-06 0.100453 0.999947 0.00749261 4.66902e-09 0.0950001 1.55556e-06 0.0973862 0.998238 0.00671959 0.000141083 0.0875475 0.0245037 0.0727482 0.977007 0.0109961 0.388729 0.0281791 0.842618 0.0159121 0.96866 0.0484866 0.781417 0.983473
97.86 0.966005 0.0225681 1 0.0194689 0.999997 0.0220556 0.999761 0.0186831 0.991769 0.0214096 0.547574 0.0733494 0.999966 0.00790897 7.62744e-05 0.0969196 1.57833e-06 0.100538 0.99995 0.00750422 4.4118e-09 0.0951059 1.21512e-06 0.0975362 0.998368 0.00676075 0.000103394 0.0879893 0.0194851 0.0751761 0.979046 0.0105088 0.33256 0.0316546 0.790968 0.0168238 0.962701 0.0519264 0.79079 0.9838
97.9 0.95931 0.0225605 1 0.0192121 0.999997 0.0217402 0.99974 0.019262 0.993526 0.0212541 0.597642 0.0682324 0.999962 0.00791886 0.00012977 0.0967507 2.37797e-06 0.100617 0.999952 0.00751513 4.2637e-09 0.0952039 9.55688e-07 0.0976743 0.998487 0.00680359 7.59266e-05 0.0884239 0.0154763 0.0774181 0.980851 0.0100101 0.28271 0.0353701 0.731594 0.0179414 0.955807 0.0555366 0.799972 0.984082
97.94 0.951533 0.0225568 1 0.018919 0.999998 0.0213914 0.999718 0.0198167 0.994897 0.0211492 0.64388 0.063446 0.999959 0.00792761 0.000219759 0.0965557 3.63109e-06 0.10069 0.999955 0.00752538 4.21094e-09 0.095295 7.57622e-07 0.0978019 0.998596 0.00684705 5.58837e-05 0.0888503 0.0122831 0.0794791 0.982451 0.00951507 0.239085 0.0392389 0.667121 0.0193079 0.947887 0.0593194 0.809005 0.984317
97.98 0.942556 0.0225559 1 0.0185853 0.999999 0.021004 0.999693 0.0203361 0.995969 0.0210823 0.686169 0.0590434 0.999955 0.00793518 0.000370243 0.0963378 5.6055e-06 0.100755 0.999957 0.00753502 4.2462e-09 0.0953797 6.06077e-07 0.0979204 0.998695 0.00689028 4.12409e-05 0.0892671 0.00974501 0.0813653 0.983871 0.0090391 0.201312 0.0431668 0.600753 0.0209544 0.93885 0.0632773 0.817924 0.984502
98.02 0.932262 0.0225562 1 0.0182073 0.999999 0.0205729 0.999666 0.0208122 0.996808 0.0210427 0.724567 0.0550446 0.999951 0.00794162 0.000620204 0.0960998 8.72577e-06 0.100812 0.999959 0.00754408 4.36754e-09 0.0954584 4.89827e-07 0.0980306 0.998786 0.00693264 3.05296e-05 0.0896724 0.00773118 0.0830846 0.985137 0.00859637 0.168873 0.0470622 0.535515 0.0228961 0.928615 0.0674124 0.826764 0.984633
98.06 0.920538 0.0225559 1 0.0177816 0.999999 0.0200936 0.999635 0.0212404 0.997467 0.0210216 0.759233 0.0514466 0.999946 0.00794709 0.00103224 0.0958431 1.36603e-05 0.100862 0.999961 0.00755258 4.57786e-09 0.0955318 4.00382e-07 0.0981334 0.99887 0.00697368 2.26829e-05 0.0900646 0.00613538 0.0846456 0.986268 0.00819784 0.141193 0.0508454 0.47371 0.0251316 0.917112 0.071727 0.835552 0.984707
98.1 0.907268 0.0225533 1 0.0173053 0.999999 0.0195622 0.999601 0.0216183 0.997984 0.0210117 0.790373 0.0482313 0.999941 0.00795188 0.00170555 0.095567 2.1452e-05 0.100905 0.999962 0.00756056 4.88469e-09 0.0956001 3.31326e-07 0.0982296 0.998946 0.00701314 1.69249e-05 0.090442 0.00487211 0.0860579 0.987282 0.00785002 0.117699 0.0544539 0.416738 0.0276439 0.904281 0.0762231 0.844311 0.984719
98.14 0.892328 0.0225463 1 0.0167766 0.999999 0.018976 0.999564 0.0219458 0.998392 0.021007 0.818218 0.0453723 0.999936 0.0079565 0.00279497 0.0952675 3.37104e-05 0.100942 0.999964 0.00756804 5.30037e-09 0.0956637 2.77812e-07 0.0983195 0.999015 0.00705088 1.26907e-05 0.0908035 0.0038728 0.0873317 0.988196 0.00755498 0.097844 0.0578451 0.365205 0.0304037 0.890081 0.0809022 0.853058 0.984664
98.18 0.875608 0.0225327 1 0.0161945 1 0.0183329 0.999521 0.0222242 0.998714 0.0210029 0.843001 0.0428388 0.99993 0.00796171 0.00453799 0.0949365 5.28903e-05 0.100972 0.999965 0.00757507 5.84272e-09 0.0957231 2.36186e-07 0.0984039 0.999078 0.00708687 9.56905e-06 0.0911483 0.00308256 0.0884776 0.989021 0.00731122 0.0811284 0.0609949 0.319153 0.0333733 0.874493 0.0857654 0.861797 0.984538
98.22 0.857013 0.02251 1 0.0155594 1 0.0176327 0.999472 0.0224558 0.998969 0.0209957 0.864956 0.0405993 0.999924 0.00796867 0.00729125 0.0945588 8.26869e-05 0.100999 0.999966 0.00758168 6.53603e-09 0.0957784 2.03699e-07 0.0984829 0.999136 0.0071211 7.2603e-06 0.0914759 0.00245763 0.0895063 0.989769 0.00711484 0.0671023 0.0638947 0.278291 0.0365104 0.85752 0.0908126 0.870523 0.984333
98.26 0.836463 0.0224755 1 0.0148732 1 0.0168767 0.999417 0.0226435 0.999172 0.0209827 0.884309 0.038623 0.999917 0.00797911 0.0115764 0.0941102 0.000128585 0.101024 0.999967 0.00758792 7.41256e-09 0.09583 1.7828e-07 0.0985571 0.999188 0.00715361 5.54647e-06 0.0917863 0.00196327 0.0904284 0.99045 0.0069607 0.0553687 0.066548 0.242172 0.0397706 0.839191 0.0960425 0.87922 0.984041
98.3 0.813895 0.0224261 1 0.0141393 1 0.0160681 0.999352 0.0227908 0.999334 0.0209618 0.901282 0.0368809 0.99991 0.0079955 0.0181311 0.093554 0.000198603 0.101051 0.999968 0.00759385 8.51445e-09 0.0958783 1.58372e-07 0.0986268 0.999236 0.00718446 4.26891e-06 0.0920796 0.00157195 0.0912545 0.991072 0.00684322 0.0455812 0.0689658 0.210302 0.0431106 0.819562 0.101452 0.88786 0.983655
98.34 0.789256 0.0223587 1 0.0133629 1 0.0152119 0.999277 0.0229011 0.999464 0.0209316 0.916091 0.0353461 0.999902 0.00802133 0.0279515 0.092837 0.000304287 0.101086 0.999969 0.00759955 9.89612e-09 0.0959236 1.42797e-07 0.0986924 0.99928 0.00721369 3.31215e-06 0.092356 0.00126194 0.0919943 0.991642 0.00675695 0.0374387 0.0711642 0.182217 0.0464889 0.798712 0.107035 0.896405 0.983164
98.38 0.762537 0.0222698 1 0.0125509 1 0.0143149 0.999189 0.0229784 0.999567 0.0208909 0.928944 0.0339939 0.999893 0.00806137 0.0423007 0.091887 0.000462002 0.101136 0.999969 0.00760511 1.1628e-08 0.0959665 1.30665e-07 0.0987542 0.99932 0.00724136 2.5919e-06 0.0926162 0.00101603 0.092657 0.992167 0.0066969 0.0306816 0.0731612 0.15749 0.0498672 0.776747 0.112782 0.904809 0.982558
98.42 0.733776 0.0221557 1 0.0117116 1 0.0133859 0.999084 0.0230262 0.999651 0.0208392 0.94004 0.0328019 0.999883 0.00812182 0.0626374 0.0906121 0.000694616 0.101212 0.99997 0.00761067 1.38017e-08 0.0960075 1.21301e-07 0.0988128 0.999356 0.00726753 2.04655e-06 0.0928607 0.000820659 0.0932511 0.992651 0.00665863 0.0250896 0.0749757 0.135738 0.053211 0.753793 0.118683 0.91302 0.981823
98.46 0.703051 0.0220122 1 0.0108549 1 0.0124354 0.998959 0.0230483 0.999718 0.0207759 0.949569 0.0317498 0.999873 0.00821026 0.090415 0.0889068 0.00103364 0.101328 0.99997 0.00761638 1.65366e-08 0.0960473 1.14197e-07 0.0988688 0.999389 0.00729225 1.63106e-06 0.0930902 0.000665137 0.0937844 0.993099 0.00663827 0.0204744 0.076626 0.116625 0.0564902 0.729996 0.124721 0.920988 0.980943
98.5 0.670477 0.0218353 1 0.00999155 1 0.0114751 0.998809 0.0230483 0.999772 0.020701 0.957708 0.0308191 0.999862 0.00833505 0.126728 0.0866667 0.00152198 0.101501 0.999971 0.00762245 1.99898e-08 0.0960869 1.08963e-07 0.0989228 0.999419 0.00731558 1.31243e-06 0.0933055 0.00054107 0.0942638 0.993514 0.00663255 0.0166758 0.0781291 0.0998582 0.0596787 0.705515 0.130877 0.928658 0.979904
98.54 0.636202 0.021621 1 0.00913301 1 0.0105171 0.998626 0.0230294 0.999816 0.0206143 0.964624 0.029993 0.99985 0.00850428 0.171842 0.0838141 0.0022164 0.101747 0.999971 0.0076291 2.43985e-08 0.0961274 1.05422e-07 0.0989755 0.999446 0.00733759 1.06583e-06 0.0935071 0.000441792 0.0946955 0.993899 0.00663868 0.0135577 0.0795007 0.085183 0.0627548 0.680515 0.137127 0.93598 0.978684
98.58 0.600384 0.0213656 1 0.00829039 1 0.00957389 0.998402 0.0229946 0.999851 0.020516 0.970473 0.0292565 0.999837 0.00872382 0.224785 0.0803294 0.00318899 0.102084 0.999971 0.00763656 3.01633e-08 0.0961701 1.03672e-07 0.099028 0.999472 0.00735833 8.72501e-07 0.093696 0.000361986 0.095085 0.994256 0.00665432 0.0110053 0.0807548 0.0723783 0.065701 0.655162 0.143446 0.942906 0.977262
98.62 0.56323 0.0210661 1 0.00747415 1 0.00865706 0.998127 0.0229466 0.99988 0.0204061 0.975399 0.028596 0.999823 0.00899545 0.283403 0.0762747 0.00453206 0.102524 0.999971 0.00764501 3.78421e-08 0.0962165 1.03739e-07 0.0990812 0.999495 0.00737787 7.1942e-07 0.0938728 0.000297553 0.0954373 0.994588 0.00667753 0.0089213 0.0819039 0.06125 0.0685035 0.629615 0.149802 0.949399 0.975614
98.66 0.525011 0.0207201 1 0.00669372 1 0.00777727 0.997784 0.0228876 0.999903 0.0202846 0.979531 0.0279995 0.999808 0.00931562 0.344823 0.0717926 0.00636258 0.103068 0.999971 0.00765458 4.8242e-08 0.0962678 1.05673e-07 0.0991362 0.999518 0.00739627 5.97153e-07 0.0940384 0.000245299 0.0957566 0.994897 0.00670668 0.00722325 0.0829591 0.051618 0.0711521 0.604032 0.156165 0.955428 0.973711
98.7 0.486043 0.0203258 1 0.00595716 1 0.0069438 0.997355 0.022819 0.999922 0.0201517 0.982987 0.0274565 0.999793 0.00967571 0.406122 0.0670783 0.00882505 0.103704 0.999971 0.0076653 6.26703e-08 0.0963254 1.09736e-07 0.0991939 0.99954 0.0074136 4.9808e-07 0.0941935 0.000202622 0.0960469 0.995185 0.0067404 0.005842 0.0839302 0.0433202 0.0736401 0.578558 0.162501 0.960974 0.971522
98.74 0.446679 0.0198821 1 0.00527087 1 0.0061642 0.996815 0.0227421 0.999937 0.0200073 0.985871 0.0269581 0.999776 0.0100635 0.464922 0.0623379 0.0120959 0.104404 0.99997 0.00767709 8.31769e-08 0.0963897 1.1633e-07 0.099255 0.999562 0.00742993 4.16783e-07 0.0943389 0.00016753 0.0963114 0.995454 0.00677755 0.00471988 0.0848259 0.0362083 0.0759638 0.553323 0.168777 0.96603 0.969013
98.78 0.407301 0.019389 1 0.00463935 1 0.00544397 0.996129 0.0226576 0.999949 0.0198511 0.988273 0.0264964 0.999758 0.0104655 0.519686 0.0577502 0.0163899 0.105126 0.99997 0.00768979 1.12866e-07 0.096461 1.25925e-07 0.0993199 0.999584 0.0074453 3.49713e-07 0.0944753 0.00013856 0.0965531 0.995706 0.00681714 0.00380909 0.0856538 0.0301433 0.0781225 0.528444 0.174961 0.970597 0.966144
98.82 0.368317 0.0188479 1 0.00406518 1 0.00478652 0.995253 0.0225661 0.999959 0.0196828 0.990272 0.0260647 0.999739 0.0108696 0.569687 0.0534443 0.021964 0.105816 0.999969 0.00770318 1.56532e-07 0.0965387 1.39154e-07 0.0993888 0.999606 0.00745978 2.94286e-07 0.0946034 0.000114596 0.0967745 0.995942 0.00685835 0.00307037 0.0864205 0.0249956 0.080118 0.504022 0.181023 0.974686 0.962874
98.86 0.330145 0.0182613 1 0.00354911 1 0.0041932 0.994128 0.0224682 0.999968 0.0195015 0.991935 0.0256566 0.999719 0.0112664 0.614805 0.0494963 0.029119 0.106413 0.999968 0.00771702 2.21632e-07 0.0966214 1.56876e-07 0.0994615 0.999628 0.00747343 2.48504e-07 0.0947239 9.47631e-05 0.096978 0.996166 0.00690047 0.00247164 0.087132 0.0206467 0.0819544 0.480144 0.186938 0.978317 0.959157
98.9 0.293195 0.017633 1 0.00309022 1 0.00366348 0.992677 0.0223646 0.999974 0.0193063 0.993317 0.0252662 0.999696 0.0116506 0.655288 0.0459373 0.0381974 0.10685 0.999966 0.00773107 3.19832e-07 0.0967073 1.80257e-07 0.0995376 0.99965 0.00748628 2.10758e-07 0.0948372 7.83617e-05 0.0971653 0.996377 0.0069429 0.00198683 0.0877931 0.0169894 0.0836374 0.456879 0.192687 0.981514 0.954941
98.94 0.257862 0.0169684 1 0.0026862 1 0.00319523 0.990798 0.0222561 0.999979 0.0190954 0.994466 0.0248871 0.999671 0.0120204 0.691568 0.0427664 0.0495747 0.107063 0.999965 0.00774515 4.6944e-07 0.0967941 2.10875e-07 0.0996163 0.99967 0.0074984 1.79708e-07 0.0949439 6.48191e-05 0.0973382 0.996578 0.00698513 0.00159473 0.0884084 0.0139274 0.0851743 0.434286 0.198255 0.984309 0.950172
98.98 0.2245 0.0162741 1 0.00233367 1 0.00278503 0.988357 0.0221437 0.999984 0.0188669 0.995421 0.024513 0.999644 0.0123774 0.724128 0.0399627 0.0636415 0.106986 0.999963 0.00775909 6.99272e-07 0.0968792 2.50859e-07 0.0996971 0.99969 0.00750982 1.54225e-07 0.0950444 5.36588e-05 0.0974982 0.996769 0.00702675 0.00127809 0.0889817 0.0113755 0.0865733 0.412411 0.203636 0.986733 0.944791
99.02 0.193411 0.0155574 1 0.00202852 1 0.00242858 0.985178 0.0220291 0.999987 0.0186176 0.996214 0.0241365 0.999612 0.0127256 0.753433 0.0374952 0.0807761 0.106563 0.99996 0.00777278 1.05475e-06 0.0969596 3.0309e-07 0.099779 0.999709 0.00752058 1.33349e-07 0.0951391 4.44775e-05 0.0976463 0.99695 0.00706742 0.00102281 0.0895161 0.00925844 0.0878432 0.39129 0.208833 0.988823 0.938738
99.06 0.164836 0.014827 1 0.00176618 1 0.00212096 0.981039 0.0219138 0.99999 0.0183437 0.996873 0.0237491 0.999576 0.0130708 0.779888 0.0353292 0.101305 0.10574 0.999958 0.00778615 1.60753e-06 0.0970326 3.71461e-07 0.0998613 0.999727 0.00753072 1.16265e-07 0.0952284 3.69413e-05 0.0977838 0.997123 0.00710686 0.000817495 0.0900146 0.00750964 0.0889931 0.370948 0.213854 0.990613 0.931944
99.1 0.138939 0.0140914 1 0.00154194 1 0.00185705 0.975654 0.0218 0.999992 0.0180398 0.99742 0.0233411 0.999535 0.0134194 0.803835 0.0334305 0.12546 0.104477 0.999954 0.00779915 2.47069e-06 0.0970953 4.61254e-07 0.0999434 0.999744 0.00754027 1.02295e-07 0.0953127 3.07624e-05 0.0979116 0.997287 0.00714486 0.000652698 0.0904798 0.0060716 0.0900322 0.351404 0.218721 0.992137 0.924343
99.14 0.115808 0.0133595 1 0.00135113 1 0.00163168 0.968667 0.02169 0.999994 0.0176995 0.997873 0.0229011 0.999488 0.0137776 0.825548 0.031767 0.153327 0.10275 0.999951 0.00781178 3.82262e-06 0.0971448 5.7965e-07 0.100025 0.999759 0.00754928 9.08754e-08 0.095392 2.56991e-05 0.0980305 0.997442 0.00718127 0.000520702 0.0909138 0.00489432 0.0909696 0.332668 0.223463 0.993429 0.91586
99.18 0.0954513 0.0126396 1 0.00118935 1 0.00143992 0.959648 0.0215865 0.999995 0.0173144 0.998248 0.0224156 0.999433 0.0141509 0.845248 0.03031 0.184815 0.100552 0.999947 0.00782402 5.94397e-06 0.0971787 7.36588e-07 0.100104 0.999774 0.00755776 8.15522e-08 0.0954669 2.15465e-05 0.0981412 0.997589 0.00721598 0.000415197 0.0913185 0.00393465 0.0918142 0.314746 0.228117 0.994518 0.906423
99.22 0.0777973 0.0119394 1 0.0010525 1 0.00127714 0.948082 0.0214923 0.999996 0.0168749 0.998558 0.0218696 0.999369 0.0145435 0.863107 0.0290343 0.219615 0.0978988 0.999942 0.00783586 9.26889e-06 0.0971947 9.47515e-07 0.100182 0.999787 0.00756574 7.40573e-08 0.0955374 1.81137e-05 0.0982443 0.997727 0.00724891 0.000330992 0.0916959 0.00315572 0.0925742 0.29763 0.232732 0.995433 0.895954
99.26 0.062715 0.0112657 1 0.000936884 1 0.00113914 0.933377 0.0214103 0.999997 0.0163702 0.998814 0.0212465 0.999294 0.0149573 0.879265 0.0279176 0.257218 0.0948292 0.999937 0.0078473 1.44692e-05 0.097191 1.2346e-06 0.100258 0.999799 0.00757326 6.81367e-08 0.0956039 1.52598e-05 0.0983405 0.997857 0.00728002 0.00026386 0.0920475 0.00252604 0.0932577 0.281308 0.237365 0.996199 0.884375
99.3 0.0500272 0.0106239 1 0.000839253 1 0.00102219 0.9149 0.021343 0.999997 0.0157887 0.999026 0.020529 0.999206 0.0153924 0.893845 0.0269402 0.29698 0.0914045 0.999932 0.00785832 2.25834e-05 0.0971663 1.62911e-06 0.100331 0.99981 0.00758033 6.35422e-08 0.0956665 1.28813e-05 0.0984303 0.99798 0.00730932 0.000210381 0.0923749 0.00201875 0.0938719 0.265768 0.242082 0.996837 0.871604
99.34 0.0395152 0.010018 1 0.000756771 1 0.000923006 0.892036 0.0212923 0.999998 0.01512 0.9992 0.019701 0.999103 0.0158463 0.906962 0.0260845 0.338193 0.0877017 0.999926 0.00786887 3.52076e-05 0.0971196 2.17574e-06 0.100402 0.999821 0.00758698 6.00679e-08 0.0957255 1.08961e-05 0.0985141 0.998095 0.0073368 0.000167804 0.0926795 0.00161128 0.0944239 0.250998 0.246961 0.997369 0.857559
99.38 0.0309277 0.00945075 1 0.000686999 1 0.000838758 0.864268 0.0212584 0.999998 0.0143563 0.999343 0.0187502 0.998981 0.016315 0.918721 0.0253346 0.380149 0.0838071 0.999919 0.00787892 5.47798e-05 0.0970508 2.93852e-06 0.100469 0.99983 0.00759324 5.75503e-08 0.095781 9.23791e-06 0.0985923 0.998202 0.0073625 0.000133922 0.0929626 0.00128485 0.0949198 0.236978 0.252085 0.99781 0.842159
99.42 0.0240076 0.00892374 1 0.000627861 1 0.000767014 0.831266 0.0212389 0.999999 0.0134955 0.999461 0.0176714 0.998835 0.016793 0.929226 0.0246759 0.422203 0.0798078 0.999912 0.00788839 8.49954e-05 0.09696 4.00892e-06 0.100533 0.999839 0.00759911 5.58615e-08 0.0958332 7.85214e-06 0.0986654 0.998303 0.00738647 0.00010697 0.0932254 0.00102392 0.0953655 0.223689 0.25755 0.998176 0.825319
99.46 0.018508 0.0084373 1 0.000577609 1 0.000705713 0.793005 0.0212281 0.999999 0.012543 0.999558 0.0164694 0.998661 0.017274 0.938579 0.0240949 0.463815 0.0757854 0.999904 0.00789723 0.000131412 0.0968479 5.51729e-06 0.100593 0.999847 0.00760462 5.49022e-08 0.0958823 6.69329e-06 0.0987336 0.998396 0.00740876 8.55342e-05 0.0934693 0.000815761 0.0957662 0.211116 0.263462 0.998479 0.806956
99.5 0.014185 0.00799079 1 0.000534776 1 0.000653122 0.749845 0.0212157 0.999999 0.011514 0.999637 0.0151616 0.998449 0.0177516 0.94688 0.0235794 0.504567 0.0718099 0.999895 0.00790538 0.00020231 0.0967154 7.64839e-06 0.10065 0.999855 0.00760978 5.45974e-08 0.0959284 5.72345e-06 0.0987974 0.998484 0.00742945 6.84871e-05 0.0936953 0.000649947 0.0961265 0.199234 0.269937 0.998729 0.786988
99.54 0.0108205 0.0075828 1 0.000498135 1 0.000607788 0.702514 0.0211866 0.999999 0.0104328 0.999702 0.013778 0.99819 0.0182197 0.954224 0.0231182 0.544158 0.0679378 0.999885 0.00791283 0.000309907 0.0965634 1.06625e-05 0.100701 0.999862 0.00761462 5.48902e-08 0.0959717 4.9109e-06 0.0988569 0.998565 0.00744861 5.49279e-05 0.0939046 0.000518031 0.0964509 0.18802 0.277102 0.998936 0.765334
99.58 0.00822607 0.00721131 1 0.00046667 1 0.000568504 0.652065 0.021122 1 0.00933072 0.999755 0.0123585 0.99787 0.0186726 0.960704 0.022701 0.582386 0.0642109 0.999875 0.00791955 0.000472044 0.0963928 1.49232e-05 0.100749 0.999868 0.00761914 5.5739e-08 0.0960123 4.22914e-06 0.0989124 0.99864 0.00746632 4.41383e-05 0.0940981 0.000413174 0.096743 0.177451 0.285097 0.999108 0.74192
99.62 0.00624236 0.00687387 1 0.000439535 1 0.00053427 0.599689 0.021001 1 0.00824199 0.999799 0.0109473 0.997472 0.0191056 0.966405 0.0223191 0.619121 0.0606577 0.999863 0.00792559 0.000714493 0.0962042 2.09349e-05 0.100791 0.999874 0.00762337 5.71132e-08 0.0960504 3.65598e-06 0.0989643 0.99871 0.00748267 3.55465e-05 0.0942769 0.00032987 0.0970063 0.167504 0.294076 0.99925 0.716677
99.66 0.00473754 0.00656781 1 0.000416034 1 0.000504265 0.546556 0.0208036 1 0.00719869 0.999834 0.00958676 0.996974 0.0195146 0.971408 0.0219644 0.654279 0.0572949 0.99985 0.00793103 0.0010741 0.0959973 2.93904e-05 0.100829 0.99988 0.00762732 5.89914e-08 0.0960861 3.17295e-06 0.0990126 0.998775 0.00749774 2.86976e-05 0.094442 0.000263703 0.0972437 0.158159 0.304204 0.999367 0.689549
99.7 0.00360373 0.00629033 1 0.000395588 1 0.000477814 0.493714 0.0205139 1 0.00622674 0.999864 0.00831189 0.996344 0.0198964 0.975782 0.0216303 0.687802 0.0541303 0.999836 0.00793604 0.001603 0.095771 4.1234e-05 0.100861 0.999886 0.007631 6.13594e-08 0.0961194 2.76469e-06 0.0990577 0.998836 0.0075116 2.32305e-05 0.0945943 0.000211138 0.0974581 0.149396 0.315661 0.999464 0.660496
99.74 0.00275415 0.00603869 1 0.00037772 1 0.000454364 0.442032 0.0201223 1 0.00534375 0.999888 0.00714734 0.995543 0.0202486 0.979595 0.0213107 0.719632 0.051165 0.999821 0.00794085 0.00237419 0.095523 5.77405e-05 0.100889 0.999891 0.00763443 6.42085e-08 0.0961505 2.41852e-06 0.0990997 0.998891 0.00752434 1.88589e-05 0.0947347 0.000169357 0.0976518 0.141195 0.32864 0.999545 0.629507
99.78 0.00212015 0.00581025 1 0.000362032 1 0.00043346 0.392182 0.0196268 1 0.0045588 0.999908 0.00610675 0.994523 0.0205689 0.982902 0.0210006 0.749708 0.048395 0.999804 0.0079458 0.00348878 0.0952491 8.06165e-05 0.100913 0.999896 0.00763762 6.75351e-08 0.0961796 2.12397e-06 0.0991389 0.998943 0.00753605 1.53559e-05 0.0948639 0.000136121 0.097827 0.133538 0.343341 0.999612 0.596604
99.82 0.00164835 0.00560256 1 0.000348195 1 0.00041473 0.344668 0.0190325 1 0.00387354 0.999924 0.00519405 0.993216 0.0208559 0.985756 0.0206952 0.777959 0.0458131 0.999786 0.00795137 0.00508529 0.0949425 0.000112127 0.100933 0.9999 0.00764061 7.13398e-08 0.0962067 1.87239e-06 0.0991754 0.998992 0.00754678 1.25424e-05 0.0949829 0.000109649 0.0979855 0.126404 0.359968 0.999668 0.561861
99.86 0.00129791 0.00541335 1 0.000335934 1 0.000397867 0.29986 0.0183505 1 0.00328411 0.999938 0.00440569 0.991542 0.0211083 0.988205 0.0203901 0.80431 0.0434101 0.999765 0.00795825 0.007351 0.0945937 0.000155255 0.10095 0.999905 0.0076434 7.56279e-08 0.0962319 1.65672e-06 0.0992093 0.999037 0.00755663 1.02765e-05 0.0950924 8.85326e-05 0.0981291 0.119773 0.378717 0.999715 0.525416
99.9 0.00103797 0.00524059 1 0.00032502 1 0.000382618 0.258052 0.0175966 1 0.00278304 0.999949 0.00373309 0.989392 0.0213253 0.990293 0.0200811 0.828695 0.0411747 0.999742 0.00796731 0.0105354 0.0941887 0.000213891 0.100965 0.999909 0.00764604 8.04096e-08 0.0962554 1.47115e-06 0.099241 0.999078 0.00756565 8.44633e-06 0.095193 7.16575e-05 0.0982593 0.113625 0.399762 0.999754 0.487486
99.94 0.000845481 0.00508246 1 0.000315261 1 0.000368772 0.219471 0.0167883 1 0.00236104 0.999958 0.00316492 0.98663 0.0215068 0.992061 0.0197635 0.851063 0.0390941 0.999717 0.00797976 0.0149648 0.0937088 0.000293078 0.100982 0.999913 0.00764854 8.57017e-08 0.0962774 1.31091e-06 0.0992705 0.999118 0.00757391 6.96347e-06 0.0952855 5.81431e-05 0.0983774 0.107939 0.423234 0.999787 0.448384
99.98 0.000703478 0.00493735 1 0.000306498 1 0.000356157 0.184278 0.0159443 1 0.00200814 0.999966 0.00268864 0.983082 0.0216531 0.993548 0.0194322 0.87139 0.0371538 0.999689 0.00799718 0.021056 0.0931289 0.000399303 0.101001 0.999916 0.00765095 9.15299e-08 0.096298 1.17208e-06 0.0992981 0.999154 0.00758147 5.758e-06 0.0953705 4.72936e-05 0.0984848 0.102692 0.449191 0.999815 0.408527
100.02 0.000599571 0.00480386 1 0.000298594 1 0.000344627 0.152587 0.0150825 1 0.00171457 0.999972 0.00229171 0.978525 0.0217656 0.99479 0.0190816 0.889689 0.0353374 0.999657 0.00802158 0.0293267 0.0924167 0.000540861 0.101027 0.99992 0.00765331 9.79333e-08 0.0963175 1.05146e-06 0.0993239 0.999189 0.00758839 4.77461e-06 0.0954486 3.85599e-05 0.0985823 0.0978626 0.477591 0.999838 0.36844
100.06 0.000524857 0.00468073 1 0.000291438 1 0.000334059 0.124464 0.0142191 1 0.00147127 0.999978 0.00196232 0.972671 0.0218465 0.99582 0.018705 0.906004 0.0336264 0.999622 0.00805553 0.0403945 0.0915317 0.000728324 0.101064 0.999923 0.0076557 1.0497e-07 0.0963361 9.46397e-07 0.0993483 0.999221 0.00759472 3.9695e-06 0.0955203 3.15086e-05 0.0986711 0.0934266 0.508255 0.999858 0.328736
100.1 0.000473083 0.00456691 1 0.000284932 1 0.000324353 0.0999198 0.0133684 1 0.00127013 0.999982 0.0016898 0.96515 0.0218989 0.996669 0.0182944 0.92042 0.0319999 0.999582 0.00810217 0.05496 0.0904258 0.000975145 0.101118 0.999926 0.00765817 1.12724e-07 0.0963542 8.54719e-07 0.0993716 0.999252 0.00760051 3.30791e-06 0.0955863 2.57976e-05 0.0987519 0.0893606 0.540847 0.999874 0.290091
100.14 0.00044005 0.00446144 1 0.000278997 1 0.00031542 0.0788934 0.0125423 1 0.00110409 0.999986 0.00146471 0.95548 0.0219273 0.997363 0.0178403 0.933049 0.030434 0.999536 0.0081652 0.0737637 0.0890447 0.00129847 0.101195 0.999928 0.00766083 1.21316e-07 0.0963721 7.74625e-07 0.0993939 0.999281 0.00760581 2.76226e-06 0.0956469 2.11568e-05 0.0988256 0.0856413 0.574864 0.999889 0.253191
100.18 0.000423211 0.00436354 1 0.000273563 1 0.000307189 0.0612465 0.0117505 1 0.000967093 0.999989 0.00127895 0.943036 0.0219371 0.997928 0.0173313 0.944025 0.028902 0.999484 0.00824882 0.0975114 0.0873317 0.0017203 0.101305 0.999931 0.00766377 1.30916e-07 0.0963905 7.04626e-07 0.0994158 0.999309 0.00761066 2.31063e-06 0.0957026 1.73729e-05 0.0988929 0.082246 0.609657 0.999901 0.218671
100.22 0.000421445 0.00427249 1 0.000268574 1 0.000299596 0.0467581 0.0110002 1 0.000854021 0.999992 0.0011256 0.927011 0.0219351 0.998385 0.016754 0.953496 0.0273743 0.999422 0.00835753 0.126772 0.085234 0.00226898 0.101456 0.999933 0.00766711 1.41773e-07 0.0964099 6.43534e-07 0.0994376 0.999336 0.00761511 1.93549e-06 0.0957539 1.42777e-05 0.0989544 0.0791528 0.644475 0.999911 0.187051
100.26 0.000434986 0.0041877 1 0.00026398 1 0.000292588 0.0351309 0.0102967 1 0.000760586 0.999993 0.000998846 0.906387 0.0219292 0.998753 0.0160929 0.961616 0.0258183 0.999351 0.00849569 0.161823 0.0827115 0.00297971 0.101658 0.999934 0.00767099 1.54492e-07 0.096431 5.91332e-07 0.0994599 0.999361 0.0076192 1.62191e-06 0.0958012 1.17363e-05 0.0990107 0.0763411 0.678539 0.99992 0.158688
100.3 0.000465533 0.00410864 1 0.000259739 1 0.000286116 0.026013 0.00964344 1 0.000683224 0.999995 0.00089383 0.879932 0.0219281 0.999046 0.0153311 0.968532 0.0242005 0.999265 0.00866702 0.202553 0.0797476 0.00389719 0.101919 0.999936 0.00767554 1.69952e-07 0.0964546 5.48e-07 0.0994832 0.999386 0.00762295 1.35831e-06 0.0958448 9.64217e-06 0.0990623 0.0737922 0.711123 0.999928 0.133749
100.34 0.000516531 0.00403487 1 0.000255817 1 0.00028014 0.0190247 0.00904207 1 0.000618989 0.999996 0.000806529 0.846263 0.0219411 0.999278 0.0144522 0.974388 0.0224889 0.999162 0.00887404 0.248459 0.0763565 0.00508093 0.102246 0.999936 0.00768087 1.89209e-07 0.0964815 5.13001e-07 0.0995082 0.999411 0.00762641 1.13613e-06 0.0958851 7.91158e-06 0.0991096 0.0714906 0.741627 0.999934 0.112216
100.38 0.000593737 0.00396598 1 0.000252184 1 0.000274623 0.0137843 0.00849275 1 0.000565463 0.999997 0.000733626 0.804027 0.0219762 0.99946 0.013444 0.979315 0.0206588 0.999035 0.00911775 0.2987 0.0725858 0.00661096 0.102639 0.999937 0.00768708 2.13656e-07 0.0965126 4.85759e-07 0.0995355 0.999436 0.0076296 9.48725e-07 0.0959225 6.47858e-06 0.0991533 0.0694249 0.769625 0.99994 0.0939176
100.42 0.000706131 0.00390164 1 0.000248817 1 0.000269534 0.00993162 0.00799433 1 0.000520668 0.999998 0.000672405 0.752235 0.0220379 0.999601 0.0123042 0.98343 0.0187006 0.998875 0.00939744 0.352221 0.0685121 0.00859562 0.103096 0.999936 0.00769425 2.45366e-07 0.0965486 4.66003e-07 0.0995656 0.99946 0.00763256 7.90412e-07 0.0959574 5.29014e-06 0.0991936 0.0675875 0.79488 0.999945 0.0785698
100.46 0.000867367 0.00384153 1 0.000245696 1 0.000264844 0.00714692 0.00754458 1 0.000482996 0.999998 0.000620646 0.690721 0.0221226 0.999709 0.0110469 0.98684 0.0166297 0.998671 0.00971082 0.407887 0.0642319 0.011182 0.103603 0.999935 0.00770239 2.8759e-07 0.09659 4.53926e-07 0.0995992 0.999485 0.00763531 6.56239e-07 0.09599 4.30304e-06 0.099231 0.0659745 0.817327 0.999949 0.0658277
100.5 0.001098 0.00378535 1 0.000242807 1 0.000260529 0.00516136 0.0071405 1 0.000451144 0.999999 0.000576552 0.620595 0.0222142 0.999791 0.00970764 0.989641 0.0144925 0.998405 0.0100544 0.464618 0.0598496 0.0145741 0.104139 0.999934 0.00771148 3.44828e-07 0.0966372 4.49622e-07 0.0996366 0.999511 0.00763788 5.4279e-07 0.0960206 3.48405e-06 0.0992658 0.0645858 0.837043 0.999953 0.0553265
100.54 0.0014289 0.00373282 1 0.000240141 1 0.000256571 0.00375954 0.00677847 1 0.000424058 0.999999 0.00053867 0.544406 0.0222797 0.999851 0.00834256 0.991918 0.0123642 0.998051 0.0104238 0.521457 0.055466 0.0190569 0.104672 0.999931 0.00772148 4.23599e-07 0.09669 4.53323e-07 0.0996781 0.999537 0.00764029 4.47382e-07 0.0960496 2.80667e-06 0.0992983 0.0634243 0.854203 0.999956 0.0467128
100.58 0.00190641 0.00368369 1 0.000237693 1 0.000252956 0.00277592 0.00645455 1 0.000400887 0.999999 0.000505838 0.465824 0.0222699 0.999896 0.0070186 0.993748 0.0103351 0.997571 0.0108149 0.577569 0.0511707 0.0250279 0.105155 0.999927 0.00773229 5.33619e-07 0.096748 4.65556e-07 0.0997239 0.999562 0.00764257 3.67704e-07 0.0960771 2.24907e-06 0.0993288 0.0624958 0.869038 0.999958 0.0396641
100.62 0.00260012 0.00363766 1 0.000235468 1 0.000249678 0.00208759 0.00616465 1 0.000380946 1 0.000477136 0.3889 0.0221262 0.999928 0.00579857 0.995204 0.00848832 0.996908 0.0112234 0.632192 0.0470375 0.0330392 0.105528 0.999922 0.00774381 6.89673e-07 0.09681 4.87262e-07 0.099774 0.999588 0.00764472 3.01661e-07 0.0961033 1.79282e-06 0.0993576 0.0618082 0.881806 0.999961 0.0338985
100.66 0.00361441 0.00359443 1 0.000233479 1 0.000246741 0.00160586 0.00590475 1 0.00036368 1 0.000451839 0.317235 0.0217946 0.99995 0.00472721 0.996348 0.00688127 0.995977 0.0116462 0.684589 0.0431242 0.0438464 0.105713 0.999916 0.00775592 9.14664e-07 0.0968746 5.19933e-07 0.0998281 0.999613 0.00764677 2.47326e-07 0.0961284 1.42203e-06 0.0993848 0.0613707 0.892766 0.999962 0.0291767
100.7 0.00510528 0.00355367 1 0.000231753 1 0.000244163 0.0012683 0.00567104 1 0.00034864 1 0.000429384 0.253379 0.0212402 0.999966 0.00382479 0.997239 0.00553659 0.994653 0.0120814 0.734017 0.0394728 0.0584566 0.105608 0.999907 0.00776849 1.24467e-06 0.0969396 5.65817e-07 0.0998859 0.999637 0.00764874 2.02929e-07 0.0961525 1.12286e-06 0.0994105 0.0611941 0.902164 0.999964 0.0253004
100.74 0.00730439 0.00351499 1 0.000230335 1 0.000241982 0.0010318 0.00546006 1 0.000335461 1 0.00040933 0.198648 0.0204581 0.999977 0.00308943 0.997925 0.00444617 0.992751 0.0125294 0.77974 0.0361107 0.0781543 0.105083 0.999896 0.0077814 1.73738e-06 0.0970018 6.2819e-07 0.0999471 0.999659 0.00765062 1.66872e-07 0.0961756 8.83205e-07 0.0994349 0.0612907 0.910222 0.999965 0.0221076
100.78 0.0105525 0.0034779 1 0.000229301 1 0.000240266 0.000866565 0.00526879 1 0.000323848 1 0.000391336 0.153307 0.0194741 0.999985 0.00250437 0.998449 0.00358186 0.989996 0.0129936 0.821093 0.0330517 0.104465 0.103981 0.999882 0.00779454 2.48641e-06 0.0970575 7.11744e-07 0.100011 0.999681 0.00765244 1.37734e-07 0.0961979 6.92564e-07 0.0994581 0.0616721 0.917139 0.999966 0.0194672
100.82 0.0153432 0.0034418 1 0.000228767 1 0.000239123 0.00075244 0.00509462 1 0.000313557 1 0.000375128 0.116812 0.0183376 0.99999 0.00204601 0.998846 0.00290673 0.985987 0.0134812 0.857559 0.0302963 0.138994 0.10212 0.999864 0.00780782 3.64569e-06 0.0971016 8.2317e-07 0.100077 0.999701 0.0076542 1.14279e-07 0.0962195 5.41889e-07 0.0994802 0.0623513 0.923085 0.999967 0.017274
100.86 0.0223759 0.00340592 1 0.000228906 1 0.000238725 0.000675986 0.0049354 1 0.000304392 1 0.00036049 0.0881294 0.0171099 0.999993 0.00168973 0.999145 0.00238334 0.980145 0.0140041 0.888848 0.0278315 0.183101 0.0993095 0.999841 0.00782117 5.47166e-06 0.097128 9.72027e-07 0.100144 0.999719 0.00765591 9.54495e-08 0.0962402 4.23478e-07 0.0995011 0.0633423 0.928209 0.999968 0.0154439
100.9 0.0326085 0.0033693 1 0.000229982 1 0.000239327 0.00062851 0.00478936 1 0.000296195 1 0.000347241 0.0660205 0.0158522 0.999995 0.00141332 0.999369 0.00197827 0.971656 0.0145773 0.914947 0.0256315 0.237396 0.0953803 0.999812 0.00783455 8.39343e-06 0.0971291 1.17315e-06 0.100212 0.999735 0.00765757 8.04164e-08 0.0962601 3.30672e-07 0.0995211 0.0646614 0.932635 0.999968 0.0139096
100.94 0.0472909 0.00333074 1 0.000232373 1 0.000241308 0.000604779 0.00465505 1 0.000288838 1 0.000335229 0.0492313 0.014617 0.999997 0.00119827 0.999536 0.00166393 0.959419 0.0152174 0.936114 0.0236578 0.301229 0.0902317 0.999775 0.00784792 1.31299e-05 0.0970965 1.45121e-06 0.100279 0.99975 0.00765918 6.85592e-08 0.0962793 2.57784e-07 0.0995401 0.0663282 0.936469 0.999968 0.0126175
100.98 0.0679359 0.00328888 1 0.000236628 1 0.00024521 0.000602223 0.00453128 1 0.000282221 1 0.000324327 0.0366238 0.0134434 0.999998 0.00102996 0.999659 0.00141854 0.942016 0.0159381 0.952823 0.0218608 0.372479 0.0838733 0.999728 0.00786123 2.09077e-05 0.097021 1.84318e-06 0.100345 0.999763 0.00766076 5.92766e-08 0.0962978 2.0058e-07 0.0995581 0.0683678 0.939801 0.999968 0.0115247
101.02 0.0961689 0.00324238 1 0.000243508 1 0.000251791 0.000620598 0.00441707 1 0.000276266 1 0.000314421 0.02723 0.0123565 0.999999 0.000897145 0.999751 0.00122543 0.917775 0.0167467 0.965685 0.0201816 0.447853 0.0764476 0.999667 0.00787438 3.38384e-05 0.0968929 2.40613e-06 0.10041 0.999774 0.00766229 5.20607e-08 0.0963155 1.55785e-07 0.0995752 0.0708122 0.942705 0.999968 0.0105968
101.06 0.133402 0.00319029 1 0.000254051 1 0.000262077 0.000662054 0.00431161 1 0.000270919 1 0.000305415 0.020265 0.0113691 0.999999 0.000791344 0.999818 0.001072 0.884968 0.0176411 0.975367 0.0185581 0.523606 0.0682171 0.999589 0.00788721 5.55877e-05 0.0967031 3.22991e-06 0.10047 0.999783 0.00766378 4.65055e-08 0.0963324 1.2082e-07 0.0995915 0.0737034 0.945245 0.999967 0.0098063
101.1 0.180348 0.00313272 1 0.000269618 1 0.000277408 0.000731599 0.00421422 1 0.000266141 1 0.000297221 0.0151144 0.010485 0.999999 0.000706219 0.999868 0.000948836 0.842193 0.0186083 0.982512 0.016933 0.596342 0.0595255 0.999489 0.00789944 9.25716e-05 0.0964428 4.45777e-06 0.100525 0.999792 0.00766522 4.22944e-08 0.0963486 9.36316e-08 0.0996069 0.0770959 0.947475 0.999967 0.00913109
101.14 0.236539 0.00307148 1 0.000291933 1 0.00029946 0.000838122 0.00412434 1 0.000261906 1 0.000289766 0.0113101 0.00970102 1 0.000637038 0.999904 0.000848893 0.788904 0.0196236 0.987699 0.0152669 0.663543 0.0507527 0.999357 0.00791074 0.000156109 0.0961041 6.32071e-06 0.100574 0.999798 0.00766662 3.91875e-08 0.0963639 7.25799e-08 0.0996215 0.0810582 0.94944 0.999966 0.00855339
101.18 0.300124 0.00301058 1 0.000323091 1 0.000330251 0.000996191 0.00404151 1 0.000258201 1 0.000282986 0.00850126 0.00901043 1 0.00058026 0.99993 0.000766897 0.725876 0.020648 0.991413 0.0135504 0.723704 0.0422753 0.999183 0.00792066 0.000266313 0.0956794 9.19527e-06 0.100612 0.999803 0.00766797 3.70085e-08 0.0963784 5.63492e-08 0.0996352 0.0856743 0.951179 0.999965 0.00805889
101.22 0.368168 0.00295603 1 0.000365557 1 0.000372106 0.00122909 0.0039654 1 0.000255018 1 0.000276826 0.00642772 0.0084043 1 0.000533224 0.99995 0.000698881 0.655315 0.0216256 0.994044 0.0118092 0.776201 0.0344303 0.998949 0.00792874 0.00045918 0.0951615 1.37012e-05 0.100637 0.999807 0.00766925 3.56365e-08 0.0963919 4.38863e-08 0.0996482 0.0910425 0.952725 0.999964 0.00763616
101.26 0.43736 0.00291495 1 0.00042214 0.999999 0.000427624 0.00157377 0.00389573 1 0.000252354 1 0.000271244 0.0048974 0.00787299 1 0.000493915 0.999964 0.000641849 0.580475 0.0224844 0.995891 0.0100982 0.82105 0.0274769 0.998631 0.00793449 0.00079954 0.0945439 2.08674e-05 0.100643 0.999808 0.00767045 3.49988e-08 0.0964043 3.43514e-08 0.0996603 0.0972735 0.954107 0.999962 0.00727602
101.3 0.504767 0.00289434 1 0.000495968 0.999999 0.00049963 0.00208893 0.00383233 1 0.000250203 1 0.000266209 0.00376842 0.00740695 1 0.000460789 0.999974 0.000593529 0.504933 0.0231433 0.997178 0.00848367 0.858679 0.021564 0.998193 0.00793754 0.00140477 0.0938197 3.24148e-05 0.100626 0.999809 0.00767156 3.50683e-08 0.0964155 2.70797e-08 0.0996716 0.104485 0.955349 0.99996 0.00697124
101.34 0.568282 0.00290007 1 0.000590463 0.999999 0.000591127 0.00286796 0.00377498 1 0.000248567 1 0.000261703 0.00293588 0.00699726 1 0.000432658 0.999982 0.000552189 0.431887 0.0235264 0.998069 0.00702333 0.88974 0.0167213 0.997578 0.00793774 0.00248818 0.0929802 5.12394e-05 0.100577 0.999807 0.00767256 3.58631e-08 0.0964253 2.15486e-08 0.0996819 0.112797 0.956473 0.999958 0.00671612
101.38 0.626704 0.00293644 1 0.000709294 0.999999 0.000705255 0.00405936 0.00372345 1 0.000247452 1 0.000257729 0.00232209 0.00663589 1 0.000408592 0.999987 0.000516504 0.363749 0.0235793 0.998684 0.00575305 0.914993 0.0128785 0.996706 0.00793551 0.0044376 0.0920117 8.22337e-05 0.100486 0.999803 0.00767344 3.74503e-08 0.0964333 1.73514e-08 0.0996912 0.122325 0.957498 0.999956 0.0065063
101.42 0.679559 0.0030062 1 0.000856315 0.999998 0.00084522 0.00589808 0.00367736 1 0.000246884 1 0.00025431 0.00186999 0.00631578 1 0.000387863 0.999991 0.000485452 0.302044 0.0232811 0.999106 0.00468394 0.935226 0.00990338 0.995454 0.00793223 0.00795519 0.0908885 0.000133682 0.100341 0.999797 0.0076742 3.99536e-08 0.0964392 1.41736e-08 0.0996995 0.133171 0.95844 0.999953 0.00633851
101.46 0.726849 0.0031109 0.999999 0.00103546 0.999998 0.00101421 0.00875177 0.00363617 1 0.000246919 1 0.000251506 0.00153767 0.0060309 1 0.00036989 0.999993 0.000458242 0.247539 0.0226478 0.999394 0.00380706 0.951205 0.00763948 0.993644 0.00793099 0.0142965 0.0895623 0.000219617 0.100125 0.999788 0.00767484 4.35664e-08 0.0964425 1.17743e-08 0.0997065 0.145416 0.959313 0.999949 0.00621042
101.5 0.76883 0.00325131 0.999999 0.00125062 0.999997 0.00121527 0.0131861 0.0035991 1 0.000247664 1 0.000249427 0.00129424 0.00577616 1 0.000354214 0.999995 0.00043425 0.200446 0.0217274 0.99959 0.00310122 0.963645 0.00593507 0.991009 0.00793774 0.0256483 0.0879458 0.000363768 0.0998166 0.999776 0.00767543 4.85746e-08 0.0964428 9.97058e-09 0.0997123 0.159112 0.960131 0.999945 0.00612048
101.54 0.805864 0.00342772 0.999998 0.0015054 0.999996 0.00145118 0.0200476 0.00356502 1 0.000249309 1 0.000248259 0.00111734 0.00554731 1 0.000340462 0.999997 0.000412985 0.160559 0.0205881 0.999724 0.00254013 0.973196 0.00465824 0.98716 0.00796297 0.0456274 0.0858893 0.000606138 0.0993885 0.99976 0.00767605 5.53901e-08 0.0964394 8.62487e-09 0.0997169 0.174281 0.960904 0.99994 0.00606787
101.58 0.838335 0.00364011 0.999998 0.00180295 0.999995 0.00172423 0.0305501 0.00353242 1 0.000252169 1 0.000248303 0.000991069 0.00534082 1 0.00032834 0.999998 0.000394052 0.127371 0.0193063 0.999814 0.0020973 0.980428 0.00370191 0.98154 0.00802422 0.0796577 0.0831561 0.00101383 0.0988054 0.999739 0.0076769 6.46046e-08 0.0964316 7.63493e-09 0.0997203 0.190899 0.961643 0.999934 0.00605236
101.62 0.866613 0.00388825 0.999997 0.00214565 0.999994 0.00203612 0.0463263 0.00349935 1 0.000256741 1 0.00025002 0.0009045 0.00515379 1 0.000317609 0.999998 0.000377132 0.100192 0.0179555 0.999874 0.00174878 0.985834 0.00298303 0.973368 0.00814835 0.134454 0.0794187 0.0016987 0.0980219 0.999714 0.00767833 7.70734e-08 0.0964188 6.92597e-09 0.0997228 0.208902 0.962356 0.999927 0.00607426
101.66 0.891039 0.0041717 0.999995 0.00253484 0.999992 0.00238771 0.069365 0.00346348 1 0.00026378 1 0.000254102 0.000850572 0.0049838 1 0.000308083 0.999999 0.00036196 0.0782405 0.0165991 0.999915 0.00147426 0.989825 0.00243903 0.961602 0.00837157 0.215351 0.0743249 0.00284515 0.0969783 0.999681 0.00768086 9.4106e-08 0.0964 6.44877e-09 0.0997253 0.228179 0.963051 0.999918 0.00613436
101.7 0.911939 0.00448977 0.999993 0.00297059 0.99999 0.00277894 0.101731 0.00342247 1 0.000274382 1 0.000261534 0.000825505 0.00482887 1 0.000299613 0.999999 0.000348321 0.0607079 0.015286 0.999943 0.00125729 0.992741 0.00202363 0.944965 0.00873256 0.321421 0.0676801 0.00474994 0.095591 0.99964 0.00768516 1.1795e-07 0.0963747 6.18561e-09 0.0997289 0.248582 0.963733 0.999908 0.00623388
101.74 0.929628 0.00484142 0.99999 0.00345152 0.999988 0.00320882 0.144981 0.00337463 1 0.000290066 1 0.00027366 0.000828451 0.00468734 1 0.000292089 0.999999 0.000336031 0.0468393 0.0140504 0.999962 0.00108488 0.994851 0.00170302 0.922029 0.00925747 0.442524 0.0596761 0.00788369 0.0937363 0.999588 0.00769197 1.52164e-07 0.0963416 6.13029e-09 0.0997352 0.26993 0.964409 0.999895 0.00637443
101.78 0.944414 0.00522521 0.999987 0.00397472 0.999985 0.00367541 0.199393 0.00332006 1 0.000312828 1 0.000292225 0.000861648 0.00455787 1 0.000285428 0.999999 0.000324938 0.035959 0.0129123 0.999974 0.000946939 0.996366 0.00145268 0.89143 0.00994429 0.563225 0.0509346 0.0129749 0.0912329 0.999521 0.00770175 2.02828e-07 0.0962989 6.29854e-09 0.0997462 0.292018 0.965083 0.99988 0.00655799
101.82 0.956607 0.00563928 0.999981 0.0045358 0.999981 0.00417601 0.263395 0.00326177 1 0.000345146 1 0.000319357 0.000930964 0.00443935 1 0.00027957 1 0.000314911 0.027489 0.0118802 0.999983 0.000835749 0.997448 0.00125488 0.852203 0.0107597 0.670642 0.0422539 0.0211184 0.0878477 0.999434 0.00771455 2.80278e-07 0.0962423 6.72908e-09 0.0997636 0.314628 0.965759 0.999861 0.00678686
101.86 0.966519 0.00608136 0.999974 0.00512909 0.999976 0.00470724 0.333673 0.00320598 1 0.000389938 1 0.000357527 0.00104705 0.00433092 1 0.00027447 1 0.000305841 0.0209482 0.0109545 0.999988 0.000745403 0.998216 0.00109676 0.804111 0.0116512 0.758649 0.0342797 0.033895 0.0833434 0.999318 0.00772986 4.02134e-07 0.0961647 7.49027e-09 0.0997879 0.337544 0.96644 0.999839 0.00706365
101.9 0.974458 0.00654879 0.999965 0.00574797 0.99997 0.00526531 0.406064 0.00316135 1 0.000450473 1 0.00040946 0.00122745 0.00423193 1 0.00027009 1 0.000297636 0.0159399 0.0101301 0.999992 0.000671399 0.99876 0.000968966 0.747862 0.0125643 0.82685 0.0273597 0.053453 0.0775587 0.999162 0.00774684 5.99069e-07 0.096055 8.69766e-09 0.0998183 0.360559 0.967127 0.999812 0.0073913
101.94 0.980725 0.00703866 0.999952 0.00638528 0.999963 0.00584605 0.476723 0.00313711 1 0.000530278 1 0.000478056 0.00150006 0.0041419 1 0.000266397 1 0.000290224 0.0121379 0.00939939 0.999995 0.000610292 0.999142 0.000864591 0.685079 0.013456 0.877796 0.021586 0.0824395 0.0704893 0.998948 0.00776445 9.25467e-07 0.0958987 1.05424e-08 0.0998519 0.383485 0.967822 0.999779 0.00777301
101.98 0.985602 0.00754782 0.999935 0.0070337 0.999954 0.00644515 0.542909 0.00314129 1 0.000633053 1 0.000566323 0.0019088 0.00406043 1 0.000263357 1 0.000283543 0.00927503 0.00875348 0.999996 0.000559435 0.999409 0.000778491 0.618037 0.014299 0.914903 0.0168987 0.123612 0.0623326 0.99865 0.0077817 1.47941e-06 0.0956787 1.33406e-08 0.0998839 0.40616 0.968526 0.999738 0.00821228
102.02 0.989346 0.00807298 0.999911 0.00768621 0.999942 0.00705822 0.60316 0.00317968 1 0.000762586 1 0.000677315 0.00252246 0.00398716 1 0.000260939 1 0.000277553 0.00713464 0.00818333 0.999998 0.000516785 0.999595 0.000706794 0.54926 0.0150815 0.941423 0.0131693 0.178991 0.0534788 0.998229 0.00779771 2.44068e-06 0.0953764 1.76213e-08 0.0999072 0.42845 0.969238 0.999689 0.00871287
102.06 0.992185 0.00861072 0.99988 0.00833639 0.999928 0.00768094 0.657037 0.00325578 1 0.000922674 1 0.000814079 0.00344849 0.00392167 1 0.000259119 1 0.000272228 0.00554309 0.00768028 0.999998 0.000480753 0.999724 0.00064656 0.481154 0.015799 0.960084 0.0102477 0.248705 0.0444529 0.997627 0.00781177 4.14238e-06 0.0949723 2.43014e-08 0.0999126 0.450249 0.969957 0.999629 0.00927882
102.1 0.994313 0.00915753 0.999837 0.00897861 0.99991 0.00830921 0.704739 0.00337125 1 0.00111702 1 0.000979589 0.00485401 0.00386343 1 0.000257889 1 0.000267564 0.0043639 0.00723628 0.999999 0.0004501 0.999812 0.000595534 0.41576 0.016445 0.973039 0.00798665 0.330152 0.0358176 0.996759 0.00782336 7.2065e-06 0.0944474 3.50285e-08 0.0998877 0.471476 0.970683 0.999555 0.00991442
102.14 0.99589 0.00970991 0.99978 0.00960817 0.999887 0.00893915 0.746762 0.00352646 0.999999 0.00134913 0.999999 0.00117666 0.00699601 0.00381178 1 0.000257266 1 0.000263583 0.00349268 0.00684402 0.999999 0.000423849 0.999872 0.000551981 0.354631 0.0170002 0.981923 0.00625224 0.418291 0.0280583 0.995492 0.00783211 1.28101e-05 0.0937833 5.27908e-08 0.0998162 0.492078 0.971415 0.999464 0.0106242
102.18 0.997049 0.0102644 0.999703 0.0102213 0.99986 0.00956728 0.783692 0.00372102 0.999999 0.00162213 0.999999 0.00140784 0.010264 0.00376588 1 0.000257307 1 0.000260346 0.00285017 0.00649685 0.999999 0.00040123 0.999913 0.000514548 0.298838 0.0174295 0.987951 0.00492924 0.507114 0.0214861 0.993629 0.00783781 2.32009e-05 0.092962 8.31533e-08 0.0996758 0.512016 0.972149 0.999353 0.0114129
102.22 0.997893 0.0108176 0.999599 0.0108152 0.999825 0.0101905 0.816084 0.00395408 0.999999 0.0019386 0.999999 0.00167527 0.015235 0.00372466 1 0.000258128 1 0.000257966 0.00237727 0.00618883 1 0.00038163 0.99994 0.000482174 0.249007 0.0176894 0.992003 0.00392239 0.591354 0.0162005 0.990871 0.00784046 4.27025e-05 0.0919636 1.36739e-07 0.0994351 0.531271 0.972884 0.999217 0.0122854
102.26 0.998504 0.0113665 0.999458 0.0113877 0.999781 0.0108059 0.844424 0.00422452 0.999999 0.00230034 0.999999 0.00198052 0.0227359 0.00368678 1 0.000259932 1 0.000256636 0.00203082 0.00591467 1 0.000364556 0.999959 0.000454017 0.205367 0.0177413 0.994707 0.00315558 0.667484 0.0121231 0.986766 0.00784045 7.96813e-05 0.0907626 2.34286e-07 0.0990495 0.549833 0.973618 0.999049 0.013247
102.3 0.998942 0.011908 0.999269 0.0119376 0.999727 0.0114112 0.869125 0.00453102 0.999998 0.0027082 0.999999 0.00232444 0.0338944 0.00365062 1 0.000263047 1 0.000256656 0.00177986 0.00566972 1 0.000349616 0.999971 0.000429403 0.167824 0.0175651 0.9965 0.00256962 0.733785 0.0090718 0.980645 0.00783876 0.000150394 0.0893214 4.17116e-07 0.098455 0.567702 0.974348 0.998842 0.0143028
102.34 0.999254 0.0124396 0.999015 0.0124641 0.99966 0.0120043 0.890543 0.00487199 0.999998 0.00316178 0.999999 0.00270702 0.0501423 0.00361426 1 0.000267976 1 0.000258482 0.00160266 0.00544999 1 0.000336491 0.99998 0.000407786 0.136044 0.0171653 0.997686 0.00211939 0.789915 0.006832 0.971532 0.00783725 0.000286512 0.0875817 7.69051e-07 0.0975601 0.584884 0.975072 0.998589 0.0154581
102.38 0.999476 0.0129588 0.998674 0.0129671 0.999577 0.0125833 0.908991 0.00524562 0.999998 0.00365939 0.999999 0.00312733 0.0731055 0.00357564 1 0.00027545 1 0.000262764 0.00148463 0.00525209 1 0.000324926 0.999986 0.000388722 0.109517 0.0165693 0.998467 0.00177095 0.836388 0.00520389 0.958056 0.00783901 0.000549778 0.0854554 1.46275e-06 0.0962374 0.601392 0.975788 0.998277 0.0167183
102.42 0.999633 0.0134635 0.998216 0.0134469 0.999474 0.0131467 0.924758 0.00564971 0.999997 0.00419796 0.999999 0.00358349 0.104316 0.00353292 1 0.00028649 1 0.000270402 0.00141681 0.00507315 1 0.00031472 0.99999 0.000371843 0.0876389 0.0158205 0.998983 0.00149901 0.874165 0.00402289 0.938404 0.00784855 0.00106042 0.0828175 2.8583e-06 0.0943154 0.617239 0.976492 0.997895 0.0180888
102.46 0.999743 0.0139519 0.997602 0.0139041 0.999347 0.0136933 0.938121 0.00608174 0.999996 0.00477308 0.999998 0.00407284 0.144729 0.00348517 1 0.000302451 1 0.000282571 0.00139497 0.0049108 1 0.000305711 0.999992 0.000356847 0.0697777 0.0149688 0.999323 0.0012848 0.90439 0.003163 0.910386 0.00787186 0.00205174 0.0795065 5.71392e-06 0.0915806 0.632446 0.977183 0.997426 0.0195749
102.5 0.999821 0.0144222 0.996782 0.01434 0.99919 0.014222 0.94935 0.00653877 0.999995 0.0053792 0.999998 0.00459201 0.194188 0.00343318 1 0.000325032 1 0.000300729 0.00141922 0.00476311 1 0.000297774 0.999994 0.000343483 0.0553227 0.0140627 0.999548 0.00111442 0.928227 0.00253193 0.871759 0.00791604 0.00397349 0.0753421 1.16372e-05 0.0877983 0.647033 0.977858 0.996851 0.0211817
102.54 0.999875 0.0148729 0.995688 0.014756 0.998996 0.0147318 0.958705 0.00701755 0.999994 0.00600988 0.999998 0.00513722 0.251121 0.00338019 1 0.000356255 1 0.000326584 0.00149417 0.00462852 1 0.000290811 0.999996 0.00033154 0.0437161 0.0131442 0.999698 0.000977558 0.946775 0.00206375 0.820883 0.00798804 0.00768287 0.0701697 2.40514e-05 0.0827682 0.661026 0.978514 0.996149 0.0229143
102.58 0.999913 0.0153025 0.994233 0.015154 0.998757 0.0152221 0.966435 0.00751457 0.999992 0.00665815 0.999997 0.00570443 0.312753 0.00333193 1 0.000398394 1 0.000362028 0.00162967 0.0045058 1 0.000284742 0.999997 0.000320846 0.0344656 0.012246 0.999797 0.00086654 0.961014 0.001712 0.757609 0.00809266 0.0147807 0.0639313 5.02588e-05 0.0764128 0.67445 0.979151 0.995293 0.0247776
102.62 0.999939 0.0157094 0.992303 0.0155366 0.998465 0.0156924 0.972779 0.00802625 0.99999 0.00731684 0.999997 0.00628952 0.375803 0.00329577 1 0.000453884 0.999999 0.000409059 0.00184217 0.00439398 1 0.000279503 0.999997 0.000311257 0.0271466 0.0113909 0.999863 0.000775635 0.9718 0.00144407 0.683945 0.00823049 0.028149 0.0567345 0.000105834 0.0688709 0.687334 0.979766 0.994252 0.0267762
102.66 0.999958 0.0160921 0.989752 0.0159067 0.998105 0.0161423 0.977952 0.00854901 0.999988 0.00797899 0.999996 0.00688839 0.437297 0.00327934 1 0.00052523 0.999999 0.000469704 0.00215711 0.00429232 1 0.000275035 0.999998 0.000302657 0.0213967 0.0105932 0.999908 0.000700531 0.979853 0.00123703 0.603931 0.00839798 0.0526344 0.048873 0.000223917 0.0605314 0.69971 0.980356 0.992988 0.0289145
102.7 0.99997 0.0164486 0.986397 0.0162681 0.997665 0.0165716 0.982149 0.00907941 0.999985 0.00863811 0.999996 0.007497 0.495109 0.00328916 1 0.000614932 0.999999 0.000545963 0.00261251 0.00420022 1 0.000271285 0.999998 0.000294951 0.0169093 0.00986016 0.999938 0.000637954 0.985776 0.00107473 0.522584 0.00859153 0.0953898 0.0407657 0.000474741 0.0519589 0.711608 0.980921 0.991459 0.0311967
102.74 0.999979 0.0167768 0.982006 0.0166254 0.997128 0.0169803 0.985543 0.00961417 0.999982 0.00928839 0.999995 0.00811146 0.548079 0.00332991 1 0.000725425 0.999999 0.00063977 0.00326406 0.00411711 1 0.000268208 0.999998 0.000288068 0.0134268 0.00919394 0.999957 0.000585402 0.990066 0.000945642 0.444548 0.0088145 0.164481 0.0328546 0.00100616 0.0437373 0.723061 0.981459 0.989616 0.0336269
102.78 0.999986 0.017074 0.976298 0.0169845 0.996473 0.0173682 0.98828 0.0101502 0.999977 0.00992492 0.999994 0.00872808 0.595849 0.00340432 1 0.000859041 0.999999 0.000752967 0.00419252 0.00404245 1 0.000265767 0.999999 0.000281957 0.0107355 0.00859336 0.999971 0.000540939 0.993125 0.000841489 0.373194 0.00907911 0.264053 0.0255357 0.00212569 0.0363179 0.734104 0.981967 0.987403 0.0362086
102.82 0.99999 0.0173372 0.968938 0.0173524 0.995675 0.0177356 0.990485 0.0106847 0.999972 0.0105436 0.999993 0.00934336 0.638582 0.0035135 1 0.00101797 0.999999 0.000887298 0.00551327 0.00397563 1 0.000263937 0.999999 0.000276587 0.00866199 0.00805506 0.99998 0.00050306 0.995275 0.000756262 0.310325 0.00939418 0.387967 0.0191427 0.004463 0.0299445 0.744771 0.982444 0.984754 0.0389453
102.86 0.999993 0.0175626 0.959542 0.0177379 0.994708 0.0180824 0.99226 0.0112148 0.999965 0.0111414 0.999992 0.00995412 0.67671 0.00365739 1 0.00120425 0.999999 0.00104438 0.00738898 0.00391601 1 0.000262716 0.999999 0.000271948 0.00706712 0.00757435 0.999986 0.000470582 0.996766 0.000685573 0.256456 0.00974281 0.519634 0.0139127 0.00927731 0.0246609 0.7551 0.982889 0.9816 0.0418404
102.9 0.999995 0.0177461 0.947691 0.0181515 0.993537 0.0184089 0.99369 0.0117381 0.999957 0.0117158 0.999991 0.0105575 0.710757 0.00383514 1 0.00141969 0.999999 0.00122571 0.0100448 0.00386282 1 0.000262124 0.999999 0.000268057 0.00584094 0.0071457 0.99999 0.000442568 0.997789 0.000626214 0.211234 0.0100741 0.641068 0.00991456 0.0189957 0.0203685 0.765127 0.9833 0.977859 0.0448969
102.94 0.999996 0.017883 0.932957 0.0186057 0.992125 0.0187151 0.994844 0.0122522 0.999946 0.0122653 0.99999 0.0111509 0.74123 0.00404545 1 0.00166587 0.999999 0.0014326 0.0137852 0.00381523 1 0.000262215 0.999999 0.000264964 0.00489815 0.00676323 0.999993 0.000418267 0.998485 0.000575846 0.173807 0.0103256 0.741582 0.00702946 0.038013 0.0168943 0.77489 0.983674 0.973445 0.0481179
102.98 0.999998 0.0179688 0.914946 0.0191149 0.990426 0.0190012 0.995776 0.0127551 0.999933 0.0127889 0.999988 0.0117322 0.768576 0.00428674 1 0.00194403 0.999999 0.00166613 0.0190099 0.00377233 1 0.000263091 0.999999 0.000262756 0.00417338 0.00642127 0.999995 0.000397076 0.998958 0.000532746 0.143112 0.0104605 0.818827 0.00502691 0.0734315 0.0140437 0.784427 0.984009 0.968261 0.0515061
103.02 0.999998 0.017999 0.893354 0.0196956 0.988388 0.0192673 0.99653 0.0132448 0.999917 0.013286 0.999986 0.0122994 0.793164 0.00455728 1 0.00225503 0.999999 0.00192714 0.0262232 0.00373312 1 0.000264905 0.999999 0.000261571 0.00361708 0.00611479 0.999996 0.000378507 0.999279 0.000495625 0.118055 0.0104911 0.875357 0.00366335 0.134415 0.0116354 0.793774 0.984304 0.962209 0.0550644
103.06 0.999999 0.0179706 0.868016 0.0203652 0.98595 0.0195138 0.997142 0.0137197 0.999897 0.0137567 0.999984 0.0128509 0.815287 0.00485525 0.999999 0.00259919 0.999999 0.00221609 0.0360299 0.00369655 1 0.000267886 0.999999 0.000261608 0.00319204 0.00583963 0.999997 0.000362162 0.999496 0.000463494 0.0976306 0.0104734 0.915395 0.0027382 0.227773 0.0095293 0.802966 0.984556 0.955182 0.0587955
103.1 0.999999 0.017882 0.83896 0.0211423 0.983041 0.0197413 0.99764 0.0141783 0.999872 0.014201 0.999981 0.0133855 0.835185 0.00517876 0.999999 0.00297627 0.999998 0.00253305 0.0491047 0.00366162 1 0.000272347 0.999999 0.000263141 0.00287062 0.00559249 0.999998 0.000347723 0.999645 0.000435574 0.0809663 0.0104724 0.94311 0.00210628 0.350078 0.00765305 0.81204 0.984762 0.947073 0.062702
103.14 0.999999 0.017734 0.806445 0.0220447 0.979578 0.0199507 0.998046 0.0146195 0.99984 0.0146196 0.999978 0.013902 0.853054 0.00552588 0.999999 0.00338538 0.999998 0.00287765 0.066127 0.00362743 1 0.000278703 0.999999 0.00026653 0.00263265 0.00537067 0.999998 0.000334931 0.999747 0.000411243 0.0673375 0.0105178 0.961979 0.00166905 0.484793 0.00600932 0.821029 0.984918 0.937773 0.0667867
103.18 1 0.01753 0.77095 0.0230891 0.975462 0.0201439 0.998378 0.0150423 0.9998 0.0150131 0.999974 0.0143996 0.869064 0.00589458 0.999999 0.00382492 0.999998 0.00324906 0.0876737 0.00359337 1 0.000287483 0.999999 0.000272228 0.00246385 0.00517168 0.999999 0.000323582 0.999817 0.000389992 0.0561556 0.010583 0.974674 0.00136134 0.611464 0.0046364 0.829961 0.985022 0.927181 0.071052
103.22 1 0.017276 0.73312 0.0242894 0.970577 0.0203233 0.99865 0.0154462 0.999748 0.0153824 0.999969 0.0148777 0.883365 0.00628273 0.999999 0.00429262 0.999998 0.00364599 0.114082 0.00355935 1 0.000299335 0.999999 0.000280787 0.00235463 0.00499309 0.999999 0.00031351 0.999866 0.000371397 0.0469487 0.0106069 0.983148 0.00114032 0.717157 0.00355203 0.838863 0.985068 0.915199 0.0755002
103.26 1 0.01698 0.693641 0.025656 0.964782 0.0204928 0.998874 0.0158306 0.999682 0.0157284 0.999964 0.0153358 0.896094 0.00668815 0.999999 0.00478553 0.999998 0.00406676 0.145312 0.00352599 1 0.000315022 0.999999 0.00029285 0.00229937 0.00483246 0.999999 0.000304577 0.999901 0.000355098 0.0393413 0.0105329 0.98878 0.000977795 0.798748 0.00273277 0.847757 0.985051 0.901744 0.0801333
103.3 1 0.0166505 0.653192 0.0271957 0.957907 0.0206573 0.999059 0.0161953 0.999595 0.0160523 0.999957 0.0157736 0.907381 0.00710857 0.999999 0.00530016 0.999998 0.00450932 0.180869 0.00349482 1 0.000335407 0.999999 0.000309135 0.00229581 0.00468755 0.999999 0.000296669 0.999925 0.000340785 0.0330338 0.0103344 0.992518 0.000855219 0.85889 0.00212966 0.856657 0.984966 0.886747 0.084953
103.34 1 0.0162961 0.612393 0.0289113 0.949751 0.0208231 0.999212 0.0165403 0.999481 0.0163552 0.999949 0.016191 0.917353 0.00754168 0.999998 0.00583253 0.999997 0.00497134 0.219823 0.00346824 1 0.000361425 0.999999 0.00033041 0.00234486 0.00455641 0.999999 0.000289689 0.999943 0.000328187 0.0277876 0.0100167 0.994998 0.000760342 0.902059 0.00168988 0.865568 0.984806 0.870164 0.0899599
103.38 1 0.0159242 0.571745 0.030802 0.940079 0.0209981 0.999339 0.0168658 0.99933 0.0166385 0.99994 0.0165878 0.926135 0.00798514 0.999998 0.00637838 0.999997 0.00545028 0.260945 0.00344937 1 0.000394057 0.999998 0.000357472 0.00245057 0.00443745 1 0.000283552 0.999956 0.000317074 0.0234129 0.00960577 0.996647 0.000685042 0.93256 0.00136846 0.874481 0.984563 0.851978 0.0951537
103.42 1 0.015541 0.531611 0.0328638 0.928613 0.0211912 0.999445 0.017172 0.999128 0.0169035 0.999928 0.0169644 0.933848 0.00843666 0.999998 0.0069333 0.999997 0.00594347 0.302909 0.00344168 1 0.00043429 0.999998 0.00039111 0.00262032 0.00432943 1 0.000278184 0.999965 0.000307248 0.0197588 0.00913532 0.997746 0.000623887 0.953885 0.00113128 0.88338 0.984228 0.832205 0.100532
103.46 1 0.0151501 0.492205 0.0350901 0.915025 0.021413 0.999533 0.0174592 0.998856 0.0171518 0.999913 0.0173208 0.940607 0.00889398 0.999998 0.00749291 0.999997 0.00644813 0.3445 0.00344854 1 0.000483093 0.999998 0.000432093 0.00286531 0.00423135 1 0.000273519 0.999972 0.000298542 0.0167052 0.0086375 0.998479 0.000573203 0.968676 0.000953874 0.892229 0.983791 0.810894 0.106091
103.5 1 0.0147537 0.453646 0.0374729 0.898932 0.0216756 0.999606 0.0177279 0.998487 0.017385 0.999895 0.0176574 0.946523 0.00935493 0.999997 0.00805298 0.999996 0.0069615 0.384752 0.00347287 1 0.000541393 0.999998 0.000481145 0.00320111 0.00414238 1 0.000269498 0.999977 0.000290819 0.0141548 0.00813818 0.998971 0.000530476 0.978859 0.000819125 0.900986 0.983238 0.788131 0.111824
103.54 1 0.0143518 0.416023 0.0400026 0.879919 0.0219929 0.999668 0.0179782 0.99798 0.0176049 0.999872 0.0179747 0.951696 0.00981744 0.999997 0.00860957 0.999996 0.00748079 0.423005 0.00351686 1 0.000610057 0.999998 0.000538943 0.00364865 0.00406187 1 0.000266073 0.999981 0.000283965 0.0120276 0.00765571 0.9993 0.00049395 0.985821 0.000715141 0.909595 0.982556 0.764038 0.117719
103.58 1 0.0139437 0.379399 0.0426678 0.857559 0.0223808 0.99972 0.0182104 0.997281 0.0178136 0.999842 0.0182731 0.956221 0.0102795 0.999996 0.00915915 0.999996 0.00800334 0.458901 0.00358193 1 0.000689892 0.999998 0.000606114 0.00423535 0.00398918 1 0.000263198 0.999984 0.000277887 0.0102568 0.00720166 0.999522 0.000462379 0.990545 0.000633648 0.917998 0.981729 0.738774 0.123763
103.62 1 0.013528 0.343836 0.0454553 0.831441 0.022857 0.999763 0.0184245 0.996307 0.0180134 0.999805 0.0185531 0.960181 0.0107394 0.999996 0.00969861 0.999995 0.00852656 0.492316 0.00366874 1 0.000781637 0.999998 0.000683235 0.00499652 0.00392378 1 0.000260837 0.999986 0.000272515 0.00878621 0.00678225 0.999672 0.000434855 0.993729 0.000568834 0.926131 0.980737 0.71252 0.129936
103.66 1 0.0131035 0.309412 0.0483489 0.801213 0.0234417 0.999799 0.0186204 0.994942 0.0182074 0.999758 0.0188153 0.963653 0.0111951 0.999995 0.0102253 0.999995 0.00904804 0.523294 0.00377734 1 0.000885973 0.999998 0.00077084 0.00597695 0.0038651 1 0.000258963 0.999988 0.00026779 0.00756783 0.00639987 0.999774 0.000410701 0.995859 0.000516576 0.933928 0.97956 0.685483 0.136215
103.7 1 0.0126694 0.276232 0.0513295 0.766632 0.0241568 0.99983 0.0187973 0.993014 0.0183988 0.999697 0.0190603 0.966702 0.0116452 0.999994 0.0107371 0.999994 0.00956556 0.551979 0.00390727 1 0.00100351 0.999997 0.000869428 0.00723266 0.00381262 1 0.000257555 0.999989 0.000263674 0.00656104 0.00605439 0.999843 0.000389398 0.997276 0.000473906 0.941329 0.978172 0.657875 0.142572
103.74 1 0.0122258 0.244439 0.0543742 0.727619 0.0250265 0.999856 0.0189542 0.990274 0.0185923 0.999617 0.0192885 0.969385 0.0120881 0.999993 0.0112322 0.999994 0.0100771 0.578559 0.00405772 1 0.00113482 0.999997 0.000979456 0.00883264 0.00376582 1 0.000256606 0.99999 0.00026014 0.00573133 0.00574416 0.99989 0.000370536 0.998212 0.000438664 0.948278 0.976545 0.62991 0.148976
103.78 1 0.0117747 0.214225 0.0574552 0.684349 0.0260758 0.999877 0.0190888 0.986356 0.0187939 0.999512 0.0195003 0.971754 0.0125224 0.999992 0.0117095 0.999993 0.0105808 0.603237 0.00422766 0.999999 0.00128039 0.999997 0.00110135 0.0108606 0.00372417 1 0.000256115 0.999991 0.000257174 0.00504944 0.00546667 0.999922 0.000353787 0.998827 0.000409252 0.954731 0.974649 0.6018 0.155393
103.82 1 0.0113195 0.185806 0.06054 0.637277 0.0273299 0.999896 0.0191981 0.980734 0.0190116 0.999373 0.019696 0.973852 0.0129468 0.999991 0.0121678 0.999992 0.0110753 0.626205 0.00441592 0.999999 0.00144063 0.999997 0.00123548 0.0134163 0.00368718 1 0.000256097 0.999991 0.000254777 0.00449081 0.00521905 0.999945 0.00033888 0.999231 0.000384474 0.960657 0.972446 0.573748 0.161785
103.86 1 0.0108652 0.159389 0.0635919 0.587126 0.028812 0.999911 0.0192768 0.972649 0.0192567 0.999187 0.0198757 0.975717 0.0133603 0.999989 0.0126067 0.999992 0.011559 0.647637 0.00462125 0.999999 0.00161589 0.999997 0.00138217 0.0166166 0.00365437 1 0.000256579 0.999992 0.000252962 0.00403504 0.00499834 0.99996 0.00032559 0.999495 0.000363425 0.966042 0.969898 0.54594 0.168114
103.9 1 0.0104182 0.135155 0.0665714 0.534841 0.0305421 0.999924 0.0193176 0.961043 0.0195451 0.998934 0.020039 0.977383 0.0137617 0.999987 0.0130259 0.999991 0.0120309 0.667684 0.00484235 0.999999 0.00180642 0.999997 0.0015417 0.0205954 0.00362527 1 0.000257603 0.999992 0.000251759 0.00366538 0.00480169 0.999971 0.000313724 0.999667 0.000345408 0.970881 0.966959 0.518539 0.174345
103.94 1 0.00998536 0.113235 0.0694387 0.481515 0.0325346 0.999935 0.01931 0.94449 0.0198994 0.998589 0.0201851 0.97888 0.0141502 0.999985 0.0134252 0.99999 0.0124901 0.686468 0.00507795 0.999999 0.00201233 0.999996 0.00171424 0.0255017 0.00359947 1 0.000259227 0.999992 0.000251211 0.00336826 0.00462643 0.999979 0.000303118 0.99978 0.000329883 0.975186 0.963579 0.491688 0.180444
103.98 1 0.00957332 0.0937058 0.0721564 0.428299 0.0347967 0.999944 0.0192398 0.921184 0.0203512 0.998114 0.0203127 0.980233 0.0145249 0.999982 0.0138049 0.999989 0.0129358 0.704086 0.00532681 0.999999 0.00223365 0.999996 0.00189991 0.031496 0.00357658 1 0.00026153 0.999992 0.000251378 0.00313278 0.00447015 0.999984 0.000293632 0.999853 0.000316426 0.978977 0.959705 0.465507 0.186381
104.02 1 0.00918803 0.0765747 0.0746921 0.376311 0.0373267 0.999952 0.0190894 0.889069 0.0209443 0.997452 0.0204196 0.981465 0.0148852 0.999979 0.0141651 0.999988 0.0133676 0.720615 0.00558772 0.999999 0.0024702 0.999996 0.00209869 0.0387445 0.00355628 1 0.000264606 0.999993 0.000252338 0.00295038 0.00433066 0.999988 0.000285144 0.999902 0.000304699 0.982285 0.955277 0.440094 0.192134
104.06 1 0.0088342 0.0617858 0.0770203 0.326566 0.0401126 0.999959 0.0188396 0.846203 0.0217361 0.996525 0.0205027 0.982596 0.0152301 0.999975 0.0145063 0.999987 0.013785 0.736107 0.00585954 0.999999 0.00272165 0.999996 0.00231047 0.047409 0.00353831 1 0.000268576 0.999993 0.000254189 0.0028145 0.00420604 0.999991 0.000277548 0.999934 0.000294434 0.985146 0.950231 0.415524 0.197688
104.1 1 0.00851513 0.0492236 0.0791245 0.279916 0.043132 0.999965 0.0184734 0.791415 0.0227986 0.995219 0.0205585 0.983645 0.0155591 0.999969 0.0148291 0.999986 0.0141877 0.7506 0.00614117 0.999999 0.00298749 0.999995 0.00253496 0.0576355 0.00352252 1 0.000273581 0.999992 0.000257044 0.00272031 0.00409459 0.999993 0.000270753 0.999955 0.000285411 0.987599 0.944498 0.391856 0.203035
104.14 1 0.00823262 0.0387239 0.0809976 0.237017 0.0463521 0.99997 0.0179832 0.725074 0.0242139 0.99337 0.0205834 0.984628 0.0158713 0.999962 0.0151338 0.999984 0.0145757 0.764118 0.00643159 0.999998 0.00326693 0.999995 0.00277172 0.0695385 0.00350887 1 0.000279782 0.999992 0.000261037 0.00266453 0.00399481 0.999994 0.000264678 0.999969 0.000277452 0.989688 0.938005 0.36913 0.208178
104.18 1 0.00798714 0.0300876 0.0826415 0.198314 0.0497307 0.999974 0.0173768 0.649544 0.0260653 0.990746 0.0205755 0.985559 0.0161662 0.999953 0.015421 0.999982 0.0149486 0.776679 0.00672981 0.999998 0.00355899 0.999995 0.00302016 0.0831861 0.00349742 1 0.000287366 0.999992 0.000266322 0.00264529 0.00390541 0.999996 0.000259254 0.999978 0.000270412 0.991453 0.930674 0.347376 0.213132
104.22 1 0.00777805 0.0230954 0.0840663 0.164034 0.0532182 0.999977 0.0166802 0.568882 0.0284238 0.987018 0.0205361 0.986451 0.0164435 0.99994 0.0156914 0.99998 0.0153067 0.7883 0.0070349 0.999998 0.00386241 0.999994 0.00327947 0.0985847 0.00348843 0.999999 0.000296536 0.999992 0.000273064 0.00266202 0.00382525 0.999996 0.000254422 0.999985 0.000264169 0.992936 0.922425 0.326607 0.21792
104.26 1 0.00760383 0.0175214 0.0852887 0.134204 0.0567606 0.99998 0.0159328 0.487805 0.0313334 0.98173 0.0204716 0.987314 0.0167029 0.999923 0.0159456 0.999977 0.0156499 0.799007 0.00734589 0.999998 0.00417574 0.999994 0.00354869 0.115669 0.0034823 0.999999 0.000307514 0.999992 0.000281444 0.00271544 0.00375334 0.999997 0.000250129 0.999989 0.000258622 0.994176 0.913175 0.306829 0.222577
104.3 1 0.00746231 0.0131443 0.08633 0.108677 0.0603016 0.999983 0.0151775 0.410483 0.0348005 0.974262 0.0203949 0.988158 0.016945 0.999899 0.0161844 0.999974 0.0159783 0.808842 0.00766183 0.999998 0.00449731 0.999993 0.00382675 0.134299 0.00347958 0.999999 0.000320533 0.999991 0.000291651 0.00280755 0.00368884 0.999998 0.000246329 0.999992 0.000253688 0.995206 0.902836 0.28804 0.22715
104.34 1 0.00735083 0.0097562 0.0872141 0.0871582 0.0637869 0.999985 0.01445 0.33977 0.0387887 0.963786 0.020326 0.988985 0.0171705 0.999864 0.0164088 0.99997 0.0162923 0.81786 0.00798168 0.999998 0.0048254 0.999993 0.00411246 0.154265 0.00348099 0.999999 0.000335832 0.999991 0.00030388 0.00294171 0.003631 0.999998 0.000242984 0.999994 0.000249297 0.996058 0.891321 0.270222 0.231695
104.38 1 0.00726641 0.00717031 0.0879657 0.0692815 0.0671668 0.999987 0.0137729 0.277141 0.043222 0.949242 0.020291 0.989797 0.0173803 0.999814 0.0166199 0.999965 0.0165921 0.826128 0.00830435 0.999997 0.00515823 0.999992 0.00440463 0.175297 0.00348735 0.999999 0.00035365 0.999991 0.000318321 0.00312268 0.00357917 0.999998 0.000240059 0.999996 0.000245388 0.996762 0.878541 0.253355 0.236281
104.42 1 0.00720589 0.00522332 0.0886087 0.0546369 0.0703985 0.999988 0.0131545 0.223066 0.0479909 0.929354 0.0203223 0.990592 0.0175757 0.999742 0.0168191 0.999958 0.0168781 0.833723 0.00862871 0.999997 0.00549409 0.999992 0.0047021 0.197094 0.00349954 0.999999 0.000374223 0.99999 0.000335163 0.00335682 0.0035328 0.999998 0.000237523 0.999997 0.000241914 0.99734 0.864406 0.237419 0.240984
104.46 1 0.00716604 0.00377534 0.0891651 0.0427863 0.0734479 0.99999 0.012592 0.177372 0.0529608 0.902753 0.0204574 0.991367 0.017758 0.999635 0.0170079 0.999949 0.0171507 0.840725 0.00895358 0.999997 0.00583138 0.999991 0.00500379 0.219337 0.00351844 0.999999 0.000397774 0.99999 0.000354581 0.00365226 0.00349139 0.999999 0.00023535 0.999997 0.000238832 0.997814 0.848827 0.222396 0.245894
104.5 1 0.0071436 0.00271004 0.089654 0.0332885 0.0762908 0.999991 0.0120751 0.139392 0.0579842 0.86814 0.0207389 0.992114 0.0179281 0.999476 0.0171883 0.999938 0.0174105 0.847204 0.00927783 0.999996 0.00616869 0.999991 0.00530869 0.24172 0.0035449 0.999999 0.000424508 0.99999 0.000376738 0.00401914 0.00345452 0.999999 0.000233518 0.999998 0.000236107 0.998203 0.831716 0.208254 0.25111
104.54 1 0.00713542 0.00193468 0.0900912 0.0257477 0.0789125 0.999992 0.0115901 0.108266 0.0629133 0.824585 0.0212142 0.992827 0.018087 0.999238 0.0173623 0.999923 0.0176577 0.853222 0.00960036 0.999996 0.00650474 0.99999 0.00561592 0.263964 0.00357965 0.999999 0.000454612 0.999989 0.000401779 0.00446992 0.0034218 0.999999 0.000232006 0.999998 0.000233713 0.99852 0.812986 0.194962 0.256741
104.58 1 0.00713851 0.00137549 0.0904894 0.0198144 0.0813063 0.999993 0.0111237 0.0831298 0.0676108 0.771944 0.0219331 0.993501 0.0182353 0.99888 0.0175322 0.999903 0.0178928 0.858827 0.00992022 0.999995 0.00683844 0.99999 0.00592465 0.285829 0.00362329 0.999998 0.000488246 0.999989 0.000429828 0.00501966 0.00339291 0.999999 0.000230797 0.999999 0.000231626 0.998779 0.792555 0.182491 0.262908
104.62 1 0.00715016 0.000974841 0.0908579 0.0151812 0.0834727 0.999994 0.0106669 0.0631373 0.0719578 0.711192 0.0229452 0.994132 0.0183733 0.998339 0.0177004 0.999877 0.0181161 0.864057 0.0102366 0.999995 0.0071688 0.999989 0.00623413 0.307117 0.00367625 0.999998 0.000525545 0.999988 0.000460988 0.00568637 0.00336753 0.999999 0.000229878 0.999999 0.000229827 0.998991 0.770345 0.170808 0.269743
104.66 1 0.00716796 0.000689595 0.0912034 0.0115916 0.0854174 0.999994 0.0102169 0.0474512 0.0758618 0.644316 0.024295 0.994716 0.018501 0.997518 0.0178697 0.999842 0.0183281 0.868938 0.0105487 0.999994 0.00749494 0.999988 0.0065436 0.327677 0.0037388 0.999998 0.00056661 0.999988 0.000495337 0.00649128 0.00334539 0.999999 0.000229238 0.999999 0.000228305 0.999164 0.746284 0.159878 0.277393
104.7 1 0.00718985 0.000487591 0.0915302 0.00883071 0.0871501 0.999995 0.00977671 0.0353011 0.0792626 0.573979 0.0260167 0.995253 0.0186183 0.996274 0.0180433 0.999794 0.0185289 0.873488 0.0108562 0.999994 0.00781606 0.999987 0.00685231 0.347398 0.00381105 0.999998 0.000611511 0.999988 0.000532926 0.00745922 0.00332623 0.999999 0.000228867 0.999999 0.000227049 0.999305 0.720312 0.149669 0.286015
104.74 1 0.00721417 0.000345235 0.0918408 0.00672114 0.0886833 0.999996 0.00935354 0.0260004 0.0821344 0.502957 0.0281314 0.995742 0.0187244 0.994388 0.0182248 0.999729 0.0187188 0.877723 0.0111584 0.999993 0.00813139 0.999987 0.00715953 0.366207 0.00389295 0.999998 0.000660283 0.999987 0.000573782 0.0086188 0.00330981 0.999999 0.000228761 0.999999 0.000226055 0.999421 0.692383 0.140147 0.295781
104.78 1 0.00723959 0.000245314 0.0921364 0.00511864 0.0900312 0.999996 0.00895591 0.0189574 0.0844836 0.433776 0.0306435 0.996184 0.0188178 0.991538 0.0184186 0.999641 0.0188981 0.881662 0.0114552 0.999992 0.00844024 0.999986 0.00746451 0.384064 0.00398431 0.999998 0.000712921 0.999987 0.0006179 0.0100025 0.00329593 0.999999 0.00022892 0.999999 0.000225323 0.999516 0.662474 0.131285 0.306877
104.82 1 0.00726513 0.000175368 0.0924173 0.00390733 0.0912094 0.999997 0.00859163 0.0136826 0.0863438 0.368373 0.0335393 0.996582 0.0188961 0.987257 0.0186306 0.999518 0.0190667 0.885327 0.011746 0.999991 0.008742 0.999985 0.00776653 0.400955 0.00408482 0.999997 0.000769387 0.999987 0.000665248 0.0116465 0.00328436 0.999999 0.000229345 1 0.000224854 0.999594 0.630589 0.123057 0.3195
104.86 1 0.00729011 0.000126466 0.0926836 0.00299539 0.0922336 0.999997 0.00826611 0.00977644 0.0877679 0.307984 0.0367874 0.996938 0.0189551 0.980874 0.0188694 0.999349 0.0192248 0.888736 0.0120306 0.999989 0.00903616 0.999984 0.00806492 0.41689 0.00419406 0.999997 0.000829605 0.999986 0.000715769 0.0135907 0.00327494 0.999999 0.000230043 1 0.000224657 0.999658 0.596775 0.115432 0.333858
104.9 1 0.00731408 9.2271e-05 0.092935 0.00231089 0.0931199 0.999997 0.00798196 0.00691542 0.0888199 0.253317 0.0403411 0.997255 0.0189885 0.971454 0.0191471 0.999115 0.0193719 0.891912 0.0123087 0.999988 0.00932231 0.999983 0.00835908 0.431894 0.00431152 0.999997 0.000893469 0.999986 0.000769381 0.0158776 0.00326747 0.999999 0.000231024 1 0.000224742 0.99971 0.561131 0.108379 0.350159
104.94 1 0.00733675 6.83252e-05 0.0931714 0.00179814 0.0938838 0.999998 0.0077394 0.00484192 0.0895679 0.204717 0.0441397 0.997537 0.0189869 0.95775 0.0194816 0.998791 0.0195073 0.894873 0.0125798 0.999986 0.00960011 0.999982 0.00864845 0.446004 0.00443661 0.999997 0.000960839 0.999986 0.000825977 0.0185521 0.00326182 0.999999 0.000232303 1 0.000225126 0.999754 0.523822 0.101867 0.368608
104.98 1 0.007358 5.1517e-05 0.0933926 0.00141445 0.09454 0.999998 0.00753703 0.00335462 0.0900783 0.162292 0.0481113 0.997787 0.0189378 0.938194 0.0198983 0.998343 0.0196299 0.897641 0.0128435 0.999983 0.00986932 0.999981 0.00893254 0.459257 0.00456871 0.999996 0.00103155 0.999986 0.000885431 0.0216601 0.00325784 0.999999 0.0002339 1 0.000225827 0.99979 0.485098 0.095867 0.389387
105.02 1 0.0073778 3.96878e-05 0.0935988 0.00112747 0.0951025 0.999998 0.00737245 0.0022987 0.0904115 0.125974 0.0521759 0.998008 0.0188253 0.910996 0.0204325 0.997725 0.0197376 0.900237 0.0130995 0.99998 0.0101298 0.99998 0.00921094 0.47169 0.00470716 0.999996 0.0011054 0.999986 0.000947595 0.0252469 0.00325542 0.999999 0.000235838 1 0.000226869 0.99982 0.445299 0.0903485 0.412634
105.06 1 0.00739616 3.13483e-05 0.0937902 0.000912871 0.095584 0.999998 0.00724272 0.00155686 0.0906206 0.0955524 0.05625 0.998203 0.0186314 0.874397 0.021131 0.996878 0.0198277 0.902681 0.0133471 0.999977 0.0103814 0.999979 0.00948327 0.483333 0.00485127 0.999996 0.00118216 0.999985 0.00101229 0.0293561 0.00325447 0.999999 0.000238145 1 0.00022828 0.999844 0.404871 0.085282 0.438418
105.1 1 0.00741318 2.54768e-05 0.0939674 0.000752538 0.0959961 0.999999 0.0071446 0.00104135 0.0907496 0.0706818 0.0602514 0.998375 0.0183393 0.827122 0.0220528 0.995721 0.0198968 0.904996 0.0135858 0.999973 0.0106241 0.999978 0.00974926 0.494208 0.0050004 0.999996 0.00126156 0.999985 0.00107933 0.0340269 0.00325494 0.999999 0.000240855 1 0.000230091 0.999865 0.364358 0.0806381 0.466704
105.14 1 0.00742896 2.13774e-05 0.094131 0.000633093 0.0963491 0.999999 0.00707473 0.000687213 0.0908342 0.0508826 0.0641058 0.998527 0.0179381 0.768953 0.0232667 0.99415 0.0199413 0.907212 0.0138148 0.999967 0.010858 0.999977 0.0100087 0.504327 0.0051539 0.999996 0.0013433 0.999985 0.00114847 0.0392928 0.0032568 0.999999 0.000244004 1 0.000232337 0.999883 0.324388 0.0763864 0.497325
105.18 1 0.00744361 1.85822e-05 0.0942817 0.000544734 0.0966521 0.999999 0.00702961 0.000446983 0.0909016 0.0355804 0.0677514 0.998661 0.0174281 0.701092 0.0248461 0.992031 0.0199581 0.909363 0.0140336 0.999961 0.0110833 0.999975 0.0102616 0.513699 0.00531118 0.999995 0.00142703 0.999985 0.00121944 0.0451792 0.00326005 0.999999 0.00024763 1 0.000235056 0.999897 0.285636 0.0724976 0.529952
105.22 1 0.00745726 1.67854e-05 0.0944206 0.000480362 0.0969131 0.999999 0.00700573 0.000286294 0.0909718 0.024131 0.071143 0.998779 0.0168234 0.626052 0.0268613 0.989184 0.0199459 0.91149 0.0142413 0.999952 0.0113002 0.999973 0.0105079 0.522336 0.00547164 0.999995 0.00151235 0.999985 0.00129194 0.0517022 0.00326473 0.999999 0.000251779 1 0.000238289 0.99991 0.248776 0.0689442 0.564091
105.26 1 0.00747002 1.58011e-05 0.0945483 0.000434936 0.0971391 0.999999 0.00699962 0.000180458 0.0910581 0.0158544 0.0742531 0.998884 0.0161504 0.547106 0.0293718 0.98537 0.0199065 0.913638 0.0144376 0.999941 0.0115094 0.999971 0.010748 0.530266 0.0056347 0.999995 0.00159884 0.999985 0.00136564 0.0588675 0.00327092 0.999999 0.000256495 1 0.000242079 0.99992 0.214421 0.0657001 0.599095
105.3 1 0.00748198 1.55391e-05 0.094666 0.000405002 0.0973358 0.999999 0.0070079 0.000111913 0.0911688 0.0100827 0.0770716 0.998978 0.015442 0.467599 0.0324184 0.98026 0.0198459 0.915859 0.0146221 0.999927 0.0117116 0.999968 0.0109824 0.53754 0.00579972 0.999995 0.00168606 0.999985 0.00144022 0.06667 0.00327873 0.999999 0.000261825 1 0.000246471 0.999929 0.183061 0.0627407 0.634212
105.34 1 0.00749323 1.5996e-05 0.0947744 0.000388366 0.0975082 0.999999 0.00702738 6.8309e-05 0.0913073 0.0062047 0.0796034 0.999063 0.0147304 0.390434 0.0360174 0.973407 0.0197746 0.918212 0.0147948 0.999908 0.0119081 0.999965 0.0112119 0.544247 0.00596599 0.999995 0.00177361 0.999985 0.00151535 0.0750938 0.00328829 0.999999 0.00026782 1 0.000251512 0.999937 0.155019 0.060044 0.668657
105.38 1 0.00750383 1.72604e-05 0.0948745 0.000383888 0.0976605 0.999999 0.00705517 4.10811e-05 0.0914741 0.00369617 0.0818646 0.99914 0.0140417 0.317847 0.0401566 0.964179 0.0197078 0.920754 0.0149558 0.999883 0.0121002 0.999961 0.0114377 0.550511 0.00613271 0.999995 0.00186119 0.999985 0.0015908 0.0841143 0.00329977 0.999999 0.000274527 1 0.000257249 0.999943 0.130431 0.057591 0.701691
105.42 1 0.00751385 1.95383e-05 0.094967 0.00039138 0.0977958 1 0.00708872 2.43918e-05 0.0916669 0.00213406 0.0838783 0.999213 0.0133934 0.251539 0.04479 0.951689 0.0196656 0.923533 0.0151055 0.999848 0.0122899 0.999956 0.0116611 0.556493 0.00629897 0.999994 0.00194861 0.999985 0.00166645 0.0937 0.00331333 0.999999 0.000282 1 0.000263732 0.999949 0.109254 0.0553663 0.732697
105.46 1 0.00752334 2.3204e-05 0.0950527 0.000411609 0.097917 1 0.00712587 1.43408e-05 0.0918821 0.00119684 0.0856706 0.999281 0.0127942 0.192821 0.0498337 0.934706 0.0196736 0.926589 0.0152446 0.9998 0.0124794 0.999949 0.0118838 0.562376 0.00646377 0.999994 0.00203586 0.999984 0.00174232 0.103816 0.00332918 0.999999 0.00029029 1 0.000271009 0.999953 0.0912951 0.0533584 0.761229
105.5 1 0.00753234 2.88944e-05 0.095132 0.000446407 0.098026 1 0.00716486 8.38188e-06 0.0921149 0.000654113 0.087268 0.999345 0.0122455 0.142649 0.0551618 0.911575 0.0197641 0.929946 0.0153738 0.999731 0.0126711 0.999941 0.0121075 0.568359 0.00662605 0.999994 0.00212316 0.999984 0.0018186 0.114425 0.00334749 0.999999 0.000299451 1 0.000279135 0.999958 0.0762603 0.0515593 0.787029
105.54 1 0.00754088 3.76773e-05 0.0952057 0.000498888 0.0981244 1 0.00720431 4.8936e-06 0.0923604 0.000349873 0.0886943 0.999407 0.0117419 0.101522 0.0606092 0.88019 0.0199788 0.933609 0.0154941 0.999632 0.0128676 0.99993 0.0123342 0.574639 0.00678483 0.999993 0.00221097 0.999984 0.00189571 0.125493 0.00336845 0.999999 0.000309543 1 0.000288162 0.999961 0.0637982 0.0499646 0.810015
105.58 1 0.00754903 5.1347e-05 0.0952742 0.000573833 0.0982133 1 0.00724315 2.8695e-06 0.0926137 0.000184106 0.0899701 0.999466 0.0112721 0.0693616 0.0659822 0.838143 0.0203712 0.937561 0.0156067 0.999486 0.0130715 0.999915 0.0125654 0.581395 0.00693922 0.999993 0.00229994 0.999984 0.00197423 0.136989 0.00339222 0.999999 0.000320626 1 0.00029815 0.999964 0.0535424 0.0485726 0.830249
105.62 1 0.00755682 7.29496e-05 0.0953377 0.000678265 0.0982934 1 0.00728051 1.69991e-06 0.0928701 9.58745e-05 0.0911121 0.999523 0.0108205 0.0454625 0.0710791 0.783176 0.0210099 0.941763 0.0157126 0.999269 0.0132855 0.999897 0.0128027 0.588776 0.00708858 0.999993 0.00239097 0.999983 0.00205492 0.148887 0.00341895 0.999999 0.000332769 1 0.000309161 0.999967 0.0451406 0.047384 0.847895
105.66 1 0.00756432 0.000107719 0.0953965 0.000822299 0.0983649 1 0.00731573 1.02352e-06 0.0931251 4.97281e-05 0.0921334 0.999576 0.01037 0.0286139 0.0757153 0.714042 0.0219791 0.946158 0.0158131 0.998939 0.0135124 0.999871 0.0130472 0.596886 0.00723253 0.999992 0.00248507 0.999983 0.00213868 0.161165 0.00344878 0.999999 0.000346045 1 0.000321265 0.999969 0.0382732 0.0464007 0.863177
105.7 1 0.00757161 0.000164758 0.0954507 0.00102038 0.0984277 1 0.00734821 6.30009e-07 0.093375 2.58604e-05 0.093044 0.999626 0.00990751 0.0173357 0.0797461 0.631585 0.0233745 0.950672 0.0159091 0.998428 0.0137546 0.999836 0.0132996 0.605787 0.00737109 0.999991 0.0025834 0.999982 0.00222652 0.173804 0.00348182 0.999999 0.000360538 1 0.000334538 0.999971 0.0326615 0.0456256 0.876352
105.74 1 0.00757882 0.000260069 0.0954999 0.00129305 0.0984812 1 0.00737749 3.98595e-07 0.0936161 1.35712e-05 0.0938519 0.999672 0.00942958 0.0101439 0.0830816 0.539526 0.025292 0.955222 0.0160015 0.997626 0.0140147 0.999788 0.0135601 0.6155 0.00750464 0.99999 0.00268715 0.999982 0.00231948 0.186785 0.0035182 0.999999 0.000376339 1 0.000349066 0.999972 0.0280701 0.045062 0.887677
105.78 1 0.00758611 0.000422035 0.0955433 0.00166943 0.098524 1 0.00740323 2.60443e-07 0.0938453 7.23115e-06 0.0945636 0.999714 0.00894557 0.00575849 0.0856922 0.44392 0.0278089 0.959721 0.0160909 0.996348 0.014295 0.999721 0.0138281 0.626009 0.00763388 0.999989 0.00279754 0.999981 0.00241866 0.200092 0.00355801 0.999999 0.00039355 1 0.000364942 0.999974 0.0243038 0.0447133 0.897399
105.82 1 0.00759374 0.000701337 0.0955793 0.00219078 0.0985543 1 0.00742532 1.76444e-07 0.09406 3.93416e-06 0.0951849 0.999752 0.00847498 0.00318782 0.0876059 0.351553 0.0309616 0.964087 0.0161773 0.994281 0.014598 0.999623 0.0141029 0.637263 0.00775983 0.999988 0.00291577 0.99998 0.00252514 0.213709 0.00360137 0.999999 0.000412283 1 0.000382269 0.999975 0.0212036 0.044583 0.905744
105.86 1 0.00760213 0.00118882 0.0956047 0.0029154 0.0985692 1 0.00744388 1.24328e-07 0.0942581 2.19647e-06 0.0957217 0.999786 0.00804065 0.00173026 0.0888977 0.268177 0.0347286 0.968251 0.0162596 0.990899 0.0149271 0.999482 0.014383 0.649193 0.00788372 0.999986 0.003043 0.999979 0.00263998 0.227626 0.00364839 0.999999 0.000432662 1 0.000401161 0.999976 0.0186411 0.0446753 0.912912
105.9 1 0.00761193 0.00204743 0.0956132 0.00392532 0.0985645 1 0.00745927 9.13184e-08 0.0944383 1.26382e-06 0.0961804 0.999815 0.00766173 0.000925802 0.0896753 0.197416 0.0390214 0.972153 0.0163349 0.985311 0.0152877 0.999272 0.0146667 0.661721 0.0080069 0.999983 0.00318033 0.999977 0.00276421 0.241834 0.00369917 0.999999 0.000454822 1 0.000421746 0.999976 0.0165132 0.0449947 0.919079
105.94 1 0.00762423 0.00356861 0.0955938 0.00533549 0.0985347 1 0.00747202 7.00117e-08 0.0946002 7.52035e-07 0.0965682 0.999841 0.00734974 0.000490897 0.0900618 0.140582 0.0436914 0.975753 0.0163963 0.976033 0.01569 0.998958 0.0149517 0.674757 0.00813076 0.99998 0.00332882 0.999976 0.00289884 0.256336 0.00375383 0.999999 0.000478918 0.999999 0.000444165 0.999977 0.0147377 0.0455462 0.924394
105.98 1 0.00764079 0.00626939 0.0955261 0.00730589 0.0984719 1 0.00748271 5.60583e-08 0.0947438 4.64016e-07 0.0968929 0.999862 0.00710799 0.000259224 0.0901789 0.0971266 0.048551 0.979022 0.0164314 0.960656 0.0161532 0.998482 0.0152354 0.6882 0.00825665 0.999977 0.00348944 0.999974 0.00304482 0.271137 0.00381245 0.999998 0.000505121 0.999999 0.00046858 0.999977 0.0132488 0.0463355 0.928987
106.02 1 0.0076646 0.0110531 0.0953737 0.0100573 0.0983663 1 0.00749197 4.68688e-08 0.0948703 2.97407e-07 0.0971629 0.999881 0.00693317 0.000136949 0.0901351 0.0653272 0.0534046 0.981947 0.0164186 0.935496 0.0167124 0.997755 0.0155142 0.701938 0.00838583 0.999972 0.00366308 0.999972 0.00320307 0.286237 0.00387514 0.999998 0.000533625 0.999999 0.000495171 0.999977 0.0119941 0.0473687 0.932965
106.06 1 0.00770057 0.0194569 0.0950728 0.013891 0.0982049 1 0.00750035 4.08837e-08 0.0949807 1.98211e-07 0.0973866 0.999897 0.00681768 7.26816e-05 0.0900183 0.0429371 0.0580789 0.984528 0.0163251 0.895519 0.0174278 0.996637 0.0157835 0.715852 0.00851938 0.999965 0.00385049 0.99997 0.00337438 0.301629 0.00394201 0.999998 0.000564643 0.999999 0.000524142 0.999977 0.0109317 0.0486528 0.93642
106.1 1 0.00775686 0.0339796 0.0945155 0.019212 0.0979722 1 0.00750833 3.71595e-08 0.0950768 1.37392e-07 0.0975723 0.99991 0.00675168 3.88855e-05 0.0898929 0.0276819 0.0624452 0.986779 0.0161074 0.835297 0.0183951 0.994914 0.016037 0.729836 0.00865814 0.999956 0.00405227 0.999967 0.00355946 0.317279 0.00401322 0.999998 0.000598407 0.999999 0.000555711 0.999977 0.010028 0.0501954 0.939429
106.14 1 0.00784652 0.0583767 0.0935283 0.0265551 0.0976501 1 0.00751634 3.51341e-08 0.0951601 9.90006e-08 0.0977278 0.999921 0.00672469 2.10367e-05 0.0898015 0.0175802 0.066429 0.988717 0.0157219 0.751639 0.0197509 0.992259 0.0162668 0.743792 0.00880258 0.999945 0.00426884 0.999964 0.00375888 0.333117 0.00408897 0.999998 0.000635154 0.999999 0.000590107 0.999977 0.0092561 0.0520046 0.942058
106.18 1 0.00798959 0.0975537 0.0918569 0.03661 0.0972193 1 0.00752483 3.44929e-08 0.0952324 7.40768e-08 0.09786 0.999931 0.00672679 1.15384e-05 0.0897677 0.0110468 0.0700055 0.990369 0.015147 0.64721 0.0216616 0.988183 0.0164648 0.757639 0.00895283 0.999929 0.00450047 0.99996 0.00397312 0.349032 0.00416957 0.999998 0.000675113 0.999999 0.000627551 0.999977 0.00859414 0.05409 0.944362
106.22 1 0.0082142 0.156368 0.0891836 0.0502367 0.0966597 1 0.00753425 3.51016e-08 0.0952952 5.74694e-08 0.0979754 0.999938 0.00674925 6.4299e-06 0.0898006 0.00689706 0.0731883 0.991765 0.0144069 0.531784 0.0242887 0.981973 0.0166263 0.771331 0.00910878 0.999908 0.00474728 0.999955 0.00420254 0.364879 0.00425542 0.999997 0.000718487 0.999999 0.000668242 0.999976 0.00802452 0.0564628 0.946387
106.26 1 0.00855453 0.236798 0.0852179 0.0683952 0.0959502 1 0.00754518 3.7135e-08 0.0953503 4.63059e-08 0.0980795 0.999945 0.00678501 3.63752e-06 0.0898993 0.0042903 0.076014 0.992935 0.013572 0.41833 0.0277387 0.972614 0.0167555 0.784869 0.00927023 0.999877 0.00500937 0.999948 0.00444746 0.380514 0.00434698 0.999997 0.000765433 0.999999 0.00071234 0.999976 0.00753296 0.0591514 0.948172
106.3 1 0.00904294 0.334866 0.0798687 0.0920378 0.0950645 1 0.00755822 4.12129e-08 0.0953994 3.89674e-08 0.0981776 0.999951 0.00682879 2.07891e-06 0.0900571 0.00265986 0.0785274 0.993912 0.012729 0.317145 0.0320233 0.95871 0.0168704 0.798279 0.0094371 0.999834 0.00528697 0.99994 0.00470834 0.395852 0.0044447 0.999997 0.000816073 0.999999 0.000759971 0.999975 0.00710786 0.0622107 0.949752
106.34 1 0.00969798 0.440753 0.0733899 0.122029 0.093961 1 0.0075739 4.84641e-08 0.0954442 3.44387e-08 0.0982743 0.999956 0.0068769 1.19338e-06 0.0902642 0.00164186 0.0807718 0.994726 0.011945 0.233251 0.0370471 0.938442 0.0170041 0.81158 0.00960952 0.99977 0.00558054 0.99993 0.0049857 0.410878 0.00454885 0.999997 0.000870514 0.999999 0.000811251 0.999974 0.00673987 0.0657113 0.951154
106.38 1 0.010516 0.543154 0.0663405 0.159027 0.0925709 1 0.00759249 6.07586e-08 0.095486 3.20663e-08 0.0983737 0.999961 0.00692694 6.8605e-07 0.09051 0.00100825 0.0827838 0.995409 0.011252 0.167229 0.0426209 0.909639 0.0172043 0.824767 0.00978785 0.999676 0.00589077 0.999917 0.00528019 0.425644 0.00465955 0.999996 0.000928884 0.999999 0.000866313 0.999973 0.00642143 0.0697258 0.952405
106.42 1 0.0114726 0.634018 0.0593581 0.203311 0.0907993 1 0.0076139 8.14297e-08 0.0955249 3.15282e-08 0.0984791 0.999965 0.00697732 3.94854e-07 0.0907846 0.000615244 0.0845925 0.995985 0.010651 0.117208 0.0484939 0.870051 0.0175302 0.837795 0.00997256 0.999535 0.0062186 0.999899 0.00559245 0.440251 0.00477664 0.999996 0.000991365 0.999999 0.000925343 0.999972 0.00614644 0.0743367 0.953525
106.46 0.999999 0.0125318 0.710036 0.0529344 0.254568 0.0885464 1 0.00763767 1.16412e-07 0.0955596 3.29008e-08 0.0985926 0.999969 0.00702696 2.28639e-07 0.091079 0.000371673 0.0862202 0.996477 0.0101239 0.0804018 0.0543929 0.817913 0.0180505 0.850581 0.0101642 0.999321 0.00656503 0.999875 0.00592296 0.454828 0.00489982 0.999995 0.00105822 0.999998 0.000988602 0.999971 0.00591001 0.0796632 0.954535
106.5 0.999999 0.0136564 0.771393 0.0473307 0.311806 0.0857419 1 0.00766316 1.76854e-07 0.0955871 3.6547e-08 0.0987152 0.999973 0.00707501 1.3391e-07 0.0913854 0.00022179 0.0876845 0.996902 0.00964597 0.0540078 0.060059 0.752753 0.0188403 0.863025 0.0103632 0.998993 0.00693108 0.999844 0.00627191 0.469496 0.00502867 0.999995 0.0011298 0.999998 0.00105644 0.99997 0.00570834 0.08583 0.955451
106.54 0.999999 0.0148136 0.819976 0.0426135 0.373427 0.0823749 1 0.00768962 2.84109e-07 0.0956033 4.32271e-08 0.0988466 0.999976 0.00712078 7.97449e-08 0.0916971 0.000130711 0.0889993 0.997272 0.00919635 0.0355384 0.065276 0.676067 0.0199765 0.87503 0.0105698 0.998487 0.00731769 0.999801 0.00663912 0.484356 0.00516274 0.999994 0.00120656 0.999998 0.00112931 0.999968 0.00553847 0.0929601 0.956289
106.58 0.999998 0.0159762 0.858121 0.038731 0.43745 0.0785056 0.999999 0.00771632 4.79723e-07 0.0956035 5.43576e-08 0.0989855 0.999979 0.00716368 4.85465e-08 0.0920082 7.61809e-05 0.0901758 0.997596 0.00876352 0.0229211 0.0698876 0.591396 0.02153 0.886513 0.0107842 0.997698 0.00772578 0.999743 0.00702403 0.499475 0.00530168 0.999993 0.00128903 0.999998 0.00120773 0.999966 0.00539822 0.101177 0.957061
106.62 0.999998 0.0171211 0.88801 0.0355776 0.501803 0.0742557 0.999999 0.00774263 8.45818e-07 0.0955835 7.24508e-08 0.0991301 0.999981 0.00720329 3.03687e-08 0.0923138 4.40238e-05 0.0912239 0.997882 0.00834694 0.0145022 0.0738057 0.503617 0.0235569 0.897408 0.0110058 0.996462 0.00815629 0.999662 0.00742572 0.514893 0.00544523 0.999992 0.00137783 0.999997 0.00129232 0.999964 0.00528607 0.110598 0.957779
106.66 0.999997 0.0182278 0.911467 0.0330343 0.564599 0.0697834 0.999999 0.00776799 1.54674e-06 0.0955403 1.01911e-07 0.0992779 0.999983 0.00723935 1.96123e-08 0.0926095 2.53178e-05 0.0921526 0.998136 0.00795426 0.00901006 0.0770079 0.417804 0.0260887 0.907665 0.0112338 0.994518 0.00861032 0.99955 0.00784291 0.530632 0.0055933 0.999991 0.00147364 0.999997 0.00138377 0.999961 0.00520103 0.121335 0.958455
106.7 0.999996 0.0192775 0.929935 0.0309891 0.624313 0.0652545 0.999999 0.00779194 2.91442e-06 0.095472 1.50483e-07 0.0994265 0.999985 0.00727182 1.31268e-08 0.0928922 1.4554e-05 0.0929706 0.99836 0.00759645 0.00550584 0.0795286 0.338067 0.0291243 0.917249 0.0114666 0.991453 0.00908947 0.999391 0.00827401 0.546691 0.00574593 0.999989 0.0015772 0.999997 0.00148282 0.999958 0.00514268 0.133479 0.959097
106.74 0.999995 0.0202534 0.944533 0.0293447 0.679851 0.0608178 0.999999 0.00781411 5.62297e-06 0.0953786 2.31853e-07 0.0995733 0.999986 0.00730088 9.13377e-09 0.0931592 8.40399e-06 0.0936868 0.998559 0.00728314 0.00331611 0.0814436 0.267098 0.032627 0.926138 0.0117013 0.986613 0.00959648 0.999166 0.00871709 0.563051 0.00590328 0.999987 0.0016893 0.999996 0.00159029 0.999954 0.00511105 0.1471 0.959715
106.78 0.999993 0.0211414 0.956114 0.0280203 0.730514 0.0565908 0.999998 0.00783422 1.1044e-05 0.095261 3.70336e-07 0.0997159 0.999988 0.0073268 6.62146e-09 0.0934091 4.89914e-06 0.0943102 0.998734 0.00702031 0.00197322 0.0828529 0.206243 0.0365246 0.934325 0.0119329 0.978981 0.0101365 0.998841 0.00916993 0.579673 0.00606562 0.999984 0.00181079 0.999996 0.00170704 0.999949 0.00510661 0.162236 0.960316
106.82 0.999991 0.021931 0.965332 0.0269499 0.775938 0.0526551 0.999998 0.0078521 2.19634e-05 0.0951214 6.09217e-07 0.0998523 0.999989 0.00734996 5.00781e-09 0.093641 2.89737e-06 0.0948503 0.998888 0.00680991 0.00116302 0.083865 0.155778 0.0407149 0.941811 0.0121537 0.967015 0.0107189 0.998372 0.00962991 0.596507 0.00623333 0.999981 0.00194252 0.999995 0.00183399 0.999944 0.00513022 0.178885 0.960907
106.86 0.999988 0.0226153 0.972687 0.0260809 0.816013 0.0490589 0.999997 0.00786764 4.40126e-05 0.0949626 1.02546e-06 0.0999805 0.99999 0.00737079 3.9533e-09 0.0938549 1.74618e-06 0.0953165 0.999023 0.00665051 0.000680852 0.084584 0.115212 0.0450753 0.948607 0.0123513 0.948482 0.0113606 0.997689 0.0100939 0.613486 0.00640682 0.999976 0.00208537 0.999994 0.00197207 0.999937 0.00518315 0.197 0.961495
106.9 0.999985 0.0231915 0.978562 0.0253712 0.850826 0.0458228 0.999997 0.00788083 8.84842e-05 0.0947878 1.75528e-06 0.100099 0.99999 0.00738966 3.25687e-09 0.0940513 1.07666e-06 0.0957183 0.99914 0.00653826 0.000397004 0.0851021 0.0835481 0.0494762 0.954731 0.0125079 0.920391 0.0120897 0.99669 0.0105582 0.630532 0.00658651 0.99997 0.00224022 0.999993 0.00212224 0.99993 0.00526698 0.216489 0.962083
106.94 0.999981 0.0236605 0.983254 0.0247873 0.880602 0.0429467 0.999996 0.00789175 0.000177782 0.0945998 3.03776e-06 0.100207 0.999991 0.00740694 2.79775e-09 0.0942311 6.81391e-07 0.0960648 0.999242 0.00646779 0.000231225 0.0854951 0.0595109 0.0537962 0.960208 0.0125994 0.879264 0.0129512 0.995227 0.0110183 0.647565 0.00677281 0.999962 0.00240789 0.999992 0.00228541 0.99992 0.00538367 0.237215 0.962678
106.98 0.999976 0.0240264 0.986997 0.0243029 0.905677 0.0404164 0.999995 0.00790057 0.000355766 0.0944007 5.28785e-06 0.100303 0.999992 0.00742292 2.50262e-09 0.0943955 4.43777e-07 0.0963642 0.99933 0.00643288 0.000134879 0.0858211 0.0417231 0.0579348 0.965073 0.0125979 0.822068 0.0140116 0.993082 0.0114685 0.664513 0.00696599 0.999951 0.00258917 0.999991 0.00246251 0.999909 0.00553544 0.258999 0.963282
107.02 0.999969 0.0242961 0.989973 0.0238969 0.926459 0.0382089 0.999994 0.00790761 0.000706982 0.0941911 9.21553e-06 0.100388 0.999992 0.00743783 2.32696e-09 0.0945459 2.97985e-07 0.0966244 0.999406 0.00642702 7.89988e-05 0.086122 0.0288619 0.0618203 0.969362 0.0124786 0.74786 0.0153597 0.989949 0.0119029 0.681326 0.00716616 0.999937 0.00278479 0.999989 0.0026544 0.999895 0.00572484 0.281634 0.963899
107.06 0.99996 0.0244785 0.992328 0.023553 0.943407 0.036296 0.999993 0.00791341 0.00139151 0.0939682 1.60161e-05 0.100461 0.999992 0.00745186 2.24431e-09 0.0946836 2.06538e-07 0.0968519 0.999472 0.00644386 4.65724e-05 0.0864249 0.019756 0.065412 0.973118 0.0122311 0.659297 0.0171 0.985394 0.0123158 0.697966 0.00737323 0.999917 0.00299543 0.999987 0.00286196 0.999878 0.00595468 0.304889 0.964532
107.1 0.99995 0.0245841 0.994181 0.0232581 0.957006 0.0346477 0.999991 0.00791885 0.00270629 0.0937237 2.76657e-05 0.100524 0.999992 0.00746511 2.24012e-09 0.09481 1.47855e-07 0.0970528 0.999528 0.00647759 2.76997e-05 0.0867455 0.0134228 0.0686964 0.976386 0.0118682 0.562695 0.0193366 0.978823 0.012704 0.714413 0.007587 0.999891 0.00322175 0.999984 0.00308603 0.999858 0.00622806 0.328532 0.965182
107.14 0.999936 0.0246241 0.995628 0.0230022 0.967744 0.0332335 0.999989 0.00792543 0.00518885 0.0934394 4.73693e-05 0.100577 0.999993 0.0074777 2.30828e-09 0.0949262 1.09325e-07 0.0972318 0.999577 0.00652319 1.66568e-05 0.0870909 0.00907983 0.0716808 0.979216 0.0114252 0.466028 0.0221496 0.969457 0.0130699 0.730667 0.00780724 0.999853 0.00346441 0.999981 0.00332748 0.999832 0.0065483 0.352331 0.965849
107.18 0.999918 0.0246101 0.996748 0.0227772 0.976087 0.0320243 0.999987 0.00793571 0.00978292 0.0930801 8.02202e-05 0.100626 0.999993 0.00748969 2.44926e-09 0.0950335 8.34589e-08 0.0973929 0.999619 0.0065766 1.01465e-05 0.0874617 0.0061326 0.0743846 0.981656 0.0109481 0.37621 0.025574 0.95632 0.0134236 0.746739 0.00803378 0.999801 0.00372411 0.999976 0.00358721 0.999801 0.00691897 0.37607 0.966535
107.22 0.999896 0.0245531 0.997606 0.0225773 0.982471 0.0309925 0.999984 0.00795403 0.0180787 0.0925823 0.000134152 0.100674 0.999993 0.00750116 2.66941e-09 0.0951329 6.57271e-08 0.0975395 0.999655 0.00663468 6.27218e-06 0.0878552 0.00414666 0.0768326 0.983756 0.0104778 0.297445 0.0295866 0.93826 0.0137842 0.762614 0.00826664 0.999727 0.00400165 0.99997 0.00386617 0.999762 0.00734388 0.399557 0.967238
107.26 0.999868 0.0244637 0.998257 0.0223976 0.987284 0.0301129 0.999981 0.00798759 0.0326 0.0918385 0.000221281 0.100732 0.999993 0.00751223 2.98097e-09 0.0952254 5.33379e-08 0.0976742 0.999687 0.00669509 3.9407e-06 0.0882663 0.00281359 0.0790501 0.985561 0.0100404 0.231269 0.0341056 0.914042 0.0141793 0.778247 0.00850605 0.99962 0.00429788 0.999961 0.00416528 0.999715 0.00782702 0.422631 0.967958
107.3 0.999832 0.0243516 0.998744 0.0222345 0.990862 0.0293623 0.999977 0.00804784 0.0569931 0.0906794 0.000359781 0.100815 0.999993 0.00752306 3.40295e-09 0.0953122 4.45371e-08 0.0977992 0.999714 0.00675615 2.51978e-06 0.0886894 0.00191953 0.0810603 0.987115 0.00964593 0.177387 0.0389994 0.882532 0.014644 0.793569 0.00875243 0.999465 0.00461363 0.99995 0.00448537 0.999656 0.00837262 0.445162 0.968693
107.34 0.999786 0.0242253 0.999104 0.0220854 0.993487 0.0287198 0.999973 0.00815167 0.0957494 0.0888662 0.000576479 0.100947 0.999993 0.0075339 3.9628e-09 0.0953945 3.82005e-08 0.0979163 0.999737 0.00681662 1.64154e-06 0.0891187 0.0013189 0.0828836 0.988457 0.00929273 0.134538 0.0441034 0.842974 0.0152184 0.808493 0.00900629 0.999241 0.00494969 0.999935 0.00482703 0.999582 0.00898507 0.467054 0.969441
107.38 0.999727 0.0240921 0.999368 0.0219483 0.995391 0.0281664 0.999969 0.0083213 0.152918 0.0861166 0.000910503 0.101166 0.999993 0.00754512 4.6992e-09 0.095474 3.35921e-08 0.0980275 0.999757 0.00687557 1.09039e-06 0.0895488 0.00091385 0.0845371 0.989618 0.00897282 0.101086 0.0492402 0.795291 0.0159454 0.822924 0.00926813 0.998914 0.00530675 0.999914 0.00519059 0.999492 0.00966896 0.48825 0.9702
107.42 0.999652 0.0239585 0.999558 0.0218215 0.996756 0.0276848 0.999964 0.0085808 0.229638 0.0821937 0.00141741 0.101516 0.999992 0.0075572 5.68037e-09 0.0955529 3.02841e-08 0.0981346 0.999774 0.0069323 7.37978e-07 0.0899747 0.000638888 0.0860354 0.990627 0.00867702 0.0753558 0.0542393 0.740266 0.0168681 0.836781 0.00953831 0.998435 0.00568536 0.999884 0.00557605 0.999379 0.0104291 0.508703 0.970966
107.46 0.999557 0.0238293 0.999694 0.0217039 0.997725 0.0272593 0.999959 0.00894811 0.321865 0.0770507 0.00217343 0.10205 0.999992 0.00757065 7.03465e-09 0.0956339 2.80746e-08 0.0982397 0.999789 0.00698626 5.07652e-07 0.0903922 0.000450461 0.087391 0.991507 0.00839823 0.0558011 0.0589544 0.679502 0.0180265 0.850011 0.00981693 0.997732 0.00608601 0.999843 0.00598301 0.99924 0.0112703 0.528367 0.971738
107.5 0.999435 0.0237082 0.99979 0.0215946 0.998408 0.0268767 0.999953 0.00942531 0.421038 0.0709317 0.00328441 0.102805 0.999992 0.00758589 8.95582e-09 0.0957201 2.67963e-08 0.098345 0.999803 0.00703708 3.54306e-07 0.0907976 0.000320115 0.0886147 0.992278 0.00813309 0.0410968 0.0632742 0.615239 0.0194549 0.862574 0.0101037 0.996697 0.00650917 0.999784 0.00641082 0.999068 0.0121976 0.54724 0.972511
107.54 0.999281 0.0235968 0.999857 0.0214928 0.998887 0.0265264 0.999947 0.00999383 0.517661 0.0643195 0.00489498 0.103791 0.999992 0.00760313 1.17936e-08 0.0958148 2.64063e-08 0.0984527 0.999816 0.00708451 2.49869e-07 0.0911879 0.000228829 0.0897164 0.992957 0.00788195 0.0301347 0.067128 0.549907 0.0211783 0.874446 0.0103979 0.995174 0.00695539 0.9997 0.00685846 0.998855 0.0132159 0.565335 0.973282
107.58 0.999084 0.0234954 0.999903 0.0213975 0.999221 0.0262006 0.999941 0.0106185 0.604893 0.0577518 0.00720222 0.104978 0.999992 0.00762225 1.61473e-08 0.0959203 2.69302e-08 0.0985645 0.999828 0.00712845 1.77444e-07 0.0915609 0.000164189 0.0907049 0.993559 0.00764754 0.0220163 0.0704851 0.485748 0.0232105 0.885608 0.0106983 0.992932 0.00742541 0.999578 0.00732463 0.998593 0.0143306 0.582677 0.974049
107.62 0.998836 0.0234029 0.999935 0.021308 0.999454 0.0258943 0.999934 0.0112579 0.679681 0.0516471 0.0104752 0.106297 0.999991 0.00764283 2.30161e-08 0.0960379 2.843e-08 0.0986815 0.99984 0.00716891 1.26758e-07 0.0919147 0.000118097 0.0915892 0.994097 0.00743351 0.0160346 0.0733496 0.424562 0.0255522 0.896046 0.0110029 0.98964 0.00792046 0.9994 0.00780768 0.99827 0.0155467 0.599302 0.974808
107.66 0.998523 0.0233176 0.999957 0.0212231 0.999616 0.0256042 0.999928 0.0118754 0.741831 0.0462381 0.0150775 0.107646 0.999991 0.00766433 3.41113e-08 0.0961671 3.1039e-08 0.098804 0.999851 0.00720601 9.11258e-08 0.0922482 8.50949e-05 0.0923776 0.994582 0.00724308 0.0116474 0.0757526 0.367545 0.028191 0.905754 0.0113087 0.984826 0.00844256 0.999138 0.0083056 0.997873 0.0168696 0.615248 0.975556
107.7 0.998129 0.0232378 0.999971 0.0211417 0.999729 0.0253286 0.999921 0.0124455 0.792617 0.041597 0.0214909 0.108911 0.99999 0.00768616 5.24005e-08 0.096306 3.49828e-08 0.0989314 0.999862 0.00723994 6.60217e-08 0.092561 6.14225e-05 0.0930784 0.995022 0.00707826 0.00844209 0.0777427 0.315375 0.0311022 0.914735 0.0116114 0.97783 0.00899529 0.998749 0.00881608 0.997385 0.0183046 0.630551 0.976291
107.74 0.997636 0.0231621 0.999981 0.0210624 0.999808 0.0250661 0.999914 0.0129556 0.833788 0.0376945 0.0303377 0.109969 0.99999 0.0077078 8.30663e-08 0.0964513 4.06064e-08 0.0990628 0.999873 0.00727093 4.83073e-08 0.092853 4.44359e-05 0.0936998 0.995423 0.0069397 0.0061082 0.0793776 0.268345 0.0342503 0.923 0.0119047 0.967759 0.00958465 0.99817 0.00933647 0.996788 0.0198573 0.645244 0.977009
107.78 0.997021 0.0230897 0.999987 0.0209838 0.999863 0.0248154 0.999907 0.0134055 0.867055 0.0344516 0.0423901 0.110698 0.999989 0.00772886 1.35197e-07 0.0965987 4.84138e-08 0.0991965 0.999883 0.00729923 3.5779e-08 0.0931244 3.22497e-05 0.0942498 0.995791 0.00682691 0.0044138 0.0807175 0.226486 0.0375911 0.930569 0.0121801 0.95345 0.0102204 0.997302 0.00986385 0.996058 0.0215327 0.659357 0.977709
107.82 0.996258 0.0230202 0.999992 0.0209044 0.999902 0.0245754 0.999899 0.0138038 0.893898 0.0317748 0.0585542 0.110977 0.999988 0.00774906 2.2475e-07 0.0967436 5.9126e-08 0.0993309 0.999892 0.00732511 2.68849e-08 0.0933758 2.35079e-05 0.094736 0.996128 0.00673855 0.00318683 0.0818196 0.189656 0.041074 0.937468 0.012426 0.933489 0.0109175 0.996001 0.0103951 0.995167 0.0233362 0.672916 0.978387
107.86 0.995315 0.0229536 0.999994 0.0208226 0.99993 0.0243444 0.999891 0.0141654 0.915534 0.0295732 0.0798078 0.11069 0.999987 0.00776826 3.79741e-07 0.0968807 7.37667e-08 0.0994645 0.999901 0.0073488 2.05351e-08 0.0936082 1.72327e-05 0.0951657 0.996437 0.00667276 0.00230028 0.0827354 0.157606 0.0446449 0.943728 0.0126281 0.906322 0.0116982 0.994046 0.0109271 0.994082 0.0252728 0.685947 0.979042
107.9 0.994155 0.0228904 0.999996 0.0207367 0.99995 0.0241206 0.999882 0.014509 0.932944 0.0277668 0.107075 0.109731 0.999985 0.00778641 6.49262e-07 0.097005 9.37882e-08 0.0995958 0.999908 0.00737054 1.59678e-08 0.0938226 1.272e-05 0.0955457 0.996721 0.00662738 0.00166082 0.0835096 0.130017 0.0482489 0.949383 0.0127699 0.870514 0.0125932 0.991113 0.0114568 0.992766 0.0273472 0.698476 0.979672
107.94 0.992734 0.022831 0.999998 0.0206448 0.999964 0.0239021 0.999872 0.0148541 0.946918 0.0262885 0.141035 0.108011 0.999984 0.00780356 1.11914e-06 0.0971114 1.21257e-07 0.0997238 0.999915 0.00739055 1.26529e-08 0.0940201 9.46463e-06 0.0958823 0.996981 0.00660012 0.00120016 0.0841787 0.106523 0.0518339 0.954473 0.0128343 0.825166 0.0136427 0.986727 0.011982 0.991175 0.029564 0.710529 0.980274
107.98 0.991003 0.0227763 0.999998 0.020545 0.999974 0.0236862 0.999862 0.0152195 0.958097 0.0250834 0.181901 0.105476 0.999982 0.00781977 1.93903e-06 0.0971948 1.59128e-07 0.0998474 0.999922 0.00740902 1.02222e-08 0.094202 7.10565e-06 0.0961812 0.997219 0.00658864 0.000868541 0.0847723 0.0867285 0.0553527 0.959036 0.0128075 0.77038 0.014895 0.980212 0.0125024 0.989256 0.0319276 0.722133 0.980846
108.02 0.988904 0.022727 0.999999 0.0204349 0.999981 0.0234703 0.999851 0.0156202 0.967003 0.0241068 0.229226 0.102122 0.99998 0.00783514 3.36777e-06 0.0972508 2.11931e-07 0.0999662 0.999927 0.00742613 8.42751e-09 0.0943693 5.3815e-06 0.0964474 0.997437 0.00659064 0.000629746 0.0853131 0.0702174 0.0587654 0.963113 0.0126821 0.707566 0.0164031 0.970638 0.0130204 0.986952 0.0344418 0.733314 0.981388
108.06 0.986372 0.0226837 0.999999 0.0203123 0.999986 0.0232512 0.999838 0.016066 0.974068 0.0233224 0.281829 0.0980132 0.999978 0.00784977 5.84588e-06 0.0972755 2.87404e-07 0.10008 0.999932 0.00744203 7.10977e-09 0.0945234 4.10111e-06 0.0966854 0.997636 0.00660389 0.000457473 0.0858179 0.0565716 0.0620407 0.966743 0.0124596 0.639333 0.0182179 0.956793 0.0135441 0.984198 0.0371104 0.744101 0.981897
108.1 0.983331 0.0226469 1 0.0201743 0.99999 0.0230256 0.999824 0.0165594 0.979648 0.0226999 0.337976 0.0932796 0.999976 0.0078637 1.01246e-05 0.097266 3.974e-07 0.100188 0.999937 0.00745684 6.1447e-09 0.0946654 3.14155e-06 0.0968993 0.997817 0.00662632 0.000332957 0.086299 0.0453919 0.0651554 0.969965 0.0121505 0.568939 0.0203811 0.937205 0.0140884 0.980922 0.0399366 0.754522 0.982371
108.14 0.979699 0.0226169 1 0.0200179 0.999992 0.0227895 0.999809 0.017096 0.984039 0.0222137 0.395692 0.0881046 0.999973 0.00787693 1.74804e-05 0.0972209 5.60436e-07 0.10029 0.999941 0.00747068 5.44166e-09 0.0947964 2.41817e-06 0.0970924 0.997983 0.006656 0.000242783 0.0867645 0.0363015 0.0680943 0.972819 0.0117708 0.499564 0.0229164 0.910297 0.0146778 0.977047 0.0429236 0.764613 0.982808
108.18 0.975386 0.0225937 1 0.0198398 0.999994 0.0225387 0.999793 0.0176649 0.987482 0.0218416 0.453102 0.082696 0.999971 0.00788942 3.00721e-05 0.09714 8.05829e-07 0.100386 0.999944 0.00748363 4.93696e-09 0.0949173 1.87055e-06 0.0972676 0.998135 0.00669119 0.000177354 0.0872193 0.0289565 0.0708485 0.975344 0.011338 0.433744 0.0258242 0.874698 0.0153466 0.972486 0.0460741 0.774407 0.983207
108.22 0.970293 0.0225768 1 0.0196364 0.999996 0.0222686 0.999775 0.0182515 0.990177 0.0215636 0.508671 0.0772553 0.999968 0.00790106 5.15351e-05 0.0970246 1.18027e-06 0.100476 0.999948 0.00749579 4.58651e-09 0.0950292 1.45475e-06 0.0974276 0.998274 0.00673034 0.000129794 0.0876662 0.0230519 0.0734145 0.977576 0.0108683 0.37315 0.0290781 0.829715 0.0161379 0.967152 0.0493907 0.783944 0.983565
108.26 0.964316 0.0225656 1 0.0194036 0.999997 0.0219743 0.999756 0.0188394 0.992282 0.0213622 0.561316 0.0719533 0.999965 0.00791173 8.79569e-05 0.0968772 1.75834e-06 0.10056 0.99995 0.0075072 4.36037e-09 0.0951328 1.13833e-06 0.0975742 0.998401 0.00677207 9.51692e-05 0.0881061 0.0183241 0.0757925 0.979549 0.0103765 0.318651 0.0326252 0.775809 0.0170998 0.960952 0.0528758 0.793262 0.98388
108.3 0.957344 0.0225591 1 0.0191375 0.999998 0.0216505 0.999735 0.0194131 0.993926 0.0212216 0.610384 0.0669174 0.999961 0.00792132 0.000149465 0.096701 2.6593e-06 0.100637 0.999953 0.00751793 4.23889e-09 0.0952289 8.97091e-07 0.0977094 0.998517 0.00681517 6.99266e-05 0.0885386 0.0145506 0.0779857 0.981297 0.00987726 0.270483 0.0363906 0.714783 0.0182799 0.953793 0.0565319 0.802401 0.98415
108.34 0.949258 0.0225564 1 0.018834 0.999998 0.0212919 0.999711 0.0199593 0.99521 0.021128 0.655568 0.0622301 0.999958 0.00792975 0.000252775 0.0964995 4.07358e-06 0.100708 0.999955 0.00752802 4.21018e-09 0.0953182 7.12812e-07 0.0978345 0.998623 0.00685865 5.15014e-05 0.0889626 0.0115467 0.0799993 0.982846 0.0093858 0.228463 0.0402844 0.649487 0.0197186 0.945582 0.0603613 0.811399 0.984372
108.38 0.939941 0.0225559 1 0.0184889 0.999999 0.0208933 0.999686 0.0204677 0.996214 0.0210694 0.696805 0.0579346 0.999954 0.00793701 0.000425239 0.0962761 6.30422e-06 0.100771 0.999958 0.0075375 4.26844e-09 0.0954013 5.71726e-07 0.0979506 0.99872 0.00690169 3.80362e-05 0.0893765 0.0091603 0.0818402 0.984223 0.00891739 0.192165 0.0442123 0.583147 0.0214429 0.936233 0.0643663 0.820294 0.984542
108.42 0.929276 0.0225562 1 0.0180984 0.999999 0.0204498 0.999658 0.0209314 0.997 0.0210356 0.734187 0.0540441 0.99995 0.00794317 0.000711149 0.096033 9.83086e-06 0.100826 0.99996 0.0075464 4.41306e-09 0.0954785 4.63418e-07 0.0980588 0.998809 0.00694373 2.81829e-05 0.0897785 0.00726759 0.0835164 0.985451 0.00848554 0.161052 0.048085 0.518635 0.0234638 0.925666 0.0685492 0.829117 0.984659
108.46 0.917152 0.0225555 1 0.0176594 0.999999 0.0199569 0.999627 0.0213462 0.997617 0.0210181 0.767888 0.0505507 0.999945 0.00794842 0.00118139 0.0957713 1.5407e-05 0.100875 0.999961 0.00755476 4.64819e-09 0.0955505 3.8001e-07 0.0981597 0.998891 0.00698437 2.09617e-05 0.0901668 0.00576822 0.0850367 0.986549 0.00810007 0.134543 0.0518269 0.458017 0.0257753 0.913812 0.0729122 0.837895 0.984716
108.5 0.903448 0.0225519 1 0.0171693 0.999999 0.0194112 0.999592 0.0217107 0.998102 0.0210101 0.798124 0.0474336 0.99994 0.00795311 0.00194788 0.0954894 2.42048e-05 0.100916 0.999963 0.0075626 4.9826e-09 0.0956175 3.15552e-07 0.0982542 0.998965 0.00702338 1.56599e-05 0.0905401 0.00458157 0.0864111 0.987535 0.00776628 0.11207 0.0553809 0.402464 0.0283568 0.900619 0.0774571 0.84665 0.984711
108.54 0.888044 0.0225434 1 0.0166264 1 0.0188099 0.999553 0.0220249 0.998485 0.021006 0.825127 0.0446646 0.999935 0.00795779 0.00318452 0.0951826 3.8028e-05 0.10095 0.999964 0.00756996 5.43001e-09 0.09568 2.6555e-07 0.0983426 0.999032 0.00706066 1.17589e-05 0.0908972 0.00364299 0.0876496 0.988424 0.00748517 0.0930988 0.0587094 0.352405 0.0311764 0.886049 0.0821853 0.855394 0.984638
108.58 0.870833 0.0225276 1 0.0160301 1 0.0181515 0.999509 0.0222905 0.998788 0.0210014 0.849132 0.0422128 0.999929 0.00796334 0.00515663 0.0948409 5.96184e-05 0.10098 0.999965 0.00757688 6.00984e-09 0.0957382 2.2662e-07 0.0984255 0.999094 0.00709618 8.88052e-06 0.0912375 0.00290081 0.0887632 0.989227 0.00725448 0.077142 0.0617928 0.307774 0.0341949 0.870089 0.0870977 0.864131 0.984491
108.62 0.851723 0.022502 1 0.0153811 1 0.0174363 0.999458 0.0225101 0.999028 0.0209929 0.870369 0.0400467 0.999922 0.00797104 0.00826008 0.0944471 9.30876e-05 0.101005 0.999967 0.00758338 6.74836e-09 0.0957925 1.96212e-07 0.0985032 0.99915 0.00712994 6.74978e-06 0.0915605 0.00231386 0.0897624 0.989957 0.00706989 0.0637637 0.0646262 0.268222 0.0373692 0.85275 0.092194 0.872851 0.984263
108.66 0.830642 0.0224638 1 0.0146818 1 0.0166658 0.9994 0.0226866 0.999219 0.0209779 0.889065 0.0381358 0.999915 0.00798278 0.0130693 0.093974 0.000144515 0.10103 0.999967 0.00758953 7.68025e-09 0.0958432 1.7241e-07 0.0985762 0.999202 0.00716201 5.1664e-06 0.0918663 0.00184947 0.0906579 0.990621 0.00692606 0.0525807 0.0672154 0.233283 0.0406548 0.834068 0.0974722 0.881536 0.983948
108.7 0.807525 0.02241 1 0.013936 1 0.015844 0.999333 0.0228236 0.999372 0.0209547 0.905438 0.0364516 0.999908 0.0080013 0.0203875 0.0933808 0.000222752 0.101059 0.999968 0.00759539 8.85064e-09 0.0958907 1.5377e-07 0.0986447 0.999248 0.00719242 3.98469e-06 0.092155 0.00148181 0.09146 0.991229 0.00681741 0.0432595 0.069573 0.202466 0.0440089 0.814104 0.102929 0.890155 0.983535
108.74 0.782329 0.0223372 1 0.0131494 1 0.0149761 0.999255 0.0229248 0.999494 0.0209217 0.919705 0.0349679 0.999899 0.0080304 0.0312838 0.0926095 0.000340489 0.101097 0.999969 0.00760104 1.03178e-08 0.0959353 1.39198e-07 0.0987092 0.999291 0.00722122 3.09853e-06 0.0924271 0.00119046 0.0921784 0.991786 0.0067386 0.03551 0.0717159 0.175315 0.0473908 0.792945 0.108556 0.898667 0.983014
108.78 0.755061 0.022242 1 0.0123292 1 0.0140697 0.999163 0.0229938 0.999591 0.0208782 0.93207 0.0336606 0.99989 0.00807523 0.0470848 0.0915824 0.000515644 0.101153 0.99997 0.00760659 1.21572e-08 0.0959776 1.27868e-07 0.0987702 0.99933 0.00724849 2.43044e-06 0.092683 0.000959266 0.092822 0.9923 0.00668476 0.0290838 0.0736624 0.151416 0.0507632 0.770703 0.114346 0.907024 0.982374
108.82 0.725767 0.0221204 1 0.0114842 1 0.0131339 0.999053 0.0230344 0.99967 0.0208234 0.942729 0.0325079 0.999881 0.00814237 0.0692737 0.0902032 0.000773162 0.101239 0.99997 0.00761217 1.44671e-08 0.0960182 1.19156e-07 0.098828 0.999365 0.00727426 1.92377e-06 0.0929235 0.000775493 0.0933992 0.992774 0.00665161 0.0237694 0.0754314 0.130398 0.0540926 0.747509 0.120285 0.915176 0.981602
108.86 0.694535 0.0219684 1 0.0106247 1 0.0121796 0.998922 0.0230503 0.999733 0.0207571 0.95187 0.03149 0.99987 0.00823968 0.0992484 0.0883647 0.0011473 0.101368 0.99997 0.00761796 1.73759e-08 0.0960579 1.12588e-07 0.0988834 0.999397 0.00729861 1.53709e-06 0.0931491 0.000629127 0.0939174 0.993212 0.00663545 0.0193867 0.0770408 0.111937 0.0573499 0.723514 0.126357 0.923069 0.980682
108.9 0.661492 0.0217819 1 0.00976152 1 0.0112187 0.998763 0.0230449 0.999784 0.020679 0.959666 0.0305889 0.999859 0.0083756 0.137932 0.0859668 0.0016845 0.101558 0.999971 0.00762416 2.10535e-08 0.0960976 1.07808e-07 0.0989369 0.999426 0.00732158 1.23998e-06 0.0933606 0.000512289 0.0943835 0.993619 0.00663314 0.015782 0.0785074 0.0957516 0.0605104 0.698878 0.13254 0.93065 0.979596
108.94 0.626789 0.021557 1 0.00890616 1 0.0102635 0.998571 0.0230215 0.999826 0.0205892 0.966283 0.0297882 0.999846 0.00855783 0.185284 0.0829442 0.00244535 0.101827 0.999971 0.00763101 2.57785e-08 0.0961385 1.04741e-07 0.0989895 0.999453 0.00734324 1.00924e-06 0.0935588 0.000418687 0.0948034 0.993997 0.00664201 0.0128252 0.0798463 0.0815949 0.0635535 0.673769 0.138812 0.937871 0.978324
108.98 0.590591 0.0212901 1 0.0080696 1 0.0093262 0.998335 0.0229829 0.999859 0.0204878 0.971872 0.0290733 0.999833 0.00879131 0.239993 0.0792977 0.00350683 0.102191 0.999971 0.00763871 3.19901e-08 0.0961821 1.03475e-07 0.0990421 0.999478 0.00736366 8.27815e-07 0.0937443 0.000343355 0.0951825 0.994347 0.00665984 0.0104067 0.0810712 0.0692552 0.0664626 0.648349 0.145143 0.944685 0.976845
109.02 0.553123 0.0209784 1 0.00726204 1 0.00841826 0.998043 0.0229318 0.999886 0.0203747 0.976574 0.0284309 0.999819 0.00907646 0.299653 0.0751122 0.00496738 0.10266 0.999971 0.00764745 4.03012e-08 0.0962296 1.04033e-07 0.0990957 0.999502 0.00738289 6.83824e-07 0.0939181 0.000282464 0.0955256 0.994673 0.00668478 0.00843318 0.0821942 0.0585426 0.069225 0.622778 0.151505 0.951056 0.975131
109.06 0.514671 0.0206197 1 0.00649259 1 0.00754999 0.997679 0.0228701 0.999908 0.0202503 0.980515 0.0278497 0.999804 0.00940832 0.361312 0.0705478 0.0069512 0.10323 0.999971 0.00765733 5.16167e-08 0.0962826 1.06496e-07 0.0991513 0.999524 0.007401 5.68482e-07 0.0940808 0.00023301 0.0958368 0.994976 0.00671527 0.00682593 0.0832261 0.0492813 0.0718313 0.597211 0.157864 0.956957 0.973155
109.1 0.475562 0.0202122 1 0.00576889 1 0.00673024 0.997224 0.0227992 0.999926 0.0201143 0.983808 0.0273194 0.999788 0.00977708 0.422142 0.065807 0.00961056 0.103886 0.999971 0.00766834 6.74289e-08 0.0963419 1.11194e-07 0.0992098 0.999546 0.00741806 4.74615e-07 0.0942333 0.000192534 0.0961199 0.995258 0.00675001 0.00551905 0.0841763 0.0413136 0.0742757 0.571788 0.164187 0.962372 0.970884
109.14 0.436155 0.0197553 1 0.00509685 1 0.00596603 0.996648 0.0227202 0.999941 0.0199668 0.986555 0.0268315 0.999771 0.01017 0.479976 0.0610919 0.0131316 0.104597 0.99997 0.0076804 9.00221e-08 0.0964081 1.18536e-07 0.0992719 0.999568 0.00743412 3.97444e-07 0.0943762 0.00015921 0.096378 0.995522 0.0067879 0.00445763 0.0850531 0.0344938 0.0765554 0.546638 0.170441 0.967297 0.968283
109.18 0.396842 0.0192493 1 0.00448046 1 0.0052623 0.995916 0.0226338 0.999952 0.0198074 0.988843 0.0263785 0.999753 0.0105736 0.533509 0.0565691 0.0177401 0.105316 0.999969 0.00769331 1.22878e-07 0.0964812 1.29028e-07 0.0993379 0.99959 0.00744925 3.33731e-07 0.0945103 0.00013168 0.0966141 0.99577 0.006828 0.0035963 0.0858641 0.0286855 0.0786703 0.521873 0.176595 0.971735 0.965312
109.22 0.358033 0.0186957 1 0.00392179 1 0.00462191 0.99498 0.0225406 0.999962 0.0196357 0.990746 0.0259537 0.999734 0.0109765 0.582198 0.0523535 0.0237046 0.105987 0.999969 0.00770684 1.71385e-07 0.0965603 1.43358e-07 0.0994079 0.999612 0.0074635 2.81076e-07 0.0946363 0.000108901 0.0968305 0.996003 0.00686952 0.00289783 0.0866155 0.023762 0.080623 0.497589 0.18262 0.9757 0.961927
109.26 0.320147 0.0180975 1 0.00342113 1 0.00404568 0.993777 0.0224411 0.999969 0.0194508 0.992328 0.0255509 0.999713 0.0113703 0.626043 0.0485079 0.0313375 0.106548 0.999967 0.00772076 2.43944e-07 0.0966441 1.62456e-07 0.0994816 0.999634 0.00747693 2.37601e-07 0.0947548 9.00504e-05 0.0970295 0.996223 0.00691177 0.00233186 0.0873131 0.0196074 0.0824178 0.473868 0.188493 0.979212 0.958081
109.3 0.283591 0.017459 1 0.00297715 1 0.00353263 0.992223 0.022336 0.999976 0.0192516 0.993644 0.0251641 0.99969 0.0117507 0.665357 0.0450537 0.0409912 0.106932 0.999966 0.00773484 3.53703e-07 0.0967305 1.87588e-07 0.0995584 0.999655 0.00748959 2.01778e-07 0.0948663 7.44672e-05 0.0972128 0.996432 0.0069542 0.0018737 0.0879616 0.0161178 0.0840612 0.450778 0.194194 0.982299 0.953723
109.34 0.248751 0.0167858 1 0.00258724 1 0.00308024 0.990209 0.0222264 0.999981 0.0190363 0.994738 0.0247871 0.999664 0.0121167 0.700596 0.0419834 0.0530474 0.107073 0.999964 0.00774889 5.21321e-07 0.0968171 2.20461e-07 0.0996377 0.999676 0.00750151 1.7233e-07 0.0949713 6.16067e-05 0.0973821 0.99663 0.0069963 0.00150331 0.0885653 0.0131998 0.0855605 0.428374 0.199713 0.984991 0.948797
109.38 0.215968 0.0160847 1 0.00224778 1 0.00268484 0.98759 0.0221133 0.999985 0.0188026 0.995647 0.0244131 0.999636 0.0124709 0.732244 0.0392728 0.0678965 0.10691 0.999962 0.00776277 7.79322e-07 0.0969012 2.63385e-07 0.0997188 0.999696 0.00751275 1.48173e-07 0.0950702 5.10144e-05 0.0975388 0.996818 0.0070377 0.00120434 0.0891279 0.0107708 0.0869242 0.406697 0.205044 0.987323 0.943243
109.42 0.185529 0.0153635 1 0.00195451 1 0.00234191 0.984179 0.0219983 0.999988 0.0185472 0.996402 0.0240346 0.999603 0.0128177 0.760751 0.0368892 0.0859072 0.106384 0.99996 0.00777638 1.17899e-06 0.09698 3.19476e-07 0.0998009 0.999714 0.00752334 1.2839e-07 0.0951635 4.23072e-05 0.097684 0.996997 0.00707806 0.000963477 0.0896525 0.0087579 0.0881612 0.385782 0.210192 0.989329 0.936998
109.46 0.157656 0.0146308 1 0.0017028 1 0.00204647 0.979738 0.0218832 0.99999 0.0182658 0.997029 0.0236427 0.999566 0.0131632 0.786506 0.0347979 0.107385 0.105447 0.999957 0.00778965 1.80125e-06 0.0970505 3.92959e-07 0.0998832 0.999732 0.00753332 1.12207e-07 0.0952514 3.51613e-05 0.0978189 0.997168 0.00711713 0.000769828 0.0901419 0.00709732 0.0892807 0.365651 0.21517 0.991044 0.929996
109.5 0.132492 0.0138954 1 0.00148793 1 0.00179334 0.973964 0.0217701 0.999992 0.0179529 0.997549 0.0232274 0.999523 0.0135137 0.809832 0.0329649 0.132528 0.104063 0.999954 0.00780256 2.7738e-06 0.0971099 4.89565e-07 0.0999651 0.999748 0.00754273 9.89757e-08 0.0953343 2.93033e-05 0.0979442 0.997329 0.00715473 0.000614477 0.0905985 0.00573347 0.0902918 0.346322 0.220001 0.992503 0.922166
109.54 0.110103 0.0131658 1 0.00130529 1 0.00157741 0.96648 0.0216616 0.999994 0.0176015 0.99798 0.0227766 0.999474 0.0138754 0.830988 0.0313592 0.161377 0.10221 0.99995 0.00781508 4.29805e-06 0.0971555 6.17087e-07 0.100046 0.999763 0.00755159 8.81589e-08 0.0954125 2.45031e-05 0.0980608 0.997482 0.00719069 0.000490122 0.0910245 0.00461823 0.0912036 0.327804 0.224714 0.993738 0.913436
109.58 0.0904782 0.0124505 1 0.00115054 1 0.00139382 0.956836 0.0215603 0.999995 0.0172029 0.998336 0.0222766 0.999417 0.0142535 0.850183 0.029953 0.193787 0.0998881 0.999946 0.00782721 6.68984e-06 0.0971848 7.86593e-07 0.100125 0.999777 0.00755994 7.93488e-08 0.0954861 2.0561e-05 0.0981694 0.997627 0.00722493 0.000390774 0.0914218 0.00371018 0.0920249 0.310098 0.229353 0.994778 0.903731
109.62 0.0735252 0.0117568 1 0.0010197 1 0.00123804 0.944493 0.0214691 0.999996 0.0167472 0.998631 0.0217117 0.99935 0.0146517 0.867575 0.0287218 0.22939 0.0971189 0.999941 0.00783895 1.04365e-05 0.0971958 1.01531e-06 0.100203 0.99979 0.00756779 7.23034e-08 0.0955556 1.72952e-05 0.0982707 0.997763 0.00725738 0.00031151 0.0917922 0.002974 0.0927637 0.293196 0.233967 0.995651 0.892973
109.66 0.0591012 0.0110911 1 0.00090919 1 0.00110601 0.928845 0.0213908 0.999997 0.0162231 0.998875 0.0210651 0.999272 0.0150713 0.883301 0.0276441 0.267635 0.0939479 0.999936 0.00785028 1.62929e-05 0.0971866 1.32746e-06 0.100278 0.999802 0.00757519 6.67619e-08 0.095621 1.45779e-05 0.0983651 0.997891 0.00728801 0.000248332 0.0921372 0.00237945 0.093428 0.277084 0.238615 0.996381 0.881083
109.7 0.0470171 0.0104585 1 0.000815862 1 0.000994101 0.909255 0.0213278 0.999998 0.0156193 0.999075 0.0203196 0.999181 0.0155116 0.89748 0.0267008 0.307854 0.0904409 0.99993 0.00786118 2.54244e-05 0.097156 1.75741e-06 0.100351 0.999813 0.00758215 6.24866e-08 0.0956826 1.23122e-05 0.0984532 0.998011 0.00731682 0.000198014 0.0924583 0.00190087 0.094025 0.261751 0.243368 0.996989 0.86798
109.74 0.0370446 0.00986271 1 0.000736995 1 0.000899165 0.885128 0.0212816 0.999998 0.0149258 0.999241 0.0194598 0.999073 0.0159699 0.910224 0.0258749 0.349333 0.0866784 0.999924 0.0078716 3.96189e-05 0.0971035 2.35436e-06 0.10042 0.999823 0.00758869 5.92835e-08 0.0957406 1.04207e-05 0.0985355 0.998124 0.00734382 0.000157958 0.0927571 0.00151674 0.0945614 0.247182 0.248303 0.997495 0.853582
109.78 0.0289267 0.00930613 1 0.00067025 1 0.000818476 0.855984 0.0212519 0.999999 0.0141361 0.999377 0.018475 0.998945 0.0164417 0.921639 0.0251507 0.391374 0.0827476 0.999917 0.0078815 6.16023e-05 0.0970288 3.18871e-06 0.100487 0.999833 0.00759484 5.69995e-08 0.0957952 8.84062e-06 0.0986123 0.99823 0.00736905 0.000126087 0.0930346 0.00120921 0.0950434 0.233359 0.253509 0.997915 0.837805
109.82 0.0224098 0.00878996 1 0.000613643 1 0.000749706 0.821567 0.0212355 0.999999 0.0132499 0.999489 0.0173624 0.998792 0.0169211 0.931827 0.0245139 0.433357 0.0787346 0.99991 0.00789081 9.54979e-05 0.0969322 4.36103e-06 0.10055 0.999841 0.00760061 5.55148e-08 0.0958466 7.5199e-06 0.0986841 0.998328 0.00739257 0.000100737 0.0932923 0.000963536 0.0954766 0.220263 0.259083 0.998263 0.820566
109.86 0.0172478 0.00831427 1 0.000565504 1 0.000690887 0.781946 0.0212255 0.999999 0.0122752 0.999581 0.0161299 0.998608 0.0174019 0.94089 0.0239516 0.474775 0.0747184 0.999901 0.00789947 0.000147492 0.0968146 6.01444e-06 0.100609 0.999849 0.00760603 5.47372e-08 0.0958949 6.41524e-06 0.0987511 0.99842 0.00741443 8.05759e-05 0.0935313 0.000767624 0.0958661 0.207877 0.265133 0.998551 0.801782
109.9 0.0132007 0.0078782 1 0.000524434 1 0.000640365 0.737586 0.0212103 0.999999 0.0112295 0.999656 0.0147984 0.998385 0.0178776 0.948926 0.0234516 0.515243 0.0707656 0.999892 0.00790744 0.00022678 0.0966768 8.35148e-06 0.100664 0.999857 0.0076111 5.45969e-08 0.0959402 5.49053e-06 0.0988136 0.998506 0.00743471 6.45425e-05 0.0937527 0.000611629 0.0962165 0.196176 0.27178 0.998789 0.781372
109.94 0.0100592 0.00748017 1 0.000489267 1 0.000596754 0.689309 0.0211737 0.999999 0.0101394 0.999717 0.0134011 0.998111 0.0183421 0.956031 0.023003 0.554487 0.0669287 0.999882 0.00791469 0.000346888 0.0965197 1.16568e-05 0.100714 0.999863 0.00761586 5.50418e-08 0.0959828 4.71553e-06 0.0988721 0.998586 0.00745347 5.17886e-05 0.0939577 0.000487557 0.0965319 0.185136 0.279152 0.998985 0.759256
109.98 0.00764223 0.00711802 1 0.000459033 1 0.000558908 0.638227 0.0210962 1 0.00903755 0.999768 0.0119794 0.997773 0.0187901 0.962296 0.0225961 0.592327 0.0632459 0.999872 0.00792122 0.000527517 0.0963443 1.63277e-05 0.10076 0.99987 0.0076203 5.60331e-08 0.0960228 4.06496e-06 0.0989266 0.99866 0.00747081 4.16385e-05 0.0941472 0.000388955 0.0968159 0.174735 0.287394 0.999148 0.735359
110.02 0.00579828 0.00678922 1 0.000432932 1 0.000525877 0.585537 0.0209566 1 0.00795798 0.999809 0.0105777 0.99735 0.019217 0.967804 0.0222221 0.628648 0.0597422 0.99986 0.00792709 0.000797042 0.0961508 2.29131e-05 0.100802 0.999876 0.00762445 5.75432e-08 0.0960602 3.5177e-06 0.0989775 0.998728 0.00748681 3.35541e-05 0.0943223 0.000310629 0.0970721 0.164951 0.296663 0.999283 0.709617
