50.02 -2.12913 -2.80611 -2.47985 -2.25249 -2.08579 -1.00935 1.0035 2.02742 3.00111 5.072 5.95816 5.84342 5.98545 5.36603 4.14233 3.07338 2.24247 0.688406 -2.00381 -4.34363 -5.70901 -6.07112 -5.56976
50.06 -2.22486 -2.93002 -2.60245 -2.37625 -2.21064 -1.12451 0.911043 1.95976 2.90184 4.84387 5.67488 5.68662 6.07867 5.58199 4.33311 3.24017 2.37432 0.878016 -1.66084 -3.99605 -5.56614 -6.09123 -5.61413
50.1 -2.32378 -3.05762 -2.7289 -2.50356 -2.33842 -1.23842 0.827537 1.90397 2.80534 4.60743 5.37584 5.50804 6.15363 5.79108 4.52323 3.40752 2.50704 1.06443 -1.32593 -3.63913 -5.39212 -6.09254 -5.65722
50.14 -2.42521 -3.18796 -2.8582 -2.63347 -2.46833 -1.35125 0.750777 1.85624 2.70973 4.3659 5.06767 5.31301 6.20836 5.98802 4.71015 3.57499 2.64098 1.24566 -1.0043 -3.28055 -5.17664 -6.06667 -5.70639
50.18 -2.52847 -3.32006 -2.98938 -2.76504 -2.59959 -1.46311 0.678861 1.81342 2.61396 4.12287 4.75692 5.10758 6.24158 6.16704 4.89085 3.74165 2.7758 1.42073 -0.69752 -2.91997 -4.92285 -6.0148 -5.75743
50.22 -2.6329 -3.45305 -3.12152 -2.89742 -2.73151 -1.57409 0.610196 1.77299 2.51756 3.88164 4.44919 4.89685 6.25324 6.32448 5.06245 3.90592 2.91081 1.58905 -0.406402 -2.55852 -4.63578 -5.93674 -5.80591
50.26 -2.73791 -3.58611 -3.25384 -3.02986 -2.86343 -1.6842 0.543542 1.73311 2.42051 3.64514 4.14916 4.68532 6.2443 6.45781 5.22228 4.06611 3.04529 1.75056 -0.130976 -2.19783 -4.32147 -5.83335 -5.84734
50.3 -2.84297 -3.71853 -3.38562 -3.16171 -2.99478 -1.79338 0.478003 1.69257 2.32314 3.41592 3.86068 4.47692 6.2162 6.56529 5.36805 4.22091 3.17875 1.90564 0.129315 -1.83994 -3.98694 -5.70658 -5.87739
50.34 -2.94763 -3.84972 -3.51627 -3.29241 -3.12505 -1.90154 0.412984 1.65065 2.22606 3.19616 3.58681 4.27494 6.17059 6.64579 5.49789 4.36944 3.31102 2.0551 0.375457 -1.48722 -3.63959 -5.55922 -5.89228
50.38 -3.0515 -3.97918 -3.6453 -3.42149 -3.2538 -2.00852 0.348122 1.60706 2.13002 2.98765 3.33003 4.08213 6.10904 6.69848 5.61046 4.51128 3.44216 2.20009 0.60883 -1.14211 -3.28668 -5.3946 -5.88918
50.42 -3.15427 -4.10652 -3.77235 -3.54862 -3.38071 -2.11422 0.28319 1.56177 2.03585 2.7919 3.09232 3.90076 6.03288 6.72254 5.70444 4.64677 3.57318 2.34196 0.83081 -0.806989 -2.93481 -5.21617 -5.86628
50.46 -3.25568 -4.23145 -3.89718 -3.67361 -3.50559 -2.2186 0.218034 1.51492 1.94442 2.61016 2.87533 3.73262 5.94297 6.71689 5.77852 4.77693 3.7059 2.48226 1.04277 -0.483995 -2.58954 -5.0272 -5.82269
50.5 -3.35554 -4.35379 -4.01966 -3.79637 -3.62836 -2.32168 0.152541 1.46674 1.85656 2.44347 2.68034 3.57897 5.8398 6.68035 5.83139 4.9031 3.84251 2.6227 1.24614 -0.174813 -2.25523 -4.83043 -5.75827
50.54 -3.45371 -4.47346 -4.13977 -3.91693 -3.74903 -2.42353 0.0866145 1.41754 1.77304 2.29259 2.50825 3.44043 5.72355 6.61189 5.86158 5.02655 3.98548 2.76496 1.44238 0.119408 -1.93497 -4.62799 -5.67336
50.58 -3.5501 -4.59043 -4.25757 -4.03539 -3.86771 -2.52427 0.0201763 1.36764 1.69449 2.15794 2.35941 3.31682 5.5943 6.51107 5.86761 5.14804 4.13703 2.91073 1.63289 0.39799 -1.63071 -4.4213 -5.56859
50.62 -3.64467 -4.70475 -4.37315 -4.15189 -3.9845 -2.624 -0.0468116 1.31733 1.62138 2.03949 2.23342 3.20713 5.45224 6.37851 5.84832 5.26746 4.29859 3.06131 1.81893 0.660721 -1.34335 -4.21117 -5.44475
50.66 -3.73738 -4.81645 -4.48661 -4.26653 -4.09945 -2.72276 -0.114322 1.26691 1.55393 1.93671 2.12905 3.10961 5.29793 6.2162 5.80332 5.38378 4.47032 3.21735 2.00149 0.907771 -1.07283 -3.9979 -5.30294
50.7 -3.82821 -4.92558 -4.59798 -4.37932 -4.21253 -2.82047 -0.182251 1.21662 1.4921 1.84852 2.04421 3.02201 5.13239 6.02751 5.73335 5.49511 4.65074 3.37887 2.18139 1.13954 -0.818262 -3.78162 -5.14487
50.74 -3.91716 -5.03217 -4.70724 -4.49016 -4.32357 -2.91695 -0.250423 1.16667 1.4356 1.77342 1.97618 2.94193 4.95724 5.81695 5.6404 5.59912 4.83713 3.54491 2.35875 1.35669 -0.577765 -3.56227 -4.97321
50.78 -4.00418 -5.13618 -4.81427 -4.59888 -4.43232 -3.01196 -0.318649 1.11716 1.38395 1.70956 1.92186 2.86708 4.77455 5.58975 5.52754 5.69351 5.02575 3.71389 2.53335 1.5595 -0.349575 -3.33808 -4.79034
50.82 -4.08923 -5.23758 -4.91895 -4.70526 -4.53852 -3.10532 -0.386903 1.06797 1.33639 1.65487 1.87798 2.79541 4.58665 5.35135 5.39863 5.77655 5.21291 3.88408 2.70421 1.7462 -0.135961 -3.09786 -4.59302
50.86 -4.17225 -5.33632 -5.0211 -4.80904 -4.64187 -3.1968 -0.455174 1.01894 1.29212 1.60736 1.84153 2.72541 4.39613 5.10718 5.25812 5.8466 5.39399 4.05307 2.87038 1.91685 0.0665335 -2.83964 -4.38235
50.9 -4.25317 -5.43235 -5.12053 -4.90994 -4.74207 -3.2863 -0.523593 0.969779 1.25037 1.56521 1.80992 2.65603 4.20548 4.862 5.10993 5.90277 5.56546 4.21849 3.03054 2.07119 0.260487 -2.56382 -4.1532
50.94 -4.33195 -5.52562 -5.21707 -5.00772 -4.83887 -3.37373 -0.592395 0.920142 1.21044 1.52695 1.7811 2.58668 4.01694 4.61985 4.95764 5.94478 5.72429 4.37787 3.18335 2.20971 0.448732 -2.26857 -3.90671
50.98 -4.40854 -5.61613 -5.31057 -5.10216 -4.93204 -3.45909 -0.661905 0.86967 1.17179 1.4914 1.75359 2.51714 3.83246 4.38397 4.80428 5.97267 5.868 4.5291 3.32817 2.33427 0.633238 -1.95592 -3.64478
51.02 -4.48293 -5.70389 -5.40092 -5.19305 -5.02138 -3.54244 -0.732532 0.817997 1.13401 1.4578 1.72641 2.4475 3.65363 4.15681 4.6523 5.98674 5.9947 4.6706 3.46516 2.44791 0.814873 -1.63137 -3.36991
51.06 -4.55512 -5.78899 -5.48805 -5.28028 -5.10675 -3.62394 -0.804778 0.764742 1.09687 1.42564 1.69903 2.37805 3.48169 3.94016 4.5036 5.9874 6.10304 4.80139 3.5953 2.55429 0.993387 -1.30297 -3.08592
51.1 -4.62115 -5.8694 -5.57354 -5.36459 -5.18847 -3.70394 -0.879206 0.709595 1.06029 1.39477 1.6713 2.30924 3.31761 3.73526 4.35967 5.97518 6.19218 4.921 3.71993 2.65687 1.16753 -0.979287 -2.79436
51.14 -4.67883 -5.94219 -5.65781 -5.44636 -5.26689 -3.78301 -0.956627 0.652036 1.02414 1.36506 1.64325 2.24157 3.16208 3.54296 4.2216 5.95059 6.26158 5.02936 3.84063 2.75852 1.33551 -0.667999 -2.49522
51.18 -4.73032 -6.00826 -5.7397 -5.52516 -5.34201 -3.86163 -1.03788 0.591421 0.988097 1.33636 1.61494 2.17544 3.01554 3.36378 4.09023 5.91406 6.31084 5.12651 3.95893 2.86138 1.49556 -0.374698 -2.18746
51.22 -4.77698 -6.06905 -5.81893 -5.60096 -5.41406 -3.94031 -1.12364 0.527236 0.951923 1.30858 1.58652 2.11129 2.87834 3.19808 3.96614 5.86594 6.33954 5.21236 4.07607 2.96697 1.64668 -0.10222 -1.87061
51.26 -4.81989 -6.1256 -5.89549 -5.67415 -5.48349 -4.0196 -1.21442 0.459107 0.915394 1.28168 1.55823 2.04956 2.75072 3.04609 3.84977 5.80644 6.34712 5.28645 4.19299 3.07657 1.78925 0.149347 -1.54624
51.3 -4.8608 -6.1744 -5.96661 -5.74707 -5.55194 -4.1006 -1.31073 0.386853 0.878433 1.2558 1.53051 1.99083 2.63302 2.90806 3.74138 5.73579 6.33303 5.34798 4.31013 3.19128 1.92498 0.381949 -1.21817
51.34 -4.90082 -6.21696 -6.03186 -5.81977 -5.6199 -4.1838 -1.41268 0.310297 0.840703 1.23082 1.50362 1.93549 2.52535 2.78399 3.64094 5.65423 6.29689 5.39598 4.42773 3.31231 2.05666 0.598744 -0.891449
51.38 -4.94031 -6.25576 -6.09276 -5.892 -5.68765 -4.26942 -1.52002 0.22947 0.801837 1.20656 1.47772 1.8838 2.42765 2.6736 3.54811 5.56203 6.2387 5.4294 4.54572 3.44086 2.18733 0.803142 -0.571271
51.42 -4.97954 -6.29261 -6.15088 -5.96409 -5.75575 -4.35769 -1.6323 0.144578 0.761502 1.18284 1.45296 1.83592 2.33968 2.57633 3.46224 5.45968 6.15906 5.44737 4.6636 3.57763 2.31972 0.998305 -0.262029
51.46 -5.01881 -6.32898 -6.20762 -6.03659 -5.82486 -4.4488 -1.74889 0.0559237 0.719364 1.15945 1.42946 1.7919 2.26098 2.49132 3.38245 5.3479 6.05926 5.44937 4.78043 3.7227 2.45587 1.18687 0.0331502
51.5 -5.05901 -6.36659 -6.26135 -6.10838 -5.89687 -4.54363 -1.86949 -0.0362498 0.675165 1.13634 1.40744 1.7518 2.19106 2.4175 3.30782 5.22775 5.94127 5.43534 4.89476 3.87527 2.59685 1.37075 0.312424
51.54 -5.1011 -6.40707 -6.31121 -6.1778 -5.97303 -4.64271 -1.99377 -0.131798 0.62852 1.11336 1.38703 1.71555 2.12922 2.35362 3.23735 5.10051 5.80761 5.40579 5.0049 4.03376 2.74293 1.55132 0.575153
51.58 -5.14522 -6.451 -6.3598 -6.24621 -6.05282 -4.74545 -2.12075 -0.230446 0.578914 1.09013 1.36811 1.6828 2.07449 2.29813 3.17 4.96755 5.66113 5.36177 5.10909 4.19612 2.8938 1.72958 0.821743
51.62 -5.1915 -6.49875 -6.40882 -6.31484 -6.13597 -4.85132 -2.24958 -0.331947 0.525858 1.06633 1.35058 1.65316 2.0259 2.24951 3.10485 4.8303 5.50474 5.30465 5.20573 4.36 3.04862 1.90609 1.0532
51.66 -5.24002 -6.55057 -6.45945 -6.38464 -6.2223 -4.95985 -2.37949 -0.436139 0.468842 1.04167 1.33432 1.62624 1.98247 2.2063 3.04114 4.69021 5.34133 5.23607 5.29339 4.52295 3.20615 2.08103 1.27087
51.7 -5.29086 -6.60663 -6.51251 -6.45624 -6.31159 -5.07054 -2.50979 -0.542964 0.407307 1.01581 1.31925 1.60169 1.9433 2.1672 2.9783 4.54866 5.17354 5.15783 5.37095 4.68249 3.36496 2.25435 1.47624
51.74 -5.34433 -6.66723 -6.56878 -6.52875 -6.40276 -5.18336 -2.64028 -0.652607 0.34065 0.988475 1.30535 1.57922 1.90767 2.13118 2.916 4.40694 5.00376 5.07171 5.43763 4.83637 3.5235 2.42577 1.67073
51.78 -5.40083 -6.73291 -6.62919 -6.59957 -6.49298 -5.29883 -2.77129 -0.765598 0.26818 0.959362 1.29263 1.55874 1.8751 2.0975 2.85417 4.26627 4.83408 4.97947 5.49297 4.98255 3.68016 2.59483 1.85558
51.82 -5.46016 -6.8034 -6.69378 -6.67041 -6.58241 -5.41548 -2.90186 -0.881926 0.189178 0.927873 1.28079 1.53986 1.84498 2.06545 2.79267 4.12754 4.6661 4.88267 5.53689 5.11952 3.83361 2.76113 2.03199
51.86 -5.52207 -6.87835 -6.76235 -6.7423 -6.67144 -5.53211 -3.03116 -1.00153 0.103049 0.893395 1.26947 1.52228 1.81684 2.03451 2.73149 3.99147 4.50108 4.78269 5.56955 5.24608 3.98265 2.92429 2.20103
51.9 -5.58628 -6.95738 -6.83462 -6.8158 -6.76028 -5.64776 -3.15853 -1.12426 0.00935775 0.855272 1.25824 1.50572 1.79032 2.00434 2.67073 3.85864 4.34001 4.68072 5.59128 5.36135 4.12621 3.08391 2.36354
51.94 -5.65245 -7.04009 -6.91029 -6.89122 -6.84896 -5.76165 -3.28341 -1.24986 -0.092124 0.812768 1.24653 1.48995 1.7652 1.97477 2.61055 3.72953 4.18361 4.57779 5.60254 5.46467 4.26337 3.23958 2.5202
51.98 -5.72027 -7.12611 -6.98909 -6.96872 -6.93742 -5.87313 -3.40532 -1.37785 -0.201366 0.765023 1.23357 1.47473 1.74139 1.94575 2.55117 3.60451 4.03243 4.47475 5.60387 5.55562 4.39333 3.39094 2.67155
52.02 -5.78942 -7.21506 -7.07077 -7.04835 -7.02555 -5.98166 -3.52384 -1.50754 -0.318053 0.711011 1.21836 1.45983 1.71887 1.91737 2.49287 3.48391 3.8869 4.37237 5.59583 5.63393 4.51544 3.53768 2.81797
52.06 -5.85959 -7.30663 -7.15509 -7.13015 -7.11322 -6.08677 -3.63857 -1.63795 -0.441584 0.649488 1.19959 1.44504 1.69775 1.88982 2.43597 3.368 3.74735 4.27126 5.57903 5.69948 4.62911 3.67951 2.95982
52.1 -5.93044 -7.40048 -7.24189 -7.21414 -7.20031 -6.18808 -3.74921 -1.76788 -0.571098 0.57896 1.17565 1.43012 1.67822 1.86334 2.38082 3.25704 3.61403 4.172 5.55404 5.75221 4.73391 3.81626 3.09735
52.14 -6.00166 -7.49636 -7.33102 -7.30034 -7.2867 -6.2853 -3.85546 -1.89593 -0.705521 0.497713 1.14464 1.41484 1.66059 1.83829 2.32778 3.15127 3.48717 4.07504 5.52142 5.79215 4.82944 3.94777 3.2308
52.18 -6.07295 -7.59404 -7.4224 -7.38878 -7.37228 -6.37817 -3.95714 -2.02061 -0.843626 0.403969 1.10449 1.39891 1.64516 1.81503 2.27724 3.05091 3.36696 3.98079 5.48167 5.81936 4.91541 4.07396 3.36041
52.22 -6.14402 -7.69329 -7.5159 -7.47947 -7.4569 -6.46646 -4.05415 -2.14056 -0.984109 0.296205 1.05321 1.38197 1.63216 1.79388 2.22952 2.95619 3.25359 3.88959 5.43529 5.83397 4.99156 4.19478 3.4864
52.26 -6.21457 -7.79387 -7.6114 -7.57234 -7.54033 -6.54991 -4.14659 -2.25481 -1.12568 0.173593 0.989201 1.36347 1.62162 1.77504 2.18491 2.86728 3.14721 3.80176 5.38277 5.83617 5.05769 4.3102 3.60897
52.3 -6.28434 -7.89555 -7.70869 -7.66722 -7.62223 -6.62823 -4.23468 -2.36299 -1.26716 0.0364184 0.91167 1.34272 1.61321 1.7585 2.14354 2.78432 3.04796 3.71755 5.32462 5.82625 5.11363 4.42018 3.72833
52.34 -6.35306 -7.99804 -7.8075 -7.76382 -7.70212 -6.70104 -4.31888 -2.46551 -1.40755 -0.113725 0.820797 1.31882 1.60623 1.74403 2.10542 2.70735 2.95596 3.63723 5.26143 5.80464 5.15932 4.52465 3.84457
52.38 -6.42121 -8.10183 -7.90811 -7.85646 -7.77656 -6.77042 -4.4018 -2.56414 -1.54568 -0.273558 0.718163 1.29112 1.59993 1.73139 2.07054 2.63647 2.87135 3.56112 5.19392 5.77197 5.19471 4.62337 3.95759
52.42 -6.48884 -8.20699 -8.01098 -7.94369 -7.84253 -6.83635 -4.48462 -2.66085 -1.68113 -0.439494 0.60576 1.25874 1.59328 1.72017 2.03877 2.57163 2.79418 3.48942 5.12286 5.72903 5.21991 4.71614 4.06727
52.46 -6.55568 -8.31324 -8.11591 -8.02632 -7.89964 -6.89781 -4.56647 -2.75651 -1.81431 -0.608187 0.485626 1.22063 1.58512 1.70989 2.00987 2.51266 2.72433 3.42225 5.04897 5.67677 5.23521 4.80277 4.17344
52.5 -6.6216 -8.42038 -8.22218 -8.10472 -7.94839 -6.95503 -4.64464 -2.85015 -1.9464 -0.776809 0.35972 1.17587 1.57453 1.70031 1.98372 2.45945 2.66168 3.3597 4.97308 5.61629 5.24101 4.88303 4.27579
52.54 -6.68763 -8.52921 -8.32005 -8.17401 -7.9925 -7.00928 -4.72317 -2.94474 -2.07493 -0.941159 0.230569 1.12394 1.5609 1.69139 1.96022 2.41178 2.60598 3.30176 4.89597 5.5488 5.2379 4.9567 4.37393
52.58 -6.75433 -8.64071 -8.40938 -8.23055 -8.03079 -7.05976 -4.80379 -3.04245 -2.19947 -1.09866 0.0997969 1.0641 1.54377 1.68325 1.93935 2.36941 2.55682 3.24824 4.81828 5.47548 5.22655 5.02368 4.46754
52.62 -6.82157 -8.74914 -8.49003 -8.27694 -8.06233 -7.10579 -4.88775 -3.14289 -2.31828 -1.24812 -0.0318061 0.995494 1.52276 1.67617 1.92119 2.33212 2.51381 3.19894 4.7406 5.39752 5.20775 5.08392 4.55629
52.66 -6.89148 -8.84428 -8.55537 -8.31791 -8.08825 -7.1481 -4.97671 -3.24394 -2.42871 -1.38894 -0.163781 0.917424 1.49775 1.6706 1.90596 2.29981 2.4766 3.15371 4.66356 5.31613 5.18235 5.13737 4.63979
52.7 -6.95674 -8.92715 -8.60769 -8.35198 -8.10663 -7.18533 -5.06936 -3.34788 -2.53283 -1.51944 -0.295219 0.829736 1.46877 1.66688 1.89376 2.27225 2.44472 3.11227 4.58762 5.23239 5.15123 5.18414 4.71776
52.74 -7.00571 -8.98891 -8.65114 -8.37918 -8.11652 -7.21667 -5.16542 -3.45574 -2.63135 -1.639 -0.425379 0.73274 1.43594 1.66523 1.88462 2.24918 2.41771 3.07432 4.51317 5.14729 5.11525 5.22436 4.79001
52.78 -7.04108 -9.02639 -8.68169 -8.39675 -8.11634 -7.24164 -5.26568 -3.56919 -2.72571 -1.74812 -0.553593 0.627366 1.39949 1.66562 1.87842 2.23028 2.39508 3.03958 4.44053 5.0617 5.07526 5.25825 4.8564
52.82 -7.0632 -9.03978 -8.69723 -8.4025 -8.10437 -7.25931 -5.37068 -3.69057 -2.81537 -1.8459 -0.680087 0.514735 1.3595 1.66766 1.87491 2.21524 2.37643 3.00785 4.37005 4.97646 5.03207 5.28607 4.91681
52.86 -7.07177 -9.0294 -8.69628 -8.39478 -8.07914 -7.26885 -5.48057 -3.8205 -2.90115 -1.93364 -0.804071 0.396897 1.3163 1.67079 1.8737 2.20365 2.36133 2.97893 4.30204 4.89231 4.98647 5.30809 4.97116
52.9 -7.06616 -8.99532 -8.67773 -8.37222 -8.03932 -7.26929 -5.59494 -3.95865 -2.98631 -2.01451 -0.923746 0.276742 1.27046 1.67437 1.87433 2.19506 2.34931 2.95259 4.23669 4.80986 4.93915 5.32466 5.01948
52.94 -7.04554 -8.93726 -8.64045 -8.33344 -7.9836 -7.25968 -5.71376 -4.10574 -3.07302 -2.09068 -1.03796 0.156967 1.22242 1.67762 1.87628 2.189 2.33994 2.92857 4.17413 4.7296 4.89074 5.33613 5.06187
52.98 -7.00898 -8.85467 -8.58329 -8.27717 -7.91078 -7.23917 -5.83724 -4.26273 -3.16312 -2.16405 -1.14589 0.0399814 1.17245 1.67965 1.87908 2.18509 2.33281 2.90666 4.11442 4.65188 4.84175 5.34283 5.09844
53.02 -6.9555 -8.74688 -8.5052 -8.20225 -7.8198 -7.20708 -5.96578 -4.43075 -3.25817 -2.2363 -1.247 -0.0722483 1.1206 1.67954 1.88231 2.183 2.32759 2.88662 4.05756 4.57694 4.79258 5.34508 5.12937
53.06 -6.8841 -8.6132 -8.40518 -8.10766 -7.70983 -7.16284 -6.09993 -4.61104 -3.35961 -2.30893 -1.34106 -0.17832 1.06659 1.67625 1.8856 2.18253 2.32398 2.86824 4.00344 4.50488 4.74352 5.34313 5.15487
53.1 -6.79387 -8.45305 -8.2824 -7.99257 -7.58022 -7.10605 -6.24025 -4.80483 -3.46876 -2.38329 -1.42822 -0.277465 1.00977 1.66858 1.88865 2.18353 2.32178 2.8513 3.95194 4.43568 4.69469 5.33716 5.17511
53.14 -6.68401 -8.26605 -8.13622 -7.85631 -7.43056 -7.03638 -6.38725 -5.01327 -3.58684 -2.46066 -1.50902 -0.369576 0.949105 1.65514 1.89115 2.18596 2.32082 2.8356 3.90282 4.36921 4.64611 5.32726 5.19028
53.18 -6.55386 -8.05206 -7.96613 -7.69833 -7.26056 -6.95345 -6.54121 -5.23771 -3.71607 -2.54066 -1.58307 -0.456035 0.882886 1.63425 1.89268 2.18976 2.32095 2.82096 3.85588 4.30528 4.5977 5.31342 5.2005
53.22 -6.40291 -7.81133 -7.77192 -7.51834 -7.07023 -6.85706 -6.70213 -5.47878 -3.85727 -2.62441 -1.6519 -0.537969 0.809524 1.60423 1.89275 2.19479 2.322 2.80713 3.81083 4.24361 4.54927 5.29555 5.20589
53.26 -6.23088 -7.54451 -7.55368 -7.31634 -6.85988 -6.74698 -6.86918 -5.73604 -4.01077 -2.71444 -1.71846 -0.616687 0.727749 1.56363 1.89071 2.20071 2.32361 2.79379 3.76731 4.18389 4.50058 5.27348 5.20645
53.3 -6.03779 -7.25269 -7.31173 -7.09241 -6.62986 -6.62279 -7.04064 -6.0084 -4.17718 -2.81277 -1.78584 -0.694452 0.636465 1.51124 1.88563 2.20689 2.32532 2.78052 3.72496 4.12578 4.45134 5.24702 5.20221
53.34 -5.82407 -6.93738 -7.04658 -6.84678 -6.38065 -6.48395 -7.21371 -6.29375 -4.35705 -2.9218 -1.85697 -0.773551 0.534754 1.44614 1.87629 2.21235 2.32641 2.76686 3.68343 4.06899 4.40135 5.21598 5.19311
53.38 -5.5906 -6.60053 -6.75903 -6.5798 -6.11281 -6.32986 -7.38455 -6.58897 -4.55067 -3.04381 -1.93453 -0.856293 0.422034 1.36784 1.86121 2.21576 2.32604 2.75228 3.64239 4.01334 4.35047 5.1803 5.17905
53.42 -5.33874 -6.24452 -6.45018 -6.29211 -5.82718 -6.1601 -7.54856 -6.88975 -4.75729 -3.17982 -2.02276 -0.946243 0.298709 1.27665 1.83904 2.21572 2.32327 2.73617 3.6015 3.95866 4.29868 5.13998 5.15995
53.46 -5.07033 -5.87214 -6.12149 -5.98471 -5.52486 -5.9745 -7.7004 -7.19078 -4.97563 -3.33084 -2.12476 -1.04611 0.165115 1.1731 1.80841 2.21079 2.31716 2.71799 3.56049 3.90485 4.24603 5.09518 5.13578
53.5 -4.78771 -5.48653 -5.77493 -5.659 -5.20736 -5.77328 -7.83454 -7.48609 -5.20373 -3.49716 -2.24247 -1.15794 0.0216577 1.05797 1.76807 2.19963 2.30693 2.69727 3.51912 3.85189 4.19271 5.04623 5.10656
53.54 -4.49355 -5.09118 -5.41295 -5.31699 -4.87667 -5.55727 -7.9458 -7.76948 -5.43888 -3.67816 -2.37669 -1.283 -0.131122 0.932154 1.71698 2.18115 2.29199 2.67367 3.47724 3.79979 4.139 4.99362 5.07239
53.58 -4.19078 -4.68979 -5.03856 -4.96131 -4.53532 -5.32791 -8.02986 -8.03492 -5.67773 -3.87226 -2.52706 -1.42172 -0.292467 0.796647 1.65427 2.15453 2.27207 2.64704 3.43476 3.74856 4.0852 4.93795 5.03349
53.62 -3.88243 -4.28617 -4.65526 -4.59521 -4.18641 -5.08729 -8.08363 -8.27698 -5.91645 -4.0771 -2.69218 -1.57364 -0.461327 0.65241 1.57917 2.11925 2.24723 2.61741 3.39165 3.69823 4.03164 4.87992 4.99022
53.66 -3.57152 -3.8841 -4.26688 -4.22241 -3.83338 -4.83799 -8.10549 -8.49117 -6.151 -4.28965 -2.86982 -1.73743 -0.636307 0.500276 1.49088 2.07504 2.2179 2.58506 3.34796 3.64877 3.97859 4.82022 4.94303
53.7 -3.26092 -3.48721 -3.87744 -3.84692 -3.47989 -4.58291 -8.0953 -8.67419 -6.37743 -4.5066 -3.05725 -1.91104 -0.815696 0.34086 1.38853 2.02183 2.1848 2.55042 3.30381 3.60017 3.92628 4.75956 4.89246
53.74 -2.95328 -3.0988 -3.49089 -3.47279 -3.12958 -4.32507 -8.05427 -8.82399 -6.59206 -4.72452 -3.25147 -2.09177 -0.997488 0.174507 1.27116 1.95969 2.14888 2.51412 3.25939 3.55237 3.87487 4.69853 4.83913
53.78 -2.65094 -2.72177 -3.11097 -3.10392 -2.78589 -4.06742 -7.98466 -8.93965 -6.79183 -4.94085 -3.45121 -2.27382 -1.17708 0.000175381 1.13743 1.88845 2.11095 2.47676 3.21493 3.50539 3.82454 4.63776 4.78367
53.82 -2.35591 -2.35848 -2.74093 -2.74374 -2.45181 -3.81266 -7.88966 -9.02178 -6.97435 -5.15228 -3.65237 -2.45492 -1.35375 -0.181278 0.987481 1.80849 2.07181 2.43888 3.17058 3.45914 3.77534 4.57771 4.72675
53.86 -2.06982 -2.01076 -2.38349 -2.39518 -2.12981 -3.56315 -7.77299 -9.07171 -7.13745 -5.35547 -3.85154 -2.63405 -1.52744 -0.368558 0.822722 1.72046 2.03189 2.40078 3.12635 3.41346 3.72729 4.51878 4.669
53.9 -1.79399 -1.67994 -2.04084 -2.06062 -1.82188 -3.3209 -7.63847 -9.09147 -7.27953 -5.54768 -4.04612 -2.81015 -1.69827 -0.560222 0.645746 1.62512 1.99113 2.36246 3.0821 3.36816 3.68034 4.46129 4.61106
53.94 -1.5295 -1.36691 -1.71461 -1.74183 -1.52943 -3.08747 -7.49009 -9.08351 -7.39955 -5.72662 -4.23404 -2.98252 -1.86667 -0.754485 0.460235 1.52351 1.94904 2.32367 3.03755 3.32296 3.63442 4.40547 4.55349
53.98 -1.27714 -1.07215 -1.40591 -1.44009 -1.25343 -2.86409 -7.33138 -9.05077 -7.49724 -5.89063 -4.41375 -3.15077 -2.03327 -0.949354 0.270411 1.41679 1.9049 2.28401 2.99235 3.27756 3.58938 4.35144 4.49674
54.02 -1.03748 -0.795753 -1.11536 -1.15611 -0.994355 -2.65147 -7.16572 -8.99647 -7.57296 -6.03862 -4.58411 -3.31461 -2.19848 -1.1428 0.0803768 1.30613 1.85794 2.24314 2.94623 3.23168 3.54504 4.29922 4.44114
54.06 -0.810852 -0.537535 -0.84316 -0.890136 -0.752235 -2.44988 -6.99598 -8.92394 -7.62772 -6.17013 -4.74439 -3.47375 -2.36227 -1.33291 -0.10644 1.19244 1.80733 2.20086 2.89907 3.18512 3.50119 4.24866 4.38684
54.1 -0.597382 -0.297044 -0.58913 -0.642036 -0.526783 -2.25916 -6.82446 -8.83652 -7.66306 -6.2853 -4.89427 -3.62804 -2.52385 -1.51762 -0.287693 1.07599 1.75213 2.15722 2.85108 3.13787 3.45765 4.19953 4.33384
54.14 -0.397053 -0.0736824 -0.35289 -0.41146 -0.317554 -2.07871 -6.65286 -8.73736 -7.68085 -6.38495 -5.03456 -3.7789 -2.67904 -1.69247 -0.463395 0.95555 1.69076 2.11243 2.80287 3.09026 3.41444 4.15163 4.28201
54.18 -0.209656 0.13335 -0.133743 -0.197698 -0.123762 -1.90722 -6.482 -8.62967 -7.68372 -6.47041 -5.16511 -3.92452 -2.82764 -1.8568 -0.631765 0.8297 1.62155 2.067 2.75542 3.04282 3.37161 4.10464 4.23107
54.22 -0.0348527 0.324944 0.0691361 7.41409e-05 0.055434 -1.74268 -6.31194 -8.51636 -7.67424 -6.54299 -5.28598 -4.06387 -2.96949 -2.0095 -0.791737 0.696211 1.54237 2.02148 2.70995 2.99629 3.32933 4.05831 4.18071
54.26 0.127762 0.50198 0.25656 0.182626 0.220765 -1.5824 -6.14196 -8.40016 -7.65487 -6.60415 -5.39753 -4.19653 -3.10433 -2.14887 -0.942497 0.552493 1.45092 1.97606 2.66749 2.95145 3.28791 4.01251 4.13068
54.3 0.278552 0.664651 0.427458 0.346967 0.366777 -1.43329 -5.93971 -8.26382 -7.64798 -6.66441 -5.50347 -4.32363 -3.23365 -2.2743 -1.08446 0.395382 1.34435 1.92905 2.6273 2.90788 3.24688 3.9668 4.08091
54.34 0.417928 0.813259 0.581209 0.491098 0.48967 -1.29917 -5.69608 -8.08341 -7.64926 -6.74272 -5.61277 -4.44785 -3.35742 -2.38936 -1.22152 0.225166 1.22196 1.87826 2.58758 2.8644 3.20532 3.92052 4.0313
54.38 0.546064 0.948259 0.71824 0.61558 0.590319 -1.17567 -5.42628 -7.84363 -7.63894 -6.84977 -5.73192 -4.57222 -3.47709 -2.49717 -1.35537 0.0449617 1.08546 1.82169 2.54633 2.81996 3.16263 3.87338 3.9818
54.42 0.662671 1.06974 0.838936 0.721682 0.671546 -1.05588 -5.12683 -7.5516 -7.61694 -6.9764 -5.85911 -4.69789 -3.59489 -2.60148 -1.48742 -0.140873 0.937976 1.75757 2.50162 2.77369 3.11842 3.8253 3.9324
54.46 0.767924 1.17838 0.944516 0.811596 0.736909 -0.935648 -4.80287 -7.21648 -7.57635 -7.11269 -5.99383 -4.82653 -3.71322 -2.70554 -1.61866 -0.327948 0.782909 1.68433 2.45168 2.72487 3.07232 3.77618 3.88301
54.5 0.862832 1.27576 1.03719 0.888225 0.789827 -0.815261 -4.46841 -6.86101 -7.49263 -7.23415 -6.14852 -4.9653 -3.83577 -2.81169 -1.7492 -0.512333 0.623282 1.60061 2.3951 2.673 3.02396 3.72573 3.8334
54.54 0.948245 1.36324 1.11888 0.954264 0.833893 -0.695065 -4.13142 -6.49097 -7.36199 -7.33613 -6.31822 -5.1133 -3.96371 -2.92157 -1.87924 -0.691213 0.46137 1.5055 2.33128 2.6183 2.9734 3.67386 3.78327
54.58 1.02526 1.44243 1.19183 1.01273 0.872908 -0.575657 -3.799 -6.11267 -7.18812 -7.41376 -6.49509 -5.2682 -4.09729 -3.03607 -2.00898 -0.863054 0.298417 1.39828 2.26001 2.5613 2.9209 3.6205 3.73229
54.62 1.09518 1.5151 1.25831 1.06639 0.910071 -0.458093 -3.47765 -5.73268 -6.97555 -7.46305 -6.67214 -5.42739 -4.23611 -3.15541 -2.13854 -1.02732 0.1349 1.27851 2.18139 2.50268 2.86682 3.56564 3.68017
54.66 1.15932 1.58293 1.32031 1.11756 0.947836 -0.343349 -3.17221 -5.35637 -6.73012 -7.48222 -6.84287 -5.58781 -4.37914 -3.27944 -2.26766 -1.18393 -0.0292098 1.14626 2.09564 2.44296 2.81149 3.5093 3.62666
54.7 1.21893 1.64742 1.37949 1.16793 0.987876 -0.232156 -2.88582 -4.98798 -6.45868 -7.47144 -7.00151 -5.74631 -4.52556 -3.40903 -2.39367 -1.33131 -0.19511 1.00185 2.00289 2.38231 2.75514 3.45151 3.57163
54.74 1.27523 1.70995 1.43728 1.2189 1.03146 -0.124655 -2.61987 -4.63073 -6.16861 -7.43278 -7.14375 -5.89967 -4.67292 -3.54174 -2.51781 -1.47202 -0.361698 0.847458 1.90386 2.32075 2.69779 3.39215 3.51487
54.78 1.3293 1.77178 1.4949 1.27157 1.07948 -0.0206187 -2.3746 -4.28723 -5.86727 -7.3694 -7.26634 -6.04465 -4.8187 -3.67585 -2.64112 -1.60813 -0.527928 0.685903 1.79943 2.25799 2.63933 3.33105 3.45617
54.82 1.38219 1.83401 1.55337 1.32678 1.13254 0.0804565 -2.14938 -3.95964 -5.56158 -7.28511 -7.36727 -6.17846 -4.96057 -3.80987 -2.76407 -1.74128 -0.692905 0.520173 1.69047 2.19364 2.57955 3.26801 3.39535
54.86 1.43486 1.8977 1.61364 1.38526 1.19108 0.179262 -1.9431 -3.64966 -5.25773 -7.18399 -7.44573 -6.29895 -5.09643 -3.94244 -2.88675 -1.8727 -0.855784 0.353135 1.57787 2.12721 2.51829 3.20289 3.33224
54.9 1.4882 1.96377 1.67652 1.44763 1.25545 0.276592 -1.75432 -3.35858 -4.96093 -7.07006 -7.50193 -6.40462 -5.22457 -4.07231 -3.00901 -2.0032 -1.01579 0.187243 1.46237 2.05823 2.45549 3.13567 3.26676
54.94 1.54303 2.03307 1.74279 1.51445 1.32593 0.373263 -1.58149 -3.08726 -4.67537 -6.94704 -7.53688 -6.49466 -5.34364 -4.19838 -3.13048 -2.13309 -1.17221 0.0243945 1.34442 1.98618 2.39123 3.0665 3.19894
54.98 1.60008 2.10636 1.81311 1.58621 1.40271 0.470046 -1.423 -2.83615 -4.4042 -6.81822 -7.55217 -6.56891 -5.45273 -4.31972 -3.25063 -2.2622 -1.3243 -0.134094 1.22403 1.91042 2.32577 2.99581 3.12897
55.02 1.65998 2.18426 1.88805 1.66329 1.4859 0.567595 -1.27732 -2.6053 -4.14962 -6.68636 -7.54969 -6.62764 -5.55137 -4.43591 -3.36962 -2.38884 -1.4702 -0.288058 1.10039 1.82995 2.2595 2.92431 3.05732
55.06 1.72319 2.26722 1.96803 1.74594 1.5755 0.666438 -1.14304 -2.3944 -3.91295 -6.55366 -7.53151 -6.67172 -5.63964 -4.54679 -3.48722 -2.51089 -1.60803 -0.437571 0.97208 1.74346 2.19285 2.85294 2.98464
55.1 1.79029 2.35561 2.05342 1.8344 1.67151 0.767057 -1.0187 -2.20272 -3.69472 -6.42188 -7.49991 -6.70236 -5.71768 -4.65158 -3.6018 -2.62866 -1.73779 -0.58158 0.838001 1.6497 2.12626 2.78267 2.91166
55.14 1.86147 2.4496 2.1444 1.92873 1.77376 0.869759 -0.90303 -2.0293 -3.49485 -6.29233 -7.45701 -6.72084 -5.78579 -4.74981 -3.71244 -2.74183 -1.85904 -0.719729 0.697095 1.54754 2.05997 2.71435 2.83914
55.18 1.93682 2.5492 2.24101 2.02884 1.88196 0.974643 -0.794934 -1.87304 -3.3128 -6.16597 -7.40482 -6.72841 -5.8443 -4.84119 -3.8186 -2.85051 -1.97094 -0.851293 0.548681 1.43615 1.99366 2.64833 2.76769
55.22 2.0164 2.65423 2.34312 2.13449 1.99563 1.08161 -0.693527 -1.73277 -3.14767 -6.04348 -7.34519 -6.72632 -5.89363 -4.92558 -3.91997 -2.9549 -2.07294 -0.975775 0.393198 1.31554 1.92651 2.58433 2.6976
55.26 2.10008 2.76441 2.45045 2.24532 2.11422 1.19045 -0.598021 -1.60721 -2.99815 -5.9252 -7.27993 -6.71588 -5.93434 -5.00271 -4.01571 -3.05412 -2.16715 -1.09463 0.23325 1.18718 1.8576 2.52155 2.62881
55.3 2.18766 2.87926 2.56261 2.36082 2.23703 1.30079 -0.507824 -1.49515 -2.8626 -5.8112 -7.21073 -6.69833 -5.96686 -5.0724 -4.10538 -3.14816 -2.25544 -1.20869 0.0717733 1.05303 1.78575 2.45884 2.56103
55.34 2.2788 2.99825 2.67906 2.48036 2.36329 1.41214 -0.422515 -1.39545 -2.73901 -5.70116 -7.13922 -6.67486 -5.99174 -5.13462 -4.1888 -3.23729 -2.33937 -1.31853 -0.0883106 0.915241 1.70977 2.39497 2.49387
55.38 2.37313 3.12075 2.79918 2.60327 2.49213 1.5239 -0.341832 -1.30711 -2.62483 -5.5943 -7.06705 -6.64671 -6.00963 -5.18957 -4.26602 -3.32184 -2.42018 -1.42455 -0.24449 0.775745 1.62861 2.32888 2.42703
55.42 2.47019 3.24606 2.92232 2.72878 2.62269 1.63542 -0.26566 -1.22929 -2.51698 -5.48926 -6.99585 -6.6152 -6.02136 -5.23763 -4.33724 -3.40215 -2.49867 -1.52697 -0.394886 0.636061 1.54141 2.25973 2.36032
55.46 2.56968 3.37375 3.04807 2.85638 2.75412 1.74559 -0.195376 -1.16402 -2.41683 -5.37105 -6.91844 -6.59093 -6.03196 -5.28047 -4.40278 -3.47847 -2.57557 -1.62653 -0.538956 0.496672 1.44707 2.18667 2.29353
55.5 2.67155 3.50367 3.17639 2.98583 2.88562 1.85284 -0.133828 -1.11602 -2.3297 -5.20985 -6.81752 -6.59181 -6.05097 -5.32213 -4.46398 -3.55127 -2.65155 -1.72434 -0.677513 0.356839 1.34411 2.1085 2.22615
55.54 2.77514 3.63492 3.3063 3.11611 3.01628 1.95686 -0.0797957 -1.08197 -2.24714 -5.01237 -6.69835 -6.60982 -6.07688 -5.36389 -4.52232 -3.62129 -2.72644 -1.81989 -0.810028 0.217046 1.23256 2.02515 2.15816
55.58 2.87998 3.76694 3.43726 3.24677 3.14574 2.05763 -0.0327131 -1.06087 -2.16795 -4.79332 -6.54748 -6.62557 -6.12164 -5.41264 -4.58073 -3.68916 -2.7999 -1.91297 -0.936792 0.0772514 1.11249 1.93639 2.08931
55.62 2.9855 3.89898 3.56851 3.37705 3.27338 2.15497 0.00829923 -1.05046 -2.08985 -4.5574 -6.36265 -6.63274 -6.18463 -5.46996 -4.64121 -3.75624 -2.87251 -2.00277 -1.05732 -0.0624453 0.984628 1.8424 2.01944
55.66 3.09099 4.03011 3.699 3.50598 3.3985 2.24898 0.0449689 -1.04678 -2.00956 -4.30711 -6.15422 -6.63127 -6.25673 -5.53309 -4.70415 -3.8238 -2.94526 -2.08806 -1.17074 -0.201838 0.850265 1.74369 1.94849
55.7 3.19578 4.15951 3.82784 3.63279 3.52072 2.34006 0.0791811 -1.04612 -1.92605 -4.04867 -5.93091 -6.61921 -6.33099 -5.59949 -4.76929 -3.89205 -3.01771 -2.16996 -1.27824 -0.339498 0.711528 1.64118 1.87648
55.74 3.29925 4.28645 3.95429 3.75691 3.63982 2.42867 0.112605 -1.04538 -1.83963 -3.78897 -5.70042 -6.59537 -6.40169 -5.66647 -4.83583 -3.96095 -3.08988 -2.24925 -1.38065 -0.474402 0.57048 1.53576 1.80348
55.78 3.40092 4.4104 4.07776 3.8779 3.75567 2.51523 0.146555 -1.04228 -1.7513 -3.53431 -5.46912 -6.55939 -6.46466 -5.73151 -4.90267 -4.03022 -3.16175 -2.32647 -1.47868 -0.605762 0.429017 1.42831 1.72955
55.82 3.50041 4.53093 4.19786 3.99547 3.86822 2.60003 0.181919 -1.03536 -1.66242 -3.28981 -5.24169 -6.51164 -6.51736 -5.7926 -4.96862 -4.09937 -3.23322 -2.40202 -1.57296 -0.732987 0.288772 1.31953 1.65471
55.86 3.59742 4.64777 4.31432 4.10947 3.97747 2.68329 0.219177 -1.0239 -1.57435 -3.05915 -5.02111 -6.45296 -6.55874 -5.84832 -5.03261 -4.16785 -3.30412 -2.4762 -1.66402 -0.855647 0.151055 1.20992 1.57892
55.9 3.69175 4.76078 4.42699 4.21984 4.08344 2.76509 0.258476 -1.0078 -1.48839 -2.84465 -4.80878 -6.38438 -6.58893 -5.89786 -5.09375 -4.23508 -3.37425 -2.54916 -1.75226 -0.973426 0.0168473 1.09969 1.50201
55.94 3.78328 4.8699 4.53587 4.32656 4.18617 2.84545 0.299707 -0.987347 -1.40562 -2.64738 -4.60478 -6.30691 -6.60896 -5.94099 -5.15142 -4.30056 -3.44334 -2.62097 -1.83795 -1.08608 -0.113166 0.988736 1.42359
55.98 3.87196 4.97516 4.64097 4.42973 4.28572 2.92433 0.342599 -0.963144 -1.3269 -2.46748 -4.40823 -6.22145 -6.62036 -5.97792 -5.20526 -4.36388 -3.51118 -2.69163 -1.92121 -1.19338 -0.238554 0.87667 1.34309
56.02 3.95778 5.07667 4.74243 4.52944 4.38216 3.00165 0.38679 -0.935904 -1.2529 -2.30431 -4.21761 -6.12873 -6.62492 -6.00919 -5.25515 -4.42476 -3.57755 -2.76105 -2.00206 -1.29512 -0.359077 0.762873 1.25972
56.06 4.0408 5.17461 4.84045 4.62593 4.47568 3.07746 0.43192 -0.906537 -1.18453 -2.15783 -4.03338 -6.02513 -6.62115 -6.03891 -5.30261 -4.48342 -3.6424 -2.82952 -2.07973 -1.39062 -0.475266 0.646347 1.17242
56.1 4.12128 5.26944 4.93564 4.71988 4.56692 3.15213 0.477736 -0.876388 -1.12384 -2.0303 -3.86096 -5.89526 -6.59943 -6.07927 -5.35335 -4.54166 -3.70582 -2.89671 -2.15348 -1.47967 -0.587794 0.52596 1.07985
56.14 4.19933 5.3614 5.02818 4.8114 4.65591 3.22553 0.52387 -0.845871 -1.07018 -1.91854 -3.69485 -5.74431 -6.56452 -6.12586 -5.40625 -4.59975 -3.76812 -2.96237 -2.22373 -1.5625 -0.696018 0.401791 0.981323
56.18 4.27512 5.45071 5.11825 4.90061 4.74268 3.29756 0.570069 -0.815236 -1.02277 -1.81985 -3.53197 -5.57617 -6.51893 -6.17599 -5.46061 -4.65786 -3.82957 -3.02655 -2.29085 -1.63953 -0.799718 0.274295 0.876402
56.22 4.34877 5.5376 5.206 4.98759 4.82725 3.36816 0.616162 -0.784589 -0.980748 -1.73192 -3.37063 -5.39416 -6.46444 -6.22753 -5.51574 -4.71603 -3.89041 -3.08942 -2.35523 -1.71136 -0.898835 0.144367 0.764941
56.26 4.42045 5.62227 5.29154 5.07237 4.90963 3.4373 0.662062 -0.753871 -0.943108 -1.65263 -3.21009 -5.2016 -6.40255 -6.27847 -5.57081 -4.77411 -3.95076 -3.15117 -2.41734 -1.77863 -0.993311 0.013223 0.647072
56.3 4.4903 5.70496 5.37498 5.15502 4.98984 3.50496 0.707757 -0.722896 -0.908761 -1.58016 -3.05035 -5.00195 -6.33456 -6.32692 -5.62482 -4.83177 -4.0107 -3.21225 -2.47823 -1.8412 -1.08236 -0.118287 0.522918
56.34 4.55539 5.78413 5.45762 5.23618 5.06822 3.57129 0.753315 -0.691433 -0.876679 -1.51304 -2.89202 -4.79861 -6.26166 -6.37125 -5.67684 -4.88865 -4.07022 -3.27271 -2.53792 -1.9001 -1.16644 -0.248434 0.393254
56.38 4.6124 5.8564 5.54043 5.31652 5.14521 3.63662 0.798987 -0.659104 -0.845846 -1.45009 -2.73604 -4.5948 -6.18498 -6.41017 -5.72598 -4.94424 -4.12911 -3.33252 -2.59653 -1.95639 -1.24607 -0.375666 0.259138
56.42 4.66366 5.92271 5.62224 5.39555 5.22075 3.7011 0.845079 -0.625378 -0.815182 -1.39025 -2.58341 -4.39327 -6.10544 -6.44272 -5.77145 -4.9981 -4.18718 -3.3917 -2.65426 -2.01089 -1.32177 -0.498875 0.121812
56.46 4.71065 5.98452 5.70266 5.47309 5.29487 3.76489 0.891848 -0.589814 -0.783807 -1.33276 -2.43512 -4.19636 -6.02386 -6.46825 -5.81262 -5.04973 -4.24421 -3.45023 -2.71131 -2.06426 -1.3941 -0.617365 -0.0172904
56.5 4.75448 6.04314 5.78167 5.54922 5.36772 3.82822 0.939552 -0.552031 -0.751014 -1.27708 -2.29214 -4.00591 -5.94095 -6.48643 -5.84898 -5.09872 -4.29995 -3.50808 -2.76788 -2.11704 -1.46369 -0.73083 -0.156633
56.54 4.79691 6.09528 5.85651 5.62587 5.44056 3.89188 0.98868 -0.511697 -0.716387 -1.22305 -2.15543 -3.8235 -5.85749 -6.49724 -5.88016 -5.14463 -4.35409 -3.56515 -2.82404 -2.16963 -1.53114 -0.839255 -0.294682
56.58 4.83912 6.14151 5.92606 5.70316 5.51368 3.95628 1.03966 -0.468382 -0.679428 -1.1704 -2.02564 -3.6501 -5.77404 -6.50087 -5.90598 -5.18716 -4.40639 -3.62134 -2.8799 -2.22233 -1.59706 -0.942878 -0.430075
56.62 4.88136 6.18422 5.99163 5.78047 5.5869 4.02153 1.09276 -0.421721 -0.639689 -1.1189 -1.90312 -3.48622 -5.69095 -6.4976 -5.92639 -5.2261 -4.45668 -3.67661 -2.93555 -2.2754 -1.662 -1.04211 -0.56172
56.66 4.92376 6.22507 6.05451 5.85769 5.66027 4.08781 1.14823 -0.371422 -0.596858 -1.06841 -1.78812 -3.33204 -5.60849 -6.48781 -5.94144 -5.26133 -4.50482 -3.73091 -2.99106 -2.32904 -1.72642 -1.13742 -0.688833
56.7 4.96647 6.26531 6.1158 5.93492 5.73395 4.15535 1.20635 -0.317217 -0.550707 -1.01886 -1.68076 -3.18747 -5.52682 -6.47198 -5.95123 -5.29275 -4.55069 -3.78419 -3.0465 -2.38337 -1.79068 -1.22931 -0.810928
56.74 5.01002 6.30629 6.17472 6.01127 5.80882 4.22481 1.26763 -0.258794 -0.501111 -0.970333 -1.58117 -3.05229 -5.44608 -6.45074 -5.95599 -5.32034 -4.59416 -3.83637 -3.10185 -2.43843 -1.85501 -1.31824 -0.92778
56.78 5.0554 6.34962 6.22884 6.08406 5.88626 4.29721 1.33286 -0.195704 -0.447965 -0.92295 -1.48948 -2.92617 -5.36652 -6.42485 -5.95599 -5.344 -4.63502 -3.88732 -3.15724 -2.49473 -1.91871 -1.40382 -1.04001
56.82 5.1026 6.39562 6.28037 6.15419 5.9655 4.37228 1.40215 -0.127701 -0.391053 -0.876591 -1.40547 -2.8082 -5.28787 -6.39494 -5.9516 -5.36389 -4.67333 -3.93707 -3.21269 -2.55218 -1.98183 -1.48642 -1.14774
56.86 5.1515 6.44444 6.33085 6.22273 6.04608 4.44982 1.47557 -0.0546074 -0.330249 -0.831188 -1.3289 -2.69733 -5.20973 -6.36171 -5.94324 -5.38021 -4.70912 -3.98558 -3.26807 -2.61047 -2.04483 -1.56671 -1.25092
56.9 5.20204 6.49614 6.38133 6.29054 6.12771 4.52975 1.55325 0.0237106 -0.265504 -0.786724 -1.25955 -2.59229 -5.13159 -6.3259 -5.9314 -5.39316 -4.74243 -4.0328 -3.32327 -2.66943 -2.10794 -1.64512 -1.34976
56.94 5.25415 6.55074 6.43259 6.35824 6.21018 4.61199 1.6353 0.10734 -0.196825 -0.743207 -1.1972 -2.49167 -5.05282 -6.2883 -5.91658 -5.40299 -4.77331 -4.07867 -3.3782 -2.72891 -2.17127 -1.722 -1.44455
56.98 5.30782 6.60841 6.48543 6.42642 6.29361 4.69699 1.72227 0.196403 -0.12488 -0.702185 -1.1444 -2.39909 -4.96012 -6.24122 -5.90865 -5.41402 -4.80276 -4.12288 -3.43234 -2.78863 -2.23499 -1.79788 -1.53594
57.02 5.36356 6.66992 6.54127 6.49274 6.37596 4.78637 1.81554 0.291392 -0.0502771 -0.665063 -1.10316 -2.31666 -4.84273 -6.17824 -5.91417 -5.4301 -4.83242 -4.16562 -3.48526 -2.84804 -2.29884 -1.87292 -1.62441
57.06 5.42134 6.73528 6.60045 6.55775 6.45659 4.87966 1.91495 0.392275 0.0272219 -0.63092 -1.07145 -2.23988 -4.70584 -6.10304 -5.92815 -5.4499 -4.86264 -4.20749 -3.53719 -2.90702 -2.36268 -1.94672 -1.70982
57.1 5.48088 6.80415 6.66279 6.62277 6.53616 4.97592 2.01995 0.49874 0.107648 -0.599121 -1.04786 -2.16633 -4.5523 -6.01648 -5.9473 -5.47343 -4.89397 -4.249 -3.58842 -2.96572 -2.4268 -2.01845 -1.79161
57.14 5.54191 6.87622 6.72817 6.68872 6.61527 5.07472 2.13041 0.610735 0.191018 -0.569443 -1.03212 -2.09691 -4.39139 -5.90901 -5.9598 -5.50866 -4.93059 -4.29165 -3.63903 -3.02362 -2.49047 -2.08835 -1.87033
57.18 5.60415 6.95118 6.79638 6.75608 6.69418 5.1755 2.24589 0.727841 0.277237 -0.541241 -1.02271 -2.03005 -4.22356 -5.78316 -5.96536 -5.55233 -4.97194 -4.33605 -3.68963 -3.08087 -2.55337 -2.15643 -1.94611
57.22 5.66734 7.02871 6.86713 6.82501 6.77285 5.27759 2.36573 0.849526 0.366285 -0.513583 -1.01766 -1.96426 -4.05005 -5.64382 -5.964 -5.60029 -5.01661 -4.38226 -3.74071 -3.13777 -2.61551 -2.2228 -2.01899
57.26 5.73125 7.10847 6.94011 6.8955 6.85108 5.3803 2.48926 0.9752 0.458124 -0.485561 -1.01516 -1.89878 -3.87329 -5.49477 -5.95513 -5.64939 -5.06331 -4.43011 -3.79253 -3.19463 -2.67713 -2.28808 -2.08813
57.3 5.79562 7.19013 7.01501 6.96745 6.92864 5.48295 2.6157 1.10421 0.552658 -0.456348 -1.0136 -1.83333 -3.6959 -5.33928 -5.93827 -5.69711 -5.11077 -4.47926 -3.84523 -3.25169 -2.73836 -2.35228 -2.1538
57.34 5.86022 7.27338 7.09155 7.04072 7.00525 5.5849 2.74425 1.23584 0.649699 -0.425258 -1.01162 -1.7679 -3.52032 -5.18005 -5.91327 -5.74152 -5.15782 -4.52921 -3.89878 -3.30908 -2.79926 -2.41534 -2.21655
57.38 5.92483 7.35796 7.16947 7.11519 7.08065 5.6855 2.87409 1.36934 0.748955 -0.391779 -1.00814 -1.70263 -3.34862 -5.0192 -5.88021 -5.78131 -5.20344 -4.57941 -3.95298 -3.36681 -2.85988 -2.47732 -2.27674
57.42 5.98924 7.44362 7.24858 7.19074 7.15465 5.78416 3.00441 1.50392 0.850036 -0.355582 -1.00234 -1.63777 -3.18243 -4.85828 -5.83941 -5.81576 -5.24684 -4.62928 -4.00756 -3.42482 -2.92025 -2.53828 -2.33469
57.46 6.05322 7.53015 7.32872 7.2673 7.22705 5.88029 3.1344 1.63884 0.95246 -0.316504 -0.993656 -1.57356 -3.02289 -4.69828 -5.79135 -5.84466 -5.28745 -4.67825 -4.06214 -3.48295 -2.98034 -2.59828 -2.39066
57.5 6.11657 7.61737 7.40978 7.34485 7.29772 5.97335 3.26332 1.77336 1.05569 -0.274514 -0.981698 -1.51021 -2.87073 -4.53979 -5.73663 -5.86818 -5.32492 -4.72584 -4.11634 -3.54098 -3.04011 -2.65738 -2.4449
57.54 6.17911 7.70514 7.49168 7.42339 7.36656 6.0628 3.39048 1.90682 1.15914 -0.229675 -0.966189 -1.44786 -2.7263 -4.38302 -5.67587 -5.88682 -5.35911 -4.77165 -4.16977 -3.59867 -3.09945 -2.7156 -2.49759
57.58 6.24062 7.79332 7.57438 7.50292 7.43342 6.14815 3.5153 2.03865 1.26222 -0.1821 -0.946904 -1.38657 -2.58965 -4.22799 -5.60976 -5.90122 -5.39004 -4.81537 -4.22206 -3.65573 -3.15822 -2.77295 -2.54889
57.62 6.30093 7.88182 7.65788 7.58331 7.49813 6.22901 3.63739 2.16844 1.3644 -0.131914 -0.923696 -1.32651 -2.46114 -4.07572 -5.53709 -5.9106 -5.41946 -4.85745 -4.27299 -3.7118 -3.21616 -2.82936 -2.59891
57.66 6.3605 7.9714 7.74312 7.6598 7.55763 6.30738 3.75847 2.29691 1.46514 -0.079623 -0.897117 -1.26902 -2.34323 -3.93128 -5.44904 -5.90861 -5.4549 -4.90102 -4.32305 -3.76626 -3.27252 -2.88435 -2.64758
57.7 6.41939 8.06235 7.83074 7.73197 7.61003 6.38296 3.87863 2.42411 1.56407 -0.0252516 -0.866799 -1.21367 -2.23488 -3.79244 -5.3488 -5.89809 -5.49394 -4.94535 -4.37225 -3.81919 -3.32722 -2.93776 -2.69475
57.74 6.47736 8.15452 7.92076 7.80077 7.65532 6.45456 3.99726 2.54973 1.66088 0.0314851 -0.831991 -1.15966 -2.13504 -3.65795 -5.23908 -5.88087 -5.53508 -4.98996 -4.42057 -3.87068 -3.38031 -2.98956 -2.74038
57.78 6.53413 8.24773 8.01304 7.86664 7.69356 6.52133 4.11396 2.67346 1.75521 0.090966 -0.791808 -1.10612 -2.04285 -3.52734 -5.12193 -5.85828 -5.57741 -5.03449 -4.46798 -3.92079 -3.43181 -3.03973 -2.78448
57.82 6.59074 8.34296 8.0998 7.92579 7.72827 6.58481 4.22975 2.79492 1.84605 0.153156 -0.745659 -1.05245 -1.95787 -3.40073 -4.99945 -5.8316 -5.62023 -5.07854 -4.51428 -3.96942 -3.48169 -3.08825 -2.82701
57.86 6.64805 8.44145 8.17921 7.97441 7.75966 6.64502 4.34509 2.91431 1.93326 0.218535 -0.692588 -0.997785 -1.87954 -3.27842 -4.87358 -5.80203 -5.66302 -5.12178 -4.5593 -4.01651 -3.5299 -3.13511 -2.86799
57.9 6.70586 8.54114 8.25247 8.01347 7.7861 6.70077 4.45963 3.03154 2.01695 0.28793 -0.631372 -0.940998 -1.80715 -3.1607 -4.74607 -5.77066 -5.7054 -5.16395 -4.60291 -4.06203 -3.57646 -3.18032 -2.90744
57.94 6.76582 8.62983 8.31354 8.04885 7.80908 6.75243 4.5734 3.1459 2.0965 0.361638 -0.561272 -0.881312 -1.74023 -3.04812 -4.61861 -5.7385 -5.74712 -5.20481 -4.64494 -4.10586 -3.62134 -3.22389 -2.9454
57.98 6.82721 8.70825 8.36058 8.079 7.82687 6.79916 4.68662 3.25802 2.17249 0.44031 -0.481541 -0.817905 -1.67816 -2.94099 -4.49282 -5.70642 -5.78796 -5.24421 -4.68528 -4.14796 -3.6645 -3.26582 -2.98188
58.02 6.87427 8.76959 8.40034 8.1047 7.83854 6.83994 4.79868 3.36761 2.24505 0.524199 -0.391964 -0.750299 -1.62036 -2.83965 -4.36978 -5.67515 -5.82792 -5.28209 -4.72387 -4.18827 -3.70593 -3.30613 -3.01694
58.06 6.90754 8.80864 8.43024 8.12361 7.84257 6.8743 4.91037 3.47623 2.31533 0.613497 -0.292775 -0.678281 -1.56618 -2.7441 -4.25039 -5.64523 -5.86701 -5.3185 -4.76073 -4.22681 -3.74564 -3.34484 -3.05061
58.1 6.92799 8.82545 8.44788 8.13347 7.8372 6.90139 5.02223 3.58533 2.38455 0.708167 -0.184717 -0.601968 -1.51493 -2.65415 -4.13523 -5.61704 -5.90529 -5.35353 -4.79593 -4.26361 -3.78366 -3.38197 -3.08295
58.14 6.93576 8.82055 8.45168 8.13235 7.82071 6.92022 5.13454 3.6964 2.45403 0.807904 -0.0690285 -0.521803 -1.46594 -2.56939 -4.02461 -5.59079 -5.94286 -5.38735 -4.82961 -4.29875 -3.82002 -3.41756 -3.11397
58.18 6.93057 8.7941 8.44026 8.11852 7.79144 6.92979 5.24771 3.81111 2.52514 0.912198 0.0526813 -0.438484 -1.41856 -2.4893 -3.91857 -5.56653 -5.9798 -5.42015 -4.86193 -4.33234 -3.85478 -3.45164 -3.14371
58.22 6.91186 8.74586 8.4123 8.09036 7.74781 6.92914 5.36222 3.93122 2.59926 1.02043 0.178601 -0.352877 -1.37222 -2.41323 -3.81698 -5.54416 -6.01616 -5.45213 -4.89312 -4.36454 -3.88804 -3.48424 -3.17219
58.26 6.87889 8.67525 8.36647 8.04634 7.68837 6.9174 5.47865 4.05855 2.67779 1.13199 0.306903 -0.265904 -1.32638 -2.34056 -3.71956 -5.52343 -6.05193 -5.48349 -4.92339 -4.39553 -3.9199 -3.51544 -3.19944
58.3 6.83076 8.58147 8.30144 7.98498 7.61173 6.89378 5.59775 4.19502 2.76205 1.24632 0.435864 -0.17847 -1.2806 -2.27063 -3.62592 -5.50401 -6.08704 -5.51438 -4.95299 -4.42554 -3.95054 -3.54534 -3.22554
58.34 6.76651 8.46362 8.21595 7.905 7.51681 6.8578 5.71998 4.34184 2.85339 1.36329 0.564157 -0.0913021 -1.2345 -2.20288 -3.53566 -5.48549 -6.12136 -5.54491 -4.98214 -4.4548 -3.98016 -3.57408 -3.25056
58.38 6.68514 8.32081 8.10887 7.80524 7.4026 6.80886 5.84603 4.50067 2.95307 1.48277 0.690737 -0.00495347 -1.18771 -2.13674 -3.44827 -5.46732 -6.15467 -5.57516 -5.01109 -4.4836 -4.00899 -3.60184 -3.27465
58.42 6.58571 8.15227 7.97916 7.68464 7.26824 6.74633 5.97672 4.67331 3.06233 1.60481 0.814965 0.0802816 -1.13984 -2.07163 -3.36311 -5.44882 -6.18668 -5.60514 -5.04005 -4.51225 -4.03735 -3.62889 -3.29801
58.46 6.46734 7.95745 7.82599 7.54236 7.1131 6.66979 6.11256 4.86104 3.18233 1.72985 0.93675 0.164437 -1.09046 -2.00695 -3.27942 -5.4292 -6.21699 -5.63483 -5.06927 -4.54111 -4.06563 -3.65556 -3.32092
58.5 6.32932 7.73611 7.64877 7.37777 6.93684 6.57886 6.25375 5.06472 3.31418 1.85868 1.05656 0.247909 -1.03903 -1.94202 -3.19628 -5.40751 -6.24517 -5.66414 -5.09897 -4.57058 -4.09425 -3.68226 -3.34371
58.54 6.17109 7.4884 7.44721 7.19054 6.73942 6.47325 6.39995 5.28463 3.45884 1.99239 1.17543 0.331469 -0.984903 -1.87605 -3.11258 -5.38264 -6.27072 -5.69298 -5.12937 -4.60107 -4.1237 -3.70945 -3.36679
58.58 5.99239 7.21494 7.22135 6.98058 6.52104 6.35274 6.55018 5.5203 3.61705 2.13232 1.29492 0.41626 -0.927263 -1.80808 -3.02696 -5.35339 -6.29309 -5.72117 -5.16064 -4.633 -4.15451 -3.73768 -3.39065
58.62 5.79325 6.91685 6.97157 6.74809 6.28223 6.21713 6.70269 5.77039 3.78925 2.27996 1.41699 0.503735 -0.865122 -1.73698 -2.93787 -5.31844 -6.31175 -5.74849 -5.19293 -4.66677 -4.18722 -3.76749 -3.4158
58.66 5.57413 6.59578 6.69859 6.49356 6.02377 6.06632 6.85491 6.03263 3.97552 2.43684 1.54384 0.595479 -0.797459 -1.66168 -2.84412 -5.27511 -6.3253 -5.77575 -5.22673 -4.70278 -4.22226 -3.7994 -3.44274
58.7 5.33583 6.25378 6.40345 6.21772 5.74671 5.90037 7.00378 6.30447 4.17623 2.60489 1.6777 0.69233 -0.724697 -1.58381 -2.74998 -5.20671 -6.32326 -5.81405 -5.26695 -4.7423 -4.25953 -3.83322 -3.4717
58.74 5.07977 5.89344 6.08757 5.92165 5.45241 5.71951 7.14528 6.58175 4.39035 2.78506 1.82045 0.795885 -0.645244 -1.50106 -2.65201 -5.113 -6.30577 -5.86103 -5.3134 -4.78612 -4.29984 -3.86944 -3.50284
58.78 4.8079 5.51779 5.75283 5.6068 5.14252 5.52415 7.27474 6.85939 4.6161 2.97755 1.97334 0.907484 -0.557208 -1.41073 -2.54673 -4.99589 -6.27364 -5.91355 -5.36509 -4.83446 -4.34382 -3.90863 -3.53649
58.82 4.52267 5.1302 5.40155 5.2751 4.81904 5.31508 7.38742 7.13182 4.85102 3.18186 2.13671 1.02787 -0.458804 -1.31019 -2.43148 -4.8567 -6.22739 -5.96918 -5.42097 -4.88722 -4.39185 -3.95123 -3.57294
58.86 4.22682 4.73432 5.0365 4.92892 4.48436 5.09352 7.47893 7.39339 5.09223 3.39681 2.31013 1.15724 -0.348475 -1.19731 -2.30533 -4.70102 -6.16241 -6.02062 -5.48451 -4.94596 -4.44431 -3.9972 -3.61204
58.9 3.92327 4.3339 4.66085 4.57109 4.14122 4.86108 7.54562 7.63881 5.33641 3.62046 2.49211 1.29501 -0.224999 -1.07018 -2.16756 -4.53239 -6.07472 -6.06313 -5.55759 -5.01155 -4.50152 -4.0465 -3.65358
58.94 3.61502 3.93272 4.27813 4.20493 3.7927 4.61979 7.58487 7.86312 5.57962 3.84987 2.68014 1.44008 -0.0872447 -0.926508 -2.01611 -4.35051 -5.96848 -6.09727 -5.63592 -5.08222 -4.56317 -4.09932 -3.69764
58.98 3.30504 3.53447 3.89212 3.83409 3.44212 4.37203 7.59525 8.06214 5.81766 4.08156 2.8714 1.59116 0.0653797 -0.764891 -1.84997 -4.15672 -5.84675 -6.1222 -5.7165 -5.15649 -4.62873 -4.15558 -3.74419
59.02 2.99614 3.14261 3.50668 3.46238 3.0929 4.12037 7.57654 8.23253 6.04624 4.31186 3.06308 1.74699 0.232699 -0.585221 -1.66912 -3.95255 -5.71198 -6.13717 -5.79683 -5.23289 -4.69752 -4.21501 -3.79307
59.06 2.69088 2.76026 3.12558 3.09364 2.74841 3.8675 7.52974 8.37196 6.26116 4.53703 3.2528 1.90657 0.413657 -0.388963 -1.47464 -3.7395 -5.56593 -6.14149 -5.87486 -5.31007 -4.76874 -4.2772 -3.84405
59.1 2.39159 2.39015 2.75235 2.73155 2.41184 3.61606 7.45683 8.47912 6.45862 4.75366 3.43873 2.06921 0.606353 -0.179113 -1.26867 -3.51902 -5.40978 -6.13451 -5.94891 -5.38681 -4.84157 -4.34162 -3.89679
59.14 2.10022 2.03453 2.39017 2.37955 2.08632 3.36904 7.36036 8.55287 6.63548 4.9595 3.61997 2.23453 0.808243 0.0401825 -1.05423 -3.29263 -5.24412 -6.11549 -6.0176 -5.46205 -4.91524 -4.40776 -3.95092
59.18 1.81845 1.69519 2.04179 2.04068 1.77453 3.12913 7.24311 8.59312 6.78976 5.15281 3.79581 2.40223 1.01653 0.264304 -0.83488 -3.06211 -5.06926 -6.08373 -6.0799 -5.53489 -4.98898 -4.47504 -4.00606
59.22 1.54761 1.37341 1.7093 1.71722 1.47835 2.8981 7.10869 8.60161 6.92012 5.33189 3.96554 2.57186 1.22843 0.488826 -0.614348 -2.82956 -4.88544 -6.03842 -6.13505 -5.60454 -5.06207 -4.54286 -4.06178
59.26 1.28872 1.06995 1.39422 1.41087 1.19915 2.67747 6.96055 8.58027 7.02561 5.49618 4.12974 2.74288 1.44108 0.709939 -0.396136 -2.59726 -4.69259 -5.97905 -6.18265 -5.67041 -5.13385 -4.61068 -4.11768
59.3 1.04248 0.785138 1.09751 1.12275 0.937876 2.46839 6.80171 8.53123 7.10625 5.64588 4.28884 2.91456 1.65212 0.924896 -0.183221 -2.36754 -4.49066 -5.90509 -6.22265 -5.73205 -5.20374 -4.67796 -4.17341
59.34 0.809315 0.518926 0.819601 0.853447 0.694942 2.27154 6.63442 8.45641 7.16268 5.78208 4.44396 3.08654 1.85999 1.13179 0.021142 -2.14439 -4.28385 -5.80858 -6.24896 -5.79574 -5.27387 -4.74462 -4.2283
59.38 0.589404 0.270912 0.560458 0.603035 0.470377 2.08715 6.46003 8.35722 7.19587 5.90653 4.5966 3.25864 2.06359 1.32931 0.214164 -1.93114 -4.07452 -5.6803 -6.2571 -5.86767 -5.34662 -4.81092 -4.28186
59.42 0.382742 0.0405231 0.319828 0.371424 0.264156 1.91532 6.27935 8.23437 7.20638 6.02097 4.74823 3.43046 2.262 1.51716 0.395113 -1.72772 -3.85929 -5.52283 -6.2494 -5.94491 -5.42136 -4.87717 -4.33444
59.46 0.189183 -0.172949 0.0972782 0.158369 0.0761889 1.75596 6.09238 8.08762 7.19418 6.12728 4.90092 3.60212 2.45491 1.69549 0.56388 -1.53351 -3.63627 -5.3379 -6.22644 -6.02559 -5.49782 -4.94378 -4.38654
59.5 0.00846816 -0.37028 -0.107724 -0.0364551 -0.0936397 1.60867 5.89847 7.91597 7.15856 6.22726 5.057 3.77416 2.64245 1.8648 0.721095 -1.34701 -3.40378 -5.12745 -6.18892 -6.10773 -5.57553 -5.01107 -4.43875
59.54 -0.15973 -0.552268 -0.295769 -0.213444 -0.245525 1.47271 5.69642 7.71796 7.09807 6.32211 5.21894 3.94745 2.8251 2.02583 0.868083 -1.16576 -3.16022 -4.89403 -6.13776 -6.18901 -5.65365 -5.07919 -4.49162
59.58 -0.315783 -0.719715 -0.467497 -0.373107 -0.379864 1.34685 5.48475 7.49218 7.01081 6.41224 5.38873 4.12296 3.00363 2.17952 1.00665 -0.986787 -2.90436 -4.64043 -6.07375 -6.26706 -5.73118 -5.14817 -4.54572
59.62 -0.460087 -0.873418 -0.623627 -0.516148 -0.497417 1.22934 5.26207 7.23792 6.89495 6.49689 5.56724 4.30145 3.17894 2.32694 1.13895 -0.806883 -2.63531 -4.36967 -5.99779 -6.3395 -5.80688 -5.21778 -4.60141
59.66 -0.593069 -1.0142 -0.764997 -0.643552 -0.59944 1.11803 5.0274 6.95567 6.74942 6.57417 5.75373 4.4831 3.35187 2.46928 1.26722 -0.623121 -2.35281 -4.08484 -5.91053 -6.40403 -5.87942 -5.28761 -4.6589
59.7 -0.715208 -1.14293 -0.892603 -0.756618 -0.687713 1.01061 4.78059 6.64747 6.57451 6.6413 5.9455 4.66723 3.52299 2.60779 1.39369 -0.433277 -2.05752 -3.78906 -5.81244 -6.45842 -5.94738 -5.35706 -4.71817
59.74 -0.827071 -1.26057 -1.00762 -0.856942 -0.764448 0.904939 4.52256 6.31698 6.37219 6.69509 6.13813 4.85213 3.69242 2.74367 1.52033 -0.236137 -1.75123 -3.48555 -5.70372 -6.50063 -6.00934 -5.42537 -4.77897
59.78 -0.929341 -1.3682 -1.11139 -0.94635 -0.83212 0.799312 4.25537 5.96929 6.14609 6.73253 6.32615 5.03523 3.85976 2.87797 1.64882 -0.0315619 -1.43676 -3.17761 -5.58454 -6.52884 -6.06389 -5.49161 -4.84079
59.82 -1.02285 -1.46703 -1.20542 -1.0268 -0.893267 0.692566 3.98198 5.61042 5.90117 6.75135 6.5038 5.21341 4.02413 3.0115 1.78041 0.17963 -1.11781 -2.86866 -5.45516 -6.54157 -6.10964 -5.55468 -4.9029
59.86 -1.10858 -1.55841 -1.29134 -1.10034 -0.950335 0.584124 3.70612 5.24723 5.64387 6.75004 6.66466 5.3834 4.18509 3.14505 1.91591 0.395917 -0.798467 -2.56197 -5.31622 -6.53787 -6.14525 -5.61336 -4.96436
59.9 -1.18766 -1.64381 -1.37089 -1.16896 -1.00555 0.473833 3.43166 4.88628 5.38036 6.72821 6.80405 5.54223 4.34163 3.27898 2.05569 0.615402 -0.482829 -2.26065 -5.16859 -6.51732 -6.16967 -5.66642 -5.02413
59.94 -1.2613 -1.72475 -1.4458 -1.23456 -1.06086 0.361803 3.16222 4.53348 5.11631 6.68684 6.91903 5.68752 4.49244 3.41281 2.19962 0.836288 -0.174444 -1.96713 -5.01338 -6.48027 -6.18213 -5.71266 -5.08108
59.98 -1.33081 -1.8028 -1.5178 -1.29895 -1.11798 0.248271 2.90104 4.19399 4.85697 6.62758 7.00753 5.81697 4.63678 3.54679 2.34731 1.0566 0.123661 -1.68311 -4.8517 -6.42765 -6.18223 -5.75108 -5.13415
60.02 -1.3975 -1.87953 -1.58859 -1.36381 -1.17831 0.133542 2.65081 3.87213 4.60681 6.55221 7.06811 5.92888 4.77467 3.68131 2.49812 1.27449 0.40912 -1.4093 -4.68436 -6.36094 -6.17002 -5.78093 -5.1824
60.06 -1.4627 -1.95643 -1.65977 -1.43061 -1.24297 0.0179693 2.41376 3.57138 4.36956 6.46244 7.09986 6.0222 4.90615 3.81706 2.65151 1.48844 0.680201 -1.14529 -4.51148 -6.28192 -6.14605 -5.80188 -5.22514
60.1 -1.5277 -2.03495 -1.73288 -1.50077 -1.31298 -0.0982752 2.19138 3.2943 4.14798 6.35924 7.10159 6.09611 5.0332 3.95578 2.80718 1.69655 0.933394 -0.894054 -4.32391 -6.18566 -6.11748 -5.81656 -5.26242
60.14 -1.59374 -2.11651 -1.80949 -1.57572 -1.38942 -0.215366 1.98435 3.04244 3.9437 6.24268 7.07191 6.1503 5.15848 4.10044 2.96535 1.89654 1.16352 -0.661161 -4.10169 -6.0604 -6.09785 -5.83072 -5.29541
60.18 -1.66195 -2.20229 -1.89083 -1.65652 -1.47285 -0.333136 1.79337 2.81714 3.75787 6.11248 7.00884 6.18314 5.28363 4.25345 3.12631 2.08803 1.37115 -0.441269 -3.84663 -5.9069 -6.08261 -5.84645 -5.32594
60.22 -1.73331 -2.29329 -1.97798 -1.74403 -1.5637 -0.451521 1.61865 2.61901 3.59055 5.96768 6.91018 6.19239 5.4104 4.4182 3.29144 2.27147 1.55637 -0.233497 -3.56743 -5.71178 -6.05743 -5.87593 -5.36016
60.26 -1.80858 -2.39021 -2.07167 -1.83874 -1.66201 -0.570235 1.46025 2.44812 3.44093 5.80746 6.77447 6.17517 5.53866 4.59656 3.46142 2.44765 1.72185 -0.0336097 -3.2642 -5.47661 -6.02053 -5.91664 -5.39891
60.3 -1.88825 -2.4934 -2.1722 -1.9407 -1.76742 -0.688865 1.31791 2.30376 3.30727 5.63132 6.60153 6.12864 5.66663 4.7889 3.63688 2.61837 1.87206 0.162029 -2.94079 -5.20737 -5.9677 -5.96295 -5.44204
60.34 -1.97254 -2.60285 -2.27948 -2.04957 -1.87928 -0.806978 1.19094 2.18421 3.18697 5.43935 6.393 6.05099 5.79105 4.99371 3.81797 2.78583 2.01198 0.355599 -2.6034 -4.91024 -5.89456 -6.00891 -5.48841
60.38 -2.06134 -2.7182 -2.39306 -2.16469 -1.99675 -0.924205 1.07809 2.08673 3.07698 5.23242 6.15241 5.94226 5.90776 5.20729 4.0041 2.95209 2.14618 0.547999 -2.25874 -4.59087 -5.7977 -6.04894 -5.53608
60.42 -2.15433 -2.83879 -2.51219 -2.28517 -2.11884 -1.04029 0.97772 2.00786 2.9742 5.01234 5.88492 5.80445 6.01237 5.42446 4.19375 3.11847 2.27817 0.739091 -1.91303 -4.25389 -5.67477 -6.07863 -5.58272
60.46 -2.25097 -2.96377 -2.63591 -2.40998 -2.24455 -1.15511 0.88786 1.94375 2.87588 4.78169 5.59677 5.64133 6.10097 5.63915 4.38458 3.28537 2.41011 0.928073 -1.57143 -3.90272 -5.52466 -6.09499 -5.62592
60.5 -2.35063 -3.09219 -2.76321 -2.53808 -2.37298 -1.26872 0.806357 1.89046 2.77977 4.54355 5.29464 5.4578 6.17067 5.8455 4.57411 3.45285 2.54318 1.11332 -1.23958 -3.54513 -5.34007 -6.08908 -5.67052
60.54 -2.45261 -3.22309 -2.89311 -2.66852 -2.50333 -1.38128 0.731064 1.84433 2.6842 4.30128 4.98515 5.2594 6.21975 6.03818 4.75965 3.62017 2.67737 1.29306 -0.921611 -3.18587 -5.11407 -6.05636 -5.72054
60.58 -2.55624 -3.35552 -3.02462 -2.80038 -2.63483 -1.4929 0.660159 1.80236 2.58829 4.05841 4.67468 5.05207 6.24715 6.21173 4.93818 3.78635 2.81231 1.46644 -0.618797 -2.82485 -4.851 -5.99755 -5.77127
60.62 -2.66089 -3.4886 -3.15689 -2.93284 -2.7668 -1.60365 0.59214 1.76224 2.49171 3.81816 4.36857 4.84069 6.25319 6.36294 5.10687 3.94966 2.94725 1.63301 -0.33174 -2.46337 -4.55611 -5.91266 -5.81826
60.66 -2.76596 -3.62155 -3.28913 -3.06519 -2.89863 -1.71352 0.525861 1.72228 2.39453 3.58336 4.07126 4.62961 6.23897 6.48951 5.26315 4.10853 3.0815 1.79281 -0.0603082 -2.10318 -4.23576 -5.80283 -5.85703
60.7 -2.87096 -3.7537 -3.42066 -3.19678 -3.02974 -1.82244 0.460512 1.68143 2.29717 3.35646 3.78637 4.42259 6.20603 6.58989 5.40484 4.26171 3.21463 1.94634 0.196193 -1.74639 -3.89709 -5.67028 -5.88337
60.74 -2.97545 -3.88448 -3.55092 -3.32709 -3.15964 -1.93029 0.395565 1.63909 2.20029 3.13952 3.51682 4.22278 6.15601 6.66304 5.53018 4.40846 3.34658 2.09453 0.438854 -1.39541 -3.54753 -5.51799 -5.89374
60.78 -3.07906 -4.0134 -3.67945 -3.45567 -3.28793 -2.03694 0.330707 1.59504 2.10466 2.93426 3.26491 4.03279 6.09045 6.70821 5.63792 4.54853 3.47754 2.23857 0.669119 -1.05267 -3.19423 -5.34934 -5.88551
60.82 -3.18149 -4.14012 -3.80593 -3.58225 -3.41431 -2.14229 0.265729 1.54932 2.01114 2.74211 3.03255 3.85477 6.01055 6.72447 5.72672 4.68246 3.60881 2.37988 0.888322 -0.720523 -2.84351 -5.16777 -5.85724
60.86 -3.28251 -4.26438 -3.93014 -3.70665 -3.53863 -2.24632 0.200494 1.50208 1.92057 2.56428 2.82128 3.69037 5.91708 6.71071 5.79529 4.81142 3.74231 2.52005 1.09788 -0.40099 -2.50067 -4.97645 -5.80813
60.9 -3.38193 -4.38601 -4.05199 -3.82881 -3.66083 -2.34906 0.134895 1.45361 1.83379 2.40172 2.63229 3.54069 5.81042 6.66578 5.84227 4.93673 3.88035 2.66078 1.29923 -0.0956134 -2.16972 -4.77796 -5.73824
60.94 -3.47963 -4.50496 -4.17147 -3.9488 -3.78096 -2.4506 0.0688376 1.40419 1.75152 2.25511 2.46636 3.40615 5.69071 6.58873 5.86616 5.05959 4.02539 2.80382 1.49382 0.194567 -1.85345 -4.57425 -5.64798
60.98 -3.57554 -4.62122 -4.28867 -4.06673 -3.89913 -2.55107 0.00225397 1.35414 1.67438 2.12478 2.32365 3.28636 5.55802 6.47936 5.86554 5.18055 4.17948 2.95075 1.68302 0.469014 -1.55351 -4.36652 -5.5381
61.02 -3.66961 -4.73483 -4.40367 -4.18272 -4.01542 -2.65054 -0.0648802 1.30378 1.60276 2.01056 2.20355 3.18009 5.41263 6.33863 5.8394 5.29927 4.34378 3.10273 1.86806 0.727614 -1.27057 -4.1555 -5.40938
61.06 -3.76182 -4.84584 -4.51657 -4.29686 -4.12988 -2.74902 -0.132516 1.25336 1.53681 1.91177 2.10459 3.08544 5.25521 6.16893 5.78762 5.41443 4.51799 3.2603 2.04989 0.970609 -1.00433 -3.9414 -5.26305
61.1 -3.85216 -4.9543 -4.62738 -4.40914 -4.24244 -2.84642 -0.20053 1.20314 1.47643 1.82722 2.02449 3.00007 5.08694 5.97394 5.71129 5.52403 4.70033 3.42312 2.22909 1.1985 -0.75364 -3.72426 -5.10098
61.14 -3.94059 -5.0602 -4.73606 -4.51944 -4.35289 -2.94254 -0.268734 1.1533 1.42127 1.75529 1.96041 2.92159 4.90957 5.75842 5.6127 5.62569 4.88766 3.59008 2.40576 1.41194 -0.516362 -3.50401 -4.92632
61.18 -4.02709 -5.16351 -4.84247 -4.62755 -4.46098 -3.03713 -0.336969 1.10389 1.37079 1.69407 1.90918 2.84777 4.72525 5.52771 5.49516 5.7172 5.07625 3.75957 2.5795 1.61067 -0.291916 -3.27662 -4.73969
61.22 -4.11161 -5.26421 -4.9465 -4.73327 -4.56645 -3.13 -0.405225 1.05476 1.32418 1.64147 1.86755 2.77668 4.5364 5.28724 5.36271 5.79692 5.26223 3.92964 2.74919 1.79318 -0.081472 -3.0314 -4.53927
61.26 -4.19407 -5.36223 -5.04793 -4.8363 -4.66898 -3.22097 -0.47352 1.00573 1.28065 1.59556 1.83263 2.70693 4.34561 5.04235 5.21977 5.86332 5.44106 4.09793 2.91395 1.95961 0.11854 -2.7689 -4.32399
61.3 -4.27443 -5.45753 -5.1466 -4.93639 -4.7683 -3.30991 -0.542016 0.95647 1.23945 1.55458 1.80195 2.6376 4.1553 4.7976 5.07014 5.91573 5.60945 4.26197 3.07228 2.10971 0.310771 -2.48801 -4.0901
61.34 -4.35263 -5.55006 -5.24235 -5.0333 -4.86415 -3.39679 -0.610973 0.906645 1.19991 1.51714 1.7736 2.56821 3.96766 4.55681 4.91727 5.95397 5.76447 4.41937 3.22302 2.24435 0.49791 -2.18785 -3.83937
61.38 -4.42864 -5.63983 -5.33502 -5.1268 -4.95632 -3.4816 -0.680741 0.855888 1.16152 1.48218 1.74626 2.49863 3.78452 4.32301 4.76404 5.97814 5.9038 4.56816 3.36574 2.36572 0.681639 -1.87142 -3.57371
61.42 -4.50244 -5.72688 -5.42451 -5.21673 -5.0446 -3.56445 -0.751752 0.803829 1.12394 1.44901 1.71908 2.42901 3.60741 4.09847 4.61273 5.98858 6.02574 4.70689 3.50081 2.47711 0.862549 -1.545 -3.29613
61.46 -4.5738 -5.81118 -5.51089 -5.30302 -5.12893 -3.6455 -0.824529 0.750087 1.08694 1.4172 1.6916 2.35968 3.43745 3.8848 4.46515 5.98576 6.12907 4.83474 3.62934 2.58218 1.0401 -1.21698 -3.01008
61.5 -4.63727 -5.88958 -5.59624 -5.38672 -5.20978 -3.7252 -0.899671 0.694365 1.05052 1.38666 1.6638 2.29113 3.27557 3.68316 4.32265 5.9702 6.21302 4.95136 3.75276 2.68427 1.21283 -0.895831 -2.71659
61.54 -4.69314 -5.96044 -5.67995 -5.46772 -5.28731 -3.80411 -0.978047 0.636043 1.01442 1.35724 1.63567 2.22383 3.12238 3.49428 4.18627 5.9424 6.27711 5.05675 3.87267 2.78606 1.37891 -0.588781 -2.41529
61.58 -4.74324 -6.02496 -5.76114 -5.54571 -5.36158 -3.88269 -1.06045 0.574516 0.978369 1.32879 1.60732 2.15818 2.97828 3.31862 4.05676 5.90277 6.32097 5.1509 3.99056 2.88951 1.5367 -0.300746 -2.10512
61.62 -4.78881 -6.08458 -5.83967 -5.62075 -5.43286 -3.96148 -1.14752 0.509301 0.942121 1.30125 1.57891 2.09463 2.84358 3.15652 3.93467 5.8516 6.34412 5.23369 4.10756 2.99604 1.68549 -0.0338125 -1.78604
61.66 -4.83098 -6.13945 -5.91514 -5.69363 -5.50186 -4.04112 -1.23974 0.440082 0.905486 1.27461 1.55073 2.03364 2.71856 3.00819 3.82037 5.78911 6.34601 5.30453 4.22449 3.10689 1.82607 0.212557 -1.46023
61.7 -4.87159 -6.18627 -5.98457 -5.76656 -5.57018 -4.12269 -1.33756 0.366684 0.86836 1.249 1.52322 1.97577 2.6035 2.87386 3.71409 5.71555 6.32611 5.36258 4.34172 3.22314 1.96047 0.440711 -1.13196
61.74 -4.91145 -6.22763 -6.0485 -5.83912 -5.63804 -4.20651 -1.441 0.28897 0.83036 1.22423 1.49657 1.92137 2.49847 2.75343 3.6157 5.63113 6.28411 5.40681 4.45944 3.34604 2.0916 0.653944 -0.806432
61.78 -4.95085 -6.26574 -6.10851 -5.91128 -5.70582 -4.29282 -1.54972 0.207028 0.791132 1.20014 1.47096 1.87068 2.40337 2.64656 3.52478 5.53618 6.22016 5.43622 4.57745 3.4767 2.22249 0.85565 -0.488697
61.82 -4.99006 -6.30233 -6.16613 -5.98341 -5.77412 -4.38183 -1.66322 0.121094 0.750346 1.17652 1.44653 1.82382 2.3179 2.55263 3.4406 5.43126 6.13503 5.44999 4.69515 3.61568 2.35572 1.04887 -0.182853
61.86 -5.02941 -6.33877 -6.22257 -6.05606 -5.84368 -4.47377 -1.78086 0.0314855 0.707671 1.1532 1.42338 1.78081 2.24156 2.47067 3.36225 5.31714 6.03019 5.44772 4.81147 3.76284 2.49308 1.23607 0.108331
61.9 -5.07005 -6.37706 -6.2749 -6.12712 -5.91688 -4.5698 -1.90254 -0.0616181 0.66287 1.13016 1.4018 1.74176 2.17386 2.39962 3.28882 5.19498 5.90778 5.4295 4.92485 3.91715 2.63539 1.41897 0.383308
61.94 -5.11267 -6.41842 -6.32422 -6.19613 -5.99404 -4.66992 -2.02763 -0.158024 0.615477 1.10713 1.3818 1.70647 2.11399 2.3381 3.21927 5.06608 5.77044 5.39599 5.03359 4.07686 2.78278 1.59887 0.641767
61.98 -5.15736 -6.46335 -6.37278 -6.26448 -6.07474 -4.77353 -2.15519 -0.257457 0.564992 1.08378 1.36325 1.67457 2.06098 2.28457 3.15258 4.93183 5.62104 5.34835 5.13592 4.23986 2.93481 1.77665 0.8843
62.02 -5.20422 -6.51217 -6.42214 -6.33335 -6.15876 -4.88016 -2.28438 -0.359691 0.510923 1.05978 1.34606 1.64569 2.01384 2.23752 3.08787 4.79369 5.4625 5.28801 5.2303 4.40374 3.09047 1.95275 1.11203
62.06 -5.25336 -6.56512 -6.47335 -6.40358 -6.24591 -4.98932 -2.41444 -0.46459 0.452749 1.03482 1.33013 1.61943 1.97162 2.19551 3.02444 4.65307 5.29767 5.21669 5.31537 4.56602 3.24849 2.12729 1.32635
62.1 -5.30486 -6.62233 -6.52716 -6.47573 -6.33593 -5.10049 -2.54475 -0.572124 0.389898 1.00858 1.31536 1.59544 1.93344 2.15731 2.96176 4.51134 5.12911 5.13616 5.39011 4.72428 3.40739 2.30017 1.52876
62.14 -5.3591 -6.68427 -6.58449 -6.54775 -6.42699 -5.21409 -2.67542 -0.68264 0.321754 0.980812 1.30178 1.57353 1.89868 2.12198 2.8996 4.36978 4.95916 5.04825 5.45379 4.87628 3.56559 2.47103 1.72062
62.18 -5.41638 -6.75127 -6.64604 -6.61844 -6.51695 -5.33002 -2.80641 -0.796529 0.247595 0.951117 1.28933 1.5535 1.86682 2.0888 2.83786 4.22954 4.78976 4.95463 5.5061 5.02017 3.72152 2.63941 1.90315
62.22 -5.47645 -6.823 -6.71172 -6.68949 -6.60624 -5.44677 -2.93671 -0.913742 0.166732 0.918884 1.27766 1.535 1.83726 2.05709 2.77644 4.09143 4.62243 4.85684 5.54701 5.15449 3.87392 2.80493 2.07756
62.26 -5.53901 -6.89909 -6.78131 -6.76176 -6.69522 -5.56321 -3.06555 -1.0342 0.0786088 0.883492 1.26641 1.51771 1.80957 2.02638 2.71536 3.95616 4.45835 4.75621 5.57674 5.27814 4.02161 2.96721 2.24482
62.3 -5.60378 -6.97915 -6.85451 -6.83576 -6.78401 -5.67846 -3.1923 -1.15774 -0.0171605 0.844268 1.25512 1.50139 1.78345 1.99638 2.65473 3.82426 4.29843 4.65387 5.59564 5.3903 4.16357 3.12582 2.40574
62.34 -5.67044 -7.06278 -6.93105 -6.91173 -6.87265 -5.79177 -3.31643 -1.28403 -0.120738 0.800447 1.24315 1.48578 1.75869 1.96695 2.59474 3.69618 4.14334 4.55081 5.60421 5.49037 4.29891 3.2804 2.56097
62.38 -5.73866 -7.14962 -7.01065 -6.98979 -6.96103 -5.90251 -3.43746 -1.41256 -0.23202 0.751128 1.2297 1.47067 1.73522 1.9381 2.53561 3.57229 3.9936 4.44785 5.60299 5.57801 4.42685 3.43057 2.71099
62.42 -5.80812 -7.23931 -7.09305 -7.07001 -7.04905 -6.01016 -3.555 -1.54254 -0.350613 0.695233 1.21367 1.45582 1.71305 1.90992 2.47765 3.45289 3.8496 4.34573 5.59257 5.65295 4.54677 3.57604 2.85619
62.46 -5.87849 -7.3315 -7.17806 -7.1524 -7.13659 -6.11429 -3.66867 -1.67295 -0.475841 0.631452 1.19368 1.44102 1.69233 1.88262 2.42118 3.33826 3.71166 4.24504 5.57353 5.71511 4.65814 3.71655 2.99688
62.5 -5.94947 -7.42593 -7.26551 -7.23698 -7.2235 -6.21454 -3.77815 -1.80252 -0.606782 0.558223 1.16805 1.42603 1.67329 1.8565 2.36655 3.22864 3.58001 4.14633 5.54647 5.76445 4.76052 3.85193 3.13332
62.54 -6.02074 -7.52232 -7.35526 -7.32379 -7.30969 -6.31062 -3.88319 -1.92981 -0.742316 0.473795 1.13479 1.41061 1.65621 1.83189 2.31414 3.12427 3.45487 4.05003 5.51189 5.80101 4.85355 3.98204 3.26574
62.58 -6.09201 -7.62045 -7.44722 -7.41283 -7.39503 -6.40228 -3.98362 -2.05334 -0.881186 0.376421 1.09184 1.39445 1.64142 1.80917 2.26431 3.02538 3.33644 3.95654 5.47034 5.82487 4.93695 4.10681 3.39437
62.62 -6.16297 -7.7201 -7.54127 -7.50412 -7.47937 -6.4893 -4.07939 -2.17183 -1.02208 0.264716 1.03727 1.37715 1.6291 1.78862 2.2174 2.93217 3.22489 3.86619 5.42228 5.83618 5.01046 4.2262 3.51944
62.66 -6.23334 -7.821 -7.63728 -7.59756 -7.56243 -6.57141 -4.17062 -2.28445 -1.16374 0.138117 0.96968 1.35813 1.61917 1.77041 2.17364 2.84482 3.12036 3.77927 5.36821 5.83514 5.0739 4.34018 3.64115
62.7 -6.30286 -7.92294 -7.73502 -7.69294 -7.64385 -6.6483 -4.25762 -2.39104 -1.30501 -0.0027466 0.888511 1.33662 1.61123 1.75445 2.13314 2.76343 3.02301 3.69606 5.30867 5.82208 5.12713 4.44871 3.75966
62.74 -6.37135 -8.02568 -7.83424 -7.78926 -7.72283 -6.71987 -4.34111 -2.49228 -1.44491 -0.155872 0.794273 1.31176 1.6045 1.74049 2.09587 2.68806 2.93294 3.61681 5.24427 5.79748 5.17003 4.55171 3.87509
62.78 -6.43936 -8.12984 -7.9355 -7.88034 -7.79512 -6.7885 -4.42401 -2.59021 -1.58232 -0.317676 0.688832 1.28291 1.59823 1.72829 2.06185 2.61879 2.8503 3.54184 5.17573 5.76198 5.20275 4.64886 3.98722
62.82 -6.50679 -8.23534 -8.03896 -7.9663 -7.85871 -6.85325 -4.50681 -2.6867 -1.71704 -0.484646 0.574159 1.24909 1.59128 1.71735 2.03085 2.55551 2.77506 3.47133 5.10384 5.71648 5.22531 4.74001 4.09598
62.86 -6.57341 -8.34187 -8.14443 -8.04782 -7.91354 -6.91362 -4.58766 -2.78168 -1.84997 -0.653639 0.452274 1.20928 1.58255 1.70728 2.00269 2.49808 2.70713 3.40537 5.02935 5.66194 5.23805 4.82496 4.20117
62.9 -6.63921 -8.44931 -8.24948 -8.12451 -7.96063 -6.96985 -4.66552 -2.87533 -1.98132 -0.821511 0.325254 1.16264 1.57118 1.69786 1.97724 2.44635 2.64634 3.34404 4.95306 5.59949 5.24143 4.90348 4.30243
62.94 -6.70545 -8.55884 -8.3448 -8.19048 -8.00348 -7.02326 -4.74454 -2.97058 -2.10876 -0.984207 0.195553 1.10867 1.55666 1.68913 1.95444 2.40011 2.59241 3.28729 4.87574 5.53035 5.23606 4.97538 4.39939
62.98 -6.77231 -8.67108 -8.43216 -8.24353 -8.03977 -7.07247 -4.82581 -3.06936 -2.23223 -1.13958 0.0645211 1.04657 1.53851 1.68123 1.93427 2.35909 2.5449 3.23489 4.79798 5.45568 5.22268 5.04058 4.49174
63.02 -6.83998 -8.77581 -8.50927 -8.28864 -8.06997 -7.11756 -4.91114 -3.16976 -2.34861 -1.28689 -0.0672681 0.975454 1.51643 1.67451 1.91687 2.32313 2.50346 3.18669 4.72043 5.37671 5.20205 5.09901 4.57912
63.06 -6.91088 -8.86803 -8.57004 -8.32758 -8.09397 -7.15868 -5.00128 -3.27157 -2.4573 -1.42506 -0.199177 0.894804 1.49035 1.6694 1.90244 2.2921 2.46771 3.14249 4.64364 5.2946 5.17505 5.15067 4.66118
63.1 -6.97133 -8.94613 -8.6205 -8.36013 -8.11022 -7.19434 -5.0947 -3.37631 -2.55977 -1.55262 -0.330341 0.804559 1.46031 1.66623 1.89105 2.26575 2.43717 3.10201 4.56807 5.21042 5.14255 5.19568 4.73765
63.14 -7.01657 -9.00144 -8.66078 -8.38499 -8.11758 -7.22404 -5.19186 -3.48555 -2.65703 -1.6693 -0.460047 0.705194 1.42648 1.66513 1.8827 2.24382 2.41136 3.06494 4.49407 5.1251 5.10543 5.23421 4.80835
63.18 -7.04838 -9.03244 -8.6875 -8.3996 -8.11443 -7.24717 -5.29329 -3.60073 -2.75042 -1.77568 -0.587666 0.59779 1.38909 1.66602 1.87725 2.22598 2.38982 3.03101 4.42197 5.03952 5.06451 5.26648 4.87315
63.22 -7.06693 -9.03944 -8.69873 -8.40189 -8.09903 -7.26274 -5.39966 -3.7246 -2.8386 -1.87029 -0.713745 0.483457 1.34817 1.66839 1.87439 2.21189 2.37215 3.00005 4.35212 4.9545 5.02062 5.29272 4.93195
63.26 -7.07177 -9.02272 -8.69319 -8.39035 -8.07003 -7.26995 -5.51077 -3.85668 -2.92396 -1.95595 -0.836711 0.364719 1.3042 1.67171 1.87372 2.20114 2.35791 2.97184 4.2848 4.87075 4.97449 5.31327 4.98471
63.3 -7.06223 -8.98226 -8.66974 -8.36358 -8.0261 -7.26779 -5.62633 -3.99714 -3.00934 -2.03536 -0.955021 0.244408 1.25773 1.67528 1.87474 2.19326 2.34664 2.94613 4.22018 4.78883 4.92682 5.32846 5.03146
63.34 -7.03743 -8.9177 -8.62725 -8.32024 -7.96591 -7.25534 -5.74636 -4.14677 -3.09679 -2.11061 -1.06762 0.125158 1.20915 1.67828 1.87696 2.18781 2.3379 2.9227 4.15837 4.70921 4.87821 5.33863 5.07229
63.38 -6.99644 -8.82843 -8.5646 -8.25909 -7.88833 -7.23179 -5.87115 -4.3066 -3.18806 -2.18352 -1.17376 0.00927566 1.15868 1.67983 1.87991 2.1844 2.3313 2.9013 4.09942 4.63221 4.82913 5.34413 5.10736
63.42 -6.93826 -8.71377 -8.48073 -8.179 -7.79235 -7.1965 -6.00114 -4.47778 -3.28469 -2.25573 -1.27299 -0.101416 1.10629 1.67897 1.88319 2.18276 2.32653 2.88172 4.04329 4.55802 4.77997 5.34525 5.13685
63.46 -6.86191 -8.57306 -8.37469 -8.07901 -7.67717 -7.14895 -6.13688 -4.66157 -3.38808 -2.3287 -1.36517 -0.205679 1.0516 1.67463 1.88644 2.18269 2.32332 2.86375 3.98987 4.4867 4.73093 5.34239 5.16072
63.5 -6.7665 -8.40575 -8.24571 -7.95831 -7.54223 -7.08874 -6.27895 -4.85917 -3.4995 -2.40374 -1.45056 -0.302922 0.993868 1.66555 1.88937 2.18407 2.32146 2.84716 3.93903 4.41826 4.6822 5.33516 5.17979
63.54 -6.65126 -8.21152 -8.09318 -7.81629 -7.38716 -7.01557 -6.4278 -5.07174 -3.62027 -2.48199 -1.52967 -0.393289 0.931914 1.6503 1.89166 2.18687 2.3208 2.83176 3.89051 4.35247 4.63366 5.32422 5.19366
63.58 -6.51559 -7.99034 -7.91664 -7.65243 -7.2117 -6.92905 -6.58365 -5.30065 -3.75275 -2.56267 -1.60198 -0.4785 0.863893 1.6271 1.89284 2.19101 2.3212 2.81736 3.84409 4.28915 4.58526 5.30934 5.2026
63.62 -6.35901 -7.74254 -7.71598 -7.46655 -7.01598 -6.82903 -6.74634 -5.54611 -3.89718 -2.64789 -1.66992 -0.55939 0.788395 1.59437 1.89242 2.19633 2.32244 2.80369 3.79947 4.22802 4.53677 5.29039 5.20672
63.66 -6.18132 -7.46891 -7.49135 -7.25866 -6.80033 -6.71522 -6.91478 -5.80757 -4.05408 -2.73994 -1.73637 -0.637603 0.704159 1.55071 1.88966 2.20239 2.32413 2.7904 3.75628 4.16874 4.48795 5.26718 5.20604
63.7 -5.98265 -7.17063 -7.24313 -7.02891 -6.56514 -6.58718 -7.087 -6.08365 -4.22403 -2.84084 -1.80455 -0.715566 0.610186 1.495 1.88358 2.20849 2.32574 2.77708 3.71417 4.11098 4.43852 5.23953 5.20054
63.74 -5.76354 -6.84935 -6.9719 -6.77752 -6.31088 -6.44431 -7.25987 -6.37199 -4.40762 -2.95324 -1.87699 -0.795285 0.505501 1.42636 1.87283 2.21353 2.32653 2.76322 3.67279 4.05449 4.38828 5.20727 5.19014
63.78 -5.52499 -6.50712 -6.67853 -6.50493 -6.03819 -6.28607 -7.42938 -6.66918 -4.60481 -3.07887 -1.95704 -0.879652 0.389904 1.34456 1.85599 2.21615 2.3256 2.74827 3.63179 3.99908 4.33715 5.17045 5.17485
63.82 -5.26849 -6.14644 -6.3642 -6.21186 -5.74798 -6.11208 -7.59068 -6.97058 -4.81471 -3.21883 -2.0487 -0.972018 0.263791 1.24999 1.83168 2.21494 2.32202 2.73165 3.59087 3.94462 4.28511 5.12893 5.15438
63.86 -4.99603 -5.77019 -6.03052 -5.89939 -5.44143 -5.92226 -7.73832 -7.27068 -5.03588 -3.37395 -2.15476 -1.07492 0.127511 1.14326 1.79855 2.20846 2.31487 2.71282 3.54977 3.89102 4.23225 5.08298 5.12888
63.9 -4.71004 -5.38163 -5.67957 -5.5691 -5.12019 -5.71698 -7.86682 -7.56341 -5.26616 -3.5443 -2.27686 -1.1902 -0.0185026 1.02516 1.75542 2.19543 2.30342 2.69134 3.50826 3.83827 4.17878 5.03299 5.09834
63.94 -4.41328 -4.98429 -5.31396 -5.22315 -4.78637 -5.49723 -7.97119 -7.84256 -5.50265 -3.72899 -2.41549 -1.31891 -0.173661 0.896655 1.7013 2.17483 2.28715 2.66693 3.46621 3.78637 4.125 4.97948 5.06289
63.98 -4.10872 -4.58192 -4.93682 -4.86434 -4.44269 -5.26464 -8.0474 -8.10224 -5.74185 -3.92623 -2.56999 -1.46125 -0.337135 0.758717 1.63534 2.14593 2.26589 2.63947 3.42354 3.73536 4.07121 4.92311 5.02282
64.02 -3.79939 -4.17834 -4.55176 -4.49606 -4.09232 -5.02143 -8.09273 -8.33724 -5.97985 -4.13344 -2.7387 -1.61651 -0.507782 0.612289 1.55678 2.10826 2.23978 2.60907 3.38025 3.68524 4.01774 4.86455 4.97845
64.06 -3.48829 -3.77732 -4.1627 -4.12214 -3.7388 -4.77029 -8.10597 -8.54337 -6.2126 -4.3475 -2.91925 -1.78316 -0.684121 0.458153 1.4648 2.06164 2.20935 2.57604 3.3364 3.63599 3.96485 4.80452 4.9303
64.1 -3.17823 -3.38239 -3.77365 -3.74662 -3.38581 -4.51418 -8.08737 -8.71764 -6.4362 -4.56504 -3.10879 -1.95897 -0.864368 0.296859 1.35851 2.00602 2.1754 2.54089 3.29214 3.58758 3.91275 4.74367 4.87894
64.14 -2.87178 -2.99675 -3.38852 -3.37353 -3.03695 -4.25611 -8.03843 -8.85833 -6.64711 -4.78275 -3.30463 -2.14069 -1.04603 0.128478 1.23688 1.94144 2.13885 2.50423 3.24765 3.53996 3.86158 4.68268 4.82511
64.18 -2.57122 -2.62319 -3.01095 -3.00667 -2.69556 -3.99899 -7.96169 -8.96493 -6.8425 -4.99814 -3.50518 -2.32254 -1.22479 -0.0479121 1.09871 1.8678 2.10053 2.46668 3.2032 3.49317 3.81153 4.62204 4.76917
64.22 -2.27844 -2.2639 -2.64403 -2.64933 -2.36448 -3.7454 -7.86053 -9.03829 -7.02002 -5.20765 -3.70609 -2.50323 -1.40067 -0.231054 0.9446 1.78561 2.06116 2.42871 3.15887 3.44707 3.76263 4.56224 4.71193
64.26 -1.99497 -1.92059 -2.29036 -2.3043 -2.04607 -3.49765 -7.73871 -9.07994 -7.17762 -5.40815 -3.90425 -2.68163 -1.57357 -0.419666 0.776256 1.69552 2.02103 2.39056 3.11464 3.40149 3.71486 4.50365 4.65404
64.3 -1.72208 -1.59446 -1.95196 -1.9738 -1.74215 -3.25762 -7.60013 -9.092 -7.31385 -5.59699 -4.09723 -2.85679 -1.74369 -0.612215 0.596593 1.5984 1.97997 2.35214 3.07033 3.35623 3.66819 4.44657 4.59611
64.34 -1.46077 -1.28629 -1.63033 -1.65948 -1.45405 -3.0268 -7.4486 -9.07711 -7.42791 -5.77208 -4.28309 -3.02809 -1.91156 -0.806845 0.4095 1.49529 1.9374 2.31315 3.02563 3.31099 3.6225 4.39121 4.53868
64.38 -1.21177 -0.99644 -1.32644 -1.36244 -1.18255 -2.80624 -7.28772 -9.03829 -7.51966 -5.93188 -4.46038 -3.19518 -2.07777 -1.00153 0.219235 1.3874 1.89258 2.2732 2.98019 3.26547 3.57765 4.33765 4.48219
64.42 -0.975571 -0.724941 -1.0408 -1.08326 -0.928013 -2.59656 -7.12072 -8.97879 -7.58964 -6.07547 -4.62809 -3.35779 -2.24262 -1.19427 0.0297626 1.27585 1.84472 2.23195 2.93378 3.2194 3.53344 4.28587 4.42691
64.46 -0.752459 -0.471517 -0.773486 -0.822095 -0.690387 -2.39791 -6.95031 -8.90196 -7.63905 -6.20257 -4.78559 -3.51561 -2.40596 -1.38317 -0.155729 1.16144 1.79298 2.18928 2.88635 3.17263 3.48967 4.2357 4.37294
64.5 -0.542517 -0.235674 -0.524261 -0.578724 -0.469325 -2.21001 -6.77863 -8.81111 -7.66948 -6.31345 -4.93281 -3.66891 -2.56623 -1.56562 -0.335495 1.04408 1.7363 2.1453 2.83821 3.12523 3.44621 4.18691 4.32025
64.54 -0.345677 -0.0167649 -0.29267 -0.352723 -0.264307 -2.03211 -6.60719 -8.70937 -7.68302 -6.40919 -5.07052 -3.81854 -2.71959 -1.73769 -0.509411 0.922346 1.673 2.10027 2.79009 3.07759 3.40308 4.13926 4.26867
64.58 -0.161688 0.18605 -0.0779547 -0.143316 -0.074496 -1.8627 -6.43658 -8.5999 -7.68234 -6.49106 -5.19845 -3.96255 -2.86643 -1.89902 -0.675593 0.79469 1.60134 2.05477 2.74303 3.0303 3.36036 4.09245 4.21789
64.62 0.00981244 0.373667 0.120717 0.05032 0.100933 -1.69959 -6.26663 -8.48556 -7.66999 -6.56046 -5.31678 -4.10012 -3.00634 -2.04838 -0.833243 0.65872 1.5191 2.00929 2.69829 2.98415 3.31827 4.04625 4.16761
64.66 0.169236 0.546914 0.304022 0.228679 0.262256 -1.54061 -6.09449 -8.36772 -7.64973 -6.61938 -5.42612 -4.23109 -3.13958 -2.18369 -0.981205 0.511696 1.42388 1.96373 2.65664 2.9398 3.27707 4.00056 4.11764
64.7 0.316881 0.705681 0.470159 0.387414 0.40189 -1.39596 -5.8762 -8.22191 -7.65049 -6.68173 -5.5315 -4.35694 -3.26739 -2.30614 -1.12169 0.350854 1.31299 1.91589 2.61674 2.89634 3.23595 3.95471 4.0679
64.74 0.453314 0.850694 0.619479 0.526257 0.518633 -1.2655 -5.62707 -8.02494 -7.64742 -6.76902 -5.64385 -4.48117 -3.38987 -2.41888 -1.25774 0.177566 1.18655 1.86371 2.57678 2.85268 3.19411 3.90819 4.0183
64.78 0.578374 0.982043 0.752068 0.645662 0.613786 -1.14355 -5.34916 -7.77055 -7.63448 -6.88205 -5.76523 -4.60573 -3.5088 -2.52539 -1.39097 -0.00459016 1.04678 1.80529 2.5348 2.80783 3.15105 3.8608 3.96881
64.82 0.691905 1.1 0.868572 0.747189 0.690405 -1.02392 -5.04242 -7.46584 -7.60842 -7.01251 -5.89432 -4.73195 -3.62648 -2.62934 -1.52273 -0.191169 0.896936 1.73887 2.48884 2.76093 3.10636 3.81244 3.91941
64.86 0.794276 1.20546 0.97048 0.833279 0.75214 -0.903486 -4.71421 -7.12324 -7.55893 -7.14698 -6.03316 -4.86262 -3.74558 -2.73376 -1.65379 -0.377875 0.740376 1.66294 2.43723 2.71131 3.05968 3.76298 3.86997
64.9 0.886558 1.30006 1.06002 0.906796 0.802309 -0.783145 -4.37844 -6.76351 -7.46229 -7.2635 -6.19275 -5.0041 -3.86952 -2.84077 -1.78417 -0.560996 0.579959 1.57624 2.37874 2.65864 3.01071 3.71214 3.82023
64.94 0.969606 1.38515 1.13915 0.970517 0.844673 -0.66307 -4.04197 -6.39058 -7.31975 -7.35949 -6.36506 -5.15415 -3.99895 -2.95181 -1.9141 -0.738087 0.417687 1.47794 2.31292 2.60326 2.95959 3.65986 3.76989
64.98 1.04459 1.46243 1.21016 1.02744 0.882908 -0.544048 -3.71193 -6.01124 -7.13506 -7.42986 -6.54264 -5.31046 -4.13398 -3.0676 -2.04378 -0.907906 0.254561 1.36738 2.23966 2.54576 2.90662 3.60609 3.71861
65.02 1.11283 1.53365 1.27525 1.08024 0.920024 -0.42715 -3.39443 -5.63177 -6.91311 -7.4712 -6.71861 -5.47029 -4.27403 -3.18818 -2.17328 -1.07014 0.0909225 1.24423 2.1591 2.4868 2.85217 3.55082 3.66612
65.06 1.17564 1.60044 1.33635 1.13104 0.958253 -0.313305 -3.09384 -5.2572 -6.66003 -7.48229 -6.88663 -5.63048 -4.41807 -3.31372 -2.30176 -1.22431 -0.0735962 1.10863 2.07144 2.42682 2.79655 3.49407 3.6122
65.1 1.23426 1.66427 1.39503 1.18145 0.999132 -0.203102 -2.81282 -4.89149 -6.3829 -7.46382 -7.04127 -5.78793 -4.56499 -3.44435 -2.42709 -1.36963 -0.239806 0.961285 1.97692 2.36593 2.73993 3.43587 3.55671
65.14 1.28985 1.7265 1.45266 1.23278 1.04383 -0.0965615 -2.55242 -4.53768 -6.08911 -7.41822 -7.17853 -5.93935 -4.71217 -3.57758 -2.55092 -1.50892 -0.406386 0.804686 1.87636 2.30408 2.68229 3.37605 3.49944
65.18 1.34351 1.78833 1.51041 1.28604 1.09314 0.00662353 -2.31258 -4.19824 -5.78596 -7.34887 -7.2955 -6.0816 -4.85711 -3.71179 -2.6741 -1.64408 -0.572362 0.641717 1.77062 2.24094 2.62349 3.31444 3.44017
65.22 1.39625 1.85085 1.56927 1.34206 1.14762 0.107019 -2.09255 -3.87519 -5.48019 -7.2597 -7.39047 -6.21203 -4.99756 -3.84555 -2.79697 -1.77666 -0.736851 0.475371 1.6606 2.17607 2.56332 3.25084 3.37874
65.26 1.44901 1.91508 1.63015 1.40152 1.20769 0.20535 -1.89108 -3.57015 -5.17775 -7.15478 -7.46293 -6.32868 -5.1315 -3.97751 -2.91955 -1.90777 -0.899028 0.308424 1.54716 2.109 2.50164 3.18514 3.31499
65.3 1.50266 1.98193 1.69387 1.46502 1.27366 0.302423 -1.70672 -3.28427 -4.88359 -7.03808 -7.51334 -6.43023 -5.25733 -4.10646 -3.04164 -2.03809 -1.05814 0.143191 1.43097 2.03925 2.43843 3.11736 3.24886
65.34 1.55801 2.05223 1.76116 1.53312 1.3458 0.399048 -1.53787 -3.01832 -4.60159 -6.91322 -7.54288 -6.51605 -5.3738 -4.23134 -3.16281 -2.16779 -1.21347 -0.0185937 1.31239 1.96627 2.37381 3.04773 3.18043
65.38 1.61576 2.1267 1.83266 1.60627 1.42429 0.49598 -1.38294 -2.77262 -4.33467 -6.78333 -7.55326 -6.58613 -5.48012 -4.35127 -3.28249 -2.29661 -1.36425 -0.175751 1.19127 1.88937 2.30809 2.97673 3.10994
65.42 1.67653 2.2059 1.9089 1.6848 1.50918 0.593818 -1.24045 -2.54715 -4.08477 -6.65106 -7.54637 -6.64083 -5.57597 -4.46612 -3.40133 -2.42197 -1.50793 -0.328662 1.06647 1.8074 2.24166 2.90516 3.03794
65.46 1.74079 2.29029 1.9903 1.76899 1.6005 0.693094 -1.10896 -2.34146 -3.85299 -6.51846 -7.52439 -6.6812 -5.66149 -4.57543 -3.51823 -2.54288 -1.64364 -0.47676 0.936738 1.71909 2.17499 2.83398 2.96509
65.5 1.80893 2.38017 2.07717 1.85901 1.69819 0.794246 -0.987052 -2.15475 -3.63969 -6.38716 -7.48957 -6.70847 -5.73685 -4.6785 -3.63183 -2.65946 -1.77115 -0.619213 0.800911 1.62317 2.10848 2.76416 2.89216
65.54 1.88118 2.47566 2.16965 1.9549 1.80207 0.897531 -0.873496 -1.98601 -3.44464 -6.25838 -7.44401 -6.72393 -5.80237 -4.77493 -3.74128 -2.7713 -1.89008 -0.755777 0.658079 1.51862 2.04225 2.69645 2.81987
65.58 1.95767 2.57672 2.26775 2.05652 1.91178 1.00298 -0.767273 -1.83414 -3.26721 -6.13301 -7.38964 -6.7288 -5.85838 -4.86446 -3.84624 -2.87896 -1.99916 -0.885294 0.507573 1.40466 1.97578 2.63102 2.74877
65.62 2.03835 2.68316 2.37128 2.16359 2.02682 1.11047 -0.667508 -1.69791 -3.10638 -6.0116 -7.32836 -6.72436 -5.90536 -4.94693 -3.94617 -2.98199 -2.09888 -1.00816 0.350621 1.2818 1.90826 2.56743 2.67904
65.66 2.1231 2.79462 2.47994 2.27572 2.1466 1.21976 -0.573467 -1.57607 -2.96075 -5.89447 -7.26189 -6.71192 -5.94384 -5.02208 -4.04032 -3.07981 -2.19133 -1.12566 0.189968 1.15168 1.83868 2.50479 2.61055
65.7 2.21165 2.91064 2.59329 2.39235 2.27042 1.33042 -0.484608 -1.46742 -2.82861 -5.78157 -7.19192 -6.69267 -5.97426 -5.08977 -4.12832 -3.1725 -2.2783 -1.23854 0.0285901 1.01635 1.76583 2.44189 2.54297
65.74 2.30368 3.03063 2.71078 2.51287 2.39745 1.44194 -0.400553 -1.37084 -2.7078 -5.67248 -7.12007 -6.66783 -5.99721 -5.15002 -4.21007 -3.26037 -2.3613 -1.34732 -0.130669 0.877929 1.68856 2.37752 2.47592
65.78 2.39878 3.15394 2.83178 2.63654 2.52684 1.5537 -0.321079 -1.28538 -2.59564 -5.56627 -7.048 -6.63865 -6.01337 -5.20309 -4.28566 -3.34375 -2.44142 -1.45236 -0.285453 0.738255 1.60585 2.31067 2.40912
65.82 2.49648 3.27989 2.9556 2.76261 2.65769 1.66503 -0.246107 -1.21023 -2.48887 -5.46142 -6.97735 -6.60648 -6.02362 -5.2494 -4.35532 -3.42298 -2.51938 -1.55384 -0.434066 0.598715 1.51691 2.2406 2.34244
65.86 2.59669 3.40824 3.08211 2.89079 2.78924 1.7745 -0.178165 -1.1497 -2.39278 -5.33192 -6.89364 -6.58927 -6.03631 -5.29166 -4.41951 -3.49828 -2.59604 -1.65296 -0.576682 0.459202 1.42033 2.16622 2.27551
65.9 2.69908 3.53861 3.21095 3.02056 2.9206 1.88092 -0.118718 -1.10569 -2.30754 -5.16066 -6.78754 -6.59523 -6.05727 -5.33324 -4.47981 -3.57027 -2.67173 -1.75019 -0.713644 0.319341 1.31504 2.08666 2.20797
65.94 2.80297 3.67009 3.34115 3.15095 3.05094 1.98407 -0.0665574 -1.07507 -2.22563 -4.95541 -6.66236 -6.61533 -6.08626 -5.37582 -4.53776 -3.63963 -2.74628 -1.84509 -0.844558 0.179583 1.20121 2.0019 2.13979
65.98 2.90811 3.80225 3.47231 3.28161 3.18 2.08393 -0.0212412 -1.05722 -2.14724 -4.73218 -6.50116 -6.6283 -6.13713 -5.42725 -4.59668 -3.70713 -2.81936 -1.93747 -0.969811 0.0398164 1.07895 1.9117 2.07067
66.02 3.01373 3.93411 3.60345 3.41162 3.30702 2.18036 0.0184315 -1.04899 -2.06876 -4.49194 -6.30914 -6.63336 -6.2033 -5.48635 -4.65779 -3.77427 -2.89203 -2.02602 -1.08836 -0.0999073 0.949168 1.81637 2.00051
66.06 3.11908 4.06486 3.73359 3.54006 3.4314 2.27355 0.0542694 -1.04645 -1.98765 -4.23881 -6.09593 -6.62922 -6.27661 -5.55061 -4.72137 -3.842 -2.9647 -2.11031 -1.2001 -0.238953 0.813427 1.71655 1.92927
66.1 3.22356 4.19366 3.86186 3.6662 3.55281 2.36393 0.0881196 -1.04604 -1.9033 -3.97937 -5.86999 -6.61411 -6.35043 -5.61743 -4.78698 -3.91043 -3.03708 -2.19145 -1.30616 -0.375964 0.673873 1.61317 1.857
66.14 3.32659 4.31986 3.98756 3.78952 3.67105 2.45196 0.121575 -1.04486 -1.81624 -3.72044 -5.63872 -6.58704 -6.41941 -5.68412 -4.85371 -3.97947 -3.10917 -2.27013 -1.40733 -0.509988 0.532536 1.50713 1.78374
66.18 3.42771 4.44293 4.11017 3.90962 3.78603 2.53802 0.155835 -1.04085 -1.72763 -3.46804 -5.40806 -6.54787 -6.47983 -5.74828 -4.92042 -4.04875 -3.18094 -2.34687 -1.5043 -0.640292 0.391251 1.39926 1.70956
66.22 3.52656 4.56249 4.22932 4.02626 3.8977 2.6224 0.191674 -1.03276 -1.63883 -3.22692 -5.18224 -6.49712 -6.52957 -5.80805 -4.98594 -4.11777 -3.25227 -2.42204 -1.59767 -0.766332 0.251567 1.29022 1.63448
66.26 3.62287 4.67832 4.34478 4.13929 4.00608 2.70527 0.229476 -1.02005 -1.55121 -3.00039 -4.96378 -6.4357 -6.56791 -5.86218 -5.04925 -4.18597 -3.32299 -2.49587 -1.68795 -0.887713 0.114705 1.18044 1.55842
66.3 3.71647 4.79029 4.45643 4.24868 4.11118 2.78669 0.26931 -1.00274 -1.46599 -2.79042 -4.75371 -6.36465 -6.59527 -5.91002 -5.10951 -4.25278 -3.39285 -2.56852 -1.77548 -1.00414 -0.0184362 1.07003 1.48114
66.34 3.80724 4.89837 4.56429 4.35445 4.21306 2.86666 0.311017 -0.981224 -1.38422 -2.5978 -4.55181 -6.28496 -6.61284 -5.95147 -5.16619 -4.31771 -3.46163 -2.64002 -1.86051 -1.11538 -0.147246 0.958829 1.40223
66.38 3.89515 5.00262 4.66842 4.45669 4.31177 2.94513 0.354295 -0.956135 -1.30671 -2.42243 -4.357 -6.19752 -6.62224 -5.98682 -5.21897 -4.3804 -3.5291 -2.71035 -1.94313 -1.22121 -0.271347 0.846365 1.32105
66.42 3.9802 5.10315 4.76892 4.5555 4.40739 3.02203 0.398768 -0.928209 -1.23403 -2.26355 -4.16765 -6.10297 -6.62528 -6.0167 -5.26781 -4.4406 -3.59504 -2.77944 -2.02331 -1.32143 -0.390557 0.731981 1.23676
66.46 4.06253 5.20022 4.86614 4.65126 4.50027 3.09752 0.444115 -0.898533 -1.16762 -2.12214 -3.9866 -5.99302 -6.61698 -6.04885 -5.31588 -4.49901 -3.6595 -2.84767 -2.09987 -1.41512 -0.505833 0.614459 1.14814
66.5 4.14234 5.29426 4.96061 4.74455 4.59091 3.17186 0.490048 -0.868254 -1.10888 -1.99912 -3.81631 -5.85702 -6.59138 -6.09124 -5.3673 -4.55718 -3.72259 -2.91446 -2.17264 -1.50248 -0.617247 0.493036 1.05403
66.54 4.21978 5.3855 5.05247 4.83545 4.6793 3.2449 0.536224 -0.837683 -1.05695 -1.89107 -3.65129 -5.70116 -6.55342 -6.139 -5.42065 -4.61527 -3.78463 -2.9797 -2.24202 -1.58371 -0.724271 0.367913 0.953829
66.58 4.29498 5.47414 5.14191 4.92406 4.76548 3.31656 0.582412 -0.807036 -1.01106 -1.79547 -3.48893 -5.52901 -6.50534 -6.18969 -5.47527 -4.67339 -3.8459 -3.04351 -2.30837 -1.65928 -0.826744 0.239661 0.847159
66.62 4.3681 5.56041 5.22906 5.01045 4.84947 3.38678 0.62846 -0.776379 -0.970313 -1.71003 -3.32785 -5.34386 -6.44871 -6.24127 -5.53048 -4.73156 -3.9066 -3.10606 -2.37208 -1.72983 -0.924636 0.109284 0.73396
66.66 4.43927 5.64454 5.31403 5.09466 4.93127 3.45552 0.674306 -0.745613 -0.933657 -1.63273 -3.16749 -5.14908 -6.38507 -6.29173 -5.58537 -4.78956 -3.96682 -3.16758 -2.43378 -1.79586 -1.01772 -0.0220545 0.614383
66.7 4.50866 5.72673 5.39693 5.17674 5.01091 3.5228 0.719961 -0.714518 -0.899995 -1.5618 -3.00804 -4.9481 -6.31566 -6.33923 -5.63895 -4.84706 -4.02667 -3.2285 -2.49435 -1.85732 -1.10537 -0.153382 0.488656
66.74 4.5713 5.8041 5.47979 5.25775 5.08893 3.58885 0.765514 -0.682881 -0.868362 -1.49591 -2.85025 -4.74434 -6.24166 -6.38224 -5.69028 -4.90364 -4.08603 -3.28879 -2.55374 -1.91543 -1.18821 -0.282881 0.357689
66.78 4.62659 5.87464 5.56241 5.33778 5.16554 3.65393 0.811274 -0.650225 -0.837669 -1.43388 -2.69506 -4.54089 -6.16412 -6.41954 -5.73851 -4.95882 -4.14472 -3.34843 -2.61208 -1.97116 -1.26674 -0.409127 0.222581
66.82 4.67658 5.93961 5.64387 5.41641 5.24069 3.71821 0.857525 -0.616047 -0.806892 -1.37473 -2.54349 -4.34038 -6.08395 -6.45028 -5.78291 -5.01213 -4.20254 -3.40743 -2.66961 -2.02529 -1.34148 -0.531124 0.084631
66.86 4.72263 6.00045 5.7239 5.49356 5.31445 3.78186 0.904519 -0.579925 -0.775199 -1.31777 -2.39652 -4.14501 -6.00196 -6.47388 -5.82283 -5.06309 -4.25925 -3.46578 -2.72652 -2.07846 -1.41301 -0.648284 -0.0546885
66.9 4.76587 6.05783 5.80223 5.56959 5.38714 3.84518 0.952544 -0.541492 -0.741947 -1.26253 -2.25511 -3.95656 -5.91883 -6.49009 -5.85785 -5.11131 -4.31459 -3.52344 -2.78296 -2.13116 -1.48197 -0.760391 -0.193833
66.94 4.8082 6.10809 5.87556 5.64651 5.46009 3.90903 1.00214 -0.500403 -0.70675 -1.20889 -2.1202 -3.77647 -5.83533 -6.49897 -5.88761 -5.15634 -4.36826 -3.58027 -2.83903 -2.18374 -1.54895 -0.867496 -0.331294
66.98 4.8504 6.15319 5.94392 5.72383 5.53324 3.97365 1.05366 -0.456224 -0.669084 -1.15656 -1.99231 -3.60556 -5.75194 -6.50073 -5.912 -5.19793 -4.42004 -3.63622 -2.89482 -2.23652 -1.61455 -0.969898 -0.465778
67.02 4.89267 6.19526 6.00865 5.80112 5.60649 4.03915 1.10737 -0.408617 -0.628545 -1.10534 -1.87177 -3.44426 -5.669 -6.49568 -5.93097 -5.23589 -4.46977 -3.69124 -2.95043 -2.28972 -1.67931 -1.06803 -0.596274
67.06 4.93514 6.23584 6.071 5.87831 5.67993 4.10575 1.16353 -0.357298 -0.584846 -1.05511 -1.7588 -3.29265 -5.58673 -6.48424 -5.9446 -5.27011 -4.51731 -3.74526 -3.00592 -2.34353 -1.74365 -1.16238 -0.722078
67.1 4.97796 6.2761 6.13203 5.95559 5.75373 4.17367 1.2224 -0.302007 -0.537777 -1.00581 -1.65348 -3.15059 -5.50526 -6.4669 -5.95304 -5.30053 -4.56256 -3.79827 -3.06134 -2.39806 -1.80792 -1.25344 -0.842784
67.14 5.02196 6.31762 6.18955 6.03106 5.82931 4.2439 1.28471 -0.242368 -0.487253 -0.957589 -1.556 -3.01789 -5.42485 -6.44435 -5.9565 -5.32706 -4.60534 -3.85012 -3.11666 -2.45337 -1.87219 -1.34154 -0.958294
67.18 5.06784 6.36164 6.2428 6.10302 5.90729 4.31704 1.35102 -0.177984 -0.433117 -0.910488 -1.46638 -2.89403 -5.34557 -6.41732 -5.95529 -5.34971 -4.64552 -3.90075 -3.17208 -2.51003 -1.93567 -1.42623 -1.06935
67.22 5.1155 6.40839 6.29392 6.17263 5.98693 4.39278 1.4214 -0.108634 -0.375172 -0.864385 -1.38437 -2.77806 -5.26709 -6.38646 -5.9498 -5.36862 -4.68315 -3.95017 -3.22752 -2.56772 -1.99872 -1.50816 -1.17585
67.26 5.16485 6.45797 6.34431 6.24091 6.06781 4.47098 1.49595 -0.034153 -0.313315 -0.81923 -1.30974 -2.66887 -5.189 -6.35247 -5.94047 -5.38402 -4.71827 -3.99834 -3.28286 -2.62621 -2.06173 -1.5879 -1.27785
67.3 5.21581 6.51044 6.39493 6.30863 6.14969 4.55153 1.57479 0.0455801 -0.247514 -0.775015 -1.24228 -2.56515 -5.11076 -6.3161 -5.92778 -5.39611 -4.75093 -4.04521 -3.33801 -2.68532 -2.12489 -1.66587 -1.37557
67.34 5.26833 6.56583 6.44651 6.37639 6.23235 4.63439 1.65804 0.130641 -0.177806 -0.731794 -1.18183 -2.46562 -5.03133 -6.27789 -5.91255 -5.40528 -4.7812 -4.0907 -3.39282 -2.74491 -2.18829 -1.74239 -1.46934
67.38 5.32249 6.62444 6.50002 6.44439 6.31583 4.72046 1.74661 0.221243 -0.105195 -0.691934 -1.1324 -2.37642 -4.93097 -6.22581 -5.90918 -5.41794 -4.81068 -4.13443 -3.44662 -2.80459 -2.25211 -1.81809 -1.55995
67.42 5.37881 6.68701 6.55676 6.51018 6.39766 4.81099 1.84158 0.317838 -0.0298225 -0.655672 -1.09385 -2.29581 -4.80814 -6.1594 -5.91723 -5.43508 -4.84044 -4.17689 -3.49925 -2.86387 -2.31592 -1.89287 -1.64765
67.46 5.43708 6.75334 6.6168 6.57509 6.47795 4.90515 1.94253 0.420244 0.0484612 -0.622206 -1.06442 -2.22006 -4.66645 -6.08122 -5.93301 -5.45577 -4.87086 -4.2186 -3.55096 -2.92278 -2.37985 -1.96613 -1.73208
67.5 5.49705 6.82309 6.67997 6.64029 6.55734 5.00212 2.049 0.528193 0.129683 -0.590979 -1.04292 -2.14747 -4.51011 -5.99012 -5.9515 -5.48167 -4.90318 -4.26025 -3.60201 -2.98131 -2.44392 -2.03736 -1.81301
67.54 5.55843 6.89597 6.74613 6.70658 6.63639 5.10152 2.16086 0.641608 0.213823 -0.561779 -1.02907 -2.07895 -4.34742 -5.87713 -5.96198 -5.51971 -4.94124 -4.30335 -3.65255 -3.039 -2.5074 -2.10677 -1.89093
67.58 5.62095 6.97165 6.81505 6.77435 6.71525 5.20271 2.27757 0.759995 0.300804 -0.533807 -1.021 -2.01247 -4.17788 -5.74729 -5.96575 -5.56486 -4.98359 -4.34823 -3.70324 -3.09613 -2.57009 -2.17437 -1.96594
67.62 5.68436 7.0498 6.88642 6.8437 6.79383 5.30504 2.39847 0.88281 0.390607 -0.506135 -1.0168 -1.94681 -4.00324 -5.60501 -5.96246 -5.6134 -5.02893 -4.3949 -3.75449 -3.15298 -2.63206 -2.2404 -2.03791
67.66 5.74841 7.1301 6.95994 6.9146 6.87191 5.4078 2.52285 1.00944 0.483182 -0.477868 -1.0147 -1.88136 -3.82606 -5.45395 -5.95149 -5.66236 -5.07595 -4.44313 -3.80654 -3.20988 -2.69357 -2.3054 -2.10605
67.7 5.81287 7.21221 7.0353 6.98692 6.94924 5.51033 2.64994 1.13923 0.578411 -0.448212 -1.01314 -1.8159 -3.64892 -5.29722 -5.93247 -5.70936 -5.12341 -4.49254 -3.85947 -3.26702 -2.7547 -2.36929 -2.1709
67.74 5.8775 7.29584 7.11223 7.06052 7.02555 5.61198 2.77892 1.27144 0.676079 -0.416525 -1.01086 -1.75049 -3.47418 -5.13738 -5.9053 -5.75264 -5.17017 -4.54261 -3.91321 -3.32449 -2.81552 -2.43206 -2.23293
67.78 5.94208 7.38073 7.19049 7.13528 7.1006 5.71212 2.90897 1.4053 0.775868 -0.382345 -1.00682 -1.68531 -3.30381 -4.97637 -5.87014 -5.79106 -5.21527 -4.59278 -3.96754 -3.38231 -2.87607 -2.49375 -2.29249
67.82 6.00639 7.46664 7.26988 7.2111 7.17418 5.81016 3.03928 1.54006 0.877359 -0.345388 -1.0003 -1.62059 -3.13929 -4.81562 -5.82736 -5.82404 -5.25797 -4.64245 -4.02215 -3.44036 -2.93636 -2.55445 -2.34989
67.86 6.07022 7.55337 7.35028 7.28793 7.24614 5.90553 3.16906 1.67494 0.980055 -0.305529 -0.990776 -1.55659 -2.98166 -4.65598 -5.77747 -5.85147 -5.29776 -4.6911 -4.07666 -3.49848 -2.99638 -2.6142 -2.40538
67.9 6.13338 7.64075 7.43157 7.36574 7.31632 5.99767 3.29757 1.80924 1.0834 -0.262769 -0.977893 -1.49349 -2.83153 -4.49793 -5.72108 -5.87364 -5.33437 -4.73825 -4.13069 -3.55644 -3.05604 -2.67306 -2.45918
67.94 6.19566 7.72864 7.51368 7.44454 7.38464 6.08609 3.42417 1.94232 1.18681 -0.217187 -0.961397 -1.43142 -2.68917 -4.34163 -5.65884 -5.89108 -5.36769 -4.78353 -4.18385 -3.61399 -3.11523 -2.73105 -2.51149
67.98 6.25687 7.81691 7.59659 7.52435 7.45096 6.17026 3.54827 2.07362 1.2897 -0.1689 -0.941065 -1.37041 -2.55457 -4.18704 -5.59142 -5.90449 -5.39777 -4.82665 -4.23577 -3.67083 -3.17382 -2.78816 -2.56243
68.02 6.31691 7.9056 7.68041 7.60426 7.51473 6.2502 3.66987 2.20297 1.39155 -0.118091 -0.916901 -1.31092 -2.42873 -4.03663 -5.51514 -5.91114 -5.4284 -4.86894 -4.28642 -3.7265 -3.23139 -2.84423 -2.61211
68.06 6.37632 7.99555 7.76627 7.67945 7.57236 6.32797 3.79078 2.33112 1.49183 -0.0652675 -0.889389 -1.25408 -2.3135 -3.89389 -5.42349 -5.9066 -5.46504 -4.91278 -4.33625 -3.78053 -3.2873 -2.8988 -2.66038
68.1 6.43499 8.08685 7.85454 7.75066 7.62285 6.40258 3.91058 2.45793 1.59023 -0.0102935 -0.857947 -1.19916 -2.2075 -3.75629 -5.32051 -5.89417 -5.50475 -4.95722 -4.38521 -3.83307 -3.34157 -2.95178 -2.70714
68.14 6.49266 8.17932 7.94518 7.81865 7.66626 6.47296 4.02872 2.58308 1.68641 0.047137 -0.821792 -1.14535 -2.10977 -3.62286 -5.20863 -5.8754 -5.54629 -5.00184 -4.4333 -3.88418 -3.39422 -3.00314 -2.75235
68.18 6.5492 8.27286 8.03715 7.88342 7.70302 6.53856 4.14499 2.70623 1.77994 0.107373 -0.780048 -1.09181 -2.01953 -3.49327 -5.08984 -5.85159 -5.58881 -5.04629 -4.48043 -3.9339 -3.44529 -3.05288 -2.79604
68.22 6.606 8.36894 8.12163 7.93983 7.7371 6.60133 4.26071 2.82711 1.86977 0.170326 -0.732173 -1.03799 -1.93639 -3.36779 -4.96629 -5.82404 -5.63167 -5.09015 -4.5264 -3.98212 -3.49472 -3.10094 -2.83815
68.26 6.66346 8.46828 8.19943 7.98562 7.76722 6.66041 4.37586 2.94596 1.95605 0.236714 -0.677029 -0.982852 -1.8597 -3.24667 -4.83981 -5.7939 -5.67439 -5.13312 -4.57105 -4.02879 -3.54248 -3.14735 -2.87871
68.3 6.72156 8.56593 8.2702 8.02331 7.79265 6.71505 4.49016 3.06243 2.03866 0.307236 -0.613496 -0.925353 -1.78881 -3.13026 -4.71218 -5.76223 -5.71662 -5.17496 -4.61425 -4.07386 -3.5886 -3.19212 -2.91776
68.34 6.78244 8.65177 8.3273 8.05747 7.81444 6.76551 4.60381 3.17616 2.11721 0.382215 -0.540876 -0.864739 -1.72325 -3.0191 -4.58506 -5.73 -5.7581 -5.21544 -4.65584 -4.11724 -3.63301 -3.23525 -2.95531
68.38 6.84127 8.7267 8.37195 8.08638 7.83067 6.81071 4.71671 3.28758 2.19225 0.462271 -0.458511 -0.800246 -1.66238 -2.91352 -4.45985 -5.69807 -5.79873 -5.25445 -4.69572 -4.15886 -3.67571 -3.27674 -2.99141
68.42 6.88445 8.78221 8.40941 8.11053 7.84047 6.84983 4.82857 3.39675 2.26408 0.547597 -0.366319 -0.731466 -1.60561 -2.81373 -4.3377 -5.66711 -5.83847 -5.29194 -4.73384 -4.1987 -3.71667 -3.31661 -3.02609
68.46 6.91425 8.81527 8.43622 8.12722 7.84215 6.88233 4.9403 3.50536 2.33395 0.638347 -0.264661 -0.658272 -1.55228 -2.7197 -4.21939 -5.63763 -5.87734 -5.32797 -4.77025 -4.23676 -3.75593 -3.3549 -3.0594
68.5 6.93132 8.82625 8.4503 8.13431 7.83397 6.90732 5.05225 3.61483 2.40311 0.734414 -0.154421 -0.580871 -1.50169 -2.63117 -4.10543 -5.60996 -5.91543 -5.36266 -4.80503 -4.2731 -3.79349 -3.39161 -3.09138
68.54 6.93568 8.8156 8.45016 8.12996 7.81423 6.92377 5.16475 3.7267 2.47289 0.835427 -0.0369511 -0.499783 -1.45319 -2.54771 -3.99603 -5.58425 -5.95283 -5.39619 -4.83832 -4.30781 -3.82942 -3.42679 -3.12205
68.58 6.92694 8.78337 8.43446 8.11246 7.78127 6.93069 5.27821 3.84267 2.54467 0.940839 0.0860676 -0.415761 -1.40614 -2.46874 -3.89119 -5.56051 -5.98962 -5.42876 -4.87032 -4.34101 -3.86376 -3.46046 -3.15145
68.62 6.90451 8.72923 8.40185 8.08021 7.73355 6.92716 5.39317 3.96454 2.61983 1.05002 0.212799 -0.3297 -1.35998 -2.39364 -3.79073 -5.5386 -6.02583 -5.46057 -4.90125 -4.37287 -3.89663 -3.49268 -3.17959
68.66 6.86759 8.65252 8.35102 8.03168 7.66963 6.91231 5.51026 4.09415 2.69976 1.16236 0.341429 -0.242525 -1.3142 -2.32175 -3.69435 -5.51827 -6.06144 -5.49179 -4.93132 -4.40358 -3.92815 -3.52352 -3.20652
68.7 6.81525 8.5524 8.28064 7.96547 7.58821 6.88542 5.63017 4.23328 2.78579 1.27739 0.470327 -0.155095 -1.26836 -2.25245 -3.60165 -5.49913 -6.09637 -5.52258 -4.96078 -4.43336 -3.95849 -3.55309 -3.23232
68.74 6.74652 8.42796 8.1895 7.88033 7.48824 6.84605 5.75333 4.3831 2.87924 1.39506 0.598256 -0.0680995 -1.22211 -2.18518 -3.51221 -5.48076 -6.13045 -5.55304 -4.98985 -4.46247 -3.98786 -3.58154 -3.25707
68.78 6.66042 8.27835 8.07647 7.7751 7.36872 6.79353 5.88054 4.54546 2.98137 1.5152 0.724248 0.0179677 -1.17507 -2.11937 -3.42547 -5.46258 -6.16345 -5.58321 -5.01878 -4.49119 -4.01653 -3.60908 -3.28095
68.82 6.55601 8.10284 7.94057 7.64878 7.22885 6.7273 6.01255 4.72202 3.09338 1.63799 0.847809 0.102896 -1.12684 -2.05443 -3.34078 -5.44386 -6.19505 -5.61313 -5.0478 -4.51986 -4.04483 -3.63599 -3.30415
68.86 6.43247 7.90095 7.78102 7.50059 7.0681 6.64694 6.14982 4.91395 3.21644 1.76395 0.968994 0.186813 -1.07696 -1.98974 -3.25733 -5.42378 -6.22485 -5.64273 -5.07713 -4.54885 -4.07315 -3.66262 -3.32698
68.9 6.28909 7.67253 7.59732 7.32998 6.88618 6.55212 6.29239 5.12196 3.35162 1.89396 1.08843 0.270215 -1.02488 -1.92461 -3.17415 -5.40135 -6.25238 -5.67194 -5.107 -4.57855 -4.10194 -3.6894 -3.34981
68.94 6.12542 7.41786 7.38925 7.13667 6.68312 6.44255 6.43978 5.34616 3.49984 2.02919 1.20729 0.353976 -0.969901 -1.8582 -3.09006 -5.37544 -6.27714 -5.70062 -5.13761 -4.60939 -4.1317 -3.71681 -3.37305
68.98 5.94124 7.13769 7.15696 6.92066 6.45923 6.31802 6.59083 5.58584 3.66176 2.17103 1.32725 0.439329 -0.91116 -1.78951 -3.00367 -5.34481 -6.29858 -5.72859 -5.16914 -4.64177 -4.16297 -3.7454 -3.39719
69.02 5.73671 6.83329 6.90089 6.68223 6.21507 6.17835 6.74354 5.83944 3.83773 2.32099 1.45037 0.527793 -0.847624 -1.71735 -2.91336 -5.3081 -6.31615 -5.75566 -5.20172 -4.67609 -4.19626 -3.77573 -3.42277
69.06 5.51237 6.50641 6.62188 6.42192 5.95153 6.02347 6.8952 6.10452 4.02782 2.48066 1.57889 0.620821 -0.778562 -1.64121 -2.81916 -5.25972 -6.32653 -5.78487 -5.23675 -4.71288 -4.23189 -3.80817 -3.45024
69.1 5.26917 6.15924 6.32104 6.14055 5.66972 5.85352 7.04256 6.37825 4.23223 2.6519 1.71496 0.719299 -0.704208 -1.56233 -2.72444 -5.18424 -6.32019 -5.82593 -5.27876 -4.75351 -4.26989 -3.84256 -3.47975
69.14 5.00868 5.7945 5.99992 5.83931 5.37109 5.66873 7.18128 6.65614 4.44968 2.83536 1.86033 0.824893 -0.622638 -1.4778 -2.6248 -5.08416 -6.29876 -5.87464 -5.3267 -4.79852 -4.31112 -3.87952 -3.51153
69.18 4.73299 5.41531 5.66052 5.51976 5.05735 5.46961 7.3067 6.93296 4.67815 3.03109 2.01602 0.938791 -0.532002 -1.38499 -2.5171 -4.96102 -6.2628 -5.92822 -5.37962 -4.84806 -4.35616 -3.91958 -3.5459
69.22 4.44465 5.02515 5.30528 5.18394 4.73063 5.25707 7.41412 7.20302 4.91504 3.23836 2.18213 1.06157 -0.430536 -1.28129 -2.39883 -4.8164 -6.21274 -5.98408 -5.43659 -4.90201 -4.40529 -3.96312 -3.58311
69.26 4.14646 4.62769 4.93707 4.83434 4.3934 5.03242 7.4993 7.46082 5.15739 3.45588 2.35804 1.19328 -0.316822 -1.16486 -2.26985 -4.65756 -6.14119 -6.03279 -5.50329 -4.96281 -4.45903 -4.00993 -3.62284
69.3 3.84136 4.22669 4.55917 4.47395 4.04851 4.7974 7.55889 7.70102 5.40171 3.68139 2.54191 1.33312 -0.189622 -1.0335 -2.12858 -4.48529 -6.04822 -6.07316 -5.5781 -5.0299 -4.51746 -4.06016 -3.66504
69.34 3.53238 3.82595 4.1752 4.10618 3.69911 4.55414 7.5905 7.91894 5.64396 3.91176 2.73108 1.47992 -0.0479211 -0.885115 -1.97326 -4.30008 -5.9376 -6.10494 -5.6573 -5.10167 -4.5802 -4.1139 -3.70976
69.38 3.22242 3.42908 3.78897 3.73472 3.34856 4.30507 7.59307 8.1106 5.87989 4.14345 2.92272 1.63239 0.108684 -0.71862 -1.80315 -4.10337 -5.81219 -6.1273 -5.73804 -5.17665 -4.64669 -4.17103 -3.75694
69.42 2.91425 3.03947 3.40433 3.36344 3.00028 4.05283 7.56673 8.27288 6.10518 4.37275 3.11411 1.78931 0.279789 -0.534309 -1.61851 -3.89669 -5.67427 -6.13949 -5.81796 -5.25339 -4.71621 -4.23123 -3.80641
69.46 2.61038 2.66014 3.025 2.99613 2.65761 3.80008 7.51267 8.40376 6.31584 4.59596 3.30296 1.94976 0.464099 -0.33407 -1.42071 -3.6815 -5.52543 -6.14089 -5.89509 -5.33056 -4.78792 -4.29405 -3.85788
69.5 2.31303 2.2937 2.65442 2.6364 2.32367 3.54947 7.43322 8.50217 6.50806 4.80982 3.48767 2.11314 0.659522 -0.121259 -1.21215 -3.45928 -5.36671 -6.13079 -5.96784 -5.407 -4.86104 -4.35898 -3.91101
69.54 2.02407 1.94227 2.29568 2.28765 2.00161 3.30417 7.33086 8.56679 6.67902 5.01257 3.66762 2.27915 0.863389 0.0997758 -0.996035 -3.23159 -5.19857 -6.10844 -6.03493 -5.48169 -4.9348 -4.42547 -3.96544
69.58 1.7451 1.60752 1.95137 1.9527 1.69382 3.06646 7.20865 8.59837 6.82707 5.20221 3.84178 2.4474 1.07293 0.324419 -0.776014 -3.00031 -5.02132 -6.0731 -6.09539 -5.55377 -5.00844 -4.49294 -4.02077
69.62 1.47736 1.29057 1.62341 1.63367 1.40206 2.83808 7.07026 8.59871 6.95081 5.37733 4.01 2.61748 1.28529 0.548358 -0.555778 -2.76758 -4.83505 -6.02413 -6.14857 -5.62247 -5.08125 -4.56081 -4.07656
69.66 1.22179 0.992075 1.31316 1.3321 1.12758 2.62044 6.91898 8.56974 7.04962 5.53768 4.1728 2.78876 1.49772 0.768052 -0.338709 -2.53574 -4.63979 -5.96093 -6.19414 -5.68725 -5.15258 -4.62853 -4.13244
69.7 0.979006 0.712256 1.02145 1.04898 0.871188 2.41459 6.75772 8.51364 7.12368 5.6836 4.33067 2.96049 1.70801 0.981031 -0.127649 -2.30711 -4.43551 -5.88286 -6.232 -5.74789 -5.22194 -4.69559 -4.18804
69.74 0.749366 0.450946 0.748561 0.78471 0.633151 2.22103 6.5884 8.4322 7.17386 5.81647 4.48498 3.13259 1.9149 1.1855 0.0737908 -2.08662 -4.22863 -5.77752 -6.25281 -5.81428 -5.29295 -4.76215 -4.24254
69.78 0.532994 0.207701 0.494396 0.539338 0.413494 2.04 6.4123 8.32667 7.20092 5.93805 4.63719 3.30464 2.11717 1.38045 0.263646 -1.87599 -4.01793 -5.64127 -6.25668 -5.88783 -5.36625 -4.8284 -4.2958
69.82 0.329847 -0.0180987 0.258643 0.312712 0.21216 1.87153 6.22997 8.19748 7.20537 6.05013 4.7889 3.4764 2.31413 1.56572 0.441328 -1.67511 -3.80079 -5.47632 -6.24487 -5.96618 -5.44148 -4.8947 -4.34819
69.86 0.139742 -0.227184 0.0408322 0.104557 0.0290452 1.71543 6.0412 8.04413 7.18693 6.15482 4.94222 3.64803 2.50556 1.74158 0.606922 -1.48314 -3.57539 -5.28438 -6.21797 -6.04746 -5.51834 -4.96146 -4.40025
69.9 -0.0376015 -0.420342 -0.159584 -0.0854645 -0.13597 1.57126 5.84527 7.86566 7.14496 6.25313 5.09962 3.82035 2.69175 1.90861 0.761262 -1.2983 -3.34008 -5.06757 -6.17671 -6.12957 -5.59627 -5.02897 -4.45258
69.94 -0.202523 -0.598371 -0.343207 -0.25777 -0.283118 1.43814 5.64081 7.66035 7.0775 6.34671 5.26351 3.99415 2.87322 2.06758 0.905805 -1.11797 -3.09335 -4.82845 -6.12201 -6.21026 -5.67435 -5.09734 -4.50573
69.98 -0.355401 -0.762069 -0.510696 -0.412914 -0.41288 1.31469 5.42634 7.42699 6.98273 6.43548 5.43561 4.1704 3.0508 2.21948 1.04248 -0.939049 -2.83403 -4.56996 -6.05476 -6.28707 -5.75152 -5.16652 -4.56021
70.02 -0.496641 -0.912241 -0.662796 -0.55167 -0.52614 1.19906 5.20052 7.16515 6.85899 6.51838 5.61641 4.34976 3.22541 2.36543 1.17349 -0.758371 -2.56136 -4.29513 -5.97575 -6.35763 -5.82652 -5.23623 -4.61637
70.06 -0.62668 -1.04972 -0.800386 -0.675105 -0.624297 1.08902 4.96258 6.87569 6.7055 6.59324 5.80466 4.53219 3.39782 2.50663 1.30108 -0.573158 -2.27533 -4.00707 -5.88559 -6.41967 -5.89798 -5.30602 -4.67435
70.1 -0.746017 -1.17539 -0.924507 -0.784601 -0.709258 0.982259 4.71263 6.56111 6.52299 6.65711 5.99715 4.71673 3.5685 2.64433 1.42741 -0.381434 -1.97687 -3.7089 -5.78465 -6.47102 -5.96449 -5.37526 -4.73406
70.14 -0.855246 -1.29024 -1.03638 -0.881825 -0.783326 0.876746 4.45192 6.22548 6.31389 6.7068 6.18911 4.90143 3.73744 2.7797 1.5544 -0.182272 -1.66806 -3.40386 -5.67312 -6.50969 -6.02463 -5.44312 -4.79519
70.18 -0.95509 -1.3954 -1.1374 -0.968644 -0.849006 0.770914 4.18276 5.87419 6.08223 6.7394 6.37486 5.08356 3.90411 2.91375 1.68362 0.0241939 -1.352 -3.0953 -5.5512 -6.53393 -6.07698 -5.50863 -4.85716
70.22 -1.04641 -1.4921 -1.22909 -1.04705 -0.908832 0.663746 3.90831 5.51347 5.83331 6.75296 6.54869 5.25986 4.06759 3.04721 1.8162 0.236929 -1.03252 -2.78661 -5.41922 -6.54236 -6.12015 -5.57065 -4.91919
70.26 -1.13026 -1.58174 -1.31315 -1.11908 -0.965199 0.554812 3.63246 5.15026 5.57378 6.74612 6.70415 5.42714 4.22751 3.18086 1.95284 0.454271 -0.713765 -2.48107 -5.27785 -6.53419 -6.15289 -5.62796 -4.9803
70.3 -1.20776 -1.6658 -1.39129 -1.18671 -1.02026 0.444037 3.359 4.79094 5.30957 6.71894 6.83725 5.58255 4.38265 3.31482 2.09376 0.674311 -0.399729 -2.18161 -5.12809 -6.50919 -6.17419 -5.67932 -5.03943
70.34 -1.28018 -1.74581 -1.46525 -1.25182 -1.0759 0.331579 3.09147 4.44122 5.04629 6.6726 6.94531 5.72382 4.53176 3.44866 2.23876 0.895249 -0.0938051 -1.89049 -4.97105 -6.46789 -6.18339 -5.72358 -5.09545
70.38 -1.3488 -1.82336 -1.53676 -1.31618 -1.13375 0.217696 2.83297 4.10606 4.789 6.60886 7.02646 5.84872 4.67432 3.58275 2.38737 1.11509 0.201138 -1.60915 -4.80779 -6.41134 -6.18021 -5.75978 -5.14732
70.42 -1.41497 -1.89999 -1.60751 -1.38142 -1.19513 0.10271 2.58607 3.78954 4.54196 6.5295 7.07944 5.95576 4.81036 3.71755 2.53895 1.33209 0.482919 -1.33804 -4.63897 -6.34115 -6.16484 -5.7873 -5.19416
70.46 -1.48 -1.97718 -1.67905 -1.44897 -1.26111 -0.0130323 2.35284 3.49492 4.30869 6.43608 7.10324 6.04386 4.94048 3.85379 2.69291 1.54475 0.74994 -1.07639 -4.46452 -6.25926 -6.13788 -5.80588 -5.23534
70.5 -1.54516 -2.05638 -1.75295 -1.52028 -1.33276 -0.129505 2.13449 3.22443 4.09158 6.32931 7.09673 6.11258 5.06687 3.99388 2.84927 1.75081 0.997038 -0.830477 -4.26816 -6.15509 -6.1116 -5.82033 -5.27142
70.54 -1.61167 -2.13896 -1.83071 -1.5967 -1.41102 -0.246793 1.9317 2.97955 3.89216 6.20915 7.05833 6.16126 5.19195 4.14049 3.00811 1.94854 1.22114 -0.601391 -4.03681 -6.0227 -6.0939 -5.83441 -5.30344
70.58 -1.68064 -2.22605 -1.91351 -1.67922 -1.4964 -0.364735 1.74506 2.76148 3.71131 6.07515 6.98594 6.18802 5.31742 4.29633 3.17005 2.13784 1.42274 -0.384851 -3.77472 -5.8593 -6.07703 -5.8529 -5.33448
70.62 -1.75299 -2.31858 -2.00235 -1.76863 -1.58926 -0.483243 1.5747 2.57065 3.54883 5.9263 6.87748 6.19052 5.44464 4.46456 3.33642 2.31922 1.60232 -0.179628 -3.48897 -5.65289 -6.04893 -5.88598 -5.36997
70.66 -1.8294 -2.41716 -2.09785 -1.86528 -1.68951 -0.601976 1.42064 2.40697 3.40369 5.76186 6.73177 6.1657 5.57305 4.6467 3.50782 2.49374 1.76327 0.0188448 -3.17982 -5.40802 -6.00826 -5.92878 -5.40994
70.7 -1.9103 -2.52204 -2.20021 -1.96913 -1.79671 -0.720507 1.2825 2.26945 3.27388 5.58144 6.54907 6.11094 5.70044 4.84262 3.6848 2.66338 1.91026 0.213785 -2.85202 -5.13075 -5.95044 -5.97557 -5.4541
70.74 -1.99582 -2.63311 -2.30924 -2.07975 -1.91017 -0.838415 1.15944 2.1561 3.15664 5.38535 6.33155 6.0249 5.82323 5.05018 3.86734 2.83036 2.04824 0.407014 -2.51202 -4.82716 -5.87128 -6.02046 -5.50104
70.78 -2.08579 -2.74993 -2.42438 -2.1964 -2.02897 -0.955357 1.05011 2.06396 3.04887 5.1747 6.08321 5.90811 5.93711 5.26529 4.0546 2.99657 2.18158 0.599124 -2.16648 -4.50269 -5.76767 -6.05811 -5.54867
70.82 -2.17981 -2.87179 -2.54483 -2.31814 -2.15212 -1.07111 0.952742 1.98941 2.94753 4.9515 5.80954 5.76309 6.03778 5.4824 4.24483 3.16309 2.3134 0.789764 -1.8214 -4.16163 -5.63756 -6.0845 -5.59463
70.86 -2.27733 -2.99778 -2.66961 -2.44392 -2.27864 -1.18559 0.86534 1.92858 2.85001 4.71854 5.517 5.594 6.12155 5.69539 4.43552 3.33014 2.44557 0.977985 -1.48169 -3.80744 -5.4798 -6.0965 -5.63695
70.9 -2.37768 -3.12697 -2.7977 -2.57274 -2.40766 -1.29891 0.785689 1.87753 2.75416 4.47896 5.21225 5.4059 6.18586 5.89864 4.62432 3.4977 2.57899 1.16188 -1.15338 -3.44964 -5.28383 -6.08306 -5.68353
70.94 -2.48017 -3.25836 -2.92812 -2.70364 -2.53839 -1.41121 0.711735 1.83278 2.65856 4.23618 4.90191 5.20457 6.22918 6.08664 4.80826 3.66485 2.71344 1.34001 -0.839326 -3.0898 -5.04753 -6.04346 -5.73414
70.98 -2.58414 -3.39104 -3.05992 -2.83574 -2.67008 -1.52259 0.641734 1.79151 2.56249 3.99371 4.59212 4.99569 6.25079 6.25449 4.98444 3.83044 2.84846 1.51161 -0.540674 -2.7285 -4.77542 -5.97764 -5.78434
71.02 -2.68895 -3.52416 -3.19225 -2.96824 -2.80207 -1.63311 0.574278 1.75157 2.46572 3.75466 4.28796 4.78398 6.25126 6.39928 5.15005 3.99271 2.98329 1.67636 -0.257811 -2.36717 -4.47307 -5.88593 -5.82962
71.06 -2.79406 -3.65696 -3.32436 -3.10044 -2.93376 -1.74273 0.508314 1.71145 2.36844 3.52175 3.99365 4.57364 6.23187 6.51897 5.30262 4.15017 3.11728 1.83443 0.00956246 -2.00765 -4.14708 -5.76976 -5.86551
71.1 -2.89896 -3.7888 -3.4556 -3.23174 -3.06459 -1.85138 0.443114 1.67024 2.27114 3.29733 3.7126 4.36826 6.19419 6.61214 5.44008 4.30169 3.2501 1.98645 0.262265 -1.65215 -3.80476 -5.63164 -5.88794
71.14 -3.00325 -3.91912 -3.58544 -3.36162 -3.19409 -1.95892 0.378216 1.62745 2.17451 3.08336 3.44756 4.17084 6.13987 6.67786 5.56081 4.44667 3.38175 2.13342 0.501487 -1.30312 -3.45353 -5.47465 -5.89357
71.18 -3.10657 -4.04748 -3.71345 -3.48969 -3.3219 -2.06523 0.313341 1.58295 2.07936 2.88147 3.20071 3.98385 6.07035 6.71539 5.66364 4.585 3.51263 2.2766 0.728682 -0.962976 -3.10032 -5.30225 -5.88017
71.22 -3.20865 -4.17356 -3.83933 -3.6157 -3.44774 -2.17023 0.248305 1.5368 1.98655 2.69304 2.97385 3.80933 5.98676 6.72372 5.74714 4.71749 3.64431 2.41746 0.945187 -0.634 -2.75124 -5.11782 -5.84637
71.26 -3.30925 -4.29713 -3.96292 -3.7395 -3.57149 -2.2739 0.182981 1.4892 1.89691 2.51921 2.76844 3.64878 5.88972 6.70173 5.81006 4.84534 3.7788 2.55761 1.15242 -0.318103 -2.41122 -4.92436 -5.7917
71.3 -3.40823 -4.41805 -4.08413 -3.86107 -3.69313 -2.37632 0.117267 1.44044 1.81127 2.36087 2.58557 3.50314 5.77956 6.64825 5.85102 4.96991 3.91848 2.69881 1.35184 -0.0166902 -2.08395 -4.72431 -5.71635
71.34 -3.50546 -4.53628 -4.20299 -3.9805 -3.81273 -2.47756 0.0510736 1.39082 1.73033 2.2186 2.42586 3.37262 5.65635 6.56253 5.86847 5.09223 4.06577 2.84276 1.54487 0.269335 -1.77191 -4.51941 -5.62075
71.38 -3.60088 -4.65183 -4.31959 -4.0979 -3.93038 -2.57775 -0.0156588 1.34066 1.65463 2.09261 2.28929 3.2566 5.52023 6.44461 5.86107 5.21266 4.22254 2.99096 1.73286 0.539561 -1.47647 -4.31077 -5.50573
71.42 -3.69445 -4.76474 -4.43402 -4.21339 -4.04619 -2.67696 -0.0829358 1.29026 1.58452 1.98261 2.17503 3.15365 5.37153 6.29583 5.82803 5.33059 4.38958 3.14442 1.91698 0.793972 -1.19803 -4.09891 -5.37217
71.46 -3.78617 -4.87506 -4.54636 -4.32704 -4.16015 -2.77518 -0.150689 1.23988 1.52008 1.88777 2.08137 3.06171 5.21107 6.11894 5.7695 5.44448 4.56622 3.30346 2.09808 1.03289 -0.936083 -3.88399 -5.22143
71.5 -3.876 -4.98283 -4.65661 -4.43881 -4.27217 -2.87226 -0.218773 1.18974 1.46114 1.80677 2.00585 2.97842 5.04016 5.91795 5.68693 5.55219 4.75025 3.46754 2.27662 1.25688 -0.6892 -3.66602 -5.0557
71.54 -3.96392 -5.08805 -4.7647 -4.54854 -4.38202 -2.96799 -0.286992 1.14002 1.40731 1.7379 1.94553 2.9014 4.8607 5.69782 5.58289 5.6513 4.93826 3.63533 2.45259 1.46659 -0.455007 -3.4449 -4.87832
71.58 -4.04989 -5.19067 -4.87049 -4.65604 -4.48944 -3.06214 -0.355236 1.0907 1.35793 1.67919 1.89718 2.82847 4.67492 5.46395 5.46092 5.73981 5.1266 3.80523 2.62537 1.66101 -0.234639 -3.21325 -4.68757
71.62 -4.13417 -5.29078 -4.97392 -4.7611 -4.59417 -3.15453 -0.423498 1.04162 1.31223 1.62857 1.85761 2.75785 4.4853 5.2218 5.32526 5.81607 5.31103 3.97505 2.79386 1.83926 -0.0271955 -2.96309 -4.48388
71.66 -4.21612 -5.38808 -5.07464 -4.86338 -4.69588 -3.24497 -0.49183 0.992557 1.2694 1.58413 1.82404 2.68829 4.29441 4.97653 5.18015 5.87876 5.48738 4.14245 2.95706 2.00134 0.17045 -2.696 -4.26347
71.7 -4.29586 -5.48262 -5.17254 -4.96264 -4.79429 -3.33336 -0.560422 0.943183 1.2287 1.54422 1.79415 2.61897 4.10462 4.73249 5.02933 5.92736 5.65244 4.30494 3.11346 2.14719 0.361116 -2.40986 -4.02492
71.74 -4.37343 -5.57441 -5.26747 -5.05866 -4.88918 -3.41968 -0.629558 0.893144 1.18951 1.50753 1.76618 2.54953 3.91801 4.4933 4.87609 5.96179 5.80347 4.46021 3.26207 2.27803 0.547246 -2.10489 -3.77001
71.78 -4.4488 -5.66344 -5.35929 -5.15122 -4.98032 -3.50396 -0.69961 0.842078 1.15137 1.47311 1.73895 2.47992 3.73636 4.26179 4.72316 5.98221 5.93831 4.60643 3.40267 2.39639 0.730229 -1.78503 -3.50078
71.82 -4.52198 -5.74976 -5.44792 -5.24017 -5.06755 -3.5863 -0.771038 0.789607 1.11396 1.44033 1.71171 2.41034 3.56106 4.04002 4.57269 5.98907 6.05535 4.74229 3.53587 2.50575 0.91035 -1.45732 -3.22075
71.86 -4.59182 -5.83295 -5.5338 -5.32563 -5.15088 -3.66693 -0.844376 0.735371 1.07711 1.40886 1.68415 2.34116 3.39319 3.82948 4.42635 5.98278 6.15353 4.86716 3.6629 2.60974 1.0868 -1.13032 -2.93265
71.9 -4.65298 -5.90926 -5.61886 -5.40867 -5.23084 -3.74637 -0.920295 0.679022 1.0408 1.37864 1.65625 2.27291 3.23358 3.6312 4.28541 5.96389 6.23218 4.98076 3.78523 2.71152 1.25795 -0.812295 -2.63717
71.94 -4.70714 -5.97828 -5.70193 -5.48887 -5.30748 -3.82514 -0.999673 0.619898 1.00474 1.34949 1.62805 2.206 3.08279 3.44583 4.1508 5.93288 6.29088 5.08313 3.90447 2.81359 1.42196 -0.509937 -2.33358
71.98 -4.75589 -6.04134 -5.78239 -5.56605 -5.38092 -3.90372 -1.08326 0.557428 0.968665 1.32129 1.59966 2.14087 2.94119 3.27377 4.02323 5.89012 6.32922 5.17429 4.02202 2.91775 1.57737 -0.227433 -2.02094
72.02 -4.80038 -6.09987 -5.86023 -5.64034 -5.45147 -3.98265 -1.17166 0.491165 0.932325 1.29399 1.57128 2.07795 2.80905 3.11534 3.90319 5.83589 6.34674 5.25393 4.13895 3.02533 1.72385 0.0338819 -1.69974
72.06 -4.84197 -6.15268 -5.93433 -5.71312 -5.52017 -4.06272 -1.26534 0.420852 0.895584 1.26762 1.54324 2.01775 2.68667 2.97075 3.79104 5.77041 6.34282 5.32143 4.25594 3.13752 1.86254 0.275114 -1.37278
72.1 -4.88233 -6.19777 -6.00214 -5.786 -5.58835 -4.14487 -1.36469 0.346305 0.858262 1.24225 1.51594 1.96079 2.57431 2.84016 3.6869 5.69391 6.317 5.37588 4.3733 3.25543 1.99577 0.498961 -1.0447
72.14 -4.92203 -6.23806 -6.06486 -5.85843 -5.65614 -4.22933 -1.46957 0.267446 0.819967 1.21768 1.48956 1.90736 2.47196 2.72341 3.59056 5.60663 6.26907 5.41622 4.49113 3.38033 2.12657 0.708806 -0.72077
72.18 -4.96135 -6.27561 -6.12408 -5.93053 -5.72399 -4.31634 -1.57962 0.18441 0.780356 1.19373 1.46425 1.85769 2.37948 2.62009 3.50153 5.50894 6.19932 5.44148 4.60915 3.5132 2.25787 0.907984 -0.405842
72.22 -5.00056 -6.31203 -6.18129 -6.00275 -5.79254 -4.40611 -1.69429 0.0974637 0.739097 1.17021 1.44015 1.81187 2.29651 2.52947 3.41901 5.40145 6.10873 5.45098 4.7266 3.65442 2.39207 1.09939 -0.103678
72.26 -5.04013 -6.34878 -6.23702 -6.07531 -5.8628 -4.499 -1.813 0.00691545 0.69588 1.14696 1.4174 1.76991 2.22254 2.45055 3.34207 5.28504 5.99893 5.4444 4.8423 3.80364 2.53073 1.28532 0.183302
72.3 -5.08131 -6.38782 -6.28826 -6.14569 -5.93712 -4.59618 -1.93569 -0.0870962 0.650439 1.12397 1.39625 1.7319 2.15703 2.38221 3.26978 5.16095 5.87224 5.42198 4.9546 3.9596 2.67442 1.46731 0.453872
72.34 -5.12447 -6.43009 -6.33719 -6.21439 -6.01526 -4.69728 -2.06152 -0.184335 0.602269 1.10089 1.37665 1.69756 2.0991 2.32298 3.20109 5.03047 5.73137 5.38455 5.06177 4.12041 2.82313 1.6466 0.708017
72.38 -5.16972 -6.47603 -6.38584 -6.28278 -6.09687 -4.80175 -2.18959 -0.284535 0.550875 1.07739 1.35848 1.66651 2.04776 2.27134 3.13502 4.89503 5.57924 5.33335 5.16209 4.28388 2.97624 1.82392 0.946492
72.42 -5.21718 -6.52593 -6.43559 -6.35194 -6.18174 -4.9091 -2.31908 -0.387487 0.495764 1.05317 1.34163 1.63837 2.00204 2.22577 3.07072 4.75609 5.41875 5.26986 5.25409 4.44758 3.13268 1.99962 1.17052
72.46 -5.26694 -6.58 -6.48744 -6.42264 -6.26969 -5.01884 -2.44927 -0.493085 0.436402 1.0279 1.32602 1.61275 1.96098 2.1849 3.00753 4.61505 5.25267 5.19589 5.33649 4.609 3.29108 2.17374 1.38153
72.5 -5.31908 -6.63839 -6.54209 -6.49526 -6.36036 -5.13051 -2.57957 -0.60134 0.372199 1.00127 1.31155 1.58932 1.92376 2.14754 2.94499 4.47322 5.0835 5.1132 5.40832 4.76581 3.44997 2.34614 1.58102
72.54 -5.37416 -6.70172 -6.60053 -6.56666 -6.45111 -5.2449 -2.71043 -0.712756 0.302526 0.973051 1.29831 1.56795 1.88984 2.11286 2.88296 4.33192 4.91353 5.02359 5.46897 4.9158 3.60769 2.51638 1.77028
72.58 -5.43221 -6.77002 -6.6632 -6.63733 -6.54084 -5.36117 -2.84132 -0.827535 0.226642 0.94274 1.28611 1.54837 1.85865 2.08014 2.82131 4.19217 4.74454 4.9287 5.51823 5.05725 3.76281 2.68404 1.95054
72.62 -5.49297 -6.84295 -6.72995 -6.70864 -6.63002 -5.47794 -2.97129 -0.94562 0.143891 0.909728 1.27459 1.53022 1.82963 2.04873 2.75997 4.05476 4.57797 4.83003 5.55611 5.18881 3.91406 2.84875 2.12296
72.66 -5.55616 -6.92014 -6.80053 -6.78134 -6.71894 -5.59414 -3.09963 -1.06692 0.0537583 0.873384 1.26338 1.51322 1.80239 2.01823 2.699 3.92034 4.41492 4.72883 5.58288 5.30944 4.06032 3.01009 2.28847
72.7 -5.62146 -7.00118 -6.87465 -6.85585 -6.8077 -5.70894 -3.22572 -1.19122 -0.0440873 0.833015 1.25198 1.49711 1.77664 1.98839 2.63852 3.78943 4.25624 4.6262 5.59894 5.41841 4.20059 3.16768 2.44783
72.74 -5.68856 -7.08571 -6.95204 -6.93237 -6.89628 -5.82161 -3.34906 -1.31817 -0.149741 0.787822 1.23971 1.48166 1.75223 1.95912 2.57873 3.66244 4.10254 4.52308 5.60483 5.51518 4.33402 3.32111 2.60163
72.78 -5.75714 -7.17334 -7.03241 -7.01101 -6.98457 -5.93157 -3.46919 -1.44717 -0.263023 0.736863 1.22569 1.46664 1.72911 1.93043 2.51989 3.53972 3.9543 4.42028 5.60107 5.59942 4.45987 3.47006 2.75034
72.82 -5.82688 -7.26374 -7.11553 -7.0918 -7.07247 -6.03831 -3.58572 -1.57737 -0.383462 0.679001 1.20875 1.45183 1.70731 1.90246 2.46229 3.42158 3.8119 4.31849 5.58828 5.67094 4.57755 3.61424 2.89432
72.86 -5.89746 -7.35657 -7.20119 -7.17477 -7.15985 -6.14143 -3.6983 -1.70768 -0.510313 0.61286 1.18743 1.437 1.68701 1.87545 2.40628 3.30826 3.67562 4.21828 5.56703 5.72965 4.68655 3.7534 3.03386
72.9 -5.96855 -7.45154 -7.28926 -7.25994 -7.24658 -6.24059 -3.80661 -1.83678 -0.642594 0.536817 1.15996 1.42192 1.66846 1.84969 2.3522 3.20003 3.5457 4.12017 5.53789 5.77555 4.78646 3.88738 3.16921
72.94 -6.03985 -7.54842 -7.37961 -7.34734 -7.33255 -6.33551 -3.91042 -1.9632 -0.77914 0.449096 1.12432 1.40634 1.65197 1.82556 2.30045 3.09711 3.42234 4.02459 5.50139 5.80867 4.87695 4.01608 3.3006
72.98 -6.11106 -7.64698 -7.47215 -7.43699 -7.41764 -6.42595 -4.0096 -2.08549 -0.918676 0.348005 1.07844 1.38992 1.63783 1.80339 2.25138 2.99972 3.30574 3.93191 5.45803 5.82916 4.9577 4.13942 3.42827
73.02 -6.18189 -7.74698 -7.56675 -7.52886 -7.50166 -6.51168 -4.10413 -2.20246 -1.05989 0.232334 1.0205 1.37222 1.62617 1.78346 2.20529 2.90807 3.19606 3.84245 5.4083 5.83711 5.02853 4.25737 3.55243
73.06 -6.25206 -7.8482 -7.66325 -7.62284 -7.58433 -6.59242 -4.19419 -2.31345 -1.20154 0.10181 0.949295 1.35262 1.61683 1.76587 2.1624 2.82231 3.09345 3.7565 5.35271 5.83281 5.08925 4.36991 3.67328
73.1 -6.32131 -7.95036 -7.76141 -7.71869 -7.66522 -6.66784 -4.28013 -2.4185 -1.34254 -0.042584 0.864536 1.33031 1.60929 1.75048 2.12277 2.74253 2.99803 3.67432 5.29179 5.81659 5.13973 4.47697 3.79097
73.14 -6.38961 -8.05342 -7.8611 -7.81414 -7.7429 -6.73844 -4.36319 -2.51861 -1.48185 -0.1984 0.767096 1.30444 1.60277 1.73702 2.08637 2.66879 2.90994 3.59618 5.22618 5.78898 5.17992 4.57841 3.90553
73.18 -6.4575 -8.15796 -7.96297 -7.90376 -7.81293 -6.80618 -4.44605 -2.61598 -1.61855 -0.361925 0.658993 1.27437 1.59644 1.7252 2.05318 2.60114 2.8293 3.5224 5.15668 5.75073 5.20985 4.67397 4.01679
73.22 -6.52473 -8.26376 -8.06697 -7.98844 -7.87411 -6.86965 -4.52884 -2.71238 -1.75251 -0.529666 0.542215 1.23904 1.58911 1.71452 2.02296 2.53944 2.75603 3.45309 5.08401 5.70268 5.22973 4.76351 4.12464
73.26 -6.5911 -8.37053 -8.17295 -8.06891 -7.9267 -6.92895 -4.60847 -2.8066 -1.8853 -0.698768 0.418722 1.19748 1.57975 1.70464 1.99554 2.48357 2.69004 3.38838 5.00895 5.64589 5.2399 4.84676 4.22881
73.3 -6.65689 -8.47836 -8.27589 -8.14336 -7.97252 -6.98437 -4.68636 -2.90044 -2.01571 -0.865577 0.290785 1.14893 1.56758 1.6954 1.9708 2.43333 2.63112 3.32828 4.93231 5.58151 5.24086 4.92353 4.32897
73.34 -6.72331 -8.58861 -8.36888 -8.20593 -8.01388 -7.03681 -4.76592 -2.99648 -2.14208 -1.02648 0.160628 1.09288 1.55213 1.68687 1.9487 2.38851 2.57895 3.27272 4.85481 5.51076 5.23326 4.99364 4.42474
73.38 -6.79026 -8.70071 -8.45418 -8.25592 -8.04824 -7.08477 -4.84795 -3.09623 -2.2643 -1.17965 0.0293922 1.02846 1.53296 1.67924 1.92925 2.34885 2.53311 3.22146 4.77703 5.43481 5.21783 5.05703 4.51581
73.42 -6.8586 -8.80154 -8.52721 -8.29981 -8.07706 -7.12893 -4.9347 -3.19657 -2.3782 -1.32475 -0.102539 0.954824 1.50981 1.67291 1.91264 2.31424 2.49324 3.17437 4.69964 5.35487 5.1954 5.11364 4.6018
73.46 -6.92893 -8.89081 -8.58418 -8.33683 -8.09905 -7.16872 -5.02587 -3.29916 -2.48521 -1.46019 -0.23432 0.871604 1.48266 1.6683 1.89901 2.28449 2.45893 3.13118 4.62312 5.27209 5.16683 5.16351 4.68239
73.5 -6.98482 -8.96333 -8.63247 -8.36765 -8.11309 -7.20281 -5.12016 -3.40489 -2.58614 -1.58481 -0.365154 0.778856 1.4516 1.66568 1.88845 2.25936 2.4297 3.09164 4.54793 5.18751 5.13301 5.20676 4.75733
73.54 -7.02641 -9.01213 -8.66936 -8.38998 -8.1178 -7.23083 -5.21843 -3.51559 -2.68225 -1.69867 -0.494355 0.67722 1.41679 1.66513 1.88089 2.23855 2.40509 3.05544 4.4744 5.10203 5.09478 5.24358 4.82647
73.58 -7.05469 -9.03668 -8.69211 -8.40149 -8.11154 -7.25203 -5.32111 -3.63286 -2.7744 -1.80202 -0.621511 0.567841 1.37846 1.66648 1.87618 2.22175 2.38462 3.02232 4.40286 5.01651 5.05297 5.27419 4.88968
73.62 -7.06962 -9.03731 -8.69896 -8.40022 -8.09263 -7.26546 -5.42881 -3.759 -2.86147 -1.89388 -0.746958 0.452048 1.33667 1.66917 1.87395 2.20861 2.36792 2.99212 4.33367 4.93176 5.00839 5.29887 4.94686
73.66 -7.07069 -9.01426 -8.68874 -8.38474 -8.05978 -7.27026 -5.54112 -3.89326 -2.94661 -1.97764 -0.868798 0.332626 1.29199 1.67263 1.87378 2.19868 2.35452 2.9646 4.26705 4.84844 4.96178 5.31794 4.998
73.7 -7.05715 -8.9674 -8.66031 -8.35367 -8.01162 -7.26544 -5.65786 -4.03608 -3.03235 -2.05575 -0.98567 0.212356 1.24493 1.67613 1.87517 2.19149 2.34397 2.93953 4.20317 4.76709 4.91379 5.33174 5.04314
73.74 -7.02813 -8.89629 -8.61254 -8.30569 -7.9469 -7.25011 -5.77913 -4.18833 -3.12066 -2.1302 -1.0966 0.0938017 1.19583 1.67884 1.87763 2.18662 2.33584 2.91666 4.14212 4.68814 4.86501 5.34063 5.08241
73.78 -6.98263 -8.80031 -8.54431 -8.23958 -7.86449 -7.22348 -5.90526 -4.35107 -3.21322 -2.20277 -1.20092 -0.0208464 1.14487 1.67984 1.88071 2.18372 2.32976 2.89577 4.08393 4.61187 4.81587 5.34492 5.11596
73.82 -6.91968 -8.67874 -8.4546 -8.15426 -7.76345 -7.18495 -6.03673 -4.5255 -3.31152 -2.27504 -1.29826 -0.129913 1.09192 1.67817 1.88402 2.18251 2.32543 2.87665 4.02854 4.53845 4.76672 5.3449 5.14397
73.86 -6.83832 -8.53097 -8.3425 -8.0488 -7.64304 -7.13406 -6.17411 -4.71286 -3.41692 -2.34843 -1.38859 -0.232329 1.03651 1.67269 1.88722 2.18283 2.3226 2.85906 3.97583 4.46791 4.71776 5.34079 5.16664
73.9 -6.73767 -8.35648 -8.20727 -7.92246 -7.50275 -7.07042 -6.31796 -4.91435 -3.5307 -2.42424 -1.47224 -0.327679 0.977789 1.66212 1.89001 2.1846 2.32108 2.84281 3.92562 4.40017 4.66906 5.33271 5.18416
73.94 -6.61702 -8.15504 -8.04836 -7.77465 -7.34225 -6.99372 -6.46867 -5.13116 -3.65441 -2.5032 -1.54955 -0.41649 0.914404 1.64492 1.89205 2.18777 2.32072 2.82769 3.87768 4.33506 4.62059 5.32072 5.19666
73.98 -6.4758 -7.92669 -7.86537 -7.60491 -7.16135 -6.90361 -6.6264 -5.36452 -3.79007 -2.58482 -1.62039 -0.500455 0.844514 1.61933 1.89287 2.19226 2.32138 2.81352 3.83178 4.27238 4.57218 5.30472 5.20431
74.02 -6.31358 -7.67189 -7.65827 -7.41314 -6.96027 -6.79994 -6.79076 -5.61434 -3.93776 -2.67166 -1.68765 -0.580427 0.766803 1.58382 1.8919 2.19782 2.32278 2.79999 3.78758 4.21177 4.52363 5.28463 5.20713
74.06 -6.13025 -7.39153 -7.4273 -7.19939 -6.73935 -6.68238 -6.96046 -5.87987 -4.0981 -2.76588 -1.75423 -0.658314 0.680051 1.53703 1.88837 2.20398 2.32451 2.78674 3.74473 4.15293 4.47466 5.26024 5.20514
74.1 -5.92604 -7.08693 -7.17286 -6.96383 -6.49902 -6.55045 -7.13321 -6.15951 -4.27161 -2.86952 -1.82341 -0.73663 0.583339 1.47796 1.8812 2.20993 2.32598 2.77332 3.70284 4.09553 4.42502 5.23135 5.19833
74.14 -5.70162 -6.75983 -6.89562 -6.70672 -6.23976 -6.40351 -7.3056 -6.45059 -4.4589 -2.9854 -1.89739 -0.817181 0.475685 1.40577 1.86895 2.21446 2.32641 2.75923 3.6616 4.03936 4.37455 5.19783 5.18659
74.18 -5.4581 -6.41241 -6.59651 -6.42857 -5.9623 -6.2411 -7.47342 -6.74939 -4.65959 -3.11474 -1.98021 -0.903401 0.357249 1.32052 1.85025 2.2162 2.32487 2.7439 3.62066 3.98422 4.32316 5.15965 5.16987
74.22 -5.19711 -6.04727 -6.27684 -6.1302 -5.66759 -6.06287 -7.63162 -7.05102 -4.87267 -3.25869 -2.07549 -0.998361 0.228386 1.22264 1.82371 2.21372 2.32042 2.72674 3.57972 3.92999 4.27088 5.11691 5.14805
74.26 -4.92078 -5.66739 -5.93832 -5.81279 -5.35695 -5.86887 -7.77468 -7.34975 -5.09651 -3.41791 -2.18572 -1.10442 0.0894587 1.11279 1.78802 2.20561 2.31219 2.70724 3.53853 3.87661 4.21783 5.06983 5.12118
74.3 -4.63163 -5.27613 -5.58317 -5.47808 -5.03211 -5.6596 -7.89719 -7.63947 -5.32876 -3.59221 -2.31224 -1.22321 -0.0590622 0.991821 1.74205 2.19065 2.29949 2.68501 3.49689 3.82409 4.16424 5.01884 5.08929
74.34 -4.33249 -4.87707 -5.21414 -5.12839 -4.69537 -5.43623 -7.99439 -7.91398 -5.56633 -3.78046 -2.45521 -1.35559 -0.216533 0.860698 1.68484 2.1679 2.28189 2.65979 3.45468 3.77243 4.11042 4.9645 5.05255
74.38 -4.02634 -4.474 -4.83452 -4.7667 -4.34958 -5.20057 -8.06256 -8.16753 -5.80559 -3.98063 -2.6137 -1.50148 -0.382049 0.720406 1.6156 2.13669 2.25931 2.63153 3.41184 3.72165 4.05669 4.90747 5.01126
74.42 -3.71625 -4.07074 -4.448 -4.39653 -3.99801 -4.95498 -8.09938 -8.39518 -6.04258 -4.18999 -2.78583 -1.65996 -0.554377 0.571853 1.53354 2.09664 2.23199 2.60038 3.36839 3.67177 4.00334 4.84843 4.96583
74.46 -3.40516 -3.67101 -4.05856 -4.02179 -3.64429 -4.70224 -8.104 -8.59302 -6.2733 -4.40533 -2.96907 -1.8293 -0.731944 0.415761 1.43783 2.04761 2.20053 2.56673 3.32442 3.62274 3.95064 4.78813 4.91675
74.5 -3.09583 -3.27827 -3.67018 -3.64652 -3.29204 -4.44528 -8.07712 -8.75851 -6.49382 -4.62318 -3.16046 -2.00709 -0.912895 0.252624 1.32757 1.98961 2.1658 2.53112 3.28008 3.57455 3.89877 4.72718 4.8646
74.54 -2.79075 -2.89561 -3.28673 -3.27473 -2.94486 -4.18719 -8.02049 -8.89008 -6.70081 -4.84053 -3.35785 -2.18927 -1.09403 0.082117 1.20158 1.92261 2.1287 2.49417 3.23559 3.52717 3.84789 4.66618 4.81003
74.58 -2.49209 -2.52566 -2.91172 -2.91011 -2.60597 -3.93077 -7.93689 -8.98768 -6.89164 -5.05469 -3.55886 -2.3709 -1.27202 -0.0962015 1.05905 1.84663 2.09004 2.45647 3.19117 3.48058 3.79815 4.60573 4.75362
74.62 -2.20165 -2.1705 -2.54811 -2.55581 -2.27807 -3.67855 -7.82985 -9.0524 -7.06401 -5.26207 -3.7593 -2.55108 -1.44711 -0.280932 0.900933 1.76226 2.05047 2.41845 3.14689 3.43464 3.74953 4.54614 4.6962
74.66 -1.9209 -1.83168 -2.19833 -2.21447 -1.96337 -3.43269 -7.70319 -9.08591 -7.21601 -5.45968 -3.95628 -2.7287 -1.61923 -0.470757 0.729236 1.67021 2.01013 2.38025 3.10266 3.38918 3.70205 4.48792 4.63825
74.7 -1.65102 -1.51029 -1.86429 -1.88815 -1.66358 -3.195 -7.56079 -9.0905 -7.34637 -5.64503 -4.14752 -2.90286 -1.78868 -0.664051 0.547186 1.57138 1.96873 2.34172 3.05827 3.34395 3.65565 4.43129 4.5804
74.74 -1.39294 -1.20699 -1.54733 -1.57837 -1.37985 -2.96684 -7.40643 -9.06892 -7.45446 -5.81615 -4.3312 -3.07305 -1.95605 -0.858892 0.358834 1.46688 1.92565 2.30251 3.01341 3.29867 3.6102 4.37639 4.52316
74.78 -1.14732 -0.92206 -1.24829 -1.28606 -1.11287 -2.74915 -7.24363 -9.02426 -7.54032 -5.97168 -4.50601 -3.23896 -2.12187 -1.05324 0.168423 1.35791 1.8801 2.26224 2.96774 3.25303 3.56554 4.3233 4.46695
74.82 -0.914603 -0.655431 -0.967555 -1.01171 -0.862873 -2.54242 -7.07548 -8.95981 -7.60468 -6.11088 -4.67103 -3.40032 -2.28634 -1.24513 -0.0202556 1.24555 1.83129 2.22061 2.92105 3.20678 3.52147 4.27197 4.41202
74.86 -0.695012 -0.406762 -0.705108 -0.755322 -0.629712 -2.34668 -6.90453 -8.87893 -7.64886 -6.23359 -4.82573 -3.55679 -2.44918 -1.43269 -0.204262 1.13042 1.77836 2.17758 2.87339 3.15983 3.47779 4.22219 4.3584
74.9 -0.488588 -0.175518 -0.460655 -0.516652 -0.413004 -2.16156 -6.73282 -8.78487 -7.67454 -6.34029 -4.97037 -3.70922 -2.60776 -1.61253 -0.382582 1.01204 1.72008 2.13329 2.82518 3.11233 3.43442 4.17372 4.30595
74.94 -0.295216 0.0390025 -0.233655 -0.295166 -0.212134 -1.98611 -6.56157 -8.68078 -7.68404 -6.4322 -5.10547 -3.85746 -2.75935 -1.78181 -0.554563 0.888926 1.65475 2.08808 2.77723 3.06472 3.39138 4.12633 4.25462
74.98 -0.114606 0.237666 -0.0233104 -0.0900544 -0.026245 -1.81862 -6.39119 -8.56975 -7.67999 -6.51061 -5.2308 -3.9998 -2.9044 -1.94007 -0.718506 0.759303 1.58049 2.04255 2.73068 3.01766 3.34881 4.0797 4.20401
75.02 0.0536235 0.421371 0.171213 0.0994997 0.145468 -1.65673 -6.22129 -8.45457 -7.66497 -6.57692 -5.34663 -4.13553 -3.04234 -2.08601 -0.873832 0.620714 1.49505 1.99712 2.68673 2.97194 3.30693 4.03364 4.15385
75.06 0.209883 0.590793 0.350163 0.27312 0.301834 -1.5005 -6.04184 -8.33202 -7.64731 -6.63525 -5.45431 -4.265 -3.17415 -2.2174 -1.01922 0.470109 1.39583 1.9512 2.64575 2.92797 3.26588 3.988 4.10395
75.1 0.354463 0.745782 0.511709 0.426463 0.435325 -1.35984 -5.812 -8.17532 -7.65088 -6.70184 -5.5603 -4.38995 -3.30043 -2.33699 -1.15833 0.305705 1.28068 1.90241 2.60604 2.88458 3.22465 3.94202 4.05425
75.14 0.487894 0.88715 0.656543 0.560013 0.54604 -1.23242 -5.55585 -7.96228 -7.6449 -6.79697 -5.67529 -4.51418 -3.42175 -2.44769 -1.29348 0.129641 1.15041 1.84874 2.56573 2.84069 3.18252 3.89527 4.00469
75.18 0.609868 1.01487 0.784735 0.674448 0.635907 -1.11158 -5.26991 -7.69377 -7.62897 -6.91543 -5.79889 -4.63906 -3.5401 -2.55315 -1.42619 -0.05413 1.00761 1.78835 2.52287 2.79538 3.13906 3.84763 3.95522
75.22 0.72034 1.12935 0.897138 0.771564 0.70818 -0.991861 -4.95626 -7.37693 -7.59849 -7.04916 -5.92973 -4.76591 -3.65783 -2.65697 -1.55772 -0.241138 0.855667 1.71954 2.47556 2.74781 3.09388 3.799 3.90583
75.26 0.819918 1.23176 0.995547 0.854036 0.766507 -0.871343 -4.62496 -7.02869 -7.53782 -7.17985 -6.07392 -4.89925 -3.77801 -2.76189 -1.68859 -0.427202 0.697829 1.64083 2.4222 2.69739 3.0466 3.74919 3.85634
75.3 0.909632 1.32367 1.08209 0.924638 0.814203 -0.751039 -4.28832 -6.66487 -7.42856 -7.29136 -6.23773 -5.04325 -3.90336 -2.86986 -1.81881 -0.60889 0.536771 1.55112 2.36179 2.64395 2.99704 3.69798 3.80647
75.34 0.9904 1.40651 1.15882 0.986258 0.855128 -0.631145 -3.95289 -6.28956 -7.27436 -7.38095 -6.41216 -5.19522 -4.0343 -2.98212 -1.94866 -0.784113 0.374213 1.44961 2.29399 2.58794 2.9454 3.64531 3.75591
75.38 1.06345 1.48199 1.22804 1.04184 0.892801 -0.512588 -3.62567 -5.90962 -7.07917 -7.44382 -6.58997 -5.35276 -4.17076 -3.0992 -2.07827 -0.951898 0.210939 1.3357 2.21877 2.53 2.892 3.59114 3.70434
75.42 1.13011 1.55187 1.29189 1.09392 0.930031 -0.396423 -3.31232 -5.53102 -6.84825 -7.47712 -6.76443 -5.513 -4.31195 -3.22099 -2.20772 -1.11214 0.0471873 1.20923 2.13631 2.47074 2.83722 3.53547 3.65149
75.46 1.19168 1.61774 1.3522 1.14447 0.968836 -0.283519 -3.01678 -5.15849 -6.58805 -7.48016 -6.92933 -5.67276 -4.45695 -3.34808 -2.33535 -1.26377 -0.117833 1.07034 2.04677 2.41053 2.78132 3.47835 3.59717
75.5 1.24938 1.68102 1.41048 1.19502 1.01064 -0.174307 -2.74123 -4.79569 -6.30573 -7.45417 -7.07971 -5.82891 -4.60418 -3.47958 -2.46014 -1.40725 -0.284247 0.920262 1.95056 2.34941 2.72445 3.41974 3.54123
75.54 1.30435 1.74302 1.46803 1.24678 1.05651 -0.0687043 -2.48636 -4.4455 -6.00876 -7.40189 -7.21178 -5.97818 -4.75099 -3.61321 -2.58373 -1.54526 -0.450749 0.761679 1.84854 2.28725 2.66652 3.35947 3.48345
75.58 1.35766 1.80493 1.52599 1.3007 1.10716 0.0336721 -2.25192 -4.11026 -5.70429 -7.32686 -7.32299 -6.11751 -4.89494 -3.74743 -2.7068 -1.67959 -0.616406 0.597527 1.74157 2.2237 2.60738 3.29735 3.42363
75.62 1.41032 1.86782 1.58531 1.35758 1.1631 0.133438 -2.03698 -3.79189 -5.39887 -7.23308 -7.41197 -6.24443 -5.03383 -3.88082 -2.82959 -1.81168 -0.780349 0.430771 1.63057 2.1583 2.54683 3.23321 3.36159
75.66 1.46323 1.93266 1.64687 1.41806 1.22471 0.231352 -1.84024 -3.49188 -5.0982 -7.12464 -7.47846 -6.35715 -5.16575 -4.01209 -2.95207 -1.94253 -0.941773 0.264084 1.51635 2.09057 2.48475 3.16695 3.29722
75.7 1.51727 2.00036 1.71148 1.48275 1.29231 0.328228 -1.66019 -3.21127 -4.80695 -7.00542 -7.52316 -6.45454 -5.28918 -4.14004 -3.07395 -2.07267 -1.09994 0.0996313 1.39951 2.02002 2.42114 3.09866 3.23047
75.74 1.57319 2.07171 1.77983 1.55215 1.36613 0.424865 -1.49521 -2.95072 -4.52874 -6.87894 -7.54741 -6.53614 -5.403 -4.26367 -3.19477 -2.20218 -1.25412 -0.0610064 1.28029 1.94608 2.3562 3.02861 3.16146
75.78 1.63169 2.14739 1.85256 1.62671 1.44633 0.521991 -1.34374 -2.71044 -4.26621 -6.7482 -7.553 -6.60207 -5.50652 -4.38221 -3.3141 -2.33045 -1.40336 -0.216908 1.15837 1.86797 2.29027 2.95738 3.09052
75.82 1.69335 2.22795 1.93014 1.70673 1.53294 0.62016 -1.20434 -2.49032 -4.02109 -6.61565 -7.54186 -6.65283 -5.59961 -4.49567 -3.43263 -2.45453 -1.54485 -0.368678 1.03235 1.78443 2.22373 2.88583 3.01824
75.86 1.75861 2.31378 2.01297 1.79247 1.62598 0.719907 -1.07552 -2.28977 -3.79422 -6.48326 -7.51631 -6.68971 -5.68237 -4.60331 -3.54869 -2.57428 -1.6784 -0.515314 0.901111 1.69421 2.15707 2.81493 2.9453
75.9 1.82783 2.40515 2.10133 1.88406 1.72535 0.821615 -0.955959 -2.10796 -3.58583 -6.35254 -7.47851 -6.71365 -5.75508 -4.70465 -3.66125 -2.68962 -1.80364 -0.656193 0.763485 1.59609 2.09064 2.74563 2.87248
75.94 1.90121 2.50214 2.19533 1.9815 1.83083 0.925488 -0.844452 -1.94385 -3.39557 -6.22459 -7.4304 -6.72617 -5.81805 -4.79926 -3.76949 -2.80021 -1.92014 -0.791073 0.618689 1.4891 2.02444 2.67855 2.80048
75.98 1.97883 2.60467 2.2949 2.08461 1.94202 1.0315 -0.740039 -1.79629 -3.2227 -6.10025 -7.374 -6.72842 -5.87159 -4.88693 -3.87321 -2.90677 -2.02648 -0.918605 0.466217 1.37264 1.95778 2.61368 2.72976
76.02 2.06062 2.71249 2.39984 2.19308 2.05839 1.1395 -0.641869 -1.66403 -3.06609 -5.97998 -7.31114 -6.72173 -5.91628 -4.96748 -3.97165 -3.00842 -2.12406 -1.03994 0.308006 1.24767 1.88983 2.55047 2.6604
76.06 2.14641 2.82522 2.50981 2.30647 2.17932 1.2492 -0.549261 -1.54583 -2.92426 -5.864 -7.24357 -6.70734 -5.95257 -5.04066 -4.06418 -3.10484 -2.21488 -1.15614 0.146875 1.11596 1.8195 2.48789 2.59221
76.1 2.23593 2.94236 2.62432 2.42421 2.30408 1.36014 -0.461717 -1.44051 -2.79537 -5.75218 -7.17293 -6.6865 -5.98095 -5.10635 -4.15051 -3.19621 -2.30065 -1.26787 -0.0141906 0.979614 1.74559 2.42472 2.52481
76.14 2.32882 3.0633 2.74282 2.54564 2.43183 1.47179 -0.378901 -1.34699 -2.67716 -5.64397 -7.10086 -6.66038 -6.00201 -5.16466 -4.2306 -3.28284 -2.38278 -1.37562 -0.172452 0.840701 1.66697 2.35979 2.45786
76.18 2.42466 3.18739 2.86464 2.67004 2.5617 1.58351 -0.300632 -1.26435 -2.56678 -5.53829 -7.029 -6.63028 -6.01651 -5.21588 -4.30458 -3.36509 -2.46227 -1.47969 -0.325719 0.700956 1.58268 2.29215 2.39111
76.22 2.523 3.31395 2.98913 2.79665 2.6928 1.69456 -0.227024 -1.19217 -2.46144 -5.43195 -6.95798 -6.59866 -6.02582 -5.2606 -4.37271 -3.44324 -2.53975 -1.58031 -0.472556 0.561567 1.49192 2.22111 2.32445
76.26 2.62383 3.44293 3.11637 2.92537 2.8244 1.80323 -0.161547 -1.13654 -2.36943 -5.28994 -6.8672 -6.58899 -6.04113 -5.30261 -4.4357 -3.51757 -2.61618 -1.67902 -0.61376 0.421892 1.39301 2.14536 2.25737
76.3 2.7267 3.57368 3.24566 3.05538 2.95555 1.9088 -0.104131 -1.09632 -2.28553 -5.10883 -6.75618 -6.59973 -6.06395 -5.34417 -4.4952 -3.5888 -2.69157 -1.77564 -0.749103 0.28204 1.28543 2.06443 2.18968
76.34 2.831 3.70539 3.37616 3.18587 3.08558 2.01107 -0.0538322 -1.06916 -2.20448 -4.89745 -6.62307 -6.61975 -6.09764 -5.38843 -4.55307 -3.65756 -2.76575 -1.86989 -0.878469 0.142288 1.16933 1.97825 2.12129
76.38 2.9363 3.83754 3.50741 3.31647 3.21418 2.11003 -0.0101796 -1.05428 -2.12647 -4.66962 -6.45253 -6.63048 -6.15361 -5.44222 -4.61253 -3.72478 -2.8385 -1.96149 -1.00215 0.00259905 1.04499 1.88665 2.05191
76.42 3.04189 3.96921 3.63838 3.44614 3.34054 2.20555 0.0282828 -1.04794 -2.04744 -4.42537 -6.25397 -6.63329 -6.2224 -5.50293 -4.67431 -3.79206 -2.91127 -2.04874 -1.1187 -0.137115 0.913413 1.79005 1.98147
76.46 3.14708 4.09951 3.7681 3.57403 3.46415 2.29795 0.0634178 -1.0463 -1.96546 -4.16987 -6.03656 -6.62637 -6.29646 -5.56815 -4.7385 -3.85998 -2.98386 -2.1321 -1.22884 -0.275719 0.776459 1.6892 1.90997
76.5 3.25123 4.22768 3.89574 3.69946 3.58473 2.38766 0.0970232 -1.04593 -1.8803 -3.90992 -5.80852 -6.60813 -6.36946 -5.63521 -4.80452 -3.92859 -3.05615 -2.21253 -1.33352 -0.41201 0.636247 1.58503 1.83743
76.54 3.3538 4.35308 4.02067 3.82196 3.7021 2.47513 0.130595 -1.04416 -1.7927 -3.65219 -5.57691 -6.5778 -6.43646 -5.70145 -4.87136 -3.99773 -3.12816 -2.29064 -1.4335 -0.545098 0.494765 1.47844 1.76393
76.58 3.45436 4.47525 4.14238 3.94115 3.8162 2.56072 0.16522 -1.03915 -1.7039 -3.4024 -5.3472 -6.53547 -6.49418 -5.7646 -4.93787 -4.067 -3.19983 -2.36693 -1.52945 -0.674304 0.353779 1.37021 1.68952
76.62 3.5526 4.59385 4.26057 4.05683 3.92699 2.64468 0.201562 -1.02985 -1.61528 -3.16491 -5.12316 -6.48177 -6.5409 -5.82297 -5.0029 -4.13587 -3.27102 -2.44171 -1.62195 -0.799127 0.21475 1.26095 1.6142
76.66 3.64819 4.70865 4.37502 4.1689 4.03449 2.72716 0.239914 -1.01589 -1.52819 -2.94266 -4.90689 -6.41768 -6.57624 -5.87546 -5.06547 -4.20374 -3.34153 -2.51522 -1.71145 -0.919206 0.0788142 1.15101 1.53785
76.7 3.74097 4.81956 4.48565 4.27732 4.13873 2.8082 0.280275 -0.997396 -1.4438 -2.73729 -4.69906 -6.34423 -6.60085 -5.92159 -5.12483 -4.2701 -3.41113 -2.58756 -1.7983 -1.03427 -0.0532122 1.04043 1.4602
76.74 3.83096 4.92661 4.5925 4.38213 4.23976 2.88778 0.322439 -0.974855 -1.36309 -2.54931 -4.49919 -6.2624 -6.61607 -5.96138 -5.18048 -4.33447 -3.47958 -2.65875 -1.88267 -1.14408 -0.180786 0.928959 1.38076
76.78 3.91813 5.02989 4.69566 4.48345 4.33764 2.96584 0.366076 -0.948933 -1.28682 -2.37845 -4.30601 -6.17299 -6.6236 -5.99521 -5.23222 -4.39652 -3.54666 -2.72875 -1.96464 -1.24843 -0.303588 0.816059 1.29885
76.82 4.00246 5.12945 4.79522 4.58137 4.43245 3.04231 0.410801 -0.920376 -1.21551 -2.22378 -4.11781 -6.07665 -6.62523 -6.02375 -5.28002 -4.45603 -3.61221 -2.7976 -2.04401 -1.34696 -0.421581 0.701009 1.21356
76.86 4.08411 5.22569 4.89169 4.67646 4.52473 3.11751 0.456352 -0.890495 -1.15123 -2.08767 -3.94042 -5.95897 -6.61154 -6.05937 -5.32921 -4.51435 -3.67625 -2.86548 -2.11951 -1.43895 -0.535911 0.58245 1.12356
76.9 4.16328 5.31895 4.98544 4.76911 4.61477 3.19152 0.502379 -0.860107 -1.09438 -1.96892 -3.77189 -5.81724 -6.58236 -6.1035 -5.38122 -4.57249 -3.73904 -2.93184 -2.19134 -1.52464 -0.646177 0.460017 1.02789
76.94 4.2401 5.40947 5.07664 4.85939 4.70257 3.26421 0.54858 -0.829498 -1.04415 -1.86444 -3.60777 -5.6567 -6.54151 -6.15227 -5.43499 -4.63058 -3.80085 -2.99669 -2.25987 -1.6043 -0.751991 0.333992 0.925988
76.98 4.31473 5.49743 5.16545 4.9474 4.78817 3.33549 0.594743 -0.798849 -0.999728 -1.77176 -3.44585 -5.48075 -6.49098 -6.20341 -5.48986 -4.68873 -3.86195 -3.06014 -2.32547 -1.67846 -0.853236 0.205066 0.817577
77.02 4.3873 5.58312 5.25201 5.0332 4.87157 3.40532 0.640744 -0.768175 -0.960174 -1.68869 -3.28498 -5.29268 -6.43237 -6.2549 -5.54507 -4.74688 -3.92251 -3.12237 -2.38855 -1.74779 -0.949901 0.0743492 0.702674
77.06 4.45799 5.66671 5.33642 5.11684 4.95279 3.47367 0.686536 -0.737344 -0.924424 -1.61324 -3.12482 -5.09591 -6.36708 -6.30474 -5.59971 -4.80479 -3.98263 -3.18371 -2.44991 -1.81254 -1.04152 -0.0571202 0.581412
77.1 4.52631 5.74814 5.41903 5.19848 5.03192 3.54058 0.732151 -0.706123 -0.891388 -1.54377 -2.96572 -4.89385 -6.29632 -6.35118 -5.65279 -4.8621 -4.04237 -3.24447 -2.51016 -1.87299 -1.12784 -0.188118 0.454197
77.14 4.5867 5.82362 5.50198 5.2793 5.10958 3.60635 0.777729 -0.674267 -0.860116 -1.47902 -2.80853 -4.68989 -6.22128 -6.39277 -5.70338 -4.91835 -4.10157 -3.30458 -2.56924 -1.93038 -1.20948 -0.316863 0.322018
77.18 4.64042 5.89252 5.58435 5.35898 5.1858 3.67121 0.823598 -0.641246 -0.82949 -1.41784 -2.6542 -4.48697 -6.14296 -6.4284 -5.75067 -4.97308 -4.16006 -3.36405 -2.62735 -1.98561 -1.28694 -0.442049 0.186025
77.22 4.68924 5.95625 5.66544 5.43722 5.26057 3.7353 0.870025 -0.606584 -0.79854 -1.35933 -2.50376 -4.28764 -6.06223 -6.45728 -5.79392 -5.02581 -4.2176 -3.42288 -2.68469 -2.03942 -1.36075 -0.562791 0.0475683
77.26 4.73442 6.01621 5.7451 5.51399 5.33399 3.79882 0.917265 -0.569875 -0.766481 -1.30286 -2.35819 -4.09396 -5.97986 -6.47892 -5.83259 -5.0761 -4.27398 -3.48105 -2.74146 -2.09242 -1.43153 -0.678606 -0.0918489
77.3 4.77723 6.07195 5.82242 5.5901 5.40664 3.86221 0.965656 -0.530769 -0.732746 -1.24806 -2.21843 -3.90762 -5.89657 -6.49315 -5.86622 -5.1235 -4.32891 -3.53851 -2.7978 -2.14505 -1.4999 -0.789359 -0.230679
77.34 4.81949 6.12057 5.8943 5.66721 5.47967 3.92626 1.01574 -0.488889 -0.696935 -1.1948 -2.08535 -3.72992 -5.81306 -6.50011 -5.89457 -5.16764 -4.38209 -3.59511 -2.85378 -2.19766 -1.56646 -0.895168 -0.367455
77.38 4.8617 6.16468 5.96155 5.74454 5.55285 3.9911 1.06783 -0.443821 -0.658532 -1.14278 -1.95939 -3.56155 -5.72976 -6.50002 -5.91751 -5.20828 -4.43334 -3.65081 -2.90951 -2.25053 -1.63178 -0.996381 -0.500956
77.42 4.90401 6.20622 6.02554 5.8218 5.62614 4.05688 1.12217 -0.395245 -0.61717 -1.09183 -1.84086 -3.40283 -5.64697 -6.49322 -5.93505 -5.24526 -4.4825 -3.70557 -2.96508 -2.30388 -1.69639 -1.09345 -0.630251
77.46 4.94656 6.24662 6.08744 5.899 5.69965 4.1238 1.17903 -0.342885 -0.572586 -1.04184 -1.72992 -3.2538 -5.56491 -6.48016 -5.94729 -5.27847 -4.52944 -3.75933 -3.02054 -2.35787 -1.76068 -1.18687 -0.754719
77.5 4.98954 6.28699 6.14809 5.97622 5.77368 4.19218 1.23872 -0.286475 -0.524587 -0.992799 -1.62666 -3.11424 -5.48368 -6.46134 -5.95437 -5.30787 -4.57406 -3.81205 -3.07595 -2.41259 -1.82496 -1.27713 -0.874026
77.54 5.03406 6.32917 6.20415 6.05065 5.85001 4.26323 1.30209 -0.22559 -0.47312 -0.944891 -1.5313 -2.98398 -5.40359 -6.43754 -5.95656 -5.33336 -4.61615 -3.86357 -3.13128 -2.46822 -1.88909 -1.36435 -0.988278
77.58 5.08043 6.37391 6.25666 6.12187 5.92849 4.33709 1.36948 -0.159892 -0.417978 -0.898063 -1.44374 -2.86232 -5.32456 -6.40943 -5.95416 -5.35499 -4.65565 -3.91388 -3.18671 -2.52519 -1.95239 -1.44823 -1.09813
77.62 5.12855 6.4214 6.30747 6.19103 6.00849 4.4135 1.44097 -0.0891803 -0.35899 -0.852215 -1.36372 -2.74829 -5.24623 -6.37765 -5.9476 -5.37295 -4.69261 -3.96298 -3.24214 -2.58311 -2.01541 -1.52952 -1.20341
77.66 5.17833 6.47175 6.35784 6.2591 6.08966 4.49233 1.51667 -0.0132999 -0.296076 -0.807309 -1.29103 -2.64069 -5.16816 -6.34295 -5.93733 -5.38745 -4.72708 -4.01081 -3.29744 -2.64178 -2.07844 -1.60875 -1.30424
77.7 5.22972 6.525 6.40865 6.32678 6.17177 4.57351 1.59668 0.0678575 -0.229217 -0.763344 -1.22544 -2.53819 -5.08976 -6.30608 -5.92384 -5.39871 -4.75909 -4.05732 -3.3525 -2.70103 -2.14165 -1.6863 -1.40087
77.74 5.28265 6.58118 6.46061 6.39468 6.25471 4.65707 1.68121 0.154369 -0.1586 -0.720715 -1.16743 -2.44064 -5.00717 -6.26569 -5.91009 -5.40801 -4.7889 -4.10236 -3.40713 -2.7607 -2.20516 -1.76255 -1.49371
77.78 5.33736 6.64082 6.51492 6.46222 6.33796 4.74431 1.77146 0.246554 -0.0852787 -0.681912 -1.12112 -2.35424 -4.90013 -6.20931 -5.91039 -5.42204 -4.81843 -4.1457 -3.4606 -2.8203 -2.26902 -1.83802 -1.58354
77.82 5.39423 6.70443 6.57255 6.52762 6.4193 4.83591 1.86809 0.34474 -0.00912687 -0.646458 -1.08515 -2.27521 -4.77203 -6.13959 -5.92076 -5.44019 -4.84835 -4.18791 -3.51295 -2.87945 -2.33279 -1.91253 -1.67047
77.86 5.45299 6.7717 6.63344 6.59252 6.4993 4.93088 1.97055 0.448649 0.069943 -0.613628 -1.0579 -2.20032 -4.62569 -6.05854 -5.93818 -5.46173 -4.87899 -4.2295 -3.56448 -2.9383 -2.39683 -1.9852 -1.75389
77.9 5.51336 6.84232 6.69742 6.65794 6.57855 5.02855 2.07848 0.558088 0.15196 -0.582975 -1.03853 -2.12885 -4.46733 -5.96192 -5.95496 -5.49075 -4.91271 -4.27142 -3.61534 -2.99662 -2.46079 -2.05594 -1.834
77.94 5.57507 6.91597 6.76435 6.72461 6.65756 5.1285 2.19171 0.672891 0.236868 -0.554191 -1.02642 -2.06105 -4.30274 -5.84389 -5.96362 -5.53116 -4.95205 -4.31498 -3.66587 -3.05413 -2.52406 -2.12486 -1.91113
77.98 5.63786 6.99235 6.83395 6.7928 6.73635 5.23007 2.30961 0.792523 0.32461 -0.526387 -1.01957 -1.99488 -4.13161 -5.71033 -5.96556 -5.57755 -4.99533 -4.36035 -3.71668 -3.11115 -2.58654 -2.19199 -1.98538
78.02 5.70146 7.07111 6.90593 6.86257 6.81482 5.33257 2.43152 0.916427 0.415167 -0.498638 -1.01609 -1.92931 -3.95604 -5.56537 -5.96028 -5.62647 -5.04125 -4.40747 -3.76812 -3.16798 -2.64836 -2.25771 -2.05636
78.06 5.76565 7.15192 6.97997 6.93385 6.89273 5.43534 2.55671 1.04398 0.508472 -0.470069 -1.01427 -1.86386 -3.77862 -5.41252 -5.94719 -5.67512 -5.08851 -4.45606 -3.8204 -3.22492 -2.70976 -2.32242 -2.12356
78.1 5.83018 7.23447 7.05578 7.00653 6.96981 5.53771 2.68439 1.17449 0.604383 -0.439923 -1.01264 -1.79841 -3.6019 -5.25473 -5.92599 -5.72128 -5.13589 -4.5057 -3.87357 -3.28215 -2.7708 -2.38601 -2.18762
78.14 5.89482 7.31846 7.13308 7.08045 7.04581 5.63902 2.81374 1.30722 0.702658 -0.407604 -1.00997 -1.73303 -3.42815 -5.0944 -5.89667 -5.76335 -5.18229 -4.55586 -3.92749 -3.33972 -2.83154 -2.44848 -2.24896
78.18 5.95934 7.40364 7.21166 7.15551 7.12049 5.73866 2.94395 1.44141 0.80295 -0.372701 -1.00533 -1.66795 -3.25922 -4.93336 -5.85943 -5.80034 -5.22683 -4.60596 -3.98193 -3.3976 -2.89201 -2.5099 -2.30791
78.22 6.02355 7.48979 7.29134 7.23161 7.19365 5.83604 3.07419 1.57627 0.904817 -0.334973 -0.99805 -1.6034 -3.09645 -4.77282 -5.81469 -5.83186 -5.26879 -4.65541 -4.03655 -3.45569 -2.95223 -2.57033 -2.36477
78.26 6.08722 7.57671 7.37197 7.3087 7.26515 5.9306 3.20371 1.71107 1.00775 -0.294331 -0.987655 -1.53962 -2.94078 -4.61358 -5.76301 -5.85785 -5.30776 -4.7037 -4.09097 -3.51379 -3.01216 -2.62984 -2.41979
78.3 6.15017 7.66423 7.45348 7.38677 7.33485 6.02181 3.33178 1.8451 1.11117 -0.250804 -0.973825 -1.47678 -2.79271 -4.45599 -5.70499 -5.8787 -5.34349 -4.75038 -4.1448 -3.57167 -3.07171 -2.68846 -2.47317
78.34 6.21218 7.75224 7.53581 7.46584 7.40265 6.10914 3.45776 1.97776 1.2145 -0.204485 -0.956323 -1.415 -2.65243 -4.30015 -5.6413 -5.895 -5.37594 -4.79511 -4.19766 -3.62905 -3.13075 -2.74621 -2.5251
78.38 6.27307 7.84059 7.61892 7.54592 7.46842 6.19208 3.58111 2.10851 1.31715 -0.155492 -0.934923 -1.35425 -2.51988 -4.14601 -5.57262 -5.90746 -5.40519 -4.83763 -4.2492 -3.68565 -3.18914 -2.80308 -2.57569
78.42 6.3329 7.92954 7.70318 7.62488 7.53091 6.27133 3.70241 2.2375 1.41864 -0.104107 -0.909862 -1.29547 -2.39695 -3.99788 -5.49193 -5.9108 -5.43773 -4.8804 -4.29962 -3.74087 -3.24628 -2.85878 -2.62502
78.46 6.39214 8.01986 7.78967 7.69887 7.58664 6.34839 3.82309 2.36532 1.51845 -0.0507313 -0.881365 -1.23922 -2.28429 -3.85666 -5.39697 -5.90398 -5.47534 -4.92447 -4.34922 -3.79449 -3.30174 -2.91292 -2.67289
78.5 6.45056 8.11149 7.87857 7.76918 7.63522 6.42196 3.94249 2.49171 1.61629 0.00486826 -0.84874 -1.18468 -2.18059 -3.72024 -5.2914 -5.88972 -5.51564 -4.96899 -4.39795 -3.84664 -3.35557 -2.96546 -2.71923
78.54 6.50792 8.20424 7.96982 7.83638 7.67675 6.49106 4.06013 2.61636 1.71182 0.0630229 -0.81117 -1.13102 -2.08493 -3.58785 -5.17748 -5.86948 -5.55752 -5.01361 -4.44579 -3.89738 -3.4078 -3.01638 -2.76403
78.58 6.56435 8.29826 8.06056 7.89958 7.71246 6.55573 4.17611 2.7389 1.80443 0.123989 -0.767836 -1.07745 -1.99662 -3.45932 -5.05722 -5.84454 -5.6002 -5.05795 -4.49264 -3.94671 -3.45843 -3.06568 -2.8073
78.62 6.62135 8.39521 8.14303 7.95316 7.74571 6.61765 4.29171 2.85922 1.89327 0.187776 -0.718137 -1.02339 -1.91528 -3.33498 -4.93271 -5.8162 -5.64306 -5.1016 -4.53827 -3.99452 -3.50741 -3.1133 -2.84899
78.66 6.67893 8.49539 8.21933 7.99614 7.77442 6.67552 4.40666 2.97753 1.97865 0.255239 -0.660825 -0.967699 -1.84019 -3.21507 -4.80575 -5.78555 -5.68569 -5.1443 -4.58256 -4.04077 -3.55473 -3.15926 -2.88914
78.7 6.73754 8.58992 8.28695 8.03296 7.799 6.72909 4.52073 3.0932 2.06012 0.326897 -0.594933 -0.909447 -1.77079 -3.10003 -4.6781 -5.75361 -5.72771 -5.18585 -4.62537 -4.0854 -3.60039 -3.20358 -2.92778
78.74 6.79936 8.6731 8.34003 8.06566 7.81943 6.77826 4.63426 3.20636 2.13772 0.403199 -0.519739 -0.84785 -1.70653 -2.99032 -4.55135 -5.72138 -5.76902 -5.22593 -4.6665 -4.12831 -3.64435 -3.24627 -2.96493
78.78 6.85423 8.74371 8.38286 8.09346 7.83405 6.82187 4.7468 3.31703 2.21181 0.484654 -0.434723 -0.782231 -1.64682 -2.88628 -4.42687 -5.68967 -5.80942 -5.26452 -4.70591 -4.16946 -3.68658 -3.28732 -3.00064
78.82 6.89371 8.79325 8.41774 8.11585 7.84185 6.8593 4.85857 3.42591 2.28299 0.571432 -0.339931 -0.712261 -1.59104 -2.78805 -4.30568 -5.65908 -5.84892 -5.30161 -4.74357 -4.20881 -3.72708 -3.32677 -3.03495
78.86 6.92008 8.82035 8.4413 8.13017 7.84106 6.88988 4.97032 3.5346 2.35254 0.663634 -0.235859 -0.637901 -1.5385 -2.69552 -4.1885 -5.63006 -5.88758 -5.33727 -4.77953 -4.24641 -3.76588 -3.36463 -3.0679
78.9 6.93377 8.82551 8.45171 8.13437 7.82995 6.91268 5.08238 3.64455 2.42173 0.761075 -0.123527 -0.559445 -1.48854 -2.60839 -4.07575 -5.60291 -5.92548 -5.37164 -4.8139 -4.28231 -3.803 -3.40093 -3.09952
78.94 6.93467 8.8091 8.44754 8.12666 7.80682 6.92667 5.19509 3.75735 2.49191 0.86333 -0.00439165 -0.477486 -1.44048 -2.5262 -3.96758 -5.57774 -5.96271 -5.40489 -4.84683 -4.31661 -3.8385 -3.4357 -3.12985
78.98 6.92234 8.77106 8.42744 8.10536 7.77006 6.93088 5.3089 3.87472 2.56447 0.969816 0.119807 -0.392824 -1.39372 -2.44833 -3.86392 -5.5545 -5.99938 -5.43725 -4.87851 -4.34942 -3.87244 -3.46897 -3.1589
79.02 6.89612 8.71095 8.39009 8.06889 7.71813 6.9244 5.42436 3.99848 2.64078 1.0799 0.247224 -0.306372 -1.3477 -2.37415 -3.76459 -5.53307 -6.03542 -5.46888 -4.90919 -4.38096 -3.90493 -3.50081 -3.18672
79.06 6.85516 8.62806 8.33414 8.01576 7.64965 6.90639 5.54214 4.13047 2.72221 1.193 0.376073 -0.219049 -1.30195 -2.30301 -3.66924 -5.5131 -6.07087 -5.49998 -4.93908 -4.41139 -3.93611 -3.53129 -3.21334
79.1 6.79854 8.52152 8.25833 7.94459 7.56335 6.8762 5.66288 4.27234 2.8101 1.30874 0.504819 -0.131676 -1.25603 -2.2343 -3.57745 -5.49422 -6.10558 -5.53068 -4.96842 -4.44097 -3.96617 -3.56055 -3.23884
79.14 6.72526 8.39042 8.16143 7.85418 7.45824 6.83337 5.78703 4.42533 2.90575 1.42707 0.632306 -0.0448918 -1.20961 -2.16747 -3.48879 -5.47596 -6.13941 -5.56106 -4.99744 -4.46995 -3.99533 -3.58873 -3.26334
79.18 6.63435 8.23394 8.04237 7.7434 7.33334 6.77723 5.91546 4.59136 3.01041 1.54789 0.75767 0.0408759 -1.16229 -2.10194 -3.40267 -5.4577 -6.17208 -5.59118 -5.02637 -4.49863 -4.02387 -3.61607 -3.28701
79.22 6.5249 8.05141 7.9002 7.61129 7.18792 6.70725 6.04885 4.77193 3.12527 1.67146 0.880561 0.125503 -1.11366 -2.03713 -3.31839 -5.43871 -6.20324 -5.62102 -5.05545 -4.52735 -4.05213 -3.64287 -3.31008
79.26 6.3961 7.84241 7.73422 7.45713 7.0215 6.62305 6.18755 4.96812 3.25148 1.79841 1.00119 0.209214 -1.06325 -1.9724 -3.23511 -5.4181 -6.23248 -5.65053 -5.08491 -4.5565 -4.08053 -3.6695 -3.33287
79.3 6.24733 7.60692 7.544 7.28046 6.83392 6.52429 6.33148 5.18049 3.39007 1.92969 1.12032 0.292608 -1.01047 -1.90701 -3.15181 -5.39485 -6.25933 -5.67962 -5.11496 -4.58646 -4.10953 -3.69639 -3.35575
79.34 6.07818 7.34533 7.32942 7.08106 6.62524 6.41073 6.48 5.40894 3.54191 2.06654 1.23929 0.376657 -0.954571 -1.84009 -3.06725 -5.36781 -6.28325 -5.70814 -5.14581 -4.61767 -4.13964 -3.72406 -3.37919
79.38 5.88853 7.05853 7.0907 6.85901 6.39584 6.28216 6.63172 5.65254 3.70757 2.21041 1.35988 0.462681 -0.894654 -1.77059 -2.97997 -5.33569 -6.30372 -5.7359 -5.17762 -4.65054 -4.1714 -3.75306 -3.40366
79.42 5.67863 6.74791 6.8284 6.61465 6.1464 6.13841 6.78444 5.90946 3.88729 2.36278 1.48422 0.552257 -0.829635 -1.69726 -2.88831 -5.29713 -6.32018 -5.76268 -5.2105 -4.68544 -4.20533 -3.78395 -3.4297
79.46 5.44913 6.41537 6.54341 6.34861 5.87783 5.97948 6.93529 6.17721 4.08128 2.52542 1.61455 0.64661 -0.759234 -1.62048 -2.79407 -5.24215 -6.32645 -5.79484 -5.24721 -4.72313 -4.24153 -3.81689 -3.45772
79.5 5.20112 6.06321 6.23698 6.06179 5.59137 5.80551 7.08076 6.45254 4.28935 2.69988 1.75296 0.746837 -0.683142 -1.54036 -2.69841 -5.15986 -6.31598 -5.83831 -5.29092 -4.7649 -4.28032 -3.85191 -3.4878
79.54 4.93634 5.69427 5.91075 5.75547 5.28849 5.61682 7.21638 6.73069 4.50997 2.88666 1.90102 0.854557 -0.599322 -1.45387 -2.59688 -5.05348 -6.29062 -5.88858 -5.3403 -4.81112 -4.32252 -3.88964 -3.52023
79.58 4.657 5.3118 5.56684 5.43133 4.97104 5.41397 7.33745 7.00626 4.74097 3.08558 2.05952 0.970798 -0.505957 -1.3584 -2.48657 -4.9244 -6.25087 -5.94307 -5.39438 -4.86186 -4.36863 -3.9306 -3.55534
79.62 4.36574 4.91931 5.20782 5.09155 4.64125 5.19804 7.4393 7.27356 4.97962 3.29573 2.22835 1.09599 -0.401329 -1.25142 -2.36538 -4.7752 -6.19608 -5.99799 -5.45324 -4.91738 -4.41894 -3.97504 -3.59326
79.66 4.0654 4.52053 4.83668 4.73875 4.30168 4.97042 7.51792 7.52713 5.22289 3.51568 2.40663 1.22997 -0.284127 -1.13124 -2.23335 -4.61286 -6.11831 -6.04439 -5.52263 -4.98004 -4.47395 -4.02273 -3.63363
79.7 3.75897 4.11923 4.45678 4.37603 3.95525 4.73296 7.57017 7.76182 5.46706 3.74281 2.59218 1.3718 -0.153122 -0.995491 -2.08844 -4.43701 -6.0203 -6.08256 -5.59893 -5.04853 -4.53357 -4.07389 -3.6765
79.74 3.44944 3.71916 4.07181 4.00688 3.60519 4.4879 7.59412 7.97309 5.70801 3.97388 2.78229 1.52024 -0.0074348 -0.842307 -1.92919 -4.24856 -5.90547 -6.11192 -5.67881 -5.12131 -4.59738 -4.12856 -3.72188
79.78 3.13969 3.32391 3.68563 3.63509 3.25491 4.23773 7.58887 8.15712 5.94153 4.2053 2.97411 1.67401 0.153133 -0.670942 -1.75511 -4.04903 -5.77652 -6.13164 -5.75956 -5.19691 -4.66476 -4.18654 -3.76969
79.82 2.83243 2.93677 3.30205 3.2645 2.90781 3.98508 7.55491 8.31116 6.16332 4.43331 3.16502 1.83196 0.327941 -0.48211 -1.56676 -3.83992 -5.63555 -6.14105 -5.83894 -5.27387 -4.73493 -4.24748 -3.81971
79.86 2.5301 2.56065 2.92474 2.89889 2.56719 3.73265 7.4938 8.43339 6.36935 4.65434 3.3529 1.99325 0.515467 -0.27812 -1.3658 -3.6227 -5.484 -6.13946 -5.91504 -5.35097 -4.80711 -4.31092 -3.87165
79.9 2.23482 2.19804 2.55705 2.54177 2.23613 3.48313 7.40796 8.52288 6.55612 4.86535 3.53637 2.15736 0.71343 -0.0626553 -1.15488 -3.39885 -5.32273 -6.12617 -5.98641 -5.42704 -4.88048 -4.37631 -3.92516
79.94 1.94838 1.85094 2.20195 2.19648 1.91769 3.23968 7.29991 8.57846 6.72106 5.06483 3.71494 2.32402 0.919075 0.159784 -0.93736 -3.17 -5.15213 -6.10042 -6.05182 -5.50114 -4.95429 -4.44311 -3.97986
79.98 1.67231 1.52087 1.86185 1.86561 1.61404 3.0043 7.173 8.60148 6.86273 5.25066 3.88744 2.49282 1.12968 0.384642 -0.716925 -2.93811 -4.97245 -6.06151 -6.11039 -5.57241 -5.02779 -4.51075 -4.03533
80.02 1.40775 1.20881 1.53852 1.55112 1.3268 2.77867 7.03083 8.59375 6.97983 5.42182 4.05418 2.66329 1.3423 0.607745 -0.497229 -2.70539 -4.78378 -6.00878 -6.16157 -5.64012 -5.10027 -4.57863 -4.09118
80.06 1.15554 0.915306 1.23318 1.25442 1.0571 2.56409 6.8766 8.5573 7.07196 5.57824 4.21561 2.83478 1.55436 0.825836 -0.281515 -2.47417 -4.58609 -5.94168 -6.20512 -5.70379 -5.17111 -4.64622 -4.14701
80.1 0.916245 0.640474 0.94651 0.976334 0.805623 2.36151 6.71304 8.49424 7.13949 5.72051 4.37237 3.0066 1.76383 1.0367 -0.0726445 -2.24716 -4.38035 -5.85802 -6.23955 -5.7647 -5.24044 -4.7131 -4.20241
80.14 0.690149 0.384055 0.678656 0.717135 0.572511 2.17129 6.54179 8.40622 7.18338 5.85022 4.52602 3.17875 1.96959 1.23866 0.125778 -2.02931 -4.17285 -5.74409 -6.25552 -5.83336 -5.31217 -4.77957 -4.25655
80.18 0.477327 0.145548 0.429461 0.476803 0.357767 1.99362 6.36399 8.29433 7.20438 5.96907 4.67792 3.35074 2.17049 1.43101 0.312405 -1.82132 -3.96061 -5.6 -6.25515 -5.9084 -5.38603 -4.8458 -4.30952
80.22 0.277691 -0.0757004 0.198564 0.255155 0.161322 1.82849 6.17999 8.15876 7.20276 6.07892 4.82984 3.52245 2.36598 1.61373 0.486812 -1.62294 -3.74142 -5.42764 -6.23924 -5.98774 -5.46175 -4.9122 -4.36178
80.26 0.0910313 -0.280441 -0.0145294 0.0518957 -0.0169275 1.67565 5.98942 7.99884 7.17815 6.18163 4.98403 3.69424 2.556 1.78717 0.649286 -1.43309 -3.51351 -5.22882 -6.20843 -6.06948 -5.53898 -4.97915 -4.41385
80.3 -0.0829516 -0.469468 -0.210386 -0.133335 -0.177128 1.53454 5.79133 7.81327 7.12943 6.27874 5.14297 3.86683 2.74085 1.95196 0.800837 -1.24974 -3.27528 -5.00577 -6.16355 -6.15141 -5.61702 -5.04694 -4.46636
80.34 -0.244612 -0.64358 -0.38962 -0.300984 -0.319564 1.40416 5.58432 7.60055 7.05484 6.37107 5.30891 4.0412 2.9212 2.10893 0.94307 -1.0701 -3.02528 -4.76116 -6.10535 -6.23132 -5.69507 -5.11554 -4.51982
80.38 -0.394334 -0.803577 -0.55291 -0.451654 -0.444802 1.28301 5.36693 7.35956 6.95244 6.45841 5.48336 4.21825 3.0979 2.25913 1.07801 -0.891005 -2.76242 -4.49798 -6.03488 -6.30672 -5.7718 -5.18491 -4.57474
80.42 -0.53253 -0.950264 -0.701032 -0.586191 -0.553862 1.16909 5.1379 7.09016 6.82075 6.53941 5.66634 4.39847 3.27186 2.40369 1.20789 -0.709352 -2.48613 -4.2193 -5.95284 -6.37525 -5.846 -5.25471 -4.63139
80.46 -0.659652 -1.08449 -0.834906 -0.705747 -0.648283 1.06014 4.89669 6.79366 6.65935 6.61162 5.8561 4.5816 3.44378 2.54384 1.33494 -0.522542 -2.19663 -3.92821 -5.85978 -6.43466 -5.91628 -5.32443 -4.68986
80.5 -0.77622 -1.20716 -0.955622 -0.811786 -0.730094 0.953899 4.64369 6.47298 6.4694 6.67202 6.04894 4.7664 3.61402 2.68081 1.46127 -0.328868 -1.89514 -3.62788 -5.75599 -6.4828 -5.98124 -5.39342 -4.75001
80.54 -0.882862 -1.31931 -1.06445 -0.906036 -0.801668 0.84843 4.38045 6.1326 6.25382 6.71734 6.2398 4.95071 3.78243 2.81574 1.58873 -0.127686 -1.58404 -3.32155 -5.64166 -6.51778 -6.03946 -5.46077 -4.81144
80.58 -0.980334 -1.42207 -1.16281 -0.990406 -0.865538 0.742312 4.10953 5.77813 6.01696 6.745 6.42295 5.13159 3.94833 2.94956 1.71877 0.0805972 -1.26665 -3.01261 -5.517 -6.53792 -6.0895 -5.52548 -4.87352
80.62 -1.06955 -1.51674 -1.25229 -1.06691 -0.924213 0.634694 3.83432 5.41607 5.76454 6.75318 6.59242 5.30578 4.11091 3.08302 1.85239 0.294753 -0.946946 -2.70444 -5.38242 -6.54197 -6.13002 -5.58639 -4.93542
80.66 -1.15158 -1.60474 -1.33459 -1.13757 -0.980027 0.525265 3.55875 5.05331 5.50318 6.7408 6.7422 5.47017 4.26969 3.21678 1.99018 0.513011 -0.629077 -2.40026 -5.23869 -6.5293 -6.15986 -5.64223 -4.99609
80.7 -1.2276 -1.68756 -1.41144 -1.20434 -1.03507 0.41402 3.28655 4.69602 5.23868 6.70832 6.86881 5.62201 4.42332 3.35073 2.13223 0.733483 -0.316894 -2.10283 -5.08686 -6.49989 -6.17798 -5.6918 -5.05452
80.74 -1.29887 -1.76676 -1.48458 -1.26907 -1.09115 0.301152 3.02115 4.34976 4.97653 6.65713 6.96981 5.75907 4.57071 3.4846 2.27826 0.954322 -0.0136528 -1.81421 -4.92806 -6.45438 -6.18388 -5.73402 -5.10954
80.78 -1.36671 -1.84391 -1.55572 -1.33352 -1.14982 0.186942 2.76553 4.01922 4.72159 6.58901 7.04351 5.87931 4.71151 3.61885 2.42774 1.17357 0.277958 -1.53562 -4.76327 -6.39401 -6.17741 -5.76798 -5.16016
80.82 -1.43245 -1.92055 -1.62653 -1.39924 -1.21234 0.0717232 2.52212 3.70828 4.47793 6.50574 7.08874 5.98138 4.84589 3.75394 2.58002 1.38955 0.555928 -1.26715 -4.59298 -6.32049 -6.15887 -5.79311 -5.20558
80.86 -1.49739 -1.99813 -1.69854 -1.46764 -1.27972 -0.044182 2.29281 3.41997 4.24881 6.40872 7.10454 6.06426 4.97468 3.89087 2.73458 1.60076 0.818476 -1.00842 -4.41575 -6.2348 -6.12984 -5.80972 -5.24526
80.9 -1.5628 -2.07812 -1.77335 -1.54022 -1.35308 -0.16089 2.07855 3.15619 4.03629 6.29835 7.08965 6.12775 5.10057 4.03253 2.89164 1.80464 1.05928 -0.767805 -4.2097 -6.12245 -6.10633 -5.82417 -5.28021
80.94 -1.62987 -2.1618 -1.85234 -1.61818 -1.43319 -0.278361 1.88005 2.91841 3.8418 6.17456 7.04235 6.17075 5.22557 4.18129 3.05118 2.00008 1.27737 -0.542184 -3.96918 -5.98294 -6.0904 -5.83824 -5.31136
80.98 -1.69967 -2.25027 -1.93668 -1.70248 -1.52056 -0.396471 1.69777 2.70761 3.66593 6.03667 6.96045 6.19125 5.35147 4.34023 3.21425 2.18723 1.47291 -0.329026 -3.70077 -5.80834 -6.07075 -5.86057 -5.34329
81.02 -1.77305 -2.34437 -2.02727 -1.79381 -1.61542 -0.515076 1.53179 2.5241 3.50824 5.88369 6.84205 6.18672 5.47914 4.51212 3.38192 2.36663 1.64711 -0.126008 -3.40848 -5.59112 -6.03975 -5.89662 -5.38
81.06 -1.85064 -2.44463 -2.1246 -1.89241 -1.71759 -0.633798 1.38204 2.36756 3.36743 5.71497 6.68632 6.15409 5.60755 4.69804 3.55479 2.53964 1.80383 0.0712642 -3.09375 -5.33696 -5.99493 -5.94113 -5.42122
81.1 -1.93278 -2.5512 -2.22878 -1.99813 -1.82654 -0.752201 1.24805 2.23676 3.24128 5.5303 6.49399 6.09099 5.73408 4.89738 3.73331 2.70837 1.94794 0.265629 -2.76201 -5.05203 -5.93176 -5.98805 -5.46633
81.14 -2.01952 -2.66387 -2.33951 -2.11045 -1.94152 -0.869876 1.12882 2.12941 3.12689 5.33015 6.26773 5.99654 5.85491 5.10746 3.91725 2.875 2.08431 0.458554 -2.41987 -4.74233 -5.84632 -6.03154 -5.51373
81.18 -2.11062 -2.78211 -2.45616 -2.22856 -2.06158 -0.986516 1.02288 2.04236 3.02112 5.11589 6.01199 5.87185 5.96565 5.3237 4.10552 3.04123 2.21699 0.650341 -2.0739 -4.41303 -5.73574 -6.06657 -5.56118
81.22 -2.20565 -2.90517 -2.57787 -2.35149 -2.18574 -1.10193 0.92839 1.97187 2.92103 4.88978 5.73261 5.7199 6.06211 5.54031 4.29615 3.20792 2.34878 0.840458 -1.72979 -4.06808 -5.59836 -6.08946 -5.60634
81.26 -2.30399 -3.03212 -2.70363 -2.47817 -2.313 -1.21608 0.843285 1.91404 2.82415 4.65472 5.43615 5.54521 6.14083 5.75117 4.48657 3.37514 2.48126 1.02775 -1.39251 -3.71191 -5.43175 -6.09578 -5.64879
81.3 -2.40499 -3.16199 -2.83245 -2.60764 -2.44256 -1.32911 0.765348 1.86499 2.72847 4.41393 5.12923 5.35292 6.19963 5.95095 4.67438 3.54267 2.61499 1.21021 -1.06786 -3.35362 -5.22458 -6.07519 -5.69694
81.34 -2.50794 -3.29382 -2.96332 -2.73895 -2.57361 -1.44116 0.692611 1.82141 2.63278 4.17091 4.81849 5.14907 6.23713 6.13387 4.85652 3.70959 2.74968 1.38666 -0.757831 -2.99325 -4.97817 -6.02862 -5.74795
81.38 -2.6122 -3.4267 -3.09534 -2.87122 -2.70544 -1.55231 0.623415 1.78068 2.53653 3.92906 4.50974 4.93898 6.25296 6.29578 5.03013 3.87446 2.88473 1.55645 -0.463381 -2.63176 -4.69736 -5.95582 -5.7973
81.42 -2.71714 -3.5598 -3.22768 -3.00371 -2.83741 -1.66259 0.556449 1.74081 2.43959 3.6914 4.20783 4.72723 6.24796 6.43401 5.19248 4.03558 3.0194 1.71939 -0.184701 -2.27069 -4.38798 -5.8574 -5.84058
81.46 -2.82224 -3.6924 -3.35961 -3.13572 -2.96892 -1.77196 0.490749 1.70048 2.34224 3.46055 3.91677 4.51789 6.22348 6.54669 5.34118 4.19155 3.1531 1.87578 0.0786658 -1.91199 -4.05687 -5.73511 -5.87325
81.5 -2.92702 -3.82388 -3.49053 -3.26668 -3.09944 -1.88033 0.425664 1.65887 2.24504 3.23874 3.63975 4.31432 6.18125 6.6326 5.47423 4.34134 3.28561 2.02634 0.327629 -1.55798 -3.71144 -5.5916 -5.89148
81.54 -3.03108 -3.95371 -3.61991 -3.39611 -3.22852 -1.98755 0.360792 1.61562 2.14873 3.02787 3.37941 4.11952 6.12266 6.69077 5.59033 4.48453 3.41698 2.17219 0.563522 -1.21106 -3.35897 -5.43011 -5.89225
81.58 -3.1341 -4.0815 -3.74738 -3.52365 -3.35581 -2.09351 0.295891 1.57066 2.05412 2.82947 3.13775 3.9357 6.04926 6.72056 5.68809 4.62121 3.54792 2.31461 0.787731 -0.873681 -3.0063 -5.25415 -5.87345
81.62 -3.23579 -4.20692 -3.87266 -3.64907 -3.4811 -2.19815 0.230789 1.5241 1.96208 2.64485 2.91651 3.76478 5.96199 6.72087 5.7662 4.75233 3.68014 2.45512 1.00162 -0.548036 -2.65921 -5.06701 -5.83405
81.66 -3.33594 -4.32978 -3.9956 -3.77227 -3.60429 -2.30148 0.165372 1.47617 1.87344 2.4751 2.71705 3.60816 5.8614 6.69053 5.82337 4.87917 3.81579 2.5954 1.20662 -0.235892 -2.32228 -4.87155 -5.7738
81.7 -3.43443 -4.44998 -4.11618 -3.89326 -3.72537 -2.40357 0.0995374 1.42715 1.78899 2.32102 2.54035 3.46658 5.74773 6.62845 5.85815 5.00306 3.9573 2.73717 1.4042 0.0614785 -1.99887 -4.67005 -5.69297
81.74 -3.53118 -4.56747 -4.23442 -4.01212 -3.84443 -2.50452 0.0332057 1.37736 1.70942 2.18312 2.38689 3.34005 5.62103 6.53401 5.86905 5.12488 4.10699 2.88214 1.59577 0.343311 -1.69117 -4.46406 -5.59213
81.78 -3.62603 -4.68229 -4.35042 -4.129 -3.96158 -2.60445 -0.0336728 1.3271 1.6352 2.06148 2.25643 3.2277 5.48147 6.40761 5.85481 5.24474 4.2665 3.03169 1.78263 0.609297 -1.40027 -4.2545 -5.47203
81.82 -3.71915 -4.79451 -4.46429 -4.24399 -4.0769 -2.70339 -0.101085 1.27668 1.56661 1.95565 2.14789 3.12792 5.32951 6.25095 5.81485 5.36177 4.43626 3.18667 1.96588 0.859528 -1.12632 -4.04179 -5.3337
81.86 -3.81037 -4.90416 -4.57608 -4.35715 -4.19035 -2.80132 -0.168941 1.22635 1.50368 1.86467 2.05936 3.03854 5.16608 6.06714 5.74967 5.47423 4.61516 3.34715 2.14627 1.0944 -0.868563 -3.82604 -5.17868
81.9 -3.89971 -5.01125 -4.68576 -4.46839 -4.30182 -2.89806 -0.23708 1.17632 1.44615 1.7871 1.98823 2.95715 4.99266 5.86049 5.66103 5.57986 4.80063 3.5124 2.32416 1.3145 -0.625344 -3.60723 -5.00942
81.94 -3.98713 -5.11578 -4.79324 -4.57754 -4.41104 -2.99338 -0.305303 1.12672 1.3936 1.72117 1.93145 2.88143 4.81128 5.63613 5.55179 5.67628 4.98908 3.68091 2.49939 1.52038 -0.394372 -3.38471 -4.8291
81.98 -4.07258 -5.2177 -4.89841 -4.68441 -4.51776 -3.08708 -0.373552 1.07748 1.34529 1.66482 1.88575 2.80927 4.6242 5.39948 5.42568 5.76168 5.17687 3.85105 2.67111 1.71042 -0.17797 -3.14819 -4.63436
82.02 -4.15601 -5.31698 -5.00107 -4.78872 -4.62169 -3.17895 -0.441811 1.02844 1.30043 1.61604 1.84805 2.73904 4.43399 5.15602 5.28709 5.83436 5.35946 4.02045 2.83833 1.88439 0.0266334 -2.89334 -4.42691
82.06 -4.23736 -5.41355 -5.10105 -4.8902 -4.72254 -3.26884 -0.510183 0.979333 1.25825 1.57297 1.81567 2.6696 4.24317 4.91066 5.14008 5.89329 5.53307 4.18679 2.99985 2.04208 0.222131 -2.62134 -4.20147
82.1 -4.31658 -5.50737 -5.19817 -4.98862 -4.82002 -3.35667 -0.578881 0.929822 1.21801 1.53404 1.78644 2.60027 4.05403 4.6676 4.9883 5.93808 5.69461 4.34755 3.15424 2.18374 0.411392 -2.32996 -3.95833
82.14 -4.39361 -5.59843 -5.29228 -5.08373 -4.91392 -3.44243 -0.648218 0.879549 1.17914 1.49804 1.75877 2.53077 3.86859 4.43022 4.83489 5.96872 5.84148 4.50055 3.30069 2.31095 0.596599 -2.02045 -3.69936
82.18 -4.46845 -5.68671 -5.38323 -5.17533 -5.00403 -3.52617 -0.718584 0.828149 1.14123 1.46411 1.73159 2.46114 3.68852 4.20114 4.68244 5.98546 5.97166 4.64408 3.43922 2.42654 0.77884 -1.69768 -3.42677
82.22 -4.54106 -5.77232 -5.47101 -5.26328 -5.09018 -3.60802 -0.790463 0.775242 1.10398 1.43171 1.70428 2.39162 3.51512 3.98226 4.53292 5.98871 6.08371 4.77705 3.57064 2.53412 0.958109 -1.36929 -3.14442
82.26 -4.60889 -5.85406 -5.55661 -5.34805 -5.17257 -3.68826 -0.864405 0.720496 1.0673 1.40058 1.67662 2.32265 3.3494 3.77493 4.3879 5.97898 6.1767 4.89891 3.69626 2.63724 1.13333 -1.04391 -2.85432
82.3 -4.66799 -5.92833 -5.64126 -5.43038 -5.25165 -3.76748 -0.941171 0.663463 1.03108 1.37066 1.64863 2.2547 3.1921 3.58004 4.24857 5.9569 6.24995 5.00942 3.81759 2.73889 1.30275 -0.729516 -2.55677
82.34 -4.72059 -5.99562 -5.72367 -5.50977 -5.32741 -3.84615 -1.0216 0.603501 0.995041 1.34177 1.62037 2.18824 3.04376 3.39824 4.11585 5.92257 6.30322 5.10883 3.93628 2.8414 1.46459 -0.432151 -2.25079
82.38 -4.76811 -6.05734 -5.80342 -5.58615 -5.40003 -3.92477 -1.10642 0.54006 0.958919 1.31382 1.59196 2.12366 2.90468 3.22982 3.99025 5.87669 6.33604 5.19693 4.05358 2.94635 1.61759 -0.155293 -1.93569
82.42 -4.81166 -6.11488 -5.8806 -5.65972 -5.46988 -4.00387 -1.19617 0.472732 0.922474 1.28675 1.56362 2.06142 2.77513 3.07507 3.87228 5.81941 6.34786 5.2734 4.17048 3.05507 1.76183 0.100466 -1.61256
82.46 -4.85282 -6.16531 -5.95302 -5.7326 -5.53843 -4.08446 -1.29135 0.401313 0.885621 1.26067 1.53577 2.00205 2.65543 2.93424 3.76226 5.75095 6.3381 5.33749 4.28754 3.16868 1.89878 0.336733 -1.28479
82.5 -4.89298 -6.20888 -6.01931 -5.80538 -5.60648 -4.16721 -1.3922 0.325616 0.848079 1.23553 1.5087 1.94601 2.54576 2.80739 3.66024 5.67151 6.30634 5.38825 4.40503 3.28835 2.03107 0.556497 -0.957289
82.54 -4.93256 -6.24826 -6.08094 -5.8777 -5.67423 -4.25232 -1.4985 0.245625 0.809468 1.21115 1.48259 1.89358 2.44608 2.6943 3.56592 5.58138 6.2525 5.42463 4.52296 3.41532 2.16173 0.763175 -0.635316
82.58 -4.97183 -6.28537 -6.13949 -5.94978 -5.7422 -4.34005 -1.60984 0.161519 0.769452 1.18734 1.4576 1.84493 2.3562 2.59447 3.47872 5.48098 6.17703 5.44571 4.64092 3.55042 2.29361 0.960015 -0.323482
82.62 -5.01107 -6.32173 -6.1964 -6.02215 -5.81106 -4.43059 -1.72563 0.0735858 0.727699 1.1639 1.43384 1.80015 2.2757 2.5071 3.39779 5.37099 6.08108 5.45089 4.75805 3.69387 2.4289 1.14977 -0.0251919
82.66 -5.05096 -6.35893 -6.25109 -6.09435 -5.88226 -4.52455 -1.84542 -0.0178946 0.683926 1.14074 1.4115 1.75925 2.20407 2.43114 3.32218 5.25239 5.96648 5.44 4.87301 3.84506 2.56889 1.33451 0.257471
82.7 -5.09266 -6.39879 -6.30146 -6.16415 -5.95766 -4.62284 -1.96904 -0.112792 0.637809 1.11776 1.39079 1.72226 2.14069 2.3654 3.25097 5.12643 5.83569 5.41344 4.98411 4.00253 2.71396 1.51569 0.52361
82.74 -5.13638 -6.44201 -6.35015 -6.23264 -6.03675 -4.72489 -2.09556 -0.210843 0.588828 1.0946 1.37158 1.68884 2.08463 2.30836 3.18307 4.99448 5.6915 5.37217 5.08961 4.1643 2.86394 1.6944 0.773466
82.78 -5.18222 -6.48898 -6.39898 -6.30115 -6.11924 -4.83018 -2.22408 -0.311789 0.536494 1.07094 1.35378 1.65862 2.0349 2.2585 3.11755 4.85795 5.53681 5.31749 5.18786 4.32809 3.01807 1.87127 1.00794
82.82 -5.23029 -6.53999 -6.44921 -6.37066 -6.20496 -4.93821 -2.35381 -0.415451 0.480305 1.04647 1.33727 1.63119 1.99052 2.21432 3.0536 4.71829 5.37454 5.25102 5.27739 4.49143 3.17518 2.04655 1.22834
82.86 -5.28067 -6.5952 -6.50174 -6.44188 -6.29369 -5.04851 -2.48408 -0.521748 0.419712 1.02088 1.32198 1.6062 1.95057 2.1745 2.99062 4.57691 5.2074 5.17452 5.35702 4.65184 3.33387 2.22024 1.43612
82.9 -5.33354 -6.65484 -6.55729 -6.51453 -6.38474 -5.1608 -2.61446 -0.630777 0.354118 0.99385 1.30783 1.58333 1.91428 2.13793 2.92822 4.4351 5.0378 5.08979 5.42589 4.80702 3.49261 2.39212 1.63276
82.94 -5.38944 -6.71953 -6.61688 -6.58554 -6.47517 -5.27585 -2.74542 -0.743093 0.28286 0.965135 1.2949 1.56248 1.88116 2.10385 2.8663 4.29412 4.86793 4.9986 5.48348 4.95487 3.64977 2.56171 1.81949
82.98 -5.44825 -6.78911 -6.68066 -6.65628 -6.56471 -5.39237 -2.87614 -0.858757 0.205203 0.934164 1.28292 1.54331 1.8506 2.07153 2.80474 4.15493 4.69946 4.90256 5.52965 5.09377 3.80398 2.72863 1.99756
83.02 -5.50969 -6.86322 -6.74846 -6.7279 -6.6538 -5.50907 -3.00574 -0.977709 0.120526 0.900328 1.27153 1.5255 1.82209 2.0404 2.74349 4.01826 4.53374 4.80308 5.56451 5.22249 3.954 2.89248 2.16805
83.06 -5.57347 -6.94148 -6.82002 -6.80106 -6.74267 -5.62497 -3.13353 -1.09983 0.0283592 0.862983 1.26033 1.50876 1.79527 2.0101 2.68264 3.88473 4.37179 4.70138 5.58836 5.34006 4.09875 3.05286 2.33185
83.1 -5.63928 -7.0235 -6.89505 -6.87609 -6.83139 -5.73926 -3.25893 -1.22488 -0.0715715 0.82141 1.24876 1.49285 1.7699 1.98042 2.62232 3.75483 4.21438 4.59853 5.60163 5.44579 4.23726 3.20938 2.48967
83.14 -5.70682 -7.1089 -6.97326 -6.95317 -6.9199 -5.85126 -3.38145 -1.35244 -0.17929 0.774778 1.23612 1.47754 1.74584 1.95129 2.56276 3.62896 4.0621 4.49542 5.60486 5.53922 4.36873 3.36165 2.64207
83.18 -5.77574 -7.19731 -7.05439 -7.03238 -7.0081 -5.9604 -3.50065 -1.48185 -0.294539 0.722097 1.22145 1.4626 1.72306 1.92278 2.50422 3.50744 3.91538 4.39283 5.59863 5.62005 4.49244 3.50935 2.78949
83.22 -5.84574 -7.28838 -7.13821 -7.11376 -7.09587 -6.06621 -3.61615 -1.6122 -0.416771 0.66217 1.2035 1.44781 1.70164 1.89504 2.44701 3.39056 3.77461 4.2914 5.58349 5.68814 4.60784 3.6522 2.93225
83.26 -5.91648 -7.38181 -7.22454 -7.19731 -7.18308 -6.16829 -3.72761 -1.74232 -0.545173 0.593553 1.18073 1.43294 1.68179 1.86833 2.39148 3.27859 3.64001 4.1917 5.56006 5.74341 4.71445 3.79 3.07065
83.3 -5.98766 -7.47733 -7.31324 -7.28311 -7.26958 -6.26632 -3.83472 -1.87083 -0.678707 0.514569 1.15128 1.41775 1.66376 1.84298 2.33799 3.17176 3.51183 4.09422 5.52889 5.78588 4.81186 3.92258 3.20492
83.34 -6.05897 -7.57468 -7.40419 -7.37109 -7.35535 -6.36006 -3.9373 -1.99628 -0.816177 0.423431 1.1131 1.40198 1.64787 1.81933 2.28692 3.0703 3.39027 3.99938 5.49049 5.8156 4.89976 4.04984 3.3353
83.38 -6.13011 -7.67365 -7.49729 -7.46134 -7.44018 -6.44927 -4.03523 -2.11724 -0.956283 0.318535 1.06416 1.38528 1.63439 1.79775 2.23862 2.97444 3.27551 3.90753 5.44537 5.83268 4.97788 4.17175 3.46201
83.42 -6.20079 -7.774 -7.59242 -7.55379 -7.52387 -6.53369 -4.12854 -2.23265 -1.09773 0.198878 1.00276 1.36714 1.62338 1.77844 2.19337 2.88436 3.16771 3.81898 5.394 5.83731 5.04601 4.28826 3.58527
83.46 -6.27074 -7.87549 -7.68939 -7.64831 -7.60611 -6.61305 -4.21745 -2.34201 -1.2393 0.0645022 0.927924 1.3469 1.61459 1.76146 2.15135 2.80019 3.06702 3.73401 5.33691 5.82976 5.10399 4.39935 3.70527
83.5 -6.33969 -7.97785 -7.78793 -7.7446 -7.68645 -6.68698 -4.30237 -2.44557 -1.37996 -0.0832577 0.839629 1.3237 1.6074 1.74661 2.11259 2.72203 2.97355 3.65288 5.27465 5.81041 5.15172 4.50493 3.82214
83.54 -6.40786 -8.08128 -7.88816 -7.83863 -7.76242 -6.75681 -4.38526 -2.54474 -1.5186 -0.241478 0.739149 1.2968 1.60103 1.73363 2.07707 2.64992 2.88745 3.57589 5.20792 5.77986 5.18914 4.60482 3.93584
83.58 -6.4756 -8.18619 -7.99063 -7.92687 -7.83013 -6.82354 -4.46809 -2.64169 -1.65458 -0.406474 0.628525 1.26543 1.59455 1.72216 2.0447 2.58389 2.8088 3.5033 5.13748 5.73887 5.21634 4.69879 4.0462
83.62 -6.54262 -8.29227 -8.09516 -8.01035 -7.88895 -6.88583 -4.5505 -2.73775 -1.788 -0.57481 0.509778 1.22854 1.58677 1.71172 2.01523 2.52376 2.73749 3.4352 5.06407 5.68836 5.23357 4.78667 4.15311
83.66 -6.60871 -8.39924 -8.20163 -8.08974 -7.93922 -6.94391 -4.62912 -2.83152 -1.92048 -0.743754 0.384833 1.18515 1.57672 1.70202 1.98855 2.46942 2.67343 3.37172 4.9885 5.6294 5.24121 4.86822 4.25626
83.7 -6.67461 -8.5076 -8.30163 -8.16137 -7.9841 -6.99868 -4.70734 -2.92571 -2.04981 -0.909211 0.256158 1.13468 1.56373 1.69296 1.96452 2.42066 2.61636 3.31286 4.91156 5.56318 5.2398 4.94321 4.35528
83.74 -6.74121 -8.61859 -8.39246 -8.22047 -8.02375 -7.05003 -4.78749 -3.02267 -2.17512 -1.06819 0.125628 1.07648 1.54732 1.68465 1.94313 2.37725 2.56593 3.25847 4.83392 5.4909 5.23001 5.01153 4.44983
83.78 -6.80828 -8.72904 -8.47529 -8.26814 -8.05643 -7.09685 -4.87056 -3.12294 -2.29551 -1.21922 -0.00581834 1.00968 1.5271 1.67733 1.92441 2.33896 2.52172 3.20834 4.75617 5.41374 5.21261 5.07311 4.53959
83.82 -6.87749 -8.82648 -8.54394 -8.31046 -8.08366 -7.13998 -4.9586 -3.22358 -2.40732 -1.36191 -0.137794 0.933502 1.50288 1.67142 1.9086 2.30567 2.48339 3.16232 4.67895 5.33293 5.18843 5.1279 4.62416
83.86 -6.94551 -8.91236 -8.59796 -8.34572 -8.10359 -7.17834 -5.05066 -3.32694 -2.51266 -1.49452 -0.269391 0.847715 1.47468 1.66732 1.89579 2.27719 2.45049 3.12014 4.60274 5.24955 5.15836 5.17598 4.70327
83.9 -6.99731 -8.97878 -8.6436 -8.37455 -8.11529 -7.21085 -5.14594 -3.43384 -2.61216 -1.61621 -0.399847 0.752512 1.4426 1.66526 1.88604 2.25324 2.42255 3.08152 4.52796 5.16463 5.12326 5.21748 4.77667
83.94 -7.03529 -9.02105 -8.6769 -8.39419 -8.11723 -7.23715 -5.24536 -3.5461 -2.70722 -1.72732 -0.528492 0.648697 1.40685 1.66526 1.87927 2.23355 2.39909 3.04616 4.45493 5.07905 5.08398 5.25261 4.84424
83.98 -7.06002 -9.03916 -8.69553 -8.40245 -8.10773 -7.25635 -5.34936 -3.66568 -2.79797 -1.82749 -0.655251 0.537419 1.36757 1.66702 1.87526 2.21777 2.37967 3.01384 4.38397 4.99364 5.04134 5.28161 4.90585
84.02 -7.0713 -9.03344 -8.69793 -8.39751 -8.08522 -7.26757 -5.45833 -3.79401 -2.88421 -1.91688 -0.779899 0.420382 1.32495 1.66998 1.87364 2.20554 2.36391 2.98438 4.31544 4.9092 4.99613 5.30475 4.96141
84.06 -7.06853 -9.00404 -8.68294 -8.37799 -8.0484 -7.26989 -5.57183 -3.93049 -2.9693 -1.99892 -0.900519 0.300475 1.2796 1.67354 1.87394 2.19638 2.35132 2.95754 4.24954 4.82635 4.94908 5.32236 5.01093
84.1 -7.05093 -8.95073 -8.64944 -8.34252 -7.99593 -7.26234 -5.68977 -4.07574 -3.05555 -2.07586 -1.01588 0.180431 1.23198 1.67691 1.87567 2.18986 2.34146 2.93308 4.18641 4.7456 4.90082 5.33481 5.05449
84.14 -7.01759 -8.87303 -8.59629 -8.28979 -7.92658 -7.24405 -5.8123 -4.23069 -3.14484 -2.14964 -1.1251 0.0627297 1.18238 1.67926 1.87834 2.18555 2.33391 2.91077 4.12612 4.66733 4.85189 5.34242 5.09221
84.18 -6.96752 -8.77026 -8.52241 -8.21864 -7.83927 -7.2143 -5.93981 -4.39644 -3.2388 -2.22199 -1.22757 -0.0505639 1.13091 1.67966 1.88152 2.18313 2.32834 2.89037 4.06868 4.59181 4.80271 5.34552 5.12425
84.22 -6.89973 -8.64173 -8.42679 -8.12801 -7.73311 -7.17251 -6.07281 -4.57421 -3.33887 -2.29442 -1.32302 -0.15793 1.07737 1.67709 1.88483 2.18235 2.32443 2.87168 4.01402 4.51915 4.75358 5.34437 5.1508
84.26 -6.81328 -8.48684 -8.30856 -8.01703 -7.60743 -7.11824 -6.21187 -4.76523 -3.44639 -2.36834 -1.41152 -0.25847 1.02118 1.67039 1.88795 2.18307 2.32197 2.85447 3.962 4.44937 4.70468 5.33918 5.17207
84.3 -6.70734 -8.30515 -8.16703 -7.88499 -7.46175 -7.05114 -6.35753 -4.9707 -3.56261 -2.44501 -1.4935 -0.351946 0.961382 1.65821 1.89059 2.18522 2.32078 2.83855 3.91242 4.38235 4.65604 5.33004 5.18823
84.34 -6.58123 -8.09649 -8.0017 -7.73134 -7.29579 -6.97087 -6.51011 -5.19187 -3.68944 -2.52458 -1.56894 -0.439353 0.896423 1.63895 1.89235 2.18876 2.32071 2.8237 3.86505 4.31791 4.60758 5.31697 5.19943
84.38 -6.43441 -7.861 -7.81225 -7.5557 -7.10946 -6.87716 -6.6697 -5.42967 -3.82828 -2.60736 -1.63855 -0.522121 0.824574 1.61085 1.89276 2.19357 2.3216 2.80974 3.81964 4.2558 4.55915 5.2999 5.20576
84.42 -6.26654 -7.59925 -7.59873 -7.35804 -6.90304 -6.76982 -6.83566 -5.6838 -3.97929 -2.69597 -1.70533 -0.601318 0.74456 1.57245 1.8912 2.19935 2.32314 2.79632 3.77583 4.1957 4.51051 5.27866 5.20728
84.46 -6.07758 -7.31226 -7.36142 -7.13843 -6.67688 -6.64846 -7.00644 -5.9533 -4.1431 -2.7925 -1.77228 -0.679065 0.655224 1.52247 1.88681 2.20555 2.32487 2.78307 3.73327 4.13727 4.46138 5.25307 5.204
84.5 -5.86787 -7.00144 -7.1008 -6.89707 -6.43143 -6.51259 -7.17948 -6.2363 -4.32025 -2.89917 -1.84253 -0.757791 0.555667 1.45996 1.87843 2.21125 2.32615 2.76953 3.69159 4.08022 4.41153 5.22294 5.19586
84.54 -5.6382 -6.66867 -6.8176 -6.63427 -6.16722 -6.36155 -7.3511 -6.52988 -4.5112 -3.01854 -1.91845 -0.839502 0.445089 1.38425 1.86459 2.21517 2.32614 2.75516 3.65046 4.02434 4.36081 5.18815 5.18279
84.58 -5.38983 -6.31623 -6.51284 -6.35061 -5.88504 -6.19493 -7.51688 -6.82996 -4.71532 -3.15169 -2.0043 -0.927794 0.323834 1.29557 1.84393 2.21593 2.32391 2.7394 3.60955 3.96945 4.30916 5.14872 5.16469
84.62 -5.12451 -5.94684 -6.18793 -6.047 -5.58592 -6.01247 -7.67158 -7.1314 -4.93147 -3.29968 -2.10338 -1.02552 0.192241 1.19442 1.81507 2.21208 2.31853 2.72166 3.56856 3.91545 4.25665 5.10477 5.14153
84.66 -4.84448 -5.56357 -5.84472 -5.72477 -5.27128 -5.81429 -7.80964 -7.42834 -5.15784 -3.46299 -2.21787 -1.13485 0.0507003 1.08151 1.77674 2.20225 2.30917 2.70146 3.52726 3.8623 4.20342 5.05658 5.11329
84.7 -4.55236 -5.16986 -5.48556 -5.38579 -4.94301 -5.60112 -7.92582 -7.71458 -5.39183 -3.64117 -2.34882 -1.25723 -0.100288 0.957728 1.72785 2.18529 2.29519 2.67845 3.48548 3.81 4.14973 5.00463 5.08006
84.74 -4.25104 -4.76935 -5.11336 -5.03257 -4.60355 -5.37427 -8.01558 -7.98402 -5.63023 -3.83284 -2.49608 -1.39326 -0.260015 0.824057 1.6675 2.16033 2.27625 2.65241 3.4431 3.75856 4.0959 4.9495 5.04206
84.78 -3.94354 -4.36585 -4.73151 -4.66825 -4.25587 -5.1357 -8.07554 -8.2311 -5.86927 -4.03576 -2.65842 -1.54265 -0.42749 0.681471 1.59491 2.12678 2.25236 2.62335 3.40009 3.70802 4.04224 4.89184 4.9996
84.82 -3.63289 -3.96318 -4.34381 -4.29645 -3.90337 -4.8879 -8.10377 -8.45111 -6.10496 -4.24703 -2.83379 -1.70423 -0.601387 0.53084 1.50929 2.08434 2.22387 2.59149 3.35649 3.65837 3.98904 4.83238 4.95311
84.86 -3.32201 -3.56499 -3.95426 -3.92117 -3.54967 -4.63374 -8.09989 -8.64051 -6.33329 -4.46337 -3.0195 -1.87608 -0.780052 0.372823 1.40979 2.03291 2.19144 2.55725 3.3124 3.60957 3.93654 4.77181 4.90314
84.9 -3.01358 -3.17465 -3.56683 -3.54645 -3.19845 -4.3762 -8.06483 -8.797 -6.55051 -4.68133 -3.21256 -2.05569 -0.96159 0.20785 1.29547 1.97252 2.15599 2.52122 3.26799 3.56159 3.88489 4.71079 4.85028
84.94 -2.71002 -2.79516 -3.18532 -3.17624 -2.8532 -4.1183 -8.00067 -8.91944 -6.75341 -4.89816 -3.41138 -2.23788 -1.14189 0.0351376 1.16504 1.90308 2.1184 2.48401 3.2235 3.51442 3.8343 4.64988 4.79515
84.98 -2.4134 -2.429 -2.81309 -2.81409 -2.517 -3.86276 -7.91043 -9.00813 -6.93954 -5.11082 -3.61255 -2.41922 -1.31911 -0.145015 1.01822 1.8248 2.07945 2.4462 3.17911 3.46801 3.78486 4.58961 4.73842
85.02 -2.12542 -2.07807 -2.45296 -2.46302 -2.19243 -3.61204 -7.79776 -9.06433 -7.10663 -5.31586 -3.81231 -2.59881 -1.49339 -0.331242 0.856223 1.73831 2.03967 2.40813 3.13485 3.42222 3.73655 4.53038 4.68073
85.06 -1.84747 -1.74383 -2.10724 -2.12552 -1.88158 -3.36821 -7.6665 -9.08987 -7.25295 -5.51041 -4.00795 -2.77556 -1.66474 -0.522163 0.681404 1.64435 1.9991 2.36986 3.09061 3.37685 3.68937 4.47254 4.62273
85.1 -1.58067 -1.42724 -1.77766 -1.80351 -1.58598 -3.13294 -7.52053 -9.08718 -7.37741 -5.69212 -4.19731 -2.94869 -1.83357 -0.71606 0.497257 1.54389 1.95733 2.33119 3.04613 3.33163 3.64323 4.41632 4.56499
85.14 -1.32587 -1.12885 -1.46543 -1.49831 -1.30667 -2.90748 -7.36355 -9.05918 -7.47969 -5.8592 -4.37866 -3.11768 -2.00042 -0.91094 0.307961 1.43809 1.91366 2.29173 3.00109 3.28628 3.598 4.36189 4.50799
85.18 -1.08367 -0.848833 -1.17127 -1.21078 -1.04423 -2.69269 -7.19905 -9.00892 -7.55968 -6.0104 -4.55094 -3.2824 -2.16587 -1.1048 0.117685 1.32813 1.86732 2.25112 2.95515 3.24051 3.55351 4.30927 4.45209
85.22 -0.854453 -0.587056 -0.895446 -0.941253 -0.798768 -2.48892 -7.02994 -8.93974 -7.61847 -6.14519 -4.71325 -3.44249 -2.32995 -1.2957 -0.0699825 1.215 1.81751 2.20912 2.90819 3.19408 3.50956 4.25836 4.39747
85.26 -0.638388 -0.343111 -0.637852 -0.689643 -0.570053 -2.29608 -6.85862 -8.85503 -7.65752 -6.26356 -4.86514 -3.59759 -2.49222 -1.4818 -0.252357 1.09916 1.76332 2.16575 2.86033 3.14694 3.46595 4.20893 4.34417
85.3 -0.435482 -0.116426 -0.398147 -0.455652 -0.35767 -2.11368 -6.68695 -8.75797 -7.6786 -6.36617 -5.00728 -3.7492 -2.6488 -1.65872 -0.429241 0.979624 1.70331 2.12116 2.8121 3.09937 3.42266 4.16077 4.29207
85.34 -0.245561 0.0937585 -0.175691 -0.238635 -0.160898 -1.94056 -6.51593 -8.65172 -7.68423 -6.45435 -5.13977 -3.89596 -2.79865 -1.82516 -0.599168 0.855003 1.63582 2.07581 2.7644 3.05183 3.37973 4.11359 4.24093
85.38 -0.0683088 0.288326 0.0303318 -0.0377719 0.0211165 -1.77484 -6.34575 -8.53932 -7.677 -6.52938 -5.26253 -4.03659 -2.94186 -1.98024 -0.760827 0.723233 1.5588 2.03028 2.71845 3.00506 3.33731 4.06711 4.19043
85.42 0.0966731 0.468168 0.220748 0.147735 0.189142 -1.61395 -6.17582 -8.42349 -7.65942 -6.59271 -5.37589 -4.17052 -3.07793 -2.12251 -0.91362 0.581796 1.46998 1.98489 2.67535 2.95983 3.29569 4.02118 4.14029
85.46 0.249777 0.633716 0.395127 0.316153 0.33978 -1.46152 -5.98468 -8.29377 -7.64711 -6.65176 -5.48242 -4.29859 -3.20832 -2.2503 -1.05684 0.427477 1.36658 1.93842 2.63489 2.91615 3.25467 3.97549 4.09044
85.5 0.391342 0.785006 0.552163 0.464179 0.467171 -1.32468 -5.74618 -8.12416 -7.65025 -6.72451 -5.59001 -4.423 -3.33312 -2.36719 -1.19471 0.259675 1.24725 1.88853 2.59523 2.87274 3.21327 3.92932 4.04077
85.54 0.521729 0.922704 0.692495 0.592476 0.57202 -1.1997 -5.48226 -7.89557 -7.64181 -6.82673 -5.70743 -4.54728 -3.45342 -2.47612 -1.32906 0.0811304 1.11333 1.83325 2.55444 2.82856 3.17082 3.88234 3.99121
85.58 0.640609 1.04681 0.816342 0.702059 0.656823 -1.07959 -5.18842 -7.61333 -7.62257 -6.95013 -5.83312 -4.67256 -3.57138 -2.58081 -1.46135 -0.103931 0.967757 1.77077 2.51057 2.78272 3.12694 3.83443 3.94175
85.62 0.74804 1.15788 0.924742 0.794935 0.725014 -0.959575 -4.86838 -7.2851 -7.58733 -7.08625 -5.9655 -4.80022 -3.68936 -2.68471 -1.59271 -0.291077 0.813943 1.69946 2.4618 2.73445 3.08124 3.78552 3.89235
85.66 0.844909 1.25737 1.01981 0.873981 0.780136 -0.839138 -4.53511 -6.93277 -7.51323 -7.21153 -6.11622 -4.93675 -3.81084 -2.79025 -1.72335 -0.47624 0.655019 1.6179 2.40662 2.6832 3.03334 3.73533 3.84277
85.7 0.932116 1.34668 1.1035 0.941874 0.825638 -0.718883 -4.19807 -6.5652 -7.39156 -7.31773 -6.28365 -5.08309 -3.93766 -2.89927 -1.85344 -0.656346 0.493445 1.52512 2.34426 2.62903 2.9832 3.68373 3.79273
85.74 1.01069 1.42737 1.17799 1.0016 0.865374 -0.599239 -3.86418 -6.18799 -7.22595 -7.4006 -6.45968 -5.23681 -4.07011 -3.0128 -1.98321 -0.82963 0.330655 1.42035 2.27448 2.57245 2.93106 3.63064 3.74188
85.78 1.0819 1.50119 1.24557 1.05601 0.90268 -0.48123 -3.5402 -5.8079 -7.02066 -7.45577 -6.63714 -5.3954 -4.20797 -3.13119 -2.11278 -0.995375 0.167249 1.30308 2.1973 2.5141 2.87725 3.57607 3.68998
85.82 1.14707 1.56984 1.30831 1.10752 0.940171 -0.36586 -3.23131 -5.43049 -6.78119 -7.48091 -6.80972 -5.55584 -4.3502 -3.25415 -2.24216 -1.15364 0.00337935 1.17332 2.11297 2.45458 2.82215 3.52 3.63675
85.86 1.20748 1.63488 1.36793 1.15792 0.979648 -0.253937 -2.94099 -5.06025 -6.51434 -7.47598 -6.97117 -5.71494 -4.49607 -3.38278 -2.36876 -1.30268 -0.162195 1.0312 2.02157 2.39412 2.76599 3.46249 3.58204
85.9 1.26433 1.69769 1.42589 1.20868 1.02245 -0.145715 -2.67096 -4.70057 -6.22737 -7.44264 -7.11697 -5.86958 -4.64345 -3.51501 -2.49312 -1.4445 -0.328725 0.87859 1.92374 2.33276 2.70885 3.40346 3.52563
85.94 1.31876 1.75956 1.48345 1.26094 1.06954 -0.0410269 -2.42162 -4.35418 -5.9277 -7.3839 -7.24368 -6.01646 -4.78972 -3.64894 -2.61653 -1.58136 -0.495081 0.718234 1.82032 2.27028 2.65063 3.34272 3.46732
85.98 1.3718 1.82163 1.54168 1.31558 1.12156 0.0605825 -2.19251 -4.02329 -5.62237 -7.30346 -7.34903 -6.15268 -4.93252 -3.78307 -2.7395 -1.71496 -0.660355 0.553112 1.7122 2.20629 2.59113 3.28008 3.40692
86.02 1.42444 1.88495 1.60152 1.37336 1.17899 0.159774 -1.9826 -3.70971 -5.31771 -7.20537 -7.43197 -6.27596 -5.06971 -3.91601 -2.86222 -1.84663 -0.823693 0.38614 1.60027 2.14032 2.53018 3.21538 3.34427
86.06 1.47757 1.95047 1.66382 1.43492 1.24218 0.25733 -1.79048 -3.41481 -5.01915 -7.09369 -7.49255 -6.38467 -5.1995 -4.04649 -2.98456 -1.97725 -0.984308 0.21987 1.48531 2.0719 2.4677 3.14857 3.27926
86.1 1.53203 2.01907 1.72936 1.50082 1.31143 0.354065 -1.61462 -3.13954 -4.73108 -6.97221 -7.53163 -6.47788 -5.32044 -4.17337 -3.1062 -2.10723 -1.14147 0.0563129 1.36784 2.00051 2.40372 3.07977 3.21189
86.14 1.58858 2.09152 1.79883 1.57157 1.38694 0.450767 -1.45341 -2.88441 -4.45685 -6.84432 -7.55072 -6.55524 -5.43155 -4.29569 -3.22664 -2.2365 -1.29446 -0.103102 1.24797 1.92556 2.33848 3.00935 3.14233
86.18 1.64788 2.16846 1.87282 1.64757 1.46886 0.548122 -1.30532 -2.64956 -4.19885 -6.71288 -7.55163 -6.61703 -5.53228 -4.41287 -3.34573 -2.36392 -1.44185 -0.25785 1.12512 1.84614 2.27235 2.93796 3.07097
86.22 1.71046 2.25039 1.95177 1.7291 1.5572 0.646663 -1.1689 -2.43476 -3.95858 -6.58021 -7.53641 -6.66394 -5.6226 -4.52486 -3.46376 -2.4868 -1.58122 -0.408347 0.997827 1.76095 2.20574 2.86649 2.99845
86.26 1.77675 2.33769 2.03607 1.81639 1.65194 0.746899 -1.0427 -2.23934 -3.73668 -6.44814 -7.5073 -6.69717 -5.70267 -4.63089 -3.579 -2.60541 -1.71259 -0.553473 0.865001 1.66875 2.13913 2.79595 2.92548
86.3 1.84707 2.43056 2.12593 1.90956 1.75298 0.849171 -0.925406 -2.06239 -3.5332 -6.31807 -7.46651 -6.71797 -5.77272 -4.73046 -3.69047 -2.7195 -1.83554 -0.692776 0.725519 1.56834 2.0728 2.72721 2.85283
86.34 1.92158 2.52905 2.22144 2.00854 1.86003 0.953627 -0.815885 -1.90282 -3.34768 -6.19101 -7.41602 -6.72765 -5.83313 -4.82321 -3.7975 -2.82895 -1.94943 -0.825787 0.578671 1.45885 2.00657 2.66076 2.78115
86.38 2.00032 2.63303 2.32247 2.11312 1.97266 1.06019 -0.713222 -1.75948 -3.17929 -6.06772 -7.35774 -6.72738 -5.88425 -4.909 -3.89989 -2.93428 -2.0532 -0.95151 0.424417 1.33998 1.93966 2.59642 2.71081
86.42 2.0832 2.7422 2.42879 2.22296 2.09032 1.16868 -0.616599 -1.6311 -3.02679 -5.94859 -7.29347 -6.71853 -5.92665 -4.98759 -3.99678 -3.03453 -2.14879 -1.07139 0.265146 1.21303 1.87119 2.5335 2.6418
86.46 2.17002 2.85617 2.54003 2.33757 2.21235 1.27876 -0.525389 -1.51646 -2.88862 -5.83375 -7.22493 -6.70232 -5.96077 -5.05877 -4.08767 -3.12957 -2.23809 -1.18633 0.103752 1.07987 1.80003 2.47089 2.57387
86.5 2.26048 2.97439 2.65567 2.45637 2.33799 1.38995 -0.439137 -1.4144 -2.76283 -5.72297 -7.15376 -6.67994 -5.98714 -5.12246 -4.17232 -3.21962 -2.32277 -1.29695 -0.056807 0.942656 1.72497 2.40737 2.50664
86.54 2.3542 3.09624 2.77512 2.57866 2.46639 1.50168 -0.357551 -1.32388 -2.64702 -5.61557 -7.08159 -6.65264 -6.00638 -5.17884 -4.25076 -3.30504 -2.4041 -1.40369 -0.213915 0.803376 1.64493 2.34181 2.43977
86.58 2.45075 3.22105 2.89772 2.70372 2.59668 1.6133 -0.280487 -1.24402 -2.53818 -5.51031 -7.01008 -6.6217 -6.01928 -5.22824 -4.32314 -3.38616 -2.48299 -1.5068 -0.365557 0.663648 1.559 2.27334 2.37307
86.62 2.54975 3.34825 3.02292 2.83089 2.72799 1.72391 -0.208661 -1.17558 -2.4355 -5.39839 -6.93615 -6.5935 -6.02895 -5.27175 -4.38976 -3.46325 -2.5601 -1.60675 -0.510753 0.524303 1.46626 2.2012 2.30637
86.66 2.6512 3.4778 3.15081 2.96006 2.85955 1.83177 -0.145482 -1.12444 -2.34657 -5.24509 -6.83935 -6.59019 -6.04647 -5.31354 -4.45168 -3.53667 -2.63627 -1.70494 -0.650448 0.384531 1.36504 2.12408 2.23914
86.7 2.75449 3.60886 3.28048 3.09025 2.99045 1.93646 -0.0900322 -1.08783 -2.26358 -5.05447 -6.72357 -6.60522 -6.07112 -5.35525 -4.51044 -3.60716 -2.71135 -1.80094 -0.78416 0.244713 1.25518 2.04178 2.17129
86.74 2.85911 3.74075 3.41125 3.22084 3.12015 2.03786 -0.041585 -1.06416 -2.18354 -4.83825 -6.58086 -6.62344 -6.11077 -5.4018 -4.56854 -3.67539 -2.78512 -1.89452 -0.912012 0.10495 1.13681 1.95414 2.10267
86.78 2.96456 3.87287 3.54253 3.35129 3.24822 2.13589 0.000507551 -1.05195 -2.10558 -4.60574 -6.40182 -6.63214 -6.17105 -5.45771 -4.62858 -3.74249 -2.85774 -1.98513 -1.03392 -0.0347244 1.01044 1.86118 2.03302
86.82 3.07011 4.00425 3.67325 3.48056 3.37388 2.23054 0.0378926 -1.04724 -2.02586 -4.35786 -6.19736 -6.63254 -6.24195 -5.51989 -4.69103 -3.80992 -2.9305 -2.07121 -1.14862 -0.174284 0.877222 1.76336 1.96231
86.86 3.17508 4.13406 3.80249 3.60785 3.4967 2.32217 0.0724515 -1.04624 -1.943 -4.1005 -5.97634 -6.62272 -6.31631 -5.58588 -4.7558 -3.87802 -3.003 -2.1537 -1.25722 -0.312363 0.739205 1.66155 1.89053
86.9 3.27886 4.26154 3.92946 3.73254 3.61643 2.41124 0.105917 -1.04573 -1.85709 -3.84052 -5.74671 -6.60128 -6.38813 -5.65299 -4.82215 -3.9468 -3.07522 -2.23344 -1.36057 -0.447867 0.598478 1.55666 1.81774
86.94 3.38092 4.38612 4.05357 3.85418 3.73294 2.49817 0.139682 -1.04324 -1.76904 -3.5844 -5.51513 -6.56771 -6.45292 -5.7186 -4.88904 -4.01603 -3.14714 -2.31102 -1.4594 -0.579967 0.456978 1.44957 1.74401
86.98 3.48087 4.50736 4.17437 3.97245 3.84615 2.58331 0.174719 -1.03715 -1.68015 -3.33753 -5.28664 -6.52225 -6.5078 -5.78064 -4.95527 -4.08525 -3.21869 -2.38687 -1.55436 -0.708035 0.316396 1.34103 1.66937
87.02 3.57839 4.62495 4.29156 4.08717 3.95606 2.66687 0.211586 -1.02661 -1.59181 -3.1039 -5.06454 -6.46567 -6.55147 -5.83753 -5.01973 -4.15391 -3.28972 -2.46129 -1.64601 -0.831613 0.178107 1.23158 1.5938
87.06 3.67326 4.73872 4.405 4.19826 4.06268 2.74896 0.250487 -1.01141 -1.50534 -2.88605 -4.85051 -6.39897 -6.58385 -5.88835 -5.08151 -4.22143 -3.36001 -2.53448 -1.73477 -0.950366 0.0431576 1.12149 1.51715
87.1 3.76536 4.84861 4.51463 4.30571 4.16606 2.82961 0.291357 -0.991775 -1.42184 -2.68532 -4.6449 -6.3232 -6.60581 -5.93278 -5.13992 -4.2873 -3.42932 -2.6065 -1.82094 -1.06404 -0.0877131 1.01072 1.43908
87.14 3.85461 4.95464 4.62048 4.40958 4.26624 2.9088 0.333953 -0.968257 -1.34226 -2.50199 -4.44697 -6.23927 -6.61879 -5.97093 -5.19456 -4.35108 -3.49743 -2.67738 -1.90466 -1.1724 -0.214027 0.898934 1.35907
87.18 3.94099 5.05688 4.72265 4.50997 4.36329 2.98644 0.377923 -0.941553 -1.26727 -2.33556 -4.2553 -6.14795 -6.62458 -6.00328 -5.24524 -4.41247 -3.5641 -2.74705 -1.98598 -1.27525 -0.335512 0.785553 1.27636
87.22 4.02455 5.15549 4.82131 4.60705 4.45734 3.06251 0.422888 -0.912479 -1.19755 -2.18544 -4.06904 -6.04818 -6.62364 -6.0319 -5.29259 -4.47143 -3.62925 -2.81568 -2.06441 -1.37204 -0.452415 0.669716 1.18998
87.26 4.10552 5.25092 4.91703 4.70149 4.54903 3.13742 0.468607 -0.882433 -1.13536 -2.05438 -3.89475 -5.92321 -6.60509 -6.07052 -5.34277 -4.52971 -3.69292 -2.88316 -2.13888 -1.46234 -0.565724 0.550119 1.09853
87.3 4.18405 5.34343 5.01009 4.79348 4.63847 3.21109 0.514707 -0.851959 -1.08035 -1.93971 -3.72771 -5.77607 -6.57254 -6.11615 -5.39533 -4.58783 -3.75542 -2.94911 -2.20979 -1.54637 -0.674813 0.426696 1.00125
87.34 4.26029 5.43325 5.10064 4.88315 4.72568 3.2834 0.560916 -0.821327 -1.03176 -1.83861 -3.56434 -5.61108 -6.52893 -6.16578 -5.44946 -4.64593 -3.81702 -3.01357 -2.27749 -1.6245 -0.779406 0.299821 0.897639
87.38 4.33432 5.52059 5.18884 4.97057 4.81068 3.3543 0.607046 -0.790675 -0.988737 -1.74871 -3.40278 -5.43156 -6.47609 -6.21722 -5.50453 -4.7041 -3.87797 -3.07667 -2.34238 -1.69729 -0.87942 0.170303 0.78749
87.42 4.40639 5.60569 5.27481 5.05579 4.8935 3.42373 0.652994 -0.759975 -0.950306 -1.66786 -3.2421 -5.24082 -6.41557 -6.26846 -5.55969 -4.76224 -3.93841 -3.13861 -2.40484 -1.76546 -0.974861 0.0393473 0.670905
87.46 4.47659 5.68876 5.35866 5.13886 4.97415 3.49169 0.698733 -0.729065 -0.915388 -1.59416 -3.08217 -5.0423 -6.34869 -6.31756 -5.61401 -4.82002 -3.99843 -3.1998 -2.46594 -1.82891 -1.06497 -0.0921849 0.547976
87.5 4.54321 5.76902 5.44122 5.22019 5.05283 3.55826 0.744315 -0.697707 -0.88292 -1.52606 -2.92348 -4.83941 -6.27668 -6.36283 -5.66652 -4.8771 -4.05805 -3.26038 -2.52586 -1.88844 -1.14998 -0.222724 0.419345
87.54 4.60158 5.84263 5.52413 5.30075 5.13011 3.62378 0.789942 -0.665591 -0.851926 -1.46238 -2.76696 -4.63545 -6.20067 -6.40293 -5.71631 -4.933 -4.11708 -3.32032 -2.58466 -1.94516 -1.23045 -0.350619 0.286037
87.58 4.65386 5.91001 5.60619 5.38006 5.20594 3.68842 0.835937 -0.632172 -0.821299 -1.40198 -2.61357 -4.43326 -6.12163 -6.43682 -5.76258 -4.98725 -4.17534 -3.37962 -2.64254 -1.99995 -1.30687 -0.47468 0.149256
87.62 4.70161 5.97262 5.68691 5.45791 5.28034 3.75234 0.882557 -0.597 -0.790122 -1.34407 -2.46434 -4.23526 -6.04039 -6.4638 -5.80467 -5.03938 -4.23261 -3.43828 -2.69971 -2.05348 -1.37981 -0.594129 0.010402
87.66 4.74601 6.0318 5.7662 5.5343 5.35343 3.81574 0.93006 -0.559679 -0.757653 -1.28806 -2.32022 -4.04338 -5.95769 -6.48347 -5.84204 -5.08894 -4.28863 -3.49628 -2.75635 -2.10634 -1.44988 -0.708587 -0.129
87.7 4.78856 6.08555 5.84219 5.61069 5.42616 3.87927 0.978863 -0.519874 -0.723413 -1.2337 -2.18218 -3.85925 -5.87428 -6.49575 -5.87429 -5.1355 -4.34312 -3.55351 -2.81259 -2.15893 -1.5177 -0.81799 -0.267407
87.74 4.83078 6.13274 5.9127 5.68791 5.49925 3.94352 1.02946 -0.477175 -0.686951 -1.18079 -2.05097 -3.684 -5.7908 -6.50079 -5.90119 -5.17873 -4.39581 -3.60988 -2.86849 -2.21158 -1.58387 -0.922526 -0.403409
87.78 4.873 6.176 5.97896 5.76524 5.57245 4.0086 1.08213 -0.431196 -0.647786 -1.12907 -1.92698 -3.51819 -5.70761 -6.49887 -5.92269 -5.21841 -4.44652 -3.66534 -2.92417 -2.26456 -1.64895 -1.02258 -0.535857
87.82 4.91537 6.21711 6.04228 5.84248 5.64579 4.07466 1.13712 -0.381632 -0.605583 -1.07838 -1.81047 -3.36206 -5.625 -6.49036 -5.93881 -5.2544 -4.4951 -3.71984 -2.97971 -2.31806 -1.71344 -1.11862 -0.663904
87.86 4.958 6.2574 6.10381 5.91969 5.7194 4.14194 1.1947 -0.328215 -0.560101 -1.02865 -1.70157 -3.21559 -5.54315 -6.4757 -5.94965 -5.2866 -4.54144 -3.77333 -3.03516 -2.37224 -1.77769 -1.21115 -0.787009
87.9 5.00128 6.29806 6.16357 5.99652 5.79385 4.21089 1.25527 -0.270657 -0.511181 -0.979888 -1.6004 -3.07855 -5.46219 -6.45547 -5.95541 -5.31497 -4.58541 -3.82574 -3.09053 -2.42715 -1.842 -1.30062 -0.904901
87.94 5.0463 6.34088 6.21847 6.06998 5.87084 4.28273 1.31972 -0.208505 -0.458751 -0.932282 -1.50715 -2.95067 -5.38241 -6.43046 -5.95633 -5.33943 -4.6268 -3.87693 -3.14588 -2.48315 -1.9059 -1.38691 -1.01796
87.98 5.09314 6.38634 6.27038 6.14055 5.94977 4.35729 1.3882 -0.141481 -0.40259 -0.885719 -1.42162 -2.83115 -5.3036 -6.4013 -5.9528 -5.36007 -4.66561 -3.92692 -3.20132 -2.5404 -1.96908 -1.47003 -1.12659
88.02 5.14172 6.4346 6.32096 6.20933 6.03012 4.43437 1.46081 -0.0693983 -0.342555 -0.840123 -1.34359 -2.71896 -5.22539 -6.36868 -5.9452 -5.37707 -4.70191 -3.97569 -3.25673 -2.59853 -2.03207 -1.55073 -1.23066
88.06 5.19193 6.48573 6.37138 6.27724 6.11156 4.51383 1.53764 0.00788685 -0.278584 -0.795466 -1.27281 -2.61286 -5.14729 -6.33331 -5.93402 -5.39069 -4.73572 -4.02318 -3.31197 -2.65736 -2.09514 -1.62947 -1.33033
88.1 5.24373 6.53975 6.42244 6.34492 6.19389 4.59563 1.61883 0.0904708 -0.210672 -0.751754 -1.20909 -2.51148 -5.0687 -6.296 -5.91976 -5.40113 -4.76709 -4.06933 -3.36696 -2.71675 -2.15841 -1.70663 -1.42589
88.14 5.29701 6.5968 6.47495 6.41306 6.27715 4.67996 1.70473 0.178448 -0.139244 -0.709955 -1.15392 -2.41657 -4.98091 -6.25215 -5.90893 -5.41123 -4.79665 -4.11391 -3.42134 -2.77646 -2.22204 -1.78264 -1.51787
88.18 5.3524 6.65754 6.53007 6.47989 6.35992 4.76845 1.79672 0.272248 -0.0651885 -0.672135 -1.11057 -2.33256 -4.8678 -6.19189 -5.91234 -5.42648 -4.82625 -4.1569 -3.47449 -2.83596 -2.2859 -1.85787 -1.60691
88.22 5.40981 6.72215 6.58859 6.54503 6.44084 4.86105 1.89497 0.372 0.0117442 -0.637445 -1.07707 -2.25489 -4.73461 -6.119 -5.92485 -5.44559 -4.85634 -4.1989 -3.5266 -2.895 -2.34968 -1.932 -1.69299
88.26 5.46902 6.79034 6.65032 6.60998 6.52058 4.95678 1.9989 0.477386 0.0915984 -0.605206 -1.05191 -2.18071 -4.58379 -6.03517 -5.94372 -5.46792 -4.88722 -4.24041 -3.57796 -2.95378 -2.41379 -2.00411 -1.77545
88.3 5.52978 6.86179 6.71511 6.67569 6.59974 5.05512 2.10831 0.588316 0.174407 -0.575121 -1.03467 -2.11047 -4.42404 -5.9322 -5.95797 -5.50069 -4.92265 -4.28273 -3.62865 -3.01185 -2.47759 -2.07437 -1.85476
88.34 5.5918 6.9362 6.78278 6.74275 6.6787 5.15557 2.22285 0.704468 0.260079 -0.546689 -1.02415 -2.04325 -4.25757 -5.80956 -5.96484 -5.54309 -4.96319 -4.32677 -3.67921 -3.0692 -2.54064 -2.1428 -1.93111
88.38 5.65483 7.01324 6.85305 6.81137 6.75743 5.25746 2.3419 0.825307 0.348582 -0.518987 -1.01838 -1.97732 -4.08502 -5.67258 -5.96491 -5.59047 -5.0073 -4.37263 -3.73016 -3.12614 -2.60291 -2.20947 -2.0046
88.42 5.71862 7.09259 6.92561 6.88156 6.83578 5.36011 2.46477 0.950256 0.439886 -0.491099 -1.0155 -1.91181 -3.90869 -5.52518 -5.95759 -5.63958 -5.05371 -4.42018 -3.78182 -3.18298 -2.66461 -2.27493 -2.07452
88.46 5.78292 7.17389 7.00015 6.95323 6.9135 5.46284 2.59071 1.07867 0.53391 -0.462175 -1.01387 -1.84636 -3.73121 -5.37074 -5.94235 -5.68776 -5.10113 -4.4691 -3.83434 -3.23998 -2.7259 -2.33934 -2.14082
88.5 5.8475 7.25685 7.07638 7.02626 6.99032 5.56499 2.71892 1.20986 0.630486 -0.431497 -1.01206 -1.78091 -3.55508 -5.21205 -5.91896 -5.73296 -5.1484 -4.51893 -3.88771 -3.29728 -2.78685 -2.40262 -2.20412
88.54 5.91213 7.34118 7.15405 7.1005 7.06599 5.66592 2.84859 1.34306 0.729343 -0.398518 -1.00895 -1.71559 -3.38246 -5.05138 -5.88751 -5.77377 -5.19434 -4.56914 -3.94181 -3.35495 -2.84751 -2.4648 -2.26478
88.58 5.97659 7.42664 7.23293 7.17584 7.14028 5.76502 2.97889 1.47751 0.830107 -0.362873 -1.00366 -1.65062 -3.21506 -4.89037 -5.84823 -5.80934 -5.23825 -4.61912 -3.99634 -3.4129 -2.90792 -2.52594 -2.32314
88.62 6.04067 7.51301 7.31287 7.25221 7.21302 5.8617 3.10902 1.61243 0.932316 -0.324367 -0.995581 -1.58625 -3.05412 -4.73013 -5.80158 -5.83935 -5.27946 -4.66832 -4.05094 -3.47101 -2.96806 -2.58612 -2.37948
88.66 6.10417 7.6001 7.39375 7.32956 7.28405 5.95542 3.23822 1.7471 1.03544 -0.282945 -0.984294 -1.52271 -2.90044 -4.5713 -5.74814 -5.86393 -5.31758 -4.71623 -4.10525 -3.52908 -3.02789 -2.64538 -2.43404
88.7 6.16689 7.68777 7.47548 7.4079 7.35326 6.04565 3.3658 1.88083 1.1389 -0.238658 -0.969503 -1.46015 -2.75444 -4.41418 -5.68854 -5.8835 -5.35245 -4.76243 -4.15886 -3.58685 -3.08731 -2.70377 -2.48702
88.74 6.22862 7.77588 7.55802 7.48723 7.42052 6.13186 3.49113 2.01303 1.24211 -0.19161 -0.950979 -1.39865 -2.61624 -4.2588 -5.62344 -5.89869 -5.38405 -4.8066 -4.21139 -3.64404 -3.14619 -2.76128 -2.53857
88.78 6.28917 7.8643 7.64132 7.56761 7.48574 6.21356 3.61372 2.14322 1.3445 -0.141915 -0.928517 -1.33823 -2.48589 -4.10548 -5.55288 -5.90973 -5.41303 -4.84871 -4.26257 -3.70037 -3.20435 -2.81789 -2.58883
88.82 6.34884 7.9536 7.72613 7.64518 7.5466 6.2923 3.73488 2.27191 1.44558 -0.0900018 -0.902587 -1.28021 -2.36589 -3.9596 -5.46779 -5.90984 -5.4474 -4.89201 -4.31279 -3.75514 -3.26103 -2.87317 -2.63778
88.86 6.40789 8.04428 7.81327 7.7181 7.60041 6.36855 3.85529 2.39938 1.54489 -0.0360569 -0.873058 -1.22449 -2.25573 -3.81978 -5.36972 -5.90086 -5.48589 -4.93625 -4.36216 -3.80835 -3.31605 -2.92689 -2.68524
88.9 6.46606 8.13623 7.90281 7.78752 7.6471 6.44101 3.97426 2.52534 1.64215 0.0201926 -0.839192 -1.17026 -2.15426 -3.68448 -5.26172 -5.88487 -5.52671 -4.98084 -4.41067 -3.86012 -3.36945 -2.979 -2.73116
88.94 6.52309 8.22925 7.99466 7.85394 7.68674 6.50878 4.09136 2.64947 1.737 0.0791032 -0.800137 -1.11669 -2.06061 -3.55312 -5.1459 -5.86326 -5.56888 -5.02542 -4.45827 -3.91049 -3.42125 -3.02948 -2.77555
88.98 6.57957 8.3239 8.08336 7.91501 7.72176 6.57271 4.2072 2.77139 1.82862 0.140783 -0.755188 -1.06307 -1.97421 -3.42568 -5.02431 -5.8373 -5.61166 -5.06961 -4.50481 -3.95943 -3.47144 -3.07832 -2.81839
89.02 6.63676 8.42174 8.16401 7.96573 7.754 6.63368 4.32266 2.89117 1.91651 0.205469 -0.703571 -1.00868 -1.89462 -3.3025 -4.89898 -5.80824 -5.65451 -5.11304 -4.55011 -4.00683 -3.51997 -3.12549 -2.85966
89.06 6.69444 8.52214 8.23871 8.00621 7.78132 6.69032 4.43737 3.0089 2.00095 0.274048 -0.644019 -0.952369 -1.82109 -3.18383 -4.77166 -5.77715 -5.69701 -5.15546 -4.59401 -4.05266 -3.56686 -3.17102 -2.8994
89.1 6.75377 8.61314 8.30265 8.04231 7.80506 6.74282 4.55127 3.12378 2.08129 0.346877 -0.57571 -0.8933 -1.75312 -3.07018 -4.64411 -5.74508 -5.73888 -5.19661 -4.63636 -4.09683 -3.61206 -3.2149 -2.93764
89.14 6.81597 8.6937 8.35195 8.07348 7.82399 6.79062 4.66466 3.23638 2.15797 0.424544 -0.497902 -0.83067 -1.69014 -2.96196 -4.51785 -5.71292 -5.77993 -5.23632 -4.67706 -4.13928 -3.65556 -3.25715 -2.97441
89.18 6.86616 8.75916 8.39318 8.10016 7.83695 6.83261 4.77686 3.34636 2.23115 0.507403 -0.410244 -0.763906 -1.63155 -2.85948 -4.39417 -5.68145 -5.8201 -5.27452 -4.716 -4.17994 -3.69733 -3.29777 -3.00973
89.22 6.90204 8.80267 8.42525 8.12061 7.84263 6.86829 4.88858 3.45505 2.30177 0.59564 -0.31289 -0.692747 -1.5767 -2.76279 -4.274 -5.65124 -5.85937 -5.31123 -4.75321 -4.21883 -3.73737 -3.33678 -3.04367
89.26 6.925 8.82384 8.44545 8.1324 7.83925 6.89689 5.00038 3.56394 2.3711 0.68928 -0.206479 -0.617243 -1.52492 -2.67175 -4.15797 -5.6227 -5.89782 -5.34654 -4.78874 -4.25597 -3.77572 -3.37422 -3.07626
89.3 6.9353 8.82321 8.45209 8.13359 7.82507 6.91742 5.11258 3.67449 2.44042 0.788064 -0.092162 -0.537778 -1.47553 -2.58599 -4.04643 -5.59607 -5.93555 -5.38059 -4.8227 -4.29144 -3.8124 -3.41011 -3.10753
89.34 6.93271 8.80104 8.44378 8.1224 7.79845 6.92888 5.22554 3.78833 2.5111 0.891518 0.028513 -0.455007 -1.42788 -2.50501 -3.93948 -5.57143 -5.97263 -5.41359 -4.85529 -4.32532 -3.84747 -3.44447 -3.13751
89.38 6.91674 8.75715 8.41919 8.09719 7.75777 6.93032 5.33973 3.90724 2.58453 0.999034 0.153759 -0.369771 -1.38136 -2.42819 -3.83701 -5.5487 -6.00912 -5.44574 -4.8867 -4.35778 -3.88101 -3.47736 -3.16623
89.42 6.88666 8.69101 8.37699 8.0564 7.70154 6.92082 5.45574 4.03302 2.66208 1.10998 0.28173 -0.282995 -1.33545 -2.35489 -3.73877 -5.52768 -6.04503 -5.47723 -4.91714 -4.389 -3.91314 -3.50882 -3.19372
89.46 6.8416 8.60188 8.31585 7.99856 7.62839 6.8996 5.57426 4.16753 2.74511 1.22381 0.410689 -0.195583 -1.28969 -2.28445 -3.64441 -5.50804 -6.0803 -5.50822 -4.94687 -4.41919 -3.94401 -3.53897 -3.22003
89.5 6.78062 8.48886 8.2345 7.92235 7.53715 6.86608 5.69585 4.31222 2.83496 1.34026 0.539202 -0.108311 -1.24367 -2.2163 -3.5535 -5.48937 -6.1148 -5.53883 -4.97611 -4.44859 -3.97381 -3.56792 -3.24525
89.54 6.70271 8.35104 8.13177 7.82659 7.42683 6.81975 5.82106 4.46852 2.9329 1.45926 0.666185 -0.0217681 -1.19704 -2.14987 -3.46558 -5.47118 -6.14835 -5.56915 -5.00509 -4.47746 -4.00277 -3.59585 -3.2695
89.58 6.60692 8.18764 8.0066 7.71017 7.29649 6.75994 5.95077 4.63832 3.04018 1.58077 0.790897 0.0636924 -1.14941 -2.08458 -3.38001 -5.45281 -6.18066 -5.5992 -5.03404 -4.50612 -4.0312 -3.62301 -3.29299
89.62 6.49237 7.99804 7.85811 7.57222 7.14548 6.68619 6.08556 4.82299 3.15798 1.70517 0.913136 0.148036 -1.10036 -2.01985 -3.29609 -5.43347 -6.21135 -5.62896 -5.06321 -4.53493 -4.05947 -3.64973 -3.31595
89.66 6.35828 7.78194 7.68567 7.41207 6.9734 6.59811 6.2257 5.02349 3.28741 1.83317 1.03326 0.231587 -1.04937 -1.95501 -3.21291 -5.41226 -6.24 -5.65836 -5.09282 -4.56427 -4.08798 -3.67638 -3.33873
89.7 6.20408 7.5394 7.48892 7.22931 6.78014 6.49541 6.37095 5.24021 3.42948 1.96581 1.1522 0.315044 -0.995831 -1.8893 -3.12939 -5.38811 -6.26611 -5.68734 -5.12308 -4.59452 -4.11723 -3.70344 -3.36171
89.74 6.02944 7.27095 7.26784 7.02382 6.56586 6.37785 6.5205 5.47284 3.58497 2.10439 1.2714 0.399478 -0.938951 -1.82179 -3.04426 -5.35984 -6.28917 -5.71568 -5.15417 -4.62614 -4.14774 -3.73141 -3.38537
89.78 5.83432 6.97761 7.02273 6.79575 6.33101 6.24523 6.67274 5.72024 3.7544 2.25039 1.39278 0.486288 -0.87778 -1.7514 -2.95597 -5.32612 -6.30861 -5.74321 -5.18627 -4.65952 -4.18003 -3.76086 -3.41022
89.82 5.61909 6.66091 6.75425 6.54551 6.07639 6.09738 6.82522 5.98027 3.93787 2.40528 1.5185 0.577103 -0.811185 -1.6768 -2.86282 -5.28561 -6.32392 -5.76968 -5.21944 -4.69503 -4.21462 -3.79236 -3.43676
89.86 5.38449 6.32286 6.46337 6.27378 5.80285 5.93445 6.97506 6.25049 4.13575 2.57102 1.6508 0.672832 -0.739486 -1.59949 -2.76884 -5.22269 -6.32525 -5.80565 -5.25826 -4.73376 -4.25141 -3.82578 -3.46531
89.9 5.1318 5.96591 6.15144 5.98159 5.51182 5.75649 7.11837 6.52708 4.34735 2.74875 1.79166 0.774931 -0.661505 -1.51792 -2.67194 -5.13377 -6.31072 -5.85125 -5.30358 -4.77671 -4.29105 -3.86147 -3.49599
89.94 4.86287 5.59301 5.82025 5.67031 5.20484 5.56392 7.25057 6.80509 4.57099 2.93882 1.94248 0.884857 -0.575299 -1.42927 -2.56832 -5.02118 -6.28147 -5.90289 -5.35433 -4.82415 -4.33427 -3.90002 -3.52911
89.98 4.58007 5.20749 5.47202 5.34175 4.88385 5.35746 7.36692 7.07901 4.80434 3.14087 2.10379 1.00348 -0.479072 -1.33093 -2.45522 -4.88625 -6.23797 -5.95811 -5.40948 -4.87609 -4.38148 -3.9419 -3.56496
90.02 4.28609 4.81294 5.10944 4.9982 4.55116 5.13823 7.46291 7.34317 5.04455 3.35383 2.27529 1.13108 -0.371186 -1.22059 -2.33115 -4.73311 -6.17756 -6.01133 -5.4709 -4.93337 -4.43301 -3.98722 -3.60357
90.06 3.98381 4.41311 4.73559 4.64241 4.20944 4.90777 7.53473 7.59218 5.28846 3.57599 2.45575 1.26727 -0.250397 -1.09646 -2.19587 -4.56716 -6.09401 -6.0555 -5.54253 -4.99777 -4.48929 -4.03583 -3.6446
90.1 3.67626 4.01177 4.35397 4.2776 3.86171 4.66801 7.57954 7.82103 5.5322 3.80453 2.64281 1.41099 -0.115518 -0.956174 -2.04722 -4.38779 -5.9912 -6.0914 -5.62009 -5.06757 -4.55008 -4.08793 -3.68814
90.14 3.36638 3.61265 3.96829 3.90737 3.51125 4.42131 7.59565 8.02531 5.7716 4.03607 2.83366 1.56098 0.0341682 -0.798136 -1.884 -4.19623 -5.87236 -6.11827 -5.70047 -5.14125 -4.61492 -4.14351 -3.73418
90.18 3.05704 3.21926 3.58244 3.53553 3.16149 4.17021 7.58258 8.20154 6.0024 4.26695 3.02548 1.71598 0.198655 -0.621949 -1.70599 -3.99398 -5.74001 -6.13531 -5.78107 -5.21736 -4.68313 -4.20233 -3.78259
90.22 2.75086 2.8348 3.20019 3.1659 2.8158 3.91735 7.54115 8.34719 6.22035 4.49344 3.21576 1.87489 0.377058 -0.428762 -1.51406 -3.78255 -5.59609 -6.14183 -5.85974 -5.29451 -4.75393 -4.26399 -3.83316
90.26 2.45021 2.46207 2.82513 2.80221 2.47743 3.6654 7.47315 8.46074 6.42154 4.71203 3.40256 2.03698 0.567632 -0.221286 -1.31013 -3.5634 -5.44187 -6.13718 -5.93473 -5.37145 -4.82652 -4.328 -3.88555
90.3 2.15713 2.10343 2.46053 2.44795 2.14946 3.41722 7.3811 8.54118 6.60267 4.92011 3.58477 2.2018 0.767938 -0.0034891 -1.09708 -3.33803 -5.27806 -6.12064 -6.00463 -5.4471 -4.90008 -4.39383 -3.93941
90.34 1.87333 1.76076 2.10924 2.1063 1.8348 3.17575 7.26764 8.58784 6.76149 5.11613 3.76181 2.36908 0.975182 0.220036 -0.878409 -3.10814 -5.105 -6.09144 -6.0683 -5.52052 -4.9739 -4.46092 -3.99436
90.38 1.60023 1.43543 1.77348 1.77964 1.53541 2.94283 7.13628 8.60243 6.89669 5.29808 3.93272 2.53839 1.18661 0.444806 -0.65782 -2.87579 -4.9229 -6.0489 -6.12495 -5.59091 -5.0472 -4.52869 -4.04997
90.42 1.3389 1.12831 1.45487 1.46981 1.25277 2.72004 6.99057 8.58678 7.0071 5.46529 4.098 2.70921 1.39932 0.666839 -0.438893 -2.64323 -4.73181 -5.99237 -6.1741 -5.6576 -5.11932 -4.59655 -4.10585
90.46 1.0901 0.839809 1.15449 1.17803 0.987903 2.5086 6.83359 8.54299 7.09258 5.61784 4.2581 2.88084 1.61085 0.883172 -0.224722 -2.4128 -4.53167 -5.92135 -6.21563 -5.72015 -5.18965 -4.66399 -4.16162
90.5 0.854323 0.569951 0.872865 0.905002 0.741343 2.3093 6.66782 8.47309 7.15368 5.75657 4.41388 3.05277 1.81944 1.09179 -0.0183445 -2.18786 -4.32512 -5.83074 -6.24568 -5.78236 -5.25932 -4.73074 -4.21676
90.54 0.631779 0.318387 0.610036 0.650866 0.513152 2.12242 6.49472 8.3786 7.19139 5.88321 4.56692 3.22492 2.02398 1.2912 0.176993 -1.97264 -4.11664 -5.70848 -6.25711 -5.85299 -5.33169 -4.79713 -4.27056
90.58 0.4225 0.0845744 0.365787 0.415564 0.303316 1.94812 6.31524 8.26037 7.20632 5.99946 4.71863 3.39683 2.22346 1.48095 0.36036 -1.76727 -3.90271 -5.55666 -6.25253 -5.92937 -5.40608 -4.86337 -4.3233
90.62 0.226365 -0.132174 0.139714 0.198874 0.111755 1.78631 6.12954 8.11837 7.1986 6.10721 4.87094 3.56852 2.41748 1.66113 0.53151 -1.57132 -3.68135 -5.37702 -6.23257 -6.00957 -5.48228 -4.9299 -4.37545
90.66 0.0431322 -0.332625 -0.0687027 0.000483201 -0.0616438 1.63668 5.93708 7.95172 7.16766 6.2083 5.02616 3.74044 2.60607 1.83218 0.69093 -1.38344 -3.45082 -5.17145 -6.19789 -6.09161 -5.55982 -4.9971 -4.42757
90.7 -0.127513 -0.517575 -0.260041 -0.179987 -0.217049 1.49856 5.73674 7.75901 7.11218 6.30409 5.18678 3.91342 2.78964 1.99478 0.839807 -1.20137 -3.20955 -4.94233 -6.14934 -6.17329 -5.63802 -5.06506 -4.48029
90.74 -0.285934 -0.687824 -0.434932 -0.34302 -0.354807 1.37082 5.52709 7.53879 7.03033 6.39515 5.3549 4.08843 2.96892 2.14984 0.979878 -1.02218 -2.95618 -4.69245 -6.08782 -6.25223 -5.71581 -5.13391 -4.53413
90.78 -0.432527 -0.844173 -0.594076 -0.489273 -0.475595 1.25182 5.30668 7.29014 6.9202 6.48096 5.5317 4.26631 3.14481 2.2984 1.11324 -0.842694 -2.68975 -4.42481 -6.01419 -6.32602 -5.79202 -5.20346 -4.5895
90.82 -0.567709 -0.987435 -0.738283 -0.619671 -0.580561 1.13946 5.07441 7.01329 6.78052 6.55986 5.71676 4.44738 3.31816 2.44166 1.24214 -0.659878 -2.40985 -4.14249 -5.92915 -6.39233 -5.86533 -5.27333 -4.64665
90.86 -0.691948 -1.11847 -0.868516 -0.735449 -0.671388 1.03145 4.82996 6.70996 6.61127 6.62921 5.90778 4.63114 3.48963 2.58084 1.3688 -0.471347 -2.11696 -3.8486 -5.83319 -6.44895 -5.93434 -5.34288 -4.70561
90.9 -0.80579 -1.23822 -0.985912 -0.83815 -0.750214 0.925582 4.57402 6.38351 6.41409 6.68585 6.10065 4.81607 3.65942 2.71716 1.49527 -0.275673 -1.81261 -3.54632 -5.72656 -6.49377 -5.99765 -5.41155 -4.76617
90.94 -0.909893 -1.34773 -1.09178 -0.929558 -0.819473 0.820054 4.30843 6.03874 6.19229 6.72669 6.29002 4.99977 3.82725 2.85171 1.6233 -0.072507 -1.49945 -3.23895 -5.60943 -6.52492 -6.05384 -5.47834 -4.82785
90.98 -1.00506 -1.44819 -1.18761 -1.01162 -0.88171 0.713592 4.036 5.68156 5.95062 6.74927 6.47014 5.17919 3.99231 2.98536 1.75421 0.137504 -1.18103 -2.92987 -5.48204 -6.54085 -6.10148 -5.54219 -4.88998
91.02 -1.09224 -1.54092 -1.27499 -1.08636 -0.939398 0.605504 3.76031 5.31866 5.69518 6.75197 6.63479 5.35105 4.15398 3.11887 1.88891 0.352949 -0.861403 -2.62246 -5.34492 -6.54046 -6.13925 -5.60188 -4.9517
91.06 -1.17254 -1.62738 -1.35566 -1.15578 -0.994811 0.495579 3.48528 4.95677 5.43241 6.7341 6.77866 5.51231 4.31152 3.25274 2.02786 0.571976 -0.544703 -2.31983 -5.19889 -6.52325 -6.16601 -5.65622 -5.01194
91.1 -1.24716 -1.70908 -1.43134 -1.22183 -1.04996 0.383878 3.21458 4.60192 5.16801 6.69643 6.89861 5.66044 4.46356 3.38664 2.17102 0.792748 -0.234608 -2.02458 -5.04506 -6.48942 -6.18093 -5.70396 -5.06957
91.14 -1.31738 -1.78757 -1.50377 -1.28632 -1.10659 0.270622 2.95154 4.25944 4.90733 6.64052 6.99244 5.79317 4.6092 3.52058 2.31803 1.01334 0.0657563 -1.73857 -4.88456 -6.43979 -6.18354 -5.74406 -5.12353
91.18 -1.38453 -1.86443 -1.57467 -1.35096 -1.16618 0.156109 2.69897 3.9338 4.65503 6.56817 7.05859 5.90865 4.74825 3.655 2.46833 1.23187 0.353887 -1.46271 -4.71827 -6.37571 -6.1738 -5.77572 -5.17285
91.22 -1.44992 -1.94118 -1.64565 -1.41727 -1.22991 0.0406795 2.45917 3.62865 4.41497 6.48108 7.09605 6.00566 4.88101 3.79046 2.62127 1.44672 0.627936 -1.19683 -4.54648 -6.29898 -6.15214 -5.79851 -5.21676
91.26 -1.51486 -2.01927 -1.71825 -1.48663 -1.29877 -0.075408 2.23384 3.34677 4.19014 6.38048 7.10374 6.08335 5.00872 3.92833 2.77647 1.65624 0.885328 -0.942083 -4.36409 -6.20773 -6.12281 -5.81381 -5.25506
91.3 -1.58061 -2.10013 -1.79405 -1.56054 -1.37388 -0.192339 2.02373 3.08981 3.98232 6.26655 7.08036 6.1415 5.13422 4.07168 2.93419 1.85791 1.11997 -0.706089 -4.14867 -6.08784 -6.10164 -5.82813 -5.2889
91.34 -1.64831 -2.18499 -1.87437 -1.64011 -1.45588 -0.309978 1.82956 2.8592 3.79282 6.13906 7.02398 6.17869 5.25928 4.22281 3.0945 2.05106 1.33206 -0.483734 -3.89938 -5.94073 -6.08672 -5.84274 -5.31961
91.38 -1.71899 -2.2749 -1.9603 -1.72624 -1.54525 -0.428249 1.65163 2.6557 3.62188 5.99719 6.93245 6.19278 5.38565 4.38505 3.25877 2.23609 1.52161 -0.27381 -3.62488 -5.75419 -6.06374 -5.8694 -5.35299
91.42 -1.79345 -2.37061 -2.05266 -1.81951 -1.6421 -0.546923 1.49003 2.47948 3.46888 5.84004 6.80408 6.18099 5.5137 4.56066 3.42778 2.41361 1.69069 -0.0726822 -3.32616 -5.52645 -6.02947 -5.90835 -5.39087
91.46 -1.87224 -2.47256 -2.15183 -1.92005 -1.74615 -0.6656 1.34457 2.33 3.33225 5.66704 6.63837 6.14038 5.64193 4.75033 3.60215 2.58526 1.84354 0.123595 -3.00626 -5.26343 -5.98017 -5.95408 -5.43325
91.5 -1.95562 -2.58079 -2.25781 -2.0276 -1.8568 -0.783843 1.21465 2.20574 3.20954 5.47813 6.4366 6.06888 5.76734 4.95291 3.78219 2.75322 1.98512 0.317485 -2.67106 -4.9713 -5.91137 -6.00061 -5.47917
91.54 -2.04356 -2.69502 -2.3702 -2.14155 -1.97323 -0.901266 1.09915 2.10417 3.09776 5.27402 6.20193 5.96613 5.8859 5.16516 3.96745 2.91961 2.12015 0.510119 -2.32726 -4.65588 -5.81942 -6.04225 -5.52681
91.58 -2.13577 -2.81464 -2.4883 -2.26106 -2.09449 -1.01759 0.996467 2.02193 2.99379 5.05633 5.93923 5.83375 5.99321 5.38211 4.15659 3.08593 2.25238 0.701541 -1.98127 -4.32203 -5.70178 -6.07433 -5.57387
91.62 -2.23175 -2.93883 -2.61119 -2.38509 -2.21957 -1.13266 0.904699 1.95522 2.89477 4.8275 5.6546 5.67522 6.0852 5.59777 4.34742 3.25277 2.38425 0.891052 -1.63847 -3.9734 -5.55708 -6.09353 -5.61797
91.66 -2.33088 -3.06666 -2.73787 -2.51261 -2.34752 -1.24649 0.821731 1.90011 2.79838 4.59058 5.35467 5.49525 6.15876 5.80618 4.53742 3.42017 2.51707 1.07725 -1.30412 -3.61611 -5.38049 -6.09313 -5.66138
91.7 -2.43247 -3.19715 -2.86733 -2.64266 -2.47755 -1.35925 0.745369 1.85282 2.70278 4.34882 5.04607 5.29924 6.21197 6.00204 4.72401 3.58761 2.65108 1.25818 -0.983239 -3.25722 -5.16234 -6.06556 -5.71081
91.74 -2.53583 -3.32934 -2.99859 -2.77431 -2.60888 -1.47104 0.673731 1.81024 2.60697 4.10579 4.73533 5.09323 6.24362 6.17963 4.90417 3.75417 2.78595 1.4329 -0.677312 -2.89641 -4.90619 -6.01195 -5.7618
91.78 -2.64031 -3.46235 -3.13077 -2.90671 -2.74081 -1.58196 0.605247 1.7699 2.51052 3.86478 4.42796 4.88225 6.25375 6.33543 5.07503 3.9182 2.92098 1.60086 -0.387094 -2.53486 -4.61709 -5.93216 -5.80995
91.82 -2.74528 -3.59538 -3.26307 -3.03913 -2.87271 -1.69201 0.538699 1.73001 2.41343 3.62869 4.12859 4.67076 6.24336 6.46698 5.23394 4.07808 3.05544 1.762 -0.11258 -2.17421 -4.30117 -5.82711 -5.85076
91.86 -2.85035 -3.72774 -3.39479 -3.17092 -3.004 -1.80112 0.473219 1.68939 2.31606 3.40006 3.84099 4.46265 6.21394 6.57257 5.37865 4.23248 3.18884 1.91674 0.146827 -1.81653 -3.96547 -5.69882 -5.87991
91.9 -2.95499 -3.85883 -3.52534 -3.30151 -3.13417 -1.90919 0.408224 1.64737 2.21903 3.18101 3.56821 4.26118 6.16711 6.65111 5.5073 4.38056 3.32106 2.06593 0.392141 -1.46418 -3.61744 -5.55015 -5.89371
91.94 -3.0588 -3.98815 -3.65424 -3.43046 -3.2628 -2.01608 0.34337 1.60367 2.12309 2.97333 3.31267 4.06906 6.10445 6.7018 5.61862 4.52195 3.45216 2.21071 0.624773 -1.11958 -3.26429 -5.38443 -5.88936
91.98 -3.1615 -4.11533 -3.78114 -3.55744 -3.38957 -2.12169 0.278431 1.55827 2.02908 2.7785 3.07633 3.88852 6.02726 6.72378 5.71123 4.65703 3.58327 2.35247 0.84608 -0.78514 -2.91257 -5.20513 -5.86511
92.02 -3.26282 -4.24009 -3.90581 -3.68227 -3.5143 -2.22597 0.21326 1.51131 1.93787 2.59777 2.8608 3.72132 5.93637 6.71599 5.78387 4.78688 3.71619 2.49276 1.05745 -0.462948 -2.56777 -5.01547 -5.82014
92.06 -3.36257 -4.36225 -4.02812 -3.80488 -3.63692 -2.32896 0.147742 1.46306 1.85028 2.43214 2.66735 3.56867 5.83226 6.67722 5.83518 4.91282 3.85318 2.63327 1.26033 -0.154653 -2.23417 -4.81818 -5.75433
92.1 -3.46062 -4.48173 -4.14807 -3.92528 -3.75745 -2.43073 0.0817844 1.4138 1.76708 2.28237 2.49686 3.43116 5.71507 6.60648 5.86371 5.0361 3.99668 2.77575 1.45616 0.138614 -1.91479 -4.61533 -5.66807
92.14 -3.55689 -4.59852 -4.2657 -4.04361 -3.87599 -2.5314 0.0153101 1.36386 1.6889 2.14884 2.34961 3.30853 5.58489 6.50337 5.86797 5.15743 4.1489 2.92184 1.64635 0.416217 -1.61151 -4.4083 -5.56197
92.18 -3.65133 -4.71265 -4.38113 -4.15997 -3.99264 -2.63106 -0.0517145 1.31354 1.61618 2.0315 2.22516 3.19974 5.44194 6.36862 5.84684 5.27666 4.31118 3.0728 1.83215 0.677963 -1.32517 -4.19785 -5.43686
92.22 -3.74391 -4.82417 -4.49444 -4.27448 -4.10747 -2.72974 -0.119257 1.26312 1.54912 1.92976 2.12221 3.10297 5.28678 6.2043 5.80001 5.39267 4.48357 3.22928 2.01458 0.924033 -1.05566 -3.9843 -5.29385
92.26 -3.83463 -4.93326 -4.60554 -4.38712 -4.22041 -2.82736 -0.187203 1.21285 1.48767 1.84254 2.03863 3.01597 5.12049 6.01389 5.72831 5.50353 4.66455 3.39116 2.19429 1.15488 -0.802005 -3.76772 -5.13471
92.3 -3.92343 -5.03952 -4.71476 -4.49782 -4.3313 -2.92375 -0.255385 1.16293 1.43153 1.76828 1.97165 2.93632 4.94472 5.80196 5.63381 5.60692 4.85121 3.55746 2.37151 1.37114 -0.562266 -3.54806 -4.96219
92.34 -4.01031 -5.14335 -4.82164 -4.60638 -4.43987 -3.01865 -0.323611 1.11344 1.38019 1.70512 1.91816 2.86175 4.76158 5.57376 5.51964 5.70054 5.03985 3.72659 2.54592 1.57299 -0.334917 -3.32309 -4.77837
92.38 -4.09522 -5.24457 -4.92615 -4.71259 -4.54588 -3.11188 -0.391862 1.06428 1.33289 1.651 1.87489 2.79024 4.57339 5.33473 5.38972 5.7827 5.22673 3.89678 2.71652 1.7587 -0.122056 -3.08159 -4.58018
92.42 -4.17809 -5.34313 -5.02811 -4.81617 -4.64901 -3.20323 -0.460133 1.01525 1.28883 1.60392 1.83887 2.72031 4.38277 5.0903 5.24848 5.85176 5.40724 4.06561 2.88237 1.92834 0.0798655 -2.82223 -4.36839
92.46 -4.25886 -5.4389 -5.12734 -4.91693 -4.74899 -3.29257 -0.528567 0.966072 1.24723 1.5621 1.80752 2.65095 4.19219 4.84516 5.09983 5.90691 5.57792 4.23071 3.04211 2.08168 0.273433 -2.54511 -4.13801
92.5 -4.33748 -5.53204 -5.22369 -5.01443 -4.84554 -3.37985 -0.597401 0.916397 1.20741 1.52407 1.77885 2.58159 4.00384 4.60331 4.94732 5.94789 5.73576 4.3896 3.19442 2.21925 0.46144 -2.24857 -3.89041
92.54 -4.41393 -5.62237 -5.31698 -5.10862 -4.93844 -3.46507 -0.666969 0.86586 1.16884 1.4887 1.75139 2.51204 3.81969 4.36792 4.79393 5.97477 5.87834 4.54021 3.33872 2.34303 0.645798 -1.93489 -3.62752
92.58 -4.48816 -5.70995 -5.4071 -5.19926 -5.0275 -3.54828 -0.737687 0.814096 1.13113 1.45522 1.72422 2.4424 3.64128 4.1414 4.64206 5.98784 6.00378 4.681 3.47524 2.45611 0.827299 -1.60977 -3.35189
92.62 -4.5602 -5.79486 -5.49401 -5.28622 -5.11258 -3.62965 -0.810063 0.760721 1.09403 1.42316 1.69682 2.37298 3.46984 3.92549 4.49361 5.98755 6.1108 4.81103 3.60497 2.56217 1.00563 -1.28133 -3.06734
92.66 -4.62552 -5.87475 -5.57948 -5.37037 -5.19407 -3.70957 -0.884666 0.705436 1.0575 1.39238 1.66908 2.30425 3.30632 3.72141 4.35 5.97442 6.19857 4.92987 3.7293 2.66463 1.17948 -0.958172 -2.77527
92.7 -4.6827 -5.94703 -5.66363 -5.45192 -5.27225 -3.78858 -0.962325 0.647689 1.02137 1.36276 1.64102 2.23666 3.15139 3.52998 4.21234 5.94895 6.26656 5.03745 3.84979 2.76632 1.34704 -0.647839 -2.47556
92.74 -4.73381 -6.01268 -5.74531 -5.53053 -5.34715 -3.86718 -1.04387 0.586845 0.985338 1.33413 1.6127 2.17066 3.00548 3.3517 4.08142 5.91157 6.31438 5.13382 3.96798 2.86933 1.50657 -0.355769 -2.16716
92.78 -4.78017 -6.07314 -5.82436 -5.60612 -5.41899 -3.94588 -1.12996 0.522399 0.949155 1.30642 1.58429 2.10666 2.86893 3.18692 3.95783 5.86261 6.34161 5.21885 4.08509 2.97518 1.65715 -0.0846202 -1.84971
92.82 -4.82287 -6.12932 -5.90067 -5.6792 -5.48828 -4.02525 -1.22111 0.453993 0.912603 1.2796 1.55603 2.04512 2.74198 3.03588 3.84197 5.8023 6.34767 5.29209 4.20201 3.08511 1.79925 0.165688 -1.52491
92.86 -4.86369 -6.17756 -5.97135 -5.75214 -5.5567 -4.1064 -1.31781 0.381448 0.87561 1.25379 1.52837 1.98662 2.62497 2.8988 3.73412 5.73086 6.33203 5.35271 4.31918 3.20023 1.93466 0.397203 -1.19669
92.9 -4.90367 -6.21979 -6.03623 -5.8248 -5.62463 -4.18975 -1.42014 0.304594 0.837818 1.22888 1.50154 1.93152 2.51798 2.77567 3.63421 5.64852 6.29433 5.39971 4.43681 3.32176 2.06621 0.613122 -0.870168
92.94 -4.94314 -6.25839 -6.09688 -5.89702 -5.69239 -4.27555 -1.52784 0.22348 0.798864 1.20467 1.47571 1.88009 2.42096 2.6662 3.54186 5.55557 6.2346 5.43207 4.55481 3.45085 2.19695 0.816862 -0.5505
92.98 -4.98236 -6.29516 -6.15487 -5.96911 -5.76052 -4.364 -1.64043 0.138322 0.758418 1.18098 1.45104 1.83248 2.33364 2.56981 3.45643 5.45252 6.15348 5.44892 4.67266 3.58821 2.32957 1.01156 -0.242018
93.02 -5.02165 -6.33154 -6.21155 -6.04167 -5.82974 -4.45532 -1.75729 0.0494237 0.716145 1.15761 1.42764 1.78872 2.25557 2.4856 3.37702 5.3401 6.05231 5.44979 4.78936 3.73384 2.46604 1.1998 0.0522437
93.06 -5.06197 -6.36933 -6.26489 -6.11326 -5.90207 -4.55046 -1.87818 -0.0429879 0.671797 1.13453 1.40574 1.7489 2.18623 2.41252 3.3027 5.21939 5.93311 5.43463 4.90346 3.88689 2.60738 1.38345 0.330509
93.1 -5.1042 -6.41004 -6.31459 -6.18257 -5.97849 -4.64982 -2.00266 -0.138755 0.624963 1.11154 1.38544 1.71291 2.12492 2.34926 3.23247 5.09169 5.79843 5.40401 5.01323 4.04573 2.75381 1.56388 0.592227
93.14 -5.14848 -6.45424 -6.36317 -6.25095 -6.05852 -4.75278 -2.12979 -0.237602 0.575133 1.08828 1.36662 1.68038 2.07065 2.2943 3.1653 4.95836 5.65112 5.35899 5.11695 4.20829 2.90501 1.74206 0.83785
93.18 -5.1949 -6.50227 -6.41227 -6.31964 -6.1419 -4.85885 -2.25871 -0.339287 0.52182 1.06443 1.34917 1.65094 2.02245 2.2461 3.10027 4.82084 5.49412 5.30098 5.213 4.37221 3.06007 1.91849 1.06841
93.22 -5.24358 -6.55439 -6.46305 -6.38955 -6.22845 -4.96754 -2.38865 -0.443657 0.464509 1.0397 1.33301 1.62421 1.97934 2.20322 3.03663 4.68058 5.33027 5.23163 5.29999 4.53501 3.21775 2.09336 1.28528
93.26 -5.2946 -6.61076 -6.51632 -6.4613 -6.31793 -5.07835 -2.51895 -0.550656 0.402639 1.01375 1.31802 1.59981 1.94044 2.16437 2.97383 4.53895 5.16222 5.15274 5.37681 4.69425 3.37662 2.2666 1.48994
93.3 -5.34824 -6.67171 -6.57286 -6.53369 -6.40907 -5.19137 -2.64947 -0.660515 0.335603 0.986305 1.3042 1.57749 1.90505 2.12853 2.91157 4.39724 4.99235 5.0661 5.44269 4.84766 3.5351 2.43792 1.6838
93.34 -5.40495 -6.73774 -6.63358 -6.60447 -6.49922 -5.30696 -2.78047 -0.773731 0.262701 0.957047 1.29156 1.55713 1.87268 2.09499 2.84975 4.25666 4.8227 4.97346 5.49722 4.99326 3.6916 2.60683 1.86809
93.38 -5.46449 -6.80857 -6.69847 -6.67536 -6.58861 -5.42364 -2.91096 -0.890281 0.183222 0.925371 1.27977 1.53836 1.84271 2.06304 2.78827 4.11807 4.65484 4.87635 5.54034 5.12956 3.8448 2.77296 2.04403
93.42 -5.52659 -6.88383 -6.76731 -6.74735 -6.67763 -5.54022 -3.04014 -1.0101 0.0965805 0.890663 1.26848 1.52086 1.81469 2.03216 2.72712 3.98218 4.49003 4.77615 5.57221 5.25537 3.99352 2.93593 2.21264
93.46 -5.59095 -6.96314 -6.83983 -6.82098 -6.76645 -5.65576 -3.16734 -1.13303 0.00235385 0.852262 1.25724 1.50437 1.78828 2.00204 2.66639 3.84957 4.32921 4.67404 5.59318 5.36984 4.13669 3.09531 2.37477
93.5 -5.65726 -7.04611 -6.91574 -6.89655 -6.85511 -5.76949 -3.29201 -1.2588 -0.0996679 0.809423 1.24547 1.48865 1.76327 1.97251 2.60625 3.72071 4.17312 4.57103 5.60371 5.47232 4.2734 3.25073 2.53109
93.54 -5.72519 -7.13235 -6.99476 -6.9742 -6.94355 -5.88077 -3.41368 -1.38693 -0.209437 0.761279 1.23239 1.47346 1.73955 1.94354 2.54693 3.59597 4.02229 4.46798 5.60434 5.5624 4.40286 3.40181 2.68212
93.58 -5.79444 -7.2215 -7.07663 -7.05399 -7.03166 -5.98906 -3.53193 -1.51668 -0.326618 0.706788 1.21698 1.45858 1.71712 1.91522 2.48872 3.47566 3.87713 4.36562 5.59565 5.63984 4.52441 3.54824 2.82826
93.62 -5.86466 -7.31324 -7.16115 -7.13595 -7.11929 -6.09391 -3.64637 -1.64709 -0.450589 0.644689 1.19791 1.44379 1.69611 1.88772 2.43192 3.36007 3.73798 4.2646 5.57824 5.70449 4.6375 3.68976 2.96983
93.66 -5.93555 -7.40725 -7.24812 -7.2201 -7.20634 -6.19494 -3.7567 -1.77692 -0.580473 0.57347 1.17354 1.42886 1.67671 1.86134 2.3769 3.24945 3.60506 4.16544 5.55268 5.75633 4.74168 3.82617 3.10709
93.7 -6.0068 -7.50328 -7.33743 -7.30647 -7.29267 -6.29186 -3.86262 -1.90477 -0.715183 0.491408 1.14196 1.41355 1.65922 1.83641 2.32402 3.14403 3.47863 4.06863 5.51951 5.79538 4.83658 3.95734 3.2403
93.74 -6.07809 -7.60108 -7.42897 -7.39508 -7.37819 -6.3844 -3.96396 -2.02914 -0.853483 0.396731 1.1011 1.39757 1.64396 1.81329 2.27365 3.04405 3.35886 3.97455 5.47926 5.8217 4.92189 4.08318 3.36967
93.78 -6.14913 -7.70044 -7.52263 -7.48593 -7.46273 -6.47236 -4.06064 -2.1487 -0.994071 0.287949 1.04896 1.38054 1.63115 1.7923 2.22615 2.94971 3.24595 3.88354 5.43241 5.83543 4.99736 4.20365 3.49544
93.82 -6.21964 -7.80112 -7.61827 -7.57896 -7.54607 -6.55546 -4.15275 -2.2625 -1.13566 0.164299 0.98403 1.36192 1.62077 1.77362 2.18175 2.8612 3.14003 3.79592 5.37946 5.83677 5.06279 4.31872 3.61781
93.86 -6.28934 -7.90287 -7.71569 -7.67398 -7.62786 -6.6334 -4.24054 -2.37025 -1.27708 0.0261566 0.905552 1.34098 1.61249 1.75724 2.14061 2.77863 3.04126 3.71195 5.32092 5.82601 5.11803 4.42834 3.73697
93.9 -6.358 -8.00543 -7.81461 -7.77053 -7.70752 -6.70588 -4.32454 -2.47241 -1.41733 -0.124777 0.813796 1.31683 1.60559 1.74291 2.10271 2.70207 2.94975 3.63189 5.25737 5.80359 5.16301 4.53243 3.85301
93.94 -6.42609 -8.10928 -7.91544 -7.8628 -7.78142 -6.77507 -4.40744 -2.57082 -1.55525 -0.285133 0.710425 1.28885 1.59931 1.73038 2.06805 2.6316 2.86564 3.55605 5.18958 5.77016 5.19768 4.63076 3.96582
93.98 -6.49366 -8.21452 -8.01848 -7.94971 -7.8468 -6.8407 -4.49021 -2.66745 -1.6905 -0.451349 0.597425 1.2561 1.59259 1.71924 2.03649 2.56717 2.78896 3.48465 5.11827 5.72653 5.22219 4.72312 4.07528
94.02 -6.56044 -8.32087 -8.12355 -8.03206 -7.9033 -6.90185 -4.57187 -2.76295 -1.82358 -0.620118 0.476831 1.21756 1.58429 1.70902 2.00777 2.5086 2.71958 3.4178 5.0442 5.67364 5.2368 4.80933 4.18122
94.06 -6.62632 -8.42807 -8.22962 -8.11008 -7.95156 -6.95879 -4.6499 -2.85656 -1.95549 -0.788565 0.350625 1.17231 1.5735 1.69948 1.9818 2.45577 2.65744 3.35554 4.96817 5.6126 5.24196 4.88915 4.28331
94.1 -6.6924 -8.53706 -8.32678 -8.17852 -7.99538 -7.01284 -4.72856 -2.95129 -2.08372 -0.952479 0.221333 1.11986 1.55964 1.69061 1.95848 2.40847 2.60219 3.29789 4.89098 5.54464 5.23824 4.96237 4.38116
94.14 -6.75915 -8.64878 -8.41556 -8.23413 -8.03316 -7.063 -4.80935 -3.04927 -2.20796 -1.10942 0.0904991 1.05944 1.54225 1.68253 1.9378 2.36645 2.55346 3.24466 4.81324 5.47094 5.22633 5.0289 4.47447
94.18 -6.82648 -8.75634 -8.49535 -8.28012 -8.06434 -7.10879 -4.89367 -3.14971 -2.32614 -1.25831 -0.0411458 0.990192 1.52097 1.67554 1.91984 2.3295 2.51086 3.19564 4.73557 5.39267 5.20703 5.08867 4.56289
94.22 -6.89665 -8.85068 -8.55947 -8.32058 -8.08978 -7.1508 -4.98293 -3.25094 -2.4361 -1.39843 -0.173095 0.911459 1.49568 1.67009 1.90482 2.29753 2.47403 3.15068 4.65857 5.31106 5.18119 5.14166 4.64603
94.26 -6.96087 -8.93244 -8.61119 -8.35422 -8.1076 -7.18763 -5.0758 -3.35509 -2.53978 -1.52815 -0.304454 0.823111 1.46643 1.66652 1.89283 2.27029 2.4425 3.10948 4.5827 5.22716 5.14968 5.18797 4.72363
94.3 -7.00881 -8.9925 -8.65385 -8.38083 -8.11684 -7.21854 -5.17214 -3.4633 -2.63795 -1.64694 -0.434487 0.725502 1.43335 1.66502 1.88389 2.24751 2.41581 3.07176 4.50835 5.14197 5.11338 5.22775 4.7955
94.34 -7.04322 -9.02825 -8.68341 -8.39763 -8.1159 -7.24304 -5.27271 -3.57718 -2.73206 -1.75535 -0.562525 0.619605 1.39666 1.66554 1.8779 2.2289 2.39347 3.03723 4.43583 5.05635 5.07312 5.26121 4.86149
94.38 -7.06438 -9.03993 -8.69781 -8.40249 -8.10304 -7.26017 -5.37807 -3.69923 -2.8213 -1.85227 -0.688913 0.506524 1.35643 1.66768 1.87456 2.21411 2.37508 3.00569 4.36549 4.97112 5.02971 5.28861 4.92149
94.42 -7.07196 -9.02786 -8.69565 -8.39377 -8.07683 -7.26911 -5.48829 -3.82972 -2.90696 -1.93943 -0.812627 0.388445 1.31304 1.67087 1.8735 2.20275 2.36021 2.97696 4.29764 4.88704 4.98393 5.31024 4.97544
94.46 -7.0653 -8.99208 -8.67581 -8.37011 -8.03595 -7.26888 -5.60299 -3.96847 -2.99215 -2.0199 -0.93194 0.268245 1.26704 1.67446 1.87424 2.19435 2.34839 2.95078 4.23247 4.8047 4.93649 5.32644 5.02336
94.5 -7.04358 -8.93229 -8.63715 -8.33013 -7.97906 -7.25854 -5.72213 -4.11622 -3.07905 -2.09581 -1.04573 0.148602 1.21886 1.67765 1.87627 2.18846 2.33919 2.92692 4.17009 4.72457 4.888 5.33756 5.06535
94.54 -7.00585 -8.84794 -8.57855 -8.27258 -7.905 -7.23725 -5.84595 -4.27396 -3.16944 -2.16905 -1.15319 0.0319015 1.16877 1.67957 1.87912 2.18468 2.3322 2.90513 4.11056 4.64701 4.83896 5.34394 5.10153
94.58 -6.95112 -8.73833 -8.49893 -8.1963 -7.81271 -7.20432 -5.97488 -4.44281 -3.2649 -2.24127 -1.25379 -0.0799274 1.11679 1.67928 1.88237 2.18272 2.3271 2.88522 4.05387 4.57224 4.78976 5.34588 5.1321
94.62 -6.87842 -8.6028 -8.39732 -8.1003 -7.70138 -7.15922 -6.10946 -4.62401 -3.36684 -2.31398 -1.34736 -0.185526 1.06261 1.67572 1.88566 2.18236 2.32361 2.86694 3.99992 4.50035 4.74068 5.34363 5.15722
94.66 -6.78683 -8.44076 -8.27291 -7.98373 -7.57038 -7.10155 -6.25023 -4.81879 -3.47659 -2.38851 -1.43405 -0.284169 1.00557 1.6677 1.88868 2.18346 2.3215 2.8501 3.94857 4.43131 4.69184 5.33738 5.17711
94.7 -6.67554 -8.25185 -8.12505 -7.84595 -7.4193 -7.03096 -6.39774 -5.02831 -3.59533 -2.46613 -1.51442 -0.375799 0.944588 1.65381 1.89113 2.18599 2.32062 2.83447 3.8996 4.365 4.64325 5.32719 5.19193
94.74 -6.54393 -8.03596 -7.95326 -7.68642 -7.24786 -6.9471 -6.5522 -5.25393 -3.72543 -2.54627 -1.58799 -0.461936 0.87791 1.63233 1.89259 2.18989 2.32083 2.81989 3.85278 4.3012 4.59481 5.31306 5.20183
94.78 -6.39149 -7.79336 -7.75735 -7.50488 -7.05611 -6.84976 -6.7136 -5.49616 -3.86747 -2.63039 -1.65656 -0.543586 0.804004 1.60162 1.89253 2.195 2.32193 2.8061 3.80783 4.23965 4.54635 5.29488 5.20687
94.82 -6.21796 -7.52474 -7.53742 -7.30132 -6.84436 -6.73871 -6.88104 -5.75454 -4.02186 -2.72093 -1.72308 -0.622159 0.721596 1.56023 1.89031 2.20096 2.32357 2.79277 3.76439 4.18002 4.4976 5.2725 5.20712
94.86 -6.02339 -7.2312 -7.2938 -7.07586 -6.61299 -6.61352 -7.05274 -6.02789 -4.18919 -2.81992 -1.79065 -0.699958 0.629616 1.50699 1.88498 2.20714 2.32525 2.77949 3.72209 4.12198 4.44829 5.24571 5.20254
94.9 -5.80824 -6.9143 -7.02705 -6.82871 -6.36245 -6.47364 -7.22579 -6.31403 -4.37004 -2.92982 -1.8621 -0.779204 0.527135 1.44097 1.87529 2.21249 2.32627 2.76578 3.68058 4.06526 4.39821 5.21433 5.1931
94.94 -5.57342 -6.57602 -6.73796 -6.56025 -6.09333 -6.31847 -7.39632 -6.60982 -4.5646 -3.05276 -1.94028 -0.862353 0.413663 1.36175 1.85976 2.2157 2.32576 2.75109 3.63954 4.00965 4.34724 5.17831 5.17869
94.98 -5.3203 -6.21875 -6.42764 -6.27114 -5.8065 -6.14761 -7.55967 -6.91081 -4.77208 -3.1898 -2.0294 -0.95292 0.289606 1.26968 1.83704 2.21537 2.32278 2.73485 3.59863 3.955 4.29535 5.13764 5.15924
95.02 -5.05081 -5.84532 -6.09762 -5.96238 -5.50306 -5.96091 -7.71046 -7.21165 -4.99117 -3.34188 -2.13243 -1.05357 0.155307 1.1653 1.80576 2.21004 2.3164 2.71649 3.55757 3.90122 4.24261 5.09252 5.13472
95.06 -4.76727 -5.4589 -5.74988 -5.63545 -5.18456 -5.75863 -7.84319 -7.50634 -5.21984 -3.50925 -2.25129 -1.16629 0.0111759 1.04938 1.76469 2.1984 2.30585 2.69556 3.51615 3.84828 4.18923 5.04328 5.10514
95.1 -4.47239 -5.063 -5.38691 -5.29238 -4.85303 -5.54164 -7.9527 -7.78866 -5.45537 -3.69122 -2.38666 -1.2923 -0.142233 0.922853 1.71282 2.17937 2.29056 2.67175 3.4742 3.7962 4.13546 4.9904 5.07062
95.14 -4.16912 -4.66131 -5.01177 -4.93585 -4.51105 -5.31142 -8.03473 -8.05265 -5.69433 -3.88614 -2.53811 -1.43197 -0.304143 0.786702 1.64926 2.15215 2.27028 2.64489 3.43165 3.74501 4.08164 4.93452 5.03139
95.18 -3.86048 -4.25766 -4.62796 -4.56914 -4.16172 -5.07011 -8.08633 -8.2929 -5.93288 -4.09161 -2.70417 -1.58476 -0.473484 0.641881 1.57326 2.11624 2.24511 2.61506 3.38849 3.69468 4.02805 4.8763 4.9878
95.22 -3.54949 -3.85584 -4.23937 -4.19601 -3.80853 -4.82032 -8.10595 -8.50502 -6.16698 -4.30457 -2.88258 -1.74931 -0.64883 0.489218 1.48401 2.0714 2.21548 2.58251 3.34474 3.64524 3.975 4.81647 4.94033
95.26 -3.239 -3.45944 -3.85 -3.82047 -3.45514 -4.56495 -8.09357 -8.68578 -6.39267 -4.52171 -3.07057 -1.92349 -0.828448 0.32931 1.38063 2.01756 2.18215 2.54772 3.30053 3.59666 3.92271 4.75572 4.88952
95.3 -2.93165 -3.07173 -3.46379 -3.44658 -3.10517 -4.30701 -8.05045 -8.83323 -6.6064 -4.73956 -3.26519 -2.10451 -1.01023 0.162441 1.26217 1.95478 2.14605 2.51131 3.25606 3.54889 3.87133 4.69464 4.83598
95.34 -2.62976 -2.6956 -3.08446 -3.0782 -2.76206 -4.04948 -7.97896 -8.94654 -6.80504 -4.95565 -3.46515 -2.28649 -1.18959 -0.0124324 1.12728 1.88291 2.10802 2.47389 3.21158 3.50193 3.82104 4.63385 4.78035
95.38 -2.3353 -2.33335 -2.71522 -2.71875 -2.42874 -3.795 -7.88234 -9.02638 -6.98628 -5.16659 -3.66624 -2.46747 -1.36604 -0.194328 0.976239 1.80237 2.06881 2.43597 3.16722 3.4557 3.77189 4.57382 4.7233
95.42 -2.04988 -1.98677 -2.35875 -2.37109 -2.10766 -3.54592 -7.7643 -9.07418 -7.148 -5.36905 -3.86511 -2.64639 -1.53951 -0.381956 0.810532 1.7138 2.02884 2.39785 3.12297 3.41003 3.72388 4.51493 4.66547
95.46 -1.77482 -1.65718 -2.01721 -2.03757 -1.80076 -3.30424 -7.62872 -9.09192 -7.28854 -5.56038 -4.05927 -2.82222 -1.71013 -0.573849 0.632839 1.618 1.988 2.3595 3.07869 3.36472 3.67697 4.45749 4.60748
95.5 -1.51116 -1.34543 -1.69219 -1.71996 -1.50946 -3.0715 -7.47945 -9.08214 -7.40702 -5.73833 -4.24665 -2.99429 -1.87837 -0.768206 0.446898 1.516 1.9458 2.32066 3.03409 3.31948 3.63108 4.40174 4.54989
95.54 -1.25969 -1.05197 -1.38476 -1.41946 -1.23464 -2.84885 -7.32015 -9.0478 -7.50318 -5.90124 -4.42571 -3.16222 -2.04484 -0.963023 0.256944 1.40897 1.9015 2.28093 2.98882 3.27404 3.58606 4.34779 4.49315
95.58 -1.02094 -0.776871 -1.09551 -1.13674 -0.976758 -2.637 -7.15413 -8.99214 -7.5774 -6.04809 -4.59537 -3.32571 -2.20993 -1.15628 0.0670476 1.29808 1.85431 2.23996 2.94261 3.2281 3.54173 4.29563 4.43757
95.62 -0.795238 -0.519925 -0.824598 -0.872038 -0.735821 -2.43618 -6.98419 -8.91848 -7.63077 -6.17846 -4.75492 -3.48448 -2.37357 -1.34605 -0.119424 1.18421 1.80342 2.19758 2.89538 3.18147 3.49788 4.24512 4.3833
95.66 -0.582704 -0.280669 -0.571842 -0.625189 -0.511527 -2.24619 -6.81261 -8.83015 -7.66485 -6.29251 -4.90406 -3.63845 -2.53485 -1.53022 -0.300251 1.06756 1.74785 2.15386 2.84735 3.13418 3.45434 4.19603 4.33031
95.7 -0.383305 -0.0584934 -0.33684 -0.395828 -0.303413 -2.06642 -6.64104 -8.7303 -7.68153 -6.39115 -5.04368 -3.78899 -2.6895 -1.70429 -0.475492 0.946799 1.68601 2.109 2.79915 3.08655 3.41113 4.14815 4.27849
95.74 -0.196816 0.147415 -0.118873 -0.183224 -0.110679 -1.89549 -6.47025 -8.62213 -7.68347 -6.47568 -5.17355 -3.93417 -2.83761 -1.86782 -0.643279 0.820508 1.61618 2.06356 2.7518 3.03913 3.3683 4.10117 4.22753
95.78 -0.0228926 0.337948 0.0828843 0.0134467 0.0675168 -1.73134 -6.30022 -8.50854 -7.67324 -6.54744 -5.29375 -4.07305 -2.97893 -2.01962 -0.802626 0.686404 1.53623 2.01806 2.70651 2.9927 3.32606 4.05483 4.17713
95.82 0.138871 0.513981 0.269239 0.194944 0.231887 -1.57125 -6.13019 -8.39225 -7.65329 -6.60786 -5.40467 -4.20524 -3.1133 -2.1579 -0.95262 0.541876 1.44384 1.97264 2.66429 2.948 3.28469 4.00902 4.12706
95.86 0.288824 0.675611 0.438861 0.357771 0.376161 -1.42344 -5.92348 -8.25328 -7.64867 -6.66874 -5.51046 -4.33199 -3.24221 -2.28252 -1.09417 0.383792 1.33615 1.92542 2.62418 2.90446 3.24363 3.96324 4.07724
95.9 0.427417 0.823263 0.591433 0.500496 0.497417 -1.29032 -5.67836 -8.06855 -7.6489 -6.74943 -5.62056 -4.45619 -3.36561 -2.39692 -1.23093 0.212772 1.2127 1.87428 2.58441 2.86094 3.20199 3.91686 4.02758
95.94 0.554735 0.95729 0.727279 0.623621 0.596592 -1.16726 -5.40637 -7.8249 -7.63796 -6.8581 -5.74032 -4.5806 -3.48505 -2.50434 -1.36459 0.0320492 1.07535 1.81725 2.54299 2.8164 3.15919 3.86961 3.97803
95.98 0.670523 1.07783 0.846853 0.728492 0.676574 -1.04754 -5.10494 -7.52949 -7.61496 -6.98582 -5.86803 -4.7064 -3.60279 -2.60851 -1.49653 -0.153986 0.927239 1.75256 2.49798 2.76997 3.11484 3.82143 3.92859
96.02 0.774998 1.1856 0.951436 0.817368 0.740955 -0.927232 -4.77967 -7.19209 -7.57246 -7.12202 -6.0036 -4.83544 -3.72126 -2.71263 -1.62771 -0.340973 0.771777 1.67863 2.44762 2.72095 3.06858 3.77219 3.87914
96.06 0.869204 1.28224 1.04327 0.893155 0.793118 -0.806867 -4.44484 -6.83557 -7.48527 -7.24212 -6.15975 -4.97498 -3.84416 -2.81897 -1.75817 -0.525024 0.611943 1.59415 2.39056 2.66888 3.02005 3.72162 3.82945
96.1 0.953981 1.36908 1.12427 0.958556 0.836704 -0.686702 -4.10793 -6.46474 -7.35146 -7.34259 -6.33024 -5.12354 -3.97246 -2.92911 -1.88815 -0.703422 0.449947 1.49823 2.32622 2.614 2.96934 3.6696 3.77922
96.14 1.03045 1.44775 1.19668 1.01659 0.875486 -0.567392 -3.77609 -6.08613 -7.17471 -7.41836 -6.50739 -5.27884 -4.10641 -3.04392 -2.01784 -0.874713 0.286965 1.39016 2.25445 2.55688 2.91671 3.61611 3.72813
96.18 1.09991 1.52002 1.26277 1.07001 0.912616 -0.450001 -3.45573 -5.70625 -6.95963 -7.4656 -6.68426 -5.43821 -4.24553 -3.16357 -2.14736 -1.03842 0.123434 1.26952 2.17533 2.49817 2.86252 3.56113 3.67587
96.22 1.16368 1.58756 1.32452 1.12106 0.95049 -0.335493 -3.15154 -5.33038 -6.71215 -7.48267 -6.85433 -5.59861 -4.38884 -3.28796 -2.27631 -1.19439 -0.0407488 1.13642 2.0891 2.43839 2.80712 3.50466 3.62221
96.26 1.22303 1.65186 1.38356 1.17143 0.990738 -0.224566 -2.86657 -4.96268 -6.43916 -7.46988 -7.01199 -5.75688 -4.5354 -3.41781 -2.4021 -1.34119 -0.206716 0.991249 1.99591 2.37769 2.7507 3.44675 3.56703
96.3 1.27912 1.7143 1.4413 1.22249 1.03461 -0.117326 -2.60209 -4.60632 -6.14806 -7.42939 -7.15299 -5.90977 -4.68272 -3.55065 -2.52612 -1.48148 -0.373282 0.836292 1.8965 2.31606 2.69328 3.38725 3.51011
96.34 1.33307 1.77612 1.49893 1.2753 1.08296 -0.013521 -2.35825 -4.26388 -5.84619 -7.36443 -7.27416 -6.05409 -4.8283 -3.68476 -2.64936 -1.61731 -0.539424 0.674375 1.79174 2.25323 2.63473 3.32601 3.45125
96.38 1.38591 1.83842 1.5575 1.33071 1.13639 0.087365 -2.13441 -3.93748 -5.54044 -7.27885 -7.37357 -6.18706 -4.9698 -3.8187 -2.77226 -1.75026 -0.70425 0.508492 1.68252 2.18876 2.57485 3.26282 3.39025
96.42 1.4386 1.90224 1.61792 1.38944 1.19532 0.186035 -1.92942 -3.62879 -5.23693 -7.17672 -7.4505 -6.30658 -5.10518 -3.95111 -2.89489 -1.88157 -0.866922 0.341487 1.56972 2.12218 2.5135 3.19755 3.32696
96.46 1.49201 1.9685 1.68102 1.4521 1.26011 0.283288 -1.74182 -3.33907 -4.94079 -7.06205 -7.5052 -6.4112 -5.23272 -4.08073 -3.01708 -2.01199 -1.02667 0.175781 1.45406 2.05302 2.4506 3.13017 3.2613
96.5 1.54696 2.03806 1.74754 1.51926 1.33102 0.379936 -1.57005 -3.06917 -4.65614 -6.93855 -7.53876 -6.50017 -5.35112 -4.20649 -3.13846 -2.1418 -1.18278 0.0132249 1.33597 1.98076 2.38625 3.06088 3.19329
96.54 1.60418 2.11165 1.81817 1.59138 1.40824 0.47675 -1.4125 -2.81948 -4.38607 -6.80944 -7.55278 -6.57335 -5.45951 -4.32746 -3.25846 -2.2708 -1.33451 -0.144898 1.21542 1.90473 2.32074 2.99012 3.12319
96.58 1.66431 2.18989 1.89344 1.66883 1.49188 0.574368 -1.26768 -2.59005 -4.1327 -6.67746 -7.54916 -6.63106 -5.55744 -4.44329 -3.37738 -2.39711 -1.47983 -0.298557 1.09151 1.8239 2.25444 2.91862 3.05148
96.62 1.72784 2.27322 1.9738 1.75188 1.58193 0.673317 -1.13415 -2.38052 -3.89732 -6.54478 -7.52999 -6.67419 -5.64501 -4.55376 -3.49479 -2.51883 -1.61707 -0.447687 0.962866 1.73696 2.18779 2.84731 2.97876
96.66 1.79519 2.362 2.05957 1.84075 1.67838 0.774072 -1.01046 -2.19016 -3.68038 -6.41311 -7.49754 -6.70395 -5.72242 -4.65813 -3.60907 -2.63625 -1.74622 -0.591271 0.828366 1.64268 2.12124 2.77717 2.9058
96.7 1.86662 2.45638 2.15094 1.93548 1.78106 0.876921 -0.895353 -2.01798 -3.48177 -6.28376 -7.45396 -6.7217 -5.78984 -4.75586 -3.71941 -2.74906 -1.86685 -0.728987 0.686988 1.53992 2.05498 2.70902 2.83336
96.74 1.94226 2.55636 2.24794 2.03599 1.88965 0.981951 -0.787758 -1.86288 -3.30094 -6.15766 -7.40122 -6.72858 -5.84771 -4.84676 -3.82525 -2.85746 -1.978 -0.860006 0.538059 1.42789 1.98866 2.64318 2.76201
96.78 2.02212 2.66176 2.35042 2.14202 2.00368 1.08905 -0.68679 -1.72368 -3.13695 -6.03545 -7.34115 -6.72589 -5.89645 -4.93066 -3.92624 -2.96147 -2.07938 -0.984038 0.38221 1.30671 1.92144 2.57931 2.69203
96.82 2.10608 2.77227 2.4581 2.25318 2.12258 1.19801 -0.591675 -1.59911 -2.98846 -5.91747 -7.27557 -6.71495 -5.93659 -5.00728 -4.02157 -3.06031 -2.1731 -1.10251 0.222088 1.17791 1.85238 2.5166 2.62334
96.86 2.19391 2.88743 2.57057 2.36898 2.24566 1.30843 -0.501835 -1.48795 -2.85382 -5.80376 -7.20617 -6.69697 -5.96858 -5.07646 -4.11081 -3.15399 -2.26101 -1.21624 0.060646 1.04347 1.7803 2.45387 2.55564
96.9 2.28528 3.00668 2.68729 2.48878 2.37212 1.41983 -0.416858 -1.38908 -2.73097 -5.69398 -7.13457 -6.67315 -5.99297 -5.1382 -4.19379 -3.24277 -2.34468 -1.32578 -0.0992147 0.905525 1.70401 2.38991 2.48854
96.94 2.3798 3.12939 2.80765 2.61189 2.50111 1.53159 -0.336494 -1.30149 -2.61734 -5.58729 -7.06241 -6.64474 -6.01044 -5.19267 -4.27059 -3.32701 -2.42528 -1.43152 -0.255022 0.765995 1.62248 2.32366 2.42174
96.98 2.47703 3.25488 2.93097 2.73755 2.63175 1.64306 -0.260637 -1.22437 -2.5098 -5.48232 -6.99135 -6.61307 -6.0218 -5.24029 -4.3414 -3.40703 -2.50361 -1.53368 -0.404942 0.626363 1.53486 2.25431 2.35507
97.02 2.5767 3.38273 3.05692 2.8653 2.76321 1.75306 -0.190943 -1.1603 -2.41067 -5.36141 -6.91244 -6.5905 -6.03291 -5.28297 -4.40659 -3.48307 -2.58043 -1.63309 -0.54861 0.486966 1.43998 2.18094 2.28828
97.06 2.6787 3.51277 3.18538 2.99484 2.89468 1.8601 -0.12995 -1.11336 -2.32407 -5.19755 -6.81016 -6.59277 -6.05245 -5.32462 -4.46755 -3.55565 -2.65632 -1.73074 -0.686738 0.347142 1.33644 2.10245 2.22089
97.1 2.78238 3.64409 3.31536 3.12514 3.02525 1.96388 -0.0764029 -1.08018 -2.2416 -4.99771 -6.68982 -6.61178 -6.07883 -5.36645 -4.52575 -3.62549 -2.73111 -1.82609 -0.81881 0.207387 1.22433 2.01877 2.15289
97.14 2.88729 3.77614 3.44638 3.25581 3.15462 2.06442 -0.0297878 -1.05996 -2.1627 -4.77774 -6.53607 -6.62662 -6.12542 -5.41599 -4.58431 -3.69324 -2.80446 -1.91898 -0.945174 0.0676079 1.10371 1.92967 2.084
97.18 2.99284 3.90815 3.57761 3.38603 3.28209 2.16152 0.010863 -1.05015 -2.08452 -4.54069 -6.34928 -6.63326 -6.18936 -5.47383 -4.64495 -3.76033 -2.87706 -2.00844 -1.06518 -0.0720795 0.975376 1.83536 2.01408
97.22 3.0983 4.03919 3.70802 3.51483 3.40702 2.25531 0.0473056 -1.04679 -2.00402 -4.28962 -6.13954 -6.6311 -6.26185 -5.53729 -4.70808 -3.82792 -2.94977 -2.09345 -1.17814 -0.211366 0.840675 1.73639 1.94308
97.26 3.203 4.16844 3.83672 3.64148 3.52904 2.34621 0.0814116 -1.04622 -1.9203 -4.03088 -5.91546 -6.61826 -6.33608 -5.60385 -4.77338 -3.89621 -3.02218 -2.17513 -1.28525 -0.348843 0.701744 1.63368 1.87104
97.3 3.30636 4.2952 3.96298 3.76539 3.64791 2.43467 0.114835 -1.04538 -1.8337 -3.77134 -5.68472 -6.59359 -6.4064 -5.67081 -4.83998 -3.96516 -3.09433 -2.25424 -1.38731 -0.483502 0.560638 1.52813 1.798
97.34 3.4079 4.41892 4.08624 3.88615 3.76354 2.52109 0.148862 -1.04205 -1.74529 -3.51723 -5.45354 -6.55679 -6.46876 -5.73567 -4.90681 -4.03444 -3.16616 -2.33132 -1.48504 -0.61457 0.419239 1.4206 1.72403
97.38 3.50722 4.5392 4.20609 4.00349 3.87587 2.60579 0.184349 -1.03483 -1.65642 -3.27357 -5.22651 -6.50826 -6.52072 -5.79646 -4.97268 -4.10357 -3.23759 -2.40676 -1.57907 -0.741469 0.279158 1.31178 1.64915
97.42 3.60404 4.65578 4.32229 4.11724 3.98489 2.68895 0.221752 -1.02304 -1.56846 -3.04397 -5.00646 -6.44887 -6.56133 -5.85179 -5.03651 -4.17199 -3.30844 -2.48083 -1.6699 -0.863777 0.141681 1.20215 1.57332
97.46 3.69819 4.76852 4.43471 4.22735 4.09064 2.77065 0.261196 -1.00661 -1.48268 -2.83063 -4.79471 -6.37964 -6.5908 -5.9009 -5.0975 -4.23914 -3.37847 -2.55369 -1.75794 -0.981187 0.00776967 1.0919 1.49635
97.5 3.78952 4.87737 4.54331 4.33384 4.19315 2.85091 0.302556 -0.985879 -1.40016 -2.63457 -4.59126 -6.30159 -6.6102 -5.94364 -5.15491 -4.30447 -3.44751 -2.62542 -1.84344 -1.09345 -0.121913 0.980917 1.41783
97.54 3.878 4.98237 4.64817 4.43676 4.29248 2.92969 0.345555 -0.961436 -1.32174 -2.45584 -4.39517 -6.21561 -6.62108 -5.98019 -5.20849 -4.36764 -3.51526 -2.69598 -1.92651 -1.20036 -0.246948 0.868781 1.33719
97.58 3.96362 5.08362 4.74937 4.53624 4.38871 3.00691 0.389828 -0.934007 -1.24808 -2.29379 -4.20488 -6.12242 -6.62524 -6.01112 -5.25813 -4.42837 -3.58152 -2.7653 -2.00718 -1.30169 -0.367109 0.754866 1.25362
97.62 4.04646 5.18133 4.84719 4.63254 4.48206 3.08263 0.435019 -0.904539 -1.18018 -2.14857 -4.02137 -6.01742 -6.62048 -6.0413 -5.30568 -4.48695 -3.64627 -2.83371 -2.08455 -1.3967 -0.483034 0.638123 1.16602
97.66 4.12677 5.27596 4.94218 4.72632 4.57315 3.15722 0.480874 -0.87435 -1.12 -2.02223 -3.84957 -5.88589 -6.59771 -6.08226 -5.35664 -4.54519 -3.70961 -2.90079 -2.15804 -1.4853 -0.595259 0.517496 1.07308
97.7 4.20466 5.36773 5.03455 4.81768 4.66199 3.23053 0.527026 -0.843811 -1.06678 -1.91145 -3.68376 -5.73363 -6.56199 -6.1292 -5.40968 -4.6033 -3.77184 -2.96633 -2.22805 -1.56771 -0.703155 0.393107 0.974159
97.74 4.28029 5.45686 5.12446 4.90674 4.74861 3.30247 0.573229 -0.813167 -1.01977 -1.81357 -3.52103 -5.56443 -6.51574 -6.17952 -5.46414 -4.66142 -3.83325 -3.03042 -2.29496 -1.64434 -0.806521 0.265439 0.868818
97.78 4.35381 5.54359 5.21205 4.99357 4.83303 3.37298 0.619316 -0.782512 -0.97808 -1.7263 -3.35976 -5.38157 -6.4607 -6.23111 -5.51932 -4.71961 -3.89406 -3.09319 -2.35915 -1.71582 -0.905303 0.135416 0.756937
97.82 4.42535 5.62812 5.29745 5.07821 4.91527 3.44202 0.665209 -0.751776 -0.940697 -1.64753 -3.19927 -5.18841 -6.39835 -6.28196 -5.57437 -4.77769 -3.95438 -3.15488 -2.42113 -1.78277 -0.99942 0.00425201 0.638661
97.86 4.49509 5.71068 5.38076 5.16071 4.99534 3.50959 0.710899 -0.720767 -0.90653 -1.57547 -3.0396 -4.98838 -6.32998 -6.33019 -5.6283 -4.83533 -4.01431 -3.21591 -2.48193 -1.84504 -1.08808 -0.127198 0.514125
97.9 4.55958 5.78942 5.46344 5.24183 5.07362 3.57585 0.756461 -0.689255 -0.874565 -1.50867 -2.8814 -4.7849 -6.25679 -6.3742 -5.68017 -4.89215 -4.0738 -3.27633 -2.54154 -1.90372 -1.17183 -0.257164 0.384147
97.94 4.61613 5.86123 5.54621 5.3221 5.15052 3.64112 0.802159 -0.656839 -0.843771 -1.44596 -2.72562 -4.58115 -6.17988 -6.41273 -5.7291 -4.94766 -4.13265 -3.3361 -2.60007 -1.95984 -1.25116 -0.384126 0.249795
97.98 4.66706 5.92719 5.62794 5.40103 5.22596 3.70555 0.848297 -0.622993 -0.813079 -1.3863 -2.57324 -4.37986 -6.10017 -6.44483 -5.77433 -5.0014 -4.19067 -3.39523 -2.65774 -2.01423 -1.32659 -0.507006 0.112325
98.02 4.7138 5.98874 5.70826 5.47848 5.3 3.76931 0.895128 -0.587284 -0.781623 -1.32895 -2.42529 -4.18333 -6.01847 -6.46988 -5.8152 -5.05288 -4.24763 -3.45372 -2.71475 -2.06753 -1.39869 -0.625137 -0.0268184
98.06 4.75747 6.04705 5.7871 5.55458 5.37281 3.83264 0.942919 -0.549329 -0.748711 -1.27338 -2.2827 -3.99337 -5.9355 -6.48756 -5.85123 -5.1017 -4.30328 -3.51153 -2.77128 -2.12028 -1.4681 -0.738235 -0.166096
98.1 4.79987 6.09869 5.86156 5.63131 5.44568 3.89636 0.992172 -0.508796 -0.713935 -1.21945 -2.14644 -3.81154 -5.85203 -6.49789 -5.88207 -5.1474 -4.35732 -3.56855 -2.82742 -2.17286 -1.53542 -0.846302 -0.303981
98.14 4.84207 6.14463 5.9308 5.70861 5.51881 3.96082 1.0433 -0.465253 -0.676791 -1.16688 -2.01713 -3.63876 -5.76858 -6.50104 -5.90754 -5.1897 -4.4095 -3.62468 -2.88326 -2.22557 -1.60124 -0.949592 -0.439126
98.18 4.88431 6.18716 5.99615 5.78591 5.59204 4.02614 1.09656 -0.418344 -0.636842 -1.11545 -1.89512 -3.47553 -5.68552 -6.49731 -5.92759 -5.22841 -4.45966 -3.67989 -2.93889 -2.27867 -1.66611 -1.04852 -0.570462
98.22 4.92674 6.22794 6.05889 5.86313 5.66543 4.0925 1.15221 -0.367775 -0.593783 -1.06502 -1.78063 -3.32201 -5.6031 -6.48711 -5.94229 -5.2634 -4.50766 -3.73413 -2.9944 -2.33234 -1.7305 -1.14357 -0.697224
98.26 4.96948 6.26819 6.12011 5.94038 5.73915 4.16015 1.21054 -0.313285 -0.547391 -1.01554 -1.67379 -3.17808 -5.52147 -6.4709 -5.95175 -5.29459 -4.55338 -3.78735 -3.04983 -2.38671 -1.79474 -1.23523 -0.818948
98.3 5.01313 6.3093 6.1787 6.01653 5.8142 4.2298 1.27208 -0.254542 -0.497548 -0.967076 -1.57473 -3.04352 -5.44081 -6.44931 -5.95619 -5.32192 -4.59669 -3.83945 -3.10517 -2.44182 -1.85907 -1.32395 -0.935427
98.34 5.05865 6.3528 6.23259 6.08911 5.89178 4.3024 1.3376 -0.191109 -0.444141 -0.919761 -1.48357 -2.91798 -5.36132 -6.42312 -5.95588 -5.34533 -4.6374 -3.89032 -3.16057 -2.49821 -1.92269 -1.40928 -1.04734
98.38 5.10597 6.399 6.28401 6.15909 5.97114 4.37765 1.40718 -0.122749 -0.386955 -0.873463 -1.40007 -2.80053 -5.28271 -6.39297 -5.95121 -5.36499 -4.67554 -3.94 -3.21602 -2.55572 -1.98579 -1.4917 -1.15474
98.42 5.15497 6.44802 6.33445 6.22757 6.05181 4.45537 1.4809 -0.0492866 -0.325871 -0.828118 -1.32399 -2.69009 -5.20458 -6.35954 -5.94261 -5.38108 -4.71118 -3.98843 -3.27139 -2.61406 -2.04878 -1.57183 -1.25761
98.46 5.20563 6.49992 6.38497 6.29536 6.13351 4.53547 1.55889 0.0294085 -0.260843 -0.783712 -1.25512 -2.58539 -5.12641 -6.32358 -5.93056 -5.39383 -4.74433 -4.03557 -3.32658 -2.67305 -2.11189 -1.65011 -1.35615
98.5 5.25785 6.55473 6.43631 6.36307 6.21603 4.61787 1.64126 0.113421 -0.191882 -0.740252 -1.19324 -2.48502 -5.04758 -6.28587 -5.91556 -5.40346 -4.77512 -4.08131 -3.38148 -2.73256 -2.17524 -1.72689 -1.45066
98.54 5.31165 6.61263 6.48932 6.43125 6.29951 4.70314 1.72864 0.20289 -0.119753 -0.69952 -1.1413 -2.39332 -4.9529 -6.2375 -5.90883 -5.41494 -4.80451 -4.12545 -3.43554 -2.79227 -2.23897 -1.80271 -1.54184
98.58 5.36754 6.67442 6.5454 6.49741 6.38172 4.79284 1.82237 0.298311 -0.0449383 -0.662613 -1.10074 -2.31136 -4.83412 -6.17365 -5.915 -5.43129 -4.83421 -4.16813 -3.48839 -2.85164 -2.30281 -1.87768 -1.6301
98.62 5.42546 6.74004 6.6048 6.56239 6.46227 4.88637 1.9222 0.399606 0.0327772 -0.628638 -1.06961 -2.23485 -4.696 -6.09769 -5.92946 -5.45134 -4.86449 -4.20996 -3.54027 -2.9106 -2.36666 -1.95133 -1.71526
98.66 5.48512 6.80914 6.66736 6.62746 6.54178 4.98282 2.02759 0.506468 0.113422 -0.596974 -1.04654 -2.16151 -4.54163 -6.01013 -5.9486 -5.47534 -4.89603 -4.2515 -3.59146 -2.96926 -2.43076 -2.02293 -1.79681
98.7 5.54626 6.88141 6.73295 6.6935 6.62089 5.08179 2.13843 0.61885 0.197007 -0.567415 -1.0313 -2.09233 -4.3803 -5.90118 -5.96055 -5.51137 -4.93305 -4.29427 -3.64204 -3.0271 -2.49437 -2.09269 -1.87532
98.74 5.60855 6.95656 6.80135 6.76097 6.6998 5.1827 2.25424 0.736308 0.283436 -0.539271 -1.02224 -2.02558 -4.21203 -5.77428 -5.96564 -5.55547 -4.97468 -4.3388 -3.69266 -3.0843 -2.55721 -2.16064 -1.9509
98.78 5.6718 7.03427 6.87227 6.83002 6.77845 5.28486 2.37439 0.858309 0.372696 -0.511605 -1.01741 -1.95982 -4.03821 -5.63415 -5.9638 -5.60361 -5.01956 -4.38516 -3.74377 -3.14117 -2.61928 -2.2269 -2.02356
98.82 5.73576 7.11417 6.94539 6.90062 6.85665 5.3876 2.49815 0.984253 0.46474 -0.483517 -1.01502 -1.89435 -3.86132 -5.48456 -5.9544 -5.65272 -5.06637 -4.43309 -3.79565 -3.19804 -2.68087 -2.2921 -2.09243
98.86 5.80016 7.19595 7.02042 6.97267 6.93416 5.49024 2.62478 1.11349 0.559469 -0.454186 -1.01347 -1.82889 -3.68397 -5.32873 -5.937 -5.70029 -5.11385 -4.48232 -3.84842 -3.25512 -2.74206 -2.3562 -2.15788
98.9 5.86479 7.27931 7.09706 7.04603 7.0107 5.59213 2.75347 1.24529 0.656688 -0.422937 -1.01141 -1.76346 -3.50859 -5.16932 -5.91145 -5.74443 -5.16085 -4.53232 -3.90203 -3.31252 -2.80293 -2.41918 -2.22043
98.94 5.9294 7.36397 7.17507 7.12058 7.08602 5.69263 2.88339 1.3789 0.756099 -0.389271 -1.00778 -1.6982 -3.33721 -5.00842 -5.87785 -5.78389 -5.20636 -4.58253 -3.95627 -3.37028 -2.86352 -2.48107 -2.28045
98.98 5.99379 7.4497 7.25426 7.1962 7.15992 5.79114 3.01372 1.51356 0.857301 -0.352872 -1.0018 -1.63337 -3.17142 -4.84752 -5.83655 -5.81798 -5.2496 -4.63236 -4.01086 -3.42829 -2.92385 -2.54195 -2.33824
99.02 6.05774 7.53628 7.33446 7.27284 7.23222 5.88709 3.14369 1.64849 0.959815 -0.313582 -0.992895 -1.5692 -3.01235 -4.68759 -5.788 -5.84648 -5.29001 -4.68145 -4.06546 -3.48629 -2.98387 -2.60186 -2.39409
99.06 6.12106 7.62354 7.41558 7.35046 7.30277 5.97993 3.27252 1.78296 1.06308 -0.271388 -0.980696 -1.5059 -2.86069 -4.5292 -5.73286 -5.86971 -5.32735 -4.72885 -4.11954 -3.54438 -3.04363 -2.66089 -2.4482
99.1 6.18353 7.71137 7.49751 7.42906 7.37147 6.06913 3.39955 1.91634 1.16653 -0.226351 -0.964928 -1.44362 -2.71678 -4.37255 -5.67173 -5.88806 -5.36133 -4.77451 -4.17292 -3.60204 -3.10292 -2.71904 -2.50077
99.14 6.24497 7.79953 7.58028 7.50867 7.4382 6.15418 3.5242 2.04805 1.26958 -0.178584 -0.945368 -1.38239 -2.58065 -4.21763 -5.60528 -5.90221 -5.39205 -4.81808 -4.22514 -3.65906 -3.16164 -2.77631 -2.55196
99.18 6.30521 7.88808 7.66385 7.58898 7.50271 6.23479 3.64615 2.17773 1.37168 -0.128225 -0.921898 -1.32245 -2.45279 -4.06578 -5.53178 -5.91097 -5.42171 -4.86019 -4.27602 -3.71503 -3.21948 -2.83262 -2.60188
99.22 6.36474 7.97775 7.74925 7.66512 7.56173 6.31302 3.7672 2.30613 1.47231 -0.0757904 -0.895074 -1.26513 -2.33557 -3.9218 -5.44279 -5.90832 -5.45749 -4.90384 -4.32603 -3.76938 -3.27572 -2.88749 -2.65043
99.26 6.42358 8.06879 7.83703 7.73703 7.61363 6.38837 3.88728 2.43323 1.57111 -0.0212571 -0.864459 -1.20989 -2.22782 -3.78327 -5.34184 -5.89732 -5.49671 -4.94821 -4.37518 -3.82221 -3.33031 -2.94078 -2.69748
99.3 6.48147 8.16104 7.92721 7.80562 7.65844 6.45965 4.00579 2.55874 1.66776 0.0356654 -0.829295 -1.15592 -2.12852 -3.64906 -5.23156 -5.87971 -5.53797 -4.99283 -4.42346 -3.87361 -3.38328 -2.99245 -2.74299
99.34 6.53817 8.25433 8.01948 7.87122 7.69626 6.5261 4.12238 2.68232 1.7619 0.0953538 -0.788695 -1.10236 -2.03683 -3.51871 -5.11398 -5.8568 -5.58037 -5.03736 -4.4708 -3.92362 -3.43467 -3.04251 -2.78697
99.38 6.59483 8.34978 8.10561 7.92966 7.73082 6.58942 4.23816 2.80364 1.85247 0.157747 -0.74209 -1.04865 -1.95233 -3.39239 -4.99122 -5.8299 -5.62322 -5.08137 -4.51703 -3.97215 -3.48442 -3.0909 -2.82939
99.42 6.65218 8.44848 8.18459 7.97755 7.76188 6.64934 4.35346 2.92288 1.93943 0.223395 -0.688468 -0.993856 -1.87442 -3.27039 -4.86518 -5.8002 -5.66601 -5.12456 -4.56196 -4.01914 -3.53252 -3.13763 -2.87024
99.46 6.71005 8.54771 8.25723 8.01621 7.78805 6.7048 4.46794 3.03993 2.02285 0.293096 -0.626632 -0.936873 -1.80241 -3.15301 -4.73763 -5.76875 -5.70838 -5.16666 -4.60548 -4.06455 -3.57896 -3.18273 -2.90958
99.5 6.77025 8.63564 8.31727 8.05128 7.81074 6.75616 4.58169 3.15412 2.10213 0.367149 -0.555854 -0.87693 -1.73584 -3.04078 -4.61029 -5.73657 -5.75004 -5.20744 -4.6474 -4.10826 -3.62371 -3.22617 -2.94742
99.54 6.83102 8.71318 8.36365 8.0811 7.82812 6.8025 4.69483 3.26605 2.17787 0.446193 -0.475416 -0.813232 -1.67409 -2.93407 -4.48461 -5.70453 -5.79086 -5.24675 -4.68763 -4.15025 -3.66676 -3.26799 -2.9838
99.58 6.87707 8.77301 8.40283 8.1064 7.83931 6.84285 4.80681 3.37553 2.25024 0.530474 -0.385131 -0.745306 -1.61657 -2.83314 -4.36179 -5.67335 -5.83078 -5.28455 -4.72612 -4.19045 -3.70807 -3.30818 -3.01876
99.62 6.90943 8.81049 8.43192 8.12475 7.84274 6.87673 4.91853 3.48413 2.3204 0.620168 -0.285267 -0.672963 -1.5626 -2.73798 -4.24267 -5.64355 -5.86983 -5.32087 -4.76287 -4.22887 -3.74766 -3.34677 -3.05233
99.66 6.92901 8.82578 8.44863 8.13388 7.83664 6.90327 5.03041 3.59331 2.3896 0.715222 -0.176607 -0.596348 -1.51153 -2.64839 -4.12781 -5.6155 -5.90808 -5.35583 -4.79798 -4.26555 -3.78557 -3.3838 -3.08457
99.7 6.93589 8.81938 8.4514 8.13192 7.8193 6.92148 5.14277 3.70459 2.45915 0.815311 -0.0604215 -0.515923 -1.46266 -2.56397 -4.0175 -5.5894 -5.94562 -5.38959 -4.83157 -4.30059 -3.82181 -3.41928 -3.11549
99.74 6.92978 8.79142 8.43886 8.11713 7.78907 6.93036 5.25602 3.81961 2.53043 0.919916 0.0616598 -0.432403 -1.41537 -2.48416 -3.91176 -5.56529 -5.98254 -5.42235 -4.86382 -4.33409 -3.85647 -3.45325 -3.14514
99.78 6.91011 8.74164 8.40969 8.0879 7.74437 6.92895 5.37064 3.94018 2.60482 1.02841 0.187817 -0.346662 -1.36907 -2.40835 -3.81045 -5.54304 -6.01888 -5.45431 -4.89495 -4.36621 -3.88963 -3.48575 -3.17352
99.82 6.87611 8.66944 8.36254 8.04269 7.68375 6.9164 5.48725 4.06812 2.68371 1.14018 0.316217 -0.259628 -1.32324 -2.33586 -3.71328 -5.52242 -6.05464 -5.48565 -4.92519 -4.39713 -3.92141 -3.51685 -3.20069
99.86 6.82689 8.574 8.29611 7.98006 7.60586 6.89192 5.60657 4.20528 2.76844 1.25471 0.445177 -0.172185 -1.27744 -2.26609 -3.61987 -5.50308 -6.08972 -5.51653 -4.95476 -4.42708 -3.95198 -3.54667 -3.2267
99.9 6.76147 8.45442 8.20916 7.89874 7.50961 6.85505 5.72904 4.35286 2.86034 1.37187 0.573385 -0.0850552 -1.23129 -2.19845 -3.52981 -5.48459 -6.12399 -5.54706 -4.98391 -4.45632 -3.98153 -3.57533 -3.25166
99.94 6.67887 8.30984 8.10052 7.79754 7.39401 6.80517 5.85539 4.51262 2.96066 1.49153 0.699813 0.00122247 -1.18443 -2.13238 -3.44258 -5.46642 -6.15724 -5.5773 -5.01287 -4.48512 -4.01033 -3.60304 -3.27569
99.98 6.57815 8.13947 7.96918 7.67543 7.25819 6.74167 5.98641 4.68628 3.07064 1.61377 0.823862 0.0863753 -1.13646 -2.0673 -3.35753 -5.44786 -6.18915 -5.60729 -5.04187 -4.51379 -4.03868 -3.63005 -3.299
100.02 6.45843 7.9428 7.81433 7.53159 7.10157 6.66412 6.12263 4.87513 3.19145 1.73905 0.945478 0.170462 -1.08694 -2.0026 -3.27388 -5.42812 -6.21934 -5.63697 -5.07114 -4.5427 -4.06697 -3.65671 -3.32189
100.06 6.319 7.71959 7.6354 7.36542 6.92382 6.57216 6.26419 5.07996 3.32418 1.86818 1.06517 0.253905 -1.03534 -1.9376 -3.19072 -5.40623 -6.24736 -5.66628 -5.1009 -4.57224 -4.09564 -3.68343 -3.34468
100.1 6.15935 7.47004 7.43213 7.17658 6.72491 6.46551 6.41071 5.30101 3.46977 2.00227 1.18402 0.337505 -0.98098 -1.8715 -3.10691 -5.3811 -6.27271 -5.69509 -5.13137 -4.60283 -4.12518 -3.71068 -3.3678
100.14 5.97921 7.19481 7.20457 6.96502 6.50507 6.34394 6.56117 5.53775 3.62896 2.1427 1.30361 0.422428 -0.923048 -1.80333 -3.02108 -5.35149 -6.29485 -5.72324 -5.16272 -4.63489 -4.15612 -3.739 -3.39173
100.18 5.77865 6.89505 6.95313 6.73096 6.26483 6.20725 6.71376 5.78879 3.80216 2.29093 1.42593 0.510147 -0.860539 -1.73194 -2.93166 -5.31608 -6.31323 -5.75051 -5.19511 -4.66882 -4.18899 -3.76895 -3.41698
100.22 5.55815 6.57242 6.67854 6.47489 6.00501 6.05536 6.86585 6.0518 3.98944 2.44852 1.55319 0.602225 -0.79248 -1.65635 -2.83769 -5.27168 -6.32611 -5.77812 -5.22917 -4.70503 -4.2242 -3.80101 -3.44406
100.26 5.31855 6.22904 6.38188 6.19758 5.7267 5.88835 7.01435 6.32417 4.19114 2.61741 1.68762 0.69949 -0.719302 -1.57821 -2.74343 -5.20138 -6.32293 -5.8172 -5.26989 -4.74486 -4.26166 -3.83498 -3.47316
100.3 5.0613 5.86751 6.06461 5.90013 5.43122 5.70643 7.15515 6.60166 4.40616 2.79844 1.83104 0.803569 -0.639292 -1.49499 -2.64502 -5.106 -6.30442 -5.86467 -5.31675 -4.789 -4.30222 -3.87138 -3.50446
100.34 4.78841 5.49089 5.72861 5.58402 5.12028 5.51006 7.28357 6.87914 4.63265 2.99179 1.98465 0.915766 -0.550571 -1.40399 -2.5391 -4.9873 -6.2713 -5.9175 -5.36879 -4.83766 -4.34648 -3.91079 -3.53829
100.38 4.50232 5.10259 5.37625 5.25119 4.79592 5.30006 7.39489 7.151 4.86813 3.19688 2.14874 1.03678 -0.451356 -1.3026 -2.42304 -4.84665 -6.22412 -5.97328 -5.42494 -4.89074 -4.39479 -3.95364 -3.57492
100.42 4.20582 4.70624 5.01032 4.90406 4.46055 5.07767 7.48476 7.41162 5.10968 3.41253 2.32284 1.16678 -0.340125 -1.18877 -2.29614 -4.69013 -6.15742 -6.02404 -5.48935 -4.95004 -4.4476 -3.99982 -3.61418
100.46 3.90182 4.30563 4.63403 4.54552 4.1169 4.84451 7.54958 7.65572 5.35394 3.6367 2.50532 1.3051 -0.21566 -1.06052 -2.15744 -4.52052 -6.06836 -6.06603 -5.56292 -5.01604 -4.50517 -4.04935 -3.65586
100.5 3.59334 3.90452 4.25094 4.1789 3.7681 4.60265 7.58681 7.87839 5.59695 3.86639 2.69367 1.45063 -0.0768551 -0.915582 -2.00496 -4.33774 -5.96097 -6.0996 -5.64153 -5.08706 -4.56709 -4.1024 -3.70008
100.54 3.28333 3.5066 3.86484 3.80785 3.41748 4.3545 7.59511 8.0755 5.83448 4.09812 2.88505 1.60208 0.0768351 -0.752653 -1.83775 -4.14315 -5.83828 -6.12391 -5.72221 -5.16154 -4.63291 -4.15888 -3.74678
100.58 2.97458 3.11529 3.47957 3.43621 3.06846 4.10264 7.57434 8.24377 6.06225 4.32819 3.07668 1.75821 0.245173 -0.571728 -1.65587 -3.93829 -5.70267 -6.1382 -5.80249 -5.23807 -4.7019 -4.21852 -3.79579
100.62 2.66965 2.7337 3.0989 3.06781 2.72441 3.84976 7.52558 8.38094 6.2761 4.5529 3.26619 1.91803 0.427041 -0.374381 -1.46048 -3.72464 -5.55588 -6.1418 -5.88034 -5.31529 -4.77328 -4.28087 -3.84688
100.66 2.37082 2.36453 2.72633 2.70629 2.38849 3.59846 7.45091 8.48578 6.47222 4.76884 3.45182 2.08088 0.620486 -0.163707 -1.25379 -3.50365 -5.39903 -6.13404 -5.95411 -5.392 -4.8462 -4.34541 -3.8997
100.7 2.08006 2.00999 2.36502 2.35512 2.06384 3.35188 7.3528 8.5571 6.64755 4.97391 3.63274 2.24639 0.822926 0.0560863 -1.03887 -3.27688 -5.2327 -6.11418 -6.02245 -5.46716 -4.91992 -4.41166 -3.95389
100.74 1.79899 1.67185 2.01769 2.01726 1.75308 3.11253 7.23415 8.59501 6.80023 5.16632 3.80816 2.41425 1.03157 0.280373 -0.819312 -3.04611 -5.05719 -6.08146 -6.08431 -5.53985 -4.99368 -4.479 -4.00907
100.78 1.52895 1.35133 1.68639 1.69495 1.45804 2.88214 7.09863 8.60132 6.92886 5.34437 3.97751 2.58402 1.24361 0.504757 -0.598835 -2.81346 -4.87268 -6.03523 -6.13898 -5.60931 -5.06674 -4.54687 -4.0648
100.82 1.2709 1.04917 1.37258 1.38985 1.18007 2.66227 6.9496 8.57792 7.03259 5.50763 4.14137 2.75514 1.45622 0.725506 -0.380899 -2.58124 -4.67917 -5.97486 -6.18609 -5.67494 -5.13845 -4.61468 -4.1207
100.86 1.02555 0.765675 1.07719 1.10304 0.920074 2.45403 6.79007 8.52695 7.11147 5.65636 4.30018 2.92685 1.66707 0.939944 -0.168448 -2.35175 -4.47656 -5.89988 -6.2256 -5.73633 -5.20823 -4.68193 -4.1764
100.9 0.793302 0.500759 0.800606 0.835069 0.678426 2.25803 6.6222 8.45033 7.16622 5.7917 4.4551 3.09889 1.8747 1.14619 0.0351622 -2.12925 -4.26972 -5.80108 -6.25048 -5.80075 -5.27864 -4.7486 -4.2312
100.94 0.574316 0.254011 0.542783 0.58599 0.455153 2.07451 6.44733 8.34942 7.19778 5.91539 4.60764 3.271 2.07796 1.34303 0.227358 -1.91666 -4.06001 -5.6707 -6.25753 -5.87315 -5.35158 -4.81492 -4.28469
100.98 0.368576 0.0248425 0.30345 0.355701 0.250221 1.90357 6.26617 8.22487 7.20667 6.02919 4.75931 3.44283 2.27599 1.53019 0.407451 -1.71388 -3.84425 -5.51126 -6.24877 -5.95071 -5.42649 -4.88128 -4.33724
101.02 0.175925 -0.187462 0.0821589 0.143941 0.0635289 1.74506 6.07875 8.07638 7.19282 6.13499 4.91216 3.61452 2.46853 1.70787 0.575379 -1.52026 -3.62059 -5.32447 -6.22479 -6.03161 -5.50314 -4.94795 -4.38931
101.06 -0.00389903 -0.383681 -0.121623 -0.0496104 -0.105032 1.59859 5.8843 7.9029 7.15547 6.23456 5.0686 3.78664 2.65572 1.87657 0.731831 -1.33418 -3.38733 -5.11234 -6.18631 -6.11378 -5.58095 -5.01533 -4.44158
101.1 -0.171231 -0.564613 -0.308491 -0.225358 -0.255671 1.46338 5.68162 7.70295 7.09313 6.32907 5.23105 3.96007 2.83806 2.03705 0.878157 -1.15319 -3.14293 -4.87738 -6.13419 -6.19496 -5.65912 -5.08357 -4.49457
101.14 -0.326443 -0.731059 -0.479091 -0.383823 -0.388802 1.33816 5.46922 7.47516 7.00388 6.41883 5.40144 4.13578 3.01634 2.19025 1.01621 -0.974234 -2.88614 -4.62243 -6.06934 -6.27275 -5.73662 -5.15265 -4.54879
101.18 -0.469935 -0.883819 -0.634148 -0.525728 -0.50522 1.22115 5.24572 7.21888 6.88592 6.50301 5.58058 4.31452 3.19147 2.33727 1.14815 -0.794126 -2.6161 -4.35055 -5.99258 -6.34475 -5.81219 -5.22234 -4.60466
101.22 -0.602134 -1.02372 -0.774509 -0.652075 -0.606216 1.11019 5.01017 6.9347 6.73827 6.57964 5.76755 4.49641 3.36427 2.47931 1.27623 -0.609974 -2.33262 -4.06481 -5.90457 -6.40868 -5.88451 -5.29222 -4.66231
101.26 -0.72353 -1.15163 -0.901185 -0.764191 -0.693609 1.00295 4.76254 6.62479 6.5613 6.64592 5.95954 4.68067 3.53528 2.61759 1.40265 -0.419622 -2.03645 -3.76834 -5.80572 -6.46233 -5.95216 -5.36167 -4.72174
101.3 -0.834691 -1.26852 -1.01536 -0.863684 -0.769627 0.897331 4.50379 6.2929 6.35713 6.69862 6.15204 4.86555 3.7046 2.75333 1.52937 -0.221929 -1.72943 -3.46435 -5.69625 -6.50366 -6.01371 -5.42993 -4.78268
101.34 -0.936315 -1.37549 -1.11839 -0.952393 -0.836757 0.791654 4.23606 5.94419 6.1295 6.73477 6.3395 5.04843 3.87178 2.88756 1.65805 -0.0168292 -1.41447 -3.15618 -5.57632 -6.53087 -6.06775 -5.49605 -4.84463
101.38 -1.02924 -1.47374 -1.21178 -1.03229 -0.897538 0.684801 3.96237 5.58477 5.88344 6.75218 6.51618 5.22615 4.03594 3.02108 1.7899 0.194802 -1.09531 -2.84721 -5.44626 -6.5425 -6.11287 -5.55893 -4.90677
101.42 -1.11446 -1.56464 -1.2972 -1.10541 -0.954403 0.57623 3.68648 5.22151 5.62549 6.74938 6.67564 5.39547 4.19665 3.15467 1.92572 0.411398 -0.776064 -2.54077 -5.30663 -6.53762 -6.14779 -5.61734 -4.96821
101.46 -1.19312 -1.64968 -1.37636 -1.17375 -1.00956 0.465811 3.41225 4.86093 5.36171 6.7261 6.81338 5.55343 4.35285 3.28862 2.06581 0.631058 -0.460798 -2.23989 -5.15839 -6.5159 -6.17145 -5.67002 -5.02787
101.5 -1.26643 -1.73036 -1.45099 -1.2392 -1.06494 0.353672 3.14329 4.5089 5.09779 6.68336 6.92654 5.69768 4.50323 3.42247 2.21004 0.851983 -0.15302 -1.94695 -5.00265 -6.47771 -6.18308 -5.71583 -5.08473
101.54 -1.3357 -1.80826 -1.52285 -1.30356 -1.12223 0.240051 2.88279 4.17051 4.83892 6.62287 7.01309 5.82595 4.64712 3.5565 2.358 1.0722 0.144287 -1.6636 -4.84051 -6.42403 -6.18236 -5.75373 -5.13754
101.58 -1.40224 -1.88494 -1.59361 -1.3685 -1.18282 0.125261 2.63344 3.85002 4.58954 6.54641 7.07167 5.93661 4.78443 3.69113 2.50906 1.28988 0.428804 -1.39048 -4.67274 -6.35636 -6.16936 -5.78304 -5.18548
101.62 -1.46739 -1.9619 -1.66487 -1.43549 -1.24781 0.00964748 2.39738 3.55085 4.35329 6.45562 7.10127 6.02851 4.91566 3.82703 2.66261 1.5035 0.698834 -1.12708 -4.49941 -6.27658 -6.14463 -5.80343 -5.22783
101.66 -1.53242 -2.04059 -1.73817 -1.50593 -1.31824 -0.106646 2.17607 3.2755 4.13284 6.35145 7.1008 6.10104 5.04253 3.9661 2.81848 1.71111 0.950487 -0.877157 -4.30973 -6.17835 -6.11651 -5.81803 -5.26484
101.7 -1.59858 -2.12241 -1.81506 -1.58125 -1.39514 -0.22378 1.97015 3.02547 3.92983 6.23389 7.0688 6.15379 5.16776 4.11128 2.97685 1.91052 1.17904 -0.64529 -4.08509 -6.05118 -6.0974 -5.8322 -5.29763
101.74 -1.66703 -2.20852 -1.89677 -1.66249 -1.47907 -0.341589 1.78032 2.80206 3.74529 6.10266 7.00324 6.18503 5.29302 4.26504 3.13806 2.10144 1.38508 -0.426279 -3.82811 -5.89513 -6.08181 -5.84863 -5.32832
101.78 -1.73861 -2.29992 -1.98436 -1.75049 -1.57045 -0.459999 1.60676 2.60585 3.57924 5.95677 6.90198 6.1925 5.41991 4.43072 3.30355 2.28435 1.56881 -0.219195 -3.54716 -5.697 -6.05591 -5.8791 -5.36291
101.82 -1.81422 -2.39729 -2.07852 -1.84571 -1.66926 -0.578716 1.4495 2.43686 3.4308 5.79542 6.7636 6.17328 5.54823 4.6101 3.47393 2.4601 1.73308 -0.0196924 -3.24229 -5.45921 -6.01804 -5.92043 -5.40204
101.86 -1.89424 -2.50094 -2.17953 -1.94816 -1.77514 -0.697318 1.30828 2.29432 3.29815 5.61813 6.58804 6.12455 5.67606 4.80343 3.64982 2.63053 1.88241 0.175758 -2.91765 -5.18777 -5.96392 -5.96695 -5.44551
101.9 -1.97885 -2.61081 -2.28728 -2.05749 -1.88743 -0.815376 1.18235 2.17641 3.17867 5.42504 6.37708 6.04466 5.80008 5.00901 3.83133 2.79788 2.0218 0.369247 -2.57948 -4.88885 -5.88922 -6.01269 -5.49211
101.94 -2.06793 -2.72655 -2.40128 -2.17302 -2.00525 -0.932528 1.07044 2.08036 3.06927 5.2171 6.13436 5.93374 5.91607 5.22307 4.01781 2.96414 2.15576 0.561584 -2.23451 -4.56805 -5.79056 -6.05217 -5.53985
101.98 -2.1612 -2.84748 -2.52076 -2.29384 -2.12763 -1.04853 0.970874 2.00265 2.96688 4.99615 5.86516 5.79395 6.01965 5.4403 4.20765 3.13057 2.2877 0.752582 -1.88888 -4.22992 -5.66573 -6.08104 -5.58638
102.02 -2.25808 -2.97274 -2.64476 -2.4189 -2.25356 -1.16326 0.881678 1.93943 2.86878 4.76485 5.57577 5.62918 6.10698 5.65459 4.39849 3.29754 2.4197 0.941399 -1.54768 -3.87779 -5.51367 -6.09639 -5.62933
102.06 -2.35793 -3.10136 -2.77228 -2.5472 -2.38214 -1.27678 0.800677 1.88675 2.77274 4.52629 5.27286 5.44436 6.17525 5.86018 4.58789 3.46507 2.55288 1.12632 -1.2167 -3.52011 -5.32603 -6.08845 -5.67453
102.1 -2.46006 -3.2324 -2.90231 -2.67776 -2.51259 -1.38927 0.725753 1.841 2.67715 4.28384 4.96305 5.24509 6.22278 6.05168 4.77306 3.63238 2.68716 1.30566 -0.899708 -3.16064 -5.09725 -6.05394 -5.72479
102.14 -2.56378 -3.3649 -3.03391 -2.80969 -2.64415 -1.50083 0.655098 1.79923 2.5812 4.04103 4.6527 5.03727 6.24862 6.22375 4.95101 3.79844 2.82215 1.4786 -0.597945 -2.79949 -4.83172 -5.99327 -5.77543
102.18 -2.66848 -3.49798 -3.16621 -2.94216 -2.77613 -1.61151 0.587238 1.75917 2.48455 3.80105 4.34704 4.82572 6.25314 6.37328 5.11893 3.96151 2.95708 1.64472 -0.311959 -2.43799 -4.53478 -5.90654 -5.82204
102.22 -2.77357 -3.63092 -3.2984 -3.07447 -2.90791 -1.72131 0.52105 1.71918 2.38734 3.56672 4.05046 4.61476 6.23751 6.49804 5.27427 4.12004 3.09129 1.80408 -0.0415708 -2.07792 -4.21283 -5.795 -5.86011
102.26 -2.87855 -3.76299 -3.42985 -3.20598 -3.03895 -1.83016 0.45575 1.67824 2.28999 3.34045 3.76655 4.40811 6.20326 6.5965 5.41486 4.27282 3.22437 1.95724 0.21395 -1.72142 -3.87308 -5.66091 -5.88545
102.3 -2.98298 -3.89365 -3.56 -3.33617 -3.16875 -1.93792 0.390822 1.63578 2.19317 3.12427 3.49814 4.20889 6.15205 6.66767 5.539 4.41913 3.35627 2.10512 0.455714 -1.37091 -3.52298 -5.5073 -5.89459
102.34 -3.08652 -4.02242 -3.68839 -3.46463 -3.2969 -2.04448 0.325967 1.59162 2.09766 2.91988 3.24754 4.01965 6.08539 6.71079 5.64546 4.55876 3.48722 2.24895 0.68518 -1.02881 -3.1696 -5.33759 -5.88501
102.38 -3.18885 -4.14897 -3.81471 -3.59105 -3.42315 -2.14973 0.260981 1.54578 2.00432 2.72871 3.0166 3.84252 6.00446 6.72493 5.73287 4.69233 3.61861 2.39015 0.903679 -0.697468 -2.81924 -5.15519 -5.85523
102.42 -3.28976 -4.27305 -3.93876 -3.71529 -3.54731 -2.25366 0.195729 1.49846 1.91399 2.55192 2.80686 3.67909 5.91001 6.70897 5.79995 4.821 3.75239 2.53032 1.11262 -0.378863 -2.47707 -4.96322 -5.80463
102.46 -3.38906 -4.3945 -4.06043 -3.83731 -3.66936 -2.35631 0.130106 1.44991 1.82751 2.39047 2.61948 3.53046 5.80238 6.66174 5.84533 4.94613 3.89088 2.67119 1.31347 -0.0745066 -2.14703 -4.76424 -5.73327
102.5 -3.48663 -4.51326 -4.17976 -3.95714 -3.78935 -2.45777 0.0640198 1.40044 1.7456 2.24502 2.4552 3.39697 5.68169 6.58234 5.86752 5.06886 4.03652 2.81448 1.50765 0.214598 -1.83183 -4.56015 -5.64159
102.54 -3.58241 -4.62933 -4.2968 -4.07492 -3.90738 -2.55816 -0.00259539 1.35038 1.66885 2.11584 2.31411 3.27817 5.54807 6.47065 5.86508 5.1897 4.19135 2.96176 1.69654 0.487949 -1.53304 -4.35214 -5.53029
102.58 -3.67634 -4.74276 -4.41166 -4.19078 -4.02354 -2.65756 -0.0697613 1.3 1.59763 2.00275 2.19557 3.17279 5.40177 6.32773 5.83708 5.30822 4.3564 3.11416 1.88135 0.745459 -1.25126 -4.14083 -5.40022
102.62 -3.76842 -4.85359 -4.52441 -4.3048 -4.13787 -2.75597 -0.137424 1.2496 1.53209 1.90502 2.09802 3.07886 5.24351 6.15605 5.78347 5.42307 4.5313 3.27214 2.06299 0.98739 -0.986132 -3.92646 -5.25266
102.66 -3.85861 -4.96187 -4.63508 -4.41694 -4.25028 -2.85329 -0.205453 1.19941 1.47209 1.82142 2.01917 2.99406 5.0745 5.95939 5.70542 5.53219 4.71414 3.43533 2.24203 1.21426 -0.736432 -3.70905 -5.08959
102.7 -3.94691 -5.06759 -4.7436 -4.5271 -4.36058 -2.9493 -0.273657 1.14961 1.4173 1.75033 1.95611 2.91598 4.89653 5.74257 5.60532 5.63318 4.90171 3.60255 2.41854 1.42673 -0.499972 -3.48853 -4.9141
102.74 -4.03327 -5.17073 -4.84986 -4.63505 -4.4685 -3.04377 -0.341888 1.10023 1.36712 1.68979 1.90567 2.8424 4.7118 5.51093 5.48653 5.7239 5.09029 3.77218 2.59206 1.62436 -0.276547 -3.26008 -4.72637
102.78 -4.11764 -5.27125 -4.95371 -4.74058 -4.57377 -3.13651 -0.410139 1.05112 1.32076 1.63774 1.86462 2.77145 4.5227 5.26994 5.35316 5.8027 5.2759 3.94222 2.76145 1.80575 -0.0668927 -3.01343 -4.5251
102.82 -4.19995 -5.36908 -5.05496 -4.84342 -4.67608 -3.22733 -0.478436 1.00209 1.27744 1.59224 1.83007 2.70175 4.33184 5.02487 5.20956 5.86811 5.45412 4.11032 2.92582 1.97104 0.132484 -2.74973 -4.30834
102.86 -4.28016 -5.46418 -5.15344 -4.94329 -4.77516 -3.31613 -0.546948 0.952811 1.23638 1.55156 1.79962 2.63243 4.14164 4.78025 5.05955 5.91949 5.62165 4.27399 3.08367 2.12003 0.324305 -2.46741 -4.07315
102.9 -4.3582 -5.55652 -5.24897 -5.03997 -4.87076 -3.40285 -0.615942 0.902941 1.19694 1.51434 1.77139 2.56302 3.95424 4.53983 4.90652 5.95669 5.77565 4.43085 3.23386 2.25366 0.511187 -2.16591 -3.82125
102.94 -4.43405 -5.6461 -5.34142 -5.13324 -4.96264 -3.48752 -0.685774 0.852113 1.15863 1.47953 1.74409 2.49343 3.77147 4.30659 4.75331 5.97984 5.91382 4.57898 3.37602 2.37422 0.69474 -1.84849 -3.55461
102.98 -4.50769 -5.73296 -5.43069 -5.2229 -5.05065 -3.57023 -0.756881 0.799958 1.12111 1.44647 1.71689 2.42381 3.59482 4.08275 4.60218 5.9893 6.03446 4.71697 3.51061 2.48506 0.875463 -1.52163 -3.2763
103.02 -4.57872 -5.81701 -5.51691 -5.30896 -5.13471 -3.65115 -0.829793 0.746097 1.08416 1.41476 1.6894 2.35452 3.4254 3.86988 4.45488 5.98553 6.13641 4.84405 3.63875 2.58984 1.05275 -1.1938 -2.98965
103.06 -4.64155 -5.89486 -5.60221 -5.3925 -5.21533 -3.73078 -0.905124 0.690225 1.04777 1.38431 1.66158 2.28605 3.26412 3.66911 4.31276 5.96906 6.21895 4.95988 3.76189 2.69184 1.22509 -0.873408 -2.69561
103.1 -4.69695 -5.96522 -5.68576 -5.47329 -5.29262 -3.80964 -0.983749 0.631707 1.0117 1.35497 1.63344 2.21884 3.11155 3.48114 4.17682 5.94037 6.2816 5.06447 3.88163 2.7937 1.39065 -0.567551 -2.39369
103.14 -4.74667 -6.02935 -5.76676 -5.55106 -5.36667 -3.88822 -1.06645 0.569945 0.975648 1.3266 1.60507 2.15334 2.9681 3.30643 4.0478 5.89987 6.32398 5.15784 3.99943 2.89734 1.54781 -0.280954 -2.08283
103.18 -4.79194 -6.08866 -5.84511 -5.6259 -5.43775 -3.96703 -1.15385 0.504467 0.939386 1.29913 1.57667 2.08995 2.83408 3.14528 3.92623 5.84786 6.34562 5.2398 4.11642 3.00416 1.696 -0.0155047 -1.76316
103.22 -4.83394 -6.14305 -5.92027 -5.69873 -5.50665 -4.04677 -1.24644 0.434972 0.902731 1.27256 1.54853 2.02916 2.70976 2.99794 3.81249 5.78455 6.34595 5.30976 4.23338 3.11537 1.83608 0.229494 -1.43699
103.26 -4.87449 -6.18938 -5.98927 -5.77166 -5.57494 -4.12849 -1.34466 0.361284 0.865565 1.24702 1.52108 1.97154 2.59542 2.8646 3.70676 5.71018 6.32445 5.36686 4.35066 3.23206 1.97015 0.456489 -1.10871
103.3 -4.9143 -6.23043 -6.05286 -5.84419 -5.64278 -4.21247 -1.44847 0.283279 0.827497 1.22232 1.4945 1.9174 2.4911 2.74515 3.60892 5.62497 6.28084 5.41006 4.46842 3.35551 2.10118 0.668805 -0.783549
103.34 -4.95368 -6.26839 -6.11265 -5.91633 -5.71058 -4.29896 -1.55753 0.201058 0.788179 1.19826 1.46898 1.86698 2.3967 2.63923 3.51849 5.52926 6.21532 5.43836 4.58645 3.48677 2.23217 0.869824 -0.466514
103.38 -4.99289 -6.30492 -6.17015 -5.98849 -5.77894 -4.38817 -1.67133 0.114866 0.747278 1.17468 1.44463 1.82039 2.3119 2.54618 3.43475 5.42362 6.12869 5.45098 4.70412 3.62637 2.36566 1.06255 -0.161611
103.42 -5.0323 -6.34146 -6.22644 -6.06115 -5.84867 -4.48034 -1.78925 0.0250196 0.704469 1.15138 1.42159 1.77767 2.2362 2.46504 3.35678 5.30886 6.02248 5.44756 4.82029 3.77411 2.50337 1.24941 0.128482
103.46 -5.07311 -6.37996 -6.27847 -6.13202 -5.92217 -4.57668 -1.91119 -0.0683138 0.659511 1.12836 1.40013 1.7389 2.16909 2.39473 3.28366 5.18616 5.89888 5.4282 4.93341 3.92889 2.64606 1.43206 0.402303
103.5 -5.11588 -6.42156 -6.32767 -6.20094 -5.99959 -4.67705 -2.03647 -0.164932 0.611924 1.10533 1.38024 1.70387 2.10976 2.33383 3.21434 5.05681 5.76055 5.39362 5.04175 4.08894 2.79383 1.6118 0.659623
103.54 -5.16072 -6.46675 -6.37625 -6.2693 -6.08053 -4.7809 -2.16417 -0.26456 0.56121 1.08195 1.3618 1.6722 2.05721 2.28082 3.14782 4.92221 5.61036 5.34499 5.14358 4.25211 2.94616 1.78947 0.90108
103.58 -5.20774 -6.51586 -6.42571 -6.33824 -6.16478 -4.88772 -2.29343 -0.366977 0.506878 1.05789 1.3447 1.64352 2.01045 2.23418 3.08322 4.78382 5.45125 5.28378 5.23735 4.41598 3.10205 1.96546 1.12782
103.62 -5.25704 -6.5691 -6.47709 -6.4086 -6.25215 -4.99703 -2.42353 -0.472052 0.448404 1.03286 1.32886 1.61745 1.96855 2.19249 3.01985 4.64306 5.28603 5.21172 5.32172 4.57807 3.2602 2.1399 1.34125
103.66 -5.30869 -6.62662 -6.53112 -6.48091 -6.34237 -5.10832 -2.55382 -0.579762 0.38521 1.00653 1.31417 1.59361 1.93063 2.15451 2.95721 4.50127 5.11726 5.13058 5.3957 4.73599 3.41913 2.31266 1.54288
103.7 -5.36316 -6.68894 -6.58875 -6.55275 -6.43334 -5.22214 -2.68455 -0.690507 0.316678 0.978654 1.30069 1.57185 1.89611 2.11937 2.89508 4.35975 4.94725 5.04217 5.45859 4.8875 3.57722 2.48336 1.73404
103.74 -5.42065 -6.75629 -6.6506 -6.62343 -6.52323 -5.33816 -2.8155 -0.804622 0.242079 0.948807 1.28831 1.55195 1.86443 2.08632 2.83336 4.21961 4.77793 4.94819 5.51008 5.03076 3.73297 2.65156 1.91597
103.78 -5.4809 -6.82834 -6.71657 -6.69454 -6.6125 -5.45492 -2.94572 -0.922058 0.160732 0.91638 1.27669 1.53354 1.83502 2.05469 2.77196 4.08167 4.61076 4.85013 5.55018 5.16437 3.88509 2.81689 2.08984
103.82 -5.54363 -6.90473 -6.78643 -6.76693 -6.70145 -5.5713 -3.07443 -1.04273 0.0720925 0.88075 1.26546 1.51634 1.80746 2.02404 2.7109 3.9466 4.44692 4.74931 5.57911 5.28725 4.03243 2.97893 2.25664
103.86 -5.60854 -6.98505 -6.85989 -6.84107 -6.79024 -5.68644 -3.201 -1.16646 -0.0242105 0.841238 1.25414 1.50007 1.78144 1.99409 2.65031 3.81495 4.2873 4.64686 5.59725 5.39858 4.17396 3.13728 2.41714
103.9 -5.67532 -7.06893 -6.93666 -6.91719 -6.87886 -5.79958 -3.32492 -1.29292 -0.128325 0.79707 1.24211 1.48452 1.75678 1.9647 2.59036 3.68714 4.13255 4.54375 5.60509 5.4978 4.30881 3.29157 2.57199
103.94 -5.74364 -7.15598 -7.01647 -6.99541 -6.96723 -5.91011 -3.44572 -1.42157 -0.240126 0.747336 1.22852 1.46943 1.7334 1.93589 2.53131 3.56355 3.98319 4.44081 5.60318 5.58454 4.43623 3.44143 2.72166
103.98 -5.81318 -7.24586 -7.09907 -7.07578 -7.05522 -6.01752 -3.56299 -1.55161 -0.359198 0.690941 1.21227 1.4546 1.71134 1.90777 2.47344 3.44447 3.83959 4.33874 5.59211 5.65858 4.55558 3.58657 2.86654
104.02 -5.88361 -7.33823 -7.18426 -7.15833 -7.14271 -6.12139 -3.67636 -1.68199 -0.484851 0.626559 1.19195 1.4398 1.69073 1.88055 2.41708 3.33017 3.70206 4.23815 5.57247 5.71983 4.66634 3.72674 3.00693
104.06 -5.95463 -7.43281 -7.27187 -7.24307 -7.22958 -6.22135 -3.78553 -1.81144 -0.616143 0.552612 1.16585 1.42479 1.67182 1.85452 2.36259 3.2209 3.57085 4.13957 5.54483 5.76826 4.76808 3.86176 3.14308
104.1 -6.02591 -7.52933 -7.36178 -7.33004 -7.31571 -6.31712 -3.89025 -1.9385 -0.751941 0.467341 1.13199 1.40933 1.6549 1.83004 2.31034 3.1169 3.44617 4.04344 5.50973 5.80392 4.86046 3.99151 3.27523
104.14 -6.09716 -7.62757 -7.4539 -7.41925 -7.40099 -6.40846 -3.99035 -2.06171 -0.890984 0.369012 1.0883 1.39312 1.64028 1.80746 2.26071 3.0184 3.3282 3.95014 5.46767 5.82688 4.94317 4.11592 3.40361
104.18 -6.16808 -7.7273 -7.5481 -7.5107 -7.48524 -6.49514 -4.08579 -2.1798 -1.03196 0.256282 1.03286 1.37572 1.62813 1.78707 2.21401 2.9256 3.21713 3.86 5.41915 5.83729 5.01599 4.23495 3.52844
104.22 -6.2384 -7.82829 -7.64424 -7.60428 -7.56821 -6.5769 -4.17671 -2.29198 -1.17361 0.128662 0.964334 1.35656 1.61837 1.76902 2.17048 2.83866 3.1131 3.77332 5.36465 5.83537 5.07872 4.34856 3.64993
104.26 -6.30785 -7.93028 -7.74209 -7.69979 -7.6495 -6.6534 -4.26342 -2.39816 -1.31481 -0.0131282 0.88223 1.33485 1.61054 1.75322 2.1302 2.75769 3.01624 3.69036 5.30472 5.82147 5.13124 4.45672 3.76824
104.3 -6.37628 -8.0331 -7.84144 -7.79591 -7.72816 -6.72471 -4.34679 -2.49908 -1.45454 -0.166969 0.787152 1.30973 1.60388 1.73939 2.09317 2.68274 2.92668 3.61139 5.23996 5.79605 5.17348 4.55931 3.88343
104.34 -6.44425 -8.13734 -7.94286 -7.88662 -7.79986 -6.79312 -4.42966 -2.59684 -1.59177 -0.329234 0.681011 1.28058 1.5976 1.72729 2.05936 2.61389 2.84456 3.53672 5.17116 5.75983 5.20542 4.65606 3.99534
104.38 -6.51163 -8.24291 -8.04646 -7.97224 -7.86282 -6.85753 -4.51247 -2.6933 -1.72627 -0.496416 0.565783 1.24638 1.59056 1.71642 2.02857 2.55103 2.76983 3.46651 5.09904 5.71363 5.22727 4.7468 4.10388
104.42 -6.57817 -8.34949 -8.15205 -8.05349 -7.91706 -6.91762 -4.59304 -2.78809 -1.85914 -0.665437 0.443478 1.20612 1.58168 1.70641 2.0006 2.49401 2.70241 3.40087 5.02437 5.65846 5.23933 4.83133 4.20882
104.46 -6.64394 -8.457 -8.25666 -8.12967 -7.96377 -6.97361 -4.67087 -2.88176 -1.99025 -0.833052 0.316208 1.15899 1.57011 1.69704 1.97534 2.44267 2.64211 3.33985 4.94796 5.59547 5.24206 4.90941 4.30982
104.5 -6.71021 -8.56669 -8.35132 -8.19475 -8.00626 -7.02679 -4.75004 -2.97716 -2.11739 -0.995279 0.186389 1.10449 1.55535 1.68836 1.95272 2.3968 2.58864 3.28341 4.87057 5.52587 5.23609 4.98085 4.40648
104.54 -6.77709 -8.67911 -8.43815 -8.24688 -8.04202 -7.07567 -4.83146 -3.07626 -2.24057 -1.15006 0.055314 1.0418 1.53694 1.68054 1.93274 2.35614 2.54157 3.23131 4.79278 5.45083 5.22214 5.04559 4.49853
104.58 -6.84489 -8.7827 -8.51422 -8.29171 -8.07189 -7.12053 -4.91718 -3.17661 -2.35626 -1.2968 -0.0765063 0.97004 1.51459 1.67392 1.91555 2.32054 2.50055 3.1834 4.71524 5.37156 5.20102 5.10356 4.58556
104.62 -6.91592 -8.87413 -8.57382 -8.3301 -8.09537 -7.16132 -5.00763 -3.27863 -2.4645 -1.43425 -0.208372 0.888733 1.48824 1.66894 1.90133 2.28985 2.46518 3.13946 4.6385 5.28924 5.17359 5.15477 4.66726
104.66 -6.97504 -8.95083 -8.62376 -8.36222 -8.11105 -7.19656 -5.10125 -3.38361 -2.56655 -1.56102 -0.33944 0.797846 1.45794 1.66592 1.89017 2.26382 2.43499 3.09922 4.56301 5.20491 5.14073 5.19932 4.74335
104.7 -7.01929 -9.00441 -8.66316 -8.38642 -8.11772 -7.22583 -5.19871 -3.49323 -2.6635 -1.67695 -0.469004 0.697895 1.42386 1.66497 1.88203 2.2422 2.4095 3.06238 4.48911 5.11952 5.10329 5.23741 4.81367
104.74 -7.05016 -9.03368 -8.68883 -8.40022 -8.11376 -7.24846 -5.30047 -3.60894 -2.75657 -1.78254 -0.59648 0.589985 1.38624 1.66599 1.87678 2.22463 2.38825 3.02866 4.41713 5.03392 5.06212 5.26924 4.87808
104.78 -7.06774 -9.03897 -8.69889 -8.40157 -8.09744 -7.26347 -5.4072 -3.73342 -2.84444 -1.8764 -0.722394 0.475268 1.34509 1.66846 1.8741 2.21081 2.37084 2.99789 4.34744 4.94894 5.01801 5.29508 4.93647
104.82 -7.07158 -9.02057 -8.6921 -8.38898 -8.06743 -7.27006 -5.51864 -3.86608 -2.92973 -1.96153 -0.845059 0.356349 1.30095 1.67183 1.87357 2.20028 2.35683 2.96987 4.28028 4.86527 4.97173 5.31524 4.98882
104.86 -7.06098 -8.97841 -8.66733 -8.36107 -8.02238 -7.26721 -5.63451 -4.00716 -3.01519 -2.04058 -0.962988 0.236045 1.25434 1.67539 1.8747 2.19259 2.34575 2.94433 4.21584 4.78347 4.92396 5.33006 5.03516
104.9 -7.03507 -8.9121 -8.62344 -8.31651 -7.961 -7.254 -5.75488 -4.15748 -3.10285 -2.11561 -1.07515 0.116973 1.20563 1.67834 1.87704 2.18728 2.33714 2.92104 4.15421 4.704 4.87528 5.3399 5.0756
104.94 -6.99289 -8.82106 -8.5593 -8.25404 -7.88215 -7.22965 -5.88003 -4.31807 -3.19445 -2.18842 -1.1808 0.0014138 1.15505 1.67976 1.87999 2.18403 2.33072 2.89977 4.09544 4.62716 4.82616 5.34508 5.11028
104.98 -6.93345 -8.70458 -8.47388 -8.17257 -7.78483 -7.19351 -6.01041 -4.49011 -3.29152 -2.26063 -1.27953 -0.108854 1.10252 1.6787 1.88328 2.18251 2.32607 2.88031 4.03949 4.55314 4.77698 5.34589 5.13939
105.02 -6.85578 -8.562 -8.36625 -8.07113 -7.66828 -7.14508 -6.14659 -4.67484 -3.39542 -2.3337 -1.37122 -0.212633 1.04766 1.67408 1.88653 2.18255 2.32297 2.86244 3.98625 4.48202 4.72795 5.34257 5.16312
105.06 -6.75899 -8.39279 -8.23561 -7.94893 -7.53192 -7.08397 -6.28914 -4.87347 -3.50746 -2.40893 -1.45615 -0.309376 0.989684 1.66463 1.88943 2.18404 2.32121 2.84594 3.93555 4.41372 4.67918 5.33527 5.18165
105.1 -6.64232 -8.19666 -8.08138 -7.80538 -7.37542 -7.00987 -6.43848 -5.08715 -3.62898 -2.48739 -1.5348 -0.399314 0.92738 1.64889 1.89166 2.18694 2.32063 2.83061 3.88717 4.34809 4.63064 5.32405 5.19516
105.14 -6.50518 -7.97358 -7.90313 -7.63995 -7.19851 -6.92241 -6.59484 -5.31725 -3.76227 -2.56829 -1.60672 -0.484202 0.858885 1.62508 1.89276 2.19118 2.3211 2.81627 3.84088 4.28492 4.58222 5.30886 5.20377
105.18 -6.34711 -7.72392 -7.70077 -7.45251 -7.00138 -6.82143 -6.75798 -5.56386 -3.90758 -2.65392 -1.67445 -0.56484 0.782825 1.59165 1.8922 2.19656 2.32238 2.80264 3.79636 4.22391 4.5337 5.28959 5.20755
105.22 -6.16793 -7.4485 -7.47445 -7.24307 -6.78432 -6.70664 -6.92678 -5.8264 -4.06539 -2.74652 -1.74092 -0.642951 0.697945 1.54719 1.88925 2.20266 2.32409 2.78936 3.75326 4.16472 4.48483 5.26606 5.20653
105.26 -5.96779 -7.14854 -7.22458 -7.01177 -6.54776 -6.57758 -7.09917 -6.10345 -4.23627 -2.84812 -1.80935 -0.721001 0.603274 1.49061 1.8829 2.20873 2.32567 2.77601 3.71119 4.10704 4.43532 5.23807 5.20068
105.3 -5.74727 -6.8257 -6.95175 -6.75886 -6.29218 -6.43364 -7.27195 -6.39255 -4.42084 -2.96142 -1.88216 -0.800908 0.497815 1.42105 1.87177 2.21364 2.32637 2.76209 3.66983 4.05063 4.38501 5.20547 5.18993
105.34 -5.50739 -6.48208 -6.65684 -6.48478 -6.01822 -6.2743 -7.44107 -6.6902 -4.61896 -3.08802 -1.96291 -0.885739 0.381479 1.33835 1.85445 2.21605 2.32529 2.74704 3.62885 3.99527 4.33379 5.1682 5.17421
105.38 -5.24969 -6.12019 -6.34108 -6.19029 -5.7268 -6.0992 -7.6016 -6.99172 -4.8297 -3.22901 -2.0555 -0.978766 0.254648 1.24292 1.82957 2.21452 2.32148 2.73027 3.58792 3.94085 4.28165 5.12633 5.15343
105.42 -4.97619 -5.74296 -6.0061 -5.8765 -5.41916 -5.90827 -7.74809 -7.2915 -5.05161 -3.38522 -2.16261 -1.08247 0.117676 1.13536 1.79578 2.20761 2.31405 2.71127 3.54677 3.88729 4.22872 5.08008 5.12756
105.46 -4.68934 -5.35365 -5.65401 -5.54501 -5.09694 -5.70193 -7.87507 -7.58351 -5.28242 -3.55658 -2.28587 -1.19866 -0.028997 1.01651 1.75191 2.19409 2.30227 2.68959 3.50521 3.83457 4.1752 5.02983 5.09667
105.5 -4.39193 -4.95582 -5.28745 -5.19804 -4.76232 -5.48122 -7.9776 -7.86151 -5.51922 -3.74221 -2.42564 -1.32833 -0.184766 0.887315 1.69699 2.17293 2.28566 2.66495 3.4631 3.78272 4.12139 4.9761 5.06088
105.54 -4.08692 -4.55323 -4.90962 -4.83843 -4.41805 -5.2478 -8.05172 -8.11964 -5.75846 -3.94023 -2.58118 -1.47159 -0.348779 0.748755 1.63018 2.14342 2.26404 2.63728 3.42037 3.73174 4.0676 4.91953 5.02047
105.58 -3.77737 -4.14971 -4.52415 -4.46962 -4.06733 -5.00394 -8.09483 -8.35274 -5.99622 -4.14803 -2.75078 -1.62769 -0.519873 0.601768 1.55071 2.10513 2.23762 2.60666 3.37702 3.68166 4.01414 4.86083 4.97582
105.62 -3.46624 -3.74899 -4.13495 -4.09544 -3.71371 -4.75234 -8.10582 -8.55674 -6.22847 -4.36243 -2.93205 -1.79504 -0.696538 0.447121 1.45777 2.05788 2.2069 2.57346 3.33312 3.63245 3.96127 4.80071 4.92742
105.66 -3.15636 -3.35462 -3.74605 -3.71995 -3.36088 -4.49599 -8.08503 -8.72873 -6.45131 -4.58007 -3.12207 -1.97138 -0.876976 0.285346 1.35045 2.00163 2.17273 2.53817 3.28881 3.58407 3.90921 4.73982 4.87584
105.7 -2.85025 -2.96975 -3.36133 -3.34717 -3.01243 -4.23788 -8.03405 -8.86706 -6.66123 -4.79769 -3.31831 -2.15324 -1.05852 0.116425 1.2277 1.93643 2.13603 2.50142 3.24431 3.5365 3.85809 4.67877 4.82169
105.74 -2.55018 -2.59713 -2.98442 -2.98087 -2.67168 -3.98091 -7.95547 -8.9713 -6.85545 -5.01279 -3.51899 -2.33501 -1.23707 -0.0604651 1.0884 1.86218 2.09761 2.46382 3.19985 3.48973 3.8081 4.61815 4.76564
105.78 -2.25799 -2.23892 -2.61836 -2.62432 -2.34141 -3.72765 -7.85273 -9.0424 -7.03166 -5.22176 -3.71979 -2.51556 -1.41273 -0.244013 0.933251 1.77943 2.05819 2.42583 3.15551 3.44365 3.75924 4.55839 4.70834
105.82 -1.97523 -1.89679 -2.2657 -2.28025 -2.02397 -3.48038 -7.72959 -9.0819 -7.18783 -5.42152 -3.91764 -2.69374 -1.5854 -0.432933 0.764029 1.68883 2.01801 2.38765 3.11127 3.39809 3.71152 4.49986 4.65042
105.86 -1.70312 -1.57192 -1.92845 -1.95084 -1.72113 -3.24095 -7.58995 -9.09198 -7.32255 -5.60949 -4.11018 -2.86862 -1.75531 -0.625664 0.583735 1.59126 1.97686 2.34921 3.06692 3.35281 3.66489 4.44285 4.59249
105.9 -1.44266 -1.26504 -1.60806 -1.63772 -1.43417 -3.01081 -7.43764 -9.07532 -7.43507 -5.78356 -4.29545 -3.03961 -1.92302 -0.820342 0.396303 1.4878 1.93417 2.31017 3.02217 3.30755 3.61923 4.38757 4.5351
105.94 -1.19454 -0.976499 -1.30547 -1.34194 -1.16387 -2.791 -7.27622 -9.03494 -7.52529 -5.94225 -4.4721 -3.20638 -2.0891 -1.01493 0.205993 1.37964 1.88918 2.27013 2.97667 3.26198 3.57441 4.3341 4.47864
105.98 -0.959261 -0.706297 -1.02113 -1.06404 -0.910533 -2.58209 -7.10888 -8.97411 -7.59382 -6.08472 -4.63912 -3.36864 -2.25382 -1.20743 0.0167251 1.26789 1.84109 2.22878 2.93017 3.21587 3.53022 4.28239 4.42341
106.02 -0.737079 -0.454144 -0.755118 -0.804151 -0.674095 -2.38421 -6.9383 -8.8962 -7.64185 -6.21068 -4.79587 -3.52611 -2.41702 -1.39597 -0.168376 1.1533 1.78906 2.18603 2.88268 3.16903 3.48645 4.23229 4.36949
106.06 -0.528067 -0.21953 -0.50717 -0.562037 -0.454193 -2.19705 -6.76658 -8.80446 -7.67104 -6.32048 -4.94242 -3.67915 -2.57687 -1.57776 -0.347731 1.03571 1.73199 2.14198 2.83452 3.12159 3.44298 4.18354 4.31683
106.1 -0.332149 -0.00179657 -0.276811 -0.337247 -0.250285 -2.01981 -6.59517 -8.70207 -7.68351 -6.41523 -5.07946 -3.82842 -2.72973 -1.74907 -0.52114 0.913648 1.6682 2.09691 2.78643 3.07394 3.39986 4.13591 4.26526
106.14 -0.149058 0.199905 -0.0632709 -0.128995 -0.0615266 -1.85092 -6.42461 -8.59215 -7.68194 -6.49621 -5.20672 -3.972 -2.87609 -1.90959 -0.686722 0.785521 1.59589 2.0514 2.7395 3.0267 3.35715 4.08911 4.21448
106.18 0.0215706 0.386471 0.134285 0.0635426 0.112904 -1.68816 -6.25467 -8.47757 -7.66887 -6.5648 -5.32441 -4.10908 -3.01547 -2.05804 -0.843748 0.648909 1.51285 2.00595 2.69495 2.98066 3.3151 4.04291 4.16417
106.22 0.180151 0.558701 0.316448 0.240687 0.272995 -1.52977 -6.08108 -8.35875 -7.64899 -6.62345 -5.43328 -4.23964 -3.1483 -2.19231 -0.991007 0.501011 1.41665 1.96033 2.65351 2.93641 3.27394 3.99719 4.11416
106.26 0.32698 0.716453 0.481344 0.397957 0.41095 -1.38627 -5.85951 -8.21 -7.65071 -6.68695 -5.53882 -4.36524 -3.27571 -2.31399 -1.13111 0.339249 1.30466 1.91225 2.61367 2.89297 3.23277 3.95127 4.06438
106.3 0.462613 0.860488 0.629457 0.535372 0.526062 -1.25667 -5.60846 -8.00874 -7.64694 -6.77636 -5.6519 -4.48948 -3.39783 -2.42616 -1.2669 0.165236 1.17723 1.8597 2.57363 2.84925 3.19084 3.90465 4.01474
106.34 0.58685 0.990863 0.760861 0.653432 0.619779 -1.13505 -5.32835 -7.75054 -7.63328 -6.89091 -5.77389 -4.61411 -3.51661 -2.53235 -1.39997 -0.0173472 1.03667 1.80079 2.53143 2.80429 3.14766 3.85715 3.96521
106.38 0.699563 1.10788 0.876254 0.753758 0.695205 -1.01543 -5.01971 -7.44255 -7.6061 -7.02232 -5.90349 -4.74052 -3.6343 -2.63623 -1.53164 -0.204046 0.886267 1.73377 2.48513 2.75721 3.10283 3.80868 3.91575
106.42 0.801178 1.21251 0.977204 0.838854 0.756005 -0.894949 -4.69052 -7.09822 -7.55393 -7.15604 -6.04363 -4.87184 -3.75366 -2.74075 -1.66263 -0.390592 0.729371 1.65713 2.43309 2.70739 3.05598 3.75909 3.86625
106.46 0.892769 1.30638 1.06593 0.911566 0.805479 -0.774625 -4.35447 -6.73739 -7.45387 -7.27126 -6.20447 -5.01405 -3.87797 -2.84798 -1.79294 -0.573338 0.56879 1.56967 2.37411 2.65452 3.00684 3.70812 3.81643
106.5 0.975199 1.39085 1.14439 0.974698 0.847427 -0.654596 -4.01822 -6.36377 -7.30818 -7.36561 -6.37746 -5.16465 -4.00779 -2.95933 -1.92282 -0.74993 0.406455 1.47056 2.30779 2.59898 2.95556 3.6557 3.76599
106.54 1.04966 1.46764 1.2149 1.03124 0.885485 -0.535696 -3.68889 -5.98423 -7.12066 -7.43402 -6.5552 -5.32133 -4.14321 -3.07545 -2.05246 -0.919202 0.243308 1.35916 2.23403 2.54136 2.90248 3.60179 3.7146
106.58 1.11747 1.53848 1.27964 1.08382 0.922609 -0.418994 -3.37247 -5.60496 -6.89626 -7.47324 -6.73086 -5.48132 -4.28357 -3.19633 -2.18193 -1.08089 0.0796601 1.23517 2.15299 2.48232 2.84792 3.54639 3.66197
106.62 1.17994 1.60501 1.34052 1.13454 0.960978 -0.3054 -3.07321 -5.23091 -6.64123 -7.48219 -6.89811 -5.64144 -4.42791 -3.32228 -2.31016 -1.23438 -0.0849583 1.09874 2.06486 2.42228 2.79222 3.48951 3.6079
106.66 1.2383 1.66869 1.39907 1.18497 1.00209 -0.195471 -2.79365 -4.86596 -6.36265 -7.4617 -7.05169 -5.79862 -4.57493 -3.45313 -2.43534 -1.3792 -0.251204 0.950695 1.96992 2.36135 2.73553 3.43118 3.55226
106.7 1.29371 1.73084 1.45667 1.2364 1.04709 -0.0891904 -2.53473 -4.5131 -6.06795 -7.41431 -7.18764 -5.94952 -4.72203 -3.58646 -2.5591 -1.51812 -0.417744 0.793592 1.869 2.29943 2.67782 3.37122 3.49482
106.74 1.34727 1.79268 1.51446 1.28983 1.09674 0.0137697 -2.29634 -4.17477 -5.7644 -7.34343 -7.30312 -6.09104 -4.86674 -3.72068 -2.68223 -1.65304 -0.583615 0.630325 1.76296 2.2362 2.61893 3.30946 3.43538
106.78 1.39998 1.85529 1.57344 1.34607 1.15161 0.113985 -2.07768 -3.85296 -5.45868 -7.25301 -7.39652 -6.22059 -5.0068 -3.85436 -2.80506 -1.78545 -0.74794 0.46388 1.6527 2.17121 2.55867 3.24571 3.37377
106.82 1.45277 1.91967 1.63449 1.40579 1.21208 0.212192 -1.8775 -3.54925 -5.15668 -7.14713 -7.46742 -6.33624 -5.14025 -3.98613 -2.9276 -1.91646 -0.909901 0.29701 1.53908 2.10399 2.49689 3.17986 3.30983
106.86 1.50652 1.98674 1.69843 1.4696 1.27848 0.309201 -1.6943 -3.26478 -4.86325 -7.02973 -7.51633 -6.43672 -5.26546 -4.11483 -3.04962 -2.04671 -1.06874 0.131992 1.42275 2.03406 2.43359 3.11194 3.24352
106.9 1.56201 2.05731 1.76599 1.53804 1.35105 0.405819 -1.5265 -3.00027 -4.58225 -6.90442 -7.54447 -6.52146 -5.38126 -4.2394 -3.17069 -2.17634 -1.22375 -0.0294804 1.30403 1.96086 2.36889 3.04219 3.17492
106.94 1.61995 2.13209 1.83782 1.61156 1.42999 0.502795 -1.3725 -2.75602 -4.31647 -6.77429 -7.55358 -6.59046 -5.48687 -4.35896 -3.29024 -2.30504 -1.37416 -0.186261 1.18275 1.88368 2.30313 2.97114 3.10431
106.98 1.68094 2.21165 1.91441 1.69048 1.51534 0.600709 -1.23086 -2.53198 -4.06784 -6.64193 -7.54556 -6.64414 -5.58201 -4.47346 -3.40901 -2.43003 -1.51723 -0.338879 1.05766 1.80134 2.23668 2.89957 3.03221
107.02 1.74547 2.29642 1.99618 1.77507 1.60711 0.7001 -1.1001 -2.32767 -3.83738 -6.50937 -7.52261 -6.68357 -5.66683 -4.58235 -3.5257 -2.55062 -1.65236 -0.486582 0.927578 1.71257 2.17002 2.82847 2.95934
107.06 1.81389 2.38668 2.08344 1.8655 1.70524 0.801391 -0.978831 -2.14229 -3.62539 -6.37822 -7.48698 -6.70999 -5.74151 -4.68498 -3.63904 -2.66686 -1.77927 -0.628609 0.791323 1.61612 2.10355 2.75878 2.88643
107.1 1.88644 2.48257 2.17633 1.9618 1.80955 0.904826 -0.865832 -1.97479 -3.43161 -6.24964 -7.44074 -6.72469 -5.80638 -4.78094 -3.74817 -2.77834 -1.89757 -0.764744 0.648031 1.51097 2.03734 2.69125 2.81423
107.14 1.96321 2.58402 2.27481 2.06382 1.91964 1.01042 -0.760101 -1.82408 -3.2554 -6.12454 -7.38584 -6.72887 -5.86175 -4.86999 -3.8528 -2.88572 -2.00591 -0.893712 0.497026 1.39638 1.97084 2.62595 2.74333
107.18 2.04419 2.69083 2.37871 2.17126 2.03504 1.11804 -0.660772 -1.68892 -3.09571 -6.00344 -7.32412 -6.72384 -5.90815 -4.95198 -3.95234 -2.98839 -2.10505 -1.01616 0.339759 1.27299 1.90322 2.56256 2.67363
107.22 2.12921 2.80263 2.48772 2.28372 2.15513 1.22743 -0.567122 -1.56806 -2.9511 -5.88661 -7.25735 -6.7109 -5.94606 -5.02663 -4.04607 -3.08583 -2.19705 -1.1333 0.178994 1.14248 1.83348 2.49995 2.60523
107.26 2.21802 2.91894 2.60138 2.40065 2.27919 1.33817 -0.47862 -1.4603 -2.81984 -5.774 -7.1872 -6.69123 -5.97597 -5.09381 -4.13365 -3.17816 -2.28369 -1.24586 0.0177064 1.0069 1.76039 2.437 2.53772
107.3 2.31027 3.03919 2.71914 2.52141 2.40641 1.44972 -0.3949 -1.36455 -2.69974 -5.66515 -7.11528 -6.66606 -5.99843 -5.15357 -4.21496 -3.2657 -2.36644 -1.35435 -0.141285 0.868364 1.6828 2.3725 2.47072
107.34 2.40556 3.16271 2.84037 2.64527 2.53593 1.56147 -0.315751 -1.27984 -2.58808 -5.55908 -7.04325 -6.63664 -6.01418 -5.20616 -4.29014 -3.34879 -2.44638 -1.45911 -0.295668 0.728685 1.59971 2.30547 2.40395
107.38 2.50343 3.28882 2.96436 2.77148 2.66685 1.67275 -0.241102 -1.2054 -2.48156 -5.45426 -6.97277 -6.60432 -6.02406 -5.25204 -4.35941 -3.42774 -2.52418 -1.56033 -0.443791 0.589214 1.51035 2.23519 2.33731
107.42 2.60378 3.41734 3.09106 2.89981 2.79842 1.782 -0.173837 -1.14623 -2.38668 -5.32133 -6.88705 -6.58923 -6.03755 -5.29427 -4.42329 -3.50276 -2.60078 -1.65934 -0.586044 0.449666 1.41319 2.16048 2.27035
107.46 2.70629 3.54781 3.22002 3.02965 2.92973 1.88819 -0.114936 -1.10324 -2.30182 -5.14739 -6.77964 -6.59654 -6.05899 -5.33583 -4.48339 -3.57465 -2.67633 -1.75637 -0.722566 0.309824 1.30734 2.0806 2.2028
107.5 2.81034 3.67936 3.3503 3.16006 3.05998 1.99109 -0.0632718 -1.07352 -2.22009 -4.9403 -6.65265 -6.61693 -6.08902 -5.37879 -4.5413 -3.64376 -2.75081 -1.8511 -0.853068 0.170088 1.19295 1.9955 2.13459
107.54 2.91549 3.81149 3.48149 3.29071 3.18892 2.09072 -0.018409 -1.05649 -2.14187 -4.71593 -6.48885 -6.62923 -6.1414 -5.43091 -4.60038 -3.71117 -2.82378 -1.94328 -0.977915 0.0303572 1.07018 1.90496 2.06541
107.58 3.02108 3.94333 3.6126 3.42064 3.31577 2.1869 0.0209262 -1.0488 -2.06326 -4.4746 -6.29502 -6.6337 -6.20836 -5.49048 -4.66167 -3.77835 -2.89647 -2.03147 -1.09593 -0.109353 0.939951 1.80933 1.99519
107.62 3.1264 4.07396 3.74262 3.54893 3.43994 2.27988 0.0565609 -1.04652 -1.98193 -4.22081 -6.08063 -6.62885 -6.28195 -5.55504 -4.72543 -3.84613 -2.96912 -2.1155 -1.20724 -0.248272 0.803913 1.70927 1.92392
107.66 3.2308 4.2026 3.87073 3.67489 3.56113 2.37007 0.0903312 -1.04615 -1.89737 -3.96119 -5.85407 -6.61292 -6.35561 -5.62197 -4.79118 -3.9146 -3.0415 -2.19645 -1.31292 -0.385077 0.66421 1.60571 1.8516
107.7 3.33371 4.3286 3.99624 3.79799 3.67914 2.45795 0.123804 -1.04483 -1.81017 -3.70254 -5.62266 -6.58499 -6.42412 -5.68858 -4.85796 -3.98372 -3.11353 -2.27497 -1.41376 -0.518842 0.522855 1.49956 1.77831
107.74 3.43469 4.45143 4.11862 3.91785 3.79388 2.54388 0.158152 -1.04057 -1.7215 -3.4508 -5.39222 -6.54498 -6.48387 -5.75252 -4.92465 -4.05301 -3.18528 -2.35158 -1.51045 -0.648844 0.381666 1.39163 1.7041
107.78 3.53336 4.57074 4.23751 4.03424 3.90532 2.62815 0.194119 -1.03216 -1.63274 -3.21062 -5.16684 -6.49344 -6.53282 -5.81196 -4.99008 -4.12201 -3.25658 -2.42663 -1.60357 -0.774551 0.24217 1.28256 1.62898
107.82 3.62949 4.6863 4.3527 4.14701 4.01346 2.71091 0.232065 -1.01913 -1.54525 -2.98521 -4.94895 -6.43131 -6.57039 -5.86569 -5.05322 -4.19013 -3.32726 -2.50037 -1.69362 -0.895575 0.105567 1.17276 1.55288
107.86 3.72289 4.798 4.4641 4.25615 4.11833 2.79222 0.272037 -1.0015 -1.46025 -2.77644 -4.73947 -6.35962 -6.59703 -5.9131 -5.11328 -4.25684 -3.39705 -2.57294 -1.78097 -1.01163 -0.027267 1.06235 1.47554
107.9 3.81346 4.90581 4.57169 4.36167 4.21999 2.87209 0.313867 -0.979711 -1.37876 -2.58505 -4.53812 -6.27937 -6.61397 -5.95412 -5.16971 -4.32165 -3.46576 -2.64436 -1.86581 -1.12249 -0.155738 0.951113 1.39653
107.94 3.90117 5.0098 4.67556 4.46366 4.31848 2.95046 0.357243 -0.954398 -1.30157 -2.41088 -4.34375 -6.19139 -6.62287 -5.9891 -5.22225 -4.3842 -3.53313 -2.7146 -1.94824 -1.22792 -0.279485 0.838575 1.31519
107.98 3.98603 5.11007 4.77581 4.56224 4.41389 3.02724 0.401786 -0.9263 -1.22925 -2.25312 -4.15472 -6.09637 -6.62553 -6.01864 -5.27084 -4.44423 -3.59899 -2.78361 -2.02821 -1.32769 -0.398359 0.724058 1.23069
108.02 4.06817 5.20692 4.87283 4.65782 4.5066 3.10265 0.447188 -0.896555 -1.16337 -2.11306 -3.97455 -5.98461 -6.61596 -6.05155 -5.31915 -4.50261 -3.66334 -2.85176 -2.10449 -1.42093 -0.513367 0.606312 1.14176
108.06 4.14781 5.30076 4.96711 4.75094 4.59709 3.17691 0.49315 -0.866244 -1.10513 -1.99119 -3.80477 -5.84704 -6.58938 -6.09446 -5.37075 -4.56079 -3.72637 -2.91844 -2.177 -1.50785 -0.62447 0.484662 1.04729
108.1 4.22509 5.3918 5.0588 4.84168 4.68533 3.24986 0.539335 -0.835661 -1.05365 -1.8841 -3.64001 -5.68992 -6.55065 -6.14252 -5.42424 -4.6189 -3.78835 -2.98357 -2.24616 -1.58867 -0.731167 0.359337 0.946688
108.14 4.30014 5.48027 5.14808 4.93013 4.77135 3.32142 0.585517 -0.805014 -1.00816 -1.78929 -3.47779 -5.51674 -6.50189 -6.19338 -5.47896 -4.67705 -3.84959 -3.04729 -2.31231 -1.66386 -0.83331 0.230936 0.839606
108.18 4.37311 5.56639 5.23507 5.01637 4.85519 3.39154 0.631555 -0.774353 -0.967731 -1.70449 -3.31677 -5.33079 -6.44475 -6.24496 -5.5342 -4.73523 -3.91025 -3.10975 -2.37585 -1.73408 -0.930869 0.100495 0.726003
108.22 4.44416 5.65037 5.3199 5.10044 4.93684 3.46018 0.677388 -0.74357 -0.93132 -1.62768 -3.15647 -5.13546 -6.38066 -6.29529 -5.58905 -4.79323 -3.97046 -3.17123 -2.43744 -1.79978 -1.02358 -0.030846 0.606032
108.26 4.5133 5.73237 5.40271 5.1824 5.01635 3.52737 0.723034 -0.712443 -0.897829 -1.55715 -2.99711 -4.93418 -6.31089 -6.34253 -5.64252 -4.8507 -4.0303 -3.23211 -2.49793 -1.86097 -1.11087 -0.162074 0.479952
108.3 4.57533 5.80925 5.4856 5.26337 5.09428 3.59334 0.768593 -0.680752 -0.866298 -1.49157 -2.83947 -4.73034 -6.2366 -6.38518 -5.69369 -4.90721 -4.08963 -3.29238 -2.55723 -1.91887 -1.19338 -0.291365 0.348699
108.34 4.63021 5.87936 5.56816 5.3433 5.17079 3.65837 0.814381 -0.648003 -0.83563 -1.42977 -2.68451 -4.527 -6.15885 -6.42206 -5.74169 -4.96231 -4.14829 -3.35196 -2.61552 -1.97446 -1.27162 -0.417324 0.213387
108.38 4.67989 5.944 5.64953 5.42184 5.24584 3.7226 0.860677 -0.613701 -0.804814 -1.37079 -2.53322 -4.32678 -6.07853 -6.45232 -5.78581 -5.01548 -4.20605 -3.41093 -2.67299 -2.0285 -1.3461 -0.538984 0.0753262
108.42 4.7257 6.00461 5.72947 5.4989 5.31952 3.78622 0.907735 -0.577429 -0.773031 -1.31396 -2.38662 -4.13184 -5.99643 -6.47542 -5.82543 -5.0663 -4.26269 -3.46924 -2.72986 -2.08161 -1.41742 -0.655784 -0.064002
108.46 4.76883 6.06158 5.80755 5.57494 5.3922 3.84955 0.955854 -0.538824 -0.739656 -1.25884 -2.24563 -3.94393 -5.91324 -6.49112 -5.8601 -5.11432 -4.31795 -3.52686 -2.78628 -2.13429 -1.48621 -0.767528 -0.203051
108.5 4.81113 6.1114 5.8805 5.65191 5.46517 3.91346 1.00558 -0.49753 -0.704303 -1.2053 -2.11119 -3.76445 -5.82974 -6.4995 -5.88951 -5.15914 -4.37151 -3.58364 -2.84233 -2.18687 -1.55307 -0.874285 -0.340324
108.54 4.85334 6.15624 5.94857 5.72924 5.53833 3.97813 1.05725 -0.453122 -0.666447 -1.15305 -1.9838 -3.5942 -5.74636 -6.50078 -5.91353 -5.2005 -4.42317 -3.63954 -2.89811 -2.23966 -1.61859 -0.976366 -0.474544
108.58 4.89562 6.19817 6.01311 5.80653 5.6116 4.04371 1.11112 -0.405264 -0.625696 -1.1019 -1.86379 -3.43356 -5.66345 -6.49527 -5.93214 -5.23823 -4.47277 -3.69449 -2.95373 -2.2929 -1.68329 -1.07421 -0.604719
108.62 4.93811 6.2387 6.07534 5.88373 5.68505 4.11039 1.16746 -0.353676 -0.581768 -1.05173 -1.75134 -3.28262 -5.58123 -6.48341 -5.94542 -5.2722 -4.52017 -3.74848 -3.0092 -2.34675 -1.74761 -1.16831 -0.730169
108.66 4.98097 6.27898 6.13632 5.96103 5.75889 4.17842 1.22654 -0.298097 -0.534457 -1.0025 -1.64655 -3.14121 -5.49982 -6.46568 -5.95352 -5.30237 -4.56527 -3.80142 -3.06462 -2.40133 -1.81187 -1.25915 -0.850505
108.7 5.0251 6.32067 6.19345 6.03622 5.83468 4.24888 1.28912 -0.238135 -0.483689 -0.954354 -1.54962 -3.00914 -5.41949 -6.4428 -5.95665 -5.32865 -4.6079 -3.8532 -3.11995 -2.45671 -1.8761 -1.34702 -0.965674
108.74 5.07111 6.36488 6.24649 6.10799 5.9128 4.32221 1.35572 -0.173409 -0.429291 -0.907323 -1.46053 -2.88585 -5.34027 -6.41549 -5.95514 -5.35105 -4.64791 -3.90375 -3.17538 -2.51345 -1.93952 -1.43149 -1.07641
108.78 5.1189 6.41183 6.29753 6.17748 5.99255 4.39813 1.42639 -0.103704 -0.371074 -0.861284 -1.37904 -2.77039 -5.26183 -6.38438 -5.94937 -5.36973 -4.68539 -3.95311 -3.23082 -2.5712 -2.00256 -1.51324 -1.18259
108.82 5.16836 6.46162 6.34791 6.2457 6.07351 4.47649 1.50124 -0.0288569 -0.30894 -0.816191 -1.30491 -2.66162 -5.18374 -6.35019 -5.9398 -5.38491 -4.72036 -4.00121 -3.28615 -2.62973 -2.06557 -1.59284 -1.28427
108.86 5.21943 6.51429 6.39859 6.31342 6.15545 4.55722 1.58039 0.0512501 -0.242861 -0.772038 -1.23793 -2.55822 -5.10546 -6.31369 -5.92691 -5.3968 -4.75287 -4.04799 -3.34129 -2.68887 -2.12874 -1.67069 -1.38171
108.9 5.27206 6.56989 6.45026 6.38121 6.2382 4.64026 1.66397 0.136692 -0.172907 -0.728953 -1.17809 -2.45917 -5.02534 -6.27499 -5.91198 -5.40597 -4.78302 -4.09338 -3.39607 -2.74849 -2.19216 -1.74714 -1.47523
108.94 5.32637 6.62877 6.50398 6.44915 6.32165 4.72662 1.75297 0.227705 -0.100107 -0.689365 -1.12947 -2.37071 -4.92322 -6.22178 -5.90958 -5.41901 -4.81253 -4.13702 -3.44978 -2.80815 -2.25598 -1.82276 -1.56563
108.98 5.38283 6.69162 6.56096 6.51482 6.40335 4.81745 1.84839 0.324722 -0.0245269 -0.65331 -1.09158 -2.29052 -4.79903 -6.15451 -5.91824 -5.43642 -4.84235 -4.17943 -3.50235 -2.8674 -2.31978 -1.89747 -1.65312
109.02 5.44125 6.7582 6.62123 6.57973 6.48357 4.91183 1.94974 0.427529 0.0539675 -0.620008 -1.06272 -2.215 -4.65614 -6.07559 -5.93446 -5.45734 -4.87283 -4.22112 -3.55403 -2.92629 -2.38373 -1.97058 -1.7373
109.06 5.50133 6.82818 6.68462 6.64498 6.56292 5.00898 2.05659 0.535872 0.135403 -0.588921 -1.04176 -2.14267 -4.49917 -5.98321 -5.95265 -5.48394 -4.90547 -4.26283 -3.60503 -2.98478 -2.44777 -2.04168 -1.818
109.1 5.56279 6.90127 6.75099 6.71137 6.64196 5.10854 2.16882 0.649661 0.219752 -0.559828 -1.02837 -2.07435 -4.33602 -5.86886 -5.96264 -5.52265 -4.94389 -4.30606 -3.65557 -3.04242 -2.51119 -2.11095 -1.89572
109.14 5.6254 6.97715 6.8201 6.77927 6.72082 5.20984 2.28586 0.768386 0.306939 -0.531902 -1.02062 -2.00796 -4.16606 -5.73802 -5.96594 -5.56817 -4.98651 -4.35108 -3.7063 -3.09952 -2.57381 -2.17843 -1.97053
109.18 5.68894 7.05548 6.89165 6.84874 6.79937 5.31223 2.40704 0.891499 0.396947 -0.504211 -1.01662 -1.94233 -3.99117 -5.59502 -5.96213 -5.61685 -5.03203 -4.39789 -3.75761 -3.15636 -2.63574 -2.24436 -2.04225
109.22 5.75303 7.13592 6.96531 6.91974 6.87742 5.41501 2.53165 1.01839 0.489721 -0.475866 -1.0146 -1.87687 -3.81391 -5.44347 -5.95062 -5.66576 -5.07914 -4.44623 -3.80972 -3.21327 -2.69722 -2.30927 -2.11014
109.26 5.81749 7.21814 7.04079 6.99216 6.9547 5.51751 2.65891 1.14838 0.585138 -0.446082 -1.01303 -1.81142 -3.63686 -5.28645 -5.93104 -5.71257 -5.12661 -4.49572 -3.86273 -3.27043 -2.75832 -2.37307 -2.17478
109.3 5.88212 7.30187 7.11782 7.06586 7.03094 5.61909 2.78801 1.28074 0.682975 -0.41423 -1.01064 -1.74601 -3.46236 -5.12646 -5.90331 -5.75556 -5.1733 -4.54584 -3.91653 -3.32793 -2.81911 -2.43576 -2.23662
109.34 5.94669 7.38683 7.19617 7.1407 7.1059 5.71912 2.91812 1.41471 0.782907 -0.379859 -1.00645 -1.68085 -3.29235 -4.96543 -5.86762 -5.79363 -5.21827 -4.596 -3.9709 -3.38577 -2.87963 -2.49738 -2.29601
109.38 6.01097 7.4728 7.27564 7.21661 7.17939 5.817 3.04843 1.54951 0.884509 -0.342697 -0.999738 -1.61617 -3.12827 -4.80472 -5.82433 -5.82624 -5.26081 -4.64564 -4.02552 -3.44385 -2.93991 -2.55799 -2.35326
109.42 6.07474 7.55961 7.3561 7.29351 7.25123 5.91217 3.17816 1.68439 0.98728 -0.30263 -0.989986 -1.55221 -2.97113 -4.64517 -5.77397 -5.85331 -5.30041 -4.69422 -4.08003 -3.50196 -2.9999 -2.61767 -2.40862
109.46 6.13789 7.64701 7.43744 7.37139 7.3213 6.00409 3.30659 1.81864 1.09066 -0.259664 -0.976856 -1.48918 -2.82152 -4.48723 -5.71715 -5.87515 -5.33681 -4.74127 -4.13402 -3.55991 -3.05953 -2.67646 -2.46231
109.5 6.20011 7.73492 7.51962 7.45026 7.38949 6.09224 3.43304 1.95163 1.19407 -0.213885 -0.960096 -1.42718 -2.67969 -4.33105 -5.65453 -5.89229 -5.36992 -4.78643 -4.18712 -3.61742 -3.11868 -2.73439 -2.5145
109.54 6.26123 7.82321 7.60257 7.53015 7.45568 6.1761 3.55696 2.0828 1.2969 -0.16541 -0.939486 -1.36623 -2.54562 -4.17657 -5.58677 -5.90545 -5.3998 -4.82942 -4.23896 -3.67421 -3.17722 -2.79143 -2.56534
109.58 6.32121 7.91195 7.6865 7.60987 7.51917 6.25585 3.67847 2.21206 1.39867 -0.114442 -0.915078 -1.3069 -2.4205 -4.0267 -5.50945 -5.9113 -5.43087 -4.87182 -4.28957 -3.72978 -3.2347 -2.8474 -2.61492
109.62 6.38057 8.00199 7.77252 7.68474 7.5763 6.33346 3.79935 2.34014 1.49883 -0.0614729 -0.887312 -1.25022 -2.30593 -3.88436 -5.41692 -5.90618 -5.46779 -4.91574 -4.33935 -3.78371 -3.29048 -2.90187 -2.66309
109.66 6.43918 8.09337 7.86096 7.75571 7.6263 6.40782 3.91906 2.46685 1.59709 -0.00633395 -0.855563 -1.19539 -2.20053 -3.74706 -5.31326 -5.89327 -5.50766 -4.96022 -4.38827 -3.83615 -3.34464 -2.95473 -2.70973
109.7 6.49677 8.18591 7.95175 7.82349 7.66923 6.47788 4.03709 2.59188 1.69311 0.0512867 -0.81904 -1.14162 -2.10334 -3.61391 -5.20084 -5.87412 -5.5493 -5.00485 -4.4363 -3.88718 -3.3972 -3.00597 -2.75483
109.74 6.55327 8.27957 8.04342 7.88787 7.70571 6.54325 4.15329 2.71488 1.78641 0.111716 -0.776881 -1.08807 -2.01359 -3.48459 -5.08166 -5.85002 -5.59188 -5.04929 -4.48338 -3.93681 -3.44816 -3.05559 -2.7984
109.78 6.61013 8.37586 8.12736 7.94354 7.73959 6.60581 4.26899 2.83563 1.87599 0.174888 -0.728532 -1.03418 -1.93092 -3.35941 -4.95785 -5.82226 -5.63476 -5.09311 -4.52928 -3.98494 -3.49747 -3.10354 -2.8404
109.82 6.66761 8.47541 8.20478 7.9886 7.76934 6.66459 4.3841 2.95435 1.96204 0.241558 -0.672821 -0.978903 -1.85464 -3.23859 -4.83124 -5.79198 -5.67746 -5.13603 -4.57385 -4.03152 -3.54512 -3.14983 -2.88085
109.86 6.72582 8.57232 8.27478 8.02603 7.79454 6.71895 4.49835 3.07062 2.04436 0.312384 -0.608665 -0.921202 -1.78414 -3.12254 -4.70359 -5.76024 -5.71966 -5.1778 -4.61696 -4.07648 -3.59113 -3.19449 -2.91979
109.9 6.78694 8.65745 8.33083 8.05983 7.81599 6.76909 4.61198 3.18421 2.12265 0.387712 -0.535366 -0.860327 -1.71892 -3.01175 -4.57656 -5.72802 -5.7611 -5.2182 -4.65845 -4.11975 -3.63541 -3.23751 -2.95724
109.94 6.84481 8.73129 8.37497 8.08845 7.83181 6.81388 4.72479 3.29543 2.19745 0.468141 -0.452296 -0.795533 -1.65835 -2.90657 -4.45153 -5.69614 -5.80168 -5.25711 -4.69822 -4.16126 -3.67801 -3.27888 -2.99323
109.98 6.88701 8.78525 8.41176 8.11215 7.8411 6.85258 4.83664 3.40453 2.2691 0.553855 -0.359408 -0.726433 -1.60184 -2.80719 -4.32963 -5.66528 -5.84137 -5.29451 -4.73624 -4.20098 -3.71887 -3.31865 -3.02781
110.02 6.91592 8.81674 8.43772 8.12823 7.84215 6.8846 4.94838 3.51315 2.33888 0.644997 -0.257098 -0.652922 -1.54872 -2.71355 -4.2116 -5.63591 -5.88019 -5.33046 -4.77254 -4.23894 -3.75801 -3.35683 -3.06103
